epoch,train_loss,eval_loss,train_pearson,train_spearman,val_pearson,val_spearman,lr
1,1.2283676862716675,1.0409917831420898,0.028480935841798782,0.01855491672589393,,,2.9999999999999997e-05
2,1.1380226612091064,1.0379822254180908,0.031191525980830193,0.020500909455243303,,,5.9999999999999995e-05
3,1.1346213817596436,1.030285358428955,0.03736140951514244,0.024861871009890315,,,8.999999999999999e-05
4,1.1259362697601318,1.021422266960144,0.048059798777103424,0.03272953349809733,,,0.00011999999999999999
5,1.115419864654541,1.013939380645752,0.06242503225803375,0.043629402581770005,,,0.00015
6,1.1052006483078003,1.0071258544921875,0.07702769339084625,0.05403246680650482,,,0.00017999999999999998
7,1.0968116521835327,0.9977015256881714,0.09652438759803772,0.06836698264205082,,,0.00020999999999999998
8,1.0898884534835815,0.9861080050468445,0.12202028930187225,0.08818822615725365,,,0.00023999999999999998
9,1.0828052759170532,0.9755103588104248,0.14850161969661713,0.10812226913582568,,,0.00026999999999999995
10,1.0762799978256226,0.966867983341217,0.17578350007534027,0.1286193491757543,,,0.0003
11,1.0702146291732788,0.9599100947380066,0.20184515416622162,0.14697482232964337,,,0.0002999992699258049
12,1.0655831098556519,0.9532515406608582,0.22724619507789612,0.16451581281016384,,,0.00029999707971057146
13,1.0604687929153442,0.9465145468711853,0.2511140704154968,0.18217358038930132,,,0.000299993429376355
14,1.0561681985855103,0.939842939376831,0.2732437252998352,0.19996817098044992,,,0.00029998831895991463
15,1.051271915435791,0.9331686496734619,0.2936084568500519,0.2177973150395073,,,0.00029998174851271194
16,1.0464593172073364,0.9261776208877563,0.3131258189678192,0.23625225879903738,,,0.00029997371810091124
17,1.0425525903701782,0.9197254776954651,0.32822391390800476,0.2500753980446718,,,0.00029996422780537884
18,1.037731647491455,0.9140944480895996,0.33805397152900696,0.25890322530042154,,,0.00029995327772168185
19,1.0319361686706543,0.9084941148757935,0.345220685005188,0.2657491014283917,,,0.00029994086796008743
20,1.0262693166732788,0.9025883674621582,0.3499135375022888,0.27083952713483367,,,0.0002999269986455618
21,1.019514560699463,0.8963398933410645,0.3510696291923523,0.27347326581600956,,,0.00029991166991776886
22,1.0111849308013916,0.8898364305496216,0.34896501898765564,0.27561252506964246,,,0.00029989488193106874
23,1.0014253854751587,0.8832005262374878,0.34358593821525574,0.2766217925949397,,,0.0002998766348545161
24,0.9907646179199219,0.8767236471176147,0.3353191614151001,0.2760416220612778,,,0.0002998569288718588
25,0.9783885478973389,0.8710328936576843,0.32563742995262146,0.2761009655518576,,,0.0002998357641815362
26,0.9653846621513367,0.86739581823349,0.31622669100761414,0.2763905775010939,,,0.00029981314099667615
27,0.9525987505912781,0.8668909072875977,0.30833855271339417,0.27724476801532877,,,0.00029978905954509397
28,0.9412909150123596,0.8692432045936584,0.3034399449825287,0.2795781809447621,,,0.0002997635200692897
29,0.9327026605606079,0.8721446990966797,0.30156010389328003,0.2840637336575474,,,0.00029973652282644543
30,0.9262319803237915,0.8730205297470093,0.3018897473812103,0.29109936882843374,,,0.00029970806808842323
31,0.9203425049781799,0.8711735010147095,0.3058013617992401,0.29874431408895374,,,0.0002996781561417619
32,0.9150413274765015,0.8659966588020325,0.3137147128582001,0.30469521327950183,,,0.0002996467872876745
33,0.9090645909309387,0.857367753982544,0.32448992133140564,0.3118855861986425,,,0.00029961396184204504
34,0.90122389793396,0.8460702896118164,0.337085098028183,0.32040933836674834,,,0.0002995796801354252
35,0.8938109874725342,0.8340427875518799,0.35151150822639465,0.32821028961888504,,,0.0002995439425130317
36,0.8869048357009888,0.8234262466430664,0.3680383861064911,0.33410422867324163,,,0.00029950674933474167
37,0.8809590935707092,0.8144588470458984,0.3829006850719452,0.33866011086669745,,,0.00029946810097509027
38,0.8762412071228027,0.8062739968299866,0.39301156997680664,0.34325043684467854,,,0.00029942799782326597
39,0.8717741370201111,0.8003695607185364,0.4008033871650696,0.34821557024797406,,,0.00029938644028310697
40,0.8666794300079346,0.7965622544288635,0.40679436922073364,0.35343832962301786,,,0.0002993434287730973
41,0.8613206148147583,0.7930883169174194,0.4097081124782562,0.35802597795721597,,,0.0002992989637263624
42,0.8555446267127991,0.7891384959220886,0.41096314787864685,0.3617274890373498,,,0.0002992530455906648
43,0.8488503098487854,0.7855949997901917,0.41413214802742004,0.36541822043177413,,,0.00029920567482839963
44,0.8432690501213074,0.7815690040588379,0.42031002044677734,0.36901446906822494,,,0.00029915685191658986
45,0.8369767665863037,0.7744259238243103,0.42724713683128357,0.3719135233533357,,,0.00029910657734688183
46,0.8314830660820007,0.7655715346336365,0.43514350056648254,0.37520345823557827,,,0.0002990548516255397
47,0.8259010314941406,0.7583049535751343,0.4446650445461273,0.3793525426131792,,,0.00029900167527344113
48,0.819485604763031,0.7514898180961609,0.452635794878006,0.38379375241815034,,,0.00029894704882607126
49,0.8139653205871582,0.7445844411849976,0.4576050937175751,0.3880509100986132,,,0.00029889097283351774
50,0.8082470297813416,0.7405389547348022,0.4616675078868866,0.3908383125470506,,,0.0002988334478604654
51,0.8029731512069702,0.7377842664718628,0.4632870852947235,0.3917212371610954,,,0.00029877447448618984
52,0.7980954051017761,0.7349341511726379,0.46261313557624817,0.3917675392229744,,,0.00029871405330455234
53,0.7925887107849121,0.7336882948875427,0.4626520872116089,0.3909599268497802,,,0.0002986521849239937
54,0.7891687750816345,0.7323204874992371,0.46498849987983704,0.3906357427897927,,,0.0002985888699675277
55,0.7856906652450562,0.7287888526916504,0.4673015773296356,0.39269975696480103,,,0.0002985241090727352
56,0.7822237610816956,0.7263150811195374,0.47053128480911255,0.3942987664785844,,,0.0002984579028917579
57,0.7791782021522522,0.7245336174964905,0.4731859266757965,0.39523824133518654,,,0.00029839025209129103
58,0.7761381268501282,0.7217112183570862,0.4744727313518524,0.3973969484376509,,,0.0002983211573525775
59,0.7730804085731506,0.7188243269920349,0.47607576847076416,0.4000314603899299,,,0.00029825061937140075
60,0.7702750563621521,0.7164607048034668,0.47866183519363403,0.40235710077094694,,,0.0002981786388580772
61,0.7666107416152954,0.7140282392501831,0.48123499751091003,0.4049395466532678,,,0.00029810521653745
62,0.7636732459068298,0.7102986574172974,0.48340338468551636,0.4086341601706105,,,0.0002980303531488809
63,0.7609509229660034,0.7074811458587646,0.4870198965072632,0.41176265553468705,,,0.00029795404944624355
64,0.7578920722007751,0.7043647766113281,0.4904247224330902,0.4151657186134185,,,0.0002978763061979155
65,0.7549514174461365,0.7016100883483887,0.49316027760505676,0.41806420661934973,,,0.00029779712418677017
66,0.7528231143951416,0.6999589800834656,0.4953986406326294,0.4200628837933071,,,0.00029771650421016966
67,0.7502099275588989,0.6981149911880493,0.49639350175857544,0.4218347655284341,,,0.00029763444707995614
68,0.748288631439209,0.695902943611145,0.4964121878147125,0.4235184598915225,,,0.0002975509536224441
69,0.7459667325019836,0.6950908899307251,0.4984002113342285,0.424664982213508,,,0.0002974660246784117
70,0.7432801723480225,0.692374050617218,0.49968230724334717,0.42660226879088586,,,0.0002973796611030925
71,0.7410938143730164,0.6906211972236633,0.5025511384010315,0.42821966854429455,,,0.00029729186376616665
72,0.7389823198318481,0.6891599893569946,0.5051805973052979,0.4296389056331057,,,0.0002972026335517524
73,0.7371177077293396,0.6867244243621826,0.5057092308998108,0.43119216630368695,,,0.000297111971358397
74,0.7347244024276733,0.6859098672866821,0.5076788663864136,0.4319329789135981,,,0.0002970198780990679
75,0.7325518727302551,0.6837913393974304,0.5077526569366455,0.4331653768309042,,,0.0002969263547011429
76,0.7302899956703186,0.6819223165512085,0.5097710490226746,0.4346115214930413,,,0.0002968314021064018
77,0.7278472185134888,0.680376410484314,0.5132796168327332,0.4361338842042437,,,0.0002967350212710161
78,0.7260622382164001,0.6776376962661743,0.5149816870689392,0.43819899168710497,,,0.0002966372131655398
79,0.7233892679214478,0.6759302020072937,0.5173097252845764,0.43968337943643987,,,0.0002965379787748994
80,0.721698522567749,0.6738770008087158,0.5184274315834045,0.44141994779106,,,0.0002964373190983841
81,0.7203223705291748,0.6717861890792847,0.519737184047699,0.4434061330394074,,,0.00029633523514963555
82,0.7172544598579407,0.670376181602478,0.5236658453941345,0.44543462394604166,,,0.0002962317279566383
83,0.7154253721237183,0.6668968796730042,0.5254912972450256,0.4484832396410663,,,0.0002961267985617086
84,0.7133392691612244,0.6651105880737305,0.52920001745224,0.4507307698160546,,,0.000296020448021484
85,0.7113142609596252,0.6623307466506958,0.5301200747489929,0.45319852908048314,,,0.0002959126774069135
86,0.7089877724647522,0.6603472232818604,0.5326718091964722,0.45538267579156844,,,0.000295803487803246
87,0.7068333029747009,0.6575412154197693,0.535200834274292,0.4581921154471793,,,0.0002956928803100195
88,0.7046902775764465,0.6551108956336975,0.5391908884048462,0.46103089534942204,,,0.00029558085604105026
89,0.7027890086174011,0.6522313952445984,0.5404161810874939,0.4640212480998578,,,0.0002954674161244214
90,0.7001155614852905,0.652184009552002,0.5450381636619568,0.4657038217192735,,,0.00029535256170247167
91,0.6984123587608337,0.6497748494148254,0.5428626537322998,0.4688395179648998,,,0.0002952362939317838
92,0.6979148983955383,0.6504884362220764,0.5527868866920471,0.4708679374866049,,,0.0002951186139831729
93,0.6976487636566162,0.6420150399208069,0.5524149537086487,0.4744765636285742,,,0.00029499952304167486
94,0.6906145215034485,0.6428454518318176,0.5499916076660156,0.476133791011423,,,0.00029487902230653407
95,0.6922092437744141,0.6433885097503662,0.5581753849983215,0.4772257000668325,,,0.0002947571129911916
96,0.690786600112915,0.6366918087005615,0.5590922832489014,0.4801681990225894,,,0.00029463379632327293
97,0.6847121119499207,0.6371648907661438,0.5555922389030457,0.4823215953017108,,,0.00029450907354457547
98,0.6883963942527771,0.6317568421363831,0.5644814968109131,0.4850280120924752,,,0.00029438294591105623
99,0.6806972622871399,0.6324567794799805,0.5674187541007996,0.48659461050451197,,,0.00029425541469281914
100,0.6809593439102173,0.6266351342201233,0.5647448897361755,0.4891091591869252,,,0.0002941264811741021
101,0.6769108772277832,0.6247546672821045,0.565589427947998,0.49077936696126306,,,0.00029399614665326433
102,0.675165057182312,0.624944269657135,0.5718254446983337,0.49216025305033817,,,0.00029386441244277277
103,0.6740224957466125,0.6202293634414673,0.573794960975647,0.49503840480406214,,,0.00029373127986918966
104,0.6699740290641785,0.6185070276260376,0.5727113485336304,0.49744058146562314,,,0.0002935967502731584
105,0.6695335507392883,0.6148245930671692,0.5772095322608948,0.49942165450139825,,,0.0002934608250093907
106,0.6656678915023804,0.6151542067527771,0.579788327217102,0.500564360988368,,,0.00029332350544665237
107,0.6652275323867798,0.6106268167495728,0.5787875056266785,0.5028432978595745,,,0.0002931847929677498
108,0.6607731580734253,0.6089844107627869,0.5799651741981506,0.5048919709856389,,,0.0002930446889695162
109,0.6603792905807495,0.6079015731811523,0.5855884552001953,0.5069305333759812,,,0.0002929031948627973
110,0.658431887626648,0.6047654747962952,0.5866404175758362,0.5089812131336495,,,0.0002927603120724371
111,0.6556322574615479,0.6030597686767578,0.5851470232009888,0.5105450135648513,,,0.00029261604203726374
112,0.6547685265541077,0.60056471824646,0.5887943506240845,0.5120502407862076,,,0.00029247038621007496
113,0.6515570282936096,0.5988886952400208,0.5907285213470459,0.5137452479748709,,,0.00029232334605762324
114,0.6500898599624634,0.5968307256698608,0.590385913848877,0.5159789595910597,,,0.0002921749230606011
115,0.6478301882743835,0.5942331552505493,0.5941864848136902,0.5179228007043944,,,0.00029202511871362694
116,0.644412100315094,0.5925741791725159,0.5959575176239014,0.5194960675921956,,,0.00029187393452522847
117,0.6431350708007812,0.5909217596054077,0.5947616696357727,0.5212772959714944,,,0.00029172137201782897
118,0.641877293586731,0.5885055065155029,0.5994670987129211,0.5230997574896173,,,0.0002915674327277311
119,0.6398601531982422,0.5860733389854431,0.6007065176963806,0.5252366007164704,,,0.00029141211820510186
120,0.6375871896743774,0.5846165418624878,0.6010445952415466,0.5269297316148687,,,0.00029125543001395676
121,0.6360974907875061,0.5828022360801697,0.6041046977043152,0.5283435231641215,,,0.00029109736973214413
122,0.6352077126502991,0.5808006525039673,0.6035804748535156,0.5302795944320704,,,0.00029093793895132924
123,0.6335436105728149,0.5783286094665527,0.6074644923210144,0.5321656018498822,,,0.0002907771392769783
124,0.6312923431396484,0.576370358467102,0.6083950996398926,0.5339670901831952,,,0.0002906149723283422
125,0.6294228434562683,0.5747556686401367,0.6091853976249695,0.535548925910169,,,0.0002904514397384405
126,0.6274245977401733,0.5728452801704407,0.6116934418678284,0.5369936095459648,,,0.00029028654315404437
127,0.6256639361381531,0.5718650817871094,0.6117309927940369,0.5387652131418388,,,0.00029012028423566056
128,0.6245109438896179,0.5700944662094116,0.6159772276878357,0.5401065925990799,,,0.0002899526646575147
129,0.6235784292221069,0.5705134272575378,0.6132729053497314,0.5414310484122944,,,0.000289783686107534
130,0.6227750778198242,0.569530189037323,0.6186414361000061,0.5419558770335259,,,0.0002896133502873305
131,0.6226058602333069,0.5710789561271667,0.6141451597213745,0.5435657172475689,,,0.00028944165891218413
132,0.6215320229530334,0.5679222345352173,0.6217473149299622,0.5444703167316352,,,0.0002892686137110251
133,0.6207143068313599,0.5631798505783081,0.6198471188545227,0.5467204430396516,,,0.00028909421642641666
134,0.6155374050140381,0.5624855160713196,0.6194561123847961,0.5475204918596795,,,0.00028891846881453763
135,0.614050030708313,0.5633940100669861,0.6236094832420349,0.5469473783171037,,,0.0002887413726451643
136,0.6174073219299316,0.5595077872276306,0.6220136284828186,0.5498787406070137,,,0.00028856292970165325
137,0.6118735074996948,0.5569726824760437,0.6248318552970886,0.5512605742080529,,,0.00028838314178092296
138,0.6093489527702332,0.556475818157196,0.6271962523460388,0.5515175360015453,,,0.0002882020106934357
139,0.6096667051315308,0.5554946660995483,0.6247825622558594,0.5530491226240347,,,0.0002880195382631797
140,0.6068876385688782,0.5522359609603882,0.6275672316551208,0.5543865935131851,,,0.0002878357263276501
141,0.6054127812385559,0.5510098338127136,0.6302747130393982,0.5555153163039278,,,0.0002876505767378311
142,0.6044554114341736,0.5518430471420288,0.6287375688552856,0.5566702339413404,,,0.00028746409135817707
143,0.6046400666236877,0.5486711263656616,0.6323312520980835,0.557439752139589,,,0.0002872762720665938
144,0.6034093499183655,0.5471688508987427,0.6319413781166077,0.5588859518798069,,,0.00028708712075441927
145,0.6000433564186096,0.5460973978042603,0.6329894661903381,0.5601489772401429,,,0.0002868966393264052
146,0.5999152660369873,0.5442996621131897,0.6356643438339233,0.5612292132221527,,,0.0002867048297006974
147,0.59820556640625,0.5446997880935669,0.6342860460281372,0.5624111409148392,,,0.00028651169380881675
148,0.597151517868042,0.5414731502532959,0.6374546885490417,0.5635863180352976,,,0.0002863172335956395
149,0.5964305996894836,0.5409326553344727,0.6372503638267517,0.5648189774381783,,,0.00028612145101937784
150,0.594347357749939,0.5387021899223328,0.6391740441322327,0.56594966239983,,,0.00028592434805156013
151,0.592647910118103,0.5374760627746582,0.6396546363830566,0.5669778790595698,,,0.0002857259266770111
152,0.591314435005188,0.5362683534622192,0.6407848000526428,0.5680729215555472,,,0.0002855261888938316
153,0.5896920561790466,0.5349425673484802,0.6422203183174133,0.5691323851940012,,,0.00028532513671337923
154,0.5888909697532654,0.5351468920707703,0.6420975923538208,0.5700558828435872,,,0.00028512277216024694
155,0.5882061719894409,0.5330588817596436,0.644832968711853,0.5709612268407558,,,0.00028491909727224366
156,0.5888837575912476,0.5368090271949768,0.642679750919342,0.5715864775982868,,,0.0002847141141003733
157,0.5887647867202759,0.5356840491294861,0.647515058517456,0.5715897973283923,,,0.00028450782470881397
158,0.5915349721908569,0.5408790707588196,0.6429913640022278,0.5720142772418074,,,0.0002843002311748976
159,0.5912180542945862,0.5332803726196289,0.6494081616401672,0.5735072924856133,,,0.00028409133558908884
160,0.5893599390983582,0.5288426876068115,0.6478111147880554,0.5748732263490324,,,0.00028388114005496387
161,0.5813406705856323,0.5331824421882629,0.6452983021736145,0.5744188444779303,,,0.00028366964668918946
162,0.5854269862174988,0.533332347869873,0.6501761078834534,0.5737169639600788,,,0.00028345685762150134
163,0.5885405540466309,0.5264562368392944,0.6496253609657288,0.5764058100774057,,,0.0002832427749946831
164,0.5792646408081055,0.533662736415863,0.6468806862831116,0.5753790741140911,,,0.0002830274009645444
165,0.5841432809829712,0.5291911363601685,0.6515167951583862,0.5750144141504455,,,0.0002828107376998994
166,0.5830373167991638,0.5236520171165466,0.6518975496292114,0.5773463101177894,,,0.0002825927873825447
167,0.5761907696723938,0.5339764356613159,0.6483358144760132,0.576803935075432,,,0.00028237355220723766
168,0.5840733647346497,0.5231771469116211,0.6538698077201843,0.5782627590566931,,,0.000282153034381674
169,0.5771250128746033,0.5233205556869507,0.6541354656219482,0.5781823872525176,,,0.0002819312361264656
170,0.5771133899688721,0.5274877548217773,0.6507263779640198,0.5788860386572969,,,0.0002817081596751188
171,0.5778589844703674,0.5195767283439636,0.654520571231842,0.5807791972487218,,,0.0002814838072740108
172,0.5720445513725281,0.5207785964012146,0.656439483165741,0.5805222770388399,,,0.00028125818118236766
173,0.5742623805999756,0.5185987949371338,0.6552467346191406,0.5819540677123529,,,0.0002810312836722419
174,0.5710200667381287,0.520332932472229,0.6547923684120178,0.5822177776029877,,,0.0002808031170284886
175,0.5715368986129761,0.5169963836669922,0.6583592295646667,0.5829445558713131,,,0.00028057368354874365
176,0.571181058883667,0.5145511627197266,0.658704936504364,0.5845428748119583,,,0.00028034298554339943
177,0.5681933760643005,0.5192884206771851,0.6565872430801392,0.5844725221812327,,,0.00028011102533558225
178,0.5701044201850891,0.5135334134101868,0.6599341034889221,0.5852198591348844,,,0.00027987780526112914
179,0.5669507384300232,0.5125693678855896,0.6608954668045044,0.5860808495843758,,,0.0002796433276685633
180,0.566433310508728,0.5159815549850464,0.659284770488739,0.5866193433228699,,,0.00027940759491907165
181,0.5668624043464661,0.5101802945137024,0.6618738770484924,0.5878524980232317,,,0.00027917060938648043
182,0.5647375583648682,0.5101945400238037,0.6627830862998962,0.5878893013584379,,,0.00027893237345723114
183,0.5639837980270386,0.5109823346138,0.6615450978279114,0.5887755317593538,,,0.0002786928895303571
184,0.5630893707275391,0.5081211924552917,0.6635498404502869,0.589922706769769,,,0.0002784521600174587
185,0.5606144666671753,0.5073621869087219,0.6652281284332275,0.5904021766801933,,,0.00027821018734267965
186,0.5619453191757202,0.5074717998504639,0.6641700267791748,0.5910055083275693,,,0.00027796697394268175
187,0.5604997873306274,0.5066038966178894,0.6647449135780334,0.5916586029437708,,,0.00027772252226662155
188,0.5585753321647644,0.5048805475234985,0.6665785908699036,0.592453561239213,,,0.00027747683477612455
189,0.5598398447036743,0.504591703414917,0.6665778756141663,0.5932294407764347,,,0.0002772299139452611
190,0.5565879344940186,0.5043700933456421,0.6666353940963745,0.5935516050637993,,,0.00027698176226052123
191,0.5570462346076965,0.5022516846656799,0.6680673956871033,0.5942409292431363,,,0.00027673238222078965
192,0.5557472705841064,0.5018888711929321,0.668347954750061,0.5953189251629991,,,0.0002764817763373207
193,0.5557116270065308,0.5016063451766968,0.6687697768211365,0.5958620540776545,,,0.0002762299471337126
194,0.5544739365577698,0.5001624822616577,0.6696862578392029,0.596097322169073,,,0.0002759768971458828
195,0.554721474647522,0.5002111196517944,0.6696749329566956,0.5967771921230605,,,0.0002757226289220419
196,0.5531467199325562,0.4987354278564453,0.6711431741714478,0.5978166348210174,,,0.00027546714502266786
197,0.5536512732505798,0.49762237071990967,0.671877384185791,0.598322840057543,,,0.0002752104480204811
198,0.5518366098403931,0.4984967112541199,0.6712560057640076,0.5983849574763381,,,0.0002749525405004172
199,0.5515718460083008,0.4966621398925781,0.6727113723754883,0.599323283401225,,,0.0002746934250596022
200,0.5497660040855408,0.4960145950317383,0.6733141541481018,0.6000192746347367,,,0.0002744331043073257
201,0.5499656200408936,0.49589306116104126,0.6733254790306091,0.6002821880984793,,,0.00027417158086501486
202,0.5490658283233643,0.4943240284919739,0.6738366484642029,0.6007712855377257,,,0.00027390885736620777
203,0.5487606525421143,0.49383461475372314,0.6746248006820679,0.6016355476010046,,,0.000273644936456527
204,0.5479235649108887,0.49343976378440857,0.6755111217498779,0.6022001095432952,,,0.00027337982079365345
205,0.5469411611557007,0.49219536781311035,0.6764112114906311,0.6026462263964875,,,0.0002731135130472987
206,0.545648455619812,0.49263888597488403,0.6761927008628845,0.6033101534987396,,,0.0002728460158991789
207,0.5454169511795044,0.49060937762260437,0.6772754192352295,0.6039303222280091,,,0.00027257733204298727
208,0.5454868078231812,0.49047935009002686,0.6773937940597534,0.6042192334523461,,,0.00027230746418436733
209,0.544327437877655,0.48997822403907776,0.6781603097915649,0.6048061929054342,,,0.00027203641504088547
210,0.5439692735671997,0.4886343777179718,0.6791961193084717,0.6055800522454494,,,0.00027176418734200353
211,0.5426967144012451,0.4886772334575653,0.6791645288467407,0.6057661743938438,,,0.00027149078382905124
212,0.5426951050758362,0.48798248171806335,0.6792035698890686,0.6060458244595605,,,0.00027121620725519924
213,0.5417795777320862,0.48667871952056885,0.6805070042610168,0.6071696753001109,,,0.0002709404603854303
214,0.5419220924377441,0.4869433641433716,0.6806352138519287,0.6072087902393759,,,0.0002706635459965125
215,0.5393993258476257,0.4864135682582855,0.6808779239654541,0.6073961009217607,,,0.0002703854668769706
216,0.5399095416069031,0.4849180281162262,0.6818616986274719,0.6088017306997829,,,0.0002701062258270583
217,0.5397247076034546,0.4844604730606079,0.6821789741516113,0.6091943249551813,,,0.0002698258256587299
218,0.5387887358665466,0.48413580656051636,0.682934582233429,0.6091566961528885,,,0.0002695442691956118
219,0.5378987789154053,0.48423025012016296,0.6835275888442993,0.6099186274268165,,,0.00026926155927297463
220,0.5371918082237244,0.4816763699054718,0.6843231916427612,0.6108395175329021,,,0.0002689776987377042
221,0.5372362732887268,0.4823448657989502,0.6840500235557556,0.610959358077976,,,0.00026869269044827284
222,0.5367476940155029,0.4811772108078003,0.6855995059013367,0.6114122784927035,,,0.00026840653727471084
223,0.5347752571105957,0.48108187317848206,0.6859276294708252,0.6118197953431789,,,0.00026811924209857755
224,0.5345236659049988,0.4803495705127716,0.6858126521110535,0.6120672750495795,,,0.00026783080781293215
225,0.5341010093688965,0.4794478714466095,0.6860565543174744,0.6128082450153498,,,0.00026754123732230476
226,0.5343242287635803,0.4788626730442047,0.6868026256561279,0.6130860187739151,,,0.000267250533542667
227,0.5330027937889099,0.4805501699447632,0.6865206360816956,0.6131704706836482,,,0.00026695869940140265
228,0.5326159000396729,0.47810474038124084,0.6880694031715393,0.6136069717790288,,,0.0002666657378372783
229,0.5339496731758118,0.4834364652633667,0.6871293187141418,0.6140209572226754,,,0.0002663716518004136
230,0.5346984267234802,0.47894543409347534,0.6891563534736633,0.6142448420242724,,,0.0002660764442522518
231,0.5355454087257385,0.48326846957206726,0.6873241066932678,0.614357692959077,,,0.0002657801181655295
232,0.5338788628578186,0.4757995903491974,0.6904455423355103,0.6153813676200737,,,0.00026548267652424726
233,0.5312288999557495,0.47578513622283936,0.6899804472923279,0.6155982048398962,,,0.00026518412232363897
234,0.5289300680160522,0.47710931301116943,0.6891820430755615,0.6157193139786876,,,0.0002648844585701421
235,0.5293150544166565,0.4745155870914459,0.691157877445221,0.6162171786884639,,,0.00026458368828136743
236,0.531924843788147,0.4773426353931427,0.6904105544090271,0.6166935141194285,,,0.00026428181448606843
237,0.5299057364463806,0.4735417068004608,0.691728413105011,0.6164174938090528,,,0.00026397884022411066
238,0.5275900363922119,0.47218912839889526,0.6920457482337952,0.617651077461388,,,0.00026367476854644186
239,0.5266121625900269,0.4733940064907074,0.6916759014129639,0.6181819841572818,,,0.00026336960251506026
240,0.5273481011390686,0.47173386812210083,0.6931676268577576,0.6178583920527734,,,0.0002630633452029845
241,0.5275057554244995,0.47433826327323914,0.6926583051681519,0.6181733341794341,,,0.0002627559996942222
242,0.5257018804550171,0.47001492977142334,0.6940878629684448,0.6192776132293955,,,0.0002624475690837393
243,0.5249894857406616,0.47002771496772766,0.6934146285057068,0.6194734504036589,,,0.0002621380564774286
244,0.5246400237083435,0.47080034017562866,0.6937813758850098,0.6202146332767923,,,0.00026182746499207865
245,0.5245340466499329,0.4684586822986603,0.6958202123641968,0.6202814144890698,,,0.0002615157977553423
246,0.5237982273101807,0.4714597463607788,0.6946863532066345,0.6202451263331907,,,0.0002612030579057051
247,0.5231341123580933,0.4668780267238617,0.6960234642028809,0.6213493176253613,,,0.00026088924859245385
248,0.5233110189437866,0.4665933847427368,0.6961641907691956,0.6219091880835805,,,0.0002605743729756448
249,0.5212938189506531,0.4679718315601349,0.696153998374939,0.621572061982819,,,0.00026025843422607207
250,0.5206934213638306,0.46549031138420105,0.6979193091392517,0.6225364980668558,,,0.0002599414355252352
251,0.5207920670509338,0.4674980938434601,0.6967380046844482,0.6222338517107581,,,0.0002596233800653076
252,0.52073073387146,0.4643067717552185,0.6975901126861572,0.6232444276616925,,,0.0002593042710491044
253,0.5199313163757324,0.4638307988643646,0.6986046433448792,0.6240927449303052,,,0.00025898411169004976
254,0.5193769931793213,0.4671739637851715,0.6982806324958801,0.6231854238933597,,,0.0002586629052121447
255,0.5191508531570435,0.4637829661369324,0.6996145844459534,0.6238884567445606,,,0.00025834065484993515
256,0.5207517147064209,0.46608296036720276,0.6986604332923889,0.6247083887216887,,,0.0002580173638484785
257,0.5189815759658813,0.46228256821632385,0.6991308331489563,0.6246396493248244,,,0.00025769303546331157
258,0.5177764892578125,0.4615665078163147,0.7002835273742676,0.6252473584126952,,,0.00025736767296041763
259,0.5162124633789062,0.46378734707832336,0.70047926902771,0.6251513041025462,,,0.00025704127961619354
260,0.5172962546348572,0.46149009466171265,0.7007449269294739,0.625255824771965,,,0.0002567138587174166
261,0.5164914727210999,0.46209484338760376,0.7008464336395264,0.6267531374835832,,,0.00025638541356121157
262,0.5171650052070618,0.46002355217933655,0.7014496326446533,0.626101055124579,,,0.0002560559474550176
263,0.5157744884490967,0.4623206853866577,0.7015612125396729,0.6264405600125525,,,0.00025572546371655457
264,0.5150657296180725,0.4586327373981476,0.7031348943710327,0.6276893949460355,,,0.0002553939656737903
265,0.5146137475967407,0.4591100811958313,0.7023138403892517,0.6272979966317119,,,0.0002550614566649062
266,0.5140186548233032,0.46087032556533813,0.7018953561782837,0.6277985491756963,,,0.0002547279400382645
267,0.5143869519233704,0.4576851427555084,0.7039861679077148,0.6283578647037472,,,0.0002543934191523736
268,0.5145710110664368,0.46266549825668335,0.7027052640914917,0.6275551368348243,,,0.0002540578973758555
269,0.5125678777694702,0.4575073719024658,0.7039512991905212,0.6283085382640389,,,0.0002537213780874105
270,0.5119152665138245,0.45622506737709045,0.7044574618339539,0.6296961989423416,,,0.00025338386467578414
271,0.5117782354354858,0.45884376764297485,0.7036861777305603,0.6290248023255746,,,0.0002530453605397328
272,0.5124186873435974,0.4557424783706665,0.7059389352798462,0.6295754328722087,,,0.0002527058690879894
273,0.5128907561302185,0.4593873620033264,0.7050566673278809,0.6295911463354119,,,0.0002523653937392289
274,0.5115493535995483,0.4543447494506836,0.7058330178260803,0.6303485237364138,,,0.00025202393792203445
275,0.51027911901474,0.45407888293266296,0.7057890892028809,0.6305468680388518,,,0.00025168150507486227
276,0.5102794170379639,0.45741409063339233,0.705971360206604,0.6309114915822636,,,0.0002513380986460074
277,0.5101799368858337,0.4543774724006653,0.7071331739425659,0.6303745966053366,,,0.00025099372209356867
278,0.510208249092102,0.45478591322898865,0.7068766951560974,0.6310954880138703,,,0.00025064837888541427
279,0.5078074336051941,0.4533504843711853,0.7067452669143677,0.63153168368957,,,0.0002503020724991463
280,0.5078697800636292,0.4522939920425415,0.7073659300804138,0.6316075504936007,,,0.0002499548064220663
281,0.508014440536499,0.45460379123687744,0.7075145244598389,0.6318229604915753,,,0.0002496065841511399
282,0.5075340270996094,0.4516278803348541,0.7085846662521362,0.6321283756317082,,,0.00024925740919296143
283,0.5082982182502747,0.45184704661369324,0.7080960869789124,0.6322421940968629,,,0.0002489072850637188
284,0.506843626499176,0.4515596628189087,0.7087734937667847,0.6335798663996045,,,0.0002485562152891581
285,0.5070602297782898,0.4512845277786255,0.7089589834213257,0.6323045993632417,,,0.0002482042034045482
286,0.5073355436325073,0.453879714012146,0.7088780999183655,0.6328046315127338,,,0.00024785125295464475
287,0.5059332251548767,0.4489343762397766,0.7103540897369385,0.6343033609819909,,,0.00024749736749365487
288,0.50627201795578,0.4515036642551422,0.7084737420082092,0.6328810331002543,,,0.00024714255058520124
289,0.5051341652870178,0.45034027099609375,0.7103161811828613,0.6347429099279006,,,0.0002467868058022862
290,0.50482577085495,0.4487903416156769,0.7105762958526611,0.6339705408107611,,,0.0002464301367272558
291,0.5049903988838196,0.4509342312812805,0.7101784944534302,0.633868757815735,,,0.00024607254695176357
292,0.5034238696098328,0.446995347738266,0.7119588255882263,0.6357631881127098,,,0.00024571404007673464
293,0.5041216015815735,0.44845476746559143,0.7106578350067139,0.6346872076201211,,,0.00024535461971232923
294,0.5030826330184937,0.44843393564224243,0.7114511132240295,0.6355432274379481,,,0.00024499428947790644
295,0.5023699998855591,0.44599008560180664,0.7126429677009583,0.6362037116511284,,,0.00024463305300198774
296,0.5030559301376343,0.44909295439720154,0.7111244797706604,0.6351648228249939,,,0.00024427091392222045
297,0.5015714168548584,0.4458455443382263,0.712507963180542,0.6365812033435604,,,0.00024390787588534106
298,0.5021337866783142,0.4460020959377289,0.7126927971839905,0.6366399015945757,,,0.00024354394254713855
299,0.5008541345596313,0.4467119574546814,0.7124576568603516,0.6363599886845119,,,0.0002431791175724176
300,0.5008276700973511,0.44430169463157654,0.7138652205467224,0.6374773398052046,,,0.00024281340463496167
301,0.5003058314323425,0.44588494300842285,0.7133301496505737,0.6372046988043795,,,0.00024244680741749598
302,0.5011529326438904,0.44469866156578064,0.7137870192527771,0.6374649172107621,,,0.00024207932961165047
303,0.49958115816116333,0.4440077543258667,0.7144418358802795,0.6381069706230638,,,0.00024171097491792248
304,0.4995311498641968,0.44572770595550537,0.7138301730155945,0.6378241001926384,,,0.00024134174704563974
305,0.4996941387653351,0.4431287348270416,0.7145015001296997,0.6381546312527147,,,0.0002409716497129229
306,0.49861785769462585,0.44450029730796814,0.7150585055351257,0.6389472062636264,,,0.00024060068664664785
307,0.4994553029537201,0.4425528347492218,0.7154964804649353,0.6387556621746259,,,0.0002402288615824086
308,0.49848419427871704,0.4435882866382599,0.7153044939041138,0.6388661376579593,,,0.0002398561782644795
309,0.49801966547966003,0.4416341483592987,0.7163212895393372,0.6398096807431469,,,0.00023948264044577728
310,0.4968589246273041,0.4425123929977417,0.7152193784713745,0.6386724381177962,,,0.00023910825188782375
311,0.49704498052597046,0.44114378094673157,0.7166324853897095,0.6400963711704567,,,0.00023873301636070745
312,0.4964810907840729,0.4419223964214325,0.7162845730781555,0.6393369812038071,,,0.00023835693764304606
313,0.49754947423934937,0.44214069843292236,0.7162556052207947,0.6396558112757161,,,0.00023798001952194802
314,0.4966411590576172,0.4391401410102844,0.7175193428993225,0.6411014987642742,,,0.00023760226579297463
315,0.4961004853248596,0.44069963693618774,0.717074990272522,0.6403855228755919,,,0.00023722368026010175
316,0.4958164393901825,0.4411427080631256,0.7175541520118713,0.6406702752994309,,,0.00023684426673568155
317,0.4958156943321228,0.438616544008255,0.718457818031311,0.6414381637295823,,,0.00023646402904040393
318,0.49468302726745605,0.44063860177993774,0.7175099849700928,0.640919724556645,,,0.00023608297100325827
319,0.49567291140556335,0.43807274103164673,0.7183387279510498,0.6415774434854155,,,0.00023570109646149488
320,0.4951315224170685,0.43784478306770325,0.7189358472824097,0.6419570183816358,,,0.000235318409260586
321,0.4940834045410156,0.43967974185943604,0.7186523079872131,0.6413051832204784,,,0.0002349349132541876
322,0.49379196763038635,0.43791937828063965,0.719275712966919,0.6419375968491203,,,0.00023455061230410017
323,0.49271732568740845,0.43780675530433655,0.7193442583084106,0.6426139099921202,,,0.00023416551028022995
324,0.49344193935394287,0.4378478527069092,0.7187255620956421,0.6421111381671545,,,0.0002337796110605502
325,0.49290698766708374,0.43635717034339905,0.7202816605567932,0.6432134028496314,,,0.00023339291853106167
326,0.49324145913124084,0.4405052661895752,0.7189330458641052,0.6417719122810324,,,0.00023300543658575382
327,0.4923367500305176,0.4352596402168274,0.7208463549613953,0.643643279471621,,,0.0002326171691265656
328,0.49404579401016235,0.43974781036376953,0.7196670770645142,0.6430834906530962,,,0.00023222812006334597
329,0.49241378903388977,0.4369281232357025,0.7198824286460876,0.6424676991378919,,,0.00023183829331381472
330,0.49177879095077515,0.43523311614990234,0.7216341495513916,0.6441057003457279,,,0.00023144769280352285
331,0.492284893989563,0.4366357624530792,0.7208077907562256,0.6432314416474009,,,0.00023105632246581318
332,0.4908582866191864,0.4353114366531372,0.7209499478340149,0.6435775195459916,,,0.00023066418624178068
333,0.4896823763847351,0.43463975191116333,0.7218342423439026,0.6449158624330633,,,0.00023027128808023276
334,0.49038180708885193,0.43597257137298584,0.7210829257965088,0.6437713099839583,,,0.00022987763193764947
335,0.4895639419555664,0.43464529514312744,0.7217091917991638,0.6443025460207613,,,0.00022948322177814394
336,0.4901825487613678,0.43347907066345215,0.7224591970443726,0.6452839800432015,,,0.000229088061573422
337,0.48920199275016785,0.43480777740478516,0.7215971946716309,0.6441932355582112,,,0.00022869215530274252
338,0.48972105979919434,0.4341390132904053,0.722624659538269,0.6450595889464219,,,0.0002282955069528773
339,0.48876655101776123,0.43310168385505676,0.7228844165802002,0.6452051576153165,,,0.0002278981205180708
340,0.4887791872024536,0.4340497553348541,0.7224406599998474,0.64515189572072,,,0.0002275
341,0.48764604330062866,0.43132373690605164,0.7235351800918579,0.6459356874522556,,,0.00022710114940773413
342,0.4879538118839264,0.43465226888656616,0.723466157913208,0.6459528853192471,,,0.00022670157275769416
343,0.48901745676994324,0.4321255087852478,0.7235742211341858,0.6455491886325104,,,0.00022630127407361256
344,0.4879693388938904,0.43279290199279785,0.7241650819778442,0.6469322462038224,,,0.00022590025738649264
345,0.48776930570602417,0.4320679008960724,0.7236014008522034,0.6460077179563547,,,0.00022549852673456797
346,0.4878282845020294,0.4317689836025238,0.7243659496307373,0.6466526415855589,,,0.00022509608616326173
347,0.4861323833465576,0.43167123198509216,0.7244231700897217,0.6464498156986926,,,0.0002246929397251461
348,0.48602011799812317,0.43204134702682495,0.7238342761993408,0.6461524839736563,,,0.00022428909147990115
349,0.4859946668148041,0.4306536614894867,0.7250359654426575,0.6477357268233982,,,0.0002238845454942743
350,0.4865591824054718,0.431782066822052,0.7239223122596741,0.6464764241918466,,,0.000223479305842039
351,0.4866814613342285,0.42970865964889526,0.7258183360099792,0.6479739386261868,,,0.00022307337660395417
352,0.4861490726470947,0.43032771348953247,0.7257192134857178,0.647779973671878,,,0.0002226667618677227
353,0.4844641089439392,0.430551677942276,0.7247572541236877,0.6471407201872801,,,0.00022225946572795044
354,0.4850347638130188,0.42903202772140503,0.7258337140083313,0.6486342742706351,,,0.00022185149228610504
355,0.48503369092941284,0.4298391342163086,0.7252833247184753,0.6475883281994329,,,0.0002214428456504745
356,0.48403191566467285,0.4295975863933563,0.7256982326507568,0.6473567749069189,,,0.00022103352993612594
357,0.4854123890399933,0.4301937520503998,0.7265921235084534,0.6485688646706639,,,0.000220623549264864
358,0.48525798320770264,0.429935097694397,0.7254964113235474,0.6473903098746884,,,0.00022021290776518955
359,0.48396170139312744,0.4287979006767273,0.7267056107521057,0.6490933632568837,,,0.0002198016095722579
360,0.48352164030075073,0.42705628275871277,0.7271842360496521,0.6491412733673564,,,0.00021938965882783727
361,0.4830526113510132,0.4279911518096924,0.7270470857620239,0.648717643135915,,,0.00021897705968026708
362,0.48336008191108704,0.42982205748558044,0.7271347641944885,0.6489770160345587,,,0.00021856381628441621
363,0.4832433760166168,0.4264901578426361,0.727481484413147,0.6491858594145078,,,0.00021814993280164108
364,0.483789324760437,0.4291946291923523,0.7268914580345154,0.6492539793890779,,,0.0002177354133997437
365,0.4828537404537201,0.42628660798072815,0.7276524901390076,0.6494760311465946,,,0.00021732026225292992
366,0.48241952061653137,0.4273375868797302,0.7275484204292297,0.6490764563101086,,,0.00021690448354176706
367,0.48212260007858276,0.4281754195690155,0.7279592156410217,0.6496985010234947,,,0.00021648808145314228
368,0.48223960399627686,0.42588698863983154,0.7281267046928406,0.6496904343975909,,,0.00021607106018021988
369,0.4821203052997589,0.42712363600730896,0.7283592224121094,0.6501982798757054,,,0.00021565342392239944
370,0.4809778034687042,0.4256090521812439,0.728541374206543,0.6501228269753071,,,0.00021523517688527355
371,0.48124098777770996,0.42530325055122375,0.7290869355201721,0.6506386026460496,,,0.00021481632328058513
372,0.4812440574169159,0.42699873447418213,0.7286455035209656,0.6503441889512709,,,0.00021439686732618532
373,0.48002275824546814,0.42444708943367004,0.729124128818512,0.6507116606091496,,,0.00021397681324599106
374,0.4809335768222809,0.4262732267379761,0.7291602492332458,0.6511572812680981,,,0.0002135561652699421
375,0.481026291847229,0.42500558495521545,0.728932797908783,0.6502514562732123,,,0.00021313492763395898
376,0.4798622727394104,0.42423954606056213,0.7300328612327576,0.6513932480042806,,,0.00021271310457990006
377,0.4792786240577698,0.4250597357749939,0.7296745777130127,0.6512055505661306,,,0.00021229070035551868
378,0.4800189733505249,0.4261215627193451,0.7288068532943726,0.6503628438778795,,,0.0002118677192144208
379,0.4794638156890869,0.42410609126091003,0.7309381365776062,0.6527105498113019,,,0.00021144416541602179
380,0.48068028688430786,0.4248657822608948,0.7297782301902771,0.650893078302755,,,0.00021102004322550363
381,0.4798588454723358,0.4254845976829529,0.7298398613929749,0.6513625901316389,,,0.0002105953569137722
382,0.47948434948921204,0.4219475984573364,0.7312436699867249,0.6531158541098557,,,0.00021017011075741385
383,0.4794086515903473,0.42451953887939453,0.729749858379364,0.6515891571533513,,,0.0002097443090386527
384,0.4786910116672516,0.4248667061328888,0.730297863483429,0.6519364451500738,,,0.00020931795604530725
385,0.47775670886039734,0.4216134250164032,0.7313082218170166,0.652509101111328,,,0.00020889105607074747
386,0.47855687141418457,0.4260052442550659,0.7302483916282654,0.6516099798925012,,,0.0002084636134138514
387,0.4782615005970001,0.4228741228580475,0.7304520010948181,0.6518929183956653,,,0.0002080356323789618
388,0.4769762456417084,0.4224376976490021,0.7310911417007446,0.6527989815005127,,,0.00020760711727584293
389,0.4768901467323303,0.4233594536781311,0.7309932708740234,0.6523283456542558,,,0.00020717807241963716
390,0.4772326946258545,0.42204025387763977,0.7316815853118896,0.6527282875601353,,,0.0002067485021308214
391,0.4766085743904114,0.42313534021377563,0.7317906022071838,0.6531949560383326,,,0.00020631841073516372
392,0.4777286648750305,0.42143797874450684,0.7313129305839539,0.653048224233541,,,0.0002058878025636797
393,0.4768984913825989,0.42106810212135315,0.731873095035553,0.6535196743208368,,,0.00020545668195258874
394,0.4764595627784729,0.42211219668388367,0.7322263717651367,0.653186537745141,,,0.00020502505324327075
395,0.47618165612220764,0.4233611226081848,0.7315188050270081,0.6523846938891689,,,0.00020459292078222198
396,0.47543081641197205,0.420836865901947,0.7321005463600159,0.6536107697017519,,,0.00020416028892101146
397,0.4752652943134308,0.42100971937179565,0.732037365436554,0.653840900119,,,0.00020372716201623735
398,0.4752587378025055,0.4201703369617462,0.7327324151992798,0.6539569754366609,,,0.0002032935444294827
399,0.47510889172554016,0.4217412769794464,0.7326135635375977,0.653500518859604,,,0.0002028594405272718
400,0.4750747084617615,0.4212561249732971,0.7328189611434937,0.653966691607671,,,0.00020242485468102616
401,0.4749479293823242,0.42049911618232727,0.7328100204467773,0.6542241436043021,,,0.00020198979126702032
402,0.4752032160758972,0.4197472035884857,0.7331044673919678,0.6543021326250473,,,0.00020155425466633818
403,0.47480934858322144,0.41961580514907837,0.7338413000106812,0.6548988622425043,,,0.0002011182492648284
404,0.47380301356315613,0.4197142720222473,0.7333223819732666,0.6540968864131785,,,0.00020068177945306047
405,0.4738497734069824,0.4192400872707367,0.733853280544281,0.6550071197551159,,,0.00020024484962628063
406,0.47360751032829285,0.4187324643135071,0.7338720560073853,0.6549639454383279,,,0.00019980746418436738
407,0.47289422154426575,0.41942155361175537,0.7340154647827148,0.6549108818992025,,,0.00019936962753178727
408,0.4742518961429596,0.4193471670150757,0.7341905236244202,0.6547960930786121,,,0.00019893134407755048
409,0.4733917713165283,0.4187808036804199,0.7343067526817322,0.655215648176381,,,0.00019849261823516655
410,0.47301819920539856,0.4173797369003296,0.7344827651977539,0.6557492088151727,,,0.00019805345442259987
411,0.4730382561683655,0.41944360733032227,0.7342752814292908,0.6557625660119336,,,0.00019761385706222514
412,0.4748322367668152,0.4180182218551636,0.7346453070640564,0.6555771145934436,,,0.00019717383058078287
413,0.4724813997745514,0.41833800077438354,0.7352241277694702,0.6560429950511671,,,0.0001967333794093349
414,0.4716295003890991,0.4177027642726898,0.7351465821266174,0.6560859238256482,,,0.00019629250798321957
415,0.47330617904663086,0.41806989908218384,0.7345960140228271,0.6559404474907248,,,0.0001958512207420073
416,0.4720105826854706,0.4164658784866333,0.7353837490081787,0.6567022429953508,,,0.00019540952212945573
417,0.47286203503608704,0.41885626316070557,0.734758198261261,0.655543750310025,,,0.00019496741659346488
418,0.4722326993942261,0.417134553194046,0.7355037331581116,0.6560429666884238,,,0.0001945249085860327
419,0.47187572717666626,0.4177379906177521,0.7355125546455383,0.6563728018406565,,,0.00019408200256320986
420,0.47137129306793213,0.41580045223236084,0.7355343103408813,0.656393724224351,,,0.00019363870298505506
421,0.4719091057777405,0.4179195165634155,0.735988438129425,0.6569079775875841,,,0.00019319501431559023
422,0.47142162919044495,0.4165990352630615,0.7360162138938904,0.6565064161673214,,,0.00019275094102275524
423,0.4717640280723572,0.41763150691986084,0.7355392575263977,0.6561001676051608,,,0.0001923064875783633
424,0.47134995460510254,0.4161990284919739,0.7363135814666748,0.6575260431683007,,,0.00019186165845805564
425,0.47059354186058044,0.4159141182899475,0.7354662418365479,0.6563935431298268,,,0.00019141645814125648
426,0.47121232748031616,0.42005980014801025,0.7355872988700867,0.6564917546345961,,,0.0001909708911111282
427,0.47082874178886414,0.4148949086666107,0.7367810606956482,0.6570976989633525,,,0.00019052496185452576
428,0.47118616104125977,0.4171373248100281,0.7365248203277588,0.6570534373834541,,,0.0001900786748619518
429,0.47081202268600464,0.41798946261405945,0.7359241843223572,0.6568313916240456,,,0.0001896320346275115
430,0.470938503742218,0.4131358563899994,0.7371041774749756,0.658043968698197,,,0.00018918504564886698
431,0.4705006182193756,0.4174172878265381,0.7362692356109619,0.6571241049431648,,,0.00018873771242719224
432,0.46972498297691345,0.41626739501953125,0.737053632736206,0.6574584157664266,,,0.00018829003946712795
433,0.46905264258384705,0.41384950280189514,0.7376744747161865,0.6577746445538767,,,0.00018784203127673586
434,0.4700038433074951,0.41921743750572205,0.7366219162940979,0.6572164347299907,,,0.00018739369236745335
435,0.4703025817871094,0.41412073373794556,0.7369718551635742,0.6577826742985596,,,0.0001869450272540484
436,0.4700474739074707,0.4127981662750244,0.7378353476524353,0.6584681891089565,,,0.00018649604045457364
437,0.4687038064002991,0.4184061884880066,0.7371324896812439,0.6574947615770176,,,0.00018604673649032116
438,0.469417005777359,0.4145727753639221,0.7374219298362732,0.6576444525952176,,,0.00018559711988577692
439,0.46817800402641296,0.4136295020580292,0.738278329372406,0.6590777636985339,,,0.00018514719516857508
440,0.46885132789611816,0.41624966263771057,0.7369231581687927,0.6579268253555337,,,0.00018469696686945267
441,0.4688918888568878,0.41241228580474854,0.7382357120513916,0.6589217905716006,,,0.00018424643952220357
442,0.4679836630821228,0.41400787234306335,0.7384834885597229,0.6591932964192595,,,0.00018379561766363307
443,0.46824103593826294,0.4149716794490814,0.7376307845115662,0.6581991358717293,,,0.0001833445058335125
444,0.4680348038673401,0.4127202033996582,0.7384592294692993,0.6591873349825458,,,0.00018289310857453285
445,0.46681588888168335,0.4134259819984436,0.7385556697845459,0.6593562225634305,,,0.00018244143043225948
446,0.46788811683654785,0.4139266908168793,0.7380194067955017,0.6581321785374773,,,0.00018198947595508637
447,0.46866098046302795,0.41402846574783325,0.7389619946479797,0.6592257646665092,,,0.00018153724969418995
448,0.46779298782348633,0.4112529158592224,0.739452600479126,0.6598309875751034,,,0.0001810847562034838
449,0.4666985869407654,0.413379430770874,0.7384200692176819,0.6589404860351835,,,0.00018063200003957226
450,0.46627259254455566,0.41307806968688965,0.7393316030502319,0.6600306079736252,,,0.00018017898576170492
451,0.46644943952560425,0.4113253653049469,0.7394653558731079,0.6596749752104328,,,0.00017972571793173047
452,0.4674212634563446,0.41411301493644714,0.7389335036277771,0.6591455595525876,,,0.00017927220111405096
453,0.4666634798049927,0.4127146005630493,0.7390618920326233,0.6595683098444699,,,0.00017881843987557568
454,0.4665283262729645,0.4103415608406067,0.739575982093811,0.660169892098364,,,0.0001783644387856753
455,0.4663633704185486,0.4136170744895935,0.7390701174736023,0.659615266007627,,,0.00017791020241613576
456,0.4662526845932007,0.412435382604599,0.7394586205482483,0.6597474920073391,,,0.0001774557353411122
457,0.46578893065452576,0.41050976514816284,0.7401239275932312,0.6602538092441521,,,0.00017700104213708308
458,0.46624282002449036,0.413527250289917,0.7398785948753357,0.6603032285460623,,,0.0001765461273828039
459,0.46558091044425964,0.4121944010257721,0.7391591668128967,0.6597508804750745,,,0.0001760909956592612
460,0.46616560220718384,0.40956228971481323,0.7401950359344482,0.6607999358557659,,,0.00017563565154962637
461,0.4657996594905853,0.4136710464954376,0.7397485375404358,0.660090362910028,,,0.0001751800996392095
462,0.46525681018829346,0.41235730051994324,0.7395128011703491,0.6593316165013899,,,0.0001747243445154133
463,0.46539536118507385,0.41077911853790283,0.7407995462417603,0.6610168996844038,,,0.00017426839076768686
464,0.4656822383403778,0.4119623899459839,0.7400228381156921,0.6605550730174252,,,0.00017381224298747925
465,0.465329647064209,0.4104402959346771,0.7399263978004456,0.6603428484312137,,,0.00017335590576819364
466,0.46523216366767883,0.4104998707771301,0.7409549355506897,0.6612617492526773,,,0.00017289938370514073
467,0.463535338640213,0.41221579909324646,0.740372896194458,0.6602364051172828,,,0.00017244268139549266
468,0.4634687304496765,0.41116589307785034,0.7402055859565735,0.6601285513282131,,,0.00017198580343823656
469,0.46449676156044006,0.4085176885128021,0.7413606643676758,0.6618902788937959,,,0.00017152875443412837
470,0.46428540349006653,0.4106132686138153,0.7408971190452576,0.6614302673363709,,,0.0001710715389856466
471,0.4635232388973236,0.4106350243091583,0.7405746579170227,0.6606702642299714,,,0.00017061416169694569
472,0.4641915559768677,0.41027480363845825,0.7417598366737366,0.6619457887743091,,,0.00017015662717380977
473,0.46410009264945984,0.40996626019477844,0.7417758703231812,0.6620768518143147,,,0.00016969894002360648
474,0.46483686566352844,0.41114184260368347,0.7404322028160095,0.6606443873339353,,,0.0001692411048552404
475,0.4638729393482208,0.4091436266899109,0.7416837811470032,0.6622929815795359,,,0.00016878312627910646
476,0.46308818459510803,0.4094047546386719,0.7416189312934875,0.6620810055780473,,,0.000168325008907044
477,0.46359503269195557,0.41041305661201477,0.7409511804580688,0.6608693234083295,,,0.00016786675735228974
478,0.4630372226238251,0.4098323583602905,0.7416595816612244,0.661629804335572,,,0.00016740837622943177
479,0.46326494216918945,0.4081993103027344,0.7422637939453125,0.6623985066311097,,,0.00016694987015436296
480,0.4634702205657959,0.4106208086013794,0.7411890625953674,0.6613648621819912,,,0.00016649124374423433
481,0.4618934690952301,0.40840694308280945,0.7417398691177368,0.6620998732244134,,,0.00016603250161740878
482,0.4621116816997528,0.40770941972732544,0.7424800395965576,0.6627700880010856,,,0.00016557364839341448
483,0.46318182349205017,0.4097592532634735,0.7417028546333313,0.6616472630986391,,,0.00016511468869289815
484,0.46227791905403137,0.4089977443218231,0.7419170141220093,0.6617141861693897,,,0.00016465562713757908
485,0.4618014693260193,0.4084395468235016,0.7426868081092834,0.6629311803854597,,,0.00016419646835020185
486,0.4628324806690216,0.40850692987442017,0.7420438528060913,0.6621440374476751,,,0.0001637372169544905
487,0.461748331785202,0.4080773591995239,0.7422395944595337,0.6621951790636657,,,0.00016327787757510138
488,0.46166279911994934,0.4076537787914276,0.7431576251983643,0.6632720982543776,,,0.00016281845483757698
489,0.4624994993209839,0.4074134826660156,0.7428277730941772,0.6625965372159313,,,0.00016235895336829916
490,0.46162936091423035,0.41037315130233765,0.7418941259384155,0.6615620149635876,,,0.00016189937779444266
491,0.4618340730667114,0.4091183841228485,0.7430042624473572,0.6630625235418477,,,0.0001614397327439283
492,0.4616521894931793,0.4059446454048157,0.7431732416152954,0.6634422219494339,,,0.00016098002284537676
493,0.46060019731521606,0.40826699137687683,0.7420775890350342,0.6621872950322125,,,0.00016052025272806156
494,0.4620451033115387,0.4094693660736084,0.7430258393287659,0.6630559062953469,,,0.00016006042702186268
495,0.46173277497291565,0.4065896272659302,0.7435759902000427,0.6634307453427228,,,0.00015960055035721984
496,0.4607284963130951,0.4078747034072876,0.7427932620048523,0.6625924465117924,,,0.00015914062736508593
497,0.46076884865760803,0.4101073443889618,0.7426788210868835,0.6629753570225835,,,0.0001586806626768805
498,0.46123239398002625,0.4052564203739166,0.7436898946762085,0.6638558011841846,,,0.00015822066092444276
499,0.4603123068809509,0.4056518077850342,0.7436904311180115,0.6635205304130802,,,0.00015776062673998525
500,0.46031391620635986,0.41037073731422424,0.7430453896522522,0.6627288127587114,,,0.00015730056475604716
501,0.4611274003982544,0.4056490659713745,0.7440509796142578,0.663816445421372,,,0.0001568404796054475
502,0.46020880341529846,0.40585726499557495,0.743809700012207,0.6637923575836604,,,0.00015638037592123863
503,0.46081113815307617,0.409710556268692,0.7430766820907593,0.6633481434177647,,,0.00015592025833665958
504,0.4604886472225189,0.40440231561660767,0.7442217469215393,0.6644466516414087,,,0.00015546013148508923
505,0.45982205867767334,0.40525805950164795,0.7442079782485962,0.6642202862411668,,,0.000155
506,0.46004024147987366,0.408758282661438,0.7435017228126526,0.6633556286971128,,,0.00015453986851491077
507,0.46039506793022156,0.4052950143814087,0.744251012802124,0.6640886575002946,,,0.00015407974166334044
508,0.4595707654953003,0.40661266446113586,0.7440561652183533,0.6641206068909303,,,0.00015361962407876137
509,0.4596843421459198,0.4080818295478821,0.7434043884277344,0.6635129192525371,,,0.00015315952039455253
510,0.4599030017852783,0.4052339792251587,0.7441273331642151,0.6642885267289317,,,0.00015269943524395284
511,0.459659606218338,0.4063650965690613,0.7442348003387451,0.66430104444565,,,0.00015223937326001472
512,0.45916450023651123,0.40597766637802124,0.7444416284561157,0.6642943704592926,,,0.00015177933907555724
513,0.4584203362464905,0.40640902519226074,0.7443166375160217,0.6640588247165892,,,0.00015131933732311946
514,0.4579523801803589,0.40594175457954407,0.7444484829902649,0.6644315858374329,,,0.00015085937263491407
515,0.4586954414844513,0.4054819941520691,0.7446882724761963,0.664793567470056,,,0.0001503994496427802
516,0.4584888517856598,0.40612542629241943,0.7442206740379333,0.6642465202355776,,,0.0001499395729781374
517,0.45851022005081177,0.40507903695106506,0.7447576522827148,0.6647639514707923,,,0.00014947974727193847
518,0.4585097134113312,0.4043269753456116,0.7454385161399841,0.6653516491400437,,,0.00014901997715462327
519,0.45868080854415894,0.4052858054637909,0.7450206875801086,0.664658711381353,,,0.0001485602672560717
520,0.4588168263435364,0.4062975347042084,0.7448446154594421,0.6647841483015425,,,0.00014810062220555736
521,0.45776137709617615,0.4041699171066284,0.7451135516166687,0.6652223499073755,,,0.00014764104663170087
522,0.4584474563598633,0.404313862323761,0.7454017996788025,0.6656595515517595,,,0.00014718154516242307
523,0.45841744542121887,0.40546146035194397,0.7451738119125366,0.665113112044279,,,0.00014672212242489862
524,0.4584532082080841,0.4052451550960541,0.7451736927032471,0.6648061589240535,,,0.00014626278304550954
525,0.4581209123134613,0.40374302864074707,0.7459714412689209,0.6658563698474269,,,0.00014580353164979815
526,0.45746341347694397,0.40489089488983154,0.745393693447113,0.6654627649245287,,,0.00014534437286242095
527,0.45817306637763977,0.40500548481941223,0.7452118396759033,0.6653218452145915,,,0.00014488531130710182
528,0.4574848711490631,0.40306973457336426,0.7460828423500061,0.6661067519762821,,,0.00014442635160658555
529,0.4573917090892792,0.4044076204299927,0.7459897994995117,0.6658001003875879,,,0.0001439674983825912
530,0.45767515897750854,0.4062041640281677,0.7454731464385986,0.6651611222027072,,,0.00014350875625576565
531,0.45675233006477356,0.40212035179138184,0.7462304830551147,0.6660080815745869,,,0.0001430501298456371
532,0.4578301012516022,0.4043821394443512,0.7460458874702454,0.6660339524760374,,,0.00014259162377056828
533,0.4565969705581665,0.4047142565250397,0.7456109523773193,0.6654769350067959,,,0.0001421332426477103
534,0.45644718408584595,0.40252143144607544,0.7461916208267212,0.6658334568405451,,,0.00014167499109295602
535,0.45737001299858093,0.40424996614456177,0.7464574575424194,0.6661927240182329,,,0.00014121687372089354
536,0.45675334334373474,0.40568357706069946,0.745783805847168,0.6654406553260693,,,0.0001407588951447596
537,0.45729368925094604,0.4025489091873169,0.7462072968482971,0.6660041517189139,,,0.00014030105997639352
538,0.45688870549201965,0.4020635187625885,0.7466576099395752,0.6666951044022928,,,0.00013984337282619026
539,0.4569588899612427,0.40542709827423096,0.7461603283882141,0.6661147104639994,,,0.00013938583830305437
540,0.45596519112586975,0.4047354459762573,0.7457485198974609,0.6652010415148374,,,0.00013892846101435342
541,0.4562826156616211,0.40221765637397766,0.7468925714492798,0.6664418321164436,,,0.00013847124556587163
542,0.4566592872142792,0.40355515480041504,0.7468523383140564,0.6665891897144186,,,0.00013801419656176344
543,0.4557860791683197,0.40401795506477356,0.7458711862564087,0.6654950360532191,,,0.00013755731860450737
544,0.4566268026828766,0.40263664722442627,0.746697187423706,0.6665896791525272,,,0.00013710061629485927
545,0.45622292160987854,0.40252599120140076,0.7472911477088928,0.6672258365983077,,,0.00013664409423180633
546,0.45627254247665405,0.4027060866355896,0.7468193173408508,0.6664256875157205,,,0.00013618775701252075
547,0.4557175934314728,0.4039081633090973,0.7464675307273865,0.6660274513984252,,,0.00013573160923231316
548,0.4551871120929718,0.40209856629371643,0.7471986413002014,0.6669840617803718,,,0.00013527565548458672
549,0.455765038728714,0.40168100595474243,0.747078537940979,0.6668843826247413,,,0.00013481990036079056
550,0.45460018515586853,0.4032455086708069,0.746529757976532,0.6661945487653109,,,0.00013436434845037366
551,0.45598626136779785,0.4037895202636719,0.746853768825531,0.666527581020819,,,0.00013390900434073882
552,0.45516154170036316,0.40158042311668396,0.747671365737915,0.6672714894955246,,,0.00013345387261719612
553,0.45536211133003235,0.40060168504714966,0.7479123473167419,0.667438458829423,,,0.00013299895786291692
554,0.45466771721839905,0.4040766656398773,0.7470378875732422,0.6666322566765547,,,0.00013254426465888783
555,0.4552803635597229,0.40170517563819885,0.7475011944770813,0.6673503659560164,,,0.00013208979758386424
556,0.4551200568675995,0.3998855948448181,0.7478936910629272,0.6678042808596676,,,0.00013163556121432472
557,0.4546928405761719,0.4027908146381378,0.7474135756492615,0.6670819297590579,,,0.00013118156012442434
558,0.4540289342403412,0.4058130979537964,0.7465285658836365,0.6658993384755741,,,0.00013072779888594906
559,0.45523080229759216,0.4017859399318695,0.7474575638771057,0.6670494196131141,,,0.00013027428206826956
560,0.45393624901771545,0.40033894777297974,0.7479131817817688,0.667830695575311,,,0.0001298210142382951
561,0.4543287456035614,0.40183225274086,0.747433602809906,0.6673241551581157,,,0.0001293679999604277
562,0.4542820155620575,0.40354716777801514,0.7468946576118469,0.6665930178460054,,,0.0001289152437965162
563,0.4544026255607605,0.40090376138687134,0.7481749057769775,0.6678510882068571,,,0.00012846275030581003
564,0.4540822207927704,0.4012916386127472,0.7483387589454651,0.6680520026534645,,,0.00012801052404491365
565,0.4543212056159973,0.4029175639152527,0.7474391460418701,0.6671185759536543,,,0.00012755856956774057
566,0.45381253957748413,0.40107598900794983,0.7478356957435608,0.6676568131731313,,,0.00012710689142546723
567,0.4539594054222107,0.40015092492103577,0.7485671639442444,0.6686313963253642,,,0.00012665549416648756
568,0.45380598306655884,0.40090861916542053,0.7481325268745422,0.6679363678487562,,,0.00012620438233636693
569,0.4532010853290558,0.40375152230262756,0.7471280694007874,0.6666064963007956,,,0.00012575356047779649
570,0.45406320691108704,0.40170350670814514,0.748324990272522,0.66791163377627,,,0.00012530303313054735
571,0.45347028970718384,0.40043243765830994,0.748706042766571,0.6684291226826784,,,0.00012485280483142492
572,0.4543563425540924,0.4005894958972931,0.7480281591415405,0.6676430494811846,,,0.0001244028801142231
573,0.45308569073677063,0.4017990529537201,0.7479104995727539,0.6676666414862872,,,0.00012395326350967886
574,0.4524388015270233,0.40145784616470337,0.7483759522438049,0.6682272913397104,,,0.00012350395954542642
575,0.45299726724624634,0.3996281921863556,0.7487735748291016,0.6684576802015108,,,0.0001230549727459516
576,0.4541056752204895,0.4012226164340973,0.7484477758407593,0.6679860572713815,,,0.00012260630763254665
577,0.4528929889202118,0.4030710458755493,0.7481811046600342,0.6678345659222104,,,0.00012215796872326414
578,0.45295125246047974,0.39985325932502747,0.7488008737564087,0.668613463563028,,,0.00012170996053287203
579,0.4531019330024719,0.3999026119709015,0.748714804649353,0.6686210924367949,,,0.00012126228757280775
580,0.4532041847705841,0.4025730490684509,0.7481476068496704,0.6680190153706914,,,0.00012081495435113303
581,0.4526984393596649,0.3995135426521301,0.7489668130874634,0.6687922702010036,,,0.0001203679653724885
582,0.45310869812965393,0.3986775279045105,0.7493921518325806,0.6690398068637129,,,0.0001199213251380482
583,0.45253875851631165,0.40139326453208923,0.7489190697669983,0.6683200073786212,,,0.0001194750381454743
584,0.45282474160194397,0.4018390476703644,0.7486259937286377,0.6678713416919316,,,0.00011902910888887187
585,0.4525678753852844,0.3989161550998688,0.7493816614151001,0.6688833613122561,,,0.00011858354185874353
586,0.4529404938220978,0.3990465998649597,0.7493768930435181,0.6689428216965013,,,0.00011813834154194442
587,0.45229434967041016,0.40110743045806885,0.7488571405410767,0.6683161583952372,,,0.00011769351242163674
588,0.4531899094581604,0.40059894323349,0.7490317821502686,0.66846419538743,,,0.00011724905897724475
589,0.4522939920425415,0.3990778923034668,0.7495315074920654,0.6690180517793232,,,0.00011680498568440979
590,0.45197778940200806,0.3995985686779022,0.7496489882469177,0.669211748195811,,,0.00011636129701494494
591,0.45286551117897034,0.400654137134552,0.7494447827339172,0.6691329889783227,,,0.00011591799743679017
592,0.4522440433502197,0.3998076915740967,0.7492504715919495,0.6690469959915067,,,0.00011547509141396733
593,0.4516823887825012,0.39773932099342346,0.7496362328529358,0.6695289219562713,,,0.00011503258340653512
594,0.4523017406463623,0.3999200463294983,0.7493501305580139,0.6691979273545502,,,0.0001145904778705443
595,0.4519762396812439,0.40191736817359924,0.7488968372344971,0.6684609412231405,,,0.00011414877925799269
596,0.45235586166381836,0.39948147535324097,0.7493676543235779,0.6687925899602151,,,0.00011370749201678041
597,0.45195505023002625,0.3984125256538391,0.7498382329940796,0.6694305653702579,,,0.0001132666205906651
598,0.4514930248260498,0.39992886781692505,0.7495680451393127,0.66927045694553,,,0.00011282616941921713
599,0.45171311497688293,0.40043774247169495,0.7493982315063477,0.6691600298848392,,,0.00011238614293777492
600,0.45098066329956055,0.3976054787635803,0.7499390244483948,0.6696924572865817,,,0.0001119465455774002
601,0.4517090320587158,0.3980690836906433,0.7501945495605469,0.6699943425201654,,,0.00011150738176483348
602,0.4515637755393982,0.3998435139656067,0.7500581741333008,0.6696981628335342,,,0.00011106865592244956
603,0.4516066610813141,0.3994695842266083,0.7499866485595703,0.6693940695324622,,,0.0001106303724682128
604,0.4515233337879181,0.3981868326663971,0.7502374649047852,0.6696780274282301,,,0.00011019253581563263
605,0.451056569814682,0.3986690044403076,0.7504226565361023,0.6700761461804716,,,0.00010975515037371939
606,0.45128241181373596,0.39914700388908386,0.7501959204673767,0.6698433052538652,,,0.00010931822054693957
607,0.45192310214042664,0.39891794323921204,0.7499075531959534,0.6694233899007306,,,0.00010888175073517164
608,0.4500700831413269,0.3980547785758972,0.7502248287200928,0.6696863799693097,,,0.00010844574533366184
609,0.4517369270324707,0.3977483808994293,0.7508817911148071,0.670537096334376,,,0.00010801020873297968
610,0.45034512877464294,0.39911070466041565,0.7505533695220947,0.6701467720373404,,,0.00010757514531897387
611,0.4512301981449127,0.39964351058006287,0.7498493790626526,0.6692622938060133,,,0.00010714055947272819
612,0.4511347711086273,0.3984415829181671,0.7503271102905273,0.6699921576287744,,,0.0001067064555705173
613,0.4515846371650696,0.3978727459907532,0.750674307346344,0.6705545132843308,,,0.00010627283798376261
614,0.4509475529193878,0.3975101411342621,0.750678300857544,0.6704750306729238,,,0.0001058397110789885
615,0.4503999948501587,0.39887380599975586,0.7501891851425171,0.6697428547960579,,,0.00010540707921777805
616,0.4509044885635376,0.39859962463378906,0.7502850890159607,0.6697143311870086,,,0.00010497494675672929
617,0.45066508650779724,0.3975989520549774,0.7508636713027954,0.6704046430639642,,,0.00010454331804741127
618,0.4494483768939972,0.3977389633655548,0.7509422898292542,0.6704693709277877,,,0.00010411219743632037
619,0.4494858384132385,0.39881229400634766,0.7505013942718506,0.6700251796089174,,,0.0001036815892648363
620,0.4506726562976837,0.3984590768814087,0.7505311965942383,0.6701790262525239,,,0.00010325149786917859
621,0.4505626857280731,0.3978767395019531,0.750819981098175,0.6705946664611916,,,0.00010282192758036284
622,0.4505252540111542,0.3976588249206543,0.7508746981620789,0.6705888061707774,,,0.00010239288272415707
623,0.4498092830181122,0.3979223668575287,0.7507677674293518,0.6702988963450683,,,0.0001019643676210382
624,0.45005089044570923,0.3987043499946594,0.7507388591766357,0.6701657181105238,,,0.00010153638658614862
625,0.45006343722343445,0.39838260412216187,0.7510149478912354,0.6704903403859135,,,0.00010110894392925252
626,0.44918420910835266,0.39744579792022705,0.7510181665420532,0.670576803850603,,,0.00010068204395469275
627,0.44865867495536804,0.3977203071117401,0.7508199214935303,0.6705169221029245,,,0.00010025569096134734
628,0.45014670491218567,0.39786195755004883,0.7508299350738525,0.6705802778584539,,,9.982988924258616e-05
629,0.4486263394355774,0.3975837826728821,0.7510772347450256,0.6707378372272058,,,9.94046430862278e-05
630,0.4505269527435303,0.39751768112182617,0.7512493133544922,0.6707116390857835,,,9.897995677449633e-05
631,0.4486800730228424,0.3976998031139374,0.751180112361908,0.6705432840672236,,,9.855583458397824e-05
632,0.4496769607067108,0.3985477685928345,0.7508482336997986,0.6702509414956522,,,9.81322807855792e-05
633,0.44953233003616333,0.39738181233406067,0.7511489391326904,0.6707365079537918,,,9.770929964448132e-05
634,0.4497068524360657,0.3968474566936493,0.7514076232910156,0.6711381027869301,,,9.728689542010002e-05
635,0.44953489303588867,0.3968683183193207,0.7514458298683167,0.6711342513470059,,,9.686507236604104e-05
636,0.44915664196014404,0.3974669575691223,0.7513103485107422,0.6708585382371445,,,9.644383473005793e-05
637,0.44951242208480835,0.39759302139282227,0.7514339089393616,0.6708977483515942,,,9.6023186754009e-05
638,0.4500787854194641,0.3964787721633911,0.7516872882843018,0.6711371850901892,,,9.560313267381468e-05
639,0.4488985240459442,0.39626771211624146,0.7517215609550476,0.6713382585581034,,,9.51836767194149e-05
640,0.4485204219818115,0.3974737524986267,0.7514309287071228,0.6711217601939139,,,9.476482311472649e-05
641,0.4491971433162689,0.39828258752822876,0.7510801553726196,0.6707194645134089,,,9.434657607760056e-05
642,0.4489888846874237,0.39742642641067505,0.7513932585716248,0.6710689318050147,,,9.392893981978014e-05
643,0.44930970668792725,0.39590251445770264,0.7518765926361084,0.6715113509821636,,,9.351191854685778e-05
644,0.4481421709060669,0.3965611159801483,0.7517290711402893,0.6711895121844126,,,9.309551645823295e-05
645,0.44881564378738403,0.3974617123603821,0.7516069412231445,0.6710418751241495,,,9.267973774707011e-05
646,0.4485786557197571,0.3974585235118866,0.7519195675849915,0.6714208852138269,,,9.226458660025627e-05
647,0.4483485817909241,0.39650997519493103,0.7520936727523804,0.6716339833633898,,,9.185006719835895e-05
648,0.4493502676486969,0.39608433842658997,0.7519012093544006,0.6714185989631001,,,9.143618371558376e-05
649,0.44859665632247925,0.39634403586387634,0.7518367171287537,0.6713816945395334,,,9.102294031973287e-05
650,0.44894927740097046,0.39691346883773804,0.7520411014556885,0.6716906796482653,,,9.061034117216275e-05
651,0.44833433628082275,0.3964937627315521,0.7521881461143494,0.6717035820101173,,,9.019839042774217e-05
652,0.44811877608299255,0.39583730697631836,0.7522609829902649,0.6715980124444997,,,8.978709223481049e-05
653,0.4485679864883423,0.3963811993598938,0.7523952722549438,0.6716620777959255,,,8.937645073513606e-05
654,0.44756120443344116,0.39773479104042053,0.7521451711654663,0.6715182338983151,,,8.896647006387411e-05
655,0.44808611273765564,0.3971449136734009,0.7516771554946899,0.6711325912532504,,,8.85571543495255e-05
656,0.44871091842651367,0.3953099250793457,0.7520433664321899,0.6716745060116932,,,8.8148507713895e-05
657,0.4486865699291229,0.39537960290908813,0.7524594664573669,0.6722418928221721,,,8.774053427204959e-05
658,0.44762879610061646,0.39619067311286926,0.7525033354759216,0.672173090958239,,,8.733323813227731e-05
659,0.4489571452140808,0.3965281546115875,0.7521156072616577,0.6715105510540484,,,8.692662339604587e-05
660,0.4487711489200592,0.396549791097641,0.7521653771400452,0.6714730065976257,,,8.652069415796102e-05
661,0.4486613869667053,0.396718293428421,0.7525081038475037,0.67196453646318,,,8.611545450572574e-05
662,0.44670483469963074,0.39610350131988525,0.7527094483375549,0.6722942657726549,,,8.571090852009888e-05
663,0.4481533169746399,0.39559441804885864,0.7523906230926514,0.6720517819452138,,,8.530706027485389e-05
664,0.4481584429740906,0.3960378170013428,0.7520199418067932,0.6716913952598285,,,8.490391383673822e-05
665,0.44847971200942993,0.39582255482673645,0.7526291012763977,0.6723433535967467,,,8.450147326543206e-05
666,0.4475235641002655,0.39519014954566956,0.7530707716941833,0.6726678850701187,,,8.409974261350739e-05
667,0.4469448924064636,0.3956454396247864,0.7528434991836548,0.6721947940607582,,,8.369872592638743e-05
668,0.44810423254966736,0.39715513586997986,0.7524037957191467,0.6716985978921125,,,8.329842724230588e-05
669,0.44708359241485596,0.39763256907463074,0.7522359490394592,0.6716906714770353,,,8.289885059226595e-05
670,0.44785866141319275,0.39563465118408203,0.7526864409446716,0.6723778485070627,,,8.250000000000003e-05
671,0.44787758588790894,0.3935752511024475,0.7530710697174072,0.6727737026865578,,,8.21018794819292e-05
672,0.44752368330955505,0.3949403762817383,0.7527713179588318,0.6723715547423041,,,8.170449304712274e-05
673,0.44723355770111084,0.3972793221473694,0.7523004412651062,0.6716720960831478,,,8.13078446972575e-05
674,0.4473419189453125,0.3970976173877716,0.7526142597198486,0.6719107040884563,,,8.091193842657802e-05
675,0.4476475417613983,0.39452600479125977,0.7533069252967834,0.6727160620357338,,,8.051677822185611e-05
676,0.446575403213501,0.3945436179637909,0.7531715035438538,0.6726012219228061,,,8.012236806235054e-05
677,0.4468928277492523,0.39652779698371887,0.7525290846824646,0.6720217556676646,,,7.972871191976727e-05
678,0.4474788010120392,0.3964798152446747,0.7525144815444946,0.6720777683628931,,,7.933581375821936e-05
679,0.4467357397079468,0.3947637677192688,0.7531422972679138,0.6727836341519161,,,7.894367753418682e-05
680,0.4466990828514099,0.3941068947315216,0.7533500790596008,0.6729071931740908,,,7.855230719647713e-05
681,0.44687098264694214,0.39571186900138855,0.7528724074363708,0.6722442946790144,,,7.81617066861853e-05
682,0.44680649042129517,0.39677807688713074,0.7526025176048279,0.6719509385456003,,,7.777187993665402e-05
683,0.4466140568256378,0.39579305052757263,0.7529388070106506,0.6725232093530257,,,7.738283087343438e-05
684,0.447744756937027,0.3937729597091675,0.7534387707710266,0.6732248683911645,,,7.69945634142462e-05
685,0.44743022322654724,0.39419353008270264,0.7533233165740967,0.6730771804156369,,,7.66070814689384e-05
686,0.4466647505760193,0.39623260498046875,0.7527284622192383,0.6723024587515258,,,7.622038893944985e-05
687,0.44664186239242554,0.3965780735015869,0.7526244521141052,0.6720375422048668,,,7.583448971977003e-05
688,0.44638314843177795,0.3944542109966278,0.7533132433891296,0.6727129546544013,,,7.54493876958999e-05
689,0.4456061124801636,0.3938200771808624,0.7535703182220459,0.6730237466026364,,,7.506508674581245e-05
690,0.44727203249931335,0.3949791193008423,0.7533408999443054,0.6728495660075754,,,7.468159073941401e-05
691,0.4463588297367096,0.3963576555252075,0.7528741359710693,0.6724079781465238,,,7.429890353850519e-05
692,0.44668859243392944,0.39454054832458496,0.7533531785011292,0.6729152719168671,,,7.391702899674173e-05
693,0.446044385433197,0.3931637704372406,0.7538595199584961,0.6733781969766872,,,7.353597095959607e-05
694,0.44697436690330505,0.39363741874694824,0.7539086937904358,0.673341331023617,,,7.31557332643185e-05
695,0.4463702142238617,0.39555537700653076,0.7533705234527588,0.6726808377814222,,,7.277631973989826e-05
696,0.44676968455314636,0.39580556750297546,0.7531576752662659,0.672430289041701,,,7.239773420702537e-05
697,0.4454479217529297,0.39478200674057007,0.7533919811248779,0.6727426123927769,,,7.201998047805202e-05
698,0.44568970799446106,0.3942062556743622,0.7535560727119446,0.6730508322868912,,,7.164306235695396e-05
699,0.44612857699394226,0.39437761902809143,0.7534629702568054,0.6730247348351713,,,7.126698363929253e-05
700,0.4466730058193207,0.3951018452644348,0.7531837821006775,0.6727271554871358,,,7.089174811217628e-05
701,0.4453752338886261,0.39505913853645325,0.7532451152801514,0.6727464226073298,,,7.051735955422272e-05
702,0.44614407420158386,0.39397695660591125,0.7537801265716553,0.6732809748737096,,,7.014382173552058e-05
703,0.4465128779411316,0.39374929666519165,0.7539806962013245,0.6734702396616686,,,6.97711384175914e-05
704,0.44618433713912964,0.39439666271209717,0.7538259029388428,0.6732124329991137,,,6.939931335335221e-05
705,0.44569677114486694,0.39479339122772217,0.7536832690238953,0.6729539184757471,,,6.902835028707715e-05
706,0.4466038942337036,0.39398154616355896,0.753902018070221,0.6731916635183974,,,6.865825295436025e-05
707,0.4457722306251526,0.39389747381210327,0.7539979815483093,0.6733767688418076,,,6.828902508207755e-05
708,0.4456145167350769,0.3942217528820038,0.7538060545921326,0.6732191570004514,,,6.792067038834957e-05
709,0.4455026686191559,0.39427700638771057,0.7536901831626892,0.6731343172746128,,,6.755319258250402e-05
710,0.44517186284065247,0.3940785825252533,0.7537828087806702,0.6732459217045796,,,6.718659536503836e-05
711,0.4454410672187805,0.3941872715950012,0.753917932510376,0.6734038740376775,,,6.682088242758241e-05
712,0.4457526206970215,0.3939964473247528,0.7539433836936951,0.6733751427906627,,,6.645605745286145e-05
713,0.44578152894973755,0.3937828540802002,0.7539561986923218,0.6732994544991784,,,6.609212411465898e-05
714,0.44622182846069336,0.3935920298099518,0.7542091608047485,0.6735568591370303,,,6.572908607777955e-05
715,0.44672033190727234,0.39440208673477173,0.7541137337684631,0.6735024718476942,,,6.536694699801223e-05
716,0.4458581805229187,0.3944745361804962,0.7540271878242493,0.6735161952165009,,,6.500571052209356e-05
717,0.44559723138809204,0.39383724331855774,0.7540210485458374,0.6735910908220081,,,6.464538028767078e-05
718,0.44465965032577515,0.3932644724845886,0.7542264461517334,0.6738617406572524,,,6.428595992326539e-05
719,0.44596952199935913,0.39322221279144287,0.754340410232544,0.6740018050974328,,,6.392745304823647e-05
720,0.4457807242870331,0.3934299349784851,0.754315972328186,0.6738956045419351,,,6.356986327274428e-05
721,0.44593143463134766,0.3941708505153656,0.7541312575340271,0.6736037536684243,,,6.321319419771381e-05
722,0.4452897608280182,0.39462924003601074,0.7540292739868164,0.6734637499102227,,,6.285744941479876e-05
723,0.4457816183567047,0.39382457733154297,0.7541320323944092,0.6735855472865693,,,6.250263250634517e-05
724,0.44599097967147827,0.39349281787872314,0.754237174987793,0.6737661695439722,,,6.214874704535528e-05
725,0.44539812207221985,0.39368003606796265,0.7542212009429932,0.6737681911176305,,,6.179579659545179e-05
726,0.4449423849582672,0.3943522870540619,0.7541825771331787,0.6736881722687028,,,6.144378471084188e-05
727,0.44578003883361816,0.394205778837204,0.7542642951011658,0.6737387802590301,,,6.109271493628121e-05
728,0.44491708278656006,0.3933033049106598,0.754389762878418,0.6738548584992965,,,6.074259080703859e-05
729,0.4455016553401947,0.3928954005241394,0.7545071244239807,0.6740051997323733,,,6.039341584886012e-05
730,0.4457439184188843,0.39308300614356995,0.7545167803764343,0.6740561661352993,,,6.0045193577933677e-05
731,0.44458863139152527,0.3930847942829132,0.7545189261436462,0.6740595694779612,,,5.96979275008537e-05
732,0.4445338547229767,0.3931940793991089,0.7544492483139038,0.6739894910738025,,,5.9351621114585784e-05
733,0.4450484812259674,0.39366215467453003,0.7544181942939758,0.6739171777026775,,,5.900627790643131e-05
734,0.4448700547218323,0.3936353325843811,0.7544652819633484,0.6738915294006212,,,5.866190135399259e-05
735,0.4452747702598572,0.3938278555870056,0.754497766494751,0.6739024362080946,,,5.831849492513773e-05
736,0.4441479742527008,0.3942563533782959,0.7543798089027405,0.6737520392749864,,,5.7976062077965607e-05
737,0.4449833035469055,0.3940357565879822,0.7543784976005554,0.673797339195219,,,5.7634606260771136e-05
738,0.44462478160858154,0.39324259757995605,0.754516065120697,0.674053029840196,,,5.729413091201066e-05
739,0.4448322355747223,0.39246460795402527,0.7546988129615784,0.6743065239191607,,,5.695463946026722e-05
740,0.4445490837097168,0.3925451636314392,0.7547187209129333,0.6743661933750137,,,5.661613532421585e-05
741,0.44435131549835205,0.3927980959415436,0.7546854615211487,0.6742994101643441,,,5.62786219125895e-05
742,0.4452173411846161,0.3935813307762146,0.7546691298484802,0.6741773734093661,,,5.594210262414453e-05
743,0.44464054703712463,0.3939388692378998,0.7546224594116211,0.6740081911567318,,,5.560658084762635e-05
744,0.4447077810764313,0.393612265586853,0.7546285390853882,0.6739344111103657,,,5.527205996173554e-05
745,0.4445040822029114,0.3932194709777832,0.754732072353363,0.674094321142372,,,5.493854333509378e-05
746,0.4440344274044037,0.39326444268226624,0.7547681927680969,0.674230992861281,,,5.4606034326209706e-05
747,0.44424694776535034,0.3938547372817993,0.7544829845428467,0.6740110045709116,,,5.427453628344538e-05
748,0.4439319670200348,0.3935992419719696,0.7544030547142029,0.6739878329139333,,,5.394405254498247e-05
749,0.4445875287055969,0.3925868570804596,0.7546117901802063,0.6741887848989297,,,5.361458643878845e-05
750,0.4436454474925995,0.39226675033569336,0.7548769116401672,0.6744075024659898,,,5.32861412825834e-05
751,0.44367051124572754,0.3927652835845947,0.7550027370452881,0.674441711743124,,,5.2958720383806444e-05
752,0.44375181198120117,0.39351263642311096,0.7548093199729919,0.6740625807550292,,,5.263232703958231e-05
753,0.443611741065979,0.3938949704170227,0.7546853423118591,0.6739178118684975,,,5.2306964536688445e-05
754,0.444208562374115,0.39370232820510864,0.7547102570533752,0.6740878277731106,,,5.198263615152154e-05
755,0.44472619891166687,0.39307814836502075,0.7548863887786865,0.6744544781772869,,,5.165934515006492e-05
756,0.444749653339386,0.3922693133354187,0.7550224661827087,0.6747250375607876,,,5.13370947878553e-05
757,0.4439771771430969,0.3918006122112274,0.7550195455551147,0.6747060427809669,,,5.10158883099503e-05
758,0.44406598806381226,0.3923489451408386,0.7549453377723694,0.6746126893476547,,,5.069572895089561e-05
759,0.44364866614341736,0.3934481739997864,0.7548139691352844,0.6743733056049472,,,5.037661993469235e-05
760,0.4447898268699646,0.39386317133903503,0.7548865675926208,0.6743577684839235,,,5.0058564474764823e-05
761,0.44469234347343445,0.39289483428001404,0.7551324367523193,0.674556889712889,,,4.9741565773928e-05
762,0.44385015964508057,0.3922211527824402,0.755209743976593,0.6745662723887109,,,4.94256270243552e-05
763,0.4432293772697449,0.3922721743583679,0.7551934719085693,0.6745390188021292,,,4.9110751407546186e-05
764,0.4442708492279053,0.3928349018096924,0.7551273107528687,0.6745458649380393,,,4.879694209429494e-05
765,0.44359809160232544,0.39336538314819336,0.754991352558136,0.6744863201896296,,,4.8484202244657686e-05
766,0.44420868158340454,0.39327821135520935,0.7549566626548767,0.6744796291788668,,,4.8172535007921265e-05
767,0.4431464672088623,0.39219212532043457,0.755145788192749,0.6746662804660365,,,4.7861943522571374e-05
768,0.4430810809135437,0.3916345238685608,0.7553861141204834,0.6748903752178521,,,4.7552430916260704e-05
769,0.44351062178611755,0.39206475019454956,0.7555111050605774,0.6750557331763581,,,4.724400030577782e-05
770,0.4435042142868042,0.3926549255847931,0.7553996443748474,0.6748852565306316,,,4.693665479701557e-05
771,0.444474995136261,0.39276427030563354,0.7552416324615479,0.6746525103310774,,,4.6630397484939805e-05
772,0.4439234435558319,0.3922571539878845,0.7553092837333679,0.6746959047626059,,,4.6325231453558184e-05
773,0.44356340169906616,0.3920535147190094,0.7552880644798279,0.6746829195520929,,,4.6021159775889315e-05
774,0.4433291554450989,0.39213770627975464,0.7553071975708008,0.6747170622855218,,,4.571818551393164e-05
775,0.4439166486263275,0.3925972282886505,0.7553755044937134,0.6748383328685986,,,4.541631171863257e-05
776,0.4439134895801544,0.39321354031562805,0.7552667260169983,0.6747432765705199,,,4.5115541429857854e-05
777,0.4447607100009918,0.3926279544830322,0.755221426486969,0.6746869100310516,,,4.4815877676361056e-05
778,0.44350048899650574,0.3918931484222412,0.7552595138549805,0.6747100214044607,,,4.451732347575274e-05
779,0.44383788108825684,0.39139601588249207,0.7554584741592407,0.6749577528934331,,,4.421988183447044e-05
780,0.4445103704929352,0.39189842343330383,0.755587637424469,0.6751132619290741,,,4.39235557477482e-05
781,0.4431428909301758,0.39269769191741943,0.7556237578392029,0.675126887773531,,,4.362834819958637e-05
782,0.44445163011550903,0.3930080831050873,0.7555133700370789,0.6749311914817763,,,4.3334262162721716e-05
783,0.4427630603313446,0.3926020860671997,0.7553611993789673,0.6746892303099842,,,4.3041300598597395e-05
784,0.44396594166755676,0.39154550433158875,0.7555666565895081,0.6749164025668906,,,4.274946645733304e-05
785,0.4439060688018799,0.3909430503845215,0.7558925747871399,0.6753512627594934,,,4.245876267769524e-05
786,0.4440695643424988,0.39158499240875244,0.755898118019104,0.675448461128563,,,4.2169192187067885e-05
787,0.4428647756576538,0.39224007725715637,0.755756139755249,0.6753018579781851,,,4.188075790142254e-05
788,0.44317927956581116,0.3922695815563202,0.7555732131004333,0.6750390823034902,,,4.1593462725289224e-05
789,0.4430626332759857,0.3921780586242676,0.7554789185523987,0.6748731073725656,,,4.130730955172722e-05
790,0.4436004161834717,0.391757994890213,0.7556116580963135,0.6749804285351616,,,4.1022301262295846e-05
791,0.44382724165916443,0.39140641689300537,0.7558273077011108,0.6752500499516927,,,4.0738440727025325e-05
792,0.4431758224964142,0.3915245831012726,0.7559093236923218,0.6753960661189002,,,4.0455730804388154e-05
793,0.44289225339889526,0.39191335439682007,0.7558397650718689,0.6753388194575005,,,4.0174174341270125e-05
794,0.44353923201560974,0.392716646194458,0.7555082440376282,0.6749816265651062,,,3.989377417294166e-05
795,0.4428139925003052,0.3929365277290344,0.7552545666694641,0.6747108168359792,,,3.961453312302933e-05
796,0.4422014057636261,0.3925027847290039,0.7551726698875427,0.6746276426065553,,,3.9336454003487485e-05
797,0.4430137872695923,0.39146244525909424,0.7555364370346069,0.6750690610967784,,,3.905953961456968e-05
798,0.4430491626262665,0.391355037689209,0.7558287978172302,0.6754135775848299,,,3.8783792744800764e-05
799,0.4430646300315857,0.3918951749801636,0.7559042572975159,0.6754662267743057,,,3.850921617094873e-05
800,0.4425666332244873,0.3922361135482788,0.7557972073554993,0.67524326456246,,,3.8235812657996495e-05
801,0.4434721767902374,0.39244961738586426,0.7555118799209595,0.674819620839547,,,3.796358495911449e-05
802,0.4431379437446594,0.3921174705028534,0.7554677724838257,0.6747216586206913,,,3.769253581563263e-05
803,0.44376495480537415,0.3919256031513214,0.7555955648422241,0.6748929628734994,,,3.742266795701271e-05
804,0.4432295858860016,0.392024427652359,0.7557908892631531,0.6751916340185913,,,3.715398410082115e-05
805,0.4427759349346161,0.3921063542366028,0.7559770345687866,0.6754557578731089,,,3.688648695270132e-05
806,0.44302016496658325,0.39167654514312744,0.7560188174247742,0.6755339994122571,,,3.662017920634662e-05
807,0.4421825408935547,0.39103004336357117,0.7559117674827576,0.6753924616038144,,,3.6355063543473e-05
808,0.443155974149704,0.3912454843521118,0.7557096481323242,0.675132735641718,,,3.609114263379229e-05
809,0.4441690146923065,0.3916533291339874,0.7556442618370056,0.6750928819805153,,,3.582841913498516e-05
810,0.4421781003475189,0.3922337591648102,0.7557138800621033,0.6752170481804359,,,3.5566895692674264e-05
811,0.4432045519351959,0.3925167918205261,0.7558574676513672,0.6754154177257776,,,3.530657494039777e-05
812,0.44406795501708984,0.3920024633407593,0.7559036612510681,0.6754728327954266,,,3.5047459499582825e-05
813,0.44354447722435,0.39168086647987366,0.7558286786079407,0.6753893100718594,,,3.4789551979518965e-05
814,0.442514568567276,0.3914346694946289,0.7557854056358337,0.6753667594821122,,,3.453285497733207e-05
815,0.442446231842041,0.3913973271846771,0.7557986974716187,0.6754246506086846,,,3.427737107795817e-05
816,0.4425694942474365,0.39162391424179077,0.755817174911499,0.6754474923578152,,,3.402310285411719e-05
817,0.44280216097831726,0.3916375935077667,0.7559108734130859,0.6755139399466944,,,3.377005286628738e-05
818,0.44280770421028137,0.3918193280696869,0.7559263706207275,0.6754419005073221,,,3.351822366267935e-05
819,0.441727876663208,0.3918755352497101,0.7559341192245483,0.6753300245743219,,,3.326761777921028e-05
820,0.4426780939102173,0.3919248878955841,0.7558955550193787,0.6752019331852653,,,3.301823773947871e-05
821,0.44334879517555237,0.391936331987381,0.7558988928794861,0.6751728086420994,,,3.2770086054738876e-05
822,0.44390058517456055,0.39202457666397095,0.7559384703636169,0.6752586142245911,,,3.2523165223875475e-05
823,0.44324129819869995,0.39180895686149597,0.7560405731201172,0.6754923004554948,,,3.2277477733378474e-05
824,0.44138458371162415,0.3914796710014343,0.7560910582542419,0.6756811396457058,,,3.203302605731823e-05
825,0.444056898355484,0.39138519763946533,0.7560487985610962,0.6757064755777801,,,3.178981265732043e-05
826,0.4430480897426605,0.39159777760505676,0.7559192776679993,0.6755882880583701,,,3.154783998254125e-05
827,0.44182854890823364,0.3920089304447174,0.7557604312896729,0.675407198260285,,,3.130711046964288e-05
828,0.44326841831207275,0.3919549584388733,0.7557756304740906,0.6753850173837709,,,3.1067626542768845e-05
829,0.4425288438796997,0.39125704765319824,0.7560762763023376,0.6756725967427181,,,3.0829390613519604e-05
830,0.4426512122154236,0.390841543674469,0.7563522458076477,0.6759035274321855,,,3.059240508092832e-05
831,0.4423295557498932,0.39093121886253357,0.7564611434936523,0.6759583500898819,,,3.0356672331436732e-05
832,0.4435860514640808,0.39156606793403625,0.756354570388794,0.6757724093234304,,,3.0122194738870914e-05
833,0.44295912981033325,0.39218682050704956,0.756151556968689,0.6755004343853938,,,2.9888974664417686e-05
834,0.44283321499824524,0.39239269495010376,0.7559682726860046,0.6752982766385781,,,2.9657014456600638e-05
835,0.44213515520095825,0.3919491767883301,0.7560186386108398,0.6754241617913712,,,2.9426316451256386e-05
836,0.44194820523262024,0.39117223024368286,0.7562552094459534,0.6757818248556827,,,2.9196882971511356e-05
837,0.4422133266925812,0.3906402885913849,0.7564500570297241,0.6760900442082044,,,2.8968716327758165e-05
838,0.4413086175918579,0.3903653919696808,0.7565224170684814,0.6762118948686258,,,2.874181881763233e-05
839,0.4417165219783783,0.3905732035636902,0.7564589977264404,0.6761240392376965,,,2.8516192725989243e-05
840,0.44179069995880127,0.3910623788833618,0.756312906742096,0.6759028451762291,,,2.8291840324881183e-05
841,0.44233790040016174,0.3915155231952667,0.756260871887207,0.6757598158834482,,,2.8068763873534355e-05
842,0.4425309896469116,0.3916323184967041,0.756295919418335,0.6757226388404516,,,2.784696561832608e-05
843,0.44254907965660095,0.3913830518722534,0.7564016580581665,0.6757710521304219,,,2.7626447792762373e-05
844,0.44184133410453796,0.3912287950515747,0.7564801573753357,0.6758162389815132,,,2.7407212617455306e-05
845,0.44163545966148376,0.39115050435066223,0.7565370202064514,0.6758662112180717,,,2.7189262300100616e-05
846,0.44205790758132935,0.3911117911338806,0.7565135359764099,0.6758396167737186,,,2.6972599035455587e-05
847,0.4417342245578766,0.3910844326019287,0.7564496994018555,0.6758121657650245,,,2.6757225005316928e-05
848,0.4423256516456604,0.39104580879211426,0.7564100027084351,0.6758309938912682,,,2.654314237849869e-05
849,0.4417545199394226,0.3911306858062744,0.7563552260398865,0.675843775729899,,,2.6330353310810554e-05
850,0.4423326253890991,0.3914357125759125,0.7562189698219299,0.6757458658911643,,,2.6118859945036112e-05
851,0.44188061356544495,0.3914637267589569,0.7561621069908142,0.675696622851935,,,2.590866441091114e-05
852,0.4414544999599457,0.39111238718032837,0.7562784552574158,0.675794319661645,,,2.5699768825102353e-05
853,0.4426008462905884,0.39089158177375793,0.7564270496368408,0.6759085362140005,,,2.549217529118605e-05
854,0.4416086673736572,0.39075902104377747,0.7565282583236694,0.6759796728413662,,,2.528588589962671e-05
855,0.4419684112071991,0.39090490341186523,0.7565644979476929,0.6759968132670415,,,2.5080902727756313e-05
856,0.4415806233882904,0.3912855386734009,0.7565205097198486,0.6759268139381512,,,2.487722783975306e-05
857,0.44215357303619385,0.391609787940979,0.7564464211463928,0.6758165989094738,,,2.4674863286620813e-05
858,0.4423803687095642,0.3917800188064575,0.7563806772232056,0.6757212132595173,,,2.447381110616837e-05
859,0.44145894050598145,0.39163121581077576,0.7564012408256531,0.6757453663746452,,,2.4274073322989016e-05
860,0.4422520697116852,0.3910163938999176,0.7565456628799438,0.6759326598854923,,,2.4075651948439945e-05
861,0.44145652651786804,0.39048340916633606,0.7566913962364197,0.6761246250969931,,,2.3878548980622203e-05
862,0.4420962929725647,0.3901694416999817,0.7567493915557861,0.6762030811604969,,,2.3682766404360522e-05
863,0.44248971343040466,0.39017707109451294,0.7567306160926819,0.6761846813996177,,,2.3488306191183278e-05
864,0.44225502014160156,0.3905681073665619,0.7566694617271423,0.6761201957455832,,,2.3295170299302603e-05
865,0.4411414861679077,0.3910907208919525,0.7565422654151917,0.6759734523180747,,,2.3103360673594824e-05
866,0.441244900226593,0.39144012331962585,0.7564037442207336,0.6758099498743936,,,2.291287924558076e-05
867,0.4415152072906494,0.3914768099784851,0.7563715577125549,0.6757554336667252,,,2.2723727933406226e-05
868,0.44034600257873535,0.3915405571460724,0.756331205368042,0.6757127529711368,,,2.2535908641822855e-05
869,0.44098907709121704,0.3912566006183624,0.7564294338226318,0.6758351621734089,,,2.2349423262168874e-05
870,0.442007839679718,0.39110836386680603,0.7565298676490784,0.6759687084096258,,,2.216427367234991e-05
871,0.44118064641952515,0.3909144699573517,0.7566280961036682,0.67611967343762,,,2.1980461736820297e-05
872,0.441633403301239,0.3907807767391205,0.7566598653793335,0.676180259288468,,,2.179798930656427e-05
873,0.44085052609443665,0.3909566402435303,0.7565889954566956,0.6761170773605989,,,2.161685821907706e-05
874,0.44202253222465515,0.39112797379493713,0.7564913034439087,0.6760138458701928,,,2.143707029834675e-05
875,0.44203877449035645,0.39113837480545044,0.7564507126808167,0.6759837038182531,,,2.1258627354835716e-05
876,0.44116783142089844,0.39105260372161865,0.7564336657524109,0.6759734780406464,,,2.1081531185462414e-05
877,0.4418872892856598,0.3908935487270355,0.7565025091171265,0.6760571746580429,,,2.0905783573583274e-05
878,0.4417349100112915,0.3908329904079437,0.7565626502037048,0.6761458457054549,,,2.0731386288974863e-05
879,0.4418109059333801,0.3908126652240753,0.756639838218689,0.6762522254873901,,,2.0558341087815837e-05
880,0.44221124053001404,0.39103689789772034,0.7566214203834534,0.6762303547537213,,,2.038664971266948e-05
881,0.4409790635108948,0.3910443186759949,0.7566171884536743,0.6762208241712436,,,2.0216313892466033e-05
882,0.4416810870170593,0.39089930057525635,0.7566198110580444,0.67618392742035,,,2.0047335342485303e-05
883,0.44333961606025696,0.3907530605792999,0.7566165328025818,0.6761425241489797,,,1.9879715764339418e-05
884,0.44107282161712646,0.39071059226989746,0.7566141486167908,0.6761035616530368,,,1.9713456845955664e-05
885,0.4404844641685486,0.39082297682762146,0.7566143274307251,0.6760940058195569,,,1.9548560261559534e-05
886,0.4418941140174866,0.3909580409526825,0.7566432356834412,0.6761145939121366,,,1.9385027671657742e-05
887,0.4412151873111725,0.3910354971885681,0.7567071914672852,0.6761770579011493,,,1.9222860723021712e-05
888,0.4421347975730896,0.3908212184906006,0.7568044662475586,0.6762845448895669,,,1.9062061048670793e-05
889,0.4419654309749603,0.3903566598892212,0.7569208145141602,0.6764132740511007,,,1.8902630267855914e-05
890,0.44139978289604187,0.3900482654571533,0.756985604763031,0.6764804349544494,,,1.8744569986043294e-05
891,0.4417887330055237,0.39003098011016846,0.7569772601127625,0.676461963546661,,,1.8587881794898188e-05
892,0.4412192106246948,0.390290766954422,0.7568950057029724,0.6763572341184148,,,1.843256727226893e-05
893,0.4421263337135315,0.39076483249664307,0.7568045258522034,0.6762581860919554,,,1.827862798217106e-05
894,0.4413926899433136,0.39118492603302,0.756743848323822,0.6762024820235246,,,1.8126065474771542e-05
895,0.4416140615940094,0.3912966847419739,0.7567225098609924,0.6761729481108051,,,1.7974881286373075e-05
896,0.4414205551147461,0.3910422623157501,0.7567808628082275,0.6762258639959321,,,1.7825076939398808e-05
897,0.44161704182624817,0.3908408284187317,0.7568188309669495,0.6762559069417163,,,1.767665394237684e-05
898,0.4418048560619354,0.39068886637687683,0.7568744421005249,0.6763052942105464,,,1.7529613789925083e-05
899,0.4415251910686493,0.390444278717041,0.7569574117660522,0.6763931459651983,,,1.7383957962736256e-05
900,0.4410357177257538,0.3903769254684448,0.7569915652275085,0.6764428317907775,,,1.7239687927562926e-05
901,0.4415484666824341,0.3903544247150421,0.7570012807846069,0.6764723951952522,,,1.7096805137202738e-05
902,0.4408939480781555,0.39042675495147705,0.7569602727890015,0.6764482802054267,,,1.6955311030483794e-05
903,0.4412655830383301,0.3905127942562103,0.7569034695625305,0.6764081775403676,,,1.6815207032250197e-05
904,0.441500186920166,0.39057642221450806,0.7568404674530029,0.6763570444805711,,,1.6676494553347667e-05
905,0.44166654348373413,0.390514075756073,0.7568414211273193,0.6763815671368965,,,1.653917499060929e-05
906,0.44197165966033936,0.3905494511127472,0.7568404674530029,0.6763946178501237,,,1.6403249726841533e-05
907,0.4408208429813385,0.3904971778392792,0.7568585872650146,0.6764151771898079,,,1.6268720130810375e-05
908,0.4415842592716217,0.3904474377632141,0.7568769454956055,0.676431805435778,,,1.613558755722725e-05
909,0.4422326683998108,0.39054685831069946,0.7568790912628174,0.6764154037253295,,,1.6003853346735735e-05
910,0.4420480728149414,0.39059019088745117,0.7568725943565369,0.6763865527689429,,,1.5873518825897895e-05
911,0.44090887904167175,0.3906725347042084,0.7568544149398804,0.6763599393605328,,,1.5744585307180866e-05
912,0.4415380358695984,0.39079394936561584,0.7568387389183044,0.6763334238685951,,,1.561705408894376e-05
913,0.4425888955593109,0.39074522256851196,0.7568519711494446,0.6763342419140806,,,1.549092645542457e-05
914,0.44170042872428894,0.390586256980896,0.7568796277046204,0.6763472296255713,,,1.5366203676727117e-05
915,0.44118210673332214,0.3904460668563843,0.7568862438201904,0.6763450890447111,,,1.5242887008808403e-05
916,0.4413551092147827,0.3903195261955261,0.7568957805633545,0.6763558737219245,,,1.5120977693465933e-05
917,0.44219544529914856,0.3902398347854614,0.7569160461425781,0.6763849453068135,,,1.5000476958325122e-05
918,0.44105032086372375,0.3901171088218689,0.7569553852081299,0.6764409397923812,,,1.4881386016827063e-05
919,0.4404774010181427,0.3901708722114563,0.7569512724876404,0.6764465816721698,,,1.4763706068216227e-05
920,0.44146275520324707,0.39043131470680237,0.756909966468811,0.6764081011090182,,,1.4647438297528343e-05
921,0.4415521025657654,0.3905515670776367,0.7569277286529541,0.6764439788238339,,,1.4532583875578607e-05
922,0.4407919645309448,0.3904765248298645,0.7569801211357117,0.6765099513217467,,,1.4419143958949765e-05
923,0.4403431713581085,0.39041414856910706,0.7570168972015381,0.6765399720298495,,,1.430711968998051e-05
924,0.4422028958797455,0.39026620984077454,0.7570553421974182,0.6765675993174155,,,1.4196512196754015e-05
925,0.4411417245864868,0.3902325928211212,0.7570570111274719,0.676552262474775,,,1.4087322593086459e-05
926,0.44103169441223145,0.3901943862438202,0.7570511102676392,0.6765295126712303,,,1.3979551978515983e-05
927,0.4407263696193695,0.3902374804019928,0.7570380568504333,0.6765094567425752,,,1.387320143829145e-05
928,0.4410615861415863,0.3903522193431854,0.7570143342018127,0.676477862643559,,,1.3768272043361646e-05
929,0.4413392245769501,0.39046362042427063,0.7569981217384338,0.6764581080731268,,,1.3664764850364402e-05
930,0.44152653217315674,0.39055135846138,0.7570078372955322,0.6764846781499227,,,1.3562680901615977e-05
931,0.4419636130332947,0.390592098236084,0.7570292949676514,0.6765240018273,,,1.3462021225100646e-05
932,0.44093722105026245,0.3905338943004608,0.7570657134056091,0.6765831475764889,,,1.3362786834460204e-05
933,0.4409078061580658,0.3903619349002838,0.7570992112159729,0.6766276172484136,,,1.3264978728983872e-05
934,0.4419286847114563,0.3902675211429596,0.7570924162864685,0.6766261612470724,,,1.3168597893598173e-05
935,0.44112226366996765,0.39009279012680054,0.7570803165435791,0.6766168165101608,,,1.3073645298857098e-05
936,0.4412347376346588,0.3900735676288605,0.757032036781311,0.6765699183530762,,,1.2980121900932144e-05
937,0.4412955343723297,0.3901125192642212,0.756958544254303,0.6764903777858164,,,1.288802864160295e-05
938,0.4408566355705261,0.39029794931411743,0.7569225430488586,0.6764546709768964,,,1.2797366448247602e-05
939,0.44021451473236084,0.390574187040329,0.7568804025650024,0.6764015627202435,,,1.2708136233833372e-05
940,0.44138303399086,0.3907966911792755,0.7568714618682861,0.6763844636179951,,,1.2620338896907527e-05
941,0.44080469012260437,0.3908570110797882,0.7568796277046204,0.6763739403374545,,,1.2533975321588287e-05
942,0.4408906400203705,0.3908083736896515,0.7569196820259094,0.6763984362151629,,,1.24490463775559e-05
943,0.4412045478820801,0.3905273675918579,0.7569952011108398,0.6764648281464818,,,1.2365552920043851e-05
944,0.44136229157447815,0.3901526927947998,0.7570874691009521,0.6765487733116756,,,1.2283495789830361e-05
945,0.4409209191799164,0.38989800214767456,0.757154107093811,0.6765990792499338,,,1.2202875813229837e-05
946,0.44106972217559814,0.3898603618144989,0.7571759819984436,0.676611628792969,,,1.2123693802084517e-05
947,0.441483736038208,0.3899739384651184,0.7571674585342407,0.6766074742397178,,,1.2045950553756378e-05
948,0.4410718083381653,0.3903296887874603,0.7571002840995789,0.676539479586113,,,1.1969646851119097e-05
949,0.4414345622062683,0.3907777965068817,0.7570221424102783,0.6764657424731614,,,1.1894783462550071e-05
950,0.44127169251441956,0.3910621404647827,0.7569541931152344,0.6764098434812214,,,1.1821361141922827e-05
951,0.44109928607940674,0.3910857141017914,0.7569412589073181,0.6764128935859828,,,1.174938062859929e-05
952,0.44107890129089355,0.39082276821136475,0.7569692134857178,0.6764599299109301,,,1.1678842647422448e-05
953,0.4403826892375946,0.39049291610717773,0.7570145130157471,0.6765210549756571,,,1.1609747908708986e-05
954,0.44172847270965576,0.3901464343070984,0.7570561766624451,0.6765758926689838,,,1.1542097108242148e-05
955,0.44071969389915466,0.38988229632377625,0.7571008801460266,0.6766199441568396,,,1.147589092726476e-05
956,0.441110759973526,0.3896979093551636,0.7571461200714111,0.6766583240205669,,,1.1411130032472298e-05
957,0.44192007184028625,0.3896423876285553,0.7571850419044495,0.6766843074552343,,,1.1347815076006288e-05
958,0.44115686416625977,0.3896979093551636,0.7572149634361267,0.6767003567959402,,,1.1285946695447639e-05
959,0.4414421319961548,0.3899000883102417,0.7572343349456787,0.6767075884615826,,,1.1225525513810218e-05
960,0.44108784198760986,0.39022892713546753,0.7572187185287476,0.6766834493918981,,,1.1166552139534674e-05
961,0.4404142200946808,0.3905075490474701,0.7572021484375,0.6766598405801761,,,1.1109027166482251e-05
962,0.4414430558681488,0.3907676339149475,0.7571500539779663,0.6765959515765315,,,1.1052951173928768e-05
963,0.44180893898010254,0.39094385504722595,0.7570980191230774,0.6765380983193844,,,1.0998324726558848e-05
964,0.44200077652931213,0.39089229702949524,0.7570505142211914,0.6764906422136976,,,1.0945148374460218e-05
965,0.4407949149608612,0.39070311188697815,0.7570322155952454,0.676482479714296,,,1.089342265311815e-05
966,0.44139668345451355,0.390432208776474,0.7570568323135376,0.6765275014707012,,,1.0843148083410083e-05
967,0.44104447960853577,0.3902079164981842,0.7570946216583252,0.6765913745840584,,,1.0794325171600372e-05
968,0.4409497082233429,0.38997671008110046,0.7571531534194946,0.6766782483721804,,,1.0746954409335195e-05
969,0.442247211933136,0.3897748291492462,0.7572346329689026,0.6767883911128139,,,1.0701036273637614e-05
970,0.4416295289993286,0.38973984122276306,0.7572699189186096,0.6768370158252083,,,1.0656571226902733e-05
971,0.4418051540851593,0.3899137079715729,0.7572424411773682,0.6768128772189937,,,1.061355971689308e-05
972,0.44185322523117065,0.39008814096450806,0.7572192549705505,0.6767837492016442,,,1.0572002176734096e-05
973,0.44104331731796265,0.3902868926525116,0.7571766376495361,0.6767233395150793,,,1.0531899024909755e-05
974,0.44160690903663635,0.39043375849723816,0.7571375370025635,0.6766590192079099,,,1.0493250665258308e-05
975,0.44121384620666504,0.3905545473098755,0.7571002840995789,0.6765987847795402,,,1.045605748696837e-05
976,0.441326767206192,0.3905038833618164,0.7571092844009399,0.6765844330395937,,,1.0420319864574767e-05
977,0.43926021456718445,0.390318363904953,0.7571502327919006,0.6766129435959067,,,1.0386038157955018e-05
978,0.4415830075740814,0.3900424838066101,0.7572334408760071,0.6766969036833101,,,1.035321271232549e-05
979,0.4406055212020874,0.3898342549800873,0.7573017477989197,0.6767686218026767,,,1.0321843858238062e-05
980,0.44160565733909607,0.3898388743400574,0.7573226690292358,0.6767928112218436,,,1.0291931911576772e-05
981,0.4415980875492096,0.38997185230255127,0.7573069930076599,0.6767745370870882,,,1.026347717355456e-05
982,0.441447913646698,0.3901844918727875,0.7572651505470276,0.6767264613467124,,,1.023647993071033e-05
983,0.44015488028526306,0.3903663456439972,0.7572116255760193,0.6766729962722441,,,1.0210940454906017e-05
984,0.4411412477493286,0.3905419409275055,0.7571548223495483,0.676620816501115,,,1.0186859003323885e-05
985,0.4411458373069763,0.3906770944595337,0.7570798993110657,0.6765447429021916,,,1.0164235818463845e-05
986,0.4407676160335541,0.3906627297401428,0.7570565938949585,0.6765256360011876,,,1.0143071128141133e-05
987,0.4410668909549713,0.3904421031475067,0.7570833563804626,0.6765560798814313,,,1.0123365145483954e-05
988,0.44150009751319885,0.3901216387748718,0.7571489214897156,0.6766209491040139,,,1.0105118068931326e-05
989,0.4412499964237213,0.38981008529663086,0.7572492957115173,0.6767395886427708,,,1.0088330082231114e-05
990,0.4410381317138672,0.3896348774433136,0.7573365569114685,0.6768479475225005,,,1.0073001354438163e-05
991,0.4408555030822754,0.38960564136505127,0.757388710975647,0.6769130881779899,,,1.0059132039912561e-05
992,0.44148269295692444,0.38976699113845825,0.7573966979980469,0.6769296197309409,,,1.0046722278318176e-05
993,0.44052281975746155,0.3900057375431061,0.7573751211166382,0.6769047694334343,,,1.003577219462117e-05
994,0.44034668803215027,0.39019492268562317,0.7573437094688416,0.6768685732490506,,,1.002628189908876e-05
995,0.4409848749637604,0.3903731107711792,0.7572923898696899,0.6768048349989093,,,1.0018251487288115e-05
996,0.44119352102279663,0.3905022144317627,0.7572247982025146,0.6767175883417162,,,1.0011681040085393e-05
997,0.4408540427684784,0.39052534103393555,0.7571861743927002,0.6766698939950384,,,1.0006570623644934e-05
998,0.4407219886779785,0.3904896080493927,0.7571733593940735,0.676657779588962,,,1.0002920289428554e-05
999,0.44077977538108826,0.3902484178543091,0.7572374939918518,0.6767387028447224,,,1.0000730074195093e-05
1000,0.44018030166625977,0.3899649679660797,0.7573299407958984,0.6768578928353685,,,9.999999999999999e-06
