spot_id,predicted_protein_value
s_016um_00380_00137-1,-0.29786083
s_016um_00037_00102-1,-0.3934618
s_016um_00328_00304-1,-0.41902083
s_016um_00343_00400-1,-0.4168773
s_016um_00009_00155-1,-0.4838099
s_016um_00009_00150-1,-0.51012456
s_016um_00109_00316-1,-0.088591784
s_016um_00330_00253-1,-0.404623
s_016um_00366_00225-1,-0.5974295
s_016um_00267_00058-1,0.40341094
s_016um_00274_00229-1,-0.45824343
s_016um_00219_00167-1,-0.33766377
s_016um_00209_00032-1,-0.4277616
s_016um_00112_00314-1,-0.2698117
s_016um_00122_00145-1,-0.3963175
s_016um_00201_00148-1,-0.33471584
s_016um_00232_00085-1,0.06167513
s_016um_00034_00102-1,-0.5980447
s_016um_00080_00283-1,-0.40012494
s_016um_00142_00062-1,-0.5048778
s_016um_00242_00085-1,-0.071766555
s_016um_00382_00138-1,-0.48224774
s_016um_00321_00227-1,-0.34446383
s_016um_00081_00240-1,-0.42287242
s_016um_00362_00411-1,-0.43768215
s_016um_00323_00167-1,0.26513216
s_016um_00323_00162-1,-0.3556473
s_016um_00394_00215-1,-0.53619057
s_016um_00219_00026-1,-0.5101956
s_016um_00363_00414-1,-0.63928413
s_016um_00233_00267-1,-0.36133412
s_016um_00033_00089-1,-0.42203724
s_016um_00082_00197-1,-0.10760473
s_016um_00235_00090-1,-0.40706062
s_016um_00127_00318-1,-0.42933026
s_016um_00040_00098-1,-0.40032506
s_016um_00217_00172-1,-0.32029513
s_016um_00259_00034-1,-0.3895517
s_016um_00276_00133-1,-0.31126252
s_016um_00325_00123-1,-0.29512694
s_016um_00341_00399-1,-0.117572874
s_016um_00191_00093-1,-0.32083878
s_016um_00129_00321-1,-0.01696539
s_016um_00263_00061-1,-0.10779494
s_016um_00341_00215-1,-0.33174056
s_016um_00270_00034-1,-0.436853
s_016um_00395_00365-1,-0.7049532
s_016um_00083_00278-1,-0.36556304
s_016um_00134_00321-1,0.47632816
s_016um_00038_00098-1,-0.44116205
s_016um_00278_00048-1,-0.1668218
s_016um_00120_00149-1,-0.29216394
s_016um_00199_00149-1,-0.30113387
s_016um_00275_00229-1,-0.37511504
s_016um_00140_00022-1,-0.34674555
s_016um_00080_00236-1,0.50674236
s_016um_00367_00099-1,-0.017881125
s_016um_00232_00263-1,-0.3879446
s_016um_00166_00129-1,-0.32457316
s_016um_00356_00115-1,-0.2048917
s_016um_00230_00250-1,-0.6137085
s_016um_00394_00181-1,-0.15819496
s_016um_00137_00222-1,-0.36681017
s_016um_00323_00228-1,-0.32315874
s_016um_00343_00215-1,-0.47158802
s_016um_00124_00383-1,-0.29786944
s_016um_00111_00320-1,0.6264492
s_016um_00199_00148-1,-0.24704236
s_016um_00034_00336-1,-0.22619814
s_016um_00206_00149-1,0.11526829
s_016um_00019_00265-1,-0.10604218
s_016um_00026_00089-1,-0.5022856
s_016um_00205_00153-1,-0.39133853
s_016um_00385_00292-1,0.123131394
s_016um_00390_00181-1,-0.12023488
s_016um_00320_00166-1,-0.2782163
s_016um_00385_00293-1,-0.18675017
s_016um_00142_00218-1,0.4479473
s_016um_00130_00233-1,-0.37583584
s_016um_00101_00030-1,-0.50328135
s_016um_00216_00292-1,-0.34517598
s_016um_00409_00101-1,-0.44083625
s_016um_00028_00335-1,-0.33789518
s_016um_00249_00020-1,-0.12859288
s_016um_00260_00127-1,-0.32608762
s_016um_00217_00281-1,-0.34008357
s_016um_00081_00296-1,-0.3256322
s_016um_00368_00145-1,-0.47824448
s_016um_00128_00316-1,-0.36214012
s_016um_00270_00058-1,-0.42379913
s_016um_00138_00074-1,-0.5026609
s_016um_00236_00083-1,-0.25372982
s_016um_00266_00059-1,0.19419298
s_016um_00076_00241-1,-0.20790732
s_016um_00320_00162-1,-0.46019664
s_016um_00216_00295-1,-0.40733463
s_016um_00043_00049-1,-0.42301008
s_016um_00376_00119-1,-0.2319125
s_016um_00099_00071-1,-0.43431044
s_016um_00273_00132-1,-0.30279714
s_016um_00145_00021-1,-0.63259363
s_016um_00356_00410-1,-0.8806137
s_016um_00098_00340-1,-0.3106545
s_016um_00171_00128-1,-0.3293844
s_016um_00203_00149-1,-0.3756041
s_016um_00195_00090-1,-0.368796
s_016um_00098_00073-1,-0.4166978
s_016um_00337_00255-1,-0.3450666
s_016um_00401_00259-1,-0.20502205
s_016um_00211_00289-1,-0.33392322
s_016um_00372_00121-1,-0.38956463
s_016um_00087_00194-1,-0.3213524
s_016um_00220_00226-1,-0.49395788
s_016um_00066_00126-1,-0.5248801
s_016um_00251_00020-1,-0.4062006
s_016um_00042_00044-1,-0.44281524
s_016um_00098_00027-1,-0.2302348
s_016um_00228_00249-1,-0.4321456
s_016um_00038_00172-1,-0.44486302
s_016um_00209_00296-1,-0.35939738
s_016um_00106_00385-1,-0.13057528
s_016um_00084_00266-1,-0.33046836
s_016um_00147_00399-1,-0.10517669
s_016um_00398_00182-1,-0.43194336
s_016um_00273_00052-1,-0.06818883
s_016um_00101_00023-1,-0.3910604
s_016um_00378_00137-1,-0.41979754
s_016um_00095_00277-1,-0.34158832
s_016um_00141_00223-1,-0.25234154
s_016um_00260_00133-1,-0.2792198
s_016um_00272_00058-1,-0.4211558
s_016um_00169_00370-1,-0.52572584
s_016um_00353_00023-1,-0.11157259
s_016um_00389_00292-1,-0.39722145
s_016um_00253_00026-1,-0.35302484
s_016um_00362_00226-1,-0.4002477
s_016um_00079_00236-1,-0.06762296
s_016um_00403_00150-1,-0.40623644
s_016um_00046_00209-1,-0.12515533
s_016um_00400_00402-1,-0.58211684
s_016um_00219_00281-1,-0.43523052
s_016um_00274_00225-1,-0.5133186
s_016um_00053_00248-1,-0.08978695
s_016um_00081_00292-1,-0.109438285
s_016um_00361_00290-1,-0.014982611
s_016um_00277_00327-1,-0.23507768
s_016um_00138_00215-1,0.47541365
s_016um_00074_00248-1,-0.34023973
s_016um_00083_00200-1,-0.44199806
s_016um_00329_00218-1,-0.4742702
s_016um_00005_00296-1,-0.45950645
s_016um_00276_00208-1,-0.5193639
s_016um_00039_00178-1,-0.41797644
s_016um_00123_00386-1,0.023482978
s_016um_00143_00020-1,-0.18087107
s_016um_00407_00401-1,-0.31004807
s_016um_00391_00343-1,-0.30604124
s_016um_00031_00331-1,-0.17439228
s_016um_00228_00237-1,-0.43975976
s_016um_00218_00032-1,-0.16153628
s_016um_00396_00220-1,-0.2790794
s_016um_00215_00282-1,-0.43056983
s_016um_00008_00153-1,-0.52544284
s_016um_00102_00383-1,-0.40761656
s_016um_00184_00028-1,-0.30635864
s_016um_00266_00057-1,-0.17497936
s_016um_00141_00060-1,-0.50967926
s_016um_00193_00120-1,-0.030066341
s_016um_00268_00332-1,-0.2971493
s_016um_00209_00031-1,-0.27711463
s_016um_00354_00416-1,-0.9423528
s_016um_00365_00098-1,-0.39008662
s_016um_00041_00049-1,-0.58610153
s_016um_00210_00296-1,-0.5597088
s_016um_00089_00068-1,-0.49809068
s_016um_00245_00086-1,-0.18815449
s_016um_00193_00130-1,-0.33620477
s_016um_00126_00089-1,-0.11796613
s_016um_00083_00071-1,-0.4381668
s_016um_00235_00268-1,-0.35229325
s_016um_00219_00280-1,-0.27240658
s_016um_00079_00241-1,-0.38990477
s_016um_00133_00230-1,-0.16904856
s_016um_00257_00034-1,-0.4323178
s_016um_00263_00187-1,0.004678756
s_016um_00394_00358-1,-0.26720062
s_016um_00105_00384-1,-0.20555013
s_016um_00129_00386-1,-0.08204627
s_016um_00262_00186-1,0.039667457
s_016um_00417_00138-1,-0.32894778
s_016um_00287_00092-1,-0.35028177
s_016um_00177_00032-1,-0.322051
s_016um_00110_00318-1,-0.37761873
s_016um_00218_00277-1,-0.37392375
s_016um_00260_00033-1,-0.17372885
s_016um_00386_00295-1,-0.36752415
s_016um_00360_00286-1,-0.2439805
s_016um_00030_00331-1,-0.2487537
s_016um_00266_00332-1,-0.32346672
s_016um_00197_00123-1,0.06708041
s_016um_00271_00221-1,-0.28858328
s_016um_00265_00033-1,-0.26973623
s_016um_00273_00201-1,-0.27439308
s_016um_00359_00096-1,-0.14293066
s_016um_00220_00030-1,-0.418764
s_016um_00097_00317-1,-0.1616995
s_016um_00346_00212-1,-0.1971654
s_016um_00389_00345-1,-0.45522255
s_016um_00067_00131-1,-0.5938866
s_016um_00401_00403-1,-0.23279938
s_016um_00214_00029-1,-0.099766314
s_016um_00266_00036-1,-0.44742382
s_016um_00065_00235-1,-0.16777375
s_016um_00037_00045-1,-0.49977854
s_016um_00084_00029-1,-0.54497623
s_016um_00265_00336-1,-0.30754825
s_016um_00395_00217-1,-0.42066777
s_016um_00214_00278-1,-0.2721883
s_016um_00077_00293-1,-0.25504264
s_016um_00280_00130-1,0.11789745
s_016um_00088_00267-1,-0.39625823
s_016um_00372_00120-1,-0.30373135
s_016um_00109_00315-1,0.0010381341
s_016um_00416_00142-1,-0.37657842
s_016um_00282_00325-1,-0.47806185
s_016um_00384_00128-1,-0.23710491
s_016um_00102_00068-1,-0.21883507
s_016um_00005_00299-1,-0.4075525
s_016um_00361_00415-1,-1.059268
s_016um_00330_00214-1,0.23449811
s_016um_00265_00058-1,0.18693808
s_016um_00222_00031-1,-0.49770555
s_016um_00364_00228-1,-0.39630225
s_016um_00381_00134-1,-0.10015397
s_016um_00280_00204-1,-0.44303733
s_016um_00146_00018-1,-0.50748706
s_016um_00089_00067-1,-0.3448757
s_016um_00130_00086-1,-0.48063934
s_016um_00408_00098-1,-0.31231022
s_016um_00060_00249-1,-0.4192485
s_016um_00334_00215-1,-0.45850885
s_016um_00095_00276-1,-0.44208884
s_016um_00403_00120-1,-0.44708255
s_016um_00267_00133-1,-0.12726991
s_016um_00229_00267-1,-0.4662584
s_016um_00384_00130-1,-0.31039912
s_016um_00029_00331-1,-0.36066765
s_016um_00226_00332-1,-0.36506495
s_016um_00409_00152-1,-0.3533705
s_016um_00269_00037-1,-0.27827853
s_016um_00281_00315-1,-0.37764978
s_016um_00205_00148-1,-0.4868731
s_016um_00261_00190-1,-0.33643994
s_016um_00083_00030-1,-0.26615328
s_016um_00106_00320-1,-0.1826241
s_016um_00031_00087-1,-0.27615163
s_016um_00040_00041-1,-0.46132368
s_016um_00079_00268-1,-0.3799491
s_016um_00400_00123-1,-0.2634171
s_016um_00218_00010-1,-0.4759304
s_016um_00270_00331-1,-0.4025914
s_016um_00140_00018-1,-0.34904292
s_016um_00209_00033-1,-0.19847825
s_016um_00267_00063-1,0.3527557
s_016um_00041_00219-1,-0.20410044
s_016um_00106_00389-1,-0.38707495
s_016um_00355_00290-1,-0.047186762
s_016um_00094_00337-1,-0.44932938
s_016um_00035_00005-1,-0.29020673
s_016um_00220_00278-1,-0.2927474
s_016um_00275_00051-1,0.07647699
s_016um_00311_00054-1,-0.2683616
s_016um_00402_00395-1,-1.0051756
s_016um_00334_00402-1,-0.005321294
s_016um_00125_00092-1,-0.38321632
s_016um_00328_00121-1,-0.30295333
s_016um_00219_00012-1,-0.08475657
s_016um_00402_00216-1,-0.47995335
s_016um_00136_00069-1,-0.044722915
s_016um_00140_00014-1,-0.5297796
s_016um_00266_00330-1,-0.24488162
s_016um_00131_00315-1,-0.1938305
s_016um_00333_00210-1,-0.2854178
s_016um_00356_00090-1,-0.35875565
s_016um_00092_00320-1,-0.6210635
s_016um_00120_00148-1,-0.41965407
s_016um_00138_00076-1,-0.60515046
s_016um_00077_00236-1,-0.19038698
s_016um_00268_00230-1,-0.5299528
s_016um_00381_00139-1,-0.35342565
s_016um_00235_00362-1,-0.20641302
s_016um_00223_00230-1,-0.34825128
s_016um_00138_00221-1,-0.27600172
s_016um_00390_00338-1,-0.564608
s_016um_00008_00295-1,-0.2546075
s_016um_00079_00280-1,-0.33182573
s_016um_00277_00201-1,-0.42499453
s_016um_00399_00122-1,-0.17991981
s_016um_00308_00052-1,-0.10779664
s_016um_00357_00120-1,-0.054846287
s_016um_00071_00236-1,-0.33325195
s_016um_00367_00224-1,-0.47307324
s_016um_00145_00062-1,-0.3051368
s_016um_00085_00279-1,-0.41793907
s_016um_00278_00138-1,-0.18847868
s_016um_00044_00244-1,-0.11272979
s_016um_00261_00335-1,-0.33319774
s_016um_00180_00033-1,-0.39731973
s_016um_00088_00265-1,-0.36202624
s_016um_00130_00317-1,-0.37311423
s_016um_00323_00163-1,-0.13697934
s_016um_00359_00294-1,-0.46752518
s_016um_00219_00030-1,-0.34452006
s_016um_00048_00217-1,-0.22274472
s_016um_00008_00214-1,-0.26797375
s_016um_00098_00315-1,-0.4424742
s_016um_00259_00189-1,-0.31432205
s_016um_00278_00316-1,-0.25847375
s_016um_00126_00088-1,-0.3036106
s_016um_00261_00127-1,-0.41828665
s_016um_00402_00121-1,-0.25948524
s_016um_00081_00271-1,-0.47737682
s_016um_00236_00188-1,-0.29875177
s_016um_00370_00228-1,-0.31671184
s_016um_00129_00085-1,-0.1376707
s_016um_00030_00329-1,-0.3486667
s_016um_00059_00244-1,-0.48923558
s_016um_00040_00009-1,-0.46819842
s_016um_00041_00178-1,-0.28060004
s_016um_00272_00033-1,-0.2113137
s_016um_00393_00363-1,-0.3056635
s_016um_00094_00272-1,-0.45730245
s_016um_00353_00025-1,-0.285617
s_016um_00163_00123-1,-0.48424685
s_016um_00085_00286-1,-0.19722559
s_016um_00033_00104-1,-0.4652742
s_016um_00146_00059-1,-0.54046494
s_016um_00073_00249-1,-0.4724821
s_016um_00144_00398-1,-0.21626717
s_016um_00106_00388-1,-0.32702067
s_016um_00095_00318-1,-0.47767997
s_016um_00280_00329-1,-0.37737206
s_016um_00383_00130-1,-0.34790468
s_016um_00061_00130-1,-0.42035633
s_016um_00396_00219-1,-0.42918575
s_016um_00336_00251-1,-0.45543343
s_016um_00086_00029-1,-0.46717286
s_016um_00227_00251-1,-0.40196592
s_016um_00045_00210-1,-0.4063948
s_016um_00145_00059-1,-0.4185481
s_016um_00312_00059-1,-0.06833829
s_016um_00376_00120-1,-0.09187126
s_016um_00148_00396-1,-0.1543849
s_016um_00168_00371-1,-0.42354187
s_016um_00279_00325-1,-0.3643101
s_016um_00273_00333-1,-0.5497657
s_016um_00355_00123-1,-0.45030475
s_016um_00325_00231-1,-0.27497074
s_016um_00267_00130-1,-0.32926318
s_016um_00237_00188-1,-0.5979465
s_016um_00384_00295-1,-0.43328184
s_016um_00033_00088-1,-0.5220017
s_016um_00076_00296-1,-0.43760926
s_016um_00077_00299-1,-0.019142568
s_016um_00131_00389-1,-0.41005683
s_016um_00278_00130-1,0.118299484
s_016um_00040_00214-1,-0.20408444
s_016um_00238_00188-1,-0.33002397
s_016um_00128_00383-1,-0.07388455
s_016um_00396_00363-1,-0.54796153
s_016um_00011_00154-1,-0.5650652
s_016um_00262_00127-1,-0.25545645
s_016um_00354_00024-1,-0.23791608
s_016um_00130_00232-1,-0.28764465
s_016um_00265_00054-1,0.16021454
s_016um_00234_00260-1,-0.42491782
s_016um_00392_00360-1,-0.15925615
s_016um_00311_00056-1,-0.2711235
s_016um_00127_00383-1,-0.5011071
s_016um_00085_00278-1,-0.52155745
s_016um_00265_00335-1,-0.21725428
s_016um_00133_00320-1,0.063925
s_016um_00017_00272-1,-0.31407833
s_016um_00046_00241-1,-0.21063942
s_016um_00216_00012-1,-0.22915581
s_016um_00329_00228-1,-0.44821727
s_016um_00042_00210-1,-0.4830589
s_016um_00093_00317-1,-0.3428412
s_016um_00078_00252-1,-0.1220236
s_016um_00081_00243-1,-0.21081483
s_016um_00259_00132-1,0.1924397
s_016um_00046_00219-1,-0.16405793
s_016um_00351_00117-1,-0.35221198
s_016um_00229_00331-1,-0.016688019
s_016um_00241_00189-1,-0.18916908
s_016um_00173_00371-1,-0.2579698
s_016um_00028_00091-1,-0.3940615
s_016um_00220_00015-1,-0.4271996
s_016um_00076_00249-1,-0.24220306
s_016um_00277_00136-1,-0.49577492
s_016um_00351_00019-1,-0.15185806
s_016um_00358_00090-1,-0.27418193
s_016um_00374_00121-1,-0.24403779
s_016um_00185_00030-1,-0.5735769
s_016um_00346_00215-1,-0.28273627
s_016um_00210_00030-1,-0.21450767
s_016um_00399_00371-1,-0.3025688
s_016um_00367_00227-1,-0.38503963
s_016um_00081_00195-1,-0.2675751
s_016um_00014_00212-1,-0.48561126
s_016um_00339_00400-1,-0.37647104
s_016um_00086_00265-1,-0.49906367
s_016um_00277_00326-1,-0.029573113
s_016um_00072_00245-1,-0.28990582
s_016um_00082_00238-1,-0.44283515
s_016um_00183_00027-1,-0.4886809
s_016um_00371_00120-1,-0.40106666
s_016um_00220_00236-1,-0.28880572
s_016um_00401_00368-1,-0.5809538
s_016um_00136_00075-1,-0.4663242
s_016um_00341_00219-1,-0.21346413
s_016um_00264_00132-1,-0.25247306
s_016um_00235_00185-1,-0.21712334
s_016um_00334_00212-1,-0.5593188
s_016um_00092_00267-1,-0.3638259
s_016um_00221_00168-1,-0.1825615
s_016um_00197_00126-1,-0.06184882
s_016um_00221_00228-1,-0.4455295
s_016um_00100_00071-1,-0.3024012
s_016um_00259_00184-1,-0.20322657
s_016um_00357_00414-1,-0.7134049
s_016um_00078_00292-1,-0.28892457
s_016um_00326_00231-1,-0.3793226
s_016um_00090_00072-1,-0.35055304
s_016um_00183_00028-1,-0.51967156
s_016um_00265_00062-1,-0.58292794
s_016um_00223_00251-1,-0.41962206
s_016um_00042_00214-1,0.04708484
s_016um_00234_00265-1,-0.26110077
s_016um_00093_00339-1,-0.3957593
s_016um_00328_00214-1,-0.27282196
s_016um_00141_00018-1,-0.29785928
s_016um_00221_00016-1,-0.20777217
s_016um_00134_00319-1,0.7342204
s_016um_00167_00372-1,-0.30085576
s_016um_00390_00298-1,-0.30112785
s_016um_00270_00336-1,-0.45209762
s_016um_00265_00029-1,-0.21576892
s_016um_00141_00055-1,-0.3586919
s_016um_00407_00402-1,-0.5217378
s_016um_00265_00330-1,-0.31120935
s_016um_00275_00050-1,-0.021894723
s_016um_00313_00060-1,0.032348275
s_016um_00229_00358-1,-0.14113767
s_016um_00358_00292-1,-0.30240652
s_016um_00402_00255-1,-0.22301497
s_016um_00284_00094-1,-0.19330706
s_016um_00273_00312-1,-0.41687512
s_016um_00288_00100-1,0.0680522
s_016um_00081_00270-1,-0.25579864
s_016um_00131_00226-1,-0.32862437
s_016um_00396_00261-1,-0.6450012
s_016um_00087_00265-1,-0.3714174
s_016um_00336_00256-1,-0.32371956
s_016um_00102_00070-1,-0.46512347
s_016um_00273_00048-1,-0.058885917
s_016um_00263_00332-1,-0.23101056
s_016um_00275_00319-1,-0.5319669
s_016um_00049_00215-1,-0.42850018
s_016um_00094_00342-1,-0.3627898
s_016um_00369_00123-1,-0.28837153
s_016um_00224_00168-1,-0.24426995
s_016um_00331_00251-1,-0.123281434
s_016um_00388_00298-1,-0.44589132
s_016um_00222_00332-1,-0.29010653
s_016um_00080_00240-1,-0.33945182
s_016um_00136_00315-1,0.424055
s_016um_00280_00047-1,-0.033302695
s_016um_00217_00028-1,-0.21710408
s_016um_00104_00071-1,-0.27949578
s_016um_00132_00230-1,-0.30385122
s_016um_00221_00011-1,-0.4553004
s_016um_00237_00084-1,-0.20081916
s_016um_00079_00292-1,-0.22350018
s_016um_00396_00362-1,-0.3113883
s_016um_00079_00300-1,-0.33290634
s_016um_00224_00328-1,-0.24643002
s_016um_00086_00279-1,-0.48310477
s_016um_00263_00055-1,0.07812661
s_016um_00104_00384-1,-0.36615363
s_016um_00396_00183-1,-0.23880842
s_016um_00369_00225-1,-0.28963718
s_016um_00404_00404-1,-0.402135
s_016um_00389_00299-1,-0.16498494
s_016um_00040_00100-1,-0.54594195
s_016um_00063_00133-1,-0.5969031
s_016um_00224_00029-1,-0.2715511
s_016um_00140_00072-1,-0.2637052
s_016um_00318_00168-1,-0.15550399
s_016um_00250_00019-1,-0.28830063
s_016um_00332_00253-1,-0.3898399
s_016um_00351_00119-1,-0.07664274
s_016um_00107_00385-1,-0.02380386
s_016um_00044_00046-1,-0.3794372
s_016um_00261_00192-1,-0.27154458
s_016um_00347_00214-1,-0.16679938
s_016um_00040_00176-1,-0.26535335
s_016um_00134_00090-1,-0.058148444
s_016um_00351_00093-1,-0.24803849
s_016um_00243_00082-1,-0.2037642
s_016um_00033_00329-1,-0.14223863
s_016um_00273_00208-1,-0.4513282
s_016um_00238_00359-1,-0.45080882
s_016um_00362_00292-1,-0.37570524
s_016um_00143_00056-1,-0.65331507
s_016um_00122_00150-1,-0.44201553
s_016um_00320_00168-1,-0.14447993
s_016um_00006_00295-1,-0.36791044
s_016um_00075_00250-1,-0.43654922
s_016um_00398_00362-1,-0.7590606
s_016um_00027_00335-1,-0.32764548
s_016um_00339_00216-1,-0.28902954
s_016um_00213_00292-1,-0.46992874
s_016um_00334_00254-1,-0.1256203
s_016um_00099_00031-1,-0.48431528
s_016um_00269_00059-1,-0.36123773
s_016um_00018_00272-1,-0.3545487
s_016um_00228_00244-1,-0.35488057
s_016um_00011_00214-1,-0.18488312
s_016um_00164_00291-1,-0.47889578
s_016um_00376_00143-1,-0.3757533
s_016um_00243_00187-1,-0.20118399
s_016um_00330_00210-1,-0.32868227
s_016um_00169_00122-1,-0.34542906
s_016um_00394_00176-1,-0.35770255
s_016um_00254_00028-1,-0.12471561
s_016um_00144_00054-1,-0.5455467
s_016um_00084_00073-1,-0.34436297
s_016um_00225_00326-1,-0.14949928
s_016um_00134_00322-1,0.7529191
s_016um_00088_00266-1,-0.35199162
s_016um_00074_00240-1,-0.26528922
s_016um_00179_00026-1,-0.37722436
s_016um_00217_00173-1,-0.1603646
s_016um_00228_00250-1,-0.43016636
s_016um_00026_00087-1,-0.66313696
s_016um_00129_00233-1,-0.31260493
s_016um_00091_00270-1,-0.3162077
s_016um_00126_00091-1,-0.33103397
s_016um_00135_00314-1,0.12785983
s_016um_00278_00132-1,-0.22129811
s_016um_00368_00142-1,-0.12454373
s_016um_00126_00094-1,-0.39536622
s_016um_00230_00246-1,-0.34497297
s_016um_00091_00319-1,-0.34547555
s_016um_00044_00240-1,-0.41689262
s_016um_00391_00184-1,-0.352373
s_016um_00267_00223-1,-0.5104966
s_016um_00036_00047-1,-0.39034274
s_016um_00143_00022-1,-0.4457303
s_016um_00131_00319-1,0.15086418
s_016um_00089_00275-1,-0.27855006
s_016um_00272_00225-1,-0.3700542
s_016um_00139_00219-1,-0.44915533
s_016um_00222_00248-1,-0.22815314
s_016um_00087_00266-1,-0.43629718
s_016um_00371_00122-1,-0.2386246
s_016um_00241_00183-1,-0.27688742
s_016um_00191_00094-1,-0.49410018
s_016um_00269_00054-1,-0.21523967
s_016um_00056_00245-1,-0.30130023
s_016um_00370_00144-1,-0.31287438
s_016um_00153_00395-1,-0.23787828
s_016um_00050_00241-1,-0.43132508
s_016um_00224_00025-1,-0.26645234
s_016um_00010_00299-1,-0.27292654
s_016um_00087_00034-1,-0.31333134
s_016um_00321_00301-1,-0.39570326
s_016um_00236_00357-1,-0.41476017
s_016um_00320_00229-1,-0.49929473
s_016um_00143_00015-1,-0.39875048
s_016um_00041_00208-1,-0.34070083
s_016um_00079_00198-1,-0.18340856
s_016um_00088_00066-1,-0.58965814
s_016um_00086_00284-1,-0.4293084
s_016um_00255_00025-1,-0.019826412
s_016um_00393_00361-1,-0.42794767
s_016um_00408_00396-1,-1.1400046
s_016um_00062_00127-1,-0.5003905
s_016um_00043_00175-1,-0.42592853
s_016um_00274_00318-1,-0.49687007
s_016um_00159_00291-1,-0.37800872
s_016um_00289_00092-1,-0.25727218
s_016um_00106_00319-1,-0.28130472
s_016um_00239_00187-1,-0.23832837
s_016um_00388_00297-1,-0.56800675
s_016um_00333_00250-1,-0.35752934
s_016um_00141_00216-1,0.26182708
s_016um_00099_00027-1,-0.1274479
s_016um_00108_00317-1,0.31111798
s_016um_00250_00026-1,-0.14860578
s_016um_00405_00122-1,-0.38073903
s_016um_00116_00146-1,-0.31539294
s_016um_00368_00099-1,-0.56535137
s_016um_00267_00226-1,-0.4336981
s_016um_00103_00389-1,-0.29198483
s_016um_00403_00401-1,-0.6848385
s_016um_00240_00184-1,-0.35318294
s_016um_00021_00271-1,-0.52499914
s_016um_00127_00087-1,-0.28497538
s_016um_00275_00326-1,-0.45536423
s_016um_00082_00277-1,-0.34596574
s_016um_00234_00263-1,-0.6701894
s_016um_00368_00143-1,-0.36800566
s_016um_00412_00099-1,-0.28280747
s_016um_00048_00241-1,-0.2515348
s_016um_00224_00031-1,-0.3596331
s_016um_00395_00361-1,-0.38128465
s_016um_00096_00028-1,-0.17713505
s_016um_00266_00226-1,-0.32361442
s_016um_00065_00231-1,-0.3378435
s_016um_00397_00256-1,-0.33757278
s_016um_00404_00123-1,-0.24220112
s_016um_00216_00294-1,-0.39520642
s_016um_00153_00396-1,-0.4294181
s_016um_00217_00168-1,-0.08547753
s_016um_00390_00359-1,-0.13272877
s_016um_00091_00276-1,-0.45122826
s_016um_00333_00258-1,-0.35291284
s_016um_00279_00315-1,-0.15167211
s_016um_00277_00050-1,-0.2991496
s_016um_00415_00101-1,-0.28103912
s_016um_00210_00292-1,-0.053677365
s_016um_00141_00218-1,-0.22201517
s_016um_00239_00185-1,-0.45779455
s_016um_00254_00026-1,-0.3251824
s_016um_00078_00236-1,-0.14842491
s_016um_00364_00099-1,-0.57853174
s_016um_00131_00390-1,-0.37949523
s_016um_00257_00190-1,-0.3265186
s_016um_00368_00229-1,-0.0849732
s_016um_00273_00228-1,-0.32655212
s_016um_00142_00023-1,-0.3248449
s_016um_00309_00060-1,-0.24787495
s_016um_00166_00124-1,-0.35678524
s_016um_00083_00036-1,-0.4169324
s_016um_00227_00264-1,-0.4066518
s_016um_00058_00249-1,-0.08828454
s_016um_00368_00120-1,-0.463803
s_016um_00257_00188-1,0.074434936
s_016um_00387_00338-1,-0.33539265
s_016um_00280_00321-1,-0.33381134
s_016um_00108_00384-1,-0.0174115
s_016um_00085_00069-1,-0.5991099
s_016um_00189_00127-1,-0.39896396
s_016um_00086_00036-1,-0.17970681
s_016um_00096_00277-1,-0.3623495
s_016um_00098_00317-1,-0.20158213
s_016um_00261_00131-1,-0.09723823
s_016um_00095_00272-1,-0.16498773
s_016um_00099_00068-1,-0.33063257
s_016um_00342_00213-1,-0.3174774
s_016um_00013_00210-1,-0.33843985
s_016um_00009_00156-1,-0.4062841
s_016um_00391_00357-1,-0.5644617
s_016um_00329_00211-1,-0.31206357
s_016um_00408_00124-1,-0.33724183
s_016um_00119_00151-1,-0.5771394
s_016um_00070_00129-1,-0.5075096
s_016um_00351_00118-1,-0.34063858
s_016um_00309_00052-1,-0.46480352
s_016um_00305_00056-1,-0.115888745
s_016um_00390_00343-1,-0.17366074
s_016um_00026_00084-1,-0.52486813
s_016um_00326_00121-1,-0.4254738
s_016um_00239_00358-1,-0.36668944
s_016um_00220_00012-1,-0.5696387
s_016um_00165_00374-1,-0.22665611
s_016um_00134_00070-1,-0.5310691
s_016um_00280_00136-1,-0.19091283
s_016um_00228_00246-1,-0.5806472
s_016um_00077_00249-1,-0.34325242
s_016um_00394_00214-1,-0.34297642
s_016um_00375_00141-1,-0.20844394
s_016um_00042_00176-1,-0.49862152
s_016um_00222_00244-1,-0.24547385
s_016um_00005_00151-1,-0.5601001
s_016um_00071_00231-1,-0.19682781
s_016um_00396_00359-1,-0.7169274
s_016um_00141_00059-1,-0.3591829
s_016um_00222_00280-1,-0.43396723
s_016um_00331_00120-1,-0.32793078
s_016um_00224_00333-1,-0.29843745
s_016um_00269_00034-1,-0.16427252
s_016um_00403_00403-1,-0.5180613
s_016um_00221_00013-1,-0.41977775
s_016um_00145_00061-1,-0.42613277
s_016um_00034_00009-1,-0.47316223
s_016um_00095_00334-1,-0.5463222
s_016um_00401_00370-1,-0.32796583
s_016um_00360_00287-1,-0.45809966
s_016um_00101_00391-1,-0.19427589
s_016um_00279_00204-1,-0.45247328
s_016um_00404_00396-1,-0.8545971
s_016um_00082_00299-1,-0.36284482
s_016um_00388_00293-1,-0.5153898
s_016um_00181_00031-1,-0.5686298
s_016um_00107_00319-1,0.5773157
s_016um_00104_00382-1,-0.13265568
s_016um_00286_00093-1,-0.20776719
s_016um_00330_00215-1,0.03934884
s_016um_00065_00127-1,-0.5794365
s_016um_00391_00299-1,-0.14972784
s_016um_00245_00087-1,-0.05711107
s_016um_00217_00034-1,-0.38921943
s_016um_00273_00226-1,-0.53355366
s_016um_00368_00096-1,-0.22810349
s_016um_00096_00336-1,-0.4373218
s_016um_00277_00045-1,-0.055993438
s_016um_00086_00066-1,-0.19989665
s_016um_00240_00185-1,-0.47010666
s_016um_00277_00318-1,-0.4016086
s_016um_00139_00221-1,-0.4898696
s_016um_00287_00091-1,-0.41634446
s_016um_00222_00016-1,-0.28113598
s_016um_00226_00233-1,-0.27757344
s_016um_00261_00134-1,-0.17687976
s_016um_00405_00395-1,-1.352389
s_016um_00143_00063-1,-0.5268457
s_016um_00081_00283-1,-0.42688096
s_016um_00232_00354-1,-0.40850553
s_016um_00168_00126-1,0.19038072
s_016um_00278_00311-1,-0.24167621
s_016um_00399_00258-1,-0.26646164
s_016um_00271_00059-1,-0.56944704
s_016um_00140_00074-1,-0.3627933
s_016um_00044_00043-1,-0.437744
s_016um_00216_00226-1,-0.47432017
s_016um_00319_00168-1,-0.11322516
s_016um_00132_00388-1,-0.3771945
s_016um_00225_00332-1,-0.47904912
s_016um_00390_00360-1,-0.18923709
s_016um_00062_00128-1,-0.3912046
s_016um_00320_00167-1,-0.1887703
s_016um_00008_00207-1,-0.49828577
s_016um_00132_00088-1,-0.5732483
s_016um_00244_00089-1,0.23443708
s_016um_00260_00193-1,-0.2826283
s_016um_00108_00313-1,-0.20551258
s_016um_00066_00232-1,-0.13213624
s_016um_00336_00250-1,-0.25023007
s_016um_00130_00385-1,-0.3353433
s_016um_00272_00336-1,-0.2953292
s_016um_00074_00245-1,-0.36946255
s_016um_00140_00062-1,-0.45262593
s_016um_00402_00401-1,-0.698516
s_016um_00132_00389-1,-0.13935034
s_016um_00273_00317-1,-0.16900077
s_016um_00389_00342-1,-0.48331052
s_016um_00082_00281-1,-0.19625837
s_016um_00260_00131-1,-0.13336705
s_016um_00215_00281-1,-0.44505775
s_016um_00097_00025-1,-0.4997149
s_016um_00097_00028-1,-0.3964209
s_016um_00005_00298-1,-0.5302226
s_016um_00128_00231-1,-0.11806548
s_016um_00102_00028-1,-0.360332
s_016um_00353_00092-1,-0.30352512
s_016um_00360_00412-1,-0.5069636
s_016um_00368_00123-1,-0.5097817
s_016um_00397_00366-1,-0.35502183
s_016um_00100_00389-1,-0.5181353
s_016um_00264_00062-1,-0.2897525
s_016um_00371_00146-1,-0.30524752
s_016um_00241_00187-1,-0.48195612
s_016um_00069_00233-1,-0.4100408
s_016um_00403_00259-1,-0.7620951
s_016um_00217_00232-1,-0.34299988
s_016um_00087_00032-1,-0.34006637
s_016um_00100_00317-1,-0.36696577
s_016um_00271_00334-1,-0.3053829
s_016um_00358_00414-1,-0.7784627
s_016um_00245_00085-1,-0.2537878
s_016um_00357_00118-1,-0.35611293
s_016um_00068_00131-1,-0.47973105
s_016um_00412_00101-1,-0.3597837
s_016um_00224_00024-1,-0.47056308
s_016um_00097_00275-1,-0.3629588
s_016um_00335_00212-1,-0.24706018
s_016um_00201_00150-1,-0.12321067
s_016um_00393_00365-1,-0.5842472
s_016um_00214_00295-1,-0.22060773
s_016um_00138_00070-1,-0.47249115
s_016um_00349_00019-1,-0.25024322
s_016um_00227_00333-1,-0.21263593
s_016um_00233_00361-1,-0.35361546
s_016um_00035_00003-1,-0.4531004
s_016um_00165_00291-1,-0.3024312
s_016um_00405_00400-1,-0.5052265
s_016um_00333_00253-1,-0.35280958
s_016um_00045_00206-1,-0.36085352
s_016um_00314_00057-1,-0.24759442
s_016um_00400_00397-1,-0.7534894
s_016um_00348_00019-1,-0.2188124
s_016um_00391_00178-1,-0.51173913
s_016um_00346_00218-1,-0.4217724
s_016um_00321_00166-1,-0.5461024
s_016um_00094_00334-1,-0.18742111
s_016um_00397_00212-1,-0.35517046
s_016um_00415_00098-1,-0.36562496
s_016um_00398_00213-1,-0.12295875
s_016um_00196_00129-1,-0.37851202
s_016um_00261_00187-1,-0.13913552
s_016um_00125_00389-1,-0.43921503
s_016um_00009_00213-1,-0.19569805
s_016um_00407_00149-1,-0.42219862
s_016um_00136_00217-1,-0.1748637
s_016um_00085_00283-1,-0.34546316
s_016um_00039_00103-1,-0.41905254
s_016um_00250_00021-1,-0.3258522
s_016um_00162_00290-1,-0.13990767
s_016um_00243_00184-1,-0.32720307
s_016um_00079_00237-1,-0.13314335
s_016um_00132_00315-1,0.78509784
s_016um_00272_00028-1,-0.098202094
s_016um_00237_00184-1,-0.3494693
s_016um_00013_00296-1,-0.26181227
s_016um_00127_00386-1,-0.3343199
s_016um_00038_00041-1,-0.6431577
s_016um_00368_00224-1,-0.26820713
s_016um_00145_00398-1,-0.2139624
s_016um_00351_00022-1,-0.28770515
s_016um_00246_00088-1,-0.2526263
s_016um_00101_00067-1,-0.45279133
s_016um_00394_00367-1,-0.21747938
s_016um_00284_00098-1,-0.24932916
s_016um_00330_00121-1,-0.19742224
s_016um_00036_00043-1,-0.4000289
s_016um_00268_00032-1,-0.47463334
s_016um_00415_00104-1,-0.5096401
s_016um_00084_00066-1,-0.28830004
s_016um_00098_00335-1,-0.3873802
s_016um_00087_00268-1,-0.016254723
s_016um_00404_00398-1,-0.5678592
s_016um_00014_00209-1,-0.29654148
s_016um_00215_00229-1,-0.3333985
s_016um_00219_00227-1,-0.23537153
s_016um_00042_00215-1,-0.1040145
s_016um_00271_00048-1,-0.22863397
s_016um_00132_00322-1,0.12550268
s_016um_00130_00231-1,-0.43806008
s_016um_00319_00228-1,-0.3699091
s_016um_00326_00300-1,-0.3355441
s_016um_00398_00216-1,-0.36666012
s_016um_00280_00137-1,-0.38198775
s_016um_00222_00173-1,0.04598096
s_016um_00393_00366-1,-0.6288537
s_016um_00194_00129-1,-0.2034921
s_016um_00137_00068-1,-0.118630424
s_016um_00138_00017-1,-0.039334506
s_016um_00035_00004-1,-0.3424341
s_016um_00016_00269-1,-0.11085555
s_016um_00349_00022-1,-0.11918628
s_016um_00256_00026-1,-0.7376131
s_016um_00011_00209-1,-0.55216694
s_016um_00362_00293-1,-0.26122722
s_016um_00400_00264-1,-0.33058652
s_016um_00005_00150-1,-0.58199203
s_016um_00265_00055-1,0.33854613
s_016um_00356_00025-1,-0.16766788
s_016um_00032_00091-1,-0.47973976
s_016um_00082_00284-1,-0.40693417
s_016um_00121_00151-1,-0.24020126
s_016um_00087_00067-1,-0.19536161
s_016um_00037_00049-1,-0.29946703
s_016um_00364_00097-1,-0.31459934
s_016um_00352_00118-1,-0.26058894
s_016um_00241_00090-1,-0.28319684
s_016um_00131_00322-1,-0.44505072
s_016um_00055_00249-1,0.007306725
s_016um_00220_00277-1,-0.22666389
s_016um_00410_00146-1,-0.37015647
s_016um_00355_00291-1,-0.29306737
s_016um_00099_00319-1,-0.40382344
s_016um_00221_00277-1,-0.3668032
s_016um_00274_00314-1,-0.2792253
s_016um_00222_00250-1,-0.2911207
s_016um_00130_00092-1,-0.42039862
s_016um_00038_00210-1,-0.3169959
s_016um_00404_00257-1,-0.31470487
s_016um_00392_00182-1,-0.080355406
s_016um_00182_00025-1,-0.060400456
s_016um_00408_00101-1,-0.48743004
s_016um_00098_00022-1,-0.46521038
s_016um_00392_00343-1,-0.5560354
s_016um_00192_00124-1,-0.2889058
s_016um_00116_00145-1,-0.02690208
s_016um_00116_00150-1,-0.2460145
s_016um_00083_00295-1,-0.29725307
s_016um_00214_00294-1,-0.4068261
s_016um_00290_00097-1,-0.041187197
s_016um_00084_00267-1,-0.5857928
s_016um_00325_00230-1,-0.21324116
s_016um_00353_00091-1,-0.2535167
s_016um_00248_00019-1,-0.110718876
s_016um_00029_00083-1,-0.40138286
s_016um_00406_00152-1,-0.21639094
s_016um_00135_00233-1,-0.27985317
s_016um_00135_00225-1,-0.3475799
s_016um_00099_00072-1,-0.3280981
s_016um_00141_00054-1,-0.5213908
s_016um_00087_00199-1,-0.3827786
s_016um_00207_00152-1,-0.38257897
s_016um_00324_00300-1,-0.34956747
s_016um_00028_00092-1,-0.39050367
s_016um_00264_00330-1,-0.24429598
s_016um_00089_00072-1,-0.60646325
s_016um_00101_00072-1,-0.53346497
s_016um_00112_00319-1,-0.40463275
s_016um_00325_00166-1,-0.18906856
s_016um_00072_00247-1,-0.24041884
s_016um_00084_00272-1,-0.3937415
s_016um_00223_00332-1,-0.36774534
s_016um_00047_00241-1,-0.13141465
s_016um_00080_00195-1,0.044752985
s_016um_00333_00212-1,-0.30379975
s_016um_00353_00090-1,-0.45085448
s_016um_00394_00371-1,-0.37684798
s_016um_00032_00092-1,-0.516945
s_016um_00214_00283-1,-0.19101183
s_016um_00356_00114-1,-0.45674723
s_016um_00177_00028-1,-0.42286617
s_016um_00252_00025-1,-0.49140793
s_016um_00225_00249-1,-0.111524075
s_016um_00247_00090-1,-0.19271663
s_016um_00080_00280-1,-0.2346142
s_016um_00224_00233-1,-0.35325176
s_016um_00280_00051-1,-0.19374667
s_016um_00034_00098-1,-0.45523107
s_016um_00406_00399-1,-0.56599784
s_016um_00395_00338-1,-0.44424748
s_016um_00406_00127-1,-0.5429775
s_016um_00404_00153-1,-0.33196187
s_016um_00042_00047-1,-0.48364675
s_016um_00009_00212-1,-0.43803927
s_016um_00383_00133-1,-0.34145612
s_016um_00219_00011-1,-0.46873558
s_016um_00011_00297-1,-0.49666512
s_016um_00388_00294-1,-0.19475923
s_016um_00027_00091-1,-0.38523084
s_016um_00212_00034-1,-0.11722012
s_016um_00256_00190-1,-0.395538
s_016um_00329_00213-1,-0.38077366
s_016um_00343_00214-1,-0.36104512
s_016um_00224_00032-1,-0.2874472
s_016um_00278_00050-1,-0.30312645
s_016um_00377_00138-1,-0.4345364
s_016um_00348_00213-1,0.0486663
s_016um_00207_00146-1,-0.029287219
s_016um_00321_00302-1,-0.40952313
s_016um_00140_00020-1,-0.53349316
s_016um_00355_00115-1,-0.2474371
s_016um_00040_00170-1,-0.27683133
s_016um_00405_00145-1,-0.36585176
s_016um_00095_00315-1,-0.53300595
s_016um_00265_00032-1,-0.33768478
s_016um_00088_00032-1,-0.21562082
s_016um_00216_00168-1,-0.53660965
s_016um_00096_00320-1,-0.32044747
s_016um_00359_00117-1,-0.3757432
s_016um_00092_00279-1,-0.45403427
s_016um_00402_00127-1,-0.15582897
s_016um_00415_00140-1,-0.4523753
s_016um_00354_00290-1,-0.20846274
s_016um_00139_00218-1,-0.41572028
s_016um_00395_00373-1,-0.28501537
s_016um_00217_00026-1,-0.36982602
s_016um_00321_00232-1,-0.1358958
s_016um_00264_00130-1,-0.07964572
s_016um_00313_00052-1,-0.17206305
s_016um_00086_00268-1,-0.20628344
s_016um_00169_00125-1,-0.3084718
s_016um_00018_00263-1,-0.40280622
s_016um_00407_00123-1,-0.37694958
s_016um_00029_00087-1,-0.2962627
s_016um_00085_00065-1,-0.4458378
s_016um_00140_00076-1,-0.414675
s_016um_00014_00270-1,-0.3143975
s_016um_00266_00132-1,-0.24877259
s_016um_00125_00093-1,-0.27509815
s_016um_00231_00263-1,-0.47979322
s_016um_00151_00401-1,-0.19103023
s_016um_00071_00246-1,0.24975517
s_016um_00263_00184-1,-0.15488298
s_016um_00258_00031-1,-0.29134694
s_016um_00099_00073-1,-0.4418627
s_016um_00332_00216-1,-0.42045
s_016um_00152_00396-1,-0.26576468
s_016um_00214_00281-1,-0.30379316
s_016um_00083_00272-1,-0.3615174
s_016um_00212_00295-1,-0.37757602
s_016um_00405_00149-1,-0.41218278
s_016um_00279_00044-1,-0.33771273
s_016um_00221_00330-1,-0.3609983
s_016um_00081_00030-1,-0.36675364
s_016um_00414_00136-1,-0.31067905
s_016um_00133_00076-1,-0.33570573
s_016um_00360_00414-1,-0.42796865
s_016um_00326_00166-1,-0.37877533
s_016um_00403_00399-1,-0.6225083
s_016um_00369_00223-1,-0.32267115
s_016um_00237_00356-1,-0.34437636
s_016um_00041_00210-1,-0.5754455
s_016um_00008_00211-1,-0.5262707
s_016um_00201_00145-1,-0.12532462
s_016um_00230_00360-1,-0.45414853
s_016um_00147_00394-1,-0.29390138
s_016um_00146_00399-1,-0.430856
s_016um_00360_00410-1,-0.19644612
s_016um_00080_00035-1,-0.4716546
s_016um_00010_00214-1,-0.24494538
s_016um_00383_00128-1,-0.40619636
s_016um_00399_00126-1,-0.14925759
s_016um_00324_00123-1,-0.383527
s_016um_00093_00319-1,-0.327139
s_016um_00093_00274-1,-0.326293
s_016um_00280_00316-1,-0.30146775
s_016um_00327_00125-1,-0.37527046
s_016um_00261_00191-1,-0.29039514
s_016um_00111_00314-1,-0.2910099
s_016um_00049_00242-1,0.09783539
s_016um_00284_00096-1,-0.2942547
s_016um_00041_00103-1,-0.40008527
s_016um_00387_00298-1,-0.32361344
s_016um_00144_00060-1,-0.7667294
s_016um_00320_00169-1,-0.48396605
s_016um_00231_00266-1,-0.38385484
s_016um_00171_00124-1,-0.50535417
s_016um_00032_00330-1,-0.41732496
s_016um_00227_00234-1,-0.5835927
s_016um_00136_00221-1,0.012920767
s_016um_00059_00249-1,-0.31159073
s_016um_00399_00367-1,-0.7227943
s_016um_00396_00262-1,-0.49821168
s_016um_00043_00245-1,-0.41522214
s_016um_00167_00378-1,-0.54120904
s_016um_00064_00127-1,-0.5791031
s_016um_00043_00179-1,-0.47206333
s_016um_00114_00318-1,-0.36729673
s_016um_00213_00289-1,-0.44830555
s_016um_00328_00301-1,-0.48900482
s_016um_00096_00322-1,-0.3773639
s_016um_00279_00050-1,-0.31452855
s_016um_00353_00093-1,0.1883347
s_016um_00041_00100-1,-0.471079
s_016um_00398_00358-1,-0.48612404
s_016um_00355_00092-1,-0.1918051
s_016um_00280_00324-1,-0.26314145
s_016um_00081_00272-1,-0.19941226
s_016um_00113_00315-1,-0.34140077
s_016um_00280_00312-1,-0.35843012
s_016um_00039_00204-1,-0.2870203
s_016um_00048_00242-1,0.062342227
s_016um_00035_00331-1,-0.5383072
s_016um_00374_00120-1,-0.26286307
s_016um_00176_00029-1,-0.6757534
s_016um_00131_00384-1,-0.041190386
s_016um_00058_00243-1,-0.3793196
s_016um_00214_00282-1,-0.5575347
s_016um_00289_00100-1,-0.24405882
s_016um_00235_00261-1,-0.37678444
s_016um_00372_00146-1,0.45082965
s_016um_00085_00070-1,-0.065618664
s_016um_00132_00073-1,-0.35901663
s_016um_00172_00376-1,-0.1961875
s_016um_00268_00033-1,-0.37984315
s_016um_00253_00028-1,-0.38372493
s_016um_00321_00305-1,-0.46051723
s_016um_00097_00338-1,-0.323231
s_016um_00380_00128-1,-0.2847679
s_016um_00128_00388-1,-0.3839007
s_016um_00232_00260-1,-0.2947399
s_016um_00232_00087-1,-0.20232598
s_016um_00284_00099-1,-0.2602749
s_016um_00184_00029-1,-0.40580517
s_016um_00243_00189-1,-0.4093275
s_016um_00275_00045-1,-0.41472057
s_016um_00009_00209-1,-0.36857268
s_016um_00046_00244-1,-0.4196028
s_016um_00222_00233-1,-0.48671347
s_016um_00253_00022-1,-0.41408086
s_016um_00083_00283-1,-0.39654148
s_016um_00374_00144-1,0.092294335
s_016um_00117_00151-1,-0.16581382
s_016um_00078_00242-1,-0.33398595
s_016um_00400_00216-1,-0.30751726
s_016um_00094_00333-1,-0.051575214
s_016um_00222_00331-1,-0.46230108
s_016um_00130_00087-1,-0.4038669
s_016um_00261_00129-1,0.21466747
s_016um_00215_00280-1,-0.42671266
s_016um_00226_00235-1,-0.21191211
s_016um_00387_00296-1,-0.45230338
s_016um_00338_00401-1,-0.30947226
s_016um_00394_00357-1,-0.20972878
s_016um_00039_00174-1,-0.35611963
s_016um_00090_00069-1,-0.35055348
s_016um_00213_00279-1,-0.37746772
s_016um_00240_00084-1,-0.34029785
s_016um_00266_00034-1,-0.21024276
s_016um_00249_00019-1,-0.36343145
s_016um_00216_00227-1,-0.28163782
s_016um_00264_00188-1,-0.14582662
s_016um_00010_00298-1,-0.31869093
s_016um_00118_00151-1,-0.26890725
s_016um_00027_00085-1,-0.41414896
s_016um_00276_00201-1,-0.2660636
s_016um_00174_00371-1,-0.104451805
s_016um_00355_00411-1,-0.4585758
s_016um_00042_00240-1,-0.39628094
s_016um_00084_00270-1,-0.24448854
s_016um_00405_00396-1,-0.5716008
s_016um_00402_00399-1,-0.5066389
s_016um_00096_00026-1,-0.33031833
s_016um_00281_00205-1,-0.12764391
s_016um_00168_00129-1,-0.5335524
s_016um_00071_00250-1,-0.20696959
s_016um_00383_00138-1,-0.29876548
s_016um_00082_00066-1,-0.41014126
s_016um_00371_00226-1,-0.26080972
s_016um_00091_00069-1,-0.18020746
s_016um_00229_00265-1,-0.4263577
s_016um_00238_00182-1,0.05732557
s_016um_00268_00225-1,-0.46631864
s_016um_00085_00280-1,-0.41338843
s_016um_00372_00098-1,-0.054129213
s_016um_00390_00295-1,-0.35285538
s_016um_00242_00086-1,0.031153202
s_016um_00083_00067-1,-0.26427752
s_016um_00355_00094-1,-0.1941039
s_016um_00393_00218-1,-0.36478972
s_016um_00025_00085-1,-0.22942063
s_016um_00010_00155-1,-0.290707
s_016um_00379_00137-1,-0.28606662
s_016um_00264_00332-1,-0.38041446
s_016um_00357_00122-1,-0.3219202
s_016um_00072_00252-1,0.023141593
s_016um_00384_00131-1,-0.45102835
s_016um_00389_00339-1,-0.3247924
s_016um_00225_00229-1,-0.24674222
s_016um_00217_00283-1,-0.43793595
s_016um_00233_00356-1,-0.36563706
s_016um_00010_00152-1,-0.48189813
s_016um_00257_00031-1,-0.09662059
s_016um_00328_00227-1,0.053160638
s_016um_00237_00086-1,-0.090805486
s_016um_00034_00337-1,-0.20391539
s_016um_00057_00241-1,-0.30708665
s_016um_00222_00169-1,-0.21007434
s_016um_00063_00128-1,-0.48541188
s_016um_00373_00145-1,0.27289584
s_016um_00039_00100-1,-0.4949716
s_016um_00347_00218-1,-0.41882038
s_016um_00095_00028-1,-0.23237444
s_016um_00357_00116-1,-0.31949642
s_016um_00140_00019-1,-0.2999758
s_016um_00247_00089-1,-0.1517182
s_016um_00279_00311-1,-0.36390594
s_016um_00122_00144-1,-0.14464715
s_016um_00415_00138-1,-0.33657715
s_016um_00169_00121-1,-0.19228616
s_016um_00273_00135-1,-0.4128727
s_016um_00240_00190-1,-0.10225275
s_016um_00089_00273-1,-0.38564235
s_016um_00110_00316-1,-0.06259173
s_016um_00096_00340-1,-0.36012238
s_016um_00324_00223-1,-0.31151477
s_016um_00252_00030-1,-0.3145659
s_016um_00337_00404-1,-0.542451
s_016um_00086_00264-1,-0.29069293
s_016um_00062_00131-1,-0.6083037
s_016um_00041_00207-1,-0.20348376
s_016um_00215_00033-1,-0.34897316
s_016um_00370_00096-1,-0.093260184
s_016um_00084_00033-1,-0.2202222
s_016um_00192_00123-1,0.5778184
s_016um_00094_00323-1,-0.47253746
s_016um_00393_00184-1,-0.34480897
s_016um_00015_00265-1,-0.27957818
s_016um_00358_00293-1,-0.16689543
s_016um_00275_00227-1,-0.5609844
s_016um_00308_00057-1,0.23496857
s_016um_00399_00124-1,-0.30244878
s_016um_00357_00289-1,-0.3154292
s_016um_00248_00084-1,-0.20473817
s_016um_00085_00036-1,-0.38718158
s_016um_00371_00101-1,-0.56587106
s_016um_00178_00028-1,-0.33187458
s_016um_00397_00183-1,-0.268235
s_016um_00031_00338-1,-0.089174986
s_016um_00135_00217-1,-0.3774726
s_016um_00306_00056-1,-0.14748873
s_016um_00222_00335-1,-0.4190467
s_016um_00035_00334-1,-0.24914013
s_016um_00034_00335-1,-0.37307832
s_016um_00096_00334-1,-0.3249621
s_016um_00264_00134-1,0.09070957
s_016um_00053_00249-1,0.116291165
s_016um_00394_00177-1,-0.12345564
s_016um_00324_00306-1,-0.30228582
s_016um_00342_00218-1,-0.3227812
s_016um_00131_00087-1,-0.3973291
s_016um_00258_00185-1,-0.24455856
s_016um_00095_00024-1,-0.32196316
s_016um_00189_00096-1,-0.24910969
s_016um_00270_00036-1,-0.27532637
s_016um_00012_00300-1,-0.28087345
s_016um_00104_00070-1,-0.23534186
s_016um_00362_00287-1,-0.27311426
s_016um_00391_00297-1,-0.16672754
s_016um_00135_00069-1,0.38977286
s_016um_00099_00322-1,-0.36985874
s_016um_00272_00208-1,-0.5057905
s_016um_00336_00403-1,0.2580144
s_016um_00129_00387-1,-0.24611685
s_016um_00268_00062-1,-0.29488882
s_016um_00096_00338-1,-0.25920343
s_016um_00140_00056-1,-0.54884493
s_016um_00140_00217-1,-0.2859645
s_016um_00264_00059-1,-0.43623084
s_016um_00356_00023-1,-0.16354258
s_016um_00106_00317-1,-0.28673223
s_016um_00191_00090-1,-0.14576314
s_016um_00284_00100-1,-0.27187717
s_016um_00035_00100-1,-0.20944276
s_016um_00105_00385-1,0.19720858
s_016um_00327_00230-1,-0.40257877
s_016um_00262_00130-1,0.39847055
s_016um_00385_00129-1,-0.39250523
s_016um_00083_00269-1,-0.4484124
s_016um_00357_00121-1,-0.43323642
s_016um_00390_00358-1,-1.0684308
s_016um_00401_00255-1,-0.52250665
s_016um_00082_00032-1,-0.3679699
s_016um_00226_00248-1,-0.0828239
s_016um_00022_00266-1,-0.10516085
s_016um_00318_00169-1,0.20123973
s_016um_00246_00084-1,-0.26951143
s_016um_00098_00029-1,-0.43744278
s_016um_00279_00130-1,-0.017303944
s_016um_00398_00178-1,-0.41225162
s_016um_00080_00029-1,-0.48671037
s_016um_00040_00179-1,-0.631289
s_016um_00030_00334-1,-0.2974787
s_016um_00325_00225-1,-0.46002173
s_016um_00079_00278-1,-0.445566
s_016um_00082_00195-1,0.4557064
s_016um_00010_00216-1,-0.4173225
s_016um_00336_00399-1,0.23536769
s_016um_00335_00215-1,-0.32647678
s_016um_00212_00297-1,-0.3099273
s_016um_00227_00244-1,-0.45468718
s_016um_00322_00161-1,-0.08644855
s_016um_00139_00075-1,-0.35655195
s_016um_00385_00127-1,0.073839664
s_016um_00030_00087-1,-0.5358654
s_016um_00092_00277-1,-0.28927454
s_016um_00041_00244-1,-0.4589858
s_016um_00024_00088-1,-0.56341577
s_016um_00256_00185-1,-0.032790154
s_016um_00391_00345-1,-0.7532331
s_016um_00110_00317-1,-0.45671093
s_016um_00218_00280-1,-0.25996333
s_016um_00314_00053-1,0.08141422
s_016um_00266_00056-1,-0.23219943
s_016um_00209_00297-1,-0.41320896
s_016um_00142_00220-1,0.46795997
s_016um_00394_00212-1,-0.14813781
s_016um_00203_00151-1,-0.06922832
s_016um_00112_00316-1,-0.31801775
s_016um_00140_00219-1,-0.17929873
s_016um_00372_00099-1,-0.22003376
s_016um_00233_00092-1,0.30527988
s_016um_00045_00214-1,-0.38631785
s_016um_00267_00060-1,-0.083781555
s_016um_00208_00292-1,-0.38867548
s_016um_00188_00097-1,-0.14083424
s_016um_00325_00232-1,-0.35570437
s_016um_00328_00122-1,-0.28669086
s_016um_00384_00137-1,-0.3438756
s_016um_00278_00201-1,-0.2674524
s_016um_00323_00303-1,-0.33154553
s_016um_00228_00233-1,-0.023776174
s_016um_00267_00034-1,-0.32726225
s_016um_00020_00268-1,-0.2828971
s_016um_00380_00134-1,-0.34238768
s_016um_00418_00141-1,-0.2723982
s_016um_00223_00027-1,-0.36381346
s_016um_00275_00317-1,-0.45210582
s_016um_00135_00317-1,0.74140024
s_016um_00136_00316-1,0.53980017
s_016um_00368_00146-1,-0.36200258
s_016um_00232_00259-1,-0.42725122
s_016um_00225_00333-1,-0.4116967
s_016um_00190_00096-1,-0.2975559
s_016um_00092_00276-1,-0.3942176
s_016um_00219_00166-1,-0.1558381
s_016um_00102_00030-1,-0.5610636
s_016um_00081_00033-1,-0.4873089
s_016um_00035_00335-1,-0.33048457
s_016um_00407_00127-1,-0.20616655
s_016um_00088_00070-1,-0.5666623
s_016um_00278_00314-1,-0.12821147
s_016um_00100_00026-1,-0.21096808
s_016um_00170_00129-1,-0.2595206
s_016um_00352_00095-1,0.09353569
s_016um_00085_00269-1,-0.28498992
s_016um_00288_00098-1,-0.10012551
s_016um_00276_00137-1,-0.23615876
s_016um_00008_00156-1,-0.5158229
s_016um_00196_00091-1,-0.53425646
s_016um_00313_00055-1,0.029818445
s_016um_00276_00138-1,-0.3683307
s_016um_00075_00246-1,-0.44526243
s_016um_00083_00266-1,-0.45015198
s_016um_00279_00132-1,0.21046594
s_016um_00355_00020-1,-0.11523852
s_016um_00288_00099-1,-0.15049073
s_016um_00221_00033-1,-0.20849657
s_016um_00103_00068-1,-0.48444784
s_016um_00136_00227-1,-0.33586332
s_016um_00095_00278-1,-0.3280111
s_016um_00265_00132-1,-0.40716696
s_016um_00321_00230-1,-0.34948778
s_016um_00028_00332-1,-0.31542078
s_016um_00383_00140-1,-0.48769844
s_016um_00404_00402-1,-0.4495787
s_016um_00197_00094-1,-0.15894999
s_016um_00011_00210-1,-0.2721425
s_016um_00253_00021-1,-0.27850527
s_016um_00341_00397-1,-0.60178614
s_016um_00288_00093-1,-0.14412485
s_016um_00401_00261-1,-0.4902005
s_016um_00381_00135-1,-0.14816034
s_016um_00045_00213-1,-0.49062014
s_016um_00364_00225-1,-0.20267016
s_016um_00291_00098-1,-0.22127429
s_016um_00373_00117-1,-0.082684994
s_016um_00167_00373-1,-0.17721713
s_016um_00252_00024-1,-0.23602676
s_016um_00344_00221-1,0.63305986
s_016um_00255_00023-1,-0.13810796
s_016um_00223_00169-1,0.18781832
s_016um_00277_00324-1,-0.64425266
s_016um_00354_00094-1,-0.07703811
s_016um_00244_00091-1,-0.2522015
s_016um_00238_00357-1,-0.31406727
s_016um_00033_00005-1,-0.4773501
s_016um_00356_00119-1,-0.4254117
s_016um_00041_00209-1,-0.07905142
s_016um_00075_00240-1,-0.44497025
s_016um_00394_00220-1,-0.49947208
s_016um_00406_00121-1,-0.36382398
s_016um_00328_00230-1,-0.27669257
s_016um_00149_00398-1,-0.31225744
s_016um_00083_00264-1,-0.352873
s_016um_00368_00228-1,-0.23100135
s_016um_00393_00180-1,-0.0018586814
s_016um_00167_00126-1,0.16804647
s_016um_00277_00320-1,-0.30145633
s_016um_00221_00239-1,-0.35889935
s_016um_00047_00213-1,-0.4487851
s_016um_00070_00233-1,-0.37564167
s_016um_00101_00066-1,-0.29844823
s_016um_00246_00087-1,-0.18428999
s_016um_00391_00180-1,0.00013390183
s_016um_00405_00153-1,-0.28623807
s_016um_00351_00095-1,-0.43945378
s_016um_00077_00252-1,0.06065494
s_016um_00236_00359-1,-0.5856246
s_016um_00013_00295-1,-0.3486466
s_016um_00322_00224-1,-0.13416703
s_016um_00397_00181-1,-0.16557552
s_016um_00213_00293-1,-0.33688053
s_016um_00282_00328-1,-0.258183
s_016um_00076_00292-1,-0.12398569
s_016um_00148_00402-1,-0.49205983
s_016um_00335_00250-1,-0.3477574
s_016um_00405_00123-1,-0.3835395
s_016um_00195_00096-1,-0.3603618
s_016um_00357_00117-1,-0.382565
s_016um_00008_00208-1,-0.3345477
s_016um_00342_00219-1,-0.020593345
s_016um_00354_00122-1,-0.19960307
s_016um_00063_00130-1,-0.57670116
s_016um_00330_00256-1,-0.20640028
s_016um_00181_00027-1,-0.45218918
s_016um_00133_00088-1,-0.38675466
s_016um_00062_00129-1,-0.3590731
s_016um_00224_00332-1,-0.29992932
s_016um_00369_00117-1,-0.23251581
s_016um_00213_00014-1,-0.27681178
s_016um_00364_00227-1,-0.19573069
s_016um_00084_00282-1,-0.31552684
s_016um_00211_00290-1,0.057813764
s_016um_00371_00144-1,-0.28677854
s_016um_00267_00030-1,-0.34867176
s_016um_00241_00088-1,-0.17837822
s_016um_00222_00247-1,-0.4348755
s_016um_00280_00325-1,-0.37056148
s_016um_00040_00241-1,-0.31174856
s_016um_00223_00032-1,-0.3075885
s_016um_00324_00121-1,-0.2324529
s_016um_00098_00322-1,-0.34390637
s_016um_00248_00089-1,0.094732314
s_016um_00045_00236-1,-0.27654836
s_016um_00081_00265-1,-0.18152352
s_016um_00085_00272-1,-0.26664144
s_016um_00396_00184-1,-0.23147988
s_016um_00352_00092-1,-0.20005625
s_016um_00362_00229-1,-0.26266783
s_016um_00041_00176-1,-0.3073006
s_016um_00146_00062-1,-0.41935754
s_016um_00054_00242-1,-0.20429349
s_016um_00037_00042-1,-0.28817442
s_016um_00135_00076-1,-0.23231693
s_016um_00166_00377-1,-0.098587394
s_016um_00312_00055-1,-0.21198677
s_016um_00216_00027-1,-0.15280057
s_016um_00345_00213-1,-0.1714953
s_016um_00277_00314-1,-0.26985395
s_016um_00171_00123-1,-0.048878014
s_016um_00257_00185-1,0.12689641
s_016um_00261_00029-1,-0.2771955
s_016um_00180_00030-1,-0.55221665
s_016um_00077_00296-1,-0.33464736
s_016um_00399_00399-1,-0.14500694
s_016um_00328_00302-1,-0.20565322
s_016um_00363_00226-1,-0.34288317
s_016um_00080_00298-1,-0.37734437
s_016um_00182_00030-1,-0.5625218
s_016um_00070_00237-1,-0.3282051
s_016um_00243_00084-1,-0.27927005
s_016um_00063_00127-1,-0.4603016
s_016um_00263_00132-1,-0.121387064
s_016um_00327_00126-1,-0.073154554
s_016um_00083_00194-1,-0.03716758
s_016um_00403_00145-1,-0.32714015
s_016um_00314_00058-1,0.08726987
s_016um_00033_00009-1,-0.39059776
s_016um_00328_00216-1,-0.35108966
s_016um_00341_00403-1,-0.3412686
s_016um_00214_00284-1,-0.27552265
s_016um_00394_00373-1,-0.478182
s_016um_00415_00100-1,-0.27374315
s_016um_00398_00256-1,-0.28386128
s_016um_00412_00098-1,-0.35992646
s_016um_00089_00270-1,-0.40940306
s_016um_00288_00092-1,-0.009300798
s_016um_00131_00316-1,-0.082042605
s_016um_00141_00222-1,-0.42389303
s_016um_00236_00182-1,0.088632554
s_016um_00271_00224-1,-0.39991814
s_016um_00385_00294-1,-0.6381881
s_016um_00112_00320-1,-0.09907247
s_016um_00402_00148-1,-0.14231722
s_016um_00269_00225-1,-0.4289241
s_016um_00079_00245-1,-0.28804
s_016um_00277_00132-1,-0.09214096
s_016um_00129_00231-1,-0.26070464
s_016um_00320_00231-1,-0.41383964
s_016um_00107_00320-1,-0.5473102
s_016um_00329_00252-1,-0.41393572
s_016um_00198_00149-1,0.040103585
s_016um_00264_00032-1,-0.38952985
s_016um_00221_00333-1,-0.30461487
s_016um_00081_00029-1,-0.37624142
s_016um_00044_00047-1,-0.4991985
s_016um_00281_00317-1,-0.28322962
s_016um_00223_00329-1,-0.5459721
s_016um_00006_00153-1,-0.2238619
s_016um_00160_00292-1,-0.44904268
s_016um_00365_00228-1,-0.39796475
s_016um_00328_00212-1,-0.5260965
s_016um_00276_00321-1,-0.26070586
s_016um_00370_00125-1,-0.39762303
s_016um_00118_00148-1,-0.58463037
s_016um_00274_00205-1,-0.24037218
s_016um_00278_00317-1,-0.29788575
s_016um_00271_00058-1,-0.3007832
s_016um_00395_00213-1,-0.39313683
s_016um_00200_00151-1,-0.13291954
s_016um_00141_00215-1,-0.21238655
s_016um_00333_00217-1,-0.39037275
s_016um_00232_00361-1,-0.32238072
s_016um_00338_00254-1,-0.31526724
s_016um_00342_00402-1,-0.4458872
s_016um_00168_00124-1,-0.37700093
s_016um_00333_00214-1,-0.4537751
s_016um_00404_00262-1,-0.41750908
s_016um_00021_00268-1,-0.30061206
s_016um_00078_00284-1,-0.57346046
s_016um_00331_00121-1,-0.3332132
s_016um_00115_00144-1,0.5441735
s_016um_00164_00285-1,-0.34445003
s_016um_00236_00355-1,-0.29174662
s_016um_00331_00124-1,-0.60107845
s_016um_00040_00103-1,-0.25684437
s_016um_00106_00386-1,-0.03610775
s_016um_00268_00328-1,-0.49990907
s_016um_00021_00264-1,-0.4484694
s_016um_00067_00232-1,-0.12583998
s_016um_00392_00179-1,-0.22686106
s_016um_00210_00033-1,-0.2592543
s_016um_00145_00054-1,-0.54933953
s_016um_00272_00333-1,-0.25676167
s_016um_00365_00095-1,-0.3719742
s_016um_00371_00147-1,-0.089057475
s_016um_00286_00099-1,-0.3287682
s_016um_00083_00298-1,-0.3294542
s_016um_00263_00191-1,-0.33159965
s_016um_00272_00335-1,-0.37442285
s_016um_00335_00401-1,0.0146458745
s_016um_00043_00046-1,-0.53014386
s_016um_00371_00141-1,-0.37658578
s_016um_00370_00145-1,-0.3782871
s_016um_00221_00032-1,-0.40933216
s_016um_00259_00029-1,-0.17590395
s_016um_00189_00092-1,-0.067607
s_016um_00271_00332-1,-0.32490134
s_016um_00276_00318-1,-0.37428975
s_016um_00365_00096-1,-0.23894976
s_016um_00366_00101-1,-0.36840606
s_016um_00402_00400-1,-0.6803158
s_016um_00225_00329-1,-0.28784555
s_016um_00163_00292-1,-0.2510981
s_016um_00274_00335-1,-0.2755891
s_016um_00313_00056-1,-0.24969265
s_016um_00133_00317-1,0.3625786
s_016um_00202_00147-1,-0.07787576
s_016um_00256_00027-1,-0.2232789
s_016um_00340_00398-1,-0.061262146
s_016um_00357_00089-1,-0.14280674
s_016um_00161_00286-1,-0.005799353
s_016um_00137_00078-1,-0.5554483
s_016um_00123_00145-1,-0.32749665
s_016um_00161_00294-1,-0.5027076
s_016um_00040_00049-1,-0.52999574
s_016um_00389_00297-1,-0.6285031
s_016um_00066_00230-1,-0.16656323
s_016um_00103_00073-1,-0.55337083
s_016um_00013_00297-1,-0.12598729
s_016um_00043_00238-1,-0.26960015
s_016um_00056_00242-1,-0.40043676
s_016um_00270_00328-1,-0.4808361
s_016um_00359_00410-1,-0.31166068
s_016um_00171_00377-1,-0.30864432
s_016um_00395_00362-1,-0.4589777
s_016um_00147_00055-1,-0.33671215
s_016um_00232_00261-1,-0.37550622
s_016um_00228_00234-1,-0.4174854
s_016um_00415_00139-1,-0.43043715
s_016um_00378_00140-1,-0.25222364
s_016um_00038_00178-1,-0.27176282
s_016um_00329_00210-1,-0.4090284
s_016um_00038_00175-1,-0.42179745
s_016um_00230_00263-1,-0.3401832
s_016um_00091_00274-1,-0.45847052
s_016um_00405_00402-1,-0.6752406
s_016um_00259_00033-1,-0.11708413
s_016um_00237_00359-1,-0.51939374
s_016um_00394_00219-1,-0.40445626
s_016um_00079_00271-1,-0.4646029
s_016um_00396_00182-1,-0.2578089
s_016um_00230_00268-1,-0.370363
s_016um_00009_00154-1,-0.58014584
s_016um_00376_00133-1,-0.1707079
s_016um_00325_00168-1,-0.47976536
s_016um_00137_00018-1,-0.21344246
s_016um_00259_00190-1,-0.23281376
s_016um_00368_00140-1,-0.32397574
s_016um_00141_00014-1,-0.3951848
s_016um_00126_00384-1,-0.20852467
s_016um_00032_00335-1,-0.24328572
s_016um_00273_00225-1,-0.5514474
s_016um_00348_00025-1,-0.045070678
s_016um_00080_00031-1,-0.5549785
s_016um_00132_00232-1,-0.24500515
s_016um_00222_00029-1,-0.41975638
s_016um_00165_00127-1,-0.18554066
s_016um_00393_00216-1,-0.4316838
s_016um_00217_00227-1,-0.40102404
s_016um_00242_00088-1,-0.23461315
s_016um_00080_00194-1,-0.11032006
s_016um_00010_00206-1,-0.42560273
s_016um_00200_00145-1,-0.09963292
s_016um_00331_00210-1,-0.32374048
s_016um_00068_00133-1,-0.24061015
s_016um_00054_00246-1,-0.23575687
s_016um_00248_00086-1,-0.026091844
s_016um_00073_00251-1,-0.23310347
s_016um_00007_00155-1,-0.4760873
s_016um_00143_00014-1,-0.59693664
s_016um_00013_00268-1,-0.25778565
s_016um_00225_00248-1,-0.3382292
s_016um_00382_00135-1,-0.05107236
s_016um_00332_00258-1,-0.2805359
s_016um_00406_00400-1,-0.5944307
s_016um_00054_00247-1,0.13573456
s_016um_00164_00121-1,-0.46933007
s_016um_00036_00172-1,-0.4407742
s_016um_00168_00121-1,-0.19498268
s_016um_00394_00368-1,-0.314629
s_016um_00361_00413-1,-0.67870617
s_016um_00190_00128-1,-0.16218413
s_016um_00392_00358-1,-0.3361903
s_016um_00234_00089-1,-0.1927863
s_016um_00325_00298-1,-0.43004942
s_016um_00059_00245-1,-0.19803303
s_016um_00386_00131-1,-0.27596506
s_016um_00279_00203-1,-0.42885917
s_016um_00132_00089-1,-0.3555897
s_016um_00416_00139-1,-0.40732723
s_016um_00041_00008-1,-0.3841406
s_016um_00267_00329-1,-0.26654798
s_016um_00322_00229-1,-0.19423296
s_016um_00226_00243-1,-0.4090003
s_016um_00082_00036-1,-0.52472275
s_016um_00278_00134-1,-0.29150885
s_016um_00090_00337-1,-0.15204725
s_016um_00240_00183-1,-0.31961355
s_016um_00081_00279-1,-0.4465124
s_016um_00129_00320-1,-0.106011316
s_016um_00390_00293-1,-0.2720049
s_016um_00356_00293-1,-0.49067292
s_016um_00278_00051-1,-0.30536443
s_016um_00224_00172-1,-0.031125456
s_016um_00007_00153-1,-0.3787326
s_016um_00318_00166-1,-0.13533323
s_016um_00261_00030-1,-0.2851324
s_016um_00339_00396-1,-0.1526678
s_016um_00142_00014-1,-0.29370034
s_016um_00395_00212-1,-0.4493262
s_016um_00352_00022-1,-0.0455783
s_016um_00168_00123-1,-0.225921
s_016um_00260_00034-1,-0.13563006
s_016um_00397_00214-1,-0.47067142
s_016um_00328_00226-1,-0.19700381
s_016um_00098_00069-1,-0.37534505
s_016um_00276_00051-1,-0.29191777
s_016um_00379_00139-1,-0.09013079
s_016um_00086_00195-1,-0.28634527
s_016um_00356_00092-1,-0.6233586
s_016um_00332_00124-1,-0.30401522
s_016um_00355_00117-1,-0.27827334
s_016um_00202_00153-1,-0.2970696
s_016um_00400_00213-1,-0.14668217
s_016um_00357_00093-1,-0.055163965
s_016um_00373_00123-1,-0.3342396
s_016um_00358_00413-1,-0.43060273
s_016um_00068_00231-1,-0.33932385
s_016um_00064_00237-1,-0.23204407
s_016um_00030_00333-1,-0.4760181
s_016um_00136_00073-1,-0.44025898
s_016um_00277_00206-1,-0.02287215
s_016um_00322_00171-1,-0.23449467
s_016um_00396_00373-1,-0.3584951
s_016um_00209_00028-1,-0.34891674
s_016um_00129_00319-1,0.16256699
s_016um_00084_00279-1,-0.30234385
s_016um_00397_00261-1,-0.14672638
s_016um_00238_00088-1,-0.4891422
s_016um_00164_00122-1,-0.47971284
s_016um_00219_00276-1,-0.19896069
s_016um_00095_00321-1,-0.46950203
s_016um_00147_00396-1,-0.32261145
s_016um_00385_00298-1,-0.4435225
s_016um_00068_00126-1,-0.4089051
s_016um_00213_00028-1,-0.2508766
s_016um_00275_00133-1,-0.15577668
s_016um_00091_00334-1,-0.39945748
s_016um_00315_00056-1,-0.3440204
s_016um_00272_00032-1,-0.09590304
s_016um_00272_00050-1,-0.022521198
s_016um_00210_00290-1,-0.04765117
s_016um_00406_00120-1,-0.37277347
s_016um_00387_00293-1,-0.37910515
s_016um_00390_00299-1,-0.36264682
s_016um_00222_00226-1,-0.22732258
s_016um_00278_00044-1,-0.4526657
s_016um_00201_00149-1,-0.3525249
s_016um_00038_00044-1,-0.48436707
s_016um_00322_00225-1,-0.43929505
s_016um_00042_00208-1,-0.24431758
s_016um_00096_00335-1,-0.42532593
s_016um_00029_00088-1,-0.36338523
s_016um_00165_00290-1,-0.4363525
s_016um_00222_00013-1,-0.15486754
s_016um_00403_00153-1,-0.3360367
s_016um_00139_00220-1,-0.48145694
s_016um_00086_00031-1,-0.26122075
s_016um_00329_00217-1,-0.19524108
s_016um_00078_00282-1,-0.3775657
s_016um_00086_00032-1,-0.3091494
s_016um_00029_00086-1,-0.42298424
s_016um_00140_00071-1,-0.608145
s_016um_00269_00329-1,-0.30814716
s_016um_00253_00024-1,-0.3706361
s_016um_00327_00300-1,-0.3168301
s_016um_00169_00127-1,-0.35423675
s_016um_00191_00092-1,-0.26761362
s_016um_00271_00222-1,-0.44860697
s_016um_00220_00010-1,-0.23599587
s_016um_00214_00279-1,-0.5024529
s_016um_00355_00018-1,-0.41532427
s_016um_00236_00190-1,-0.30483982
s_016um_00126_00390-1,-0.49531072
s_016um_00410_00147-1,-0.2728075
s_016um_00277_00312-1,-0.37712672
s_016um_00074_00244-1,-0.2646216
s_016um_00396_00218-1,-0.37507245
s_016um_00034_00101-1,-0.3210276
s_016um_00408_00103-1,-0.18984245
s_016um_00354_00412-1,-0.33851182
s_016um_00013_00208-1,-0.25923264
s_016um_00042_00212-1,-0.24731532
s_016um_00162_00286-1,-0.34290028
s_016um_00192_00091-1,-0.491082
s_016um_00224_00234-1,-0.3081727
s_016um_00267_00332-1,-0.41327685
s_016um_00232_00265-1,-0.23327851
s_016um_00080_00286-1,-0.51802146
s_016um_00030_00092-1,-0.5069746
s_016um_00255_00033-1,-0.09767349
s_016um_00396_00369-1,-0.32557243
s_016um_00012_00213-1,-0.32311016
s_016um_00200_00147-1,-0.32444912
s_016um_00047_00244-1,-0.27342394
s_016um_00040_00217-1,-0.23463324
s_016um_00373_00140-1,-0.32116625
s_016um_00270_00223-1,-0.4557743
s_016um_00089_00066-1,-0.3031321
s_016um_00358_00115-1,-0.069147274
s_016um_00274_00226-1,-0.4620968
s_016um_00174_00375-1,-0.47985038
s_016um_00228_00248-1,-0.27141988
s_016um_00207_00150-1,-0.29917145
s_016um_00094_00343-1,-0.3998924
s_016um_00224_00171-1,-0.22083125
s_016um_00388_00345-1,-0.59860724
s_016um_00133_00228-1,-0.34124222
s_016um_00103_00383-1,-0.478878
s_016um_00030_00084-1,-0.29212955
s_016um_00122_00146-1,-0.36394018
s_016um_00067_00230-1,-0.314177
s_016um_00227_00335-1,-0.24774289
s_016um_00135_00221-1,-0.20636292
s_016um_00098_00066-1,-0.2746396
s_016um_00321_00229-1,-0.4470213
s_016um_00267_00229-1,-0.31901047
s_016um_00357_00417-1,-0.21518005
s_016um_00249_00025-1,-0.43346488
s_016um_00080_00293-1,-0.35338813
s_016um_00356_00019-1,-0.22804716
s_016um_00413_00141-1,-0.23023184
s_016um_00359_00121-1,-0.030990213
s_016um_00386_00296-1,-0.44708937
s_016um_00106_00316-1,-0.19652903
s_016um_00320_00165-1,-0.42062867
s_016um_00043_00043-1,-0.29059598
s_016um_00278_00328-1,-0.2794607
s_016um_00129_00382-1,0.058768094
s_016um_00086_00030-1,-0.39523607
s_016um_00368_00227-1,-0.36744058
s_016um_00031_00088-1,-0.23249215
s_016um_00140_00222-1,-0.29702935
s_016um_00219_00028-1,-0.0071947873
s_016um_00418_00143-1,-0.43555677
s_016um_00392_00292-1,-0.17528483
s_016um_00010_00153-1,-0.3896942
s_016um_00080_00199-1,-0.17830771
s_016um_00165_00129-1,-0.3560353
s_016um_00326_00227-1,-0.25555006
s_016um_00370_00223-1,-0.4378312
s_016um_00228_00264-1,-0.13235344
s_016um_00273_00313-1,-0.3392058
s_016um_00331_00253-1,-0.46615762
s_016um_00081_00032-1,-0.40221253
s_016um_00260_00130-1,-0.18844306
s_016um_00091_00341-1,-0.24948618
s_016um_00140_00070-1,-0.44255194
s_016um_00090_00268-1,-0.45522264
s_016um_00227_00243-1,-0.36196345
s_016um_00219_00170-1,-0.17470855
s_016um_00323_00227-1,-0.30472225
s_016um_00100_00073-1,-0.34184864
s_016um_00152_00398-1,-0.49816066
s_016um_00281_00326-1,-0.37516654
s_016um_00063_00234-1,0.6013719
s_016um_00234_00361-1,-0.2341613
s_016um_00401_00124-1,-0.20706564
s_016um_00327_00224-1,-0.3936243
s_016um_00266_00128-1,-0.39406013
s_016um_00105_00071-1,-0.2310701
s_016um_00028_00086-1,-0.5278092
s_016um_00138_00077-1,-0.44583452
s_016um_00008_00300-1,-0.3549859
s_016um_00150_00396-1,-0.1504303
s_016um_00311_00060-1,-0.43418628
s_016um_00410_00151-1,-0.37150973
s_016um_00337_00400-1,0.10785326
s_016um_00042_00049-1,-0.31764892
s_016um_00374_00119-1,-0.12630907
s_016um_00326_00119-1,-0.13062829
s_016um_00264_00334-1,-0.3086582
s_016um_00418_00142-1,-0.28339928
s_016um_00152_00397-1,-0.4126249
s_016um_00201_00152-1,0.03601116
s_016um_00231_00267-1,-0.57078445
s_016um_00100_00070-1,-0.27526984
s_016um_00330_00125-1,-0.4200358
s_016um_00327_00121-1,-0.44146705
s_016um_00358_00096-1,-0.49905157
s_016um_00216_00291-1,0.007927686
s_016um_00326_00164-1,-0.42826617
s_016um_00145_00015-1,-0.5085986
s_016um_00280_00131-1,-0.072191566
s_016um_00076_00250-1,-0.3418068
s_016um_00390_00363-1,-0.36700132
s_016um_00043_00244-1,-0.3972988
s_016um_00226_00331-1,-0.35481346
s_016um_00088_00033-1,-0.68661666
s_016um_00041_00239-1,-0.24967366
s_016um_00012_00151-1,-0.5642967
s_016um_00140_00059-1,-0.4232692
s_016um_00324_00229-1,-0.50904983
s_016um_00147_00060-1,-0.19441459
s_016um_00335_00213-1,-0.31450313
s_016um_00252_00023-1,-0.39086172
s_016um_00041_00098-1,-0.31885457
s_016um_00214_00280-1,-0.30653486
s_016um_00108_00315-1,-0.5762459
s_016um_00262_00329-1,-0.5847033
s_016um_00248_00088-1,-0.070261076
s_016um_00398_00262-1,-0.3150842
s_016um_00224_00030-1,-0.09979048
s_016um_00221_00280-1,-0.24626416
s_016um_00096_00323-1,-0.2609253
s_016um_00192_00121-1,0.05680889
s_016um_00409_00148-1,-0.32818592
s_016um_00058_00245-1,-0.12580618
s_016um_00005_00294-1,-0.41077688
s_016um_00283_00093-1,-0.27743343
s_016um_00417_00144-1,-0.009973049
s_016um_00242_00084-1,0.42700425
s_016um_00279_00138-1,-0.36085945
s_016um_00134_00071-1,-0.5259224
s_016um_00037_00048-1,-0.51856565
s_016um_00234_00363-1,-0.32924342
s_016um_00275_00228-1,-0.27592823
s_016um_00219_00027-1,-0.2461169
s_016um_00354_00021-1,0.11810461
s_016um_00233_00357-1,-0.13034266
s_016um_00256_00186-1,-0.18293291
s_016um_00322_00167-1,-0.25251383
s_016um_00232_00267-1,-0.41771472
s_016um_00322_00228-1,-0.28782108
s_016um_00166_00289-1,-0.3384021
s_016um_00148_00394-1,-0.36900583
s_016um_00036_00175-1,-0.3575338
s_016um_00126_00387-1,-0.21364713
s_016um_00065_00125-1,-0.59006906
s_016um_00263_00127-1,-0.2582575
s_016um_00403_00125-1,-0.28531623
s_016um_00180_00028-1,-0.21059904
s_016um_00080_00200-1,-0.211629
s_016um_00411_00103-1,-0.12634549
s_016um_00280_00206-1,-0.24929321
s_016um_00011_00150-1,-0.38309368
s_016um_00397_00178-1,-0.11291425
s_016um_00117_00143-1,-0.33122107
s_016um_00343_00219-1,0.5801594
s_016um_00362_00224-1,-0.2937293
s_016um_00060_00244-1,-0.2820814
s_016um_00106_00314-1,-0.28151998
s_016um_00333_00215-1,-0.35769135
s_016um_00085_00068-1,-0.56235826
s_016um_00259_00188-1,-0.2776552
s_016um_00377_00132-1,-0.21969572
s_016um_00371_00124-1,-0.5768907
s_016um_00233_00355-1,-0.4928131
s_016um_00080_00297-1,-0.21299186
s_016um_00079_00238-1,-0.27153954
s_016um_00254_00024-1,-0.38119453
s_016um_00216_00013-1,-0.14320625
s_016um_00221_00331-1,-0.108419895
s_016um_00367_00140-1,-0.25297594
s_016um_00027_00331-1,-0.42831588
s_016um_00225_00336-1,-0.46373057
s_016um_00398_00359-1,-0.73164594
s_016um_00405_00399-1,-0.43406987
s_016um_00135_00223-1,-0.30919236
s_016um_00070_00236-1,-0.25874892
s_016um_00352_00094-1,-0.26663002
s_016um_00097_00023-1,-0.33615837
s_016um_00062_00126-1,-0.56051373
s_016um_00365_00227-1,-0.24618301
s_016um_00375_00117-1,0.26461294
s_016um_00143_00055-1,-0.37469557
s_016um_00151_00396-1,-0.27793497
s_016um_00389_00361-1,-0.44760317
s_016um_00159_00292-1,-0.2956693
s_016um_00397_00263-1,-0.28673083
s_016um_00130_00226-1,-0.3294469
s_016um_00073_00246-1,-0.4574478
s_016um_00371_00094-1,-0.3824236
s_016um_00249_00022-1,-0.21743011
s_016um_00267_00225-1,-0.5088384
s_016um_00225_00235-1,-0.39274457
s_016um_00268_00035-1,-0.39127448
s_016um_00216_00296-1,-0.32739618
s_016um_00329_00121-1,-0.17209515
s_016um_00163_00288-1,-0.09239735
s_016um_00321_00225-1,-0.2625503
s_016um_00219_00279-1,-0.5658914
s_016um_00240_00182-1,-0.21561682
s_016um_00218_00171-1,-0.056710154
s_016um_00273_00335-1,-0.44979358
s_016um_00172_00370-1,0.074396044
s_016um_00215_00293-1,-0.26372534
s_016um_00092_00316-1,-0.38716984
s_016um_00225_00029-1,-0.40996456
s_016um_00346_00216-1,-0.57288885
s_016um_00271_00223-1,-0.033605635
s_016um_00378_00138-1,-0.083144456
s_016um_00278_00137-1,-0.19391215
s_016um_00417_00134-1,-0.19682133
s_016um_00210_00032-1,-0.27851787
s_016um_00398_00184-1,-0.41768265
s_016um_00368_00225-1,-0.45192292
s_016um_00261_00184-1,-0.30983454
s_016um_00080_00264-1,-0.42271176
s_016um_00224_00028-1,-0.36604905
s_016um_00331_00119-1,-0.19560531
s_016um_00398_00368-1,-0.37813932
s_016um_00374_00122-1,-0.17770483
s_016um_00327_00302-1,-0.25719672
s_016um_00129_00317-1,-0.095490396
s_016um_00164_00290-1,-0.38376313
s_016um_00038_00042-1,-0.43374252
s_016um_00355_00418-1,-0.6574334
s_016um_00132_00092-1,-0.19560385
s_016um_00232_00266-1,-0.44414836
s_016um_00010_00296-1,-0.30948108
s_016um_00221_00233-1,-0.3113837
s_016um_00214_00292-1,-0.35762733
s_016um_00220_00283-1,-0.24700864
s_016um_00222_00167-1,-0.02661398
s_016um_00344_00212-1,-0.123120025
s_016um_00084_00028-1,-0.32958743
s_016um_00166_00375-1,-0.31373465
s_016um_00194_00098-1,-0.46578184
s_016um_00082_00271-1,-0.33097273
s_016um_00122_00143-1,-0.023278445
s_016um_00224_00329-1,-0.3336999
s_016um_00401_00262-1,-0.37138999
s_016um_00015_00267-1,-0.3573712
s_016um_00090_00267-1,-0.23257557
s_016um_00040_00206-1,-0.4811985
s_016um_00097_00030-1,-0.14789473
s_016um_00064_00130-1,-0.44361636
s_016um_00272_00203-1,-0.441527
s_016um_00139_00072-1,-0.38010046
s_016um_00409_00153-1,-0.21432367
s_016um_00039_00177-1,-0.322785
s_016um_00232_00088-1,-0.07490198
s_016um_00230_00357-1,-0.16802798
s_016um_00414_00104-1,-0.39629805
s_016um_00049_00244-1,-0.31483772
s_016um_00248_00020-1,-0.5073489
s_016um_00358_00286-1,-0.27553624
s_016um_00382_00134-1,0.12828183
s_016um_00416_00136-1,-0.099822745
s_016um_00096_00337-1,-0.27273723
s_016um_00289_00093-1,-0.036711365
s_016um_00100_00316-1,-0.78553236
s_016um_00105_00391-1,-0.31697103
s_016um_00026_00092-1,-0.56033206
s_016um_00037_00178-1,-0.38310456
s_016um_00405_00121-1,-0.4767894
s_016um_00403_00128-1,-0.20511043
s_016um_00384_00125-1,-0.35738817
s_016um_00153_00400-1,-0.41612726
s_016um_00225_00335-1,-0.39041245
s_016um_00121_00149-1,-0.34292236
s_016um_00330_00211-1,-0.38782585
s_016um_00257_00029-1,0.15185735
s_016um_00262_00129-1,-0.13054542
s_016um_00081_00282-1,-0.26701465
s_016um_00323_00302-1,-0.3763358
s_016um_00408_00151-1,-0.44073611
s_016um_00031_00334-1,-0.21247008
s_016um_00029_00330-1,-0.42859048
s_016um_00356_00414-1,-0.60025537
s_016um_00399_00216-1,-0.429883
s_016um_00328_00125-1,-0.24856862
s_016um_00167_00120-1,-0.32283327
s_016um_00321_00169-1,-0.26142433
s_016um_00261_00332-1,-0.4256404
s_016um_00217_00275-1,-0.3306444
s_016um_00384_00136-1,-0.20513976
s_016um_00100_00386-1,-0.18977506
s_016um_00110_00319-1,-0.014493585
s_016um_00056_00248-1,-0.4670639
s_016um_00397_00260-1,-0.28116247
s_016um_00117_00148-1,-0.2484777
s_016um_00107_00313-1,-0.39554965
s_016um_00251_00022-1,-0.26635605
s_016um_00278_00208-1,-0.27696627
s_016um_00411_00102-1,-0.41537237
s_016um_00042_00048-1,-0.46082383
s_016um_00171_00372-1,-0.25852787
s_016um_00217_00170-1,-0.08084734
s_016um_00080_00279-1,-0.2657973
s_016um_00030_00086-1,-0.25587222
s_016um_00193_00129-1,-0.50143015
s_016um_00385_00130-1,-0.19895859
s_016um_00403_00146-1,-0.30740702
s_016um_00342_00216-1,-0.09926665
s_016um_00354_00411-1,-0.90641916
s_016um_00257_00033-1,-0.06765042
s_016um_00389_00300-1,-0.103404135
s_016um_00400_00259-1,-0.11924313
s_016um_00253_00033-1,-0.42145
s_016um_00221_00332-1,-0.41788378
s_016um_00094_00273-1,-0.46567863
s_016um_00291_00097-1,-0.21917102
s_016um_00136_00074-1,-0.6047168
s_016um_00085_00029-1,-0.45244175
s_016um_00332_00123-1,-0.3038671
s_016um_00394_00180-1,-0.4236108
s_016um_00367_00230-1,0.07095528
s_016um_00401_00400-1,-0.7285465
s_016um_00139_00073-1,-0.41702986
s_016um_00274_00319-1,-0.46494412
s_016um_00220_00234-1,-0.42047137
s_016um_00369_00124-1,-0.37771386
s_016um_00222_00024-1,-0.11872062
s_016um_00387_00291-1,-0.24316289
s_016um_00142_00017-1,-0.39289683
s_016um_00142_00217-1,0.79855883
s_016um_00339_00403-1,-0.38383487
s_016um_00021_00267-1,-0.47661301
s_016um_00092_00275-1,-0.34838232
s_016um_00347_00215-1,-0.36280364
s_016um_00139_00215-1,0.39126804
s_016um_00092_00334-1,-0.43872887
s_016um_00082_00285-1,-0.31172848
s_016um_00183_00030-1,-0.379367
s_016um_00262_00189-1,-0.256183
s_016um_00330_00212-1,-0.064741105
s_016um_00397_00177-1,-0.2976718
s_016um_00030_00085-1,-0.41020977
s_016um_00409_00100-1,-0.27700907
s_016um_00360_00288-1,-0.3519465
s_016um_00016_00268-1,-0.29863498
s_016um_00079_00247-1,0.098510504
s_016um_00191_00129-1,0.14743832
s_016um_00131_00091-1,-0.4050842
s_016um_00133_00091-1,-0.034224898
s_016um_00216_00030-1,-0.47401506
s_016um_00268_00060-1,-0.21032372
s_016um_00063_00232-1,-0.19883282
s_016um_00238_00085-1,0.2854475
s_016um_00331_00217-1,-0.4733538
s_016um_00277_00310-1,-0.29170576
s_016um_00405_00128-1,-0.29933402
s_016um_00228_00335-1,-0.29442748
s_016um_00278_00131-1,-0.088127986
s_016um_00196_00124-1,-0.00037571788
s_016um_00359_00418-1,-0.7807451
s_016um_00273_00331-1,-0.18400341
s_016um_00218_00025-1,-0.31927907
s_016um_00408_00099-1,-0.30340248
s_016um_00278_00135-1,-0.37657434
s_016um_00409_00098-1,-0.32571682
s_016um_00396_00366-1,-0.5818045
s_016um_00238_00086-1,-0.31681588
s_016um_00371_00139-1,-0.24807808
s_016um_00375_00145-1,-0.3180508
s_016um_00368_00093-1,-0.118570656
s_016um_00397_00211-1,-0.32740825
s_016um_00354_00288-1,-0.26340455
s_016um_00334_00400-1,0.07149705
s_016um_00219_00225-1,-0.39029485
s_016um_00210_00029-1,-0.14440683
s_016um_00190_00098-1,-0.42704773
s_016um_00219_00278-1,-0.34539142
s_016um_00226_00334-1,-0.38021386
s_016um_00217_00025-1,-0.6944691
s_016um_00088_00073-1,-0.42109182
s_016um_00199_00150-1,-0.058886394
s_016um_00149_00400-1,-0.37750173
s_016um_00310_00052-1,-0.29733512
s_016um_00042_00177-1,-0.35753128
s_016um_00209_00292-1,-0.31352872
s_016um_00320_00230-1,-0.38211405
s_016um_00272_00334-1,-0.2503706
s_016um_00031_00085-1,-0.47911558
s_016um_00084_00037-1,-0.1987493
s_016um_00219_00029-1,-0.47287387
s_016um_00079_00281-1,-0.24332432
s_016um_00215_00276-1,-0.4051148
s_016um_00212_00029-1,-0.15897293
s_016um_00041_00211-1,-0.27148888
s_016um_00166_00373-1,0.16308323
s_016um_00265_00060-1,-0.18008856
s_016um_00027_00089-1,-0.48287907
s_016um_00170_00128-1,-0.05947122
s_016um_00042_00173-1,-0.4962008
s_016um_00210_00289-1,-0.4851876
s_016um_00218_00019-1,-0.19478127
s_016um_00376_00135-1,-0.3301612
s_016um_00397_00359-1,-0.2901064
s_016um_00014_00265-1,-0.4077763
s_016um_00079_00246-1,-0.24192254
s_016um_00117_00149-1,-0.12552978
s_016um_00222_00231-1,-0.23543063
s_016um_00262_00185-1,0.04878068
s_016um_00368_00101-1,-0.12512341
s_016um_00361_00288-1,-0.28867516
s_016um_00238_00084-1,0.0024823248
s_016um_00077_00282-1,-0.4187804
s_016um_00227_00331-1,-0.42937595
s_016um_00077_00247-1,-0.12740812
s_016um_00064_00233-1,0.2252051
s_016um_00021_00270-1,0.03257531
s_016um_00081_00196-1,0.1248889
s_016um_00370_00094-1,-0.38373116
s_016um_00330_00218-1,-0.42815888
s_016um_00348_00021-1,-0.35193563
s_016um_00387_00130-1,-0.3091266
s_016um_00046_00218-1,-0.3465994
s_016um_00326_00165-1,-0.33463833
s_016um_00194_00124-1,-0.31122035
s_016um_00372_00101-1,-0.34683186
s_016um_00353_00117-1,-0.16245589
s_016um_00373_00125-1,-0.16373163
s_016um_00393_00345-1,-0.26863334
s_016um_00135_00077-1,-0.36605373
s_016um_00148_00400-1,-0.32857263
s_016um_00273_00329-1,0.14684749
s_016um_00279_00209-1,-0.41494328
s_016um_00185_00032-1,-0.38478687
s_016um_00275_00131-1,-0.20013456
s_016um_00080_00030-1,-0.4780776
s_016um_00362_00417-1,-0.9938134
s_016um_00289_00098-1,-0.1448545
s_016um_00327_00229-1,-0.4656872
s_016um_00183_00031-1,-0.37085116
s_016um_00387_00299-1,-0.34222144
s_016um_00193_00122-1,0.23473576
s_016um_00009_00293-1,-0.1779153
s_016um_00184_00030-1,-0.1836042
s_016um_00101_00385-1,0.10711524
s_016um_00133_00229-1,-0.01791668
s_016um_00132_00318-1,0.094944954
s_016um_00321_00298-1,-0.18724862
s_016um_00381_00129-1,-0.2440686
s_016um_00094_00339-1,-0.2572257
s_016um_00220_00016-1,-0.28936768
s_016um_00326_00125-1,-0.3434949
s_016um_00358_00094-1,-0.2700368
s_016um_00203_00148-1,-0.22067243
s_016um_00263_00128-1,-0.45958722
s_016um_00354_00417-1,-0.78344464
s_016um_00045_00045-1,-0.4004604
s_016um_00367_00121-1,-0.31146607
s_016um_00402_00259-1,-0.2930345
s_016um_00401_00128-1,-0.29345647
s_016um_00129_00316-1,-0.4638381
s_016um_00330_00120-1,-0.35660574
s_016um_00357_00096-1,-0.33655605
s_016um_00393_00367-1,-0.5083191
s_016um_00218_00278-1,-0.2765173
s_016um_00046_00240-1,-0.5327613
s_016um_00390_00297-1,-0.44695938
s_016um_00253_00027-1,-0.2849042
s_016um_00280_00135-1,-0.30926242
s_016um_00400_00258-1,-0.4932469
s_016um_00094_00278-1,-0.42076313
s_016um_00389_00337-1,-0.42805764
s_016um_00355_00286-1,-0.13153483
s_016um_00334_00214-1,-0.3660802
s_016um_00037_00100-1,-0.44312635
s_016um_00045_00243-1,-0.31891793
s_016um_00259_00032-1,-0.11261068
s_016um_00244_00082-1,-0.00095266104
s_016um_00334_00397-1,-0.33502465
s_016um_00399_00370-1,-0.5431911
s_016um_00218_00029-1,-0.43997675
s_016um_00167_00125-1,-0.18835431
s_016um_00219_00032-1,-0.32711253
s_016um_00011_00213-1,-0.48949128
s_016um_00235_00263-1,-0.31920305
s_016um_00237_00183-1,-0.3485676
s_016um_00412_00105-1,-0.17123997
s_016um_00279_00137-1,-0.3749367
s_016um_00014_00213-1,-0.5584065
s_016um_00391_00346-1,-0.18653908
s_016um_00389_00344-1,-0.5667789
s_016um_00258_00032-1,-0.09724267
s_016um_00085_00273-1,-0.24450178
s_016um_00329_00118-1,-0.20388855
s_016um_00042_00239-1,-0.31207737
s_016um_00091_00339-1,-0.41485846
s_016um_00332_00256-1,-0.44781652
s_016um_00136_00228-1,-0.25415617
s_016um_00285_00094-1,-0.06365569
s_016um_00125_00390-1,-0.29291892
s_016um_00226_00245-1,-0.1254431
s_016um_00146_00016-1,-0.36183977
s_016um_00406_00149-1,-0.23925927
s_016um_00180_00025-1,-0.58274215
s_016um_00009_00208-1,-0.20458044
s_016um_00091_00340-1,-0.22007719
s_016um_00326_00120-1,-0.3370762
s_016um_00019_00264-1,-0.2799405
s_016um_00395_00182-1,-0.18340677
s_016um_00277_00205-1,-0.31006628
s_016um_00403_00147-1,-0.27915564
s_016um_00181_00032-1,-0.5439525
s_016um_00082_00268-1,-0.39616892
s_016um_00177_00031-1,-0.38268393
s_016um_00005_00154-1,-0.22437154
s_016um_00397_00220-1,-0.642859
s_016um_00321_00163-1,-0.108187005
s_016um_00357_00413-1,-0.9046067
s_016um_00369_00146-1,-0.3341324
s_016um_00038_00206-1,-0.31641665
s_016um_00269_00223-1,-0.30937034
s_016um_00313_00058-1,-0.50401795
s_016um_00377_00134-1,-0.28648597
s_016um_00042_00218-1,-0.36898524
s_016um_00139_00223-1,-0.1937728
s_016um_00015_00270-1,-0.2569596
s_016um_00401_00402-1,-0.68923235
s_016um_00381_00128-1,-0.28680998
s_016um_00263_00129-1,-0.29905394
s_016um_00099_00030-1,-0.2450491
s_016um_00413_00103-1,-0.15691888
s_016um_00011_00211-1,-0.4072305
s_016um_00262_00184-1,-0.048115492
s_016um_00118_00149-1,-0.3654434
s_016um_00006_00213-1,-0.2861275
s_016um_00033_00010-1,-0.3773783
s_016um_00237_00087-1,-0.11584948
s_016um_00113_00317-1,-0.40255204
s_016um_00242_00184-1,-0.078782156
s_016um_00102_00026-1,-0.2746467
s_016um_00390_00361-1,-0.13138804
s_016um_00281_00325-1,-0.3409562
s_016um_00281_00321-1,-0.27160665
s_016um_00398_00365-1,-0.2192613
s_016um_00235_00360-1,-0.45628476
s_016um_00353_00414-1,-0.4673984
s_016um_00088_00069-1,-0.4108668
s_016um_00136_00218-1,-0.41782516
s_016um_00075_00295-1,-0.3710958
s_016um_00231_00360-1,-0.5438621
s_016um_00406_00153-1,-0.28904557
s_016um_00228_00330-1,-0.40159655
s_016um_00368_00095-1,-0.25103092
s_016um_00397_00184-1,-0.157591
s_016um_00353_00022-1,-0.2528019
s_016um_00182_00031-1,-0.6627337
s_016um_00132_00323-1,-0.27871594
s_016um_00317_00166-1,0.0635488
s_016um_00226_00234-1,-0.29271582
s_016um_00263_00131-1,-0.075369105
s_016um_00254_00021-1,-0.28124893
s_016um_00083_00284-1,-0.44350556
s_016um_00103_00390-1,-0.28110963
s_016um_00266_00055-1,0.09641975
s_016um_00142_00060-1,-0.6653203
s_016um_00403_00124-1,-0.26226133
s_016um_00076_00299-1,-0.3573628
s_016um_00398_00180-1,-0.25739464
s_016um_00011_00301-1,-0.44884405
s_016um_00035_00009-1,-0.4144882
s_016um_00324_00228-1,-0.49675894
s_016um_00270_00226-1,-0.39687902
s_016um_00363_00230-1,-0.39857358
s_016um_00026_00085-1,-0.35867625
s_016um_00356_00289-1,-0.09242937
s_016um_00270_00228-1,-0.41287163
s_016um_00396_00360-1,-0.84336436
s_016um_00277_00048-1,-0.40810975
s_016um_00218_00233-1,-0.57502806
s_016um_00280_00319-1,-0.49883422
s_016um_00087_00028-1,-0.48501113
s_016um_00042_00207-1,-0.17840898
s_016um_00078_00235-1,-0.24404538
s_016um_00169_00376-1,-0.23062858
s_016um_00256_00034-1,0.060270816
s_016um_00082_00266-1,-0.41336352
s_016um_00355_00121-1,-0.34926134
s_016um_00223_00248-1,-0.19455373
s_016um_00179_00028-1,-0.10293892
s_016um_00075_00296-1,-0.28238043
s_016um_00261_00188-1,-0.37429518
s_016um_00311_00059-1,-0.18584634
s_016um_00119_00145-1,-0.2736695
s_016um_00083_00029-1,-0.2428153
s_016um_00030_00089-1,-0.29282105
s_016um_00083_00069-1,-0.39631706
s_016um_00291_00095-1,-0.03290689
s_016um_00355_00414-1,-0.1412061
s_016um_00163_00290-1,-0.32871667
s_016um_00229_00261-1,-0.2913082
s_016um_00031_00089-1,-0.4807468
s_016um_00235_00358-1,-0.52697885
s_016um_00273_00223-1,-0.27205896
s_016um_00223_00250-1,-0.34918183
s_016um_00030_00332-1,-0.48755038
s_016um_00403_00396-1,-1.0262853
s_016um_00255_00024-1,-0.20644948
s_016um_00389_00295-1,-0.35562742
s_016um_00238_00360-1,-0.50592875
s_016um_00403_00122-1,-0.17371565
s_016um_00401_00120-1,-0.27738392
s_016um_00058_00242-1,-0.37410635
s_016um_00359_00091-1,-0.2951992
s_016um_00043_00218-1,-0.2727788
s_016um_00039_00045-1,-0.4158931
s_016um_00137_00217-1,-0.3005583
s_016um_00078_00297-1,-0.34061366
s_016um_00337_00403-1,-0.210729
s_016um_00323_00301-1,-0.25812945
s_016um_00274_00311-1,-0.5298881
s_016um_00274_00133-1,-0.34273395
s_016um_00224_00228-1,-0.3444332
s_016um_00025_00086-1,-0.4435975
s_016um_00119_00144-1,-0.052698493
s_016um_00223_00231-1,-0.3460074
s_016um_00085_00284-1,-0.40134293
s_016um_00197_00128-1,-0.49712718
s_016um_00352_00025-1,-0.290219
s_016um_00067_00239-1,0.050319076
s_016um_00211_00030-1,-0.2677604
s_016um_00355_00122-1,-0.24589825
s_016um_00030_00337-1,-0.3955884
s_016um_00078_00281-1,-0.30448455
s_016um_00085_00265-1,-0.38852474
s_016um_00046_00216-1,-0.20517293
s_016um_00222_00025-1,0.070923656
s_016um_00038_00103-1,-0.47456068
s_016um_00403_00123-1,-0.08586557
s_016um_00227_00334-1,-0.42277384
s_016um_00012_00153-1,-0.39185393
s_016um_00405_00398-1,-0.40621793
s_016um_00084_00032-1,-0.6025896
s_016um_00101_00028-1,-0.26247907
s_016um_00393_00337-1,-0.49165702
s_016um_00147_00401-1,-0.45922166
s_016um_00102_00029-1,-0.44238663
s_016um_00150_00402-1,-0.36498818
s_016um_00082_00033-1,-0.45404714
s_016um_00081_00200-1,-0.29665598
s_016um_00148_00397-1,-0.16439417
s_016um_00277_00139-1,-0.36385602
s_016um_00356_00021-1,0.19877777
s_016um_00040_00043-1,-0.35353312
s_016um_00195_00093-1,-0.27559865
s_016um_00275_00328-1,-0.38816896
s_016um_00082_00293-1,-0.34807822
s_016um_00042_00216-1,0.010459632
s_016um_00209_00029-1,-0.4801533
s_016um_00039_00203-1,-0.0825405
s_016um_00414_00141-1,-0.40136424
s_016um_00347_00212-1,-0.2981902
s_016um_00045_00209-1,-0.3993109
s_016um_00093_00334-1,-0.4566912
s_016um_00275_00130-1,-0.43449453
s_016um_00220_00026-1,-0.45850778
s_016um_00273_00035-1,-0.21680126
s_016um_00407_00395-1,-0.5678655
s_016um_00359_00291-1,-0.37478295
s_016um_00167_00376-1,-0.5112755
s_016um_00260_00134-1,-0.26863444
s_016um_00078_00237-1,0.12054795
s_016um_00392_00357-1,0.086343884
s_016um_00128_00384-1,-0.102671176
s_016um_00087_00029-1,-0.36386546
s_016um_00374_00140-1,-0.36977017
s_016um_00243_00087-1,-0.12622353
s_016um_00082_00264-1,-0.43299776
s_016um_00271_00228-1,-0.32539842
s_016um_00036_00006-1,-0.5105216
s_016um_00079_00282-1,-0.3362589
s_016um_00045_00219-1,-0.42378965
s_016um_00157_00292-1,-0.20087528
s_016um_00135_00219-1,-0.22631723
s_016um_00268_00226-1,-0.3432538
s_016um_00036_00005-1,-0.37411168
s_016um_00057_00247-1,-0.24838321
s_016um_00131_00231-1,-0.3386044
s_016um_00207_00148-1,-0.2953626
s_016um_00342_00220-1,0.262359
s_016um_00266_00062-1,0.038174033
s_016um_00219_00171-1,-0.6351421
s_016um_00267_00134-1,-0.3002272
s_016um_00136_00072-1,-0.41104928
s_016um_00366_00143-1,-0.124053165
s_016um_00404_00121-1,-0.36792898
s_016um_00230_00248-1,-0.4512406
s_016um_00400_00367-1,-0.4304342
s_016um_00248_00024-1,-0.17781374
s_016um_00401_00122-1,-0.4097153
s_016um_00224_00331-1,-0.4072387
s_016um_00025_00091-1,-0.49587056
s_016um_00237_00089-1,-0.08272508
s_016um_00066_00127-1,-0.51223975
s_016um_00140_00054-1,-0.48419827
s_016um_00077_00298-1,-0.40620285
s_016um_00214_00035-1,-0.35502213
s_016um_00395_00341-1,-0.3786919
s_016um_00321_00165-1,-0.42647764
s_016um_00010_00294-1,-0.13155615
s_016um_00172_00125-1,-0.30892298
s_016um_00148_00399-1,-0.3126101
s_016um_00100_00028-1,-0.17729804
s_016um_00329_00119-1,-0.09925957
s_016um_00040_00044-1,-0.33807427
s_016um_00353_00120-1,-0.4094631
s_016um_00077_00294-1,-0.43861625
s_016um_00122_00151-1,-0.39370355
s_016um_00128_00093-1,-0.18820927
s_016um_00130_00383-1,-0.28119716
s_016um_00273_00316-1,-0.35662192
s_016um_00388_00128-1,-0.45381427
s_016um_00324_00297-1,-0.2151638
s_016um_00148_00058-1,-0.41976064
s_016um_00060_00245-1,-0.48618138
s_016um_00250_00023-1,-0.10031079
s_016um_00275_00207-1,-0.50840104
s_016um_00212_00032-1,-0.029511958
s_016um_00224_00247-1,-0.4647092
s_016um_00036_00105-1,-0.35122916
s_016um_00376_00123-1,-0.37770316
s_016um_00269_00029-1,-0.2051508
s_016um_00394_00340-1,-0.6682615
s_016um_00396_00365-1,-0.632244
s_016um_00139_00070-1,-0.3749507
s_016um_00352_00018-1,-0.23227215
s_016um_00032_00329-1,-0.28192067
s_016um_00263_00330-1,-0.3906479
s_016um_00228_00329-1,-0.3666221
s_016um_00364_00095-1,-0.13321471
s_016um_00180_00026-1,-0.28579062
s_016um_00189_00122-1,-0.2069005
s_016um_00134_00076-1,-0.09631091
s_016um_00325_00121-1,-0.21820009
s_016um_00093_00027-1,-0.2551863
s_016um_00216_00033-1,-0.12284398
s_016um_00079_00297-1,-0.35806084
s_016um_00239_00184-1,-0.4004101
s_016um_00323_00164-1,-0.07624538
s_016um_00410_00097-1,-0.35699
s_016um_00102_00390-1,-0.17498328
s_016um_00281_00316-1,-0.35576922
s_016um_00393_00342-1,-0.5477999
s_016um_00122_00147-1,-0.4219368
s_016um_00397_00257-1,-0.3749628
s_016um_00357_00412-1,-0.32144624
s_016um_00222_00232-1,-0.23655717
s_016um_00285_00096-1,-0.14371765
s_016um_00273_00045-1,0.21200058
s_016um_00022_00265-1,-0.39657333
s_016um_00369_00122-1,-0.3103912
s_016um_00044_00212-1,-0.19744608
s_016um_00086_00273-1,-0.41392374
s_016um_00137_00318-1,0.030865937
s_016um_00400_00219-1,-0.26239252
s_016um_00092_00268-1,-0.19104034
s_016um_00042_00244-1,-0.12116185
s_016um_00227_00237-1,-0.27417067
s_016um_00178_00026-1,-0.31122065
s_016um_00398_00212-1,-0.27153474
s_016um_00273_00229-1,-0.169108
s_016um_00328_00305-1,-0.19444168
s_016um_00044_00172-1,-0.5562439
s_016um_00064_00133-1,-0.43964863
s_016um_00067_00130-1,-0.5766552
s_016um_00356_00095-1,-0.22153404
s_016um_00407_00098-1,-0.4123557
s_016um_00230_00247-1,-0.3448924
s_016um_00368_00226-1,-0.40131015
s_016um_00361_00286-1,-0.42534453
s_016um_00073_00245-1,-0.15657307
s_016um_00286_00100-1,-0.3306751
s_016um_00321_00167-1,-0.11480795
s_016um_00092_00339-1,-0.1470054
s_016um_00406_00148-1,-0.18500169
s_016um_00223_00167-1,0.016628474
s_016um_00324_00122-1,-0.07384054
s_016um_00365_00222-1,-0.4148621
s_016um_00340_00213-1,-0.3277243
s_016um_00367_00228-1,-0.39060768
s_016um_00259_00186-1,-0.23287772
s_016um_00219_00168-1,-0.32958812
s_016um_00152_00402-1,-0.31521934
s_016um_00018_00264-1,-0.36097017
s_016um_00414_00105-1,-0.3733458
s_016um_00105_00068-1,-0.5013973
s_016um_00041_00240-1,-0.48439318
s_016um_00055_00242-1,-0.36789802
s_016um_00047_00207-1,-0.36658156
s_016um_00371_00123-1,-0.08517729
s_016um_00407_00399-1,-0.34163317
s_016um_00080_00285-1,-0.38677222
s_016um_00277_00322-1,-0.14722516
s_016um_00037_00177-1,-0.43759796
s_016um_00335_00403-1,0.081823766
s_016um_00225_00237-1,-0.3124534
s_016um_00325_00300-1,-0.27220243
s_016um_00008_00212-1,-0.4614995
s_016um_00358_00417-1,-0.517002
s_016um_00259_00192-1,-0.4656232
s_016um_00036_00178-1,0.0332278
s_016um_00215_00011-1,-0.45572338
s_016um_00365_00225-1,-0.47087967
s_016um_00028_00090-1,-0.6319525
s_016um_00083_00198-1,-0.48326612
s_016um_00090_00270-1,-0.30925444
s_016um_00038_00049-1,-0.18518199
s_016um_00397_00217-1,-0.3155331
s_016um_00012_00294-1,-0.23268664
s_016um_00084_00071-1,-0.20281877
s_016um_00017_00264-1,-0.5151787
s_016um_00105_00388-1,-0.1018582
s_016um_00127_00385-1,-0.048460245
s_016um_00169_00128-1,-0.29106238
s_016um_00207_00151-1,-0.10280582
s_016um_00228_00236-1,-0.3694654
s_016um_00239_00191-1,0.07714173
s_016um_00151_00402-1,-0.3904429
s_016um_00408_00150-1,-0.055592895
s_016um_00190_00125-1,-0.0017514527
s_016um_00353_00122-1,-0.35498855
s_016um_00398_00179-1,-0.23987949
s_016um_00356_00089-1,-0.23478714
s_016um_00090_00336-1,-0.5514525
s_016um_00079_00197-1,-0.4465996
s_016um_00314_00055-1,-0.17373914
s_016um_00270_00060-1,0.0871793
s_016um_00201_00151-1,-0.06059462
s_016um_00097_00068-1,-0.43113595
s_016um_00235_00088-1,-0.20040418
s_016um_00134_00073-1,-0.81388927
s_016um_00045_00203-1,-0.32179958
s_016um_00087_00273-1,-0.33239183
s_016um_00336_00396-1,-0.32117215
s_016um_00336_00404-1,-0.32295403
s_016um_00272_00046-1,-0.08852257
s_016um_00279_00205-1,-0.3736971
s_016um_00253_00029-1,-0.3467536
s_016um_00133_00074-1,-0.45605612
s_016um_00281_00329-1,-0.3817378
s_016um_00348_00024-1,-0.2620144
s_016um_00039_00208-1,-0.34851277
s_016um_00006_00208-1,-0.19407605
s_016um_00041_00243-1,-0.2994651
s_016um_00227_00327-1,-0.442257
s_016um_00400_00368-1,-0.45916313
s_016um_00383_00134-1,0.18483475
s_016um_00109_00387-1,0.01955682
s_016um_00134_00226-1,-0.26703885
s_016um_00389_00130-1,-0.26934803
s_016um_00272_00227-1,-0.40410763
s_016um_00218_00282-1,-0.37590325
s_016um_00369_00143-1,-0.35463127
s_016um_00212_00292-1,-0.155961
s_016um_00194_00127-1,-0.123860225
s_016um_00220_00281-1,-0.21077451
s_016um_00054_00248-1,-0.043362528
s_016um_00195_00097-1,-0.3363923
s_016um_00220_00279-1,-0.26598448
s_016um_00087_00198-1,-0.24560286
s_016um_00264_00189-1,-0.51070106
s_016um_00060_00250-1,-0.32995936
s_016um_00133_00233-1,-0.3383309
s_016um_00230_00359-1,-0.30323863
s_016um_00079_00285-1,-0.33651227
s_016um_00395_00216-1,-0.3502528
s_016um_00214_00031-1,0.010738432
s_016um_00005_00156-1,-0.39903253
s_016um_00392_00294-1,-0.47193986
s_016um_00354_00287-1,-0.19843665
s_016um_00279_00201-1,-0.33989987
s_016um_00045_00217-1,-0.4719954
s_016um_00226_00239-1,-0.5044797
s_016um_00366_00094-1,-0.27589715
s_016um_00274_00329-1,-0.14960353
s_016um_00413_00138-1,-0.32930163
s_016um_00373_00124-1,-0.35163715
s_016um_00275_00223-1,-0.59366816
s_016um_00128_00090-1,-0.23866405
s_016um_00036_00009-1,-0.5406144
s_016um_00274_00131-1,-0.26738888
s_016um_00131_00388-1,-0.2757563
s_016um_00230_00331-1,0.40384457
s_016um_00097_00341-1,-0.3116647
s_016um_00079_00250-1,-0.24126892
s_016um_00320_00302-1,-0.29609784
s_016um_00015_00268-1,-0.2597916
s_016um_00084_00269-1,-0.32563677
s_016um_00275_00327-1,-0.33529332
s_016um_00265_00329-1,-0.4560027
s_016um_00046_00242-1,0.48932895
s_016um_00088_00270-1,-0.30405986
s_016um_00263_00185-1,0.44312045
s_016um_00037_00097-1,-0.24605057
s_016um_00076_00297-1,-0.5045814
s_016um_00068_00235-1,-0.12709755
s_016um_00309_00058-1,-0.47653556
s_016um_00219_00031-1,-0.33358157
s_016um_00261_00028-1,-0.434586
s_016um_00370_00122-1,-0.27130297
s_016um_00227_00239-1,-0.32534382
s_016um_00369_00102-1,-0.007405907
s_016um_00145_00014-1,-0.2843322
s_016um_00354_00020-1,-0.13953185
s_016um_00211_00032-1,-0.029085547
s_016um_00089_00268-1,-0.24765655
s_016um_00386_00297-1,-0.36935607
s_016um_00081_00237-1,-0.13287494
s_016um_00262_00058-1,-0.07107535
s_016um_00123_00147-1,-0.2659922
s_016um_00239_00086-1,-0.17975649
s_016um_00080_00284-1,-0.35225675
s_016um_00220_00011-1,-0.3220822
s_016um_00033_00085-1,-0.3114976
s_016um_00267_00029-1,-0.3751852
s_016um_00080_00278-1,-0.13195159
s_016um_00404_00122-1,-0.499182
s_016um_00220_00029-1,-0.5574705
s_016um_00223_00335-1,-0.38942227
s_016um_00235_00267-1,-0.42314208
s_016um_00091_00268-1,-0.16586688
s_016um_00033_00007-1,-0.44729197
s_016um_00010_00151-1,-0.51858175
s_016um_00184_00026-1,-0.29349712
s_016um_00067_00127-1,-0.51024437
s_016um_00090_00271-1,-0.37932587
s_016um_00029_00085-1,-0.47053602
s_016um_00022_00271-1,-0.3573913
s_016um_00262_00334-1,-0.2670381
s_016um_00358_00118-1,-0.19395083
s_016um_00243_00086-1,-0.2764664
s_016um_00325_00299-1,-0.034758955
s_016um_00031_00092-1,-0.29385176
s_016um_00229_00243-1,-0.4996173
s_016um_00355_00113-1,-0.26062208
s_016um_00369_00230-1,-0.18856713
s_016um_00394_00356-1,-0.38618928
s_016um_00074_00247-1,-0.20523562
s_016um_00079_00269-1,-0.47798237
s_016um_00278_00313-1,-0.35703245
s_016um_00080_00299-1,-0.2757286
s_016um_00394_00345-1,0.14068502
s_016um_00141_00219-1,-0.12556393
s_016um_00312_00053-1,-0.24919033
s_016um_00266_00130-1,-0.06469414
s_016um_00096_00271-1,-0.49054164
s_016um_00089_00073-1,-0.3238056
s_016um_00040_00102-1,-0.5424272
s_016um_00169_00375-1,-0.22848438
s_016um_00408_00397-1,-0.6320672
s_016um_00034_00334-1,-0.29497004
s_016um_00342_00399-1,-0.52241266
s_016um_00231_00361-1,-0.40693185
s_016um_00142_00019-1,-0.20854613
s_016um_00354_00091-1,-0.27975515
s_016um_00157_00291-1,-0.28267387
s_016um_00357_00091-1,-0.41823858
s_016um_00321_00168-1,-0.19054854
s_016um_00191_00122-1,-0.19668114
s_016um_00137_00215-1,0.6670339
s_016um_00403_00127-1,-0.36715263
s_016um_00258_00190-1,-0.23604473
s_016um_00054_00245-1,-0.55540466
s_016um_00351_00026-1,-0.39944467
s_016um_00347_00213-1,-0.09413196
s_016um_00086_00068-1,-0.446118
s_016um_00351_00094-1,-0.3129674
s_016um_00212_00033-1,-0.4558473
s_016um_00103_00387-1,-0.21400666
s_016um_00263_00186-1,0.9763087
s_016um_00354_00119-1,-0.35365704
s_016um_00231_00359-1,-0.4926461
s_016um_00020_00269-1,-0.2241826
s_016um_00271_00034-1,-0.21391888
s_016um_00339_00398-1,-0.086140424
s_016um_00275_00205-1,-0.4047144
s_016um_00361_00418-1,-0.2665802
s_016um_00221_00231-1,-0.15383115
s_016um_00045_00212-1,-0.38809443
s_016um_00048_00218-1,-0.05824013
s_016um_00248_00021-1,-0.21331093
s_016um_00190_00094-1,-0.348897
s_016um_00402_00258-1,-0.15622312
s_016um_00060_00247-1,-0.40394372
s_016um_00402_00403-1,-0.7611606
s_016um_00196_00128-1,-0.34570146
s_016um_00106_00315-1,-0.10030188
s_016um_00149_00397-1,-0.45449197
s_016um_00226_00242-1,-0.53981113
s_016um_00075_00294-1,-0.16974135
s_016um_00352_00023-1,-0.35167775
s_016um_00326_00167-1,-0.28135705
s_016um_00223_00328-1,-0.3217177
s_016um_00274_00228-1,-0.3268813
s_016um_00192_00126-1,0.051199555
s_016um_00393_00295-1,-0.18242654
s_016um_00225_00250-1,-0.4233425
s_016um_00381_00138-1,-0.3426544
s_016um_00225_00026-1,0.033542246
s_016um_00402_00369-1,-0.76363516
s_016um_00106_00318-1,-0.28331915
s_016um_00220_00276-1,-0.4525132
s_016um_00407_00146-1,-0.2899168
s_016um_00382_00137-1,-0.31240287
s_016um_00329_00122-1,0.030527532
s_016um_00152_00395-1,-0.29664326
s_016um_00387_00341-1,-0.3090829
s_016um_00327_00215-1,-0.33009434
s_016um_00273_00031-1,0.15867767
s_016um_00272_00049-1,0.040357083
s_016um_00100_00387-1,-0.27626616
s_016um_00083_00293-1,-0.39937428
s_016um_00407_00148-1,-0.4379703
s_016um_00263_00133-1,-0.17433584
s_016um_00165_00123-1,-0.34853268
s_016um_00086_00283-1,-0.4559208
s_016um_00407_00403-1,0.5164907
s_016um_00368_00102-1,-0.061772138
s_016um_00066_00125-1,-0.45183086
s_016um_00141_00062-1,-0.20420176
s_016um_00040_00040-1,-0.48238564
s_016um_00267_00129-1,-0.24400148
s_016um_00215_00290-1,-0.47285643
s_016um_00227_00236-1,-0.3197247
s_016um_00157_00289-1,0.3375382
s_016um_00210_00297-1,-0.56656885
s_016um_00207_00147-1,-0.1083104
s_016um_00142_00021-1,0.0713681
s_016um_00196_00097-1,-0.49817988
s_016um_00330_00122-1,-0.4334001
s_016um_00034_00330-1,-0.36706245
s_016um_00397_00182-1,-0.35085642
s_016um_00081_00264-1,-0.60501003
s_016um_00240_00083-1,0.068562806
s_016um_00127_00382-1,-0.21220094
s_016um_00322_00304-1,-0.44210917
s_016um_00185_00027-1,-0.35550576
s_016um_00062_00133-1,-0.57968915
s_016um_00236_00360-1,-0.5074078
s_016um_00265_00331-1,-0.35293734
s_016um_00044_00173-1,-0.22917597
s_016um_00027_00336-1,-0.44557378
s_016um_00019_00268-1,-0.31193373
s_016um_00034_00003-1,-0.44217557
s_016um_00029_00084-1,-0.2960489
s_016um_00061_00249-1,-0.4103209
s_016um_00033_00335-1,-0.32100302
s_016um_00007_00295-1,-0.45583445
s_016um_00418_00140-1,-0.25120646
s_016um_00355_00412-1,-0.5439231
s_016um_00042_00211-1,-0.4245695
s_016um_00130_00089-1,-0.4857207
s_016um_00104_00385-1,-0.0890162
s_016um_00401_00121-1,-0.3420418
s_016um_00417_00139-1,-0.31620583
s_016um_00132_00094-1,-0.42552233
s_016um_00269_00333-1,-0.32132822
s_016um_00194_00122-1,-0.41358235
s_016um_00279_00048-1,-0.45954388
s_016um_00217_00032-1,-0.27098113
s_016um_00211_00027-1,-0.30941793
s_016um_00326_00169-1,-0.3243826
s_016um_00096_00339-1,-0.29317546
s_016um_00010_00211-1,-0.37720332
s_016um_00321_00228-1,-0.49222964
s_016um_00312_00060-1,-0.4185193
s_016um_00092_00338-1,-0.18800157
s_016um_00134_00074-1,-0.27758887
s_016um_00327_00217-1,-0.39156368
s_016um_00164_00288-1,-0.26266864
s_016um_00046_00237-1,-0.44574517
s_016um_00083_00031-1,-0.40801373
s_016um_00335_00258-1,-0.28333104
s_016um_00388_00129-1,-0.35430074
s_016um_00181_00024-1,-0.5626277
s_016um_00390_00345-1,-0.4762684
s_016um_00322_00298-1,-0.35262424
s_016um_00219_00235-1,-0.24232516
s_016um_00372_00142-1,0.14971617
s_016um_00372_00117-1,-0.35343236
s_016um_00231_00261-1,-0.39690304
s_016um_00360_00294-1,-0.45408645
s_016um_00390_00337-1,-0.50665784
s_016um_00045_00237-1,-0.4785636
s_016um_00259_00185-1,-0.28458828
s_016um_00395_00372-1,-0.43677106
s_016um_00267_00062-1,-0.1046747
s_016um_00151_00399-1,-0.27007726
s_016um_00153_00397-1,-0.37913585
s_016um_00270_00335-1,-0.17408991
s_016um_00324_00166-1,-0.45373237
s_016um_00224_00236-1,-0.51362836
s_016um_00399_00361-1,-0.32180303
s_016um_00354_00023-1,0.022826135
s_016um_00279_00329-1,-0.3606695
s_016um_00221_00170-1,-0.17774612
s_016um_00233_00362-1,-0.40640506
s_016um_00222_00239-1,-0.3523418
s_016um_00189_00091-1,-0.1919046
s_016um_00078_00299-1,-0.15704763
s_016um_00007_00301-1,-0.14357959
s_016um_00268_00330-1,-0.5696367
s_016um_00289_00095-1,0.1358392
s_016um_00281_00136-1,-0.4912838
s_016um_00410_00103-1,-0.14288616
s_016um_00278_00326-1,-0.27753276
s_016um_00137_00076-1,-0.40414935
s_016um_00041_00215-1,0.56037354
s_016um_00193_00097-1,-0.47551233
s_016um_00095_00336-1,-0.27984372
s_016um_00095_00317-1,-0.3856886
s_016um_00244_00084-1,0.12971616
s_016um_00393_00183-1,-0.3497447
s_016um_00224_00170-1,-0.012700379
s_016um_00341_00220-1,-0.19091687
s_016um_00036_00008-1,-0.28453755
s_016um_00128_00385-1,-0.28411314
s_016um_00224_00232-1,-0.502391
s_016um_00129_00232-1,-0.40222728
s_016um_00138_00021-1,-0.5363601
s_016um_00410_00104-1,-0.2896809
s_016um_00122_00148-1,-0.31839955
s_016um_00082_00282-1,-0.32167664
s_016um_00094_00027-1,-0.27813926
s_016um_00235_00359-1,-0.47104567
s_016um_00325_00126-1,0.14325029
s_016um_00277_00138-1,-0.1578053
s_016um_00171_00375-1,-0.31152704
s_016um_00199_00151-1,0.25482193
s_016um_00356_00122-1,-0.24835892
s_016um_00192_00096-1,-0.3275029
s_016um_00404_00150-1,-0.45477962
s_016um_00266_00134-1,-0.1622151
s_016um_00224_00245-1,-0.30307725
s_016um_00347_00219-1,-0.3322989
s_016um_00380_00131-1,-0.28429636
s_016um_00091_00275-1,-0.33339983
s_016um_00217_00010-1,-0.48664266
s_016um_00220_00014-1,-0.08661844
s_016um_00336_00402-1,-0.32355946
s_016um_00352_00026-1,-0.24876516
s_016um_00085_00195-1,-0.48719114
s_016um_00399_00372-1,-0.28391236
s_016um_00129_00226-1,-0.40197578
s_016um_00394_00295-1,-0.34618053
s_016um_00054_00243-1,-0.20866686
s_016um_00117_00146-1,-0.14991921
s_016um_00275_00324-1,-0.58708686
s_016um_00326_00230-1,-0.48324543
s_016um_00335_00398-1,-0.44922528
s_016um_00371_00138-1,-0.3065836
s_016um_00194_00094-1,-0.26550356
s_016um_00037_00174-1,-0.44919962
s_016um_00257_00187-1,-0.17466053
s_016um_00096_00272-1,-0.35225734
s_016um_00104_00383-1,-0.35023296
s_016um_00400_00124-1,-0.016438425
s_016um_00139_00222-1,-0.4095744
s_016um_00273_00131-1,-0.08295126
s_016um_00220_00032-1,-0.54396313
s_016um_00079_00239-1,-0.31680912
s_016um_00360_00416-1,0.01742208
s_016um_00011_00153-1,-0.56305146
s_016um_00322_00163-1,-0.37901115
s_016um_00042_00242-1,0.7898568
s_016um_00413_00105-1,-0.38824838
s_016um_00220_00224-1,-0.20308805
s_016um_00369_00101-1,0.018398881
s_016um_00061_00246-1,-0.33582637
s_016um_00043_00208-1,-0.11529651
s_016um_00048_00214-1,-0.4063942
s_016um_00179_00030-1,-0.48689628
s_016um_00193_00092-1,-0.2576126
s_016um_00398_00370-1,-0.53590465
s_016um_00406_00397-1,-0.7247093
s_016um_00043_00215-1,-0.34251365
s_016um_00408_00105-1,-0.09623045
s_016um_00358_00411-1,-0.517812
s_016um_00246_00083-1,0.086036116
s_016um_00080_00033-1,-0.49612415
s_016um_00395_00366-1,-0.34372258
s_016um_00363_00224-1,-0.08886534
s_016um_00225_00170-1,-0.06955697
s_016um_00241_00089-1,-0.17814815
s_016um_00028_00085-1,-0.4533608
s_016um_00194_00128-1,-0.23542908
s_016um_00228_00245-1,-0.52847177
s_016um_00413_00101-1,-0.4786711
s_016um_00393_00179-1,-0.44433677
s_016um_00217_00231-1,-0.31076068
s_016um_00262_00337-1,-0.3565632
s_016um_00369_00142-1,-0.49033302
s_016um_00233_00358-1,-0.29185727
s_016um_00115_00146-1,-0.16631143
s_016um_00039_00172-1,-0.5682025
s_016um_00108_00390-1,-0.32782507
s_016um_00270_00029-1,-0.06863269
s_016um_00085_00200-1,-0.29015008
s_016um_00370_00118-1,-0.2716194
s_016um_00136_00222-1,-0.09269211
s_016um_00089_00278-1,-0.33552226
s_016um_00214_00011-1,-0.45134673
s_016um_00267_00331-1,-0.5255032
s_016um_00088_00065-1,-0.6012801
s_016um_00235_00189-1,-0.34543964
s_016um_00236_00093-1,0.28179535
s_016um_00335_00404-1,-0.33313835
s_016um_00192_00127-1,-0.3571176
s_016um_00358_00294-1,-0.28559974
s_016um_00090_00276-1,-0.5151372
s_016um_00224_00226-1,-0.31693345
s_016um_00147_00059-1,-0.41072407
s_016um_00041_00041-1,-0.3182553
s_016um_00116_00151-1,-0.1900436
s_016um_00208_00291-1,-0.31108004
s_016um_00097_00066-1,-0.4112842
s_016um_00085_00032-1,-0.42512885
s_016um_00364_00226-1,-0.4377411
s_016um_00104_00390-1,-0.41645393
s_016um_00089_00272-1,-0.4500296
s_016um_00098_00070-1,-0.41624814
s_016um_00224_00235-1,-0.5219934
s_016um_00168_00128-1,-0.30380005
s_016um_00223_00234-1,-0.35745952
s_016um_00109_00321-1,-0.086072356
s_016um_00067_00133-1,-0.38861176
s_016um_00067_00234-1,-0.3554405
s_016um_00222_00327-1,-0.22883508
s_016um_00097_00070-1,-0.30969673
s_016um_00366_00098-1,-0.17035465
s_016um_00396_00181-1,-0.27148762
s_016um_00133_00073-1,-0.42756486
s_016um_00094_00315-1,-0.025025517
s_016um_00219_00282-1,-0.3210663
s_016um_00059_00243-1,-0.4280753
s_016um_00403_00119-1,-0.2441544
s_016um_00321_00299-1,-0.21470343
s_016um_00082_00243-1,-0.38778877
s_016um_00415_00135-1,-0.3423158
s_016um_00255_00029-1,0.009134203
s_016um_00321_00162-1,-0.07769607
s_016um_00137_00229-1,-0.45620376
s_016um_00039_00044-1,-0.40048602
s_016um_00247_00087-1,-0.04606664
s_016um_00368_00139-1,-0.21670991
s_016um_00283_00325-1,-0.2951978
s_016um_00066_00237-1,-0.3077951
s_016um_00325_00118-1,-0.26507568
s_016um_00006_00299-1,-0.35782224
s_016um_00219_00024-1,-0.2582139
s_016um_00266_00054-1,0.18013382
s_016um_00262_00135-1,0.4297466
s_016um_00117_00144-1,0.38895914
s_016um_00128_00087-1,0.055767268
s_016um_00239_00085-1,-0.1992657
s_016um_00015_00271-1,-0.6833556
s_016um_00166_00125-1,-0.30344886
s_016um_00334_00401-1,0.026335865
s_016um_00396_00215-1,-0.3992264
s_016um_00404_00124-1,-0.12730458
s_016um_00358_00290-1,-0.24015827
s_016um_00338_00399-1,-0.6750117
s_016um_00214_00015-1,-0.36109692
s_016um_00035_00006-1,-0.38664362
s_016um_00399_00219-1,-0.36719158
s_016um_00168_00374-1,0.040228486
s_016um_00344_00214-1,-0.36750787
s_016um_00140_00060-1,-0.35958862
s_016um_00231_00354-1,-0.44585663
s_016um_00225_00246-1,-0.08682352
s_016um_00216_00172-1,-0.071436554
s_016um_00101_00026-1,-0.36207947
s_016um_00146_00395-1,-0.3567286
s_016um_00401_00401-1,-0.867429
s_016um_00331_00250-1,-0.31293145
s_016um_00395_00364-1,-0.61791205
s_016um_00396_00256-1,-0.10024159
s_016um_00242_00188-1,-0.35726726
s_016um_00085_00266-1,-0.30343243
s_016um_00274_00204-1,-0.40224814
s_016um_00307_00059-1,-0.15611187
s_016um_00087_00270-1,-0.38098454
s_016um_00345_00217-1,-0.14970823
s_016um_00278_00207-1,-0.18927999
s_016um_00272_00223-1,-0.38211328
s_016um_00397_00358-1,-0.27307943
s_016um_00371_00097-1,-0.2428115
s_016um_00083_00028-1,-0.40996933
s_016um_00080_00269-1,-0.35425162
s_016um_00231_00088-1,-0.07689679
s_016um_00031_00086-1,-0.13502453
s_016um_00107_00391-1,-0.22360876
s_016um_00337_00397-1,-0.322333
s_016um_00170_00378-1,-0.33397648
s_016um_00130_00225-1,-0.18629836
s_016um_00259_00133-1,-0.42527342
s_016um_00134_00231-1,-0.12432195
s_016um_00082_00272-1,-0.36934248
s_016um_00053_00246-1,-0.35333976
s_016um_00353_00121-1,-0.3824578
s_016um_00230_00262-1,-0.3110247
s_016um_00083_00034-1,-0.402126
s_016um_00275_00206-1,-0.3683863
s_016um_00102_00073-1,-0.485305
s_016um_00007_00210-1,-0.2461737
s_016um_00200_00149-1,-0.13396107
s_016um_00399_00366-1,-0.5294312
s_016um_00093_00340-1,-0.14729202
s_016um_00281_00133-1,-0.24457991
s_016um_00041_00099-1,-0.362869
s_016um_00388_00337-1,-0.69859874
s_016um_00264_00057-1,-0.26324528
s_016um_00352_00114-1,-0.28258568
s_016um_00013_00298-1,-0.32448518
s_016um_00261_00333-1,-0.3274196
s_016um_00265_00056-1,-0.18064651
s_016um_00091_00272-1,-0.39574075
s_016um_00166_00126-1,-0.2657618
s_016um_00388_00130-1,-0.24198806
s_016um_00335_00254-1,-0.411317
s_016um_00395_00179-1,-0.34456366
s_016um_00411_00096-1,-0.36876464
s_016um_00219_00277-1,-0.21092662
s_016um_00043_00206-1,-0.13484244
s_016um_00128_00382-1,-0.24960247
s_016um_00139_00055-1,-0.33740237
s_016um_00263_00056-1,-0.12212217
s_016um_00222_00166-1,0.10031155
s_016um_00277_00208-1,-0.39128628
s_016um_00159_00286-1,0.06460795
s_016um_00344_00220-1,0.027508616
s_016um_00331_00211-1,-0.3194189
s_016um_00407_00151-1,-0.317028
s_016um_00136_00317-1,1.0131799
s_016um_00370_00121-1,-0.22178295
s_016um_00402_00122-1,-0.18250473
s_016um_00375_00136-1,-0.2616601
s_016um_00284_00092-1,-0.17820597
s_016um_00105_00389-1,-0.3215144
s_016um_00282_00323-1,-0.4832886
s_016um_00212_00289-1,-0.33974034
s_016um_00076_00248-1,-0.25994858
s_016um_00040_00208-1,-0.52175367
s_016um_00084_00285-1,-0.28165802
s_016um_00194_00096-1,-0.30287856
s_016um_00361_00226-1,-0.4453134
s_016um_00272_00230-1,-0.41816968
s_016um_00217_00277-1,-0.47590646
s_016um_00012_00296-1,-0.33772406
s_016um_00223_00327-1,-0.413386
s_016um_00224_00250-1,-0.40395743
s_016um_00277_00131-1,-0.036166817
s_016um_00274_00315-1,-0.12603037
s_016um_00218_00225-1,-0.33009136
s_016um_00153_00399-1,-0.46509916
s_016um_00150_00401-1,-0.2608347
s_016um_00413_00137-1,-0.3374306
s_016um_00274_00136-1,-0.47478008
s_016um_00322_00232-1,-0.14158177
s_016um_00084_00027-1,-0.36227244
s_016um_00101_00024-1,-0.3468145
s_016um_00218_00276-1,-0.44676965
s_016um_00349_00024-1,0.009557843
s_016um_00272_00030-1,-0.18721567
s_016um_00215_00018-1,-0.3448834
s_016um_00258_00184-1,-0.22398844
s_016um_00067_00126-1,-0.44867098
s_016um_00386_00298-1,-0.2557753
s_016um_00217_00030-1,-0.47431487
s_016um_00007_00209-1,-0.39593226
s_016um_00095_00030-1,-0.004579276
s_016um_00007_00294-1,-0.3630942
s_016um_00252_00027-1,-0.42226416
s_016um_00276_00136-1,-0.29688984
s_016um_00357_00418-1,-1.0187685
s_016um_00092_00317-1,-0.38856584
s_016um_00398_00261-1,-0.16714348
s_016um_00335_00216-1,-0.1806688
s_016um_00398_00372-1,-0.56754297
s_016um_00210_00031-1,-0.5017738
s_016um_00211_00033-1,-0.3144467
s_016um_00382_00133-1,-0.39521927
s_016um_00165_00124-1,-0.47696453
s_016um_00321_00304-1,-0.28619987
s_016um_00078_00239-1,-0.30506125
s_016um_00039_00049-1,-0.15009513
s_016um_00100_00066-1,-0.3140638
s_016um_00065_00230-1,-0.31084445
s_016um_00079_00267-1,-0.36585233
s_016um_00039_00104-1,-0.5239964
s_016um_00358_00095-1,-0.27613643
s_016um_00358_00093-1,-0.26633784
s_016um_00042_00209-1,-0.32934922
s_016um_00117_00150-1,-0.19451195
s_016um_00265_00034-1,-0.24187964
s_016um_00044_00177-1,-0.39075443
s_016um_00341_00216-1,-0.27554128
s_016um_00387_00339-1,-0.5586224
s_016um_00146_00396-1,-0.3399798
s_016um_00129_00087-1,-0.07950324
s_016um_00368_00098-1,-0.48295942
s_016um_00395_00177-1,-0.49149305
s_016um_00274_00130-1,-0.047970295
s_016um_00355_00019-1,-0.0566466
s_016um_00367_00095-1,-0.5344856
s_016um_00356_00116-1,-0.3325029
s_016um_00126_00092-1,-0.47286612
s_016um_00367_00143-1,-0.32335114
s_016um_00097_00024-1,-0.22638363
s_016um_00080_00271-1,-0.45877331
s_016um_00088_00071-1,-0.47004133
s_016um_00057_00249-1,-0.4438327
s_016um_00039_00206-1,-0.26326323
s_016um_00011_00207-1,-0.20245893
s_016um_00267_00334-1,-0.32778704
s_016um_00236_00186-1,-0.2684105
s_016um_00139_00017-1,-0.12700072
s_016um_00020_00267-1,-0.42488083
s_016um_00092_00274-1,-0.25583377
s_016um_00088_00035-1,-0.34720376
s_016um_00411_00098-1,-0.21121149
s_016um_00354_00413-1,-0.3149301
s_016um_00239_00089-1,-0.22060236
s_016um_00353_00094-1,0.059007525
s_016um_00177_00026-1,-0.3466376
s_016um_00405_00403-1,-0.5969721
s_016um_00386_00133-1,0.0544478
s_016um_00215_00010-1,-0.58463645
s_016um_00326_00168-1,-0.32157996
s_016um_00348_00217-1,-0.35262215
s_016um_00043_00243-1,-0.3530952
s_016um_00240_00086-1,-0.3898597
s_016um_00138_00019-1,-0.45670027
s_016um_00210_00291-1,-0.1450162
s_016um_00275_00315-1,0.2959902
s_016um_00368_00103-1,-0.29487902
s_016um_00391_00364-1,-0.65620303
s_016um_00267_00053-1,-0.13705122
s_016um_00354_00292-1,-0.17716171
s_016um_00371_00118-1,-0.3084202
s_016um_00081_00266-1,-0.46187347
s_016um_00080_00244-1,-0.1001147
s_016um_00323_00300-1,-0.14541353
s_016um_00004_00155-1,-0.42760956
s_016um_00036_00010-1,-0.30109152
s_016um_00275_00048-1,-0.28513476
s_016um_00265_00188-1,-0.11233531
s_016um_00276_00316-1,-0.06655049
s_016um_00328_00211-1,-0.40190187
s_016um_00161_00284-1,0.14278719
s_016um_00080_00237-1,-0.039336443
s_016um_00014_00210-1,-0.46351692
s_016um_00033_00333-1,-0.31484422
s_016um_00227_00231-1,-0.08271775
s_016um_00039_00207-1,-0.36997354
s_016um_00243_00183-1,-0.27953604
s_016um_00140_00075-1,-0.20140359
s_016um_00367_00098-1,-0.2163967
s_016um_00042_00203-1,-0.40315002
s_016um_00014_00267-1,-0.38239592
s_016um_00285_00098-1,-0.042319477
s_016um_00269_00060-1,-0.22900647
s_016um_00213_00280-1,-0.38160962
s_016um_00278_00318-1,-0.32935044
s_016um_00375_00146-1,-0.05137968
s_016um_00354_00293-1,-0.2806783
s_016um_00038_00177-1,-0.14049569
s_016um_00043_00044-1,-0.4098344
s_016um_00160_00288-1,-0.20544097
s_016um_00350_00026-1,-0.21256196
s_016um_00328_00300-1,-0.02559799
s_016um_00327_00166-1,-0.2034415
s_016um_00273_00046-1,0.3025616
s_016um_00390_00362-1,-0.69371927
s_016um_00263_00058-1,0.02189371
s_016um_00138_00073-1,-0.40177223
s_016um_00022_00267-1,-0.3070098
s_016um_00260_00135-1,-0.2360834
s_016um_00404_00120-1,-0.29153985
s_016um_00039_00101-1,-0.40658584
s_016um_00390_00339-1,-0.3927522
s_016um_00363_00229-1,-0.30177653
s_016um_00216_00032-1,-0.3368964
s_016um_00054_00244-1,-0.27121738
s_016um_00034_00329-1,-0.37071633
s_016um_00231_00356-1,-0.08852805
s_016um_00193_00127-1,-0.042276204
s_016um_00282_00315-1,-0.35063186
s_016um_00271_00060-1,-0.14137188
s_016um_00082_00287-1,-0.43376353
s_016um_00158_00293-1,-0.26289922
s_016um_00354_00415-1,-0.054468423
s_016um_00224_00240-1,-0.33313498
s_016um_00276_00317-1,-0.31591612
s_016um_00015_00266-1,-0.6746866
s_016um_00340_00215-1,-0.36295727
s_016um_00146_00058-1,-0.61341274
s_016um_00097_00316-1,-0.15128662
s_016um_00271_00230-1,-0.5242219
s_016um_00085_00198-1,-0.40310073
s_016um_00235_00266-1,-0.4424318
s_016um_00004_00153-1,-0.41266736
s_016um_00242_00189-1,-0.16067493
s_016um_00042_00219-1,-0.3745925
s_016um_00415_00137-1,-0.27507666
s_016um_00086_00034-1,-0.57523996
s_016um_00226_00252-1,-0.27114978
s_016um_00139_00056-1,-0.39333767
s_016um_00374_00125-1,-0.20389384
s_016um_00417_00135-1,-0.18607518
s_016um_00131_00230-1,-0.31572112
s_016um_00169_00371-1,-0.07698284
s_016um_00402_00152-1,-0.12307331
s_016um_00276_00205-1,-0.25076005
s_016um_00040_00218-1,-0.14735082
s_016um_00131_00089-1,-0.5297788
s_016um_00231_00355-1,-0.3426165
s_016um_00242_00182-1,-0.030220956
s_016um_00406_00125-1,-0.34499756
s_016um_00233_00090-1,-0.055542663
s_016um_00099_00338-1,-0.29408017
s_016um_00269_00056-1,0.2371352
s_016um_00225_00330-1,-0.48397654
s_016um_00251_00024-1,-0.33373156
s_016um_00115_00150-1,-0.43541798
s_016um_00339_00399-1,-0.4384306
s_016um_00147_00056-1,-0.07774171
s_016um_00160_00289-1,-0.2866049
s_016um_00279_00321-1,-0.54771715
s_016um_00088_00264-1,-0.21656212
s_016um_00237_00264-1,-0.2989988
s_016um_00040_00215-1,0.84993076
s_016um_00040_00175-1,-0.21378544
s_016um_00362_00289-1,-0.45314452
s_016um_00121_00146-1,-0.39828938
s_016um_00387_00128-1,-0.17956978
s_016um_00119_00146-1,-0.21220633
s_016um_00042_00243-1,-0.11755264
s_016um_00397_00179-1,-0.30509198
s_016um_00037_00104-1,-0.38999984
s_016um_00257_00192-1,-0.54154706
s_016um_00246_00082-1,-0.32051528
s_016um_00237_00182-1,-0.13113081
s_016um_00090_00272-1,-0.66736925
s_016um_00040_00046-1,-0.3844623
s_016um_00235_00092-1,0.5421401
s_016um_00334_00398-1,-0.37036014
s_016um_00399_00212-1,-0.42158192
s_016um_00141_00017-1,-0.23813492
s_016um_00070_00232-1,-0.35888684
s_016um_00337_00256-1,-0.3944528
s_016um_00130_00229-1,-0.1885882
s_016um_00206_00145-1,-0.26618636
s_016um_00224_00230-1,-0.29607683
s_016um_00141_00056-1,-0.30581546
s_016um_00065_00133-1,-0.5259744
s_016um_00142_00013-1,-0.321161
s_016um_00367_00102-1,-0.24760683
s_016um_00140_00077-1,-0.28931263
s_016um_00181_00029-1,-0.4091065
s_016um_00281_00323-1,-0.55669165
s_016um_00406_00151-1,-0.30513433
s_016um_00390_00341-1,-0.87211394
s_016um_00223_00030-1,-0.26085356
s_016um_00083_00281-1,-0.5724058
s_016um_00260_00032-1,-0.06359221
s_016um_00098_00023-1,-0.33373302
s_016um_00254_00020-1,-0.109776616
s_016um_00310_00060-1,-0.37990838
s_016um_00373_00118-1,-0.07193652
s_016um_00278_00325-1,-0.16840601
s_016um_00355_00089-1,-0.47991258
s_016um_00270_00056-1,-0.13999724
s_016um_00098_00319-1,-0.38107377
s_016um_00039_00097-1,-0.5690203
s_016um_00236_00088-1,-0.04400161
s_016um_00043_00041-1,-0.2992114
s_016um_00233_00264-1,-0.22075596
s_016um_00270_00033-1,-0.43785775
s_016um_00171_00126-1,-0.17457086
s_016um_00343_00220-1,0.4691988
s_016um_00170_00127-1,-0.36794552
s_016um_00175_00374-1,-0.19613606
s_016um_00236_00184-1,-0.4812866
s_016um_00135_00232-1,-0.3579403
s_016um_00239_00090-1,-0.014348239
s_016um_00089_00069-1,-0.5117475
s_016um_00073_00247-1,-0.1526093
s_016um_00287_00093-1,-0.11419651
s_016um_00253_00020-1,-0.40899956
s_016um_00274_00207-1,-0.34809685
s_016um_00375_00142-1,-0.34236148
s_016um_00356_00117-1,-0.4195234
s_016um_00103_00385-1,-0.059350714
s_016um_00046_00214-1,-0.30717847
s_016um_00355_00090-1,-0.25968868
s_016um_00391_00179-1,-0.3203172
s_016um_00166_00122-1,0.1000905
s_016um_00361_00287-1,-0.2885009
s_016um_00340_00396-1,-0.052716523
s_016um_00372_00123-1,-0.2586697
s_016um_00276_00130-1,-0.11435895
s_016um_00057_00243-1,-0.4223363
s_016um_00080_00282-1,-0.5352943
s_016um_00273_00230-1,-0.43697292
s_016um_00309_00054-1,-0.16357043
s_016um_00172_00371-1,-0.22056913
s_016um_00196_00122-1,0.026946455
s_016um_00043_00171-1,-0.5493275
s_016um_00341_00404-1,-0.3746483
s_016um_00191_00125-1,-0.09006898
s_016um_00084_00034-1,-0.3494322
s_016um_00356_00094-1,-0.19628534
s_016um_00282_00327-1,-0.38649508
s_016um_00407_00396-1,-0.70737404
s_016um_00325_00119-1,-0.08070479
s_016um_00410_00098-1,-0.2755186
s_016um_00387_00344-1,-0.63203466
s_016um_00222_00330-1,-0.4503085
s_016um_00167_00128-1,-0.16021359
s_016um_00400_00366-1,-0.33044502
s_016um_00163_00285-1,-0.14295226
s_016um_00265_00031-1,-0.29985994
s_016um_00266_00029-1,-0.38756245
s_016um_00338_00400-1,-0.25334764
s_016um_00044_00245-1,-0.46714252
s_016um_00080_00248-1,-0.22600831
s_016um_00328_00228-1,-0.33648837
s_016um_00358_00291-1,-0.19030425
s_016um_00076_00239-1,-0.30960247
s_016um_00122_00149-1,-0.26342335
s_016um_00377_00135-1,-0.3935023
s_016um_00331_00212-1,-0.32374674
s_016um_00142_00015-1,-0.39122564
s_016um_00099_00315-1,-0.542404
s_016um_00010_00158-1,-0.27553618
s_016um_00268_00061-1,-0.19481371
s_016um_00371_00148-1,-0.0729561
s_016um_00220_00232-1,0.26373544
s_016um_00333_00254-1,-0.38349116
s_016um_00366_00099-1,-0.21002756
s_016um_00280_00311-1,-0.4670624
s_016um_00216_00017-1,-0.43794316
s_016um_00064_00232-1,-0.048436493
s_016um_00260_00132-1,-0.3464094
s_016um_00043_00242-1,0.65591574
s_016um_00361_00289-1,-0.24930514
s_016um_00402_00256-1,-0.52119726
s_016um_00100_00024-1,-0.39149058
s_016um_00034_00104-1,-0.49248168
s_016um_00184_00025-1,-0.37954944
s_016um_00094_00026-1,-0.2222628
s_016um_00223_00236-1,-0.24211559
s_016um_00400_00254-1,-0.30866984
s_016um_00048_00240-1,-0.45286873
s_016um_00046_00239-1,-0.31601802
s_016um_00068_00237-1,-0.14051716
s_016um_00147_00395-1,-0.46889645
s_016um_00348_00219-1,-0.4839412
s_016um_00229_00330-1,-0.2574891
s_016um_00085_00281-1,-0.40354684
s_016um_00325_00163-1,-0.43870258
s_016um_00020_00265-1,-0.14675976
s_016um_00354_00093-1,-0.16543606
s_016um_00226_00250-1,-0.33687967
s_016um_00245_00082-1,-0.059100255
s_016um_00271_00229-1,-0.5164501
s_016um_00190_00090-1,-0.32026687
s_016um_00374_00147-1,0.13645387
s_016um_00220_00168-1,-0.25296986
s_016um_00103_00072-1,-0.2712692
s_016um_00280_00050-1,-0.10379827
s_016um_00307_00056-1,-0.12524116
s_016um_00081_00284-1,-0.24992932
s_016um_00012_00208-1,-0.42460012
s_016um_00068_00132-1,-0.48182386
s_016um_00097_00318-1,-0.43719608
s_016um_00241_00086-1,-0.20017533
s_016um_00336_00255-1,-0.27080005
s_016um_00289_00094-1,-0.14261767
s_016um_00064_00129-1,-0.29336402
s_016um_00264_00061-1,-0.07648325
s_016um_00006_00158-1,-0.7585039
s_016um_00086_00035-1,-0.612759
s_016um_00144_00062-1,-0.6633816
s_016um_00038_00179-1,-0.5351542
s_016um_00269_00028-1,-0.3338034
s_016um_00136_00232-1,-0.27505606
s_016um_00307_00054-1,-0.24534729
s_016um_00027_00092-1,-0.4541574
s_016um_00085_00031-1,-0.43558207
s_016um_00283_00096-1,-0.14046079
s_016um_00056_00249-1,-0.3328333
s_016um_00354_00092-1,-0.20161793
s_016um_00128_00092-1,-0.35324207
s_016um_00408_00153-1,-0.3585083
s_016um_00260_00190-1,-0.2893704
s_016um_00228_00261-1,-0.556245
s_016um_00329_00256-1,-0.48264995
s_016um_00134_00315-1,0.39833894
s_016um_00278_00205-1,-0.5867605
s_016um_00346_00214-1,-0.2757389
s_016um_00073_00248-1,-0.3916058
s_016um_00213_00034-1,-0.30420724
s_016um_00220_00169-1,-0.06925328
s_016um_00144_00016-1,-0.3731292
s_016um_00132_00225-1,-0.5207814
s_016um_00394_00370-1,-0.49139547
s_016um_00217_00017-1,-0.35494134
s_016um_00091_00337-1,0.22708228
s_016um_00088_00067-1,-0.50759006
s_016um_00084_00070-1,-0.47744396
s_016um_00229_00249-1,-0.26203513
s_016um_00242_00090-1,-0.19287953
s_016um_00384_00134-1,0.0038187206
s_016um_00114_00319-1,-0.47145087
s_016um_00225_00027-1,-0.34305847
s_016um_00172_00378-1,-0.3714749
s_016um_00264_00190-1,-0.43313694
s_016um_00035_00101-1,-0.47845548
s_016um_00356_00417-1,-0.59327555
s_016um_00212_00280-1,-0.4032118
s_016um_00274_00209-1,-0.25743535
s_016um_00107_00321-1,-0.13942686
s_016um_00136_00320-1,0.35642216
s_016um_00123_00148-1,-0.38249484
s_016um_00014_00208-1,-0.41826785
s_016um_00068_00128-1,-0.51339424
s_016um_00083_00294-1,-0.22580442
s_016um_00319_00163-1,-0.3072863
s_016um_00059_00247-1,-0.56392586
s_016um_00037_00101-1,-0.32012507
s_016um_00355_00417-1,-0.824911
s_016um_00086_00071-1,-0.34502953
s_016um_00331_00126-1,-0.3755973
s_016um_00378_00135-1,-0.28422308
s_016um_00404_00394-1,-0.8278053
s_016um_00068_00238-1,-0.3318901
s_016um_00335_00251-1,-0.1491364
s_016um_00110_00315-1,-0.17931804
s_016um_00043_00177-1,-0.39264593
s_016um_00325_00125-1,-0.030119926
s_016um_00351_00092-1,-0.31777894
s_016um_00255_00034-1,-0.5865412
s_016um_00365_00229-1,-0.1663814
s_016um_00042_00213-1,0.15459645
s_016um_00344_00211-1,-0.38737142
s_016um_00373_00146-1,0.6360532
s_016um_00041_00042-1,-0.41875535
s_016um_00235_00262-1,-0.42702156
s_016um_00273_00332-1,-0.38243946
s_016um_00044_00214-1,-0.45125738
s_016um_00206_00148-1,-0.14951359
s_016um_00287_00097-1,-0.12737946
s_016um_00118_00144-1,-0.15915936
s_016um_00221_00283-1,-0.2883393
s_016um_00280_00326-1,-0.35295078
s_016um_00372_00139-1,-0.6243017
s_016um_00387_00133-1,-0.21894625
s_016um_00029_00335-1,-0.43811816
s_016um_00097_00320-1,-0.36061865
s_016um_00263_00335-1,-0.19957943
s_016um_00133_00314-1,0.15507993
s_016um_00358_00285-1,-0.38368386
s_016um_00416_00138-1,-0.41501707
s_016um_00348_00023-1,-0.13478881
s_016um_00358_00418-1,-0.8101165
s_016um_00225_00231-1,-0.42147455
s_016um_00366_00226-1,-0.3377801
s_016um_00270_00062-1,-0.21165186
s_016um_00219_00174-1,-0.3460481
s_016um_00393_00341-1,-0.48441944
s_016um_00363_00290-1,-0.3994935
s_016um_00070_00231-1,-0.49077046
s_016um_00228_00328-1,-0.3563293
s_016um_00213_00281-1,-0.29837006
s_016um_00170_00372-1,-0.19792855
s_016um_00089_00277-1,-0.35267276
s_016um_00080_00281-1,-0.35938868
s_016um_00085_00071-1,-0.30141303
s_016um_00237_00085-1,0.1492933
s_016um_00061_00131-1,-0.5967968
s_016um_00089_00266-1,-0.50056887
s_016um_00136_00077-1,-0.47788468
s_016um_00338_00396-1,0.042234927
s_016um_00092_00266-1,-0.45787528
s_016um_00257_00184-1,-0.27820715
s_016um_00218_00031-1,-0.6668508
s_016um_00173_00373-1,-0.3608535
s_016um_00087_00069-1,-0.4483843
s_016um_00213_00029-1,-0.3476098
s_016um_00327_00303-1,-0.04748115
s_016um_00344_00215-1,-0.38485652
s_016um_00107_00388-1,-0.432929
s_016um_00126_00090-1,-0.43389928
s_016um_00320_00301-1,-0.37269312
s_016um_00267_00228-1,-0.30530715
s_016um_00259_00028-1,-0.23036513
s_016um_00009_00295-1,-0.5593012
s_016um_00328_00254-1,-0.32730445
s_016um_00038_00099-1,-0.37861943
s_016um_00222_00237-1,-0.36935222
s_016um_00328_00229-1,-0.41494477
s_016um_00337_00401-1,-0.10978468
s_016um_00369_00227-1,-0.3532636
s_016um_00036_00044-1,-0.33764988
s_016um_00275_00134-1,-0.36998767
s_016um_00139_00061-1,-0.59979904
s_016um_00327_00231-1,-0.39606804
s_016um_00330_00255-1,-0.19181998
s_016um_00326_00122-1,-0.37852204
s_016um_00048_00245-1,-0.34040564
s_016um_00273_00205-1,-0.327184
s_016um_00322_00300-1,-0.06065628
s_016um_00334_00251-1,-0.24189474
s_016um_00133_00089-1,-0.37211454
s_016um_00336_00214-1,-0.20301758
s_016um_00006_00211-1,-0.4239569
s_016um_00081_00298-1,-0.35388535
s_016um_00238_00356-1,-0.42427474
s_016um_00138_00218-1,-0.08848186
s_016um_00218_00168-1,-0.13699007
s_016um_00265_00338-1,-0.06370421
s_016um_00271_00331-1,-0.2851395
s_016um_00390_00294-1,-0.28537315
s_016um_00039_00048-1,-0.45223212
s_016um_00352_00119-1,-0.26090947
s_016um_00100_00322-1,-0.43904656
s_016um_00369_00098-1,-0.024270296
s_016um_00067_00229-1,-0.20943743
s_016um_00146_00017-1,-0.63666356
s_016um_00223_00173-1,0.11031029
s_016um_00098_00341-1,-0.40074927
s_016um_00402_00402-1,-0.5379168
s_016um_00241_00087-1,-0.19141373
s_016um_00266_00331-1,-0.4091202
s_016um_00262_00332-1,-0.37187845
s_016um_00372_00100-1,-0.22279966
s_016um_00255_00028-1,0.03221652
s_016um_00209_00290-1,-0.291354
s_016um_00103_00070-1,-0.28890702
s_016um_00363_00223-1,-0.31022525
s_016um_00355_00415-1,-0.358587
s_016um_00033_00332-1,-0.39162815
s_016um_00336_00401-1,-0.29810834
s_016um_00083_00068-1,-0.4668914
s_016um_00407_00153-1,-0.2623328
s_016um_00346_00213-1,-0.05273962
s_016um_00017_00269-1,-0.2792312
s_016um_00387_00134-1,-0.136922
s_016um_00359_00412-1,-0.65097314
s_016um_00249_00023-1,0.17149967
s_016um_00334_00213-1,-0.276492
s_016um_00135_00229-1,-0.40820673
s_016um_00232_00090-1,-0.07373409
s_016um_00352_00021-1,-0.09248407
s_016um_00367_00100-1,-0.088403836
s_016um_00381_00130-1,-0.30210447
s_016um_00248_00026-1,-0.28605357
s_016um_00097_00029-1,-0.4218334
s_016um_00132_00226-1,-0.20612106
s_016um_00393_00292-1,-0.4115567
s_016um_00135_00231-1,-0.30873254
s_016um_00140_00220-1,-0.44385982
s_016um_00368_00124-1,-0.25805944
s_016um_00170_00376-1,-0.26139933
s_016um_00357_00293-1,-0.2666213
s_016um_00377_00139-1,-0.5486536
s_016um_00130_00316-1,0.2275916
s_016um_00226_00333-1,-0.40614724
s_016um_00226_00231-1,-0.18416971
s_016um_00240_00186-1,-0.33063412
s_016um_00042_00101-1,-0.34563774
s_016um_00225_00245-1,-0.31187153
s_016um_00008_00154-1,-0.6575225
s_016um_00167_00374-1,-0.111611605
s_016um_00079_00032-1,-0.21670398
s_016um_00370_00102-1,-0.072136864
s_016um_00330_00217-1,-0.48208338
s_016um_00215_00035-1,-0.28242025
s_016um_00190_00093-1,-0.4311888
s_016um_00339_00404-1,-0.39525047
s_016um_00236_00262-1,-0.08376816
s_016um_00083_00299-1,-0.49933046
s_016um_00010_00293-1,0.20897344
s_016um_00288_00096-1,-0.2644009
s_016um_00290_00100-1,-0.25014168
s_016um_00074_00238-1,-0.24944876
s_016um_00228_00243-1,-0.55688626
s_016um_00383_00127-1,-0.16101505
s_016um_00076_00236-1,-0.27017272
s_016um_00089_00267-1,-0.05720733
s_016um_00240_00189-1,-0.015432835
s_016um_00359_00119-1,-0.378788
s_016um_00009_00300-1,-0.3010786
s_016um_00005_00153-1,-0.48011395
s_016um_00140_00221-1,-0.2631925
s_016um_00370_00225-1,-0.4013335
s_016um_00269_00228-1,-0.3999268
s_016um_00141_00076-1,-0.26076165
s_016um_00163_00286-1,-0.39268652
s_016um_00319_00162-1,-0.2930439
s_016um_00071_00237-1,-0.42765266
s_016um_00279_00314-1,-0.015279889
s_016um_00274_00202-1,-0.37260062
s_016um_00017_00267-1,-0.28603622
s_016um_00229_00247-1,-0.38806155
s_016um_00077_00246-1,-0.19297184
s_016um_00224_00330-1,-0.49460667
s_016um_00106_00390-1,-0.10353504
s_016um_00324_00233-1,-0.33081552
s_016um_00355_00093-1,-0.22953556
s_016um_00270_00057-1,-0.18213977
s_016um_00274_00223-1,-0.4351113
s_016um_00227_00329-1,-0.42657495
s_016um_00131_00228-1,-0.16736002
s_016um_00068_00233-1,-0.5730829
s_016um_00275_00312-1,-0.17294851
s_016um_00080_00201-1,-0.4251104
s_016um_00091_00273-1,-0.33804947
s_016um_00073_00244-1,-0.29196078
s_016um_00040_00045-1,-0.5291266
s_016um_00170_00374-1,-0.29013658
s_016um_00218_00009-1,-0.41526484
s_016um_00195_00094-1,-0.25395364
s_016um_00276_00328-1,-0.35907
s_016um_00032_00334-1,-0.34788013
s_016um_00075_00293-1,-0.20850393
s_016um_00078_00245-1,-0.2864124
s_016um_00267_00336-1,-0.26709634
s_016um_00230_00244-1,-0.39290205
s_016um_00096_00273-1,-0.475254
s_016um_00325_00302-1,-0.17185082
s_016um_00231_00357-1,-0.41630605
s_016um_00373_00121-1,-0.3561105
s_016um_00336_00400-1,-0.31195447
s_016um_00357_00291-1,-0.37863246
s_016um_00400_00126-1,-0.4922012
s_016um_00095_00335-1,-0.59873515
s_016um_00267_00227-1,-0.15325288
s_016um_00066_00235-1,-0.33272156
s_016um_00183_00033-1,-0.5481601
s_016um_00236_00267-1,-0.35253334
s_016um_00202_00152-1,-0.1836462
s_016um_00324_00224-1,-0.63728356
s_016um_00268_00335-1,-0.49441266
s_016um_00415_00099-1,-0.61006916
s_016um_00097_00340-1,-0.33583942
s_016um_00077_00241-1,-0.39700344
s_016um_00258_00192-1,-0.2928811
s_016um_00093_00322-1,-0.33400655
s_016um_00216_00229-1,-0.4379782
s_016um_00029_00092-1,-0.4309379
s_016um_00278_00312-1,-0.42951465
s_016um_00106_00069-1,-0.4427899
s_016um_00266_00133-1,-0.15733506
s_016um_00218_00172-1,-0.21656412
s_016um_00267_00224-1,-0.5487586
s_016um_00334_00218-1,-0.2517089
s_016um_00031_00335-1,-0.20365655
s_016um_00251_00027-1,-0.4249884
s_016um_00107_00315-1,-0.5124313
s_016um_00040_00050-1,-0.4592111
s_016um_00236_00183-1,0.048696816
s_016um_00236_00087-1,-0.12301235
s_016um_00136_00219-1,-0.3706181
s_016um_00224_00027-1,-0.24199599
s_016um_00324_00167-1,-0.26161617
s_016um_00408_00402-1,-0.25364488
s_016um_00401_00399-1,-0.3158508
s_016um_00391_00358-1,-0.34046203
s_016um_00137_00071-1,-0.5148985
s_016um_00189_00098-1,-0.18949246
s_016um_00218_00024-1,-0.57367325
s_016um_00048_00212-1,-0.37330568
s_016um_00280_00327-1,-0.35023567
s_016um_00372_00140-1,-0.16624461
s_016um_00356_00412-1,-0.5508498
s_016um_00407_00100-1,-0.19215071
s_016um_00244_00086-1,-0.11344549
s_016um_00310_00059-1,-0.3205575
s_016um_00137_00069-1,-0.07838845
s_016um_00044_00237-1,-0.2708588
s_016um_00096_00318-1,-0.3803266
s_016um_00083_00240-1,-0.2804053
s_016um_00093_00269-1,-0.36666504
s_016um_00146_00401-1,-0.26945412
s_016um_00400_00120-1,-0.39207807
s_016um_00039_00042-1,-0.40059513
s_016um_00067_00235-1,-0.09268415
s_016um_00088_00269-1,-0.2837244
s_016um_00196_00123-1,-0.23687637
s_016um_00270_00337-1,-0.35306188
s_016um_00360_00415-1,-0.61520934
s_016um_00272_00051-1,0.068765074
s_016um_00216_00170-1,-0.11112104
s_016um_00369_00140-1,-0.23118198
s_016um_00128_00229-1,-0.4836078
s_016um_00126_00385-1,-0.0010667443
s_016um_00321_00224-1,-0.25874066
s_016um_00166_00127-1,-0.19194575
s_016um_00352_00115-1,-0.3064443
s_016um_00030_00335-1,-0.3432038
s_016um_00395_00367-1,-0.2625802
s_016um_00267_00128-1,-0.29133832
s_016um_00032_00336-1,-0.54124075
s_016um_00356_00096-1,-0.28024602
s_016um_00266_00135-1,-0.07548885
s_016um_00395_00343-1,-0.21677612
s_016um_00011_00299-1,-0.052891776
s_016um_00262_00188-1,-0.24165778
s_016um_00158_00288-1,-0.43912643
s_016um_00111_00318-1,-0.39706072
s_016um_00179_00025-1,-0.51483554
s_016um_00147_00018-1,-0.336997
s_016um_00268_00036-1,-0.300058
s_016um_00216_00231-1,-0.44551662
s_016um_00358_00412-1,-0.98591673
s_016um_00233_00087-1,-0.23498231
s_016um_00289_00099-1,-0.40817508
s_016um_00199_00147-1,-0.16599762
s_016um_00330_00258-1,-0.42732155
s_016um_00248_00085-1,-0.2798949
s_016um_00038_00047-1,-0.15598083
s_016um_00190_00123-1,-0.5397976
s_016um_00268_00222-1,0.039805353
s_016um_00048_00239-1,-0.2812386
s_016um_00045_00216-1,-0.28234938
s_016um_00274_00135-1,-0.04979314
s_016um_00264_00187-1,0.53648484
s_016um_00144_00022-1,-0.6183045
s_016um_00372_00097-1,-0.23676847
s_016um_00355_00114-1,-0.27641118
s_016um_00371_00099-1,-0.17859103
s_016um_00132_00234-1,-0.5029122
s_016um_00280_00049-1,0.35575077
s_016um_00264_00135-1,0.49730888
s_016um_00241_00085-1,-0.0070799887
s_016um_00359_00417-1,-0.7271027
s_016um_00101_00073-1,-0.5974008
s_016um_00240_00087-1,-0.039517045
s_016um_00407_00397-1,-0.5425469
s_016um_00276_00322-1,-0.12729885
s_016um_00071_00232-1,-0.3112663
s_016um_00231_00260-1,-0.44851118
s_016um_00139_00071-1,-0.5113
s_016um_00358_00117-1,-0.4159121
s_016um_00196_00127-1,-0.3856527
s_016um_00308_00054-1,-0.24484359
s_016um_00389_00343-1,-0.63454664
s_016um_00228_00238-1,-0.41112688
s_016um_00327_00299-1,-0.26914018
s_016um_00061_00244-1,-0.33629164
s_016um_00403_00263-1,-0.33332157
s_016um_00101_00383-1,-0.45382255
s_016um_00223_00232-1,-0.4007818
s_016um_00128_00320-1,-0.23261625
s_016um_00269_00027-1,-0.15450488
s_016um_00027_00087-1,-0.41306067
s_016um_00006_00293-1,-0.4371065
s_016um_00224_00231-1,-0.18853465
s_016um_00327_00304-1,-0.32085562
s_016um_00178_00025-1,-0.49549723
s_016um_00036_00104-1,-0.27314568
s_016um_00380_00132-1,-0.08977832
s_016um_00367_00222-1,-0.334094
s_016um_00272_00204-1,-0.18179992
s_016um_00068_00127-1,-0.50085604
s_016um_00350_00093-1,-0.142317
s_016um_00087_00267-1,-0.46062937
s_016um_00331_00219-1,-0.34437087
s_016um_00321_00231-1,-0.13191828
s_016um_00395_00181-1,-0.6075202
s_016um_00076_00238-1,-0.31988287
s_016um_00407_00150-1,-0.700352
s_016um_00078_00244-1,-0.10657109
s_016um_00252_00021-1,-0.12200381
s_016um_00353_00118-1,-0.40887165
s_016um_00345_00216-1,-0.27145323
s_016um_00417_00137-1,-0.33390346
s_016um_00276_00313-1,-0.43039736
s_016um_00039_00099-1,-0.64078534
s_016um_00237_00358-1,-0.32140753
s_016um_00159_00290-1,-0.3769979
s_016um_00098_00065-1,-0.36841783
s_016um_00223_00246-1,-0.16597483
s_016um_00142_00061-1,-0.43643045
s_016um_00061_00247-1,-0.27665657
s_016um_00032_00085-1,-0.21084204
s_016um_00149_00402-1,-0.46767664
s_016um_00220_00171-1,-0.1288379
s_016um_00229_00248-1,-0.34193668
s_016um_00187_00094-1,-0.18180972
s_016um_00389_00341-1,-0.5413488
s_016um_00390_00342-1,-0.35221675
s_016um_00231_00265-1,-0.55259776
s_016um_00308_00055-1,-0.038243324
s_016um_00188_00091-1,-0.5181129
s_016um_00045_00175-1,-0.31548858
s_016um_00406_00154-1,-0.22937965
s_016um_00125_00388-1,-0.40935826
s_016um_00372_00116-1,-0.10134606
s_016um_00280_00203-1,-0.40886056
s_016um_00357_00294-1,-0.3198045
s_016um_00331_00118-1,-0.2419437
s_016um_00202_00145-1,-0.23666582
s_016um_00012_00209-1,-0.3978408
s_016um_00262_00192-1,-0.1804739
s_016um_00216_00228-1,-0.49632782
s_016um_00206_00150-1,-0.27588505
s_016um_00095_00273-1,-0.3402965
s_016um_00269_00033-1,-0.37112975
s_016um_00274_00137-1,-0.18132105
s_016um_00133_00092-1,-0.25484565
s_016um_00185_00031-1,-0.43688142
s_016um_00330_00124-1,-0.2729668
s_016um_00401_00260-1,-0.21729088
s_016um_00228_00265-1,-0.4749837
s_016um_00205_00152-1,-0.22338632
s_016um_00401_00213-1,-0.1870929
s_016um_00086_00198-1,0.045672357
s_016um_00234_00354-1,-0.83205867
s_016um_00215_00032-1,-0.22534072
s_016um_00029_00333-1,-0.43287146
s_016um_00207_00293-1,-0.47090757
s_016um_00034_00007-1,-0.53738266
s_016um_00124_00388-1,-0.44907802
s_016um_00090_00066-1,-0.6320803
s_016um_00037_00172-1,-0.38464814
s_016um_00169_00378-1,-0.31985334
s_016um_00255_00026-1,-0.3302655
s_016um_00132_00086-1,-0.45739716
s_016um_00393_00344-1,-0.31301144
s_016um_00277_00316-1,-0.16700304
s_016um_00163_00293-1,-0.35124815
s_016um_00065_00131-1,-0.3299912
s_016um_00213_00277-1,-0.5167497
s_016um_00106_00383-1,-0.14287122
s_016um_00103_00388-1,-0.30944696
s_016um_00060_00129-1,-0.62095606
s_016um_00228_00334-1,-0.33553192
s_016um_00136_00226-1,-0.26920357
s_016um_00173_00370-1,-0.23854491
s_016um_00393_00177-1,-0.2774418
s_016um_00211_00297-1,-0.40723443
s_016um_00366_00223-1,-0.38748622
s_016um_00015_00272-1,-0.44923532
s_016um_00235_00089-1,-0.24725391
s_016um_00163_00124-1,-0.4688819
s_016um_00085_00028-1,-0.575408
s_016um_00119_00149-1,-0.21739835
s_016um_00046_00243-1,-0.2600965
s_016um_00158_00289-1,-0.14073372
s_016um_00131_00383-1,-0.25407335
s_016um_00232_00086-1,-0.29698446
s_016um_00069_00230-1,-0.24533263
s_016um_00274_00032-1,-0.187381
s_016um_00409_00102-1,-0.29496315
s_016um_00097_00274-1,-0.3349558
s_016um_00380_00141-1,-0.01964721
s_016um_00038_00043-1,-0.68492424
s_016um_00413_00102-1,-0.2571598
s_016um_00081_00297-1,-0.44935983
s_016um_00273_00051-1,0.112837315
s_016um_00238_00090-1,-0.076649025
s_016um_00218_00232-1,-0.4778732
s_016um_00112_00321-1,0.44474462
s_016um_00094_00279-1,-0.34064066
s_016um_00391_00337-1,-0.41858193
s_016um_00101_00319-1,-0.21046463
s_016um_00181_00025-1,-0.65317655
s_016um_00007_00297-1,-0.3092148
s_016um_00215_00295-1,-0.57869077
s_016um_00136_00231-1,-0.019218475
s_016um_00033_00087-1,-0.48899552
s_016um_00146_00021-1,-0.30671808
s_016um_00193_00126-1,0.24098912
s_016um_00067_00125-1,-0.6158383
s_016um_00065_00129-1,-0.3347464
s_016um_00396_00179-1,-0.14564611
s_016um_00223_00168-1,0.087742716
s_016um_00099_00067-1,-0.442486
s_016um_00081_00269-1,-0.39457262
s_016um_00326_00232-1,-0.39811888
s_016um_00405_00259-1,-0.44974735
s_016um_00041_00204-1,-0.3572144
s_016um_00412_00104-1,-0.23075186
s_016um_00084_00278-1,-0.3954572
s_016um_00403_00151-1,-0.36346224
s_016um_00406_00401-1,-1.3160595
s_016um_00366_00095-1,-0.2551786
s_016um_00080_00193-1,-0.26407123
s_016um_00038_00171-1,-0.41563386
s_016um_00381_00133-1,-0.32525507
s_016um_00401_00256-1,-0.246555
s_016um_00226_00328-1,-0.34011886
s_016um_00036_00176-1,-0.5131554
s_016um_00084_00197-1,-0.2623483
s_016um_00230_00265-1,-0.47409016
s_016um_00347_00022-1,-0.012084663
s_016um_00357_00411-1,-0.5211993
s_016um_00033_00008-1,-0.41223136
s_016um_00179_00032-1,-0.30387685
s_016um_00369_00118-1,-0.2825637
s_016um_00237_00190-1,-0.20599008
s_016um_00368_00230-1,-0.03891924
s_016um_00075_00237-1,-0.25932217
s_016um_00016_00272-1,-0.27403525
s_016um_00099_00387-1,-0.13969575
s_016um_00216_00018-1,-0.40555874
s_016um_00348_00218-1,-0.18505138
s_016um_00131_00314-1,0.3387392
s_016um_00398_00371-1,-0.59600604
s_016um_00142_00222-1,-0.24482486
s_016um_00013_00154-1,-0.44325024
s_016um_00128_00088-1,-0.09563248
s_016um_00214_00014-1,-0.39387518
s_016um_00095_00026-1,-0.5689666
s_016um_00262_00128-1,-0.40226483
s_016um_00408_00400-1,-0.7137738
s_016um_00065_00238-1,-0.29521298
s_016um_00327_00227-1,-0.57594657
s_016um_00047_00242-1,0.1602945
s_016um_00255_00021-1,-0.18857807
s_016um_00322_00306-1,-0.34537336
s_016um_00389_00298-1,-0.3557956
s_016um_00090_00340-1,-0.50542426
s_016um_00355_00289-1,0.013328344
s_016um_00128_00381-1,-0.1362602
s_016um_00349_00020-1,-0.45389163
s_016um_00075_00238-1,-0.300216
s_016um_00263_00130-1,0.07824251
s_016um_00008_00151-1,-0.49663493
s_016um_00405_00148-1,-0.26505712
s_016um_00241_00182-1,-0.27939904
s_016um_00137_00220-1,-0.10164568
s_016um_00245_00090-1,-0.3253146
s_016um_00217_00012-1,-0.45150185
s_016um_00278_00329-1,-0.17485125
s_016um_00141_00221-1,-0.2637688
s_016um_00098_00321-1,-0.4117685
s_016um_00076_00247-1,-0.46549928
s_016um_00007_00156-1,-0.48215786
s_016um_00029_00091-1,-0.39573517
s_016um_00098_00337-1,0.042758316
s_016um_00101_00071-1,-0.3740386
s_016um_00039_00205-1,-0.5968621
s_016um_00320_00299-1,-0.23064435
s_016um_00012_00156-1,-0.4513549
s_016um_00397_00373-1,-0.2584561
s_016um_00380_00127-1,-0.4683283
s_016um_00382_00130-1,-0.36644065
s_016um_00142_00221-1,-0.6299976
s_016um_00134_00316-1,-0.054176807
s_016um_00131_00387-1,-0.4592781
s_016um_00081_00286-1,-0.49426472
s_016um_00369_00094-1,-0.2015391
s_016um_00099_00317-1,-0.29016343
s_016um_00237_00362-1,-0.49889022
s_016um_00228_00251-1,-0.4391687
s_016um_00141_00070-1,-0.49211597
s_016um_00351_00023-1,-0.17754942
s_016um_00133_00322-1,0.5122838
s_016um_00372_00122-1,-0.49324745
s_016um_00216_00173-1,-0.13738
s_016um_00329_00126-1,-0.38551015
s_016um_00359_00293-1,-0.2621982
s_016um_00275_00202-1,-0.21817201
s_016um_00133_00071-1,-0.4006213
s_016um_00332_00217-1,-0.3706637
s_016um_00325_00301-1,-0.1642614
s_016um_00192_00092-1,-0.32453716
s_016um_00138_00224-1,-0.3020273
s_016um_00151_00397-1,-0.3098112
s_016um_00272_00047-1,0.02832824
s_016um_00069_00232-1,-0.5080948
s_016um_00088_00275-1,-0.32605693
s_016um_00330_00213-1,-0.34000316
s_016um_00233_00085-1,-0.12528117
s_016um_00104_00389-1,-0.4510673
s_016um_00217_00011-1,-0.37895972
s_016um_00351_00116-1,-0.26434574
s_016um_00069_00231-1,-0.48853746
s_016um_00320_00226-1,0.0399386
s_016um_00214_00293-1,-0.29515657
s_016um_00165_00126-1,-0.61234534
s_016um_00031_00328-1,-0.29061696
s_016um_00076_00243-1,-0.33496046
s_016um_00273_00224-1,-0.37505627
s_016um_00347_00220-1,-0.21766657
s_016um_00374_00124-1,-0.29002088
s_016um_00213_00035-1,-0.16170155
s_016um_00217_00167-1,-0.35581103
s_016um_00323_00231-1,-0.3944631
s_016um_00239_00084-1,-0.3022199
s_016um_00214_00034-1,-0.18778518
s_016um_00161_00287-1,-0.26081052
s_016um_00374_00142-1,-0.27677348
s_016um_00275_00329-1,-0.31346306
s_016um_00006_00296-1,-0.29677773
s_016um_00236_00091-1,-0.12859268
s_016um_00374_00141-1,-0.51455814
s_016um_00281_00318-1,-0.21477462
s_016um_00082_00283-1,0.0493474
s_016um_00324_00162-1,-0.30064183
s_016um_00191_00124-1,-0.08001889
s_016um_00371_00095-1,-0.2549301
s_016um_00215_00284-1,-0.05271089
s_016um_00326_00163-1,-0.363378
s_016um_00118_00145-1,-0.3247065
s_016um_00160_00287-1,0.014047086
s_016um_00069_00130-1,-0.59905875
s_016um_00336_00253-1,-0.37213776
s_016um_00418_00138-1,-0.1741065
s_016um_00225_00334-1,-0.37835127
s_016um_00325_00122-1,-0.15217744
s_016um_00358_00091-1,-0.33494928
s_016um_00095_00025-1,-0.43600374
s_016um_00083_00297-1,-0.3652434
s_016um_00047_00240-1,-0.30676404
s_016um_00200_00152-1,-0.21481377
s_016um_00282_00322-1,-0.3878538
s_016um_00063_00125-1,-0.35925245
s_016um_00357_00286-1,-0.2610916
s_016um_00351_00091-1,-0.27532342
s_016um_00388_00295-1,-0.22664872
s_016um_00358_00410-1,-0.682042
s_016um_00392_00293-1,-0.27816692
s_016um_00324_00299-1,-0.0886842
s_016um_00042_00206-1,0.02242577
s_016um_00082_00295-1,-0.38548428
s_016um_00369_00145-1,-0.5053637
s_016um_00223_00014-1,-0.41169962
s_016um_00004_00156-1,-0.3866459
s_016um_00392_00365-1,-0.6069377
s_016um_00097_00031-1,-0.32339236
s_016um_00327_00118-1,-0.25106943
s_016um_00388_00341-1,-0.404123
s_016um_00237_00357-1,-0.26913062
s_016um_00275_00225-1,-0.36271
s_016um_00216_00011-1,-0.4768715
s_016um_00260_00189-1,-0.021526247
s_016um_00100_00318-1,-0.23479171
s_016um_00223_00233-1,-0.30241254
s_016um_00277_00049-1,-0.3826808
s_016um_00195_00092-1,-0.31684506
s_016um_00220_00233-1,-0.24273628
s_016um_00324_00165-1,-0.3553944
s_016um_00218_00015-1,-0.13062367
s_016um_00069_00236-1,-0.42261466
s_016um_00095_00031-1,-0.24165559
s_016um_00214_00291-1,-0.40461493
s_016um_00401_00149-1,-0.31846166
s_016um_00135_00073-1,-0.44668826
s_016um_00368_00222-1,-0.24281533
s_016um_00264_00056-1,-0.13166294
s_016um_00355_00098-1,-0.37563172
s_016um_00267_00335-1,-0.41796803
s_016um_00355_00023-1,-0.32217744
s_016um_00118_00147-1,-0.1812061
s_016um_00104_00391-1,-0.35220054
s_016um_00258_00191-1,-0.44659722
s_016um_00212_00035-1,-0.026498884
s_016um_00011_00296-1,-0.24633907
s_016um_00045_00204-1,-0.43508053
s_016um_00006_00210-1,-0.43140417
s_016um_00258_00188-1,-0.5236565
s_016um_00090_00339-1,-0.49614444
s_016um_00131_00086-1,-0.3471966
s_016um_00032_00090-1,-0.4623775
s_016um_00258_00030-1,-0.23651141
s_016um_00083_00193-1,0.16996151
s_016um_00395_00183-1,-0.2997469
s_016um_00257_00026-1,-0.5758302
s_016um_00042_00175-1,-0.45476335
s_016um_00322_00302-1,-0.31266183
s_016um_00323_00230-1,-0.2397817
s_016um_00234_00186-1,-0.3569446
s_016um_00134_00218-1,-0.3680724
s_016um_00227_00328-1,-0.44584012
s_016um_00268_00228-1,-0.3611471
s_016um_00391_00344-1,0.0024386048
s_016um_00137_00218-1,-0.21202442
s_016um_00128_00321-1,-0.40420854
s_016um_00212_00030-1,-0.2272775
s_016um_00131_00088-1,-0.1513943
s_016um_00191_00127-1,-0.13901061
s_016um_00270_00333-1,-0.39257136
s_016um_00274_00334-1,-0.32703164
s_016um_00387_00294-1,-0.3459553
s_016um_00083_00196-1,0.29019585
s_016um_00133_00318-1,0.42188075
s_016um_00048_00215-1,-0.33860108
s_016um_00213_00026-1,-0.2101588
s_016um_00279_00131-1,0.16258717
s_016um_00168_00376-1,-0.21297966
s_016um_00014_00271-1,-0.2999162
s_016um_00097_00336-1,-0.254172
s_016um_00133_00316-1,0.59814227
s_016um_00104_00386-1,0.062270045
s_016um_00137_00073-1,-0.5350091
s_016um_00081_00201-1,-0.3273346
s_016um_00281_00313-1,-0.4085321
s_016um_00354_00097-1,-0.10362302
s_016um_00149_00403-1,-0.34962413
s_016um_00247_00024-1,-0.48514068
s_016um_00011_00155-1,-0.499784
s_016um_00260_00129-1,-0.28426507
s_016um_00033_00100-1,-0.4449046
s_016um_00032_00101-1,-0.65712225
s_016um_00028_00334-1,-0.35247898
s_016um_00405_00397-1,-0.7044598
s_016um_00386_00126-1,-0.11820117
s_016um_00085_00268-1,-0.3422398
s_016um_00043_00241-1,-0.20172517
s_016um_00038_00048-1,-0.29625267
s_016um_00376_00137-1,-0.58245695
s_016um_00391_00183-1,-0.27669153
s_016um_00271_00029-1,-0.27781853
s_016um_00094_00318-1,-0.47802693
s_016um_00097_00315-1,-0.42300877
s_016um_00273_00328-1,-0.4874108
s_016um_00032_00331-1,-0.44307166
s_016um_00097_00337-1,-0.25273487
s_016um_00009_00214-1,-0.093586445
s_016um_00386_00299-1,-0.42805713
s_016um_00146_00398-1,-0.2548022
s_016um_00216_00034-1,-0.14267197
s_016um_00344_00216-1,-0.27381712
s_016um_00216_00169-1,-0.21869183
s_016um_00281_00134-1,-0.3067103
s_016um_00133_00386-1,-0.28487644
s_016um_00354_00120-1,-0.34912708
s_016um_00113_00313-1,-0.43177953
s_016um_00329_00257-1,-0.44787395
s_016um_00143_00061-1,-0.6228378
s_016um_00368_00094-1,-0.293309
s_016um_00407_00400-1,-0.3482359
s_016um_00277_00204-1,-0.33275467
s_016um_00064_00235-1,-0.37960905
s_016um_00009_00207-1,-0.5308698
s_016um_00273_00334-1,-0.48456657
s_016um_00041_00203-1,-0.36481947
s_016um_00177_00027-1,-0.4408167
s_016um_00137_00223-1,-0.2826974
s_016um_00072_00250-1,-0.1514967
s_016um_00265_00131-1,-0.29149297
s_016um_00414_00102-1,-0.3576012
s_016um_00231_00262-1,-0.3337657
s_016um_00055_00246-1,-0.35063648
s_016um_00280_00318-1,-0.28765276
s_016um_00146_00015-1,-0.46223432
s_016um_00364_00100-1,-0.5709359
s_016um_00270_00032-1,-0.15927562
s_016um_00377_00121-1,-0.016154826
s_016um_00066_00234-1,-0.3241231
s_016um_00139_00014-1,-0.327711
s_016um_00098_00275-1,-0.3441541
s_016um_00185_00028-1,-0.5242906
s_016um_00276_00050-1,-0.1425957
s_016um_00394_00213-1,-0.37527347
s_016um_00251_00019-1,-0.0767366
s_016um_00078_00197-1,-0.12777305
s_016um_00358_00288-1,-0.34987703
s_016um_00406_00150-1,-0.4139216
s_016um_00220_00280-1,-0.400413
s_016um_00263_00134-1,-0.15202366
s_016um_00083_00279-1,-0.37796363
s_016um_00158_00285-1,-0.38812068
s_016um_00221_00247-1,-0.2813921
s_016um_00352_00122-1,-0.29899037
s_016um_00065_00130-1,-0.662379
s_016um_00366_00229-1,-0.14811108
s_016um_00074_00251-1,-0.33850738
s_016um_00088_00268-1,-0.0877838
s_016um_00080_00268-1,-0.37158066
s_016um_00285_00099-1,-0.2870698
s_016um_00121_00145-1,-0.2395146
s_016um_00076_00245-1,-0.3104172
s_016um_00332_00218-1,-0.51460373
s_016um_00210_00293-1,-0.2374401
s_016um_00220_00238-1,-0.3859673
s_016um_00367_00144-1,-0.23473272
s_016um_00332_00122-1,-0.32535905
s_016um_00320_00227-1,-0.136212
s_016um_00136_00321-1,0.51400816
s_016um_00256_00030-1,-0.11296533
s_016um_00089_00338-1,-0.37321216
s_016um_00146_00060-1,-0.5938503
s_016um_00012_00157-1,-0.32544434
s_016um_00007_00214-1,-0.3334791
s_016um_00084_00198-1,-0.4231773
s_016um_00088_00197-1,-0.34195158
s_016um_00399_00123-1,-0.7247882
s_016um_00392_00177-1,0.07053247
s_016um_00192_00090-1,-0.3629047
s_016um_00110_00322-1,-0.0909958
s_016um_00381_00131-1,-0.5194365
s_016um_00038_00204-1,-0.4438427
s_016um_00375_00140-1,-0.2850738
s_016um_00370_00120-1,-0.24756187
s_016um_00323_00298-1,-0.37479606
s_016um_00263_00337-1,-0.16551544
s_016um_00079_00295-1,-0.3162522
s_016um_00352_00019-1,-0.29237124
s_016um_00009_00298-1,-0.16970001
s_016um_00393_00182-1,-0.113470584
s_016um_00006_00212-1,-0.11815293
s_016um_00213_00030-1,-0.092182085
s_016um_00201_00153-1,-0.23742624
s_016um_00354_00095-1,0.18548205
s_016um_00402_00123-1,-0.3748133
s_016um_00130_00388-1,-0.42920542
s_016um_00131_00229-1,-0.4593592
s_016um_00074_00252-1,-0.09514773
s_016um_00362_00414-1,-0.3725946
s_016um_00373_00120-1,-0.43639594
s_016um_00240_00085-1,-0.046514004
s_016um_00086_00269-1,-0.35491908
s_016um_00223_00227-1,-0.42737287
s_016um_00190_00129-1,-0.22908548
s_016um_00233_00088-1,0.2068856
s_016um_00139_00059-1,-0.36265403
s_016um_00038_00101-1,-0.364861
s_016um_00258_00034-1,-0.32044724
s_016um_00393_00293-1,-0.3022103
s_016um_00076_00237-1,-0.20071231
s_016um_00370_00227-1,-0.16290721
s_016um_00287_00101-1,0.19354552
s_016um_00044_00220-1,-0.35325083
s_016um_00400_00121-1,-0.44913405
s_016um_00410_00150-1,-0.530141
s_016um_00157_00290-1,-0.15514427
s_016um_00076_00298-1,-0.35763824
s_016um_00204_00150-1,-0.10963559
s_016um_00320_00163-1,-0.5668614
s_016um_00391_00359-1,0.42846766
s_016um_00289_00096-1,-0.24798724
s_016um_00159_00289-1,-0.46997905
s_016um_00369_00125-1,-0.17220278
s_016um_00048_00216-1,-0.52181494
s_016um_00328_00127-1,-0.071335405
s_016um_00242_00082-1,-0.05868283
s_016um_00221_00027-1,-0.3242639
s_016um_00369_00224-1,-0.29952407
s_016um_00086_00285-1,-0.16466534
s_016um_00097_00277-1,-0.3035346
s_016um_00115_00147-1,-0.1130428
s_016um_00361_00416-1,0.045355976
s_016um_00085_00267-1,-0.3358251
s_016um_00006_00294-1,-0.37086183
s_016um_00131_00321-1,0.03217107
s_016um_00327_00216-1,-0.48479104
s_016um_00129_00092-1,-0.42490074
s_016um_00399_00369-1,-0.50955933
s_016um_00394_00366-1,-0.5206278
s_016um_00124_00384-1,-0.16395049
s_016um_00053_00245-1,-0.3815368
s_016um_00257_00027-1,-0.14551213
s_016um_00080_00265-1,-0.385244
s_016um_00129_00228-1,-0.30692387
s_016um_00226_00249-1,-0.3498593
s_016um_00190_00127-1,-0.30249012
s_016um_00100_00027-1,-0.50905484
s_016um_00325_00228-1,-0.35881913
s_016um_00045_00211-1,-0.2311262
s_016um_00225_00233-1,-0.3047733
s_016um_00228_00331-1,-0.4758565
s_016um_00277_00325-1,-0.426634
s_016um_00309_00059-1,-0.3748741
s_016um_00266_00335-1,-0.1990526
s_016um_00390_00180-1,-0.23920995
s_016um_00076_00251-1,-0.090504274
s_016um_00082_00270-1,-0.33270177
s_016um_00079_00284-1,-0.3977484
s_016um_00366_00096-1,-0.33150256
s_016um_00036_00048-1,-0.433983
s_016um_00254_00022-1,-0.3811245
s_016um_00398_00257-1,-0.25117168
s_016um_00406_00145-1,-0.34258193
s_016um_00273_00325-1,-0.20258012
s_016um_00077_00250-1,-0.11464921
s_016um_00275_00203-1,-0.34407502
s_016um_00410_00099-1,-0.45336673
s_016um_00098_00068-1,-0.37347043
s_016um_00411_00097-1,-0.45507348
s_016um_00138_00220-1,-0.32894418
s_016um_00400_00214-1,-0.34116197
s_016um_00087_00033-1,-0.6262039
s_016um_00007_00211-1,-0.35449314
s_016um_00011_00156-1,-0.45329788
s_016um_00367_00229-1,-0.107402936
s_016um_00138_00222-1,-0.37644893
s_016um_00331_00252-1,-0.3510474
s_016um_00401_00258-1,-0.33101287
s_016um_00007_00150-1,-0.5660505
s_016um_00085_00282-1,-0.37025222
s_016um_00360_00289-1,-0.1375032
s_016um_00263_00331-1,-0.58756614
s_016um_00032_00007-1,-0.56281745
s_016um_00165_00128-1,-0.13131303
s_016um_00141_00058-1,-0.38489136
s_016um_00214_00017-1,-0.24884008
s_016um_00090_00277-1,-0.43117708
s_016um_00061_00129-1,-0.56336963
s_016um_00093_00341-1,-0.24747205
s_016um_00264_00336-1,-0.22747456
s_016um_00097_00322-1,-0.35618794
s_016um_00325_00165-1,-0.40386793
s_016um_00256_00031-1,-0.32949758
s_016um_00060_00243-1,-0.3909849
s_016um_00217_00230-1,-0.3620044
s_016um_00260_00188-1,-0.24715397
s_016um_00057_00244-1,-0.36954668
s_016um_00236_00090-1,-0.334379
s_016um_00407_00125-1,-0.4314466
s_016um_00396_00177-1,-0.47855335
s_016um_00401_00218-1,-0.33328587
s_016um_00126_00382-1,-0.3310655
s_016um_00400_00215-1,-0.3473115
s_016um_00354_00115-1,-0.27562672
s_016um_00364_00098-1,-0.58805
s_016um_00260_00186-1,-0.20667705
s_016um_00392_00178-1,-0.2313844
s_016um_00132_00383-1,-0.22831778
s_016um_00236_00189-1,-0.35699624
s_016um_00354_00019-1,-0.48441264
s_016um_00082_00067-1,-0.3589791
s_016um_00283_00095-1,-0.5148467
s_016um_00062_00234-1,-0.003976226
s_016um_00090_00279-1,-0.3628282
s_016um_00324_00163-1,-0.29259083
s_016um_00396_00357-1,-0.46017265
s_016um_00255_00022-1,-0.2926756
s_016um_00008_00159-1,-0.50034195
s_016um_00269_00035-1,-0.28396976
s_016um_00034_00103-1,-0.7017889
s_016um_00331_00255-1,-0.28054452
s_016um_00080_00243-1,-0.41519174
s_016um_00169_00124-1,-0.09217583
s_016um_00218_00030-1,-0.35405928
s_016um_00261_00132-1,-0.33845982
s_016um_00095_00027-1,-0.41534248
s_016um_00330_00119-1,-0.25251773
s_016um_00040_00213-1,-0.00349015
s_016um_00019_00269-1,-0.53796345
s_016um_00096_00315-1,-0.34239563
s_016um_00338_00398-1,-0.1372727
s_016um_00402_00396-1,-0.9020722
s_016um_00393_00357-1,-0.30977386
s_016um_00105_00067-1,-0.42412418
s_016um_00171_00370-1,-0.27929738
s_016um_00246_00086-1,-0.16146734
s_016um_00131_00090-1,-0.3632957
s_016um_00044_00213-1,-0.39281267
s_016um_00044_00217-1,-0.3428197
s_016um_00380_00135-1,-0.20294303
s_016um_00402_00263-1,-0.4498731
s_016um_00138_00020-1,-0.41404694
s_016um_00357_00114-1,-0.20452273
s_016um_00265_00030-1,-0.29516584
s_016um_00370_00139-1,-0.13598797
s_016um_00099_00323-1,-0.2570898
s_016um_00022_00269-1,-0.27461895
s_016um_00337_00253-1,-0.32183993
s_016um_00076_00295-1,-0.52904534
s_016um_00105_00387-1,0.0656203
s_016um_00093_00323-1,-0.37843105
s_016um_00145_00400-1,-0.33141384
s_016um_00264_00133-1,-0.1608229
s_016um_00194_00091-1,-0.4453385
s_016um_00226_00251-1,-0.44613665
s_016um_00011_00215-1,-0.061499715
s_016um_00172_00372-1,-0.39990827
s_016um_00324_00225-1,-0.32530195
s_016um_00199_00146-1,-0.17921671
s_016um_00214_00032-1,-0.31136397
s_016um_00397_00369-1,-0.46203405
s_016um_00241_00190-1,-0.17774248
s_016um_00373_00144-1,0.30290517
s_016um_00368_00119-1,-0.43988794
s_016um_00137_00221-1,-0.23221791
s_016um_00323_00169-1,-0.34027687
s_016um_00012_00298-1,-0.37247068
s_016um_00182_00026-1,-0.5550681
s_016um_00312_00052-1,0.10715884
s_016um_00192_00128-1,-0.11066395
s_016um_00046_00204-1,-0.26133496
s_016um_00398_00364-1,-0.37587833
s_016um_00265_00061-1,0.3605486
s_016um_00276_00206-1,-0.38938606
s_016um_00272_00036-1,-0.29563344
s_016um_00371_00145-1,-0.34784192
s_016um_00108_00320-1,-0.41397366
s_016um_00391_00361-1,0.019738942
s_016um_00228_00247-1,-0.6335646
s_016um_00130_00386-1,-0.38429055
s_016um_00367_00146-1,-0.33807185
s_016um_00377_00136-1,-0.36640188
s_016um_00076_00246-1,-0.4322279
s_016um_00399_00218-1,-0.3395991
s_016um_00274_00047-1,-0.23932588
s_016um_00409_00149-1,-0.27006426
s_016um_00213_00294-1,-0.44342297
s_016um_00133_00319-1,0.5545583
s_016um_00257_00028-1,-0.17463931
s_016um_00090_00341-1,-0.48383325
s_016um_00134_00228-1,0.06914112
s_016um_00407_00103-1,-0.06367549
s_016um_00078_00250-1,-0.34670848
s_016um_00357_00115-1,-0.30313095
s_016um_00143_00062-1,-0.44066656
s_016um_00274_00322-1,-0.2997567
s_016um_00199_00152-1,-0.14960343
s_016um_00205_00151-1,-0.11817166
s_016um_00093_00318-1,-0.33834484
s_016um_00144_00015-1,-0.37974367
s_016um_00226_00232-1,-0.06522949
s_016um_00211_00034-1,-0.12694173
s_016um_00166_00372-1,-0.067792624
s_016um_00354_00025-1,-0.33775708
s_016um_00306_00058-1,-0.10121767
s_016um_00269_00222-1,-0.31719416
s_016um_00351_00096-1,-0.36404973
s_016um_00278_00204-1,-0.5575218
s_016um_00368_00223-1,-0.25988555
s_016um_00039_00098-1,-0.62443876
s_016um_00105_00070-1,-0.56575465
s_016um_00243_00186-1,-0.3090356
s_016um_00268_00059-1,-0.100170925
s_016um_00196_00093-1,-0.11300811
s_016um_00206_00146-1,-0.25087768
s_016um_00280_00313-1,-0.37077415
s_016um_00413_00098-1,-0.3025662
s_016um_00038_00205-1,-0.32589725
s_016um_00133_00070-1,-0.48755097
s_016um_00044_00044-1,-0.7488264
s_016um_00387_00131-1,-0.2007497
s_016um_00389_00294-1,-0.4294772
s_016um_00173_00377-1,-0.34246254
s_016um_00217_00014-1,-0.3581743
s_016um_00139_00019-1,-0.50553703
s_016um_00072_00248-1,-0.31710988
s_016um_00164_00289-1,-0.5027103
s_016um_00256_00023-1,-0.6062753
s_016um_00080_00034-1,-0.46069098
s_016um_00219_00018-1,-0.2525983
s_016um_00132_00319-1,0.2164289
s_016um_00393_00372-1,-0.2436387
s_016um_00225_00236-1,-0.41757745
s_016um_00373_00139-1,-0.3356585
s_016um_00111_00317-1,-0.27055627
s_016um_00401_00214-1,-0.33048084
s_016um_00398_00255-1,-0.35395718
s_016um_00133_00321-1,0.10815513
s_016um_00153_00398-1,-0.31349817
s_016um_00273_00050-1,0.00045397878
s_016um_00006_00156-1,-0.32311326
s_016um_00212_00027-1,-0.26635677
s_016um_00329_00216-1,-0.09598313
s_016um_00169_00123-1,-0.3089729
s_016um_00262_00132-1,-0.25067902
s_016um_00216_00279-1,-0.34612274
s_016um_00089_00276-1,-0.44072968
s_016um_00323_00170-1,-0.26267302
s_016um_00132_00233-1,-0.2865801
s_016um_00012_00214-1,-0.35484776
s_016um_00348_00022-1,0.09455815
s_016um_00325_00164-1,-0.4761291
s_016um_00221_00167-1,0.037851512
s_016um_00229_00268-1,-0.34900913
s_016um_00280_00317-1,-0.36094818
s_016um_00165_00292-1,-0.15673268
s_016um_00414_00140-1,-0.094430685
s_016um_00235_00086-1,-0.0724964
s_016um_00400_00260-1,-0.3131431
s_016um_00223_00249-1,-0.16754343
s_016um_00397_00262-1,-0.3108826
s_016um_00404_00258-1,-0.27400824
s_016um_00400_00261-1,-0.28682926
s_016um_00280_00322-1,-0.25183052
s_016um_00270_00224-1,-0.3856945
s_016um_00138_00058-1,-0.3580378
s_016um_00340_00400-1,-0.35134643
s_016um_00108_00389-1,-0.25653887
s_016um_00090_00278-1,-0.3683371
s_016um_00351_00121-1,-0.35587877
s_016um_00276_00324-1,-0.41070646
s_016um_00328_00119-1,-0.09947546
s_016um_00008_00149-1,-0.34782183
s_016um_00393_00364-1,-0.48055393
s_016um_00095_00337-1,-0.37939945
s_016um_00084_00265-1,-0.27449983
s_016um_00364_00223-1,-0.34671032
s_016um_00396_00361-1,-0.19823247
s_016um_00075_00298-1,-0.30226585
s_016um_00236_00187-1,0.043766707
s_016um_00035_00175-1,-0.5029675
s_016um_00264_00329-1,-0.37309653
s_016um_00094_00024-1,-0.5067421
s_016um_00385_00295-1,-0.4835558
s_016um_00031_00337-1,-0.42440185
s_016um_00131_00386-1,-0.18337478
s_016um_00391_00296-1,-0.14792188
s_016um_00041_00102-1,-0.34382147
s_016um_00145_00018-1,-0.40875894
s_016um_00041_00212-1,0.008159131
s_016um_00094_00322-1,-0.3726209
s_016um_00366_00224-1,-0.29312548
s_016um_00020_00270-1,0.05206561
s_016um_00038_00209-1,-0.2724477
s_016um_00219_00013-1,-0.47932845
s_016um_00089_00274-1,-0.24064651
s_016um_00064_00128-1,-0.15551773
s_016um_00335_00255-1,-0.28992888
s_016um_00044_00216-1,-0.40380415
s_016um_00216_00281-1,-0.40045062
s_016um_00032_00332-1,-0.30316192
s_016um_00132_00313-1,0.15364033
s_016um_00358_00092-1,-0.40987384
s_016um_00108_00388-1,-0.36646223
s_016um_00032_00086-1,-0.34542343
s_016um_00372_00141-1,0.008853555
s_016um_00396_00217-1,-0.3504532
s_016um_00362_00290-1,-0.16486602
s_016um_00193_00121-1,0.07643798
s_016um_00275_00132-1,-0.32882658
s_016um_00234_00267-1,-0.18198782
s_016um_00226_00236-1,-0.2514943
s_016um_00129_00230-1,-0.2886779
s_016um_00355_00091-1,-0.21920392
s_016um_00044_00174-1,0.22610357
s_016um_00351_00020-1,-0.12667431
s_016um_00037_00099-1,-0.4413376
s_016um_00370_00229-1,-0.29075393
s_016um_00086_00282-1,-0.34325185
s_016um_00144_00014-1,-0.49581632
s_016um_00167_00123-1,-0.10374072
s_016um_00232_00262-1,-0.34921077
s_016um_00085_00035-1,-0.45501816
s_016um_00414_00103-1,-0.30859783
s_016um_00221_00329-1,-0.328758
s_016um_00343_00213-1,-0.44104558
s_016um_00079_00283-1,-0.39650622
s_016um_00047_00219-1,-0.30755442
s_016um_00398_00124-1,-0.26000378
s_016um_00080_00272-1,-0.18426016
s_016um_00270_00222-1,-0.31852216
s_016um_00097_00272-1,-0.46429807
s_016um_00079_00286-1,-0.4401855
s_016um_00064_00132-1,-0.65160656
s_016um_00306_00055-1,0.025316805
s_016um_00222_00014-1,-0.23271534
s_016um_00226_00237-1,-0.29079092
s_016um_00218_00230-1,-0.4167614
s_016um_00210_00027-1,-0.18293521
s_016um_00223_00247-1,-0.16918862
s_016um_00275_00046-1,-0.39978394
s_016um_00138_00018-1,-0.32588422
s_016um_00145_00020-1,-0.6158575
s_016um_00013_00214-1,-0.3858128
s_016um_00217_00225-1,-0.37624228
s_016um_00125_00382-1,-0.15543029
s_016um_00192_00099-1,-0.32200336
s_016um_00063_00231-1,-0.24292919
s_016um_00393_00338-1,-0.50890803
s_016um_00107_00316-1,-0.31079102
s_016um_00350_00118-1,-0.38172498
s_016um_00413_00140-1,-0.384999
s_016um_00281_00131-1,-0.44086847
s_016um_00132_00386-1,-0.20566314
s_016um_00355_00120-1,-0.3357274
s_016um_00125_00087-1,-0.2938448
s_016um_00078_00268-1,-0.25999326
s_016um_00144_00019-1,-0.30263826
s_016um_00086_00199-1,-0.3017782
s_016um_00408_00398-1,-1.0471388
s_016um_00096_00324-1,-0.14423242
s_016um_00202_00148-1,-0.12866253
s_016um_00260_00185-1,-0.12185009
s_016um_00094_00336-1,-0.52069855
s_016um_00128_00232-1,-0.02894029
s_016um_00404_00399-1,-0.77185255
s_016um_00188_00092-1,-0.30865663
s_016um_00391_00294-1,-0.48038372
s_016um_00325_00124-1,-0.23119417
s_016um_00212_00028-1,-0.3026097
s_016um_00092_00342-1,-0.3565593
s_016um_00266_00127-1,-0.23487535
s_016um_00227_00232-1,-0.23719946
s_016um_00036_00102-1,-0.4339623
s_016um_00212_00290-1,-0.053458214
s_016um_00011_00300-1,-0.3201089
s_016um_00359_00414-1,-0.7511271
s_016um_00135_00072-1,-0.30538318
s_016um_00082_00292-1,-0.30738023
s_016um_00152_00399-1,-0.48315296
s_016um_00274_00230-1,-0.32310748
s_016um_00194_00126-1,-0.016459882
s_016um_00355_00022-1,-0.032988906
s_016um_00402_00124-1,-0.16257228
s_016um_00229_00250-1,-0.3452939
s_016um_00218_00026-1,-0.15830848
s_016um_00179_00027-1,-0.33145487
s_016um_00213_00031-1,0.02230674
s_016um_00014_00269-1,-0.24840462
s_016um_00398_00220-1,-0.30638844
s_016um_00129_00385-1,-0.44486254
s_016um_00352_00116-1,-0.60439205
s_016um_00215_00012-1,-0.31149352
s_016um_00221_00025-1,-0.48456493
s_016um_00235_00356-1,-0.42745328
s_016um_00380_00130-1,-0.3017849
s_016um_00084_00280-1,-0.16228424
s_016um_00204_00148-1,-0.34453064
s_016um_00309_00057-1,0.15067542
s_016um_00358_00120-1,-0.35123834
s_016um_00275_00138-1,-0.2663393
s_016um_00033_00099-1,-0.33821353
s_016um_00080_00238-1,-0.21366681
s_016um_00010_00209-1,-0.44820824
s_016um_00281_00322-1,-0.119423196
s_016um_00078_00283-1,-0.4007973
s_016um_00262_00333-1,-0.47739932
s_016um_00237_00090-1,0.1355021
s_016um_00083_00032-1,-0.40140176
s_016um_00324_00164-1,-0.27312425
s_016um_00321_00226-1,-0.48534352
s_016um_00048_00244-1,-0.43339866
s_016um_00326_00123-1,-0.33225912
s_016um_00268_00029-1,0.045997918
s_016um_00243_00185-1,-0.41044566
s_016um_00322_00164-1,-0.43502855
s_016um_00387_00297-1,-0.47645652
s_016um_00080_00242-1,-0.16372645
s_016um_00226_00246-1,-0.1415327
s_016um_00392_00345-1,-0.49759042
s_016um_00142_00058-1,-0.5746901
s_016um_00012_00155-1,-0.39359158
s_016um_00404_00151-1,-0.2307671
s_016um_00214_00027-1,-0.3234102
s_016um_00088_00030-1,-0.3636917
s_016um_00234_00085-1,-0.31685314
s_016um_00254_00027-1,-0.010526925
s_016um_00145_00055-1,-0.41339386
s_016um_00338_00403-1,-0.25132793
s_016um_00222_00026-1,-0.104105964
s_016um_00397_00371-1,-0.6205616
s_016um_00248_00083-1,-0.13273981
s_016um_00093_00315-1,-0.40117455
s_016um_00278_00320-1,-0.42883646
s_016um_00035_00011-1,-0.44775915
s_016um_00221_00171-1,-0.34697387
s_016um_00235_00354-1,-0.44599193
s_016um_00143_00053-1,-0.50809896
s_016um_00171_00122-1,-0.21561134
s_016um_00354_00291-1,-0.4053589
s_016um_00042_00046-1,-0.40338424
s_016um_00006_00297-1,-0.33287352
s_016um_00269_00036-1,-0.30036902
s_016um_00225_00328-1,-0.3006
s_016um_00232_00091-1,-0.28346816
s_016um_00135_00227-1,-0.017835587
s_016um_00333_00249-1,-0.34334487
s_016um_00003_00154-1,-0.48387206
s_016um_00215_00283-1,-0.14884965
s_016um_00047_00239-1,-0.5600493
s_016um_00393_00369-1,-0.43292895
s_016um_00358_00114-1,-0.2502943
s_016um_00265_00129-1,-0.2880794
s_016um_00359_00290-1,-0.30875635
s_016um_00220_00174-1,-0.094452605
s_016um_00341_00217-1,-0.47746927
s_016um_00211_00028-1,-0.37734398
s_016um_00086_00070-1,-0.36216336
s_016um_00036_00174-1,-0.3278935
s_016um_00374_00117-1,0.07689306
s_016um_00196_00092-1,-0.21392645
s_016um_00366_00227-1,-0.13028815
s_016um_00418_00135-1,-0.3370185
s_016um_00222_00228-1,-0.4461034
s_016um_00091_00279-1,-0.34126866
s_016um_00390_00292-1,-0.4278612
s_016um_00043_00213-1,-0.22718272
s_016um_00335_00257-1,-0.29686674
s_016um_00400_00255-1,-0.438806
s_016um_00135_00318-1,0.72674465
s_016um_00033_00102-1,-0.56362927
s_016um_00013_00213-1,-0.41440147
s_016um_00367_00142-1,-0.4717062
s_016um_00168_00373-1,-0.19977796
s_016um_00331_00125-1,-0.4965118
s_016um_00143_00054-1,-0.5161883
s_016um_00358_00416-1,-0.5757138
s_016um_00239_00190-1,-0.051624328
s_016um_00132_00227-1,-0.22728531
s_016um_00005_00300-1,-0.36958778
s_016um_00030_00090-1,-0.19402082
s_016um_00129_00088-1,-0.18384168
s_016um_00399_00181-1,-0.35165787
s_016um_00401_00127-1,0.049171776
s_016um_00360_00290-1,-0.18297398
s_016um_00007_00208-1,-0.30205244
s_016um_00396_00212-1,-0.13357247
s_016um_00222_00229-1,-0.41571105
s_016um_00326_00301-1,-0.29462093
s_016um_00405_00152-1,-0.43667072
s_016um_00382_00127-1,-0.20746797
s_016um_00143_00017-1,-0.59025764
s_016um_00382_00132-1,-0.42658496
s_016um_00336_00398-1,0.25398043
s_016um_00270_00059-1,-0.30459198
s_016um_00334_00210-1,-0.37148303
s_016um_00142_00056-1,-0.32185987
s_016um_00004_00151-1,-0.68374336
s_016um_00223_00166-1,-0.09640637
s_016um_00277_00051-1,-0.054556474
s_016um_00043_00211-1,-0.36890513
s_016um_00249_00086-1,-0.30622473
s_016um_00221_00282-1,-0.3544214
s_016um_00071_00251-1,-0.36662197
s_016um_00204_00145-1,0.012148231
s_016um_00267_00330-1,-0.47839725
s_016um_00390_00340-1,-0.8264128
s_016um_00274_00051-1,-0.14044318
s_016um_00256_00189-1,0.108370095
s_016um_00279_00316-1,-0.22437334
s_016um_00224_00167-1,-0.18570949
s_016um_00086_00197-1,-0.417604
s_016um_00209_00034-1,-0.1416099
s_016um_00170_00371-1,-0.50559705
s_016um_00128_00386-1,-0.2683003
s_016um_00103_00071-1,-0.39184633
s_016um_00046_00215-1,-0.09239021
s_016um_00355_00095-1,-0.20890376
s_016um_00393_00297-1,0.042983472
s_016um_00081_00036-1,-0.5293683
s_016um_00157_00287-1,-0.18781161
s_016um_00139_00217-1,-0.22613892
s_016um_00269_00332-1,-0.4142027
s_016um_00068_00230-1,-0.026654541
s_016um_00219_00231-1,-0.46268502
s_016um_00105_00386-1,-0.31323898
s_016um_00272_00048-1,-0.25134254
s_016um_00392_00183-1,-0.29127905
s_016um_00037_00105-1,-0.3232759
s_016um_00235_00183-1,-0.115986645
s_016um_00392_00359-1,0.21009651
s_016um_00242_00187-1,-0.025326967
s_016um_00130_00389-1,-0.39785528
s_016um_00047_00237-1,-0.43612033
s_016um_00131_00318-1,0.30555043
s_016um_00230_00356-1,-0.40305153
s_016um_00196_00125-1,-0.04937753
s_016um_00171_00374-1,-0.09391981
s_016um_00103_00067-1,-0.1548172
s_016um_00358_00295-1,-0.3015304
s_016um_00011_00293-1,0.12375215
s_016um_00106_00391-1,-0.2555574
s_016um_00078_00243-1,-0.24583061
s_016um_00081_00194-1,-0.5468652
s_016um_00147_00402-1,-0.2990556
s_016um_00068_00232-1,-0.42060223
s_016um_00390_00291-1,-0.22373076
s_016um_00009_00152-1,-0.46274704
s_016um_00041_00101-1,-0.36468136
s_016um_00200_00146-1,-0.009044558
s_016um_00381_00140-1,-0.31885478
s_016um_00268_00131-1,-0.28016937
s_016um_00195_00128-1,-0.3079861
s_016um_00131_00233-1,-0.3774652
s_016um_00040_00042-1,-0.39021397
s_016um_00275_00137-1,-0.19742498
s_016um_00065_00236-1,-0.36622906
s_016um_00337_00257-1,-0.36142412
s_016um_00072_00234-1,-0.4512444
s_016um_00398_00214-1,-0.42129683
s_016um_00311_00058-1,-0.1567408
s_016um_00258_00033-1,-0.4481007
s_016um_00091_00267-1,-0.2548453
s_016um_00221_00029-1,-0.41867852
s_016um_00225_00031-1,-0.15028013
s_016um_00116_00149-1,-0.514179
s_016um_00234_00362-1,-0.24234317
s_016um_00233_00263-1,-0.27876824
s_016um_00125_00088-1,-0.36726207
s_016um_00224_00169-1,-0.19722696
s_016um_00366_00097-1,-0.43724358
s_016um_00061_00128-1,-0.4451316
s_016um_00021_00269-1,-0.13763256
s_016um_00261_00185-1,-0.5156207
s_016um_00385_00296-1,-0.36699784
s_016um_00130_00320-1,0.23975918
s_016um_00255_00027-1,-0.4267687
s_016um_00331_00209-1,-0.525963
s_016um_00005_00155-1,-0.49931684
s_016um_00211_00293-1,-0.21465123
s_016um_00330_00126-1,-0.34110123
s_016um_00174_00373-1,-0.2172223
s_016um_00084_00284-1,-0.7216556
s_016um_00239_00186-1,-0.27367008
s_016um_00278_00049-1,-0.32864076
s_016um_00098_00320-1,-0.2802549
s_016um_00047_00243-1,-0.003098607
s_016um_00107_00386-1,-0.23261581
s_016um_00336_00254-1,-0.17983736
s_016um_00266_00031-1,-0.2504941
s_016um_00233_00261-1,-0.15796992
s_016um_00410_00105-1,-0.19833887
s_016um_00266_00033-1,-0.2801609
s_016um_00189_00126-1,0.22697303
s_016um_00078_00295-1,-0.3473337
s_016um_00047_00245-1,-0.29179284
s_016um_00274_00132-1,-0.42514938
s_016um_00225_00239-1,-0.4018242
s_016um_00215_00279-1,-0.32672444
s_016um_00092_00278-1,-0.34178323
s_016um_00399_00215-1,-0.16734372
s_016um_00394_00362-1,-0.4101841
s_016um_00374_00139-1,-0.17312063
s_016um_00225_00244-1,-0.30357552
s_016um_00219_00025-1,-0.34512278
s_016um_00079_00249-1,-0.40733123
s_016um_00327_00211-1,-0.42520362
s_016um_00010_00215-1,-0.20533556
s_016um_00412_00139-1,-0.2038661
s_016um_00096_00317-1,-0.28180337
s_016um_00130_00384-1,-0.36855692
s_016um_00039_00175-1,-0.32848918
s_016um_00215_00016-1,-0.3076569
s_016um_00167_00127-1,-0.06920552
s_016um_00077_00245-1,-0.35851625
s_016um_00371_00125-1,-0.45115137
s_016um_00240_00088-1,-0.22618218
s_016um_00280_00323-1,-0.22289656
s_016um_00223_00028-1,-0.3041409
s_016um_00139_00216-1,0.11347565
s_016um_00133_00226-1,-0.28316784
s_016um_00389_00338-1,-0.408599
s_016um_00365_00097-1,-0.267817
s_016um_00073_00240-1,-0.23085877
s_016um_00129_00390-1,-0.32184047
s_016um_00214_00016-1,-0.10399392
s_016um_00071_00248-1,-0.16315515
s_016um_00044_00204-1,-0.3326136
s_016um_00101_00068-1,-0.34659028
s_016um_00184_00033-1,-0.4975956
s_016um_00126_00086-1,-0.33804676
s_016um_00098_00025-1,-0.5145793
s_016um_00080_00198-1,-0.030302078
s_016um_00067_00236-1,0.071468234
s_016um_00320_00303-1,-0.20708375
s_016um_00169_00377-1,-0.24580956
s_016um_00391_00295-1,-0.47972673
s_016um_00043_00210-1,-0.26178467
s_016um_00401_00123-1,-0.3065193
s_016um_00081_00028-1,-0.38131064
s_016um_00277_00047-1,-0.30700967
s_016um_00290_00098-1,0.030087382
s_016um_00233_00359-1,-0.33439875
s_016um_00232_00357-1,-0.37920797
s_016um_00228_00235-1,-0.3470817
s_016um_00101_00064-1,-0.48230886
s_016um_00370_00097-1,-0.4612127
s_016um_00032_00088-1,-0.14561202
s_016um_00388_00127-1,-0.14152822
s_016um_00135_00322-1,0.70997894
s_016um_00288_00095-1,-0.10022785
s_016um_00041_00179-1,-0.47296685
s_016um_00146_00057-1,-0.55371416
s_016um_00234_00264-1,-0.3358204
s_016um_00044_00045-1,-0.28881204
s_016um_00055_00243-1,-0.333057
s_016um_00334_00211-1,-0.36078522
s_016um_00201_00147-1,-0.21235992
s_016um_00414_00135-1,-0.17215362
s_016um_00221_00026-1,-0.33909577
s_016um_00269_00031-1,-0.071026385
s_016um_00127_00229-1,-0.32344052
s_016um_00139_00077-1,-0.43622658
s_016um_00046_00206-1,0.028220177
s_016um_00212_00031-1,-0.067117184
s_016um_00253_00023-1,-0.26973972
s_016um_00102_00388-1,-0.2561734
s_016um_00306_00053-1,-0.33012724
s_016um_00215_00292-1,-0.3829523
s_016um_00103_00065-1,-0.41520125
s_016um_00090_00273-1,-0.2883249
s_016um_00409_00103-1,-0.38632464
s_016um_00098_00024-1,-0.0731691
s_016um_00043_00172-1,-0.57669115
s_016um_00353_00089-1,-0.3520474
s_016um_00118_00146-1,-0.32019782
s_016um_00399_00217-1,-0.33812544
s_016um_00193_00124-1,-0.06982756
s_016um_00125_00091-1,-0.40374935
s_016um_00014_00268-1,-0.35898256
s_016um_00206_00153-1,-0.53264385
s_016um_00096_00319-1,-0.3993556
s_016um_00363_00098-1,-0.5075042
s_016um_00114_00315-1,-0.21188742
s_016um_00055_00244-1,-0.2393671
s_016um_00329_00254-1,0.02567634
s_016um_00087_00196-1,-0.40693414
s_016um_00009_00157-1,-0.49593508
s_016um_00074_00246-1,-0.32971874
s_016um_00200_00150-1,0.13476807
s_016um_00009_00301-1,-0.3449404
s_016um_00151_00394-1,-0.53587747
s_016um_00393_00368-1,-0.462148
s_016um_00081_00198-1,-0.13206181
s_016um_00277_00328-1,-0.31032023
s_016um_00038_00045-1,-0.5353845
s_016um_00397_00365-1,-0.444445
s_016um_00132_00385-1,-0.20045722
s_016um_00399_00365-1,-0.5637604
s_016um_00101_00386-1,-0.057156324
s_016um_00409_00146-1,-0.27333307
s_016um_00123_00146-1,-0.3065192
s_016um_00379_00138-1,-0.12480785
s_016um_00265_00334-1,-0.18682653
s_016um_00075_00253-1,-0.491725
s_016um_00372_00145-1,0.34304133
s_016um_00245_00084-1,-0.30720943
s_016um_00266_00329-1,-0.16284
s_016um_00404_00127-1,-0.36092398
s_016um_00143_00021-1,-0.5338146
s_016um_00037_00096-1,-0.64022934
s_016um_00215_00017-1,-0.12766616
s_016um_00417_00136-1,-0.24535926
s_016um_00192_00122-1,0.24975953
s_016um_00077_00237-1,-0.2632423
s_016um_00329_00214-1,-0.22704807
s_016um_00220_00228-1,-0.35619575
s_016um_00027_00334-1,-0.43923116
s_016um_00356_00294-1,-0.40432703
s_016um_00373_00141-1,-0.43600464
s_016um_00276_00053-1,0.13977465
s_016um_00098_00032-1,-0.3873746
s_016um_00345_00214-1,-0.33418012
s_016um_00130_00322-1,-0.38551098
s_016um_00093_00276-1,-0.39749518
s_016um_00036_00045-1,-0.38341907
s_016um_00215_00294-1,0.04110256
s_016um_00285_00100-1,-0.48131657
s_016um_00404_00145-1,-0.58917224
s_016um_00224_00334-1,-0.4037324
s_016um_00083_00263-1,-0.2804379
s_016um_00395_00359-1,-0.07107842
s_016um_00044_00219-1,-0.33686167
s_016um_00265_00059-1,-0.04116255
s_016um_00116_00144-1,0.62889147
s_016um_00194_00125-1,0.12353051
s_016um_00308_00056-1,-0.056173623
s_016um_00008_00209-1,-0.2772337
s_016um_00125_00090-1,-0.38699597
s_016um_00031_00090-1,-0.46084285
s_016um_00219_00014-1,-0.35004315
s_016um_00415_00143-1,-0.28510576
s_016um_00038_00174-1,-0.16180304
s_016um_00279_00328-1,-0.2627387
s_016um_00227_00246-1,-0.56103563
s_016um_00132_00321-1,0.31762013
s_016um_00151_00400-1,-0.4669
s_016um_00382_00139-1,-0.26763433
s_016um_00162_00291-1,-0.30109772
s_016um_00111_00319-1,0.011726916
s_016um_00263_00060-1,-0.15631893
s_016um_00170_00375-1,-0.09581818
s_016um_00406_00402-1,-1.0846545
s_016um_00328_00215-1,-0.3966624
s_016um_00080_00296-1,-0.38863167
s_016um_00075_00251-1,-0.37735036
s_016um_00241_00188-1,-0.21220247
s_016um_00263_00333-1,-0.16858353
s_016um_00017_00266-1,-0.17159694
s_016um_00131_00225-1,-0.3976695
s_016um_00181_00028-1,-0.35457554
s_016um_00217_00013-1,-0.23530042
s_016um_00221_00017-1,-0.44453967
s_016um_00083_00192-1,-0.12272373
s_016um_00079_00200-1,-0.35297698
s_016um_00071_00249-1,-0.3095463
s_016um_00264_00335-1,-0.2978299
s_016um_00152_00401-1,-0.49955708
s_016um_00275_00325-1,-0.43904907
s_016um_00279_00136-1,-0.28698793
s_016um_00042_00174-1,-0.5118897
s_016um_00217_00228-1,-0.35277185
s_016um_00164_00292-1,-0.37200463
s_016um_00414_00139-1,-0.035477698
s_016um_00287_00099-1,-0.46135807
s_016um_00392_00291-1,-0.3800829
s_016um_00105_00317-1,-0.17455325
s_016um_00267_00031-1,-0.31944895
s_016um_00033_00337-1,-0.36711538
s_016um_00033_00006-1,-0.5130036
s_016um_00146_00019-1,-0.46621537
s_016um_00376_00124-1,-0.3149203
s_016um_00144_00056-1,-0.6873928
s_016um_00041_00238-1,-0.02126488
s_016um_00330_00250-1,-0.3523574
s_016um_00276_00135-1,-0.3975859
s_016um_00387_00340-1,-0.4837805
s_016um_00100_00068-1,-0.44579813
s_016um_00279_00323-1,-0.0031514466
s_016um_00229_00246-1,-0.48591512
s_016um_00307_00057-1,-0.33489773
s_016um_00395_00342-1,-0.47085166
s_016um_00270_00028-1,-0.049487352
s_016um_00345_00212-1,-0.16227624
s_016um_00394_00183-1,-0.32402778
s_016um_00079_00243-1,-0.33517352
s_016um_00341_00402-1,-0.2524659
s_016um_00009_00215-1,-0.2428554
s_016um_00414_00101-1,-0.038610637
s_016um_00121_00143-1,0.85427964
s_016um_00009_00292-1,-0.35537174
s_016um_00235_00260-1,-0.2387814
s_016um_00082_00237-1,-0.2131088
s_016um_00165_00125-1,-0.45170504
s_016um_00152_00400-1,-0.41352636
s_016um_00102_00387-1,-0.3538056
s_016um_00025_00088-1,-0.46912348
s_016um_00079_00251-1,-0.3130221
s_016um_00216_00171-1,-0.065831676
s_016um_00265_00328-1,-0.4707153
s_016um_00011_00298-1,-0.26869252
s_016um_00010_00301-1,-0.3378455
s_016um_00276_00202-1,-0.008742332
s_016um_00167_00130-1,0.14838898
s_016um_00356_00288-1,-0.52788186
s_016um_00128_00094-1,-0.35947782
s_016um_00094_00030-1,-0.048169494
s_016um_00098_00323-1,-0.40862423
s_016um_00063_00132-1,-0.47999805
s_016um_00145_00401-1,-0.26371068
s_016um_00387_00292-1,-0.19676472
s_016um_00242_00087-1,-0.3623435
s_016um_00087_00065-1,-0.0006696284
s_016um_00059_00242-1,-0.39211795
s_016um_00326_00118-1,-0.1428333
s_016um_00407_00145-1,-0.350329
s_016um_00112_00318-1,-0.19066598
s_016um_00011_00294-1,-0.11117275
s_016um_00370_00095-1,-0.17479461
s_016um_00007_00207-1,-0.46790323
s_016um_00162_00292-1,-0.46632624
s_016um_00139_00020-1,-0.4093418
s_016um_00384_00135-1,-0.1836808
s_016um_00090_00265-1,-0.48212457
s_016um_00332_00255-1,-0.42415422
s_016um_00270_00327-1,-0.6488235
s_016um_00388_00131-1,-0.3727594
s_016um_00004_00152-1,-0.49943018
s_016um_00204_00149-1,-0.42276636
s_016um_00196_00094-1,0.0065696836
s_016um_00273_00315-1,-0.16764091
s_016um_00036_00097-1,-0.6016922
s_016um_00036_00173-1,-0.27825013
s_016um_00215_00296-1,-0.38524356
s_016um_00257_00189-1,-0.17344621
s_016um_00380_00133-1,-0.21504897
s_016um_00129_00090-1,-0.29478267
s_016um_00354_00116-1,-0.20474787
s_016um_00063_00233-1,-0.12627979
s_016um_00234_00091-1,-0.09502371
s_016um_00213_00291-1,-0.33139953
s_016um_00044_00205-1,-0.34577692
s_016um_00133_00315-1,0.07072067
s_016um_00034_00006-1,-0.39000624
s_016um_00365_00094-1,-0.5371842
s_016um_00334_00250-1,-0.2195406
s_016um_00259_00130-1,-0.2183507
s_016um_00253_00019-1,-0.5620074
s_016um_00236_00089-1,-0.09057109
s_016um_00096_00027-1,-0.25238264
s_016um_00265_00130-1,-0.1930382
s_016um_00330_00251-1,-0.345373
s_016um_00098_00026-1,-0.26138207
s_016um_00395_00368-1,-0.9005481
s_016um_00337_00251-1,-0.4234667
s_016um_00366_00228-1,-0.2730686
s_016um_00279_00049-1,-0.46950823
s_016um_00276_00044-1,-0.21145323
s_016um_00008_00301-1,-0.32877854
s_016um_00279_00322-1,-0.5158117
s_016um_00096_00314-1,-0.33125007
s_016um_00324_00125-1,0.03677672
s_016um_00401_00216-1,-0.46596557
s_016um_00223_00243-1,-0.49138215
s_016um_00222_00017-1,0.053150326
s_016um_00134_00320-1,0.16311613
s_016um_00309_00053-1,-0.2760312
s_016um_00263_00336-1,-0.57311285
s_016um_00104_00392-1,-0.3128404
s_016um_00364_00224-1,-0.11491284
s_016um_00394_00341-1,-0.6193876
s_016um_00034_00100-1,-0.19130418
s_016um_00070_00230-1,-0.28604108
s_016um_00396_00260-1,-0.5712726
s_016um_00411_00106-1,-0.39949426
s_016um_00029_00329-1,-0.18273807
s_016um_00143_00019-1,-0.2529012
s_016um_00326_00304-1,-0.30200613
s_016um_00263_00126-1,-0.14393297
s_016um_00281_00137-1,-0.38608348
s_016um_00370_00124-1,-0.33667228
s_016um_00081_00241-1,-0.24149671
s_016um_00375_00120-1,-0.2518186
s_016um_00223_00237-1,-0.23992634
s_016um_00329_00255-1,0.111463755
s_016um_00355_00096-1,-0.39623603
s_016um_00193_00093-1,-0.22872987
s_016um_00349_00216-1,-0.4214672
s_016um_00019_00270-1,-0.09802647
s_016um_00094_00335-1,-0.31577483
s_016um_00146_00402-1,-0.14379703
s_016um_00058_00246-1,-0.07862708
s_016um_00235_00264-1,-0.26939183
s_016um_00268_00054-1,0.104515105
s_016um_00041_00171-1,-0.27853528
s_016um_00409_00104-1,0.2363967
s_016um_00400_00371-1,-0.4126054
s_016um_00377_00133-1,-0.28168207
s_016um_00373_00142-1,-0.2570215
s_016um_00269_00058-1,-0.20262003
s_016um_00149_00399-1,-0.46360633
s_016um_00264_00337-1,0.43354914
s_016um_00099_00065-1,-0.37263212
s_016um_00164_00127-1,-0.3391656
s_016um_00272_00315-1,-0.4345767
s_016um_00386_00291-1,-0.061678335
s_016um_00142_00055-1,-0.28066
s_016um_00226_00247-1,-0.4208731
s_016um_00012_00152-1,-0.43849853
s_016um_00279_00327-1,-0.26003817
s_016um_00036_00333-1,0.021262199
s_016um_00044_00203-1,-0.2671271
s_016um_00165_00289-1,-0.2423406
s_016um_00095_00274-1,-0.40504867
s_016um_00276_00319-1,-0.111524
s_016um_00398_00219-1,-0.2323803
s_016um_00087_00036-1,-0.39560905
s_016um_00130_00228-1,-0.17456952
s_016um_00170_00377-1,0.021254659
s_016um_00334_00216-1,-0.4717821
s_016um_00040_00173-1,-0.4540252
s_016um_00282_00134-1,-0.21479037
s_016um_00261_00031-1,-0.073289976
s_016um_00103_00069-1,-0.22052225
s_016um_00372_00095-1,-0.41603184
s_016um_00396_00259-1,-0.26124746
s_016um_00165_00288-1,0.16215155
s_016um_00167_00122-1,-0.023979306
s_016um_00103_00384-1,-0.5230048
s_016um_00324_00119-1,-0.20851952
s_016um_00079_00279-1,-0.32233495
s_016um_00404_00125-1,-0.40573046
s_016um_00388_00292-1,-0.40910074
s_016um_00260_00030-1,-0.20369866
s_016um_00180_00031-1,-0.4893092
s_016um_00327_00226-1,-0.5716932
s_016um_00350_00023-1,-0.053545564
s_016um_00203_00147-1,-0.36037633
s_016um_00263_00059-1,-0.14843336
s_016um_00236_00263-1,-0.3858769
s_016um_00228_00262-1,-0.39048642
s_016um_00393_00178-1,-0.12625696
s_016um_00135_00316-1,0.4927884
s_016um_00408_00149-1,-0.4037824
s_016um_00395_00219-1,-0.27773267
s_016um_00100_00319-1,-0.439636
s_016um_00098_00028-1,-0.14724441
s_016um_00385_00134-1,0.07737175
s_016um_00373_00098-1,-0.7020197
s_016um_00278_00323-1,-0.45064744
s_016um_00097_00323-1,-0.3509922
s_016um_00141_00074-1,-0.41468483
s_016um_00021_00265-1,-0.31232533
s_016um_00091_00336-1,-0.41608745
s_016um_00092_00336-1,-0.25070512
s_016um_00407_00126-1,-0.429731
s_016um_00392_00364-1,-0.4699897
s_016um_00100_00030-1,-0.38182667
s_016um_00081_00295-1,-0.4170223
s_016um_00416_00143-1,-0.32776156
s_016um_00328_00124-1,-0.66485035
s_016um_00247_00085-1,-0.10509859
s_016um_00058_00248-1,-0.23014793
s_016um_00274_00203-1,-0.35115466
s_016um_00082_00068-1,-0.38300514
s_016um_00335_00217-1,-0.56341696
s_016um_00006_00157-1,-0.3354652
s_016um_00406_00122-1,-0.259906
s_016um_00143_00060-1,-0.38901827
s_016um_00226_00244-1,-0.28030422
s_016um_00217_00276-1,-0.36782822
s_016um_00233_00268-1,-0.22999088
s_016um_00275_00226-1,-0.21579823
s_016um_00217_00229-1,-0.3010096
s_016um_00256_00033-1,-0.13081816
s_016um_00231_00264-1,-0.3344952
s_016um_00204_00146-1,0.07602379
s_016um_00065_00124-1,-0.6472366
s_016um_00394_00363-1,-0.8825433
s_016um_00356_00413-1,-0.09868288
s_016um_00035_00336-1,-0.3836927
s_016um_00083_00270-1,-0.23845637
s_016um_00389_00181-1,-0.29577065
s_016um_00399_00255-1,-0.46231103
s_016um_00409_00151-1,-0.41013664
s_016um_00079_00199-1,-0.3489479
s_016um_00047_00238-1,-0.41860747
s_016um_00395_00340-1,-0.41968483
s_016um_00188_00093-1,-0.17559007
s_016um_00233_00360-1,-0.38102138
s_016um_00018_00267-1,-0.256021
s_016um_00239_00182-1,-0.122062504
s_016um_00214_00297-1,-0.25266898
s_016um_00131_00320-1,0.024875045
s_016um_00283_00098-1,-0.17480227
s_016um_00041_00046-1,-0.18181592
s_016um_00229_00333-1,-0.2876894
s_016um_00100_00320-1,-0.4924814
s_016um_00074_00241-1,-0.23649955
s_016um_00145_00022-1,-0.3664999
s_016um_00202_00150-1,-0.30988392
s_016um_00397_00372-1,-0.62016153
s_016um_00170_00124-1,-0.42732042
s_016um_00221_00012-1,-0.4175579
s_016um_00273_00032-1,-0.3006095
s_016um_00006_00151-1,-0.6363133
s_016um_00075_00245-1,-0.007168561
s_016um_00080_00196-1,-0.28236532
s_016um_00158_00286-1,-0.46340415
s_016um_00148_00398-1,-0.21836305
s_016um_00268_00028-1,-0.26098016
s_016um_00322_00305-1,-0.3883943
s_016um_00088_00029-1,-0.39687622
s_016um_00012_00210-1,-0.60724247
s_016um_00212_00294-1,-0.57890964
s_016um_00063_00235-1,0.35059926
s_016um_00149_00395-1,-0.16115308
s_016um_00164_00129-1,-0.5106487
s_016um_00377_00137-1,-0.3527854
s_016um_00139_00016-1,-0.03402847
s_016um_00369_00120-1,-0.21632186
s_016um_00267_00055-1,0.09119606
s_016um_00408_00148-1,-0.33821052
s_016um_00275_00321-1,-0.3537536
s_016um_00362_00288-1,-0.2212452
s_016um_00236_00265-1,-0.39424846
s_016um_00039_00209-1,-0.23941283
s_016um_00282_00096-1,-0.29200238
s_016um_00096_00321-1,-0.12616402
s_016um_00218_00016-1,-0.3302077
s_016um_00414_00138-1,-0.108608544
s_016um_00156_00289-1,-0.032978684
s_016um_00135_00321-1,0.40744212
s_016um_00270_00225-1,-0.51975745
s_016um_00401_00217-1,-0.38932815
s_016um_00133_00232-1,-0.22535753
s_016um_00310_00055-1,-0.04590562
s_016um_00079_00299-1,-0.33085272
s_016um_00267_00057-1,0.6203035
s_016um_00332_00211-1,-0.34831104
s_016um_00243_00085-1,-0.18721396
s_016um_00030_00091-1,-0.488758
s_016um_00392_00362-1,-0.4136687
s_016um_00323_00224-1,-0.50107515
s_016um_00065_00132-1,-0.5306296
s_016um_00354_00026-1,-0.31262568
s_016um_00325_00305-1,-0.03763035
s_016um_00361_00292-1,-0.29061767
s_016um_00219_00172-1,-0.3468242
s_016um_00279_00051-1,-0.28874186
s_016um_00408_00102-1,-0.10780534
s_016um_00044_00243-1,-0.049563885
s_016um_00400_00262-1,-0.491319
s_016um_00267_00028-1,-0.050827384
s_016um_00223_00172-1,-0.06628056
s_016um_00087_00073-1,-0.43725187
s_016um_00039_00171-1,-0.33431655
s_016um_00136_00070-1,-0.066519395
s_016um_00270_00035-1,-0.06456131
s_016um_00328_00217-1,-0.4032852
s_016um_00247_00020-1,-0.16883177
s_016um_00269_00334-1,-0.50107473
s_016um_00398_00263-1,-0.22710383
s_016um_00270_00227-1,-0.38412806
s_016um_00077_00251-1,-0.1206201
s_016um_00335_00256-1,-0.26602328
s_016um_00062_00130-1,-0.3633693
s_016um_00269_00226-1,-0.366807
s_016um_00362_00225-1,-0.2874671
s_016um_00364_00096-1,-0.06489745
s_016um_00216_00277-1,-0.44079977
s_016um_00093_00275-1,-0.19349393
s_016um_00043_00176-1,-0.40319842
s_016um_00277_00133-1,-0.23522088
s_016um_00138_00072-1,-0.43569535
s_016um_00130_00318-1,0.6198245
s_016um_00323_00122-1,0.0389553
s_016um_00082_00286-1,-0.32477665
s_016um_00411_00101-1,-0.19645876
s_016um_00068_00125-1,-0.49934164
s_016um_00096_00030-1,-0.35016626
s_016um_00036_00101-1,-0.63647246
s_016um_00273_00033-1,-0.10638769
s_016um_00063_00236-1,-0.103362426
s_016um_00144_00057-1,-0.54912376
s_016um_00375_00143-1,-0.2939498
s_016um_00037_00179-1,0.13175195
s_016um_00080_00197-1,0.15756238
s_016um_00334_00399-1,-0.46405238
s_016um_00378_00132-1,-0.33766586
s_016um_00335_00397-1,-0.40961635
s_016um_00198_00125-1,-0.15022299
s_016um_00236_00084-1,-0.23961358
s_016um_00383_00129-1,-0.48040366
s_016um_00393_00185-1,-0.46090347
s_016um_00224_00244-1,-0.3136196
s_016um_00226_00335-1,-0.24175811
s_016um_00274_00208-1,-0.27889988
s_016um_00082_00280-1,-0.45115507
s_016um_00078_00279-1,-0.40318903
s_016um_00255_00188-1,0.037659794
s_016um_00395_00215-1,-0.3566192
s_016um_00135_00222-1,0.042085975
s_016um_00162_00287-1,0.4490007
s_016um_00084_00072-1,-0.009557068
s_016um_00079_00248-1,-0.40877193
s_016um_00089_00269-1,-0.47137612
s_016um_00399_00259-1,-0.32684243
s_016um_00072_00249-1,-0.12669581
s_016um_00135_00315-1,0.5567398
s_016um_00329_00302-1,-0.4251086
s_016um_00396_00372-1,-0.65516174
s_016um_00041_00242-1,0.28215805
s_016um_00014_00211-1,-0.4513482
s_016um_00326_00302-1,-0.40810823
s_016um_00058_00244-1,-0.28527188
s_016um_00182_00032-1,-0.6808186
s_016um_00241_00186-1,-0.3276596
s_016um_00204_00147-1,-0.12933737
s_016um_00406_00396-1,-0.59954214
s_016um_00087_00072-1,-0.41080466
s_016um_00218_00028-1,-0.39355165
s_016um_00143_00016-1,-0.31365487
s_016um_00248_00027-1,-0.2654683
s_016um_00008_00210-1,-0.1558114
s_016um_00408_00104-1,-0.4734676
s_016um_00006_00150-1,-0.45999005
s_016um_00076_00242-1,-0.3412549
s_016um_00238_00092-1,0.21263555
s_016um_00236_00092-1,0.10059497
s_016um_00417_00143-1,-0.14854673
s_016um_00042_00178-1,-0.1329205
s_016um_00389_00296-1,-0.55995524
s_016um_00384_00127-1,-0.16385682
s_016um_00272_00207-1,-0.49285164
s_016um_00386_00294-1,-0.4221892
s_016um_00110_00313-1,-0.4378575
s_016um_00211_00294-1,-0.364454
s_016um_00057_00245-1,-0.2354995
s_016um_00170_00121-1,-0.42539674
s_016um_00045_00218-1,-0.2686286
s_016um_00376_00134-1,-0.5830513
s_016um_00040_00209-1,-0.13829535
s_016um_00356_00286-1,-0.21509328
s_016um_00376_00139-1,-0.2116152
s_016um_00144_00061-1,-0.4543808
s_016um_00394_00339-1,-0.40119162
s_016um_00327_00120-1,-0.48529553
s_016um_00208_00294-1,-0.5416512
s_016um_00320_00164-1,-0.41980183
s_016um_00354_00114-1,-0.32584065
s_016um_00221_00024-1,-0.36908343
s_016um_00192_00098-1,-0.34208214
s_016um_00337_00254-1,-0.3957311
s_016um_00223_00171-1,0.16195127
s_016um_00247_00021-1,-0.2998942
s_016um_00085_00067-1,-0.49726388
s_016um_00054_00249-1,-0.26513937
s_016um_00272_00228-1,-0.3744827
s_016um_00043_00042-1,-0.27308515
s_016um_00289_00097-1,-0.058605433
s_016um_00311_00057-1,0.13005346
s_016um_00275_00224-1,-0.42089176
s_016um_00141_00020-1,-0.3418106
s_016um_00235_00091-1,0.34168974
s_016um_00367_00145-1,-0.31253374
s_016um_00418_00139-1,-0.060029224
s_016um_00059_00248-1,-0.27402022
s_016um_00088_00274-1,-0.47907525
s_016um_00141_00075-1,-0.49723673
s_016um_00224_00173-1,-0.11740595
s_016um_00275_00332-1,-0.3125164
s_016um_00077_00248-1,-0.12787144
s_016um_00221_00281-1,-0.113452226
s_016um_00332_00210-1,-0.30736858
s_016um_00085_00270-1,-0.32354954
s_016um_00370_00098-1,-0.27164647
s_016um_00359_00090-1,-0.19254884
s_016um_00410_00148-1,-0.3805407
s_016um_00081_00300-1,-0.19676691
s_016um_00143_00219-1,0.4771755
s_016um_00043_00174-1,-0.16105285
s_016um_00219_00226-1,-0.41892534
s_016um_00068_00234-1,-0.29816106
s_016um_00368_00144-1,-0.3376857
s_016um_00137_00219-1,-0.26687858
s_016um_00114_00314-1,-0.44941795
s_016um_00222_00333-1,-0.42994097
s_016um_00041_00044-1,-0.7134578
s_016um_00253_00030-1,-0.29035115
s_016um_00100_00065-1,-0.1217673
s_016um_00012_00297-1,-0.3793691
s_016um_00005_00158-1,-0.3372832
s_016um_00140_00069-1,-0.4416318
s_016um_00093_00271-1,-0.2905115
s_016um_00040_00172-1,-0.53169376
s_016um_00220_00175-1,-0.18871072
s_016um_00393_00181-1,-0.42119318
s_016um_00012_00215-1,-0.15016092
s_016um_00218_00279-1,-0.3163553
s_016um_00286_00096-1,0.15697846
s_016um_00112_00315-1,-0.338038
s_016um_00135_00228-1,-0.36719787
s_016um_00133_00087-1,-0.28917623
s_016um_00059_00250-1,-0.15226953
s_016um_00323_00226-1,-0.54978
s_016um_00244_00090-1,-0.016163617
s_016um_00178_00027-1,-0.53043044
s_016um_00342_00215-1,-0.28265506
s_016um_00191_00096-1,-0.17142236
s_016um_00213_00036-1,-0.31078008
s_016um_00115_00149-1,-0.5527375
s_016um_00393_00215-1,-0.5717013
s_016um_00342_00400-1,-0.2759239
s_016um_00365_00224-1,-0.41000625
s_016um_00045_00242-1,0.30365703
s_016um_00318_00164-1,-0.30256873
s_016um_00079_00270-1,-0.22800419
s_016um_00134_00227-1,-0.105374336
s_016um_00085_00199-1,-0.26468736
s_016um_00128_00317-1,-0.2012699
s_016um_00082_00029-1,-0.052400813
s_016um_00325_00170-1,-0.36640388
s_016um_00087_00195-1,-0.3857612
s_016um_00206_00147-1,-0.18954052
s_016um_00128_00228-1,-0.39392704
s_016um_00328_00118-1,0.057599902
s_016um_00020_00264-1,-0.3608786
s_016um_00253_00025-1,-0.4001196
s_016um_00103_00027-1,-0.3026437
s_016um_00131_00093-1,-0.34873253
s_016um_00132_00090-1,-0.15026706
s_016um_00323_00225-1,-0.42159042
s_016um_00283_00099-1,-0.02420786
s_016um_00221_00328-1,-0.41872403
s_016um_00324_00301-1,-0.09216942
s_016um_00085_00194-1,-0.059270173
s_016um_00407_00121-1,-0.38686126
s_016um_00169_00373-1,-0.09416239
s_016um_00324_00170-1,-0.44870198
s_016um_00322_00303-1,-0.521119
s_016um_00170_00379-1,-0.4290105
s_016um_00394_00218-1,-0.48303074
s_016um_00221_00174-1,-0.30935153
s_016um_00340_00217-1,-0.277641
s_016um_00223_00031-1,-0.16972388
s_016um_00140_00061-1,-0.3638767
s_016um_00378_00133-1,-0.52657974
s_016um_00029_00337-1,-0.41996112
s_016um_00215_00289-1,-0.27901468
s_016um_00089_00070-1,-0.41839558
s_016um_00078_00296-1,0.009753346
s_016um_00013_00209-1,-0.2579236
s_016um_00357_00292-1,-0.08253002
s_016um_00130_00094-1,-0.57008326
s_016um_00401_00367-1,-0.45530352
s_016um_00216_00276-1,-0.2871159
s_016um_00135_00071-1,-0.3320379
s_016um_00269_00062-1,-0.5090041
s_016um_00309_00055-1,-0.24971502
s_016um_00269_00328-1,-0.6164105
s_016um_00235_00085-1,-0.2777307
s_016um_00201_00146-1,-0.222847
s_016um_00400_00125-1,-0.11443919
s_016um_00043_00173-1,-0.5170436
s_016um_00136_00229-1,-0.33825344
s_016um_00217_00226-1,-0.35596618
s_016um_00081_00239-1,-0.33534348
s_016um_00413_00136-1,-0.34604397
s_016um_00079_00293-1,-0.26746118
s_016um_00273_00044-1,-0.31231976
s_016um_00359_00289-1,-0.40408343
s_016um_00151_00398-1,-0.37149236
s_016um_00218_00170-1,-0.052473202
s_016um_00223_00024-1,-0.071910426
s_016um_00043_00239-1,-0.265613
s_016um_00271_00036-1,-0.41203308
s_016um_00404_00261-1,-0.65481585
s_016um_00035_00102-1,-0.40797696
s_016um_00078_00280-1,-0.19341728
s_016um_00276_00323-1,-0.4304129
s_016um_00266_00336-1,-0.46099323
s_016um_00369_00119-1,-0.40342674
s_016um_00252_00020-1,0.012973607
s_016um_00356_00022-1,0.0022223294
s_016um_00396_00185-1,-0.41528738
s_016um_00071_00245-1,-0.20092496
s_016um_00222_00028-1,-0.1992766
s_016um_00410_00100-1,-0.20845336
s_016um_00360_00417-1,-0.46211562
s_016um_00075_00252-1,-0.17741726
s_016um_00223_00225-1,-0.37136897
s_016um_00331_00256-1,-0.0019161701
s_016um_00348_00215-1,-0.45789635
s_016um_00281_00132-1,-0.54679835
s_016um_00071_00247-1,-0.22279797
s_016um_00078_00249-1,-0.32286215
s_016um_00070_00238-1,-0.25514865
s_016um_00093_00279-1,-0.4812991
s_016um_00219_00229-1,-0.3230116
s_016um_00403_00129-1,-0.15251632
s_016um_00389_00340-1,-0.47614902
s_016um_00041_00043-1,-0.17300025
s_016um_00020_00271-1,-0.14887774
s_016um_00395_00180-1,-0.32343027
s_016um_00395_00358-1,-0.17905995
s_016um_00085_00030-1,-0.35380602
s_016um_00044_00210-1,-0.29596514
s_016um_00200_00153-1,-0.24810249
s_016um_00373_00122-1,-0.32212767
s_016um_00363_00222-1,-0.21407649
s_016um_00191_00098-1,-0.2419528
s_016um_00080_00270-1,-0.32530397
s_016um_00272_00206-1,-0.38881207
s_016um_00150_00399-1,-0.25389987
s_016um_00093_00277-1,-0.32581767
s_016um_00158_00287-1,-0.15215555
s_016um_00166_00376-1,-0.33476064
s_016um_00379_00135-1,-0.48938867
s_016um_00403_00258-1,-0.2834497
s_016um_00081_00299-1,-0.4051845
s_016um_00013_00211-1,-0.103904426
s_016um_00085_00034-1,-0.5596984
s_016um_00405_00126-1,-0.46084166
s_016um_00163_00125-1,-0.3652513
s_016um_00361_00293-1,-0.22193769
s_016um_00229_00244-1,-0.32730386
s_016um_00393_00359-1,-0.5084109
s_016um_00271_00033-1,-0.024160117
s_016um_00320_00225-1,-0.28413558
s_016um_00102_00386-1,-0.098489344
s_016um_00032_00087-1,-0.13882565
s_016um_00357_00288-1,-0.37553144
s_016um_00333_00218-1,-0.15865795
s_016um_00390_00179-1,-0.43049842
s_016um_00394_00372-1,-0.24200246
s_016um_00012_00211-1,-0.5055055
s_016um_00180_00029-1,-0.53452706
s_016um_00164_00123-1,-0.16356224
s_016um_00095_00322-1,-0.51901096
s_016um_00026_00088-1,-0.5353395
s_016um_00165_00121-1,-0.2454761
s_016um_00360_00413-1,-0.062458783
s_016um_00400_00263-1,-0.4150435
s_016um_00274_00332-1,-0.22670525
s_016um_00264_00131-1,-0.13587482
s_016um_00044_00239-1,-0.3259096
s_016um_00008_00215-1,-0.16714236
s_016um_00049_00238-1,-0.40160587
s_016um_00376_00136-1,-0.06882693
s_016um_00109_00320-1,0.29160282
s_016um_00396_00370-1,-0.31133747
s_016um_00387_00342-1,-0.4632521
s_016um_00141_00019-1,-0.39982736
s_016um_00390_00183-1,-0.5002041
s_016um_00202_00146-1,-0.09245035
s_016um_00393_00358-1,-0.6899141
s_016um_00086_00069-1,-0.3832778
s_016um_00216_00016-1,-0.26657203
s_016um_00138_00214-1,-0.052330405
s_016um_00241_00184-1,-0.33389276
s_016um_00386_00130-1,-0.12006399
s_016um_00220_00024-1,-0.33521584
s_016um_00094_00320-1,-0.2549527
s_016um_00093_00342-1,-0.4435044
s_016um_00373_00119-1,-0.12793861
s_016um_00407_00101-1,-0.18406934
s_016um_00278_00047-1,-0.5128097
s_016um_00215_00030-1,-0.0868454
s_016um_00015_00211-1,-0.26912084
s_016um_00135_00319-1,0.30286023
s_016um_00221_00334-1,-0.36355352
s_016um_00274_00324-1,-0.38647982
s_016um_00271_00056-1,-0.33172026
s_016um_00137_00072-1,-0.33836168
s_016um_00035_00045-1,-0.4773414
s_016um_00108_00385-1,-0.4056247
s_016um_00010_00150-1,-0.47132346
s_016um_00194_00097-1,-0.34093344
s_016um_00409_00399-1,-0.12202442
s_016um_00041_00241-1,0.38129464
s_016um_00278_00133-1,-0.37814745
s_016um_00108_00318-1,0.48251042
s_016um_00210_00295-1,-0.48121077
s_016um_00173_00372-1,-0.4826777
s_016um_00138_00223-1,-0.44274417
s_016um_00093_00273-1,-0.39677155
s_016um_00018_00269-1,-0.28748327
s_016um_00039_00041-1,-0.28571013
s_016um_00134_00317-1,0.74638295
s_016um_00111_00321-1,0.37835142
s_016um_00065_00128-1,-0.29174295
s_016um_00216_00035-1,-0.22103542
s_016um_00094_00274-1,-0.42153847
s_016um_00415_00142-1,-0.34776998
s_016um_00170_00369-1,-0.27637675
s_016um_00138_00015-1,-0.45982158
s_016um_00403_00395-1,-1.1579149
s_016um_00080_00241-1,-0.13078603
s_016um_00266_00333-1,-0.3769601
s_016um_00230_00249-1,-0.5447191
s_016um_00081_00268-1,-0.26837796
s_016um_00331_00216-1,-0.17649038
s_016um_00400_00370-1,-0.46684748
s_016um_00131_00317-1,0.056791484
s_016um_00125_00385-1,0.026593179
s_016um_00356_00093-1,-0.17348427
s_016um_00323_00165-1,-0.3431253
s_016um_00268_00030-1,0.12068829
s_016um_00267_00032-1,-0.44703892
s_016um_00132_00224-1,-0.24833114
s_016um_00392_00296-1,0.059752643
s_016um_00133_00219-1,-0.25915548
s_016um_00034_00088-1,-0.48817948
s_016um_00223_00238-1,-0.37186766
s_016um_00378_00136-1,-0.25577828
s_016um_00128_00226-1,-0.3285246
s_016um_00108_00387-1,-0.4234318
s_016um_00393_00214-1,-0.32188454
s_016um_00080_00266-1,-0.4148463
s_016um_00263_00136-1,0.2717844
s_016um_00141_00057-1,-0.41597745
s_016um_00095_00316-1,-0.19793011
s_016um_00040_00211-1,-0.35114375
s_016um_00275_00322-1,-0.39374566
s_016um_00046_00207-1,-0.70904243
s_016um_00092_00340-1,-0.068327665
s_016um_00090_00266-1,-0.28801358
s_016um_00181_00030-1,-0.49660477
s_016um_00042_00245-1,-0.47402412
s_016um_00408_00097-1,-0.21015403
s_016um_00418_00137-1,-0.27514994
s_016um_00132_00314-1,0.57577896
s_016um_00365_00101-1,-0.40338057
s_016um_00266_00032-1,-0.37596574
s_016um_00083_00201-1,-0.15540084
s_016um_00231_00358-1,-0.30901596
s_016um_00227_00235-1,-0.48361915
s_016um_00008_00296-1,-0.41028452
s_016um_00241_00185-1,-0.32943037
s_016um_00081_00293-1,-0.38246483
s_016um_00170_00122-1,-0.38972998
s_016um_00349_00021-1,-0.28784937
s_016um_00011_00152-1,-0.51613605
s_016um_00404_00403-1,-0.57739806
s_016um_00099_00025-1,-0.19511765
s_016um_00127_00094-1,-0.1937879
s_016um_00395_00214-1,-0.4307125
s_016um_00009_00151-1,-0.60391307
s_016um_00195_00124-1,0.043240488
s_016um_00275_00047-1,-0.2966609
s_016um_00386_00292-1,0.15094757
s_016um_00241_00084-1,0.3459719
s_016um_00328_00120-1,-0.35460702
s_016um_00210_00028-1,-0.5383406
s_016um_00228_00232-1,0.34070274
s_016um_00394_00179-1,-0.1989708
s_016um_00210_00034-1,-0.05177045
s_016um_00356_00118-1,-0.63688076
s_016um_00251_00025-1,-0.24460809
s_016um_00205_00150-1,-0.28091392
s_016um_00026_00091-1,-0.3981649
s_016um_00140_00218-1,-0.22195888
s_016um_00375_00121-1,-0.20085594
s_016um_00040_00203-1,-0.5496842
s_016um_00280_00202-1,-0.4065714
s_016um_00338_00402-1,-0.44508874
s_016um_00369_00121-1,-0.22661313
s_016um_00351_00021-1,0.14185628
s_016um_00083_00286-1,-0.40727517
s_016um_00082_00278-1,-0.3152323
s_016um_00167_00371-1,-0.15628198
s_016um_00252_00022-1,-0.35695386
s_016um_00078_00238-1,-0.25240317
s_016um_00400_00212-1,-0.30543792
s_016um_00403_00398-1,-0.7665376
s_016um_00134_00221-1,-0.18877319
s_016um_00079_00240-1,-0.40707967
s_016um_00401_00257-1,-0.5251584
s_016um_00314_00059-1,-0.25044608
s_016um_00025_00087-1,-0.37930888
s_016um_00335_00402-1,-0.36092573
s_016um_00388_00339-1,-0.68845344
s_016um_00273_00134-1,-0.11664568
s_016um_00392_00216-1,-0.13492368
s_016um_00395_00178-1,-0.11237505
s_016um_00157_00288-1,-0.10765
s_016um_00087_00066-1,-0.05255297
s_016um_00384_00133-1,-0.05789143
s_016um_00082_00267-1,-0.3814132
s_016um_00232_00356-1,-0.4309313
s_016um_00355_00293-1,-0.37963486
s_016um_00041_00009-1,-0.51654494
s_016um_00145_00017-1,-0.36139533
s_016um_00144_00020-1,-0.37263414
s_016um_00381_00136-1,-0.27194694
s_016um_00078_00251-1,0.02613002
s_016um_00104_00067-1,-0.3833136
s_016um_00290_00096-1,-0.16505213
s_016um_00221_00172-1,-0.20155013
s_016um_00247_00025-1,-0.15067957
s_016um_00083_00202-1,-0.21184126
s_016um_00190_00091-1,-0.38588762
s_016um_00220_00227-1,-0.41384104
s_016um_00326_00126-1,-0.35944545
s_016um_00091_00269-1,-0.18490902
s_016um_00375_00125-1,-0.20395207
s_016um_00312_00058-1,-0.15557732
s_016um_00225_00232-1,-0.39944926
s_016um_00066_00236-1,-0.23169097
s_016um_00229_00262-1,-0.36109167
s_016um_00111_00315-1,-0.3099923
s_016um_00193_00090-1,-0.123810485
s_016um_00061_00248-1,-0.35254556
s_016um_00082_00199-1,-0.2994063
s_016um_00046_00245-1,-0.1791681
s_016um_00047_00217-1,-0.08986263
s_016um_00091_00342-1,-0.22974291
s_016um_00265_00127-1,-0.19918352
s_016um_00127_00086-1,-0.26192352
s_016um_00245_00089-1,-0.3155123
s_016um_00058_00250-1,-0.3518761
s_016um_00101_00025-1,-0.42802164
s_016um_00221_00225-1,-0.2034722
s_016um_00271_00328-1,-0.38810533
s_016um_00395_00339-1,-0.7497777
s_016um_00131_00382-1,-0.3781749
s_016um_00264_00331-1,-0.38272193
s_016um_00331_00258-1,-0.27364096
s_016um_00095_00338-1,-0.15043786
s_016um_00139_00060-1,-0.35675052
s_016um_00409_00150-1,-0.27078226
s_016um_00393_00296-1,-0.32044387
s_016um_00325_00304-1,-0.18995523
s_016um_00286_00097-1,-0.0057496727
s_016um_00078_00240-1,-0.3587604
s_016um_00130_00227-1,-0.25024697
s_016um_00013_00294-1,-0.23498234
s_016um_00404_00146-1,-0.35089782
s_016um_00356_00120-1,-0.27437744
s_016um_00036_00098-1,-0.0032830238
s_016um_00066_00231-1,-0.44652393
s_016um_00234_00087-1,-0.2350101
s_016um_00099_00029-1,-0.38392866
s_016um_00238_00183-1,-0.2019938
s_016um_00042_00217-1,-0.32982948
s_016um_00366_00221-1,-0.37541187
s_016um_00191_00123-1,0.009540647
s_016um_00197_00125-1,-0.3008609
s_016um_00397_00367-1,-0.5813489
s_016um_00063_00131-1,-0.5128411
s_016um_00141_00061-1,-0.58314824
s_016um_00213_00032-1,-0.09373686
s_016um_00041_00218-1,-0.4013371
s_016um_00076_00240-1,-0.372506
s_016um_00206_00151-1,-0.31615588
s_016um_00274_00328-1,0.107117176
s_016um_00121_00148-1,-0.24575832
s_016um_00396_00214-1,-0.3018677
s_016um_00276_00204-1,-0.32400057
s_016um_00417_00142-1,-0.23148121
s_016um_00172_00377-1,-0.5030414
s_016um_00328_00299-1,-0.3290362
s_016um_00356_00287-1,-0.33765632
s_016um_00013_00300-1,-0.5446908
s_016um_00127_00092-1,-0.5857636
s_016um_00278_00322-1,-0.3945756
s_016um_00264_00060-1,-0.22334704
s_016um_00109_00313-1,-0.43872935
s_016um_00039_00105-1,-0.5308782
s_016um_00088_00272-1,-0.50779563
s_016um_00414_00137-1,-0.26680666
s_016um_00401_00397-1,-0.73843247
s_016um_00042_00043-1,-0.3045347
s_016um_00268_00331-1,-0.4643696
s_016um_00110_00321-1,0.31690213
s_016um_00009_00302-1,-0.5798169
s_016um_00230_00245-1,-0.40540844
s_016um_00222_00012-1,-0.41572136
s_016um_00130_00091-1,-0.2885846
s_016um_00363_00225-1,-0.42209432
s_016um_00352_00093-1,-0.27321535
s_016um_00097_00278-1,-0.19704737
s_016um_00076_00244-1,-0.43134248
s_016um_00281_00314-1,-0.187096
s_016um_00261_00186-1,-0.28171435
s_016um_00307_00052-1,-0.17445251
s_016um_00087_00197-1,-0.42028183
s_016um_00086_00028-1,-0.461249
s_016um_00044_00178-1,-0.45603576
s_016um_00402_00147-1,-0.38775343
s_016um_00061_00243-1,-0.24834205
s_016um_00347_00217-1,-0.4286653
s_016um_00212_00296-1,-0.35947973
s_016um_00310_00061-1,-0.4129514
s_016um_00209_00291-1,-0.30550566
s_016um_00371_00117-1,-0.3743246
s_016um_00261_00027-1,-0.2909385
s_016um_00034_00099-1,-0.44453827
s_016um_00368_00121-1,-0.3829922
s_016um_00340_00214-1,-0.33205265
s_016um_00081_00281-1,-0.45027506
s_016um_00411_00104-1,-0.06640029
s_016um_00078_00300-1,-0.5422509
s_016um_00088_00273-1,-0.2088241
s_016um_00145_00060-1,-0.4575289
s_016um_00272_00205-1,-0.2814151
s_016um_00334_00257-1,-0.35914567
s_016um_00332_00251-1,-0.08981848
s_016um_00278_00321-1,-0.46661526
s_016um_00350_00021-1,-0.0469307
s_016um_00189_00128-1,-0.21481678
s_016um_00130_00319-1,0.58307993
s_016um_00190_00121-1,-0.23321095
s_016um_00167_00370-1,-0.32457432
s_016um_00234_00088-1,-0.13748442
s_016um_00203_00152-1,-0.2560422
s_016um_00343_00216-1,-0.33675146
s_016um_00282_00326-1,-0.33663487
s_016um_00266_00060-1,0.47805867
s_016um_00011_00208-1,-0.42975914
s_016um_00280_00138-1,-0.19770806
s_016um_00234_00268-1,-0.39843044
s_016um_00403_00402-1,-0.26705396
s_016um_00164_00287-1,0.04675609
s_016um_00134_00229-1,-0.12299883
s_016um_00213_00033-1,-0.5434117
s_016um_00232_00264-1,-0.48464334
s_016um_00240_00090-1,-0.31360927
s_016um_00142_00216-1,0.08262661
s_016um_00134_00217-1,-0.29408234
s_016um_00341_00213-1,-0.29917544
s_016um_00236_00185-1,-0.05633162
s_016um_00221_00279-1,-0.39376357
s_016um_00321_00164-1,-0.3494332
s_016um_00272_00329-1,-0.54142225
s_016um_00414_00097-1,-0.41109642
s_016um_00357_00119-1,-0.33243042
s_016um_00259_00026-1,-0.098955885
s_016um_00145_00397-1,-0.2655253
s_016um_00144_00059-1,-0.46172133
s_016um_00358_00287-1,-0.47328293
s_016um_00092_00270-1,-0.39725262
s_016um_00366_00230-1,-0.3803135
s_016um_00358_00409-1,-0.53081906
s_016um_00078_00246-1,-0.32907623
s_016um_00237_00355-1,-0.42599797
s_016um_00047_00212-1,-0.43058562
s_016um_00040_00216-1,-0.42178658
s_016um_00335_00252-1,-0.24035993
s_016um_00037_00176-1,-0.34535265
s_016um_00079_00195-1,-0.13507816
s_016um_00217_00169-1,-0.26131645
s_016um_00096_00279-1,-0.3106693
s_016um_00007_00213-1,-0.37619063
s_016um_00335_00399-1,0.07897884
s_016um_00237_00361-1,-0.3527901
s_016um_00395_00370-1,-0.24537991
s_016um_00092_00337-1,-0.120137125
s_016um_00087_00070-1,-0.3161138
s_016um_00039_00010-1,-0.3595193
s_016um_00217_00171-1,-0.27880293
s_016um_00009_00153-1,-0.45789456
s_016um_00216_00010-1,-0.637022
s_016um_00136_00216-1,0.03478545
s_016um_00017_00265-1,-0.3744915
s_016um_00098_00067-1,-0.44795102
s_016um_00343_00217-1,-0.24923097
s_016um_00022_00268-1,-0.2669687
s_016um_00018_00273-1,-0.24674198
s_016um_00242_00089-1,-0.22667587
s_016um_00383_00132-1,-0.48057064
s_016um_00222_00328-1,-0.31914723
s_016um_00349_00023-1,-0.11342451
s_016um_00091_00277-1,-0.53747827
s_016um_00135_00074-1,-0.45284405
s_016um_00413_00097-1,-0.35417005
s_016um_00086_00200-1,-0.3602462
s_016um_00250_00020-1,-0.11025548
s_016um_00218_00166-1,0.063495845
s_016um_00367_00225-1,-0.24831462
s_016um_00209_00295-1,-0.36873242
s_016um_00090_00335-1,-0.09086834
s_016um_00219_00173-1,-0.39021617
s_016um_00077_00297-1,-0.24179523
s_016um_00379_00140-1,-0.4155464
s_016um_00041_00045-1,-0.42641523
s_016um_00392_00361-1,-0.42069268
s_016um_00391_00365-1,-0.4333387
s_016um_00258_00029-1,-0.28695175
s_016um_00145_00016-1,-0.49849808
s_016um_00356_00411-1,-0.41491395
s_016um_00331_00214-1,-0.38242158
s_016um_00085_00196-1,-0.25661168
s_016um_00038_00176-1,-0.55829895
s_016um_00090_00275-1,-0.3857122
s_016um_00409_00097-1,-0.36403957
s_016um_00405_00401-1,-0.75320375
s_016um_00402_00125-1,-0.30243814
s_016um_00221_00237-1,-0.4705532
s_016um_00083_00280-1,-0.20468092
s_016um_00104_00073-1,-0.346454
s_016um_00267_00061-1,-0.22751838
s_016um_00359_00115-1,0.03596005
s_016um_00094_00277-1,-0.41008535
s_016um_00079_00298-1,-0.2915004
s_016um_00082_00028-1,-0.34002638
s_016um_00262_00336-1,-0.3800386
s_016um_00215_00031-1,-0.49906778
s_016um_00259_00131-1,-0.2679434
s_016um_00279_00324-1,-0.27352452
s_016um_00397_00362-1,-0.24544993
s_016um_00259_00030-1,-0.16633643
s_016um_00291_00096-1,-0.42809957
s_016um_00142_00057-1,-0.3534022
s_016um_00353_00119-1,-0.3439027
s_016um_00205_00145-1,0.40414676
s_016um_00375_00119-1,-0.0069155395
s_016um_00086_00065-1,-0.4227755
s_016um_00114_00317-1,-0.25482526
s_016um_00083_00282-1,-0.4397056
s_016um_00079_00244-1,-0.3691444
s_016um_00093_00337-1,-0.67395115
s_016um_00281_00135-1,-0.17019208
s_016um_00216_00280-1,-0.4596244
s_016um_00163_00289-1,-0.38974783
s_016um_00358_00121-1,-0.2755796
s_016um_00277_00203-1,-0.44725803
s_016um_00340_00401-1,-0.49182236
s_016um_00064_00125-1,-0.500934
s_016um_00096_00069-1,-0.37812683
s_016um_00010_00297-1,-0.34899825
s_016um_00324_00168-1,-0.27637252
s_016um_00291_00099-1,-0.40021625
s_016um_00402_00261-1,-0.24172285
s_016um_00068_00129-1,-0.3287409
s_016um_00037_00106-1,-0.2176585
s_016um_00329_00215-1,-0.23985845
s_016um_00394_00361-1,-0.26836827
s_016um_00398_00373-1,-0.2423163
s_016um_00102_00027-1,-0.53948414
s_016um_00400_00122-1,-0.057915077
s_016um_00402_00120-1,-0.31848535
s_016um_00043_00204-1,-0.28238797
s_016um_00062_00246-1,-0.33748204
s_016um_00278_00315-1,-0.20840679
s_016um_00367_00226-1,-0.4227565
s_016um_00182_00029-1,-0.47393546
s_016um_00132_00087-1,-0.23920262
s_016um_00135_00226-1,-0.18891284
s_016um_00325_00306-1,-0.26901186
s_016um_00077_00243-1,-0.4387651
s_016um_00332_00254-1,-0.36754587
s_016um_00275_00136-1,0.09282234
s_016um_00272_00034-1,-0.4012435
s_016um_00214_00030-1,0.17142984
s_016um_00160_00293-1,-0.35930938
s_016um_00135_00230-1,-0.2300253
s_016um_00039_00046-1,-0.49647707
s_016um_00236_00354-1,-0.307625
s_016um_00134_00314-1,-0.016271979
s_016um_00105_00072-1,-0.5759458
s_016um_00227_00245-1,-0.43862775
s_016um_00129_00389-1,-0.17276326
s_016um_00409_00099-1,-0.31972626
s_016um_00205_00146-1,0.6660727
s_016um_00034_00004-1,-0.40748715
s_016um_00031_00336-1,-0.3397858
s_016um_00222_00235-1,-0.31739622
s_016um_00406_00395-1,-0.63311094
s_016um_00129_00095-1,-0.09846732
s_016um_00144_00018-1,-0.4270925
s_016um_00393_00298-1,-0.014082253
s_016um_00389_00291-1,-0.4166881
s_016um_00186_00029-1,-0.5758126
s_016um_00400_00369-1,-0.59721017
s_016um_00221_00238-1,-0.33010584
s_016um_00232_00269-1,-0.21162318
s_016um_00265_00337-1,-0.37422973
s_016um_00082_00296-1,-0.38773748
s_016um_00140_00223-1,-0.19202146
s_016um_00334_00217-1,-0.18794143
s_016um_00128_00315-1,-0.18949385
s_016um_00197_00122-1,-0.17947412
s_016um_00333_00259-1,-0.37771305
s_016um_00407_00124-1,-0.41090715
s_016um_00042_00172-1,-0.39964932
s_016um_00394_00365-1,-0.3942902
s_016um_00184_00027-1,-0.33481592
s_016um_00007_00154-1,-0.33983567
s_016um_00183_00032-1,-0.29829735
s_016um_00069_00126-1,-0.48235387
s_016um_00329_00212-1,-0.15855458
s_016um_00082_00072-1,-0.3103399
s_016um_00191_00126-1,-0.25754142
s_016um_00178_00033-1,-0.57405984
s_016um_00222_00236-1,-0.3504492
s_016um_00178_00030-1,-0.4583225
s_016um_00124_00385-1,0.16904336
s_016um_00097_00321-1,-0.22960249
s_016um_00222_00246-1,-0.34824777
s_016um_00324_00305-1,-0.49909696
s_016um_00287_00096-1,-0.0017671883
s_016um_00256_00188-1,-0.055786952
s_016um_00313_00057-1,-0.06403358
s_016um_00407_00152-1,-0.36287418
s_016um_00172_00375-1,0.022622794
s_016um_00265_00128-1,-0.6443124
s_016um_00076_00293-1,-0.07754646
s_016um_00138_00075-1,-0.423587
s_016um_00230_00264-1,-0.4813819
s_016um_00223_00333-1,-0.4356739
s_016um_00335_00253-1,-0.31851062
s_016um_00254_00030-1,-0.3690484
s_016um_00163_00122-1,-0.37845805
s_016um_00193_00091-1,-0.24636373
s_016um_00262_00335-1,-0.48310027
s_016um_00007_00152-1,-0.4719337
s_016um_00140_00017-1,-0.2613754
s_016um_00325_00224-1,-0.40265742
s_016um_00306_00054-1,-0.14482571
s_016um_00261_00330-1,-0.5667983
s_016um_00388_00299-1,-0.45485598
s_016um_00223_00226-1,-0.34353903
s_016um_00124_00387-1,-0.28488898
s_016um_00085_00193-1,-0.17943749
s_016um_00357_00416-1,-1.0150689
s_016um_00222_00227-1,-0.5562415
s_016um_00077_00295-1,-0.36929125
s_016um_00218_00228-1,-0.38604915
s_016um_00274_00313-1,-0.051449776
s_016um_00091_00335-1,-0.38755995
s_016um_00271_00329-1,-0.32388106
s_016um_00391_00340-1,-0.36883244
s_016um_00391_00362-1,-0.17848396
s_016um_00322_00166-1,-0.37157232
s_016um_00393_00370-1,-0.3649345
s_016um_00361_00417-1,-0.90598357
s_016um_00213_00283-1,-0.42786413
s_016um_00162_00289-1,-0.3115381
s_016um_00131_00385-1,-0.117850244
s_016um_00077_00239-1,-0.29587734
s_016um_00031_00091-1,-0.48798183
s_016um_00342_00398-1,-0.22928214
s_016um_00091_00271-1,-0.35450873
s_016um_00277_00135-1,-0.3153186
s_016um_00394_00182-1,-0.17235768
s_016um_00353_00096-1,-0.25322336
s_016um_00313_00053-1,0.1987493
s_016um_00031_00333-1,-0.42259496
s_016um_00404_00256-1,-0.43912002
s_016um_00007_00296-1,-0.48595068
s_016um_00269_00229-1,-0.6322564
s_016um_00324_00231-1,-0.34084016
s_016um_00033_00101-1,-0.31779376
s_016um_00043_00048-1,-0.4376183
s_016um_00029_00089-1,-0.6165401
s_016um_00264_00129-1,-0.39532816
s_016um_00074_00243-1,-0.39088625
s_016um_00096_00025-1,-0.37371674
s_016um_00218_00011-1,-0.27373096
s_016um_00401_00366-1,-0.60180295
s_016um_00260_00026-1,-0.028783888
s_016um_00084_00199-1,-0.46964428
s_016um_00208_00295-1,-0.49167266
s_016um_00195_00121-1,-0.42677897
s_016um_00238_00089-1,0.09801501
s_016um_00392_00295-1,-0.31857774
s_016um_00180_00027-1,-0.21643494
s_016um_00380_00138-1,-0.23464051
s_016um_00190_00097-1,-0.3380256
s_016um_00042_00238-1,-0.044815093
s_016um_00333_00211-1,-0.43380463
s_016um_00237_00189-1,-0.13666207
s_016um_00274_00227-1,-0.470899
s_016um_00099_00318-1,-0.39142954
s_016um_00134_00222-1,-0.21191719
s_016um_00405_00150-1,-0.4365006
s_016um_00402_00262-1,-0.5093869
s_016um_00236_00261-1,-0.27014393
s_016um_00356_00024-1,-0.08664775
s_016um_00140_00016-1,-0.2740235
s_016um_00116_00143-1,0.2620919
s_016um_00399_00260-1,-0.26271638
s_016um_00238_00361-1,-0.48665673
s_016um_00214_00012-1,-0.5388009
s_016um_00276_00134-1,-0.3039842
s_016um_00049_00243-1,-0.23921208
s_016um_00222_00225-1,-0.35584348
s_016um_00031_00330-1,-0.091872066
s_016um_00321_00306-1,-0.38952884
s_016um_00400_00217-1,-0.38667187
s_016um_00082_00200-1,-0.54870737
s_016um_00134_00216-1,0.069346875
s_016um_00137_00075-1,-0.56615984
s_016um_00079_00242-1,-0.27092892
s_016um_00357_00410-1,-0.66069674
s_016um_00194_00123-1,-0.16373605
s_016um_00359_00286-1,-0.42547083
s_016um_00233_00260-1,-0.32679734
s_016um_00279_00317-1,-0.5033084
s_016um_00170_00123-1,-0.31286553
s_016um_00290_00094-1,0.26583913
s_016um_00056_00250-1,-0.31468603
s_016um_00268_00057-1,-0.0644446
s_016um_00400_00401-1,-0.57583743
s_016um_00414_00099-1,-0.2636809
s_016um_00354_00117-1,-0.3614208
s_016um_00396_00216-1,-0.41552258
s_016um_00274_00326-1,-0.3420851
s_016um_00224_00246-1,-0.2680353
s_016um_00371_00119-1,-0.31894684
s_016um_00413_00142-1,-0.04437545
s_016um_00234_00356-1,-0.33547807
s_016um_00336_00258-1,-0.22734842
s_016um_00254_00025-1,-0.3554251
s_016um_00230_00266-1,-0.47035456
s_016um_00101_00065-1,-0.20373327
s_016um_00221_00018-1,-0.35781586
s_016um_00220_00031-1,-0.45383042
s_016um_00131_00232-1,-0.3670889
s_016um_00398_00181-1,-0.51884913
s_016um_00131_00227-1,-0.27910715
s_016um_00322_00227-1,-0.5658735
s_016um_00416_00141-1,-0.36158827
s_016um_00214_00290-1,-0.08934161
s_016um_00096_00275-1,-0.27123982
s_016um_00110_00314-1,-0.26800784
s_016um_00353_00018-1,-0.25817442
s_016um_00400_00396-1,-0.84834504
s_016um_00064_00238-1,-0.44096857
s_016um_00093_00278-1,-0.25921258
s_016um_00083_00271-1,-0.34074122
s_016um_00203_00153-1,-0.119049996
s_016um_00277_00046-1,-0.36338452
s_016um_00040_00047-1,-0.26404592
s_016um_00234_00360-1,-0.34684932
s_016um_00229_00266-1,-0.43094873
s_016um_00279_00207-1,-0.18089119
s_016um_00400_00218-1,-0.36166593
s_016um_00150_00395-1,-0.09208274
s_016um_00387_00127-1,-0.22579291
s_016um_00391_00363-1,-0.50031793
s_016um_00375_00124-1,-0.30471674
s_016um_00210_00294-1,-0.3872795
s_016um_00169_00126-1,-0.2423937
s_016um_00224_00249-1,-0.39881855
s_016um_00006_00214-1,-0.23294076
s_016um_00307_00058-1,0.1626158
s_016um_00269_00032-1,-0.1749416
s_016um_00261_00336-1,-0.47298065
s_016um_00354_00414-1,-0.3872898
s_016um_00352_00120-1,-0.29912075
s_016um_00258_00186-1,-0.04756385
s_016um_00027_00332-1,-0.3338228
s_016um_00067_00231-1,-0.27076092
s_016um_00362_00291-1,-0.45138282
s_016um_00382_00129-1,-0.360149
s_016um_00318_00165-1,-0.31345555
s_016um_00386_00134-1,0.026318192
s_016um_00264_00191-1,-0.38252053
s_016um_00361_00412-1,-0.566893
s_016um_00096_00029-1,-0.25185907
s_016um_00213_00027-1,-0.21577683
s_016um_00258_00189-1,-0.32998824
s_016um_00392_00298-1,-0.22911371
s_016um_00361_00411-1,-0.6938767
s_016um_00266_00334-1,-0.45447934
s_016um_00368_00100-1,0.056162417
s_016um_00353_00290-1,-0.12611853
s_016um_00344_00213-1,-0.33105254
s_016um_00369_00100-1,-0.095358476
s_016um_00079_00196-1,-0.29544464
s_016um_00388_00133-1,-0.22134379
s_016um_00357_00290-1,-0.23716307
s_016um_00370_00119-1,-0.7697129
s_016um_00148_00395-1,-0.08905277
s_016um_00372_00119-1,-0.5888592
s_016um_00193_00098-1,-0.5001096
s_016um_00168_00122-1,-0.3285809
s_016um_00107_00314-1,-0.2341395
s_016um_00244_00085-1,-0.3291848
s_016um_00101_00031-1,-0.50834966
s_016um_00035_00332-1,-0.27751902
s_016um_00134_00072-1,-0.5336913
s_016um_00243_00089-1,-0.20819911
s_016um_00353_00019-1,-0.22562143
s_016um_00194_00092-1,-0.33515584
s_016um_00263_00334-1,-0.5470801
s_016um_00410_00101-1,-0.19482085
s_016um_00084_00067-1,-0.52799946
s_016um_00146_00397-1,-0.440186
s_016um_00132_00320-1,0.044312805
s_016um_00233_00089-1,-0.24322963
s_016um_00042_00205-1,-0.23606491
s_016um_00262_00331-1,-0.45796812
s_016um_00043_00045-1,-0.27563062
s_016um_00220_00235-1,-0.23736873
s_016um_00330_00123-1,-0.41483387
s_016um_00222_00238-1,-0.36743632
s_016um_00013_00215-1,-0.4137652
s_016um_00222_00032-1,-0.3928091
s_016um_00041_00173-1,-0.35759765
s_016um_00140_00055-1,-0.2992608
s_016um_00254_00031-1,-0.12864032
s_016um_00064_00230-1,-0.40522432
s_016um_00333_00255-1,-0.13904884
s_016um_00401_00263-1,-0.468959
s_016um_00390_00184-1,-0.4822834
s_016um_00385_00133-1,-0.09640741
s_016um_00273_00049-1,-0.2026994
s_016um_00082_00070-1,-0.41930354
s_016um_00269_00055-1,0.62499666
s_016um_00271_00227-1,-0.66417027
s_016um_00322_00226-1,-0.537243
s_016um_00333_00257-1,-0.21724415
s_016um_00255_00031-1,-0.3976227
s_016um_00389_00293-1,-0.2222681
s_016um_00012_00207-1,-0.1480837
s_016um_00044_00241-1,-0.1520802
s_016um_00327_00298-1,-0.4586923
s_016um_00027_00090-1,-0.5381213
s_016um_00248_00023-1,-0.3328879
s_016um_00094_00275-1,-0.3041885
s_016um_00098_00316-1,-0.18278132
s_016um_00087_00031-1,-0.19920956
s_016um_00194_00090-1,-0.36713952
s_016um_00203_00154-1,-0.3984992
s_016um_00362_00413-1,-0.7125611
s_016um_00196_00126-1,-0.29096174
s_016um_00357_00092-1,-0.017563552
s_016um_00228_00327-1,-0.3638758
s_016um_00168_00377-1,-0.29287952
s_016um_00088_00271-1,-0.34371656
s_016um_00413_00139-1,-0.2944374
s_016um_00092_00319-1,-0.37022734
s_016um_00067_00233-1,-0.36907807
s_016um_00188_00125-1,-0.10647574
s_016um_00216_00230-1,-0.35121775
s_016um_00340_00219-1,-0.35193726
s_016um_00255_00032-1,-0.10592763
s_016um_00105_00069-1,-0.45289123
s_016um_00069_00128-1,-0.37344223
s_016um_00266_00030-1,-0.30787212
s_016um_00095_00320-1,-0.16489975
s_016um_00038_00046-1,-0.4906218
s_016um_00268_00336-1,-0.3672733
s_016um_00269_00057-1,-0.4416629
s_016um_00385_00297-1,-0.43238047
s_016um_00033_00091-1,-0.33044836
s_016um_00043_00207-1,-0.27440614
s_016um_00355_00416-1,-0.55419755
s_016um_00232_00355-1,-0.30413157
s_016um_00213_00295-1,-0.35347965
s_016um_00074_00237-1,-0.30552828
s_016um_00276_00132-1,-0.055951953
s_016um_00209_00293-1,-0.32528558
s_016um_00084_00065-1,-0.44633394
s_016um_00262_00190-1,0.09645569
s_016um_00006_00209-1,-0.4428969
s_016um_00161_00291-1,-0.30832496
s_016um_00099_00320-1,-0.48442078
s_016um_00079_00265-1,-0.21240474
s_016um_00402_00257-1,-0.49121216
s_016um_00238_00187-1,-0.23010823
s_016um_00191_00121-1,-0.036753953
s_016um_00136_00076-1,-0.5101749
s_016um_00192_00093-1,-0.266572
s_016um_00311_00053-1,-0.08725116
s_016um_00274_00134-1,-0.14255421
s_016um_00054_00250-1,-0.02461043
s_016um_00211_00035-1,-0.3109175
s_016um_00360_00292-1,-0.35923037
s_016um_00086_00281-1,-0.4923853
s_016um_00170_00373-1,-0.33508492
s_016um_00142_00022-1,-0.3023682
s_016um_00308_00058-1,-0.0912493
s_016um_00028_00333-1,-0.21494076
s_016um_00189_00093-1,-0.29601166
s_016um_00160_00286-1,-0.19305357
s_016um_00360_00118-1,-0.059149742
s_016um_00318_00167-1,0.26478562
s_016um_00141_00072-1,-0.5262335
s_016um_00223_00229-1,-0.3289747
s_016um_00216_00031-1,-0.39152902
s_016um_00128_00391-1,-0.20841488
s_016um_00228_00266-1,-0.42931238
s_016um_00332_00120-1,-0.300579
s_016um_00223_00235-1,-0.3761933
s_016um_00380_00139-1,-0.28753728
s_016um_00247_00082-1,-0.069426715
s_016um_00082_00298-1,-0.3208086
s_016um_00376_00118-1,0.1060082
s_016um_00039_00176-1,-0.34674895
s_016um_00223_00026-1,-0.13674265
s_016um_00034_00097-1,-0.61956286
s_016um_00220_00284-1,-0.20068106
s_016um_00081_00197-1,0.17277882
s_016um_00035_00010-1,-0.4496473
s_016um_00260_00191-1,-0.46404827
s_016um_00018_00268-1,-0.45201343
s_016um_00142_00073-1,-0.4203131
s_016um_00306_00057-1,0.033365995
s_016um_00342_00217-1,-0.42827415
s_016um_00085_00033-1,-0.46105337
s_016um_00125_00384-1,-0.19533232
s_016um_00129_00091-1,-0.471282
s_016um_00028_00087-1,-0.42053008
s_016um_00279_00319-1,-0.28376105
s_016um_00086_00064-1,-0.43655136
s_016um_00336_00257-1,-0.29508135
s_016um_00264_00127-1,-0.12579478
s_016um_00196_00095-1,0.016449243
s_016um_00098_00338-1,-0.21698654
s_016um_00395_00184-1,-0.2436048
s_016um_00335_00214-1,-0.33036813
s_016um_00244_00083-1,-0.055157185
s_016um_00388_00291-1,-0.298802
s_016um_00279_00318-1,-0.442594
s_016um_00018_00265-1,-0.2899875
s_016um_00008_00158-1,-0.2643709
s_016um_00384_00138-1,-0.25260156
s_016um_00275_00316-1,0.10413399
s_016um_00216_00029-1,-0.2522359
s_016um_00202_00151-1,-0.31339014
s_016um_00037_00007-1,-0.5081169
s_016um_00129_00225-1,-0.30361894
s_016um_00334_00258-1,-0.39443257
s_016um_00260_00028-1,-0.32254052
s_016um_00225_00238-1,-0.25015008
s_016um_00150_00397-1,-0.3519649
s_016um_00414_00142-1,-0.2441124
s_016um_00134_00075-1,-0.23394613
s_016um_00392_00180-1,-0.24381204
s_016um_00290_00092-1,0.09760043
s_016um_00273_00207-1,-0.224096
s_016um_00271_00055-1,0.378054
s_016um_00221_00236-1,-0.3278845
s_016um_00335_00396-1,-0.25504848
s_016um_00028_00331-1,-0.47760344
s_016um_00090_00070-1,-0.4668445
s_016um_00095_00023-1,-0.37042117
s_016um_00280_00208-1,-0.40222135
s_016um_00094_00341-1,-0.300199
s_016um_00325_00226-1,-0.4756868
s_016um_00228_00333-1,-0.37028173
s_016um_00266_00131-1,-0.15741582
s_016um_00112_00313-1,-0.41151157
s_016um_00251_00028-1,-0.18029967
s_016um_00077_00300-1,-0.2636149
s_016um_00372_00124-1,-0.26425034
s_016um_00191_00095-1,-0.55272716
s_016um_00119_00150-1,-0.12918556
s_016um_00134_00077-1,-0.4077444
s_016um_00127_00093-1,-0.39129597
s_016um_00334_00252-1,-0.24397704
s_016um_00260_00184-1,-0.30731183
s_016um_00196_00096-1,-0.21012416
s_016um_00078_00241-1,-0.35451233
s_016um_00161_00285-1,-0.24430403
s_016um_00249_00024-1,-0.07186645
s_016um_00274_00224-1,-0.35103112
s_016um_00012_00301-1,-0.21497253
s_016um_00192_00089-1,-0.38734147
s_016um_00097_00069-1,-0.2981307
s_016um_00033_00090-1,-0.47683403
s_016um_00092_00271-1,-0.3863016
s_016um_00412_00097-1,-0.29487607
s_016um_00169_00374-1,-0.1671116
s_016um_00273_00136-1,-0.21316126
s_016um_00012_00212-1,-0.3880517
s_016um_00331_00213-1,-0.28261605
s_016um_00223_00228-1,-0.43485057
s_016um_00251_00026-1,-0.3487708
s_016um_00087_00200-1,-0.19233862
s_016um_00005_00157-1,-0.46769565
s_016um_00238_00184-1,-0.18411008
s_016um_00410_00149-1,-0.24040371
s_016um_00340_00399-1,-0.1948596
s_016um_00258_00027-1,-0.10084529
s_016um_00342_00403-1,-0.4722643
s_016um_00398_00218-1,-0.5046887
s_016um_00323_00232-1,-0.35165557
s_016um_00101_00384-1,-0.2096917
s_016um_00218_00174-1,-0.103521645
s_016um_00075_00297-1,-0.38871485
s_016um_00120_00150-1,-0.4006922
s_016um_00278_00052-1,0.005937487
s_016um_00242_00190-1,-0.17193303
s_016um_00360_00093-1,-0.40304318
s_016um_00274_00049-1,-0.12632924
s_016um_00393_00339-1,-0.4448857
s_016um_00386_00341-1,-0.503242
s_016um_00404_00260-1,-0.11297311
s_016um_00113_00318-1,-0.29775667
s_016um_00128_00318-1,-0.3212791
s_016um_00228_00332-1,-0.27697098
s_016um_00331_00122-1,-0.5595466
s_016um_00097_00319-1,-0.462067
s_016um_00168_00372-1,-0.2842288
s_016um_00352_00027-1,-0.23474565
s_016um_00388_00296-1,-0.282345
s_016um_00324_00303-1,-0.26930675
s_016um_00354_00089-1,-0.16654214
s_016um_00045_00215-1,-0.25965196
s_016um_00092_00321-1,-0.3655957
s_016um_00374_00123-1,-0.3692987
s_016um_00359_00292-1,-0.2774498
s_016um_00349_00026-1,-0.09727013
s_016um_00083_00033-1,-0.5414568
s_016um_00269_00336-1,-0.45655483
s_016um_00104_00069-1,-0.20207125
s_016um_00310_00054-1,-0.31949937
s_016um_00291_00093-1,-0.1541971
s_016um_00223_00244-1,-0.4074315
s_016um_00171_00125-1,-0.07381044
s_016um_00033_00103-1,-0.4412821
s_016um_00165_00286-1,-0.23910558
s_016um_00383_00137-1,-0.23546728
s_016um_00334_00255-1,-0.20939562
s_016um_00078_00298-1,-0.42805278
s_016um_00398_00369-1,-0.54420984
s_016um_00263_00189-1,-0.14199214
s_016um_00189_00095-1,-0.5365275
s_016um_00398_00367-1,-0.3535165
s_016um_00169_00372-1,-0.15778862
s_016um_00326_00299-1,-0.5196544
s_016um_00084_00068-1,-0.49113375
s_016um_00279_00312-1,-0.27529475
s_016um_00333_00400-1,-0.3264149
s_016um_00277_00321-1,-0.4359324
s_016um_00267_00131-1,-0.3193369
s_016um_00005_00152-1,-0.54369766
s_016um_00094_00317-1,-0.37302557
s_016um_00311_00055-1,-0.26912588
s_016um_00060_00246-1,-0.38244423
s_016um_00009_00211-1,-0.30869716
s_016um_00190_00095-1,-0.3296378
s_016um_00372_00118-1,-0.16600707
s_016um_00138_00219-1,-0.39542282
s_016um_00009_00294-1,-0.41111934
s_016um_00404_00152-1,-0.09637776
s_016um_00136_00220-1,-0.059169546
s_016um_00274_00327-1,-0.3415529
s_016um_00220_00018-1,-0.49346238
s_016um_00133_00075-1,-0.3111767
s_016um_00040_00180-1,-0.3475421
s_016um_00258_00028-1,-0.0611507
s_016um_00327_00305-1,-0.07625382
s_016um_00251_00021-1,-0.3060395
s_016um_00358_00116-1,-0.44703954
s_016um_00320_00170-1,-0.18920171
s_016um_00214_00033-1,-0.17279412
s_016um_00279_00134-1,-0.29068187
s_016um_00264_00058-1,0.06406751
s_016um_00095_00323-1,-0.51091087
s_016um_00352_00117-1,-0.48484713
s_016um_00393_00219-1,-0.6416613
s_016um_00040_00210-1,-0.3836788
s_016um_00044_00211-1,-0.19094831
s_016um_00328_00231-1,-0.4105454
s_016um_00324_00169-1,-0.34710482
s_016um_00401_00369-1,-0.52156997
s_016um_00328_00117-1,-0.09272495
s_016um_00272_00134-1,-0.24123959
s_016um_00329_00251-1,-0.5696052
s_016um_00043_00178-1,-0.40171927
s_016um_00235_00084-1,0.09005001
s_016um_00222_00234-1,-0.28181008
s_016um_00362_00415-1,-0.6433736
s_016um_00160_00285-1,0.055467665
s_016um_00195_00098-1,-0.44225413
s_016um_00089_00271-1,-0.34204674
s_016um_00273_00204-1,-0.4264602
s_016um_00107_00318-1,0.047149956
s_016um_00332_00252-1,-0.2684491
s_016um_00405_00124-1,-0.39918748
s_016um_00235_00184-1,-0.15731245
s_016um_00271_00335-1,-0.21648009
s_016um_00042_00041-1,-0.47455853
s_016um_00397_00255-1,-0.2693185
s_016um_00223_00331-1,-0.5058439
s_016um_00321_00303-1,-0.2605582
s_016um_00360_00291-1,-0.44848055
s_016um_00279_00046-1,-0.36408186
s_016um_00177_00029-1,-0.5448929
s_016um_00387_00126-1,-0.1775108
s_016um_00274_00325-1,-0.4375986
s_016um_00040_00010-1,-0.5455225
s_016um_00114_00316-1,-0.43933564
s_016um_00010_00213-1,-0.29986933
s_016um_00144_00017-1,-0.4653113
s_016um_00405_00146-1,-0.24065107
s_016um_00275_00313-1,-0.43930444
s_016um_00396_00371-1,-0.6241833
s_016um_00417_00141-1,-0.38811252
s_016um_00098_00071-1,-0.5055021
s_016um_00193_00125-1,-0.26618147
s_016um_00193_00128-1,-0.3480389
s_016um_00342_00401-1,-0.7124246
s_016um_00215_00014-1,-0.5938028
s_016um_00224_00239-1,-0.3200984
s_016um_00087_00282-1,-0.49457043
s_016um_00407_00099-1,-0.33914292
s_016um_00331_00123-1,-0.32229212
s_016um_00393_00213-1,-0.46290326
s_016um_00083_00265-1,-0.4623251
s_016um_00104_00068-1,-0.35809213
s_016um_00366_00231-1,-0.236115
s_016um_00009_00296-1,-0.42360118
s_016um_00027_00330-1,-0.34795165
s_016um_00068_00130-1,-0.47627652
s_016um_00392_00342-1,-0.39480382
s_016um_00274_00050-1,-0.32876706
s_016um_00390_00344-1,-0.38909954
s_016um_00191_00091-1,-0.4379352
s_016um_00229_00264-1,-0.32760343
s_016um_00387_00295-1,-0.31833044
s_016um_00356_00091-1,-0.15330352
s_016um_00065_00126-1,-0.46491265
s_016um_00221_00278-1,-0.230595
s_016um_00320_00228-1,-0.41631877
s_016um_00274_00316-1,-0.19874547
s_016um_00139_00057-1,-0.63481027
s_016um_00330_00216-1,-0.28231257
s_016um_00258_00026-1,-0.13508597
s_016um_00010_00210-1,-0.5611767
s_016um_00101_00387-1,-0.09371129
s_016um_00273_00209-1,-0.25944418
s_016um_00044_00215-1,-0.39524922
s_016um_00320_00304-1,-0.3711765
s_016um_00041_00172-1,-0.39837775
s_016um_00371_00140-1,-0.29531828
s_016um_00276_00325-1,-0.31431377
s_016um_00071_00234-1,-0.27050552
s_016um_00084_00296-1,-0.23412532
s_016um_00264_00055-1,-0.30368716
s_016um_00215_00170-1,-0.52019215
s_016um_00192_00129-1,-0.06830743
s_016um_00274_00330-1,-0.38098526
s_016um_00394_00216-1,-0.38342306
s_016um_00255_00030-1,-0.30237165
s_016um_00281_00048-1,0.3902541
s_016um_00138_00216-1,-0.024233252
s_016um_00391_00182-1,0.03912115
s_016um_00038_00208-1,-0.2641708
s_016um_00331_00257-1,-0.2096709
s_016um_00039_00047-1,-0.42317924
s_016um_00360_00293-1,-0.20855564
s_016um_00243_00083-1,-0.18306851
s_016um_00215_00013-1,-0.29666066
s_016um_00036_00177-1,-0.32190424
s_016um_00034_00005-1,-0.33824387
s_016um_00141_00071-1,-0.4223328
s_016um_00267_00054-1,-0.45955902
s_016um_00391_00336-1,-0.46975076
s_016um_00375_00144-1,-0.4208938
s_016um_00007_00158-1,-0.37671116
s_016um_00182_00033-1,-0.34220704
s_016um_00020_00272-1,-0.23601632
s_016um_00265_00035-1,-0.4507779
s_016um_00231_00247-1,-0.39715984
s_016um_00219_00017-1,-0.03839332
s_016um_00276_00048-1,-0.7027441
s_016um_00252_00026-1,-0.9088583
s_016um_00279_00208-1,-0.2845378
s_016um_00404_00126-1,0.037041754
s_016um_00378_00139-1,-0.27360603
s_016um_00223_00245-1,-0.3044003
s_016um_00267_00337-1,-0.3726985
s_016um_00279_00052-1,-0.38971424
s_016um_00328_00213-1,-0.3905554
s_016um_00356_00097-1,-0.16635232
s_016um_00012_00299-1,-0.29948676
s_016um_00162_00285-1,-0.15953845
s_016um_00371_00142-1,-0.21955058
s_016um_00035_00333-1,-0.27101874
s_016um_00235_00361-1,-0.38592845
s_016um_00242_00185-1,-0.30411485
s_016um_00088_00031-1,-0.18182096
s_016um_00368_00147-1,-0.24040687
s_016um_00386_00129-1,-0.21983403
s_016um_00127_00388-1,-0.51078105
s_016um_00041_00104-1,-0.4925304
s_016um_00075_00236-1,-0.27954277
s_016um_00404_00128-1,-0.30912942
s_016um_00391_00360-1,-0.08711022
s_016um_00100_00029-1,-0.27891824
s_016um_00009_00297-1,-0.41083175
s_016um_00238_00189-1,-0.35037115
s_016um_00227_00250-1,-0.34745118
s_016um_00394_00359-1,-0.35955253
s_016um_00225_00327-1,-0.35262913
s_016um_00414_00100-1,-0.4676838
s_016um_00039_00173-1,-0.35303873
s_016um_00367_00223-1,-0.54519725
s_016um_00057_00250-1,-0.010117501
s_016um_00142_00020-1,-0.23569277
s_016um_00140_00073-1,-0.43615788
s_016um_00193_00094-1,-0.15448312
s_016um_00371_00102-1,-0.54102683
s_016um_00264_00333-1,-0.24521112
s_016um_00234_00355-1,-0.45213252
s_016um_00026_00086-1,-0.529271
s_016um_00368_00118-1,-0.35353398
s_016um_00273_00202-1,-0.38099995
s_016um_00084_00196-1,-0.19552782
s_016um_00092_00341-1,-0.17387553
s_016um_00034_00331-1,-0.5329089
s_016um_00103_00386-1,-0.45983306
s_016um_00135_00216-1,0.34795907
s_016um_00208_00293-1,-0.40571257
s_016um_00010_00157-1,-0.25191417
s_016um_00259_00191-1,-0.4392584
s_016um_00038_00104-1,-0.35360342
s_016um_00061_00132-1,-0.689247
s_016um_00406_00146-1,-0.3578469
s_016um_00214_00296-1,-0.3418511
s_016um_00256_00029-1,0.016578645
s_016um_00396_00258-1,-0.4926722
s_016um_00273_00203-1,-0.24327111
s_016um_00065_00234-1,0.37008175
s_016um_00371_00121-1,-0.2806795
s_016um_00370_00099-1,-0.4056921
s_016um_00397_00185-1,-0.25710377
s_016um_00046_00238-1,-0.31148106
s_016um_00230_00261-1,-0.40252095
s_016um_00212_00291-1,-0.054494813
s_016um_00123_00144-1,-0.20181885
s_016um_00332_00125-1,-0.35746694
s_016um_00391_00185-1,-0.45804292
s_016um_00178_00032-1,-0.47686195
s_016um_00290_00095-1,0.16098765
s_016um_00030_00088-1,-0.36364043
s_016um_00275_00044-1,-0.23729056
s_016um_00113_00320-1,-0.29671162
s_016um_00046_00211-1,-0.18392009
s_016um_00007_00215-1,-0.21623287
s_016um_00147_00400-1,-0.30704108
s_016um_00392_00340-1,-0.6395211
s_016um_00099_00023-1,-0.43910933
s_016um_00039_00215-1,0.09315586
s_016um_00086_00193-1,-0.04674548
s_016um_00256_00187-1,-0.3024034
s_016um_00037_00046-1,-0.5487634
s_016um_00232_00360-1,-0.12698354
s_016um_00041_00214-1,0.08599728
s_016um_00285_00093-1,-0.31552765
s_016um_00200_00148-1,-0.2281037
s_016um_00217_00279-1,-0.4636985
s_016um_00132_00387-1,-0.43645304
s_016um_00125_00386-1,0.23203918
s_016um_00112_00317-1,-0.16879974
s_016um_00037_00098-1,-0.39839217
s_016um_00048_00238-1,-0.5259646
s_016um_00322_00165-1,-0.36729807
s_016um_00355_00026-1,-0.19671904
s_016um_00083_00073-1,-0.57927823
s_016um_00028_00329-1,-0.27150106
s_016um_00234_00266-1,-0.5743325
s_016um_00222_00027-1,-0.24299105
s_016um_00259_00129-1,-0.17762047
s_016um_00007_00151-1,-0.45209026
s_016um_00217_00033-1,-0.36928564
s_016um_00081_00285-1,-0.3693917
s_016um_00392_00338-1,-0.19141099
s_016um_00214_00289-1,-0.29732507
s_016um_00275_00204-1,-0.38380888
s_016um_00238_00190-1,-0.095041916
s_016um_00326_00225-1,-0.44697887
s_016um_00118_00143-1,-0.1650264
s_016um_00064_00126-1,-0.57805073
s_016um_00367_00096-1,-0.40564525
s_016um_00218_00013-1,-0.4008233
s_016um_00033_00331-1,-0.3666281
s_016um_00214_00028-1,-0.18355054
s_016um_00100_00072-1,-0.40513936
s_016um_00356_00416-1,-0.84799254
s_016um_00257_00032-1,-0.29869634
s_016um_00099_00321-1,-0.45604932
s_016um_00383_00139-1,-0.40398717
s_016um_00314_00054-1,-0.3644011
s_016um_00033_00334-1,-0.21081455
s_016um_00063_00237-1,-0.4982421
s_016um_00239_00091-1,-0.5923554
s_016um_00307_00053-1,-0.29043624
s_016um_00195_00122-1,-0.1776891
s_016um_00101_00389-1,-0.004935622
s_016um_00219_00284-1,-0.38783672
s_016um_00080_00294-1,-0.4307996
s_016um_00329_00125-1,-0.42994735
s_016um_00250_00025-1,-0.1879514
s_016um_00232_00268-1,-0.3892954
s_016um_00079_00266-1,-0.37952477
s_016um_00210_00035-1,-0.32120067
s_016um_00355_00097-1,-0.675388
s_016um_00185_00029-1,-0.27958074
s_016um_00173_00376-1,-0.26789662
s_016um_00236_00085-1,-0.053541705
s_016um_00123_00149-1,-0.18231837
s_016um_00008_00297-1,-0.44418338
s_016um_00225_00247-1,-0.22610557
s_016um_00277_00207-1,-0.23927405
s_016um_00211_00295-1,-0.51877856
s_016um_00081_00267-1,-0.32872868
s_016um_00399_00263-1,-0.4000185
s_016um_00411_00099-1,-0.26873192
s_016um_00387_00132-1,-0.21218513
s_016um_00369_00222-1,-0.32675135
s_016um_00413_00099-1,-0.32735318
s_016um_00096_00023-1,-0.24883175
s_016um_00192_00097-1,-0.45423338
s_016um_00288_00094-1,-0.13146167
s_016um_00205_00147-1,-0.40264377
s_016um_00224_00237-1,-0.33013543
s_016um_00400_00400-1,-0.3683182
s_016um_00332_00215-1,-0.3852918
s_016um_00117_00147-1,-0.2084884
s_016um_00164_00126-1,-0.21924108
s_016um_00166_00128-1,-0.3484856
s_016um_00084_00194-1,0.1421785
s_016um_00280_00133-1,-0.29591906
s_016um_00284_00097-1,-0.17073326
s_016um_00287_00095-1,-0.24203445
s_016um_00415_00103-1,-0.3865277
s_016um_00269_00335-1,-0.34315458
s_016um_00397_00215-1,-0.30776998
s_016um_00337_00396-1,-0.7085473
s_016um_00263_00190-1,-0.17457196
s_016um_00016_00265-1,-0.20855802
s_016um_00260_00128-1,-0.40815812
s_016um_00220_00230-1,-0.404266
s_016um_00219_00228-1,-0.4746309
s_016um_00076_00294-1,-0.39221686
s_016um_00400_00127-1,-0.2822337
s_016um_00075_00239-1,-0.63516873
s_016um_00093_00316-1,-0.49233204
s_016um_00221_00031-1,-0.65010285
s_016um_00274_00222-1,-0.4210765
s_016um_00308_00059-1,-0.22741047
s_016um_00129_00086-1,-0.18963148
s_016um_00066_00128-1,-0.3190504
s_016um_00221_00030-1,-0.34757257
s_016um_00237_00185-1,-0.2730978
s_016um_00408_00147-1,-0.18209963
s_016um_00276_00045-1,-0.3491367
s_016um_00356_00418-1,-1.0590849
s_016um_00327_00301-1,-0.15481682
s_016um_00290_00093-1,-0.002101332
s_016um_00206_00152-1,-0.32542175
s_016um_00140_00015-1,-0.47098204
s_016um_00370_00147-1,-0.23620078
s_016um_00353_00020-1,-0.3770791
s_016um_00130_00314-1,0.0878931
s_016um_00375_00118-1,-0.00012770295
s_016um_00034_00332-1,-0.40420982
s_016um_00081_00294-1,-0.42333856
s_016um_00089_00032-1,-0.32697317
s_016um_00260_00333-1,-0.4820755
s_016um_00147_00061-1,-0.41401586
s_016um_00082_00035-1,-0.7557874
s_016um_00104_00072-1,-0.4444998
s_016um_00354_00096-1,-0.32965028
s_016um_00310_00051-1,-0.18762936
s_016um_00232_00358-1,-0.39868915
s_016um_00217_00293-1,-0.33389953
s_016um_00273_00047-1,-0.19041038
s_016um_00192_00125-1,0.1365506
s_016um_00397_00370-1,-0.52819204
s_016um_00274_00206-1,-0.4004319
s_016um_00074_00249-1,-0.33048654
s_016um_00167_00124-1,-0.3766266
s_016um_00403_00257-1,-0.47307965
s_016um_00109_00314-1,0.33727077
s_016um_00041_00216-1,0.015924066
s_016um_00313_00059-1,-0.28332102
s_016um_00282_00324-1,-0.45070758
s_016um_00240_00089-1,-0.39486438
s_016um_00220_00331-1,-0.26915002
s_016um_00274_00201-1,-0.2226471
s_016um_00345_00220-1,-0.26457933
s_016um_00274_00045-1,-0.17646042
s_016um_00075_00243-1,-0.2514245
s_016um_00129_00227-1,-0.6136632
s_016um_00047_00216-1,-0.19546866
s_016um_00167_00375-1,-0.29326504
s_016um_00137_00216-1,-0.116169184
s_016um_00398_00361-1,-0.3878771
s_016um_00126_00087-1,-0.38485992
s_016um_00049_00239-1,-0.20254017
s_016um_00274_00312-1,-0.39916727
s_016um_00080_00032-1,-0.58135414
s_016um_00043_00209-1,-0.08329806
s_016um_00013_00212-1,-0.45699763
s_016um_00134_00220-1,-0.26291576
s_016um_00272_00332-1,-0.23257473
s_016um_00083_00296-1,-0.27190593
s_016um_00361_00410-1,-0.5340832
s_016um_00045_00205-1,0.018396169
s_016um_00214_00276-1,-0.3365588
s_016um_00082_00265-1,-0.48480496
s_016um_00352_00121-1,-0.3301471
s_016um_00244_00186-1,0.10156125
s_016um_00395_00360-1,-0.7020632
s_016um_00056_00247-1,-0.37294096
s_016um_00120_00151-1,-0.4371528
s_016um_00310_00057-1,-0.006835073
s_016um_00324_00307-1,-0.51698685
s_016um_00045_00240-1,-0.27323276
s_016um_00257_00191-1,-0.5245099
s_016um_00035_00098-1,-0.06756891
s_016um_00144_00055-1,-0.3968633
s_016um_00247_00083-1,-0.15935811
s_016um_00104_00065-1,-0.12550901
s_016um_00094_00338-1,-0.3126528
s_016um_00134_00318-1,0.35885683
s_016um_00407_00147-1,-0.24576977
s_016um_00369_00097-1,-0.26831654
s_016um_00361_00291-1,-0.15618528
s_016um_00008_00293-1,-0.4411375
s_016um_00172_00374-1,-0.012383938
s_016um_00217_00174-1,-0.32238695
s_016um_00366_00102-1,-0.103671625
s_016um_00277_00329-1,-0.5283127
s_016um_00237_00186-1,-0.333529
s_016um_00261_00334-1,-0.37059227
s_016um_00229_00334-1,-0.35743928
s_016um_00083_00070-1,-0.31719136
s_016um_00229_00328-1,-0.48922712
s_016um_00247_00026-1,-0.15429957
s_016um_00072_00244-1,-0.3503939
s_016um_00348_00216-1,-0.53572
s_016um_00227_00238-1,-0.42997205
s_016um_00274_00052-1,-0.27444115
s_016um_00275_00318-1,-0.31734276
s_016um_00091_00338-1,-0.34613132
s_016um_00405_00120-1,-0.42985898
s_016um_00012_00293-1,-0.43939292
s_016um_00334_00403-1,-0.18841931
s_016um_00254_00033-1,-0.2216367
s_016um_00043_00047-1,-0.34550682
s_016um_00193_00095-1,-0.31975758
s_016um_00226_00327-1,-0.12228343
s_016um_00109_00319-1,0.054272532
s_016um_00356_00290-1,-0.1000265
s_016um_00240_00188-1,-0.35681304
s_016um_00357_00094-1,-0.31872416
s_016um_00279_00313-1,-0.17107224
s_016um_00389_00290-1,-0.22601119
s_016um_00326_00303-1,-0.3429863
s_016um_00026_00333-1,-0.49042952
s_016um_00082_00300-1,-0.49374965
s_016um_00328_00126-1,-0.19472192
s_016um_00012_00154-1,-0.4057266
s_016um_00010_00212-1,-0.3572043
s_016um_00046_00213-1,-0.37772256
s_016um_00212_00298-1,-0.13802609
s_016um_00398_00260-1,-0.4575301
s_016um_00043_00240-1,-0.14648993
s_016um_00094_00316-1,-0.52248085
s_016um_00080_00295-1,-0.32386574
s_016um_00238_00087-1,-0.16320418
s_016um_00401_00219-1,-0.23905079
s_016um_00038_00102-1,-0.4738335
s_016um_00384_00126-1,-0.21230686
s_016um_00365_00099-1,-0.31396022
s_016um_00327_00122-1,-0.4488365
s_016um_00099_00069-1,-0.041992575
s_016um_00352_00020-1,-0.21886335
s_016um_00008_00299-1,-0.37365535
s_016um_00093_00320-1,-0.32426435
s_016um_00312_00056-1,-0.01326102
s_016um_00349_00025-1,-0.12554921
s_016um_00272_00224-1,-0.39403024
s_016um_00394_00184-1,-0.40780675
s_016um_00234_00353-1,-0.36451438
s_016um_00042_00045-1,-0.4028122
s_016um_00379_00130-1,-0.3549317
s_016um_00247_00086-1,-0.20021564
s_016um_00403_00126-1,-0.27124837
s_016um_00331_00254-1,-0.34787095
s_016um_00218_00231-1,-0.32574943
s_016um_00248_00022-1,-0.5899929
s_016um_00096_00342-1,-0.32727256
s_016um_00396_00213-1,-0.37292665
s_016um_00223_00174-1,-0.24619657
s_016um_00018_00271-1,-0.43361658
s_016um_00075_00248-1,-0.1033669
s_016um_00392_00363-1,-0.382383
s_016um_00380_00140-1,-0.2591952
s_016um_00084_00271-1,-0.47682804
s_016um_00384_00129-1,-0.3443963
s_016um_00090_00338-1,-0.3305233
s_016um_00011_00158-1,-0.27169204
s_016um_00188_00096-1,0.31396
s_016um_00138_00016-1,-0.29087472
s_016um_00364_00229-1,-0.33141544
s_016um_00225_00025-1,-0.36369655
s_016um_00095_00340-1,-0.24496055
s_016um_00066_00233-1,-0.25622994
s_016um_00212_00288-1,-0.38260204
s_016um_00357_00022-1,-0.20868494
s_016um_00267_00033-1,-0.33133388
s_016um_00189_00124-1,-0.18397593
s_016um_00370_00224-1,-0.28606492
s_016um_00369_00229-1,-0.19348228
s_016um_00370_00226-1,-0.29321933
s_016um_00217_00282-1,-0.41269267
s_016um_00081_00034-1,-0.89347374
s_016um_00129_00322-1,-0.3522062
s_016um_00401_00215-1,-0.41848844
s_016um_00319_00170-1,-0.23029053
s_016um_00406_00101-1,-0.32765812
s_016um_00354_00121-1,-0.4398155
s_016um_00097_00342-1,-0.34826103
s_016um_00031_00084-1,-0.34275728
s_016um_00166_00123-1,-0.35492676
s_016um_00102_00067-1,-0.3025275
s_016um_00354_00018-1,-0.34303322
s_016um_00008_00152-1,-0.52845526
s_016um_00270_00055-1,0.2373881
s_016um_00279_00326-1,-0.39119744
s_016um_00091_00266-1,-0.2777961
s_016um_00244_00087-1,-0.32467738
s_016um_00168_00370-1,-0.35560232
s_016um_00276_00047-1,-0.33433715
s_016um_00392_00181-1,-0.18054542
s_016um_00101_00029-1,-0.031938434
s_016um_00234_00084-1,-0.13760151
s_016um_00141_00073-1,-0.25764257
s_016um_00127_00389-1,-0.26898777
s_016um_00209_00289-1,-0.41195485
s_016um_00170_00126-1,-0.39283156
s_016um_00223_00029-1,-0.19897833
s_016um_00275_00201-1,-0.24485214
s_016um_00129_00318-1,0.56494904
s_016um_00311_00052-1,-0.0035848618
s_016um_00381_00137-1,-0.27406737
s_016um_00415_00141-1,-0.34328485
s_016um_00335_00211-1,-0.26066306
s_016um_00222_00015-1,-0.41258696
s_016um_00255_00020-1,-0.08575939
s_016um_00043_00205-1,-0.32227692
s_016um_00359_00116-1,-0.29527718
s_016um_00270_00332-1,-0.4119525
s_016um_00084_00030-1,-0.45414048
s_016um_00399_00368-1,-0.672054
s_016um_00403_00148-1,-0.40351713
s_016um_00276_00311-1,0.1018596
s_016um_00171_00378-1,-0.35806757
s_016um_00402_00150-1,-0.18775883
s_016um_00032_00333-1,-0.42789277
s_016um_00216_00283-1,-0.3489815
s_016um_00084_00283-1,-0.4144832
s_016um_00069_00235-1,-0.27256855
s_016um_00312_00057-1,-0.2677539
s_016um_00326_00306-1,-0.17860436
s_016um_00333_00251-1,-0.18501247
s_016um_00130_00321-1,-0.29600528
s_016um_00285_00097-1,-0.30170527
s_016um_00040_00105-1,-0.2848804
s_016um_00224_00251-1,-0.41490924
s_016um_00191_00097-1,-0.30175075
s_016um_00128_00390-1,-0.3322068
s_016um_00046_00205-1,-0.43587992
s_016um_00234_00261-1,-0.24248089
s_016um_00276_00200-1,-0.39895523
s_016um_00287_00094-1,-0.25169727
s_016um_00189_00094-1,-0.29482016
s_016um_00044_00242-1,0.19396153
s_016um_00008_00213-1,-0.5222665
s_016um_00213_00296-1,-0.47964814
s_016um_00102_00025-1,-0.34362617
s_016um_00398_00259-1,-0.39446577
s_016um_00391_00292-1,-0.3459227
s_016um_00336_00397-1,-0.39433476
s_016um_00381_00127-1,-0.41934425
s_016um_00203_00145-1,0.22194824
s_016um_00131_00092-1,-0.48616785
s_016um_00037_00006-1,-0.36526698
s_016um_00138_00071-1,-0.6248665
s_016um_00399_00261-1,-0.41086638
s_016um_00281_00328-1,-0.4328029
s_016um_00088_00068-1,-0.37087402
s_016um_00170_00125-1,-0.2667193
s_016um_00276_00052-1,0.06760058
s_016um_00082_00030-1,-0.33500016
s_016um_00321_00170-1,-0.24744686
s_016um_00217_00285-1,-0.303973
s_016um_00190_00092-1,-0.3973861
s_016um_00098_00072-1,-0.57904935
s_016um_00192_00095-1,-0.25564647
s_016um_00114_00147-1,-0.3256025
s_016um_00185_00026-1,0.26608935
s_016um_00081_00244-1,-0.25125304
s_016um_00107_00384-1,-0.16015133
s_016um_00203_00150-1,-0.22039688
s_016um_00323_00229-1,-0.09456353
s_016um_00094_00276-1,-0.37057465
s_016um_00273_00029-1,0.018252552
s_016um_00338_00395-1,-0.2198824
s_016um_00400_00373-1,-0.79571
s_016um_00085_00271-1,-0.20582342
s_016um_00077_00238-1,-0.40736887
s_016um_00100_00025-1,-0.24244758
s_016um_00032_00084-1,-0.4758848
s_016um_00215_00015-1,-0.30762562
s_016um_00195_00129-1,-0.35297698
s_016um_00283_00097-1,-0.18945846
s_016um_00228_00263-1,-0.3502275
s_016um_00327_00124-1,-0.3847526
s_016um_00326_00305-1,-0.22664636
s_016um_00273_00034-1,-0.16868407
s_016um_00069_00234-1,-0.29958698
s_016um_00009_00158-1,-0.49418026
s_016um_00179_00031-1,-0.38094044
s_016um_00310_00056-1,-0.21187466
s_016um_00353_00115-1,-0.44683027
s_016um_00011_00212-1,-0.18924211
s_016um_00332_00250-1,-0.05238907
s_016um_00359_00092-1,-0.2247057
s_016um_00405_00127-1,-0.12963454
s_016um_00312_00054-1,-0.27276784
s_016um_00081_00031-1,-0.36239457
s_016um_00208_00031-1,-0.06907207
s_016um_00004_00157-1,-0.46949401
s_016um_00359_00287-1,-0.4779198
s_016um_00126_00386-1,-0.19002178
s_016um_00146_00054-1,-0.503795
s_016um_00333_00216-1,-0.24987291
s_016um_00146_00055-1,-0.26113608
s_016um_00093_00335-1,-0.24572477
s_016um_00259_00187-1,-0.1559861
s_016um_00398_00258-1,-0.11577527
s_016um_00205_00149-1,-0.30856493
s_016um_00174_00376-1,-0.2939598
s_016um_00110_00320-1,0.78182757
s_016um_00081_00035-1,-0.63421994
s_016um_00113_00321-1,-0.102456436
s_016um_00098_00339-1,-0.3938227
s_016um_00229_00245-1,-0.38225135
s_016um_00269_00230-1,-0.54695773
s_016um_00236_00361-1,-0.49748766
s_016um_00158_00290-1,-0.33180404
s_016um_00280_00205-1,-0.25371352
s_016um_00319_00165-1,-0.14597706
s_016um_00085_00285-1,-0.25736302
s_016um_00099_00066-1,-0.24328157
s_016um_00242_00186-1,-0.16897796
s_016um_00364_00222-1,-0.115049854
s_016um_00101_00390-1,-0.11686228
s_016um_00398_00360-1,-0.44734287
s_016um_00408_00152-1,-0.085121036
s_016um_00346_00217-1,-0.26469335
s_016um_00220_00166-1,0.108833015
s_016um_00267_00036-1,-0.361965
s_016um_00259_00027-1,-0.28826052
s_016um_00281_00324-1,-0.4206394
s_016um_00102_00391-1,-0.16012916
s_016um_00084_00036-1,-0.30411163
s_016um_00087_00030-1,-0.5431432
s_016um_00220_00025-1,-0.3718235
s_016um_00082_00069-1,-0.51228976
s_016um_00278_00046-1,-0.12200314
s_016um_00129_00089-1,-0.20014672
s_016um_00384_00132-1,-0.49563864
s_016um_00223_00170-1,0.08494362
s_016um_00084_00268-1,-0.2656475
s_016um_00245_00088-1,-0.29301238
s_016um_00065_00237-1,-0.26307997
s_016um_00091_00278-1,-0.3743038
s_016um_00008_00150-1,-0.4436406
s_016um_00216_00014-1,-0.3283703
s_016um_00256_00032-1,-0.2734657
s_016um_00358_00415-1,-0.64004767
s_016um_00231_00268-1,-0.4862662
s_016um_00134_00069-1,-0.43123847
s_016um_00257_00186-1,-0.10984334
s_016um_00215_00291-1,-0.29552737
s_016um_00219_00015-1,-0.1389411
s_016um_00396_00257-1,-0.2560695
s_016um_00408_00401-1,-0.13602424
s_016um_00127_00088-1,-0.39750403
s_016um_00086_00271-1,-0.3999346
s_016um_00129_00383-1,-0.31530356
s_016um_00365_00102-1,-0.12756175
s_016um_00341_00398-1,-0.24875647
s_016um_00190_00124-1,-0.035039783
s_016um_00135_00075-1,-0.28676644
s_016um_00234_00358-1,-0.26998362
s_016um_00125_00383-1,-0.21668467
s_016um_00371_00100-1,-0.4241836
s_016um_00140_00057-1,-0.4764067
s_016um_00395_00363-1,-0.32680717
s_016um_00041_00206-1,-0.1292162
s_016um_00065_00232-1,-0.2681489
s_016um_00271_00330-1,-0.38704872
s_016um_00271_00225-1,-0.30867627
s_016um_00044_00209-1,-0.295713
s_016um_00119_00148-1,-0.52878904
s_016um_00347_00216-1,-0.41533524
s_016um_00227_00247-1,-0.3941993
s_016um_00104_00387-1,-0.29411793
s_016um_00229_00260-1,-0.31573087
s_016um_00399_00214-1,-0.3103996
s_016um_00391_00293-1,-0.4137482
s_016um_00162_00125-1,-0.26121393
s_016um_00239_00183-1,-0.35626832
s_016um_00396_00178-1,-0.34717482
s_016um_00247_00084-1,-0.5087123
s_016um_00136_00230-1,-0.3555754
s_016um_00086_00074-1,-0.5917505
s_016um_00021_00266-1,-0.4033814
s_016um_00402_00260-1,-0.36072338
s_016um_00230_00361-1,-0.4721049
s_016um_00374_00145-1,-0.07525022
s_016um_00083_00285-1,-0.3160862
s_016um_00113_00319-1,-0.2773078
s_016um_00011_00295-1,-0.089294314
s_016um_00260_00027-1,-0.20549363
s_016um_00108_00321-1,-0.15141939
s_016um_00233_00265-1,-0.15017702
s_016um_00415_00102-1,-0.40461794
s_016um_00275_00049-1,-0.15594167
s_016um_00048_00237-1,-0.2647465
s_016um_00107_00383-1,-0.3264464
s_016um_00398_00215-1,-0.29718813
s_016um_00235_00357-1,-0.27576345
s_016um_00394_00369-1,-0.6179427
s_016um_00129_00314-1,-0.3413412
s_016um_00398_00217-1,-0.25667852
s_016um_00407_00398-1,-0.6991737
s_016um_00391_00298-1,0.21462426
s_016um_00402_00128-1,-0.21630798
s_016um_00103_00066-1,-0.35881555
s_016um_00040_00171-1,-0.13713045
s_016um_00408_00100-1,-0.37035382
s_016um_00020_00266-1,-0.61000687
s_016um_00086_00196-1,-0.09341611
s_016um_00204_00152-1,-0.323795
s_016um_00220_00225-1,-0.45730096
s_016um_00129_00093-1,-0.48389274
s_016um_00190_00122-1,0.17116022
s_016um_00269_00330-1,-0.5055
s_016um_00097_00273-1,-0.28372335
s_016um_00275_00135-1,-0.3188904
s_016um_00213_00282-1,-0.34397772
s_016um_00161_00288-1,-0.16142811
s_016um_00179_00029-1,-0.2704354
s_016um_00355_00119-1,-0.35836446
s_016um_00376_00138-1,-0.41451776
s_016um_00221_00227-1,-0.3631956
s_016um_00135_00070-1,0.0024913251
s_016um_00355_00025-1,-0.10623683
s_016um_00029_00332-1,-0.4742468
s_016um_00158_00291-1,-0.038003832
s_016um_00218_00018-1,-0.20439756
s_016um_00417_00140-1,-0.20895705
s_016um_00146_00400-1,-0.10387242
s_016um_00370_00143-1,-0.102941066
s_016um_00163_00291-1,-0.49051327
s_016um_00029_00090-1,-0.30385202
s_016um_00411_00149-1,-0.3747208
s_016um_00164_00124-1,-0.13515556
s_016um_00043_00212-1,-0.28304094
s_016um_00193_00123-1,-0.02378732
s_016um_00064_00234-1,0.87776375
s_016um_00262_00330-1,-0.38145357
s_016um_00064_00131-1,-0.29288292
s_016um_00391_00181-1,-0.04164219
s_016um_00260_00187-1,-0.23847951
s_016um_00220_00170-1,-0.08797394
s_016um_00403_00255-1,-0.4226609
s_016um_00416_00140-1,-0.29549086
s_016um_00084_00200-1,-0.48180246
s_016um_00084_00193-1,-0.20651156
s_016um_00238_00185-1,-0.15669617
s_016um_00027_00088-1,-0.36945882
s_016um_00132_00384-1,-0.36483395
s_016um_00013_00207-1,-0.42693096
s_016um_00249_00027-1,-0.33694065
s_016um_00367_00097-1,-0.21353015
s_016um_00352_00017-1,-0.24865505
s_016um_00137_00077-1,-0.46106088
s_016um_00083_00199-1,-0.36066017
s_016um_00399_00256-1,-0.21450564
s_016um_00178_00029-1,-0.30239505
s_016um_00125_00387-1,-0.23117918
s_016um_00107_00317-1,-0.082689404
s_016um_00345_00218-1,-0.24830511
s_016um_00057_00242-1,-0.43411982
s_016um_00278_00203-1,-0.34662613
s_016um_00042_00241-1,-0.33112603
s_016um_00251_00018-1,-0.16650955
s_016um_00052_00246-1,-0.30635324
s_016um_00119_00143-1,0.25356564
s_016um_00202_00149-1,-0.061417475
s_016um_00399_00121-1,-0.30268493
s_016um_00358_00089-1,-0.055497184
s_016um_00412_00102-1,-0.32587773
s_016um_00130_00093-1,-0.58166206
s_016um_00139_00076-1,-0.23752362
s_016um_00099_00316-1,-0.5096263
s_016um_00278_00045-1,-0.41506812
s_016um_00276_00226-1,-0.27316332
s_016um_00357_00090-1,-0.512741
s_016um_00135_00215-1,0.39339998
s_016um_00149_00394-1,-0.4613393
s_016um_00031_00332-1,-0.41076732
s_016um_00235_00188-1,-0.3630532
s_016um_00096_00316-1,-0.4573204
s_016um_00276_00314-1,-0.18853435
s_016um_00223_00334-1,-0.2982919
s_016um_00033_00098-1,-0.5998248
s_016um_00068_00236-1,-0.30039355
s_016um_00035_00103-1,-0.34192145
s_016um_00075_00249-1,-0.32027024
s_016um_00085_00066-1,-0.3483769
s_016um_00046_00212-1,-0.32177746
s_016um_00042_00204-1,-0.38536078
s_016um_00391_00339-1,-0.47063237
s_016um_00327_00214-1,-0.5312483
s_016um_00036_00103-1,-0.43463385
s_016um_00327_00212-1,-0.27232513
s_016um_00084_00264-1,-0.23296231
s_016um_00395_00357-1,-0.10045773
s_016um_00014_00266-1,-0.34800833
s_016um_00266_00035-1,-0.33857155
s_016um_00353_00116-1,-0.43542016
s_016um_00227_00248-1,-0.19255304
s_016um_00388_00338-1,-0.4445747
s_016um_00275_00052-1,-0.12785152
s_016um_00367_00094-1,-0.39874262
s_016um_00159_00287-1,-0.02908042
s_016um_00220_00028-1,-0.42962492
s_016um_00271_00336-1,-0.3163299
s_016um_00042_00042-1,-0.32245642
s_016um_00260_00029-1,-0.3999321
s_016um_00374_00146-1,-0.14169973
s_016um_00387_00129-1,-0.2839644
s_016um_00231_00362-1,-0.450858
s_016um_00413_00104-1,-0.329194
s_016um_00075_00241-1,-0.37199023
s_016um_00090_00071-1,-0.49907643
s_016um_00327_00306-1,-0.18417817
s_016um_00100_00385-1,-0.18005043
s_016um_00145_00399-1,-0.2394162
s_016um_00397_00258-1,-0.47916347
s_016um_00140_00216-1,-0.08810611
s_016um_00142_00054-1,-0.2196349
s_016um_00325_00229-1,-0.26814696
s_016um_00094_00340-1,-0.35338038
s_016um_00355_00021-1,0.053423584
s_016um_00040_00177-1,-0.40797645
s_016um_00356_00291-1,-0.36259663
s_016um_00327_00232-1,-0.2782758
s_016um_00194_00121-1,-0.14833073
s_016um_00140_00021-1,-0.50593793
s_016um_00370_00142-1,-0.36400887
s_016um_00037_00043-1,-0.46214914
s_016um_00266_00058-1,0.37821153
s_016um_00012_00295-1,-0.28886402
s_016um_00017_00268-1,-0.41623908
s_016um_00257_00035-1,-0.15719537
s_016um_00265_00135-1,0.30295816
s_016um_00221_00235-1,-0.23746896
s_016um_00325_00162-1,-0.32550323
s_016um_00037_00008-1,-0.2449975
s_016um_00143_00057-1,-0.5077674
s_016um_00077_00242-1,-0.33691424
s_016um_00136_00215-1,0.6149399
s_016um_00166_00374-1,-0.27178904
s_016um_00398_00366-1,-0.5289408
s_016um_00370_00141-1,-0.38675648
s_016um_00237_00360-1,-0.3778152
s_016um_00008_00155-1,-0.5025555
s_016um_00363_00227-1,-0.44288614
s_016um_00384_00139-1,-0.14840247
s_016um_00396_00367-1,-0.27272275
s_016um_00246_00085-1,-4.3690205e-05
s_016um_00221_00010-1,-0.53006786
s_016um_00249_00026-1,-0.45456067
s_016um_00394_00342-1,-0.5885793
s_016um_00392_00339-1,-0.44614786
s_016um_00324_00304-1,-0.28407457
s_016um_00394_00186-1,-0.44457614
s_016um_00121_00147-1,-0.40987363
s_016um_00272_00031-1,-0.04291588
s_016um_00323_00304-1,-0.32598662
s_016um_00217_00233-1,-0.29174143
s_016um_00377_00140-1,-0.16712372
s_016um_00270_00330-1,-0.7442689
s_016um_00083_00035-1,-0.27332902
s_016um_00406_00398-1,-0.98380804
s_016um_00352_00089-1,-0.375876
s_016um_00367_00101-1,-0.053273007
s_016um_00066_00238-1,-0.3170785
s_016um_00221_00014-1,-0.084390625
s_016um_00222_00030-1,-0.39726016
s_016um_00272_00222-1,-0.39204228
s_016um_00195_00095-1,-0.46316832
s_016um_00217_00015-1,-0.44117936
s_016um_00016_00266-1,-0.18617204
s_016um_00226_00329-1,-0.32408896
s_016um_00215_00297-1,-0.47138873
s_016um_00095_00271-1,-0.13318583
s_016um_00236_00266-1,-0.4353615
s_016um_00188_00094-1,-0.3640255
s_016um_00274_00333-1,-0.48987228
s_016um_00395_00369-1,-0.41666615
s_016um_00163_00126-1,-0.22336426
s_016um_00095_00339-1,-0.3800063
s_016um_00076_00300-1,-0.31671613
s_016um_00234_00359-1,-0.4997604
s_016um_00090_00067-1,-0.41997972
s_016um_00034_00008-1,-0.41934305
s_016um_00040_00212-1,0.37081638
s_016um_00082_00240-1,-0.4663024
s_016um_00271_00231-1,-0.45141682
s_016um_00271_00057-1,-0.40473974
s_016um_00273_00133-1,-0.32436964
s_016um_00330_00254-1,-0.10638036
s_016um_00070_00248-1,-0.2670118
s_016um_00062_00125-1,-0.5243701
s_016um_00362_00228-1,-0.36128792
s_016um_00277_00313-1,-0.2944963
s_016um_00126_00388-1,-0.078847006
s_016um_00329_00123-1,-0.37191394
s_016um_00358_00119-1,-0.3582155
s_016um_00328_00225-1,-0.4611417
s_016um_00373_00147-1,0.5836493
s_016um_00276_00203-1,-0.41753742
s_016um_00372_00147-1,0.2533687
s_016um_00006_00155-1,-0.41654786
s_016um_00145_00057-1,-0.5331892
s_016um_00326_00226-1,-0.168969
s_016um_00222_00172-1,0.10366601
s_016um_00057_00248-1,-0.34905103
s_016um_00083_00267-1,-0.11828381
s_016um_00397_00216-1,-0.4117283
s_016um_00341_00400-1,-0.2880735
s_016um_00075_00299-1,-0.33940434
s_016um_00236_00362-1,-0.3024442
s_016um_00077_00240-1,-0.31468046
s_016um_00365_00100-1,-0.2612757
s_016um_00370_00117-1,-0.46501598
s_016um_00407_00102-1,-0.3194526
s_016um_00401_00396-1,-0.8841847
s_016um_00229_00332-1,0.034149557
s_016um_00120_00146-1,-0.49186105
s_016um_00040_00174-1,-0.14279178
s_016um_00340_00216-1,-0.36700028
s_016um_00105_00383-1,-0.32965484
s_016um_00410_00102-1,-0.35147285
s_016um_00267_00059-1,-0.22471806
s_016um_00338_00397-1,-0.21250546
s_016um_00134_00232-1,-0.2942975
s_016um_00402_00126-1,-0.39442587
s_016um_00254_00034-1,-0.31669697
s_016um_00136_00318-1,0.8416108
s_016um_00131_00094-1,-0.50039744
s_016um_00394_00338-1,-0.5226448
s_016um_00222_00174-1,-0.047507703
s_016um_00037_00103-1,-0.42621994
s_016um_00376_00121-1,-0.009331435
s_016um_00402_00398-1,0.19820964
s_016um_00327_00228-1,-0.27719852
s_016um_00041_00205-1,-0.3167014
s_016um_00005_00211-1,-0.26881558
s_016um_00271_00030-1,-0.36893997
s_016um_00324_00230-1,-0.23076895
s_016um_00394_00343-1,-0.45176676
s_016um_00203_00146-1,0.14898029
s_016um_00067_00128-1,-0.5016575
s_016um_00218_00281-1,0.0066184103
s_016um_00014_00297-1,-0.25387213
s_016um_00221_00226-1,-0.41787243
s_016um_00183_00025-1,-0.48600808
s_016um_00075_00247-1,-0.39349833
s_016um_00035_00104-1,-0.41464207
s_016um_00135_00218-1,-0.37936386
s_016um_00396_00368-1,-0.4670459
s_016um_00168_00127-1,-0.08716974
s_016um_00216_00232-1,-0.5480184
s_016um_00254_00029-1,-0.22294089
s_016um_00263_00192-1,-0.37684712
s_016um_00264_00186-1,0.7825265
s_016um_00084_00035-1,-0.3204487
s_016um_00040_00205-1,-0.2883016
s_016um_00372_00144-1,-0.06027502
s_016um_00126_00389-1,-0.3104144
s_016um_00128_00319-1,-0.23525754
s_016um_00008_00294-1,-0.41586456
s_016um_00277_00052-1,-0.029616743
s_016um_00102_00065-1,-0.34846422
s_016um_00092_00269-1,-0.32019365
s_016um_00262_00030-1,-0.28998098
s_016um_00129_00315-1,-0.30826858
s_016um_00338_00405-1,-0.26345164
s_016um_00173_00375-1,-0.1650346
s_016um_00356_00121-1,-0.5008841
s_016um_00269_00061-1,-0.03294128
s_016um_00010_00300-1,-0.40385848
s_016um_00093_00338-1,-0.33605817
s_016um_00006_00300-1,-0.45294064
s_016um_00353_00026-1,-0.26668245
s_016um_00330_00257-1,-0.36689097
s_016um_00243_00090-1,-0.22770554
s_016um_00082_00297-1,-0.57427615
s_016um_00145_00058-1,-0.48480958
s_016um_00399_00262-1,-0.309846
s_016um_00074_00250-1,-0.20201942
s_016um_00337_00399-1,-0.510021
s_016um_00233_00091-1,-0.06379078
s_016um_00105_00390-1,-0.28237328
s_016um_00141_00022-1,-0.2853738
s_016um_00037_00041-1,-0.4632072
s_016um_00239_00087-1,-0.040965915
s_016um_00102_00071-1,-0.27707112
s_016um_00174_00377-1,-0.25493026
s_016um_00338_00404-1,-0.22449814
s_016um_00036_00007-1,-0.3763217
s_016um_00171_00376-1,-0.3780374
s_016um_00277_00134-1,-0.24914633
s_016um_00066_00131-1,-0.26550496
s_016um_00150_00394-1,-0.38066092
s_016um_00134_00233-1,-0.36221734
s_016um_00359_00411-1,-0.16430375
s_016um_00276_00209-1,-0.31144273
s_016um_00380_00136-1,-0.33254975
s_016um_00039_00210-1,-0.24878684
s_016um_00406_00144-1,-0.1857442
s_016um_00339_00397-1,0.030177385
s_016um_00117_00145-1,-0.22937861
s_016um_00139_00058-1,-0.29310963
s_016um_00341_00214-1,-0.4518675
s_016um_00093_00321-1,-0.46005797
s_016um_00037_00047-1,-0.43491054
s_016um_00254_00032-1,-0.25973108
s_016um_00034_00105-1,-0.61559
s_016um_00055_00250-1,-0.5230146
s_016um_00053_00243-1,-0.42177492
s_016um_00009_00299-1,-0.44377613
s_016um_00367_00141-1,-0.39366722
s_016um_00279_00047-1,-0.18462886
s_016um_00094_00271-1,-0.2994073
s_016um_00207_00149-1,-0.32070696
s_016um_00352_00024-1,-0.26198465
s_016um_00416_00137-1,-0.24071738
s_016um_00084_00195-1,0.24482456
s_016um_00270_00061-1,-0.121114284
s_016um_00346_00219-1,-0.4611206
s_016um_00236_00356-1,-0.36879775
s_016um_00203_00144-1,0.09317961
s_016um_00161_00292-1,-0.3701221
s_016um_00128_00387-1,-0.3083505
s_016um_00043_00203-1,-0.2232551
s_016um_00407_00122-1,-0.30423233
s_016um_00072_00246-1,-0.11076343
s_016um_00385_00136-1,-0.20740837
s_016um_00348_00214-1,-0.6020038
s_016um_00219_00230-1,-0.38060582
s_016um_00331_00215-1,-0.4171207
s_016um_00381_00126-1,-0.24852782
s_016um_00218_00227-1,-0.3399529
s_016um_00045_00239-1,-0.5118605
s_016um_00154_00398-1,-0.43534875
s_016um_00385_00131-1,-0.35983047
s_016um_00385_00126-1,0.11023313
s_016um_00035_00007-1,-0.30527478
s_016um_00233_00086-1,-0.30061597
s_016um_00276_00043-1,-0.12893502
s_016um_00234_00086-1,-0.37220487
s_016um_00157_00286-1,-0.1891388
s_016um_00079_00291-1,-0.32762256
s_016um_00277_00323-1,-0.45717677
s_016um_00072_00251-1,-0.33362937
s_016um_00288_00097-1,-0.30303052
s_016um_00415_00136-1,-0.47046483
s_016um_00164_00128-1,-0.31168443
s_016um_00130_00090-1,-0.51603806
s_016um_00225_00331-1,-0.44937533
s_016um_00397_00218-1,-0.33793625
s_016um_00082_00242-1,-0.35750848
s_016um_00116_00147-1,-0.11249243
s_016um_00227_00249-1,-0.35412994
s_016um_00095_00279-1,-0.18426141
s_016um_00056_00246-1,-0.23144414
s_016um_00334_00253-1,-0.4425358
s_016um_00252_00019-1,-0.50906265
s_016um_00139_00021-1,-0.44779298
s_016um_00319_00164-1,-0.26015776
s_016um_00111_00313-1,-0.44465253
s_016um_00247_00022-1,-0.434403
s_016um_00150_00398-1,-0.5916196
s_016um_00044_00218-1,-0.2874866
s_016um_00057_00251-1,-0.38391334
s_016um_00132_00316-1,0.27578333
s_016um_00276_00329-1,-0.36508933
s_016um_00109_00317-1,-0.1570231
s_016um_00393_00340-1,-0.4067034
s_016um_00218_00173-1,-0.32513303
s_016um_00280_00048-1,0.4177728
s_016um_00246_00090-1,-0.05034496
s_016um_00044_00175-1,-0.40199924
s_016um_00045_00244-1,-0.41203555
s_016um_00321_00300-1,-0.06558666
s_016um_00369_00144-1,-0.25478455
s_016um_00086_00073-1,-0.24751881
s_016um_00374_00118-1,0.03557986
s_016um_00326_00224-1,-0.5363898
s_016um_00141_00015-1,-0.28904697
s_016um_00081_00193-1,0.10918775
s_016um_00124_00386-1,-0.17703174
s_016um_00011_00151-1,-0.53944045
s_016um_00107_00387-1,-0.28360695
s_016um_00397_00374-1,-0.6364721
s_016um_00241_00083-1,-0.054010212
s_016um_00360_00418-1,-0.14843829
s_016um_00092_00273-1,-0.37471282
s_016um_00269_00030-1,-0.3289949
s_016um_00359_00413-1,-0.82950544
s_016um_00232_00362-1,-0.33049414
s_016um_00233_00266-1,-0.35966128
s_016um_00223_00239-1,-0.37122893
s_016um_00136_00319-1,0.9336046
s_016um_00275_00209-1,-0.3186594
s_016um_00246_00023-1,-0.22386682
s_016um_00405_00125-1,-0.2596951
s_016um_00130_00230-1,-0.46101654
s_016um_00234_00092-1,0.40641806
s_016um_00364_00230-1,-0.23650926
s_016um_00147_00058-1,-0.33878136
s_016um_00039_00009-1,-0.33136255
s_016um_00148_00401-1,-0.16715609
s_016um_00080_00292-1,-0.29793084
s_016um_00393_00294-1,-0.43288514
s_016um_00357_00415-1,-0.8983128
s_016um_00248_00025-1,-0.34291196
s_016um_00085_00073-1,-0.25653365
s_016um_00397_00180-1,-0.25781202
s_016um_00396_00180-1,-0.2570841
s_016um_00096_00274-1,-0.37008658
s_016um_00120_00143-1,0.012039781
s_016um_00246_00089-1,-0.18825483
s_016um_00011_00157-1,-0.45060718
s_016um_00264_00128-1,-0.35102054
s_016um_00095_00029-1,-0.22091386
s_016um_00036_00099-1,-0.43321162
s_016um_00097_00027-1,-0.3415958
s_016um_00192_00094-1,-0.21526995
s_016um_00171_00127-1,-0.22376391
s_016um_00123_00150-1,-0.28725427
s_016um_00213_00290-1,-0.1876084
s_016um_00400_00398-1,-0.46345294
s_016um_00394_00360-1,-0.218068
s_016um_00229_00235-1,-0.4222392
s_016um_00029_00336-1,-0.45378464
s_016um_00034_00010-1,-0.27829817
s_016um_00145_00056-1,-0.5328162
s_016um_00372_00125-1,-0.4098634
s_016um_00216_00284-1,-0.1784921
s_016um_00272_00202-1,-0.31930465
s_016um_00036_00042-1,-0.45250815
s_016um_00043_00217-1,-0.26940125
s_016um_00272_00330-1,-0.39187273
s_016um_00145_00396-1,-0.49085397
s_016um_00215_00029-1,-0.3869872
s_016um_00100_00069-1,-0.22188361
s_016um_00100_00067-1,-0.43120944
s_016um_00040_00204-1,-0.012973547
s_016um_00013_00299-1,-0.28147662
s_016um_00089_00065-1,-0.5840613
s_016um_00279_00133-1,-0.26510146
s_016um_00218_00229-1,-0.4514582
s_016um_00006_00152-1,-0.5178009
s_016um_00326_00229-1,-0.24154606
s_016um_00259_00031-1,-0.42543146
s_016um_00396_00358-1,-0.5911952
s_016um_00124_00090-1,-0.42882383
s_016um_00018_00270-1,-0.34404653
s_016um_00269_00224-1,-0.38017935
s_016um_00162_00293-1,-0.4345327
s_016um_00027_00333-1,-0.308784
s_016um_00403_00149-1,-0.09287377
s_016um_00350_00019-1,0.22353503
s_016um_00406_00123-1,-0.2981046
s_016um_00036_00100-1,-0.38121402
s_016um_00102_00072-1,-0.43986845
s_016um_00130_00387-1,-0.27942088
s_016um_00267_00333-1,-0.17415613
s_016um_00191_00128-1,-0.19436178
s_016um_00359_00416-1,-0.98175764
s_016um_00218_00017-1,0.12211326
s_016um_00388_00344-1,-0.36475536
s_016um_00079_00301-1,-0.28415743
s_016um_00287_00100-1,-0.39970148
s_016um_00084_00031-1,-0.39765382
s_016um_00221_00169-1,-0.0912476
s_016um_00044_00042-1,-0.30946246
s_016um_00229_00329-1,-0.4466924
s_016um_00343_00218-1,-0.281289
s_016um_00082_00196-1,0.0017829835
s_016um_00270_00030-1,-0.0043901503
s_016um_00362_00416-1,-0.17828006
s_016um_00053_00244-1,-0.242579
s_016um_00390_00182-1,-0.36784685
s_016um_00099_00028-1,-0.5169865
s_016um_00386_00132-1,-0.34298906
s_016um_00328_00123-1,-0.37680045
s_016um_00071_00235-1,-0.23034585
s_016um_00224_00335-1,-0.2848159
s_016um_00108_00386-1,-0.18905467
s_016um_00386_00127-1,-0.19348097
s_016um_00138_00069-1,-0.38503152
s_016um_00099_00024-1,-0.27640694
s_016um_00286_00092-1,-0.2446619
s_016um_00238_00186-1,-0.40149665
s_016um_00371_00096-1,-0.23961608
s_016um_00043_00237-1,-0.29907513
s_016um_00189_00123-1,-0.09232806
s_016um_00063_00126-1,-0.60827935
s_016um_00084_00286-1,-0.08781582
s_016um_00291_00094-1,-0.019820452
s_016um_00128_00089-1,0.33364245
s_016um_00340_00397-1,-0.34118602
s_016um_00267_00328-1,-0.50139314
s_016um_00217_00280-1,-0.45838243
s_016um_00269_00331-1,-0.41289884
s_016um_00393_00343-1,-0.4101205
s_016um_00213_00297-1,-0.590415
s_016um_00276_00049-1,-0.089591786
s_016um_00410_00152-1,-0.35729226
s_016um_00254_00023-1,-0.60177904
s_016um_00322_00230-1,-0.17967498
s_016um_00397_00221-1,-0.29758567
s_016um_00092_00322-1,-0.16734178
s_016um_00039_00102-1,-0.5303744
s_016um_00217_00018-1,-0.297932
s_016um_00232_00089-1,-0.25080988
s_016um_00268_00058-1,0.1578545
s_016um_00341_00396-1,-0.2930819
s_016um_00277_00209-1,-0.20299816
s_016um_00400_00257-1,-0.23978937
s_016um_00278_00319-1,-0.46531302
s_016um_00038_00097-1,-0.5231938
s_016um_00084_00201-1,-0.35139138
s_016um_00250_00024-1,-0.41721845
s_016um_00404_00259-1,-0.20162901
s_016um_00005_00295-1,-0.35353044
s_016um_00142_00018-1,-0.4573267
s_016um_00087_00272-1,-0.3870244
s_016um_00133_00093-1,-0.52632904
s_016um_00130_00088-1,-0.40049472
s_016um_00275_00311-1,-0.54592043
s_016um_00256_00028-1,0.14124739
s_016um_00078_00248-1,-0.0031857193
s_016um_00098_00030-1,-0.32185867
s_016um_00108_00316-1,-0.4130442
s_016um_00234_00262-1,-0.3492624
s_016um_00216_00282-1,-0.44453904
s_016um_00404_00395-1,-1.0229747
s_016um_00220_00282-1,-0.048232645
s_016um_00190_00126-1,0.083398014
s_016um_00309_00056-1,-0.08184789
s_016um_00351_00115-1,-0.28169158
s_016um_00370_00123-1,-0.26271287
s_016um_00180_00032-1,-0.49384332
s_016um_00083_00195-1,0.2745236
s_016um_00244_00081-1,0.019176453
s_016um_00229_00263-1,-0.26203537
s_016um_00259_00128-1,-0.28261772
s_016um_00397_00219-1,-0.32195303
s_016um_00065_00233-1,0.30564484
s_016um_00164_00125-1,-0.4122817
s_016um_00019_00272-1,-0.49150118
s_016um_00357_00287-1,-0.25714362
s_016um_00403_00400-1,-0.2985332
s_016um_00163_00287-1,-0.29386836
s_016um_00374_00143-1,-0.18428618
s_016um_00281_00327-1,-0.58960307
s_016um_00277_00202-1,-0.2850287
s_016um_00115_00317-1,-0.37209922
s_016um_00233_00354-1,-0.15585884
s_016um_00379_00133-1,-0.47609612
s_016um_00007_00299-1,-0.42324287
s_016um_00348_00020-1,-0.059769437
s_016um_00086_00266-1,-0.3882536
s_016um_00274_00138-1,-0.22754508
s_016um_00039_00179-1,-0.36100656
s_016um_00350_00025-1,-0.2815101
s_016um_00082_00294-1,-0.3239118
s_016um_00132_00093-1,-0.2055307
s_016um_00163_00128-1,-0.32381052
s_016um_00235_00187-1,-0.29476526
s_016um_00040_00178-1,-0.41132742
s_016um_00262_00191-1,-0.2313708
s_016um_00378_00134-1,-0.39403075
s_016um_00261_00130-1,0.04438305
s_016um_00140_00058-1,-0.36834487
s_016um_00392_00341-1,-0.34409523
s_016um_00079_00294-1,-0.41329083
s_016um_00237_00187-1,-0.23242593
s_016um_00400_00128-1,-0.14485563
s_016um_00403_00152-1,-0.37580025
s_016um_00098_00031-1,-0.62824154
s_016um_00238_00091-1,0.028199166
s_016um_00268_00223-1,-0.27806756
s_016um_00267_00056-1,0.12890169
s_016um_00236_00264-1,-0.45515704
s_016um_00240_00091-1,-0.5547785
s_016um_00308_00060-1,-0.27280182
s_016um_00350_00018-1,-0.21418485
s_016um_00277_00317-1,-0.4123009
s_016um_00218_00284-1,-0.40670976
s_016um_00275_00323-1,-0.42997095
s_016um_00146_00020-1,-0.5213163
s_016um_00082_00269-1,-0.30473232
s_016um_00133_00231-1,-0.5383112
s_016um_00043_00214-1,-0.21600321
s_016um_00243_00188-1,-0.21948758
s_016um_00368_00141-1,-0.29588115
s_016um_00218_00027-1,-0.31191674
s_016um_00063_00129-1,-0.41989914
s_016um_00403_00121-1,-0.28376275
s_016um_00044_00048-1,-0.354849
s_016um_00217_00027-1,-0.2697515
s_016um_00007_00298-1,-0.2834255
s_016um_00265_00333-1,-0.3627958
s_016um_00166_00121-1,-0.091488436
s_016um_00359_00118-1,-0.39638418
s_016um_00351_00120-1,-0.5015483
s_016um_00139_00069-1,-0.6517706
s_016um_00037_00175-1,-0.59084666
s_016um_00043_00219-1,-0.31739464
s_016um_00339_00401-1,-0.6775384
s_016um_00391_00177-1,-0.18135102
s_016um_00115_00145-1,0.090212375
s_016um_00110_00312-1,-0.4065153
s_016um_00353_00114-1,-0.2672006
s_016um_00028_00330-1,-0.47085857
s_016um_00393_00217-1,-0.32323232
s_016um_00234_00357-1,-0.49481547
s_016um_00008_00298-1,-0.21760398
s_016um_00239_00088-1,-0.018984348
s_016um_00322_00231-1,-0.30818993
s_016um_00080_00239-1,-0.20526949
s_016um_00220_00165-1,-0.15067887
s_016um_00268_00031-1,-0.061144993
s_016um_00016_00270-1,-0.26323897
s_016um_00038_00100-1,-0.19895782
s_016um_00351_00090-1,-0.3213563
s_016um_00045_00245-1,-0.34050557
s_016um_00257_00030-1,-0.37420553
s_016um_00277_00044-1,-0.3830043
s_016um_00082_00031-1,-0.37739533
s_016um_00358_00097-1,-0.28487372
s_016um_00397_00360-1,-0.25748667
s_016um_00220_00231-1,-0.103165
s_016um_00355_00287-1,0.03512445
s_016um_00086_00270-1,-0.36027545
s_016um_00379_00134-1,-0.03136933
s_016um_00149_00393-1,-0.5359915
s_016um_00264_00054-1,-0.28688866
s_016um_00412_00103-1,-0.25847706
s_016um_00262_00131-1,-0.13439548
s_016um_00325_00167-1,-0.3398149
s_016um_00048_00213-1,-0.5833438
s_016um_00227_00233-1,-0.42953193
s_016um_00189_00125-1,0.047075123
s_016um_00067_00132-1,-0.48691994
s_016um_00270_00229-1,-0.41092503
s_016um_00132_00317-1,0.4050189
s_016um_00407_00104-1,-0.35735074
s_016um_00261_00032-1,-0.2724196
s_016um_00222_00249-1,-0.23361936
s_016um_00098_00318-1,-0.40183228
s_016um_00128_00230-1,-0.28768134
s_016um_00220_00229-1,-0.24912158
s_016um_00397_00363-1,-0.2976251
s_016um_00100_00023-1,-0.3797033
s_016um_00081_00236-1,-0.008632094
s_016um_00216_00278-1,-0.38955906
s_016um_00353_00024-1,-0.24056137
s_016um_00076_00252-1,-0.4924584
s_016um_00322_00169-1,-0.20201737
s_016um_00121_00150-1,-0.43353695
s_016um_00332_00212-1,-0.3663866
s_016um_00042_00237-1,-0.45417798
s_016um_00382_00140-1,-0.27910507
s_016um_00354_00118-1,-0.2211925
s_016um_00119_00142-1,-0.32588974
s_016um_00128_00227-1,-0.46805525
s_016um_00337_00402-1,-0.22346117
s_016um_00079_00194-1,-0.16842523
s_016um_00370_00146-1,-0.13797475
s_016um_00183_00029-1,-0.5888305
s_016um_00332_00121-1,-0.32513332
s_016um_00086_00272-1,-0.38829935
s_016um_00047_00214-1,-0.45149115
s_016um_00086_00267-1,-0.33915743
s_016um_00166_00371-1,-0.30048817
s_016um_00262_00134-1,0.0019571185
s_016um_00403_00260-1,-0.24537496
s_016um_00395_00185-1,-0.22063449
s_016um_00085_00201-1,-0.47229028
s_016um_00273_00222-1,-0.38519472
s_016um_00274_00044-1,-0.11744507
s_016um_00066_00130-1,-0.6111654
s_016um_00250_00022-1,-0.133445
s_016um_00405_00151-1,-0.105038226
s_016um_00083_00273-1,-0.03398353
s_016um_00324_00226-1,-0.39601308
s_016um_00257_00025-1,-0.29040307
s_016um_00236_00086-1,-0.22128841
s_016um_00115_00148-1,-0.38232565
s_016um_00354_00090-1,-0.42392957
s_016um_00224_00327-1,-0.0444465
s_016um_00161_00289-1,-0.3647043
s_016um_00208_00296-1,-0.26995498
s_016um_00034_00333-1,-0.28537044
s_016um_00322_00301-1,-0.21855664
s_016um_00178_00031-1,-0.5028915
s_016um_00375_00123-1,-0.22926071
s_016um_00081_00278-1,-0.35335737
s_016um_00211_00296-1,-0.44577253
s_016um_00066_00133-1,-0.52067894
s_016um_00041_00174-1,-0.41892377
s_016um_00097_00071-1,-0.3812805
s_016um_00145_00019-1,-0.4800118
s_016um_00168_00125-1,-0.14759882
s_016um_00057_00246-1,-0.08667728
s_016um_00102_00389-1,-0.19389611
s_016um_00269_00227-1,-0.38759664
s_016um_00127_00089-1,-0.24751799
s_016um_00113_00316-1,-0.38962254
s_016um_00392_00337-1,-0.5296077
s_016um_00019_00266-1,-0.27630007
s_016um_00147_00398-1,-0.4275207
s_016um_00385_00132-1,-0.34114408
s_016um_00353_00095-1,-0.26987335
s_016um_00408_00145-1,-0.26937506
s_016um_00322_00170-1,-0.22697505
s_016um_00372_00096-1,-0.29861933
s_016um_00262_00187-1,-0.27251723
s_016um_00018_00266-1,-0.19519527
s_016um_00046_00217-1,-0.35679838
s_016um_00037_00044-1,-0.38998628
s_016um_00023_00268-1,-0.3444785
s_016um_00028_00089-1,-0.7032428
s_016um_00271_00061-1,-0.23165736
s_016um_00399_00127-1,-0.15617889
s_016um_00132_00229-1,-0.023623347
s_016um_00324_00298-1,-0.25496393
s_016um_00222_00011-1,-0.47531694
s_016um_00040_00048-1,-0.37496513
s_016um_00261_00331-1,-0.30206257
s_016um_00258_00187-1,-0.26964545
s_016um_00275_00314-1,-0.05082035
s_016um_00267_00035-1,-0.42407
s_016um_00276_00207-1,-0.5197424
s_016um_00263_00135-1,0.015624136
s_016um_00083_00065-1,-0.6110568
s_016um_00406_00147-1,-0.37044334
s_016um_00414_00143-1,-0.259776
s_016um_00399_00220-1,-0.32746112
s_016um_00382_00128-1,-0.4145761
s_016um_00096_00031-1,-0.21519068
s_016um_00343_00212-1,-0.48718625
s_016um_00055_00247-1,-0.00652349
s_016um_00066_00129-1,-0.43514526
s_016um_00397_00259-1,-0.3214658
s_016um_00040_00099-1,-0.4645164
s_016um_00366_00222-1,-0.30991465
s_016um_00218_00169-1,0.36180624
s_016um_00277_00129-1,-0.17940664
s_016um_00069_00131-1,-0.40005776
s_016um_00359_00094-1,-0.40091956
s_016um_00352_00097-1,-0.21215463
s_016um_00381_00132-1,-0.16838326
s_016um_00077_00244-1,-0.26410818
s_016um_00359_00120-1,-0.25489503
s_016um_00277_00319-1,-0.43781415
s_016um_00406_00126-1,-0.28727403
s_016um_00396_00341-1,-0.6888858
s_016um_00341_00218-1,-0.22843331
s_016um_00402_00151-1,-0.42827666
s_016um_00285_00092-1,-0.25880912
s_016um_00045_00208-1,-0.27504304
s_016um_00019_00267-1,-0.28413543
s_016um_00355_00288-1,-0.23551221
s_016um_00396_00364-1,-0.38605547
s_016um_00030_00336-1,-0.5209016
s_016um_00369_00139-1,-0.28293508
s_016um_00061_00245-1,-0.35764575
s_016um_00222_00334-1,-0.37872413
s_016um_00327_00119-1,-0.30929872
s_016um_00272_00045-1,0.12802365
s_016um_00092_00318-1,0.13215613
s_016um_00261_00133-1,-0.15794487
s_016um_00161_00290-1,-0.27021116
s_016um_00224_00026-1,0.027287692
s_016um_00319_00302-1,-0.2428132
s_016um_00211_00292-1,-0.36070067
s_016um_00270_00054-1,-0.13756202
s_016um_00280_00046-1,-0.15342903
s_016um_00040_00101-1,-0.24581861
s_016um_00273_00336-1,-0.2671331
s_016um_00399_00373-1,-0.88546383
s_016um_00141_00217-1,-0.077805996
s_016um_00394_00344-1,-0.46612847
s_016um_00327_00213-1,-0.4789491
s_016um_00286_00095-1,-0.19071764
s_016um_00272_00229-1,-0.47505003
s_016um_00355_00088-1,-0.16847828
s_016um_00351_00018-1,-0.36276412
s_016um_00271_00035-1,-0.08961961
s_016um_00085_00197-1,-0.37333006
s_016um_00141_00220-1,-0.34608918
s_016um_00372_00126-1,-0.56052786
s_016um_00019_00271-1,-0.21823499
s_016um_00388_00340-1,-0.5900364
s_016um_00211_00291-1,0.36073932
s_016um_00220_00172-1,-0.08123918
s_016um_00218_00226-1,-0.3466756
s_016um_00328_00218-1,-0.3693725
s_016um_00330_00252-1,-0.51948494
s_016um_00107_00389-1,-0.23200703
s_016um_00074_00296-1,-0.26885
s_016um_00280_00045-1,-0.12419082
s_016um_00273_00318-1,-0.26772702
s_016um_00251_00023-1,-0.13972317
s_016um_00349_00018-1,-0.35078913
s_016um_00372_00143-1,0.14182442
s_016um_00267_00132-1,-0.34011495
s_016um_00219_00169-1,-0.3168479
s_016um_00400_00220-1,-0.46868283
s_016um_00268_00034-1,-0.1991705
s_016um_00263_00329-1,-0.3823099
s_016um_00222_00329-1,-0.4439221
s_016um_00326_00298-1,-0.44666433
s_016um_00351_00025-1,-0.3692956
s_016um_00344_00218-1,-0.020622104
s_016um_00369_00096-1,-0.3956393
s_016um_00333_00256-1,-0.2889401
s_016um_00134_00230-1,-0.40750098
s_016um_00069_00127-1,-0.47499862
s_016um_00324_00227-1,-0.29937124
s_016um_00326_00124-1,-0.22453636
s_016um_00392_00297-1,0.6610662
s_016um_00253_00032-1,-0.26382524
s_016um_00278_00206-1,-0.23085627
s_016um_00055_00245-1,-0.35008866
s_016um_00100_00388-1,-0.06103185
s_016um_00224_00238-1,-0.26635927
s_016um_00273_00030-1,-0.09576677
s_016um_00394_00185-1,-0.22903204
s_016um_00004_00297-1,-0.45646888
s_016um_00329_00124-1,-0.27679536
s_016um_00179_00033-1,-0.33714598
s_016um_00398_00183-1,-0.30649492
s_016um_00010_00207-1,-0.2644501
s_016um_00278_00327-1,-0.59789264
s_016um_00088_00034-1,-0.3908918
s_016um_00285_00095-1,-0.0842364
s_016um_00239_00188-1,-0.27822387
s_016um_00314_00056-1,-0.32217196
s_016um_00262_00133-1,-0.23283458
s_016um_00067_00238-1,-0.36086178
s_016um_00040_00104-1,-0.4098151
s_016um_00379_00132-1,-0.37470937
s_016um_00379_00136-1,-0.3805471
s_016um_00075_00242-1,-0.36313552
s_016um_00127_00090-1,-0.07611683
s_016um_00227_00332-1,-0.4468913
s_016um_00404_00397-1,-1.0638429
s_016um_00046_00208-1,-0.34183243
s_016um_00403_00397-1,-0.60381603
s_016um_00352_00090-1,-0.28857553
s_016um_00391_00342-1,-0.10539135
s_016um_00124_00147-1,-0.51131666
s_016um_00222_00245-1,-0.4378404
s_016um_00040_00207-1,-0.40620193
s_016um_00394_00364-1,-0.43066105
s_016um_00249_00021-1,-0.3117781
s_016um_00087_00071-1,-0.3626679
s_016um_00025_00089-1,-0.6465342
s_016um_00274_00323-1,-0.43148595
s_016um_00130_00390-1,-0.48429298
s_016um_00390_00178-1,-0.3432175
s_016um_00056_00244-1,-0.108898416
s_016um_00404_00148-1,-0.4715748
s_016um_00215_00027-1,-0.41883448
s_016um_00405_00147-1,-0.23911655
s_016um_00333_00213-1,-0.5103265
s_016um_00403_00256-1,-0.44250077
s_016um_00031_00329-1,-0.2917386
s_016um_00015_00264-1,-0.37006462
s_016um_00280_00315-1,-0.32298267
s_016um_00062_00132-1,-0.4759506
s_016um_00411_00100-1,-0.30148962
s_016um_00058_00247-1,-0.23707762
s_016um_00150_00400-1,-0.4316205
s_016um_00265_00133-1,-0.04312679
s_016um_00386_00128-1,-0.3136073
s_016um_00022_00270-1,-0.36100128
s_016um_00403_00261-1,-0.3659454
s_016um_00362_00227-1,-0.33759207
s_016um_00195_00123-1,-0.4149314
s_016um_00366_00100-1,-0.27034894
s_016um_00352_00091-1,-0.45095566
s_016um_00261_00128-1,-0.14982703
s_016um_00078_00285-1,-0.42759705
s_016um_00266_00129-1,-0.49625313
s_016um_00369_00228-1,-0.18453902
s_016um_00030_00330-1,-0.4409557
s_016um_00209_00030-1,-0.28281403
s_016um_00138_00217-1,-0.28348693
s_016um_00144_00021-1,-0.43408477
s_016um_00021_00272-1,-0.34859306
s_016um_00324_00232-1,-0.3021135
s_016um_00077_00292-1,-0.3188966
s_016um_00035_00097-1,-0.66685617
s_016um_00276_00315-1,0.07824114
s_016um_00161_00293-1,-0.4964289
s_016um_00033_00330-1,-0.44896758
s_016um_00113_00314-1,-0.3655583
s_016um_00114_00320-1,-0.26291174
s_016um_00016_00264-1,-0.28076243
s_016um_00270_00031-1,-0.32444146
s_016um_00268_00056-1,0.3836783
s_016um_00277_00311-1,-0.093525365
s_016um_00119_00152-1,-0.54433376
s_016um_00079_00296-1,-0.42719567
s_016um_00053_00247-1,-0.27956703
s_016um_00280_00134-1,-0.3746864
s_016um_00163_00127-1,-0.18754369
s_016um_00276_00210-1,-0.31081554
s_016um_00109_00318-1,0.04127744
s_016um_00032_00089-1,-0.45204276
s_016um_00320_00300-1,-0.34903082
s_016um_00281_00312-1,-0.24076873
s_016um_00221_00229-1,-0.43979573
s_016um_00195_00091-1,-0.27695882
s_016um_00232_00359-1,-0.27774453
s_016um_00070_00235-1,-0.43121964
s_016um_00069_00237-1,-0.07618201
s_016um_00142_00059-1,-0.48988158
s_016um_00182_00028-1,-0.34989315
s_016um_00218_00012-1,-0.4128602
s_016um_00073_00252-1,0.27956477
s_016um_00237_00091-1,0.07566181
s_016um_00010_00156-1,-0.551492
s_016um_00042_00202-1,-0.2708557
s_016um_00271_00205-1,-0.32236165
s_016um_00094_00025-1,-0.51405615
s_016um_00221_00234-1,-0.1983731
s_016um_00044_00206-1,-0.30566767
s_016um_00127_00384-1,-0.28705898
s_016um_00355_00292-1,-0.47272342
s_016um_00027_00084-1,-0.40252215
s_016um_00369_00095-1,-0.13763672
s_016um_00041_00177-1,-0.5415679
s_016um_00400_00399-1,-0.13386594
s_016um_00111_00316-1,-0.3261036
s_016um_00279_00206-1,-0.35379073
s_016um_00284_00095-1,-0.035419017
s_016um_00397_00357-1,-0.3582829
s_016um_00221_00028-1,-0.21342412
s_016um_00167_00129-1,-0.26430804
s_016um_00355_00413-1,-0.759796
s_016um_00165_00287-1,-0.19542757
s_016um_00217_00031-1,-0.33407655
s_016um_00084_00281-1,-0.5009651
s_016um_00067_00237-1,-0.20108415
s_016um_00286_00098-1,-0.29634038
s_016um_00195_00126-1,-0.1109539
s_016um_00400_00372-1,-0.40204075
s_016um_00195_00127-1,-0.32291257
s_016um_00153_00401-1,-0.69551915
s_016um_00195_00125-1,-0.07807903
s_016um_00268_00334-1,-0.29153526
s_016um_00143_00059-1,-0.36604697
s_016um_00214_00277-1,-0.3077178
s_016um_00225_00234-1,-0.39050764
s_016um_00135_00320-1,1.1138431
s_016um_00099_00026-1,-0.44945395
s_016um_00325_00227-1,-0.21587946
s_016um_00382_00136-1,-0.28603095
s_016um_00266_00061-1,0.052865207
s_016um_00339_00402-1,-0.30530807
s_016um_00268_00333-1,-0.36683303
s_016um_00145_00395-1,-0.38130647
s_016um_00177_00030-1,-0.6921256
s_016um_00230_00355-1,-0.30248913
s_016um_00323_00168-1,-0.27740294
s_016um_00323_00306-1,-0.40511486
s_016um_00097_00276-1,-0.23982859
s_016um_00094_00028-1,-0.503898
s_016um_00015_00269-1,-0.39591625
s_016um_00277_00137-1,-0.1309929
s_016um_00278_00202-1,-0.38918644
s_016um_00382_00131-1,-0.270107
s_016um_00221_00023-1,-0.26620835
s_016um_00369_00147-1,-0.21184194
s_016um_00128_00086-1,-0.25562096
s_016um_00069_00238-1,-0.2644401
s_016um_00183_00026-1,-0.35232258
s_016um_00404_00147-1,-0.35692483
s_016um_00221_00173-1,-0.1951985
s_016um_00093_00272-1,-0.42135984
s_016um_00189_00097-1,-0.041187048
s_016um_00173_00374-1,-0.08432013
s_016um_00278_00136-1,-0.43556422
s_016um_00082_00239-1,-0.25902313
s_016um_00116_00148-1,-0.17562124
s_016um_00082_00071-1,-0.5096894
s_016um_00224_00248-1,-0.3190319
s_016um_00208_00290-1,-0.3392166
s_016um_00276_00327-1,-0.05461873
s_016um_00340_00218-1,0.006644875
s_016um_00350_00020-1,0.011399597
s_016um_00127_00387-1,-0.455569
s_016um_00086_00201-1,-0.37610948
s_016um_00044_00176-1,-0.39872485
s_016um_00141_00016-1,-0.2739709
s_016um_00218_00014-1,-0.12500258
s_016um_00032_00337-1,-0.47344524
s_016um_00392_00299-1,-0.34061062
s_016um_00402_00397-1,-0.52290034
s_016um_00395_00371-1,-0.2871836
s_016um_00204_00151-1,0.07815504
s_016um_00380_00129-1,-0.35645622
s_016um_00408_00399-1,-0.8081542
s_016um_00211_00029-1,-0.33629522
s_016um_00080_00267-1,-0.36135554
s_016um_00108_00314-1,-0.2437393
s_016um_00041_00175-1,-0.4001166
s_016um_00028_00336-1,-0.34744617
s_016um_00132_00228-1,-0.30262977
s_016um_00061_00126-1,-0.5513321
s_016um_00271_00032-1,-0.2612665
s_016um_00215_00277-1,0.12899053
s_016um_00100_00031-1,-0.620528
s_016um_00095_00275-1,-0.29073405
s_016um_00322_00299-1,0.04328412
s_016um_00320_00305-1,-0.5034056
s_016um_00272_00029-1,-0.15622257
s_016um_00230_00260-1,-0.41230664
s_016um_00358_00122-1,-0.1789225
s_016um_00354_00289-1,-0.20509572
s_016um_00097_00334-1,-0.3084176
s_016um_00144_00058-1,-0.564643
s_016um_00391_00291-1,-0.24957687
s_016um_00184_00032-1,-0.4051074
s_016um_00135_00220-1,-0.23318607
s_016um_00353_00021-1,0.30338314
s_016um_00279_00202-1,-0.37213242
s_016um_00280_00207-1,-0.31624442
s_016um_00204_00153-1,-0.37851197
s_016um_00132_00091-1,-0.24986164
s_016um_00139_00015-1,-0.39286715
s_016um_00136_00223-1,-0.053925484
s_016um_00026_00090-1,-0.5698279
s_016um_00409_00105-1,-0.08651747
s_016um_00395_00344-1,-0.39260757
s_016um_00102_00384-1,-0.36148587
s_016um_00129_00384-1,-0.35997146
s_016um_00010_00295-1,-0.44750923
s_016um_00226_00028-1,-0.12425196
s_016um_00390_00364-1,-0.39113244
s_016um_00360_00411-1,-0.15105988
s_016um_00035_00099-1,-0.41059953
s_016um_00137_00074-1,-0.4601928
s_016um_00090_00274-1,-0.37848368
s_016um_00132_00231-1,-0.37064072
s_016um_00274_00331-1,-0.55503064
s_016um_00101_00074-1,-0.35488755
s_016um_00370_00101-1,-0.22919926
s_016um_00104_00388-1,-0.09102064
s_016um_00126_00093-1,-0.39628512
s_016um_00096_00341-1,-0.36313027
s_016um_00308_00053-1,-0.33096784
s_016um_00355_00294-1,-0.36640394
s_016um_00323_00166-1,-0.10743444
s_016um_00375_00122-1,-0.46718353
s_016um_00395_00259-1,-0.4159584
s_016um_00388_00342-1,-0.7248893
s_016um_00342_00397-1,-0.6099351
s_016um_00086_00072-1,-0.299052
s_016um_00086_00067-1,-0.48901802
s_016um_00307_00055-1,-0.10566214
s_016um_00108_00319-1,0.16878915
s_016um_00125_00089-1,-0.31958953
s_016um_00219_00232-1,-0.15014374
s_016um_00217_00166-1,0.24449971
s_016um_00083_00268-1,-0.5146303
s_016um_00074_00239-1,-0.060953006
s_016um_00261_00189-1,-0.4253425
s_016um_00181_00034-1,-0.282366
s_016um_00413_00100-1,-0.2994402
s_016um_00048_00243-1,-0.2033762
s_016um_00096_00024-1,-0.5113289
s_016um_00033_00004-1,-0.4751039
s_016um_00335_00400-1,-0.056589857
s_016um_00271_00031-1,-0.029225618
s_016um_00358_00289-1,-0.25824502
s_016um_00083_00066-1,-0.33501893
s_016um_00233_00084-1,0.1537551
s_016um_00042_00171-1,-0.38472855
s_016um_00284_00093-1,-0.25930884
s_016um_00280_00314-1,-0.47043812
s_016um_00107_00390-1,-0.46668988
s_016um_00391_00341-1,-0.62950265
s_016um_00100_00321-1,-0.5135901
s_016um_00136_00071-1,-0.5345511
s_016um_00319_00169-1,-0.26756024
s_016um_00401_00125-1,-0.07207316
s_016um_00324_00302-1,-0.41640973
s_016um_00049_00241-1,-0.26749423
s_016um_00120_00144-1,-0.17951617
s_016um_00082_00194-1,-0.12174423
s_016um_00143_00058-1,-0.3650818
s_016um_00248_00087-1,-0.23416448
s_016um_00064_00236-1,-0.089569986
s_016um_00292_00096-1,-0.026741505
s_016um_00083_00072-1,0.06407255
s_016um_00326_00214-1,-0.46534103
s_016um_00194_00095-1,-0.43640524
s_016um_00087_00035-1,-0.29036468
s_016um_00104_00066-1,-0.20990145
s_016um_00276_00312-1,-0.31432092
s_016um_00274_00317-1,-0.3439639
s_016um_00383_00136-1,-0.26871768
s_016um_00268_00055-1,0.45723101
s_016um_00278_00209-1,-0.4264104
s_016um_00268_00337-1,-0.40701696
s_016um_00128_00091-1,-0.5348521
s_016um_00216_00028-1,-0.23502833
s_016um_00159_00285-1,-0.28994703
s_016um_00137_00070-1,-0.6173507
s_016um_00277_00315-1,-0.19746432
s_016um_00261_00033-1,-0.24420044
s_016um_00401_00371-1,-0.39848506
s_016um_00326_00228-1,-0.2048393
s_016um_00120_00145-1,-0.5511619
s_016um_00244_00088-1,0.10315555
s_016um_00332_00214-1,-0.3424402
s_016um_00393_00371-1,-0.4982237
s_016um_00394_00337-1,-0.41967994
s_016um_00265_00332-1,-0.36770827
s_016um_00342_00212-1,-0.26741037
s_016um_00275_00208-1,-0.38215068
s_016um_00265_00134-1,0.06202984
s_016um_00027_00086-1,-0.44029137
s_016um_00196_00121-1,-0.20914814
s_016um_00290_00099-1,-0.51283425
s_016um_00229_00251-1,-0.36045048
s_016um_00014_00214-1,-0.25584462
s_016um_00234_00090-1,0.045944244
s_016um_00355_00118-1,-0.20716295
s_016um_00245_00083-1,-0.30427983
s_016um_00226_00238-1,-0.32994565
s_016um_00399_00125-1,-0.41686293
s_016um_00404_00149-1,-0.41500053
s_016um_00045_00241-1,-0.0018173456
s_016um_00219_00010-1,-0.22840458
s_016um_00361_00414-1,-1.0868313
s_016um_00263_00188-1,-0.320782
s_016um_00159_00288-1,-0.080715835
s_016um_00124_00389-1,-0.32263884
s_016um_00133_00227-1,-0.5102861
s_016um_00412_00100-1,-0.21846387
s_016um_00060_00248-1,-0.4164913
s_016um_00271_00028-1,0.008424252
s_016um_00240_00187-1,-0.31525573
s_016um_00342_00214-1,-0.43178707
s_016um_00350_00024-1,-0.27275923
s_016um_00340_00404-1,-0.16109808
s_016um_00098_00336-1,-0.25874197
s_016um_00078_00293-1,-0.2698245
s_016um_00268_00329-1,-0.5165334
s_016um_00087_00269-1,-0.24258487
s_016um_00235_00186-1,-0.25616995
s_016um_00067_00129-1,-0.575208
s_016um_00223_00025-1,-0.053866863
s_016um_00242_00183-1,-0.14467488
s_016um_00126_00383-1,-0.46277452
s_016um_00082_00198-1,-0.27801305
s_016um_00105_00066-1,-0.37055457
s_016um_00171_00371-1,-0.3890004
s_016um_00332_00257-1,-0.5627415
s_016um_00333_00252-1,-0.4404189
s_016um_00263_00057-1,-0.40467185
s_016um_00270_00334-1,-0.37860042
s_016um_00103_00391-1,-0.42901355
s_016um_00392_00344-1,-0.18316293
s_016um_00400_00365-1,-0.38242593
s_016um_00093_00280-1,-0.4505698
s_016um_00409_00145-1,-0.16890109
s_016um_00235_00265-1,-0.33527702
s_016um_00172_00373-1,-0.38782373
s_016um_00089_00071-1,-0.7163795
s_016um_00318_00163-1,-0.29066545
s_016um_00085_00072-1,-0.3352259
s_016um_00035_00330-1,-0.43079394
s_016um_00268_00227-1,-0.14758834
s_016um_00327_00225-1,-0.4333114
s_016um_00272_00328-1,-0.38639146
s_016um_00325_00169-1,-0.25535855
s_016um_00239_00092-1,-0.15300058
s_016um_00029_00093-1,-0.44095278
s_016um_00184_00031-1,-0.41717106
s_016um_00268_00229-1,-0.43466476
s_016um_00168_00378-1,-0.4712104
s_016um_00237_00088-1,-0.37194538
s_016um_00247_00088-1,-0.1744929
s_016um_00044_00208-1,-0.45632964
s_016um_00371_00143-1,-0.3303076
s_016um_00325_00303-1,-0.2344681
s_016um_00097_00335-1,-0.26562363
s_016um_00387_00343-1,-0.5321331
s_016um_00341_00401-1,-0.31796065
s_016um_00337_00252-1,-0.266925
s_016um_00216_00167-1,-0.1594216
s_016um_00064_00231-1,-0.25796103
s_016um_00045_00246-1,-0.3449174
s_016um_00059_00246-1,-0.109515116
s_016um_00238_00355-1,-0.26250207
s_016um_00071_00233-1,-0.24828015
s_016um_00092_00272-1,-0.49709693
s_016um_00140_00215-1,-0.2051074
s_016um_00082_00201-1,-0.4014979
s_016um_00056_00243-1,-0.31664604
s_016um_00221_00015-1,-0.22572571
s_016um_00213_00278-1,-0.44909585
s_016um_00260_00031-1,0.28044274
s_016um_00354_00022-1,-0.31539878
s_016um_00273_00314-1,-0.4371379
s_016um_00404_00401-1,-0.5141393
s_016um_00039_00011-1,-0.4333303
s_016um_00261_00135-1,-0.195651
s_016um_00106_00384-1,-0.23873818
s_016um_00133_00225-1,-0.296176
s_016um_00010_00154-1,-0.34913278
s_016um_00222_00230-1,-0.51031286
s_016um_00239_00189-1,-0.2542335
s_016um_00097_00339-1,-0.25148058
s_016um_00102_00385-1,-0.2625668
s_016um_00073_00250-1,-0.15238616
s_016um_00238_00358-1,-0.42721984
s_016um_00041_00010-1,-0.34449333
s_016um_00181_00033-1,-0.5139554
s_016um_00397_00368-1,-0.4276135
s_016um_00016_00267-1,-0.48721707
s_016um_00102_00069-1,-0.51738924
s_016um_00220_00167-1,0.09979686
s_016um_00369_00099-1,-0.3287296
s_016um_00040_00097-1,-0.30808157
s_016um_00121_00144-1,0.0654929
s_016um_00369_00141-1,-0.22471663
s_016um_00197_00124-1,-0.05780801
s_016um_00359_00095-1,-0.3767149
s_016um_00236_00358-1,-0.2834237
s_016um_00394_00217-1,-0.33810908
s_016um_00322_00162-1,-0.10067643
s_016um_00215_00278-1,-0.27377287
s_016um_00038_00207-1,-0.501314
s_016um_00409_00147-1,-0.5342645
s_016um_00219_00016-1,-0.34495127
s_016um_00276_00046-1,-0.2172769
s_016um_00355_00116-1,-0.14434022
s_016um_00224_00229-1,-0.34547773
s_016um_00373_00143-1,-0.09938057
s_016um_00216_00015-1,-0.30305356
s_016um_00147_00057-1,-0.46313637
s_016um_00355_00024-1,-0.13926752
s_016um_00221_00166-1,0.33800086
s_016um_00219_00233-1,-0.3032453
s_016um_00392_00184-1,-0.20690966
s_016um_00401_00126-1,-0.3639799
s_016um_00273_00227-1,-0.37429097
s_016um_00362_00223-1,-0.4006768
s_016um_00310_00053-1,-0.15225689
s_016um_00082_00193-1,-0.077324465
s_016um_00406_00128-1,-0.38714218
s_016um_00221_00232-1,-0.25738916
s_016um_00142_00219-1,0.10259229
s_016um_00368_00122-1,-0.24834736
s_016um_00065_00134-1,-0.60897493
s_016um_00306_00059-1,-0.12198451
s_016um_00359_00288-1,-0.3126059
s_016um_00280_00328-1,-0.42111367
s_016um_00365_00223-1,-0.37533012
s_016um_00222_00168-1,-0.025908649
s_016um_00222_00171-1,-0.025666803
s_016um_00392_00369-1,-0.42628497
s_016um_00033_00086-1,-0.21624158
s_016um_00189_00090-1,-0.020001173
s_016um_00028_00084-1,-0.33015278
s_016um_00224_00227-1,-0.31340784
s_016um_00264_00185-1,0.04252088
s_016um_00088_00072-1,-0.34131873
s_016um_00362_00412-1,-0.43176287
s_016um_00383_00135-1,-0.05114691
s_016um_00279_00135-1,-0.21391577
s_016um_00139_00018-1,-0.36653852
s_016um_00143_00018-1,-0.06972407
s_016um_00040_00011-1,-0.4095774
s_016um_00074_00242-1,-0.31091523
s_016um_00069_00132-1,-0.5289993
s_016um_00324_00120-1,-0.13408728
s_016um_00399_00213-1,-0.5097817
s_016um_00007_00300-1,-0.33753884
s_016um_00141_00021-1,-0.5556152
s_016um_00167_00121-1,-0.32159075
s_016um_00100_00390-1,-0.008094817
s_016um_00337_00398-1,-0.19882774
s_016um_00086_00194-1,-0.18525133
s_016um_00345_00219-1,-0.4500056
s_016um_00325_00120-1,-0.28688797
s_016um_00242_00083-1,0.13978386
s_016um_00329_00120-1,-0.13403013
s_016um_00066_00132-1,-0.41277516
s_016um_00173_00378-1,-0.41655964
s_016um_00277_00130-1,-0.2742613
s_016um_00329_00253-1,-0.39297417
s_016um_00376_00122-1,-0.60878384
s_016um_00106_00387-1,-0.29712376
s_016um_00408_00146-1,-0.45923185
s_016um_00416_00135-1,-0.34967324
s_016um_00227_00330-1,-0.40077388
s_016um_00350_00022-1,-0.14263812
s_016um_00228_00267-1,-0.43964258
s_016um_00197_00127-1,-0.41490185
s_016um_00049_00240-1,-0.15410961
s_016um_00224_00243-1,-0.28183752
s_016um_00283_00094-1,-0.07914995
s_016um_00174_00372-1,-0.37159586
s_016um_00414_00098-1,-0.34277546
s_016um_00345_00215-1,-0.21263188
s_016um_00401_00395-1,-0.56921077
s_016um_00254_00019-1,-0.25624815
s_016um_00085_00264-1,-0.28427416
s_016um_00397_00361-1,-0.19709459
s_016um_00094_00321-1,-0.3577411
s_016um_00084_00069-1,-0.4162086
s_016um_00271_00333-1,-0.28456613
s_016um_00037_00207-1,-0.14586215
s_016um_00129_00229-1,-0.40752456
s_016um_00230_00358-1,-0.22711046
s_016um_00146_00061-1,-0.4389522
s_016um_00403_00262-1,-0.39923316
s_016um_00361_00294-1,-0.33439714
s_016um_00193_00096-1,-0.4478061
s_016um_00388_00132-1,-0.2735412
s_016um_00397_00213-1,-0.65284026
s_016um_00102_00066-1,-0.45393163
s_016um_00266_00028-1,0.02297604
s_016um_00159_00293-1,-0.31789234
s_016um_00392_00185-1,-0.34597653
s_016um_00398_00363-1,-0.53481793
s_016um_00330_00118-1,-0.46390998
s_016um_00044_00238-1,-0.12068638
s_016um_00274_00048-1,-0.21629393
s_016um_00006_00298-1,-0.2545561
s_016um_00035_00105-1,-0.35509756
s_016um_00060_00242-1,-0.28781918
s_016um_00319_00166-1,-0.33763286
s_016um_00365_00230-1,-0.0059607327
s_016um_00096_00278-1,-0.44150132
s_016um_00147_00397-1,-0.11118004
s_016um_00082_00034-1,-0.41258407
s_016um_00313_00054-1,-0.06062679
s_016um_00215_00028-1,-0.14949843
s_016um_00168_00375-1,-0.27349642
s_016um_00336_00252-1,-0.3851984
s_016um_00129_00094-1,-0.13062873
s_016um_00167_00377-1,-0.32294813
s_016um_00310_00058-1,-0.30281252
s_016um_00038_00105-1,-0.4460846
s_016um_00276_00326-1,-0.13479136
s_016um_00099_00070-1,-0.2148502
s_016um_00402_00146-1,-0.26303566
s_016um_00045_00238-1,-0.3773208
s_016um_00101_00069-1,-0.25490686
s_016um_00352_00096-1,-0.46174407
s_016um_00250_00027-1,-0.25560606
s_016um_00268_00224-1,-0.30139682
s_016um_00093_00270-1,-0.605237
s_016um_00119_00147-1,-0.22362193
s_016um_00041_00047-1,-0.5304556
s_016um_00127_00390-1,-0.25764325
s_016um_00220_00237-1,-0.36575204
s_016um_00219_00283-1,-0.4002035
s_016um_00102_00024-1,-0.42563
s_016um_00399_00257-1,-0.47817194
s_016um_00256_00191-1,-0.20358098
s_016um_00383_00131-1,-0.28936976
s_016um_00406_00403-1,-0.9572269
s_016um_00034_00011-1,-0.2443122
s_016um_00307_00060-1,-0.11006524
s_016um_00164_00293-1,-0.3471406
s_016um_00230_00267-1,-0.41948563
s_016um_00028_00088-1,-0.4146231
s_016um_00233_00262-1,-0.47865254
s_016um_00402_00149-1,-0.18800414
s_016um_00083_00197-1,-0.16697325
s_016um_00170_00370-1,-0.3107867
s_016um_00139_00022-1,-0.41378278
s_016um_00235_00087-1,-0.2997359
s_016um_00160_00291-1,-0.42020226
s_016um_00364_00101-1,-0.359953
s_016um_00220_00013-1,-0.42416322
s_016um_00009_00210-1,-0.36041754
s_016um_00142_00016-1,-0.28569943
s_016um_00041_00217-1,-0.35967815
s_016um_00247_00023-1,0.15855852
s_016um_00221_00230-1,-0.15045284
s_016um_00035_00008-1,-0.70169055
s_016um_00007_00212-1,-0.28547078
s_016um_00359_00093-1,-0.19117442
s_016um_00093_00336-1,-0.2920182
s_016um_00194_00093-1,-0.44474295
s_016um_00101_00027-1,-0.33719555
s_016um_00319_00167-1,-0.3946712
s_016um_00346_00220-1,-0.32629988
s_016um_00411_00105-1,-0.46870506
s_016um_00328_00303-1,-0.06568089
s_016um_00169_00129-1,-0.3489647
s_016um_00322_00168-1,-0.4025724
s_016um_00334_00256-1,-0.17194766
s_016um_00151_00395-1,-0.25409746
s_016um_00134_00219-1,-0.38051066
s_016um_00333_00122-1,-0.050511405
s_016um_00041_00048-1,-0.31283656
s_016um_00010_00208-1,-0.15391217
s_016um_00385_00128-1,-0.19039401
s_016um_00181_00026-1,-0.49956164
s_016um_00273_00330-1,-0.25431103
s_016um_00149_00396-1,-0.23568237
s_016um_00182_00027-1,-0.4459492
s_016um_00287_00098-1,-0.39764765
s_016um_00344_00217-1,-0.2062003
s_016um_00039_00043-1,-0.5751976
s_016um_00100_00384-1,-0.25847948
s_016um_00047_00218-1,-0.054196164
s_016um_00097_00067-1,-0.23257393
s_016um_00006_00301-1,-0.34476912
s_016um_00061_00127-1,-0.4396338
s_016um_00090_00068-1,-0.34641713
s_016um_00383_00126-1,-0.40588236
s_016um_00208_00149-1,-0.54638726
s_016um_00401_00372-1,-0.8779839
s_016um_00220_00017-1,-0.24516197
s_016um_00351_00024-1,-0.4133331
s_016um_00216_00290-1,-0.18669704
s_016um_00340_00402-1,-0.19903202
s_016um_00025_00090-1,-0.5717989
s_016um_00146_00056-1,-0.6195723
s_016um_00089_00265-1,-0.26642334
s_016um_00006_00154-1,-0.5076511
s_016um_00404_00400-1,-0.8342737
s_016um_00327_00123-1,-0.27100784
s_016um_00259_00134-1,-0.28120625
s_016um_00087_00271-1,-0.35184836
s_016um_00258_00131-1,0.015406549
s_016um_00129_00388-1,-0.29316282
s_016um_00149_00401-1,-0.35849676
s_016um_00133_00072-1,-0.41483337
s_016um_00369_00226-1,-0.2238021
s_016um_00139_00074-1,-0.2744168
s_016um_00286_00094-1,0.12624085
s_016um_00260_00192-1,-0.3578414
s_016um_00382_00126-1,-0.34793848
s_016um_00356_00415-1,-0.88844526
s_016um_00005_00297-1,-0.40309054
s_016um_00390_00296-1,-0.3870875
s_016um_00359_00415-1,-0.76412034
s_016um_00152_00394-1,-0.34957087
s_016um_00225_00028-1,-0.30812225
s_016um_00081_00069-1,-0.5387578
s_016um_00276_00131-1,0.014264733
s_016um_00391_00338-1,-0.45745605
s_016um_00279_00045-1,-0.4348737
s_016um_00095_00342-1,-0.34938055
s_016um_00220_00173-1,-0.3378708
s_016um_00039_00211-1,-0.20634085
s_016um_00037_00171-1,-0.5844236
s_016um_00280_00132-1,-0.41972443
s_016um_00356_00020-1,-0.113197654
s_016um_00118_00150-1,-0.10448174
s_016um_00393_00362-1,-0.25604925
s_016um_00243_00088-1,-0.3549826
s_016um_00075_00244-1,-0.21546167
s_016um_00160_00290-1,-0.45106098
s_016um_00357_00097-1,-0.034006894
s_016um_00386_00293-1,-0.41904554
s_016um_00016_00271-1,-0.50051785
s_016um_00097_00026-1,-0.46633893
s_016um_00036_00046-1,-0.43046194
s_016um_00241_00082-1,0.010238856
s_016um_00278_00330-1,-0.3621324
s_016um_00371_00098-1,-0.28564623
s_016um_00395_00218-1,-0.25752637
s_016um_00081_00242-1,-0.42476693
s_016um_00214_00013-1,-0.59562564
s_016um_00278_00324-1,-0.42615095
s_016um_00270_00230-1,-0.59999615
s_016um_00341_00212-1,-0.16677877
s_016um_00096_00276-1,-0.23588547
s_016um_00086_00033-1,-0.5567105
s_016um_00162_00288-1,0.21160564
s_016um_00164_00286-1,-0.35304415
s_016um_00090_00269-1,-0.35653755
s_016um_00331_00218-1,-0.5264145
s_016um_00265_00057-1,-0.005987078
s_016um_00332_00213-1,-0.41743505
s_016um_00394_00178-1,-0.27557242
s_016um_00029_00334-1,-0.32681352
s_016um_00274_00046-1,-0.20465463
s_016um_00270_00329-1,-0.3935495
s_016um_00097_00072-1,-0.57245994
s_016um_00008_00157-1,-0.4077555
s_016um_00095_00341-1,-0.22385654
s_016um_00225_00030-1,-0.33315572
s_016um_00080_00300-1,-0.21875805
s_016um_00038_00173-1,-0.32151172
s_016um_00357_00095-1,-0.44806182
s_016um_00078_00247-1,-0.090115756
s_016um_00266_00337-1,-0.4956426
s_016um_00082_00279-1,-0.25461304
s_016um_00363_00228-1,-0.5369251
s_016um_00007_00293-1,-0.3633099
s_016um_00272_00226-1,-0.35432416
s_016um_00094_00029-1,-0.42049783
s_016um_00401_00398-1,-0.115159154
s_016um_00370_00140-1,-0.28227326
s_016um_00055_00248-1,0.16138354
s_016um_00047_00215-1,-0.044163257
s_016um_00218_00167-1,-0.17528465
s_016um_00272_00331-1,-0.30175817
s_016um_00044_00207-1,-0.46108055
s_016um_00344_00219-1,0.14770973
s_016um_00101_00388-1,-0.24394885
s_016um_00134_00225-1,-0.15829849
s_016um_00237_00092-1,-0.020851046
s_016um_00217_00016-1,-0.44462955
s_016um_00017_00270-1,-0.35659817
s_016um_00094_00319-1,-0.34910816
s_016um_00260_00183-1,-0.3392145
s_016um_00095_00319-1,-0.3979559
s_016um_00237_00354-1,-0.37325484
s_016um_00120_00147-1,-0.2628997
s_016um_00007_00157-1,-0.2525048
s_016um_00078_00294-1,-0.41502604
s_016um_00217_00284-1,-0.3465021
s_016um_00091_00265-1,-0.19720054
s_016um_00165_00122-1,0.12516871
s_016um_00356_00292-1,-0.37185967
s_016um_00353_00097-1,-0.38718343
s_016um_00081_00199-1,-0.12860301
s_016um_00130_00315-1,0.3272045
s_016um_00092_00335-1,-0.3935341
s_016um_00133_00090-1,-0.15427795
s_016um_00406_00124-1,-0.24174666
s_016um_00395_00220-1,-0.38879767
s_016um_00045_00207-1,-0.42446443
s_016um_00028_00337-1,-0.3673964
s_016um_00188_00095-1,-0.2587694
s_016um_00081_00238-1,-0.44845557
s_016um_00340_00403-1,-0.24265447
s_016um_00220_00027-1,-0.24719366
s_016um_00101_00070-1,-0.47973514
s_016um_00046_00210-1,-0.41917998
s_016um_00222_00170-1,-0.07767986
s_016um_00087_00068-1,-0.29164034
s_016um_00070_00234-1,-0.28971738
s_016um_00273_00206-1,-0.35541672
s_016um_00225_00243-1,-0.3562907
s_016um_00158_00292-1,-0.23041879
s_016um_00209_00294-1,-0.37293765
s_016um_00323_00299-1,-0.3550948
s_016um_00211_00031-1,-0.17189486
s_016um_00069_00129-1,-0.58779025
s_016um_00324_00124-1,-0.2850183
s_016um_00086_00280-1,-0.43291268
s_016um_00332_00119-1,-0.12539254
s_016um_00128_00389-1,-0.25524154
s_016um_00323_00305-1,-0.49381095
s_016um_00041_00213-1,-0.13088486
s_016um_00226_00330-1,-0.2243923
s_016um_00235_00355-1,-0.35028878
s_016um_00217_00278-1,-0.46983683
s_016um_00082_00241-1,-0.42715815
s_016um_00146_00394-1,-0.46227294
s_016um_00174_00374-1,-0.26634157
s_016um_00223_00330-1,-0.29724702
s_016um_00215_00034-1,-0.21572132
s_016um_00328_00210-1,-0.26353312
s_016um_00037_00173-1,-0.37046075
s_016um_00017_00271-1,-0.4163683
s_016um_00253_00031-1,-0.30596378
s_016um_00004_00154-1,-0.4738466
s_016um_00212_00293-1,-0.20354459
s_016um_00393_00360-1,-0.358139
s_016um_00033_00336-1,-0.40327653
s_016um_00043_00216-1,-0.36718932
s_016um_00397_00364-1,-0.2882925
s_016um_00368_00097-1,-0.22346544
s_016um_00217_00029-1,-0.41970384
s_016um_00388_00343-1,-0.5552783
s_016um_00218_00283-1,-0.22575757
s_016um_00271_00226-1,-0.34972426
s_016um_00171_00373-1,0.008889854
s_016um_00225_00251-1,-0.3682614
s_016um_00081_00280-1,-0.52775156
s_016um_00272_00035-1,-0.3328888
s_016um_00416_00101-1,-0.3095779
s_016um_00365_00226-1,-0.23251277
s_016um_00418_00136-1,-0.32183015
s_016um_00216_00293-1,-0.35068056
s_016um_00400_00256-1,-0.3825107
s_016um_00042_00179-1,-0.38711575
s_016um_00239_00181-1,-0.27131703
s_016um_00370_00100-1,-0.24085939
s_016um_00047_00211-1,-0.32302698
s_016um_00130_00382-1,-0.0460518
s_016um_00127_00091-1,-0.61145735
s_016um_00273_00137-1,-0.28340605
