spot_id,predicted_protein_value
s_016um_00380_00137-1,1.6219597
s_016um_00037_00102-1,1.5683937
s_016um_00328_00304-1,1.5707561
s_016um_00343_00400-1,1.5641621
s_016um_00009_00155-1,1.5756459
s_016um_00009_00150-1,1.5523658
s_016um_00109_00316-1,1.5164362
s_016um_00330_00253-1,1.6005943
s_016um_00366_00225-1,1.5584657
s_016um_00267_00058-1,1.6277579
s_016um_00274_00229-1,1.5265474
s_016um_00219_00167-1,1.6122661
s_016um_00209_00032-1,1.5995996
s_016um_00112_00314-1,1.5407987
s_016um_00122_00145-1,1.6033725
s_016um_00201_00148-1,1.5479605
s_016um_00232_00085-1,1.5382727
s_016um_00034_00102-1,1.6833589
s_016um_00080_00283-1,1.5748495
s_016um_00142_00062-1,1.6316506
s_016um_00242_00085-1,1.6356478
s_016um_00382_00138-1,1.5630579
s_016um_00321_00227-1,1.5231553
s_016um_00081_00240-1,1.5866572
s_016um_00362_00411-1,1.6956215
s_016um_00323_00167-1,1.6230085
s_016um_00323_00162-1,1.5866761
s_016um_00394_00215-1,1.5268975
s_016um_00219_00026-1,1.6359104
s_016um_00363_00414-1,1.5061836
s_016um_00233_00267-1,1.554215
s_016um_00033_00089-1,1.6097698
s_016um_00082_00197-1,1.6393505
s_016um_00235_00090-1,1.402164
s_016um_00127_00318-1,1.536172
s_016um_00040_00098-1,1.5906398
s_016um_00217_00172-1,1.5794989
s_016um_00259_00034-1,1.5667975
s_016um_00276_00133-1,1.6042081
s_016um_00325_00123-1,1.5537845
s_016um_00341_00399-1,1.6023409
s_016um_00191_00093-1,1.5832824
s_016um_00129_00321-1,1.5367168
s_016um_00263_00061-1,1.6195071
s_016um_00341_00215-1,1.6459657
s_016um_00270_00034-1,1.610886
s_016um_00395_00365-1,1.6251167
s_016um_00083_00278-1,1.5735724
s_016um_00134_00321-1,1.2622285
s_016um_00038_00098-1,1.5650235
s_016um_00278_00048-1,1.5581737
s_016um_00120_00149-1,1.5330366
s_016um_00199_00149-1,1.5304334
s_016um_00275_00229-1,1.5610856
s_016um_00140_00022-1,1.6811762
s_016um_00080_00236-1,1.6643131
s_016um_00367_00099-1,1.7851506
s_016um_00232_00263-1,1.6675278
s_016um_00166_00129-1,1.5991747
s_016um_00356_00115-1,1.5871582
s_016um_00230_00250-1,1.5897311
s_016um_00394_00181-1,1.5056943
s_016um_00137_00222-1,1.5485748
s_016um_00323_00228-1,1.5764842
s_016um_00343_00215-1,1.5400844
s_016um_00124_00383-1,1.5171406
s_016um_00111_00320-1,1.5271649
s_016um_00199_00148-1,1.5495418
s_016um_00034_00336-1,1.539883
s_016um_00206_00149-1,1.5841681
s_016um_00019_00265-1,1.6536685
s_016um_00026_00089-1,1.5490495
s_016um_00205_00153-1,1.5650705
s_016um_00385_00292-1,1.6343507
s_016um_00390_00181-1,1.5673113
s_016um_00320_00166-1,1.6104816
s_016um_00385_00293-1,1.4798548
s_016um_00142_00218-1,1.5777638
s_016um_00130_00233-1,1.548987
s_016um_00101_00030-1,1.5839025
s_016um_00216_00292-1,1.5480964
s_016um_00409_00101-1,1.5141401
s_016um_00028_00335-1,1.5423415
s_016um_00249_00020-1,1.6050942
s_016um_00260_00127-1,1.549194
s_016um_00217_00281-1,1.5232353
s_016um_00081_00296-1,1.5324829
s_016um_00368_00145-1,1.6252923
s_016um_00128_00316-1,1.5230045
s_016um_00270_00058-1,1.6540492
s_016um_00138_00074-1,1.5114486
s_016um_00236_00083-1,1.6120391
s_016um_00266_00059-1,1.4371154
s_016um_00076_00241-1,1.5610905
s_016um_00320_00162-1,1.6200448
s_016um_00216_00295-1,1.4802256
s_016um_00043_00049-1,1.5959333
s_016um_00376_00119-1,1.5887733
s_016um_00099_00071-1,1.6042974
s_016um_00273_00132-1,1.5812548
s_016um_00145_00021-1,1.6315935
s_016um_00356_00410-1,1.4877251
s_016um_00098_00340-1,1.6045375
s_016um_00171_00128-1,1.6120584
s_016um_00203_00149-1,1.535166
s_016um_00195_00090-1,1.6039263
s_016um_00098_00073-1,1.5902246
s_016um_00337_00255-1,1.6564639
s_016um_00401_00259-1,1.5940145
s_016um_00211_00289-1,1.5603193
s_016um_00372_00121-1,1.559608
s_016um_00087_00194-1,1.5985649
s_016um_00220_00226-1,1.535164
s_016um_00066_00126-1,1.5614585
s_016um_00251_00020-1,1.6098711
s_016um_00042_00044-1,1.5786593
s_016um_00098_00027-1,1.6276422
s_016um_00228_00249-1,1.5076348
s_016um_00038_00172-1,1.5839217
s_016um_00209_00296-1,1.5627224
s_016um_00106_00385-1,1.4714737
s_016um_00084_00266-1,1.5104584
s_016um_00147_00399-1,1.5429374
s_016um_00398_00182-1,1.6204541
s_016um_00273_00052-1,1.5976025
s_016um_00101_00023-1,1.6284156
s_016um_00378_00137-1,1.5422283
s_016um_00095_00277-1,1.5609785
s_016um_00141_00223-1,1.5752395
s_016um_00260_00133-1,1.502513
s_016um_00272_00058-1,1.5846874
s_016um_00169_00370-1,1.5916358
s_016um_00353_00023-1,1.5978945
s_016um_00389_00292-1,1.5196513
s_016um_00253_00026-1,1.5405221
s_016um_00362_00226-1,1.5785213
s_016um_00079_00236-1,1.5597258
s_016um_00403_00150-1,1.5779729
s_016um_00046_00209-1,1.591983
s_016um_00400_00402-1,0.41335595
s_016um_00219_00281-1,1.5746292
s_016um_00274_00225-1,1.5762346
s_016um_00053_00248-1,1.6346462
s_016um_00081_00292-1,1.4786043
s_016um_00361_00290-1,1.6582124
s_016um_00277_00327-1,1.5897651
s_016um_00138_00215-1,1.5562263
s_016um_00074_00248-1,1.5311158
s_016um_00083_00200-1,1.5916885
s_016um_00329_00218-1,1.5885043
s_016um_00005_00296-1,1.5661159
s_016um_00276_00208-1,1.5588883
s_016um_00039_00178-1,1.5100688
s_016um_00123_00386-1,1.5292649
s_016um_00143_00020-1,1.647363
s_016um_00407_00401-1,0.9731089
s_016um_00391_00343-1,1.5298771
s_016um_00031_00331-1,1.568283
s_016um_00228_00237-1,1.5899469
s_016um_00218_00032-1,1.4889219
s_016um_00396_00220-1,1.5541123
s_016um_00215_00282-1,1.5172484
s_016um_00008_00153-1,1.5898721
s_016um_00102_00383-1,1.5448332
s_016um_00184_00028-1,1.6606642
s_016um_00266_00057-1,1.5766569
s_016um_00141_00060-1,1.5905781
s_016um_00193_00120-1,1.6368032
s_016um_00268_00332-1,1.5770639
s_016um_00209_00031-1,1.6321235
s_016um_00354_00416-1,1.4392835
s_016um_00365_00098-1,1.4057293
s_016um_00041_00049-1,1.6639783
s_016um_00210_00296-1,1.6131312
s_016um_00089_00068-1,1.5021749
s_016um_00245_00086-1,1.6571393
s_016um_00193_00130-1,1.5447465
s_016um_00126_00089-1,1.6096582
s_016um_00083_00071-1,1.6687999
s_016um_00235_00268-1,1.5850093
s_016um_00219_00280-1,1.6454592
s_016um_00079_00241-1,1.6383276
s_016um_00133_00230-1,1.5214155
s_016um_00257_00034-1,1.6769814
s_016um_00263_00187-1,1.5472292
s_016um_00394_00358-1,1.4888619
s_016um_00105_00384-1,1.528623
s_016um_00129_00386-1,1.5463777
s_016um_00262_00186-1,1.4772701
s_016um_00417_00138-1,1.5308743
s_016um_00287_00092-1,1.5766206
s_016um_00177_00032-1,1.7082472
s_016um_00110_00318-1,1.6003437
s_016um_00218_00277-1,1.4753706
s_016um_00260_00033-1,1.5846087
s_016um_00386_00295-1,1.6006632
s_016um_00360_00286-1,1.4372329
s_016um_00030_00331-1,1.5564078
s_016um_00266_00332-1,1.567715
s_016um_00197_00123-1,1.5585622
s_016um_00271_00221-1,1.5777311
s_016um_00265_00033-1,1.6118655
s_016um_00273_00201-1,1.50289
s_016um_00359_00096-1,1.608608
s_016um_00220_00030-1,1.471649
s_016um_00097_00317-1,1.5590265
s_016um_00346_00212-1,1.589089
s_016um_00389_00345-1,1.6850879
s_016um_00067_00131-1,1.6481131
s_016um_00401_00403-1,0.5934059
s_016um_00214_00029-1,1.7077785
s_016um_00266_00036-1,1.5482268
s_016um_00065_00235-1,1.6427957
s_016um_00037_00045-1,1.5784783
s_016um_00084_00029-1,1.6832833
s_016um_00265_00336-1,1.6382852
s_016um_00395_00217-1,1.5297601
s_016um_00214_00278-1,1.5382118
s_016um_00077_00293-1,1.5987793
s_016um_00280_00130-1,1.5286946
s_016um_00088_00267-1,1.5806435
s_016um_00372_00120-1,1.5732989
s_016um_00109_00315-1,1.5901518
s_016um_00416_00142-1,1.6069615
s_016um_00282_00325-1,1.6100096
s_016um_00384_00128-1,1.5971795
s_016um_00102_00068-1,1.5689499
s_016um_00005_00299-1,1.5276248
s_016um_00361_00415-1,1.2646325
s_016um_00330_00214-1,1.6483889
s_016um_00265_00058-1,1.5002712
s_016um_00222_00031-1,1.5999633
s_016um_00364_00228-1,1.5155112
s_016um_00381_00134-1,1.5427125
s_016um_00280_00204-1,1.5697719
s_016um_00146_00018-1,1.534512
s_016um_00089_00067-1,1.6424534
s_016um_00130_00086-1,1.6045314
s_016um_00408_00098-1,1.4781585
s_016um_00060_00249-1,1.6691628
s_016um_00334_00215-1,1.5795368
s_016um_00095_00276-1,1.5503069
s_016um_00403_00120-1,1.5779858
s_016um_00267_00133-1,1.5454673
s_016um_00229_00267-1,1.5855919
s_016um_00384_00130-1,1.563851
s_016um_00029_00331-1,1.5561923
s_016um_00226_00332-1,1.5549413
s_016um_00409_00152-1,1.5761113
s_016um_00269_00037-1,1.5467621
s_016um_00281_00315-1,1.569802
s_016um_00205_00148-1,1.6731576
s_016um_00261_00190-1,1.656134
s_016um_00083_00030-1,1.5330733
s_016um_00106_00320-1,1.5145323
s_016um_00031_00087-1,1.54297
s_016um_00040_00041-1,1.5715424
s_016um_00079_00268-1,1.5338124
s_016um_00400_00123-1,1.6344142
s_016um_00218_00010-1,1.5505106
s_016um_00270_00331-1,1.6440097
s_016um_00140_00018-1,1.6119863
s_016um_00209_00033-1,1.6256372
s_016um_00267_00063-1,1.5896091
s_016um_00041_00219-1,1.5358236
s_016um_00106_00389-1,1.6040331
s_016um_00355_00290-1,1.5123559
s_016um_00094_00337-1,1.5653814
s_016um_00035_00005-1,1.533418
s_016um_00220_00278-1,1.5255921
s_016um_00275_00051-1,1.5527412
s_016um_00311_00054-1,1.6184855
s_016um_00402_00395-1,1.4422663
s_016um_00334_00402-1,1.7302475
s_016um_00125_00092-1,1.586938
s_016um_00328_00121-1,1.6018895
s_016um_00219_00012-1,1.6335077
s_016um_00402_00216-1,1.5428786
s_016um_00136_00069-1,1.6851914
s_016um_00140_00014-1,1.5951818
s_016um_00266_00330-1,1.5711902
s_016um_00131_00315-1,1.6183974
s_016um_00333_00210-1,1.533492
s_016um_00356_00090-1,1.5661527
s_016um_00092_00320-1,1.6041347
s_016um_00120_00148-1,1.5592544
s_016um_00138_00076-1,1.6166098
s_016um_00077_00236-1,1.571011
s_016um_00268_00230-1,1.5886494
s_016um_00381_00139-1,1.5819044
s_016um_00235_00362-1,1.6196253
s_016um_00223_00230-1,1.5436598
s_016um_00138_00221-1,1.4885001
s_016um_00390_00338-1,1.6029223
s_016um_00008_00295-1,1.5105742
s_016um_00079_00280-1,1.4699397
s_016um_00277_00201-1,1.5241425
s_016um_00399_00122-1,1.5722674
s_016um_00308_00052-1,1.6127609
s_016um_00357_00120-1,1.5252419
s_016um_00071_00236-1,1.6450993
s_016um_00367_00224-1,1.5582452
s_016um_00145_00062-1,1.5264575
s_016um_00085_00279-1,1.5249956
s_016um_00278_00138-1,1.5688097
s_016um_00044_00244-1,1.5652882
s_016um_00261_00335-1,1.6415597
s_016um_00180_00033-1,1.6249111
s_016um_00088_00265-1,1.5453577
s_016um_00130_00317-1,1.5586749
s_016um_00323_00163-1,1.5967829
s_016um_00359_00294-1,1.5625463
s_016um_00219_00030-1,1.5381267
s_016um_00048_00217-1,1.6378013
s_016um_00008_00214-1,1.5801351
s_016um_00098_00315-1,1.5746953
s_016um_00259_00189-1,1.5724015
s_016um_00278_00316-1,1.5398728
s_016um_00126_00088-1,1.6657643
s_016um_00261_00127-1,1.5808771
s_016um_00402_00121-1,1.5958574
s_016um_00081_00271-1,1.5860872
s_016um_00236_00188-1,1.5754889
s_016um_00370_00228-1,1.5203243
s_016um_00129_00085-1,1.6615511
s_016um_00030_00329-1,1.5562305
s_016um_00059_00244-1,1.6192197
s_016um_00040_00009-1,1.5395949
s_016um_00041_00178-1,1.5980206
s_016um_00272_00033-1,1.7806337
s_016um_00393_00363-1,1.6227449
s_016um_00094_00272-1,1.6093602
s_016um_00353_00025-1,1.5859094
s_016um_00163_00123-1,1.6645348
s_016um_00085_00286-1,1.5192678
s_016um_00033_00104-1,1.5711845
s_016um_00146_00059-1,1.552136
s_016um_00073_00249-1,1.6172901
s_016um_00144_00398-1,1.6461779
s_016um_00106_00388-1,1.5559745
s_016um_00095_00318-1,1.5770096
s_016um_00280_00329-1,1.5409546
s_016um_00383_00130-1,1.6126995
s_016um_00061_00130-1,1.5887103
s_016um_00396_00219-1,1.6031936
s_016um_00336_00251-1,1.65671
s_016um_00086_00029-1,1.5556022
s_016um_00227_00251-1,1.5284442
s_016um_00045_00210-1,1.6066083
s_016um_00145_00059-1,1.6114525
s_016um_00312_00059-1,1.5772436
s_016um_00376_00120-1,1.5287219
s_016um_00148_00396-1,1.6582648
s_016um_00168_00371-1,1.580959
s_016um_00279_00325-1,1.5749578
s_016um_00273_00333-1,1.6167086
s_016um_00355_00123-1,1.6894802
s_016um_00325_00231-1,1.5067514
s_016um_00267_00130-1,1.5751802
s_016um_00237_00188-1,1.5745256
s_016um_00384_00295-1,1.5508733
s_016um_00033_00088-1,1.5681067
s_016um_00076_00296-1,1.6055154
s_016um_00077_00299-1,1.6120481
s_016um_00131_00389-1,1.5922381
s_016um_00278_00130-1,1.5620447
s_016um_00040_00214-1,1.6386448
s_016um_00238_00188-1,1.6030291
s_016um_00128_00383-1,1.5656556
s_016um_00396_00363-1,1.6843121
s_016um_00011_00154-1,1.5711442
s_016um_00262_00127-1,1.5005984
s_016um_00354_00024-1,1.5660135
s_016um_00130_00232-1,1.5337332
s_016um_00265_00054-1,1.5191498
s_016um_00234_00260-1,1.5698441
s_016um_00392_00360-1,1.4194441
s_016um_00311_00056-1,1.6246444
s_016um_00127_00383-1,1.557632
s_016um_00085_00278-1,1.5300117
s_016um_00265_00335-1,1.5665094
s_016um_00133_00320-1,1.5375286
s_016um_00017_00272-1,1.552987
s_016um_00046_00241-1,1.5728707
s_016um_00216_00012-1,1.7708032
s_016um_00329_00228-1,1.5201743
s_016um_00042_00210-1,1.5850756
s_016um_00093_00317-1,1.5678713
s_016um_00078_00252-1,1.5938438
s_016um_00081_00243-1,1.5696763
s_016um_00259_00132-1,1.5487777
s_016um_00046_00219-1,1.5792913
s_016um_00351_00117-1,1.5302545
s_016um_00229_00331-1,1.5995451
s_016um_00241_00189-1,1.6442475
s_016um_00173_00371-1,1.8835912
s_016um_00028_00091-1,1.5676546
s_016um_00220_00015-1,1.587071
s_016um_00076_00249-1,1.553527
s_016um_00277_00136-1,1.6494225
s_016um_00351_00019-1,1.6727884
s_016um_00358_00090-1,1.5753999
s_016um_00374_00121-1,1.4673009
s_016um_00185_00030-1,1.6465305
s_016um_00346_00215-1,1.6025295
s_016um_00210_00030-1,1.5886768
s_016um_00399_00371-1,1.552188
s_016um_00367_00227-1,1.5692002
s_016um_00081_00195-1,1.6632657
s_016um_00014_00212-1,1.5724593
s_016um_00339_00400-1,1.5684141
s_016um_00086_00265-1,1.5206342
s_016um_00277_00326-1,1.6345876
s_016um_00072_00245-1,1.4830308
s_016um_00082_00238-1,1.5652401
s_016um_00183_00027-1,1.6517321
s_016um_00371_00120-1,1.5660992
s_016um_00220_00236-1,1.6226786
s_016um_00401_00368-1,1.6504424
s_016um_00136_00075-1,1.5654657
s_016um_00341_00219-1,1.556102
s_016um_00264_00132-1,1.5412496
s_016um_00235_00185-1,1.5175194
s_016um_00334_00212-1,1.5766026
s_016um_00092_00267-1,1.5856278
s_016um_00221_00168-1,1.4961289
s_016um_00197_00126-1,1.550741
s_016um_00221_00228-1,1.517698
s_016um_00100_00071-1,1.5424784
s_016um_00259_00184-1,1.5256107
s_016um_00357_00414-1,1.4979126
s_016um_00078_00292-1,1.5508238
s_016um_00326_00231-1,1.5223906
s_016um_00090_00072-1,1.532641
s_016um_00183_00028-1,1.5643957
s_016um_00265_00062-1,1.7302203
s_016um_00223_00251-1,1.5564585
s_016um_00042_00214-1,1.7092216
s_016um_00234_00265-1,1.4998534
s_016um_00093_00339-1,1.5064592
s_016um_00328_00214-1,1.5522891
s_016um_00141_00018-1,1.640717
s_016um_00221_00016-1,1.6770067
s_016um_00134_00319-1,1.3712265
s_016um_00167_00372-1,1.5795548
s_016um_00390_00298-1,1.5841863
s_016um_00270_00336-1,1.6089597
s_016um_00265_00029-1,1.5699568
s_016um_00141_00055-1,1.5417238
s_016um_00407_00402-1,0.6377845
s_016um_00265_00330-1,1.6141886
s_016um_00275_00050-1,1.4995662
s_016um_00313_00060-1,1.6325572
s_016um_00229_00358-1,1.6390659
s_016um_00358_00292-1,1.5528499
s_016um_00402_00255-1,1.4653418
s_016um_00284_00094-1,1.6284868
s_016um_00273_00312-1,1.5138328
s_016um_00288_00100-1,1.5700574
s_016um_00081_00270-1,1.572647
s_016um_00131_00226-1,1.5829902
s_016um_00396_00261-1,1.5460966
s_016um_00087_00265-1,1.558697
s_016um_00336_00256-1,1.5469122
s_016um_00102_00070-1,1.7775992
s_016um_00273_00048-1,1.6398982
s_016um_00263_00332-1,1.5405004
s_016um_00275_00319-1,1.614306
s_016um_00049_00215-1,1.6514628
s_016um_00094_00342-1,1.5272851
s_016um_00369_00123-1,1.626715
s_016um_00224_00168-1,1.6142021
s_016um_00331_00251-1,1.5262506
s_016um_00388_00298-1,1.489662
s_016um_00222_00332-1,1.5212781
s_016um_00080_00240-1,1.5202646
s_016um_00136_00315-1,1.7342681
s_016um_00280_00047-1,1.5737891
s_016um_00217_00028-1,1.6061437
s_016um_00104_00071-1,1.5219042
s_016um_00132_00230-1,1.498564
s_016um_00221_00011-1,1.5500118
s_016um_00237_00084-1,1.5812839
s_016um_00079_00292-1,1.5878872
s_016um_00396_00362-1,1.7420357
s_016um_00079_00300-1,1.4808128
s_016um_00224_00328-1,1.5485092
s_016um_00086_00279-1,1.5486536
s_016um_00263_00055-1,1.6387361
s_016um_00104_00384-1,1.6381876
s_016um_00396_00183-1,1.5582122
s_016um_00369_00225-1,1.5200028
s_016um_00404_00404-1,0.6375108
s_016um_00389_00299-1,1.5318652
s_016um_00040_00100-1,1.476227
s_016um_00063_00133-1,1.5848185
s_016um_00224_00029-1,1.6163385
s_016um_00140_00072-1,1.594361
s_016um_00318_00168-1,1.6578506
s_016um_00250_00019-1,1.6874266
s_016um_00332_00253-1,1.6061109
s_016um_00351_00119-1,1.5161835
s_016um_00107_00385-1,1.5935789
s_016um_00044_00046-1,1.5366008
s_016um_00261_00192-1,1.6115367
s_016um_00347_00214-1,1.4736464
s_016um_00040_00176-1,1.5128884
s_016um_00134_00090-1,1.7824126
s_016um_00351_00093-1,1.5537951
s_016um_00243_00082-1,1.6070412
s_016um_00033_00329-1,1.5336887
s_016um_00273_00208-1,1.6166141
s_016um_00238_00359-1,1.5717227
s_016um_00362_00292-1,1.4937977
s_016um_00143_00056-1,1.5938089
s_016um_00122_00150-1,1.5551828
s_016um_00320_00168-1,1.5060978
s_016um_00006_00295-1,1.5141324
s_016um_00075_00250-1,1.6092963
s_016um_00398_00362-1,1.676625
s_016um_00027_00335-1,1.6041309
s_016um_00339_00216-1,1.5594437
s_016um_00213_00292-1,1.5027512
s_016um_00334_00254-1,1.7872106
s_016um_00099_00031-1,1.6983532
s_016um_00269_00059-1,1.6108131
s_016um_00018_00272-1,1.584777
s_016um_00228_00244-1,1.523642
s_016um_00011_00214-1,1.4928305
s_016um_00164_00291-1,1.5278418
s_016um_00376_00143-1,1.5329896
s_016um_00243_00187-1,1.6759428
s_016um_00330_00210-1,1.5690413
s_016um_00169_00122-1,1.6013682
s_016um_00394_00176-1,1.5960584
s_016um_00254_00028-1,1.6132091
s_016um_00144_00054-1,1.5656747
s_016um_00084_00073-1,1.7166632
s_016um_00225_00326-1,1.6436173
s_016um_00134_00322-1,1.5110686
s_016um_00088_00266-1,1.5149922
s_016um_00074_00240-1,1.4903738
s_016um_00179_00026-1,1.5211318
s_016um_00217_00173-1,1.5567669
s_016um_00228_00250-1,1.5355947
s_016um_00026_00087-1,1.5914598
s_016um_00129_00233-1,1.609632
s_016um_00091_00270-1,1.5217538
s_016um_00126_00091-1,1.6819245
s_016um_00135_00314-1,1.454126
s_016um_00278_00132-1,1.5475168
s_016um_00368_00142-1,1.5673888
s_016um_00126_00094-1,1.563424
s_016um_00230_00246-1,1.6453207
s_016um_00091_00319-1,1.529014
s_016um_00044_00240-1,1.5760889
s_016um_00391_00184-1,1.6384052
s_016um_00267_00223-1,1.5831565
s_016um_00036_00047-1,1.5330989
s_016um_00143_00022-1,1.7296557
s_016um_00131_00319-1,1.4999411
s_016um_00089_00275-1,1.4595995
s_016um_00272_00225-1,1.4686843
s_016um_00139_00219-1,1.6168689
s_016um_00222_00248-1,1.5484236
s_016um_00087_00266-1,1.5391351
s_016um_00371_00122-1,1.5597881
s_016um_00241_00183-1,1.5867306
s_016um_00191_00094-1,1.5036058
s_016um_00269_00054-1,1.7126802
s_016um_00056_00245-1,1.5933632
s_016um_00370_00144-1,1.5248128
s_016um_00153_00395-1,1.5386443
s_016um_00050_00241-1,1.5304195
s_016um_00224_00025-1,1.495992
s_016um_00010_00299-1,1.544396
s_016um_00087_00034-1,1.6337057
s_016um_00321_00301-1,1.5472183
s_016um_00236_00357-1,1.6238967
s_016um_00320_00229-1,1.5823772
s_016um_00143_00015-1,1.6261212
s_016um_00041_00208-1,1.6100898
s_016um_00079_00198-1,1.6174582
s_016um_00088_00066-1,1.6005775
s_016um_00086_00284-1,1.4674321
s_016um_00255_00025-1,1.5261256
s_016um_00393_00361-1,1.6601498
s_016um_00408_00396-1,1.184826
s_016um_00062_00127-1,1.5724883
s_016um_00043_00175-1,1.4989706
s_016um_00274_00318-1,1.5746572
s_016um_00159_00291-1,1.5213343
s_016um_00289_00092-1,1.6059837
s_016um_00106_00319-1,1.5963615
s_016um_00239_00187-1,1.5171065
s_016um_00388_00297-1,1.5695173
s_016um_00333_00250-1,1.5449282
s_016um_00141_00216-1,1.5563728
s_016um_00099_00027-1,1.7093776
s_016um_00108_00317-1,1.5383587
s_016um_00250_00026-1,1.5354364
s_016um_00405_00122-1,1.5392712
s_016um_00116_00146-1,1.6044714
s_016um_00368_00099-1,1.6993033
s_016um_00267_00226-1,1.5789467
s_016um_00103_00389-1,1.6121788
s_016um_00403_00401-1,0.97271776
s_016um_00240_00184-1,1.5638467
s_016um_00021_00271-1,1.6854752
s_016um_00127_00087-1,1.6330553
s_016um_00275_00326-1,1.5708494
s_016um_00082_00277-1,1.5270816
s_016um_00234_00263-1,1.511617
s_016um_00368_00143-1,1.5077989
s_016um_00412_00099-1,1.5305502
s_016um_00048_00241-1,1.5699703
s_016um_00224_00031-1,1.6676799
s_016um_00395_00361-1,1.5337313
s_016um_00096_00028-1,1.7240063
s_016um_00266_00226-1,1.6490934
s_016um_00065_00231-1,1.6390839
s_016um_00397_00256-1,1.561416
s_016um_00404_00123-1,1.5001724
s_016um_00216_00294-1,1.5786105
s_016um_00153_00396-1,1.6150742
s_016um_00217_00168-1,1.669528
s_016um_00390_00359-1,1.7177967
s_016um_00091_00276-1,1.5875235
s_016um_00333_00258-1,1.5723078
s_016um_00279_00315-1,1.6195447
s_016um_00277_00050-1,1.6535877
s_016um_00415_00101-1,1.5531039
s_016um_00210_00292-1,1.6264087
s_016um_00141_00218-1,1.628954
s_016um_00239_00185-1,1.6374643
s_016um_00254_00026-1,1.6232259
s_016um_00078_00236-1,1.6139451
s_016um_00364_00099-1,1.5695871
s_016um_00131_00390-1,1.5661731
s_016um_00257_00190-1,1.5986634
s_016um_00368_00229-1,1.4255213
s_016um_00273_00228-1,1.5373812
s_016um_00142_00023-1,1.6423235
s_016um_00309_00060-1,1.5720778
s_016um_00166_00124-1,1.5639153
s_016um_00083_00036-1,1.6724654
s_016um_00227_00264-1,1.5557463
s_016um_00058_00249-1,1.5487233
s_016um_00368_00120-1,1.4902556
s_016um_00257_00188-1,1.6009029
s_016um_00387_00338-1,1.5698334
s_016um_00280_00321-1,1.6087155
s_016um_00108_00384-1,1.5340381
s_016um_00085_00069-1,1.6956644
s_016um_00189_00127-1,1.6771184
s_016um_00086_00036-1,1.5216374
s_016um_00096_00277-1,1.5094035
s_016um_00098_00317-1,1.6241722
s_016um_00261_00131-1,1.6215
s_016um_00095_00272-1,1.4880904
s_016um_00099_00068-1,1.624869
s_016um_00342_00213-1,1.5421236
s_016um_00013_00210-1,1.5722165
s_016um_00009_00156-1,1.5723214
s_016um_00391_00357-1,1.6151505
s_016um_00329_00211-1,1.5908841
s_016um_00408_00124-1,1.5368664
s_016um_00119_00151-1,1.5699284
s_016um_00070_00129-1,1.6077555
s_016um_00351_00118-1,1.5837443
s_016um_00309_00052-1,1.4886053
s_016um_00305_00056-1,1.6389108
s_016um_00390_00343-1,1.5081615
s_016um_00026_00084-1,1.5124214
s_016um_00326_00121-1,1.581287
s_016um_00239_00358-1,1.6155908
s_016um_00220_00012-1,1.6176616
s_016um_00165_00374-1,1.5554421
s_016um_00134_00070-1,1.6374675
s_016um_00280_00136-1,1.5216566
s_016um_00228_00246-1,1.5397846
s_016um_00077_00249-1,1.6158676
s_016um_00394_00214-1,1.5891728
s_016um_00375_00141-1,1.5197468
s_016um_00042_00176-1,1.5719409
s_016um_00222_00244-1,1.4796324
s_016um_00005_00151-1,1.7052511
s_016um_00071_00231-1,1.5518545
s_016um_00396_00359-1,1.5623188
s_016um_00141_00059-1,1.6356319
s_016um_00222_00280-1,1.5242584
s_016um_00331_00120-1,1.6205293
s_016um_00224_00333-1,1.5527033
s_016um_00269_00034-1,1.5140731
s_016um_00403_00403-1,0.51004946
s_016um_00221_00013-1,1.663317
s_016um_00145_00061-1,1.5840224
s_016um_00034_00009-1,1.5095916
s_016um_00095_00334-1,1.5979556
s_016um_00401_00370-1,1.5491848
s_016um_00360_00287-1,1.5764184
s_016um_00101_00391-1,1.5277437
s_016um_00279_00204-1,1.5811509
s_016um_00404_00396-1,1.2245655
s_016um_00082_00299-1,1.5170057
s_016um_00388_00293-1,1.6658207
s_016um_00181_00031-1,1.6715052
s_016um_00107_00319-1,1.3593047
s_016um_00104_00382-1,1.6479695
s_016um_00286_00093-1,1.5392318
s_016um_00330_00215-1,1.6622684
s_016um_00065_00127-1,1.6505466
s_016um_00391_00299-1,1.7206155
s_016um_00245_00087-1,1.5896868
s_016um_00217_00034-1,1.5321904
s_016um_00273_00226-1,1.5521959
s_016um_00368_00096-1,1.53819
s_016um_00096_00336-1,1.5434583
s_016um_00277_00045-1,1.524065
s_016um_00086_00066-1,1.54026
s_016um_00240_00185-1,1.5572503
s_016um_00277_00318-1,1.570719
s_016um_00139_00221-1,1.629995
s_016um_00287_00091-1,1.6257526
s_016um_00222_00016-1,1.6138493
s_016um_00226_00233-1,1.5652026
s_016um_00261_00134-1,1.5517218
s_016um_00405_00395-1,1.5056698
s_016um_00143_00063-1,1.7123713
s_016um_00081_00283-1,1.5277644
s_016um_00232_00354-1,1.6476979
s_016um_00168_00126-1,1.6224196
s_016um_00278_00311-1,1.5844628
s_016um_00399_00258-1,1.6875274
s_016um_00271_00059-1,1.5627558
s_016um_00140_00074-1,1.5563612
s_016um_00044_00043-1,1.6043665
s_016um_00216_00226-1,1.4949899
s_016um_00319_00168-1,1.6155423
s_016um_00132_00388-1,1.5521126
s_016um_00225_00332-1,1.6170805
s_016um_00390_00360-1,1.5962306
s_016um_00062_00128-1,1.6735021
s_016um_00320_00167-1,1.6299189
s_016um_00008_00207-1,1.5926826
s_016um_00132_00088-1,1.667939
s_016um_00244_00089-1,1.5509207
s_016um_00260_00193-1,1.5529071
s_016um_00108_00313-1,1.568757
s_016um_00066_00232-1,1.6137675
s_016um_00336_00250-1,1.60115
s_016um_00130_00385-1,1.5630946
s_016um_00272_00336-1,1.5474952
s_016um_00074_00245-1,1.6330652
s_016um_00140_00062-1,1.5816511
s_016um_00402_00401-1,1.0010285
s_016um_00132_00389-1,1.5479832
s_016um_00273_00317-1,1.6660697
s_016um_00389_00342-1,1.6428988
s_016um_00082_00281-1,1.5187224
s_016um_00260_00131-1,1.6172885
s_016um_00215_00281-1,1.6045082
s_016um_00097_00025-1,1.6840273
s_016um_00097_00028-1,1.6167499
s_016um_00005_00298-1,1.538977
s_016um_00128_00231-1,1.500838
s_016um_00102_00028-1,1.5541046
s_016um_00353_00092-1,1.61257
s_016um_00360_00412-1,1.4862922
s_016um_00368_00123-1,1.5922775
s_016um_00397_00366-1,1.5810473
s_016um_00100_00389-1,1.7123257
s_016um_00264_00062-1,1.6668414
s_016um_00371_00146-1,1.4989505
s_016um_00241_00187-1,1.5671937
s_016um_00069_00233-1,1.5573794
s_016um_00403_00259-1,1.6529021
s_016um_00217_00232-1,1.6310219
s_016um_00087_00032-1,1.5700066
s_016um_00100_00317-1,1.5590442
s_016um_00271_00334-1,1.714359
s_016um_00358_00414-1,1.6427004
s_016um_00245_00085-1,1.5515326
s_016um_00357_00118-1,1.5873593
s_016um_00068_00131-1,1.6016538
s_016um_00412_00101-1,1.6011401
s_016um_00224_00024-1,1.6339463
s_016um_00097_00275-1,1.5432785
s_016um_00335_00212-1,1.5161359
s_016um_00201_00150-1,1.5032316
s_016um_00393_00365-1,1.6548423
s_016um_00214_00295-1,1.5565821
s_016um_00138_00070-1,1.5754472
s_016um_00349_00019-1,1.5964026
s_016um_00227_00333-1,1.5452356
s_016um_00233_00361-1,1.5193174
s_016um_00035_00003-1,1.5843811
s_016um_00165_00291-1,1.5915518
s_016um_00405_00400-1,0.7263205
s_016um_00333_00253-1,1.6321806
s_016um_00045_00206-1,1.6019713
s_016um_00314_00057-1,1.6224493
s_016um_00400_00397-1,1.5596435
s_016um_00348_00019-1,1.6725178
s_016um_00391_00178-1,1.6156689
s_016um_00346_00218-1,1.561547
s_016um_00321_00166-1,1.6081985
s_016um_00094_00334-1,1.4677516
s_016um_00397_00212-1,1.5243671
s_016um_00415_00098-1,1.4663144
s_016um_00398_00213-1,1.5922836
s_016um_00196_00129-1,1.6295187
s_016um_00261_00187-1,1.5187242
s_016um_00125_00389-1,1.5860996
s_016um_00009_00213-1,1.5518941
s_016um_00407_00149-1,1.621968
s_016um_00136_00217-1,1.5513136
s_016um_00085_00283-1,1.5247767
s_016um_00039_00103-1,1.5733693
s_016um_00250_00021-1,1.6255229
s_016um_00162_00290-1,1.5500294
s_016um_00243_00184-1,1.6562272
s_016um_00079_00237-1,1.536578
s_016um_00132_00315-1,1.4690949
s_016um_00272_00028-1,1.597669
s_016um_00237_00184-1,1.4785366
s_016um_00013_00296-1,1.5312186
s_016um_00127_00386-1,1.6498083
s_016um_00038_00041-1,1.6225588
s_016um_00368_00224-1,1.627503
s_016um_00145_00398-1,1.5012128
s_016um_00351_00022-1,1.7422447
s_016um_00246_00088-1,1.5859267
s_016um_00101_00067-1,1.6234174
s_016um_00394_00367-1,1.5160645
s_016um_00284_00098-1,1.598606
s_016um_00330_00121-1,1.553229
s_016um_00036_00043-1,1.5321931
s_016um_00268_00032-1,1.6136996
s_016um_00415_00104-1,1.5670094
s_016um_00084_00066-1,1.539751
s_016um_00098_00335-1,1.5776826
s_016um_00087_00268-1,1.5365349
s_016um_00404_00398-1,1.0351166
s_016um_00014_00209-1,1.5603554
s_016um_00215_00229-1,1.505574
s_016um_00219_00227-1,1.535295
s_016um_00042_00215-1,1.589304
s_016um_00271_00048-1,1.689177
s_016um_00132_00322-1,1.5100175
s_016um_00130_00231-1,1.6054468
s_016um_00319_00228-1,1.4555124
s_016um_00326_00300-1,1.5479808
s_016um_00398_00216-1,1.5526175
s_016um_00280_00137-1,1.433425
s_016um_00222_00173-1,1.5075951
s_016um_00393_00366-1,1.6099389
s_016um_00194_00129-1,1.6704085
s_016um_00137_00068-1,1.5516224
s_016um_00138_00017-1,1.4865867
s_016um_00035_00004-1,1.5862377
s_016um_00016_00269-1,1.5297041
s_016um_00349_00022-1,1.4905118
s_016um_00256_00026-1,1.7703068
s_016um_00011_00209-1,1.5866237
s_016um_00362_00293-1,1.5475762
s_016um_00400_00264-1,1.4650829
s_016um_00005_00150-1,1.5982972
s_016um_00265_00055-1,1.6120371
s_016um_00356_00025-1,1.714927
s_016um_00032_00091-1,1.6369276
s_016um_00082_00284-1,1.5441285
s_016um_00121_00151-1,1.6266212
s_016um_00087_00067-1,1.5648326
s_016um_00037_00049-1,1.5177625
s_016um_00364_00097-1,1.5982335
s_016um_00352_00118-1,1.5471245
s_016um_00241_00090-1,1.5922809
s_016um_00131_00322-1,1.5653983
s_016um_00055_00249-1,1.5311571
s_016um_00220_00277-1,1.54293
s_016um_00410_00146-1,1.5934783
s_016um_00355_00291-1,1.5620108
s_016um_00099_00319-1,1.6468232
s_016um_00221_00277-1,1.4344614
s_016um_00274_00314-1,1.5889319
s_016um_00222_00250-1,1.5456132
s_016um_00130_00092-1,1.558322
s_016um_00038_00210-1,1.6035258
s_016um_00404_00257-1,1.4919403
s_016um_00392_00182-1,1.6015532
s_016um_00182_00025-1,1.6279296
s_016um_00408_00101-1,1.6889789
s_016um_00098_00022-1,1.5757837
s_016um_00392_00343-1,1.259317
s_016um_00192_00124-1,1.6108575
s_016um_00116_00145-1,1.5732952
s_016um_00116_00150-1,1.5819439
s_016um_00083_00295-1,1.4883949
s_016um_00214_00294-1,1.5343643
s_016um_00290_00097-1,1.5534432
s_016um_00084_00267-1,1.5902681
s_016um_00325_00230-1,1.5395459
s_016um_00353_00091-1,1.5659728
s_016um_00248_00019-1,1.5763545
s_016um_00029_00083-1,1.5047996
s_016um_00406_00152-1,1.5414641
s_016um_00135_00233-1,1.5417782
s_016um_00135_00225-1,1.6010115
s_016um_00099_00072-1,1.5710475
s_016um_00141_00054-1,1.6835053
s_016um_00087_00199-1,1.5624654
s_016um_00207_00152-1,1.6574782
s_016um_00324_00300-1,1.6072251
s_016um_00028_00092-1,1.6403592
s_016um_00264_00330-1,1.5416806
s_016um_00089_00072-1,1.598165
s_016um_00101_00072-1,1.6245317
s_016um_00112_00319-1,1.521768
s_016um_00325_00166-1,1.6294562
s_016um_00072_00247-1,1.5166765
s_016um_00084_00272-1,1.4955269
s_016um_00223_00332-1,1.5551426
s_016um_00047_00241-1,1.6729019
s_016um_00080_00195-1,1.6121745
s_016um_00333_00212-1,1.539222
s_016um_00353_00090-1,1.5547851
s_016um_00394_00371-1,1.6398363
s_016um_00032_00092-1,1.5753363
s_016um_00214_00283-1,1.543648
s_016um_00356_00114-1,1.4834683
s_016um_00177_00028-1,1.599844
s_016um_00252_00025-1,1.5682037
s_016um_00225_00249-1,1.5493238
s_016um_00247_00090-1,1.5295452
s_016um_00080_00280-1,1.5207121
s_016um_00224_00233-1,1.5133202
s_016um_00280_00051-1,1.6400274
s_016um_00034_00098-1,1.5677946
s_016um_00406_00399-1,0.61247414
s_016um_00395_00338-1,1.5573407
s_016um_00406_00127-1,1.5598588
s_016um_00404_00153-1,1.6218396
s_016um_00042_00047-1,1.556003
s_016um_00009_00212-1,1.796647
s_016um_00383_00133-1,1.5955927
s_016um_00219_00011-1,1.5745572
s_016um_00011_00297-1,1.571513
s_016um_00388_00294-1,1.5848393
s_016um_00027_00091-1,1.5650561
s_016um_00212_00034-1,1.5704288
s_016um_00256_00190-1,1.5845443
s_016um_00329_00213-1,1.524579
s_016um_00343_00214-1,1.5245888
s_016um_00224_00032-1,1.6442548
s_016um_00278_00050-1,1.6428186
s_016um_00377_00138-1,1.6057016
s_016um_00348_00213-1,1.5117993
s_016um_00207_00146-1,1.5376289
s_016um_00321_00302-1,1.5733078
s_016um_00140_00020-1,1.7384663
s_016um_00355_00115-1,1.5382065
s_016um_00040_00170-1,1.7080512
s_016um_00405_00145-1,1.550091
s_016um_00095_00315-1,1.6001573
s_016um_00265_00032-1,1.5728294
s_016um_00088_00032-1,1.5473439
s_016um_00216_00168-1,1.577468
s_016um_00096_00320-1,1.5939972
s_016um_00359_00117-1,1.6022279
s_016um_00092_00279-1,1.5042733
s_016um_00402_00127-1,1.5638652
s_016um_00415_00140-1,1.6209769
s_016um_00354_00290-1,1.680092
s_016um_00139_00218-1,1.513027
s_016um_00395_00373-1,1.6215245
s_016um_00217_00026-1,1.6565567
s_016um_00321_00232-1,1.6086456
s_016um_00264_00130-1,1.5871462
s_016um_00313_00052-1,1.5921905
s_016um_00086_00268-1,1.5431132
s_016um_00169_00125-1,1.7849692
s_016um_00018_00263-1,1.4985933
s_016um_00407_00123-1,1.5442114
s_016um_00029_00087-1,1.4884673
s_016um_00085_00065-1,1.4772942
s_016um_00140_00076-1,1.6089437
s_016um_00014_00270-1,1.6264563
s_016um_00266_00132-1,1.5816846
s_016um_00125_00093-1,1.5298038
s_016um_00231_00263-1,1.5709476
s_016um_00151_00401-1,1.619338
s_016um_00071_00246-1,1.5856678
s_016um_00263_00184-1,1.5034976
s_016um_00258_00031-1,1.6753136
s_016um_00099_00073-1,1.5796019
s_016um_00332_00216-1,1.5556924
s_016um_00152_00396-1,1.5706064
s_016um_00214_00281-1,1.5761992
s_016um_00083_00272-1,1.5473775
s_016um_00212_00295-1,1.5422146
s_016um_00405_00149-1,1.5715817
s_016um_00279_00044-1,1.5292715
s_016um_00221_00330-1,1.5190272
s_016um_00081_00030-1,1.6260484
s_016um_00414_00136-1,1.5770577
s_016um_00133_00076-1,1.5127487
s_016um_00360_00414-1,1.543673
s_016um_00326_00166-1,1.639732
s_016um_00403_00399-1,1.049742
s_016um_00369_00223-1,1.6499861
s_016um_00237_00356-1,1.6076508
s_016um_00041_00210-1,1.6984131
s_016um_00008_00211-1,1.7778066
s_016um_00201_00145-1,1.6325767
s_016um_00230_00360-1,1.5622661
s_016um_00147_00394-1,1.5207772
s_016um_00146_00399-1,1.5622143
s_016um_00360_00410-1,1.669607
s_016um_00080_00035-1,1.5886548
s_016um_00010_00214-1,1.6428298
s_016um_00383_00128-1,1.5395021
s_016um_00399_00126-1,1.5237955
s_016um_00324_00123-1,1.5845069
s_016um_00093_00319-1,1.5946604
s_016um_00093_00274-1,1.5828913
s_016um_00280_00316-1,1.5579925
s_016um_00327_00125-1,1.5711619
s_016um_00261_00191-1,1.5845239
s_016um_00111_00314-1,1.5851117
s_016um_00049_00242-1,1.647354
s_016um_00284_00096-1,1.6116451
s_016um_00041_00103-1,1.6628089
s_016um_00387_00298-1,1.545701
s_016um_00144_00060-1,1.6731128
s_016um_00320_00169-1,1.560083
s_016um_00231_00266-1,1.5259372
s_016um_00171_00124-1,1.6771996
s_016um_00032_00330-1,1.6272401
s_016um_00227_00234-1,1.672941
s_016um_00136_00221-1,1.5802785
s_016um_00059_00249-1,1.5790012
s_016um_00399_00367-1,1.5593126
s_016um_00396_00262-1,1.6205558
s_016um_00043_00245-1,1.5761789
s_016um_00167_00378-1,1.5308584
s_016um_00064_00127-1,1.5877082
s_016um_00043_00179-1,1.6340638
s_016um_00114_00318-1,1.5570862
s_016um_00213_00289-1,1.5990437
s_016um_00328_00301-1,1.6348423
s_016um_00096_00322-1,1.667938
s_016um_00279_00050-1,1.6157432
s_016um_00353_00093-1,1.5011805
s_016um_00041_00100-1,1.5305272
s_016um_00398_00358-1,1.5851787
s_016um_00355_00092-1,1.559166
s_016um_00280_00324-1,1.6207385
s_016um_00081_00272-1,1.6434885
s_016um_00113_00315-1,1.5330579
s_016um_00280_00312-1,1.545659
s_016um_00039_00204-1,1.4898537
s_016um_00048_00242-1,1.7512515
s_016um_00035_00331-1,1.6045331
s_016um_00374_00120-1,1.6341114
s_016um_00176_00029-1,1.5665145
s_016um_00131_00384-1,1.5537782
s_016um_00058_00243-1,1.5811013
s_016um_00214_00282-1,1.5438733
s_016um_00289_00100-1,1.5944935
s_016um_00235_00261-1,1.6006992
s_016um_00372_00146-1,1.5612538
s_016um_00085_00070-1,1.6257584
s_016um_00132_00073-1,1.5340992
s_016um_00172_00376-1,1.6141193
s_016um_00268_00033-1,1.5509293
s_016um_00253_00028-1,1.6030749
s_016um_00321_00305-1,1.5341642
s_016um_00097_00338-1,1.6364281
s_016um_00380_00128-1,1.5551678
s_016um_00128_00388-1,1.5435932
s_016um_00232_00260-1,1.5559298
s_016um_00232_00087-1,1.6602228
s_016um_00284_00099-1,1.6430284
s_016um_00184_00029-1,1.6672223
s_016um_00243_00189-1,1.6111137
s_016um_00275_00045-1,1.6289909
s_016um_00009_00209-1,1.5752854
s_016um_00046_00244-1,1.5694015
s_016um_00222_00233-1,1.5879385
s_016um_00253_00022-1,1.510178
s_016um_00083_00283-1,1.5114883
s_016um_00374_00144-1,1.534167
s_016um_00117_00151-1,1.6337646
s_016um_00078_00242-1,1.5318396
s_016um_00400_00216-1,1.4678929
s_016um_00094_00333-1,1.5576869
s_016um_00222_00331-1,1.5989366
s_016um_00130_00087-1,1.600223
s_016um_00261_00129-1,1.5549535
s_016um_00215_00280-1,1.5066037
s_016um_00226_00235-1,1.6075842
s_016um_00387_00296-1,1.5593698
s_016um_00338_00401-1,1.5746976
s_016um_00394_00357-1,1.4583082
s_016um_00039_00174-1,1.5884807
s_016um_00090_00069-1,1.5871869
s_016um_00213_00279-1,1.528091
s_016um_00240_00084-1,1.657875
s_016um_00266_00034-1,1.495582
s_016um_00249_00019-1,1.6238481
s_016um_00216_00227-1,1.5304772
s_016um_00264_00188-1,1.4959878
s_016um_00010_00298-1,1.5902951
s_016um_00118_00151-1,1.5555534
s_016um_00027_00085-1,1.603662
s_016um_00276_00201-1,1.5410844
s_016um_00174_00371-1,1.757461
s_016um_00355_00411-1,1.3964031
s_016um_00042_00240-1,1.5779549
s_016um_00084_00270-1,1.5831686
s_016um_00405_00396-1,1.5428879
s_016um_00402_00399-1,1.1498661
s_016um_00096_00026-1,1.5720825
s_016um_00281_00205-1,1.5882429
s_016um_00168_00129-1,1.6105406
s_016um_00071_00250-1,1.5585269
s_016um_00383_00138-1,1.581904
s_016um_00082_00066-1,1.607012
s_016um_00371_00226-1,1.4699448
s_016um_00091_00069-1,1.5742607
s_016um_00229_00265-1,1.5624528
s_016um_00238_00182-1,1.527892
s_016um_00268_00225-1,1.5943475
s_016um_00085_00280-1,1.486761
s_016um_00372_00098-1,1.455502
s_016um_00390_00295-1,1.5145587
s_016um_00242_00086-1,1.4850249
s_016um_00083_00067-1,1.5126826
s_016um_00355_00094-1,1.5661428
s_016um_00393_00218-1,1.5678895
s_016um_00025_00085-1,1.4990863
s_016um_00010_00155-1,1.649188
s_016um_00379_00137-1,1.5938512
s_016um_00264_00332-1,1.540077
s_016um_00357_00122-1,1.5612161
s_016um_00072_00252-1,1.6184096
s_016um_00384_00131-1,1.560253
s_016um_00389_00339-1,1.5675168
s_016um_00225_00229-1,1.4912792
s_016um_00217_00283-1,1.5355996
s_016um_00233_00356-1,1.5475383
s_016um_00010_00152-1,1.5235838
s_016um_00257_00031-1,1.5456296
s_016um_00328_00227-1,1.4827155
s_016um_00237_00086-1,1.6969267
s_016um_00034_00337-1,1.5307713
s_016um_00057_00241-1,1.5094483
s_016um_00222_00169-1,1.5928944
s_016um_00063_00128-1,1.6215332
s_016um_00373_00145-1,1.6360118
s_016um_00039_00100-1,1.503952
s_016um_00347_00218-1,1.5579811
s_016um_00095_00028-1,1.6157551
s_016um_00357_00116-1,1.6685611
s_016um_00140_00019-1,1.6403786
s_016um_00247_00089-1,1.5392246
s_016um_00279_00311-1,1.6088063
s_016um_00122_00144-1,1.6377656
s_016um_00415_00138-1,1.5522441
s_016um_00169_00121-1,1.4972216
s_016um_00273_00135-1,1.6285546
s_016um_00240_00190-1,1.5609037
s_016um_00089_00273-1,1.5263313
s_016um_00110_00316-1,1.6116266
s_016um_00096_00340-1,1.6231755
s_016um_00324_00223-1,1.5899895
s_016um_00252_00030-1,1.618391
s_016um_00337_00404-1,1.6358219
s_016um_00086_00264-1,1.564534
s_016um_00062_00131-1,1.5929455
s_016um_00041_00207-1,1.5214236
s_016um_00215_00033-1,1.5130932
s_016um_00370_00096-1,1.520072
s_016um_00084_00033-1,1.516815
s_016um_00192_00123-1,1.6732655
s_016um_00094_00323-1,1.7043445
s_016um_00393_00184-1,1.6309978
s_016um_00015_00265-1,1.5783838
s_016um_00358_00293-1,1.575367
s_016um_00275_00227-1,1.6013255
s_016um_00308_00057-1,1.4539363
s_016um_00399_00124-1,1.5273001
s_016um_00357_00289-1,1.55656
s_016um_00248_00084-1,1.5619648
s_016um_00085_00036-1,1.5706587
s_016um_00371_00101-1,1.7017493
s_016um_00178_00028-1,1.543927
s_016um_00397_00183-1,1.6250366
s_016um_00031_00338-1,1.7086599
s_016um_00135_00217-1,1.5553274
s_016um_00306_00056-1,1.505078
s_016um_00222_00335-1,1.5029604
s_016um_00035_00334-1,1.6775472
s_016um_00034_00335-1,1.6603944
s_016um_00096_00334-1,1.5333346
s_016um_00264_00134-1,1.4550034
s_016um_00053_00249-1,1.5300344
s_016um_00394_00177-1,1.5574496
s_016um_00324_00306-1,1.5094823
s_016um_00342_00218-1,1.5827293
s_016um_00131_00087-1,1.6283745
s_016um_00258_00185-1,1.5795261
s_016um_00095_00024-1,1.5524755
s_016um_00189_00096-1,1.699299
s_016um_00270_00036-1,1.5761957
s_016um_00012_00300-1,1.5582043
s_016um_00104_00070-1,1.6747173
s_016um_00362_00287-1,1.4592205
s_016um_00391_00297-1,1.6377592
s_016um_00135_00069-1,1.6923478
s_016um_00099_00322-1,1.5588918
s_016um_00272_00208-1,1.5166901
s_016um_00336_00403-1,1.5409232
s_016um_00129_00387-1,1.5661277
s_016um_00268_00062-1,1.59255
s_016um_00096_00338-1,1.6408339
s_016um_00140_00056-1,1.61415
s_016um_00140_00217-1,1.5834746
s_016um_00264_00059-1,1.7409055
s_016um_00356_00023-1,1.6813798
s_016um_00106_00317-1,1.5655324
s_016um_00191_00090-1,1.6101816
s_016um_00284_00100-1,1.5698919
s_016um_00035_00100-1,1.5206225
s_016um_00105_00385-1,1.7376918
s_016um_00327_00230-1,1.5525627
s_016um_00262_00130-1,1.530295
s_016um_00385_00129-1,1.4798971
s_016um_00083_00269-1,1.5260135
s_016um_00357_00121-1,1.5656266
s_016um_00390_00358-1,1.5722548
s_016um_00401_00255-1,1.547219
s_016um_00082_00032-1,1.5621115
s_016um_00226_00248-1,1.5054357
s_016um_00022_00266-1,1.5566926
s_016um_00318_00169-1,1.5694937
s_016um_00246_00084-1,1.596334
s_016um_00098_00029-1,1.6150674
s_016um_00279_00130-1,1.6543347
s_016um_00398_00178-1,1.5870433
s_016um_00080_00029-1,1.6504897
s_016um_00040_00179-1,1.6331084
s_016um_00030_00334-1,1.5923979
s_016um_00325_00225-1,1.583596
s_016um_00079_00278-1,1.5870988
s_016um_00082_00195-1,1.5887727
s_016um_00010_00216-1,1.4816192
s_016um_00336_00399-1,1.7295375
s_016um_00335_00215-1,1.5858076
s_016um_00212_00297-1,1.5054086
s_016um_00227_00244-1,1.5754788
s_016um_00322_00161-1,1.7003481
s_016um_00139_00075-1,1.5478619
s_016um_00385_00127-1,1.5879776
s_016um_00030_00087-1,1.5584992
s_016um_00092_00277-1,1.5521054
s_016um_00041_00244-1,1.6014577
s_016um_00024_00088-1,1.6853192
s_016um_00256_00185-1,1.5654459
s_016um_00391_00345-1,1.3709588
s_016um_00110_00317-1,1.5594059
s_016um_00218_00280-1,1.4994639
s_016um_00314_00053-1,1.6071236
s_016um_00266_00056-1,1.5969769
s_016um_00209_00297-1,1.5876456
s_016um_00142_00220-1,1.6218255
s_016um_00394_00212-1,1.5830294
s_016um_00203_00151-1,1.6322259
s_016um_00112_00316-1,1.5501217
s_016um_00140_00219-1,1.5194043
s_016um_00372_00099-1,1.620976
s_016um_00233_00092-1,1.5632278
s_016um_00045_00214-1,1.6143026
s_016um_00267_00060-1,1.5416293
s_016um_00208_00292-1,1.5717072
s_016um_00188_00097-1,1.679754
s_016um_00325_00232-1,1.5094583
s_016um_00328_00122-1,1.5777172
s_016um_00384_00137-1,1.5162781
s_016um_00278_00201-1,1.4570825
s_016um_00323_00303-1,1.4771154
s_016um_00228_00233-1,1.5007035
s_016um_00267_00034-1,1.536517
s_016um_00020_00268-1,1.4655312
s_016um_00380_00134-1,1.5567946
s_016um_00418_00141-1,1.5119672
s_016um_00223_00027-1,1.704478
s_016um_00275_00317-1,1.6167566
s_016um_00135_00317-1,1.4926318
s_016um_00136_00316-1,1.5488461
s_016um_00368_00146-1,1.6539093
s_016um_00232_00259-1,1.5963821
s_016um_00225_00333-1,1.4934967
s_016um_00190_00096-1,1.4772607
s_016um_00092_00276-1,1.5840017
s_016um_00219_00166-1,1.539582
s_016um_00102_00030-1,1.6663136
s_016um_00081_00033-1,1.6683832
s_016um_00035_00335-1,1.5680329
s_016um_00407_00127-1,1.5208385
s_016um_00088_00070-1,1.7007699
s_016um_00278_00314-1,1.5338316
s_016um_00100_00026-1,1.6402258
s_016um_00170_00129-1,1.6185387
s_016um_00352_00095-1,1.5395886
s_016um_00085_00269-1,1.5025573
s_016um_00288_00098-1,1.5421029
s_016um_00276_00137-1,1.5990639
s_016um_00008_00156-1,1.5693797
s_016um_00196_00091-1,1.6525432
s_016um_00313_00055-1,1.490561
s_016um_00276_00138-1,1.520373
s_016um_00075_00246-1,1.5305709
s_016um_00083_00266-1,1.5286372
s_016um_00279_00132-1,1.5642079
s_016um_00355_00020-1,1.5627658
s_016um_00288_00099-1,1.5642292
s_016um_00221_00033-1,1.5320617
s_016um_00103_00068-1,1.7814722
s_016um_00136_00227-1,1.5106293
s_016um_00095_00278-1,1.5461714
s_016um_00265_00132-1,1.5633532
s_016um_00321_00230-1,1.6170266
s_016um_00028_00332-1,1.5981798
s_016um_00383_00140-1,1.5679798
s_016um_00404_00402-1,0.7799753
s_016um_00197_00094-1,1.6278061
s_016um_00011_00210-1,1.5336016
s_016um_00253_00021-1,1.6637725
s_016um_00341_00397-1,1.5876653
s_016um_00288_00093-1,1.5937994
s_016um_00401_00261-1,1.6613904
s_016um_00381_00135-1,1.5353127
s_016um_00045_00213-1,1.5996891
s_016um_00364_00225-1,1.461807
s_016um_00291_00098-1,1.4519405
s_016um_00373_00117-1,1.5849152
s_016um_00167_00373-1,1.5164204
s_016um_00252_00024-1,1.562635
s_016um_00344_00221-1,1.4109596
s_016um_00255_00023-1,1.5490642
s_016um_00223_00169-1,1.6119968
s_016um_00277_00324-1,1.6019645
s_016um_00354_00094-1,1.6193708
s_016um_00244_00091-1,1.5505906
s_016um_00238_00357-1,1.5323526
s_016um_00033_00005-1,1.5848541
s_016um_00356_00119-1,1.5644652
s_016um_00041_00209-1,1.6198062
s_016um_00075_00240-1,1.5385395
s_016um_00394_00220-1,1.6294335
s_016um_00406_00121-1,1.5764374
s_016um_00328_00230-1,1.5345532
s_016um_00149_00398-1,1.6010333
s_016um_00083_00264-1,1.5586284
s_016um_00368_00228-1,1.4775206
s_016um_00393_00180-1,1.5349873
s_016um_00167_00126-1,1.7358598
s_016um_00277_00320-1,1.498464
s_016um_00221_00239-1,1.5269808
s_016um_00047_00213-1,1.6262853
s_016um_00070_00233-1,1.5716618
s_016um_00101_00066-1,1.6094289
s_016um_00246_00087-1,1.6808947
s_016um_00391_00180-1,1.5213263
s_016um_00405_00153-1,1.5822546
s_016um_00351_00095-1,1.575284
s_016um_00077_00252-1,1.7868644
s_016um_00236_00359-1,1.629014
s_016um_00013_00295-1,1.5632668
s_016um_00322_00224-1,1.5430305
s_016um_00397_00181-1,1.556392
s_016um_00213_00293-1,1.575246
s_016um_00282_00328-1,1.5675244
s_016um_00076_00292-1,1.5791711
s_016um_00148_00402-1,1.6147707
s_016um_00335_00250-1,1.5568296
s_016um_00405_00123-1,1.6111058
s_016um_00195_00096-1,1.5827506
s_016um_00357_00117-1,1.6467665
s_016um_00008_00208-1,1.6173632
s_016um_00342_00219-1,1.4984772
s_016um_00354_00122-1,1.6204749
s_016um_00063_00130-1,1.5626472
s_016um_00330_00256-1,1.5480983
s_016um_00181_00027-1,1.558182
s_016um_00133_00088-1,1.6821561
s_016um_00062_00129-1,1.6851236
s_016um_00224_00332-1,1.5400653
s_016um_00369_00117-1,1.4934735
s_016um_00213_00014-1,1.6259071
s_016um_00364_00227-1,1.5704437
s_016um_00084_00282-1,1.4841402
s_016um_00211_00290-1,1.6145344
s_016um_00371_00144-1,1.5387918
s_016um_00267_00030-1,1.7703846
s_016um_00241_00088-1,1.6356579
s_016um_00222_00247-1,1.602938
s_016um_00280_00325-1,1.5998453
s_016um_00040_00241-1,1.7156851
s_016um_00223_00032-1,1.5887557
s_016um_00324_00121-1,1.6352357
s_016um_00098_00322-1,1.5903921
s_016um_00248_00089-1,1.6020641
s_016um_00045_00236-1,1.5735077
s_016um_00081_00265-1,1.5871383
s_016um_00085_00272-1,1.549132
s_016um_00396_00184-1,1.6331961
s_016um_00352_00092-1,1.6078254
s_016um_00362_00229-1,1.5362254
s_016um_00041_00176-1,1.5942909
s_016um_00146_00062-1,1.5248597
s_016um_00054_00242-1,1.6040072
s_016um_00037_00042-1,1.57819
s_016um_00135_00076-1,1.5278224
s_016um_00166_00377-1,1.5965036
s_016um_00312_00055-1,1.556139
s_016um_00216_00027-1,1.5746994
s_016um_00345_00213-1,1.6204122
s_016um_00277_00314-1,1.6858047
s_016um_00171_00123-1,1.5756686
s_016um_00257_00185-1,1.6311773
s_016um_00261_00029-1,1.6067511
s_016um_00180_00030-1,1.5549929
s_016um_00077_00296-1,1.574594
s_016um_00399_00399-1,0.9517155
s_016um_00328_00302-1,1.6245245
s_016um_00363_00226-1,1.5130311
s_016um_00080_00298-1,1.5577588
s_016um_00182_00030-1,1.6091769
s_016um_00070_00237-1,1.6019086
s_016um_00243_00084-1,1.5632893
s_016um_00063_00127-1,1.5443828
s_016um_00263_00132-1,1.6117758
s_016um_00327_00126-1,1.592013
s_016um_00083_00194-1,1.5722209
s_016um_00403_00145-1,1.5732001
s_016um_00314_00058-1,1.5674037
s_016um_00033_00009-1,1.5196675
s_016um_00328_00216-1,1.5395042
s_016um_00341_00403-1,1.5625459
s_016um_00214_00284-1,1.5418175
s_016um_00394_00373-1,1.6484394
s_016um_00415_00100-1,1.528037
s_016um_00398_00256-1,1.6150997
s_016um_00412_00098-1,1.5629479
s_016um_00089_00270-1,1.5310999
s_016um_00288_00092-1,1.5356818
s_016um_00131_00316-1,1.599896
s_016um_00141_00222-1,1.5465008
s_016um_00236_00182-1,1.6787591
s_016um_00271_00224-1,1.5478095
s_016um_00385_00294-1,1.6122966
s_016um_00112_00320-1,1.4231741
s_016um_00402_00148-1,1.6222789
s_016um_00269_00225-1,1.5632205
s_016um_00079_00245-1,1.5775697
s_016um_00277_00132-1,1.614674
s_016um_00129_00231-1,1.5678688
s_016um_00320_00231-1,1.6354392
s_016um_00107_00320-1,1.3590465
s_016um_00329_00252-1,1.580917
s_016um_00198_00149-1,1.4959353
s_016um_00264_00032-1,1.5156544
s_016um_00221_00333-1,1.4138452
s_016um_00081_00029-1,1.6119815
s_016um_00044_00047-1,1.6408021
s_016um_00281_00317-1,1.5595523
s_016um_00223_00329-1,1.5508574
s_016um_00006_00153-1,1.4729975
s_016um_00160_00292-1,1.5981666
s_016um_00365_00228-1,1.514826
s_016um_00328_00212-1,1.5935768
s_016um_00276_00321-1,1.7152187
s_016um_00370_00125-1,1.5649488
s_016um_00118_00148-1,1.6440706
s_016um_00274_00205-1,1.5930268
s_016um_00278_00317-1,1.5684587
s_016um_00271_00058-1,1.5533754
s_016um_00395_00213-1,1.5727035
s_016um_00200_00151-1,1.5030113
s_016um_00141_00215-1,1.6265329
s_016um_00333_00217-1,1.5467349
s_016um_00232_00361-1,1.4970405
s_016um_00338_00254-1,1.5963652
s_016um_00342_00402-1,1.6696812
s_016um_00168_00124-1,1.6959502
s_016um_00333_00214-1,1.5526407
s_016um_00404_00262-1,1.4736378
s_016um_00021_00268-1,1.5252348
s_016um_00078_00284-1,1.6016662
s_016um_00331_00121-1,1.5238421
s_016um_00115_00144-1,1.3682637
s_016um_00164_00285-1,1.4782919
s_016um_00236_00355-1,1.5369455
s_016um_00331_00124-1,1.5295253
s_016um_00040_00103-1,1.5566733
s_016um_00106_00386-1,1.5079608
s_016um_00268_00328-1,1.5766734
s_016um_00021_00264-1,1.5797864
s_016um_00067_00232-1,1.6446216
s_016um_00392_00179-1,1.5448416
s_016um_00210_00033-1,1.705389
s_016um_00145_00054-1,1.6082374
s_016um_00272_00333-1,1.5977609
s_016um_00365_00095-1,1.6261432
s_016um_00371_00147-1,1.5871614
s_016um_00286_00099-1,1.4201778
s_016um_00083_00298-1,1.5224279
s_016um_00263_00191-1,1.5179646
s_016um_00272_00335-1,1.5834837
s_016um_00335_00401-1,1.6406085
s_016um_00043_00046-1,1.6168112
s_016um_00371_00141-1,1.586847
s_016um_00370_00145-1,1.6283596
s_016um_00221_00032-1,1.6291986
s_016um_00259_00029-1,1.6000592
s_016um_00189_00092-1,1.4882277
s_016um_00271_00332-1,1.7172582
s_016um_00276_00318-1,1.567738
s_016um_00365_00096-1,1.5381417
s_016um_00366_00101-1,1.6015934
s_016um_00402_00400-1,1.1214931
s_016um_00225_00329-1,1.5973005
s_016um_00163_00292-1,1.5258362
s_016um_00274_00335-1,1.5992205
s_016um_00313_00056-1,1.6119235
s_016um_00133_00317-1,1.4357845
s_016um_00202_00147-1,1.5467203
s_016um_00256_00027-1,1.5082053
s_016um_00340_00398-1,1.6334442
s_016um_00357_00089-1,1.5681354
s_016um_00161_00286-1,1.6984606
s_016um_00137_00078-1,1.5699321
s_016um_00123_00145-1,1.545217
s_016um_00161_00294-1,1.5821592
s_016um_00040_00049-1,1.6264096
s_016um_00389_00297-1,1.5804183
s_016um_00066_00230-1,1.5131975
s_016um_00103_00073-1,1.5967426
s_016um_00013_00297-1,1.556725
s_016um_00043_00238-1,1.5458653
s_016um_00056_00242-1,1.6493559
s_016um_00270_00328-1,1.6218305
s_016um_00359_00410-1,1.7240937
s_016um_00171_00377-1,1.582364
s_016um_00395_00362-1,1.5413599
s_016um_00147_00055-1,1.6104751
s_016um_00232_00261-1,1.5582019
s_016um_00228_00234-1,1.5356556
s_016um_00415_00139-1,1.5676708
s_016um_00378_00140-1,1.5823053
s_016um_00038_00178-1,1.5519558
s_016um_00329_00210-1,1.5622773
s_016um_00038_00175-1,1.6558319
s_016um_00230_00263-1,1.517574
s_016um_00091_00274-1,1.5850068
s_016um_00405_00402-1,0.5540477
s_016um_00259_00033-1,1.6135108
s_016um_00237_00359-1,1.6003877
s_016um_00394_00219-1,1.551713
s_016um_00079_00271-1,1.566001
s_016um_00396_00182-1,1.6120719
s_016um_00230_00268-1,1.5450326
s_016um_00009_00154-1,1.6522692
s_016um_00376_00133-1,1.573864
s_016um_00325_00168-1,1.6422657
s_016um_00137_00018-1,1.5227067
s_016um_00259_00190-1,1.5547756
s_016um_00368_00140-1,1.5437045
s_016um_00141_00014-1,1.5766898
s_016um_00126_00384-1,1.5785338
s_016um_00032_00335-1,1.5596898
s_016um_00273_00225-1,1.6035482
s_016um_00348_00025-1,1.4277626
s_016um_00080_00031-1,1.4868608
s_016um_00132_00232-1,1.5971674
s_016um_00222_00029-1,1.6072639
s_016um_00165_00127-1,1.5656662
s_016um_00393_00216-1,1.5949857
s_016um_00217_00227-1,1.5454125
s_016um_00242_00088-1,1.5701817
s_016um_00080_00194-1,1.6305491
s_016um_00010_00206-1,1.5633018
s_016um_00200_00145-1,1.5694554
s_016um_00331_00210-1,1.5782354
s_016um_00068_00133-1,1.4970677
s_016um_00054_00246-1,1.7174648
s_016um_00248_00086-1,1.5540085
s_016um_00073_00251-1,1.625948
s_016um_00007_00155-1,1.5831734
s_016um_00143_00014-1,1.6399485
s_016um_00013_00268-1,1.6019366
s_016um_00225_00248-1,1.4977853
s_016um_00382_00135-1,1.5039542
s_016um_00332_00258-1,1.605664
s_016um_00406_00400-1,0.42837906
s_016um_00054_00247-1,1.7087032
s_016um_00164_00121-1,1.6286752
s_016um_00036_00172-1,1.5908372
s_016um_00168_00121-1,1.5670884
s_016um_00394_00368-1,1.5615264
s_016um_00361_00413-1,1.5458982
s_016um_00190_00128-1,1.7150923
s_016um_00392_00358-1,1.4129941
s_016um_00234_00089-1,1.6825314
s_016um_00325_00298-1,1.6158473
s_016um_00059_00245-1,1.5308306
s_016um_00386_00131-1,1.5244659
s_016um_00279_00203-1,1.580854
s_016um_00132_00089-1,1.6018615
s_016um_00416_00139-1,1.5902363
s_016um_00041_00008-1,1.5894561
s_016um_00267_00329-1,1.5453964
s_016um_00322_00229-1,1.5584719
s_016um_00226_00243-1,1.4975442
s_016um_00082_00036-1,1.5632908
s_016um_00278_00134-1,1.5375625
s_016um_00090_00337-1,1.5776275
s_016um_00240_00183-1,1.5717262
s_016um_00081_00279-1,1.542762
s_016um_00129_00320-1,1.4752113
s_016um_00390_00293-1,1.586754
s_016um_00356_00293-1,1.589947
s_016um_00278_00051-1,1.5723468
s_016um_00224_00172-1,1.6058261
s_016um_00007_00153-1,1.547824
s_016um_00318_00166-1,1.5061258
s_016um_00261_00030-1,1.5386627
s_016um_00339_00396-1,1.5472753
s_016um_00142_00014-1,1.5780383
s_016um_00395_00212-1,1.4876542
s_016um_00352_00022-1,1.6260675
s_016um_00168_00123-1,1.6398734
s_016um_00260_00034-1,1.5970523
s_016um_00397_00214-1,1.5582379
s_016um_00328_00226-1,1.5633997
s_016um_00098_00069-1,1.7036446
s_016um_00276_00051-1,1.6274608
s_016um_00379_00139-1,1.5515599
s_016um_00086_00195-1,1.6016153
s_016um_00356_00092-1,1.6326602
s_016um_00332_00124-1,1.5448787
s_016um_00355_00117-1,1.5400567
s_016um_00202_00153-1,1.6303743
s_016um_00400_00213-1,1.4906955
s_016um_00357_00093-1,1.7224591
s_016um_00373_00123-1,1.5934824
s_016um_00358_00413-1,1.6095318
s_016um_00068_00231-1,1.5040519
s_016um_00064_00237-1,1.5942973
s_016um_00030_00333-1,1.5571601
s_016um_00136_00073-1,1.5639946
s_016um_00277_00206-1,1.5131207
s_016um_00322_00171-1,1.5734318
s_016um_00396_00373-1,1.669699
s_016um_00209_00028-1,1.598699
s_016um_00129_00319-1,1.528158
s_016um_00084_00279-1,1.488959
s_016um_00397_00261-1,1.5098219
s_016um_00238_00088-1,1.6461017
s_016um_00164_00122-1,1.7432076
s_016um_00219_00276-1,1.6483076
s_016um_00095_00321-1,1.5291085
s_016um_00147_00396-1,1.6117231
s_016um_00385_00298-1,1.5934461
s_016um_00068_00126-1,1.5484655
s_016um_00213_00028-1,1.6713834
s_016um_00275_00133-1,1.627076
s_016um_00091_00334-1,1.5495392
s_016um_00315_00056-1,1.5623224
s_016um_00272_00032-1,1.6362388
s_016um_00272_00050-1,1.5745729
s_016um_00210_00290-1,1.5708337
s_016um_00406_00120-1,1.5369383
s_016um_00387_00293-1,1.6135473
s_016um_00390_00299-1,1.7406335
s_016um_00222_00226-1,1.6101544
s_016um_00278_00044-1,1.5727527
s_016um_00201_00149-1,1.5316646
s_016um_00038_00044-1,1.6039279
s_016um_00322_00225-1,1.5640363
s_016um_00042_00208-1,1.6911947
s_016um_00096_00335-1,1.5750709
s_016um_00029_00088-1,1.549793
s_016um_00165_00290-1,1.637608
s_016um_00222_00013-1,1.5817547
s_016um_00403_00153-1,1.5209776
s_016um_00139_00220-1,1.6041025
s_016um_00086_00031-1,1.556168
s_016um_00329_00217-1,1.5049852
s_016um_00078_00282-1,1.6171945
s_016um_00086_00032-1,1.5379544
s_016um_00029_00086-1,1.6115097
s_016um_00140_00071-1,1.6506505
s_016um_00269_00329-1,1.5536826
s_016um_00253_00024-1,1.6131778
s_016um_00327_00300-1,1.4289366
s_016um_00169_00127-1,1.716239
s_016um_00191_00092-1,1.5661258
s_016um_00271_00222-1,1.5437312
s_016um_00220_00010-1,1.6276479
s_016um_00214_00279-1,1.4725918
s_016um_00355_00018-1,1.5635533
s_016um_00236_00190-1,1.5168414
s_016um_00126_00390-1,1.6162353
s_016um_00410_00147-1,1.5943613
s_016um_00277_00312-1,1.6101851
s_016um_00074_00244-1,1.5837646
s_016um_00396_00218-1,1.5859652
s_016um_00034_00101-1,1.533254
s_016um_00408_00103-1,1.5443226
s_016um_00354_00412-1,1.756018
s_016um_00013_00208-1,1.5587465
s_016um_00042_00212-1,1.6032696
s_016um_00162_00286-1,1.5958233
s_016um_00192_00091-1,1.5204692
s_016um_00224_00234-1,1.5352662
s_016um_00267_00332-1,1.6341373
s_016um_00232_00265-1,1.5245208
s_016um_00080_00286-1,1.5922605
s_016um_00030_00092-1,1.669006
s_016um_00255_00033-1,1.6561422
s_016um_00396_00369-1,1.5420821
s_016um_00012_00213-1,1.6556716
s_016um_00200_00147-1,1.5465308
s_016um_00047_00244-1,1.5832916
s_016um_00040_00217-1,1.5914487
s_016um_00373_00140-1,1.5378964
s_016um_00270_00223-1,1.523142
s_016um_00089_00066-1,1.6561015
s_016um_00358_00115-1,1.6181803
s_016um_00274_00226-1,1.5862883
s_016um_00174_00375-1,1.6043624
s_016um_00228_00248-1,1.5010008
s_016um_00207_00150-1,1.5326731
s_016um_00094_00343-1,1.563557
s_016um_00224_00171-1,1.5882456
s_016um_00388_00345-1,1.6550505
s_016um_00133_00228-1,1.5973566
s_016um_00103_00383-1,1.6411829
s_016um_00030_00084-1,1.5697377
s_016um_00122_00146-1,1.5428947
s_016um_00067_00230-1,1.5684457
s_016um_00227_00335-1,1.557657
s_016um_00135_00221-1,1.5638181
s_016um_00098_00066-1,1.597306
s_016um_00321_00229-1,1.5837168
s_016um_00267_00229-1,1.4978989
s_016um_00357_00417-1,1.3426231
s_016um_00249_00025-1,1.6193697
s_016um_00080_00293-1,1.5313325
s_016um_00356_00019-1,1.6103457
s_016um_00413_00141-1,1.5268434
s_016um_00359_00121-1,1.5129031
s_016um_00386_00296-1,1.5705407
s_016um_00106_00316-1,1.541269
s_016um_00320_00165-1,1.6291682
s_016um_00043_00043-1,1.5454342
s_016um_00278_00328-1,1.5612262
s_016um_00129_00382-1,1.4716065
s_016um_00086_00030-1,1.5494775
s_016um_00368_00227-1,1.5618885
s_016um_00031_00088-1,1.5332462
s_016um_00140_00222-1,1.5196593
s_016um_00219_00028-1,1.5306264
s_016um_00418_00143-1,1.537316
s_016um_00392_00292-1,1.4891683
s_016um_00010_00153-1,1.5367966
s_016um_00080_00199-1,1.6589758
s_016um_00165_00129-1,1.5586754
s_016um_00326_00227-1,1.6212891
s_016um_00370_00223-1,1.5174235
s_016um_00228_00264-1,1.5452484
s_016um_00273_00313-1,1.5797182
s_016um_00331_00253-1,1.6028068
s_016um_00081_00032-1,1.5761135
s_016um_00260_00130-1,1.5854108
s_016um_00091_00341-1,1.556663
s_016um_00140_00070-1,1.6064101
s_016um_00090_00268-1,1.5332303
s_016um_00227_00243-1,1.5383976
s_016um_00219_00170-1,1.6072819
s_016um_00323_00227-1,1.5198435
s_016um_00100_00073-1,1.551453
s_016um_00152_00398-1,1.6623472
s_016um_00281_00326-1,1.5559889
s_016um_00063_00234-1,1.5454956
s_016um_00234_00361-1,1.4944297
s_016um_00401_00124-1,1.6013173
s_016um_00327_00224-1,1.6019727
s_016um_00266_00128-1,1.5043896
s_016um_00105_00071-1,1.5149995
s_016um_00028_00086-1,1.5950664
s_016um_00138_00077-1,1.5553428
s_016um_00008_00300-1,1.535395
s_016um_00150_00396-1,1.632257
s_016um_00311_00060-1,1.6006383
s_016um_00410_00151-1,1.5823687
s_016um_00337_00400-1,1.5722224
s_016um_00042_00049-1,1.5145421
s_016um_00374_00119-1,1.5896443
s_016um_00326_00119-1,1.5531896
s_016um_00264_00334-1,1.5586034
s_016um_00418_00142-1,1.6347784
s_016um_00152_00397-1,1.5827563
s_016um_00201_00152-1,1.6743534
s_016um_00231_00267-1,1.538903
s_016um_00100_00070-1,1.3893582
s_016um_00330_00125-1,1.5111045
s_016um_00327_00121-1,1.548566
s_016um_00358_00096-1,1.494996
s_016um_00216_00291-1,1.5536919
s_016um_00326_00164-1,1.5413768
s_016um_00145_00015-1,1.5610297
s_016um_00280_00131-1,1.5623527
s_016um_00076_00250-1,1.6702733
s_016um_00390_00363-1,1.6766512
s_016um_00043_00244-1,1.5676482
s_016um_00226_00331-1,1.5336019
s_016um_00088_00033-1,1.6633883
s_016um_00041_00239-1,1.5588717
s_016um_00012_00151-1,1.6297961
s_016um_00140_00059-1,1.6067806
s_016um_00324_00229-1,1.6508622
s_016um_00147_00060-1,1.5918376
s_016um_00335_00213-1,1.5162297
s_016um_00252_00023-1,1.645818
s_016um_00041_00098-1,1.617871
s_016um_00214_00280-1,1.5873089
s_016um_00108_00315-1,1.633243
s_016um_00262_00329-1,1.584996
s_016um_00248_00088-1,1.5943767
s_016um_00398_00262-1,1.6110308
s_016um_00224_00030-1,1.6093999
s_016um_00221_00280-1,1.5454189
s_016um_00096_00323-1,1.5932181
s_016um_00192_00121-1,1.647984
s_016um_00409_00148-1,1.5770848
s_016um_00058_00245-1,1.5113808
s_016um_00005_00294-1,1.5458133
s_016um_00283_00093-1,1.5583062
s_016um_00417_00144-1,1.6523749
s_016um_00242_00084-1,1.6393143
s_016um_00279_00138-1,1.5640155
s_016um_00134_00071-1,1.5886492
s_016um_00037_00048-1,1.5532178
s_016um_00234_00363-1,1.6854048
s_016um_00275_00228-1,1.600442
s_016um_00219_00027-1,1.6262375
s_016um_00354_00021-1,1.6111639
s_016um_00233_00357-1,1.5400404
s_016um_00256_00186-1,1.587247
s_016um_00322_00167-1,1.6222655
s_016um_00232_00267-1,1.612447
s_016um_00322_00228-1,1.5435781
s_016um_00166_00289-1,1.5167037
s_016um_00148_00394-1,1.6372048
s_016um_00036_00175-1,1.6025914
s_016um_00126_00387-1,1.5720894
s_016um_00065_00125-1,1.6570243
s_016um_00263_00127-1,1.5214536
s_016um_00403_00125-1,1.5751779
s_016um_00180_00028-1,1.6381289
s_016um_00080_00200-1,1.6462855
s_016um_00411_00103-1,1.5372669
s_016um_00280_00206-1,1.5862967
s_016um_00011_00150-1,1.5638385
s_016um_00397_00178-1,1.5844032
s_016um_00117_00143-1,1.5170738
s_016um_00343_00219-1,1.5261519
s_016um_00362_00224-1,1.6193368
s_016um_00060_00244-1,1.5684314
s_016um_00106_00314-1,1.5093101
s_016um_00333_00215-1,1.4968904
s_016um_00085_00068-1,1.6297096
s_016um_00259_00188-1,1.666664
s_016um_00377_00132-1,1.5831363
s_016um_00371_00124-1,1.5871823
s_016um_00233_00355-1,1.5543145
s_016um_00080_00297-1,1.5909894
s_016um_00079_00238-1,1.563769
s_016um_00254_00024-1,1.5996215
s_016um_00216_00013-1,1.6644351
s_016um_00221_00331-1,1.5997782
s_016um_00367_00140-1,1.6023968
s_016um_00027_00331-1,1.614759
s_016um_00225_00336-1,1.6327242
s_016um_00398_00359-1,1.5913081
s_016um_00405_00399-1,0.7884645
s_016um_00135_00223-1,1.5754942
s_016um_00070_00236-1,1.595495
s_016um_00352_00094-1,1.6199515
s_016um_00097_00023-1,1.4718107
s_016um_00062_00126-1,1.5950959
s_016um_00365_00227-1,1.5030941
s_016um_00375_00117-1,1.621331
s_016um_00143_00055-1,1.4830894
s_016um_00151_00396-1,1.4895805
s_016um_00389_00361-1,1.2881192
s_016um_00159_00292-1,1.5538937
s_016um_00397_00263-1,1.6157883
s_016um_00130_00226-1,1.5674436
s_016um_00073_00246-1,1.666931
s_016um_00371_00094-1,1.5841069
s_016um_00249_00022-1,1.7996204
s_016um_00267_00225-1,1.6317413
s_016um_00225_00235-1,1.5767888
s_016um_00268_00035-1,1.5791374
s_016um_00216_00296-1,1.5595206
s_016um_00329_00121-1,1.5358913
s_016um_00163_00288-1,1.6102284
s_016um_00321_00225-1,1.5121622
s_016um_00219_00279-1,1.5812551
s_016um_00240_00182-1,1.5413569
s_016um_00218_00171-1,1.6754444
s_016um_00273_00335-1,1.6563092
s_016um_00172_00370-1,1.6471807
s_016um_00215_00293-1,1.5260786
s_016um_00092_00316-1,1.5425622
s_016um_00225_00029-1,1.609118
s_016um_00346_00216-1,1.6513441
s_016um_00271_00223-1,1.4765816
s_016um_00378_00138-1,1.5297995
s_016um_00278_00137-1,1.493073
s_016um_00417_00134-1,1.4754413
s_016um_00210_00032-1,1.643527
s_016um_00398_00184-1,1.5436434
s_016um_00368_00225-1,1.556168
s_016um_00261_00184-1,1.5202315
s_016um_00080_00264-1,1.6364357
s_016um_00224_00028-1,1.5868489
s_016um_00331_00119-1,1.5177561
s_016um_00398_00368-1,1.5412885
s_016um_00374_00122-1,1.522875
s_016um_00327_00302-1,1.6666188
s_016um_00129_00317-1,1.4970126
s_016um_00164_00290-1,1.6651909
s_016um_00038_00042-1,1.5563225
s_016um_00355_00418-1,1.057161
s_016um_00132_00092-1,1.664648
s_016um_00232_00266-1,1.5932211
s_016um_00010_00296-1,1.5868237
s_016um_00221_00233-1,1.5424359
s_016um_00214_00292-1,1.5422024
s_016um_00220_00283-1,1.4677012
s_016um_00222_00167-1,1.5778551
s_016um_00344_00212-1,1.6030297
s_016um_00084_00028-1,1.5817335
s_016um_00166_00375-1,1.5485821
s_016um_00194_00098-1,1.5627437
s_016um_00082_00271-1,1.5344592
s_016um_00122_00143-1,1.5170515
s_016um_00224_00329-1,1.5429944
s_016um_00401_00262-1,1.6092238
s_016um_00015_00267-1,1.544633
s_016um_00090_00267-1,1.4869938
s_016um_00040_00206-1,1.549198
s_016um_00097_00030-1,1.5912493
s_016um_00064_00130-1,1.5829674
s_016um_00272_00203-1,1.60036
s_016um_00139_00072-1,1.5193912
s_016um_00409_00153-1,1.5616997
s_016um_00039_00177-1,1.5062494
s_016um_00232_00088-1,1.5382688
s_016um_00230_00357-1,1.5012383
s_016um_00414_00104-1,1.5742735
s_016um_00049_00244-1,1.6072232
s_016um_00248_00020-1,1.5606513
s_016um_00358_00286-1,1.5745682
s_016um_00382_00134-1,1.5598251
s_016um_00416_00136-1,1.7171459
s_016um_00096_00337-1,1.6098605
s_016um_00289_00093-1,1.6415455
s_016um_00100_00316-1,1.5997717
s_016um_00105_00391-1,1.5587561
s_016um_00026_00092-1,1.5770489
s_016um_00037_00178-1,1.7437916
s_016um_00405_00121-1,1.6060461
s_016um_00403_00128-1,1.5494622
s_016um_00384_00125-1,1.5841289
s_016um_00153_00400-1,1.6000884
s_016um_00225_00335-1,1.5973886
s_016um_00121_00149-1,1.62213
s_016um_00330_00211-1,1.554918
s_016um_00257_00029-1,1.6598781
s_016um_00262_00129-1,1.6100842
s_016um_00081_00282-1,1.5085638
s_016um_00323_00302-1,1.5323077
s_016um_00408_00151-1,1.6076827
s_016um_00031_00334-1,1.5707028
s_016um_00029_00330-1,1.5781606
s_016um_00356_00414-1,1.2612181
s_016um_00399_00216-1,1.5482131
s_016um_00328_00125-1,1.4513193
s_016um_00167_00120-1,1.5707266
s_016um_00321_00169-1,1.5393622
s_016um_00261_00332-1,1.5682093
s_016um_00217_00275-1,1.5648273
s_016um_00384_00136-1,1.5948346
s_016um_00100_00386-1,1.5795906
s_016um_00110_00319-1,1.5926657
s_016um_00056_00248-1,1.5617735
s_016um_00397_00260-1,1.5801333
s_016um_00117_00148-1,1.6120412
s_016um_00107_00313-1,1.5312017
s_016um_00251_00022-1,1.5449542
s_016um_00278_00208-1,1.5739101
s_016um_00411_00102-1,1.5514053
s_016um_00042_00048-1,1.589009
s_016um_00171_00372-1,1.6001054
s_016um_00217_00170-1,1.6415137
s_016um_00080_00279-1,1.529454
s_016um_00030_00086-1,1.49012
s_016um_00193_00129-1,1.5895889
s_016um_00385_00130-1,1.5346701
s_016um_00403_00146-1,1.620788
s_016um_00342_00216-1,1.7751471
s_016um_00354_00411-1,1.4711655
s_016um_00257_00033-1,1.6136883
s_016um_00389_00300-1,1.5532073
s_016um_00400_00259-1,1.5472728
s_016um_00253_00033-1,1.6747981
s_016um_00221_00332-1,1.517194
s_016um_00094_00273-1,1.5911096
s_016um_00291_00097-1,1.4511709
s_016um_00136_00074-1,1.6232395
s_016um_00085_00029-1,1.6684557
s_016um_00332_00123-1,1.5219929
s_016um_00394_00180-1,1.5375533
s_016um_00367_00230-1,1.5531075
s_016um_00401_00400-1,1.1700269
s_016um_00139_00073-1,1.5487369
s_016um_00274_00319-1,1.5512127
s_016um_00220_00234-1,1.6234441
s_016um_00369_00124-1,1.5581524
s_016um_00222_00024-1,1.605651
s_016um_00387_00291-1,1.5510867
s_016um_00142_00017-1,1.614532
s_016um_00142_00217-1,1.6117125
s_016um_00339_00403-1,1.6385782
s_016um_00021_00267-1,1.5792947
s_016um_00092_00275-1,1.4986494
s_016um_00347_00215-1,1.5569099
s_016um_00139_00215-1,1.5604612
s_016um_00092_00334-1,1.5262703
s_016um_00082_00285-1,1.5080508
s_016um_00183_00030-1,1.5432848
s_016um_00262_00189-1,1.5708927
s_016um_00330_00212-1,1.5905817
s_016um_00397_00177-1,1.5475104
s_016um_00030_00085-1,1.5604117
s_016um_00409_00100-1,1.6381397
s_016um_00360_00288-1,1.599189
s_016um_00016_00268-1,1.6210542
s_016um_00079_00247-1,1.5539995
s_016um_00191_00129-1,1.6503589
s_016um_00131_00091-1,1.6812675
s_016um_00133_00091-1,1.6544832
s_016um_00216_00030-1,1.5736755
s_016um_00268_00060-1,1.5157818
s_016um_00063_00232-1,1.6823394
s_016um_00238_00085-1,1.7162337
s_016um_00331_00217-1,1.5947813
s_016um_00277_00310-1,1.5687282
s_016um_00405_00128-1,1.7108978
s_016um_00228_00335-1,1.5020953
s_016um_00278_00131-1,1.522222
s_016um_00196_00124-1,1.5565456
s_016um_00359_00418-1,1.4792662
s_016um_00273_00331-1,1.5264267
s_016um_00218_00025-1,1.5099499
s_016um_00408_00099-1,1.5616645
s_016um_00278_00135-1,1.6243469
s_016um_00409_00098-1,1.5651343
s_016um_00396_00366-1,1.59519
s_016um_00238_00086-1,1.6349676
s_016um_00371_00139-1,1.6540134
s_016um_00375_00145-1,1.5757096
s_016um_00368_00093-1,1.5479835
s_016um_00397_00211-1,1.5450568
s_016um_00354_00288-1,1.4802052
s_016um_00334_00400-1,1.598699
s_016um_00219_00225-1,1.5419407
s_016um_00210_00029-1,1.5629457
s_016um_00190_00098-1,1.5897403
s_016um_00219_00278-1,1.5839858
s_016um_00226_00334-1,1.5436304
s_016um_00217_00025-1,1.6577673
s_016um_00088_00073-1,1.5771652
s_016um_00199_00150-1,1.5655015
s_016um_00149_00400-1,1.535088
s_016um_00310_00052-1,1.3431278
s_016um_00042_00177-1,1.6118599
s_016um_00209_00292-1,1.5858941
s_016um_00320_00230-1,1.5114748
s_016um_00272_00334-1,1.5074048
s_016um_00031_00085-1,1.6277989
s_016um_00084_00037-1,1.5334207
s_016um_00219_00029-1,1.62568
s_016um_00079_00281-1,1.5954707
s_016um_00215_00276-1,1.5420139
s_016um_00212_00029-1,1.615242
s_016um_00041_00211-1,1.6237174
s_016um_00166_00373-1,1.6552052
s_016um_00265_00060-1,1.6273539
s_016um_00027_00089-1,1.5480753
s_016um_00170_00128-1,1.4965389
s_016um_00042_00173-1,1.5804839
s_016um_00210_00289-1,1.5750107
s_016um_00218_00019-1,1.6297401
s_016um_00376_00135-1,1.590956
s_016um_00397_00359-1,1.5622283
s_016um_00014_00265-1,1.5670813
s_016um_00079_00246-1,1.5427268
s_016um_00117_00149-1,1.5919039
s_016um_00222_00231-1,1.6477848
s_016um_00262_00185-1,1.5881274
s_016um_00368_00101-1,1.5606178
s_016um_00361_00288-1,1.5193206
s_016um_00238_00084-1,1.5938526
s_016um_00077_00282-1,1.5200189
s_016um_00227_00331-1,1.5546167
s_016um_00077_00247-1,1.5363214
s_016um_00064_00233-1,1.5890666
s_016um_00021_00270-1,1.539312
s_016um_00081_00196-1,1.6593024
s_016um_00370_00094-1,1.6334955
s_016um_00330_00218-1,1.5698761
s_016um_00348_00021-1,1.6211004
s_016um_00387_00130-1,1.5259882
s_016um_00046_00218-1,1.5594845
s_016um_00326_00165-1,1.5113275
s_016um_00194_00124-1,1.6593409
s_016um_00372_00101-1,1.5595051
s_016um_00353_00117-1,1.5846161
s_016um_00373_00125-1,1.5785766
s_016um_00393_00345-1,1.5191457
s_016um_00135_00077-1,1.5943239
s_016um_00148_00400-1,1.5418137
s_016um_00273_00329-1,1.6236283
s_016um_00279_00209-1,1.4870167
s_016um_00185_00032-1,1.5849359
s_016um_00275_00131-1,1.5462773
s_016um_00080_00030-1,1.60239
s_016um_00362_00417-1,1.229301
s_016um_00289_00098-1,1.5749345
s_016um_00327_00229-1,1.537694
s_016um_00183_00031-1,1.5909462
s_016um_00387_00299-1,1.583927
s_016um_00193_00122-1,1.6412567
s_016um_00009_00293-1,1.5787439
s_016um_00184_00030-1,1.5871408
s_016um_00101_00385-1,1.5151076
s_016um_00133_00229-1,1.5335593
s_016um_00132_00318-1,1.5323086
s_016um_00321_00298-1,1.5932503
s_016um_00381_00129-1,1.549845
s_016um_00094_00339-1,1.5527246
s_016um_00220_00016-1,1.5564941
s_016um_00326_00125-1,1.4904466
s_016um_00358_00094-1,1.5169709
s_016um_00203_00148-1,1.4735072
s_016um_00263_00128-1,1.6031818
s_016um_00354_00417-1,1.453624
s_016um_00045_00045-1,1.5774763
s_016um_00367_00121-1,1.4715629
s_016um_00402_00259-1,1.52883
s_016um_00401_00128-1,1.630363
s_016um_00129_00316-1,1.6649535
s_016um_00330_00120-1,1.509103
s_016um_00357_00096-1,1.5447229
s_016um_00393_00367-1,1.607032
s_016um_00218_00278-1,1.6454711
s_016um_00046_00240-1,1.5546224
s_016um_00390_00297-1,1.556145
s_016um_00253_00027-1,1.4208126
s_016um_00280_00135-1,1.5341016
s_016um_00400_00258-1,1.6121593
s_016um_00094_00278-1,1.5672617
s_016um_00389_00337-1,1.5732163
s_016um_00355_00286-1,1.4709659
s_016um_00334_00214-1,1.4930198
s_016um_00037_00100-1,1.6101038
s_016um_00045_00243-1,1.5831518
s_016um_00259_00032-1,1.6597885
s_016um_00244_00082-1,1.5776471
s_016um_00334_00397-1,1.5661111
s_016um_00399_00370-1,1.5598454
s_016um_00218_00029-1,1.5963475
s_016um_00167_00125-1,1.6558648
s_016um_00219_00032-1,1.4845407
s_016um_00011_00213-1,1.6035473
s_016um_00235_00263-1,1.5417715
s_016um_00237_00183-1,1.5392002
s_016um_00412_00105-1,1.5525577
s_016um_00279_00137-1,1.6028134
s_016um_00014_00213-1,1.6435773
s_016um_00391_00346-1,1.4326508
s_016um_00389_00344-1,1.6914326
s_016um_00258_00032-1,1.7055104
s_016um_00085_00273-1,1.5311363
s_016um_00329_00118-1,1.5648009
s_016um_00042_00239-1,1.6552832
s_016um_00091_00339-1,1.5481137
s_016um_00332_00256-1,1.5820452
s_016um_00136_00228-1,1.5243325
s_016um_00285_00094-1,1.6261783
s_016um_00125_00390-1,1.6222355
s_016um_00226_00245-1,1.5001701
s_016um_00146_00016-1,1.5946724
s_016um_00406_00149-1,1.4922887
s_016um_00180_00025-1,1.6427178
s_016um_00009_00208-1,1.6487845
s_016um_00091_00340-1,1.5941763
s_016um_00326_00120-1,1.4780229
s_016um_00019_00264-1,1.5071205
s_016um_00395_00182-1,1.5911222
s_016um_00277_00205-1,1.5059061
s_016um_00403_00147-1,1.5752411
s_016um_00181_00032-1,1.711005
s_016um_00082_00268-1,1.5563837
s_016um_00177_00031-1,1.5117503
s_016um_00005_00154-1,1.6288072
s_016um_00397_00220-1,1.5314305
s_016um_00321_00163-1,1.5912454
s_016um_00357_00413-1,1.6106125
s_016um_00369_00146-1,1.5620918
s_016um_00038_00206-1,1.5928117
s_016um_00269_00223-1,1.532111
s_016um_00313_00058-1,1.5561322
s_016um_00377_00134-1,1.5135192
s_016um_00042_00218-1,1.6604269
s_016um_00139_00223-1,1.6600428
s_016um_00015_00270-1,1.607347
s_016um_00401_00402-1,0.6442059
s_016um_00381_00128-1,1.551866
s_016um_00263_00129-1,1.5675702
s_016um_00099_00030-1,1.5635945
s_016um_00413_00103-1,1.5378894
s_016um_00011_00211-1,1.5884145
s_016um_00262_00184-1,1.5039183
s_016um_00118_00149-1,1.6483847
s_016um_00006_00213-1,1.5880588
s_016um_00033_00010-1,1.5704919
s_016um_00237_00087-1,1.7893367
s_016um_00113_00317-1,1.5297718
s_016um_00242_00184-1,1.5291054
s_016um_00102_00026-1,1.7649032
s_016um_00390_00361-1,1.6501809
s_016um_00281_00325-1,1.5248568
s_016um_00281_00321-1,1.6743927
s_016um_00398_00365-1,1.5516099
s_016um_00235_00360-1,1.5883499
s_016um_00353_00414-1,1.2412665
s_016um_00088_00069-1,1.5608934
s_016um_00136_00218-1,1.5151943
s_016um_00075_00295-1,1.5486662
s_016um_00231_00360-1,1.6442132
s_016um_00406_00153-1,1.439278
s_016um_00228_00330-1,1.5396712
s_016um_00368_00095-1,1.4940804
s_016um_00397_00184-1,1.4749044
s_016um_00353_00022-1,1.5620608
s_016um_00182_00031-1,1.6311979
s_016um_00132_00323-1,1.5828222
s_016um_00317_00166-1,1.6808821
s_016um_00226_00234-1,1.4250555
s_016um_00263_00131-1,1.6524596
s_016um_00254_00021-1,1.6946895
s_016um_00083_00284-1,1.5761372
s_016um_00103_00390-1,1.6016424
s_016um_00266_00055-1,1.6851498
s_016um_00142_00060-1,1.5329201
s_016um_00403_00124-1,1.5843741
s_016um_00076_00299-1,1.5171598
s_016um_00398_00180-1,1.4959309
s_016um_00011_00301-1,1.5774248
s_016um_00035_00009-1,1.6967595
s_016um_00324_00228-1,1.5194448
s_016um_00270_00226-1,1.4756594
s_016um_00363_00230-1,1.5799059
s_016um_00026_00085-1,1.5567694
s_016um_00356_00289-1,1.5391643
s_016um_00270_00228-1,1.5881871
s_016um_00396_00360-1,1.56011
s_016um_00277_00048-1,1.687229
s_016um_00218_00233-1,1.5087833
s_016um_00280_00319-1,1.5725272
s_016um_00087_00028-1,1.6565653
s_016um_00042_00207-1,1.560199
s_016um_00078_00235-1,1.6282535
s_016um_00169_00376-1,1.6269599
s_016um_00256_00034-1,1.6309153
s_016um_00082_00266-1,1.5454922
s_016um_00355_00121-1,1.6580422
s_016um_00223_00248-1,1.4378113
s_016um_00179_00028-1,1.5499226
s_016um_00075_00296-1,1.5466409
s_016um_00261_00188-1,1.5483966
s_016um_00311_00059-1,1.5454888
s_016um_00119_00145-1,1.701447
s_016um_00083_00029-1,1.6997186
s_016um_00030_00089-1,1.6275427
s_016um_00083_00069-1,1.5445168
s_016um_00291_00095-1,1.6157773
s_016um_00355_00414-1,1.4636537
s_016um_00163_00290-1,1.596456
s_016um_00229_00261-1,1.5131859
s_016um_00031_00089-1,1.559542
s_016um_00235_00358-1,1.5995418
s_016um_00273_00223-1,1.4972342
s_016um_00223_00250-1,1.5275348
s_016um_00030_00332-1,1.554744
s_016um_00403_00396-1,1.2494235
s_016um_00255_00024-1,1.5906973
s_016um_00389_00295-1,1.5895243
s_016um_00238_00360-1,1.5673627
s_016um_00403_00122-1,1.5293617
s_016um_00401_00120-1,1.5059835
s_016um_00058_00242-1,1.555485
s_016um_00359_00091-1,1.5508951
s_016um_00043_00218-1,1.5514228
s_016um_00039_00045-1,1.6530813
s_016um_00137_00217-1,1.5318234
s_016um_00078_00297-1,1.5422612
s_016um_00337_00403-1,1.5360252
s_016um_00323_00301-1,1.5248486
s_016um_00274_00311-1,1.5142343
s_016um_00274_00133-1,1.67191
s_016um_00224_00228-1,1.5877197
s_016um_00025_00086-1,1.5479996
s_016um_00119_00144-1,1.5904901
s_016um_00223_00231-1,1.5393386
s_016um_00085_00284-1,1.5691061
s_016um_00197_00128-1,1.5867939
s_016um_00352_00025-1,1.5519632
s_016um_00067_00239-1,1.6983628
s_016um_00211_00030-1,1.6464825
s_016um_00355_00122-1,1.5780706
s_016um_00030_00337-1,1.5919589
s_016um_00078_00281-1,1.5736188
s_016um_00085_00265-1,1.5801659
s_016um_00046_00216-1,1.7372065
s_016um_00222_00025-1,1.6329967
s_016um_00038_00103-1,1.6140922
s_016um_00403_00123-1,1.6198158
s_016um_00227_00334-1,1.555179
s_016um_00012_00153-1,1.5549388
s_016um_00405_00398-1,0.67773443
s_016um_00084_00032-1,1.5771402
s_016um_00101_00028-1,1.6201282
s_016um_00393_00337-1,1.6631478
s_016um_00147_00401-1,1.6320128
s_016um_00102_00029-1,1.5906941
s_016um_00150_00402-1,1.5971237
s_016um_00082_00033-1,1.5776708
s_016um_00081_00200-1,1.5848888
s_016um_00148_00397-1,1.6365631
s_016um_00277_00139-1,1.5127982
s_016um_00356_00021-1,1.5923184
s_016um_00040_00043-1,1.5167146
s_016um_00195_00093-1,1.6120286
s_016um_00275_00328-1,1.5997188
s_016um_00082_00293-1,1.5099783
s_016um_00042_00216-1,1.57359
s_016um_00209_00029-1,1.5953768
s_016um_00039_00203-1,1.5293648
s_016um_00414_00141-1,1.6718316
s_016um_00347_00212-1,1.5496705
s_016um_00045_00209-1,1.5914048
s_016um_00093_00334-1,1.5984817
s_016um_00275_00130-1,1.5905887
s_016um_00220_00026-1,1.5322539
s_016um_00273_00035-1,1.5821455
s_016um_00407_00395-1,1.3329705
s_016um_00359_00291-1,1.6338502
s_016um_00167_00376-1,1.5385841
s_016um_00260_00134-1,1.5526333
s_016um_00078_00237-1,1.5420978
s_016um_00392_00357-1,1.1479521
s_016um_00128_00384-1,1.5505146
s_016um_00087_00029-1,1.5832124
s_016um_00374_00140-1,1.5772978
s_016um_00243_00087-1,1.5908622
s_016um_00082_00264-1,1.5462204
s_016um_00271_00228-1,1.4544796
s_016um_00036_00006-1,1.5444021
s_016um_00079_00282-1,1.553251
s_016um_00045_00219-1,1.6145452
s_016um_00157_00292-1,1.5686718
s_016um_00135_00219-1,1.553272
s_016um_00268_00226-1,1.601749
s_016um_00036_00005-1,1.5987415
s_016um_00057_00247-1,1.6067865
s_016um_00131_00231-1,1.5286207
s_016um_00207_00148-1,1.4929466
s_016um_00342_00220-1,1.5718366
s_016um_00266_00062-1,1.5092655
s_016um_00219_00171-1,1.6204659
s_016um_00267_00134-1,1.6361693
s_016um_00136_00072-1,1.5570523
s_016um_00366_00143-1,1.4872298
s_016um_00404_00121-1,1.5656013
s_016um_00230_00248-1,1.5268546
s_016um_00400_00367-1,1.5429577
s_016um_00248_00024-1,1.6370587
s_016um_00401_00122-1,1.5247997
s_016um_00224_00331-1,1.4992762
s_016um_00025_00091-1,1.5990648
s_016um_00237_00089-1,1.7062978
s_016um_00066_00127-1,1.5517874
s_016um_00140_00054-1,1.5894629
s_016um_00077_00298-1,1.5463635
s_016um_00214_00035-1,1.5515354
s_016um_00395_00341-1,1.5378926
s_016um_00321_00165-1,1.5588843
s_016um_00010_00294-1,1.4842358
s_016um_00172_00125-1,1.7895229
s_016um_00148_00399-1,1.5559926
s_016um_00100_00028-1,1.7015368
s_016um_00329_00119-1,1.5307382
s_016um_00040_00044-1,1.5683495
s_016um_00353_00120-1,1.5024031
s_016um_00077_00294-1,1.4924906
s_016um_00122_00151-1,1.5498835
s_016um_00128_00093-1,1.6080598
s_016um_00130_00383-1,1.5893005
s_016um_00273_00316-1,1.684792
s_016um_00388_00128-1,1.521845
s_016um_00324_00297-1,1.5373495
s_016um_00148_00058-1,1.5968368
s_016um_00060_00245-1,1.583468
s_016um_00250_00023-1,1.5099735
s_016um_00275_00207-1,1.6575867
s_016um_00212_00032-1,1.7248789
s_016um_00224_00247-1,1.5637254
s_016um_00036_00105-1,1.6163906
s_016um_00376_00123-1,1.5345455
s_016um_00269_00029-1,1.5727909
s_016um_00394_00340-1,1.6558045
s_016um_00396_00365-1,1.5254014
s_016um_00139_00070-1,1.6336718
s_016um_00352_00018-1,1.6300001
s_016um_00032_00329-1,1.5811857
s_016um_00263_00330-1,1.5743724
s_016um_00228_00329-1,1.5657282
s_016um_00364_00095-1,1.5653416
s_016um_00180_00026-1,1.5364891
s_016um_00189_00122-1,1.6342529
s_016um_00134_00076-1,1.5265105
s_016um_00325_00121-1,1.5403216
s_016um_00093_00027-1,1.5567615
s_016um_00216_00033-1,1.5036342
s_016um_00079_00297-1,1.6317582
s_016um_00239_00184-1,1.5532091
s_016um_00323_00164-1,1.5323656
s_016um_00410_00097-1,1.5714302
s_016um_00102_00390-1,1.607205
s_016um_00281_00316-1,1.5540886
s_016um_00393_00342-1,1.5830084
s_016um_00122_00147-1,1.5476815
s_016um_00397_00257-1,1.5860704
s_016um_00357_00412-1,1.6149728
s_016um_00222_00232-1,1.7013433
s_016um_00285_00096-1,1.5981307
s_016um_00273_00045-1,1.5942147
s_016um_00022_00265-1,1.5665641
s_016um_00369_00122-1,1.7740469
s_016um_00044_00212-1,1.5983323
s_016um_00086_00273-1,1.5618923
s_016um_00137_00318-1,1.5941987
s_016um_00400_00219-1,1.5088778
s_016um_00092_00268-1,1.4887226
s_016um_00042_00244-1,1.547873
s_016um_00227_00237-1,1.5700886
s_016um_00178_00026-1,1.6232096
s_016um_00398_00212-1,1.5922104
s_016um_00273_00229-1,1.5077211
s_016um_00328_00305-1,1.5501491
s_016um_00044_00172-1,1.5568439
s_016um_00064_00133-1,1.6063459
s_016um_00067_00130-1,1.6338215
s_016um_00356_00095-1,1.6092709
s_016um_00407_00098-1,1.5944183
s_016um_00230_00247-1,1.5975384
s_016um_00368_00226-1,1.5777194
s_016um_00361_00286-1,1.4678508
s_016um_00073_00245-1,1.5541908
s_016um_00286_00100-1,1.5192243
s_016um_00321_00167-1,1.5240345
s_016um_00092_00339-1,1.6304618
s_016um_00406_00148-1,1.4845506
s_016um_00223_00167-1,1.5667807
s_016um_00324_00122-1,1.5240164
s_016um_00365_00222-1,1.5713658
s_016um_00340_00213-1,1.6248239
s_016um_00367_00228-1,1.6173043
s_016um_00259_00186-1,1.5709143
s_016um_00219_00168-1,1.5623417
s_016um_00152_00402-1,1.548122
s_016um_00018_00264-1,1.5529147
s_016um_00414_00105-1,1.5284745
s_016um_00105_00068-1,1.5449848
s_016um_00041_00240-1,1.6275947
s_016um_00055_00242-1,1.5746335
s_016um_00047_00207-1,1.5934682
s_016um_00371_00123-1,1.5329756
s_016um_00407_00399-1,0.7466998
s_016um_00080_00285-1,1.5184202
s_016um_00277_00322-1,1.5610197
s_016um_00037_00177-1,1.5249952
s_016um_00335_00403-1,1.6929041
s_016um_00225_00237-1,1.561588
s_016um_00325_00300-1,1.6543654
s_016um_00008_00212-1,1.7731708
s_016um_00358_00417-1,1.5155492
s_016um_00259_00192-1,1.5759838
s_016um_00036_00178-1,1.6311501
s_016um_00215_00011-1,1.5822121
s_016um_00365_00225-1,1.5995185
s_016um_00028_00090-1,1.6586555
s_016um_00083_00198-1,1.5743077
s_016um_00090_00270-1,1.523291
s_016um_00038_00049-1,1.5726483
s_016um_00397_00217-1,1.5119998
s_016um_00012_00294-1,1.5807996
s_016um_00084_00071-1,1.6325259
s_016um_00017_00264-1,1.5903682
s_016um_00105_00388-1,1.5596106
s_016um_00127_00385-1,1.6416688
s_016um_00169_00128-1,1.6932318
s_016um_00207_00151-1,1.5767691
s_016um_00228_00236-1,1.5440263
s_016um_00239_00191-1,1.5743115
s_016um_00151_00402-1,1.6281317
s_016um_00408_00150-1,1.6114281
s_016um_00190_00125-1,1.5203767
s_016um_00353_00122-1,1.6870447
s_016um_00398_00179-1,1.5241781
s_016um_00356_00089-1,1.5789248
s_016um_00090_00336-1,1.5161252
s_016um_00079_00197-1,1.5325848
s_016um_00314_00055-1,1.6058471
s_016um_00270_00060-1,1.6063147
s_016um_00201_00151-1,1.5263755
s_016um_00097_00068-1,1.3773326
s_016um_00235_00088-1,1.5700395
s_016um_00134_00073-1,1.6451725
s_016um_00045_00203-1,1.5522511
s_016um_00087_00273-1,1.526325
s_016um_00336_00396-1,1.6129367
s_016um_00336_00404-1,1.6619809
s_016um_00272_00046-1,1.5775241
s_016um_00279_00205-1,1.536656
s_016um_00253_00029-1,1.6214201
s_016um_00133_00074-1,1.566273
s_016um_00281_00329-1,1.5863838
s_016um_00348_00024-1,1.5333245
s_016um_00039_00208-1,1.5806019
s_016um_00006_00208-1,1.5497606
s_016um_00041_00243-1,1.4453486
s_016um_00227_00327-1,1.523877
s_016um_00400_00368-1,1.5989352
s_016um_00383_00134-1,1.5856196
s_016um_00109_00387-1,1.5854969
s_016um_00134_00226-1,1.5264242
s_016um_00389_00130-1,1.5763762
s_016um_00272_00227-1,1.5774043
s_016um_00218_00282-1,1.5348266
s_016um_00369_00143-1,1.5426885
s_016um_00212_00292-1,1.5925357
s_016um_00194_00127-1,1.6637954
s_016um_00220_00281-1,1.6315937
s_016um_00054_00248-1,1.6997254
s_016um_00195_00097-1,1.5647413
s_016um_00220_00279-1,1.5592426
s_016um_00087_00198-1,1.6132524
s_016um_00264_00189-1,1.5816779
s_016um_00060_00250-1,1.567467
s_016um_00133_00233-1,1.495148
s_016um_00230_00359-1,1.6051848
s_016um_00079_00285-1,1.5680356
s_016um_00395_00216-1,1.5135142
s_016um_00214_00031-1,1.5587316
s_016um_00005_00156-1,1.5810747
s_016um_00392_00294-1,1.5540876
s_016um_00354_00287-1,1.5879467
s_016um_00279_00201-1,1.5259049
s_016um_00045_00217-1,1.5413026
s_016um_00226_00239-1,1.5239784
s_016um_00366_00094-1,1.536207
s_016um_00274_00329-1,1.6813709
s_016um_00413_00138-1,1.4242922
s_016um_00373_00124-1,1.5881624
s_016um_00275_00223-1,1.6643112
s_016um_00128_00090-1,1.5330235
s_016um_00036_00009-1,1.7572923
s_016um_00274_00131-1,1.6079764
s_016um_00131_00388-1,1.5233454
s_016um_00230_00331-1,1.548076
s_016um_00097_00341-1,1.4836845
s_016um_00079_00250-1,1.5603031
s_016um_00320_00302-1,1.5239325
s_016um_00015_00268-1,1.6239122
s_016um_00084_00269-1,1.5820755
s_016um_00275_00327-1,1.5537788
s_016um_00265_00329-1,1.41156
s_016um_00046_00242-1,1.6362886
s_016um_00088_00270-1,1.528702
s_016um_00263_00185-1,1.5532353
s_016um_00037_00097-1,1.5576575
s_016um_00076_00297-1,1.5499915
s_016um_00068_00235-1,1.4819345
s_016um_00309_00058-1,1.705984
s_016um_00219_00031-1,1.5675142
s_016um_00261_00028-1,1.6082718
s_016um_00370_00122-1,1.6155628
s_016um_00227_00239-1,1.5313941
s_016um_00369_00102-1,1.6839484
s_016um_00145_00014-1,1.4925963
s_016um_00354_00020-1,1.5794392
s_016um_00211_00032-1,1.6467363
s_016um_00089_00268-1,1.4771663
s_016um_00386_00297-1,1.4933283
s_016um_00081_00237-1,1.6519059
s_016um_00262_00058-1,1.6600298
s_016um_00123_00147-1,1.5276922
s_016um_00239_00086-1,1.5778906
s_016um_00080_00284-1,1.5019513
s_016um_00220_00011-1,1.6165396
s_016um_00033_00085-1,1.548939
s_016um_00267_00029-1,1.778946
s_016um_00080_00278-1,1.5641643
s_016um_00404_00122-1,1.6204867
s_016um_00220_00029-1,1.5240557
s_016um_00223_00335-1,1.5666461
s_016um_00235_00267-1,1.5843914
s_016um_00091_00268-1,1.5116417
s_016um_00033_00007-1,1.5589478
s_016um_00010_00151-1,1.5924398
s_016um_00184_00026-1,1.5732863
s_016um_00067_00127-1,1.6598928
s_016um_00090_00271-1,1.5896332
s_016um_00029_00085-1,1.6101031
s_016um_00022_00271-1,1.4098331
s_016um_00262_00334-1,1.535204
s_016um_00358_00118-1,1.5957546
s_016um_00243_00086-1,1.6218716
s_016um_00325_00299-1,1.6587533
s_016um_00031_00092-1,1.6060456
s_016um_00229_00243-1,1.5010368
s_016um_00355_00113-1,1.5865368
s_016um_00369_00230-1,1.5931609
s_016um_00394_00356-1,1.497866
s_016um_00074_00247-1,1.4949203
s_016um_00079_00269-1,1.5469748
s_016um_00278_00313-1,1.5307136
s_016um_00080_00299-1,1.5797415
s_016um_00394_00345-1,1.4202678
s_016um_00141_00219-1,1.5137745
s_016um_00312_00053-1,1.6015122
s_016um_00266_00130-1,1.6178541
s_016um_00096_00271-1,1.5777044
s_016um_00089_00073-1,1.6713449
s_016um_00040_00102-1,1.5978699
s_016um_00169_00375-1,1.5127449
s_016um_00408_00397-1,0.63721657
s_016um_00034_00334-1,1.6517783
s_016um_00342_00399-1,1.5540916
s_016um_00231_00361-1,1.5222604
s_016um_00142_00019-1,1.6424396
s_016um_00354_00091-1,1.5260093
s_016um_00157_00291-1,1.6119773
s_016um_00357_00091-1,1.5564141
s_016um_00321_00168-1,1.6523882
s_016um_00191_00122-1,1.7162722
s_016um_00137_00215-1,1.5643926
s_016um_00403_00127-1,1.5793047
s_016um_00258_00190-1,1.5546492
s_016um_00054_00245-1,1.5708417
s_016um_00351_00026-1,1.5416211
s_016um_00347_00213-1,1.5503387
s_016um_00086_00068-1,1.5520619
s_016um_00351_00094-1,1.6126001
s_016um_00212_00033-1,1.6387919
s_016um_00103_00387-1,1.5528679
s_016um_00263_00186-1,1.3715214
s_016um_00354_00119-1,1.5957475
s_016um_00231_00359-1,1.5381328
s_016um_00020_00269-1,1.5660967
s_016um_00271_00034-1,1.531083
s_016um_00339_00398-1,1.517613
s_016um_00275_00205-1,1.6091373
s_016um_00361_00418-1,1.2253238
s_016um_00221_00231-1,1.5161881
s_016um_00045_00212-1,1.5519108
s_016um_00048_00218-1,1.6640749
s_016um_00248_00021-1,1.7394835
s_016um_00190_00094-1,1.5658284
s_016um_00402_00258-1,1.5303243
s_016um_00060_00247-1,1.6152772
s_016um_00402_00403-1,0.6346508
s_016um_00196_00128-1,1.6128166
s_016um_00106_00315-1,1.5697287
s_016um_00149_00397-1,1.60704
s_016um_00226_00242-1,1.6008694
s_016um_00075_00294-1,1.6414268
s_016um_00352_00023-1,1.5717381
s_016um_00326_00167-1,1.5838243
s_016um_00223_00328-1,1.5398132
s_016um_00274_00228-1,1.386524
s_016um_00192_00126-1,1.7565957
s_016um_00393_00295-1,1.5225992
s_016um_00225_00250-1,1.5621015
s_016um_00381_00138-1,1.5174817
s_016um_00225_00026-1,1.5469253
s_016um_00402_00369-1,1.578897
s_016um_00106_00318-1,1.5748237
s_016um_00220_00276-1,1.6198082
s_016um_00407_00146-1,1.4565318
s_016um_00382_00137-1,1.505024
s_016um_00329_00122-1,1.6495703
s_016um_00152_00395-1,1.561641
s_016um_00387_00341-1,1.5134988
s_016um_00327_00215-1,1.513238
s_016um_00273_00031-1,1.6336658
s_016um_00272_00049-1,1.5528167
s_016um_00100_00387-1,1.5395405
s_016um_00083_00293-1,1.5871462
s_016um_00407_00148-1,1.5434872
s_016um_00263_00133-1,1.5845428
s_016um_00165_00123-1,1.5963134
s_016um_00086_00283-1,1.5690192
s_016um_00407_00403-1,0.15225041
s_016um_00368_00102-1,1.5451657
s_016um_00066_00125-1,1.5668539
s_016um_00141_00062-1,1.4750775
s_016um_00040_00040-1,1.62158
s_016um_00267_00129-1,1.6080735
s_016um_00215_00290-1,1.5864908
s_016um_00227_00236-1,1.5624493
s_016um_00157_00289-1,1.5711193
s_016um_00210_00297-1,1.5866495
s_016um_00207_00147-1,1.5403485
s_016um_00142_00021-1,1.6931517
s_016um_00196_00097-1,1.6123949
s_016um_00330_00122-1,1.6530102
s_016um_00034_00330-1,1.5312915
s_016um_00397_00182-1,1.5500226
s_016um_00081_00264-1,1.6196183
s_016um_00240_00083-1,1.603331
s_016um_00127_00382-1,1.5139993
s_016um_00322_00304-1,1.4480962
s_016um_00185_00027-1,1.846959
s_016um_00062_00133-1,1.585633
s_016um_00236_00360-1,1.5747114
s_016um_00265_00331-1,1.5754591
s_016um_00044_00173-1,1.6601658
s_016um_00027_00336-1,1.5648835
s_016um_00019_00268-1,1.5439261
s_016um_00034_00003-1,1.5415556
s_016um_00029_00084-1,1.5416641
s_016um_00061_00249-1,1.5553696
s_016um_00033_00335-1,1.589768
s_016um_00007_00295-1,1.5797179
s_016um_00418_00140-1,1.6158146
s_016um_00355_00412-1,1.8127613
s_016um_00042_00211-1,1.6049439
s_016um_00130_00089-1,1.8266078
s_016um_00104_00385-1,1.6729434
s_016um_00401_00121-1,1.5830795
s_016um_00417_00139-1,1.5055596
s_016um_00132_00094-1,1.6226888
s_016um_00269_00333-1,1.5567456
s_016um_00194_00122-1,1.5846612
s_016um_00279_00048-1,1.5868099
s_016um_00217_00032-1,1.5067444
s_016um_00211_00027-1,1.605119
s_016um_00326_00169-1,1.5289493
s_016um_00096_00339-1,1.4612532
s_016um_00010_00211-1,1.5407299
s_016um_00321_00228-1,1.6154784
s_016um_00312_00060-1,1.6723913
s_016um_00092_00338-1,1.5841827
s_016um_00134_00074-1,1.5341175
s_016um_00327_00217-1,1.5582719
s_016um_00164_00288-1,1.6265264
s_016um_00046_00237-1,1.4734263
s_016um_00083_00031-1,1.6855836
s_016um_00335_00258-1,1.7002561
s_016um_00388_00129-1,1.5647085
s_016um_00181_00024-1,1.6830178
s_016um_00390_00345-1,1.6120508
s_016um_00322_00298-1,1.6557668
s_016um_00219_00235-1,1.58489
s_016um_00372_00142-1,1.5889539
s_016um_00372_00117-1,1.547823
s_016um_00231_00261-1,1.5106637
s_016um_00360_00294-1,1.5454181
s_016um_00390_00337-1,1.5336624
s_016um_00045_00237-1,1.435197
s_016um_00259_00185-1,1.7808783
s_016um_00395_00372-1,1.4884304
s_016um_00267_00062-1,1.6274049
s_016um_00151_00399-1,1.5459853
s_016um_00153_00397-1,1.6086174
s_016um_00270_00335-1,1.5959796
s_016um_00324_00166-1,1.5333877
s_016um_00224_00236-1,1.5615165
s_016um_00399_00361-1,1.5545236
s_016um_00354_00023-1,1.6208802
s_016um_00279_00329-1,1.5588287
s_016um_00221_00170-1,1.6304475
s_016um_00233_00362-1,1.566982
s_016um_00222_00239-1,1.5446776
s_016um_00189_00091-1,1.5283582
s_016um_00078_00299-1,1.5289385
s_016um_00007_00301-1,1.505744
s_016um_00268_00330-1,1.6073691
s_016um_00289_00095-1,1.693181
s_016um_00281_00136-1,1.6100695
s_016um_00410_00103-1,1.6120377
s_016um_00278_00326-1,1.5756649
s_016um_00137_00076-1,1.5552332
s_016um_00041_00215-1,1.2531044
s_016um_00193_00097-1,1.6323009
s_016um_00095_00336-1,1.5942585
s_016um_00095_00317-1,1.531593
s_016um_00244_00084-1,1.5700815
s_016um_00393_00183-1,1.6412936
s_016um_00224_00170-1,1.5862458
s_016um_00341_00220-1,1.4891164
s_016um_00036_00008-1,1.6222174
s_016um_00128_00385-1,1.6436903
s_016um_00224_00232-1,1.6410571
s_016um_00129_00232-1,1.5051575
s_016um_00138_00021-1,1.6252508
s_016um_00410_00104-1,1.580396
s_016um_00122_00148-1,1.5949782
s_016um_00082_00282-1,1.5430316
s_016um_00094_00027-1,1.4837855
s_016um_00235_00359-1,1.620846
s_016um_00325_00126-1,1.5679129
s_016um_00277_00138-1,1.5403248
s_016um_00171_00375-1,1.6551
s_016um_00199_00151-1,1.7248708
s_016um_00356_00122-1,1.6425154
s_016um_00192_00096-1,1.573255
s_016um_00404_00150-1,1.609831
s_016um_00266_00134-1,1.5510293
s_016um_00224_00245-1,1.5569491
s_016um_00347_00219-1,1.520327
s_016um_00380_00131-1,1.5776665
s_016um_00091_00275-1,1.5348473
s_016um_00217_00010-1,1.5920064
s_016um_00220_00014-1,1.6237469
s_016um_00336_00402-1,1.64305
s_016um_00352_00026-1,1.5985059
s_016um_00085_00195-1,1.735182
s_016um_00399_00372-1,1.503113
s_016um_00129_00226-1,1.5118738
s_016um_00394_00295-1,1.5358254
s_016um_00054_00243-1,1.645572
s_016um_00117_00146-1,1.6046758
s_016um_00275_00324-1,1.6172893
s_016um_00326_00230-1,1.6138645
s_016um_00335_00398-1,1.718823
s_016um_00371_00138-1,1.5991127
s_016um_00194_00094-1,1.5748041
s_016um_00037_00174-1,1.6765476
s_016um_00257_00187-1,1.5288534
s_016um_00096_00272-1,1.4946179
s_016um_00104_00383-1,1.6311761
s_016um_00400_00124-1,1.5122213
s_016um_00139_00222-1,1.6444323
s_016um_00273_00131-1,1.5496627
s_016um_00220_00032-1,1.6569458
s_016um_00079_00239-1,1.5750078
s_016um_00360_00416-1,1.2393155
s_016um_00011_00153-1,1.598027
s_016um_00322_00163-1,1.591295
s_016um_00042_00242-1,1.4867011
s_016um_00413_00105-1,1.6124423
s_016um_00220_00224-1,1.517029
s_016um_00369_00101-1,1.6340078
s_016um_00061_00246-1,1.5721594
s_016um_00043_00208-1,1.4738137
s_016um_00048_00214-1,1.5716813
s_016um_00179_00030-1,1.6059135
s_016um_00193_00092-1,1.5360224
s_016um_00398_00370-1,1.5346936
s_016um_00406_00397-1,1.0716658
s_016um_00043_00215-1,1.5758586
s_016um_00408_00105-1,1.5323955
s_016um_00358_00411-1,1.6817434
s_016um_00246_00083-1,1.5884303
s_016um_00080_00033-1,1.748876
s_016um_00395_00366-1,1.5693215
s_016um_00363_00224-1,1.5555032
s_016um_00225_00170-1,1.554243
s_016um_00241_00089-1,1.4775335
s_016um_00028_00085-1,1.6476816
s_016um_00194_00128-1,1.6159829
s_016um_00228_00245-1,1.5691314
s_016um_00413_00101-1,1.5842212
s_016um_00393_00179-1,1.5795397
s_016um_00217_00231-1,1.4906095
s_016um_00262_00337-1,1.5656116
s_016um_00369_00142-1,1.6577735
s_016um_00233_00358-1,1.4214694
s_016um_00115_00146-1,1.5181118
s_016um_00039_00172-1,1.601368
s_016um_00108_00390-1,1.7010553
s_016um_00270_00029-1,1.6334559
s_016um_00085_00200-1,1.5730768
s_016um_00370_00118-1,1.5277934
s_016um_00136_00222-1,1.6432052
s_016um_00089_00278-1,1.5082059
s_016um_00214_00011-1,1.576164
s_016um_00267_00331-1,1.5962216
s_016um_00088_00065-1,1.7253186
s_016um_00235_00189-1,1.6054351
s_016um_00236_00093-1,1.6071317
s_016um_00335_00404-1,1.6970862
s_016um_00192_00127-1,1.552211
s_016um_00358_00294-1,1.577364
s_016um_00090_00276-1,1.5249451
s_016um_00224_00226-1,1.7088162
s_016um_00147_00059-1,1.6757909
s_016um_00041_00041-1,1.5675671
s_016um_00116_00151-1,1.6168095
s_016um_00208_00291-1,1.5520139
s_016um_00097_00066-1,1.7018715
s_016um_00085_00032-1,1.5767927
s_016um_00364_00226-1,1.4558278
s_016um_00104_00390-1,1.5888771
s_016um_00089_00272-1,1.5129992
s_016um_00098_00070-1,1.5696232
s_016um_00224_00235-1,1.5640519
s_016um_00168_00128-1,1.6130462
s_016um_00223_00234-1,1.5548242
s_016um_00109_00321-1,1.2062426
s_016um_00067_00133-1,1.5683393
s_016um_00067_00234-1,1.526499
s_016um_00222_00327-1,1.529914
s_016um_00097_00070-1,1.4661502
s_016um_00366_00098-1,1.6065618
s_016um_00396_00181-1,1.4840692
s_016um_00133_00073-1,1.5633453
s_016um_00094_00315-1,1.5570996
s_016um_00219_00282-1,1.6058701
s_016um_00059_00243-1,1.5926775
s_016um_00403_00119-1,1.5670475
s_016um_00321_00299-1,1.5832354
s_016um_00082_00243-1,1.5222535
s_016um_00415_00135-1,1.6566404
s_016um_00255_00029-1,1.5953112
s_016um_00321_00162-1,1.7071805
s_016um_00137_00229-1,1.6378819
s_016um_00039_00044-1,1.5857229
s_016um_00247_00087-1,1.5924666
s_016um_00368_00139-1,1.5442216
s_016um_00283_00325-1,1.4963287
s_016um_00066_00237-1,1.7117271
s_016um_00325_00118-1,1.7665031
s_016um_00006_00299-1,1.5104315
s_016um_00219_00024-1,1.5186821
s_016um_00266_00054-1,1.6056296
s_016um_00262_00135-1,1.6246389
s_016um_00117_00144-1,1.5583028
s_016um_00128_00087-1,1.7365942
s_016um_00239_00085-1,1.6190374
s_016um_00015_00271-1,1.624364
s_016um_00166_00125-1,1.553835
s_016um_00334_00401-1,1.6666194
s_016um_00396_00215-1,1.5895247
s_016um_00404_00124-1,1.5191612
s_016um_00358_00290-1,1.5709816
s_016um_00338_00399-1,1.7474294
s_016um_00214_00015-1,1.5900564
s_016um_00035_00006-1,1.6185166
s_016um_00399_00219-1,1.5128621
s_016um_00168_00374-1,1.6442982
s_016um_00344_00214-1,1.5757891
s_016um_00140_00060-1,1.5326735
s_016um_00231_00354-1,1.599583
s_016um_00225_00246-1,1.6969388
s_016um_00216_00172-1,1.5438006
s_016um_00101_00026-1,1.6993917
s_016um_00146_00395-1,1.5705116
s_016um_00401_00401-1,0.94391084
s_016um_00331_00250-1,1.586559
s_016um_00395_00364-1,1.7096065
s_016um_00396_00256-1,1.5398144
s_016um_00242_00188-1,1.5942667
s_016um_00085_00266-1,1.5344577
s_016um_00274_00204-1,1.6146425
s_016um_00307_00059-1,1.584729
s_016um_00087_00270-1,1.5454607
s_016um_00345_00217-1,1.5384035
s_016um_00278_00207-1,1.5260555
s_016um_00272_00223-1,1.6138189
s_016um_00397_00358-1,1.5969057
s_016um_00371_00097-1,1.5119158
s_016um_00083_00028-1,1.6660869
s_016um_00080_00269-1,1.5355784
s_016um_00231_00088-1,1.649847
s_016um_00031_00086-1,1.5004019
s_016um_00107_00391-1,1.5309205
s_016um_00337_00397-1,1.6451732
s_016um_00170_00378-1,1.5750037
s_016um_00130_00225-1,1.5453594
s_016um_00259_00133-1,1.586174
s_016um_00134_00231-1,1.4773823
s_016um_00082_00272-1,1.5494924
s_016um_00053_00246-1,1.584642
s_016um_00353_00121-1,1.632812
s_016um_00230_00262-1,1.5111127
s_016um_00083_00034-1,1.7385094
s_016um_00275_00206-1,1.4874141
s_016um_00102_00073-1,1.6167945
s_016um_00007_00210-1,1.5650169
s_016um_00200_00149-1,1.6072323
s_016um_00399_00366-1,1.5723673
s_016um_00093_00340-1,1.5442073
s_016um_00281_00133-1,1.5409878
s_016um_00041_00099-1,1.5484142
s_016um_00388_00337-1,1.650585
s_016um_00264_00057-1,1.6463296
s_016um_00352_00114-1,1.5726936
s_016um_00013_00298-1,1.5293394
s_016um_00261_00333-1,1.5563782
s_016um_00265_00056-1,1.5807685
s_016um_00091_00272-1,1.547707
s_016um_00166_00126-1,1.5359924
s_016um_00388_00130-1,1.6358021
s_016um_00335_00254-1,1.6679895
s_016um_00395_00179-1,1.5721785
s_016um_00411_00096-1,1.613559
s_016um_00219_00277-1,1.5307199
s_016um_00043_00206-1,1.5657082
s_016um_00128_00382-1,1.5209463
s_016um_00139_00055-1,1.6219003
s_016um_00263_00056-1,1.604651
s_016um_00222_00166-1,1.5820394
s_016um_00277_00208-1,1.5819395
s_016um_00159_00286-1,1.5848285
s_016um_00344_00220-1,1.7188637
s_016um_00331_00211-1,1.5947909
s_016um_00407_00151-1,1.6464479
s_016um_00136_00317-1,1.4458826
s_016um_00370_00121-1,1.488498
s_016um_00402_00122-1,1.5889593
s_016um_00375_00136-1,1.5297433
s_016um_00284_00092-1,1.5048827
s_016um_00105_00389-1,1.635822
s_016um_00282_00323-1,1.6115184
s_016um_00212_00289-1,1.5289158
s_016um_00076_00248-1,1.5546241
s_016um_00040_00208-1,1.4365021
s_016um_00084_00285-1,1.561027
s_016um_00194_00096-1,1.6304548
s_016um_00361_00226-1,1.5898945
s_016um_00272_00230-1,1.588069
s_016um_00217_00277-1,1.555737
s_016um_00012_00296-1,1.48368
s_016um_00223_00327-1,1.6317312
s_016um_00224_00250-1,1.4932276
s_016um_00277_00131-1,1.5726812
s_016um_00274_00315-1,1.6060776
s_016um_00218_00225-1,1.5225122
s_016um_00153_00399-1,1.5882964
s_016um_00150_00401-1,1.5219029
s_016um_00413_00137-1,1.5182551
s_016um_00274_00136-1,1.5567292
s_016um_00322_00232-1,1.4760637
s_016um_00084_00027-1,1.5315924
s_016um_00101_00024-1,1.5779569
s_016um_00218_00276-1,1.5596476
s_016um_00349_00024-1,1.5228168
s_016um_00272_00030-1,1.5788018
s_016um_00215_00018-1,1.6256592
s_016um_00258_00184-1,1.5550945
s_016um_00067_00126-1,1.5441011
s_016um_00386_00298-1,1.5165737
s_016um_00217_00030-1,1.5644331
s_016um_00007_00209-1,1.5921252
s_016um_00095_00030-1,1.5900584
s_016um_00007_00294-1,1.5575961
s_016um_00252_00027-1,1.599162
s_016um_00276_00136-1,1.6363163
s_016um_00357_00418-1,1.4773667
s_016um_00092_00317-1,1.5579348
s_016um_00398_00261-1,1.5507267
s_016um_00335_00216-1,1.565775
s_016um_00398_00372-1,1.5558376
s_016um_00210_00031-1,1.7480577
s_016um_00211_00033-1,1.6598291
s_016um_00382_00133-1,1.6157784
s_016um_00165_00124-1,1.6182709
s_016um_00321_00304-1,1.6020195
s_016um_00078_00239-1,1.5392144
s_016um_00039_00049-1,1.6057621
s_016um_00100_00066-1,1.606191
s_016um_00065_00230-1,1.5684952
s_016um_00079_00267-1,1.5948155
s_016um_00039_00104-1,1.5844966
s_016um_00358_00095-1,1.5661981
s_016um_00358_00093-1,1.5198913
s_016um_00042_00209-1,1.5832021
s_016um_00117_00150-1,1.5997998
s_016um_00265_00034-1,1.5763859
s_016um_00044_00177-1,1.5558789
s_016um_00341_00216-1,1.6712732
s_016um_00387_00339-1,1.6323725
s_016um_00146_00396-1,1.6120558
s_016um_00129_00087-1,1.666026
s_016um_00368_00098-1,1.6229392
s_016um_00395_00177-1,1.6348698
s_016um_00274_00130-1,1.6391951
s_016um_00355_00019-1,1.5349224
s_016um_00367_00095-1,1.606151
s_016um_00356_00116-1,1.7245383
s_016um_00126_00092-1,1.7072787
s_016um_00367_00143-1,1.5458224
s_016um_00097_00024-1,1.5308311
s_016um_00080_00271-1,1.586891
s_016um_00088_00071-1,1.4259695
s_016um_00057_00249-1,1.5889989
s_016um_00039_00206-1,1.581143
s_016um_00011_00207-1,1.5110366
s_016um_00267_00334-1,1.6605103
s_016um_00236_00186-1,1.5754999
s_016um_00139_00017-1,1.5372305
s_016um_00020_00267-1,1.522715
s_016um_00092_00274-1,1.61738
s_016um_00088_00035-1,1.5980039
s_016um_00411_00098-1,1.5353726
s_016um_00354_00413-1,1.6010435
s_016um_00239_00089-1,1.662579
s_016um_00353_00094-1,1.6242161
s_016um_00177_00026-1,1.5990055
s_016um_00405_00403-1,0.5786829
s_016um_00386_00133-1,1.526749
s_016um_00215_00010-1,1.5299668
s_016um_00326_00168-1,1.6670986
s_016um_00348_00217-1,1.509377
s_016um_00043_00243-1,1.6340072
s_016um_00240_00086-1,1.7775313
s_016um_00138_00019-1,1.4993627
s_016um_00210_00291-1,1.6139948
s_016um_00275_00315-1,1.5280377
s_016um_00368_00103-1,1.6752584
s_016um_00391_00364-1,1.6421887
s_016um_00267_00053-1,1.5635062
s_016um_00354_00292-1,1.5827376
s_016um_00371_00118-1,1.5570061
s_016um_00081_00266-1,1.3971114
s_016um_00080_00244-1,1.5426828
s_016um_00323_00300-1,1.5726503
s_016um_00004_00155-1,1.4850751
s_016um_00036_00010-1,1.5807054
s_016um_00275_00048-1,1.5589017
s_016um_00265_00188-1,1.5472599
s_016um_00276_00316-1,1.5864757
s_016um_00328_00211-1,1.5540146
s_016um_00161_00284-1,1.6819556
s_016um_00080_00237-1,1.5430248
s_016um_00014_00210-1,1.7354748
s_016um_00033_00333-1,1.4708872
s_016um_00227_00231-1,1.5146723
s_016um_00039_00207-1,1.5182201
s_016um_00243_00183-1,1.6079166
s_016um_00140_00075-1,1.6511889
s_016um_00367_00098-1,1.5444901
s_016um_00042_00203-1,1.5852957
s_016um_00014_00267-1,1.5805968
s_016um_00285_00098-1,1.5564444
s_016um_00269_00060-1,1.4915508
s_016um_00213_00280-1,1.509623
s_016um_00278_00318-1,1.6386197
s_016um_00375_00146-1,1.5866909
s_016um_00354_00293-1,1.6001623
s_016um_00038_00177-1,1.5107089
s_016um_00043_00044-1,1.6424184
s_016um_00160_00288-1,1.5782875
s_016um_00350_00026-1,1.5260913
s_016um_00328_00300-1,1.5771523
s_016um_00327_00166-1,1.6521795
s_016um_00273_00046-1,1.6615598
s_016um_00390_00362-1,1.5652739
s_016um_00263_00058-1,1.6344877
s_016um_00138_00073-1,1.563954
s_016um_00022_00267-1,1.6330698
s_016um_00260_00135-1,1.5676161
s_016um_00404_00120-1,1.5488933
s_016um_00039_00101-1,1.5802758
s_016um_00390_00339-1,1.5258385
s_016um_00363_00229-1,1.5236801
s_016um_00216_00032-1,1.5774227
s_016um_00054_00244-1,1.5278631
s_016um_00034_00329-1,1.6225767
s_016um_00231_00356-1,1.7522739
s_016um_00193_00127-1,1.5874255
s_016um_00282_00315-1,1.5661287
s_016um_00271_00060-1,1.5697564
s_016um_00082_00287-1,1.5523852
s_016um_00158_00293-1,1.5811198
s_016um_00354_00415-1,1.6025301
s_016um_00224_00240-1,1.5549396
s_016um_00276_00317-1,1.5833993
s_016um_00015_00266-1,1.6937836
s_016um_00340_00215-1,1.5704981
s_016um_00146_00058-1,1.7084584
s_016um_00097_00316-1,1.5288601
s_016um_00271_00230-1,1.5464364
s_016um_00085_00198-1,1.5341825
s_016um_00235_00266-1,1.5161396
s_016um_00004_00153-1,1.6896862
s_016um_00242_00189-1,1.5628706
s_016um_00042_00219-1,1.5793878
s_016um_00415_00137-1,1.5358018
s_016um_00086_00034-1,1.5813292
s_016um_00226_00252-1,1.5683022
s_016um_00139_00056-1,1.6916726
s_016um_00374_00125-1,1.537095
s_016um_00417_00135-1,1.5280621
s_016um_00131_00230-1,1.5712758
s_016um_00169_00371-1,1.5651314
s_016um_00402_00152-1,1.5811937
s_016um_00276_00205-1,1.5781155
s_016um_00040_00218-1,1.5175217
s_016um_00131_00089-1,1.6386261
s_016um_00231_00355-1,1.6130857
s_016um_00242_00182-1,1.5487221
s_016um_00406_00125-1,1.5386857
s_016um_00233_00090-1,1.6459188
s_016um_00099_00338-1,1.6766922
s_016um_00269_00056-1,1.6057858
s_016um_00225_00330-1,1.5361798
s_016um_00251_00024-1,1.6220996
s_016um_00115_00150-1,1.691108
s_016um_00339_00399-1,1.6916497
s_016um_00147_00056-1,1.567853
s_016um_00160_00289-1,1.5705583
s_016um_00279_00321-1,1.5698452
s_016um_00088_00264-1,1.5227551
s_016um_00237_00264-1,1.6358604
s_016um_00040_00215-1,1.6814499
s_016um_00040_00175-1,1.7021406
s_016um_00362_00289-1,1.5967021
s_016um_00121_00146-1,1.5417827
s_016um_00387_00128-1,1.5758191
s_016um_00119_00146-1,1.6583121
s_016um_00042_00243-1,1.6315695
s_016um_00397_00179-1,1.5735078
s_016um_00037_00104-1,1.520264
s_016um_00257_00192-1,1.5411334
s_016um_00246_00082-1,1.6985235
s_016um_00237_00182-1,1.5996222
s_016um_00090_00272-1,1.5191355
s_016um_00040_00046-1,1.6099455
s_016um_00235_00092-1,1.7174631
s_016um_00334_00398-1,1.6667144
s_016um_00399_00212-1,1.544111
s_016um_00141_00017-1,1.6312059
s_016um_00070_00232-1,1.5735518
s_016um_00337_00256-1,1.6193355
s_016um_00130_00229-1,1.5022209
s_016um_00206_00145-1,1.5409063
s_016um_00224_00230-1,1.482218
s_016um_00141_00056-1,1.6465472
s_016um_00065_00133-1,1.643066
s_016um_00142_00013-1,1.5958409
s_016um_00367_00102-1,1.592127
s_016um_00140_00077-1,1.5409191
s_016um_00181_00029-1,1.5516919
s_016um_00281_00323-1,1.628702
s_016um_00406_00151-1,1.5667878
s_016um_00390_00341-1,1.6520221
s_016um_00223_00030-1,1.6063802
s_016um_00083_00281-1,1.5596573
s_016um_00260_00032-1,1.6173888
s_016um_00098_00023-1,1.5591348
s_016um_00254_00020-1,1.6329603
s_016um_00310_00060-1,1.6547036
s_016um_00373_00118-1,1.5972272
s_016um_00278_00325-1,1.6089705
s_016um_00355_00089-1,1.566219
s_016um_00270_00056-1,1.5032601
s_016um_00098_00319-1,1.5205891
s_016um_00039_00097-1,1.6392679
s_016um_00236_00088-1,1.6849301
s_016um_00043_00041-1,1.4910406
s_016um_00233_00264-1,1.4773914
s_016um_00270_00033-1,1.5898979
s_016um_00171_00126-1,1.6832476
s_016um_00343_00220-1,1.6063477
s_016um_00170_00127-1,1.5981985
s_016um_00175_00374-1,1.6239476
s_016um_00236_00184-1,1.5783541
s_016um_00135_00232-1,1.479692
s_016um_00239_00090-1,1.5434422
s_016um_00089_00069-1,1.5792428
s_016um_00073_00247-1,1.5629964
s_016um_00287_00093-1,1.6910541
s_016um_00253_00020-1,1.6873282
s_016um_00274_00207-1,1.5533035
s_016um_00375_00142-1,1.5569491
s_016um_00356_00117-1,1.5728834
s_016um_00103_00385-1,1.6798447
s_016um_00046_00214-1,1.6368129
s_016um_00355_00090-1,1.524155
s_016um_00391_00179-1,1.5967029
s_016um_00166_00122-1,1.7122754
s_016um_00361_00287-1,1.5557336
s_016um_00340_00396-1,1.5579109
s_016um_00372_00123-1,1.5897349
s_016um_00276_00130-1,1.6098292
s_016um_00057_00243-1,1.5280625
s_016um_00080_00282-1,1.5985222
s_016um_00273_00230-1,1.5236685
s_016um_00309_00054-1,1.537452
s_016um_00172_00371-1,1.5910583
s_016um_00196_00122-1,1.5340803
s_016um_00043_00171-1,1.6142793
s_016um_00341_00404-1,1.6945081
s_016um_00191_00125-1,1.5767492
s_016um_00084_00034-1,1.631136
s_016um_00356_00094-1,1.5982517
s_016um_00282_00327-1,1.622192
s_016um_00407_00396-1,1.3701278
s_016um_00325_00119-1,1.5806884
s_016um_00410_00098-1,1.5367092
s_016um_00387_00344-1,1.7446752
s_016um_00222_00330-1,1.5749352
s_016um_00167_00128-1,1.5975326
s_016um_00400_00366-1,1.4656312
s_016um_00163_00285-1,1.5945299
s_016um_00265_00031-1,1.5862355
s_016um_00266_00029-1,1.5984433
s_016um_00338_00400-1,1.6734823
s_016um_00044_00245-1,1.540028
s_016um_00080_00248-1,1.5701691
s_016um_00328_00228-1,1.5265656
s_016um_00358_00291-1,1.5615077
s_016um_00076_00239-1,1.5493485
s_016um_00122_00149-1,1.5331612
s_016um_00377_00135-1,1.5324314
s_016um_00331_00212-1,1.6017144
s_016um_00142_00015-1,1.5922585
s_016um_00099_00315-1,1.6199794
s_016um_00010_00158-1,1.6260674
s_016um_00268_00061-1,1.5882912
s_016um_00371_00148-1,1.4892123
s_016um_00220_00232-1,1.5431294
s_016um_00333_00254-1,1.6660782
s_016um_00366_00099-1,1.5734435
s_016um_00280_00311-1,1.4831891
s_016um_00216_00017-1,1.6091559
s_016um_00064_00232-1,1.6473134
s_016um_00260_00132-1,1.5726075
s_016um_00043_00242-1,1.6366814
s_016um_00361_00289-1,1.5323793
s_016um_00402_00256-1,1.5792598
s_016um_00100_00024-1,1.5662997
s_016um_00034_00104-1,1.6192064
s_016um_00184_00025-1,1.6027607
s_016um_00094_00026-1,1.5897182
s_016um_00223_00236-1,1.5693532
s_016um_00400_00254-1,1.5117096
s_016um_00048_00240-1,1.5754356
s_016um_00046_00239-1,1.5889966
s_016um_00068_00237-1,1.5380827
s_016um_00147_00395-1,1.5777097
s_016um_00348_00219-1,1.5335573
s_016um_00229_00330-1,1.4990331
s_016um_00085_00281-1,1.5591681
s_016um_00325_00163-1,1.5524696
s_016um_00020_00265-1,1.5741981
s_016um_00354_00093-1,1.5362526
s_016um_00226_00250-1,1.5674216
s_016um_00245_00082-1,1.5854347
s_016um_00271_00229-1,1.6784574
s_016um_00190_00090-1,1.6369576
s_016um_00374_00147-1,1.5430065
s_016um_00220_00168-1,1.5815611
s_016um_00103_00072-1,1.6143819
s_016um_00280_00050-1,1.6431438
s_016um_00307_00056-1,1.5888116
s_016um_00081_00284-1,1.5105709
s_016um_00012_00208-1,1.6654804
s_016um_00068_00132-1,1.5880445
s_016um_00097_00318-1,1.5821052
s_016um_00241_00086-1,1.6357727
s_016um_00336_00255-1,1.528424
s_016um_00289_00094-1,1.6247132
s_016um_00064_00129-1,1.5355908
s_016um_00264_00061-1,1.7241352
s_016um_00006_00158-1,1.727335
s_016um_00086_00035-1,1.67137
s_016um_00144_00062-1,1.6607244
s_016um_00038_00179-1,1.7002821
s_016um_00269_00028-1,1.5340244
s_016um_00136_00232-1,1.5847511
s_016um_00307_00054-1,1.5751069
s_016um_00027_00092-1,1.5431325
s_016um_00085_00031-1,1.5043347
s_016um_00283_00096-1,1.6439117
s_016um_00056_00249-1,1.4534037
s_016um_00354_00092-1,1.5917785
s_016um_00128_00092-1,1.6050537
s_016um_00408_00153-1,1.6379539
s_016um_00260_00190-1,1.5536196
s_016um_00228_00261-1,1.5795075
s_016um_00329_00256-1,1.5825869
s_016um_00134_00315-1,1.4772017
s_016um_00278_00205-1,1.5927259
s_016um_00346_00214-1,1.5336269
s_016um_00073_00248-1,1.5561421
s_016um_00213_00034-1,1.5625958
s_016um_00220_00169-1,1.5388943
s_016um_00144_00016-1,1.5991141
s_016um_00132_00225-1,1.5689464
s_016um_00394_00370-1,1.6721313
s_016um_00217_00017-1,1.6303195
s_016um_00091_00337-1,1.4884607
s_016um_00088_00067-1,1.5547796
s_016um_00084_00070-1,1.718207
s_016um_00229_00249-1,1.5360347
s_016um_00242_00090-1,1.6255499
s_016um_00384_00134-1,1.5034454
s_016um_00114_00319-1,1.573034
s_016um_00225_00027-1,1.6172656
s_016um_00172_00378-1,1.6135421
s_016um_00264_00190-1,1.5768338
s_016um_00035_00101-1,1.5837463
s_016um_00356_00417-1,1.4515635
s_016um_00212_00280-1,1.5607773
s_016um_00274_00209-1,1.4820672
s_016um_00107_00321-1,1.4975299
s_016um_00136_00320-1,1.5754464
s_016um_00123_00148-1,1.7238623
s_016um_00014_00208-1,1.5853262
s_016um_00068_00128-1,1.61698
s_016um_00083_00294-1,1.5372429
s_016um_00319_00163-1,1.5587337
s_016um_00059_00247-1,1.6168139
s_016um_00037_00101-1,1.6978668
s_016um_00355_00417-1,1.6570631
s_016um_00086_00071-1,1.6217362
s_016um_00331_00126-1,1.5354464
s_016um_00378_00135-1,1.5647721
s_016um_00404_00394-1,1.1898539
s_016um_00068_00238-1,1.5925317
s_016um_00335_00251-1,1.5877739
s_016um_00110_00315-1,1.5189481
s_016um_00043_00177-1,1.5851294
s_016um_00325_00125-1,1.5475785
s_016um_00351_00092-1,1.6093653
s_016um_00255_00034-1,1.6792452
s_016um_00365_00229-1,1.4857073
s_016um_00042_00213-1,1.6540079
s_016um_00344_00211-1,1.6397802
s_016um_00373_00146-1,1.4732355
s_016um_00041_00042-1,1.499132
s_016um_00235_00262-1,1.5895071
s_016um_00273_00332-1,1.5332804
s_016um_00044_00214-1,1.5416927
s_016um_00206_00148-1,1.5831797
s_016um_00287_00097-1,1.672614
s_016um_00118_00144-1,1.5752637
s_016um_00221_00283-1,1.5589362
s_016um_00280_00326-1,1.5745969
s_016um_00372_00139-1,1.5203182
s_016um_00387_00133-1,1.5650403
s_016um_00029_00335-1,1.5175433
s_016um_00097_00320-1,1.5762907
s_016um_00263_00335-1,1.6912422
s_016um_00133_00314-1,1.5831751
s_016um_00358_00285-1,1.6537155
s_016um_00416_00138-1,1.4663188
s_016um_00348_00023-1,1.6810601
s_016um_00358_00418-1,1.3904629
s_016um_00225_00231-1,1.4922283
s_016um_00366_00226-1,1.6117624
s_016um_00270_00062-1,1.6170039
s_016um_00219_00174-1,1.5495355
s_016um_00393_00341-1,1.5496204
s_016um_00363_00290-1,1.517538
s_016um_00070_00231-1,1.5586909
s_016um_00228_00328-1,1.515088
s_016um_00213_00281-1,1.5773189
s_016um_00170_00372-1,1.6138104
s_016um_00089_00277-1,1.5408881
s_016um_00080_00281-1,1.5822499
s_016um_00085_00071-1,1.5983342
s_016um_00237_00085-1,1.7328725
s_016um_00061_00131-1,1.5004745
s_016um_00089_00266-1,1.5609014
s_016um_00136_00077-1,1.5643215
s_016um_00338_00396-1,1.4347298
s_016um_00092_00266-1,1.5205522
s_016um_00257_00184-1,1.5537442
s_016um_00218_00031-1,1.7184958
s_016um_00173_00373-1,1.5187857
s_016um_00087_00069-1,1.5472074
s_016um_00213_00029-1,1.6149384
s_016um_00327_00303-1,1.7542738
s_016um_00344_00215-1,1.5990249
s_016um_00107_00388-1,1.5712222
s_016um_00126_00090-1,1.636728
s_016um_00320_00301-1,1.5044534
s_016um_00267_00228-1,1.4788762
s_016um_00259_00028-1,1.5927172
s_016um_00009_00295-1,1.6344894
s_016um_00328_00254-1,1.6481923
s_016um_00038_00099-1,1.6719575
s_016um_00222_00237-1,1.5901167
s_016um_00328_00229-1,1.5540454
s_016um_00337_00401-1,1.5309988
s_016um_00369_00227-1,1.5530852
s_016um_00036_00044-1,1.567645
s_016um_00275_00134-1,1.6121391
s_016um_00139_00061-1,1.5977378
s_016um_00327_00231-1,1.5408492
s_016um_00330_00255-1,1.6227173
s_016um_00326_00122-1,1.4523034
s_016um_00048_00245-1,1.5909173
s_016um_00273_00205-1,1.6284026
s_016um_00322_00300-1,1.5762306
s_016um_00334_00251-1,1.5200257
s_016um_00133_00089-1,1.6517092
s_016um_00336_00214-1,1.5144079
s_016um_00006_00211-1,1.6004084
s_016um_00081_00298-1,1.5618321
s_016um_00238_00356-1,1.5323566
s_016um_00138_00218-1,1.5503702
s_016um_00218_00168-1,1.5725437
s_016um_00265_00338-1,1.5399084
s_016um_00271_00331-1,1.5393764
s_016um_00390_00294-1,1.519734
s_016um_00039_00048-1,1.5400527
s_016um_00352_00119-1,1.581846
s_016um_00100_00322-1,1.4883052
s_016um_00369_00098-1,1.5525669
s_016um_00067_00229-1,1.5822635
s_016um_00146_00017-1,1.5795783
s_016um_00223_00173-1,1.6259542
s_016um_00098_00341-1,1.4930841
s_016um_00402_00402-1,0.5931236
s_016um_00241_00087-1,1.648999
s_016um_00266_00331-1,1.5070275
s_016um_00262_00332-1,1.5634688
s_016um_00372_00100-1,1.6777543
s_016um_00255_00028-1,1.5924662
s_016um_00209_00290-1,1.542382
s_016um_00103_00070-1,1.5915155
s_016um_00363_00223-1,1.6504117
s_016um_00355_00415-1,1.2797472
s_016um_00033_00332-1,1.5470674
s_016um_00336_00401-1,1.6458731
s_016um_00083_00068-1,1.5352058
s_016um_00407_00153-1,1.5733596
s_016um_00346_00213-1,1.4865123
s_016um_00017_00269-1,1.6337913
s_016um_00387_00134-1,1.6118186
s_016um_00359_00412-1,1.5700681
s_016um_00249_00023-1,1.6408877
s_016um_00334_00213-1,1.5684221
s_016um_00135_00229-1,1.5476012
s_016um_00232_00090-1,1.534551
s_016um_00352_00021-1,1.5950979
s_016um_00367_00100-1,1.650217
s_016um_00381_00130-1,1.5552014
s_016um_00248_00026-1,1.5877105
s_016um_00097_00029-1,1.664932
s_016um_00132_00226-1,1.5404478
s_016um_00393_00292-1,1.5620878
s_016um_00135_00231-1,1.4587574
s_016um_00140_00220-1,1.5600361
s_016um_00368_00124-1,1.657822
s_016um_00170_00376-1,1.5512242
s_016um_00357_00293-1,1.4984654
s_016um_00377_00139-1,1.5904368
s_016um_00130_00316-1,1.6684333
s_016um_00226_00333-1,1.5171082
s_016um_00226_00231-1,1.5612445
s_016um_00240_00186-1,1.5427777
s_016um_00042_00101-1,1.6183553
s_016um_00225_00245-1,1.6165458
s_016um_00008_00154-1,1.6131976
s_016um_00167_00374-1,1.6092778
s_016um_00079_00032-1,1.5252426
s_016um_00370_00102-1,1.7817665
s_016um_00330_00217-1,1.5814116
s_016um_00215_00035-1,1.5404197
s_016um_00190_00093-1,1.5589179
s_016um_00339_00404-1,1.6352725
s_016um_00236_00262-1,1.661098
s_016um_00083_00299-1,1.5242236
s_016um_00010_00293-1,1.66068
s_016um_00288_00096-1,1.672552
s_016um_00290_00100-1,1.6082582
s_016um_00074_00238-1,1.5326929
s_016um_00228_00243-1,1.5879431
s_016um_00383_00127-1,1.4960274
s_016um_00076_00236-1,1.5249357
s_016um_00089_00267-1,1.546002
s_016um_00240_00189-1,1.641598
s_016um_00359_00119-1,1.5472405
s_016um_00009_00300-1,1.5484941
s_016um_00005_00153-1,1.5649756
s_016um_00140_00221-1,1.6413623
s_016um_00370_00225-1,1.5640407
s_016um_00269_00228-1,1.5628828
s_016um_00141_00076-1,1.8142979
s_016um_00163_00286-1,1.5886663
s_016um_00319_00162-1,1.5943756
s_016um_00071_00237-1,1.5949289
s_016um_00279_00314-1,1.6309901
s_016um_00274_00202-1,1.6041807
s_016um_00017_00267-1,1.6033224
s_016um_00229_00247-1,1.5469098
s_016um_00077_00246-1,1.5380827
s_016um_00224_00330-1,1.582633
s_016um_00106_00390-1,1.5902122
s_016um_00324_00233-1,1.5505958
s_016um_00355_00093-1,1.5649422
s_016um_00270_00057-1,1.5275161
s_016um_00274_00223-1,1.5548698
s_016um_00227_00329-1,1.4908946
s_016um_00131_00228-1,1.5379525
s_016um_00068_00233-1,1.6020899
s_016um_00275_00312-1,1.6181216
s_016um_00080_00201-1,1.605771
s_016um_00091_00273-1,1.5135871
s_016um_00073_00244-1,1.6001365
s_016um_00040_00045-1,1.5465268
s_016um_00170_00374-1,1.6146938
s_016um_00218_00009-1,1.571221
s_016um_00195_00094-1,1.6699151
s_016um_00276_00328-1,1.4869014
s_016um_00032_00334-1,1.6906594
s_016um_00075_00293-1,1.5979182
s_016um_00078_00245-1,1.5168699
s_016um_00267_00336-1,1.5140439
s_016um_00230_00244-1,1.5903131
s_016um_00096_00273-1,1.5560328
s_016um_00325_00302-1,1.4933453
s_016um_00231_00357-1,1.5828704
s_016um_00373_00121-1,1.5871482
s_016um_00336_00400-1,1.4751792
s_016um_00357_00291-1,1.629845
s_016um_00400_00126-1,1.5545329
s_016um_00095_00335-1,1.6042566
s_016um_00267_00227-1,1.5451157
s_016um_00066_00235-1,1.6203483
s_016um_00183_00033-1,1.600987
s_016um_00236_00267-1,1.5611972
s_016um_00202_00152-1,1.7179431
s_016um_00324_00224-1,1.5669711
s_016um_00268_00335-1,1.5709097
s_016um_00415_00099-1,1.6350279
s_016um_00097_00340-1,1.5760586
s_016um_00077_00241-1,1.5095624
s_016um_00258_00192-1,1.639548
s_016um_00093_00322-1,1.5748192
s_016um_00216_00229-1,1.5199215
s_016um_00029_00092-1,1.5526209
s_016um_00278_00312-1,1.585717
s_016um_00106_00069-1,1.5796552
s_016um_00266_00133-1,1.5695462
s_016um_00218_00172-1,1.6092721
s_016um_00267_00224-1,1.5810301
s_016um_00334_00218-1,1.4886781
s_016um_00031_00335-1,1.5503147
s_016um_00251_00027-1,1.4682409
s_016um_00107_00315-1,1.5222042
s_016um_00040_00050-1,1.5677952
s_016um_00236_00183-1,1.5935606
s_016um_00236_00087-1,1.7332029
s_016um_00136_00219-1,1.5064722
s_016um_00224_00027-1,1.668079
s_016um_00324_00167-1,1.616255
s_016um_00408_00402-1,0.652031
s_016um_00401_00399-1,0.9738392
s_016um_00391_00358-1,1.443445
s_016um_00137_00071-1,1.6142894
s_016um_00189_00098-1,1.6092447
s_016um_00218_00024-1,1.5731679
s_016um_00048_00212-1,1.5964711
s_016um_00280_00327-1,1.5890346
s_016um_00372_00140-1,1.5500314
s_016um_00356_00412-1,1.6237109
s_016um_00407_00100-1,1.5780426
s_016um_00244_00086-1,1.5447204
s_016um_00310_00059-1,1.6608512
s_016um_00137_00069-1,1.5984828
s_016um_00044_00237-1,1.5459968
s_016um_00096_00318-1,1.5398203
s_016um_00083_00240-1,1.5410798
s_016um_00093_00269-1,1.5650076
s_016um_00146_00401-1,1.5586474
s_016um_00400_00120-1,1.6093996
s_016um_00039_00042-1,1.5695015
s_016um_00067_00235-1,1.5732034
s_016um_00088_00269-1,1.4900777
s_016um_00196_00123-1,1.7098733
s_016um_00270_00337-1,1.5290177
s_016um_00360_00415-1,1.2480103
s_016um_00272_00051-1,1.6654081
s_016um_00216_00170-1,1.7335417
s_016um_00369_00140-1,1.5503397
s_016um_00128_00229-1,1.577113
s_016um_00126_00385-1,1.5978496
s_016um_00321_00224-1,1.5089523
s_016um_00166_00127-1,1.5772814
s_016um_00352_00115-1,1.5613968
s_016um_00030_00335-1,1.5606226
s_016um_00395_00367-1,1.5202148
s_016um_00267_00128-1,1.609482
s_016um_00032_00336-1,1.6407083
s_016um_00356_00096-1,1.6024643
s_016um_00266_00135-1,1.5111699
s_016um_00395_00343-1,1.5367618
s_016um_00011_00299-1,1.4304557
s_016um_00262_00188-1,1.526098
s_016um_00158_00288-1,1.5621231
s_016um_00111_00318-1,1.5224111
s_016um_00179_00025-1,1.6052245
s_016um_00147_00018-1,1.5464215
s_016um_00268_00036-1,1.5149766
s_016um_00216_00231-1,1.5710475
s_016um_00358_00412-1,1.5029534
s_016um_00233_00087-1,1.5679682
s_016um_00289_00099-1,1.5658208
s_016um_00199_00147-1,1.569848
s_016um_00330_00258-1,1.6044459
s_016um_00248_00085-1,1.5660194
s_016um_00038_00047-1,1.6548641
s_016um_00190_00123-1,1.7044498
s_016um_00268_00222-1,1.5998974
s_016um_00048_00239-1,1.5121233
s_016um_00045_00216-1,1.6028448
s_016um_00274_00135-1,1.5389107
s_016um_00264_00187-1,1.6560482
s_016um_00144_00022-1,1.6235205
s_016um_00372_00097-1,1.5073034
s_016um_00355_00114-1,1.6061763
s_016um_00371_00099-1,1.5432569
s_016um_00132_00234-1,1.5583729
s_016um_00280_00049-1,1.5781522
s_016um_00264_00135-1,1.5474808
s_016um_00241_00085-1,1.5616308
s_016um_00359_00417-1,1.5436741
s_016um_00101_00073-1,1.6101623
s_016um_00240_00087-1,1.6329734
s_016um_00407_00397-1,1.1258788
s_016um_00276_00322-1,1.5923729
s_016um_00071_00232-1,1.5710199
s_016um_00231_00260-1,1.5544343
s_016um_00139_00071-1,1.6376524
s_016um_00358_00117-1,1.6752633
s_016um_00196_00127-1,1.6082536
s_016um_00308_00054-1,1.5503788
s_016um_00389_00343-1,1.6640137
s_016um_00228_00238-1,1.5183833
s_016um_00327_00299-1,1.449311
s_016um_00061_00244-1,1.5730407
s_016um_00403_00263-1,1.5920929
s_016um_00101_00383-1,1.7058916
s_016um_00223_00232-1,1.5395727
s_016um_00128_00320-1,1.6027688
s_016um_00269_00027-1,1.4955732
s_016um_00027_00087-1,1.6312971
s_016um_00006_00293-1,1.5920267
s_016um_00224_00231-1,1.5204306
s_016um_00327_00304-1,1.6207187
s_016um_00178_00025-1,1.6726853
s_016um_00036_00104-1,1.5633718
s_016um_00380_00132-1,1.6748308
s_016um_00367_00222-1,1.546904
s_016um_00272_00204-1,1.5522919
s_016um_00068_00127-1,1.5709523
s_016um_00350_00093-1,1.5615964
s_016um_00087_00267-1,1.5555158
s_016um_00331_00219-1,1.5488535
s_016um_00321_00231-1,1.6696104
s_016um_00395_00181-1,1.5230789
s_016um_00076_00238-1,1.6046944
s_016um_00407_00150-1,1.5589857
s_016um_00078_00244-1,1.5685961
s_016um_00252_00021-1,1.5658517
s_016um_00353_00118-1,1.5966725
s_016um_00345_00216-1,1.6262842
s_016um_00417_00137-1,1.6594987
s_016um_00276_00313-1,1.6162972
s_016um_00039_00099-1,1.8126802
s_016um_00237_00358-1,1.6233692
s_016um_00159_00290-1,1.5405501
s_016um_00098_00065-1,1.6413407
s_016um_00223_00246-1,1.4518981
s_016um_00142_00061-1,1.5724356
s_016um_00061_00247-1,1.5878651
s_016um_00032_00085-1,1.6943933
s_016um_00149_00402-1,1.5985488
s_016um_00220_00171-1,1.592996
s_016um_00229_00248-1,1.5204315
s_016um_00187_00094-1,1.5613105
s_016um_00389_00341-1,1.3535043
s_016um_00390_00342-1,1.6067644
s_016um_00231_00265-1,1.6053416
s_016um_00308_00055-1,1.5184249
s_016um_00188_00091-1,1.646478
s_016um_00045_00175-1,1.6006515
s_016um_00406_00154-1,1.5147926
s_016um_00125_00388-1,1.5229576
s_016um_00372_00116-1,1.5707766
s_016um_00280_00203-1,1.5884694
s_016um_00357_00294-1,1.5258857
s_016um_00331_00118-1,1.58407
s_016um_00202_00145-1,1.6466997
s_016um_00012_00209-1,1.6261913
s_016um_00262_00192-1,1.5566956
s_016um_00216_00228-1,1.582968
s_016um_00206_00150-1,1.5863031
s_016um_00095_00273-1,1.514498
s_016um_00269_00033-1,1.5612822
s_016um_00274_00137-1,1.6266105
s_016um_00133_00092-1,1.606075
s_016um_00185_00031-1,1.5343914
s_016um_00330_00124-1,1.5251063
s_016um_00401_00260-1,1.4967309
s_016um_00228_00265-1,1.5484991
s_016um_00205_00152-1,1.6556206
s_016um_00401_00213-1,1.4852953
s_016um_00086_00198-1,1.5919447
s_016um_00234_00354-1,1.5821152
s_016um_00215_00032-1,1.5763472
s_016um_00029_00333-1,1.5845556
s_016um_00207_00293-1,1.5600837
s_016um_00034_00007-1,1.6558084
s_016um_00124_00388-1,1.5521239
s_016um_00090_00066-1,1.6420345
s_016um_00037_00172-1,1.6260593
s_016um_00169_00378-1,1.5351194
s_016um_00255_00026-1,1.6348099
s_016um_00132_00086-1,1.5818717
s_016um_00393_00344-1,1.5968735
s_016um_00277_00316-1,1.5594361
s_016um_00163_00293-1,1.5260895
s_016um_00065_00131-1,1.6072398
s_016um_00213_00277-1,1.5594591
s_016um_00106_00383-1,1.4640191
s_016um_00103_00388-1,1.6154268
s_016um_00060_00129-1,1.56422
s_016um_00228_00334-1,1.4967514
s_016um_00136_00226-1,1.5934848
s_016um_00173_00370-1,1.8010893
s_016um_00393_00177-1,1.6801858
s_016um_00211_00297-1,1.5450488
s_016um_00366_00223-1,1.545763
s_016um_00015_00272-1,1.5914246
s_016um_00235_00089-1,1.5918392
s_016um_00163_00124-1,1.5984186
s_016um_00085_00028-1,1.7102652
s_016um_00119_00149-1,1.5188719
s_016um_00046_00243-1,1.6214803
s_016um_00158_00289-1,1.5538381
s_016um_00131_00383-1,1.6199188
s_016um_00232_00086-1,1.5862048
s_016um_00069_00230-1,1.6076913
s_016um_00274_00032-1,1.444618
s_016um_00409_00102-1,1.5628275
s_016um_00097_00274-1,1.4979869
s_016um_00380_00141-1,1.5802677
s_016um_00038_00043-1,1.6044861
s_016um_00413_00102-1,1.5494511
s_016um_00081_00297-1,1.4825413
s_016um_00273_00051-1,1.5514392
s_016um_00238_00090-1,1.6595082
s_016um_00218_00232-1,1.6288358
s_016um_00112_00321-1,1.3819937
s_016um_00094_00279-1,1.5531135
s_016um_00391_00337-1,1.6187874
s_016um_00101_00319-1,1.6097932
s_016um_00181_00025-1,1.6134641
s_016um_00007_00297-1,1.5859641
s_016um_00215_00295-1,1.6245514
s_016um_00136_00231-1,1.4877285
s_016um_00033_00087-1,1.6767372
s_016um_00146_00021-1,1.5285981
s_016um_00193_00126-1,1.7398807
s_016um_00067_00125-1,1.6487362
s_016um_00065_00129-1,1.5829791
s_016um_00396_00179-1,1.5571584
s_016um_00223_00168-1,1.5581079
s_016um_00099_00067-1,1.5236502
s_016um_00081_00269-1,1.6178409
s_016um_00326_00232-1,1.5589556
s_016um_00405_00259-1,1.5509682
s_016um_00041_00204-1,1.6111624
s_016um_00412_00104-1,1.5519757
s_016um_00084_00278-1,1.5973599
s_016um_00403_00151-1,1.5644817
s_016um_00406_00401-1,0.7213154
s_016um_00366_00095-1,1.5016901
s_016um_00080_00193-1,1.5640762
s_016um_00038_00171-1,1.5076315
s_016um_00381_00133-1,1.5725269
s_016um_00401_00256-1,1.583865
s_016um_00226_00328-1,1.5774704
s_016um_00036_00176-1,1.5731744
s_016um_00084_00197-1,1.6180758
s_016um_00230_00265-1,1.5003904
s_016um_00347_00022-1,1.6427852
s_016um_00357_00411-1,1.7220058
s_016um_00033_00008-1,1.6448915
s_016um_00179_00032-1,1.6335391
s_016um_00369_00118-1,1.5450372
s_016um_00237_00190-1,1.5730873
s_016um_00368_00230-1,1.462337
s_016um_00075_00237-1,1.5915513
s_016um_00016_00272-1,1.5133067
s_016um_00099_00387-1,1.5729183
s_016um_00216_00018-1,1.5979469
s_016um_00348_00218-1,1.5049523
s_016um_00131_00314-1,1.4373381
s_016um_00398_00371-1,1.4911242
s_016um_00142_00222-1,1.588493
s_016um_00013_00154-1,1.549815
s_016um_00128_00088-1,1.6149015
s_016um_00214_00014-1,1.5675741
s_016um_00095_00026-1,1.6102957
s_016um_00262_00128-1,1.6378984
s_016um_00408_00400-1,0.2311809
s_016um_00065_00238-1,1.5689633
s_016um_00327_00227-1,1.5594108
s_016um_00047_00242-1,1.638772
s_016um_00255_00021-1,1.5981042
s_016um_00322_00306-1,1.5757561
s_016um_00389_00298-1,1.5758091
s_016um_00090_00340-1,1.5875193
s_016um_00355_00289-1,1.5672218
s_016um_00128_00381-1,1.5594345
s_016um_00349_00020-1,1.5813708
s_016um_00075_00238-1,1.5532962
s_016um_00263_00130-1,1.7346573
s_016um_00008_00151-1,1.5559889
s_016um_00405_00148-1,1.5948806
s_016um_00241_00182-1,1.5425754
s_016um_00137_00220-1,1.4724597
s_016um_00245_00090-1,1.5655537
s_016um_00217_00012-1,1.6245861
s_016um_00278_00329-1,1.5133272
s_016um_00141_00221-1,1.5628948
s_016um_00098_00321-1,1.5323387
s_016um_00076_00247-1,1.5142106
s_016um_00007_00156-1,1.5998415
s_016um_00029_00091-1,1.580287
s_016um_00098_00337-1,1.5607746
s_016um_00101_00071-1,1.5750552
s_016um_00039_00205-1,1.5870489
s_016um_00320_00299-1,1.5474143
s_016um_00012_00156-1,1.5654497
s_016um_00397_00373-1,1.6701062
s_016um_00380_00127-1,1.5003921
s_016um_00382_00130-1,1.5686113
s_016um_00142_00221-1,1.6340245
s_016um_00134_00316-1,1.5902102
s_016um_00131_00387-1,1.557519
s_016um_00081_00286-1,1.5647968
s_016um_00369_00094-1,1.5028127
s_016um_00099_00317-1,1.4883523
s_016um_00237_00362-1,1.5400306
s_016um_00228_00251-1,1.5557982
s_016um_00141_00070-1,1.646113
s_016um_00351_00023-1,1.57972
s_016um_00133_00322-1,1.4121047
s_016um_00372_00122-1,1.544445
s_016um_00216_00173-1,1.5973321
s_016um_00329_00126-1,1.5283775
s_016um_00359_00293-1,1.619515
s_016um_00275_00202-1,1.4703797
s_016um_00133_00071-1,1.5650166
s_016um_00332_00217-1,1.5583633
s_016um_00325_00301-1,1.4173586
s_016um_00192_00092-1,1.5206963
s_016um_00138_00224-1,1.5340582
s_016um_00151_00397-1,1.5268725
s_016um_00272_00047-1,1.5713402
s_016um_00069_00232-1,1.6069484
s_016um_00088_00275-1,1.5473661
s_016um_00330_00213-1,1.6199188
s_016um_00233_00085-1,1.6383625
s_016um_00104_00389-1,1.6499794
s_016um_00217_00011-1,1.5853605
s_016um_00351_00116-1,1.5964432
s_016um_00069_00231-1,1.5773045
s_016um_00320_00226-1,1.5847862
s_016um_00214_00293-1,1.5017761
s_016um_00165_00126-1,1.626056
s_016um_00031_00328-1,1.5042386
s_016um_00076_00243-1,1.5580378
s_016um_00273_00224-1,1.5587103
s_016um_00347_00220-1,1.566461
s_016um_00374_00124-1,1.534397
s_016um_00213_00035-1,1.5419779
s_016um_00217_00167-1,1.6629663
s_016um_00323_00231-1,1.57116
s_016um_00239_00084-1,1.6883725
s_016um_00214_00034-1,1.5751194
s_016um_00161_00287-1,1.474587
s_016um_00374_00142-1,1.5653291
s_016um_00275_00329-1,1.6268413
s_016um_00006_00296-1,1.5746044
s_016um_00236_00091-1,1.6057212
s_016um_00374_00141-1,1.5190388
s_016um_00281_00318-1,1.5869873
s_016um_00082_00283-1,1.5250344
s_016um_00324_00162-1,1.5640843
s_016um_00191_00124-1,1.6988602
s_016um_00371_00095-1,1.5204078
s_016um_00215_00284-1,1.5593953
s_016um_00326_00163-1,1.6087176
s_016um_00118_00145-1,1.6147116
s_016um_00160_00287-1,1.6560223
s_016um_00069_00130-1,1.6395216
s_016um_00336_00253-1,1.5636568
s_016um_00418_00138-1,1.5661694
s_016um_00225_00334-1,1.4117142
s_016um_00325_00122-1,1.5639366
s_016um_00358_00091-1,1.6298174
s_016um_00095_00025-1,1.6365985
s_016um_00083_00297-1,1.5332417
s_016um_00047_00240-1,1.4979525
s_016um_00200_00152-1,1.6766303
s_016um_00282_00322-1,1.5733835
s_016um_00063_00125-1,1.5942454
s_016um_00357_00286-1,1.4281671
s_016um_00351_00091-1,1.5959471
s_016um_00388_00295-1,1.6437173
s_016um_00358_00410-1,1.5035688
s_016um_00392_00293-1,1.4982561
s_016um_00324_00299-1,1.5383049
s_016um_00042_00206-1,1.7471955
s_016um_00082_00295-1,1.56324
s_016um_00369_00145-1,1.5661553
s_016um_00223_00014-1,1.6188765
s_016um_00004_00156-1,1.5954151
s_016um_00392_00365-1,1.6623616
s_016um_00097_00031-1,1.4848567
s_016um_00327_00118-1,1.6160465
s_016um_00388_00341-1,1.6600437
s_016um_00237_00357-1,1.4832623
s_016um_00275_00225-1,1.5659976
s_016um_00216_00011-1,1.6275728
s_016um_00260_00189-1,1.5102723
s_016um_00100_00318-1,1.6073703
s_016um_00223_00233-1,1.6213261
s_016um_00277_00049-1,1.5618428
s_016um_00195_00092-1,1.5094794
s_016um_00220_00233-1,1.6243148
s_016um_00324_00165-1,1.5555872
s_016um_00218_00015-1,1.6043857
s_016um_00069_00236-1,1.5515397
s_016um_00095_00031-1,1.5642056
s_016um_00214_00291-1,1.5739536
s_016um_00401_00149-1,1.5089747
s_016um_00135_00073-1,1.6304817
s_016um_00368_00222-1,1.5527104
s_016um_00264_00056-1,1.5778487
s_016um_00355_00098-1,1.5986425
s_016um_00267_00335-1,1.5995722
s_016um_00355_00023-1,1.6598572
s_016um_00118_00147-1,1.6201284
s_016um_00104_00391-1,1.4952136
s_016um_00258_00191-1,1.5475256
s_016um_00212_00035-1,1.5691257
s_016um_00011_00296-1,1.5960038
s_016um_00045_00204-1,1.5438446
s_016um_00006_00210-1,1.5939796
s_016um_00258_00188-1,1.6047727
s_016um_00090_00339-1,1.6112167
s_016um_00131_00086-1,1.7080892
s_016um_00032_00090-1,1.5899941
s_016um_00258_00030-1,1.5849503
s_016um_00083_00193-1,1.5308297
s_016um_00395_00183-1,1.4932716
s_016um_00257_00026-1,1.5735846
s_016um_00042_00175-1,1.5300039
s_016um_00322_00302-1,1.5099269
s_016um_00323_00230-1,1.5793957
s_016um_00234_00186-1,1.523904
s_016um_00134_00218-1,1.6152265
s_016um_00227_00328-1,1.5463749
s_016um_00268_00228-1,1.5926971
s_016um_00391_00344-1,1.4938828
s_016um_00137_00218-1,1.5371071
s_016um_00128_00321-1,1.6811521
s_016um_00212_00030-1,1.6127139
s_016um_00131_00088-1,1.4113215
s_016um_00191_00127-1,1.7187035
s_016um_00270_00333-1,1.568132
s_016um_00274_00334-1,1.6122556
s_016um_00387_00294-1,1.6171569
s_016um_00083_00196-1,1.5557932
s_016um_00133_00318-1,1.6846952
s_016um_00048_00215-1,1.600793
s_016um_00213_00026-1,1.5713652
s_016um_00279_00131-1,1.5299336
s_016um_00168_00376-1,1.5207169
s_016um_00014_00271-1,1.5677245
s_016um_00097_00336-1,1.5695516
s_016um_00133_00316-1,1.464226
s_016um_00104_00386-1,1.5791346
s_016um_00137_00073-1,1.640688
s_016um_00081_00201-1,1.5457777
s_016um_00281_00313-1,1.5002506
s_016um_00354_00097-1,1.6126424
s_016um_00149_00403-1,1.5316652
s_016um_00247_00024-1,1.6665866
s_016um_00011_00155-1,1.6809566
s_016um_00260_00129-1,1.6492357
s_016um_00033_00100-1,1.6320063
s_016um_00032_00101-1,1.5956209
s_016um_00028_00334-1,1.5191445
s_016um_00405_00397-1,1.1296182
s_016um_00386_00126-1,1.789924
s_016um_00085_00268-1,1.5190313
s_016um_00043_00241-1,1.7302698
s_016um_00038_00048-1,1.643331
s_016um_00376_00137-1,1.5570825
s_016um_00391_00183-1,1.4549211
s_016um_00271_00029-1,1.6189232
s_016um_00094_00318-1,1.5807557
s_016um_00097_00315-1,1.6305512
s_016um_00273_00328-1,1.6139951
s_016um_00032_00331-1,1.5980659
s_016um_00097_00337-1,1.6311738
s_016um_00009_00214-1,1.4902413
s_016um_00386_00299-1,1.5692166
s_016um_00146_00398-1,1.5954552
s_016um_00216_00034-1,1.5362755
s_016um_00344_00216-1,1.5034232
s_016um_00216_00169-1,1.6158866
s_016um_00281_00134-1,1.5626955
s_016um_00133_00386-1,1.6216633
s_016um_00354_00120-1,1.5940039
s_016um_00113_00313-1,1.6308937
s_016um_00329_00257-1,1.5350266
s_016um_00143_00061-1,1.5718687
s_016um_00368_00094-1,1.5262331
s_016um_00407_00400-1,0.04318154
s_016um_00277_00204-1,1.5723624
s_016um_00064_00235-1,1.7281278
s_016um_00009_00207-1,1.6900057
s_016um_00273_00334-1,1.6373098
s_016um_00041_00203-1,1.6157794
s_016um_00177_00027-1,1.5995924
s_016um_00137_00223-1,1.6163406
s_016um_00072_00250-1,1.5106955
s_016um_00265_00131-1,1.607009
s_016um_00414_00102-1,1.5037953
s_016um_00231_00262-1,1.561466
s_016um_00055_00246-1,1.6077206
s_016um_00280_00318-1,1.4909295
s_016um_00146_00015-1,1.6347452
s_016um_00364_00100-1,1.5994445
s_016um_00270_00032-1,1.507569
s_016um_00377_00121-1,1.5335522
s_016um_00066_00234-1,1.637676
s_016um_00139_00014-1,1.6319631
s_016um_00098_00275-1,1.5093291
s_016um_00185_00028-1,1.6466787
s_016um_00276_00050-1,1.5512958
s_016um_00394_00213-1,1.553408
s_016um_00251_00019-1,1.5770609
s_016um_00078_00197-1,1.5543126
s_016um_00358_00288-1,1.5523245
s_016um_00406_00150-1,1.5349905
s_016um_00220_00280-1,1.5326256
s_016um_00263_00134-1,1.5349743
s_016um_00083_00279-1,1.5386122
s_016um_00158_00285-1,1.5519936
s_016um_00221_00247-1,1.5366303
s_016um_00352_00122-1,1.5550318
s_016um_00065_00130-1,1.5985589
s_016um_00366_00229-1,1.6115412
s_016um_00074_00251-1,1.5627275
s_016um_00088_00268-1,1.5602467
s_016um_00080_00268-1,1.543259
s_016um_00285_00099-1,1.5983707
s_016um_00121_00145-1,1.6066936
s_016um_00076_00245-1,1.5444086
s_016um_00332_00218-1,1.6071479
s_016um_00210_00293-1,1.556707
s_016um_00220_00238-1,1.597371
s_016um_00367_00144-1,1.4922482
s_016um_00332_00122-1,1.567222
s_016um_00320_00227-1,1.624888
s_016um_00136_00321-1,1.3785758
s_016um_00256_00030-1,1.5309861
s_016um_00089_00338-1,1.6315671
s_016um_00146_00060-1,1.6450973
s_016um_00012_00157-1,1.5601971
s_016um_00007_00214-1,1.5793041
s_016um_00084_00198-1,1.5261785
s_016um_00088_00197-1,1.6306226
s_016um_00399_00123-1,1.5735741
s_016um_00392_00177-1,1.5381818
s_016um_00192_00090-1,1.600102
s_016um_00110_00322-1,1.4953148
s_016um_00381_00131-1,1.5609993
s_016um_00038_00204-1,1.5607507
s_016um_00375_00140-1,1.5736653
s_016um_00370_00120-1,1.5064462
s_016um_00323_00298-1,1.5691828
s_016um_00263_00337-1,1.5560192
s_016um_00079_00295-1,1.5733123
s_016um_00352_00019-1,1.5895001
s_016um_00009_00298-1,1.5620886
s_016um_00393_00182-1,1.5615221
s_016um_00006_00212-1,1.6132795
s_016um_00213_00030-1,1.6003661
s_016um_00201_00153-1,1.6868538
s_016um_00354_00095-1,1.4988965
s_016um_00402_00123-1,1.4991875
s_016um_00130_00388-1,1.5844353
s_016um_00131_00229-1,1.5395731
s_016um_00074_00252-1,1.6765833
s_016um_00362_00414-1,1.2448401
s_016um_00373_00120-1,1.5695263
s_016um_00240_00085-1,1.6957512
s_016um_00086_00269-1,1.5769143
s_016um_00223_00227-1,1.6245021
s_016um_00190_00129-1,1.5545104
s_016um_00233_00088-1,1.6107879
s_016um_00139_00059-1,1.5371993
s_016um_00038_00101-1,1.596908
s_016um_00258_00034-1,1.6412429
s_016um_00393_00293-1,1.5687655
s_016um_00076_00237-1,1.497244
s_016um_00370_00227-1,1.5201441
s_016um_00287_00101-1,1.5862381
s_016um_00044_00220-1,1.5830605
s_016um_00400_00121-1,1.7139633
s_016um_00410_00150-1,1.6157746
s_016um_00157_00290-1,1.6363511
s_016um_00076_00298-1,1.5446117
s_016um_00204_00150-1,1.569505
s_016um_00320_00163-1,1.5924236
s_016um_00391_00359-1,1.279556
s_016um_00289_00096-1,1.656569
s_016um_00159_00289-1,1.4949983
s_016um_00369_00125-1,1.5236801
s_016um_00048_00216-1,1.7100594
s_016um_00328_00127-1,1.554723
s_016um_00242_00082-1,1.6101155
s_016um_00221_00027-1,1.5785167
s_016um_00369_00224-1,1.5898986
s_016um_00086_00285-1,1.4173179
s_016um_00097_00277-1,1.5596673
s_016um_00115_00147-1,1.6288164
s_016um_00361_00416-1,1.1717753
s_016um_00085_00267-1,1.5864868
s_016um_00006_00294-1,1.5169282
s_016um_00131_00321-1,1.5118648
s_016um_00327_00216-1,1.5489206
s_016um_00129_00092-1,1.5894014
s_016um_00399_00369-1,1.5187135
s_016um_00394_00366-1,1.6959671
s_016um_00124_00384-1,1.5311538
s_016um_00053_00245-1,1.5190108
s_016um_00257_00027-1,1.6533544
s_016um_00080_00265-1,1.5406061
s_016um_00129_00228-1,1.5333457
s_016um_00226_00249-1,1.5072486
s_016um_00190_00127-1,1.6483942
s_016um_00100_00027-1,1.640083
s_016um_00325_00228-1,1.5600457
s_016um_00045_00211-1,1.5781274
s_016um_00225_00233-1,1.5422723
s_016um_00228_00331-1,1.5861435
s_016um_00277_00325-1,1.6684768
s_016um_00309_00059-1,1.6153109
s_016um_00266_00335-1,1.6666026
s_016um_00390_00180-1,1.5097442
s_016um_00076_00251-1,1.534353
s_016um_00082_00270-1,1.5405322
s_016um_00079_00284-1,1.5224302
s_016um_00366_00096-1,1.5252514
s_016um_00036_00048-1,1.5648674
s_016um_00254_00022-1,1.6406003
s_016um_00398_00257-1,1.5753913
s_016um_00406_00145-1,1.5174447
s_016um_00273_00325-1,1.5505904
s_016um_00077_00250-1,1.69305
s_016um_00275_00203-1,1.5176312
s_016um_00410_00099-1,1.5939182
s_016um_00098_00068-1,1.5412405
s_016um_00411_00097-1,1.5052161
s_016um_00138_00220-1,1.5292968
s_016um_00400_00214-1,1.5939894
s_016um_00087_00033-1,1.6446202
s_016um_00007_00211-1,1.5555487
s_016um_00011_00156-1,1.6239073
s_016um_00367_00229-1,1.5263735
s_016um_00138_00222-1,1.5664934
s_016um_00331_00252-1,1.5732281
s_016um_00401_00258-1,1.5864366
s_016um_00007_00150-1,1.5528417
s_016um_00085_00282-1,1.5048269
s_016um_00360_00289-1,1.5898714
s_016um_00263_00331-1,1.6361686
s_016um_00032_00007-1,1.6554017
s_016um_00165_00128-1,1.5522034
s_016um_00141_00058-1,1.624375
s_016um_00214_00017-1,1.6723126
s_016um_00090_00277-1,1.5797533
s_016um_00061_00129-1,1.6570807
s_016um_00093_00341-1,1.5875639
s_016um_00264_00336-1,1.5984324
s_016um_00097_00322-1,1.6226243
s_016um_00325_00165-1,1.5740625
s_016um_00256_00031-1,1.5751108
s_016um_00060_00243-1,1.5492218
s_016um_00217_00230-1,1.5319556
s_016um_00260_00188-1,1.5612922
s_016um_00057_00244-1,1.5462617
s_016um_00236_00090-1,1.6948159
s_016um_00407_00125-1,1.560192
s_016um_00396_00177-1,1.5722848
s_016um_00401_00218-1,1.5969546
s_016um_00126_00382-1,1.5260589
s_016um_00400_00215-1,1.6014957
s_016um_00354_00115-1,1.5284709
s_016um_00364_00098-1,1.6252424
s_016um_00260_00186-1,1.5887743
s_016um_00392_00178-1,1.670768
s_016um_00132_00383-1,1.5836457
s_016um_00236_00189-1,1.5279014
s_016um_00354_00019-1,1.8287599
s_016um_00082_00067-1,1.6250682
s_016um_00283_00095-1,1.6289598
s_016um_00062_00234-1,1.5336459
s_016um_00090_00279-1,1.456293
s_016um_00324_00163-1,1.5392644
s_016um_00396_00357-1,1.5244135
s_016um_00255_00022-1,1.6513648
s_016um_00008_00159-1,1.6288794
s_016um_00269_00035-1,1.5425105
s_016um_00034_00103-1,1.6858795
s_016um_00331_00255-1,1.5749809
s_016um_00080_00243-1,1.6111593
s_016um_00169_00124-1,1.5177054
s_016um_00218_00030-1,1.7003293
s_016um_00261_00132-1,1.6115589
s_016um_00095_00027-1,1.7063795
s_016um_00330_00119-1,1.5502183
s_016um_00040_00213-1,1.4820151
s_016um_00019_00269-1,1.6600426
s_016um_00096_00315-1,1.515685
s_016um_00338_00398-1,1.6165191
s_016um_00402_00396-1,1.3664273
s_016um_00393_00357-1,1.5480818
s_016um_00105_00067-1,1.5757128
s_016um_00171_00370-1,1.6534421
s_016um_00246_00086-1,1.7164514
s_016um_00131_00090-1,1.6157196
s_016um_00044_00213-1,1.5791632
s_016um_00044_00217-1,1.58865
s_016um_00380_00135-1,1.4865977
s_016um_00402_00263-1,1.4818274
s_016um_00138_00020-1,1.643159
s_016um_00357_00114-1,1.5911499
s_016um_00265_00030-1,1.5447013
s_016um_00370_00139-1,1.5830609
s_016um_00099_00323-1,1.5079453
s_016um_00022_00269-1,1.531398
s_016um_00337_00253-1,1.5261252
s_016um_00076_00295-1,1.5779642
s_016um_00105_00387-1,1.6160228
s_016um_00093_00323-1,1.5017966
s_016um_00145_00400-1,1.5730801
s_016um_00264_00133-1,1.5478756
s_016um_00194_00091-1,1.5234365
s_016um_00226_00251-1,1.5279919
s_016um_00011_00215-1,1.6279454
s_016um_00172_00372-1,1.581152
s_016um_00324_00225-1,1.5475032
s_016um_00199_00146-1,1.5474365
s_016um_00214_00032-1,1.6554862
s_016um_00397_00369-1,1.5372334
s_016um_00241_00190-1,1.6041734
s_016um_00373_00144-1,1.4681051
s_016um_00368_00119-1,1.56734
s_016um_00137_00221-1,1.5207441
s_016um_00323_00169-1,1.6122599
s_016um_00012_00298-1,1.6003994
s_016um_00182_00026-1,1.6569268
s_016um_00312_00052-1,1.6006845
s_016um_00192_00128-1,1.4545914
s_016um_00046_00204-1,1.7098163
s_016um_00398_00364-1,1.6125094
s_016um_00265_00061-1,1.5807728
s_016um_00276_00206-1,1.5199095
s_016um_00272_00036-1,1.5198513
s_016um_00371_00145-1,1.5364884
s_016um_00108_00320-1,1.1526494
s_016um_00391_00361-1,1.3922626
s_016um_00228_00247-1,1.5322647
s_016um_00130_00386-1,1.5540135
s_016um_00367_00146-1,1.5797203
s_016um_00377_00136-1,1.6137217
s_016um_00076_00246-1,1.6006163
s_016um_00399_00218-1,1.4141055
s_016um_00274_00047-1,1.5594393
s_016um_00409_00149-1,1.5394794
s_016um_00213_00294-1,1.5612481
s_016um_00133_00319-1,1.567989
s_016um_00257_00028-1,1.6136069
s_016um_00090_00341-1,1.6614071
s_016um_00134_00228-1,1.5974466
s_016um_00407_00103-1,1.5180786
s_016um_00078_00250-1,1.7292941
s_016um_00357_00115-1,1.5226176
s_016um_00143_00062-1,1.5928581
s_016um_00274_00322-1,1.5249883
s_016um_00199_00152-1,1.662071
s_016um_00205_00151-1,1.5492367
s_016um_00093_00318-1,1.6185273
s_016um_00144_00015-1,1.583273
s_016um_00226_00232-1,1.5140202
s_016um_00211_00034-1,1.7295344
s_016um_00166_00372-1,1.5384617
s_016um_00354_00025-1,1.5797893
s_016um_00306_00058-1,1.6114938
s_016um_00269_00222-1,1.6108236
s_016um_00351_00096-1,1.5660027
s_016um_00278_00204-1,1.5793389
s_016um_00368_00223-1,1.5414611
s_016um_00039_00098-1,1.5819039
s_016um_00105_00070-1,1.626595
s_016um_00243_00186-1,1.6750785
s_016um_00268_00059-1,1.6483424
s_016um_00196_00093-1,1.629773
s_016um_00206_00146-1,1.517248
s_016um_00280_00313-1,1.5652223
s_016um_00413_00098-1,1.4971819
s_016um_00038_00205-1,1.6151134
s_016um_00133_00070-1,1.5952647
s_016um_00044_00044-1,1.7024817
s_016um_00387_00131-1,1.6033536
s_016um_00389_00294-1,1.8044761
s_016um_00173_00377-1,1.5308373
s_016um_00217_00014-1,1.5635698
s_016um_00139_00019-1,1.6317687
s_016um_00072_00248-1,1.5468196
s_016um_00164_00289-1,1.4793657
s_016um_00256_00023-1,1.5642776
s_016um_00080_00034-1,1.6501455
s_016um_00219_00018-1,1.6931056
s_016um_00132_00319-1,1.7019287
s_016um_00393_00372-1,1.6158315
s_016um_00225_00236-1,1.5296476
s_016um_00373_00139-1,1.5396575
s_016um_00111_00317-1,1.5263928
s_016um_00401_00214-1,1.5656207
s_016um_00398_00255-1,1.5528567
s_016um_00133_00321-1,1.5976518
s_016um_00153_00398-1,1.5338786
s_016um_00273_00050-1,1.6113
s_016um_00006_00156-1,1.6060325
s_016um_00212_00027-1,1.5938194
s_016um_00329_00216-1,1.5203489
s_016um_00169_00123-1,1.5802819
s_016um_00262_00132-1,1.5416546
s_016um_00216_00279-1,1.5362724
s_016um_00089_00276-1,1.5785937
s_016um_00323_00170-1,1.5197728
s_016um_00132_00233-1,1.5887213
s_016um_00012_00214-1,1.585052
s_016um_00348_00022-1,1.6520022
s_016um_00325_00164-1,1.5588335
s_016um_00221_00167-1,1.5511194
s_016um_00229_00268-1,1.5014703
s_016um_00280_00317-1,1.591757
s_016um_00165_00292-1,1.5536234
s_016um_00414_00140-1,1.5244658
s_016um_00235_00086-1,1.5298258
s_016um_00400_00260-1,1.5803827
s_016um_00223_00249-1,1.558954
s_016um_00397_00262-1,1.590247
s_016um_00404_00258-1,1.5794148
s_016um_00400_00261-1,1.5068785
s_016um_00280_00322-1,1.6169431
s_016um_00270_00224-1,1.5330359
s_016um_00138_00058-1,1.587803
s_016um_00340_00400-1,1.6436414
s_016um_00108_00389-1,1.5739335
s_016um_00090_00278-1,1.5116314
s_016um_00351_00121-1,1.5892758
s_016um_00276_00324-1,1.576247
s_016um_00328_00119-1,1.6713723
s_016um_00008_00149-1,1.6400298
s_016um_00393_00364-1,1.7013502
s_016um_00095_00337-1,1.6236851
s_016um_00084_00265-1,1.4972165
s_016um_00364_00223-1,1.599989
s_016um_00396_00361-1,1.6587138
s_016um_00075_00298-1,1.4983374
s_016um_00236_00187-1,1.6635802
s_016um_00035_00175-1,1.5933808
s_016um_00264_00329-1,1.5202256
s_016um_00094_00024-1,1.5654694
s_016um_00385_00295-1,1.6113275
s_016um_00031_00337-1,1.5797114
s_016um_00131_00386-1,1.4040055
s_016um_00391_00296-1,1.4763929
s_016um_00041_00102-1,1.5750233
s_016um_00145_00018-1,1.5951351
s_016um_00041_00212-1,1.5984198
s_016um_00094_00322-1,1.4419991
s_016um_00366_00224-1,1.5468464
s_016um_00020_00270-1,1.5243123
s_016um_00038_00209-1,1.5894891
s_016um_00219_00013-1,1.5897793
s_016um_00089_00274-1,1.5578791
s_016um_00064_00128-1,1.5754918
s_016um_00335_00255-1,1.6219604
s_016um_00044_00216-1,1.5665215
s_016um_00216_00281-1,1.5533271
s_016um_00032_00332-1,1.5734186
s_016um_00132_00313-1,1.6428812
s_016um_00358_00092-1,1.6124547
s_016um_00108_00388-1,1.5891827
s_016um_00032_00086-1,1.644948
s_016um_00372_00141-1,1.5222604
s_016um_00396_00217-1,1.5518892
s_016um_00362_00290-1,1.5300044
s_016um_00193_00121-1,1.6118435
s_016um_00275_00132-1,1.6284448
s_016um_00234_00267-1,1.462978
s_016um_00226_00236-1,1.5349102
s_016um_00129_00230-1,1.5846103
s_016um_00355_00091-1,1.5170583
s_016um_00044_00174-1,1.6975348
s_016um_00351_00020-1,1.6377763
s_016um_00037_00099-1,1.5914426
s_016um_00370_00229-1,1.5444013
s_016um_00086_00282-1,1.5078926
s_016um_00144_00014-1,1.5687453
s_016um_00167_00123-1,1.5924306
s_016um_00232_00262-1,1.6899315
s_016um_00085_00035-1,1.6337171
s_016um_00414_00103-1,1.4983598
s_016um_00221_00329-1,1.5521587
s_016um_00343_00213-1,1.5329626
s_016um_00079_00283-1,1.5258585
s_016um_00047_00219-1,1.6313292
s_016um_00398_00124-1,1.5159558
s_016um_00080_00272-1,1.6507906
s_016um_00270_00222-1,1.5775652
s_016um_00097_00272-1,1.5753602
s_016um_00079_00286-1,1.6363825
s_016um_00064_00132-1,1.606992
s_016um_00306_00055-1,1.5270892
s_016um_00222_00014-1,1.6722293
s_016um_00226_00237-1,1.5655738
s_016um_00218_00230-1,1.5633258
s_016um_00210_00027-1,1.6219047
s_016um_00223_00247-1,1.5102981
s_016um_00275_00046-1,1.538063
s_016um_00138_00018-1,1.5213751
s_016um_00145_00020-1,1.6538687
s_016um_00013_00214-1,1.5843903
s_016um_00217_00225-1,1.5241394
s_016um_00125_00382-1,1.539369
s_016um_00192_00099-1,1.581773
s_016um_00063_00231-1,1.561789
s_016um_00393_00338-1,1.6046554
s_016um_00107_00316-1,1.6040692
s_016um_00350_00118-1,1.5516398
s_016um_00413_00140-1,1.672361
s_016um_00281_00131-1,1.6133571
s_016um_00132_00386-1,1.5990171
s_016um_00355_00120-1,1.6161336
s_016um_00125_00087-1,1.5656339
s_016um_00078_00268-1,1.4768475
s_016um_00144_00019-1,1.6819506
s_016um_00086_00199-1,1.5618064
s_016um_00408_00398-1,0.6969178
s_016um_00096_00324-1,1.6108541
s_016um_00202_00148-1,1.624202
s_016um_00260_00185-1,1.6600263
s_016um_00094_00336-1,1.5984641
s_016um_00128_00232-1,1.5358833
s_016um_00404_00399-1,0.9114015
s_016um_00188_00092-1,1.5929273
s_016um_00391_00294-1,1.5244504
s_016um_00325_00124-1,1.5266834
s_016um_00212_00028-1,1.6816713
s_016um_00092_00342-1,1.6526997
s_016um_00266_00127-1,1.6645135
s_016um_00227_00232-1,1.5909843
s_016um_00036_00102-1,1.5585084
s_016um_00212_00290-1,1.5435208
s_016um_00011_00300-1,1.59049
s_016um_00359_00414-1,1.551757
s_016um_00135_00072-1,1.5409646
s_016um_00082_00292-1,1.6054753
s_016um_00152_00399-1,1.5782356
s_016um_00274_00230-1,1.5830246
s_016um_00194_00126-1,1.6098852
s_016um_00355_00022-1,1.6308801
s_016um_00402_00124-1,1.5868614
s_016um_00229_00250-1,1.5349677
s_016um_00218_00026-1,1.5556808
s_016um_00179_00027-1,1.6774814
s_016um_00213_00031-1,1.6769677
s_016um_00014_00269-1,1.6605798
s_016um_00398_00220-1,1.5796695
s_016um_00129_00385-1,1.635183
s_016um_00352_00116-1,1.579567
s_016um_00215_00012-1,1.6046517
s_016um_00221_00025-1,1.6547567
s_016um_00235_00356-1,1.5791917
s_016um_00380_00130-1,1.543511
s_016um_00084_00280-1,1.5693841
s_016um_00204_00148-1,1.6015412
s_016um_00309_00057-1,1.612723
s_016um_00358_00120-1,1.6129122
s_016um_00275_00138-1,1.6321155
s_016um_00033_00099-1,1.6304799
s_016um_00080_00238-1,1.5645763
s_016um_00010_00209-1,1.6111189
s_016um_00281_00322-1,1.7121097
s_016um_00078_00283-1,1.4965343
s_016um_00262_00333-1,1.5756663
s_016um_00237_00090-1,1.7015948
s_016um_00083_00032-1,1.596023
s_016um_00324_00164-1,1.578856
s_016um_00321_00226-1,1.5848439
s_016um_00048_00244-1,1.5119739
s_016um_00326_00123-1,1.4937932
s_016um_00268_00029-1,1.4994197
s_016um_00243_00185-1,1.5997311
s_016um_00322_00164-1,1.633754
s_016um_00387_00297-1,1.5262167
s_016um_00080_00242-1,1.4855514
s_016um_00226_00246-1,1.4965173
s_016um_00392_00345-1,1.4513892
s_016um_00142_00058-1,1.620247
s_016um_00012_00155-1,1.568975
s_016um_00404_00151-1,1.6313882
s_016um_00214_00027-1,1.6408973
s_016um_00088_00030-1,1.6212288
s_016um_00234_00085-1,1.7033172
s_016um_00254_00027-1,1.5858055
s_016um_00145_00055-1,1.556732
s_016um_00338_00403-1,1.6242455
s_016um_00222_00026-1,1.617725
s_016um_00397_00371-1,1.6207482
s_016um_00248_00083-1,1.6395606
s_016um_00093_00315-1,1.551518
s_016um_00278_00320-1,1.5736055
s_016um_00035_00011-1,1.5879625
s_016um_00221_00171-1,1.5720521
s_016um_00235_00354-1,1.6162357
s_016um_00143_00053-1,1.6363766
s_016um_00171_00122-1,1.5654716
s_016um_00354_00291-1,1.5836313
s_016um_00042_00046-1,1.5061624
s_016um_00006_00297-1,1.4778687
s_016um_00269_00036-1,1.5352602
s_016um_00225_00328-1,1.5413647
s_016um_00232_00091-1,1.6423664
s_016um_00135_00227-1,1.497512
s_016um_00333_00249-1,1.5780362
s_016um_00003_00154-1,1.6821933
s_016um_00215_00283-1,1.5288868
s_016um_00047_00239-1,1.5521703
s_016um_00393_00369-1,1.5635515
s_016um_00358_00114-1,1.5874342
s_016um_00265_00129-1,1.5756416
s_016um_00359_00290-1,1.5488402
s_016um_00220_00174-1,1.4725922
s_016um_00341_00217-1,1.6941562
s_016um_00211_00028-1,1.7263005
s_016um_00086_00070-1,1.5082335
s_016um_00036_00174-1,1.7058444
s_016um_00374_00117-1,1.6762927
s_016um_00196_00092-1,1.5376965
s_016um_00366_00227-1,1.5689899
s_016um_00418_00135-1,1.5662656
s_016um_00222_00228-1,1.5086657
s_016um_00091_00279-1,1.5665768
s_016um_00390_00292-1,1.6322768
s_016um_00043_00213-1,1.5878989
s_016um_00335_00257-1,1.5688306
s_016um_00400_00255-1,1.567007
s_016um_00135_00318-1,1.6588877
s_016um_00033_00102-1,1.5458939
s_016um_00013_00213-1,1.6142598
s_016um_00367_00142-1,1.5621972
s_016um_00168_00373-1,1.6010484
s_016um_00331_00125-1,1.5293792
s_016um_00143_00054-1,1.7246584
s_016um_00358_00416-1,1.280931
s_016um_00239_00190-1,1.474034
s_016um_00132_00227-1,1.505232
s_016um_00005_00300-1,1.5668052
s_016um_00030_00090-1,1.5811415
s_016um_00129_00088-1,1.7954367
s_016um_00399_00181-1,1.5959153
s_016um_00401_00127-1,1.5211611
s_016um_00360_00290-1,1.6132902
s_016um_00007_00208-1,1.587754
s_016um_00396_00212-1,1.5120474
s_016um_00222_00229-1,1.644985
s_016um_00326_00301-1,1.5732468
s_016um_00405_00152-1,1.6152093
s_016um_00382_00127-1,1.5394167
s_016um_00143_00017-1,1.6080027
s_016um_00382_00132-1,1.5190988
s_016um_00336_00398-1,1.6393517
s_016um_00270_00059-1,1.5865633
s_016um_00334_00210-1,1.5808027
s_016um_00142_00056-1,1.5414277
s_016um_00004_00151-1,1.5365684
s_016um_00223_00166-1,1.552304
s_016um_00277_00051-1,1.7747513
s_016um_00043_00211-1,1.5220497
s_016um_00249_00086-1,1.5406834
s_016um_00221_00282-1,1.591417
s_016um_00071_00251-1,1.5162753
s_016um_00204_00145-1,1.6029788
s_016um_00267_00330-1,1.5624186
s_016um_00390_00340-1,1.5892909
s_016um_00274_00051-1,1.5519238
s_016um_00256_00189-1,1.6070542
s_016um_00279_00316-1,1.4904568
s_016um_00224_00167-1,1.5200466
s_016um_00086_00197-1,1.5591556
s_016um_00209_00034-1,1.6755652
s_016um_00170_00371-1,1.5594841
s_016um_00128_00386-1,1.5847603
s_016um_00103_00071-1,1.7476699
s_016um_00046_00215-1,1.5863457
s_016um_00355_00095-1,1.5427599
s_016um_00393_00297-1,1.6138592
s_016um_00081_00036-1,1.6253207
s_016um_00157_00287-1,1.5532483
s_016um_00139_00217-1,1.5695238
s_016um_00269_00332-1,1.5484071
s_016um_00068_00230-1,1.6797444
s_016um_00219_00231-1,1.5787995
s_016um_00105_00386-1,1.7354406
s_016um_00272_00048-1,1.6009127
s_016um_00392_00183-1,1.6011646
s_016um_00037_00105-1,1.600745
s_016um_00235_00183-1,1.5540454
s_016um_00392_00359-1,1.5907274
s_016um_00242_00187-1,1.7307105
s_016um_00130_00389-1,1.5903801
s_016um_00047_00237-1,1.5902057
s_016um_00131_00318-1,1.5750965
s_016um_00230_00356-1,1.5446271
s_016um_00196_00125-1,1.4828849
s_016um_00171_00374-1,1.698543
s_016um_00103_00067-1,1.4394772
s_016um_00358_00295-1,1.5310078
s_016um_00011_00293-1,1.7278879
s_016um_00106_00391-1,1.5591083
s_016um_00078_00243-1,1.5553007
s_016um_00081_00194-1,1.7984653
s_016um_00147_00402-1,1.5440301
s_016um_00068_00232-1,1.4837538
s_016um_00390_00291-1,1.4636796
s_016um_00009_00152-1,1.5226344
s_016um_00041_00101-1,1.5272532
s_016um_00200_00146-1,1.5764664
s_016um_00381_00140-1,1.5573522
s_016um_00268_00131-1,1.6254586
s_016um_00195_00128-1,1.6070237
s_016um_00131_00233-1,1.5717859
s_016um_00040_00042-1,1.4619629
s_016um_00275_00137-1,1.5934147
s_016um_00065_00236-1,1.6591299
s_016um_00337_00257-1,1.540743
s_016um_00072_00234-1,1.5518014
s_016um_00398_00214-1,1.5309049
s_016um_00311_00058-1,1.5880002
s_016um_00258_00033-1,1.5756202
s_016um_00091_00267-1,1.5247838
s_016um_00221_00029-1,1.590772
s_016um_00225_00031-1,1.6226797
s_016um_00116_00149-1,1.5895967
s_016um_00234_00362-1,1.5268495
s_016um_00233_00263-1,1.5672166
s_016um_00125_00088-1,1.580575
s_016um_00224_00169-1,1.6540385
s_016um_00366_00097-1,1.5866481
s_016um_00061_00128-1,1.5583838
s_016um_00021_00269-1,1.67633
s_016um_00261_00185-1,1.6244228
s_016um_00385_00296-1,1.6383361
s_016um_00130_00320-1,1.5924122
s_016um_00255_00027-1,1.7689025
s_016um_00331_00209-1,1.6104617
s_016um_00005_00155-1,1.692793
s_016um_00211_00293-1,1.5893687
s_016um_00330_00126-1,1.5578731
s_016um_00174_00373-1,1.6599293
s_016um_00084_00284-1,1.656588
s_016um_00239_00186-1,1.5633011
s_016um_00278_00049-1,1.5763003
s_016um_00098_00320-1,1.4626253
s_016um_00047_00243-1,1.6104378
s_016um_00107_00386-1,1.5865374
s_016um_00336_00254-1,1.6387268
s_016um_00266_00031-1,1.5408849
s_016um_00233_00261-1,1.587793
s_016um_00410_00105-1,1.5891522
s_016um_00266_00033-1,1.621053
s_016um_00189_00126-1,1.6538538
s_016um_00078_00295-1,1.5844653
s_016um_00047_00245-1,1.5469505
s_016um_00274_00132-1,1.5518639
s_016um_00225_00239-1,1.5714238
s_016um_00215_00279-1,1.4755375
s_016um_00092_00278-1,1.561966
s_016um_00399_00215-1,1.4673364
s_016um_00394_00362-1,1.6158636
s_016um_00374_00139-1,1.5908597
s_016um_00225_00244-1,1.5517038
s_016um_00219_00025-1,1.5282977
s_016um_00079_00249-1,1.5821409
s_016um_00327_00211-1,1.5879779
s_016um_00010_00215-1,1.6625475
s_016um_00412_00139-1,1.6164573
s_016um_00096_00317-1,1.5087024
s_016um_00130_00384-1,1.646687
s_016um_00039_00175-1,1.6013554
s_016um_00215_00016-1,1.6079261
s_016um_00167_00127-1,1.5731951
s_016um_00077_00245-1,1.5187575
s_016um_00371_00125-1,1.61669
s_016um_00240_00088-1,1.6212381
s_016um_00280_00323-1,1.7217312
s_016um_00223_00028-1,1.5776566
s_016um_00139_00216-1,1.5599369
s_016um_00133_00226-1,1.5213736
s_016um_00389_00338-1,1.5813041
s_016um_00365_00097-1,1.5547731
s_016um_00073_00240-1,1.6279559
s_016um_00129_00390-1,1.5550888
s_016um_00214_00016-1,1.800735
s_016um_00071_00248-1,1.5710435
s_016um_00044_00204-1,1.6063591
s_016um_00101_00068-1,1.6812795
s_016um_00184_00033-1,1.5430624
s_016um_00126_00086-1,1.5796711
s_016um_00098_00025-1,1.686101
s_016um_00080_00198-1,1.571148
s_016um_00067_00236-1,1.684916
s_016um_00320_00303-1,1.5784872
s_016um_00169_00377-1,1.6188377
s_016um_00391_00295-1,1.569635
s_016um_00043_00210-1,1.5056574
s_016um_00401_00123-1,1.5116724
s_016um_00081_00028-1,1.5805151
s_016um_00277_00047-1,1.5890015
s_016um_00290_00098-1,1.5218056
s_016um_00233_00359-1,1.5511544
s_016um_00232_00357-1,1.5416927
s_016um_00228_00235-1,1.5381771
s_016um_00101_00064-1,1.6882826
s_016um_00370_00097-1,1.6428586
s_016um_00032_00088-1,1.5217664
s_016um_00388_00127-1,1.5113505
s_016um_00135_00322-1,1.5349499
s_016um_00288_00095-1,1.5682244
s_016um_00041_00179-1,1.6159209
s_016um_00146_00057-1,1.559012
s_016um_00234_00264-1,1.5497352
s_016um_00044_00045-1,1.6132443
s_016um_00055_00243-1,1.5220097
s_016um_00334_00211-1,1.557818
s_016um_00201_00147-1,1.5679028
s_016um_00414_00135-1,1.4703212
s_016um_00221_00026-1,1.520101
s_016um_00269_00031-1,1.6185277
s_016um_00127_00229-1,1.5554591
s_016um_00139_00077-1,1.641129
s_016um_00046_00206-1,1.555908
s_016um_00212_00031-1,1.4934168
s_016um_00253_00023-1,1.565018
s_016um_00102_00388-1,1.687227
s_016um_00306_00053-1,1.5959883
s_016um_00215_00292-1,1.544699
s_016um_00103_00065-1,1.5844241
s_016um_00090_00273-1,1.5356452
s_016um_00409_00103-1,1.5440927
s_016um_00098_00024-1,1.6129056
s_016um_00043_00172-1,1.5905975
s_016um_00353_00089-1,1.5728091
s_016um_00118_00146-1,1.6028372
s_016um_00399_00217-1,1.5006201
s_016um_00193_00124-1,1.6466352
s_016um_00125_00091-1,1.5818974
s_016um_00014_00268-1,1.6434774
s_016um_00206_00153-1,1.5757849
s_016um_00096_00319-1,1.555435
s_016um_00363_00098-1,1.5412835
s_016um_00114_00315-1,1.5784916
s_016um_00055_00244-1,1.4994987
s_016um_00329_00254-1,1.5598485
s_016um_00087_00196-1,1.6251043
s_016um_00009_00157-1,1.5705928
s_016um_00074_00246-1,1.5509882
s_016um_00200_00150-1,1.62908
s_016um_00009_00301-1,1.5616345
s_016um_00151_00394-1,1.6285037
s_016um_00393_00368-1,1.622153
s_016um_00081_00198-1,1.6693704
s_016um_00277_00328-1,1.5636669
s_016um_00038_00045-1,1.6220273
s_016um_00397_00365-1,1.6433083
s_016um_00132_00385-1,1.612073
s_016um_00399_00365-1,1.5930367
s_016um_00101_00386-1,1.5516838
s_016um_00409_00146-1,1.5679871
s_016um_00123_00146-1,1.5155919
s_016um_00379_00138-1,1.5284435
s_016um_00265_00334-1,1.6260452
s_016um_00075_00253-1,1.9096313
s_016um_00372_00145-1,1.5433216
s_016um_00245_00084-1,1.5681411
s_016um_00266_00329-1,1.5164365
s_016um_00404_00127-1,1.6222275
s_016um_00143_00021-1,1.6324458
s_016um_00037_00096-1,1.6373875
s_016um_00215_00017-1,1.683415
s_016um_00417_00136-1,1.6184726
s_016um_00192_00122-1,1.4706665
s_016um_00077_00237-1,1.5707392
s_016um_00329_00214-1,1.488522
s_016um_00220_00228-1,1.5416381
s_016um_00027_00334-1,1.5681007
s_016um_00356_00294-1,1.5635864
s_016um_00373_00141-1,1.6315438
s_016um_00276_00053-1,1.6486546
s_016um_00098_00032-1,1.5455364
s_016um_00345_00214-1,1.4957883
s_016um_00130_00322-1,1.5529177
s_016um_00093_00276-1,1.6045328
s_016um_00036_00045-1,1.5324943
s_016um_00215_00294-1,1.5081121
s_016um_00285_00100-1,1.5801055
s_016um_00404_00145-1,1.6100043
s_016um_00224_00334-1,1.6205676
s_016um_00083_00263-1,1.5275044
s_016um_00395_00359-1,1.5956988
s_016um_00044_00219-1,1.5592345
s_016um_00265_00059-1,1.581163
s_016um_00116_00144-1,1.53703
s_016um_00194_00125-1,1.5436459
s_016um_00308_00056-1,1.4358135
s_016um_00008_00209-1,1.5474465
s_016um_00125_00090-1,1.682398
s_016um_00031_00090-1,1.5823607
s_016um_00219_00014-1,1.530639
s_016um_00415_00143-1,1.5761927
s_016um_00038_00174-1,1.5414196
s_016um_00279_00328-1,1.5682058
s_016um_00227_00246-1,1.5328797
s_016um_00132_00321-1,1.6935662
s_016um_00151_00400-1,1.497894
s_016um_00382_00139-1,1.5163063
s_016um_00162_00291-1,1.5667727
s_016um_00111_00319-1,1.5213966
s_016um_00263_00060-1,1.6789906
s_016um_00170_00375-1,1.5975728
s_016um_00406_00402-1,0.5899916
s_016um_00328_00215-1,1.5260907
s_016um_00080_00296-1,1.5593393
s_016um_00075_00251-1,1.5457618
s_016um_00241_00188-1,1.6213689
s_016um_00263_00333-1,1.5861577
s_016um_00017_00266-1,1.4538444
s_016um_00131_00225-1,1.5913333
s_016um_00181_00028-1,1.5283738
s_016um_00217_00013-1,1.6421195
s_016um_00221_00017-1,1.642889
s_016um_00083_00192-1,1.6794343
s_016um_00079_00200-1,1.5855281
s_016um_00071_00249-1,1.570738
s_016um_00264_00335-1,1.596607
s_016um_00152_00401-1,1.6603496
s_016um_00275_00325-1,1.6305342
s_016um_00279_00136-1,1.5167764
s_016um_00042_00174-1,1.6443999
s_016um_00217_00228-1,1.5707386
s_016um_00164_00292-1,1.5688287
s_016um_00414_00139-1,1.5545537
s_016um_00287_00099-1,1.5847169
s_016um_00392_00291-1,1.6682862
s_016um_00105_00317-1,1.5802494
s_016um_00267_00031-1,1.5548456
s_016um_00033_00337-1,1.56931
s_016um_00033_00006-1,1.5901468
s_016um_00146_00019-1,1.5404536
s_016um_00376_00124-1,1.5807124
s_016um_00144_00056-1,1.6152651
s_016um_00041_00238-1,1.5235587
s_016um_00330_00250-1,1.572734
s_016um_00276_00135-1,1.6260436
s_016um_00387_00340-1,1.5801641
s_016um_00100_00068-1,1.6051964
s_016um_00279_00323-1,1.6431876
s_016um_00229_00246-1,1.5394884
s_016um_00307_00057-1,1.5909122
s_016um_00395_00342-1,1.626296
s_016um_00270_00028-1,1.6292057
s_016um_00345_00212-1,1.5608182
s_016um_00394_00183-1,1.5438762
s_016um_00079_00243-1,1.5560329
s_016um_00341_00402-1,1.61727
s_016um_00009_00215-1,1.5805646
s_016um_00414_00101-1,1.5673661
s_016um_00121_00143-1,1.2447884
s_016um_00009_00292-1,1.5616258
s_016um_00235_00260-1,1.6123147
s_016um_00082_00237-1,1.6903689
s_016um_00165_00125-1,1.6143574
s_016um_00152_00400-1,1.5649133
s_016um_00102_00387-1,1.5729108
s_016um_00025_00088-1,1.6096207
s_016um_00079_00251-1,1.6103222
s_016um_00216_00171-1,1.651871
s_016um_00265_00328-1,1.5480022
s_016um_00011_00298-1,1.5419828
s_016um_00010_00301-1,1.5559291
s_016um_00276_00202-1,1.5843904
s_016um_00167_00130-1,1.5775354
s_016um_00356_00288-1,1.6767851
s_016um_00128_00094-1,1.7848874
s_016um_00094_00030-1,1.7036769
s_016um_00098_00323-1,1.5703511
s_016um_00063_00132-1,1.5814923
s_016um_00145_00401-1,1.4866195
s_016um_00387_00292-1,1.60661
s_016um_00242_00087-1,1.5727167
s_016um_00087_00065-1,1.6790488
s_016um_00059_00242-1,1.6171331
s_016um_00326_00118-1,1.6161925
s_016um_00407_00145-1,1.5811856
s_016um_00112_00318-1,1.5519583
s_016um_00011_00294-1,1.6025335
s_016um_00370_00095-1,1.5130256
s_016um_00007_00207-1,1.6376725
s_016um_00162_00292-1,1.5701787
s_016um_00139_00020-1,1.6004714
s_016um_00384_00135-1,1.6136519
s_016um_00090_00265-1,1.5656838
s_016um_00332_00255-1,1.600363
s_016um_00270_00327-1,1.6097934
s_016um_00388_00131-1,1.572042
s_016um_00004_00152-1,1.6581483
s_016um_00204_00149-1,1.5978329
s_016um_00196_00094-1,1.563403
s_016um_00273_00315-1,1.575475
s_016um_00036_00097-1,1.6363134
s_016um_00036_00173-1,1.6567429
s_016um_00215_00296-1,1.5582865
s_016um_00257_00189-1,1.5298789
s_016um_00380_00133-1,1.5564288
s_016um_00129_00090-1,1.7888576
s_016um_00354_00116-1,1.5417832
s_016um_00063_00233-1,1.633222
s_016um_00234_00091-1,1.5971342
s_016um_00213_00291-1,1.5117421
s_016um_00044_00205-1,1.6000668
s_016um_00133_00315-1,1.4519161
s_016um_00034_00006-1,1.4993659
s_016um_00365_00094-1,1.541735
s_016um_00334_00250-1,1.4951305
s_016um_00259_00130-1,1.5712497
s_016um_00253_00019-1,1.6849478
s_016um_00236_00089-1,1.7628957
s_016um_00096_00027-1,1.6638848
s_016um_00265_00130-1,1.7358848
s_016um_00330_00251-1,1.4599881
s_016um_00098_00026-1,1.6065018
s_016um_00395_00368-1,1.5002682
s_016um_00337_00251-1,1.5961796
s_016um_00366_00228-1,1.5369443
s_016um_00279_00049-1,1.5429963
s_016um_00276_00044-1,1.5718343
s_016um_00008_00301-1,1.56289
s_016um_00279_00322-1,1.5981423
s_016um_00096_00314-1,1.4938676
s_016um_00324_00125-1,1.5470968
s_016um_00401_00216-1,1.5695747
s_016um_00223_00243-1,1.456449
s_016um_00222_00017-1,1.6476258
s_016um_00134_00320-1,1.6942686
s_016um_00309_00053-1,1.580823
s_016um_00263_00336-1,1.6721425
s_016um_00104_00392-1,1.4864945
s_016um_00364_00224-1,1.5592669
s_016um_00394_00341-1,1.6333935
s_016um_00034_00100-1,1.6038833
s_016um_00070_00230-1,1.5499684
s_016um_00396_00260-1,1.5304966
s_016um_00411_00106-1,1.6078687
s_016um_00029_00329-1,1.693959
s_016um_00143_00019-1,1.6010511
s_016um_00326_00304-1,1.5778785
s_016um_00263_00126-1,1.5639312
s_016um_00281_00137-1,1.6342068
s_016um_00370_00124-1,1.6048442
s_016um_00081_00241-1,1.555497
s_016um_00375_00120-1,1.5765924
s_016um_00223_00237-1,1.6353778
s_016um_00329_00255-1,1.4810919
s_016um_00355_00096-1,1.6591496
s_016um_00193_00093-1,1.5895443
s_016um_00349_00216-1,1.5934904
s_016um_00019_00270-1,1.6150011
s_016um_00094_00335-1,1.5410001
s_016um_00146_00402-1,1.5486063
s_016um_00058_00246-1,1.8609922
s_016um_00235_00264-1,1.578857
s_016um_00268_00054-1,1.4647579
s_016um_00041_00171-1,1.5691805
s_016um_00409_00104-1,1.5246528
s_016um_00400_00371-1,1.3682933
s_016um_00377_00133-1,1.591458
s_016um_00373_00142-1,1.5219687
s_016um_00269_00058-1,1.6084691
s_016um_00149_00399-1,1.5843459
s_016um_00264_00337-1,1.6462221
s_016um_00099_00065-1,1.5177327
s_016um_00164_00127-1,1.6894681
s_016um_00272_00315-1,1.5714984
s_016um_00386_00291-1,1.5881166
s_016um_00142_00055-1,1.5179319
s_016um_00226_00247-1,1.5674272
s_016um_00012_00152-1,1.5857793
s_016um_00279_00327-1,1.5488732
s_016um_00036_00333-1,1.6653018
s_016um_00044_00203-1,1.6861241
s_016um_00165_00289-1,1.5896293
s_016um_00095_00274-1,1.5453162
s_016um_00276_00319-1,1.5656966
s_016um_00398_00219-1,1.4253953
s_016um_00087_00036-1,1.5694036
s_016um_00130_00228-1,1.5110285
s_016um_00170_00377-1,1.6499246
s_016um_00334_00216-1,1.6361141
s_016um_00040_00173-1,1.5689508
s_016um_00282_00134-1,1.5085572
s_016um_00261_00031-1,1.493815
s_016um_00103_00069-1,1.6031308
s_016um_00372_00095-1,1.4539951
s_016um_00396_00259-1,1.4887043
s_016um_00165_00288-1,1.5645618
s_016um_00167_00122-1,1.4949794
s_016um_00103_00384-1,1.6289291
s_016um_00324_00119-1,1.6771033
s_016um_00079_00279-1,1.549645
s_016um_00404_00125-1,1.6339573
s_016um_00388_00292-1,1.6081939
s_016um_00260_00030-1,1.5953115
s_016um_00180_00031-1,1.7615124
s_016um_00327_00226-1,1.5539098
s_016um_00350_00023-1,1.596044
s_016um_00203_00147-1,1.5854475
s_016um_00263_00059-1,1.6409016
s_016um_00236_00263-1,1.5837599
s_016um_00228_00262-1,1.5507513
s_016um_00393_00178-1,1.6187543
s_016um_00135_00316-1,1.4616406
s_016um_00408_00149-1,1.5958418
s_016um_00395_00219-1,1.6239954
s_016um_00100_00319-1,1.5637423
s_016um_00098_00028-1,1.5641721
s_016um_00385_00134-1,1.5896616
s_016um_00373_00098-1,1.5699635
s_016um_00278_00323-1,1.5912774
s_016um_00097_00323-1,1.5801992
s_016um_00141_00074-1,1.5250345
s_016um_00021_00265-1,1.4943761
s_016um_00091_00336-1,1.5144885
s_016um_00092_00336-1,1.5677329
s_016um_00407_00126-1,1.6237698
s_016um_00392_00364-1,1.6298872
s_016um_00100_00030-1,1.6398166
s_016um_00081_00295-1,1.5854107
s_016um_00416_00143-1,1.5600207
s_016um_00328_00124-1,1.5396845
s_016um_00247_00085-1,1.6344022
s_016um_00058_00248-1,1.5466241
s_016um_00274_00203-1,1.4856782
s_016um_00082_00068-1,1.6319177
s_016um_00335_00217-1,1.6276975
s_016um_00006_00157-1,1.554504
s_016um_00406_00122-1,1.5101217
s_016um_00143_00060-1,1.5421655
s_016um_00226_00244-1,1.5426309
s_016um_00217_00276-1,1.5192262
s_016um_00233_00268-1,1.5818295
s_016um_00275_00226-1,1.5344805
s_016um_00217_00229-1,1.5051556
s_016um_00256_00033-1,1.5658054
s_016um_00231_00264-1,1.5553441
s_016um_00204_00146-1,1.609567
s_016um_00065_00124-1,1.6385182
s_016um_00394_00363-1,1.7422396
s_016um_00356_00413-1,1.1286469
s_016um_00035_00336-1,1.5119857
s_016um_00083_00270-1,1.5369923
s_016um_00389_00181-1,1.6084094
s_016um_00399_00255-1,1.6890693
s_016um_00409_00151-1,1.5365765
s_016um_00079_00199-1,1.5248365
s_016um_00047_00238-1,1.5659925
s_016um_00395_00340-1,1.595307
s_016um_00188_00093-1,1.6059053
s_016um_00233_00360-1,1.500154
s_016um_00018_00267-1,1.532559
s_016um_00239_00182-1,1.5874083
s_016um_00214_00297-1,1.54683
s_016um_00131_00320-1,1.4537413
s_016um_00283_00098-1,1.6040602
s_016um_00041_00046-1,1.5837688
s_016um_00229_00333-1,1.5575638
s_016um_00100_00320-1,1.5587531
s_016um_00074_00241-1,1.6361045
s_016um_00145_00022-1,1.6091524
s_016um_00202_00150-1,1.6100914
s_016um_00397_00372-1,1.675804
s_016um_00170_00124-1,1.6838535
s_016um_00221_00012-1,1.5126799
s_016um_00273_00032-1,1.7135082
s_016um_00006_00151-1,1.6774228
s_016um_00075_00245-1,1.3363614
s_016um_00080_00196-1,1.5565747
s_016um_00158_00286-1,1.5892547
s_016um_00148_00398-1,1.4906025
s_016um_00268_00028-1,1.5920036
s_016um_00322_00305-1,1.5755658
s_016um_00088_00029-1,1.5434141
s_016um_00012_00210-1,1.5807384
s_016um_00212_00294-1,1.5536888
s_016um_00063_00235-1,1.4351741
s_016um_00149_00395-1,1.5343964
s_016um_00164_00129-1,1.665816
s_016um_00377_00137-1,1.5707122
s_016um_00139_00016-1,1.5711337
s_016um_00369_00120-1,1.6236507
s_016um_00267_00055-1,1.580514
s_016um_00408_00148-1,1.4923071
s_016um_00275_00321-1,1.603414
s_016um_00362_00288-1,1.6206878
s_016um_00236_00265-1,1.5962226
s_016um_00039_00209-1,1.5057299
s_016um_00282_00096-1,1.5928829
s_016um_00096_00321-1,1.627592
s_016um_00218_00016-1,1.6405993
s_016um_00414_00138-1,1.479132
s_016um_00156_00289-1,1.5997797
s_016um_00135_00321-1,1.5505743
s_016um_00270_00225-1,1.5999861
s_016um_00401_00217-1,1.7002718
s_016um_00133_00232-1,1.5288395
s_016um_00310_00055-1,1.4938452
s_016um_00079_00299-1,1.5845724
s_016um_00267_00057-1,1.5843028
s_016um_00332_00211-1,1.5500015
s_016um_00243_00085-1,1.5877502
s_016um_00030_00091-1,1.5386785
s_016um_00392_00362-1,1.3866419
s_016um_00323_00224-1,1.5629333
s_016um_00065_00132-1,1.5576586
s_016um_00354_00026-1,1.5581646
s_016um_00325_00305-1,1.5409285
s_016um_00361_00292-1,1.5407919
s_016um_00219_00172-1,1.6122036
s_016um_00279_00051-1,1.6904379
s_016um_00408_00102-1,1.5293928
s_016um_00044_00243-1,1.5218184
s_016um_00400_00262-1,1.6073948
s_016um_00267_00028-1,1.694289
s_016um_00223_00172-1,1.6471163
s_016um_00087_00073-1,1.5895668
s_016um_00039_00171-1,1.5809048
s_016um_00136_00070-1,1.58705
s_016um_00270_00035-1,1.5219278
s_016um_00328_00217-1,1.5678966
s_016um_00247_00020-1,1.5203813
s_016um_00269_00334-1,1.5745304
s_016um_00398_00263-1,1.52981
s_016um_00270_00227-1,1.562306
s_016um_00077_00251-1,1.6132382
s_016um_00335_00256-1,1.5629255
s_016um_00062_00130-1,1.5889663
s_016um_00269_00226-1,1.5627797
s_016um_00362_00225-1,1.5011431
s_016um_00364_00096-1,1.532027
s_016um_00216_00277-1,1.58262
s_016um_00093_00275-1,1.5160124
s_016um_00043_00176-1,1.5301685
s_016um_00277_00133-1,1.5452251
s_016um_00138_00072-1,1.5208238
s_016um_00130_00318-1,1.4218322
s_016um_00323_00122-1,1.5785866
s_016um_00082_00286-1,1.5874323
s_016um_00411_00101-1,1.5393906
s_016um_00068_00125-1,1.5812407
s_016um_00096_00030-1,1.5871203
s_016um_00036_00101-1,1.6567417
s_016um_00273_00033-1,1.6014367
s_016um_00063_00236-1,1.6787524
s_016um_00144_00057-1,1.5657208
s_016um_00375_00143-1,1.5576943
s_016um_00037_00179-1,1.6009319
s_016um_00080_00197-1,1.6478466
s_016um_00334_00399-1,1.6351917
s_016um_00378_00132-1,1.5712554
s_016um_00335_00397-1,1.5579603
s_016um_00198_00125-1,1.5621418
s_016um_00236_00084-1,1.7217287
s_016um_00383_00129-1,1.6262038
s_016um_00393_00185-1,1.6170475
s_016um_00224_00244-1,1.5628996
s_016um_00226_00335-1,1.5345798
s_016um_00274_00208-1,1.5677929
s_016um_00082_00280-1,1.5839173
s_016um_00078_00279-1,1.5378302
s_016um_00255_00188-1,1.5959916
s_016um_00395_00215-1,1.4972346
s_016um_00135_00222-1,1.5253627
s_016um_00162_00287-1,1.4970847
s_016um_00084_00072-1,1.6403443
s_016um_00079_00248-1,1.6181616
s_016um_00089_00269-1,1.5213424
s_016um_00399_00259-1,1.5911338
s_016um_00072_00249-1,1.4713235
s_016um_00135_00315-1,1.3477496
s_016um_00329_00302-1,1.5717175
s_016um_00396_00372-1,1.6542968
s_016um_00041_00242-1,1.5923885
s_016um_00014_00211-1,1.6433927
s_016um_00326_00302-1,1.6059097
s_016um_00058_00244-1,1.5432376
s_016um_00182_00032-1,1.744736
s_016um_00241_00186-1,1.5175622
s_016um_00204_00147-1,1.5906864
s_016um_00406_00396-1,1.051955
s_016um_00087_00072-1,1.5702255
s_016um_00218_00028-1,1.6416223
s_016um_00143_00016-1,1.5815619
s_016um_00248_00027-1,1.464955
s_016um_00008_00210-1,1.5733193
s_016um_00408_00104-1,1.5510566
s_016um_00006_00150-1,1.597003
s_016um_00076_00242-1,1.6008731
s_016um_00238_00092-1,1.6038123
s_016um_00236_00092-1,1.6553205
s_016um_00417_00143-1,1.4922677
s_016um_00042_00178-1,1.6042317
s_016um_00389_00296-1,1.523322
s_016um_00384_00127-1,1.6099731
s_016um_00272_00207-1,1.5297236
s_016um_00386_00294-1,1.5465211
s_016um_00110_00313-1,1.5266645
s_016um_00211_00294-1,1.5264981
s_016um_00057_00245-1,1.5613188
s_016um_00170_00121-1,1.5549988
s_016um_00045_00218-1,1.5057968
s_016um_00376_00134-1,1.5711524
s_016um_00040_00209-1,1.5890794
s_016um_00356_00286-1,1.5399467
s_016um_00376_00139-1,1.5493714
s_016um_00144_00061-1,1.498784
s_016um_00394_00339-1,1.5713854
s_016um_00327_00120-1,1.5962017
s_016um_00208_00294-1,1.5362363
s_016um_00320_00164-1,1.6448406
s_016um_00354_00114-1,1.5308043
s_016um_00221_00024-1,1.516051
s_016um_00192_00098-1,1.5660471
s_016um_00337_00254-1,1.4916925
s_016um_00223_00171-1,1.6079158
s_016um_00247_00021-1,1.5364202
s_016um_00085_00067-1,1.560881
s_016um_00054_00249-1,1.5920146
s_016um_00272_00228-1,1.5112367
s_016um_00043_00042-1,1.6017184
s_016um_00289_00097-1,1.4455221
s_016um_00311_00057-1,1.6191313
s_016um_00275_00224-1,1.5092303
s_016um_00141_00020-1,1.6128695
s_016um_00235_00091-1,1.6476562
s_016um_00367_00145-1,1.5424135
s_016um_00418_00139-1,1.5191491
s_016um_00059_00248-1,1.5196602
s_016um_00088_00274-1,1.5416722
s_016um_00141_00075-1,1.5737641
s_016um_00224_00173-1,1.5673656
s_016um_00275_00332-1,1.5329098
s_016um_00077_00248-1,1.5809721
s_016um_00221_00281-1,1.5187427
s_016um_00332_00210-1,1.612604
s_016um_00085_00270-1,1.5586698
s_016um_00370_00098-1,1.5214005
s_016um_00359_00090-1,1.4741354
s_016um_00410_00148-1,1.6121249
s_016um_00081_00300-1,1.5223219
s_016um_00143_00219-1,1.5841293
s_016um_00043_00174-1,1.5724324
s_016um_00219_00226-1,1.5406916
s_016um_00068_00234-1,1.5849351
s_016um_00368_00144-1,1.535103
s_016um_00137_00219-1,1.5561556
s_016um_00114_00314-1,1.4920697
s_016um_00222_00333-1,1.5518156
s_016um_00041_00044-1,1.6352088
s_016um_00253_00030-1,1.5674636
s_016um_00100_00065-1,1.585274
s_016um_00012_00297-1,1.5239414
s_016um_00005_00158-1,1.5843549
s_016um_00140_00069-1,1.6469522
s_016um_00093_00271-1,1.513659
s_016um_00040_00172-1,1.3599445
s_016um_00220_00175-1,1.5917125
s_016um_00393_00181-1,1.6300355
s_016um_00012_00215-1,1.5871192
s_016um_00218_00279-1,1.5962955
s_016um_00286_00096-1,1.7345452
s_016um_00112_00315-1,1.5316964
s_016um_00135_00228-1,1.5187246
s_016um_00133_00087-1,1.6037992
s_016um_00059_00250-1,1.5915595
s_016um_00323_00226-1,1.6008784
s_016um_00244_00090-1,1.5968423
s_016um_00178_00027-1,1.5985783
s_016um_00342_00215-1,1.5947534
s_016um_00191_00096-1,1.557851
s_016um_00213_00036-1,1.7078962
s_016um_00115_00149-1,1.7065617
s_016um_00393_00215-1,1.6307386
s_016um_00342_00400-1,1.6141435
s_016um_00365_00224-1,1.6723237
s_016um_00045_00242-1,1.5256282
s_016um_00318_00164-1,1.504071
s_016um_00079_00270-1,1.5366507
s_016um_00134_00227-1,1.4999473
s_016um_00085_00199-1,1.6038648
s_016um_00128_00317-1,1.5044664
s_016um_00082_00029-1,1.6119406
s_016um_00325_00170-1,1.5529782
s_016um_00087_00195-1,1.6342137
s_016um_00206_00147-1,1.5812609
s_016um_00128_00228-1,1.575117
s_016um_00328_00118-1,1.6601877
s_016um_00020_00264-1,1.5645794
s_016um_00253_00025-1,1.6033145
s_016um_00103_00027-1,1.5431092
s_016um_00131_00093-1,1.6550167
s_016um_00132_00090-1,1.5747473
s_016um_00323_00225-1,1.5761142
s_016um_00283_00099-1,1.6034826
s_016um_00221_00328-1,1.5626364
s_016um_00324_00301-1,1.4491807
s_016um_00085_00194-1,1.6573858
s_016um_00407_00121-1,1.5066984
s_016um_00169_00373-1,1.6010216
s_016um_00324_00170-1,1.596861
s_016um_00322_00303-1,1.549256
s_016um_00170_00379-1,1.5592141
s_016um_00394_00218-1,1.4535381
s_016um_00221_00174-1,1.5865215
s_016um_00340_00217-1,1.551338
s_016um_00223_00031-1,1.6370344
s_016um_00140_00061-1,1.6802567
s_016um_00378_00133-1,1.5871447
s_016um_00029_00337-1,1.511504
s_016um_00215_00289-1,1.561117
s_016um_00089_00070-1,1.5097228
s_016um_00078_00296-1,1.5843896
s_016um_00013_00209-1,1.4980625
s_016um_00357_00292-1,1.548785
s_016um_00130_00094-1,1.7233877
s_016um_00401_00367-1,1.6301559
s_016um_00216_00276-1,1.5105251
s_016um_00135_00071-1,1.4935588
s_016um_00269_00062-1,1.6434073
s_016um_00309_00055-1,1.6175445
s_016um_00269_00328-1,1.6355553
s_016um_00235_00085-1,1.615938
s_016um_00201_00146-1,1.5877388
s_016um_00400_00125-1,1.5341212
s_016um_00043_00173-1,1.6362096
s_016um_00136_00229-1,1.6294665
s_016um_00217_00226-1,1.5506024
s_016um_00081_00239-1,1.5503752
s_016um_00413_00136-1,1.5661345
s_016um_00079_00293-1,1.5190994
s_016um_00273_00044-1,1.6559469
s_016um_00359_00289-1,1.512196
s_016um_00151_00398-1,1.5921568
s_016um_00218_00170-1,1.7424042
s_016um_00223_00024-1,1.5590863
s_016um_00043_00239-1,1.4908866
s_016um_00271_00036-1,1.4929943
s_016um_00404_00261-1,1.6577045
s_016um_00035_00102-1,1.6580913
s_016um_00078_00280-1,1.5644652
s_016um_00276_00323-1,1.5455842
s_016um_00266_00336-1,1.5910438
s_016um_00369_00119-1,1.5417721
s_016um_00252_00020-1,1.6249084
s_016um_00356_00022-1,1.5188115
s_016um_00396_00185-1,1.5338366
s_016um_00071_00245-1,1.5238264
s_016um_00222_00028-1,1.65989
s_016um_00410_00100-1,1.5900288
s_016um_00360_00417-1,1.161934
s_016um_00075_00252-1,1.7894218
s_016um_00223_00225-1,1.5413369
s_016um_00331_00256-1,1.6071055
s_016um_00348_00215-1,1.5345551
s_016um_00281_00132-1,1.6259773
s_016um_00071_00247-1,1.5844057
s_016um_00078_00249-1,1.6131989
s_016um_00070_00238-1,1.5687423
s_016um_00093_00279-1,1.5672888
s_016um_00219_00229-1,1.5677917
s_016um_00403_00129-1,1.663283
s_016um_00389_00340-1,1.5970607
s_016um_00041_00043-1,1.5906261
s_016um_00020_00271-1,1.5656427
s_016um_00395_00180-1,1.5476671
s_016um_00395_00358-1,1.6176605
s_016um_00085_00030-1,1.5122794
s_016um_00044_00210-1,1.5963893
s_016um_00200_00153-1,1.7133875
s_016um_00373_00122-1,1.5284109
s_016um_00363_00222-1,1.5698786
s_016um_00191_00098-1,1.6289403
s_016um_00080_00270-1,1.5576084
s_016um_00272_00206-1,1.6478635
s_016um_00150_00399-1,1.5349466
s_016um_00093_00277-1,1.5270094
s_016um_00158_00287-1,1.6448714
s_016um_00166_00376-1,1.5837435
s_016um_00379_00135-1,1.4437858
s_016um_00403_00258-1,1.6038432
s_016um_00081_00299-1,1.5332032
s_016um_00013_00211-1,1.7336166
s_016um_00085_00034-1,1.7056344
s_016um_00405_00126-1,1.5993166
s_016um_00163_00125-1,1.6676166
s_016um_00361_00293-1,1.4507595
s_016um_00229_00244-1,1.5196937
s_016um_00393_00359-1,1.3406359
s_016um_00271_00033-1,1.60556
s_016um_00320_00225-1,1.5842159
s_016um_00102_00386-1,1.5467032
s_016um_00032_00087-1,1.5246438
s_016um_00357_00288-1,1.5532783
s_016um_00333_00218-1,1.550009
s_016um_00390_00179-1,1.5645759
s_016um_00394_00372-1,1.5100101
s_016um_00012_00211-1,1.6398485
s_016um_00180_00029-1,1.6586608
s_016um_00164_00123-1,1.6079808
s_016um_00095_00322-1,1.5732147
s_016um_00026_00088-1,1.6189655
s_016um_00165_00121-1,1.591761
s_016um_00360_00413-1,1.5260807
s_016um_00400_00263-1,1.5527291
s_016um_00274_00332-1,1.5939376
s_016um_00264_00131-1,1.5669128
s_016um_00044_00239-1,1.5641583
s_016um_00008_00215-1,1.6294218
s_016um_00049_00238-1,1.5544388
s_016um_00376_00136-1,1.5806165
s_016um_00109_00320-1,1.4588388
s_016um_00396_00370-1,1.6095631
s_016um_00387_00342-1,1.607887
s_016um_00141_00019-1,1.7852476
s_016um_00390_00183-1,1.5693951
s_016um_00202_00146-1,1.4831041
s_016um_00393_00358-1,1.6132711
s_016um_00086_00069-1,1.5535042
s_016um_00216_00016-1,1.5738819
s_016um_00138_00214-1,1.5034698
s_016um_00241_00184-1,1.5573984
s_016um_00386_00130-1,1.4906586
s_016um_00220_00024-1,1.5902095
s_016um_00094_00320-1,1.5088167
s_016um_00093_00342-1,1.606593
s_016um_00373_00119-1,1.5520215
s_016um_00407_00101-1,1.5566678
s_016um_00278_00047-1,1.5774031
s_016um_00215_00030-1,1.5953294
s_016um_00015_00211-1,1.6560239
s_016um_00135_00319-1,1.5610359
s_016um_00221_00334-1,1.566663
s_016um_00274_00324-1,1.5449708
s_016um_00271_00056-1,1.4733136
s_016um_00137_00072-1,1.5530386
s_016um_00035_00045-1,1.5600145
s_016um_00108_00385-1,1.674533
s_016um_00010_00150-1,1.6249738
s_016um_00194_00097-1,1.5743262
s_016um_00409_00399-1,0.48086023
s_016um_00041_00241-1,1.6641579
s_016um_00278_00133-1,1.5682776
s_016um_00108_00318-1,1.4813697
s_016um_00210_00295-1,1.5184377
s_016um_00173_00372-1,1.6159966
s_016um_00138_00223-1,1.6113379
s_016um_00093_00273-1,1.5698165
s_016um_00018_00269-1,1.5558181
s_016um_00039_00041-1,1.5810966
s_016um_00134_00317-1,1.3903906
s_016um_00111_00321-1,1.4494048
s_016um_00065_00128-1,1.5757854
s_016um_00216_00035-1,1.5527062
s_016um_00094_00274-1,1.5271018
s_016um_00415_00142-1,1.5486467
s_016um_00170_00369-1,1.5992894
s_016um_00138_00015-1,1.6835834
s_016um_00403_00395-1,1.3347133
s_016um_00080_00241-1,1.488566
s_016um_00266_00333-1,1.5834023
s_016um_00230_00249-1,1.526175
s_016um_00081_00268-1,1.5595797
s_016um_00331_00216-1,1.5710866
s_016um_00400_00370-1,1.4996
s_016um_00131_00317-1,1.5618293
s_016um_00125_00385-1,1.7482481
s_016um_00356_00093-1,1.593039
s_016um_00323_00165-1,1.6184473
s_016um_00268_00030-1,1.574512
s_016um_00267_00032-1,1.6582073
s_016um_00132_00224-1,1.4716204
s_016um_00392_00296-1,1.6415422
s_016um_00133_00219-1,1.6395687
s_016um_00034_00088-1,1.6098241
s_016um_00223_00238-1,1.5537595
s_016um_00378_00136-1,1.4928105
s_016um_00128_00226-1,1.55939
s_016um_00108_00387-1,1.559646
s_016um_00393_00214-1,1.5514089
s_016um_00080_00266-1,1.5306438
s_016um_00263_00136-1,1.5926223
s_016um_00141_00057-1,1.6657732
s_016um_00095_00316-1,1.5224553
s_016um_00040_00211-1,1.6135039
s_016um_00275_00322-1,1.6059
s_016um_00046_00207-1,1.7161827
s_016um_00092_00340-1,1.5844911
s_016um_00090_00266-1,1.5143181
s_016um_00181_00030-1,1.5708917
s_016um_00042_00245-1,1.5984663
s_016um_00408_00097-1,1.5697471
s_016um_00418_00137-1,1.5614086
s_016um_00132_00314-1,1.2919159
s_016um_00365_00101-1,1.6197394
s_016um_00266_00032-1,1.677342
s_016um_00083_00201-1,1.5215484
s_016um_00231_00358-1,1.5832809
s_016um_00227_00235-1,1.6087887
s_016um_00008_00296-1,1.5462373
s_016um_00241_00185-1,1.5288348
s_016um_00081_00293-1,1.5109591
s_016um_00170_00122-1,1.7188314
s_016um_00349_00021-1,1.5391161
s_016um_00011_00152-1,1.5640268
s_016um_00404_00403-1,0.9561593
s_016um_00099_00025-1,1.6615005
s_016um_00127_00094-1,1.6837459
s_016um_00395_00214-1,1.5166456
s_016um_00009_00151-1,1.6063063
s_016um_00195_00124-1,1.5388668
s_016um_00275_00047-1,1.5625881
s_016um_00386_00292-1,1.6217251
s_016um_00241_00084-1,1.5894642
s_016um_00328_00120-1,1.5264604
s_016um_00210_00028-1,1.5609314
s_016um_00228_00232-1,1.6271636
s_016um_00394_00179-1,1.6613824
s_016um_00210_00034-1,1.5235015
s_016um_00356_00118-1,1.6145344
s_016um_00251_00025-1,1.6001754
s_016um_00205_00150-1,1.5959716
s_016um_00026_00091-1,1.5936259
s_016um_00140_00218-1,1.5438395
s_016um_00375_00121-1,1.5659168
s_016um_00040_00203-1,1.4670417
s_016um_00280_00202-1,1.5179832
s_016um_00338_00402-1,1.56026
s_016um_00369_00121-1,1.6992018
s_016um_00351_00021-1,1.603315
s_016um_00083_00286-1,1.5548601
s_016um_00082_00278-1,1.5823804
s_016um_00167_00371-1,1.5053139
s_016um_00252_00022-1,1.4848466
s_016um_00078_00238-1,1.5723715
s_016um_00400_00212-1,1.5245452
s_016um_00403_00398-1,1.377496
s_016um_00134_00221-1,1.5770905
s_016um_00079_00240-1,1.5347424
s_016um_00401_00257-1,1.6670288
s_016um_00314_00059-1,1.5462329
s_016um_00025_00087-1,1.5589476
s_016um_00335_00402-1,1.7399542
s_016um_00388_00339-1,1.6829847
s_016um_00273_00134-1,1.5217956
s_016um_00392_00216-1,1.6051817
s_016um_00395_00178-1,1.5740511
s_016um_00157_00288-1,1.6192849
s_016um_00087_00066-1,1.6395274
s_016um_00384_00133-1,1.551211
s_016um_00082_00267-1,1.517794
s_016um_00232_00356-1,1.6283679
s_016um_00355_00293-1,1.5983349
s_016um_00041_00009-1,1.528655
s_016um_00145_00017-1,1.6109934
s_016um_00144_00020-1,1.6021438
s_016um_00381_00136-1,1.5112125
s_016um_00078_00251-1,1.7298081
s_016um_00104_00067-1,1.6254759
s_016um_00290_00096-1,1.5879472
s_016um_00221_00172-1,1.5141184
s_016um_00247_00025-1,1.6467669
s_016um_00083_00202-1,1.5263654
s_016um_00190_00091-1,1.5837436
s_016um_00220_00227-1,1.5620933
s_016um_00326_00126-1,1.527937
s_016um_00091_00269-1,1.5313697
s_016um_00375_00125-1,1.6076027
s_016um_00312_00058-1,1.4977341
s_016um_00225_00232-1,1.574638
s_016um_00066_00236-1,1.6099776
s_016um_00229_00262-1,1.5363344
s_016um_00111_00315-1,1.6028513
s_016um_00193_00090-1,1.6208776
s_016um_00061_00248-1,1.5636117
s_016um_00082_00199-1,1.6360863
s_016um_00046_00245-1,1.6679347
s_016um_00047_00217-1,1.5868095
s_016um_00091_00342-1,1.6424924
s_016um_00265_00127-1,1.6506242
s_016um_00127_00086-1,1.6377163
s_016um_00245_00089-1,1.5746384
s_016um_00058_00250-1,1.5556872
s_016um_00101_00025-1,1.7254755
s_016um_00221_00225-1,1.6180336
s_016um_00271_00328-1,1.5359052
s_016um_00395_00339-1,1.5808012
s_016um_00131_00382-1,1.5711588
s_016um_00264_00331-1,1.5609931
s_016um_00331_00258-1,1.5401812
s_016um_00095_00338-1,1.5025104
s_016um_00139_00060-1,1.5884454
s_016um_00409_00150-1,1.5638763
s_016um_00393_00296-1,1.6391747
s_016um_00325_00304-1,1.6528417
s_016um_00286_00097-1,1.6486192
s_016um_00078_00240-1,1.555386
s_016um_00130_00227-1,1.4920512
s_016um_00013_00294-1,1.4971083
s_016um_00404_00146-1,1.5652906
s_016um_00356_00120-1,1.6599507
s_016um_00036_00098-1,1.6182772
s_016um_00066_00231-1,1.5844476
s_016um_00234_00087-1,1.6731541
s_016um_00099_00029-1,1.6008943
s_016um_00238_00183-1,1.5511565
s_016um_00042_00217-1,1.5507375
s_016um_00366_00221-1,1.5355526
s_016um_00191_00123-1,1.676728
s_016um_00197_00125-1,1.6406165
s_016um_00397_00367-1,1.5945808
s_016um_00063_00131-1,1.6068641
s_016um_00141_00061-1,1.6263516
s_016um_00213_00032-1,1.63788
s_016um_00041_00218-1,1.5591853
s_016um_00076_00240-1,1.5954618
s_016um_00206_00151-1,1.5473706
s_016um_00274_00328-1,1.6477927
s_016um_00121_00148-1,1.5428977
s_016um_00396_00214-1,1.5407143
s_016um_00276_00204-1,1.5249269
s_016um_00417_00142-1,1.5307015
s_016um_00172_00377-1,1.5679871
s_016um_00328_00299-1,1.6002431
s_016um_00356_00287-1,1.5603334
s_016um_00013_00300-1,1.60222
s_016um_00127_00092-1,1.7051167
s_016um_00278_00322-1,1.5617615
s_016um_00264_00060-1,1.6919057
s_016um_00109_00313-1,1.5681394
s_016um_00039_00105-1,1.6086184
s_016um_00088_00272-1,1.5638338
s_016um_00414_00137-1,1.5238007
s_016um_00401_00397-1,1.1144602
s_016um_00042_00043-1,1.5258225
s_016um_00268_00331-1,1.5790265
s_016um_00110_00321-1,1.4879134
s_016um_00009_00302-1,1.5550891
s_016um_00230_00245-1,1.5739905
s_016um_00222_00012-1,1.5981388
s_016um_00130_00091-1,1.6357398
s_016um_00363_00225-1,1.5555114
s_016um_00352_00093-1,1.5974593
s_016um_00097_00278-1,1.5403013
s_016um_00076_00244-1,1.574002
s_016um_00281_00314-1,1.4718418
s_016um_00261_00186-1,1.5588686
s_016um_00307_00052-1,1.5936856
s_016um_00087_00197-1,1.6386604
s_016um_00086_00028-1,1.6411846
s_016um_00044_00178-1,1.6000913
s_016um_00402_00147-1,1.4869021
s_016um_00061_00243-1,1.5337411
s_016um_00347_00217-1,1.5370021
s_016um_00212_00296-1,1.608179
s_016um_00310_00061-1,1.5764093
s_016um_00209_00291-1,1.6224915
s_016um_00371_00117-1,1.3157961
s_016um_00261_00027-1,1.5795919
s_016um_00034_00099-1,1.5571203
s_016um_00368_00121-1,1.5856224
s_016um_00340_00214-1,1.5795698
s_016um_00081_00281-1,1.5747831
s_016um_00411_00104-1,1.5491668
s_016um_00078_00300-1,1.5946519
s_016um_00088_00273-1,1.5302476
s_016um_00145_00060-1,1.5935609
s_016um_00272_00205-1,1.7029043
s_016um_00334_00257-1,1.63901
s_016um_00332_00251-1,1.4876012
s_016um_00278_00321-1,1.4689226
s_016um_00350_00021-1,1.5676781
s_016um_00189_00128-1,1.613546
s_016um_00130_00319-1,1.373722
s_016um_00190_00121-1,1.72895
s_016um_00167_00370-1,1.6014965
s_016um_00234_00088-1,1.6175488
s_016um_00203_00152-1,1.6834134
s_016um_00343_00216-1,1.5584112
s_016um_00282_00326-1,1.5444921
s_016um_00266_00060-1,1.5573757
s_016um_00011_00208-1,1.661362
s_016um_00280_00138-1,1.6055846
s_016um_00234_00268-1,1.5389248
s_016um_00403_00402-1,0.9768877
s_016um_00164_00287-1,1.5610586
s_016um_00134_00229-1,1.5518794
s_016um_00213_00033-1,1.7459196
s_016um_00232_00264-1,1.6709077
s_016um_00240_00090-1,1.5630146
s_016um_00142_00216-1,1.6475214
s_016um_00134_00217-1,1.6302118
s_016um_00341_00213-1,1.6011999
s_016um_00236_00185-1,1.4790524
s_016um_00221_00279-1,1.536153
s_016um_00321_00164-1,1.5231671
s_016um_00272_00329-1,1.6269209
s_016um_00414_00097-1,1.5869573
s_016um_00357_00119-1,1.6179782
s_016um_00259_00026-1,1.5741599
s_016um_00145_00397-1,1.619247
s_016um_00144_00059-1,1.558724
s_016um_00358_00287-1,1.542006
s_016um_00092_00270-1,1.6031629
s_016um_00366_00230-1,1.5773374
s_016um_00358_00409-1,1.6446654
s_016um_00078_00246-1,1.5257804
s_016um_00237_00355-1,1.5420789
s_016um_00047_00212-1,1.591834
s_016um_00040_00216-1,1.6501691
s_016um_00335_00252-1,1.5534066
s_016um_00037_00176-1,1.6634003
s_016um_00079_00195-1,1.6431345
s_016um_00217_00169-1,1.6711409
s_016um_00096_00279-1,1.5511965
s_016um_00007_00213-1,1.581462
s_016um_00335_00399-1,1.7753931
s_016um_00237_00361-1,1.5203052
s_016um_00395_00370-1,1.5947566
s_016um_00092_00337-1,1.6683372
s_016um_00087_00070-1,1.5740354
s_016um_00039_00010-1,1.5298376
s_016um_00217_00171-1,1.6776901
s_016um_00009_00153-1,1.5181826
s_016um_00216_00010-1,1.7405804
s_016um_00136_00216-1,1.6329161
s_016um_00017_00265-1,1.5774724
s_016um_00098_00067-1,1.6817948
s_016um_00343_00217-1,1.5168784
s_016um_00022_00268-1,1.567295
s_016um_00018_00273-1,1.5638278
s_016um_00242_00089-1,1.5716659
s_016um_00383_00132-1,1.5781343
s_016um_00222_00328-1,1.5072879
s_016um_00349_00023-1,1.6115291
s_016um_00091_00277-1,1.577984
s_016um_00135_00074-1,1.6001647
s_016um_00413_00097-1,1.5730195
s_016um_00086_00200-1,1.581199
s_016um_00250_00020-1,1.6576973
s_016um_00218_00166-1,1.5741587
s_016um_00367_00225-1,1.4987346
s_016um_00209_00295-1,1.518042
s_016um_00090_00335-1,1.4932817
s_016um_00219_00173-1,1.5476131
s_016um_00077_00297-1,1.5404962
s_016um_00379_00140-1,1.6657908
s_016um_00041_00045-1,1.5454463
s_016um_00392_00361-1,1.2693455
s_016um_00391_00365-1,1.5194273
s_016um_00258_00029-1,1.6847821
s_016um_00145_00016-1,1.5637182
s_016um_00356_00411-1,1.5327162
s_016um_00331_00214-1,1.5390337
s_016um_00085_00196-1,1.5361791
s_016um_00038_00176-1,1.5860021
s_016um_00090_00275-1,1.5200958
s_016um_00409_00097-1,1.5396825
s_016um_00405_00401-1,0.9160251
s_016um_00402_00125-1,1.5837411
s_016um_00221_00237-1,1.5845201
s_016um_00083_00280-1,1.5057757
s_016um_00104_00073-1,1.5711998
s_016um_00267_00061-1,1.5928495
s_016um_00359_00115-1,1.5920662
s_016um_00094_00277-1,1.5439254
s_016um_00079_00298-1,1.5299628
s_016um_00082_00028-1,1.5413666
s_016um_00262_00336-1,1.5787591
s_016um_00215_00031-1,1.654001
s_016um_00259_00131-1,1.608542
s_016um_00279_00324-1,1.5929855
s_016um_00397_00362-1,1.6448295
s_016um_00259_00030-1,1.6774354
s_016um_00291_00096-1,1.6366068
s_016um_00142_00057-1,1.5493404
s_016um_00353_00119-1,1.6011856
s_016um_00205_00145-1,1.5504831
s_016um_00375_00119-1,1.5304269
s_016um_00086_00065-1,1.692407
s_016um_00114_00317-1,1.5073655
s_016um_00083_00282-1,1.5888628
s_016um_00079_00244-1,1.5626736
s_016um_00093_00337-1,1.6589036
s_016um_00281_00135-1,1.4815286
s_016um_00216_00280-1,1.460169
s_016um_00163_00289-1,1.6057595
s_016um_00358_00121-1,1.5002301
s_016um_00277_00203-1,1.5432382
s_016um_00340_00401-1,1.678318
s_016um_00064_00125-1,1.5823236
s_016um_00096_00069-1,1.6295547
s_016um_00010_00297-1,1.5062641
s_016um_00324_00168-1,1.5623953
s_016um_00291_00099-1,1.5683615
s_016um_00402_00261-1,1.541748
s_016um_00068_00129-1,1.6094698
s_016um_00037_00106-1,1.6630939
s_016um_00329_00215-1,1.752817
s_016um_00394_00361-1,1.6026099
s_016um_00398_00373-1,1.3996421
s_016um_00102_00027-1,1.6342146
s_016um_00400_00122-1,1.557373
s_016um_00402_00120-1,1.5170317
s_016um_00043_00204-1,1.5249856
s_016um_00062_00246-1,1.5704322
s_016um_00278_00315-1,1.4340084
s_016um_00367_00226-1,1.5673785
s_016um_00182_00029-1,1.6810741
s_016um_00132_00087-1,1.612415
s_016um_00135_00226-1,1.5300457
s_016um_00325_00306-1,1.5254071
s_016um_00077_00243-1,1.4994721
s_016um_00332_00254-1,1.6474895
s_016um_00275_00136-1,1.5605755
s_016um_00272_00034-1,1.7119045
s_016um_00214_00030-1,1.5800662
s_016um_00160_00293-1,1.5476701
s_016um_00135_00230-1,1.5110638
s_016um_00039_00046-1,1.630955
s_016um_00236_00354-1,1.5952146
s_016um_00134_00314-1,1.3501533
s_016um_00105_00072-1,1.5574961
s_016um_00227_00245-1,1.540859
s_016um_00129_00389-1,1.5629327
s_016um_00409_00099-1,1.5605284
s_016um_00205_00146-1,1.5268961
s_016um_00034_00004-1,1.5525662
s_016um_00031_00336-1,1.4917947
s_016um_00222_00235-1,1.6281719
s_016um_00406_00395-1,1.2993964
s_016um_00129_00095-1,1.5641217
s_016um_00144_00018-1,1.6479424
s_016um_00393_00298-1,1.523822
s_016um_00389_00291-1,1.5716791
s_016um_00186_00029-1,1.7059877
s_016um_00400_00369-1,1.5554718
s_016um_00221_00238-1,1.5381538
s_016um_00232_00269-1,1.5296792
s_016um_00265_00337-1,1.666869
s_016um_00082_00296-1,1.5524765
s_016um_00140_00223-1,1.6237643
s_016um_00334_00217-1,1.5254467
s_016um_00128_00315-1,1.5146524
s_016um_00197_00122-1,1.6431526
s_016um_00333_00259-1,1.6598134
s_016um_00407_00124-1,1.5100825
s_016um_00042_00172-1,1.6151606
s_016um_00394_00365-1,1.5517522
s_016um_00184_00027-1,1.5486075
s_016um_00007_00154-1,1.5734828
s_016um_00183_00032-1,1.5679018
s_016um_00069_00126-1,1.5688275
s_016um_00329_00212-1,1.5132324
s_016um_00082_00072-1,1.538816
s_016um_00191_00126-1,1.6926421
s_016um_00178_00033-1,1.6117605
s_016um_00222_00236-1,1.5556732
s_016um_00178_00030-1,1.6253991
s_016um_00124_00385-1,1.614467
s_016um_00097_00321-1,1.7233453
s_016um_00222_00246-1,1.5564405
s_016um_00324_00305-1,1.633373
s_016um_00287_00096-1,1.6601394
s_016um_00256_00188-1,1.6516
s_016um_00313_00057-1,1.5155203
s_016um_00407_00152-1,1.5601374
s_016um_00172_00375-1,1.4841177
s_016um_00265_00128-1,1.7358437
s_016um_00076_00293-1,1.5983651
s_016um_00138_00075-1,1.5959438
s_016um_00230_00264-1,1.5657369
s_016um_00223_00333-1,1.5915794
s_016um_00335_00253-1,1.525542
s_016um_00254_00030-1,1.6617379
s_016um_00163_00122-1,1.6020575
s_016um_00193_00091-1,1.5855143
s_016um_00262_00335-1,1.6262157
s_016um_00007_00152-1,1.5573518
s_016um_00140_00017-1,1.541595
s_016um_00325_00224-1,1.5585699
s_016um_00306_00054-1,1.6071723
s_016um_00261_00330-1,1.5407002
s_016um_00388_00299-1,1.5775605
s_016um_00223_00226-1,1.503095
s_016um_00124_00387-1,1.5912338
s_016um_00085_00193-1,1.5532695
s_016um_00357_00416-1,1.4363546
s_016um_00222_00227-1,1.5600122
s_016um_00077_00295-1,1.576667
s_016um_00218_00228-1,1.5366865
s_016um_00274_00313-1,1.5004312
s_016um_00091_00335-1,1.5538219
s_016um_00271_00329-1,1.581022
s_016um_00391_00340-1,1.6169658
s_016um_00391_00362-1,1.4712727
s_016um_00322_00166-1,1.5572451
s_016um_00393_00370-1,1.5980686
s_016um_00361_00417-1,1.2752589
s_016um_00213_00283-1,1.5597003
s_016um_00162_00289-1,1.5044318
s_016um_00131_00385-1,1.5466981
s_016um_00077_00239-1,1.5685347
s_016um_00031_00091-1,1.5595354
s_016um_00342_00398-1,1.6020592
s_016um_00091_00271-1,1.5111047
s_016um_00277_00135-1,1.6948912
s_016um_00394_00182-1,1.5740012
s_016um_00353_00096-1,1.6189942
s_016um_00313_00053-1,1.5214218
s_016um_00031_00333-1,1.5732942
s_016um_00404_00256-1,1.5093542
s_016um_00007_00296-1,1.5048658
s_016um_00269_00229-1,1.5280498
s_016um_00324_00231-1,1.5970509
s_016um_00033_00101-1,1.6231742
s_016um_00043_00048-1,1.5556883
s_016um_00029_00089-1,1.6024559
s_016um_00264_00129-1,1.5470717
s_016um_00074_00243-1,1.5957819
s_016um_00096_00025-1,1.6047449
s_016um_00218_00011-1,1.5523365
s_016um_00401_00366-1,1.5501134
s_016um_00260_00026-1,1.5900729
s_016um_00084_00199-1,1.5747062
s_016um_00208_00295-1,1.5354942
s_016um_00195_00121-1,1.6538165
s_016um_00238_00089-1,1.720161
s_016um_00392_00295-1,1.5782291
s_016um_00180_00027-1,1.5939356
s_016um_00380_00138-1,1.5644468
s_016um_00190_00097-1,1.5916911
s_016um_00042_00238-1,1.5452106
s_016um_00333_00211-1,1.4954083
s_016um_00237_00189-1,1.5308006
s_016um_00274_00227-1,1.5813357
s_016um_00099_00318-1,1.5466647
s_016um_00134_00222-1,1.6144011
s_016um_00405_00150-1,1.4599667
s_016um_00402_00262-1,1.5892147
s_016um_00236_00261-1,1.6977466
s_016um_00356_00024-1,1.5190268
s_016um_00140_00016-1,1.616578
s_016um_00116_00143-1,1.5498469
s_016um_00399_00260-1,1.6009413
s_016um_00238_00361-1,1.5919836
s_016um_00214_00012-1,1.4576541
s_016um_00276_00134-1,1.5665233
s_016um_00049_00243-1,1.4449505
s_016um_00222_00225-1,1.3665795
s_016um_00031_00330-1,1.509475
s_016um_00321_00306-1,1.58397
s_016um_00400_00217-1,1.5491592
s_016um_00082_00200-1,1.6284738
s_016um_00134_00216-1,1.5313394
s_016um_00137_00075-1,1.5476816
s_016um_00079_00242-1,1.5311697
s_016um_00357_00410-1,1.6175488
s_016um_00194_00123-1,1.4964406
s_016um_00359_00286-1,1.6192427
s_016um_00233_00260-1,1.5259708
s_016um_00279_00317-1,1.6166931
s_016um_00170_00123-1,1.6163445
s_016um_00290_00094-1,1.5990283
s_016um_00056_00250-1,1.5665653
s_016um_00268_00057-1,1.4785573
s_016um_00400_00401-1,0.9343754
s_016um_00414_00099-1,1.5573329
s_016um_00354_00117-1,1.6179397
s_016um_00396_00216-1,1.592501
s_016um_00274_00326-1,1.5564873
s_016um_00224_00246-1,1.5987726
s_016um_00371_00119-1,1.5422857
s_016um_00413_00142-1,1.5921072
s_016um_00234_00356-1,1.5486784
s_016um_00336_00258-1,1.5920888
s_016um_00254_00025-1,1.5751659
s_016um_00230_00266-1,1.5655798
s_016um_00101_00065-1,1.682833
s_016um_00221_00018-1,1.7067863
s_016um_00220_00031-1,1.6904058
s_016um_00131_00232-1,1.5716438
s_016um_00398_00181-1,1.5749221
s_016um_00131_00227-1,1.6090572
s_016um_00322_00227-1,1.5225149
s_016um_00416_00141-1,1.5976311
s_016um_00214_00290-1,1.4933311
s_016um_00096_00275-1,1.5296301
s_016um_00110_00314-1,1.5555997
s_016um_00353_00018-1,1.534606
s_016um_00400_00396-1,1.49621
s_016um_00064_00238-1,1.663565
s_016um_00093_00278-1,1.5653229
s_016um_00083_00271-1,1.4949882
s_016um_00203_00153-1,1.5633962
s_016um_00277_00046-1,1.5941068
s_016um_00040_00047-1,1.5659906
s_016um_00234_00360-1,1.5817207
s_016um_00229_00266-1,1.5854115
s_016um_00279_00207-1,1.5590799
s_016um_00400_00218-1,1.6000949
s_016um_00150_00395-1,1.6111028
s_016um_00387_00127-1,1.5883071
s_016um_00391_00363-1,1.6040922
s_016um_00375_00124-1,1.5873237
s_016um_00210_00294-1,1.613262
s_016um_00169_00126-1,1.6741252
s_016um_00224_00249-1,1.5225947
s_016um_00006_00214-1,1.6074244
s_016um_00307_00058-1,1.4856075
s_016um_00269_00032-1,1.6608865
s_016um_00261_00336-1,1.679374
s_016um_00354_00414-1,1.4102916
s_016um_00352_00120-1,1.5448922
s_016um_00258_00186-1,1.61315
s_016um_00027_00332-1,1.6207484
s_016um_00067_00231-1,1.5219573
s_016um_00362_00291-1,1.6793143
s_016um_00382_00129-1,1.6108837
s_016um_00318_00165-1,1.5388939
s_016um_00386_00134-1,1.6310508
s_016um_00264_00191-1,1.5397372
s_016um_00361_00412-1,1.5341507
s_016um_00096_00029-1,1.8503145
s_016um_00213_00027-1,1.5526448
s_016um_00258_00189-1,1.597933
s_016um_00392_00298-1,1.6190101
s_016um_00361_00411-1,1.4620001
s_016um_00266_00334-1,1.5881773
s_016um_00368_00100-1,1.5252316
s_016um_00353_00290-1,1.5531019
s_016um_00344_00213-1,1.6336809
s_016um_00369_00100-1,1.6782527
s_016um_00079_00196-1,1.6573546
s_016um_00388_00133-1,1.5116394
s_016um_00357_00290-1,1.4991523
s_016um_00370_00119-1,1.627461
s_016um_00148_00395-1,1.6011429
s_016um_00372_00119-1,1.6603622
s_016um_00193_00098-1,1.6320943
s_016um_00168_00122-1,1.603329
s_016um_00107_00314-1,1.5052013
s_016um_00244_00085-1,1.6366788
s_016um_00101_00031-1,1.5662388
s_016um_00035_00332-1,1.586631
s_016um_00134_00072-1,1.6444963
s_016um_00243_00089-1,1.6252602
s_016um_00353_00019-1,1.6430048
s_016um_00194_00092-1,1.5132169
s_016um_00263_00334-1,1.7055663
s_016um_00410_00101-1,1.5118865
s_016um_00084_00067-1,1.5991535
s_016um_00146_00397-1,1.5741538
s_016um_00132_00320-1,1.7285702
s_016um_00233_00089-1,1.6104772
s_016um_00042_00205-1,1.5280529
s_016um_00262_00331-1,1.5786318
s_016um_00043_00045-1,1.5819705
s_016um_00220_00235-1,1.6375823
s_016um_00330_00123-1,1.6027694
s_016um_00222_00238-1,1.5576986
s_016um_00013_00215-1,1.602286
s_016um_00222_00032-1,1.6176491
s_016um_00041_00173-1,1.5579813
s_016um_00140_00055-1,1.5953364
s_016um_00254_00031-1,1.5347444
s_016um_00064_00230-1,1.6408848
s_016um_00333_00255-1,1.5362538
s_016um_00401_00263-1,1.5971922
s_016um_00390_00184-1,1.5673337
s_016um_00385_00133-1,1.5684853
s_016um_00273_00049-1,1.7266033
s_016um_00082_00070-1,1.5864284
s_016um_00269_00055-1,1.5164049
s_016um_00271_00227-1,1.6377599
s_016um_00322_00226-1,1.611128
s_016um_00333_00257-1,1.5849894
s_016um_00255_00031-1,1.6021924
s_016um_00389_00293-1,1.6340574
s_016um_00012_00207-1,1.5842234
s_016um_00044_00241-1,1.6149086
s_016um_00327_00298-1,1.5480369
s_016um_00027_00090-1,1.6027609
s_016um_00248_00023-1,1.7555226
s_016um_00094_00275-1,1.5273495
s_016um_00098_00316-1,1.5950544
s_016um_00087_00031-1,1.4670863
s_016um_00194_00090-1,1.5411894
s_016um_00203_00154-1,1.585088
s_016um_00362_00413-1,1.5723531
s_016um_00196_00126-1,1.5689892
s_016um_00357_00092-1,1.6376468
s_016um_00228_00327-1,1.4767545
s_016um_00168_00377-1,1.6051195
s_016um_00088_00271-1,1.5663322
s_016um_00413_00139-1,1.6349225
s_016um_00092_00319-1,1.5318174
s_016um_00067_00233-1,1.5632337
s_016um_00188_00125-1,1.5715026
s_016um_00216_00230-1,1.5498453
s_016um_00340_00219-1,1.6241835
s_016um_00255_00032-1,1.6207162
s_016um_00105_00069-1,1.5676858
s_016um_00069_00128-1,1.5589848
s_016um_00266_00030-1,1.588979
s_016um_00095_00320-1,1.4714046
s_016um_00038_00046-1,1.6897354
s_016um_00268_00336-1,1.5643572
s_016um_00269_00057-1,1.6353371
s_016um_00385_00297-1,1.562323
s_016um_00033_00091-1,1.5856212
s_016um_00043_00207-1,1.5556815
s_016um_00355_00416-1,1.5214409
s_016um_00232_00355-1,1.5606445
s_016um_00213_00295-1,1.5568421
s_016um_00074_00237-1,1.5071933
s_016um_00276_00132-1,1.5490161
s_016um_00209_00293-1,1.5664139
s_016um_00084_00065-1,1.5639584
s_016um_00262_00190-1,1.5708548
s_016um_00006_00209-1,1.6074567
s_016um_00161_00291-1,1.5498829
s_016um_00099_00320-1,1.538622
s_016um_00079_00265-1,1.5209562
s_016um_00402_00257-1,1.6297649
s_016um_00238_00187-1,1.538294
s_016um_00191_00121-1,1.6966968
s_016um_00136_00076-1,1.6009433
s_016um_00192_00093-1,1.6633476
s_016um_00311_00053-1,1.6012168
s_016um_00274_00134-1,1.5477021
s_016um_00054_00250-1,1.5663347
s_016um_00211_00035-1,1.573723
s_016um_00360_00292-1,1.5327514
s_016um_00086_00281-1,1.517046
s_016um_00170_00373-1,1.6293181
s_016um_00142_00022-1,1.6095188
s_016um_00308_00058-1,1.5494331
s_016um_00028_00333-1,1.5206609
s_016um_00189_00093-1,1.5776771
s_016um_00160_00286-1,1.6482671
s_016um_00360_00118-1,1.5735029
s_016um_00318_00167-1,1.6575164
s_016um_00141_00072-1,1.6752586
s_016um_00223_00229-1,1.5245918
s_016um_00216_00031-1,1.600933
s_016um_00128_00391-1,1.4399563
s_016um_00228_00266-1,1.5420878
s_016um_00332_00120-1,1.5591805
s_016um_00223_00235-1,1.5238742
s_016um_00380_00139-1,1.5468063
s_016um_00247_00082-1,1.5901172
s_016um_00082_00298-1,1.5227866
s_016um_00376_00118-1,1.6710452
s_016um_00039_00176-1,1.6335583
s_016um_00223_00026-1,1.4590596
s_016um_00034_00097-1,1.6147985
s_016um_00220_00284-1,1.5169443
s_016um_00081_00197-1,1.6827776
s_016um_00035_00010-1,1.6514617
s_016um_00260_00191-1,1.5640078
s_016um_00018_00268-1,1.534579
s_016um_00142_00073-1,1.5050102
s_016um_00306_00057-1,1.5156771
s_016um_00342_00217-1,1.721878
s_016um_00085_00033-1,1.6601151
s_016um_00125_00384-1,1.6056299
s_016um_00129_00091-1,1.7069798
s_016um_00028_00087-1,1.5856435
s_016um_00279_00319-1,1.6909612
s_016um_00086_00064-1,1.6020911
s_016um_00336_00257-1,1.6160834
s_016um_00264_00127-1,1.6187432
s_016um_00196_00095-1,1.6194845
s_016um_00098_00338-1,1.6557158
s_016um_00395_00184-1,1.5537561
s_016um_00335_00214-1,1.5171572
s_016um_00244_00083-1,1.605337
s_016um_00388_00291-1,1.593558
s_016um_00279_00318-1,1.5535094
s_016um_00018_00265-1,1.5348766
s_016um_00008_00158-1,1.5270145
s_016um_00384_00138-1,1.439988
s_016um_00275_00316-1,1.6027147
s_016um_00216_00029-1,1.6034428
s_016um_00202_00151-1,1.6851386
s_016um_00037_00007-1,1.5603839
s_016um_00129_00225-1,1.5542425
s_016um_00334_00258-1,1.6659808
s_016um_00260_00028-1,1.6816424
s_016um_00225_00238-1,1.5271313
s_016um_00150_00397-1,1.6021682
s_016um_00414_00142-1,1.5863054
s_016um_00134_00075-1,1.5725003
s_016um_00392_00180-1,1.5987382
s_016um_00290_00092-1,1.6276069
s_016um_00273_00207-1,1.4874982
s_016um_00271_00055-1,1.4653953
s_016um_00221_00236-1,1.5874344
s_016um_00335_00396-1,1.5938311
s_016um_00028_00331-1,1.6591288
s_016um_00090_00070-1,1.6072847
s_016um_00095_00023-1,1.571582
s_016um_00280_00208-1,1.5875523
s_016um_00094_00341-1,1.562625
s_016um_00325_00226-1,1.6066822
s_016um_00228_00333-1,1.5492979
s_016um_00266_00131-1,1.6360164
s_016um_00112_00313-1,1.5545675
s_016um_00251_00028-1,1.4965358
s_016um_00077_00300-1,1.5935078
s_016um_00372_00124-1,1.5308626
s_016um_00191_00095-1,1.5979077
s_016um_00119_00150-1,1.5530162
s_016um_00134_00077-1,1.6151943
s_016um_00127_00093-1,1.6359967
s_016um_00334_00252-1,1.5261548
s_016um_00260_00184-1,1.5406169
s_016um_00196_00096-1,1.5425246
s_016um_00078_00241-1,1.4940828
s_016um_00161_00285-1,1.6885892
s_016um_00249_00024-1,1.625709
s_016um_00274_00224-1,1.5161868
s_016um_00012_00301-1,1.5202708
s_016um_00192_00089-1,1.562184
s_016um_00097_00069-1,1.5013778
s_016um_00033_00090-1,1.6234329
s_016um_00092_00271-1,1.5959134
s_016um_00412_00097-1,1.4966996
s_016um_00169_00374-1,1.6350281
s_016um_00273_00136-1,1.5858239
s_016um_00012_00212-1,1.6077869
s_016um_00331_00213-1,1.498711
s_016um_00223_00228-1,1.5964075
s_016um_00251_00026-1,1.5456755
s_016um_00087_00200-1,1.6107924
s_016um_00005_00157-1,1.595116
s_016um_00238_00184-1,1.5142779
s_016um_00410_00149-1,1.6464597
s_016um_00340_00399-1,1.6716151
s_016um_00258_00027-1,1.699634
s_016um_00342_00403-1,1.6066232
s_016um_00398_00218-1,1.5190967
s_016um_00323_00232-1,1.5953006
s_016um_00101_00384-1,1.514559
s_016um_00218_00174-1,1.4192739
s_016um_00075_00297-1,1.5112351
s_016um_00120_00150-1,1.5510488
s_016um_00278_00052-1,1.8044548
s_016um_00242_00190-1,1.6223862
s_016um_00360_00093-1,1.5737306
s_016um_00274_00049-1,1.5848277
s_016um_00393_00339-1,1.6948552
s_016um_00386_00341-1,1.5060167
s_016um_00404_00260-1,1.4865509
s_016um_00113_00318-1,1.578496
s_016um_00128_00318-1,1.55222
s_016um_00228_00332-1,1.5156046
s_016um_00331_00122-1,1.5404605
s_016um_00097_00319-1,1.6760757
s_016um_00168_00372-1,1.5372208
s_016um_00352_00027-1,1.7169713
s_016um_00388_00296-1,1.5774999
s_016um_00324_00303-1,1.4481869
s_016um_00354_00089-1,1.5274487
s_016um_00045_00215-1,1.5511035
s_016um_00092_00321-1,1.5275376
s_016um_00374_00123-1,1.5741528
s_016um_00359_00292-1,1.5441321
s_016um_00349_00026-1,1.5811118
s_016um_00083_00033-1,1.6085411
s_016um_00269_00336-1,1.641827
s_016um_00104_00069-1,1.6641316
s_016um_00310_00054-1,1.506298
s_016um_00291_00093-1,1.661111
s_016um_00223_00244-1,1.6128585
s_016um_00171_00125-1,1.6446469
s_016um_00033_00103-1,1.539242
s_016um_00165_00286-1,1.5735412
s_016um_00383_00137-1,1.555118
s_016um_00334_00255-1,1.623126
s_016um_00078_00298-1,1.5439749
s_016um_00398_00369-1,1.6143026
s_016um_00263_00189-1,1.5208677
s_016um_00189_00095-1,1.6194376
s_016um_00398_00367-1,1.431726
s_016um_00169_00372-1,1.565607
s_016um_00326_00299-1,1.6373601
s_016um_00084_00068-1,1.4256669
s_016um_00279_00312-1,1.5841908
s_016um_00333_00400-1,1.61605
s_016um_00277_00321-1,1.5874188
s_016um_00267_00131-1,1.6452856
s_016um_00005_00152-1,1.5930731
s_016um_00094_00317-1,1.5297551
s_016um_00311_00055-1,1.642191
s_016um_00060_00246-1,1.6328504
s_016um_00009_00211-1,1.5739251
s_016um_00190_00095-1,1.5939008
s_016um_00372_00118-1,1.6060821
s_016um_00138_00219-1,1.5321616
s_016um_00009_00294-1,1.6601526
s_016um_00404_00152-1,1.492092
s_016um_00136_00220-1,1.533534
s_016um_00274_00327-1,1.5877295
s_016um_00220_00018-1,1.6901176
s_016um_00133_00075-1,1.5530343
s_016um_00040_00180-1,1.5622113
s_016um_00258_00028-1,1.6183233
s_016um_00327_00305-1,1.568875
s_016um_00251_00021-1,1.6158216
s_016um_00358_00116-1,1.5529729
s_016um_00320_00170-1,1.5440118
s_016um_00214_00033-1,1.5794333
s_016um_00279_00134-1,1.5376861
s_016um_00264_00058-1,1.4990586
s_016um_00095_00323-1,1.7076844
s_016um_00352_00117-1,1.6687933
s_016um_00393_00219-1,1.5781751
s_016um_00040_00210-1,1.5093716
s_016um_00044_00211-1,1.5479461
s_016um_00328_00231-1,1.5966834
s_016um_00324_00169-1,1.5660542
s_016um_00401_00369-1,1.5562388
s_016um_00328_00117-1,1.5432382
s_016um_00272_00134-1,1.4937788
s_016um_00329_00251-1,1.6428353
s_016um_00043_00178-1,1.5458333
s_016um_00235_00084-1,1.5551558
s_016um_00222_00234-1,1.6002756
s_016um_00362_00415-1,1.1529827
s_016um_00160_00285-1,1.6226352
s_016um_00195_00098-1,1.6065736
s_016um_00089_00271-1,1.5115477
s_016um_00273_00204-1,1.5240333
s_016um_00107_00318-1,1.5131118
s_016um_00332_00252-1,1.6668319
s_016um_00405_00124-1,1.6472613
s_016um_00235_00184-1,1.5571717
s_016um_00271_00335-1,1.6292502
s_016um_00042_00041-1,1.6453705
s_016um_00397_00255-1,1.5824769
s_016um_00223_00331-1,1.5551152
s_016um_00321_00303-1,1.6280243
s_016um_00360_00291-1,1.5840747
s_016um_00279_00046-1,1.6130031
s_016um_00177_00029-1,1.6629246
s_016um_00387_00126-1,1.5730953
s_016um_00274_00325-1,1.5939689
s_016um_00040_00010-1,1.5556344
s_016um_00114_00316-1,1.574518
s_016um_00010_00213-1,1.6449686
s_016um_00144_00017-1,1.6223497
s_016um_00405_00146-1,1.5127833
s_016um_00275_00313-1,1.5548124
s_016um_00396_00371-1,1.6050029
s_016um_00417_00141-1,1.4905169
s_016um_00098_00071-1,1.655694
s_016um_00193_00125-1,1.6067997
s_016um_00193_00128-1,1.6725377
s_016um_00342_00401-1,1.6469383
s_016um_00215_00014-1,1.6580698
s_016um_00224_00239-1,1.5616311
s_016um_00087_00282-1,1.5247346
s_016um_00407_00099-1,1.5876876
s_016um_00331_00123-1,1.5408504
s_016um_00393_00213-1,1.5650109
s_016um_00083_00265-1,1.5904937
s_016um_00104_00068-1,1.6700482
s_016um_00366_00231-1,1.6339056
s_016um_00009_00296-1,1.5918155
s_016um_00027_00330-1,1.5349333
s_016um_00068_00130-1,1.5902442
s_016um_00392_00342-1,1.5637715
s_016um_00274_00050-1,1.590867
s_016um_00390_00344-1,1.5858927
s_016um_00191_00091-1,1.5855635
s_016um_00229_00264-1,1.5241039
s_016um_00387_00295-1,1.6705647
s_016um_00356_00091-1,1.580927
s_016um_00065_00126-1,1.6310605
s_016um_00221_00278-1,1.5348139
s_016um_00320_00228-1,1.5907867
s_016um_00274_00316-1,1.6406411
s_016um_00139_00057-1,1.5515817
s_016um_00330_00216-1,1.6521405
s_016um_00258_00026-1,1.6830772
s_016um_00010_00210-1,1.5858278
s_016um_00101_00387-1,1.6314796
s_016um_00273_00209-1,1.5663817
s_016um_00044_00215-1,1.6189512
s_016um_00320_00304-1,1.5945303
s_016um_00041_00172-1,1.5684836
s_016um_00371_00140-1,1.6293943
s_016um_00276_00325-1,1.5837853
s_016um_00071_00234-1,1.5490485
s_016um_00084_00296-1,1.5550362
s_016um_00264_00055-1,1.6931068
s_016um_00215_00170-1,1.6545256
s_016um_00192_00129-1,1.5635849
s_016um_00274_00330-1,1.5265458
s_016um_00394_00216-1,1.547347
s_016um_00255_00030-1,1.561398
s_016um_00281_00048-1,1.6587981
s_016um_00138_00216-1,1.594038
s_016um_00391_00182-1,1.5238334
s_016um_00038_00208-1,1.7951014
s_016um_00331_00257-1,1.6239753
s_016um_00039_00047-1,1.5792301
s_016um_00360_00293-1,1.4891932
s_016um_00243_00083-1,1.6506331
s_016um_00215_00013-1,1.564563
s_016um_00036_00177-1,1.5199444
s_016um_00034_00005-1,1.5862434
s_016um_00141_00071-1,1.560641
s_016um_00267_00054-1,1.6377232
s_016um_00391_00336-1,1.5912749
s_016um_00375_00144-1,1.5878519
s_016um_00007_00158-1,1.6399894
s_016um_00182_00033-1,1.5139782
s_016um_00020_00272-1,1.599554
s_016um_00265_00035-1,1.56778
s_016um_00231_00247-1,1.5380347
s_016um_00219_00017-1,1.5229594
s_016um_00276_00048-1,1.6918314
s_016um_00252_00026-1,1.5638279
s_016um_00279_00208-1,1.5346639
s_016um_00404_00126-1,1.5205824
s_016um_00378_00139-1,1.5715393
s_016um_00223_00245-1,1.5341456
s_016um_00267_00337-1,1.5673875
s_016um_00279_00052-1,1.6946869
s_016um_00328_00213-1,1.5367348
s_016um_00356_00097-1,1.6396463
s_016um_00012_00299-1,1.5875931
s_016um_00162_00285-1,1.5850122
s_016um_00371_00142-1,1.5604435
s_016um_00035_00333-1,1.5784925
s_016um_00235_00361-1,1.5582354
s_016um_00242_00185-1,1.5846478
s_016um_00088_00031-1,1.5797665
s_016um_00368_00147-1,1.6672823
s_016um_00386_00129-1,1.4914945
s_016um_00127_00388-1,1.5843855
s_016um_00041_00104-1,1.5144322
s_016um_00075_00236-1,1.5357988
s_016um_00404_00128-1,1.593506
s_016um_00391_00360-1,1.37429
s_016um_00100_00029-1,1.7177656
s_016um_00009_00297-1,1.4989617
s_016um_00238_00189-1,1.6879355
s_016um_00227_00250-1,1.5191379
s_016um_00394_00359-1,1.5622249
s_016um_00225_00327-1,1.6403931
s_016um_00414_00100-1,1.5944594
s_016um_00039_00173-1,1.6117013
s_016um_00367_00223-1,1.5490589
s_016um_00057_00250-1,1.5521374
s_016um_00142_00020-1,1.6532565
s_016um_00140_00073-1,1.6258762
s_016um_00193_00094-1,1.5664806
s_016um_00371_00102-1,1.6673388
s_016um_00264_00333-1,1.5934012
s_016um_00234_00355-1,1.6423235
s_016um_00026_00086-1,1.6107639
s_016um_00368_00118-1,1.5445441
s_016um_00273_00202-1,1.4874475
s_016um_00084_00196-1,1.5885884
s_016um_00092_00341-1,1.6160043
s_016um_00034_00331-1,1.616722
s_016um_00103_00386-1,1.617245
s_016um_00135_00216-1,1.5768961
s_016um_00208_00293-1,1.5892862
s_016um_00010_00157-1,1.5490525
s_016um_00259_00191-1,1.55002
s_016um_00038_00104-1,1.4840921
s_016um_00061_00132-1,1.6519415
s_016um_00406_00146-1,1.5608876
s_016um_00214_00296-1,1.5067489
s_016um_00256_00029-1,1.5718193
s_016um_00396_00258-1,1.5737327
s_016um_00273_00203-1,1.5177896
s_016um_00065_00234-1,1.6073649
s_016um_00371_00121-1,1.6164403
s_016um_00370_00099-1,1.5851234
s_016um_00397_00185-1,1.5955862
s_016um_00046_00238-1,1.535954
s_016um_00230_00261-1,1.4773837
s_016um_00212_00291-1,1.5824243
s_016um_00123_00144-1,1.6984205
s_016um_00332_00125-1,1.5327172
s_016um_00391_00185-1,1.5356596
s_016um_00178_00032-1,1.6488432
s_016um_00290_00095-1,1.5911192
s_016um_00030_00088-1,1.5241717
s_016um_00275_00044-1,1.5909934
s_016um_00113_00320-1,1.6401266
s_016um_00046_00211-1,1.5718621
s_016um_00007_00215-1,1.6014928
s_016um_00147_00400-1,1.5962601
s_016um_00392_00340-1,1.6414979
s_016um_00099_00023-1,1.5633782
s_016um_00039_00215-1,1.5532635
s_016um_00086_00193-1,1.5431213
s_016um_00256_00187-1,1.5350473
s_016um_00037_00046-1,1.6352568
s_016um_00232_00360-1,1.5203019
s_016um_00041_00214-1,1.4182215
s_016um_00285_00093-1,1.4730859
s_016um_00200_00148-1,1.558375
s_016um_00217_00279-1,1.5836005
s_016um_00132_00387-1,1.5690354
s_016um_00125_00386-1,1.5779524
s_016um_00112_00317-1,1.5491984
s_016um_00037_00098-1,1.5694348
s_016um_00048_00238-1,1.5668621
s_016um_00322_00165-1,1.5298512
s_016um_00355_00026-1,1.723502
s_016um_00083_00073-1,1.6021351
s_016um_00028_00329-1,1.637256
s_016um_00234_00266-1,1.5960946
s_016um_00222_00027-1,1.6219816
s_016um_00259_00129-1,1.5946939
s_016um_00007_00151-1,1.4947217
s_016um_00217_00033-1,1.5190164
s_016um_00081_00285-1,1.5056963
s_016um_00392_00338-1,1.5465024
s_016um_00214_00289-1,1.5776381
s_016um_00275_00204-1,1.5642412
s_016um_00238_00190-1,1.6215551
s_016um_00326_00225-1,1.6066568
s_016um_00118_00143-1,1.5018898
s_016um_00064_00126-1,1.6237153
s_016um_00367_00096-1,1.6092993
s_016um_00218_00013-1,1.5646596
s_016um_00033_00331-1,1.59667
s_016um_00214_00028-1,1.63985
s_016um_00100_00072-1,1.5723051
s_016um_00356_00416-1,1.6073592
s_016um_00257_00032-1,1.5332413
s_016um_00099_00321-1,1.5459005
s_016um_00383_00139-1,1.5716708
s_016um_00314_00054-1,1.5539026
s_016um_00033_00334-1,1.5942626
s_016um_00063_00237-1,1.53057
s_016um_00239_00091-1,1.7130342
s_016um_00307_00053-1,1.5457424
s_016um_00195_00122-1,1.6025236
s_016um_00101_00389-1,1.6840286
s_016um_00219_00284-1,1.5277891
s_016um_00080_00294-1,1.4967074
s_016um_00329_00125-1,1.542956
s_016um_00250_00025-1,1.5832196
s_016um_00232_00268-1,1.6014793
s_016um_00079_00266-1,1.5702187
s_016um_00210_00035-1,1.6365144
s_016um_00355_00097-1,1.5924989
s_016um_00185_00029-1,1.7845784
s_016um_00173_00376-1,1.5715395
s_016um_00236_00085-1,1.6046264
s_016um_00123_00149-1,1.5498624
s_016um_00008_00297-1,1.5695149
s_016um_00225_00247-1,1.5895041
s_016um_00277_00207-1,1.5014073
s_016um_00211_00295-1,1.477696
s_016um_00081_00267-1,1.5655135
s_016um_00399_00263-1,1.4852713
s_016um_00411_00099-1,1.5401497
s_016um_00387_00132-1,1.6096559
s_016um_00369_00222-1,1.5088544
s_016um_00413_00099-1,1.4896339
s_016um_00096_00023-1,1.5401824
s_016um_00192_00097-1,1.640899
s_016um_00288_00094-1,1.6398313
s_016um_00205_00147-1,1.5945505
s_016um_00224_00237-1,1.538266
s_016um_00400_00400-1,0.97777337
s_016um_00332_00215-1,1.535751
s_016um_00117_00147-1,1.6537653
s_016um_00164_00126-1,1.6353801
s_016um_00166_00128-1,1.6321145
s_016um_00084_00194-1,1.7004254
s_016um_00280_00133-1,1.6569576
s_016um_00284_00097-1,1.5465416
s_016um_00287_00095-1,1.5575008
s_016um_00415_00103-1,1.4828113
s_016um_00269_00335-1,1.5750747
s_016um_00397_00215-1,1.5619496
s_016um_00337_00396-1,1.7847346
s_016um_00263_00190-1,1.5698327
s_016um_00016_00265-1,1.5997094
s_016um_00260_00128-1,1.555911
s_016um_00220_00230-1,1.5660346
s_016um_00219_00228-1,1.5711454
s_016um_00076_00294-1,1.5716823
s_016um_00400_00127-1,1.5871552
s_016um_00075_00239-1,1.5903273
s_016um_00093_00316-1,1.5531414
s_016um_00221_00031-1,1.6101958
s_016um_00274_00222-1,1.6609172
s_016um_00308_00059-1,1.4507744
s_016um_00129_00086-1,1.6429708
s_016um_00066_00128-1,1.5722356
s_016um_00221_00030-1,1.5839282
s_016um_00237_00185-1,1.6314656
s_016um_00408_00147-1,1.5698293
s_016um_00276_00045-1,1.5783582
s_016um_00356_00418-1,1.4375694
s_016um_00327_00301-1,1.6003015
s_016um_00290_00093-1,1.5919006
s_016um_00206_00152-1,1.566443
s_016um_00140_00015-1,1.495844
s_016um_00370_00147-1,1.6656234
s_016um_00353_00020-1,1.5594995
s_016um_00130_00314-1,1.4177749
s_016um_00375_00118-1,1.5893282
s_016um_00034_00332-1,1.5126051
s_016um_00081_00294-1,1.5345831
s_016um_00089_00032-1,1.5650529
s_016um_00260_00333-1,1.6027236
s_016um_00147_00061-1,1.7058885
s_016um_00082_00035-1,1.6577889
s_016um_00104_00072-1,1.5809993
s_016um_00354_00096-1,1.6176916
s_016um_00310_00051-1,1.5514029
s_016um_00232_00358-1,1.5486666
s_016um_00217_00293-1,1.4984097
s_016um_00273_00047-1,1.6310637
s_016um_00192_00125-1,1.5971621
s_016um_00397_00370-1,1.5975221
s_016um_00274_00206-1,1.5505961
s_016um_00074_00249-1,1.4930164
s_016um_00167_00124-1,1.6507646
s_016um_00403_00257-1,1.554402
s_016um_00109_00314-1,1.5506172
s_016um_00041_00216-1,1.5736947
s_016um_00313_00059-1,1.563895
s_016um_00282_00324-1,1.5402173
s_016um_00240_00089-1,1.6018828
s_016um_00220_00331-1,1.5384923
s_016um_00274_00201-1,1.4383591
s_016um_00345_00220-1,1.497509
s_016um_00274_00045-1,1.5272176
s_016um_00075_00243-1,1.530649
s_016um_00129_00227-1,1.6431801
s_016um_00047_00216-1,1.6620123
s_016um_00167_00375-1,1.5630759
s_016um_00137_00216-1,1.5463845
s_016um_00398_00361-1,1.607096
s_016um_00126_00087-1,1.5957054
s_016um_00049_00239-1,1.5316551
s_016um_00274_00312-1,1.6202415
s_016um_00080_00032-1,1.6618376
s_016um_00043_00209-1,1.6180367
s_016um_00013_00212-1,1.5966048
s_016um_00134_00220-1,1.5293195
s_016um_00272_00332-1,1.4338915
s_016um_00083_00296-1,1.5269991
s_016um_00361_00410-1,1.5497047
s_016um_00045_00205-1,1.651979
s_016um_00214_00276-1,1.5672883
s_016um_00082_00265-1,1.603353
s_016um_00352_00121-1,1.5732148
s_016um_00244_00186-1,1.5550791
s_016um_00395_00360-1,1.5735767
s_016um_00056_00247-1,1.6174201
s_016um_00120_00151-1,1.5398264
s_016um_00310_00057-1,1.5719086
s_016um_00324_00307-1,1.6163768
s_016um_00045_00240-1,1.5553378
s_016um_00257_00191-1,1.577906
s_016um_00035_00098-1,1.5551661
s_016um_00144_00055-1,1.5904443
s_016um_00247_00083-1,1.6507088
s_016um_00104_00065-1,1.54363
s_016um_00094_00338-1,1.539723
s_016um_00134_00318-1,1.3882798
s_016um_00407_00147-1,1.5306357
s_016um_00369_00097-1,1.560195
s_016um_00361_00291-1,1.5349959
s_016um_00008_00293-1,1.5904948
s_016um_00172_00374-1,1.6536148
s_016um_00217_00174-1,1.593344
s_016um_00366_00102-1,1.5984079
s_016um_00277_00329-1,1.6636006
s_016um_00237_00186-1,1.5933734
s_016um_00261_00334-1,1.5790592
s_016um_00229_00334-1,1.5248795
s_016um_00083_00070-1,1.5558763
s_016um_00229_00328-1,1.5402628
s_016um_00247_00026-1,1.4865651
s_016um_00072_00244-1,1.5433115
s_016um_00348_00216-1,1.5888934
s_016um_00227_00238-1,1.5460569
s_016um_00274_00052-1,1.6435273
s_016um_00275_00318-1,1.5619459
s_016um_00091_00338-1,1.5698586
s_016um_00405_00120-1,1.5584574
s_016um_00012_00293-1,1.7108095
s_016um_00334_00403-1,1.6791795
s_016um_00254_00033-1,1.604783
s_016um_00043_00047-1,1.608575
s_016um_00193_00095-1,1.6307095
s_016um_00226_00327-1,1.6382624
s_016um_00109_00319-1,1.5477936
s_016um_00356_00290-1,1.5429596
s_016um_00240_00188-1,1.5928919
s_016um_00357_00094-1,1.6143246
s_016um_00279_00313-1,1.5963242
s_016um_00389_00290-1,1.5193611
s_016um_00326_00303-1,1.5874645
s_016um_00026_00333-1,1.591614
s_016um_00082_00300-1,1.541432
s_016um_00328_00126-1,1.5535225
s_016um_00012_00154-1,1.5856498
s_016um_00010_00212-1,1.6227558
s_016um_00046_00213-1,1.7107918
s_016um_00212_00298-1,1.5590645
s_016um_00398_00260-1,1.43295
s_016um_00043_00240-1,1.5496542
s_016um_00094_00316-1,1.5501323
s_016um_00080_00295-1,1.5833751
s_016um_00238_00087-1,1.6602114
s_016um_00401_00219-1,1.5427995
s_016um_00038_00102-1,1.6248684
s_016um_00384_00126-1,1.5887691
s_016um_00365_00099-1,1.5802574
s_016um_00327_00122-1,1.5520544
s_016um_00099_00069-1,1.6121578
s_016um_00352_00020-1,1.6810296
s_016um_00008_00299-1,1.6204833
s_016um_00093_00320-1,1.5769229
s_016um_00312_00056-1,1.5826478
s_016um_00349_00025-1,1.6428546
s_016um_00272_00224-1,1.5703253
s_016um_00394_00184-1,1.5930564
s_016um_00234_00353-1,1.5222716
s_016um_00042_00045-1,1.6717224
s_016um_00379_00130-1,1.5236764
s_016um_00247_00086-1,1.6948504
s_016um_00403_00126-1,1.609733
s_016um_00331_00254-1,1.5590985
s_016um_00218_00231-1,1.5917636
s_016um_00248_00022-1,1.8577818
s_016um_00096_00342-1,1.5701709
s_016um_00396_00213-1,1.4922584
s_016um_00223_00174-1,1.5646367
s_016um_00018_00271-1,1.5762058
s_016um_00075_00248-1,1.5043058
s_016um_00392_00363-1,1.5516381
s_016um_00380_00140-1,1.5224056
s_016um_00084_00271-1,1.5620562
s_016um_00384_00129-1,1.5764387
s_016um_00090_00338-1,1.584394
s_016um_00011_00158-1,1.5222691
s_016um_00188_00096-1,1.5786886
s_016um_00138_00016-1,1.5430233
s_016um_00364_00229-1,1.5334053
s_016um_00225_00025-1,1.5851762
s_016um_00095_00340-1,1.5959442
s_016um_00066_00233-1,1.6068671
s_016um_00212_00288-1,1.5605452
s_016um_00357_00022-1,1.5824282
s_016um_00267_00033-1,1.592423
s_016um_00189_00124-1,1.6073089
s_016um_00370_00224-1,1.5961182
s_016um_00369_00229-1,1.5035498
s_016um_00370_00226-1,1.4678922
s_016um_00217_00282-1,1.5336461
s_016um_00081_00034-1,1.709324
s_016um_00129_00322-1,1.5627563
s_016um_00401_00215-1,1.5384632
s_016um_00319_00170-1,1.6029294
s_016um_00406_00101-1,1.5899713
s_016um_00354_00121-1,1.5602726
s_016um_00097_00342-1,1.5714467
s_016um_00031_00084-1,1.6187643
s_016um_00166_00123-1,1.6569326
s_016um_00102_00067-1,1.5434285
s_016um_00354_00018-1,1.6573701
s_016um_00008_00152-1,1.5309502
s_016um_00270_00055-1,1.5435258
s_016um_00279_00326-1,1.5169604
s_016um_00091_00266-1,1.5196161
s_016um_00244_00087-1,1.6667259
s_016um_00168_00370-1,1.5868303
s_016um_00276_00047-1,1.5429248
s_016um_00392_00181-1,1.5644543
s_016um_00101_00029-1,1.5802819
s_016um_00234_00084-1,1.6066849
s_016um_00141_00073-1,1.547499
s_016um_00127_00389-1,1.5274668
s_016um_00209_00289-1,1.5863979
s_016um_00170_00126-1,1.626042
s_016um_00223_00029-1,1.5942701
s_016um_00275_00201-1,1.5849836
s_016um_00129_00318-1,1.2918466
s_016um_00311_00052-1,1.6075659
s_016um_00381_00137-1,1.4983486
s_016um_00415_00141-1,1.5678802
s_016um_00335_00211-1,1.6621323
s_016um_00222_00015-1,1.6400805
s_016um_00255_00020-1,1.6124222
s_016um_00043_00205-1,1.6810229
s_016um_00359_00116-1,1.6700915
s_016um_00270_00332-1,1.6192724
s_016um_00084_00030-1,1.5915853
s_016um_00399_00368-1,1.6003431
s_016um_00403_00148-1,1.5201281
s_016um_00276_00311-1,1.5040553
s_016um_00171_00378-1,1.6223874
s_016um_00402_00150-1,1.5684202
s_016um_00032_00333-1,1.5828179
s_016um_00216_00283-1,1.5008311
s_016um_00084_00283-1,1.5256802
s_016um_00069_00235-1,1.5517246
s_016um_00312_00057-1,1.5728724
s_016um_00326_00306-1,1.5892061
s_016um_00333_00251-1,1.5589949
s_016um_00130_00321-1,1.6052483
s_016um_00285_00097-1,1.631339
s_016um_00040_00105-1,1.5663477
s_016um_00224_00251-1,1.5276378
s_016um_00191_00097-1,1.5592365
s_016um_00128_00390-1,1.5400095
s_016um_00046_00205-1,1.654234
s_016um_00234_00261-1,1.5526476
s_016um_00276_00200-1,1.5669316
s_016um_00287_00094-1,1.5313004
s_016um_00189_00094-1,1.6788493
s_016um_00044_00242-1,1.8468785
s_016um_00008_00213-1,1.6288551
s_016um_00213_00296-1,1.5797124
s_016um_00102_00025-1,1.6725236
s_016um_00398_00259-1,1.7064159
s_016um_00391_00292-1,1.5883049
s_016um_00336_00397-1,1.6114194
s_016um_00381_00127-1,1.525122
s_016um_00203_00145-1,1.5102043
s_016um_00131_00092-1,1.6633046
s_016um_00037_00006-1,1.5171117
s_016um_00138_00071-1,1.6847136
s_016um_00399_00261-1,1.5820402
s_016um_00281_00328-1,1.5382754
s_016um_00088_00068-1,1.5086018
s_016um_00170_00125-1,1.5842834
s_016um_00276_00052-1,1.6950285
s_016um_00082_00030-1,1.7114251
s_016um_00321_00170-1,1.5696847
s_016um_00217_00285-1,1.5402241
s_016um_00190_00092-1,1.624099
s_016um_00098_00072-1,1.6616367
s_016um_00192_00095-1,1.5760169
s_016um_00114_00147-1,1.62556
s_016um_00185_00026-1,1.6138061
s_016um_00081_00244-1,1.5200192
s_016um_00107_00384-1,1.6599396
s_016um_00203_00150-1,1.6564564
s_016um_00323_00229-1,1.45994
s_016um_00094_00276-1,1.4714935
s_016um_00273_00029-1,1.5888535
s_016um_00338_00395-1,1.5583754
s_016um_00400_00373-1,1.593953
s_016um_00085_00271-1,1.5077664
s_016um_00077_00238-1,1.5260471
s_016um_00100_00025-1,1.5867417
s_016um_00032_00084-1,1.6940469
s_016um_00215_00015-1,1.5736393
s_016um_00195_00129-1,1.605353
s_016um_00283_00097-1,1.6670132
s_016um_00228_00263-1,1.5348775
s_016um_00327_00124-1,1.5395161
s_016um_00326_00305-1,1.5915499
s_016um_00273_00034-1,1.554607
s_016um_00069_00234-1,1.6307443
s_016um_00009_00158-1,1.55961
s_016um_00179_00031-1,1.4641969
s_016um_00310_00056-1,1.5528934
s_016um_00353_00115-1,1.6125085
s_016um_00011_00212-1,1.6735421
s_016um_00332_00250-1,1.5109891
s_016um_00359_00092-1,1.582485
s_016um_00405_00127-1,1.5275201
s_016um_00312_00054-1,1.5456992
s_016um_00081_00031-1,1.6904716
s_016um_00208_00031-1,1.6371263
s_016um_00004_00157-1,1.6621945
s_016um_00359_00287-1,1.5766011
s_016um_00126_00386-1,1.7314328
s_016um_00146_00054-1,1.5861299
s_016um_00333_00216-1,1.513844
s_016um_00146_00055-1,1.6078919
s_016um_00093_00335-1,1.5942271
s_016um_00259_00187-1,1.5304724
s_016um_00398_00258-1,1.5739119
s_016um_00205_00149-1,1.6100892
s_016um_00174_00376-1,1.5764904
s_016um_00110_00320-1,1.4321975
s_016um_00081_00035-1,1.6559962
s_016um_00113_00321-1,1.6411722
s_016um_00098_00339-1,1.5459127
s_016um_00229_00245-1,1.5434816
s_016um_00269_00230-1,1.6004127
s_016um_00236_00361-1,1.6015807
s_016um_00158_00290-1,1.545092
s_016um_00280_00205-1,1.5503318
s_016um_00319_00165-1,1.6245893
s_016um_00085_00285-1,1.5578657
s_016um_00099_00066-1,1.5981984
s_016um_00242_00186-1,1.6002592
s_016um_00364_00222-1,1.5436698
s_016um_00101_00390-1,1.5022335
s_016um_00398_00360-1,1.6534386
s_016um_00408_00152-1,1.5548927
s_016um_00346_00217-1,1.5837691
s_016um_00220_00166-1,1.5845962
s_016um_00267_00036-1,1.5195038
s_016um_00259_00027-1,1.610257
s_016um_00281_00324-1,1.5849195
s_016um_00102_00391-1,1.567979
s_016um_00084_00036-1,1.6571796
s_016um_00087_00030-1,1.6345141
s_016um_00220_00025-1,1.5421331
s_016um_00082_00069-1,1.6001409
s_016um_00278_00046-1,1.5513107
s_016um_00129_00089-1,1.800583
s_016um_00384_00132-1,1.5523151
s_016um_00223_00170-1,1.6758372
s_016um_00084_00268-1,1.477154
s_016um_00245_00088-1,1.5382669
s_016um_00065_00237-1,1.4754415
s_016um_00091_00278-1,1.5284162
s_016um_00008_00150-1,1.5865427
s_016um_00216_00014-1,1.5364766
s_016um_00256_00032-1,1.5827558
s_016um_00358_00415-1,1.7598095
s_016um_00231_00268-1,1.3847928
s_016um_00134_00069-1,1.6502681
s_016um_00257_00186-1,1.6028409
s_016um_00215_00291-1,1.5611751
s_016um_00219_00015-1,1.6212904
s_016um_00396_00257-1,1.5232054
s_016um_00408_00401-1,0.6482391
s_016um_00127_00088-1,1.5659345
s_016um_00086_00271-1,1.5233258
s_016um_00129_00383-1,1.630279
s_016um_00365_00102-1,1.57134
s_016um_00341_00398-1,1.5183202
s_016um_00190_00124-1,1.7214353
s_016um_00135_00075-1,1.5402833
s_016um_00234_00358-1,1.5230381
s_016um_00125_00383-1,1.5958004
s_016um_00371_00100-1,1.5617609
s_016um_00140_00057-1,1.5350025
s_016um_00395_00363-1,1.6929427
s_016um_00041_00206-1,1.576351
s_016um_00065_00232-1,1.6113126
s_016um_00271_00330-1,1.5452776
s_016um_00271_00225-1,1.5081005
s_016um_00044_00209-1,1.5790284
s_016um_00119_00148-1,1.5859241
s_016um_00347_00216-1,1.592491
s_016um_00227_00247-1,1.5188608
s_016um_00104_00387-1,1.5889945
s_016um_00229_00260-1,1.5064703
s_016um_00399_00214-1,1.5171431
s_016um_00391_00293-1,1.6218928
s_016um_00162_00125-1,1.5863416
s_016um_00239_00183-1,1.4852307
s_016um_00396_00178-1,1.6252507
s_016um_00247_00084-1,1.6672577
s_016um_00136_00230-1,1.6100607
s_016um_00086_00074-1,1.6852084
s_016um_00021_00266-1,1.5399866
s_016um_00402_00260-1,1.6103706
s_016um_00230_00361-1,1.5321493
s_016um_00374_00145-1,1.5673125
s_016um_00083_00285-1,1.4935555
s_016um_00113_00319-1,1.6533906
s_016um_00011_00295-1,1.5667694
s_016um_00260_00027-1,1.5799516
s_016um_00108_00321-1,1.5859209
s_016um_00233_00265-1,1.6048847
s_016um_00415_00102-1,1.5856497
s_016um_00275_00049-1,1.434631
s_016um_00048_00237-1,1.5358633
s_016um_00107_00383-1,1.5775313
s_016um_00398_00215-1,1.5632324
s_016um_00235_00357-1,1.5694511
s_016um_00394_00369-1,1.6066598
s_016um_00129_00314-1,1.5915651
s_016um_00398_00217-1,1.4861109
s_016um_00407_00398-1,0.9261005
s_016um_00391_00298-1,1.5576684
s_016um_00402_00128-1,1.5293581
s_016um_00103_00066-1,1.7054422
s_016um_00040_00171-1,1.6703022
s_016um_00408_00100-1,1.6344302
s_016um_00020_00266-1,1.6982106
s_016um_00086_00196-1,1.557917
s_016um_00204_00152-1,1.5732771
s_016um_00220_00225-1,1.5094407
s_016um_00129_00093-1,1.7112226
s_016um_00190_00122-1,1.6523076
s_016um_00269_00330-1,1.6044842
s_016um_00097_00273-1,1.5006583
s_016um_00275_00135-1,1.6082569
s_016um_00213_00282-1,1.5334975
s_016um_00161_00288-1,1.477885
s_016um_00179_00029-1,1.4859675
s_016um_00355_00119-1,1.5702711
s_016um_00376_00138-1,1.6824208
s_016um_00221_00227-1,1.5541468
s_016um_00135_00070-1,1.594963
s_016um_00355_00025-1,1.6134052
s_016um_00029_00332-1,1.5594264
s_016um_00158_00291-1,1.523273
s_016um_00218_00018-1,1.5141166
s_016um_00417_00140-1,1.598011
s_016um_00146_00400-1,1.5729465
s_016um_00370_00143-1,1.5679026
s_016um_00163_00291-1,1.7338779
s_016um_00029_00090-1,1.64256
s_016um_00411_00149-1,1.5974157
s_016um_00164_00124-1,1.5809168
s_016um_00043_00212-1,1.6658965
s_016um_00193_00123-1,1.4601486
s_016um_00064_00234-1,1.0399995
s_016um_00262_00330-1,1.5451797
s_016um_00064_00131-1,1.5961807
s_016um_00391_00181-1,1.6006379
s_016um_00260_00187-1,1.6135082
s_016um_00220_00170-1,1.6201391
s_016um_00403_00255-1,1.5698692
s_016um_00416_00140-1,1.5059831
s_016um_00084_00200-1,1.5912395
s_016um_00084_00193-1,1.6287853
s_016um_00238_00185-1,1.5476159
s_016um_00027_00088-1,1.5947756
s_016um_00132_00384-1,1.6277894
s_016um_00013_00207-1,1.6531307
s_016um_00249_00027-1,1.5960468
s_016um_00367_00097-1,1.5066615
s_016um_00352_00017-1,1.6490047
s_016um_00137_00077-1,1.5296721
s_016um_00083_00199-1,1.5592924
s_016um_00399_00256-1,1.5480863
s_016um_00178_00029-1,1.5412881
s_016um_00125_00387-1,1.5705086
s_016um_00107_00317-1,1.6760173
s_016um_00345_00218-1,1.6025196
s_016um_00057_00242-1,1.5996847
s_016um_00278_00203-1,1.5760394
s_016um_00042_00241-1,1.5957284
s_016um_00251_00018-1,1.6756133
s_016um_00052_00246-1,1.5609058
s_016um_00119_00143-1,1.2746503
s_016um_00202_00149-1,1.6239513
s_016um_00399_00121-1,1.6272472
s_016um_00358_00089-1,1.5040444
s_016um_00412_00102-1,1.4873464
s_016um_00130_00093-1,1.7886857
s_016um_00139_00076-1,1.603276
s_016um_00099_00316-1,1.6082408
s_016um_00278_00045-1,1.5755423
s_016um_00276_00226-1,1.6197042
s_016um_00357_00090-1,1.5419285
s_016um_00135_00215-1,1.5432993
s_016um_00149_00394-1,1.6003183
s_016um_00031_00332-1,1.540516
s_016um_00235_00188-1,1.5681666
s_016um_00096_00316-1,1.5085913
s_016um_00276_00314-1,1.6674718
s_016um_00223_00334-1,1.5346712
s_016um_00033_00098-1,1.5659888
s_016um_00068_00236-1,1.5637778
s_016um_00035_00103-1,1.6087233
s_016um_00075_00249-1,1.6011666
s_016um_00085_00066-1,1.5084693
s_016um_00046_00212-1,1.5548276
s_016um_00042_00204-1,1.6203408
s_016um_00391_00339-1,1.5718192
s_016um_00327_00214-1,1.546692
s_016um_00036_00103-1,1.5922266
s_016um_00327_00212-1,1.5196942
s_016um_00084_00264-1,1.636206
s_016um_00395_00357-1,1.4041451
s_016um_00014_00266-1,1.5262682
s_016um_00266_00035-1,1.5163314
s_016um_00353_00116-1,1.5511748
s_016um_00227_00248-1,1.5103793
s_016um_00388_00338-1,1.6135918
s_016um_00275_00052-1,1.6918644
s_016um_00367_00094-1,1.5619087
s_016um_00159_00287-1,1.5867031
s_016um_00220_00028-1,1.722963
s_016um_00271_00336-1,1.5774671
s_016um_00042_00042-1,1.5613531
s_016um_00260_00029-1,1.6912625
s_016um_00374_00146-1,1.564107
s_016um_00387_00129-1,1.5918595
s_016um_00231_00362-1,1.557499
s_016um_00413_00104-1,1.5368599
s_016um_00075_00241-1,1.6036412
s_016um_00090_00071-1,1.6350739
s_016um_00327_00306-1,1.6105871
s_016um_00100_00385-1,1.7541877
s_016um_00145_00399-1,1.4774836
s_016um_00397_00258-1,1.6482382
s_016um_00140_00216-1,1.5215447
s_016um_00142_00054-1,1.5854865
s_016um_00325_00229-1,1.5843693
s_016um_00094_00340-1,1.564154
s_016um_00355_00021-1,1.5430528
s_016um_00040_00177-1,1.5255929
s_016um_00356_00291-1,1.6095139
s_016um_00327_00232-1,1.4863176
s_016um_00194_00121-1,1.539796
s_016um_00140_00021-1,1.6334798
s_016um_00370_00142-1,1.4807923
s_016um_00037_00043-1,1.5829464
s_016um_00266_00058-1,1.6076139
s_016um_00012_00295-1,1.5992537
s_016um_00017_00268-1,1.5479107
s_016um_00257_00035-1,1.634708
s_016um_00265_00135-1,1.5532718
s_016um_00221_00235-1,1.5587997
s_016um_00325_00162-1,1.5598223
s_016um_00037_00008-1,1.490738
s_016um_00143_00057-1,1.5465295
s_016um_00077_00242-1,1.5358789
s_016um_00136_00215-1,1.618478
s_016um_00166_00374-1,1.540483
s_016um_00398_00366-1,1.5949686
s_016um_00370_00141-1,1.5438032
s_016um_00237_00360-1,1.5729173
s_016um_00008_00155-1,1.5983589
s_016um_00363_00227-1,1.5382992
s_016um_00384_00139-1,1.4855487
s_016um_00396_00367-1,1.5193051
s_016um_00246_00085-1,1.6168996
s_016um_00221_00010-1,1.5762862
s_016um_00249_00026-1,1.5809438
s_016um_00394_00342-1,1.564275
s_016um_00392_00339-1,1.5774593
s_016um_00324_00304-1,1.5380057
s_016um_00394_00186-1,1.6180072
s_016um_00121_00147-1,1.7252511
s_016um_00272_00031-1,1.6857225
s_016um_00323_00304-1,1.5375764
s_016um_00217_00233-1,1.6058624
s_016um_00377_00140-1,1.6249707
s_016um_00270_00330-1,1.701818
s_016um_00083_00035-1,1.646652
s_016um_00406_00398-1,0.9427168
s_016um_00352_00089-1,1.5773399
s_016um_00367_00101-1,1.618927
s_016um_00066_00238-1,1.5949409
s_016um_00221_00014-1,1.7280444
s_016um_00222_00030-1,1.7553222
s_016um_00272_00222-1,1.601003
s_016um_00195_00095-1,1.5237473
s_016um_00217_00015-1,1.5522466
s_016um_00016_00266-1,1.5664345
s_016um_00226_00329-1,1.5581129
s_016um_00215_00297-1,1.5599968
s_016um_00095_00271-1,1.5449715
s_016um_00236_00266-1,1.4959363
s_016um_00188_00094-1,1.6079767
s_016um_00274_00333-1,1.5179957
s_016um_00395_00369-1,1.6428242
s_016um_00163_00126-1,1.635778
s_016um_00095_00339-1,1.6177037
s_016um_00076_00300-1,1.5358931
s_016um_00234_00359-1,1.6370722
s_016um_00090_00067-1,1.5528522
s_016um_00034_00008-1,1.5616263
s_016um_00040_00212-1,1.5497677
s_016um_00082_00240-1,1.5757077
s_016um_00271_00231-1,1.6355522
s_016um_00271_00057-1,1.5951564
s_016um_00273_00133-1,1.5860678
s_016um_00330_00254-1,1.5365807
s_016um_00070_00248-1,1.6265857
s_016um_00062_00125-1,1.5548676
s_016um_00362_00228-1,1.5512106
s_016um_00277_00313-1,1.5696807
s_016um_00126_00388-1,1.5766625
s_016um_00329_00123-1,1.5968369
s_016um_00358_00119-1,1.5592941
s_016um_00328_00225-1,1.6207072
s_016um_00373_00147-1,1.5415381
s_016um_00276_00203-1,1.5100774
s_016um_00372_00147-1,1.5032299
s_016um_00006_00155-1,1.6062969
s_016um_00145_00057-1,1.580539
s_016um_00326_00226-1,1.6004034
s_016um_00222_00172-1,1.5905269
s_016um_00057_00248-1,1.5495784
s_016um_00083_00267-1,1.5130928
s_016um_00397_00216-1,1.6101451
s_016um_00341_00400-1,1.5614275
s_016um_00075_00299-1,1.5363469
s_016um_00236_00362-1,1.5351237
s_016um_00077_00240-1,1.499341
s_016um_00365_00100-1,1.5556245
s_016um_00370_00117-1,1.5501553
s_016um_00407_00102-1,1.4936138
s_016um_00401_00396-1,1.3289073
s_016um_00229_00332-1,1.5735958
s_016um_00120_00146-1,1.6085552
s_016um_00040_00174-1,1.5962722
s_016um_00340_00216-1,1.594678
s_016um_00105_00383-1,1.5909463
s_016um_00410_00102-1,1.5689082
s_016um_00267_00059-1,1.5751749
s_016um_00338_00397-1,1.7842104
s_016um_00134_00232-1,1.5449284
s_016um_00402_00126-1,1.6408693
s_016um_00254_00034-1,1.6429458
s_016um_00136_00318-1,1.5524144
s_016um_00131_00094-1,1.5802063
s_016um_00394_00338-1,1.5901438
s_016um_00222_00174-1,1.575191
s_016um_00037_00103-1,1.5823917
s_016um_00376_00121-1,1.5620627
s_016um_00402_00398-1,0.8341358
s_016um_00327_00228-1,1.6135002
s_016um_00041_00205-1,1.6012778
s_016um_00005_00211-1,1.559387
s_016um_00271_00030-1,1.5493095
s_016um_00324_00230-1,1.5197613
s_016um_00394_00343-1,1.6449825
s_016um_00203_00146-1,1.5146292
s_016um_00067_00128-1,1.532227
s_016um_00218_00281-1,1.5654653
s_016um_00014_00297-1,1.5766927
s_016um_00221_00226-1,1.540954
s_016um_00183_00025-1,1.6384256
s_016um_00075_00247-1,1.4793365
s_016um_00035_00104-1,1.5751696
s_016um_00135_00218-1,1.5714502
s_016um_00396_00368-1,1.5645851
s_016um_00168_00127-1,1.7381254
s_016um_00216_00232-1,1.5219189
s_016um_00254_00029-1,1.6169927
s_016um_00263_00192-1,1.5798644
s_016um_00264_00186-1,1.645697
s_016um_00084_00035-1,1.6254532
s_016um_00040_00205-1,1.5727338
s_016um_00372_00144-1,1.5589304
s_016um_00126_00389-1,1.5803572
s_016um_00128_00319-1,1.5971072
s_016um_00008_00294-1,1.5700396
s_016um_00277_00052-1,1.6962861
s_016um_00102_00065-1,1.6335324
s_016um_00092_00269-1,1.4586942
s_016um_00262_00030-1,1.6522018
s_016um_00129_00315-1,1.395737
s_016um_00338_00405-1,1.6203337
s_016um_00173_00375-1,1.4817126
s_016um_00356_00121-1,1.7008657
s_016um_00269_00061-1,1.6388555
s_016um_00010_00300-1,1.6478641
s_016um_00093_00338-1,1.540671
s_016um_00006_00300-1,1.60882
s_016um_00353_00026-1,1.7652858
s_016um_00330_00257-1,1.6330776
s_016um_00243_00090-1,1.6827425
s_016um_00082_00297-1,1.6473924
s_016um_00145_00058-1,1.6891513
s_016um_00399_00262-1,1.5268964
s_016um_00074_00250-1,1.5743028
s_016um_00337_00399-1,1.6719942
s_016um_00233_00091-1,1.6075951
s_016um_00105_00390-1,1.5932817
s_016um_00141_00022-1,1.6267276
s_016um_00037_00041-1,1.5612086
s_016um_00239_00087-1,1.6034439
s_016um_00102_00071-1,1.7218714
s_016um_00174_00377-1,1.4905607
s_016um_00338_00404-1,1.69838
s_016um_00036_00007-1,1.5048779
s_016um_00171_00376-1,1.5593661
s_016um_00277_00134-1,1.5542178
s_016um_00066_00131-1,1.5397856
s_016um_00150_00394-1,1.6022956
s_016um_00134_00233-1,1.5022836
s_016um_00359_00411-1,1.6444945
s_016um_00276_00209-1,1.4401116
s_016um_00380_00136-1,1.6066893
s_016um_00039_00210-1,1.639148
s_016um_00406_00144-1,1.5955876
s_016um_00339_00397-1,1.6243417
s_016um_00117_00145-1,1.6836905
s_016um_00139_00058-1,1.5386212
s_016um_00341_00214-1,1.6195987
s_016um_00093_00321-1,1.6120458
s_016um_00037_00047-1,1.633772
s_016um_00254_00032-1,1.4966058
s_016um_00034_00105-1,1.6646839
s_016um_00055_00250-1,1.6232405
s_016um_00053_00243-1,1.5712628
s_016um_00009_00299-1,1.5372806
s_016um_00367_00141-1,1.5141892
s_016um_00279_00047-1,1.5577785
s_016um_00094_00271-1,1.5098112
s_016um_00207_00149-1,1.5117301
s_016um_00352_00024-1,1.5816642
s_016um_00416_00137-1,1.5761329
s_016um_00084_00195-1,1.5471103
s_016um_00270_00061-1,1.6639265
s_016um_00346_00219-1,1.5333972
s_016um_00236_00356-1,1.6071465
s_016um_00203_00144-1,1.5949893
s_016um_00161_00292-1,1.4712805
s_016um_00128_00387-1,1.5714598
s_016um_00043_00203-1,1.5523458
s_016um_00407_00122-1,1.4965888
s_016um_00072_00246-1,1.524068
s_016um_00385_00136-1,1.5212762
s_016um_00348_00214-1,1.6285175
s_016um_00219_00230-1,1.5692241
s_016um_00331_00215-1,1.6276983
s_016um_00381_00126-1,1.497908
s_016um_00218_00227-1,1.5316758
s_016um_00045_00239-1,1.6467292
s_016um_00154_00398-1,1.5961021
s_016um_00385_00131-1,1.5530635
s_016um_00385_00126-1,1.642072
s_016um_00035_00007-1,1.5332614
s_016um_00233_00086-1,1.6115531
s_016um_00276_00043-1,1.5360324
s_016um_00234_00086-1,1.5980088
s_016um_00157_00286-1,1.5996133
s_016um_00079_00291-1,1.5895739
s_016um_00277_00323-1,1.5717167
s_016um_00072_00251-1,1.560487
s_016um_00288_00097-1,1.5288659
s_016um_00415_00136-1,1.6753509
s_016um_00164_00128-1,1.5403234
s_016um_00130_00090-1,1.6179906
s_016um_00225_00331-1,1.5885553
s_016um_00397_00218-1,1.6165526
s_016um_00082_00242-1,1.4100902
s_016um_00116_00147-1,1.694799
s_016um_00227_00249-1,1.5598525
s_016um_00095_00279-1,1.5545235
s_016um_00056_00246-1,1.5780149
s_016um_00334_00253-1,1.6324891
s_016um_00252_00019-1,1.6092185
s_016um_00139_00021-1,1.6143836
s_016um_00319_00164-1,1.5923278
s_016um_00111_00313-1,1.532978
s_016um_00247_00022-1,1.6669837
s_016um_00150_00398-1,1.7397912
s_016um_00044_00218-1,1.5535376
s_016um_00057_00251-1,1.5501606
s_016um_00132_00316-1,1.3891226
s_016um_00276_00329-1,1.5055438
s_016um_00109_00317-1,1.5429363
s_016um_00393_00340-1,1.5947356
s_016um_00218_00173-1,1.5504514
s_016um_00280_00048-1,1.452518
s_016um_00246_00090-1,1.6001428
s_016um_00044_00175-1,1.6369607
s_016um_00045_00244-1,1.5529181
s_016um_00321_00300-1,1.5037943
s_016um_00369_00144-1,1.5884187
s_016um_00086_00073-1,1.6191658
s_016um_00374_00118-1,1.660883
s_016um_00326_00224-1,1.604661
s_016um_00141_00015-1,1.5202101
s_016um_00081_00193-1,1.6149685
s_016um_00124_00386-1,1.790999
s_016um_00011_00151-1,1.555346
s_016um_00107_00387-1,1.5343648
s_016um_00397_00374-1,1.6258513
s_016um_00241_00083-1,1.6135278
s_016um_00360_00418-1,1.2390867
s_016um_00092_00273-1,1.5477915
s_016um_00269_00030-1,1.6068206
s_016um_00359_00413-1,1.625961
s_016um_00232_00362-1,1.5224078
s_016um_00233_00266-1,1.6242669
s_016um_00223_00239-1,1.4676583
s_016um_00136_00319-1,1.3233218
s_016um_00275_00209-1,1.5529634
s_016um_00246_00023-1,1.6350074
s_016um_00405_00125-1,1.4708147
s_016um_00130_00230-1,1.6046034
s_016um_00234_00092-1,1.7599205
s_016um_00364_00230-1,1.5213414
s_016um_00147_00058-1,1.5607405
s_016um_00039_00009-1,1.5658295
s_016um_00148_00401-1,1.5704905
s_016um_00080_00292-1,1.5727878
s_016um_00393_00294-1,1.566953
s_016um_00357_00415-1,1.5666775
s_016um_00248_00025-1,1.6457931
s_016um_00085_00073-1,1.6390005
s_016um_00397_00180-1,1.5491803
s_016um_00396_00180-1,1.47931
s_016um_00096_00274-1,1.5204194
s_016um_00120_00143-1,1.4876893
s_016um_00246_00089-1,1.5938333
s_016um_00011_00157-1,1.5669204
s_016um_00264_00128-1,1.6037529
s_016um_00095_00029-1,1.6170756
s_016um_00036_00099-1,1.6249554
s_016um_00097_00027-1,1.6145065
s_016um_00192_00094-1,1.5952349
s_016um_00171_00127-1,1.5723963
s_016um_00123_00150-1,1.5897509
s_016um_00213_00290-1,1.6800971
s_016um_00400_00398-1,1.3537775
s_016um_00394_00360-1,1.6420774
s_016um_00229_00235-1,1.5439429
s_016um_00029_00336-1,1.5751313
s_016um_00034_00010-1,1.5358447
s_016um_00145_00056-1,1.6242722
s_016um_00372_00125-1,1.5653332
s_016um_00216_00284-1,1.538827
s_016um_00272_00202-1,1.534016
s_016um_00036_00042-1,1.5831184
s_016um_00043_00217-1,1.5563769
s_016um_00272_00330-1,1.5619206
s_016um_00145_00396-1,1.4361519
s_016um_00215_00029-1,1.5957217
s_016um_00100_00069-1,1.6377388
s_016um_00100_00067-1,1.5671228
s_016um_00040_00204-1,1.5758736
s_016um_00013_00299-1,1.5547309
s_016um_00089_00065-1,1.6519138
s_016um_00279_00133-1,1.6682081
s_016um_00218_00229-1,1.5567174
s_016um_00006_00152-1,1.6398073
s_016um_00326_00229-1,1.5014049
s_016um_00259_00031-1,1.6558017
s_016um_00396_00358-1,1.5544492
s_016um_00124_00090-1,1.5530394
s_016um_00018_00270-1,1.5230701
s_016um_00269_00224-1,1.5177662
s_016um_00162_00293-1,1.5218352
s_016um_00027_00333-1,1.7579623
s_016um_00403_00149-1,1.5141643
s_016um_00350_00019-1,1.6213001
s_016um_00406_00123-1,1.2776554
s_016um_00036_00100-1,1.6065938
s_016um_00102_00072-1,1.5977776
s_016um_00130_00387-1,1.5508813
s_016um_00267_00333-1,1.533133
s_016um_00191_00128-1,1.7405487
s_016um_00359_00416-1,1.2358015
s_016um_00218_00017-1,1.5572242
s_016um_00388_00344-1,1.5942494
s_016um_00079_00301-1,1.6034042
s_016um_00287_00100-1,1.5785558
s_016um_00084_00031-1,1.6185178
s_016um_00221_00169-1,1.6103367
s_016um_00044_00042-1,1.5924462
s_016um_00229_00329-1,1.5068527
s_016um_00343_00218-1,1.6044006
s_016um_00082_00196-1,1.6468277
s_016um_00270_00030-1,1.5668194
s_016um_00362_00416-1,1.3608118
s_016um_00053_00244-1,1.5332384
s_016um_00390_00182-1,1.5070963
s_016um_00099_00028-1,1.6322366
s_016um_00386_00132-1,1.5896597
s_016um_00328_00123-1,1.6076684
s_016um_00071_00235-1,1.5129778
s_016um_00224_00335-1,1.4659556
s_016um_00108_00386-1,1.5193912
s_016um_00386_00127-1,1.7280934
s_016um_00138_00069-1,1.6073582
s_016um_00099_00024-1,1.6717647
s_016um_00286_00092-1,1.514307
s_016um_00238_00186-1,1.6219299
s_016um_00371_00096-1,1.5687708
s_016um_00043_00237-1,1.5275991
s_016um_00189_00123-1,1.5925212
s_016um_00063_00126-1,1.6088532
s_016um_00084_00286-1,1.6013757
s_016um_00291_00094-1,1.621782
s_016um_00128_00089-1,1.7734925
s_016um_00340_00397-1,1.652726
s_016um_00267_00328-1,1.5379149
s_016um_00217_00280-1,1.5726196
s_016um_00269_00331-1,1.5316305
s_016um_00393_00343-1,1.5714288
s_016um_00213_00297-1,1.612445
s_016um_00276_00049-1,1.551409
s_016um_00410_00152-1,1.6063318
s_016um_00254_00023-1,1.6609434
s_016um_00322_00230-1,1.725709
s_016um_00397_00221-1,1.6187052
s_016um_00092_00322-1,1.5725033
s_016um_00039_00102-1,1.6589972
s_016um_00217_00018-1,1.5327842
s_016um_00232_00089-1,1.6930847
s_016um_00268_00058-1,1.7044227
s_016um_00341_00396-1,1.5677578
s_016um_00277_00209-1,1.5316519
s_016um_00400_00257-1,1.4822897
s_016um_00278_00319-1,1.6261207
s_016um_00038_00097-1,1.6310718
s_016um_00084_00201-1,1.5842795
s_016um_00250_00024-1,1.6071582
s_016um_00404_00259-1,1.6354675
s_016um_00005_00295-1,1.5552529
s_016um_00142_00018-1,1.6085262
s_016um_00087_00272-1,1.524146
s_016um_00133_00093-1,1.6030802
s_016um_00130_00088-1,1.7974124
s_016um_00275_00311-1,1.5604818
s_016um_00256_00028-1,1.4980992
s_016um_00078_00248-1,1.6414962
s_016um_00098_00030-1,1.6596776
s_016um_00108_00316-1,1.5686737
s_016um_00234_00262-1,1.5138489
s_016um_00216_00282-1,1.5233338
s_016um_00404_00395-1,1.1635021
s_016um_00220_00282-1,1.5291598
s_016um_00190_00126-1,1.5466974
s_016um_00309_00056-1,1.592933
s_016um_00351_00115-1,1.6177788
s_016um_00370_00123-1,1.5444092
s_016um_00180_00032-1,1.6043426
s_016um_00083_00195-1,1.6600248
s_016um_00244_00081-1,1.6361881
s_016um_00229_00263-1,1.5648637
s_016um_00259_00128-1,1.5805798
s_016um_00397_00219-1,1.5632781
s_016um_00065_00233-1,1.5972226
s_016um_00164_00125-1,1.537953
s_016um_00019_00272-1,1.5851278
s_016um_00357_00287-1,1.5147443
s_016um_00403_00400-1,0.74440175
s_016um_00163_00287-1,1.5447059
s_016um_00374_00143-1,1.5917116
s_016um_00281_00327-1,1.625109
s_016um_00277_00202-1,1.4787544
s_016um_00115_00317-1,1.579393
s_016um_00233_00354-1,1.5353783
s_016um_00379_00133-1,1.6227485
s_016um_00007_00299-1,1.543645
s_016um_00348_00020-1,1.6468298
s_016um_00086_00266-1,1.5580996
s_016um_00274_00138-1,1.6630356
s_016um_00039_00179-1,1.5248501
s_016um_00350_00025-1,1.5426443
s_016um_00082_00294-1,1.484562
s_016um_00132_00093-1,1.6173477
s_016um_00163_00128-1,1.6443697
s_016um_00235_00187-1,1.5753665
s_016um_00040_00178-1,1.5670542
s_016um_00262_00191-1,1.6517854
s_016um_00378_00134-1,1.5945647
s_016um_00261_00130-1,1.450293
s_016um_00140_00058-1,1.5516962
s_016um_00392_00341-1,1.565722
s_016um_00079_00294-1,1.506162
s_016um_00237_00187-1,1.576738
s_016um_00400_00128-1,1.6028314
s_016um_00403_00152-1,1.5763993
s_016um_00098_00031-1,1.7513922
s_016um_00238_00091-1,1.6013565
s_016um_00268_00223-1,1.5281001
s_016um_00267_00056-1,1.5073735
s_016um_00236_00264-1,1.5892847
s_016um_00240_00091-1,1.6973038
s_016um_00308_00060-1,1.632111
s_016um_00350_00018-1,1.6121284
s_016um_00277_00317-1,1.6047019
s_016um_00218_00284-1,1.573582
s_016um_00275_00323-1,1.5099256
s_016um_00146_00020-1,1.6151972
s_016um_00082_00269-1,1.4987214
s_016um_00133_00231-1,1.6095521
s_016um_00043_00214-1,1.6644005
s_016um_00243_00188-1,1.5152043
s_016um_00368_00141-1,1.4759071
s_016um_00218_00027-1,1.6149908
s_016um_00063_00129-1,1.5199021
s_016um_00403_00121-1,1.5241065
s_016um_00044_00048-1,1.5120431
s_016um_00217_00027-1,1.6118144
s_016um_00007_00298-1,1.5381268
s_016um_00265_00333-1,1.5905424
s_016um_00166_00121-1,1.748423
s_016um_00359_00118-1,1.583966
s_016um_00351_00120-1,1.6914576
s_016um_00139_00069-1,1.6347072
s_016um_00037_00175-1,1.6563699
s_016um_00043_00219-1,1.5374062
s_016um_00339_00401-1,1.6299894
s_016um_00391_00177-1,1.610496
s_016um_00115_00145-1,1.4096545
s_016um_00110_00312-1,1.5398673
s_016um_00353_00114-1,1.6529502
s_016um_00028_00330-1,1.6254697
s_016um_00393_00217-1,1.5102695
s_016um_00234_00357-1,1.5567952
s_016um_00008_00298-1,1.6008608
s_016um_00239_00088-1,1.7184745
s_016um_00322_00231-1,1.6995795
s_016um_00080_00239-1,1.5837364
s_016um_00220_00165-1,1.6582456
s_016um_00268_00031-1,1.6228832
s_016um_00016_00270-1,1.5262562
s_016um_00038_00100-1,1.6680946
s_016um_00351_00090-1,1.5657431
s_016um_00045_00245-1,1.5709485
s_016um_00257_00030-1,1.7149205
s_016um_00277_00044-1,1.6522961
s_016um_00082_00031-1,1.6412174
s_016um_00358_00097-1,1.5798956
s_016um_00397_00360-1,1.6418922
s_016um_00220_00231-1,1.5866463
s_016um_00355_00287-1,1.4895879
s_016um_00086_00270-1,1.5489602
s_016um_00379_00134-1,1.5312306
s_016um_00149_00393-1,1.6311387
s_016um_00264_00054-1,1.65123
s_016um_00412_00103-1,1.5616465
s_016um_00262_00131-1,1.6852884
s_016um_00325_00167-1,1.5246235
s_016um_00048_00213-1,1.5549777
s_016um_00227_00233-1,1.6163025
s_016um_00189_00125-1,1.5566036
s_016um_00067_00132-1,1.5712061
s_016um_00270_00229-1,1.5172877
s_016um_00132_00317-1,1.2820919
s_016um_00407_00104-1,1.5184577
s_016um_00261_00032-1,1.5847402
s_016um_00222_00249-1,1.4260764
s_016um_00098_00318-1,1.5568527
s_016um_00128_00230-1,1.5166028
s_016um_00220_00229-1,1.5322896
s_016um_00397_00363-1,1.6291254
s_016um_00100_00023-1,1.610775
s_016um_00081_00236-1,1.7163736
s_016um_00216_00278-1,1.5780377
s_016um_00353_00024-1,1.5670794
s_016um_00076_00252-1,1.8516614
s_016um_00322_00169-1,1.5603111
s_016um_00121_00150-1,1.5471872
s_016um_00332_00212-1,1.5306807
s_016um_00042_00237-1,1.4922973
s_016um_00382_00140-1,1.514073
s_016um_00354_00118-1,1.5994414
s_016um_00119_00142-1,1.6076128
s_016um_00128_00227-1,1.5806823
s_016um_00337_00402-1,1.5585465
s_016um_00079_00194-1,1.7875657
s_016um_00370_00146-1,1.617865
s_016um_00183_00029-1,1.666399
s_016um_00332_00121-1,1.5481386
s_016um_00086_00272-1,1.5288712
s_016um_00047_00214-1,1.6484736
s_016um_00086_00267-1,1.5367457
s_016um_00166_00371-1,1.5725315
s_016um_00262_00134-1,1.5783272
s_016um_00403_00260-1,1.5677754
s_016um_00395_00185-1,1.5908813
s_016um_00085_00201-1,1.6090376
s_016um_00273_00222-1,1.558745
s_016um_00274_00044-1,1.6630433
s_016um_00066_00130-1,1.6150829
s_016um_00250_00022-1,1.6166005
s_016um_00405_00151-1,1.5370412
s_016um_00083_00273-1,1.4600681
s_016um_00324_00226-1,1.5981133
s_016um_00257_00025-1,1.5418189
s_016um_00236_00086-1,1.6489707
s_016um_00115_00148-1,1.6664892
s_016um_00354_00090-1,1.5793219
s_016um_00224_00327-1,1.649416
s_016um_00161_00289-1,1.5446554
s_016um_00208_00296-1,1.5289016
s_016um_00034_00333-1,1.5842115
s_016um_00322_00301-1,1.5337589
s_016um_00178_00031-1,1.5445095
s_016um_00375_00123-1,1.5440724
s_016um_00081_00278-1,1.5201365
s_016um_00211_00296-1,1.4586961
s_016um_00066_00133-1,1.5736147
s_016um_00041_00174-1,1.542355
s_016um_00097_00071-1,1.6631693
s_016um_00145_00019-1,1.5560833
s_016um_00168_00125-1,1.7213882
s_016um_00057_00246-1,1.6560738
s_016um_00102_00389-1,1.5415249
s_016um_00269_00227-1,1.6152562
s_016um_00127_00089-1,1.7732701
s_016um_00113_00316-1,1.5024117
s_016um_00392_00337-1,1.6000224
s_016um_00019_00266-1,1.6138952
s_016um_00147_00398-1,1.641236
s_016um_00385_00132-1,1.5120904
s_016um_00353_00095-1,1.6817132
s_016um_00408_00145-1,1.6047255
s_016um_00322_00170-1,1.553089
s_016um_00372_00096-1,1.5315846
s_016um_00262_00187-1,1.4740697
s_016um_00018_00266-1,1.6215163
s_016um_00046_00217-1,1.5739274
s_016um_00037_00044-1,1.540299
s_016um_00023_00268-1,1.527201
s_016um_00028_00089-1,1.6643769
s_016um_00271_00061-1,1.6029818
s_016um_00399_00127-1,1.5755733
s_016um_00132_00229-1,1.5324738
s_016um_00324_00298-1,1.6749448
s_016um_00222_00011-1,1.6146945
s_016um_00040_00048-1,1.5628467
s_016um_00261_00331-1,1.5676721
s_016um_00258_00187-1,1.4085317
s_016um_00275_00314-1,1.6171862
s_016um_00267_00035-1,1.5978874
s_016um_00276_00207-1,1.5730772
s_016um_00263_00135-1,1.6503701
s_016um_00083_00065-1,1.7587591
s_016um_00406_00147-1,1.5280036
s_016um_00414_00143-1,1.5852425
s_016um_00399_00220-1,1.5770136
s_016um_00382_00128-1,1.6003351
s_016um_00096_00031-1,1.5249128
s_016um_00343_00212-1,1.5673693
s_016um_00055_00247-1,1.6000805
s_016um_00066_00129-1,1.5611262
s_016um_00397_00259-1,1.5480461
s_016um_00040_00099-1,1.571027
s_016um_00366_00222-1,1.5116056
s_016um_00218_00169-1,1.6779745
s_016um_00277_00129-1,1.5597337
s_016um_00069_00131-1,1.6070974
s_016um_00359_00094-1,1.6089941
s_016um_00352_00097-1,1.6283169
s_016um_00381_00132-1,1.5933433
s_016um_00077_00244-1,1.5099062
s_016um_00359_00120-1,1.5784514
s_016um_00277_00319-1,1.6082865
s_016um_00406_00126-1,1.555107
s_016um_00396_00341-1,1.616669
s_016um_00341_00218-1,1.5263442
s_016um_00402_00151-1,1.6057434
s_016um_00285_00092-1,1.5603732
s_016um_00045_00208-1,1.5197111
s_016um_00019_00267-1,1.6010598
s_016um_00355_00288-1,1.5464718
s_016um_00396_00364-1,1.5988832
s_016um_00030_00336-1,1.595997
s_016um_00369_00139-1,1.601055
s_016um_00061_00245-1,1.4929544
s_016um_00222_00334-1,1.5770644
s_016um_00327_00119-1,1.6368753
s_016um_00272_00045-1,1.5413572
s_016um_00092_00318-1,1.6452122
s_016um_00261_00133-1,1.6355022
s_016um_00161_00290-1,1.5378917
s_016um_00224_00026-1,1.627909
s_016um_00319_00302-1,1.576653
s_016um_00211_00292-1,1.6568717
s_016um_00270_00054-1,1.7406125
s_016um_00280_00046-1,1.5507793
s_016um_00040_00101-1,1.4901396
s_016um_00273_00336-1,1.5146093
s_016um_00399_00373-1,1.5628196
s_016um_00141_00217-1,1.6095979
s_016um_00394_00344-1,1.5489391
s_016um_00327_00213-1,1.5581758
s_016um_00286_00095-1,1.6092463
s_016um_00272_00229-1,1.5463271
s_016um_00355_00088-1,1.5677594
s_016um_00351_00018-1,1.5398405
s_016um_00271_00035-1,1.5887747
s_016um_00085_00197-1,1.5455064
s_016um_00141_00220-1,1.5419036
s_016um_00372_00126-1,1.644757
s_016um_00019_00271-1,1.578086
s_016um_00388_00340-1,1.6264699
s_016um_00211_00291-1,1.6357976
s_016um_00220_00172-1,1.5898602
s_016um_00218_00226-1,1.5521278
s_016um_00328_00218-1,1.4928718
s_016um_00330_00252-1,1.6271312
s_016um_00107_00389-1,1.6336527
s_016um_00074_00296-1,1.5943809
s_016um_00280_00045-1,1.5343244
s_016um_00273_00318-1,1.5823953
s_016um_00251_00023-1,1.590449
s_016um_00349_00018-1,1.6624502
s_016um_00372_00143-1,1.4227568
s_016um_00267_00132-1,1.5570107
s_016um_00219_00169-1,1.5722387
s_016um_00400_00220-1,1.577511
s_016um_00268_00034-1,1.524733
s_016um_00263_00329-1,1.5086528
s_016um_00222_00329-1,1.5254886
s_016um_00326_00298-1,1.5525551
s_016um_00351_00025-1,1.5894513
s_016um_00344_00218-1,1.612014
s_016um_00369_00096-1,1.5315961
s_016um_00333_00256-1,1.604473
s_016um_00134_00230-1,1.5857966
s_016um_00069_00127-1,1.5833747
s_016um_00324_00227-1,1.4955343
s_016um_00326_00124-1,1.5687274
s_016um_00392_00297-1,1.5821757
s_016um_00253_00032-1,1.6208084
s_016um_00278_00206-1,1.525851
s_016um_00055_00245-1,1.5893273
s_016um_00100_00388-1,1.6645956
s_016um_00224_00238-1,1.6259136
s_016um_00273_00030-1,1.5616578
s_016um_00394_00185-1,1.603141
s_016um_00004_00297-1,1.4952087
s_016um_00329_00124-1,1.5515182
s_016um_00179_00033-1,1.5983822
s_016um_00398_00183-1,1.5232857
s_016um_00010_00207-1,1.5150714
s_016um_00278_00327-1,1.622106
s_016um_00088_00034-1,1.5554807
s_016um_00285_00095-1,1.5808489
s_016um_00239_00188-1,1.5899426
s_016um_00314_00056-1,1.5663315
s_016um_00262_00133-1,1.6693873
s_016um_00067_00238-1,1.5800817
s_016um_00040_00104-1,1.6028467
s_016um_00379_00132-1,1.6318748
s_016um_00379_00136-1,1.6199763
s_016um_00075_00242-1,1.6240183
s_016um_00127_00090-1,1.8213294
s_016um_00227_00332-1,1.5650595
s_016um_00404_00397-1,1.2201887
s_016um_00046_00208-1,1.6263819
s_016um_00403_00397-1,1.2630998
s_016um_00352_00090-1,1.5957669
s_016um_00391_00342-1,1.5658216
s_016um_00124_00147-1,1.6519465
s_016um_00222_00245-1,1.5736767
s_016um_00040_00207-1,1.5989068
s_016um_00394_00364-1,1.6140745
s_016um_00249_00021-1,1.8451216
s_016um_00087_00071-1,1.6203774
s_016um_00025_00089-1,1.6187446
s_016um_00274_00323-1,1.5778078
s_016um_00130_00390-1,1.556043
s_016um_00390_00178-1,1.5115093
s_016um_00056_00244-1,1.4682807
s_016um_00404_00148-1,1.5787243
s_016um_00215_00027-1,1.5467824
s_016um_00405_00147-1,1.5224203
s_016um_00333_00213-1,1.6220984
s_016um_00403_00256-1,1.5220225
s_016um_00031_00329-1,1.6047372
s_016um_00015_00264-1,1.5781327
s_016um_00280_00315-1,1.5398966
s_016um_00062_00132-1,1.5517918
s_016um_00411_00100-1,1.6054202
s_016um_00058_00247-1,1.6654232
s_016um_00150_00400-1,1.564452
s_016um_00265_00133-1,1.5318568
s_016um_00386_00128-1,1.5428611
s_016um_00022_00270-1,1.5384475
s_016um_00403_00261-1,1.6019784
s_016um_00362_00227-1,1.544697
s_016um_00195_00123-1,1.5407755
s_016um_00366_00100-1,1.5714431
s_016um_00352_00091-1,1.5407765
s_016um_00261_00128-1,1.56218
s_016um_00078_00285-1,1.5979242
s_016um_00266_00129-1,1.6602427
s_016um_00369_00228-1,1.4968224
s_016um_00030_00330-1,1.5435463
s_016um_00209_00030-1,1.6229937
s_016um_00138_00217-1,1.5938383
s_016um_00144_00021-1,1.6214795
s_016um_00021_00272-1,1.6332415
s_016um_00324_00232-1,1.5112785
s_016um_00077_00292-1,1.537024
s_016um_00035_00097-1,1.580341
s_016um_00276_00315-1,1.6134318
s_016um_00161_00293-1,1.5926458
s_016um_00033_00330-1,1.5732954
s_016um_00113_00314-1,1.5137346
s_016um_00114_00320-1,1.6046156
s_016um_00016_00264-1,1.5439708
s_016um_00270_00031-1,1.6685333
s_016um_00268_00056-1,1.4563679
s_016um_00277_00311-1,1.521063
s_016um_00119_00152-1,1.6418709
s_016um_00079_00296-1,1.5973029
s_016um_00053_00247-1,1.6125933
s_016um_00280_00134-1,1.6412778
s_016um_00163_00127-1,1.6065658
s_016um_00276_00210-1,1.4981272
s_016um_00109_00318-1,1.6243434
s_016um_00032_00089-1,1.5749626
s_016um_00320_00300-1,1.5715637
s_016um_00281_00312-1,1.5381778
s_016um_00221_00229-1,1.5497328
s_016um_00195_00091-1,1.5293903
s_016um_00232_00359-1,1.6231859
s_016um_00070_00235-1,1.5750978
s_016um_00069_00237-1,1.5094831
s_016um_00142_00059-1,1.5929399
s_016um_00182_00028-1,1.5326723
s_016um_00218_00012-1,1.5993854
s_016um_00073_00252-1,1.7440242
s_016um_00237_00091-1,1.604229
s_016um_00010_00156-1,1.613576
s_016um_00042_00202-1,1.4811194
s_016um_00271_00205-1,1.6936394
s_016um_00094_00025-1,1.7637541
s_016um_00221_00234-1,1.5043494
s_016um_00044_00206-1,1.5706649
s_016um_00127_00384-1,1.5862678
s_016um_00355_00292-1,1.5217062
s_016um_00027_00084-1,1.611441
s_016um_00369_00095-1,1.5268458
s_016um_00041_00177-1,1.5824498
s_016um_00400_00399-1,0.8251816
s_016um_00111_00316-1,1.6149042
s_016um_00279_00206-1,1.5815855
s_016um_00284_00095-1,1.5961882
s_016um_00397_00357-1,1.6033843
s_016um_00221_00028-1,1.7036657
s_016um_00167_00129-1,1.5899979
s_016um_00355_00413-1,1.6128911
s_016um_00165_00287-1,1.7383502
s_016um_00217_00031-1,1.5153159
s_016um_00084_00281-1,1.5785751
s_016um_00067_00237-1,1.6070158
s_016um_00286_00098-1,1.5652663
s_016um_00195_00126-1,1.5182714
s_016um_00400_00372-1,1.6021808
s_016um_00195_00127-1,1.6600442
s_016um_00153_00401-1,1.6625534
s_016um_00195_00125-1,1.5733286
s_016um_00268_00334-1,1.5709366
s_016um_00143_00059-1,1.5398104
s_016um_00214_00277-1,1.568653
s_016um_00225_00234-1,1.5602975
s_016um_00135_00320-1,1.3451959
s_016um_00099_00026-1,1.75913
s_016um_00325_00227-1,1.5454062
s_016um_00382_00136-1,1.6158769
s_016um_00266_00061-1,1.6013525
s_016um_00339_00402-1,1.4878981
s_016um_00268_00333-1,1.5748079
s_016um_00145_00395-1,1.5963024
s_016um_00177_00030-1,1.6678112
s_016um_00230_00355-1,1.5760497
s_016um_00323_00168-1,1.5838269
s_016um_00323_00306-1,1.5852569
s_016um_00097_00276-1,1.6171628
s_016um_00094_00028-1,1.5438789
s_016um_00015_00269-1,1.7098875
s_016um_00277_00137-1,1.5959804
s_016um_00278_00202-1,1.5250192
s_016um_00382_00131-1,1.5713012
s_016um_00221_00023-1,1.622762
s_016um_00369_00147-1,1.6301193
s_016um_00128_00086-1,1.7140933
s_016um_00069_00238-1,1.6193953
s_016um_00183_00026-1,1.5247117
s_016um_00404_00147-1,1.5491943
s_016um_00221_00173-1,1.4672675
s_016um_00093_00272-1,1.5659133
s_016um_00189_00097-1,1.5905932
s_016um_00173_00374-1,1.4848238
s_016um_00278_00136-1,1.5928551
s_016um_00082_00239-1,1.5568295
s_016um_00116_00148-1,1.6142166
s_016um_00082_00071-1,1.5842066
s_016um_00224_00248-1,1.5690987
s_016um_00208_00290-1,1.4324255
s_016um_00276_00327-1,1.8217046
s_016um_00340_00218-1,1.4912087
s_016um_00350_00020-1,1.583067
s_016um_00127_00387-1,1.6600872
s_016um_00086_00201-1,1.5422809
s_016um_00044_00176-1,1.5814083
s_016um_00141_00016-1,1.5236939
s_016um_00218_00014-1,1.626758
s_016um_00032_00337-1,1.5461998
s_016um_00392_00299-1,1.563196
s_016um_00402_00397-1,1.0690641
s_016um_00395_00371-1,1.461155
s_016um_00204_00151-1,1.6942341
s_016um_00380_00129-1,1.5422137
s_016um_00408_00399-1,0.4016534
s_016um_00211_00029-1,1.6210368
s_016um_00080_00267-1,1.5616175
s_016um_00108_00314-1,1.6555046
s_016um_00041_00175-1,1.5978799
s_016um_00028_00336-1,1.5354438
s_016um_00132_00228-1,1.5785391
s_016um_00061_00126-1,1.567681
s_016um_00271_00032-1,1.5197742
s_016um_00215_00277-1,1.6300561
s_016um_00100_00031-1,1.684142
s_016um_00095_00275-1,1.5686071
s_016um_00322_00299-1,1.7165248
s_016um_00320_00305-1,1.5772132
s_016um_00272_00029-1,1.590753
s_016um_00230_00260-1,1.573408
s_016um_00358_00122-1,1.3832046
s_016um_00354_00289-1,1.5452251
s_016um_00097_00334-1,1.6102529
s_016um_00144_00058-1,1.6939795
s_016um_00391_00291-1,1.5784322
s_016um_00184_00032-1,1.5914752
s_016um_00135_00220-1,1.5762888
s_016um_00353_00021-1,1.4631841
s_016um_00279_00202-1,1.4843313
s_016um_00280_00207-1,1.5163214
s_016um_00204_00153-1,1.6139624
s_016um_00132_00091-1,1.6974418
s_016um_00139_00015-1,1.5844208
s_016um_00136_00223-1,1.5097368
s_016um_00026_00090-1,1.6306726
s_016um_00409_00105-1,1.4929208
s_016um_00395_00344-1,1.635315
s_016um_00102_00384-1,1.7468802
s_016um_00129_00384-1,1.6038077
s_016um_00010_00295-1,1.601059
s_016um_00226_00028-1,1.5684813
s_016um_00390_00364-1,1.5762467
s_016um_00360_00411-1,1.5741134
s_016um_00035_00099-1,1.6407611
s_016um_00137_00074-1,1.5757147
s_016um_00090_00274-1,1.5516653
s_016um_00132_00231-1,1.482527
s_016um_00274_00331-1,1.6660521
s_016um_00101_00074-1,1.530484
s_016um_00370_00101-1,1.6363937
s_016um_00104_00388-1,1.590881
s_016um_00126_00093-1,1.6112071
s_016um_00096_00341-1,1.5297688
s_016um_00308_00053-1,1.5638763
s_016um_00355_00294-1,1.5521342
s_016um_00323_00166-1,1.6479315
s_016um_00375_00122-1,1.572946
s_016um_00395_00259-1,1.5200077
s_016um_00388_00342-1,1.710368
s_016um_00342_00397-1,1.5830694
s_016um_00086_00072-1,1.656054
s_016um_00086_00067-1,1.609233
s_016um_00307_00055-1,1.6339778
s_016um_00108_00319-1,1.3309221
s_016um_00125_00089-1,1.5948327
s_016um_00219_00232-1,1.4968734
s_016um_00217_00166-1,1.6064894
s_016um_00083_00268-1,1.551381
s_016um_00074_00239-1,1.6008488
s_016um_00261_00189-1,1.6106497
s_016um_00181_00034-1,1.5374339
s_016um_00413_00100-1,1.5267723
s_016um_00048_00243-1,1.6988496
s_016um_00096_00024-1,1.5907638
s_016um_00033_00004-1,1.5537617
s_016um_00335_00400-1,1.6289724
s_016um_00271_00031-1,1.648864
s_016um_00358_00289-1,1.528198
s_016um_00083_00066-1,1.555833
s_016um_00233_00084-1,1.6701511
s_016um_00042_00171-1,1.4096373
s_016um_00284_00093-1,1.5256776
s_016um_00280_00314-1,1.6120694
s_016um_00107_00390-1,1.7140381
s_016um_00391_00341-1,1.5357765
s_016um_00100_00321-1,1.5518758
s_016um_00136_00071-1,1.5462773
s_016um_00319_00169-1,1.5853031
s_016um_00401_00125-1,1.4118441
s_016um_00324_00302-1,1.5666224
s_016um_00049_00241-1,1.5084232
s_016um_00120_00144-1,1.5299078
s_016um_00082_00194-1,1.7964728
s_016um_00143_00058-1,1.5380222
s_016um_00248_00087-1,1.7189074
s_016um_00064_00236-1,1.5828862
s_016um_00292_00096-1,1.4886912
s_016um_00083_00072-1,1.6152207
s_016um_00326_00214-1,1.5594865
s_016um_00194_00095-1,1.6117536
s_016um_00087_00035-1,1.6326978
s_016um_00104_00066-1,1.6357424
s_016um_00276_00312-1,1.5228608
s_016um_00274_00317-1,1.5636561
s_016um_00383_00136-1,1.5138656
s_016um_00268_00055-1,1.4524649
s_016um_00278_00209-1,1.5585629
s_016um_00268_00337-1,1.6122829
s_016um_00128_00091-1,1.6446962
s_016um_00216_00028-1,1.6564225
s_016um_00159_00285-1,1.629026
s_016um_00137_00070-1,1.6704434
s_016um_00277_00315-1,1.5676526
s_016um_00261_00033-1,1.581102
s_016um_00401_00371-1,1.5819644
s_016um_00326_00228-1,1.5819726
s_016um_00120_00145-1,1.6186142
s_016um_00244_00088-1,1.5533464
s_016um_00332_00214-1,1.4757237
s_016um_00393_00371-1,1.6095592
s_016um_00394_00337-1,1.5731252
s_016um_00265_00332-1,1.5214229
s_016um_00342_00212-1,1.577957
s_016um_00275_00208-1,1.5700048
s_016um_00265_00134-1,1.5334989
s_016um_00027_00086-1,1.5868134
s_016um_00196_00121-1,1.5504365
s_016um_00290_00099-1,1.5117954
s_016um_00229_00251-1,1.5261452
s_016um_00014_00214-1,1.5582105
s_016um_00234_00090-1,1.6073579
s_016um_00355_00118-1,1.6074296
s_016um_00245_00083-1,1.6717768
s_016um_00226_00238-1,1.5593566
s_016um_00399_00125-1,1.5914899
s_016um_00404_00149-1,1.619415
s_016um_00045_00241-1,1.7963774
s_016um_00219_00010-1,1.6154369
s_016um_00361_00414-1,1.613202
s_016um_00263_00188-1,1.6168858
s_016um_00159_00288-1,1.5787823
s_016um_00124_00389-1,1.5295296
s_016um_00133_00227-1,1.618962
s_016um_00412_00100-1,1.5611591
s_016um_00060_00248-1,1.6229904
s_016um_00271_00028-1,1.6084111
s_016um_00240_00187-1,1.5586784
s_016um_00342_00214-1,1.5764705
s_016um_00350_00024-1,1.5632035
s_016um_00340_00404-1,1.3947859
s_016um_00098_00336-1,1.5544215
s_016um_00078_00293-1,1.5842656
s_016um_00268_00329-1,1.5666507
s_016um_00087_00269-1,1.5408884
s_016um_00235_00186-1,1.5255473
s_016um_00067_00129-1,1.6176555
s_016um_00223_00025-1,1.6393821
s_016um_00242_00183-1,1.6067392
s_016um_00126_00383-1,1.5834794
s_016um_00082_00198-1,1.6399597
s_016um_00105_00066-1,1.6599787
s_016um_00171_00371-1,1.642254
s_016um_00332_00257-1,1.6265618
s_016um_00333_00252-1,1.5185902
s_016um_00263_00057-1,1.647254
s_016um_00270_00334-1,1.5749549
s_016um_00103_00391-1,1.580432
s_016um_00392_00344-1,1.6272926
s_016um_00400_00365-1,1.5534586
s_016um_00093_00280-1,1.5664933
s_016um_00409_00145-1,1.5648295
s_016um_00235_00265-1,1.5866251
s_016um_00172_00373-1,1.5261106
s_016um_00089_00071-1,1.6266478
s_016um_00318_00163-1,1.5488257
s_016um_00085_00072-1,1.6024326
s_016um_00035_00330-1,1.5606774
s_016um_00268_00227-1,1.5878443
s_016um_00327_00225-1,1.5296679
s_016um_00272_00328-1,1.6449513
s_016um_00325_00169-1,1.4632897
s_016um_00239_00092-1,1.5416507
s_016um_00029_00093-1,1.5846581
s_016um_00184_00031-1,1.630532
s_016um_00268_00229-1,1.5566154
s_016um_00168_00378-1,1.5752481
s_016um_00237_00088-1,1.6790897
s_016um_00247_00088-1,1.4307644
s_016um_00044_00208-1,1.5840424
s_016um_00371_00143-1,1.6007999
s_016um_00325_00303-1,1.6561682
s_016um_00097_00335-1,1.6336786
s_016um_00387_00343-1,1.7138069
s_016um_00341_00401-1,1.661584
s_016um_00337_00252-1,1.4777919
s_016um_00216_00167-1,1.5411212
s_016um_00064_00231-1,1.584393
s_016um_00045_00246-1,1.5336635
s_016um_00059_00246-1,1.6195388
s_016um_00238_00355-1,1.6256763
s_016um_00071_00233-1,1.5369093
s_016um_00092_00272-1,1.586006
s_016um_00140_00215-1,1.5986682
s_016um_00082_00201-1,1.6253809
s_016um_00056_00243-1,1.7544086
s_016um_00221_00015-1,1.6302694
s_016um_00213_00278-1,1.5321437
s_016um_00260_00031-1,1.6769797
s_016um_00354_00022-1,1.5938847
s_016um_00273_00314-1,1.5622977
s_016um_00404_00401-1,0.78623414
s_016um_00039_00011-1,1.5960717
s_016um_00261_00135-1,1.5064957
s_016um_00106_00384-1,1.6447713
s_016um_00133_00225-1,1.5264843
s_016um_00010_00154-1,1.5289936
s_016um_00222_00230-1,1.6154035
s_016um_00239_00189-1,1.6001298
s_016um_00097_00339-1,1.5511141
s_016um_00102_00385-1,1.6513289
s_016um_00073_00250-1,1.5371873
s_016um_00238_00358-1,1.5097855
s_016um_00041_00010-1,1.5042114
s_016um_00181_00033-1,1.6588507
s_016um_00397_00368-1,1.605493
s_016um_00016_00267-1,1.5529646
s_016um_00102_00069-1,1.6212023
s_016um_00220_00167-1,1.5354308
s_016um_00369_00099-1,1.6044592
s_016um_00040_00097-1,1.4909244
s_016um_00121_00144-1,1.5652766
s_016um_00369_00141-1,1.5331378
s_016um_00197_00124-1,1.5694445
s_016um_00359_00095-1,1.5398241
s_016um_00236_00358-1,1.5739905
s_016um_00394_00217-1,1.5419497
s_016um_00322_00162-1,1.7309426
s_016um_00215_00278-1,1.4909247
s_016um_00038_00207-1,1.624388
s_016um_00409_00147-1,1.6077502
s_016um_00219_00016-1,1.5512799
s_016um_00276_00046-1,1.5723912
s_016um_00355_00116-1,1.6310636
s_016um_00224_00229-1,1.5884668
s_016um_00373_00143-1,1.4922528
s_016um_00216_00015-1,1.5229383
s_016um_00147_00057-1,1.6510521
s_016um_00355_00024-1,1.6268094
s_016um_00221_00166-1,1.6865976
s_016um_00219_00233-1,1.6166323
s_016um_00392_00184-1,1.6767436
s_016um_00401_00126-1,1.5094348
s_016um_00273_00227-1,1.5143772
s_016um_00362_00223-1,1.6304166
s_016um_00310_00053-1,1.5438963
s_016um_00082_00193-1,1.56848
s_016um_00406_00128-1,1.5864878
s_016um_00221_00232-1,1.6058043
s_016um_00142_00219-1,1.684219
s_016um_00368_00122-1,1.6230404
s_016um_00065_00134-1,1.6625355
s_016um_00306_00059-1,1.5287762
s_016um_00359_00288-1,1.6584101
s_016um_00280_00328-1,1.5769718
s_016um_00365_00223-1,1.5835664
s_016um_00222_00168-1,1.4956684
s_016um_00222_00171-1,1.5419502
s_016um_00392_00369-1,1.6783665
s_016um_00033_00086-1,1.5963311
s_016um_00189_00090-1,1.5223479
s_016um_00028_00084-1,1.652728
s_016um_00224_00227-1,1.633944
s_016um_00264_00185-1,1.5690709
s_016um_00088_00072-1,1.564208
s_016um_00362_00412-1,1.5986005
s_016um_00383_00135-1,1.4364479
s_016um_00279_00135-1,1.5045884
s_016um_00139_00018-1,1.5715113
s_016um_00143_00018-1,1.6104339
s_016um_00040_00011-1,1.5969138
s_016um_00074_00242-1,1.5851331
s_016um_00069_00132-1,1.6015054
s_016um_00324_00120-1,1.5952573
s_016um_00399_00213-1,1.6110501
s_016um_00007_00300-1,1.5899147
s_016um_00141_00021-1,1.6738615
s_016um_00167_00121-1,1.7330015
s_016um_00100_00390-1,1.6622486
s_016um_00337_00398-1,1.615289
s_016um_00086_00194-1,1.5647465
s_016um_00345_00219-1,1.6090188
s_016um_00325_00120-1,1.5447577
s_016um_00242_00083-1,1.6578118
s_016um_00329_00120-1,1.5088955
s_016um_00066_00132-1,1.548218
s_016um_00173_00378-1,1.5496333
s_016um_00277_00130-1,1.6394209
s_016um_00329_00253-1,1.6024115
s_016um_00376_00122-1,1.5284867
s_016um_00106_00387-1,1.5773464
s_016um_00408_00146-1,1.5662167
s_016um_00416_00135-1,1.6645734
s_016um_00227_00330-1,1.5527354
s_016um_00350_00022-1,1.5742792
s_016um_00228_00267-1,1.5262494
s_016um_00197_00127-1,1.6188804
s_016um_00049_00240-1,1.5089321
s_016um_00224_00243-1,1.5262065
s_016um_00283_00094-1,1.6503195
s_016um_00174_00372-1,1.538711
s_016um_00414_00098-1,1.5419343
s_016um_00345_00215-1,1.5815982
s_016um_00401_00395-1,1.4080515
s_016um_00254_00019-1,1.7041098
s_016um_00085_00264-1,1.5657107
s_016um_00397_00361-1,1.505385
s_016um_00094_00321-1,1.4935029
s_016um_00084_00069-1,1.5566001
s_016um_00271_00333-1,1.6397958
s_016um_00037_00207-1,1.516395
s_016um_00129_00229-1,1.5884054
s_016um_00230_00358-1,1.5685364
s_016um_00146_00061-1,1.5577906
s_016um_00403_00262-1,1.5158235
s_016um_00361_00294-1,1.5140616
s_016um_00193_00096-1,1.5588932
s_016um_00388_00132-1,1.5414752
s_016um_00397_00213-1,1.6062378
s_016um_00102_00066-1,1.6759841
s_016um_00266_00028-1,1.5447639
s_016um_00159_00293-1,1.533457
s_016um_00392_00185-1,1.6037834
s_016um_00398_00363-1,1.6621917
s_016um_00330_00118-1,1.5476837
s_016um_00044_00238-1,1.5614151
s_016um_00274_00048-1,1.6192868
s_016um_00006_00298-1,1.5199976
s_016um_00035_00105-1,1.5958391
s_016um_00060_00242-1,1.5958312
s_016um_00319_00166-1,1.4985801
s_016um_00365_00230-1,1.5096308
s_016um_00096_00278-1,1.6193392
s_016um_00147_00397-1,1.6626204
s_016um_00082_00034-1,1.66629
s_016um_00313_00054-1,1.6650442
s_016um_00215_00028-1,1.6188403
s_016um_00168_00375-1,1.5777668
s_016um_00336_00252-1,1.5552446
s_016um_00129_00094-1,1.6667383
s_016um_00167_00377-1,1.5925535
s_016um_00310_00058-1,1.6019354
s_016um_00038_00105-1,1.6024244
s_016um_00276_00326-1,1.6205353
s_016um_00099_00070-1,1.6128876
s_016um_00402_00146-1,1.5740466
s_016um_00045_00238-1,1.6347319
s_016um_00101_00069-1,1.576265
s_016um_00352_00096-1,1.4946507
s_016um_00250_00027-1,1.6303285
s_016um_00268_00224-1,1.5207977
s_016um_00093_00270-1,1.6212541
s_016um_00119_00147-1,1.5955051
s_016um_00041_00047-1,1.542662
s_016um_00127_00390-1,1.562878
s_016um_00220_00237-1,1.6496377
s_016um_00219_00283-1,1.57136
s_016um_00102_00024-1,1.6258801
s_016um_00399_00257-1,1.6030676
s_016um_00256_00191-1,1.5267081
s_016um_00383_00131-1,1.5509812
s_016um_00406_00403-1,0.5522007
s_016um_00034_00011-1,1.5120375
s_016um_00307_00060-1,1.5218309
s_016um_00164_00293-1,1.6047055
s_016um_00230_00267-1,1.5123194
s_016um_00028_00088-1,1.5761575
s_016um_00233_00262-1,1.6243135
s_016um_00402_00149-1,1.5167477
s_016um_00083_00197-1,1.6458416
s_016um_00170_00370-1,1.6948842
s_016um_00139_00022-1,1.6247529
s_016um_00235_00087-1,1.5765347
s_016um_00160_00291-1,1.5648623
s_016um_00364_00101-1,1.5742053
s_016um_00220_00013-1,1.540179
s_016um_00009_00210-1,1.5828108
s_016um_00142_00016-1,1.5138178
s_016um_00041_00217-1,1.6231844
s_016um_00247_00023-1,1.7063501
s_016um_00221_00230-1,1.49193
s_016um_00035_00008-1,1.6235875
s_016um_00007_00212-1,1.6709409
s_016um_00359_00093-1,1.5170244
s_016um_00093_00336-1,1.5335628
s_016um_00194_00093-1,1.5865203
s_016um_00101_00027-1,1.5988405
s_016um_00319_00167-1,1.5998895
s_016um_00346_00220-1,1.4866685
s_016um_00411_00105-1,1.7031828
s_016um_00328_00303-1,1.5716677
s_016um_00169_00129-1,1.6758125
s_016um_00322_00168-1,1.6134807
s_016um_00334_00256-1,1.6024252
s_016um_00151_00395-1,1.6100245
s_016um_00134_00219-1,1.5737308
s_016um_00333_00122-1,1.6266524
s_016um_00041_00048-1,1.5872779
s_016um_00010_00208-1,1.6178315
s_016um_00385_00128-1,1.561308
s_016um_00181_00026-1,1.6696161
s_016um_00273_00330-1,1.6130011
s_016um_00149_00396-1,1.5342853
s_016um_00182_00027-1,1.5178641
s_016um_00287_00098-1,1.5966507
s_016um_00344_00217-1,1.5594448
s_016um_00039_00043-1,1.5876665
s_016um_00100_00384-1,1.6025728
s_016um_00047_00218-1,1.6540831
s_016um_00097_00067-1,1.5803069
s_016um_00006_00301-1,1.5511496
s_016um_00061_00127-1,1.5086883
s_016um_00090_00068-1,1.5110407
s_016um_00383_00126-1,1.6022894
s_016um_00208_00149-1,1.5584562
s_016um_00401_00372-1,1.4351112
s_016um_00220_00017-1,1.5459647
s_016um_00351_00024-1,1.5254257
s_016um_00216_00290-1,1.5372694
s_016um_00340_00402-1,1.5790596
s_016um_00025_00090-1,1.5907279
s_016um_00146_00056-1,1.613347
s_016um_00089_00265-1,1.5418812
s_016um_00006_00154-1,1.595048
s_016um_00404_00400-1,0.75288135
s_016um_00327_00123-1,1.5331374
s_016um_00259_00134-1,1.5230527
s_016um_00087_00271-1,1.5425009
s_016um_00258_00131-1,1.6233526
s_016um_00129_00388-1,1.5227656
s_016um_00149_00401-1,1.5778797
s_016um_00133_00072-1,1.5222201
s_016um_00369_00226-1,1.5392386
s_016um_00139_00074-1,1.5576389
s_016um_00286_00094-1,1.5637157
s_016um_00260_00192-1,1.5625582
s_016um_00382_00126-1,1.529204
s_016um_00356_00415-1,1.7453216
s_016um_00005_00297-1,1.6291534
s_016um_00390_00296-1,1.5429343
s_016um_00359_00415-1,1.7278302
s_016um_00152_00394-1,1.6128093
s_016um_00225_00028-1,1.584647
s_016um_00081_00069-1,1.5984763
s_016um_00276_00131-1,1.5031679
s_016um_00391_00338-1,1.6360424
s_016um_00279_00045-1,1.6288849
s_016um_00095_00342-1,1.578517
s_016um_00220_00173-1,1.5832436
s_016um_00039_00211-1,1.5714828
s_016um_00037_00171-1,1.6287394
s_016um_00280_00132-1,1.5673982
s_016um_00356_00020-1,1.6275573
s_016um_00118_00150-1,1.530891
s_016um_00393_00362-1,1.5913104
s_016um_00243_00088-1,1.6597632
s_016um_00075_00244-1,1.6024774
s_016um_00160_00290-1,1.4846895
s_016um_00357_00097-1,1.5613946
s_016um_00386_00293-1,1.5308604
s_016um_00016_00271-1,1.6417356
s_016um_00097_00026-1,1.5659164
s_016um_00036_00046-1,1.5492798
s_016um_00241_00082-1,1.6529636
s_016um_00278_00330-1,1.4724431
s_016um_00371_00098-1,1.5376426
s_016um_00395_00218-1,1.5668703
s_016um_00081_00242-1,1.5780969
s_016um_00214_00013-1,1.6879733
s_016um_00278_00324-1,1.5935701
s_016um_00270_00230-1,1.6188723
s_016um_00341_00212-1,1.568663
s_016um_00096_00276-1,1.5585355
s_016um_00086_00033-1,1.660701
s_016um_00162_00288-1,1.391491
s_016um_00164_00286-1,1.5293751
s_016um_00090_00269-1,1.5171822
s_016um_00331_00218-1,1.5424846
s_016um_00265_00057-1,1.4659932
s_016um_00332_00213-1,1.5873598
s_016um_00394_00178-1,1.5463281
s_016um_00029_00334-1,1.4774482
s_016um_00274_00046-1,1.605537
s_016um_00270_00329-1,1.6139419
s_016um_00097_00072-1,1.6381105
s_016um_00008_00157-1,1.596583
s_016um_00095_00341-1,1.5822198
s_016um_00225_00030-1,1.6477206
s_016um_00080_00300-1,1.5192409
s_016um_00038_00173-1,1.5647248
s_016um_00357_00095-1,1.4815177
s_016um_00078_00247-1,1.5463119
s_016um_00266_00337-1,1.5308405
s_016um_00082_00279-1,1.5328972
s_016um_00363_00228-1,1.5807524
s_016um_00007_00293-1,1.5662339
s_016um_00272_00226-1,1.5077355
s_016um_00094_00029-1,1.5408187
s_016um_00401_00398-1,0.9478729
s_016um_00370_00140-1,1.5348396
s_016um_00055_00248-1,1.773122
s_016um_00047_00215-1,1.5951352
s_016um_00218_00167-1,1.5437496
s_016um_00272_00331-1,1.5463446
s_016um_00044_00207-1,1.5602852
s_016um_00344_00219-1,1.423855
s_016um_00101_00388-1,1.6872464
s_016um_00134_00225-1,1.6382668
s_016um_00237_00092-1,1.5548115
s_016um_00217_00016-1,1.5983608
s_016um_00017_00270-1,1.5920458
s_016um_00094_00319-1,1.604411
s_016um_00260_00183-1,1.5539794
s_016um_00095_00319-1,1.541453
s_016um_00237_00354-1,1.6060783
s_016um_00120_00147-1,1.5823843
s_016um_00007_00157-1,1.5578016
s_016um_00078_00294-1,1.5346788
s_016um_00217_00284-1,1.5523995
s_016um_00091_00265-1,1.5345273
s_016um_00165_00122-1,1.5358009
s_016um_00356_00292-1,1.6226021
s_016um_00353_00097-1,1.6106559
s_016um_00081_00199-1,1.5845877
s_016um_00130_00315-1,1.4816202
s_016um_00092_00335-1,1.5330946
s_016um_00133_00090-1,1.7080448
s_016um_00406_00124-1,1.5931246
s_016um_00395_00220-1,1.536021
s_016um_00045_00207-1,1.55598
s_016um_00028_00337-1,1.6238568
s_016um_00188_00095-1,1.564697
s_016um_00081_00238-1,1.6754211
s_016um_00340_00403-1,1.6269468
s_016um_00220_00027-1,1.6589135
s_016um_00101_00070-1,1.6171386
s_016um_00046_00210-1,1.6543833
s_016um_00222_00170-1,1.594737
s_016um_00087_00068-1,1.5926605
s_016um_00070_00234-1,1.6300442
s_016um_00273_00206-1,1.5652895
s_016um_00225_00243-1,1.5123885
s_016um_00158_00292-1,1.666085
s_016um_00209_00294-1,1.5882444
s_016um_00323_00299-1,1.6298141
s_016um_00211_00031-1,1.6976986
s_016um_00069_00129-1,1.5893196
s_016um_00324_00124-1,1.5399413
s_016um_00086_00280-1,1.54555
s_016um_00332_00119-1,1.5469214
s_016um_00128_00389-1,1.5251023
s_016um_00323_00305-1,1.5290055
s_016um_00041_00213-1,1.6152208
s_016um_00226_00330-1,1.5675194
s_016um_00235_00355-1,1.5630996
s_016um_00217_00278-1,1.6288259
s_016um_00082_00241-1,1.5886995
s_016um_00146_00394-1,1.5994633
s_016um_00174_00374-1,1.6269649
s_016um_00223_00330-1,1.5450052
s_016um_00215_00034-1,1.4845883
s_016um_00328_00210-1,1.5220326
s_016um_00037_00173-1,1.5683941
s_016um_00017_00271-1,1.5305755
s_016um_00253_00031-1,1.6109799
s_016um_00004_00154-1,1.6457886
s_016um_00212_00293-1,1.4948452
s_016um_00393_00360-1,1.2108814
s_016um_00033_00336-1,1.5561005
s_016um_00043_00216-1,1.5265363
s_016um_00397_00364-1,1.5301781
s_016um_00368_00097-1,1.5847175
s_016um_00217_00029-1,1.5075041
s_016um_00388_00343-1,1.5804532
s_016um_00218_00283-1,1.545345
s_016um_00271_00226-1,1.5668159
s_016um_00171_00373-1,1.6468067
s_016um_00225_00251-1,1.5018125
s_016um_00081_00280-1,1.610317
s_016um_00272_00035-1,1.6086055
s_016um_00416_00101-1,1.5315961
s_016um_00365_00226-1,1.5582309
s_016um_00418_00136-1,1.511229
s_016um_00216_00293-1,1.5286793
s_016um_00400_00256-1,1.5661794
s_016um_00042_00179-1,1.5546477
s_016um_00239_00181-1,1.6454537
s_016um_00370_00100-1,1.6703719
s_016um_00047_00211-1,1.5650738
s_016um_00130_00382-1,1.5097897
s_016um_00127_00091-1,1.668788
s_016um_00273_00137-1,1.6279285
