spot_id,predicted_protein_value
s_016um_00380_00137-1,0.69829684
s_016um_00037_00102-1,0.58804137
s_016um_00328_00304-1,0.6436351
s_016um_00343_00400-1,0.940617
s_016um_00009_00155-1,0.5503087
s_016um_00009_00150-1,0.5857996
s_016um_00109_00316-1,0.6073424
s_016um_00330_00253-1,0.6738243
s_016um_00366_00225-1,0.6049076
s_016um_00267_00058-1,1.069581
s_016um_00274_00229-1,0.59996134
s_016um_00219_00167-1,0.6732594
s_016um_00209_00032-1,0.6022822
s_016um_00112_00314-1,0.57178056
s_016um_00122_00145-1,0.6291423
s_016um_00201_00148-1,0.55965215
s_016um_00232_00085-1,0.6763004
s_016um_00034_00102-1,0.7021017
s_016um_00080_00283-1,0.5851435
s_016um_00142_00062-1,0.6522961
s_016um_00242_00085-1,0.71415037
s_016um_00382_00138-1,0.5558366
s_016um_00321_00227-1,0.6453555
s_016um_00081_00240-1,0.6543319
s_016um_00362_00411-1,1.0263052
s_016um_00323_00167-1,0.76786035
s_016um_00323_00162-1,0.70632994
s_016um_00394_00215-1,0.6560519
s_016um_00219_00026-1,0.6754399
s_016um_00363_00414-1,1.2714416
s_016um_00233_00267-1,0.62588996
s_016um_00033_00089-1,0.64068866
s_016um_00082_00197-1,0.7879726
s_016um_00235_00090-1,0.70034
s_016um_00127_00318-1,0.70392066
s_016um_00040_00098-1,0.69646895
s_016um_00217_00172-1,0.5949907
s_016um_00259_00034-1,0.6391405
s_016um_00276_00133-1,0.6829249
s_016um_00325_00123-1,0.5826101
s_016um_00341_00399-1,0.7110404
s_016um_00191_00093-1,0.51755273
s_016um_00129_00321-1,0.5871356
s_016um_00263_00061-1,0.7056953
s_016um_00341_00215-1,0.6662929
s_016um_00270_00034-1,0.66532123
s_016um_00395_00365-1,0.7161903
s_016um_00083_00278-1,0.60141444
s_016um_00134_00321-1,1.0190303
s_016um_00038_00098-1,0.60477126
s_016um_00278_00048-1,0.65066886
s_016um_00120_00149-1,0.553257
s_016um_00199_00149-1,0.5439581
s_016um_00275_00229-1,0.6031675
s_016um_00140_00022-1,0.7473924
s_016um_00080_00236-1,0.8640963
s_016um_00367_00099-1,0.95282847
s_016um_00232_00263-1,0.75371283
s_016um_00166_00129-1,0.69331306
s_016um_00356_00115-1,0.6825717
s_016um_00230_00250-1,0.57362527
s_016um_00394_00181-1,0.57958806
s_016um_00137_00222-1,0.66779625
s_016um_00323_00228-1,0.59271
s_016um_00343_00215-1,0.51314074
s_016um_00124_00383-1,0.5386038
s_016um_00111_00320-1,0.9402956
s_016um_00199_00148-1,0.6035318
s_016um_00034_00336-1,0.6227799
s_016um_00206_00149-1,0.7321349
s_016um_00019_00265-1,0.7136455
s_016um_00026_00089-1,0.54243314
s_016um_00205_00153-1,0.63949066
s_016um_00385_00292-1,0.8693282
s_016um_00390_00181-1,0.6440456
s_016um_00320_00166-1,0.6220383
s_016um_00385_00293-1,0.5336244
s_016um_00142_00218-1,0.81328225
s_016um_00130_00233-1,0.54917985
s_016um_00101_00030-1,0.6131976
s_016um_00216_00292-1,0.5594443
s_016um_00409_00101-1,0.60857683
s_016um_00028_00335-1,0.5687949
s_016um_00249_00020-1,0.7139964
s_016um_00260_00127-1,0.59189904
s_016um_00217_00281-1,0.5893334
s_016um_00081_00296-1,0.50838524
s_016um_00368_00145-1,0.6343467
s_016um_00128_00316-1,0.7063038
s_016um_00270_00058-1,0.71402997
s_016um_00138_00074-1,0.5955327
s_016um_00236_00083-1,0.634144
s_016um_00266_00059-1,0.77206534
s_016um_00076_00241-1,0.5763653
s_016um_00320_00162-1,0.6540722
s_016um_00216_00295-1,0.5246514
s_016um_00043_00049-1,0.6416061
s_016um_00376_00119-1,0.74673015
s_016um_00099_00071-1,0.62314767
s_016um_00273_00132-1,0.57253873
s_016um_00145_00021-1,0.5872719
s_016um_00356_00410-1,1.056271
s_016um_00098_00340-1,0.72886455
s_016um_00171_00128-1,0.57389694
s_016um_00203_00149-1,0.6167495
s_016um_00195_00090-1,0.5918507
s_016um_00098_00073-1,0.56379485
s_016um_00337_00255-1,0.66750395
s_016um_00401_00259-1,0.65102845
s_016um_00211_00289-1,0.59435046
s_016um_00372_00121-1,0.55275965
s_016um_00087_00194-1,0.6022457
s_016um_00220_00226-1,0.56761336
s_016um_00066_00126-1,0.51727974
s_016um_00251_00020-1,0.659057
s_016um_00042_00044-1,0.55176747
s_016um_00098_00027-1,0.6296665
s_016um_00228_00249-1,0.50999373
s_016um_00038_00172-1,0.5970094
s_016um_00209_00296-1,0.5816813
s_016um_00106_00385-1,0.5448177
s_016um_00084_00266-1,0.5703826
s_016um_00147_00399-1,0.6072328
s_016um_00398_00182-1,0.6343992
s_016um_00273_00052-1,0.70265275
s_016um_00101_00023-1,0.6534901
s_016um_00378_00137-1,0.59581035
s_016um_00095_00277-1,0.6100306
s_016um_00141_00223-1,0.7272707
s_016um_00260_00133-1,0.5262463
s_016um_00272_00058-1,0.6270023
s_016um_00169_00370-1,0.5772794
s_016um_00353_00023-1,0.8399875
s_016um_00389_00292-1,0.5608784
s_016um_00253_00026-1,0.59279245
s_016um_00362_00226-1,0.6053194
s_016um_00079_00236-1,0.66585356
s_016um_00403_00150-1,0.5791855
s_016um_00046_00209-1,0.7116261
s_016um_00400_00402-1,2.124915
s_016um_00219_00281-1,0.5745634
s_016um_00274_00225-1,0.57639974
s_016um_00053_00248-1,0.76111174
s_016um_00081_00292-1,0.5922136
s_016um_00361_00290-1,0.77389157
s_016um_00277_00327-1,0.6990757
s_016um_00138_00215-1,0.8698592
s_016um_00074_00248-1,0.5322031
s_016um_00083_00200-1,0.58316296
s_016um_00329_00218-1,0.5561949
s_016um_00005_00296-1,0.57048047
s_016um_00276_00208-1,0.5551459
s_016um_00039_00178-1,0.5469593
s_016um_00123_00386-1,0.6027069
s_016um_00143_00020-1,0.73289305
s_016um_00407_00401-1,1.8292844
s_016um_00391_00343-1,1.10027
s_016um_00031_00331-1,0.64303553
s_016um_00228_00237-1,0.5417511
s_016um_00218_00032-1,0.53445053
s_016um_00396_00220-1,0.592645
s_016um_00215_00282-1,0.68615866
s_016um_00008_00153-1,0.5719995
s_016um_00102_00383-1,0.5525656
s_016um_00184_00028-1,0.7050039
s_016um_00266_00057-1,0.68553174
s_016um_00141_00060-1,0.60096866
s_016um_00193_00120-1,0.73371243
s_016um_00268_00332-1,0.58748907
s_016um_00209_00031-1,0.69709617
s_016um_00354_00416-1,1.4656303
s_016um_00365_00098-1,0.70308125
s_016um_00041_00049-1,0.6479342
s_016um_00210_00296-1,0.60780513
s_016um_00089_00068-1,0.4763816
s_016um_00245_00086-1,0.652834
s_016um_00193_00130-1,0.6075891
s_016um_00126_00089-1,0.6989329
s_016um_00083_00071-1,0.7689115
s_016um_00235_00268-1,0.58983696
s_016um_00219_00280-1,0.68737864
s_016um_00079_00241-1,0.6594471
s_016um_00133_00230-1,0.59817463
s_016um_00257_00034-1,0.68759716
s_016um_00263_00187-1,0.756903
s_016um_00394_00358-1,0.7740632
s_016um_00105_00384-1,0.58771986
s_016um_00129_00386-1,0.6850856
s_016um_00262_00186-1,0.81233823
s_016um_00417_00138-1,0.53757167
s_016um_00287_00092-1,0.6074451
s_016um_00177_00032-1,0.8247942
s_016um_00110_00318-1,0.641599
s_016um_00218_00277-1,0.5554955
s_016um_00260_00033-1,0.628481
s_016um_00386_00295-1,0.61536765
s_016um_00360_00286-1,0.6190719
s_016um_00030_00331-1,0.58200765
s_016um_00266_00332-1,0.6284306
s_016um_00197_00123-1,0.7174802
s_016um_00271_00221-1,0.5840754
s_016um_00265_00033-1,0.66790926
s_016um_00273_00201-1,0.54553235
s_016um_00359_00096-1,0.66078424
s_016um_00220_00030-1,0.4865291
s_016um_00097_00317-1,0.6298543
s_016um_00346_00212-1,0.7115285
s_016um_00389_00345-1,0.67870015
s_016um_00067_00131-1,0.6139698
s_016um_00401_00403-1,1.8392205
s_016um_00214_00029-1,0.8060567
s_016um_00266_00036-1,0.5675178
s_016um_00065_00235-1,0.760734
s_016um_00037_00045-1,0.61686355
s_016um_00084_00029-1,0.8221403
s_016um_00265_00336-1,0.6451707
s_016um_00395_00217-1,0.62994456
s_016um_00214_00278-1,0.54766804
s_016um_00077_00293-1,0.7573211
s_016um_00280_00130-1,0.62933433
s_016um_00088_00267-1,0.66320306
s_016um_00372_00120-1,0.6093513
s_016um_00109_00315-1,0.71969944
s_016um_00416_00142-1,0.60267156
s_016um_00282_00325-1,0.62646407
s_016um_00384_00128-1,0.63923645
s_016um_00102_00068-1,0.6759061
s_016um_00005_00299-1,0.50049025
s_016um_00361_00415-1,1.5083387
s_016um_00330_00214-1,0.88296914
s_016um_00265_00058-1,0.79860455
s_016um_00222_00031-1,0.58923674
s_016um_00364_00228-1,0.52754104
s_016um_00381_00134-1,0.65603685
s_016um_00280_00204-1,0.5798153
s_016um_00146_00018-1,0.5383056
s_016um_00089_00067-1,0.661805
s_016um_00130_00086-1,0.6968417
s_016um_00408_00098-1,0.5577795
s_016um_00060_00249-1,0.7498047
s_016um_00334_00215-1,0.5911128
s_016um_00095_00276-1,0.5470594
s_016um_00403_00120-1,0.62285584
s_016um_00267_00133-1,0.5951367
s_016um_00229_00267-1,0.5696186
s_016um_00384_00130-1,0.6000994
s_016um_00029_00331-1,0.5628562
s_016um_00226_00332-1,0.5695687
s_016um_00409_00152-1,0.6118392
s_016um_00269_00037-1,0.5999137
s_016um_00281_00315-1,0.5695482
s_016um_00205_00148-1,0.65259284
s_016um_00261_00190-1,0.65510595
s_016um_00083_00030-1,0.71439946
s_016um_00106_00320-1,0.5753431
s_016um_00031_00087-1,0.5668205
s_016um_00040_00041-1,0.56428957
s_016um_00079_00268-1,0.5459557
s_016um_00400_00123-1,0.7168707
s_016um_00218_00010-1,0.5256833
s_016um_00270_00331-1,0.6498378
s_016um_00140_00018-1,0.63941437
s_016um_00209_00033-1,0.7185825
s_016um_00267_00063-1,0.8168092
s_016um_00041_00219-1,0.6194753
s_016um_00106_00389-1,0.64185876
s_016um_00355_00290-1,0.5792
s_016um_00094_00337-1,0.57274383
s_016um_00035_00005-1,0.6604012
s_016um_00220_00278-1,0.5523845
s_016um_00275_00051-1,0.69621485
s_016um_00311_00054-1,0.6892824
s_016um_00402_00395-1,1.3943067
s_016um_00334_00402-1,0.97087264
s_016um_00125_00092-1,0.6775114
s_016um_00328_00121-1,0.6265317
s_016um_00219_00012-1,0.67044246
s_016um_00402_00216-1,0.5602469
s_016um_00136_00069-1,0.7660558
s_016um_00140_00014-1,0.5775933
s_016um_00266_00330-1,0.6395787
s_016um_00131_00315-1,0.9157694
s_016um_00333_00210-1,0.5531463
s_016um_00356_00090-1,0.64457214
s_016um_00092_00320-1,0.583001
s_016um_00120_00148-1,0.5419575
s_016um_00138_00076-1,0.5989477
s_016um_00077_00236-1,0.6629655
s_016um_00268_00230-1,0.5936895
s_016um_00381_00139-1,0.52468675
s_016um_00235_00362-1,0.74920404
s_016um_00223_00230-1,0.6350898
s_016um_00138_00221-1,0.6438059
s_016um_00390_00338-1,0.7357107
s_016um_00008_00295-1,0.59344614
s_016um_00079_00280-1,0.6410785
s_016um_00277_00201-1,0.5336586
s_016um_00399_00122-1,0.6235674
s_016um_00308_00052-1,0.6655222
s_016um_00357_00120-1,0.7131417
s_016um_00071_00236-1,0.7147517
s_016um_00367_00224-1,0.5215128
s_016um_00145_00062-1,0.59695596
s_016um_00085_00279-1,0.61424315
s_016um_00278_00138-1,0.6490512
s_016um_00044_00244-1,0.63878495
s_016um_00261_00335-1,0.664148
s_016um_00180_00033-1,0.6645333
s_016um_00088_00265-1,0.5234101
s_016um_00130_00317-1,0.9091439
s_016um_00323_00163-1,0.64727354
s_016um_00359_00294-1,0.6133868
s_016um_00219_00030-1,0.5374603
s_016um_00048_00217-1,0.72780204
s_016um_00008_00214-1,0.5909582
s_016um_00098_00315-1,0.56306374
s_016um_00259_00189-1,0.57307786
s_016um_00278_00316-1,0.54328275
s_016um_00126_00088-1,0.7665659
s_016um_00261_00127-1,0.5813944
s_016um_00402_00121-1,0.6648099
s_016um_00081_00271-1,0.58920586
s_016um_00236_00188-1,0.57269526
s_016um_00370_00228-1,0.55826676
s_016um_00129_00085-1,0.7522008
s_016um_00030_00329-1,0.6051675
s_016um_00059_00244-1,0.6894333
s_016um_00040_00009-1,0.59120524
s_016um_00041_00178-1,0.66452515
s_016um_00272_00033-1,0.99651766
s_016um_00393_00363-1,0.92696285
s_016um_00094_00272-1,0.6346512
s_016um_00353_00025-1,0.63745666
s_016um_00163_00123-1,0.6430897
s_016um_00085_00286-1,0.54983604
s_016um_00033_00104-1,0.5624998
s_016um_00146_00059-1,0.6358125
s_016um_00073_00249-1,0.5810827
s_016um_00144_00398-1,0.69700664
s_016um_00106_00388-1,0.65443325
s_016um_00095_00318-1,0.57622135
s_016um_00280_00329-1,0.5240772
s_016um_00383_00130-1,0.6340813
s_016um_00061_00130-1,0.68761224
s_016um_00396_00219-1,0.61479264
s_016um_00336_00251-1,0.64681995
s_016um_00086_00029-1,0.5654453
s_016um_00227_00251-1,0.54287374
s_016um_00045_00210-1,0.62187827
s_016um_00145_00059-1,0.62206715
s_016um_00312_00059-1,0.58897996
s_016um_00376_00120-1,0.70119023
s_016um_00148_00396-1,0.78478634
s_016um_00168_00371-1,0.5387049
s_016um_00279_00325-1,0.6145351
s_016um_00273_00333-1,0.5811317
s_016um_00355_00123-1,0.7383672
s_016um_00325_00231-1,0.54296756
s_016um_00267_00130-1,0.62486136
s_016um_00237_00188-1,0.55212283
s_016um_00384_00295-1,0.529802
s_016um_00033_00088-1,0.6634762
s_016um_00076_00296-1,0.61110884
s_016um_00077_00299-1,0.7434191
s_016um_00131_00389-1,0.62805396
s_016um_00278_00130-1,0.69692016
s_016um_00040_00214-1,0.7399399
s_016um_00238_00188-1,0.64879483
s_016um_00128_00383-1,0.6307437
s_016um_00396_00363-1,0.7377876
s_016um_00011_00154-1,0.58583
s_016um_00262_00127-1,0.5642019
s_016um_00354_00024-1,0.5977422
s_016um_00130_00232-1,0.5379175
s_016um_00265_00054-1,0.69127107
s_016um_00234_00260-1,0.5920023
s_016um_00392_00360-1,0.74694175
s_016um_00311_00056-1,0.6885865
s_016um_00127_00383-1,0.59389716
s_016um_00085_00278-1,0.58643365
s_016um_00265_00335-1,0.63144654
s_016um_00133_00320-1,1.1291842
s_016um_00017_00272-1,0.61597514
s_016um_00046_00241-1,0.6596009
s_016um_00216_00012-1,0.8496463
s_016um_00329_00228-1,0.48774523
s_016um_00042_00210-1,0.58761513
s_016um_00093_00317-1,0.59565544
s_016um_00078_00252-1,0.6289729
s_016um_00081_00243-1,0.5975191
s_016um_00259_00132-1,0.73097634
s_016um_00046_00219-1,0.6546626
s_016um_00351_00117-1,0.5829499
s_016um_00229_00331-1,0.8106755
s_016um_00241_00189-1,0.6944534
s_016um_00173_00371-1,1.0347816
s_016um_00028_00091-1,0.6453146
s_016um_00220_00015-1,0.66161233
s_016um_00076_00249-1,0.5933864
s_016um_00277_00136-1,0.6623738
s_016um_00351_00019-1,0.73372495
s_016um_00358_00090-1,0.6795924
s_016um_00374_00121-1,0.6443856
s_016um_00185_00030-1,0.6338701
s_016um_00346_00215-1,0.6330016
s_016um_00210_00030-1,0.67034954
s_016um_00399_00371-1,0.6789497
s_016um_00367_00227-1,0.64908224
s_016um_00081_00195-1,0.9035212
s_016um_00014_00212-1,0.7369679
s_016um_00339_00400-1,0.70482844
s_016um_00086_00265-1,0.60281795
s_016um_00277_00326-1,0.7726271
s_016um_00072_00245-1,0.52422667
s_016um_00082_00238-1,0.63211167
s_016um_00183_00027-1,0.6840063
s_016um_00371_00120-1,0.6570957
s_016um_00220_00236-1,0.68447137
s_016um_00401_00368-1,0.6657619
s_016um_00136_00075-1,0.6008524
s_016um_00341_00219-1,0.641675
s_016um_00264_00132-1,0.57617974
s_016um_00235_00185-1,0.6185876
s_016um_00334_00212-1,0.56937563
s_016um_00092_00267-1,0.61142147
s_016um_00221_00168-1,0.60544264
s_016um_00197_00126-1,0.61785287
s_016um_00221_00228-1,0.54423416
s_016um_00100_00071-1,0.5720622
s_016um_00259_00184-1,0.66125697
s_016um_00357_00414-1,1.2599486
s_016um_00078_00292-1,0.565448
s_016um_00326_00231-1,0.57267785
s_016um_00090_00072-1,0.526111
s_016um_00183_00028-1,0.59485567
s_016um_00265_00062-1,0.79886013
s_016um_00223_00251-1,0.5283297
s_016um_00042_00214-1,0.8821722
s_016um_00234_00265-1,0.5804845
s_016um_00093_00339-1,0.5187454
s_016um_00328_00214-1,0.64167154
s_016um_00141_00018-1,0.72146386
s_016um_00221_00016-1,0.7122233
s_016um_00134_00319-1,1.0520607
s_016um_00167_00372-1,0.6869025
s_016um_00390_00298-1,0.69434804
s_016um_00270_00336-1,0.63650286
s_016um_00265_00029-1,0.6050401
s_016um_00141_00055-1,0.56750846
s_016um_00407_00402-1,2.1573133
s_016um_00265_00330-1,0.6137514
s_016um_00275_00050-1,0.5991068
s_016um_00313_00060-1,0.8146082
s_016um_00229_00358-1,0.6534133
s_016um_00358_00292-1,0.61977994
s_016um_00402_00255-1,0.5132017
s_016um_00284_00094-1,0.6666196
s_016um_00273_00312-1,0.56868213
s_016um_00288_00100-1,0.6422721
s_016um_00081_00270-1,0.6200239
s_016um_00131_00226-1,0.593401
s_016um_00396_00261-1,0.8348108
s_016um_00087_00265-1,0.5528441
s_016um_00336_00256-1,0.609546
s_016um_00102_00070-1,0.7481936
s_016um_00273_00048-1,0.75049645
s_016um_00263_00332-1,0.5721522
s_016um_00275_00319-1,0.6034634
s_016um_00049_00215-1,0.6446905
s_016um_00094_00342-1,0.5349882
s_016um_00369_00123-1,0.6915829
s_016um_00224_00168-1,0.6806948
s_016um_00331_00251-1,0.61752075
s_016um_00388_00298-1,0.5450448
s_016um_00222_00332-1,0.5977702
s_016um_00080_00240-1,0.5470189
s_016um_00136_00315-1,0.97969854
s_016um_00280_00047-1,0.70545655
s_016um_00217_00028-1,0.60157216
s_016um_00104_00071-1,0.56450975
s_016um_00132_00230-1,0.57729506
s_016um_00221_00011-1,0.50651896
s_016um_00237_00084-1,0.7886408
s_016um_00079_00292-1,0.6075406
s_016um_00396_00362-1,0.8516268
s_016um_00079_00300-1,0.6003266
s_016um_00224_00328-1,0.5993296
s_016um_00086_00279-1,0.5309305
s_016um_00263_00055-1,0.7240322
s_016um_00104_00384-1,0.60774064
s_016um_00396_00183-1,0.5793424
s_016um_00369_00225-1,0.57271975
s_016um_00404_00404-1,1.8372147
s_016um_00389_00299-1,0.6527866
s_016um_00040_00100-1,0.49075317
s_016um_00063_00133-1,0.56250536
s_016um_00224_00029-1,0.73832357
s_016um_00140_00072-1,0.75198615
s_016um_00318_00168-1,0.70534605
s_016um_00250_00019-1,0.8258283
s_016um_00332_00253-1,0.6445557
s_016um_00351_00119-1,0.5422739
s_016um_00107_00385-1,0.6553599
s_016um_00044_00046-1,0.5517517
s_016um_00261_00192-1,0.58413416
s_016um_00347_00214-1,0.5451054
s_016um_00040_00176-1,0.55294186
s_016um_00134_00090-1,0.7752279
s_016um_00351_00093-1,0.6472499
s_016um_00243_00082-1,0.6944403
s_016um_00033_00329-1,0.58066154
s_016um_00273_00208-1,0.64826816
s_016um_00238_00359-1,0.5953484
s_016um_00362_00292-1,0.7012708
s_016um_00143_00056-1,0.54429775
s_016um_00122_00150-1,0.56375164
s_016um_00320_00168-1,0.59806746
s_016um_00006_00295-1,0.5122055
s_016um_00075_00250-1,0.57248956
s_016um_00398_00362-1,0.88358736
s_016um_00027_00335-1,0.5978615
s_016um_00339_00216-1,0.61595714
s_016um_00213_00292-1,0.5433943
s_016um_00334_00254-1,0.81023407
s_016um_00099_00031-1,0.7072916
s_016um_00269_00059-1,0.6470119
s_016um_00018_00272-1,0.6268625
s_016um_00228_00244-1,0.54221463
s_016um_00011_00214-1,0.5638918
s_016um_00164_00291-1,0.5548121
s_016um_00376_00143-1,0.5834944
s_016um_00243_00187-1,0.73553115
s_016um_00330_00210-1,0.5952644
s_016um_00169_00122-1,0.62039906
s_016um_00394_00176-1,0.63818735
s_016um_00254_00028-1,0.7370595
s_016um_00144_00054-1,0.57860136
s_016um_00084_00073-1,0.82054365
s_016um_00225_00326-1,0.7993045
s_016um_00134_00322-1,1.0549107
s_016um_00088_00266-1,0.52489793
s_016um_00074_00240-1,0.6311672
s_016um_00179_00026-1,0.4629609
s_016um_00217_00173-1,0.63559735
s_016um_00228_00250-1,0.5087806
s_016um_00026_00087-1,0.60134083
s_016um_00129_00233-1,0.59933203
s_016um_00091_00270-1,0.58146685
s_016um_00126_00091-1,0.6969729
s_016um_00135_00314-1,1.0091323
s_016um_00278_00132-1,0.66853637
s_016um_00368_00142-1,0.5685475
s_016um_00126_00094-1,0.57071084
s_016um_00230_00246-1,0.6197212
s_016um_00091_00319-1,0.5549901
s_016um_00044_00240-1,0.61491966
s_016um_00391_00184-1,0.6401123
s_016um_00267_00223-1,0.6005998
s_016um_00036_00047-1,0.63118726
s_016um_00143_00022-1,0.6808473
s_016um_00131_00319-1,0.93986595
s_016um_00089_00275-1,0.48123467
s_016um_00272_00225-1,0.55080545
s_016um_00139_00219-1,0.64432895
s_016um_00222_00248-1,0.67202604
s_016um_00087_00266-1,0.5851891
s_016um_00371_00122-1,0.59836644
s_016um_00241_00183-1,0.6471802
s_016um_00191_00094-1,0.72440696
s_016um_00269_00054-1,0.8349365
s_016um_00056_00245-1,0.7077148
s_016um_00370_00144-1,0.55258185
s_016um_00153_00395-1,0.62396824
s_016um_00050_00241-1,0.64576113
s_016um_00224_00025-1,0.5771353
s_016um_00010_00299-1,0.51392466
s_016um_00087_00034-1,0.694721
s_016um_00321_00301-1,0.5320218
s_016um_00236_00357-1,0.69590616
s_016um_00320_00229-1,0.5983607
s_016um_00143_00015-1,0.6580951
s_016um_00041_00208-1,0.66039234
s_016um_00079_00198-1,0.76628333
s_016um_00088_00066-1,0.5553946
s_016um_00086_00284-1,0.5126654
s_016um_00255_00025-1,0.61995673
s_016um_00393_00361-1,0.7265332
s_016um_00408_00396-1,1.7317321
s_016um_00062_00127-1,0.5675668
s_016um_00043_00175-1,0.55489624
s_016um_00274_00318-1,0.57586527
s_016um_00159_00291-1,0.5666187
s_016um_00289_00092-1,0.65925795
s_016um_00106_00319-1,0.6873675
s_016um_00239_00187-1,0.59689456
s_016um_00388_00297-1,0.56692636
s_016um_00333_00250-1,0.5913389
s_016um_00141_00216-1,0.72664934
s_016um_00099_00027-1,0.8490582
s_016um_00108_00317-1,0.83090067
s_016um_00250_00026-1,0.57064456
s_016um_00405_00122-1,0.5568639
s_016um_00116_00146-1,0.64138097
s_016um_00368_00099-1,0.95766234
s_016um_00267_00226-1,0.5738153
s_016um_00103_00389-1,0.63409555
s_016um_00403_00401-1,1.9044397
s_016um_00240_00184-1,0.550876
s_016um_00021_00271-1,0.7170626
s_016um_00127_00087-1,0.64923936
s_016um_00275_00326-1,0.54607093
s_016um_00082_00277-1,0.60268784
s_016um_00234_00263-1,0.55719477
s_016um_00368_00143-1,0.51054054
s_016um_00412_00099-1,0.5768081
s_016um_00048_00241-1,0.63390535
s_016um_00224_00031-1,0.71875083
s_016um_00395_00361-1,0.865499
s_016um_00096_00028-1,0.7860301
s_016um_00266_00226-1,0.66070837
s_016um_00065_00231-1,0.66886216
s_016um_00397_00256-1,0.5674788
s_016um_00404_00123-1,0.58234894
s_016um_00216_00294-1,0.59477913
s_016um_00153_00396-1,0.64852786
s_016um_00217_00168-1,0.7526908
s_016um_00390_00359-1,1.0835354
s_016um_00091_00276-1,0.5954045
s_016um_00333_00258-1,0.61795074
s_016um_00279_00315-1,0.7818736
s_016um_00277_00050-1,0.7163103
s_016um_00415_00101-1,0.6351172
s_016um_00210_00292-1,0.6900434
s_016um_00141_00218-1,0.63554746
s_016um_00239_00185-1,0.58857983
s_016um_00254_00026-1,0.65378976
s_016um_00078_00236-1,0.8284691
s_016um_00364_00099-1,0.61965436
s_016um_00131_00390-1,0.54627323
s_016um_00257_00190-1,0.6001402
s_016um_00368_00229-1,0.6595263
s_016um_00273_00228-1,0.57841223
s_016um_00142_00023-1,0.6739572
s_016um_00309_00060-1,0.71243757
s_016um_00166_00124-1,0.61030227
s_016um_00083_00036-1,0.6790731
s_016um_00227_00264-1,0.53528994
s_016um_00058_00249-1,0.6132877
s_016um_00368_00120-1,0.7540201
s_016um_00257_00188-1,0.6447181
s_016um_00387_00338-1,0.6003238
s_016um_00280_00321-1,0.6255844
s_016um_00108_00384-1,0.6503549
s_016um_00085_00069-1,0.6497373
s_016um_00189_00127-1,0.70039546
s_016um_00086_00036-1,0.62284493
s_016um_00096_00277-1,0.5376381
s_016um_00098_00317-1,0.68938315
s_016um_00261_00131-1,0.71059364
s_016um_00095_00272-1,0.6129833
s_016um_00099_00068-1,0.63254714
s_016um_00342_00213-1,0.5839182
s_016um_00013_00210-1,0.60991496
s_016um_00009_00156-1,0.58720785
s_016um_00391_00357-1,1.0258638
s_016um_00329_00211-1,0.6123657
s_016um_00408_00124-1,0.50270396
s_016um_00119_00151-1,0.586982
s_016um_00070_00129-1,0.5690204
s_016um_00351_00118-1,0.65554106
s_016um_00309_00052-1,0.63568664
s_016um_00305_00056-1,0.7426166
s_016um_00390_00343-1,0.9095509
s_016um_00026_00084-1,0.50975895
s_016um_00326_00121-1,0.56505805
s_016um_00239_00358-1,0.6262525
s_016um_00220_00012-1,0.6021577
s_016um_00165_00374-1,0.6065819
s_016um_00134_00070-1,0.5956378
s_016um_00280_00136-1,0.6061253
s_016um_00228_00246-1,0.5238208
s_016um_00077_00249-1,0.6063758
s_016um_00394_00214-1,0.6942438
s_016um_00375_00141-1,0.5847597
s_016um_00042_00176-1,0.59229416
s_016um_00222_00244-1,0.4511996
s_016um_00005_00151-1,0.77359045
s_016um_00071_00231-1,0.5421686
s_016um_00396_00359-1,0.884799
s_016um_00141_00059-1,0.66341156
s_016um_00222_00280-1,0.5744351
s_016um_00331_00120-1,0.64955276
s_016um_00224_00333-1,0.5702418
s_016um_00269_00034-1,0.5693664
s_016um_00403_00403-1,1.9898818
s_016um_00221_00013-1,0.6822529
s_016um_00145_00061-1,0.58056355
s_016um_00034_00009-1,0.5098504
s_016um_00095_00334-1,0.5262704
s_016um_00401_00370-1,0.61884266
s_016um_00360_00287-1,0.579753
s_016um_00101_00391-1,0.56581944
s_016um_00279_00204-1,0.5557066
s_016um_00404_00396-1,1.563343
s_016um_00082_00299-1,0.5163591
s_016um_00388_00293-1,0.7051209
s_016um_00181_00031-1,0.6282147
s_016um_00107_00319-1,0.94639784
s_016um_00104_00382-1,0.6594302
s_016um_00286_00093-1,0.61014694
s_016um_00330_00215-1,0.9181051
s_016um_00065_00127-1,0.65908307
s_016um_00391_00299-1,0.8351724
s_016um_00245_00087-1,0.7005815
s_016um_00217_00034-1,0.5356174
s_016um_00273_00226-1,0.5458568
s_016um_00368_00096-1,0.5915861
s_016um_00096_00336-1,0.51755023
s_016um_00277_00045-1,0.6018208
s_016um_00086_00066-1,0.81040764
s_016um_00240_00185-1,0.58441496
s_016um_00277_00318-1,0.5748693
s_016um_00139_00221-1,0.6034698
s_016um_00287_00091-1,0.63690186
s_016um_00222_00016-1,0.63776594
s_016um_00226_00233-1,0.7367052
s_016um_00261_00134-1,0.60750616
s_016um_00405_00395-1,1.5355772
s_016um_00143_00063-1,0.69409716
s_016um_00081_00283-1,0.6067574
s_016um_00232_00354-1,0.65952885
s_016um_00168_00126-1,0.7994381
s_016um_00278_00311-1,0.69670016
s_016um_00399_00258-1,0.75809705
s_016um_00271_00059-1,0.5433143
s_016um_00140_00074-1,0.57351184
s_016um_00044_00043-1,0.61700577
s_016um_00216_00226-1,0.5798859
s_016um_00319_00168-1,0.70683086
s_016um_00132_00388-1,0.634729
s_016um_00225_00332-1,0.6076356
s_016um_00390_00360-1,0.963238
s_016um_00062_00128-1,0.7031563
s_016um_00320_00167-1,0.68308985
s_016um_00008_00207-1,0.530126
s_016um_00132_00088-1,0.69448924
s_016um_00244_00089-1,0.6834027
s_016um_00260_00193-1,0.61911476
s_016um_00108_00313-1,0.6691014
s_016um_00066_00232-1,0.7243283
s_016um_00336_00250-1,0.6485382
s_016um_00130_00385-1,0.6344369
s_016um_00272_00336-1,0.64076525
s_016um_00074_00245-1,0.72721684
s_016um_00140_00062-1,0.5882276
s_016um_00402_00401-1,1.8999646
s_016um_00132_00389-1,0.63962644
s_016um_00273_00317-1,0.87416077
s_016um_00389_00342-1,0.68356764
s_016um_00082_00281-1,0.5632574
s_016um_00260_00131-1,0.715654
s_016um_00215_00281-1,0.5914531
s_016um_00097_00025-1,0.6982507
s_016um_00097_00028-1,0.67485625
s_016um_00005_00298-1,0.5258131
s_016um_00128_00231-1,0.5631557
s_016um_00102_00028-1,0.63792837
s_016um_00353_00092-1,0.5843525
s_016um_00360_00412-1,1.0034609
s_016um_00368_00123-1,0.610424
s_016um_00397_00366-1,0.6213018
s_016um_00100_00389-1,0.98666114
s_016um_00264_00062-1,0.7098364
s_016um_00371_00146-1,0.6021702
s_016um_00241_00187-1,0.596413
s_016um_00069_00233-1,0.56936944
s_016um_00403_00259-1,0.8223102
s_016um_00217_00232-1,0.6324992
s_016um_00087_00032-1,0.6687025
s_016um_00100_00317-1,0.58551395
s_016um_00271_00334-1,0.7226477
s_016um_00358_00414-1,1.2479722
s_016um_00245_00085-1,0.56449944
s_016um_00357_00118-1,0.63038814
s_016um_00068_00131-1,0.53857744
s_016um_00412_00101-1,0.804237
s_016um_00224_00024-1,0.6834364
s_016um_00097_00275-1,0.5755913
s_016um_00335_00212-1,0.52892375
s_016um_00201_00150-1,0.5621528
s_016um_00393_00365-1,0.6968797
s_016um_00214_00295-1,0.6042113
s_016um_00138_00070-1,0.6030586
s_016um_00349_00019-1,0.7100995
s_016um_00227_00333-1,0.5938511
s_016um_00233_00361-1,0.53322893
s_016um_00035_00003-1,0.5927503
s_016um_00165_00291-1,0.5960643
s_016um_00405_00400-1,1.8852684
s_016um_00333_00253-1,0.6768718
s_016um_00045_00206-1,0.6324019
s_016um_00314_00057-1,0.71180296
s_016um_00400_00397-1,1.2989894
s_016um_00348_00019-1,0.7452716
s_016um_00391_00178-1,0.65823036
s_016um_00346_00218-1,0.5565975
s_016um_00321_00166-1,0.5850437
s_016um_00094_00334-1,0.58254474
s_016um_00397_00212-1,0.6060442
s_016um_00415_00098-1,0.5412443
s_016um_00398_00213-1,0.6546655
s_016um_00196_00129-1,0.70037466
s_016um_00261_00187-1,0.5945216
s_016um_00125_00389-1,0.6032121
s_016um_00009_00213-1,0.6731167
s_016um_00407_00149-1,0.6876023
s_016um_00136_00217-1,0.61731887
s_016um_00085_00283-1,0.5470332
s_016um_00039_00103-1,0.5613789
s_016um_00250_00021-1,0.6766677
s_016um_00162_00290-1,0.6289361
s_016um_00243_00184-1,0.6807229
s_016um_00079_00237-1,0.57990235
s_016um_00132_00315-1,1.0496181
s_016um_00272_00028-1,0.67953146
s_016um_00237_00184-1,0.5691862
s_016um_00013_00296-1,0.5873509
s_016um_00127_00386-1,0.69766366
s_016um_00038_00041-1,0.5904315
s_016um_00368_00224-1,0.65043235
s_016um_00145_00398-1,0.5654985
s_016um_00351_00022-1,0.8589918
s_016um_00246_00088-1,0.7535832
s_016um_00101_00067-1,0.5939033
s_016um_00394_00367-1,0.62873006
s_016um_00284_00098-1,0.64953494
s_016um_00330_00121-1,0.61107016
s_016um_00036_00043-1,0.59709877
s_016um_00268_00032-1,0.76680106
s_016um_00415_00104-1,0.57786083
s_016um_00084_00066-1,0.5661966
s_016um_00098_00335-1,0.5489908
s_016um_00087_00268-1,0.67436635
s_016um_00404_00398-1,1.503617
s_016um_00014_00209-1,0.57126623
s_016um_00215_00229-1,0.55976576
s_016um_00219_00227-1,0.58822954
s_016um_00042_00215-1,1.0548233
s_016um_00271_00048-1,0.72949934
s_016um_00132_00322-1,0.9237516
s_016um_00130_00231-1,0.6146715
s_016um_00319_00228-1,0.5898485
s_016um_00326_00300-1,0.614354
s_016um_00398_00216-1,0.5744021
s_016um_00280_00137-1,0.5364594
s_016um_00222_00173-1,0.73416114
s_016um_00393_00366-1,0.6500736
s_016um_00194_00129-1,0.75197065
s_016um_00137_00068-1,0.62627476
s_016um_00138_00017-1,0.5633759
s_016um_00035_00004-1,0.700374
s_016um_00016_00269-1,0.6296003
s_016um_00349_00022-1,0.662706
s_016um_00256_00026-1,0.7627104
s_016um_00011_00209-1,0.5575623
s_016um_00362_00293-1,0.71288365
s_016um_00400_00264-1,0.54642344
s_016um_00005_00150-1,0.5634404
s_016um_00265_00055-1,0.7693158
s_016um_00356_00025-1,0.87239534
s_016um_00032_00091-1,0.6498445
s_016um_00082_00284-1,0.53123397
s_016um_00121_00151-1,0.6842511
s_016um_00087_00067-1,0.59989375
s_016um_00037_00049-1,0.5549364
s_016um_00364_00097-1,0.59115434
s_016um_00352_00118-1,0.5613414
s_016um_00241_00090-1,0.6113948
s_016um_00131_00322-1,0.74212456
s_016um_00055_00249-1,0.69129205
s_016um_00220_00277-1,0.625848
s_016um_00410_00146-1,0.654681
s_016um_00355_00291-1,0.62762976
s_016um_00099_00319-1,0.65376526
s_016um_00221_00277-1,0.4773504
s_016um_00274_00314-1,0.63576937
s_016um_00222_00250-1,0.60596657
s_016um_00130_00092-1,0.5448416
s_016um_00038_00210-1,0.63808715
s_016um_00404_00257-1,0.54859436
s_016um_00392_00182-1,0.69927824
s_016um_00182_00025-1,0.84103674
s_016um_00408_00101-1,0.7392657
s_016um_00098_00022-1,0.6077372
s_016um_00392_00343-1,0.8163618
s_016um_00192_00124-1,0.6550521
s_016um_00116_00145-1,0.855813
s_016um_00116_00150-1,0.65379494
s_016um_00083_00295-1,0.531577
s_016um_00214_00294-1,0.5723686
s_016um_00290_00097-1,0.65619797
s_016um_00084_00267-1,0.5449897
s_016um_00325_00230-1,0.5938298
s_016um_00353_00091-1,0.5936139
s_016um_00248_00019-1,0.6243799
s_016um_00029_00083-1,0.5093171
s_016um_00406_00152-1,0.58430123
s_016um_00135_00233-1,0.57822835
s_016um_00135_00225-1,0.61197275
s_016um_00099_00072-1,0.6200439
s_016um_00141_00054-1,0.65677994
s_016um_00087_00199-1,0.54454327
s_016um_00207_00152-1,0.6767387
s_016um_00324_00300-1,0.62979406
s_016um_00028_00092-1,0.6634056
s_016um_00264_00330-1,0.64873064
s_016um_00089_00072-1,0.6332639
s_016um_00101_00072-1,0.6344283
s_016um_00112_00319-1,0.5162107
s_016um_00325_00166-1,0.64059204
s_016um_00072_00247-1,0.5781318
s_016um_00084_00272-1,0.54456496
s_016um_00223_00332-1,0.6214023
s_016um_00047_00241-1,0.7617042
s_016um_00080_00195-1,0.76302016
s_016um_00333_00212-1,0.5706061
s_016um_00353_00090-1,0.6074035
s_016um_00394_00371-1,0.8687717
s_016um_00032_00092-1,0.5497947
s_016um_00214_00283-1,0.66311306
s_016um_00356_00114-1,0.66921043
s_016um_00177_00028-1,0.62195015
s_016um_00252_00025-1,0.5481897
s_016um_00225_00249-1,0.6324596
s_016um_00247_00090-1,0.6492496
s_016um_00080_00280-1,0.5782087
s_016um_00224_00233-1,0.61389
s_016um_00280_00051-1,0.7230683
s_016um_00034_00098-1,0.7752886
s_016um_00406_00399-1,1.719739
s_016um_00395_00338-1,0.6058877
s_016um_00406_00127-1,0.6206591
s_016um_00404_00153-1,0.7199853
s_016um_00042_00047-1,0.5666469
s_016um_00009_00212-1,0.84782255
s_016um_00383_00133-1,0.7268437
s_016um_00219_00011-1,0.6122266
s_016um_00011_00297-1,0.5539271
s_016um_00388_00294-1,0.62018764
s_016um_00027_00091-1,0.62992215
s_016um_00212_00034-1,0.6646349
s_016um_00256_00190-1,0.62483734
s_016um_00329_00213-1,0.57364154
s_016um_00343_00214-1,0.54264563
s_016um_00224_00032-1,0.6966314
s_016um_00278_00050-1,1.0036688
s_016um_00377_00138-1,0.7179081
s_016um_00348_00213-1,0.71593213
s_016um_00207_00146-1,0.6422258
s_016um_00321_00302-1,0.58997965
s_016um_00140_00020-1,0.6884575
s_016um_00355_00115-1,0.6545224
s_016um_00040_00170-1,0.9574835
s_016um_00405_00145-1,0.5826756
s_016um_00095_00315-1,0.54191726
s_016um_00265_00032-1,0.5900264
s_016um_00088_00032-1,0.64416414
s_016um_00216_00168-1,0.6214263
s_016um_00096_00320-1,0.6363663
s_016um_00359_00117-1,0.6821168
s_016um_00092_00279-1,0.5610572
s_016um_00402_00127-1,0.65618247
s_016um_00415_00140-1,0.62764883
s_016um_00354_00290-1,0.7039165
s_016um_00139_00218-1,0.55778074
s_016um_00395_00373-1,0.75913316
s_016um_00217_00026-1,0.66741705
s_016um_00321_00232-1,0.6327798
s_016um_00264_00130-1,0.6724261
s_016um_00313_00052-1,0.6875216
s_016um_00086_00268-1,0.60003054
s_016um_00169_00125-1,0.7809615
s_016um_00018_00263-1,0.5639923
s_016um_00407_00123-1,0.5704291
s_016um_00029_00087-1,0.49607736
s_016um_00085_00065-1,0.550848
s_016um_00140_00076-1,0.8721191
s_016um_00014_00270-1,0.6943278
s_016um_00266_00132-1,0.66669244
s_016um_00125_00093-1,0.58464074
s_016um_00231_00263-1,0.6715701
s_016um_00151_00401-1,0.64008534
s_016um_00071_00246-1,0.76210105
s_016um_00263_00184-1,0.65589124
s_016um_00258_00031-1,0.7653279
s_016um_00099_00073-1,0.5675873
s_016um_00332_00216-1,0.57536954
s_016um_00152_00396-1,0.5877334
s_016um_00214_00281-1,0.6704986
s_016um_00083_00272-1,0.5673793
s_016um_00212_00295-1,0.54459757
s_016um_00405_00149-1,0.55588746
s_016um_00279_00044-1,0.5805599
s_016um_00221_00330-1,0.55009896
s_016um_00081_00030-1,0.6417966
s_016um_00414_00136-1,0.66855156
s_016um_00133_00076-1,0.6255401
s_016um_00360_00414-1,1.1090276
s_016um_00326_00166-1,0.6777343
s_016um_00403_00399-1,1.5060656
s_016um_00369_00223-1,0.6504293
s_016um_00237_00356-1,0.5927712
s_016um_00041_00210-1,0.7235522
s_016um_00008_00211-1,0.7732458
s_016um_00201_00145-1,0.6633989
s_016um_00230_00360-1,0.55856586
s_016um_00147_00394-1,0.5605039
s_016um_00146_00399-1,0.69537634
s_016um_00360_00410-1,0.86838365
s_016um_00080_00035-1,0.55176675
s_016um_00010_00214-1,0.75055057
s_016um_00383_00128-1,0.5620104
s_016um_00399_00126-1,0.5789782
s_016um_00324_00123-1,0.634282
s_016um_00093_00319-1,0.631167
s_016um_00093_00274-1,0.58037674
s_016um_00280_00316-1,0.58717245
s_016um_00327_00125-1,0.57880914
s_016um_00261_00191-1,0.57031834
s_016um_00111_00314-1,0.64563936
s_016um_00049_00242-1,0.9003192
s_016um_00284_00096-1,0.6079516
s_016um_00041_00103-1,0.7827157
s_016um_00387_00298-1,0.57604665
s_016um_00144_00060-1,0.61296767
s_016um_00320_00169-1,0.580151
s_016um_00231_00266-1,0.5119535
s_016um_00171_00124-1,0.75298405
s_016um_00032_00330-1,0.5746072
s_016um_00227_00234-1,0.6762532
s_016um_00136_00221-1,0.8325163
s_016um_00059_00249-1,0.59180474
s_016um_00399_00367-1,0.81605005
s_016um_00396_00262-1,0.621703
s_016um_00043_00245-1,0.6562764
s_016um_00167_00378-1,0.5860962
s_016um_00064_00127-1,0.5883566
s_016um_00043_00179-1,0.7810702
s_016um_00114_00318-1,0.51737857
s_016um_00213_00289-1,0.5862128
s_016um_00328_00301-1,0.69494355
s_016um_00096_00322-1,0.66565144
s_016um_00279_00050-1,0.7529571
s_016um_00353_00093-1,0.63061774
s_016um_00041_00100-1,0.54213595
s_016um_00398_00358-1,0.7891608
s_016um_00355_00092-1,0.67153704
s_016um_00280_00324-1,0.66603637
s_016um_00081_00272-1,0.6694854
s_016um_00113_00315-1,0.5573669
s_016um_00280_00312-1,0.58537495
s_016um_00039_00204-1,0.66441816
s_016um_00048_00242-1,1.0197667
s_016um_00035_00331-1,0.58769196
s_016um_00374_00120-1,0.6826209
s_016um_00176_00029-1,0.5195078
s_016um_00131_00384-1,0.69423085
s_016um_00058_00243-1,0.6183617
s_016um_00214_00282-1,0.7388084
s_016um_00289_00100-1,0.64674604
s_016um_00235_00261-1,0.6159353
s_016um_00372_00146-1,0.8569711
s_016um_00085_00070-1,0.78285676
s_016um_00132_00073-1,0.5936786
s_016um_00172_00376-1,0.6439282
s_016um_00268_00033-1,0.5475474
s_016um_00253_00028-1,0.654039
s_016um_00321_00305-1,0.5266626
s_016um_00097_00338-1,0.6201041
s_016um_00380_00128-1,0.6139848
s_016um_00128_00388-1,0.558247
s_016um_00232_00260-1,0.59532124
s_016um_00232_00087-1,0.7485385
s_016um_00284_00099-1,0.69240373
s_016um_00184_00029-1,0.7191108
s_016um_00243_00189-1,0.66888267
s_016um_00275_00045-1,0.6725288
s_016um_00009_00209-1,0.5947019
s_016um_00046_00244-1,0.6186962
s_016um_00222_00233-1,0.6211668
s_016um_00253_00022-1,0.57954687
s_016um_00083_00283-1,0.55240124
s_016um_00374_00144-1,0.69080853
s_016um_00117_00151-1,0.70106107
s_016um_00078_00242-1,0.5733531
s_016um_00400_00216-1,0.646851
s_016um_00094_00333-1,0.7465011
s_016um_00222_00331-1,0.6016983
s_016um_00130_00087-1,0.7598926
s_016um_00261_00129-1,0.7744725
s_016um_00215_00280-1,0.58122116
s_016um_00226_00235-1,0.6046309
s_016um_00387_00296-1,0.5981361
s_016um_00338_00401-1,0.7564701
s_016um_00394_00357-1,0.64697295
s_016um_00039_00174-1,0.63526314
s_016um_00090_00069-1,0.5905741
s_016um_00213_00279-1,0.55587107
s_016um_00240_00084-1,0.66648793
s_016um_00266_00034-1,0.6963614
s_016um_00249_00019-1,0.67939955
s_016um_00216_00227-1,0.54068655
s_016um_00264_00188-1,0.70235896
s_016um_00010_00298-1,0.6116025
s_016um_00118_00151-1,0.6063085
s_016um_00027_00085-1,0.58825374
s_016um_00276_00201-1,0.60564244
s_016um_00174_00371-1,0.8541241
s_016um_00355_00411-1,0.9122032
s_016um_00042_00240-1,0.6167142
s_016um_00084_00270-1,0.61329633
s_016um_00405_00396-1,1.2593699
s_016um_00402_00399-1,1.2910874
s_016um_00096_00026-1,0.64687943
s_016um_00281_00205-1,0.6705055
s_016um_00168_00129-1,0.6203412
s_016um_00071_00250-1,0.63300014
s_016um_00383_00138-1,0.6118279
s_016um_00082_00066-1,0.6131865
s_016um_00371_00226-1,0.5651653
s_016um_00091_00069-1,0.6613992
s_016um_00229_00265-1,0.5457058
s_016um_00238_00182-1,0.7434247
s_016um_00268_00225-1,0.5883676
s_016um_00085_00280-1,0.45795828
s_016um_00372_00098-1,0.5664294
s_016um_00390_00295-1,0.55815256
s_016um_00242_00086-1,0.61643744
s_016um_00083_00067-1,0.54874927
s_016um_00355_00094-1,0.6840161
s_016um_00393_00218-1,0.6511979
s_016um_00025_00085-1,0.56260765
s_016um_00010_00155-1,0.7233616
s_016um_00379_00137-1,0.6462436
s_016um_00264_00332-1,0.55305725
s_016um_00357_00122-1,0.63588524
s_016um_00072_00252-1,0.7233651
s_016um_00384_00131-1,0.5862374
s_016um_00389_00339-1,0.6178514
s_016um_00225_00229-1,0.53709793
s_016um_00217_00283-1,0.56903625
s_016um_00233_00356-1,0.54030675
s_016um_00010_00152-1,0.53084695
s_016um_00257_00031-1,0.7163465
s_016um_00328_00227-1,0.6708274
s_016um_00237_00086-1,0.7265561
s_016um_00034_00337-1,0.5949158
s_016um_00057_00241-1,0.5502299
s_016um_00222_00169-1,0.6239992
s_016um_00063_00128-1,0.6011525
s_016um_00373_00145-1,0.89008206
s_016um_00039_00100-1,0.5275875
s_016um_00347_00218-1,0.589637
s_016um_00095_00028-1,0.61550456
s_016um_00357_00116-1,0.782512
s_016um_00140_00019-1,0.6445029
s_016um_00247_00089-1,0.6779781
s_016um_00279_00311-1,0.6580523
s_016um_00122_00144-1,0.6682687
s_016um_00415_00138-1,0.60168505
s_016um_00169_00121-1,0.54937637
s_016um_00273_00135-1,0.5897421
s_016um_00240_00190-1,0.6345444
s_016um_00089_00273-1,0.51607364
s_016um_00110_00316-1,0.756094
s_016um_00096_00340-1,0.64447194
s_016um_00324_00223-1,0.61489105
s_016um_00252_00030-1,0.6606841
s_016um_00337_00404-1,0.8329689
s_016um_00086_00264-1,0.66802603
s_016um_00062_00131-1,0.5517216
s_016um_00041_00207-1,0.62353975
s_016um_00215_00033-1,0.6756895
s_016um_00370_00096-1,0.6439368
s_016um_00084_00033-1,0.6163495
s_016um_00192_00123-1,0.7876753
s_016um_00094_00323-1,0.8113286
s_016um_00393_00184-1,0.6408115
s_016um_00015_00265-1,0.6614954
s_016um_00358_00293-1,0.6318214
s_016um_00275_00227-1,0.5911868
s_016um_00308_00057-1,0.72199136
s_016um_00399_00124-1,0.5575409
s_016um_00357_00289-1,0.5979443
s_016um_00248_00084-1,0.5947994
s_016um_00085_00036-1,0.64339244
s_016um_00371_00101-1,0.706487
s_016um_00178_00028-1,0.58295494
s_016um_00397_00183-1,0.64882606
s_016um_00031_00338-1,0.78427774
s_016um_00135_00217-1,0.59441346
s_016um_00306_00056-1,0.47223288
s_016um_00222_00335-1,0.5754795
s_016um_00035_00334-1,0.69968224
s_016um_00034_00335-1,0.61567736
s_016um_00096_00334-1,0.5944573
s_016um_00264_00134-1,0.6479422
s_016um_00053_00249-1,0.74179196
s_016um_00394_00177-1,0.6363513
s_016um_00324_00306-1,0.5369677
s_016um_00342_00218-1,0.6062453
s_016um_00131_00087-1,0.62788355
s_016um_00258_00185-1,0.9384117
s_016um_00095_00024-1,0.5750911
s_016um_00189_00096-1,0.7715168
s_016um_00270_00036-1,0.6936721
s_016um_00012_00300-1,0.67931974
s_016um_00104_00070-1,0.6769028
s_016um_00362_00287-1,0.6085706
s_016um_00391_00297-1,0.85439533
s_016um_00135_00069-1,0.9997244
s_016um_00099_00322-1,0.6345182
s_016um_00272_00208-1,0.6401224
s_016um_00336_00403-1,0.8652257
s_016um_00129_00387-1,0.5838305
s_016um_00268_00062-1,0.58478296
s_016um_00096_00338-1,0.7315667
s_016um_00140_00056-1,0.63463134
s_016um_00140_00217-1,0.6391009
s_016um_00264_00059-1,0.8185101
s_016um_00356_00023-1,0.8305703
s_016um_00106_00317-1,0.62484616
s_016um_00191_00090-1,0.70286196
s_016um_00284_00100-1,0.56151307
s_016um_00035_00100-1,0.5813364
s_016um_00105_00385-1,0.78967226
s_016um_00327_00230-1,0.5614517
s_016um_00262_00130-1,0.8333869
s_016um_00385_00129-1,0.534278
s_016um_00083_00269-1,0.5647182
s_016um_00357_00121-1,0.5835718
s_016um_00390_00358-1,1.1711407
s_016um_00401_00255-1,0.7257796
s_016um_00082_00032-1,0.6149851
s_016um_00226_00248-1,0.6473153
s_016um_00022_00266-1,0.6351651
s_016um_00318_00169-1,0.71727717
s_016um_00246_00084-1,0.6545763
s_016um_00098_00029-1,0.64960444
s_016um_00279_00130-1,0.7682952
s_016um_00398_00178-1,0.7172493
s_016um_00080_00029-1,0.64910173
s_016um_00040_00179-1,0.66913575
s_016um_00030_00334-1,0.654682
s_016um_00325_00225-1,0.5960602
s_016um_00079_00278-1,0.59659076
s_016um_00082_00195-1,1.0109316
s_016um_00010_00216-1,0.7101773
s_016um_00336_00399-1,0.91752565
s_016um_00335_00215-1,0.6219419
s_016um_00212_00297-1,0.5424205
s_016um_00227_00244-1,0.5828204
s_016um_00322_00161-1,0.9397018
s_016um_00139_00075-1,0.5996735
s_016um_00385_00127-1,0.8104255
s_016um_00030_00087-1,0.5229601
s_016um_00092_00277-1,0.56191444
s_016um_00041_00244-1,0.61118597
s_016um_00024_00088-1,0.6616609
s_016um_00256_00185-1,0.6797023
s_016um_00391_00345-1,1.1565524
s_016um_00110_00317-1,0.527729
s_016um_00218_00280-1,0.57583326
s_016um_00314_00053-1,0.71509844
s_016um_00266_00056-1,0.6676897
s_016um_00209_00297-1,0.6092194
s_016um_00142_00220-1,0.8275843
s_016um_00394_00212-1,0.6980624
s_016um_00203_00151-1,0.6772791
s_016um_00112_00316-1,0.60823417
s_016um_00140_00219-1,0.55248314
s_016um_00372_00099-1,0.65135944
s_016um_00233_00092-1,0.8219228
s_016um_00045_00214-1,0.6252566
s_016um_00267_00060-1,0.6129218
s_016um_00208_00292-1,0.5759763
s_016um_00188_00097-1,0.77974874
s_016um_00325_00232-1,0.51339155
s_016um_00328_00122-1,0.5881075
s_016um_00384_00137-1,0.6069317
s_016um_00278_00201-1,0.47665715
s_016um_00323_00303-1,0.5056007
s_016um_00228_00233-1,0.561487
s_016um_00267_00034-1,0.62733483
s_016um_00020_00268-1,0.530066
s_016um_00380_00134-1,0.64014924
s_016um_00418_00141-1,0.5659778
s_016um_00223_00027-1,0.6893071
s_016um_00275_00317-1,0.6222707
s_016um_00135_00317-1,1.0179905
s_016um_00136_00316-1,1.1968387
s_016um_00368_00146-1,0.70824593
s_016um_00232_00259-1,0.62191397
s_016um_00225_00333-1,0.5116293
s_016um_00190_00096-1,0.7293617
s_016um_00092_00276-1,0.57509303
s_016um_00219_00166-1,0.6050978
s_016um_00102_00030-1,0.61540854
s_016um_00081_00033-1,0.6861778
s_016um_00035_00335-1,0.5950359
s_016um_00407_00127-1,0.5333659
s_016um_00088_00070-1,0.681265
s_016um_00278_00314-1,0.6461423
s_016um_00100_00026-1,0.6432786
s_016um_00170_00129-1,0.6351162
s_016um_00352_00095-1,0.656901
s_016um_00085_00269-1,0.5376892
s_016um_00288_00098-1,0.7377413
s_016um_00276_00137-1,0.6120496
s_016um_00008_00156-1,0.60205555
s_016um_00196_00091-1,0.69633675
s_016um_00313_00055-1,0.68518615
s_016um_00276_00138-1,0.80363834
s_016um_00075_00246-1,0.54334915
s_016um_00083_00266-1,0.54064304
s_016um_00279_00132-1,0.8242144
s_016um_00355_00020-1,0.74859804
s_016um_00288_00099-1,0.6423506
s_016um_00221_00033-1,0.5999939
s_016um_00103_00068-1,0.7237224
s_016um_00136_00227-1,0.5974642
s_016um_00095_00278-1,0.58507097
s_016um_00265_00132-1,0.60120124
s_016um_00321_00230-1,0.64066917
s_016um_00028_00332-1,0.6171199
s_016um_00383_00140-1,0.60229826
s_016um_00404_00402-1,2.1021602
s_016um_00197_00094-1,0.7120756
s_016um_00011_00210-1,0.57531124
s_016um_00253_00021-1,0.70107865
s_016um_00341_00397-1,0.7352264
s_016um_00288_00093-1,0.67591923
s_016um_00401_00261-1,0.6892522
s_016um_00381_00135-1,0.6152694
s_016um_00045_00213-1,0.6564249
s_016um_00364_00225-1,0.55719084
s_016um_00291_00098-1,0.5852173
s_016um_00373_00117-1,0.7622481
s_016um_00167_00373-1,0.55052817
s_016um_00252_00024-1,0.64396334
s_016um_00344_00221-1,0.97749627
s_016um_00255_00023-1,0.5728716
s_016um_00223_00169-1,0.76718396
s_016um_00277_00324-1,0.7965427
s_016um_00354_00094-1,0.68521047
s_016um_00244_00091-1,0.6129243
s_016um_00238_00357-1,0.5425118
s_016um_00033_00005-1,0.61577314
s_016um_00356_00119-1,0.57550865
s_016um_00041_00209-1,0.81581897
s_016um_00075_00240-1,0.6144962
s_016um_00394_00220-1,0.72006536
s_016um_00406_00121-1,0.6064075
s_016um_00328_00230-1,0.56895447
s_016um_00149_00398-1,0.67411476
s_016um_00083_00264-1,0.5659929
s_016um_00368_00228-1,0.6430662
s_016um_00393_00180-1,0.62323225
s_016um_00167_00126-1,0.94004726
s_016um_00277_00320-1,0.59244776
s_016um_00221_00239-1,0.5598371
s_016um_00047_00213-1,0.65714103
s_016um_00070_00233-1,0.5679852
s_016um_00101_00066-1,0.65059924
s_016um_00246_00087-1,0.74064434
s_016um_00391_00180-1,0.884939
s_016um_00405_00153-1,0.6676132
s_016um_00351_00095-1,0.5822402
s_016um_00077_00252-1,0.7964962
s_016um_00236_00359-1,0.62877166
s_016um_00013_00295-1,0.62267125
s_016um_00322_00224-1,0.56884813
s_016um_00397_00181-1,0.5764019
s_016um_00213_00293-1,0.6144228
s_016um_00282_00328-1,0.7059941
s_016um_00076_00292-1,0.6868428
s_016um_00148_00402-1,0.62345815
s_016um_00335_00250-1,0.5922398
s_016um_00405_00123-1,0.61587423
s_016um_00195_00096-1,0.5934518
s_016um_00357_00117-1,0.6987175
s_016um_00008_00208-1,0.67574304
s_016um_00342_00219-1,0.72532934
s_016um_00354_00122-1,0.6065787
s_016um_00063_00130-1,0.58761865
s_016um_00330_00256-1,0.6573744
s_016um_00181_00027-1,0.5906521
s_016um_00133_00088-1,0.7701065
s_016um_00062_00129-1,0.71827465
s_016um_00224_00332-1,0.5335389
s_016um_00369_00117-1,0.64387834
s_016um_00213_00014-1,0.68588424
s_016um_00364_00227-1,0.6175582
s_016um_00084_00282-1,0.5264524
s_016um_00211_00290-1,0.82483125
s_016um_00371_00144-1,0.574537
s_016um_00267_00030-1,0.7716469
s_016um_00241_00088-1,0.76398027
s_016um_00222_00247-1,0.61665046
s_016um_00280_00325-1,0.5953842
s_016um_00040_00241-1,0.7043339
s_016um_00223_00032-1,0.6510232
s_016um_00324_00121-1,0.70523643
s_016um_00098_00322-1,0.6042386
s_016um_00248_00089-1,0.8090321
s_016um_00045_00236-1,0.5922358
s_016um_00081_00265-1,0.6257962
s_016um_00085_00272-1,0.5905774
s_016um_00396_00184-1,0.6667189
s_016um_00352_00092-1,0.6643416
s_016um_00362_00229-1,0.5401992
s_016um_00041_00176-1,0.64793605
s_016um_00146_00062-1,0.63916546
s_016um_00054_00242-1,0.7023975
s_016um_00037_00042-1,0.6302322
s_016um_00135_00076-1,0.60297996
s_016um_00166_00377-1,0.8217856
s_016um_00312_00055-1,0.62300545
s_016um_00216_00027-1,0.68503475
s_016um_00345_00213-1,0.6645911
s_016um_00277_00314-1,0.90435165
s_016um_00171_00123-1,0.6655801
s_016um_00257_00185-1,0.8032838
s_016um_00261_00029-1,0.6746621
s_016um_00180_00030-1,0.52586496
s_016um_00077_00296-1,0.6020188
s_016um_00399_00399-1,0.8740442
s_016um_00328_00302-1,0.7545237
s_016um_00363_00226-1,0.58921915
s_016um_00080_00298-1,0.6196189
s_016um_00182_00030-1,0.613757
s_016um_00070_00237-1,0.6696322
s_016um_00243_00084-1,0.6233402
s_016um_00063_00127-1,0.580242
s_016um_00263_00132-1,0.6737695
s_016um_00327_00126-1,0.6796087
s_016um_00083_00194-1,0.67239344
s_016um_00403_00145-1,0.5740346
s_016um_00314_00058-1,0.636126
s_016um_00033_00009-1,0.5439542
s_016um_00328_00216-1,0.5876528
s_016um_00341_00403-1,0.749377
s_016um_00214_00284-1,0.7013161
s_016um_00394_00373-1,0.64606
s_016um_00415_00100-1,0.5940954
s_016um_00398_00256-1,0.74284166
s_016um_00412_00098-1,0.58604884
s_016um_00089_00270-1,0.549124
s_016um_00288_00092-1,0.570058
s_016um_00131_00316-1,0.7859086
s_016um_00141_00222-1,0.58806074
s_016um_00236_00182-1,0.7897457
s_016um_00271_00224-1,0.5421327
s_016um_00385_00294-1,0.5743322
s_016um_00112_00320-1,0.7590396
s_016um_00402_00148-1,0.73185205
s_016um_00269_00225-1,0.58790994
s_016um_00079_00245-1,0.6046013
s_016um_00277_00132-1,0.6985916
s_016um_00129_00231-1,0.62986016
s_016um_00320_00231-1,0.63749266
s_016um_00107_00320-1,0.9141194
s_016um_00329_00252-1,0.6308013
s_016um_00198_00149-1,0.7732616
s_016um_00264_00032-1,0.59336
s_016um_00221_00333-1,0.54101694
s_016um_00081_00029-1,0.6883526
s_016um_00044_00047-1,0.58445776
s_016um_00281_00317-1,0.600413
s_016um_00223_00329-1,0.5485484
s_016um_00006_00153-1,0.62812334
s_016um_00160_00292-1,0.5725019
s_016um_00365_00228-1,0.55305433
s_016um_00328_00212-1,0.5702673
s_016um_00276_00321-1,0.81849587
s_016um_00370_00125-1,0.57522935
s_016um_00118_00148-1,0.5981248
s_016um_00274_00205-1,0.722202
s_016um_00278_00317-1,0.5921676
s_016um_00271_00058-1,0.6466525
s_016um_00395_00213-1,0.5839786
s_016um_00200_00151-1,0.74559253
s_016um_00141_00215-1,0.7472031
s_016um_00333_00217-1,0.6544675
s_016um_00232_00361-1,0.638726
s_016um_00338_00254-1,0.631962
s_016um_00342_00402-1,0.97682726
s_016um_00168_00124-1,0.7175481
s_016um_00333_00214-1,0.6413877
s_016um_00404_00262-1,0.62447745
s_016um_00021_00268-1,0.5705299
s_016um_00078_00284-1,0.60314435
s_016um_00331_00121-1,0.5890793
s_016um_00115_00144-1,0.8108044
s_016um_00164_00285-1,0.6839401
s_016um_00236_00355-1,0.5567063
s_016um_00331_00124-1,0.7317557
s_016um_00040_00103-1,0.5942858
s_016um_00106_00386-1,0.58086693
s_016um_00268_00328-1,0.5578398
s_016um_00021_00264-1,0.566642
s_016um_00067_00232-1,0.7280439
s_016um_00392_00179-1,0.69226396
s_016um_00210_00033-1,0.78144383
s_016um_00145_00054-1,0.6653116
s_016um_00272_00333-1,0.60084295
s_016um_00365_00095-1,0.6892572
s_016um_00371_00147-1,0.73315936
s_016um_00286_00099-1,0.69493294
s_016um_00083_00298-1,0.53551245
s_016um_00263_00191-1,0.5293727
s_016um_00272_00335-1,0.6116258
s_016um_00335_00401-1,0.86485475
s_016um_00043_00046-1,0.5836107
s_016um_00371_00141-1,0.6215671
s_016um_00370_00145-1,0.64986545
s_016um_00221_00032-1,0.69500273
s_016um_00259_00029-1,0.7578979
s_016um_00189_00092-1,0.5748784
s_016um_00271_00332-1,0.7627491
s_016um_00276_00318-1,0.58371836
s_016um_00365_00096-1,0.50288475
s_016um_00366_00101-1,0.6436131
s_016um_00402_00400-1,1.8693328
s_016um_00225_00329-1,0.61378574
s_016um_00163_00292-1,0.5412696
s_016um_00274_00335-1,0.64358944
s_016um_00313_00056-1,0.7004794
s_016um_00133_00317-1,1.0995132
s_016um_00202_00147-1,0.63134843
s_016um_00256_00027-1,0.6714378
s_016um_00340_00398-1,0.883533
s_016um_00357_00089-1,0.64138293
s_016um_00161_00286-1,0.96501887
s_016um_00137_00078-1,0.5715432
s_016um_00123_00145-1,0.5865922
s_016um_00161_00294-1,0.58203924
s_016um_00040_00049-1,0.6537957
s_016um_00389_00297-1,0.55571413
s_016um_00066_00230-1,0.60178447
s_016um_00103_00073-1,0.6095147
s_016um_00013_00297-1,0.5862435
s_016um_00043_00238-1,0.52950627
s_016um_00056_00242-1,0.6427549
s_016um_00270_00328-1,0.6543755
s_016um_00359_00410-1,0.8840348
s_016um_00171_00377-1,0.5906457
s_016um_00395_00362-1,0.83475804
s_016um_00147_00055-1,0.6438927
s_016um_00232_00261-1,0.6026116
s_016um_00228_00234-1,0.5459184
s_016um_00415_00139-1,0.57130575
s_016um_00378_00140-1,0.5974022
s_016um_00038_00178-1,0.5802103
s_016um_00329_00210-1,0.63703215
s_016um_00038_00175-1,0.633462
s_016um_00230_00263-1,0.54232424
s_016um_00091_00274-1,0.57154775
s_016um_00405_00402-1,2.0551052
s_016um_00259_00033-1,0.7007341
s_016um_00237_00359-1,0.59595215
s_016um_00394_00219-1,0.5208157
s_016um_00079_00271-1,0.5423263
s_016um_00396_00182-1,0.66318303
s_016um_00230_00268-1,0.5951485
s_016um_00009_00154-1,0.6047011
s_016um_00376_00133-1,0.64061034
s_016um_00325_00168-1,0.6572685
s_016um_00137_00018-1,0.6072574
s_016um_00259_00190-1,0.5791847
s_016um_00368_00140-1,0.572745
s_016um_00141_00014-1,0.6308386
s_016um_00126_00384-1,0.6521024
s_016um_00032_00335-1,0.621688
s_016um_00273_00225-1,0.5795435
s_016um_00348_00025-1,0.63482964
s_016um_00080_00031-1,0.7389353
s_016um_00132_00232-1,0.5588683
s_016um_00222_00029-1,0.6006294
s_016um_00165_00127-1,0.658044
s_016um_00393_00216-1,0.62177396
s_016um_00217_00227-1,0.55908626
s_016um_00242_00088-1,0.6031842
s_016um_00080_00194-1,0.88223076
s_016um_00010_00206-1,0.60882205
s_016um_00200_00145-1,0.6591889
s_016um_00331_00210-1,0.6138973
s_016um_00068_00133-1,0.6697839
s_016um_00054_00246-1,0.8490539
s_016um_00248_00086-1,0.740258
s_016um_00073_00251-1,0.6876612
s_016um_00007_00155-1,0.58585185
s_016um_00143_00014-1,0.6692222
s_016um_00013_00268-1,0.7218666
s_016um_00225_00248-1,0.5403767
s_016um_00382_00135-1,0.6141645
s_016um_00332_00258-1,0.686568
s_016um_00406_00400-1,1.8383563
s_016um_00054_00247-1,0.85753024
s_016um_00164_00121-1,0.63787115
s_016um_00036_00172-1,0.6108856
s_016um_00168_00121-1,0.59760153
s_016um_00394_00368-1,0.6046926
s_016um_00361_00413-1,1.2118621
s_016um_00190_00128-1,0.82102525
s_016um_00392_00358-1,1.0691203
s_016um_00234_00089-1,0.74548894
s_016um_00325_00298-1,0.6849135
s_016um_00059_00245-1,0.6829501
s_016um_00386_00131-1,0.6354202
s_016um_00279_00203-1,0.60154575
s_016um_00132_00089-1,0.73340315
s_016um_00416_00139-1,0.57707787
s_016um_00041_00008-1,0.6356391
s_016um_00267_00329-1,0.54042083
s_016um_00322_00229-1,0.58602047
s_016um_00226_00243-1,0.495983
s_016um_00082_00036-1,0.58346725
s_016um_00278_00134-1,0.55262965
s_016um_00090_00337-1,0.61226225
s_016um_00240_00183-1,0.5804742
s_016um_00081_00279-1,0.56514466
s_016um_00129_00320-1,0.7242252
s_016um_00390_00293-1,0.60862416
s_016um_00356_00293-1,0.5781289
s_016um_00278_00051-1,0.81712353
s_016um_00224_00172-1,0.7098675
s_016um_00007_00153-1,0.5708782
s_016um_00318_00166-1,0.81990427
s_016um_00261_00030-1,0.6964291
s_016um_00339_00396-1,0.9885756
s_016um_00142_00014-1,0.756872
s_016um_00395_00212-1,0.4832042
s_016um_00352_00022-1,0.72212744
s_016um_00168_00123-1,0.6363585
s_016um_00260_00034-1,0.6591424
s_016um_00397_00214-1,0.58559924
s_016um_00328_00226-1,0.6147642
s_016um_00098_00069-1,0.72329164
s_016um_00276_00051-1,0.72704643
s_016um_00379_00139-1,0.6494295
s_016um_00086_00195-1,0.6778882
s_016um_00356_00092-1,0.8418293
s_016um_00332_00124-1,0.59316427
s_016um_00355_00117-1,0.5950756
s_016um_00202_00153-1,0.63482475
s_016um_00400_00213-1,0.585531
s_016um_00357_00093-1,0.79131746
s_016um_00373_00123-1,0.6619247
s_016um_00358_00413-1,0.9714354
s_016um_00068_00231-1,0.53652483
s_016um_00064_00237-1,0.66960984
s_016um_00030_00333-1,0.5794456
s_016um_00136_00073-1,0.5713145
s_016um_00277_00206-1,0.58575463
s_016um_00322_00171-1,0.6179137
s_016um_00396_00373-1,0.7852942
s_016um_00209_00028-1,0.56361866
s_016um_00129_00319-1,1.0410621
s_016um_00084_00279-1,0.5607077
s_016um_00397_00261-1,0.60943973
s_016um_00238_00088-1,0.7699248
s_016um_00164_00122-1,0.73942995
s_016um_00219_00276-1,0.77692777
s_016um_00095_00321-1,0.61899304
s_016um_00147_00396-1,0.68249905
s_016um_00385_00298-1,0.7042626
s_016um_00068_00126-1,0.541511
s_016um_00213_00028-1,0.7267448
s_016um_00275_00133-1,0.7082054
s_016um_00091_00334-1,0.54449415
s_016um_00315_00056-1,0.5485559
s_016um_00272_00032-1,0.81456834
s_016um_00272_00050-1,0.7752587
s_016um_00210_00290-1,0.6921118
s_016um_00406_00120-1,0.554201
s_016um_00387_00293-1,0.6014015
s_016um_00390_00299-1,0.8855057
s_016um_00222_00226-1,0.6876199
s_016um_00278_00044-1,0.62190795
s_016um_00201_00149-1,0.53390217
s_016um_00038_00044-1,0.6242387
s_016um_00322_00225-1,0.56618494
s_016um_00042_00208-1,0.72233826
s_016um_00096_00335-1,0.5460458
s_016um_00029_00088-1,0.5674383
s_016um_00165_00290-1,0.62738
s_016um_00222_00013-1,0.67678124
s_016um_00403_00153-1,0.5875773
s_016um_00139_00220-1,0.62388223
s_016um_00086_00031-1,0.61227393
s_016um_00329_00217-1,0.61494625
s_016um_00078_00282-1,0.6576341
s_016um_00086_00032-1,0.60423017
s_016um_00029_00086-1,0.6230693
s_016um_00140_00071-1,0.5798382
s_016um_00269_00329-1,0.60622376
s_016um_00253_00024-1,0.6658424
s_016um_00327_00300-1,0.4924508
s_016um_00169_00127-1,0.708877
s_016um_00191_00092-1,0.6360334
s_016um_00271_00222-1,0.5306569
s_016um_00220_00010-1,0.71159965
s_016um_00214_00279-1,0.49227688
s_016um_00355_00018-1,0.6476516
s_016um_00236_00190-1,0.60919714
s_016um_00126_00390-1,0.6037448
s_016um_00410_00147-1,0.63438416
s_016um_00277_00312-1,0.5598599
s_016um_00074_00244-1,0.6551898
s_016um_00396_00218-1,0.6547547
s_016um_00034_00101-1,0.6900598
s_016um_00408_00103-1,0.6138827
s_016um_00354_00412-1,0.87700945
s_016um_00013_00208-1,0.56916565
s_016um_00042_00212-1,0.7052064
s_016um_00162_00286-1,0.73591673
s_016um_00192_00091-1,0.5519234
s_016um_00224_00234-1,0.54066414
s_016um_00267_00332-1,0.65399384
s_016um_00232_00265-1,0.5290108
s_016um_00080_00286-1,0.60086876
s_016um_00030_00092-1,0.65017694
s_016um_00255_00033-1,0.74135643
s_016um_00396_00369-1,0.7029041
s_016um_00012_00213-1,0.63598007
s_016um_00200_00147-1,0.56754166
s_016um_00047_00244-1,0.57001126
s_016um_00040_00217-1,0.65191644
s_016um_00373_00140-1,0.7148436
s_016um_00270_00223-1,0.57546824
s_016um_00089_00066-1,0.64296865
s_016um_00358_00115-1,0.75765395
s_016um_00274_00226-1,0.58177805
s_016um_00174_00375-1,0.5813577
s_016um_00228_00248-1,0.56259775
s_016um_00207_00150-1,0.58970666
s_016um_00094_00343-1,0.595221
s_016um_00224_00171-1,0.6756387
s_016um_00388_00345-1,0.64612085
s_016um_00133_00228-1,0.6493749
s_016um_00103_00383-1,0.7139567
s_016um_00030_00084-1,0.5855825
s_016um_00122_00146-1,0.5949174
s_016um_00067_00230-1,0.6161601
s_016um_00227_00335-1,0.62998986
s_016um_00135_00221-1,0.6391892
s_016um_00098_00066-1,0.6082864
s_016um_00321_00229-1,0.5751974
s_016um_00267_00229-1,0.546615
s_016um_00357_00417-1,0.9008481
s_016um_00249_00025-1,0.890978
s_016um_00080_00293-1,0.55250585
s_016um_00356_00019-1,0.7334818
s_016um_00413_00141-1,0.6503298
s_016um_00359_00121-1,0.65378606
s_016um_00386_00296-1,0.58265543
s_016um_00106_00316-1,0.582783
s_016um_00320_00165-1,0.6721302
s_016um_00043_00043-1,0.561141
s_016um_00278_00328-1,0.56215787
s_016um_00129_00382-1,0.5948351
s_016um_00086_00030-1,0.5893295
s_016um_00368_00227-1,0.5856399
s_016um_00031_00088-1,0.57593864
s_016um_00140_00222-1,0.58381426
s_016um_00219_00028-1,0.614176
s_016um_00418_00143-1,0.5952556
s_016um_00392_00292-1,0.5539297
s_016um_00010_00153-1,0.54812527
s_016um_00080_00199-1,0.7776849
s_016um_00165_00129-1,0.5935601
s_016um_00326_00227-1,0.67015505
s_016um_00370_00223-1,0.61767894
s_016um_00228_00264-1,0.5816574
s_016um_00273_00313-1,0.55202544
s_016um_00331_00253-1,0.5851171
s_016um_00081_00032-1,0.61320394
s_016um_00260_00130-1,0.6715769
s_016um_00091_00341-1,0.6518594
s_016um_00140_00070-1,0.62983125
s_016um_00090_00268-1,0.5288027
s_016um_00227_00243-1,0.56813884
s_016um_00219_00170-1,0.7079835
s_016um_00323_00227-1,0.5221361
s_016um_00100_00073-1,0.54080665
s_016um_00152_00398-1,0.67374647
s_016um_00281_00326-1,0.58217865
s_016um_00063_00234-1,0.88577724
s_016um_00234_00361-1,0.56717336
s_016um_00401_00124-1,0.6909185
s_016um_00327_00224-1,0.6078184
s_016um_00266_00128-1,0.6899054
s_016um_00105_00071-1,0.63913697
s_016um_00028_00086-1,0.57625574
s_016um_00138_00077-1,0.564293
s_016um_00008_00300-1,0.57444215
s_016um_00150_00396-1,0.7824368
s_016um_00311_00060-1,0.70230716
s_016um_00410_00151-1,0.64586097
s_016um_00337_00400-1,0.949137
s_016um_00042_00049-1,0.5660182
s_016um_00374_00119-1,0.75886524
s_016um_00326_00119-1,0.63909024
s_016um_00264_00334-1,0.52899146
s_016um_00418_00142-1,0.6859542
s_016um_00152_00397-1,0.61618936
s_016um_00201_00152-1,0.80607563
s_016um_00231_00267-1,0.5354563
s_016um_00100_00070-1,0.6299223
s_016um_00330_00125-1,0.61948806
s_016um_00327_00121-1,0.5526356
s_016um_00358_00096-1,0.6845188
s_016um_00216_00291-1,0.79328287
s_016um_00326_00164-1,0.5854183
s_016um_00145_00015-1,0.65566456
s_016um_00280_00131-1,0.63692915
s_016um_00076_00250-1,0.6771879
s_016um_00390_00363-1,0.8688963
s_016um_00043_00244-1,0.58192956
s_016um_00226_00331-1,0.5677868
s_016um_00088_00033-1,0.6328369
s_016um_00041_00239-1,0.5944264
s_016um_00012_00151-1,0.66654396
s_016um_00140_00059-1,0.61873597
s_016um_00324_00229-1,0.6662252
s_016um_00147_00060-1,0.6549959
s_016um_00335_00213-1,0.54756814
s_016um_00252_00023-1,0.66346085
s_016um_00041_00098-1,0.6797202
s_016um_00214_00280-1,0.6694068
s_016um_00108_00315-1,0.696099
s_016um_00262_00329-1,0.5490566
s_016um_00248_00088-1,0.71466696
s_016um_00398_00262-1,0.63178325
s_016um_00224_00030-1,0.65894365
s_016um_00221_00280-1,0.6111412
s_016um_00096_00323-1,0.6697597
s_016um_00192_00121-1,0.79576707
s_016um_00409_00148-1,0.5804932
s_016um_00058_00245-1,0.5981969
s_016um_00005_00294-1,0.58148235
s_016um_00283_00093-1,0.6234904
s_016um_00417_00144-1,0.8510298
s_016um_00242_00084-1,0.75617516
s_016um_00279_00138-1,0.6145505
s_016um_00134_00071-1,0.6142799
s_016um_00037_00048-1,0.58561915
s_016um_00234_00363-1,0.79301
s_016um_00275_00228-1,0.6189803
s_016um_00219_00027-1,0.6992954
s_016um_00354_00021-1,0.7705607
s_016um_00233_00357-1,0.6204183
s_016um_00256_00186-1,0.56433016
s_016um_00322_00167-1,0.641741
s_016um_00232_00267-1,0.6041437
s_016um_00322_00228-1,0.5716432
s_016um_00166_00289-1,0.5531275
s_016um_00148_00394-1,0.66781783
s_016um_00036_00175-1,0.6251932
s_016um_00126_00387-1,0.6733761
s_016um_00065_00125-1,0.6600272
s_016um_00263_00127-1,0.51756126
s_016um_00403_00125-1,0.5776373
s_016um_00180_00028-1,0.66454124
s_016um_00080_00200-1,0.78495014
s_016um_00411_00103-1,0.5995415
s_016um_00280_00206-1,0.5974709
s_016um_00011_00150-1,0.5784519
s_016um_00397_00178-1,0.72222054
s_016um_00117_00143-1,0.71788305
s_016um_00343_00219-1,0.9318204
s_016um_00362_00224-1,0.66508466
s_016um_00060_00244-1,0.6127737
s_016um_00106_00314-1,0.5539211
s_016um_00333_00215-1,0.53071076
s_016um_00085_00068-1,0.6200606
s_016um_00259_00188-1,0.66081744
s_016um_00377_00132-1,0.6220604
s_016um_00371_00124-1,0.6104135
s_016um_00233_00355-1,0.56468105
s_016um_00080_00297-1,0.63156825
s_016um_00079_00238-1,0.59827095
s_016um_00254_00024-1,0.5565986
s_016um_00216_00013-1,0.87301105
s_016um_00221_00331-1,0.65269977
s_016um_00367_00140-1,0.61742914
s_016um_00027_00331-1,0.63477653
s_016um_00225_00336-1,0.63724357
s_016um_00398_00359-1,0.68739545
s_016um_00405_00399-1,1.5207307
s_016um_00135_00223-1,0.8062657
s_016um_00070_00236-1,0.5719604
s_016um_00352_00094-1,0.6398947
s_016um_00097_00023-1,0.5185539
s_016um_00062_00126-1,0.5953078
s_016um_00365_00227-1,0.5750469
s_016um_00375_00117-1,0.7514446
s_016um_00143_00055-1,0.48799473
s_016um_00151_00396-1,0.6154145
s_016um_00389_00361-1,0.7365098
s_016um_00159_00292-1,0.55808425
s_016um_00397_00263-1,0.6867803
s_016um_00130_00226-1,0.59929967
s_016um_00073_00246-1,0.74855185
s_016um_00371_00094-1,0.55227935
s_016um_00249_00022-1,0.86625475
s_016um_00267_00225-1,0.6170986
s_016um_00225_00235-1,0.54486996
s_016um_00268_00035-1,0.64381546
s_016um_00216_00296-1,0.6312094
s_016um_00329_00121-1,0.61495364
s_016um_00163_00288-1,0.9166548
s_016um_00321_00225-1,0.5775851
s_016um_00219_00279-1,0.54981023
s_016um_00240_00182-1,0.59080136
s_016um_00218_00171-1,0.76545805
s_016um_00273_00335-1,0.7047515
s_016um_00172_00370-1,0.7555763
s_016um_00215_00293-1,0.6020197
s_016um_00092_00316-1,0.5758014
s_016um_00225_00029-1,0.61243397
s_016um_00346_00216-1,0.6489097
s_016um_00271_00223-1,0.5862005
s_016um_00378_00138-1,0.6035277
s_016um_00278_00137-1,0.5792473
s_016um_00417_00134-1,0.5203831
s_016um_00210_00032-1,0.7100227
s_016um_00398_00184-1,0.5670187
s_016um_00368_00225-1,0.60249764
s_016um_00261_00184-1,0.63126034
s_016um_00080_00264-1,0.5857435
s_016um_00224_00028-1,0.60971266
s_016um_00331_00119-1,0.58541787
s_016um_00398_00368-1,0.6438033
s_016um_00374_00122-1,0.5777381
s_016um_00327_00302-1,0.6892269
s_016um_00129_00317-1,0.83000135
s_016um_00164_00290-1,0.66503996
s_016um_00038_00042-1,0.5663288
s_016um_00355_00418-1,1.4638586
s_016um_00132_00092-1,0.7774739
s_016um_00232_00266-1,0.6097207
s_016um_00010_00296-1,0.60035604
s_016um_00221_00233-1,0.5441051
s_016um_00214_00292-1,0.56451494
s_016um_00220_00283-1,0.5377449
s_016um_00222_00167-1,0.6690045
s_016um_00344_00212-1,0.745683
s_016um_00084_00028-1,0.6150248
s_016um_00166_00375-1,0.58921385
s_016um_00194_00098-1,0.5896512
s_016um_00082_00271-1,0.603262
s_016um_00122_00143-1,0.8204446
s_016um_00224_00329-1,0.56908846
s_016um_00401_00262-1,0.6643501
s_016um_00015_00267-1,0.5726967
s_016um_00090_00267-1,0.5926714
s_016um_00040_00206-1,0.5063248
s_016um_00097_00030-1,0.7031086
s_016um_00064_00130-1,0.5787909
s_016um_00272_00203-1,0.6262548
s_016um_00139_00072-1,0.56368977
s_016um_00409_00153-1,0.68727803
s_016um_00039_00177-1,0.5945677
s_016um_00232_00088-1,0.6770851
s_016um_00230_00357-1,0.644337
s_016um_00414_00104-1,0.6005719
s_016um_00049_00244-1,0.66543937
s_016um_00248_00020-1,0.6070443
s_016um_00358_00286-1,0.6079135
s_016um_00382_00134-1,0.8035276
s_016um_00416_00136-1,0.64864534
s_016um_00096_00337-1,0.660524
s_016um_00289_00093-1,0.7112004
s_016um_00100_00316-1,0.7159351
s_016um_00105_00391-1,0.60669214
s_016um_00026_00092-1,0.59738815
s_016um_00037_00178-1,0.7560969
s_016um_00405_00121-1,0.6316859
s_016um_00403_00128-1,0.699505
s_016um_00384_00125-1,0.5972003
s_016um_00153_00400-1,0.58924264
s_016um_00225_00335-1,0.5508647
s_016um_00121_00149-1,0.6322214
s_016um_00330_00211-1,0.61353314
s_016um_00257_00029-1,0.8606337
s_016um_00262_00129-1,0.7563564
s_016um_00081_00282-1,0.5563107
s_016um_00323_00302-1,0.57101727
s_016um_00408_00151-1,0.63998467
s_016um_00031_00334-1,0.6117185
s_016um_00029_00330-1,0.5591127
s_016um_00356_00414-1,1.3594536
s_016um_00399_00216-1,0.59353566
s_016um_00328_00125-1,0.51383436
s_016um_00167_00120-1,0.5899782
s_016um_00321_00169-1,0.62387586
s_016um_00261_00332-1,0.5790142
s_016um_00217_00275-1,0.61882097
s_016um_00384_00136-1,0.6356866
s_016um_00100_00386-1,0.66059446
s_016um_00110_00319-1,0.7906561
s_016um_00056_00248-1,0.62033474
s_016um_00397_00260-1,0.64041835
s_016um_00117_00148-1,0.7423786
s_016um_00107_00313-1,0.5412885
s_016um_00251_00022-1,0.62636805
s_016um_00278_00208-1,0.575656
s_016um_00411_00102-1,0.5582622
s_016um_00042_00048-1,0.6281084
s_016um_00171_00372-1,0.62154114
s_016um_00217_00170-1,0.7676017
s_016um_00080_00279-1,0.58232594
s_016um_00030_00086-1,0.54145736
s_016um_00193_00129-1,0.5895709
s_016um_00385_00130-1,0.6252222
s_016um_00403_00146-1,0.5957866
s_016um_00342_00216-1,0.7663925
s_016um_00354_00411-1,1.2646537
s_016um_00257_00033-1,0.67922795
s_016um_00389_00300-1,0.7454857
s_016um_00400_00259-1,0.64561635
s_016um_00253_00033-1,0.67415756
s_016um_00221_00332-1,0.48158655
s_016um_00094_00273-1,0.5941227
s_016um_00291_00097-1,0.5677205
s_016um_00136_00074-1,0.61486447
s_016um_00085_00029-1,0.7200546
s_016um_00332_00123-1,0.5682044
s_016um_00394_00180-1,0.61981046
s_016um_00367_00230-1,0.65128326
s_016um_00401_00400-1,1.671546
s_016um_00139_00073-1,0.5950464
s_016um_00274_00319-1,0.54311675
s_016um_00220_00234-1,0.6192928
s_016um_00369_00124-1,0.6177884
s_016um_00222_00024-1,0.98136014
s_016um_00387_00291-1,0.63043505
s_016um_00142_00017-1,0.6450992
s_016um_00142_00217-1,1.0566661
s_016um_00339_00403-1,0.74694556
s_016um_00021_00267-1,0.61884236
s_016um_00092_00275-1,0.51171315
s_016um_00347_00215-1,0.56106746
s_016um_00139_00215-1,0.8529825
s_016um_00092_00334-1,0.51872444
s_016um_00082_00285-1,0.5863869
s_016um_00183_00030-1,0.6043424
s_016um_00262_00189-1,0.66883457
s_016um_00330_00212-1,0.7237823
s_016um_00397_00177-1,0.7418922
s_016um_00030_00085-1,0.5643374
s_016um_00409_00100-1,0.68126214
s_016um_00360_00288-1,0.61483014
s_016um_00016_00268-1,0.6605362
s_016um_00079_00247-1,0.6413623
s_016um_00191_00129-1,0.7685018
s_016um_00131_00091-1,0.6821219
s_016um_00133_00091-1,0.72584724
s_016um_00216_00030-1,0.6163774
s_016um_00268_00060-1,0.62831044
s_016um_00063_00232-1,0.7494979
s_016um_00238_00085-1,0.85730225
s_016um_00331_00217-1,0.60228145
s_016um_00277_00310-1,0.61441165
s_016um_00405_00128-1,0.7720033
s_016um_00228_00335-1,0.5192689
s_016um_00278_00131-1,0.94171906
s_016um_00196_00124-1,0.6519618
s_016um_00359_00418-1,1.2082632
s_016um_00273_00331-1,0.63738894
s_016um_00218_00025-1,0.57381237
s_016um_00408_00099-1,0.5850794
s_016um_00278_00135-1,0.674876
s_016um_00409_00098-1,0.6082123
s_016um_00396_00366-1,0.67403793
s_016um_00238_00086-1,0.6550914
s_016um_00371_00139-1,0.6542699
s_016um_00375_00145-1,0.603653
s_016um_00368_00093-1,0.63038784
s_016um_00397_00211-1,0.5994981
s_016um_00354_00288-1,0.758071
s_016um_00334_00400-1,0.7531339
s_016um_00219_00225-1,0.5607296
s_016um_00210_00029-1,0.6397032
s_016um_00190_00098-1,0.57349217
s_016um_00219_00278-1,0.58199346
s_016um_00226_00334-1,0.54678327
s_016um_00217_00025-1,0.64747345
s_016um_00088_00073-1,0.58538467
s_016um_00199_00150-1,0.6706605
s_016um_00149_00400-1,0.51866645
s_016um_00310_00052-1,0.7528651
s_016um_00042_00177-1,0.6508626
s_016um_00209_00292-1,0.61555517
s_016um_00320_00230-1,0.5299139
s_016um_00272_00334-1,0.55774784
s_016um_00031_00085-1,0.6149608
s_016um_00084_00037-1,0.6667762
s_016um_00219_00029-1,0.6104538
s_016um_00079_00281-1,0.7205758
s_016um_00215_00276-1,0.7100484
s_016um_00212_00029-1,0.79033023
s_016um_00041_00211-1,0.67706805
s_016um_00166_00373-1,0.7761079
s_016um_00265_00060-1,0.6966862
s_016um_00027_00089-1,0.5362065
s_016um_00170_00128-1,0.5835173
s_016um_00042_00173-1,0.55639404
s_016um_00210_00289-1,0.6067048
s_016um_00218_00019-1,0.69235194
s_016um_00376_00135-1,0.62871814
s_016um_00397_00359-1,0.68455654
s_016um_00014_00265-1,0.5751473
s_016um_00079_00246-1,0.56648874
s_016um_00117_00149-1,0.6662519
s_016um_00222_00231-1,0.7069949
s_016um_00262_00185-1,0.8860988
s_016um_00368_00101-1,0.59906125
s_016um_00361_00288-1,0.54885626
s_016um_00238_00084-1,0.7543957
s_016um_00077_00282-1,0.5240976
s_016um_00227_00331-1,0.5812645
s_016um_00077_00247-1,0.5976922
s_016um_00064_00233-1,0.8651413
s_016um_00021_00270-1,0.696018
s_016um_00081_00196-1,0.8709141
s_016um_00370_00094-1,0.6399777
s_016um_00330_00218-1,0.5794867
s_016um_00348_00021-1,0.6654415
s_016um_00387_00130-1,0.59554815
s_016um_00046_00218-1,0.61254513
s_016um_00326_00165-1,0.53976774
s_016um_00194_00124-1,0.6480947
s_016um_00372_00101-1,0.63513833
s_016um_00353_00117-1,0.60494274
s_016um_00373_00125-1,0.68494713
s_016um_00393_00345-1,1.0855271
s_016um_00135_00077-1,0.6006355
s_016um_00148_00400-1,0.5581237
s_016um_00273_00329-1,0.8312488
s_016um_00279_00209-1,0.5405101
s_016um_00185_00032-1,0.58215874
s_016um_00275_00131-1,0.6201134
s_016um_00080_00030-1,0.6296611
s_016um_00362_00417-1,1.3192822
s_016um_00289_00098-1,0.6567096
s_016um_00327_00229-1,0.59383875
s_016um_00183_00031-1,0.66130465
s_016um_00387_00299-1,0.6193861
s_016um_00193_00122-1,0.9148424
s_016um_00009_00293-1,0.5683861
s_016um_00184_00030-1,0.6531211
s_016um_00101_00385-1,0.71092665
s_016um_00133_00229-1,0.56402624
s_016um_00132_00318-1,0.920722
s_016um_00321_00298-1,0.65019345
s_016um_00381_00129-1,0.5897931
s_016um_00094_00339-1,0.5844822
s_016um_00220_00016-1,0.60287523
s_016um_00326_00125-1,0.48501876
s_016um_00358_00094-1,0.533284
s_016um_00203_00148-1,0.63128847
s_016um_00263_00128-1,0.6121338
s_016um_00354_00417-1,1.478974
s_016um_00045_00045-1,0.58397883
s_016um_00367_00121-1,0.5102158
s_016um_00402_00259-1,0.5967433
s_016um_00401_00128-1,0.6508496
s_016um_00129_00316-1,0.78969324
s_016um_00330_00120-1,0.575403
s_016um_00357_00096-1,0.5444591
s_016um_00393_00367-1,0.6617023
s_016um_00218_00278-1,0.71681273
s_016um_00046_00240-1,0.57609195
s_016um_00390_00297-1,0.646324
s_016um_00253_00027-1,0.5275445
s_016um_00280_00135-1,0.56209916
s_016um_00400_00258-1,0.61659795
s_016um_00094_00278-1,0.62058586
s_016um_00389_00337-1,0.6213011
s_016um_00355_00286-1,0.56293994
s_016um_00334_00214-1,0.5790552
s_016um_00037_00100-1,0.86459213
s_016um_00045_00243-1,0.68703586
s_016um_00259_00032-1,0.7387745
s_016um_00244_00082-1,0.6896133
s_016um_00334_00397-1,0.65131646
s_016um_00399_00370-1,0.7179481
s_016um_00218_00029-1,0.5975953
s_016um_00167_00125-1,0.80699813
s_016um_00219_00032-1,0.48665816
s_016um_00011_00213-1,0.63515365
s_016um_00235_00263-1,0.5976699
s_016um_00237_00183-1,0.55699956
s_016um_00412_00105-1,0.65334314
s_016um_00279_00137-1,0.6405194
s_016um_00014_00213-1,0.6328039
s_016um_00391_00346-1,1.0679532
s_016um_00389_00344-1,0.707087
s_016um_00258_00032-1,0.7684829
s_016um_00085_00273-1,0.6254921
s_016um_00329_00118-1,0.59800184
s_016um_00042_00239-1,0.72305286
s_016um_00091_00339-1,0.54644394
s_016um_00332_00256-1,0.5770481
s_016um_00136_00228-1,0.6025466
s_016um_00285_00094-1,0.6856026
s_016um_00125_00390-1,0.6304183
s_016um_00226_00245-1,0.6004309
s_016um_00146_00016-1,0.65091926
s_016um_00406_00149-1,0.57941085
s_016um_00180_00025-1,0.6464661
s_016um_00009_00208-1,0.8675548
s_016um_00091_00340-1,0.67326796
s_016um_00326_00120-1,0.70343906
s_016um_00019_00264-1,0.53596175
s_016um_00395_00182-1,0.6058107
s_016um_00277_00205-1,0.6081434
s_016um_00403_00147-1,0.7182243
s_016um_00181_00032-1,0.7868098
s_016um_00082_00268-1,0.5846927
s_016um_00177_00031-1,0.5965117
s_016um_00005_00154-1,0.6380028
s_016um_00397_00220-1,0.83302045
s_016um_00321_00163-1,0.6575878
s_016um_00357_00413-1,1.1487985
s_016um_00369_00146-1,0.5767398
s_016um_00038_00206-1,0.6172073
s_016um_00269_00223-1,0.5570352
s_016um_00313_00058-1,0.5695388
s_016um_00377_00134-1,0.59002054
s_016um_00042_00218-1,0.6594036
s_016um_00139_00223-1,0.7201003
s_016um_00015_00270-1,0.6568587
s_016um_00401_00402-1,1.8351641
s_016um_00381_00128-1,0.54483926
s_016um_00263_00129-1,0.63778484
s_016um_00099_00030-1,0.6209335
s_016um_00413_00103-1,0.60186005
s_016um_00011_00211-1,0.5564492
s_016um_00262_00184-1,0.723387
s_016um_00118_00149-1,0.635136
s_016um_00006_00213-1,0.67165506
s_016um_00033_00010-1,0.58999896
s_016um_00237_00087-1,0.89287263
s_016um_00113_00317-1,0.5682524
s_016um_00242_00184-1,0.64720327
s_016um_00102_00026-1,0.80120724
s_016um_00390_00361-1,1.0678997
s_016um_00281_00325-1,0.5214459
s_016um_00281_00321-1,0.72661626
s_016um_00398_00365-1,0.62797123
s_016um_00235_00360-1,0.59123546
s_016um_00353_00414-1,1.2682221
s_016um_00088_00069-1,0.5749012
s_016um_00136_00218-1,0.5133889
s_016um_00075_00295-1,0.6554247
s_016um_00231_00360-1,0.6275789
s_016um_00406_00153-1,0.5240142
s_016um_00228_00330-1,0.5408601
s_016um_00368_00095-1,0.5613113
s_016um_00397_00184-1,0.70631367
s_016um_00353_00022-1,0.69650656
s_016um_00182_00031-1,0.60610026
s_016um_00132_00323-1,0.6343686
s_016um_00317_00166-1,1.1072974
s_016um_00226_00234-1,0.5580321
s_016um_00263_00131-1,0.6842541
s_016um_00254_00021-1,0.7106247
s_016um_00083_00284-1,0.5994437
s_016um_00103_00390-1,0.6431308
s_016um_00266_00055-1,0.760297
s_016um_00142_00060-1,0.6237362
s_016um_00403_00124-1,0.61361146
s_016um_00076_00299-1,0.5464405
s_016um_00398_00180-1,0.53758824
s_016um_00011_00301-1,0.61582655
s_016um_00035_00009-1,0.7271869
s_016um_00324_00228-1,0.5522651
s_016um_00270_00226-1,0.48274392
s_016um_00363_00230-1,0.56181085
s_016um_00026_00085-1,0.59028745
s_016um_00356_00289-1,0.60629994
s_016um_00270_00228-1,0.55856633
s_016um_00396_00360-1,0.98635334
s_016um_00277_00048-1,0.6864904
s_016um_00218_00233-1,0.5240498
s_016um_00280_00319-1,0.5707104
s_016um_00087_00028-1,0.64457303
s_016um_00042_00207-1,0.62105405
s_016um_00078_00235-1,0.73675764
s_016um_00169_00376-1,0.63493747
s_016um_00256_00034-1,0.70696497
s_016um_00082_00266-1,0.55888665
s_016um_00355_00121-1,0.71645063
s_016um_00223_00248-1,0.57537097
s_016um_00179_00028-1,0.6052643
s_016um_00075_00296-1,0.58003634
s_016um_00261_00188-1,0.60778874
s_016um_00311_00059-1,0.6057304
s_016um_00119_00145-1,0.734128
s_016um_00083_00029-1,0.786003
s_016um_00030_00089-1,0.771312
s_016um_00083_00069-1,0.585301
s_016um_00291_00095-1,0.6982182
s_016um_00355_00414-1,1.1973004
s_016um_00163_00290-1,0.6539879
s_016um_00229_00261-1,0.5835175
s_016um_00031_00089-1,0.6154914
s_016um_00235_00358-1,0.6096933
s_016um_00273_00223-1,0.52629566
s_016um_00223_00250-1,0.5813989
s_016um_00030_00332-1,0.552991
s_016um_00403_00396-1,1.6401341
s_016um_00255_00024-1,0.648556
s_016um_00389_00295-1,0.6169915
s_016um_00238_00360-1,0.546438
s_016um_00403_00122-1,0.6035868
s_016um_00401_00120-1,0.5152092
s_016um_00058_00242-1,0.6052779
s_016um_00359_00091-1,0.5693021
s_016um_00043_00218-1,0.60793465
s_016um_00039_00045-1,0.67108256
s_016um_00137_00217-1,0.6025878
s_016um_00078_00297-1,0.572445
s_016um_00337_00403-1,0.7189597
s_016um_00323_00301-1,0.5527631
s_016um_00274_00311-1,0.51081187
s_016um_00274_00133-1,0.7098925
s_016um_00224_00228-1,0.6296765
s_016um_00025_00086-1,0.55222285
s_016um_00119_00144-1,0.9319806
s_016um_00223_00231-1,0.6061267
s_016um_00085_00284-1,0.5841537
s_016um_00197_00128-1,0.55083716
s_016um_00352_00025-1,0.5374059
s_016um_00067_00239-1,0.8730024
s_016um_00211_00030-1,0.7193196
s_016um_00355_00122-1,0.64499307
s_016um_00030_00337-1,0.5860291
s_016um_00078_00281-1,0.65325373
s_016um_00085_00265-1,0.6282609
s_016um_00046_00216-1,0.7249261
s_016um_00222_00025-1,0.8457556
s_016um_00038_00103-1,0.6276699
s_016um_00403_00123-1,0.7119919
s_016um_00227_00334-1,0.5584301
s_016um_00012_00153-1,0.53153265
s_016um_00405_00398-1,1.6169919
s_016um_00084_00032-1,0.57926995
s_016um_00101_00028-1,0.8031484
s_016um_00393_00337-1,0.6610419
s_016um_00147_00401-1,0.6298677
s_016um_00102_00029-1,0.577708
s_016um_00150_00402-1,0.6846299
s_016um_00082_00033-1,0.56163937
s_016um_00081_00200-1,0.641005
s_016um_00148_00397-1,0.7079793
s_016um_00277_00139-1,0.48863173
s_016um_00356_00021-1,0.78246254
s_016um_00040_00043-1,0.54067296
s_016um_00195_00093-1,0.67889196
s_016um_00275_00328-1,0.97885895
s_016um_00082_00293-1,0.53029144
s_016um_00042_00216-1,0.6792297
s_016um_00209_00029-1,0.5739206
s_016um_00039_00203-1,0.607604
s_016um_00414_00141-1,0.85678065
s_016um_00347_00212-1,0.5632083
s_016um_00045_00209-1,0.62234825
s_016um_00093_00334-1,0.6231702
s_016um_00275_00130-1,0.68625796
s_016um_00220_00026-1,0.5682062
s_016um_00273_00035-1,0.6659538
s_016um_00407_00395-1,1.1767291
s_016um_00359_00291-1,0.67341113
s_016um_00167_00376-1,0.50425345
s_016um_00260_00134-1,0.61546797
s_016um_00078_00237-1,0.7491702
s_016um_00392_00357-1,1.2072861
s_016um_00128_00384-1,0.6311838
s_016um_00087_00029-1,0.59979826
s_016um_00374_00140-1,0.5545051
s_016um_00243_00087-1,0.6524019
s_016um_00082_00264-1,0.54511696
s_016um_00271_00228-1,0.52587676
s_016um_00036_00006-1,0.5675297
s_016um_00079_00282-1,0.5959156
s_016um_00045_00219-1,0.65378666
s_016um_00157_00292-1,0.621547
s_016um_00135_00219-1,0.6300362
s_016um_00268_00226-1,0.6333457
s_016um_00036_00005-1,0.6070296
s_016um_00057_00247-1,0.6111048
s_016um_00131_00231-1,0.54218614
s_016um_00207_00148-1,0.5138263
s_016um_00342_00220-1,0.8807835
s_016um_00266_00062-1,0.59395874
s_016um_00219_00171-1,0.61691004
s_016um_00267_00134-1,0.6120002
s_016um_00136_00072-1,0.5856081
s_016um_00366_00143-1,0.5294254
s_016um_00404_00121-1,0.62824136
s_016um_00230_00248-1,0.55129576
s_016um_00400_00367-1,0.531276
s_016um_00248_00024-1,0.7787919
s_016um_00401_00122-1,0.65349615
s_016um_00224_00331-1,0.53963995
s_016um_00025_00091-1,0.58934784
s_016um_00237_00089-1,0.81892765
s_016um_00066_00127-1,0.56394595
s_016um_00140_00054-1,0.5986632
s_016um_00077_00298-1,0.61899304
s_016um_00214_00035-1,0.62793225
s_016um_00395_00341-1,0.73106426
s_016um_00321_00165-1,0.56435955
s_016um_00010_00294-1,0.618588
s_016um_00172_00125-1,0.8591542
s_016um_00148_00399-1,0.62078243
s_016um_00100_00028-1,0.7416936
s_016um_00329_00119-1,0.67824453
s_016um_00040_00044-1,0.60590696
s_016um_00353_00120-1,0.5942551
s_016um_00077_00294-1,0.54873914
s_016um_00122_00151-1,0.56499475
s_016um_00128_00093-1,0.67507505
s_016um_00130_00383-1,0.6268123
s_016um_00273_00316-1,0.8669402
s_016um_00388_00128-1,0.65998226
s_016um_00324_00297-1,0.67944
s_016um_00148_00058-1,0.5994382
s_016um_00060_00245-1,0.6312797
s_016um_00250_00023-1,0.7384788
s_016um_00275_00207-1,0.6794012
s_016um_00212_00032-1,0.80868196
s_016um_00224_00247-1,0.6116874
s_016um_00036_00105-1,0.87929237
s_016um_00376_00123-1,0.5806438
s_016um_00269_00029-1,0.65699285
s_016um_00394_00340-1,0.6274818
s_016um_00396_00365-1,0.753155
s_016um_00139_00070-1,0.67555916
s_016um_00352_00018-1,0.6832331
s_016um_00032_00329-1,0.6310928
s_016um_00263_00330-1,0.5555675
s_016um_00228_00329-1,0.5894586
s_016um_00364_00095-1,0.6239528
s_016um_00180_00026-1,0.56492734
s_016um_00189_00122-1,0.66069496
s_016um_00134_00076-1,0.66277903
s_016um_00325_00121-1,0.6231595
s_016um_00093_00027-1,0.56218004
s_016um_00216_00033-1,0.6783159
s_016um_00079_00297-1,0.6348501
s_016um_00239_00184-1,0.60394156
s_016um_00323_00164-1,0.57012916
s_016um_00410_00097-1,0.6092851
s_016um_00102_00390-1,0.64117754
s_016um_00281_00316-1,0.5419268
s_016um_00393_00342-1,0.62539786
s_016um_00122_00147-1,0.5352938
s_016um_00397_00257-1,0.6771034
s_016um_00357_00412-1,1.2035639
s_016um_00222_00232-1,0.73925024
s_016um_00285_00096-1,0.66929394
s_016um_00273_00045-1,0.74338365
s_016um_00022_00265-1,0.5937253
s_016um_00369_00122-1,0.82549983
s_016um_00044_00212-1,0.65202576
s_016um_00086_00273-1,0.5677718
s_016um_00137_00318-1,0.76292
s_016um_00400_00219-1,0.52464366
s_016um_00092_00268-1,0.5592965
s_016um_00042_00244-1,0.6197536
s_016um_00227_00237-1,0.5903212
s_016um_00178_00026-1,0.6435692
s_016um_00398_00212-1,0.7268946
s_016um_00273_00229-1,0.57818997
s_016um_00328_00305-1,0.6399974
s_016um_00044_00172-1,0.6607469
s_016um_00064_00133-1,0.6222774
s_016um_00067_00130-1,0.6201391
s_016um_00356_00095-1,0.59423083
s_016um_00407_00098-1,0.61398995
s_016um_00230_00247-1,0.6971163
s_016um_00368_00226-1,0.6251932
s_016um_00361_00286-1,0.5201487
s_016um_00073_00245-1,0.61455095
s_016um_00286_00100-1,0.6560265
s_016um_00321_00167-1,0.6447076
s_016um_00092_00339-1,0.6915472
s_016um_00406_00148-1,0.59475315
s_016um_00223_00167-1,0.77370656
s_016um_00324_00122-1,0.6416547
s_016um_00365_00222-1,0.5904604
s_016um_00340_00213-1,0.6612889
s_016um_00367_00228-1,0.686482
s_016um_00259_00186-1,0.5987553
s_016um_00219_00168-1,0.58872885
s_016um_00152_00402-1,0.6623696
s_016um_00018_00264-1,0.60303247
s_016um_00414_00105-1,0.55894893
s_016um_00105_00068-1,0.6762295
s_016um_00041_00240-1,0.6406186
s_016um_00055_00242-1,0.6043495
s_016um_00047_00207-1,0.5979104
s_016um_00371_00123-1,0.64124614
s_016um_00407_00399-1,1.8479161
s_016um_00080_00285-1,0.5153495
s_016um_00277_00322-1,0.66990113
s_016um_00037_00177-1,0.60165
s_016um_00335_00403-1,0.7562267
s_016um_00225_00237-1,0.57571816
s_016um_00325_00300-1,0.7283961
s_016um_00008_00212-1,0.7803643
s_016um_00358_00417-1,1.3435893
s_016um_00259_00192-1,0.6340293
s_016um_00036_00178-1,0.7030539
s_016um_00215_00011-1,0.644912
s_016um_00365_00225-1,0.60497344
s_016um_00028_00090-1,0.67817515
s_016um_00083_00198-1,0.63332164
s_016um_00090_00270-1,0.52533615
s_016um_00038_00049-1,0.69053185
s_016um_00397_00217-1,0.6031736
s_016um_00012_00294-1,0.5921597
s_016um_00084_00071-1,0.74446714
s_016um_00017_00264-1,0.5246257
s_016um_00105_00388-1,0.60417956
s_016um_00127_00385-1,0.9957322
s_016um_00169_00128-1,0.74681973
s_016um_00207_00151-1,0.64620155
s_016um_00228_00236-1,0.5333736
s_016um_00239_00191-1,0.6380497
s_016um_00151_00402-1,0.59132785
s_016um_00408_00150-1,0.7401755
s_016um_00190_00125-1,0.63237447
s_016um_00353_00122-1,0.6908116
s_016um_00398_00179-1,0.59075534
s_016um_00356_00089-1,0.60117215
s_016um_00090_00336-1,0.618917
s_016um_00079_00197-1,0.6546037
s_016um_00314_00055-1,0.6446822
s_016um_00270_00060-1,0.7450288
s_016um_00201_00151-1,0.69221056
s_016um_00097_00068-1,0.6399255
s_016um_00235_00088-1,0.68113977
s_016um_00134_00073-1,0.84094596
s_016um_00045_00203-1,0.5899575
s_016um_00087_00273-1,0.5388865
s_016um_00336_00396-1,0.65958375
s_016um_00336_00404-1,0.8856421
s_016um_00272_00046-1,0.63494843
s_016um_00279_00205-1,0.5779283
s_016um_00253_00029-1,0.65199393
s_016um_00133_00074-1,0.56998956
s_016um_00281_00329-1,0.54968405
s_016um_00348_00024-1,0.56749964
s_016um_00039_00208-1,0.61376166
s_016um_00006_00208-1,0.5923095
s_016um_00041_00243-1,0.64077955
s_016um_00227_00327-1,0.5179268
s_016um_00400_00368-1,0.64941174
s_016um_00383_00134-1,0.742159
s_016um_00109_00387-1,0.6890875
s_016um_00134_00226-1,0.5933634
s_016um_00389_00130-1,0.5928452
s_016um_00272_00227-1,0.6134179
s_016um_00218_00282-1,0.5748978
s_016um_00369_00143-1,0.57370883
s_016um_00212_00292-1,0.7096865
s_016um_00194_00127-1,0.72578925
s_016um_00220_00281-1,0.66449296
s_016um_00054_00248-1,0.949373
s_016um_00195_00097-1,0.6004523
s_016um_00220_00279-1,0.6015098
s_016um_00087_00198-1,0.663376
s_016um_00264_00189-1,0.6286614
s_016um_00060_00250-1,0.6191061
s_016um_00133_00233-1,0.64898443
s_016um_00230_00359-1,0.62782466
s_016um_00079_00285-1,0.5928315
s_016um_00395_00216-1,0.5966191
s_016um_00214_00031-1,0.777338
s_016um_00005_00156-1,0.62833524
s_016um_00392_00294-1,0.5803454
s_016um_00354_00287-1,0.6952454
s_016um_00279_00201-1,0.5785564
s_016um_00045_00217-1,0.54198754
s_016um_00226_00239-1,0.5622346
s_016um_00366_00094-1,0.5926391
s_016um_00274_00329-1,0.8651398
s_016um_00413_00138-1,0.62093055
s_016um_00373_00124-1,0.6477095
s_016um_00275_00223-1,0.6238413
s_016um_00128_00090-1,0.7418944
s_016um_00036_00009-1,0.8098288
s_016um_00274_00131-1,0.58952653
s_016um_00131_00388-1,0.53295845
s_016um_00230_00331-1,0.7494217
s_016um_00097_00341-1,0.51159596
s_016um_00079_00250-1,0.6645917
s_016um_00320_00302-1,0.52316904
s_016um_00015_00268-1,0.62541515
s_016um_00084_00269-1,0.6395262
s_016um_00275_00327-1,0.7186578
s_016um_00265_00329-1,0.58354056
s_016um_00046_00242-1,0.80000687
s_016um_00088_00270-1,0.55829716
s_016um_00263_00185-1,1.0040143
s_016um_00037_00097-1,0.57789594
s_016um_00076_00297-1,0.5490157
s_016um_00068_00235-1,0.682527
s_016um_00309_00058-1,0.8296374
s_016um_00219_00031-1,0.58290416
s_016um_00261_00028-1,0.6287014
s_016um_00370_00122-1,0.7347548
s_016um_00227_00239-1,0.6119018
s_016um_00369_00102-1,0.82334596
s_016um_00145_00014-1,0.5548969
s_016um_00354_00020-1,0.8108649
s_016um_00211_00032-1,0.799237
s_016um_00089_00268-1,0.5783271
s_016um_00386_00297-1,0.52431875
s_016um_00081_00237-1,0.7781149
s_016um_00262_00058-1,0.7488183
s_016um_00123_00147-1,0.604161
s_016um_00239_00086-1,0.6591868
s_016um_00080_00284-1,0.504354
s_016um_00220_00011-1,0.63427794
s_016um_00033_00085-1,0.5888523
s_016um_00267_00029-1,0.82903713
s_016um_00080_00278-1,0.6049737
s_016um_00404_00122-1,0.62940896
s_016um_00220_00029-1,0.56910706
s_016um_00223_00335-1,0.5780079
s_016um_00235_00267-1,0.59847736
s_016um_00091_00268-1,0.56769127
s_016um_00033_00007-1,0.5311624
s_016um_00010_00151-1,0.5343354
s_016um_00184_00026-1,0.64851457
s_016um_00067_00127-1,0.6721859
s_016um_00090_00271-1,0.6050925
s_016um_00029_00085-1,0.6257654
s_016um_00022_00271-1,0.68605113
s_016um_00262_00334-1,0.6056303
s_016um_00358_00118-1,0.62414724
s_016um_00243_00086-1,0.64909184
s_016um_00325_00299-1,0.830901
s_016um_00031_00092-1,0.6157885
s_016um_00229_00243-1,0.528008
s_016um_00355_00113-1,0.6130574
s_016um_00369_00230-1,0.6438471
s_016um_00394_00356-1,1.001452
s_016um_00074_00247-1,0.5343174
s_016um_00079_00269-1,0.5392299
s_016um_00278_00313-1,0.5533186
s_016um_00080_00299-1,0.59256035
s_016um_00394_00345-1,0.9084003
s_016um_00141_00219-1,0.5668292
s_016um_00312_00053-1,0.6808365
s_016um_00266_00130-1,0.85502565
s_016um_00096_00271-1,0.5557378
s_016um_00089_00073-1,0.76399964
s_016um_00040_00102-1,0.63872635
s_016um_00169_00375-1,0.61323977
s_016um_00408_00397-1,1.8115187
s_016um_00034_00334-1,0.6861532
s_016um_00342_00399-1,0.87566406
s_016um_00231_00361-1,0.51554215
s_016um_00142_00019-1,0.84170586
s_016um_00354_00091-1,0.5590815
s_016um_00157_00291-1,0.62129545
s_016um_00357_00091-1,0.5646712
s_016um_00321_00168-1,0.7350865
s_016um_00191_00122-1,0.736019
s_016um_00137_00215-1,0.8085976
s_016um_00403_00127-1,0.7080497
s_016um_00258_00190-1,0.5740488
s_016um_00054_00245-1,0.5533278
s_016um_00351_00026-1,0.5574766
s_016um_00347_00213-1,0.61570907
s_016um_00086_00068-1,0.575621
s_016um_00351_00094-1,0.6393636
s_016um_00212_00033-1,0.72406524
s_016um_00103_00387-1,0.6111796
s_016um_00263_00186-1,0.9355754
s_016um_00354_00119-1,0.6010867
s_016um_00231_00359-1,0.5657273
s_016um_00020_00269-1,0.6500571
s_016um_00271_00034-1,0.66098535
s_016um_00339_00398-1,0.689974
s_016um_00275_00205-1,0.5848085
s_016um_00361_00418-1,1.1364205
s_016um_00221_00231-1,0.64578515
s_016um_00045_00212-1,0.5932614
s_016um_00048_00218-1,0.77288175
s_016um_00248_00021-1,0.81888497
s_016um_00190_00094-1,0.62761635
s_016um_00402_00258-1,0.60779786
s_016um_00060_00247-1,0.64812833
s_016um_00402_00403-1,2.071119
s_016um_00196_00128-1,0.60881877
s_016um_00106_00315-1,0.6450583
s_016um_00149_00397-1,0.5880029
s_016um_00226_00242-1,0.6200645
s_016um_00075_00294-1,0.69115186
s_016um_00352_00023-1,0.6437845
s_016um_00326_00167-1,0.6857072
s_016um_00223_00328-1,0.5352729
s_016um_00274_00228-1,0.6985639
s_016um_00192_00126-1,0.8445951
s_016um_00393_00295-1,0.5894164
s_016um_00225_00250-1,0.5999856
s_016um_00381_00138-1,0.58674043
s_016um_00225_00026-1,0.8399004
s_016um_00402_00369-1,0.8725555
s_016um_00106_00318-1,0.6661856
s_016um_00220_00276-1,0.68529284
s_016um_00407_00146-1,0.5179479
s_016um_00382_00137-1,0.5901231
s_016um_00329_00122-1,0.73648775
s_016um_00152_00395-1,0.6006959
s_016um_00387_00341-1,0.6178802
s_016um_00327_00215-1,0.56284344
s_016um_00273_00031-1,0.77531266
s_016um_00272_00049-1,0.6466955
s_016um_00100_00387-1,0.64882284
s_016um_00083_00293-1,0.63136625
s_016um_00407_00148-1,0.5607176
s_016um_00263_00133-1,0.6597159
s_016um_00165_00123-1,0.64442533
s_016um_00086_00283-1,0.63010556
s_016um_00407_00403-1,1.6891758
s_016um_00368_00102-1,0.6074606
s_016um_00066_00125-1,0.5742441
s_016um_00141_00062-1,0.5166275
s_016um_00040_00040-1,0.6911684
s_016um_00267_00129-1,0.70943743
s_016um_00215_00290-1,0.6493937
s_016um_00227_00236-1,0.5866105
s_016um_00157_00289-1,0.7420504
s_016um_00210_00297-1,0.5851196
s_016um_00207_00147-1,0.6398455
s_016um_00142_00021-1,0.8292794
s_016um_00196_00097-1,0.62845975
s_016um_00330_00122-1,0.75564605
s_016um_00034_00330-1,0.55495137
s_016um_00397_00182-1,0.60540104
s_016um_00081_00264-1,0.5696529
s_016um_00240_00083-1,0.6723448
s_016um_00127_00382-1,0.5980757
s_016um_00322_00304-1,0.5679964
s_016um_00185_00027-1,0.8522308
s_016um_00062_00133-1,0.5830661
s_016um_00236_00360-1,0.5662656
s_016um_00265_00331-1,0.5900159
s_016um_00044_00173-1,0.72287655
s_016um_00027_00336-1,0.5860071
s_016um_00019_00268-1,0.5670683
s_016um_00034_00003-1,0.5349481
s_016um_00029_00084-1,0.65814954
s_016um_00061_00249-1,0.56637245
s_016um_00033_00335-1,0.6194762
s_016um_00007_00295-1,0.57449585
s_016um_00418_00140-1,0.6448977
s_016um_00355_00412-1,1.011681
s_016um_00042_00211-1,0.5890415
s_016um_00130_00089-1,0.84512496
s_016um_00104_00385-1,0.70052725
s_016um_00401_00121-1,0.58395076
s_016um_00417_00139-1,0.63699204
s_016um_00132_00094-1,0.67153436
s_016um_00269_00333-1,0.5979456
s_016um_00194_00122-1,0.6903771
s_016um_00279_00048-1,0.59244263
s_016um_00217_00032-1,0.5893675
s_016um_00211_00027-1,0.620943
s_016um_00326_00169-1,0.64626837
s_016um_00096_00339-1,0.5167105
s_016um_00010_00211-1,0.5754126
s_016um_00321_00228-1,0.61981815
s_016um_00312_00060-1,0.80227876
s_016um_00092_00338-1,0.6729674
s_016um_00134_00074-1,0.5398777
s_016um_00327_00217-1,0.5555109
s_016um_00164_00288-1,0.82550514
s_016um_00046_00237-1,0.5580691
s_016um_00083_00031-1,0.69592637
s_016um_00335_00258-1,0.7190971
s_016um_00388_00129-1,0.61315066
s_016um_00181_00024-1,0.6538418
s_016um_00390_00345-1,0.72146755
s_016um_00322_00298-1,0.6604957
s_016um_00219_00235-1,0.71939296
s_016um_00372_00142-1,0.85769737
s_016um_00372_00117-1,0.579711
s_016um_00231_00261-1,0.5525727
s_016um_00360_00294-1,0.5478285
s_016um_00390_00337-1,0.5172959
s_016um_00045_00237-1,0.60775965
s_016um_00259_00185-1,0.85597473
s_016um_00395_00372-1,0.66203827
s_016um_00267_00062-1,0.6467269
s_016um_00151_00399-1,0.6060111
s_016um_00153_00397-1,0.6121609
s_016um_00270_00335-1,0.6959558
s_016um_00324_00166-1,0.57175505
s_016um_00224_00236-1,0.5601833
s_016um_00399_00361-1,0.7301153
s_016um_00354_00023-1,0.78059494
s_016um_00279_00329-1,0.5740138
s_016um_00221_00170-1,0.69004834
s_016um_00233_00362-1,0.58906
s_016um_00222_00239-1,0.5973051
s_016um_00189_00091-1,0.5878442
s_016um_00078_00299-1,0.5835348
s_016um_00007_00301-1,0.611532
s_016um_00268_00330-1,0.5472169
s_016um_00289_00095-1,0.7787268
s_016um_00281_00136-1,0.6226251
s_016um_00410_00103-1,0.7041768
s_016um_00278_00326-1,0.6310526
s_016um_00137_00076-1,0.60347724
s_016um_00041_00215-1,0.8184749
s_016um_00193_00097-1,0.6379788
s_016um_00095_00336-1,0.61955696
s_016um_00095_00317-1,0.5628753
s_016um_00244_00084-1,0.7991407
s_016um_00393_00183-1,0.633481
s_016um_00224_00170-1,0.64579725
s_016um_00341_00220-1,0.5182361
s_016um_00036_00008-1,0.7185819
s_016um_00128_00385-1,0.6575944
s_016um_00224_00232-1,0.6418326
s_016um_00129_00232-1,0.59481454
s_016um_00138_00021-1,0.6212154
s_016um_00410_00104-1,0.7294183
s_016um_00122_00148-1,0.67132616
s_016um_00082_00282-1,0.59263265
s_016um_00094_00027-1,0.5971907
s_016um_00235_00359-1,0.6392923
s_016um_00325_00126-1,0.69099337
s_016um_00277_00138-1,0.60740423
s_016um_00171_00375-1,0.6600174
s_016um_00199_00151-1,0.8075391
s_016um_00356_00122-1,0.7332504
s_016um_00192_00096-1,0.6513827
s_016um_00404_00150-1,0.60420144
s_016um_00266_00134-1,0.6375707
s_016um_00224_00245-1,0.56936157
s_016um_00347_00219-1,0.5952847
s_016um_00380_00131-1,0.5822523
s_016um_00091_00275-1,0.5504453
s_016um_00217_00010-1,0.62499106
s_016um_00220_00014-1,0.71030414
s_016um_00336_00402-1,0.7532899
s_016um_00352_00026-1,0.6808131
s_016um_00085_00195-1,0.8171518
s_016um_00399_00372-1,0.7249732
s_016um_00129_00226-1,0.5434282
s_016um_00394_00295-1,0.5808627
s_016um_00054_00243-1,0.7533472
s_016um_00117_00146-1,0.65579575
s_016um_00275_00324-1,0.59047294
s_016um_00326_00230-1,0.565817
s_016um_00335_00398-1,0.8206529
s_016um_00371_00138-1,0.62367976
s_016um_00194_00094-1,0.63570845
s_016um_00037_00174-1,0.69598556
s_016um_00257_00187-1,0.6138203
s_016um_00096_00272-1,0.57603306
s_016um_00104_00383-1,0.67899024
s_016um_00400_00124-1,0.72127163
s_016um_00139_00222-1,0.6446996
s_016um_00273_00131-1,0.5844293
s_016um_00220_00032-1,0.6183319
s_016um_00079_00239-1,0.59590995
s_016um_00360_00416-1,1.2735136
s_016um_00011_00153-1,0.62906826
s_016um_00322_00163-1,0.7051993
s_016um_00042_00242-1,0.9586711
s_016um_00413_00105-1,0.6213535
s_016um_00220_00224-1,0.58538216
s_016um_00369_00101-1,0.7342676
s_016um_00061_00246-1,0.5597451
s_016um_00043_00208-1,0.54298854
s_016um_00048_00214-1,0.5922882
s_016um_00179_00030-1,0.5860967
s_016um_00193_00092-1,0.5831689
s_016um_00398_00370-1,0.6383984
s_016um_00406_00397-1,1.6853654
s_016um_00043_00215-1,0.5912875
s_016um_00408_00105-1,0.75682586
s_016um_00358_00411-1,0.8787452
s_016um_00246_00083-1,0.7195629
s_016um_00080_00033-1,0.7025345
s_016um_00395_00366-1,0.67879105
s_016um_00363_00224-1,0.63086545
s_016um_00225_00170-1,0.6568026
s_016um_00241_00089-1,0.53824544
s_016um_00028_00085-1,0.70444727
s_016um_00194_00128-1,0.64456713
s_016um_00228_00245-1,0.5560109
s_016um_00413_00101-1,0.7179003
s_016um_00393_00179-1,0.6198546
s_016um_00217_00231-1,0.5639628
s_016um_00262_00337-1,0.57348007
s_016um_00369_00142-1,0.6391403
s_016um_00233_00358-1,0.6938484
s_016um_00115_00146-1,0.76243395
s_016um_00039_00172-1,0.6033779
s_016um_00108_00390-1,0.6705357
s_016um_00270_00029-1,0.8350649
s_016um_00085_00200-1,0.6029353
s_016um_00370_00118-1,0.5240382
s_016um_00136_00222-1,0.9637125
s_016um_00089_00278-1,0.527544
s_016um_00214_00011-1,0.58274984
s_016um_00267_00331-1,0.56379753
s_016um_00088_00065-1,0.74518216
s_016um_00235_00189-1,0.6005447
s_016um_00236_00093-1,0.7272782
s_016um_00335_00404-1,0.9003973
s_016um_00192_00127-1,0.56681025
s_016um_00358_00294-1,0.5862773
s_016um_00090_00276-1,0.5000702
s_016um_00224_00226-1,0.7037941
s_016um_00147_00059-1,0.66173494
s_016um_00041_00041-1,0.6175812
s_016um_00116_00151-1,0.65432376
s_016um_00208_00291-1,0.5771016
s_016um_00097_00066-1,0.71548194
s_016um_00085_00032-1,0.5999458
s_016um_00364_00226-1,0.5169751
s_016um_00104_00390-1,0.6227249
s_016um_00089_00272-1,0.46226767
s_016um_00098_00070-1,0.5504737
s_016um_00224_00235-1,0.5278764
s_016um_00168_00128-1,0.67845213
s_016um_00223_00234-1,0.5742297
s_016um_00109_00321-1,0.8614536
s_016um_00067_00133-1,0.61014366
s_016um_00067_00234-1,0.6273795
s_016um_00222_00327-1,0.62191516
s_016um_00097_00070-1,0.7268406
s_016um_00366_00098-1,0.64601725
s_016um_00396_00181-1,0.5315983
s_016um_00133_00073-1,0.58366966
s_016um_00094_00315-1,0.68400514
s_016um_00219_00282-1,0.66304713
s_016um_00059_00243-1,0.6276527
s_016um_00403_00119-1,0.6577747
s_016um_00321_00299-1,0.7069102
s_016um_00082_00243-1,0.52751124
s_016um_00415_00135-1,0.67203456
s_016um_00255_00029-1,0.66770416
s_016um_00321_00162-1,0.7927673
s_016um_00137_00229-1,0.6774271
s_016um_00039_00044-1,0.5873893
s_016um_00247_00087-1,0.8618243
s_016um_00368_00139-1,0.59730417
s_016um_00283_00325-1,0.6384977
s_016um_00066_00237-1,0.7951481
s_016um_00325_00118-1,0.9376265
s_016um_00006_00299-1,0.5308734
s_016um_00219_00024-1,0.5463212
s_016um_00266_00054-1,0.7715606
s_016um_00262_00135-1,0.78984845
s_016um_00117_00144-1,0.98814154
s_016um_00128_00087-1,0.81418514
s_016um_00239_00085-1,0.6607348
s_016um_00015_00271-1,0.67829746
s_016um_00166_00125-1,0.6288195
s_016um_00334_00401-1,0.95513237
s_016um_00396_00215-1,0.6025454
s_016um_00404_00124-1,0.59789985
s_016um_00358_00290-1,0.57744634
s_016um_00338_00399-1,0.7969448
s_016um_00214_00015-1,0.62573296
s_016um_00035_00006-1,0.62930053
s_016um_00399_00219-1,0.56272405
s_016um_00168_00374-1,0.7680553
s_016um_00344_00214-1,0.6020676
s_016um_00140_00060-1,0.5945829
s_016um_00231_00354-1,0.61796325
s_016um_00225_00246-1,0.8746481
s_016um_00216_00172-1,0.6291395
s_016um_00101_00026-1,0.7087987
s_016um_00146_00395-1,0.62443066
s_016um_00401_00401-1,1.6442904
s_016um_00331_00250-1,0.6178689
s_016um_00395_00364-1,0.7188615
s_016um_00396_00256-1,0.65545064
s_016um_00242_00188-1,0.58690625
s_016um_00085_00266-1,0.5405862
s_016um_00274_00204-1,0.6505352
s_016um_00307_00059-1,0.69655955
s_016um_00087_00270-1,0.6350193
s_016um_00345_00217-1,0.58742344
s_016um_00278_00207-1,0.6136382
s_016um_00272_00223-1,0.6562111
s_016um_00397_00358-1,0.6896987
s_016um_00371_00097-1,0.5629943
s_016um_00083_00028-1,0.70096415
s_016um_00080_00269-1,0.5701803
s_016um_00231_00088-1,0.69638026
s_016um_00031_00086-1,0.6114432
s_016um_00107_00391-1,0.5972062
s_016um_00337_00397-1,0.7560492
s_016um_00170_00378-1,0.72717345
s_016um_00130_00225-1,0.5966938
s_016um_00259_00133-1,0.6001365
s_016um_00134_00231-1,0.61068994
s_016um_00082_00272-1,0.57122767
s_016um_00053_00246-1,0.6931494
s_016um_00353_00121-1,0.7328467
s_016um_00230_00262-1,0.52243173
s_016um_00083_00034-1,0.77545196
s_016um_00275_00206-1,0.59713894
s_016um_00102_00073-1,0.6751514
s_016um_00007_00210-1,0.61699957
s_016um_00200_00149-1,0.7186858
s_016um_00399_00366-1,0.6453743
s_016um_00093_00340-1,0.62583196
s_016um_00281_00133-1,0.5805094
s_016um_00041_00099-1,0.54520935
s_016um_00388_00337-1,0.6081489
s_016um_00264_00057-1,0.70981926
s_016um_00352_00114-1,0.6165433
s_016um_00013_00298-1,0.5233576
s_016um_00261_00333-1,0.56894124
s_016um_00265_00056-1,0.61971456
s_016um_00091_00272-1,0.57116455
s_016um_00166_00126-1,0.58344984
s_016um_00388_00130-1,0.6492302
s_016um_00335_00254-1,0.68543005
s_016um_00395_00179-1,0.629791
s_016um_00411_00096-1,0.68957895
s_016um_00219_00277-1,0.6739801
s_016um_00043_00206-1,0.674891
s_016um_00128_00382-1,0.52226657
s_016um_00139_00055-1,0.7085551
s_016um_00263_00056-1,0.73496044
s_016um_00222_00166-1,0.6519789
s_016um_00277_00208-1,0.57506156
s_016um_00159_00286-1,0.6935081
s_016um_00344_00220-1,0.9372128
s_016um_00331_00211-1,0.6784995
s_016um_00407_00151-1,0.6579805
s_016um_00136_00317-1,1.0156968
s_016um_00370_00121-1,0.56778526
s_016um_00402_00122-1,0.64063454
s_016um_00375_00136-1,0.57157075
s_016um_00284_00092-1,0.5817672
s_016um_00105_00389-1,0.5968531
s_016um_00282_00323-1,0.6093455
s_016um_00212_00289-1,0.5379626
s_016um_00076_00248-1,0.60619056
s_016um_00040_00208-1,0.6428492
s_016um_00084_00285-1,0.5736916
s_016um_00194_00096-1,0.66066086
s_016um_00361_00226-1,0.5700141
s_016um_00272_00230-1,0.6235803
s_016um_00217_00277-1,0.5547204
s_016um_00012_00296-1,0.53259146
s_016um_00223_00327-1,0.6156119
s_016um_00224_00250-1,0.51958615
s_016um_00277_00131-1,0.7039684
s_016um_00274_00315-1,0.80521536
s_016um_00218_00225-1,0.6062591
s_016um_00153_00399-1,0.5823695
s_016um_00150_00401-1,0.6072149
s_016um_00413_00137-1,0.5812992
s_016um_00274_00136-1,0.55927914
s_016um_00322_00232-1,0.56240714
s_016um_00084_00027-1,0.5651976
s_016um_00101_00024-1,0.6426364
s_016um_00218_00276-1,0.5626005
s_016um_00349_00024-1,0.5810837
s_016um_00272_00030-1,0.7010007
s_016um_00215_00018-1,0.72243214
s_016um_00258_00184-1,0.58917236
s_016um_00067_00126-1,0.6072893
s_016um_00386_00298-1,0.5336853
s_016um_00217_00030-1,0.5925011
s_016um_00007_00209-1,0.7493348
s_016um_00095_00030-1,0.7564805
s_016um_00007_00294-1,0.559268
s_016um_00252_00027-1,0.6305731
s_016um_00276_00136-1,0.6426155
s_016um_00357_00418-1,1.3717052
s_016um_00092_00317-1,0.6526912
s_016um_00398_00261-1,0.6501583
s_016um_00335_00216-1,0.67535347
s_016um_00398_00372-1,0.7363275
s_016um_00210_00031-1,0.77845734
s_016um_00211_00033-1,0.6669724
s_016um_00382_00133-1,0.69184685
s_016um_00165_00124-1,0.65635633
s_016um_00321_00304-1,0.63331926
s_016um_00078_00239-1,0.56003875
s_016um_00039_00049-1,0.66287017
s_016um_00100_00066-1,0.5913549
s_016um_00065_00230-1,0.5902737
s_016um_00079_00267-1,0.62041
s_016um_00039_00104-1,0.6239349
s_016um_00358_00095-1,0.65138215
s_016um_00358_00093-1,0.58510435
s_016um_00042_00209-1,0.6621271
s_016um_00117_00150-1,0.6646659
s_016um_00265_00034-1,0.6472061
s_016um_00044_00177-1,0.59379137
s_016um_00341_00216-1,0.7290976
s_016um_00387_00339-1,0.6215584
s_016um_00146_00396-1,0.66541046
s_016um_00129_00087-1,0.82057357
s_016um_00368_00098-1,0.7570323
s_016um_00395_00177-1,0.68616587
s_016um_00274_00130-1,0.7575878
s_016um_00355_00019-1,0.63579243
s_016um_00367_00095-1,0.61472577
s_016um_00356_00116-1,0.850661
s_016um_00126_00092-1,0.81755733
s_016um_00367_00143-1,0.6641335
s_016um_00097_00024-1,0.57454604
s_016um_00080_00271-1,0.5639639
s_016um_00088_00071-1,0.6865078
s_016um_00057_00249-1,0.61915576
s_016um_00039_00206-1,0.61148477
s_016um_00011_00207-1,0.625177
s_016um_00267_00334-1,0.71345204
s_016um_00236_00186-1,0.6481136
s_016um_00139_00017-1,0.72544104
s_016um_00020_00267-1,0.5123745
s_016um_00092_00274-1,0.6702592
s_016um_00088_00035-1,0.65309125
s_016um_00411_00098-1,0.5984892
s_016um_00354_00413-1,1.012902
s_016um_00239_00089-1,0.71102554
s_016um_00353_00094-1,0.754044
s_016um_00177_00026-1,0.6400611
s_016um_00405_00403-1,1.7862227
s_016um_00386_00133-1,0.58949095
s_016um_00215_00010-1,0.70618385
s_016um_00326_00168-1,0.7011204
s_016um_00348_00217-1,0.6165738
s_016um_00043_00243-1,0.6370985
s_016um_00240_00086-1,0.7919499
s_016um_00138_00019-1,0.5874888
s_016um_00210_00291-1,0.7217773
s_016um_00275_00315-1,1.1535846
s_016um_00368_00103-1,0.7473585
s_016um_00391_00364-1,0.8363132
s_016um_00267_00053-1,0.63867563
s_016um_00354_00292-1,0.63837415
s_016um_00371_00118-1,0.6143237
s_016um_00081_00266-1,0.5754392
s_016um_00080_00244-1,0.6278033
s_016um_00323_00300-1,0.6499929
s_016um_00004_00155-1,0.5399086
s_016um_00036_00010-1,0.80816036
s_016um_00275_00048-1,0.5685903
s_016um_00265_00188-1,0.6306455
s_016um_00276_00316-1,0.82738125
s_016um_00328_00211-1,0.6065256
s_016um_00161_00284-1,0.82488346
s_016um_00080_00237-1,0.6423682
s_016um_00014_00210-1,0.90934265
s_016um_00033_00333-1,0.54033893
s_016um_00227_00231-1,0.6397769
s_016um_00039_00207-1,0.52293915
s_016um_00243_00183-1,0.6292945
s_016um_00140_00075-1,0.7027306
s_016um_00367_00098-1,0.6774041
s_016um_00042_00203-1,0.6141675
s_016um_00014_00267-1,0.65643156
s_016um_00285_00098-1,0.65101707
s_016um_00269_00060-1,0.6405208
s_016um_00213_00280-1,0.4972053
s_016um_00278_00318-1,0.6688946
s_016um_00375_00146-1,0.6755305
s_016um_00354_00293-1,0.6056713
s_016um_00038_00177-1,0.6233685
s_016um_00043_00044-1,0.70106095
s_016um_00160_00288-1,0.6550676
s_016um_00350_00026-1,0.6071381
s_016um_00328_00300-1,0.67686653
s_016um_00327_00166-1,0.7099602
s_016um_00273_00046-1,0.7718137
s_016um_00390_00362-1,0.73066896
s_016um_00263_00058-1,0.70736223
s_016um_00138_00073-1,0.6418231
s_016um_00022_00267-1,0.67604655
s_016um_00260_00135-1,0.60939765
s_016um_00404_00120-1,0.5460924
s_016um_00039_00101-1,0.6972597
s_016um_00390_00339-1,0.5843525
s_016um_00363_00229-1,0.5087363
s_016um_00216_00032-1,0.6188424
s_016um_00054_00244-1,0.56557846
s_016um_00034_00329-1,0.5941552
s_016um_00231_00356-1,0.9237735
s_016um_00193_00127-1,0.7167374
s_016um_00282_00315-1,0.51583195
s_016um_00271_00060-1,0.62201583
s_016um_00082_00287-1,0.56134754
s_016um_00158_00293-1,0.61457974
s_016um_00354_00415-1,1.2474606
s_016um_00224_00240-1,0.5724369
s_016um_00276_00317-1,0.6212282
s_016um_00015_00266-1,0.6952597
s_016um_00340_00215-1,0.6238922
s_016um_00146_00058-1,0.66000235
s_016um_00097_00316-1,0.70998937
s_016um_00271_00230-1,0.54875594
s_016um_00085_00198-1,0.54216504
s_016um_00235_00266-1,0.49372613
s_016um_00004_00153-1,0.72466075
s_016um_00242_00189-1,0.73741883
s_016um_00042_00219-1,0.57007545
s_016um_00415_00137-1,0.6498404
s_016um_00086_00034-1,0.5355262
s_016um_00226_00252-1,0.5572607
s_016um_00139_00056-1,0.71883875
s_016um_00374_00125-1,0.5796927
s_016um_00417_00135-1,0.60500455
s_016um_00131_00230-1,0.6198471
s_016um_00169_00371-1,0.62525964
s_016um_00402_00152-1,0.7483432
s_016um_00276_00205-1,0.58634007
s_016um_00040_00218-1,0.6708009
s_016um_00131_00089-1,0.5747832
s_016um_00231_00355-1,0.6059199
s_016um_00242_00182-1,0.6041676
s_016um_00406_00125-1,0.5563105
s_016um_00233_00090-1,0.8488499
s_016um_00099_00338-1,0.7385649
s_016um_00269_00056-1,0.81854606
s_016um_00225_00330-1,0.50381833
s_016um_00251_00024-1,0.6830937
s_016um_00115_00150-1,0.6750542
s_016um_00339_00399-1,1.0195966
s_016um_00147_00056-1,0.61988556
s_016um_00160_00289-1,0.5910337
s_016um_00279_00321-1,0.5480472
s_016um_00088_00264-1,0.56078273
s_016um_00237_00264-1,0.68489695
s_016um_00040_00215-1,1.0984677
s_016um_00040_00175-1,0.8228863
s_016um_00362_00289-1,0.5808255
s_016um_00121_00146-1,0.6157694
s_016um_00387_00128-1,0.6264307
s_016um_00119_00146-1,0.626571
s_016um_00042_00243-1,0.74942243
s_016um_00397_00179-1,0.6931944
s_016um_00037_00104-1,0.6372406
s_016um_00257_00192-1,0.63821024
s_016um_00246_00082-1,0.6907359
s_016um_00237_00182-1,0.61104536
s_016um_00090_00272-1,0.67372996
s_016um_00040_00046-1,0.5667447
s_016um_00235_00092-1,0.91561913
s_016um_00334_00398-1,0.7328461
s_016um_00399_00212-1,0.6579737
s_016um_00141_00017-1,0.6581924
s_016um_00070_00232-1,0.59036374
s_016um_00337_00256-1,0.60576844
s_016um_00130_00229-1,0.51202005
s_016um_00206_00145-1,0.5882406
s_016um_00224_00230-1,0.6619497
s_016um_00141_00056-1,0.6707785
s_016um_00065_00133-1,0.59898156
s_016um_00142_00013-1,0.66232497
s_016um_00367_00102-1,0.578457
s_016um_00140_00077-1,0.6491118
s_016um_00181_00029-1,0.5830593
s_016um_00281_00323-1,0.64281917
s_016um_00406_00151-1,0.647737
s_016um_00390_00341-1,0.8753835
s_016um_00223_00030-1,0.7547138
s_016um_00083_00281-1,0.5701023
s_016um_00260_00032-1,0.8632946
s_016um_00098_00023-1,0.6397625
s_016um_00254_00020-1,0.9090269
s_016um_00310_00060-1,0.71611774
s_016um_00373_00118-1,0.7727145
s_016um_00278_00325-1,0.66717654
s_016um_00355_00089-1,0.6491308
s_016um_00270_00056-1,0.558372
s_016um_00098_00319-1,0.5590142
s_016um_00039_00097-1,0.6232667
s_016um_00236_00088-1,0.6993447
s_016um_00043_00041-1,0.5758171
s_016um_00233_00264-1,0.5664288
s_016um_00270_00033-1,0.6293235
s_016um_00171_00126-1,0.74796605
s_016um_00343_00220-1,1.0497884
s_016um_00170_00127-1,0.6617554
s_016um_00175_00374-1,0.74992037
s_016um_00236_00184-1,0.58444893
s_016um_00135_00232-1,0.5576763
s_016um_00239_00090-1,0.72087234
s_016um_00089_00069-1,0.5578262
s_016um_00073_00247-1,0.6113236
s_016um_00287_00093-1,0.75370365
s_016um_00253_00020-1,0.7347941
s_016um_00274_00207-1,0.597054
s_016um_00375_00142-1,0.59076804
s_016um_00356_00117-1,0.7056969
s_016um_00103_00385-1,0.7601359
s_016um_00046_00214-1,0.7063068
s_016um_00355_00090-1,0.7020242
s_016um_00391_00179-1,0.6357852
s_016um_00166_00122-1,0.7612623
s_016um_00361_00287-1,0.62455475
s_016um_00340_00396-1,0.90594786
s_016um_00372_00123-1,0.6499899
s_016um_00276_00130-1,0.6779473
s_016um_00057_00243-1,0.512362
s_016um_00080_00282-1,0.59626603
s_016um_00273_00230-1,0.5422399
s_016um_00309_00054-1,0.63147277
s_016um_00172_00371-1,0.70080703
s_016um_00196_00122-1,0.6760755
s_016um_00043_00171-1,0.5801019
s_016um_00341_00404-1,0.76658607
s_016um_00191_00125-1,0.63995063
s_016um_00084_00034-1,0.6337298
s_016um_00356_00094-1,0.61426413
s_016um_00282_00327-1,0.6768671
s_016um_00407_00396-1,1.6676488
s_016um_00325_00119-1,0.7693361
s_016um_00410_00098-1,0.56990844
s_016um_00387_00344-1,0.769664
s_016um_00222_00330-1,0.5840699
s_016um_00167_00128-1,0.6629231
s_016um_00400_00366-1,0.5564687
s_016um_00163_00285-1,0.6696007
s_016um_00265_00031-1,0.69282144
s_016um_00266_00029-1,0.7779335
s_016um_00338_00400-1,0.7767405
s_016um_00044_00245-1,0.5809521
s_016um_00080_00248-1,0.61281806
s_016um_00328_00228-1,0.5218511
s_016um_00358_00291-1,0.6214152
s_016um_00076_00239-1,0.56380695
s_016um_00122_00149-1,0.58499146
s_016um_00377_00135-1,0.580421
s_016um_00331_00212-1,0.6643376
s_016um_00142_00015-1,0.60161006
s_016um_00099_00315-1,0.6393338
s_016um_00010_00158-1,0.66927534
s_016um_00268_00061-1,0.6862353
s_016um_00371_00148-1,0.69855237
s_016um_00220_00232-1,0.7931215
s_016um_00333_00254-1,0.7425013
s_016um_00366_00099-1,0.6256675
s_016um_00280_00311-1,0.6896258
s_016um_00216_00017-1,0.64834285
s_016um_00064_00232-1,0.751884
s_016um_00260_00132-1,0.57027704
s_016um_00043_00242-1,1.1713191
s_016um_00361_00289-1,0.59498537
s_016um_00402_00256-1,0.59181225
s_016um_00100_00024-1,0.5839286
s_016um_00034_00104-1,0.57307345
s_016um_00184_00025-1,0.6462812
s_016um_00094_00026-1,0.6500044
s_016um_00223_00236-1,0.56097317
s_016um_00400_00254-1,0.5371251
s_016um_00048_00240-1,0.6007888
s_016um_00046_00239-1,0.62805414
s_016um_00068_00237-1,0.60593945
s_016um_00147_00395-1,0.6238667
s_016um_00348_00219-1,0.5466342
s_016um_00229_00330-1,0.6106303
s_016um_00085_00281-1,0.5551641
s_016um_00325_00163-1,0.58176523
s_016um_00020_00265-1,0.603068
s_016um_00354_00093-1,0.6354435
s_016um_00226_00250-1,0.5816102
s_016um_00245_00082-1,0.6850496
s_016um_00271_00229-1,0.75695056
s_016um_00190_00090-1,0.64526314
s_016um_00374_00147-1,0.84556216
s_016um_00220_00168-1,0.65872025
s_016um_00103_00072-1,0.70011
s_016um_00280_00050-1,0.7243438
s_016um_00307_00056-1,0.76289684
s_016um_00081_00284-1,0.5595019
s_016um_00012_00208-1,0.66317767
s_016um_00068_00132-1,0.5877203
s_016um_00097_00318-1,0.57704896
s_016um_00241_00086-1,0.71594304
s_016um_00336_00255-1,0.55704504
s_016um_00289_00094-1,0.78726816
s_016um_00064_00129-1,0.5823492
s_016um_00264_00061-1,0.8113279
s_016um_00006_00158-1,0.73173416
s_016um_00086_00035-1,0.6910869
s_016um_00144_00062-1,0.62656105
s_016um_00038_00179-1,0.7280953
s_016um_00269_00028-1,0.6259468
s_016um_00136_00232-1,0.6243904
s_016um_00307_00054-1,0.6515099
s_016um_00027_00092-1,0.58370703
s_016um_00085_00031-1,0.50081253
s_016um_00283_00096-1,0.7924153
s_016um_00056_00249-1,0.5986985
s_016um_00354_00092-1,0.6874906
s_016um_00128_00092-1,0.5870524
s_016um_00408_00153-1,0.6790515
s_016um_00260_00190-1,0.61114174
s_016um_00228_00261-1,0.57810515
s_016um_00329_00256-1,0.61889285
s_016um_00134_00315-1,1.0707594
s_016um_00278_00205-1,0.5720477
s_016um_00346_00214-1,0.57677615
s_016um_00073_00248-1,0.59637713
s_016um_00213_00034-1,0.6342216
s_016um_00220_00169-1,0.56453747
s_016um_00144_00016-1,0.6358104
s_016um_00132_00225-1,0.5424844
s_016um_00394_00370-1,0.6835696
s_016um_00217_00017-1,0.67678046
s_016um_00091_00337-1,0.72999406
s_016um_00088_00067-1,0.60057396
s_016um_00084_00070-1,0.7154304
s_016um_00229_00249-1,0.53792167
s_016um_00242_00090-1,0.67608654
s_016um_00384_00134-1,0.69185257
s_016um_00114_00319-1,0.5703121
s_016um_00225_00027-1,0.71602714
s_016um_00172_00378-1,0.6390401
s_016um_00264_00190-1,0.5917275
s_016um_00035_00101-1,0.57636845
s_016um_00356_00417-1,1.2212784
s_016um_00212_00280-1,0.56485116
s_016um_00274_00209-1,0.5316786
s_016um_00107_00321-1,0.6781682
s_016um_00136_00320-1,1.1211598
s_016um_00123_00148-1,0.83421725
s_016um_00014_00208-1,0.57861924
s_016um_00068_00128-1,0.62776595
s_016um_00083_00294-1,0.5743406
s_016um_00319_00163-1,0.6489205
s_016um_00059_00247-1,0.6523319
s_016um_00037_00101-1,0.7333759
s_016um_00355_00417-1,1.11307
s_016um_00086_00071-1,0.685532
s_016um_00331_00126-1,0.5441931
s_016um_00378_00135-1,0.61573935
s_016um_00404_00394-1,1.4871607
s_016um_00068_00238-1,0.62074983
s_016um_00335_00251-1,0.719561
s_016um_00110_00315-1,0.74336016
s_016um_00043_00177-1,0.5438825
s_016um_00325_00125-1,0.69299877
s_016um_00351_00092-1,0.7195549
s_016um_00255_00034-1,0.75711787
s_016um_00365_00229-1,0.5821518
s_016um_00042_00213-1,0.88680863
s_016um_00344_00211-1,0.6294789
s_016um_00373_00146-1,0.891569
s_016um_00041_00042-1,0.5935816
s_016um_00235_00262-1,0.6119015
s_016um_00273_00332-1,0.58440787
s_016um_00044_00214-1,0.5726281
s_016um_00206_00148-1,0.68851155
s_016um_00287_00097-1,0.84410805
s_016um_00118_00144-1,0.6428376
s_016um_00221_00283-1,0.5766992
s_016um_00280_00326-1,0.5363157
s_016um_00372_00139-1,0.85372496
s_016um_00387_00133-1,0.7051342
s_016um_00029_00335-1,0.54690313
s_016um_00097_00320-1,0.6294018
s_016um_00263_00335-1,0.7448147
s_016um_00133_00314-1,1.1672113
s_016um_00358_00285-1,0.6534058
s_016um_00416_00138-1,0.5726545
s_016um_00348_00023-1,0.7361817
s_016um_00358_00418-1,1.4903877
s_016um_00225_00231-1,0.54378617
s_016um_00366_00226-1,0.6456355
s_016um_00270_00062-1,0.6576636
s_016um_00219_00174-1,0.58394796
s_016um_00393_00341-1,0.6372301
s_016um_00363_00290-1,0.55700034
s_016um_00070_00231-1,0.557798
s_016um_00228_00328-1,0.53859824
s_016um_00213_00281-1,0.6212353
s_016um_00170_00372-1,0.6583748
s_016um_00089_00277-1,0.55228615
s_016um_00080_00281-1,0.6051085
s_016um_00085_00071-1,0.7186191
s_016um_00237_00085-1,0.85013473
s_016um_00061_00131-1,0.59066314
s_016um_00089_00266-1,0.54438365
s_016um_00136_00077-1,0.5622449
s_016um_00338_00396-1,0.77594537
s_016um_00092_00266-1,0.51461834
s_016um_00257_00184-1,0.6789463
s_016um_00218_00031-1,0.6216151
s_016um_00173_00373-1,0.54643905
s_016um_00087_00069-1,0.59805673
s_016um_00213_00029-1,0.6540599
s_016um_00327_00303-1,0.88310945
s_016um_00344_00215-1,0.6003244
s_016um_00107_00388-1,0.63300484
s_016um_00126_00090-1,0.6545309
s_016um_00320_00301-1,0.57695097
s_016um_00267_00228-1,0.5595836
s_016um_00259_00028-1,0.7125426
s_016um_00009_00295-1,0.6530967
s_016um_00328_00254-1,0.6823819
s_016um_00038_00099-1,0.77352166
s_016um_00222_00237-1,0.60706097
s_016um_00328_00229-1,0.5323029
s_016um_00337_00401-1,0.7741007
s_016um_00369_00227-1,0.71333504
s_016um_00036_00044-1,0.6117986
s_016um_00275_00134-1,0.6478519
s_016um_00139_00061-1,0.55749327
s_016um_00327_00231-1,0.5464981
s_016um_00330_00255-1,0.6696124
s_016um_00326_00122-1,0.47171098
s_016um_00048_00245-1,0.6614316
s_016um_00273_00205-1,0.59911263
s_016um_00322_00300-1,0.6775287
s_016um_00334_00251-1,0.63743657
s_016um_00133_00089-1,0.76025575
s_016um_00336_00214-1,0.629006
s_016um_00006_00211-1,0.7428888
s_016um_00081_00298-1,0.5753074
s_016um_00238_00356-1,0.48026296
s_016um_00138_00218-1,0.7057375
s_016um_00218_00168-1,0.6511598
s_016um_00265_00338-1,0.69172686
s_016um_00271_00331-1,0.5843347
s_016um_00390_00294-1,0.5625442
s_016um_00039_00048-1,0.7169267
s_016um_00352_00119-1,0.6481599
s_016um_00100_00322-1,0.5670349
s_016um_00369_00098-1,0.59982514
s_016um_00067_00229-1,0.6685069
s_016um_00146_00017-1,0.53804225
s_016um_00223_00173-1,0.79544675
s_016um_00098_00341-1,0.5172609
s_016um_00402_00402-1,1.9373481
s_016um_00241_00087-1,0.9500202
s_016um_00266_00331-1,0.5295592
s_016um_00262_00332-1,0.57535124
s_016um_00372_00100-1,0.75768447
s_016um_00255_00028-1,0.75231415
s_016um_00209_00290-1,0.57448
s_016um_00103_00070-1,0.67173874
s_016um_00363_00223-1,0.66000587
s_016um_00355_00415-1,1.5680826
s_016um_00033_00332-1,0.5565342
s_016um_00336_00401-1,0.7395277
s_016um_00083_00068-1,0.60154855
s_016um_00407_00153-1,0.63347644
s_016um_00346_00213-1,0.59949076
s_016um_00017_00269-1,0.6621589
s_016um_00387_00134-1,0.6730972
s_016um_00359_00412-1,0.9681994
s_016um_00249_00023-1,0.776244
s_016um_00334_00213-1,0.5943091
s_016um_00135_00229-1,0.6286732
s_016um_00232_00090-1,0.59161687
s_016um_00352_00021-1,0.67601633
s_016um_00367_00100-1,0.8091053
s_016um_00381_00130-1,0.5712967
s_016um_00248_00026-1,0.6551683
s_016um_00097_00029-1,0.7192972
s_016um_00132_00226-1,0.5501339
s_016um_00393_00292-1,0.5624698
s_016um_00135_00231-1,0.567674
s_016um_00140_00220-1,0.54367757
s_016um_00368_00124-1,0.6906862
s_016um_00170_00376-1,0.6898004
s_016um_00357_00293-1,0.6765649
s_016um_00377_00139-1,0.6484212
s_016um_00130_00316-1,0.97878724
s_016um_00226_00333-1,0.53047746
s_016um_00226_00231-1,0.6430529
s_016um_00240_00186-1,0.5445843
s_016um_00042_00101-1,0.6714294
s_016um_00225_00245-1,0.6667229
s_016um_00008_00154-1,0.59177834
s_016um_00167_00374-1,0.63775176
s_016um_00079_00032-1,0.6266679
s_016um_00370_00102-1,0.8573877
s_016um_00330_00217-1,0.6143161
s_016um_00215_00035-1,0.5744594
s_016um_00190_00093-1,0.5695347
s_016um_00339_00404-1,0.7086906
s_016um_00236_00262-1,0.7435279
s_016um_00083_00299-1,0.57655275
s_016um_00010_00293-1,0.7743133
s_016um_00288_00096-1,0.704312
s_016um_00290_00100-1,0.68491817
s_016um_00074_00238-1,0.5663971
s_016um_00228_00243-1,0.5859144
s_016um_00383_00127-1,0.62219507
s_016um_00076_00236-1,0.57247293
s_016um_00089_00267-1,0.6551929
s_016um_00240_00189-1,0.663323
s_016um_00359_00119-1,0.56290656
s_016um_00009_00300-1,0.57854897
s_016um_00005_00153-1,0.5432719
s_016um_00140_00221-1,0.6744094
s_016um_00370_00225-1,0.58066845
s_016um_00269_00228-1,0.5548341
s_016um_00141_00076-1,0.89444834
s_016um_00163_00286-1,0.55185676
s_016um_00319_00162-1,0.6720795
s_016um_00071_00237-1,0.59501976
s_016um_00279_00314-1,0.82033044
s_016um_00274_00202-1,0.63983935
s_016um_00017_00267-1,0.6634331
s_016um_00229_00247-1,0.5426901
s_016um_00077_00246-1,0.6400785
s_016um_00224_00330-1,0.55462676
s_016um_00106_00390-1,0.62950283
s_016um_00324_00233-1,0.6378476
s_016um_00355_00093-1,0.6338161
s_016um_00270_00057-1,0.56885016
s_016um_00274_00223-1,0.5893277
s_016um_00227_00329-1,0.54459554
s_016um_00131_00228-1,0.5834851
s_016um_00068_00233-1,0.5867264
s_016um_00275_00312-1,0.68755865
s_016um_00080_00201-1,0.6113382
s_016um_00091_00273-1,0.54666376
s_016um_00073_00244-1,0.6455736
s_016um_00040_00045-1,0.63264275
s_016um_00170_00374-1,0.651633
s_016um_00218_00009-1,0.5539408
s_016um_00195_00094-1,0.7535145
s_016um_00276_00328-1,0.65570974
s_016um_00032_00334-1,0.7141799
s_016um_00075_00293-1,0.71463263
s_016um_00078_00245-1,0.56920063
s_016um_00267_00336-1,0.53352195
s_016um_00230_00244-1,0.6262736
s_016um_00096_00273-1,0.53825253
s_016um_00325_00302-1,0.53207684
s_016um_00231_00357-1,0.631066
s_016um_00373_00121-1,0.5856911
s_016um_00336_00400-1,0.9741137
s_016um_00357_00291-1,0.67530656
s_016um_00400_00126-1,0.5813684
s_016um_00095_00335-1,0.5300173
s_016um_00267_00227-1,0.64265245
s_016um_00066_00235-1,0.6822412
s_016um_00183_00033-1,0.59290284
s_016um_00236_00267-1,0.592789
s_016um_00202_00152-1,0.7162021
s_016um_00324_00224-1,0.69391364
s_016um_00268_00335-1,0.5339043
s_016um_00415_00099-1,0.6142169
s_016um_00097_00340-1,0.6416411
s_016um_00077_00241-1,0.50300765
s_016um_00258_00192-1,0.59434897
s_016um_00093_00322-1,0.56006324
s_016um_00216_00229-1,0.57390857
s_016um_00029_00092-1,0.5554208
s_016um_00278_00312-1,0.5936241
s_016um_00106_00069-1,0.53275865
s_016um_00266_00133-1,0.6864374
s_016um_00218_00172-1,0.6566636
s_016um_00267_00224-1,0.55888474
s_016um_00334_00218-1,0.5300344
s_016um_00031_00335-1,0.54668885
s_016um_00251_00027-1,0.5347738
s_016um_00107_00315-1,0.563279
s_016um_00040_00050-1,0.57227844
s_016um_00236_00183-1,0.6513391
s_016um_00236_00087-1,0.7850276
s_016um_00136_00219-1,0.60256076
s_016um_00224_00027-1,0.82516927
s_016um_00324_00167-1,0.70344996
s_016um_00408_00402-1,1.7122467
s_016um_00401_00399-1,1.4377426
s_016um_00391_00358-1,0.8882345
s_016um_00137_00071-1,0.63298863
s_016um_00189_00098-1,0.675756
s_016um_00218_00024-1,0.5607448
s_016um_00048_00212-1,0.5895672
s_016um_00280_00327-1,0.596074
s_016um_00372_00140-1,0.66542786
s_016um_00356_00412-1,0.9502325
s_016um_00407_00100-1,0.6999515
s_016um_00244_00086-1,0.61852735
s_016um_00310_00059-1,0.77755964
s_016um_00137_00069-1,0.6963421
s_016um_00044_00237-1,0.58273304
s_016um_00096_00318-1,0.55678946
s_016um_00083_00240-1,0.61979055
s_016um_00093_00269-1,0.5450893
s_016um_00146_00401-1,0.59599304
s_016um_00400_00120-1,0.6325954
s_016um_00039_00042-1,0.57112896
s_016um_00067_00235-1,0.69352424
s_016um_00088_00269-1,0.5250375
s_016um_00196_00123-1,0.74693507
s_016um_00270_00337-1,0.55650383
s_016um_00360_00415-1,1.2669828
s_016um_00272_00051-1,0.7607794
s_016um_00216_00170-1,0.8368373
s_016um_00369_00140-1,0.61309195
s_016um_00128_00229-1,0.57216185
s_016um_00126_00385-1,0.9720283
s_016um_00321_00224-1,0.5298843
s_016um_00166_00127-1,0.6210156
s_016um_00352_00115-1,0.55740106
s_016um_00030_00335-1,0.6156409
s_016um_00395_00367-1,0.6785791
s_016um_00267_00128-1,0.68180007
s_016um_00032_00336-1,0.62818176
s_016um_00356_00096-1,0.65061796
s_016um_00266_00135-1,0.67297524
s_016um_00395_00343-1,0.7389376
s_016um_00011_00299-1,0.5451123
s_016um_00262_00188-1,0.5832826
s_016um_00158_00288-1,0.5654332
s_016um_00111_00318-1,0.62011504
s_016um_00179_00025-1,0.59072125
s_016um_00147_00018-1,0.64112
s_016um_00268_00036-1,0.555692
s_016um_00216_00231-1,0.51146597
s_016um_00358_00412-1,1.1146439
s_016um_00233_00087-1,0.661789
s_016um_00289_00099-1,0.6367038
s_016um_00199_00147-1,0.62744033
s_016um_00330_00258-1,0.6430528
s_016um_00248_00085-1,0.6009913
s_016um_00038_00047-1,0.98289466
s_016um_00190_00123-1,0.738326
s_016um_00268_00222-1,0.6999459
s_016um_00048_00239-1,0.59312
s_016um_00045_00216-1,0.6323195
s_016um_00274_00135-1,0.5741345
s_016um_00264_00187-1,0.99942243
s_016um_00144_00022-1,0.686802
s_016um_00372_00097-1,0.54340816
s_016um_00355_00114-1,0.64046067
s_016um_00371_00099-1,0.5919126
s_016um_00132_00234-1,0.5409851
s_016um_00280_00049-1,0.92138207
s_016um_00264_00135-1,0.8962044
s_016um_00241_00085-1,0.60606945
s_016um_00359_00417-1,1.2548108
s_016um_00101_00073-1,0.6153854
s_016um_00240_00087-1,0.69037956
s_016um_00407_00397-1,1.5719547
s_016um_00276_00322-1,0.63828754
s_016um_00071_00232-1,0.60592806
s_016um_00231_00260-1,0.5639352
s_016um_00139_00071-1,0.62621784
s_016um_00358_00117-1,0.66872424
s_016um_00196_00127-1,0.5845088
s_016um_00308_00054-1,0.65675724
s_016um_00389_00343-1,0.7062269
s_016um_00228_00238-1,0.5625492
s_016um_00327_00299-1,0.5729419
s_016um_00061_00244-1,0.60899323
s_016um_00403_00263-1,0.7383218
s_016um_00101_00383-1,0.6350934
s_016um_00223_00232-1,0.5593489
s_016um_00128_00320-1,0.60060227
s_016um_00269_00027-1,0.54239106
s_016um_00027_00087-1,0.6637633
s_016um_00006_00293-1,0.5823673
s_016um_00224_00231-1,0.6560392
s_016um_00327_00304-1,0.67321306
s_016um_00178_00025-1,0.639257
s_016um_00036_00104-1,0.65920955
s_016um_00380_00132-1,0.78476727
s_016um_00367_00222-1,0.5810935
s_016um_00272_00204-1,0.6456344
s_016um_00068_00127-1,0.56766653
s_016um_00350_00093-1,0.7522903
s_016um_00087_00267-1,0.6011384
s_016um_00331_00219-1,0.56452185
s_016um_00321_00231-1,0.73111993
s_016um_00395_00181-1,0.7366463
s_016um_00076_00238-1,0.6789829
s_016um_00407_00150-1,0.72703254
s_016um_00078_00244-1,0.72374755
s_016um_00252_00021-1,0.6385909
s_016um_00353_00118-1,0.6233498
s_016um_00345_00216-1,0.6422262
s_016um_00417_00137-1,0.73410785
s_016um_00276_00313-1,0.61997265
s_016um_00039_00099-1,0.856577
s_016um_00237_00358-1,0.63149333
s_016um_00159_00290-1,0.54863495
s_016um_00098_00065-1,0.6123113
s_016um_00223_00246-1,0.5508801
s_016um_00142_00061-1,0.60783255
s_016um_00061_00247-1,0.6179422
s_016um_00032_00085-1,0.784606
s_016um_00149_00402-1,0.6156552
s_016um_00220_00171-1,0.63395673
s_016um_00229_00248-1,0.5574641
s_016um_00187_00094-1,0.6838443
s_016um_00389_00341-1,0.78129023
s_016um_00390_00342-1,0.8539293
s_016um_00231_00265-1,0.5398521
s_016um_00308_00055-1,0.5866189
s_016um_00188_00091-1,0.70117116
s_016um_00045_00175-1,0.6755771
s_016um_00406_00154-1,0.7017616
s_016um_00125_00388-1,0.6288137
s_016um_00372_00116-1,0.6648774
s_016um_00280_00203-1,0.59611875
s_016um_00357_00294-1,0.61093545
s_016um_00331_00118-1,0.641822
s_016um_00202_00145-1,0.7828088
s_016um_00012_00209-1,0.6233914
s_016um_00262_00192-1,0.5999341
s_016um_00216_00228-1,0.57325506
s_016um_00206_00150-1,0.59524137
s_016um_00095_00273-1,0.5633764
s_016um_00269_00033-1,0.5274869
s_016um_00274_00137-1,0.70152223
s_016um_00133_00092-1,0.72380143
s_016um_00185_00031-1,0.5606425
s_016um_00330_00124-1,0.53381586
s_016um_00401_00260-1,0.67994267
s_016um_00228_00265-1,0.5718719
s_016um_00205_00152-1,0.73598516
s_016um_00401_00213-1,0.5503311
s_016um_00086_00198-1,0.7247653
s_016um_00234_00354-1,0.7309472
s_016um_00215_00032-1,0.7235795
s_016um_00029_00333-1,0.5976285
s_016um_00207_00293-1,0.56628484
s_016um_00034_00007-1,0.6215755
s_016um_00124_00388-1,0.5781108
s_016um_00090_00066-1,0.647605
s_016um_00037_00172-1,0.5831142
s_016um_00169_00378-1,0.5750574
s_016um_00255_00026-1,0.6569964
s_016um_00132_00086-1,0.58985984
s_016um_00393_00344-1,0.8536737
s_016um_00277_00316-1,0.6030294
s_016um_00163_00293-1,0.5965298
s_016um_00065_00131-1,0.662785
s_016um_00213_00277-1,0.5443363
s_016um_00106_00383-1,0.5569656
s_016um_00103_00388-1,0.59834385
s_016um_00060_00129-1,0.5461098
s_016um_00228_00334-1,0.5451948
s_016um_00136_00226-1,0.61190003
s_016um_00173_00370-1,0.96637005
s_016um_00393_00177-1,0.78244376
s_016um_00211_00297-1,0.5515948
s_016um_00366_00223-1,0.5806225
s_016um_00015_00272-1,0.6481927
s_016um_00235_00089-1,0.64142984
s_016um_00163_00124-1,0.58050764
s_016um_00085_00028-1,0.7335069
s_016um_00119_00149-1,0.5894056
s_016um_00046_00243-1,0.65045816
s_016um_00158_00289-1,0.6112489
s_016um_00131_00383-1,0.6771799
s_016um_00232_00086-1,0.6182381
s_016um_00069_00230-1,0.65452605
s_016um_00274_00032-1,0.6920383
s_016um_00409_00102-1,0.57692474
s_016um_00097_00274-1,0.6801709
s_016um_00380_00141-1,0.6816008
s_016um_00038_00043-1,0.57183063
s_016um_00413_00102-1,0.6711972
s_016um_00081_00297-1,0.57099944
s_016um_00273_00051-1,0.6625838
s_016um_00238_00090-1,0.749393
s_016um_00218_00232-1,0.5840334
s_016um_00112_00321-1,0.9947511
s_016um_00094_00279-1,0.6379295
s_016um_00391_00337-1,0.62604165
s_016um_00101_00319-1,0.63005275
s_016um_00181_00025-1,0.5938771
s_016um_00007_00297-1,0.56840223
s_016um_00215_00295-1,0.67374396
s_016um_00136_00231-1,0.5895779
s_016um_00033_00087-1,0.66612494
s_016um_00146_00021-1,0.57298666
s_016um_00193_00126-1,0.8773874
s_016um_00067_00125-1,0.6075266
s_016um_00065_00129-1,0.649854
s_016um_00396_00179-1,0.6449469
s_016um_00223_00168-1,0.7879418
s_016um_00099_00067-1,0.52108884
s_016um_00081_00269-1,0.6201309
s_016um_00326_00232-1,0.5875481
s_016um_00405_00259-1,0.6039663
s_016um_00041_00204-1,0.6520009
s_016um_00412_00104-1,0.54646516
s_016um_00084_00278-1,0.6088263
s_016um_00403_00151-1,0.6270661
s_016um_00406_00401-1,2.2601225
s_016um_00366_00095-1,0.53830904
s_016um_00080_00193-1,0.65683645
s_016um_00038_00171-1,0.60025537
s_016um_00381_00133-1,0.59519166
s_016um_00401_00256-1,0.68227166
s_016um_00226_00328-1,0.5805301
s_016um_00036_00176-1,0.58084303
s_016um_00084_00197-1,0.6454523
s_016um_00230_00265-1,0.4961084
s_016um_00347_00022-1,0.7434912
s_016um_00357_00411-1,1.0765101
s_016um_00033_00008-1,0.6635119
s_016um_00179_00032-1,0.62707293
s_016um_00369_00118-1,0.6109966
s_016um_00237_00190-1,0.63626504
s_016um_00368_00230-1,0.53637165
s_016um_00075_00237-1,0.6405873
s_016um_00016_00272-1,0.5686334
s_016um_00099_00387-1,0.64117545
s_016um_00216_00018-1,0.652716
s_016um_00348_00218-1,0.5746132
s_016um_00131_00314-1,0.74157196
s_016um_00398_00371-1,0.75371754
s_016um_00142_00222-1,0.60679317
s_016um_00013_00154-1,0.5509074
s_016um_00128_00088-1,0.877845
s_016um_00214_00014-1,0.59844244
s_016um_00095_00026-1,0.72756773
s_016um_00262_00128-1,0.7343627
s_016um_00408_00400-1,2.0604656
s_016um_00065_00238-1,0.62934196
s_016um_00327_00227-1,0.70972836
s_016um_00047_00242-1,0.9469311
s_016um_00255_00021-1,0.68649
s_016um_00322_00306-1,0.57833517
s_016um_00389_00298-1,0.6340074
s_016um_00090_00340-1,0.610681
s_016um_00355_00289-1,0.6467881
s_016um_00128_00381-1,0.6264742
s_016um_00349_00020-1,0.60724956
s_016um_00075_00238-1,0.5828512
s_016um_00263_00130-1,0.82788706
s_016um_00008_00151-1,0.56177294
s_016um_00405_00148-1,0.59479964
s_016um_00241_00182-1,0.5987715
s_016um_00137_00220-1,0.5649404
s_016um_00245_00090-1,0.6324988
s_016um_00217_00012-1,1.0816448
s_016um_00278_00329-1,0.58017415
s_016um_00141_00221-1,0.6289314
s_016um_00098_00321-1,0.57744604
s_016um_00076_00247-1,0.6369054
s_016um_00007_00156-1,0.5850123
s_016um_00029_00091-1,0.631433
s_016um_00098_00337-1,0.77212465
s_016um_00101_00071-1,0.6361673
s_016um_00039_00205-1,0.67003566
s_016um_00320_00299-1,0.6226078
s_016um_00012_00156-1,0.5796602
s_016um_00397_00373-1,0.7429849
s_016um_00380_00127-1,0.6668887
s_016um_00382_00130-1,0.57900774
s_016um_00142_00221-1,0.69753444
s_016um_00134_00316-1,0.9337666
s_016um_00131_00387-1,0.593228
s_016um_00081_00286-1,0.5475161
s_016um_00369_00094-1,0.5603228
s_016um_00099_00317-1,0.5298288
s_016um_00237_00362-1,0.51846087
s_016um_00228_00251-1,0.5574034
s_016um_00141_00070-1,0.6571263
s_016um_00351_00023-1,0.63803715
s_016um_00133_00322-1,1.0814971
s_016um_00372_00122-1,0.859378
s_016um_00216_00173-1,0.7504889
s_016um_00329_00126-1,0.58730966
s_016um_00359_00293-1,0.63827443
s_016um_00275_00202-1,0.6280232
s_016um_00133_00071-1,0.60871583
s_016um_00332_00217-1,0.6376022
s_016um_00325_00301-1,0.7463474
s_016um_00192_00092-1,0.5820975
s_016um_00138_00224-1,0.5280881
s_016um_00151_00397-1,0.56961846
s_016um_00272_00047-1,0.71785885
s_016um_00069_00232-1,0.62585515
s_016um_00088_00275-1,0.61998814
s_016um_00330_00213-1,0.7076223
s_016um_00233_00085-1,0.68575513
s_016um_00104_00389-1,0.6785847
s_016um_00217_00011-1,0.5753193
s_016um_00351_00116-1,0.6625891
s_016um_00069_00231-1,0.62310207
s_016um_00320_00226-1,0.75659627
s_016um_00214_00293-1,0.52608293
s_016um_00165_00126-1,0.89513767
s_016um_00031_00328-1,0.5683473
s_016um_00076_00243-1,0.56427324
s_016um_00273_00224-1,0.5594655
s_016um_00347_00220-1,0.59861207
s_016um_00374_00124-1,0.57638174
s_016um_00213_00035-1,0.60099
s_016um_00217_00167-1,0.6776186
s_016um_00323_00231-1,0.5749599
s_016um_00239_00084-1,0.72862756
s_016um_00214_00034-1,0.63007945
s_016um_00161_00287-1,0.7617012
s_016um_00374_00142-1,0.53457725
s_016um_00275_00329-1,0.7207376
s_016um_00006_00296-1,0.6059676
s_016um_00236_00091-1,0.77128524
s_016um_00374_00141-1,0.5963252
s_016um_00281_00318-1,0.62924
s_016um_00082_00283-1,0.6405316
s_016um_00324_00162-1,0.62442666
s_016um_00191_00124-1,0.7744288
s_016um_00371_00095-1,0.5605553
s_016um_00215_00284-1,0.6564288
s_016um_00326_00163-1,0.60846114
s_016um_00118_00145-1,0.6265944
s_016um_00160_00287-1,0.8513344
s_016um_00069_00130-1,0.6146258
s_016um_00336_00253-1,0.6062578
s_016um_00418_00138-1,0.66138816
s_016um_00225_00334-1,0.57796913
s_016um_00325_00122-1,0.5924263
s_016um_00358_00091-1,0.62548095
s_016um_00095_00025-1,0.6189916
s_016um_00083_00297-1,0.5741769
s_016um_00047_00240-1,0.56973493
s_016um_00200_00152-1,0.7444818
s_016um_00282_00322-1,0.6169938
s_016um_00063_00125-1,0.64631087
s_016um_00357_00286-1,0.5981053
s_016um_00351_00091-1,0.72958654
s_016um_00388_00295-1,0.6838427
s_016um_00358_00410-1,1.032723
s_016um_00392_00293-1,0.5054481
s_016um_00324_00299-1,0.63241756
s_016um_00042_00206-1,0.89008015
s_016um_00082_00295-1,0.6419009
s_016um_00369_00145-1,0.52651083
s_016um_00223_00014-1,0.58932555
s_016um_00004_00156-1,0.57402635
s_016um_00392_00365-1,0.6494166
s_016um_00097_00031-1,0.725864
s_016um_00327_00118-1,0.73004395
s_016um_00388_00341-1,0.70459336
s_016um_00237_00357-1,0.51072097
s_016um_00275_00225-1,0.6011102
s_016um_00216_00011-1,0.6682719
s_016um_00260_00189-1,0.6226586
s_016um_00100_00318-1,0.61191237
s_016um_00223_00233-1,0.59314454
s_016um_00277_00049-1,0.59105545
s_016um_00195_00092-1,0.5337657
s_016um_00220_00233-1,0.7252868
s_016um_00324_00165-1,0.5687381
s_016um_00218_00015-1,0.6813289
s_016um_00069_00236-1,0.5894023
s_016um_00095_00031-1,0.6830101
s_016um_00214_00291-1,0.5793495
s_016um_00401_00149-1,0.6181504
s_016um_00135_00073-1,0.6338293
s_016um_00368_00222-1,0.57486653
s_016um_00264_00056-1,0.60935473
s_016um_00355_00098-1,0.5990668
s_016um_00267_00335-1,0.5857428
s_016um_00355_00023-1,0.77378166
s_016um_00118_00147-1,0.70978194
s_016um_00104_00391-1,0.5426302
s_016um_00258_00191-1,0.5298526
s_016um_00212_00035-1,0.64365417
s_016um_00011_00296-1,0.6971487
s_016um_00045_00204-1,0.6736815
s_016um_00006_00210-1,0.6278814
s_016um_00258_00188-1,0.5917493
s_016um_00090_00339-1,0.6438425
s_016um_00131_00086-1,0.7668699
s_016um_00032_00090-1,0.60128784
s_016um_00258_00030-1,0.6295802
s_016um_00083_00193-1,0.68021613
s_016um_00395_00183-1,0.5384826
s_016um_00257_00026-1,0.62866527
s_016um_00042_00175-1,0.5872669
s_016um_00322_00302-1,0.6126659
s_016um_00323_00230-1,0.6377631
s_016um_00234_00186-1,0.5857724
s_016um_00134_00218-1,0.57254684
s_016um_00227_00328-1,0.55849403
s_016um_00268_00228-1,0.6199691
s_016um_00391_00344-1,1.0865971
s_016um_00137_00218-1,0.60864115
s_016um_00128_00321-1,0.76074815
s_016um_00212_00030-1,0.63425785
s_016um_00131_00088-1,0.73649967
s_016um_00191_00127-1,0.75260395
s_016um_00270_00333-1,0.579465
s_016um_00274_00334-1,0.6737923
s_016um_00387_00294-1,0.690325
s_016um_00083_00196-1,0.8525713
s_016um_00133_00318-1,1.1188103
s_016um_00048_00215-1,0.64071584
s_016um_00213_00026-1,0.629227
s_016um_00279_00131-1,0.66111195
s_016um_00168_00376-1,0.6139175
s_016um_00014_00271-1,0.5925349
s_016um_00097_00336-1,0.6115104
s_016um_00133_00316-1,0.92071986
s_016um_00104_00386-1,0.6703795
s_016um_00137_00073-1,0.6093762
s_016um_00081_00201-1,0.65931505
s_016um_00281_00313-1,0.5216776
s_016um_00354_00097-1,0.7023204
s_016um_00149_00403-1,0.58836293
s_016um_00247_00024-1,0.697848
s_016um_00011_00155-1,0.6577684
s_016um_00260_00129-1,0.69580567
s_016um_00033_00100-1,0.6268022
s_016um_00032_00101-1,0.5593243
s_016um_00028_00334-1,0.5544866
s_016um_00405_00397-1,1.829663
s_016um_00386_00126-1,0.8087681
s_016um_00085_00268-1,0.5561644
s_016um_00043_00241-1,1.0401736
s_016um_00038_00048-1,0.7171943
s_016um_00376_00137-1,0.63345855
s_016um_00391_00183-1,0.58589566
s_016um_00271_00029-1,0.6345665
s_016um_00094_00318-1,0.64755476
s_016um_00097_00315-1,0.6387435
s_016um_00273_00328-1,0.7728039
s_016um_00032_00331-1,0.6463346
s_016um_00097_00337-1,0.71704894
s_016um_00009_00214-1,0.58192253
s_016um_00386_00299-1,0.63660496
s_016um_00146_00398-1,0.6278268
s_016um_00216_00034-1,0.6186931
s_016um_00344_00216-1,0.5714776
s_016um_00216_00169-1,0.64852613
s_016um_00281_00134-1,0.58621407
s_016um_00133_00386-1,0.67653745
s_016um_00354_00120-1,0.6179997
s_016um_00113_00313-1,0.60097086
s_016um_00329_00257-1,0.515596
s_016um_00143_00061-1,0.5420323
s_016um_00368_00094-1,0.6204823
s_016um_00407_00400-1,2.1048949
s_016um_00277_00204-1,0.59997743
s_016um_00064_00235-1,0.98222685
s_016um_00009_00207-1,0.6963545
s_016um_00273_00334-1,0.60507876
s_016um_00041_00203-1,0.6859474
s_016um_00177_00027-1,0.5578847
s_016um_00137_00223-1,0.6369898
s_016um_00072_00250-1,0.5983729
s_016um_00265_00131-1,0.6096674
s_016um_00414_00102-1,0.57494
s_016um_00231_00262-1,0.66614425
s_016um_00055_00246-1,0.7477781
s_016um_00280_00318-1,0.51646423
s_016um_00146_00015-1,0.7408434
s_016um_00364_00100-1,0.6500251
s_016um_00270_00032-1,0.5425636
s_016um_00377_00121-1,0.6476784
s_016um_00066_00234-1,0.70590395
s_016um_00139_00014-1,0.6599643
s_016um_00098_00275-1,0.5222546
s_016um_00185_00028-1,0.6558479
s_016um_00276_00050-1,0.6576587
s_016um_00394_00213-1,0.55916
s_016um_00251_00019-1,0.70039916
s_016um_00078_00197-1,0.8793614
s_016um_00358_00288-1,0.6068302
s_016um_00406_00150-1,0.6617518
s_016um_00220_00280-1,0.5912323
s_016um_00263_00134-1,0.7057954
s_016um_00083_00279-1,0.59726954
s_016um_00158_00285-1,0.6742228
s_016um_00221_00247-1,0.5615519
s_016um_00352_00122-1,0.6212736
s_016um_00065_00130-1,0.61092734
s_016um_00366_00229-1,0.697247
s_016um_00074_00251-1,0.66716504
s_016um_00088_00268-1,0.62558264
s_016um_00080_00268-1,0.5743489
s_016um_00285_00099-1,0.630891
s_016um_00121_00145-1,0.6114623
s_016um_00076_00245-1,0.5576072
s_016um_00332_00218-1,0.62425387
s_016um_00210_00293-1,0.57796806
s_016um_00220_00238-1,0.6025264
s_016um_00367_00144-1,0.555952
s_016um_00332_00122-1,0.709334
s_016um_00320_00227-1,0.77890843
s_016um_00136_00321-1,1.2077215
s_016um_00256_00030-1,0.63217586
s_016um_00089_00338-1,0.6206272
s_016um_00146_00060-1,0.63976157
s_016um_00012_00157-1,0.5994422
s_016um_00007_00214-1,0.63613397
s_016um_00084_00198-1,0.53176737
s_016um_00088_00197-1,0.66284686
s_016um_00399_00123-1,0.8817188
s_016um_00392_00177-1,0.6646642
s_016um_00192_00090-1,0.61541444
s_016um_00110_00322-1,0.8428137
s_016um_00381_00131-1,0.6901676
s_016um_00038_00204-1,0.59746283
s_016um_00375_00140-1,0.59370124
s_016um_00370_00120-1,0.62550247
s_016um_00323_00298-1,0.5596859
s_016um_00263_00337-1,0.596457
s_016um_00079_00295-1,0.57490635
s_016um_00352_00019-1,0.684439
s_016um_00009_00298-1,0.60906106
s_016um_00393_00182-1,0.66553634
s_016um_00006_00212-1,0.6917748
s_016um_00213_00030-1,0.70990014
s_016um_00201_00153-1,0.7005093
s_016um_00354_00095-1,0.6515976
s_016um_00402_00123-1,0.56397814
s_016um_00130_00388-1,0.590436
s_016um_00131_00229-1,0.5424831
s_016um_00074_00252-1,0.76058674
s_016um_00362_00414-1,1.1623167
s_016um_00373_00120-1,0.62911963
s_016um_00240_00085-1,0.6963235
s_016um_00086_00269-1,0.6204932
s_016um_00223_00227-1,0.6232786
s_016um_00190_00129-1,0.58909243
s_016um_00233_00088-1,0.7868126
s_016um_00139_00059-1,0.583425
s_016um_00038_00101-1,0.5983399
s_016um_00258_00034-1,0.7183117
s_016um_00393_00293-1,0.56944543
s_016um_00076_00237-1,0.5945374
s_016um_00370_00227-1,0.58745074
s_016um_00287_00101-1,0.6709663
s_016um_00044_00220-1,0.6122349
s_016um_00400_00121-1,0.73915285
s_016um_00410_00150-1,0.6897605
s_016um_00157_00290-1,0.680884
s_016um_00076_00298-1,0.65195346
s_016um_00204_00150-1,0.6421362
s_016um_00320_00163-1,0.56551725
s_016um_00391_00359-1,0.9484147
s_016um_00289_00096-1,0.7461381
s_016um_00159_00289-1,0.5123089
s_016um_00369_00125-1,0.6680491
s_016um_00048_00216-1,0.71380836
s_016um_00328_00127-1,0.66263044
s_016um_00242_00082-1,0.6525287
s_016um_00221_00027-1,0.60121727
s_016um_00369_00224-1,0.65691686
s_016um_00086_00285-1,0.6336435
s_016um_00097_00277-1,0.64752007
s_016um_00115_00147-1,0.75955224
s_016um_00361_00416-1,1.2637013
s_016um_00085_00267-1,0.60265523
s_016um_00006_00294-1,0.653585
s_016um_00131_00321-1,0.7310462
s_016um_00327_00216-1,0.51356
s_016um_00129_00092-1,0.6067658
s_016um_00399_00369-1,0.65288734
s_016um_00394_00366-1,0.676361
s_016um_00124_00384-1,0.5242647
s_016um_00053_00245-1,0.52832735
s_016um_00257_00027-1,0.7759209
s_016um_00080_00265-1,0.550349
s_016um_00129_00228-1,0.58261627
s_016um_00226_00249-1,0.56195474
s_016um_00190_00127-1,0.7308197
s_016um_00100_00027-1,0.6551517
s_016um_00325_00228-1,0.58124816
s_016um_00045_00211-1,0.6546353
s_016um_00225_00233-1,0.57090676
s_016um_00228_00331-1,0.62452286
s_016um_00277_00325-1,0.6774546
s_016um_00309_00059-1,0.6348858
s_016um_00266_00335-1,0.694792
s_016um_00390_00180-1,0.54960513
s_016um_00076_00251-1,0.6399672
s_016um_00082_00270-1,0.5544047
s_016um_00079_00284-1,0.55391467
s_016um_00366_00096-1,0.56235206
s_016um_00036_00048-1,0.6063214
s_016um_00254_00022-1,0.6707448
s_016um_00398_00257-1,0.7029485
s_016um_00406_00145-1,0.5686523
s_016um_00273_00325-1,0.5654986
s_016um_00077_00250-1,0.8496762
s_016um_00275_00203-1,0.53027713
s_016um_00410_00099-1,0.5864034
s_016um_00098_00068-1,0.5815263
s_016um_00411_00097-1,0.55533016
s_016um_00138_00220-1,0.5614808
s_016um_00400_00214-1,0.59394974
s_016um_00087_00033-1,0.63868886
s_016um_00007_00211-1,0.6215765
s_016um_00011_00156-1,0.64204234
s_016um_00367_00229-1,0.6818728
s_016um_00138_00222-1,0.61608756
s_016um_00331_00252-1,0.60737836
s_016um_00401_00258-1,0.65397185
s_016um_00007_00150-1,0.5495603
s_016um_00085_00282-1,0.50885385
s_016um_00360_00289-1,0.6862539
s_016um_00263_00331-1,0.63868093
s_016um_00032_00007-1,0.6372418
s_016um_00165_00128-1,0.6669091
s_016um_00141_00058-1,0.6427283
s_016um_00214_00017-1,0.8816637
s_016um_00090_00277-1,0.5392178
s_016um_00061_00129-1,0.6777595
s_016um_00093_00341-1,0.67446935
s_016um_00264_00336-1,0.6325572
s_016um_00097_00322-1,0.5983788
s_016um_00325_00165-1,0.6013578
s_016um_00256_00031-1,0.6205706
s_016um_00060_00243-1,0.57874686
s_016um_00217_00230-1,0.5705911
s_016um_00260_00188-1,0.55853146
s_016um_00057_00244-1,0.593269
s_016um_00236_00090-1,0.7831633
s_016um_00407_00125-1,0.56742483
s_016um_00396_00177-1,0.6239105
s_016um_00401_00218-1,0.67221993
s_016um_00126_00382-1,0.5530403
s_016um_00400_00215-1,0.6853989
s_016um_00354_00115-1,0.5710171
s_016um_00364_00098-1,0.674902
s_016um_00260_00186-1,0.7090506
s_016um_00392_00178-1,0.74232507
s_016um_00132_00383-1,0.64625484
s_016um_00236_00189-1,0.57142276
s_016um_00354_00019-1,0.9930184
s_016um_00082_00067-1,0.8805008
s_016um_00283_00095-1,0.61369425
s_016um_00062_00234-1,0.86858696
s_016um_00090_00279-1,0.5076152
s_016um_00324_00163-1,0.62960935
s_016um_00396_00357-1,1.1598674
s_016um_00255_00022-1,0.6641151
s_016um_00008_00159-1,0.63969314
s_016um_00269_00035-1,0.595591
s_016um_00034_00103-1,0.6391835
s_016um_00331_00255-1,0.5932838
s_016um_00080_00243-1,0.6147635
s_016um_00169_00124-1,0.6150645
s_016um_00218_00030-1,0.7431699
s_016um_00261_00132-1,0.6791316
s_016um_00095_00027-1,0.82316077
s_016um_00330_00119-1,0.612283
s_016um_00040_00213-1,0.83533186
s_016um_00019_00269-1,0.74205303
s_016um_00096_00315-1,0.52929765
s_016um_00338_00398-1,0.88216186
s_016um_00402_00396-1,1.2402896
s_016um_00393_00357-1,1.0779223
s_016um_00105_00067-1,0.6022702
s_016um_00171_00370-1,0.8223218
s_016um_00246_00086-1,0.72351444
s_016um_00131_00090-1,0.6452071
s_016um_00044_00213-1,0.6763454
s_016um_00044_00217-1,0.5926358
s_016um_00380_00135-1,0.59982556
s_016um_00402_00263-1,0.574952
s_016um_00138_00020-1,0.6365934
s_016um_00357_00114-1,0.63480955
s_016um_00265_00030-1,0.63352954
s_016um_00370_00139-1,0.6575574
s_016um_00099_00323-1,0.5626847
s_016um_00022_00269-1,0.5938745
s_016um_00337_00253-1,0.552846
s_016um_00076_00295-1,0.5774773
s_016um_00105_00387-1,0.6998332
s_016um_00093_00323-1,0.5670284
s_016um_00145_00400-1,0.6309098
s_016um_00264_00133-1,0.6530353
s_016um_00194_00091-1,0.56125134
s_016um_00226_00251-1,0.53951055
s_016um_00011_00215-1,0.74465406
s_016um_00172_00372-1,0.5991327
s_016um_00324_00225-1,0.5962772
s_016um_00199_00146-1,0.60712355
s_016um_00214_00032-1,0.7939924
s_016um_00397_00369-1,0.62540424
s_016um_00241_00190-1,0.64080185
s_016um_00373_00144-1,0.9511256
s_016um_00368_00119-1,0.5428351
s_016um_00137_00221-1,0.512785
s_016um_00323_00169-1,0.60467666
s_016um_00012_00298-1,0.6120889
s_016um_00182_00026-1,0.64051116
s_016um_00312_00052-1,0.80612326
s_016um_00192_00128-1,0.6039083
s_016um_00046_00204-1,0.765315
s_016um_00398_00364-1,0.66027087
s_016um_00265_00061-1,0.8124384
s_016um_00276_00206-1,0.6211474
s_016um_00272_00036-1,0.7189358
s_016um_00371_00145-1,0.6382284
s_016um_00108_00320-1,0.83240426
s_016um_00391_00361-1,0.83874553
s_016um_00228_00247-1,0.52679044
s_016um_00130_00386-1,0.56760526
s_016um_00367_00146-1,0.62501144
s_016um_00377_00136-1,0.6502148
s_016um_00076_00246-1,0.59455967
s_016um_00399_00218-1,0.5232929
s_016um_00274_00047-1,0.6380846
s_016um_00409_00149-1,0.55447656
s_016um_00213_00294-1,0.58856845
s_016um_00133_00319-1,1.1324079
s_016um_00257_00028-1,0.7153791
s_016um_00090_00341-1,0.7016053
s_016um_00134_00228-1,0.73743546
s_016um_00407_00103-1,0.60046285
s_016um_00078_00250-1,0.8980908
s_016um_00357_00115-1,0.6218615
s_016um_00143_00062-1,0.6584116
s_016um_00274_00322-1,0.68515456
s_016um_00199_00152-1,0.66093045
s_016um_00205_00151-1,0.5700909
s_016um_00093_00318-1,0.5851456
s_016um_00144_00015-1,0.5771629
s_016um_00226_00232-1,0.65884775
s_016um_00211_00034-1,0.79505813
s_016um_00166_00372-1,0.58904284
s_016um_00354_00025-1,0.6156868
s_016um_00306_00058-1,0.7141728
s_016um_00269_00222-1,0.65974826
s_016um_00351_00096-1,0.5950636
s_016um_00278_00204-1,0.56787014
s_016um_00368_00223-1,0.6237962
s_016um_00039_00098-1,0.5695935
s_016um_00105_00070-1,0.555887
s_016um_00243_00186-1,0.6935268
s_016um_00268_00059-1,0.7719838
s_016um_00196_00093-1,0.74734557
s_016um_00206_00146-1,0.5515821
s_016um_00280_00313-1,0.5780036
s_016um_00413_00098-1,0.5326433
s_016um_00038_00205-1,0.70978713
s_016um_00133_00070-1,0.59438
s_016um_00044_00044-1,0.6982386
s_016um_00387_00131-1,0.6577454
s_016um_00389_00294-1,0.7995195
s_016um_00173_00377-1,0.56087226
s_016um_00217_00014-1,0.5962588
s_016um_00139_00019-1,0.64172125
s_016um_00072_00248-1,0.5689021
s_016um_00164_00289-1,0.4698159
s_016um_00256_00023-1,0.5547866
s_016um_00080_00034-1,0.65786994
s_016um_00219_00018-1,0.77033556
s_016um_00132_00319-1,0.98444283
s_016um_00393_00372-1,0.649144
s_016um_00225_00236-1,0.5252763
s_016um_00373_00139-1,0.567656
s_016um_00111_00317-1,0.57844627
s_016um_00401_00214-1,0.71712345
s_016um_00398_00255-1,0.55713236
s_016um_00133_00321-1,1.0957043
s_016um_00153_00398-1,0.5960103
s_016um_00273_00050-1,0.7514005
s_016um_00006_00156-1,0.62910354
s_016um_00212_00027-1,0.693117
s_016um_00329_00216-1,0.607162
s_016um_00169_00123-1,0.63980454
s_016um_00262_00132-1,0.6394518
s_016um_00216_00279-1,0.55528647
s_016um_00089_00276-1,0.573692
s_016um_00323_00170-1,0.53351057
s_016um_00132_00233-1,0.58925354
s_016um_00012_00214-1,0.5815271
s_016um_00348_00022-1,0.6949766
s_016um_00325_00164-1,0.56362903
s_016um_00221_00167-1,0.73049617
s_016um_00229_00268-1,0.51150507
s_016um_00280_00317-1,0.61634094
s_016um_00165_00292-1,0.69102293
s_016um_00414_00140-1,0.6269275
s_016um_00235_00086-1,0.6214325
s_016um_00400_00260-1,0.6567026
s_016um_00223_00249-1,0.62263834
s_016um_00397_00262-1,0.6692739
s_016um_00404_00258-1,0.6310189
s_016um_00400_00261-1,0.59192216
s_016um_00280_00322-1,0.7921176
s_016um_00270_00224-1,0.5889334
s_016um_00138_00058-1,0.59490174
s_016um_00340_00400-1,0.71895164
s_016um_00108_00389-1,0.5871927
s_016um_00090_00278-1,0.5260788
s_016um_00351_00121-1,0.62618643
s_016um_00276_00324-1,0.59224534
s_016um_00328_00119-1,0.8306718
s_016um_00008_00149-1,0.65405315
s_016um_00393_00364-1,0.70022005
s_016um_00095_00337-1,0.63597476
s_016um_00084_00265-1,0.5301538
s_016um_00364_00223-1,0.6375401
s_016um_00396_00361-1,0.7528076
s_016um_00075_00298-1,0.49885035
s_016um_00236_00187-1,0.73809546
s_016um_00035_00175-1,0.5885225
s_016um_00264_00329-1,0.5509298
s_016um_00094_00024-1,0.5650276
s_016um_00385_00295-1,0.600627
s_016um_00031_00337-1,0.61035186
s_016um_00131_00386-1,0.63536024
s_016um_00391_00296-1,0.6259381
s_016um_00041_00102-1,0.6267015
s_016um_00145_00018-1,0.5788357
s_016um_00041_00212-1,0.8301401
s_016um_00094_00322-1,0.5872528
s_016um_00366_00224-1,0.58819366
s_016um_00020_00270-1,0.6817301
s_016um_00038_00209-1,0.68594575
s_016um_00219_00013-1,0.62447137
s_016um_00089_00274-1,0.5751527
s_016um_00064_00128-1,0.68045133
s_016um_00335_00255-1,0.5942484
s_016um_00044_00216-1,0.5815119
s_016um_00216_00281-1,0.5889653
s_016um_00032_00332-1,0.62605137
s_016um_00132_00313-1,0.9749899
s_016um_00358_00092-1,0.6398981
s_016um_00108_00388-1,0.58733064
s_016um_00032_00086-1,0.6275581
s_016um_00372_00141-1,0.62250054
s_016um_00396_00217-1,0.5439091
s_016um_00362_00290-1,0.598272
s_016um_00193_00121-1,0.8629733
s_016um_00275_00132-1,0.67209923
s_016um_00234_00267-1,0.5661255
s_016um_00226_00236-1,0.55723614
s_016um_00129_00230-1,0.65714777
s_016um_00355_00091-1,0.57645845
s_016um_00044_00174-1,0.9288768
s_016um_00351_00020-1,0.7297897
s_016um_00037_00099-1,0.6264271
s_016um_00370_00229-1,0.73492616
s_016um_00086_00282-1,0.5610893
s_016um_00144_00014-1,0.54290396
s_016um_00167_00123-1,0.6689218
s_016um_00232_00262-1,0.69496083
s_016um_00085_00035-1,0.65107846
s_016um_00414_00103-1,0.52236
s_016um_00221_00329-1,0.57969993
s_016um_00343_00213-1,0.52409285
s_016um_00079_00283-1,0.5547631
s_016um_00047_00219-1,0.7504465
s_016um_00398_00124-1,0.64249873
s_016um_00080_00272-1,0.75128305
s_016um_00270_00222-1,0.6318356
s_016um_00097_00272-1,0.58475316
s_016um_00079_00286-1,0.64850986
s_016um_00064_00132-1,0.5926499
s_016um_00306_00055-1,0.59331816
s_016um_00222_00014-1,0.73958147
s_016um_00226_00237-1,0.5813158
s_016um_00218_00230-1,0.5310811
s_016um_00210_00027-1,0.6644123
s_016um_00223_00247-1,0.59901845
s_016um_00275_00046-1,0.59296
s_016um_00138_00018-1,0.64009327
s_016um_00145_00020-1,0.61328995
s_016um_00013_00214-1,0.59478843
s_016um_00217_00225-1,0.5324876
s_016um_00125_00382-1,0.60695523
s_016um_00192_00099-1,0.6307691
s_016um_00063_00231-1,0.62462234
s_016um_00393_00338-1,0.57159036
s_016um_00107_00316-1,0.6671864
s_016um_00350_00118-1,0.540136
s_016um_00413_00140-1,0.73832965
s_016um_00281_00131-1,0.6338779
s_016um_00132_00386-1,0.631087
s_016um_00355_00120-1,0.66215515
s_016um_00125_00087-1,0.6918295
s_016um_00078_00268-1,0.5328903
s_016um_00144_00019-1,0.75419146
s_016um_00086_00199-1,0.6180805
s_016um_00408_00398-1,2.0052688
s_016um_00096_00324-1,0.6921671
s_016um_00202_00148-1,0.71393687
s_016um_00260_00185-1,0.67195797
s_016um_00094_00336-1,0.6116191
s_016um_00128_00232-1,0.65616196
s_016um_00404_00399-1,1.6256518
s_016um_00188_00092-1,0.6516516
s_016um_00391_00294-1,0.5262805
s_016um_00325_00124-1,0.6963346
s_016um_00212_00028-1,0.6894058
s_016um_00092_00342-1,0.67863464
s_016um_00266_00127-1,0.7679676
s_016um_00227_00232-1,0.63711566
s_016um_00036_00102-1,0.57081616
s_016um_00212_00290-1,0.6359895
s_016um_00011_00300-1,0.6145967
s_016um_00359_00414-1,1.0346994
s_016um_00135_00072-1,0.5560052
s_016um_00082_00292-1,0.58447677
s_016um_00152_00399-1,0.5857158
s_016um_00274_00230-1,0.6469637
s_016um_00194_00126-1,0.7573485
s_016um_00355_00022-1,0.6951238
s_016um_00402_00124-1,0.69958484
s_016um_00229_00250-1,0.5474377
s_016um_00218_00026-1,0.5555498
s_016um_00179_00027-1,0.70235574
s_016um_00213_00031-1,0.7541734
s_016um_00014_00269-1,0.6571027
s_016um_00398_00220-1,0.6292657
s_016um_00129_00385-1,0.5983446
s_016um_00352_00116-1,0.5972572
s_016um_00215_00012-1,0.6613337
s_016um_00221_00025-1,0.6376067
s_016um_00235_00356-1,0.5989144
s_016um_00380_00130-1,0.5628013
s_016um_00084_00280-1,0.6009991
s_016um_00204_00148-1,0.61754125
s_016um_00309_00057-1,0.99853325
s_016um_00358_00120-1,0.66823673
s_016um_00275_00138-1,0.6562987
s_016um_00033_00099-1,0.7107974
s_016um_00080_00238-1,0.57531476
s_016um_00010_00209-1,0.6080633
s_016um_00281_00322-1,0.85982895
s_016um_00078_00283-1,0.5217888
s_016um_00262_00333-1,0.6072003
s_016um_00237_00090-1,0.8789344
s_016um_00083_00032-1,0.5988719
s_016um_00324_00164-1,0.6608205
s_016um_00321_00226-1,0.56138533
s_016um_00048_00244-1,0.5829922
s_016um_00326_00123-1,0.5434059
s_016um_00268_00029-1,0.6333997
s_016um_00243_00185-1,0.63279486
s_016um_00322_00164-1,0.67025834
s_016um_00387_00297-1,0.5163475
s_016um_00080_00242-1,0.5963969
s_016um_00226_00246-1,0.68421054
s_016um_00392_00345-1,0.9550227
s_016um_00142_00058-1,0.63678426
s_016um_00012_00155-1,0.5658722
s_016um_00404_00151-1,0.6754943
s_016um_00214_00027-1,0.6901545
s_016um_00088_00030-1,0.6665211
s_016um_00234_00085-1,0.76544416
s_016um_00254_00027-1,0.73699784
s_016um_00145_00055-1,0.5855789
s_016um_00338_00403-1,0.6732003
s_016um_00222_00026-1,0.70811665
s_016um_00397_00371-1,0.708474
s_016um_00248_00083-1,0.7126525
s_016um_00093_00315-1,0.5524017
s_016um_00278_00320-1,0.5777181
s_016um_00035_00011-1,0.6712162
s_016um_00221_00171-1,0.59325296
s_016um_00235_00354-1,0.61304027
s_016um_00143_00053-1,0.61844116
s_016um_00171_00122-1,0.66660416
s_016um_00354_00291-1,0.5584018
s_016um_00042_00046-1,0.5509379
s_016um_00006_00297-1,0.548876
s_016um_00269_00036-1,0.618481
s_016um_00225_00328-1,0.5469541
s_016um_00232_00091-1,0.6988023
s_016um_00135_00227-1,0.7440637
s_016um_00333_00249-1,0.61212665
s_016um_00003_00154-1,0.66926014
s_016um_00215_00283-1,0.6768663
s_016um_00047_00239-1,0.5469108
s_016um_00393_00369-1,0.63701636
s_016um_00358_00114-1,0.6815241
s_016um_00265_00129-1,0.62088513
s_016um_00359_00290-1,0.6177304
s_016um_00220_00174-1,0.57854676
s_016um_00341_00217-1,0.6903343
s_016um_00211_00028-1,0.7111558
s_016um_00086_00070-1,0.5820513
s_016um_00036_00174-1,0.7620746
s_016um_00374_00117-1,0.81761456
s_016um_00196_00092-1,0.74374574
s_016um_00366_00227-1,0.63288164
s_016um_00418_00135-1,0.6594105
s_016um_00222_00228-1,0.542577
s_016um_00091_00279-1,0.6057094
s_016um_00390_00292-1,0.6417798
s_016um_00043_00213-1,0.6470695
s_016um_00335_00257-1,0.60071254
s_016um_00400_00255-1,0.5336344
s_016um_00135_00318-1,1.2760558
s_016um_00033_00102-1,0.5893067
s_016um_00013_00213-1,0.59074545
s_016um_00367_00142-1,0.5909689
s_016um_00168_00373-1,0.7016319
s_016um_00331_00125-1,0.52063394
s_016um_00143_00054-1,0.67602473
s_016um_00358_00416-1,1.0502943
s_016um_00239_00190-1,0.57062656
s_016um_00132_00227-1,0.584839
s_016um_00005_00300-1,0.57425255
s_016um_00030_00090-1,0.6539186
s_016um_00129_00088-1,1.0877138
s_016um_00399_00181-1,0.65513736
s_016um_00401_00127-1,0.6393975
s_016um_00360_00290-1,0.6700324
s_016um_00007_00208-1,0.61486626
s_016um_00396_00212-1,0.68833137
s_016um_00222_00229-1,0.631292
s_016um_00326_00301-1,0.58424884
s_016um_00405_00152-1,0.7581212
s_016um_00382_00127-1,0.59868765
s_016um_00143_00017-1,0.6090629
s_016um_00382_00132-1,0.5415493
s_016um_00336_00398-1,0.90258116
s_016um_00270_00059-1,0.70971155
s_016um_00334_00210-1,0.6534225
s_016um_00142_00056-1,0.5906931
s_016um_00004_00151-1,0.5114568
s_016um_00223_00166-1,0.59943616
s_016um_00277_00051-1,0.77139205
s_016um_00043_00211-1,0.55365944
s_016um_00249_00086-1,0.59003925
s_016um_00221_00282-1,0.62020963
s_016um_00071_00251-1,0.563201
s_016um_00204_00145-1,0.7503748
s_016um_00267_00330-1,0.5381921
s_016um_00390_00340-1,0.7947121
s_016um_00274_00051-1,0.69899344
s_016um_00256_00189-1,0.75063574
s_016um_00279_00316-1,0.5217353
s_016um_00224_00167-1,0.6422388
s_016um_00086_00197-1,0.60970604
s_016um_00209_00034-1,0.8030914
s_016um_00170_00371-1,0.58718324
s_016um_00128_00386-1,0.6482923
s_016um_00103_00071-1,0.7960539
s_016um_00046_00215-1,0.7465681
s_016um_00355_00095-1,0.6243814
s_016um_00393_00297-1,0.7740444
s_016um_00081_00036-1,0.63037914
s_016um_00157_00287-1,0.61297095
s_016um_00139_00217-1,0.6155687
s_016um_00269_00332-1,0.5201397
s_016um_00068_00230-1,0.7699529
s_016um_00219_00231-1,0.612306
s_016um_00105_00386-1,0.82611215
s_016um_00272_00048-1,0.66327286
s_016um_00392_00183-1,0.68428606
s_016um_00037_00105-1,0.6163405
s_016um_00235_00183-1,0.6942511
s_016um_00392_00359-1,0.8601564
s_016um_00242_00187-1,0.8394231
s_016um_00130_00389-1,0.5876692
s_016um_00047_00237-1,0.60540134
s_016um_00131_00318-1,0.9715659
s_016um_00230_00356-1,0.6141056
s_016um_00196_00125-1,0.72408956
s_016um_00171_00374-1,0.7906036
s_016um_00103_00067-1,0.7790885
s_016um_00358_00295-1,0.5514552
s_016um_00011_00293-1,1.0025542
s_016um_00106_00391-1,0.6088296
s_016um_00078_00243-1,0.6213718
s_016um_00081_00194-1,0.8755276
s_016um_00147_00402-1,0.60008043
s_016um_00068_00232-1,0.5439526
s_016um_00390_00291-1,0.5702344
s_016um_00009_00152-1,0.5420991
s_016um_00041_00101-1,0.56873983
s_016um_00200_00146-1,0.6916103
s_016um_00381_00140-1,0.72081274
s_016um_00268_00131-1,0.68786025
s_016um_00195_00128-1,0.6291559
s_016um_00131_00233-1,0.5967771
s_016um_00040_00042-1,0.59791374
s_016um_00275_00137-1,0.634695
s_016um_00065_00236-1,0.744816
s_016um_00337_00257-1,0.57760143
s_016um_00072_00234-1,0.5826035
s_016um_00398_00214-1,0.58680314
s_016um_00311_00058-1,0.6297421
s_016um_00258_00033-1,0.7125594
s_016um_00091_00267-1,0.5293714
s_016um_00221_00029-1,0.5863683
s_016um_00225_00031-1,0.7185365
s_016um_00116_00149-1,0.5862518
s_016um_00234_00362-1,0.6234561
s_016um_00233_00263-1,0.574672
s_016um_00125_00088-1,0.6702091
s_016um_00224_00169-1,0.7415557
s_016um_00366_00097-1,0.5883524
s_016um_00061_00128-1,0.5699439
s_016um_00021_00269-1,0.7472381
s_016um_00261_00185-1,0.73953044
s_016um_00385_00296-1,0.67389196
s_016um_00130_00320-1,0.94761175
s_016um_00255_00027-1,0.96480393
s_016um_00331_00209-1,0.63843936
s_016um_00005_00155-1,0.72036165
s_016um_00211_00293-1,0.6759502
s_016um_00330_00126-1,0.5717548
s_016um_00174_00373-1,0.72020227
s_016um_00084_00284-1,0.61936885
s_016um_00239_00186-1,0.623649
s_016um_00278_00049-1,0.6379125
s_016um_00098_00320-1,0.5226955
s_016um_00047_00243-1,0.7503927
s_016um_00107_00386-1,0.6318877
s_016um_00336_00254-1,0.6488685
s_016um_00266_00031-1,0.5853007
s_016um_00233_00261-1,0.62868303
s_016um_00410_00105-1,0.7081181
s_016um_00266_00033-1,0.64704823
s_016um_00189_00126-1,0.7416671
s_016um_00078_00295-1,0.604301
s_016um_00047_00245-1,0.6174402
s_016um_00274_00132-1,0.58320355
s_016um_00225_00239-1,0.5970229
s_016um_00215_00279-1,0.51367897
s_016um_00092_00278-1,0.56737745
s_016um_00399_00215-1,0.70650196
s_016um_00394_00362-1,0.7642312
s_016um_00374_00139-1,0.61524075
s_016um_00225_00244-1,0.54658186
s_016um_00219_00025-1,0.5557217
s_016um_00079_00249-1,0.58991677
s_016um_00327_00211-1,0.56562555
s_016um_00010_00215-1,0.8356372
s_016um_00412_00139-1,0.65575624
s_016um_00096_00317-1,0.48768473
s_016um_00130_00384-1,0.66665745
s_016um_00039_00175-1,0.5877654
s_016um_00215_00016-1,0.7769935
s_016um_00167_00127-1,0.69082034
s_016um_00077_00245-1,0.56553817
s_016um_00371_00125-1,0.6218667
s_016um_00240_00088-1,0.7225474
s_016um_00280_00323-1,0.7701114
s_016um_00223_00028-1,0.6571094
s_016um_00139_00216-1,0.7395826
s_016um_00133_00226-1,0.5634234
s_016um_00389_00338-1,0.6207527
s_016um_00365_00097-1,0.609802
s_016um_00073_00240-1,0.64464235
s_016um_00129_00390-1,0.568193
s_016um_00214_00016-1,1.0098344
s_016um_00071_00248-1,0.68511456
s_016um_00044_00204-1,0.6213441
s_016um_00101_00068-1,0.6987579
s_016um_00184_00033-1,0.51656747
s_016um_00126_00086-1,0.5898413
s_016um_00098_00025-1,0.796053
s_016um_00080_00198-1,0.8124944
s_016um_00067_00236-1,0.92806685
s_016um_00320_00303-1,0.6868647
s_016um_00169_00377-1,0.6756401
s_016um_00391_00295-1,0.5867665
s_016um_00043_00210-1,0.5298285
s_016um_00401_00123-1,0.6299856
s_016um_00081_00028-1,0.6459784
s_016um_00277_00047-1,0.61191446
s_016um_00290_00098-1,0.6504757
s_016um_00233_00359-1,0.57914126
s_016um_00232_00357-1,0.5534032
s_016um_00228_00235-1,0.54052854
s_016um_00101_00064-1,0.6945096
s_016um_00370_00097-1,0.66971844
s_016um_00032_00088-1,0.6244527
s_016um_00388_00127-1,0.5529585
s_016um_00135_00322-1,1.205584
s_016um_00288_00095-1,0.62275475
s_016um_00041_00179-1,0.6810965
s_016um_00146_00057-1,0.5172502
s_016um_00234_00264-1,0.61336386
s_016um_00044_00045-1,0.6095671
s_016um_00055_00243-1,0.72927445
s_016um_00334_00211-1,0.63847554
s_016um_00201_00147-1,0.64674693
s_016um_00414_00135-1,0.60325426
s_016um_00221_00026-1,0.5999935
s_016um_00269_00031-1,0.78859705
s_016um_00127_00229-1,0.5819466
s_016um_00139_00077-1,0.6686214
s_016um_00046_00206-1,0.61387926
s_016um_00212_00031-1,0.7221119
s_016um_00253_00023-1,0.67074996
s_016um_00102_00388-1,0.72068083
s_016um_00306_00053-1,0.61903733
s_016um_00215_00292-1,0.5533825
s_016um_00103_00065-1,0.62697893
s_016um_00090_00273-1,0.5745779
s_016um_00409_00103-1,0.70161325
s_016um_00098_00024-1,0.7112577
s_016um_00043_00172-1,0.5825175
s_016um_00353_00089-1,0.65271723
s_016um_00118_00146-1,0.6364735
s_016um_00399_00217-1,0.56017447
s_016um_00193_00124-1,0.7264966
s_016um_00125_00091-1,0.6078251
s_016um_00014_00268-1,0.7517634
s_016um_00206_00153-1,0.5388117
s_016um_00096_00319-1,0.5539887
s_016um_00363_00098-1,0.60536
s_016um_00114_00315-1,0.6116245
s_016um_00055_00244-1,0.6543374
s_016um_00329_00254-1,0.70255584
s_016um_00087_00196-1,0.6225035
s_016um_00009_00157-1,0.58335847
s_016um_00074_00246-1,0.56087685
s_016um_00200_00150-1,0.8360217
s_016um_00009_00301-1,0.5988388
s_016um_00151_00394-1,0.68200684
s_016um_00393_00368-1,0.616746
s_016um_00081_00198-1,0.7050069
s_016um_00277_00328-1,0.6161581
s_016um_00038_00045-1,0.7156361
s_016um_00397_00365-1,0.67237574
s_016um_00132_00385-1,0.65784794
s_016um_00399_00365-1,0.6874854
s_016um_00101_00386-1,0.6348778
s_016um_00409_00146-1,0.6113557
s_016um_00123_00146-1,0.53971153
s_016um_00379_00138-1,0.60363597
s_016um_00265_00334-1,0.6716293
s_016um_00075_00253-1,0.999632
s_016um_00372_00145-1,0.95704854
s_016um_00245_00084-1,0.7060895
s_016um_00266_00329-1,0.5777981
s_016um_00404_00127-1,0.8743921
s_016um_00143_00021-1,0.6862935
s_016um_00037_00096-1,0.5887537
s_016um_00215_00017-1,0.93460304
s_016um_00417_00136-1,0.6661869
s_016um_00192_00122-1,0.79153955
s_016um_00077_00237-1,0.602524
s_016um_00329_00214-1,0.6037603
s_016um_00220_00228-1,0.59972376
s_016um_00027_00334-1,0.69431305
s_016um_00356_00294-1,0.57938266
s_016um_00373_00141-1,0.62751627
s_016um_00276_00053-1,0.8538167
s_016um_00098_00032-1,0.5602576
s_016um_00345_00214-1,0.5490199
s_016um_00130_00322-1,0.5779138
s_016um_00093_00276-1,0.63769126
s_016um_00036_00045-1,0.63560414
s_016um_00215_00294-1,0.72193724
s_016um_00285_00100-1,0.5875523
s_016um_00404_00145-1,0.6205629
s_016um_00224_00334-1,0.60272104
s_016um_00083_00263-1,0.5767566
s_016um_00395_00359-1,0.77529144
s_016um_00044_00219-1,0.5948197
s_016um_00265_00059-1,0.739422
s_016um_00116_00144-1,0.9887037
s_016um_00194_00125-1,0.732012
s_016um_00308_00056-1,0.6146608
s_016um_00008_00209-1,0.6839865
s_016um_00125_00090-1,0.71356016
s_016um_00031_00090-1,0.54199857
s_016um_00219_00014-1,0.5535004
s_016um_00415_00143-1,0.6163593
s_016um_00038_00174-1,0.57206964
s_016um_00279_00328-1,0.61358875
s_016um_00227_00246-1,0.51439244
s_016um_00132_00321-1,1.0034752
s_016um_00151_00400-1,0.55099297
s_016um_00382_00139-1,0.6064464
s_016um_00162_00291-1,0.6493134
s_016um_00111_00319-1,0.72580945
s_016um_00263_00060-1,0.7337867
s_016um_00170_00375-1,0.7128621
s_016um_00406_00402-1,1.6971741
s_016um_00328_00215-1,0.52043116
s_016um_00080_00296-1,0.5995783
s_016um_00075_00251-1,0.61857796
s_016um_00241_00188-1,0.64724
s_016um_00263_00333-1,0.6683535
s_016um_00017_00266-1,0.536802
s_016um_00131_00225-1,0.5822974
s_016um_00181_00028-1,0.54344445
s_016um_00217_00013-1,0.73864317
s_016um_00221_00017-1,0.750438
s_016um_00083_00192-1,0.73854464
s_016um_00079_00200-1,0.7211985
s_016um_00071_00249-1,0.64428145
s_016um_00264_00335-1,0.6383373
s_016um_00152_00401-1,0.650635
s_016um_00275_00325-1,0.59068865
s_016um_00279_00136-1,0.5988368
s_016um_00042_00174-1,0.62247515
s_016um_00217_00228-1,0.58402365
s_016um_00164_00292-1,0.56428075
s_016um_00414_00139-1,0.6726188
s_016um_00287_00099-1,0.56263095
s_016um_00392_00291-1,0.62875545
s_016um_00105_00317-1,0.6315486
s_016um_00267_00031-1,0.6736459
s_016um_00033_00337-1,0.55262816
s_016um_00033_00006-1,0.58328545
s_016um_00146_00019-1,0.5901842
s_016um_00376_00124-1,0.619777
s_016um_00144_00056-1,0.5969592
s_016um_00041_00238-1,0.64283186
s_016um_00330_00250-1,0.5740653
s_016um_00276_00135-1,0.6816979
s_016um_00387_00340-1,0.6199715
s_016um_00100_00068-1,0.59903765
s_016um_00279_00323-1,0.7952869
s_016um_00229_00246-1,0.54350656
s_016um_00307_00057-1,0.71911186
s_016um_00395_00342-1,0.68855083
s_016um_00270_00028-1,0.74053913
s_016um_00345_00212-1,0.73787636
s_016um_00394_00183-1,0.58861256
s_016um_00079_00243-1,0.58194387
s_016um_00341_00402-1,0.7247305
s_016um_00009_00215-1,0.7018982
s_016um_00414_00101-1,0.6226799
s_016um_00121_00143-1,1.0633544
s_016um_00009_00292-1,0.5774988
s_016um_00235_00260-1,0.59037566
s_016um_00082_00237-1,0.70076317
s_016um_00165_00125-1,0.8312502
s_016um_00152_00400-1,0.5769106
s_016um_00102_00387-1,0.608627
s_016um_00025_00088-1,0.5971811
s_016um_00079_00251-1,0.6055125
s_016um_00216_00171-1,0.7823634
s_016um_00265_00328-1,0.53633505
s_016um_00011_00298-1,0.62807465
s_016um_00010_00301-1,0.60967416
s_016um_00276_00202-1,0.6231958
s_016um_00167_00130-1,0.66178197
s_016um_00356_00288-1,0.69363594
s_016um_00128_00094-1,0.76893437
s_016um_00094_00030-1,0.8268236
s_016um_00098_00323-1,0.58772683
s_016um_00063_00132-1,0.5717882
s_016um_00145_00401-1,0.52702737
s_016um_00387_00292-1,0.7209595
s_016um_00242_00087-1,0.5493409
s_016um_00087_00065-1,1.061553
s_016um_00059_00242-1,0.6697352
s_016um_00326_00118-1,0.70747095
s_016um_00407_00145-1,0.6024189
s_016um_00112_00318-1,0.6089701
s_016um_00011_00294-1,0.7865702
s_016um_00370_00095-1,0.64212376
s_016um_00007_00207-1,0.6373229
s_016um_00162_00292-1,0.60071373
s_016um_00139_00020-1,0.60964525
s_016um_00384_00135-1,0.7706132
s_016um_00090_00265-1,0.56775975
s_016um_00332_00255-1,0.6229162
s_016um_00270_00327-1,0.59750277
s_016um_00388_00131-1,0.6093776
s_016um_00004_00152-1,0.62579983
s_016um_00204_00149-1,0.66983473
s_016um_00196_00094-1,0.7764814
s_016um_00273_00315-1,0.7909509
s_016um_00036_00097-1,0.5991276
s_016um_00036_00173-1,0.71950233
s_016um_00215_00296-1,0.648466
s_016um_00257_00189-1,0.617974
s_016um_00380_00133-1,0.65840614
s_016um_00129_00090-1,0.814644
s_016um_00354_00116-1,0.6550924
s_016um_00063_00233-1,0.792583
s_016um_00234_00091-1,0.73403764
s_016um_00213_00291-1,0.5418814
s_016um_00044_00205-1,0.71463037
s_016um_00133_00315-1,0.8530572
s_016um_00034_00006-1,0.62498015
s_016um_00365_00094-1,0.58056444
s_016um_00334_00250-1,0.62845665
s_016um_00259_00130-1,0.62241006
s_016um_00253_00019-1,0.7494165
s_016um_00236_00089-1,0.71311504
s_016um_00096_00027-1,0.71068037
s_016um_00265_00130-1,0.78671074
s_016um_00330_00251-1,0.65251946
s_016um_00098_00026-1,0.6433056
s_016um_00395_00368-1,0.8350637
s_016um_00337_00251-1,0.64133656
s_016um_00366_00228-1,0.6170263
s_016um_00279_00049-1,0.7141061
s_016um_00276_00044-1,0.6070603
s_016um_00008_00301-1,0.5638621
s_016um_00279_00322-1,0.6104928
s_016um_00096_00314-1,0.51321375
s_016um_00324_00125-1,0.6734829
s_016um_00401_00216-1,0.60447717
s_016um_00223_00243-1,0.6362045
s_016um_00222_00017-1,0.9195858
s_016um_00134_00320-1,1.1718918
s_016um_00309_00053-1,0.6482825
s_016um_00263_00336-1,0.651859
s_016um_00104_00392-1,0.5308449
s_016um_00364_00224-1,0.664576
s_016um_00394_00341-1,0.6273808
s_016um_00034_00100-1,0.6621633
s_016um_00070_00230-1,0.60106236
s_016um_00396_00260-1,0.69992197
s_016um_00411_00106-1,0.6994505
s_016um_00029_00329-1,0.7373824
s_016um_00143_00019-1,0.683415
s_016um_00326_00304-1,0.6780354
s_016um_00263_00126-1,0.62339246
s_016um_00281_00137-1,0.6089815
s_016um_00370_00124-1,0.6780382
s_016um_00081_00241-1,0.5894979
s_016um_00375_00120-1,0.62562907
s_016um_00223_00237-1,0.6614522
s_016um_00329_00255-1,0.61259955
s_016um_00355_00096-1,0.6660439
s_016um_00193_00093-1,0.6596911
s_016um_00349_00216-1,0.6014248
s_016um_00019_00270-1,0.64765334
s_016um_00094_00335-1,0.5543792
s_016um_00146_00402-1,0.53871787
s_016um_00058_00246-1,0.93711007
s_016um_00235_00264-1,0.6232362
s_016um_00268_00054-1,0.70306844
s_016um_00041_00171-1,0.6425065
s_016um_00409_00104-1,0.6572551
s_016um_00400_00371-1,0.743794
s_016um_00377_00133-1,0.65254617
s_016um_00373_00142-1,0.7904012
s_016um_00269_00058-1,0.7015537
s_016um_00149_00399-1,0.6086531
s_016um_00264_00337-1,0.8197952
s_016um_00099_00065-1,0.6109428
s_016um_00164_00127-1,0.6532104
s_016um_00272_00315-1,0.5760678
s_016um_00386_00291-1,0.691346
s_016um_00142_00055-1,0.5700208
s_016um_00226_00247-1,0.5863739
s_016um_00012_00152-1,0.6019195
s_016um_00279_00327-1,0.7366869
s_016um_00036_00333-1,0.7242801
s_016um_00044_00203-1,0.73522115
s_016um_00165_00289-1,0.65351856
s_016um_00095_00274-1,0.6311192
s_016um_00276_00319-1,0.64116895
s_016um_00398_00219-1,0.7005888
s_016um_00087_00036-1,0.54921055
s_016um_00130_00228-1,0.57220155
s_016um_00170_00377-1,0.75140226
s_016um_00334_00216-1,0.6986949
s_016um_00040_00173-1,0.54247034
s_016um_00282_00134-1,0.5565493
s_016um_00261_00031-1,0.64968646
s_016um_00103_00069-1,0.72407603
s_016um_00372_00095-1,0.4829918
s_016um_00396_00259-1,0.51954937
s_016um_00165_00288-1,0.87468505
s_016um_00167_00122-1,0.7051652
s_016um_00103_00384-1,0.6186908
s_016um_00324_00119-1,0.8035065
s_016um_00079_00279-1,0.60880417
s_016um_00404_00125-1,0.76895726
s_016um_00388_00292-1,0.6594297
s_016um_00260_00030-1,0.6728684
s_016um_00180_00031-1,0.7197948
s_016um_00327_00226-1,0.7727286
s_016um_00350_00023-1,0.69497186
s_016um_00203_00147-1,0.5849832
s_016um_00263_00059-1,0.7099568
s_016um_00236_00263-1,0.54438776
s_016um_00228_00262-1,0.5706881
s_016um_00393_00178-1,0.69699395
s_016um_00135_00316-1,0.99728274
s_016um_00408_00149-1,0.6363829
s_016um_00395_00219-1,0.67082006
s_016um_00100_00319-1,0.5918621
s_016um_00098_00028-1,0.7597595
s_016um_00385_00134-1,0.7893582
s_016um_00373_00098-1,0.80742735
s_016um_00278_00323-1,0.5996201
s_016um_00097_00323-1,0.6028699
s_016um_00141_00074-1,0.574678
s_016um_00021_00265-1,0.56064343
s_016um_00091_00336-1,0.55164915
s_016um_00092_00336-1,0.6003759
s_016um_00407_00126-1,0.6185181
s_016um_00392_00364-1,0.7021509
s_016um_00100_00030-1,0.5936792
s_016um_00081_00295-1,0.60898113
s_016um_00416_00143-1,0.63974017
s_016um_00328_00124-1,0.66668516
s_016um_00247_00085-1,0.7041547
s_016um_00058_00248-1,0.54051656
s_016um_00274_00203-1,0.50653565
s_016um_00082_00068-1,0.61565113
s_016um_00335_00217-1,0.5830948
s_016um_00006_00157-1,0.5779431
s_016um_00406_00122-1,0.59570944
s_016um_00143_00060-1,0.60722005
s_016um_00226_00244-1,0.54956686
s_016um_00217_00276-1,0.5217611
s_016um_00233_00268-1,0.678742
s_016um_00275_00226-1,0.6091098
s_016um_00217_00229-1,0.5227153
s_016um_00256_00033-1,0.6502115
s_016um_00231_00264-1,0.7106296
s_016um_00204_00146-1,0.7599321
s_016um_00065_00124-1,0.6183101
s_016um_00394_00363-1,1.0745307
s_016um_00356_00413-1,1.0416462
s_016um_00035_00336-1,0.50632036
s_016um_00083_00270-1,0.5874078
s_016um_00389_00181-1,0.64251465
s_016um_00399_00255-1,0.68717986
s_016um_00409_00151-1,0.5809227
s_016um_00079_00199-1,0.5248528
s_016um_00047_00238-1,0.57164335
s_016um_00395_00340-1,0.6153745
s_016um_00188_00093-1,0.60627466
s_016um_00233_00360-1,0.5015058
s_016um_00018_00267-1,0.57043827
s_016um_00239_00182-1,0.73934764
s_016um_00214_00297-1,0.6100635
s_016um_00131_00320-1,0.74059486
s_016um_00283_00098-1,0.6586402
s_016um_00041_00046-1,0.6486906
s_016um_00229_00333-1,0.58983105
s_016um_00100_00320-1,0.5866628
s_016um_00074_00241-1,0.7091182
s_016um_00145_00022-1,0.5973518
s_016um_00202_00150-1,0.7173785
s_016um_00397_00372-1,0.83478355
s_016um_00170_00124-1,0.69986933
s_016um_00221_00012-1,0.5547124
s_016um_00273_00032-1,0.83055675
s_016um_00006_00151-1,0.6605268
s_016um_00075_00245-1,0.677792
s_016um_00080_00196-1,0.6874206
s_016um_00158_00286-1,0.62592465
s_016um_00148_00398-1,0.5593161
s_016um_00268_00028-1,0.67981756
s_016um_00322_00305-1,0.58427763
s_016um_00088_00029-1,0.6047533
s_016um_00012_00210-1,0.62149364
s_016um_00212_00294-1,0.6049538
s_016um_00063_00235-1,0.87585807
s_016um_00149_00395-1,0.62108505
s_016um_00164_00129-1,0.62096083
s_016um_00377_00137-1,0.66307527
s_016um_00139_00016-1,0.8090787
s_016um_00369_00120-1,0.7101995
s_016um_00267_00055-1,0.68083483
s_016um_00408_00148-1,0.56489676
s_016um_00275_00321-1,0.60012656
s_016um_00362_00288-1,0.69363123
s_016um_00236_00265-1,0.6337135
s_016um_00039_00209-1,0.58406293
s_016um_00282_00096-1,0.71015966
s_016um_00096_00321-1,0.6942449
s_016um_00218_00016-1,0.710089
s_016um_00414_00138-1,0.5766976
s_016um_00156_00289-1,0.62017566
s_016um_00135_00321-1,1.1399716
s_016um_00270_00225-1,0.59461623
s_016um_00401_00217-1,0.70400226
s_016um_00133_00232-1,0.5680016
s_016um_00310_00055-1,0.70550835
s_016um_00079_00299-1,0.59393793
s_016um_00267_00057-1,1.0253254
s_016um_00332_00211-1,0.59443116
s_016um_00243_00085-1,0.62415624
s_016um_00030_00091-1,0.5448684
s_016um_00392_00362-1,0.8145702
s_016um_00323_00224-1,0.55443627
s_016um_00065_00132-1,0.5414583
s_016um_00354_00026-1,0.6093425
s_016um_00325_00305-1,0.6461934
s_016um_00361_00292-1,0.5646466
s_016um_00219_00172-1,0.6678397
s_016um_00279_00051-1,0.7844435
s_016um_00408_00102-1,0.66275
s_016um_00044_00243-1,0.63245296
s_016um_00400_00262-1,0.6162928
s_016um_00267_00028-1,0.8573861
s_016um_00223_00172-1,0.7079848
s_016um_00087_00073-1,0.6051355
s_016um_00039_00171-1,0.58964074
s_016um_00136_00070-1,0.66820496
s_016um_00270_00035-1,0.6382895
s_016um_00328_00217-1,0.63178355
s_016um_00247_00020-1,0.6003924
s_016um_00269_00334-1,0.5876431
s_016um_00398_00263-1,0.59328806
s_016um_00270_00227-1,0.559332
s_016um_00077_00251-1,0.78274614
s_016um_00335_00256-1,0.6245812
s_016um_00062_00130-1,0.65638345
s_016um_00269_00226-1,0.58304125
s_016um_00362_00225-1,0.53502196
s_016um_00364_00096-1,0.6540146
s_016um_00216_00277-1,0.61313313
s_016um_00093_00275-1,0.58051777
s_016um_00043_00176-1,0.59362406
s_016um_00277_00133-1,0.60592955
s_016um_00138_00072-1,0.51873374
s_016um_00130_00318-1,1.0559139
s_016um_00323_00122-1,0.72865933
s_016um_00082_00286-1,0.60474205
s_016um_00411_00101-1,0.6323211
s_016um_00068_00125-1,0.5801188
s_016um_00096_00030-1,0.67108226
s_016um_00036_00101-1,0.6376153
s_016um_00273_00033-1,0.7953652
s_016um_00063_00236-1,0.84939086
s_016um_00144_00057-1,0.5595045
s_016um_00375_00143-1,0.5653327
s_016um_00037_00179-1,0.8598435
s_016um_00080_00197-1,0.85085833
s_016um_00334_00399-1,0.8477381
s_016um_00378_00132-1,0.6456871
s_016um_00335_00397-1,0.5921675
s_016um_00198_00125-1,0.6439967
s_016um_00236_00084-1,0.73598117
s_016um_00383_00129-1,0.6232778
s_016um_00393_00185-1,0.69663525
s_016um_00224_00244-1,0.63848597
s_016um_00226_00335-1,0.54760075
s_016um_00274_00208-1,0.6186084
s_016um_00082_00280-1,0.5808574
s_016um_00078_00279-1,0.5538966
s_016um_00255_00188-1,0.6997332
s_016um_00395_00215-1,0.52612615
s_016um_00135_00222-1,0.73239106
s_016um_00162_00287-1,0.8823317
s_016um_00084_00072-1,0.8658591
s_016um_00079_00248-1,0.56277376
s_016um_00089_00269-1,0.6817001
s_016um_00399_00259-1,0.7119164
s_016um_00072_00249-1,0.604228
s_016um_00135_00315-1,1.1333164
s_016um_00329_00302-1,0.5967705
s_016um_00396_00372-1,0.68274444
s_016um_00041_00242-1,0.74302113
s_016um_00014_00211-1,0.7318324
s_016um_00326_00302-1,0.62037486
s_016um_00058_00244-1,0.611521
s_016um_00182_00032-1,0.7080237
s_016um_00241_00186-1,0.5274544
s_016um_00204_00147-1,0.6363544
s_016um_00406_00396-1,1.165991
s_016um_00087_00072-1,0.61618084
s_016um_00218_00028-1,0.66067237
s_016um_00143_00016-1,0.6403931
s_016um_00248_00027-1,0.5229723
s_016um_00008_00210-1,0.69108325
s_016um_00408_00104-1,0.6730488
s_016um_00006_00150-1,0.6293613
s_016um_00076_00242-1,0.59037834
s_016um_00238_00092-1,0.79392713
s_016um_00236_00092-1,0.8077699
s_016um_00417_00143-1,0.56133634
s_016um_00042_00178-1,0.7189347
s_016um_00389_00296-1,0.52684295
s_016um_00384_00127-1,0.6584745
s_016um_00272_00207-1,0.6586455
s_016um_00386_00294-1,0.5808994
s_016um_00110_00313-1,0.54701614
s_016um_00211_00294-1,0.55649996
s_016um_00057_00245-1,0.64382416
s_016um_00170_00121-1,0.6745289
s_016um_00045_00218-1,0.54961663
s_016um_00376_00134-1,0.6015573
s_016um_00040_00209-1,0.5732772
s_016um_00356_00286-1,0.6296904
s_016um_00376_00139-1,0.6834521
s_016um_00144_00061-1,0.54443526
s_016um_00394_00339-1,0.62469393
s_016um_00327_00120-1,0.6381939
s_016um_00208_00294-1,0.5435945
s_016um_00320_00164-1,0.64287573
s_016um_00354_00114-1,0.62614244
s_016um_00221_00024-1,0.5631543
s_016um_00192_00098-1,0.6310854
s_016um_00337_00254-1,0.49963683
s_016um_00223_00171-1,0.7502977
s_016um_00247_00021-1,0.58354056
s_016um_00085_00067-1,0.5763104
s_016um_00054_00249-1,0.830117
s_016um_00272_00228-1,0.5576308
s_016um_00043_00042-1,0.6178902
s_016um_00289_00097-1,0.4862242
s_016um_00311_00057-1,0.74234056
s_016um_00275_00224-1,0.5546207
s_016um_00141_00020-1,0.7037804
s_016um_00235_00091-1,0.7941211
s_016um_00367_00145-1,0.72770077
s_016um_00418_00139-1,0.70011157
s_016um_00059_00248-1,0.53466016
s_016um_00088_00274-1,0.52568156
s_016um_00141_00075-1,0.6761022
s_016um_00224_00173-1,0.75761586
s_016um_00275_00332-1,0.53496134
s_016um_00077_00248-1,0.5732645
s_016um_00221_00281-1,0.54436785
s_016um_00332_00210-1,0.66310924
s_016um_00085_00270-1,0.59975743
s_016um_00370_00098-1,0.5908089
s_016um_00359_00090-1,0.57592887
s_016um_00410_00148-1,0.67254466
s_016um_00081_00300-1,0.56551814
s_016um_00143_00219-1,0.9984993
s_016um_00043_00174-1,0.71933836
s_016um_00219_00226-1,0.53435004
s_016um_00068_00234-1,0.6818853
s_016um_00368_00144-1,0.5943207
s_016um_00137_00219-1,0.6346902
s_016um_00114_00314-1,0.5798415
s_016um_00222_00333-1,0.51549506
s_016um_00041_00044-1,0.5914485
s_016um_00253_00030-1,0.6260346
s_016um_00100_00065-1,0.65335137
s_016um_00012_00297-1,0.5555752
s_016um_00005_00158-1,0.61069584
s_016um_00140_00069-1,0.6719589
s_016um_00093_00271-1,0.5962486
s_016um_00040_00172-1,0.59712803
s_016um_00220_00175-1,0.63804823
s_016um_00393_00181-1,0.6261822
s_016um_00012_00215-1,0.7678579
s_016um_00218_00279-1,0.62183905
s_016um_00286_00096-1,0.74247396
s_016um_00112_00315-1,0.55869323
s_016um_00135_00228-1,0.5587679
s_016um_00133_00087-1,0.6185012
s_016um_00059_00250-1,0.6530142
s_016um_00323_00226-1,0.5995052
s_016um_00244_00090-1,0.6469814
s_016um_00178_00027-1,0.5630518
s_016um_00342_00215-1,0.66673297
s_016um_00191_00096-1,0.63066244
s_016um_00213_00036-1,0.76813805
s_016um_00115_00149-1,0.693256
s_016um_00393_00215-1,0.5877014
s_016um_00342_00400-1,0.7411792
s_016um_00365_00224-1,0.6741799
s_016um_00045_00242-1,0.8095615
s_016um_00318_00164-1,0.5387337
s_016um_00079_00270-1,0.58424646
s_016um_00134_00227-1,0.5684677
s_016um_00085_00199-1,0.66709846
s_016um_00128_00317-1,0.8889597
s_016um_00082_00029-1,0.65500945
s_016um_00325_00170-1,0.5744265
s_016um_00087_00195-1,0.6720979
s_016um_00206_00147-1,0.6552074
s_016um_00128_00228-1,0.59772235
s_016um_00328_00118-1,0.7440533
s_016um_00020_00264-1,0.572985
s_016um_00253_00025-1,0.61000407
s_016um_00103_00027-1,0.5936932
s_016um_00131_00093-1,0.59819376
s_016um_00132_00090-1,0.68552744
s_016um_00323_00225-1,0.6051856
s_016um_00283_00099-1,0.6428883
s_016um_00221_00328-1,0.54483515
s_016um_00324_00301-1,0.8124073
s_016um_00085_00194-1,0.77714336
s_016um_00407_00121-1,0.49725223
s_016um_00169_00373-1,0.6386943
s_016um_00324_00170-1,0.6260476
s_016um_00322_00303-1,0.5660722
s_016um_00170_00379-1,0.59487915
s_016um_00394_00218-1,0.61228704
s_016um_00221_00174-1,0.6216907
s_016um_00340_00217-1,0.5983755
s_016um_00223_00031-1,0.6671922
s_016um_00140_00061-1,0.6311494
s_016um_00378_00133-1,0.5984927
s_016um_00029_00337-1,0.61464864
s_016um_00215_00289-1,0.62981105
s_016um_00089_00070-1,0.6134608
s_016um_00078_00296-1,0.6685432
s_016um_00013_00209-1,0.49851027
s_016um_00357_00292-1,0.59868073
s_016um_00130_00094-1,0.65759385
s_016um_00401_00367-1,0.6792875
s_016um_00216_00276-1,0.6431115
s_016um_00135_00071-1,0.61849594
s_016um_00269_00062-1,0.7358978
s_016um_00309_00055-1,0.63313466
s_016um_00269_00328-1,0.6221679
s_016um_00235_00085-1,0.7207246
s_016um_00201_00146-1,0.63311124
s_016um_00400_00125-1,0.77481747
s_016um_00043_00173-1,0.6420608
s_016um_00136_00229-1,0.626025
s_016um_00217_00226-1,0.52935827
s_016um_00081_00239-1,0.586034
s_016um_00413_00136-1,0.6773266
s_016um_00079_00293-1,0.5256722
s_016um_00273_00044-1,0.6747708
s_016um_00359_00289-1,0.51320356
s_016um_00151_00398-1,0.61415106
s_016um_00218_00170-1,0.7832253
s_016um_00223_00024-1,1.1906301
s_016um_00043_00239-1,0.49717093
s_016um_00271_00036-1,0.67232275
s_016um_00404_00261-1,0.7804196
s_016um_00035_00102-1,0.66382813
s_016um_00078_00280-1,0.66006154
s_016um_00276_00323-1,0.5773255
s_016um_00266_00336-1,0.5682542
s_016um_00369_00119-1,0.67956424
s_016um_00252_00020-1,0.72437346
s_016um_00356_00022-1,0.6715909
s_016um_00396_00185-1,0.5627122
s_016um_00071_00245-1,0.590383
s_016um_00222_00028-1,0.79668224
s_016um_00410_00100-1,0.71309704
s_016um_00360_00417-1,1.3122535
s_016um_00075_00252-1,1.0609545
s_016um_00223_00225-1,0.547587
s_016um_00331_00256-1,0.71234685
s_016um_00348_00215-1,0.60564035
s_016um_00281_00132-1,0.6357721
s_016um_00071_00247-1,0.6694592
s_016um_00078_00249-1,0.63944966
s_016um_00070_00238-1,0.59436613
s_016um_00093_00279-1,0.5809362
s_016um_00219_00229-1,0.55013704
s_016um_00403_00129-1,0.73196167
s_016um_00389_00340-1,0.72646284
s_016um_00041_00043-1,0.7172794
s_016um_00020_00271-1,0.6425631
s_016um_00395_00180-1,0.5672946
s_016um_00395_00358-1,0.8621793
s_016um_00085_00030-1,0.5356722
s_016um_00044_00210-1,0.6339153
s_016um_00200_00153-1,0.76158285
s_016um_00373_00122-1,0.54546493
s_016um_00363_00222-1,0.66309905
s_016um_00191_00098-1,0.64918214
s_016um_00080_00270-1,0.5825463
s_016um_00272_00206-1,0.76841164
s_016um_00150_00399-1,0.6052774
s_016um_00093_00277-1,0.57092124
s_016um_00158_00287-1,0.6902486
s_016um_00166_00376-1,0.5806298
s_016um_00379_00135-1,0.74739736
s_016um_00403_00258-1,0.69417614
s_016um_00081_00299-1,0.5608573
s_016um_00013_00211-1,0.8386747
s_016um_00085_00034-1,0.7084792
s_016um_00405_00126-1,0.8413396
s_016um_00163_00125-1,0.645665
s_016um_00361_00293-1,0.59724677
s_016um_00229_00244-1,0.5398518
s_016um_00393_00359-1,0.7277529
s_016um_00271_00033-1,0.7562305
s_016um_00320_00225-1,0.59890103
s_016um_00102_00386-1,0.756137
s_016um_00032_00087-1,0.5838491
s_016um_00357_00288-1,0.5976515
s_016um_00333_00218-1,0.6037952
s_016um_00390_00179-1,0.57254
s_016um_00394_00372-1,0.7828822
s_016um_00012_00211-1,0.6030497
s_016um_00180_00029-1,0.60307753
s_016um_00164_00123-1,0.6466292
s_016um_00095_00322-1,0.59255624
s_016um_00026_00088-1,0.59930956
s_016um_00165_00121-1,0.6493522
s_016um_00360_00413-1,1.0010117
s_016um_00400_00263-1,0.58416104
s_016um_00274_00332-1,0.611145
s_016um_00264_00131-1,0.65571713
s_016um_00044_00239-1,0.57833284
s_016um_00008_00215-1,0.7142348
s_016um_00049_00238-1,0.54965204
s_016um_00376_00136-1,0.631924
s_016um_00109_00320-1,0.8202566
s_016um_00396_00370-1,0.65323555
s_016um_00387_00342-1,0.57160497
s_016um_00141_00019-1,0.8010696
s_016um_00390_00183-1,0.5750784
s_016um_00202_00146-1,0.7041856
s_016um_00393_00358-1,1.3299251
s_016um_00086_00069-1,0.6243287
s_016um_00216_00016-1,0.6105406
s_016um_00138_00214-1,0.6151098
s_016um_00241_00184-1,0.5930754
s_016um_00386_00130-1,0.5667692
s_016um_00220_00024-1,0.6301605
s_016um_00094_00320-1,0.5812798
s_016um_00093_00342-1,0.63911414
s_016um_00373_00119-1,0.62992084
s_016um_00407_00101-1,0.72676593
s_016um_00278_00047-1,0.5943826
s_016um_00215_00030-1,0.72277313
s_016um_00015_00211-1,0.7340108
s_016um_00135_00319-1,0.9687401
s_016um_00221_00334-1,0.55933726
s_016um_00274_00324-1,0.5745954
s_016um_00271_00056-1,0.52372134
s_016um_00137_00072-1,0.55516946
s_016um_00035_00045-1,0.5276295
s_016um_00108_00385-1,0.7471995
s_016um_00010_00150-1,0.5971442
s_016um_00194_00097-1,0.60748744
s_016um_00409_00399-1,1.8849602
s_016um_00041_00241-1,0.857641
s_016um_00278_00133-1,0.6189281
s_016um_00108_00318-1,0.8682971
s_016um_00210_00295-1,0.53207207
s_016um_00173_00372-1,0.6287283
s_016um_00138_00223-1,0.61746573
s_016um_00093_00273-1,0.58230066
s_016um_00018_00269-1,0.654687
s_016um_00039_00041-1,0.62359124
s_016um_00134_00317-1,0.90568936
s_016um_00111_00321-1,1.1815202
s_016um_00065_00128-1,0.6244671
s_016um_00216_00035-1,0.65430874
s_016um_00094_00274-1,0.5503097
s_016um_00415_00142-1,0.56903523
s_016um_00170_00369-1,0.5888407
s_016um_00138_00015-1,0.7301484
s_016um_00403_00395-1,1.4576466
s_016um_00080_00241-1,0.57690144
s_016um_00266_00333-1,0.6025322
s_016um_00230_00249-1,0.5247722
s_016um_00081_00268-1,0.59120023
s_016um_00331_00216-1,0.652878
s_016um_00400_00370-1,0.6947926
s_016um_00131_00317-1,0.84321153
s_016um_00125_00385-1,0.9078293
s_016um_00356_00093-1,0.569449
s_016um_00323_00165-1,0.6319735
s_016um_00268_00030-1,0.7629137
s_016um_00267_00032-1,0.6532496
s_016um_00132_00224-1,0.6092246
s_016um_00392_00296-1,0.82834625
s_016um_00133_00219-1,0.699096
s_016um_00034_00088-1,0.6293069
s_016um_00223_00238-1,0.5724385
s_016um_00378_00136-1,0.60803103
s_016um_00128_00226-1,0.622188
s_016um_00108_00387-1,0.60597074
s_016um_00393_00214-1,0.71481085
s_016um_00080_00266-1,0.55712736
s_016um_00263_00136-1,0.82294184
s_016um_00141_00057-1,0.65836436
s_016um_00095_00316-1,0.6451468
s_016um_00040_00211-1,0.6813692
s_016um_00275_00322-1,0.67541575
s_016um_00046_00207-1,0.6759564
s_016um_00092_00340-1,0.64309675
s_016um_00090_00266-1,0.5989141
s_016um_00181_00030-1,0.5154338
s_016um_00042_00245-1,0.5956628
s_016um_00408_00097-1,0.63327765
s_016um_00418_00137-1,0.6001256
s_016um_00132_00314-1,0.7027173
s_016um_00365_00101-1,0.6161981
s_016um_00266_00032-1,0.6675582
s_016um_00083_00201-1,0.6033725
s_016um_00231_00358-1,0.56627375
s_016um_00227_00235-1,0.6193002
s_016um_00008_00296-1,0.5363766
s_016um_00241_00185-1,0.55636555
s_016um_00081_00293-1,0.5228451
s_016um_00170_00122-1,0.71751034
s_016um_00349_00021-1,0.6099219
s_016um_00011_00152-1,0.56499344
s_016um_00404_00403-1,1.8892672
s_016um_00099_00025-1,0.7059316
s_016um_00127_00094-1,0.8217567
s_016um_00395_00214-1,0.56264406
s_016um_00009_00151-1,0.5710484
s_016um_00195_00124-1,0.66691047
s_016um_00275_00047-1,0.59356916
s_016um_00386_00292-1,0.6720762
s_016um_00241_00084-1,0.7480187
s_016um_00328_00120-1,0.60405105
s_016um_00210_00028-1,0.6293584
s_016um_00228_00232-1,1.0516754
s_016um_00394_00179-1,0.72339356
s_016um_00210_00034-1,0.6524138
s_016um_00356_00118-1,0.5971873
s_016um_00251_00025-1,0.65279657
s_016um_00205_00150-1,0.6577581
s_016um_00026_00091-1,0.6400363
s_016um_00140_00218-1,0.5904557
s_016um_00375_00121-1,0.5953339
s_016um_00040_00203-1,0.70292044
s_016um_00280_00202-1,0.5359913
s_016um_00338_00402-1,0.5640174
s_016um_00369_00121-1,0.8526938
s_016um_00351_00021-1,0.7736316
s_016um_00083_00286-1,0.55285937
s_016um_00082_00278-1,0.58632374
s_016um_00167_00371-1,0.56915265
s_016um_00252_00022-1,0.63684213
s_016um_00078_00238-1,0.5846465
s_016um_00400_00212-1,0.58564574
s_016um_00403_00398-1,1.3737825
s_016um_00134_00221-1,0.70204395
s_016um_00079_00240-1,0.53867364
s_016um_00401_00257-1,0.6692824
s_016um_00314_00059-1,0.576659
s_016um_00025_00087-1,0.6025651
s_016um_00335_00402-1,0.8782469
s_016um_00388_00339-1,0.6721295
s_016um_00273_00134-1,0.5357033
s_016um_00392_00216-1,0.71968776
s_016um_00395_00178-1,0.67808574
s_016um_00157_00288-1,0.6279366
s_016um_00087_00066-1,0.80627227
s_016um_00384_00133-1,0.7440141
s_016um_00082_00267-1,0.50778484
s_016um_00232_00356-1,0.6828601
s_016um_00355_00293-1,0.64056337
s_016um_00041_00009-1,0.5396979
s_016um_00145_00017-1,0.64117396
s_016um_00144_00020-1,0.66937894
s_016um_00381_00136-1,0.5887529
s_016um_00078_00251-1,0.7677874
s_016um_00104_00067-1,0.6726368
s_016um_00290_00096-1,0.66560876
s_016um_00221_00172-1,0.63141435
s_016um_00247_00025-1,0.71057385
s_016um_00083_00202-1,0.58091253
s_016um_00190_00091-1,0.69502115
s_016um_00220_00227-1,0.5724312
s_016um_00326_00126-1,0.7496046
s_016um_00091_00269-1,0.54731995
s_016um_00375_00125-1,0.69662744
s_016um_00312_00058-1,0.5955415
s_016um_00225_00232-1,0.5343788
s_016um_00066_00236-1,0.6683937
s_016um_00229_00262-1,0.53959954
s_016um_00111_00315-1,0.59775996
s_016um_00193_00090-1,0.74259245
s_016um_00061_00248-1,0.599262
s_016um_00082_00199-1,0.62531996
s_016um_00046_00245-1,0.71622384
s_016um_00047_00217-1,0.6730392
s_016um_00091_00342-1,0.7356172
s_016um_00265_00127-1,0.70241416
s_016um_00127_00086-1,0.690498
s_016um_00245_00089-1,0.6113432
s_016um_00058_00250-1,0.6434219
s_016um_00101_00025-1,0.68378925
s_016um_00221_00225-1,0.6370518
s_016um_00271_00328-1,0.64071053
s_016um_00395_00339-1,0.707565
s_016um_00131_00382-1,0.62284946
s_016um_00264_00331-1,0.57659805
s_016um_00331_00258-1,0.5790887
s_016um_00095_00338-1,0.59984887
s_016um_00139_00060-1,0.58011425
s_016um_00409_00150-1,0.664798
s_016um_00393_00296-1,0.79888797
s_016um_00325_00304-1,0.6711511
s_016um_00286_00097-1,0.74989456
s_016um_00078_00240-1,0.5838205
s_016um_00130_00227-1,0.53503
s_016um_00013_00294-1,0.5326707
s_016um_00404_00146-1,0.55710655
s_016um_00356_00120-1,0.7502057
s_016um_00036_00098-1,0.82131016
s_016um_00066_00231-1,0.5821859
s_016um_00234_00087-1,0.76140714
s_016um_00099_00029-1,0.65179914
s_016um_00238_00183-1,0.56976265
s_016um_00042_00217-1,0.58125776
s_016um_00366_00221-1,0.5185796
s_016um_00191_00123-1,0.82432616
s_016um_00197_00125-1,0.6193805
s_016um_00397_00367-1,0.70723987
s_016um_00063_00131-1,0.5688221
s_016um_00141_00061-1,0.62900805
s_016um_00213_00032-1,0.81697524
s_016um_00041_00218-1,0.6069257
s_016um_00076_00240-1,0.60291255
s_016um_00206_00151-1,0.5738761
s_016um_00274_00328-1,0.9423594
s_016um_00121_00148-1,0.60852826
s_016um_00396_00214-1,0.53709394
s_016um_00276_00204-1,0.5652727
s_016um_00417_00142-1,0.60998577
s_016um_00172_00377-1,0.594762
s_016um_00328_00299-1,0.5854807
s_016um_00356_00287-1,0.6205281
s_016um_00013_00300-1,0.6335805
s_016um_00127_00092-1,0.73616016
s_016um_00278_00322-1,0.5385835
s_016um_00264_00060-1,0.7569778
s_016um_00109_00313-1,0.6269639
s_016um_00039_00105-1,0.6632717
s_016um_00088_00272-1,0.55706096
s_016um_00414_00137-1,0.48788851
s_016um_00401_00397-1,1.3748374
s_016um_00042_00043-1,0.57647425
s_016um_00268_00331-1,0.5776144
s_016um_00110_00321-1,0.80731404
s_016um_00009_00302-1,0.64574474
s_016um_00230_00245-1,0.58458626
s_016um_00222_00012-1,0.6401942
s_016um_00130_00091-1,0.6859055
s_016um_00363_00225-1,0.56199247
s_016um_00352_00093-1,0.59079444
s_016um_00097_00278-1,0.60227937
s_016um_00076_00244-1,0.5654498
s_016um_00281_00314-1,0.56597126
s_016um_00261_00186-1,0.69464093
s_016um_00307_00052-1,0.6737505
s_016um_00087_00197-1,0.6434229
s_016um_00086_00028-1,0.6534815
s_016um_00044_00178-1,0.624439
s_016um_00402_00147-1,0.4782238
s_016um_00061_00243-1,0.58190656
s_016um_00347_00217-1,0.58880496
s_016um_00212_00296-1,0.62158316
s_016um_00310_00061-1,0.6518327
s_016um_00209_00291-1,0.64560604
s_016um_00371_00117-1,0.7020428
s_016um_00261_00027-1,0.58718073
s_016um_00034_00099-1,0.6247146
s_016um_00368_00121-1,0.59587955
s_016um_00340_00214-1,0.58582515
s_016um_00081_00281-1,0.5998415
s_016um_00411_00104-1,0.6848702
s_016um_00078_00300-1,0.58709323
s_016um_00088_00273-1,0.550823
s_016um_00145_00060-1,0.5908612
s_016um_00272_00205-1,0.87399125
s_016um_00334_00257-1,0.6676867
s_016um_00332_00251-1,0.7120843
s_016um_00278_00321-1,0.5304194
s_016um_00350_00021-1,0.68920803
s_016um_00189_00128-1,0.67419016
s_016um_00130_00319-1,1.0905334
s_016um_00190_00121-1,0.83167845
s_016um_00167_00370-1,0.6646747
s_016um_00234_00088-1,0.6798924
s_016um_00203_00152-1,0.71543694
s_016um_00343_00216-1,0.63247734
s_016um_00282_00326-1,0.59244955
s_016um_00266_00060-1,0.8094909
s_016um_00011_00208-1,0.7313348
s_016um_00280_00138-1,0.65553117
s_016um_00234_00268-1,0.5007453
s_016um_00403_00402-1,1.9782271
s_016um_00164_00287-1,0.8336275
s_016um_00134_00229-1,0.6196825
s_016um_00213_00033-1,0.81511045
s_016um_00232_00264-1,0.67402697
s_016um_00240_00090-1,0.6474283
s_016um_00142_00216-1,0.74116737
s_016um_00134_00217-1,0.70044285
s_016um_00341_00213-1,0.65079874
s_016um_00236_00185-1,0.66435444
s_016um_00221_00279-1,0.5413342
s_016um_00321_00164-1,0.5355727
s_016um_00272_00329-1,0.68431264
s_016um_00414_00097-1,0.5736705
s_016um_00357_00119-1,0.68846375
s_016um_00259_00026-1,0.6262201
s_016um_00145_00397-1,0.65063
s_016um_00144_00059-1,0.6565489
s_016um_00358_00287-1,0.54364175
s_016um_00092_00270-1,0.61787283
s_016um_00366_00230-1,0.60683787
s_016um_00358_00409-1,0.8713676
s_016um_00078_00246-1,0.55441505
s_016um_00237_00355-1,0.5821101
s_016um_00047_00212-1,0.6386102
s_016um_00040_00216-1,0.80442035
s_016um_00335_00252-1,0.64459056
s_016um_00037_00176-1,0.6523752
s_016um_00079_00195-1,0.7560364
s_016um_00217_00169-1,0.75525105
s_016um_00096_00279-1,0.5461887
s_016um_00007_00213-1,0.5935006
s_016um_00335_00399-1,1.0011417
s_016um_00237_00361-1,0.53295803
s_016um_00395_00370-1,0.61546594
s_016um_00092_00337-1,0.6988683
s_016um_00087_00070-1,0.6578729
s_016um_00039_00010-1,0.5793326
s_016um_00217_00171-1,0.67552
s_016um_00009_00153-1,0.57168937
s_016um_00216_00010-1,0.7067228
s_016um_00136_00216-1,0.72865826
s_016um_00017_00265-1,0.5835793
s_016um_00098_00067-1,0.68284696
s_016um_00343_00217-1,0.5741261
s_016um_00022_00268-1,0.60139084
s_016um_00018_00273-1,0.5972736
s_016um_00242_00089-1,0.6606628
s_016um_00383_00132-1,0.60987276
s_016um_00222_00328-1,0.58269954
s_016um_00349_00023-1,0.7084624
s_016um_00091_00277-1,0.5928098
s_016um_00135_00074-1,0.68789893
s_016um_00413_00097-1,0.5830015
s_016um_00086_00200-1,0.60527337
s_016um_00250_00020-1,0.8028093
s_016um_00218_00166-1,0.7263954
s_016um_00367_00225-1,0.5897819
s_016um_00209_00295-1,0.50662714
s_016um_00090_00335-1,0.56813794
s_016um_00219_00173-1,0.61639255
s_016um_00077_00297-1,0.60093445
s_016um_00379_00140-1,0.71243733
s_016um_00041_00045-1,0.54251075
s_016um_00392_00361-1,0.92673266
s_016um_00391_00365-1,0.6245895
s_016um_00258_00029-1,0.7699614
s_016um_00145_00016-1,0.58614385
s_016um_00356_00411-1,1.0210823
s_016um_00331_00214-1,0.53973114
s_016um_00085_00196-1,0.64744776
s_016um_00038_00176-1,0.577774
s_016um_00090_00275-1,0.5308695
s_016um_00409_00097-1,0.5871361
s_016um_00405_00401-1,1.919271
s_016um_00402_00125-1,0.637824
s_016um_00221_00237-1,0.58269805
s_016um_00083_00280-1,0.64769363
s_016um_00104_00073-1,0.59642404
s_016um_00267_00061-1,0.5915766
s_016um_00359_00115-1,0.723814
s_016um_00094_00277-1,0.56764525
s_016um_00079_00298-1,0.59904516
s_016um_00082_00028-1,0.5632322
s_016um_00262_00336-1,0.58145964
s_016um_00215_00031-1,0.7916102
s_016um_00259_00131-1,0.6517069
s_016um_00279_00324-1,0.6705978
s_016um_00397_00362-1,0.72350395
s_016um_00259_00030-1,0.7615993
s_016um_00291_00096-1,0.66009915
s_016um_00142_00057-1,0.59609765
s_016um_00353_00119-1,0.58125544
s_016um_00205_00145-1,0.7657958
s_016um_00375_00119-1,0.694288
s_016um_00086_00065-1,0.91907567
s_016um_00114_00317-1,0.5303618
s_016um_00083_00282-1,0.5652912
s_016um_00079_00244-1,0.5969249
s_016um_00093_00337-1,0.69637144
s_016um_00281_00135-1,0.5550463
s_016um_00216_00280-1,0.48132336
s_016um_00163_00289-1,0.6215942
s_016um_00358_00121-1,0.5857425
s_016um_00277_00203-1,0.56531495
s_016um_00340_00401-1,0.70010227
s_016um_00064_00125-1,0.6002601
s_016um_00096_00069-1,0.661208
s_016um_00010_00297-1,0.6277193
s_016um_00324_00168-1,0.6210458
s_016um_00291_00099-1,0.6047936
s_016um_00402_00261-1,0.57762
s_016um_00068_00129-1,0.6176744
s_016um_00037_00106-1,0.7325446
s_016um_00329_00215-1,0.822989
s_016um_00394_00361-1,0.66314435
s_016um_00398_00373-1,0.8484857
s_016um_00102_00027-1,0.81630695
s_016um_00400_00122-1,0.6668697
s_016um_00402_00120-1,0.5582969
s_016um_00043_00204-1,0.5898598
s_016um_00062_00246-1,0.55319154
s_016um_00278_00315-1,0.6344417
s_016um_00367_00226-1,0.62312806
s_016um_00182_00029-1,0.690348
s_016um_00132_00087-1,0.60947776
s_016um_00135_00226-1,0.5907271
s_016um_00325_00306-1,0.5900044
s_016um_00077_00243-1,0.53276545
s_016um_00332_00254-1,0.70801663
s_016um_00275_00136-1,0.72175896
s_016um_00272_00034-1,0.7068959
s_016um_00214_00030-1,0.73301554
s_016um_00160_00293-1,0.58553
s_016um_00135_00230-1,0.55089164
s_016um_00039_00046-1,0.64312625
s_016um_00236_00354-1,0.660192
s_016um_00134_00314-1,1.3420687
s_016um_00105_00072-1,0.58111584
s_016um_00227_00245-1,0.5274373
s_016um_00129_00389-1,0.6327321
s_016um_00409_00099-1,0.5611841
s_016um_00205_00146-1,0.8083566
s_016um_00034_00004-1,0.6176504
s_016um_00031_00336-1,0.5348954
s_016um_00222_00235-1,0.6610598
s_016um_00406_00395-1,1.176419
s_016um_00129_00095-1,0.8472476
s_016um_00144_00018-1,0.6712872
s_016um_00393_00298-1,0.7434049
s_016um_00389_00291-1,0.6411918
s_016um_00186_00029-1,0.7022102
s_016um_00400_00369-1,0.72537315
s_016um_00221_00238-1,0.5471716
s_016um_00232_00269-1,0.6193261
s_016um_00265_00337-1,0.67020714
s_016um_00082_00296-1,0.5669172
s_016um_00140_00223-1,0.7288577
s_016um_00334_00217-1,0.607966
s_016um_00128_00315-1,0.5990985
s_016um_00197_00122-1,0.7030156
s_016um_00333_00259-1,0.709194
s_016um_00407_00124-1,0.5554778
s_016um_00042_00172-1,0.67258996
s_016um_00394_00365-1,0.69909126
s_016um_00184_00027-1,0.5599308
s_016um_00007_00154-1,0.58962625
s_016um_00183_00032-1,0.63770384
s_016um_00069_00126-1,0.63592076
s_016um_00329_00212-1,0.54719067
s_016um_00082_00072-1,0.6288201
s_016um_00191_00126-1,0.8218142
s_016um_00178_00033-1,0.6366018
s_016um_00222_00236-1,0.6990029
s_016um_00178_00030-1,0.6210189
s_016um_00124_00385-1,0.785112
s_016um_00097_00321-1,0.7683568
s_016um_00222_00246-1,0.51784194
s_016um_00324_00305-1,0.60179424
s_016um_00287_00096-1,0.77831274
s_016um_00256_00188-1,0.7601709
s_016um_00313_00057-1,0.6171217
s_016um_00407_00152-1,0.5921813
s_016um_00172_00375-1,0.72966474
s_016um_00265_00128-1,0.7383603
s_016um_00076_00293-1,0.6638896
s_016um_00138_00075-1,0.5757956
s_016um_00230_00264-1,0.54033834
s_016um_00223_00333-1,0.58889264
s_016um_00335_00253-1,0.67416126
s_016um_00254_00030-1,0.6500527
s_016um_00163_00122-1,0.605187
s_016um_00193_00091-1,0.67476654
s_016um_00262_00335-1,0.62737805
s_016um_00007_00152-1,0.57529545
s_016um_00140_00017-1,0.59806746
s_016um_00325_00224-1,0.5695345
s_016um_00306_00054-1,0.6942829
s_016um_00261_00330-1,0.6878701
s_016um_00388_00299-1,0.6078886
s_016um_00223_00226-1,0.59169364
s_016um_00124_00387-1,0.5870521
s_016um_00085_00193-1,0.6979508
s_016um_00357_00416-1,1.3732789
s_016um_00222_00227-1,0.60547626
s_016um_00077_00295-1,0.5904052
s_016um_00218_00228-1,0.5820441
s_016um_00274_00313-1,0.5467538
s_016um_00091_00335-1,0.56865543
s_016um_00271_00329-1,0.5889566
s_016um_00391_00340-1,0.62629116
s_016um_00391_00362-1,0.64457154
s_016um_00322_00166-1,0.63154685
s_016um_00393_00370-1,0.63521665
s_016um_00361_00417-1,1.2149038
s_016um_00213_00283-1,0.5879475
s_016um_00162_00289-1,0.6361435
s_016um_00131_00385-1,0.6078742
s_016um_00077_00239-1,0.585783
s_016um_00031_00091-1,0.56350154
s_016um_00342_00398-1,0.76243615
s_016um_00091_00271-1,0.5511332
s_016um_00277_00135-1,0.70841575
s_016um_00394_00182-1,0.6697951
s_016um_00353_00096-1,0.6360992
s_016um_00313_00053-1,0.68986106
s_016um_00031_00333-1,0.5693882
s_016um_00404_00256-1,0.6259372
s_016um_00007_00296-1,0.52485096
s_016um_00269_00229-1,0.5448567
s_016um_00324_00231-1,0.6470409
s_016um_00033_00101-1,0.7333866
s_016um_00043_00048-1,0.59209967
s_016um_00029_00089-1,0.65248716
s_016um_00264_00129-1,0.581277
s_016um_00074_00243-1,0.6106143
s_016um_00096_00025-1,0.67818296
s_016um_00218_00011-1,0.58970106
s_016um_00401_00366-1,0.6340041
s_016um_00260_00026-1,0.67428166
s_016um_00084_00199-1,0.57317513
s_016um_00208_00295-1,0.53448975
s_016um_00195_00121-1,0.6639272
s_016um_00238_00089-1,0.7946665
s_016um_00392_00295-1,0.61384875
s_016um_00180_00027-1,0.5774167
s_016um_00380_00138-1,0.5987846
s_016um_00190_00097-1,0.58931935
s_016um_00042_00238-1,0.7507232
s_016um_00333_00211-1,0.50406325
s_016um_00237_00189-1,0.59935826
s_016um_00274_00227-1,0.58125377
s_016um_00099_00318-1,0.5922834
s_016um_00134_00222-1,0.5953803
s_016um_00405_00150-1,0.6518728
s_016um_00402_00262-1,0.6056713
s_016um_00236_00261-1,0.71269876
s_016um_00356_00024-1,0.57655823
s_016um_00140_00016-1,0.73062193
s_016um_00116_00143-1,0.8733086
s_016um_00399_00260-1,0.62873125
s_016um_00238_00361-1,0.5638529
s_016um_00214_00012-1,0.5211704
s_016um_00276_00134-1,0.61268747
s_016um_00049_00243-1,0.74888533
s_016um_00222_00225-1,0.6310893
s_016um_00031_00330-1,0.63642085
s_016um_00321_00306-1,0.6037812
s_016um_00400_00217-1,0.60379744
s_016um_00082_00200-1,0.62873477
s_016um_00134_00216-1,0.6260639
s_016um_00137_00075-1,0.57145363
s_016um_00079_00242-1,0.5589356
s_016um_00357_00410-1,0.76462317
s_016um_00194_00123-1,0.55473435
s_016um_00359_00286-1,0.5937416
s_016um_00233_00260-1,0.5448804
s_016um_00279_00317-1,0.6103788
s_016um_00170_00123-1,0.6463242
s_016um_00290_00094-1,0.754377
s_016um_00056_00250-1,0.57916236
s_016um_00268_00057-1,0.8626333
s_016um_00400_00401-1,1.8877957
s_016um_00414_00099-1,0.5905277
s_016um_00354_00117-1,0.64182645
s_016um_00396_00216-1,0.607098
s_016um_00274_00326-1,0.5589808
s_016um_00224_00246-1,0.6148027
s_016um_00371_00119-1,0.64884514
s_016um_00413_00142-1,0.6955912
s_016um_00234_00356-1,0.55690026
s_016um_00336_00258-1,0.61904484
s_016um_00254_00025-1,0.59537065
s_016um_00230_00266-1,0.5767276
s_016um_00101_00065-1,0.6964056
s_016um_00221_00018-1,0.82416284
s_016um_00220_00031-1,0.7073978
s_016um_00131_00232-1,0.57931197
s_016um_00398_00181-1,0.58353704
s_016um_00131_00227-1,0.64013016
s_016um_00322_00227-1,0.5537834
s_016um_00416_00141-1,0.62249434
s_016um_00214_00290-1,0.53084964
s_016um_00096_00275-1,0.57197607
s_016um_00110_00314-1,0.60322106
s_016um_00353_00018-1,0.5349045
s_016um_00400_00396-1,1.3666234
s_016um_00064_00238-1,0.6506702
s_016um_00093_00278-1,0.5878006
s_016um_00083_00271-1,0.52213395
s_016um_00203_00153-1,0.6894922
s_016um_00277_00046-1,0.6126759
s_016um_00040_00047-1,0.628892
s_016um_00234_00360-1,0.5477395
s_016um_00229_00266-1,0.6037744
s_016um_00279_00207-1,0.62235224
s_016um_00400_00218-1,0.63416386
s_016um_00150_00395-1,0.7409395
s_016um_00387_00127-1,0.97354126
s_016um_00391_00363-1,0.7010443
s_016um_00375_00124-1,0.6120385
s_016um_00210_00294-1,0.65898734
s_016um_00169_00126-1,0.68886876
s_016um_00224_00249-1,0.5122147
s_016um_00006_00214-1,0.65004444
s_016um_00307_00058-1,0.67407095
s_016um_00269_00032-1,0.6958542
s_016um_00261_00336-1,0.62433785
s_016um_00354_00414-1,1.2060397
s_016um_00352_00120-1,0.64218324
s_016um_00258_00186-1,0.68679357
s_016um_00027_00332-1,0.6466862
s_016um_00067_00231-1,0.599729
s_016um_00362_00291-1,0.6582311
s_016um_00382_00129-1,0.64944
s_016um_00318_00165-1,0.752025
s_016um_00386_00134-1,0.78188056
s_016um_00264_00191-1,0.54408133
s_016um_00361_00412-1,1.248985
s_016um_00096_00029-1,1.0002967
s_016um_00213_00027-1,0.6612288
s_016um_00258_00189-1,0.65527904
s_016um_00392_00298-1,0.8470498
s_016um_00361_00411-1,0.9511912
s_016um_00266_00334-1,0.5639457
s_016um_00368_00100-1,0.72995716
s_016um_00353_00290-1,0.7296881
s_016um_00344_00213-1,0.6385465
s_016um_00369_00100-1,0.76360327
s_016um_00079_00196-1,0.67445654
s_016um_00388_00133-1,0.552531
s_016um_00357_00290-1,0.6593177
s_016um_00370_00119-1,0.77348316
s_016um_00148_00395-1,0.7276207
s_016um_00372_00119-1,0.7169846
s_016um_00193_00098-1,0.61498064
s_016um_00168_00122-1,0.62049276
s_016um_00107_00314-1,0.53379136
s_016um_00244_00085-1,0.6847778
s_016um_00101_00031-1,0.6015092
s_016um_00035_00332-1,0.63275576
s_016um_00134_00072-1,0.6021718
s_016um_00243_00089-1,0.67033106
s_016um_00353_00019-1,0.81190413
s_016um_00194_00092-1,0.53566766
s_016um_00263_00334-1,0.7430124
s_016um_00410_00101-1,0.5592286
s_016um_00084_00067-1,0.5779244
s_016um_00146_00397-1,0.58402205
s_016um_00132_00320-1,1.0646085
s_016um_00233_00089-1,0.70807165
s_016um_00042_00205-1,0.828732
s_016um_00262_00331-1,0.5499763
s_016um_00043_00045-1,0.6508441
s_016um_00220_00235-1,0.7203918
s_016um_00330_00123-1,0.6128668
s_016um_00222_00238-1,0.59136194
s_016um_00013_00215-1,0.66629565
s_016um_00222_00032-1,0.59801084
s_016um_00041_00173-1,0.64272356
s_016um_00140_00055-1,0.58428097
s_016um_00254_00031-1,0.642141
s_016um_00064_00230-1,0.6661597
s_016um_00333_00255-1,0.6480853
s_016um_00401_00263-1,0.6822989
s_016um_00390_00184-1,0.659081
s_016um_00385_00133-1,0.79216605
s_016um_00273_00049-1,0.8521113
s_016um_00082_00070-1,0.5839779
s_016um_00269_00055-1,1.1949008
s_016um_00271_00227-1,0.62440586
s_016um_00322_00226-1,0.59034115
s_016um_00333_00257-1,0.60413325
s_016um_00255_00031-1,0.6285633
s_016um_00389_00293-1,0.7448153
s_016um_00012_00207-1,0.6286099
s_016um_00044_00241-1,0.78282887
s_016um_00327_00298-1,0.6076653
s_016um_00027_00090-1,0.61434406
s_016um_00248_00023-1,0.86035526
s_016um_00094_00275-1,0.5661638
s_016um_00098_00316-1,0.6562775
s_016um_00087_00031-1,0.56809384
s_016um_00194_00090-1,0.62258524
s_016um_00203_00154-1,0.63499784
s_016um_00362_00413-1,1.3635405
s_016um_00196_00126-1,0.5821213
s_016um_00357_00092-1,0.7965666
s_016um_00228_00327-1,0.49625558
s_016um_00168_00377-1,0.67490894
s_016um_00088_00271-1,0.5277258
s_016um_00413_00139-1,0.72794425
s_016um_00092_00319-1,0.5610968
s_016um_00067_00233-1,0.5714247
s_016um_00188_00125-1,0.6499757
s_016um_00216_00230-1,0.54854393
s_016um_00340_00219-1,0.6456541
s_016um_00255_00032-1,0.6419682
s_016um_00105_00069-1,0.5656289
s_016um_00069_00128-1,0.55210245
s_016um_00266_00030-1,0.61045223
s_016um_00095_00320-1,0.53076947
s_016um_00038_00046-1,0.67198527
s_016um_00268_00336-1,0.5731121
s_016um_00269_00057-1,0.6705391
s_016um_00385_00297-1,0.5851372
s_016um_00033_00091-1,0.59497315
s_016um_00043_00207-1,0.64937115
s_016um_00355_00416-1,1.1737213
s_016um_00232_00355-1,0.5949656
s_016um_00213_00295-1,0.6102239
s_016um_00074_00237-1,0.5159977
s_016um_00276_00132-1,0.6014104
s_016um_00209_00293-1,0.58073
s_016um_00084_00065-1,0.60121477
s_016um_00262_00190-1,0.7069429
s_016um_00006_00209-1,0.6706946
s_016um_00161_00291-1,0.62550443
s_016um_00099_00320-1,0.5661665
s_016um_00079_00265-1,0.63358766
s_016um_00402_00257-1,0.6354513
s_016um_00238_00187-1,0.611315
s_016um_00191_00121-1,0.7952195
s_016um_00136_00076-1,0.62828135
s_016um_00192_00093-1,0.65835696
s_016um_00311_00053-1,0.6268618
s_016um_00274_00134-1,0.6120254
s_016um_00054_00250-1,0.6855919
s_016um_00211_00035-1,0.6165434
s_016um_00360_00292-1,0.5511142
s_016um_00086_00281-1,0.5334017
s_016um_00170_00373-1,0.6307033
s_016um_00142_00022-1,0.7064503
s_016um_00308_00058-1,0.68386364
s_016um_00028_00333-1,0.5805392
s_016um_00189_00093-1,0.6074302
s_016um_00160_00286-1,0.79089
s_016um_00360_00118-1,0.6353508
s_016um_00318_00167-1,0.95594335
s_016um_00141_00072-1,0.6550358
s_016um_00223_00229-1,0.5681782
s_016um_00216_00031-1,0.66415465
s_016um_00128_00391-1,0.51569664
s_016um_00228_00266-1,0.49708545
s_016um_00332_00120-1,0.63467026
s_016um_00223_00235-1,0.5505686
s_016um_00380_00139-1,0.56465906
s_016um_00247_00082-1,0.6693178
s_016um_00082_00298-1,0.5567477
s_016um_00376_00118-1,0.83263737
s_016um_00039_00176-1,0.6214496
s_016um_00223_00026-1,0.8419101
s_016um_00034_00097-1,0.5791968
s_016um_00220_00284-1,0.57510173
s_016um_00081_00197-1,1.129482
s_016um_00035_00010-1,0.8106204
s_016um_00260_00191-1,0.55031925
s_016um_00018_00268-1,0.631637
s_016um_00142_00073-1,0.5518184
s_016um_00306_00057-1,0.64340645
s_016um_00342_00217-1,0.75780165
s_016um_00085_00033-1,0.6276887
s_016um_00125_00384-1,0.65995806
s_016um_00129_00091-1,0.7776659
s_016um_00028_00087-1,0.55320525
s_016um_00279_00319-1,0.70728105
s_016um_00086_00064-1,0.7033574
s_016um_00336_00257-1,0.62973875
s_016um_00264_00127-1,0.66511863
s_016um_00196_00095-1,0.69962096
s_016um_00098_00338-1,0.73207176
s_016um_00395_00184-1,0.6232764
s_016um_00335_00214-1,0.5592147
s_016um_00244_00083-1,0.6630747
s_016um_00388_00291-1,0.6195046
s_016um_00279_00318-1,0.64504266
s_016um_00018_00265-1,0.58024395
s_016um_00008_00158-1,0.5353419
s_016um_00384_00138-1,0.59392124
s_016um_00275_00316-1,0.9335466
s_016um_00216_00029-1,0.6320327
s_016um_00202_00151-1,0.75875604
s_016um_00037_00007-1,0.57719433
s_016um_00129_00225-1,0.61327076
s_016um_00334_00258-1,0.6774225
s_016um_00260_00028-1,0.7186063
s_016um_00225_00238-1,0.5405833
s_016um_00150_00397-1,0.6177262
s_016um_00414_00142-1,0.6544611
s_016um_00134_00075-1,0.6139996
s_016um_00392_00180-1,0.6296655
s_016um_00290_00092-1,0.8541691
s_016um_00273_00207-1,0.65200996
s_016um_00271_00055-1,0.63408905
s_016um_00221_00236-1,0.6176629
s_016um_00335_00396-1,0.6005613
s_016um_00028_00331-1,0.6551017
s_016um_00090_00070-1,0.62572396
s_016um_00095_00023-1,0.6229768
s_016um_00280_00208-1,0.5889462
s_016um_00094_00341-1,0.60472465
s_016um_00325_00226-1,0.6216985
s_016um_00228_00333-1,0.5737585
s_016um_00266_00131-1,0.8092861
s_016um_00112_00313-1,0.55489886
s_016um_00251_00028-1,0.6281854
s_016um_00077_00300-1,0.7124948
s_016um_00372_00124-1,0.5684029
s_016um_00191_00095-1,0.6111615
s_016um_00119_00150-1,0.61682326
s_016um_00134_00077-1,0.593127
s_016um_00127_00093-1,0.83804095
s_016um_00334_00252-1,0.60545915
s_016um_00260_00184-1,0.5832609
s_016um_00196_00096-1,0.59120136
s_016um_00078_00241-1,0.55560523
s_016um_00161_00285-1,0.6826623
s_016um_00249_00024-1,0.7333989
s_016um_00274_00224-1,0.5639381
s_016um_00012_00301-1,0.58706975
s_016um_00192_00089-1,0.64209104
s_016um_00097_00069-1,0.56385946
s_016um_00033_00090-1,0.6179328
s_016um_00092_00271-1,0.5961962
s_016um_00412_00097-1,0.566462
s_016um_00169_00374-1,0.7094543
s_016um_00273_00136-1,0.6143257
s_016um_00012_00212-1,0.6131202
s_016um_00331_00213-1,0.6071447
s_016um_00223_00228-1,0.56504375
s_016um_00251_00026-1,0.59486383
s_016um_00087_00200-1,0.6956206
s_016um_00005_00157-1,0.60483
s_016um_00238_00184-1,0.55122787
s_016um_00410_00149-1,0.66351324
s_016um_00340_00399-1,0.7641858
s_016um_00258_00027-1,0.7894004
s_016um_00342_00403-1,0.72957504
s_016um_00398_00218-1,0.5684281
s_016um_00323_00232-1,0.5970113
s_016um_00101_00384-1,0.5147841
s_016um_00218_00174-1,0.5220156
s_016um_00075_00297-1,0.5423608
s_016um_00120_00150-1,0.5880217
s_016um_00278_00052-1,1.0601733
s_016um_00242_00190-1,0.68275934
s_016um_00360_00093-1,0.5991743
s_016um_00274_00049-1,0.6636657
s_016um_00393_00339-1,0.70808923
s_016um_00386_00341-1,0.6475577
s_016um_00404_00260-1,0.72723776
s_016um_00113_00318-1,0.5798502
s_016um_00128_00318-1,1.1333308
s_016um_00228_00332-1,0.6014084
s_016um_00331_00122-1,0.7095966
s_016um_00097_00319-1,0.6620421
s_016um_00168_00372-1,0.5134108
s_016um_00352_00027-1,0.84233105
s_016um_00388_00296-1,0.58763444
s_016um_00324_00303-1,0.48592725
s_016um_00354_00089-1,0.5953357
s_016um_00045_00215-1,0.60951346
s_016um_00092_00321-1,0.5651226
s_016um_00374_00123-1,0.62649095
s_016um_00359_00292-1,0.63994735
s_016um_00349_00026-1,0.67786145
s_016um_00083_00033-1,0.6159139
s_016um_00269_00336-1,0.63154244
s_016um_00104_00069-1,0.71459264
s_016um_00310_00054-1,0.5238374
s_016um_00291_00093-1,0.7034783
s_016um_00223_00244-1,0.6245654
s_016um_00171_00125-1,0.7160027
s_016um_00033_00103-1,0.57658327
s_016um_00165_00286-1,0.6319872
s_016um_00383_00137-1,0.58558124
s_016um_00334_00255-1,0.6327676
s_016um_00078_00298-1,0.5206144
s_016um_00398_00369-1,0.60035336
s_016um_00263_00189-1,0.6079333
s_016um_00189_00095-1,0.6053674
s_016um_00398_00367-1,0.6053029
s_016um_00169_00372-1,0.6210254
s_016um_00326_00299-1,0.73912555
s_016um_00084_00068-1,0.56494796
s_016um_00279_00312-1,0.6109918
s_016um_00333_00400-1,0.95112646
s_016um_00277_00321-1,0.62530637
s_016um_00267_00131-1,0.64023113
s_016um_00005_00152-1,0.5510808
s_016um_00094_00317-1,0.56352544
s_016um_00311_00055-1,0.65048474
s_016um_00060_00246-1,0.6525211
s_016um_00009_00211-1,0.6657586
s_016um_00190_00095-1,0.6124457
s_016um_00372_00118-1,0.6292627
s_016um_00138_00219-1,0.56128263
s_016um_00009_00294-1,0.6926245
s_016um_00404_00152-1,0.70145726
s_016um_00136_00220-1,0.6816935
s_016um_00274_00327-1,0.64196414
s_016um_00220_00018-1,0.7650749
s_016um_00133_00075-1,0.56499916
s_016um_00040_00180-1,0.6042626
s_016um_00258_00028-1,0.7027757
s_016um_00327_00305-1,0.64868855
s_016um_00251_00021-1,0.71302265
s_016um_00358_00116-1,0.5718006
s_016um_00320_00170-1,0.5854788
s_016um_00214_00033-1,0.7127993
s_016um_00279_00134-1,0.56201106
s_016um_00264_00058-1,0.59852105
s_016um_00095_00323-1,0.7682277
s_016um_00352_00117-1,0.6649489
s_016um_00393_00219-1,0.65702194
s_016um_00040_00210-1,0.6052527
s_016um_00044_00211-1,0.67275965
s_016um_00328_00231-1,0.5730737
s_016um_00324_00169-1,0.5606526
s_016um_00401_00369-1,0.73244476
s_016um_00328_00117-1,0.58737683
s_016um_00272_00134-1,0.5562789
s_016um_00329_00251-1,0.62373
s_016um_00043_00178-1,0.6210647
s_016um_00235_00084-1,0.68308717
s_016um_00222_00234-1,0.6753946
s_016um_00362_00415-1,1.2561584
s_016um_00160_00285-1,0.8537004
s_016um_00195_00098-1,0.6506797
s_016um_00089_00271-1,0.5344876
s_016um_00273_00204-1,0.54083633
s_016um_00107_00318-1,0.7805297
s_016um_00332_00252-1,0.78928995
s_016um_00405_00124-1,0.6375045
s_016um_00235_00184-1,0.6073696
s_016um_00271_00335-1,0.6970941
s_016um_00042_00041-1,0.64709324
s_016um_00397_00255-1,0.66825336
s_016um_00223_00331-1,0.57397103
s_016um_00321_00303-1,0.77366483
s_016um_00360_00291-1,0.64340895
s_016um_00279_00046-1,0.63357496
s_016um_00177_00029-1,0.5893648
s_016um_00387_00126-1,0.654006
s_016um_00274_00325-1,0.68091863
s_016um_00040_00010-1,0.5854355
s_016um_00114_00316-1,0.55372435
s_016um_00010_00213-1,0.68904334
s_016um_00144_00017-1,0.6432066
s_016um_00405_00146-1,0.5418731
s_016um_00275_00313-1,0.5430142
s_016um_00396_00371-1,0.67871666
s_016um_00417_00141-1,0.5781576
s_016um_00098_00071-1,0.6110875
s_016um_00193_00125-1,0.63640594
s_016um_00193_00128-1,0.7054385
s_016um_00342_00401-1,0.7830402
s_016um_00215_00014-1,0.64088595
s_016um_00224_00239-1,0.6105855
s_016um_00087_00282-1,0.5269314
s_016um_00407_00099-1,0.6873522
s_016um_00331_00123-1,0.559494
s_016um_00393_00213-1,0.6003143
s_016um_00083_00265-1,0.65867496
s_016um_00104_00068-1,0.65220493
s_016um_00366_00231-1,0.72143924
s_016um_00009_00296-1,0.5709234
s_016um_00027_00330-1,0.5710207
s_016um_00068_00130-1,0.6063678
s_016um_00392_00342-1,0.7485824
s_016um_00274_00050-1,0.692706
s_016um_00390_00344-1,0.9246776
s_016um_00191_00091-1,0.61467755
s_016um_00229_00264-1,0.63530684
s_016um_00387_00295-1,0.7168667
s_016um_00356_00091-1,0.6857086
s_016um_00065_00126-1,0.6400681
s_016um_00221_00278-1,0.52383703
s_016um_00320_00228-1,0.5578558
s_016um_00274_00316-1,0.89891064
s_016um_00139_00057-1,0.7021283
s_016um_00330_00216-1,0.6534137
s_016um_00258_00026-1,0.7391814
s_016um_00010_00210-1,0.6624652
s_016um_00101_00387-1,0.6844892
s_016um_00273_00209-1,0.63141406
s_016um_00044_00215-1,0.65232927
s_016um_00320_00304-1,0.5952286
s_016um_00041_00172-1,0.6205177
s_016um_00371_00140-1,0.7100991
s_016um_00276_00325-1,0.64689934
s_016um_00071_00234-1,0.5950761
s_016um_00084_00296-1,0.5868902
s_016um_00264_00055-1,0.7343792
s_016um_00215_00170-1,0.8276533
s_016um_00192_00129-1,0.64654326
s_016um_00274_00330-1,0.587572
s_016um_00394_00216-1,0.5908997
s_016um_00255_00030-1,0.6142148
s_016um_00281_00048-1,0.87867916
s_016um_00138_00216-1,0.6933635
s_016um_00391_00182-1,0.6870168
s_016um_00038_00208-1,0.9317827
s_016um_00331_00257-1,0.6068452
s_016um_00039_00047-1,0.6350219
s_016um_00360_00293-1,0.52508473
s_016um_00243_00083-1,0.73683447
s_016um_00215_00013-1,0.66526335
s_016um_00036_00177-1,0.6562989
s_016um_00034_00005-1,0.578178
s_016um_00141_00071-1,0.58198905
s_016um_00267_00054-1,0.70175236
s_016um_00391_00336-1,0.5899255
s_016um_00375_00144-1,0.58768946
s_016um_00007_00158-1,0.6353774
s_016um_00182_00033-1,0.53801036
s_016um_00020_00272-1,0.614826
s_016um_00265_00035-1,0.6335488
s_016um_00231_00247-1,0.50929224
s_016um_00219_00017-1,0.5911079
s_016um_00276_00048-1,0.6885921
s_016um_00252_00026-1,0.81292725
s_016um_00279_00208-1,0.5609875
s_016um_00404_00126-1,0.6651957
s_016um_00378_00139-1,0.611969
s_016um_00223_00245-1,0.5678703
s_016um_00267_00337-1,0.5530276
s_016um_00279_00052-1,0.797584
s_016um_00328_00213-1,0.62108475
s_016um_00356_00097-1,0.698646
s_016um_00012_00299-1,0.5547123
s_016um_00162_00285-1,0.6818702
s_016um_00371_00142-1,0.599539
s_016um_00035_00333-1,0.6660257
s_016um_00235_00361-1,0.5802165
s_016um_00242_00185-1,0.604189
s_016um_00088_00031-1,0.5953227
s_016um_00368_00147-1,0.75383013
s_016um_00386_00129-1,0.58764225
s_016um_00127_00388-1,0.5530471
s_016um_00041_00104-1,0.5427271
s_016um_00075_00236-1,0.57263166
s_016um_00404_00128-1,0.64004695
s_016um_00391_00360-1,0.65563023
s_016um_00100_00029-1,0.86776125
s_016um_00009_00297-1,0.6160616
s_016um_00238_00189-1,0.71024525
s_016um_00227_00250-1,0.54940766
s_016um_00394_00359-1,0.93739784
s_016um_00225_00327-1,0.7097656
s_016um_00414_00100-1,0.602172
s_016um_00039_00173-1,0.6174104
s_016um_00367_00223-1,0.5605266
s_016um_00057_00250-1,0.65682536
s_016um_00142_00020-1,0.761007
s_016um_00140_00073-1,0.62713337
s_016um_00193_00094-1,0.6675946
s_016um_00371_00102-1,0.71068406
s_016um_00264_00333-1,0.6205443
s_016um_00234_00355-1,0.6439605
s_016um_00026_00086-1,0.5720399
s_016um_00368_00118-1,0.6104683
s_016um_00273_00202-1,0.5817451
s_016um_00084_00196-1,0.7674935
s_016um_00092_00341-1,0.6913075
s_016um_00034_00331-1,0.59224916
s_016um_00103_00386-1,0.69469714
s_016um_00135_00216-1,0.7673589
s_016um_00208_00293-1,0.64447606
s_016um_00010_00157-1,0.6086276
s_016um_00259_00191-1,0.59094214
s_016um_00038_00104-1,0.5689113
s_016um_00061_00132-1,0.61576486
s_016um_00406_00146-1,0.623754
s_016um_00214_00296-1,0.4839204
s_016um_00256_00029-1,0.73928094
s_016um_00396_00258-1,0.60751295
s_016um_00273_00203-1,0.5720288
s_016um_00065_00234-1,0.85797393
s_016um_00371_00121-1,0.64344054
s_016um_00370_00099-1,0.6033942
s_016um_00397_00185-1,0.61828166
s_016um_00046_00238-1,0.55316633
s_016um_00230_00261-1,0.5054116
s_016um_00212_00291-1,0.65823686
s_016um_00123_00144-1,0.7844168
s_016um_00332_00125-1,0.5542075
s_016um_00391_00185-1,0.7228081
s_016um_00178_00032-1,0.6388623
s_016um_00290_00095-1,0.7777428
s_016um_00030_00088-1,0.51266575
s_016um_00275_00044-1,0.66463864
s_016um_00113_00320-1,0.6665593
s_016um_00046_00211-1,0.63934594
s_016um_00007_00215-1,0.65608287
s_016um_00147_00400-1,0.6533166
s_016um_00392_00340-1,0.75993955
s_016um_00099_00023-1,0.5482768
s_016um_00039_00215-1,0.6860963
s_016um_00086_00193-1,0.6180952
s_016um_00256_00187-1,0.5522351
s_016um_00037_00046-1,0.521731
s_016um_00232_00360-1,0.633124
s_016um_00041_00214-1,1.0078738
s_016um_00285_00093-1,0.6277972
s_016um_00200_00148-1,0.5901408
s_016um_00217_00279-1,0.58034086
s_016um_00132_00387-1,0.5906066
s_016um_00125_00386-1,0.7290621
s_016um_00112_00317-1,0.58105826
s_016um_00037_00098-1,0.6152098
s_016um_00048_00238-1,0.5336182
s_016um_00322_00165-1,0.55377245
s_016um_00355_00026-1,0.8031111
s_016um_00083_00073-1,0.67041403
s_016um_00028_00329-1,0.6695822
s_016um_00234_00266-1,0.61482245
s_016um_00222_00027-1,0.66038525
s_016um_00259_00129-1,0.65591747
s_016um_00007_00151-1,0.5081453
s_016um_00217_00033-1,0.622111
s_016um_00081_00285-1,0.57182574
s_016um_00392_00338-1,0.5822618
s_016um_00214_00289-1,0.5816177
s_016um_00275_00204-1,0.59338844
s_016um_00238_00190-1,0.6859499
s_016um_00326_00225-1,0.6402358
s_016um_00118_00143-1,0.638357
s_016um_00064_00126-1,0.5981742
s_016um_00367_00096-1,0.62718385
s_016um_00218_00013-1,0.6195627
s_016um_00033_00331-1,0.5500419
s_016um_00214_00028-1,0.7792907
s_016um_00100_00072-1,0.6067929
s_016um_00356_00416-1,1.1042633
s_016um_00257_00032-1,0.5506724
s_016um_00099_00321-1,0.54707336
s_016um_00383_00139-1,0.58246565
s_016um_00314_00054-1,0.6337098
s_016um_00033_00334-1,0.5976028
s_016um_00063_00237-1,0.5474531
s_016um_00239_00091-1,0.7499832
s_016um_00307_00053-1,0.7233807
s_016um_00195_00122-1,0.7091222
s_016um_00101_00389-1,0.8145541
s_016um_00219_00284-1,0.5568346
s_016um_00080_00294-1,0.50141054
s_016um_00329_00125-1,0.5948698
s_016um_00250_00025-1,0.68937993
s_016um_00232_00268-1,0.641216
s_016um_00079_00266-1,0.55417585
s_016um_00210_00035-1,0.7384202
s_016um_00355_00097-1,0.79476225
s_016um_00185_00029-1,0.7917238
s_016um_00173_00376-1,0.6565748
s_016um_00236_00085-1,0.73808765
s_016um_00123_00149-1,0.661927
s_016um_00008_00297-1,0.6398216
s_016um_00225_00247-1,0.6362852
s_016um_00277_00207-1,0.6210621
s_016um_00211_00295-1,0.49420398
s_016um_00081_00267-1,0.6014629
s_016um_00399_00263-1,0.59226966
s_016um_00411_00099-1,0.577478
s_016um_00387_00132-1,0.69411063
s_016um_00369_00222-1,0.5891227
s_016um_00413_00099-1,0.65695685
s_016um_00096_00023-1,0.5649453
s_016um_00192_00097-1,0.64808494
s_016um_00288_00094-1,0.72059613
s_016um_00205_00147-1,0.61756086
s_016um_00224_00237-1,0.5334158
s_016um_00400_00400-1,1.6264119
s_016um_00332_00215-1,0.5771023
s_016um_00117_00147-1,0.7499523
s_016um_00164_00126-1,0.63907075
s_016um_00166_00128-1,0.6604372
s_016um_00084_00194-1,0.99084437
s_016um_00280_00133-1,0.693854
s_016um_00284_00097-1,0.63972956
s_016um_00287_00095-1,0.7201674
s_016um_00415_00103-1,0.4602167
s_016um_00269_00335-1,0.6439322
s_016um_00397_00215-1,0.6138193
s_016um_00337_00396-1,0.7740289
s_016um_00263_00190-1,0.5737845
s_016um_00016_00265-1,0.6357295
s_016um_00260_00128-1,0.561414
s_016um_00220_00230-1,0.5841353
s_016um_00219_00228-1,0.58351946
s_016um_00076_00294-1,0.5846145
s_016um_00400_00127-1,0.6317856
s_016um_00075_00239-1,0.5903366
s_016um_00093_00316-1,0.57009095
s_016um_00221_00031-1,0.5832878
s_016um_00274_00222-1,0.67425096
s_016um_00308_00059-1,0.7909925
s_016um_00129_00086-1,0.713056
s_016um_00066_00128-1,0.644965
s_016um_00221_00030-1,0.6540488
s_016um_00237_00185-1,0.658662
s_016um_00408_00147-1,0.6542765
s_016um_00276_00045-1,0.63329947
s_016um_00356_00418-1,1.280973
s_016um_00327_00301-1,0.7394277
s_016um_00290_00093-1,0.62391734
s_016um_00206_00152-1,0.6826282
s_016um_00140_00015-1,0.63427913
s_016um_00370_00147-1,0.7098156
s_016um_00353_00020-1,0.6498055
s_016um_00130_00314-1,0.7972328
s_016um_00375_00118-1,0.6986726
s_016um_00034_00332-1,0.4787073
s_016um_00081_00294-1,0.5743426
s_016um_00089_00032-1,0.561716
s_016um_00260_00333-1,0.61416423
s_016um_00147_00061-1,0.69175756
s_016um_00082_00035-1,0.637268
s_016um_00104_00072-1,0.60503113
s_016um_00354_00096-1,0.65288705
s_016um_00310_00051-1,0.7332516
s_016um_00232_00358-1,0.5693072
s_016um_00217_00293-1,0.50740206
s_016um_00273_00047-1,0.72526485
s_016um_00192_00125-1,0.88828146
s_016um_00397_00370-1,0.7642882
s_016um_00274_00206-1,0.6108355
s_016um_00074_00249-1,0.5315535
s_016um_00167_00124-1,0.6510291
s_016um_00403_00257-1,0.5586941
s_016um_00109_00314-1,0.7246886
s_016um_00041_00216-1,0.70899
s_016um_00313_00059-1,0.6157123
s_016um_00282_00324-1,0.5445632
s_016um_00240_00089-1,0.61222583
s_016um_00220_00331-1,0.577017
s_016um_00274_00201-1,0.6609563
s_016um_00345_00220-1,0.7141751
s_016um_00274_00045-1,0.6919375
s_016um_00075_00243-1,0.5601356
s_016um_00129_00227-1,0.58321774
s_016um_00047_00216-1,0.74586993
s_016um_00167_00375-1,0.600553
s_016um_00137_00216-1,0.57775205
s_016um_00398_00361-1,0.80157393
s_016um_00126_00087-1,0.6551796
s_016um_00049_00239-1,0.6027527
s_016um_00274_00312-1,0.6438243
s_016um_00080_00032-1,0.687207
s_016um_00043_00209-1,0.72303814
s_016um_00013_00212-1,0.5663827
s_016um_00134_00220-1,0.5872358
s_016um_00272_00332-1,0.5538644
s_016um_00083_00296-1,0.59283113
s_016um_00361_00410-1,0.97363627
s_016um_00045_00205-1,0.7426785
s_016um_00214_00276-1,0.6015666
s_016um_00082_00265-1,0.62176013
s_016um_00352_00121-1,0.72924256
s_016um_00244_00186-1,0.67468727
s_016um_00395_00360-1,0.8091634
s_016um_00056_00247-1,0.6164911
s_016um_00120_00151-1,0.5768145
s_016um_00310_00057-1,0.71318704
s_016um_00324_00307-1,0.66579366
s_016um_00045_00240-1,0.63123286
s_016um_00257_00191-1,0.6602207
s_016um_00035_00098-1,0.87118423
s_016um_00144_00055-1,0.60925967
s_016um_00247_00083-1,0.7092954
s_016um_00104_00065-1,0.61986226
s_016um_00094_00338-1,0.55861765
s_016um_00134_00318-1,0.90126467
s_016um_00407_00147-1,0.56057185
s_016um_00369_00097-1,0.6572406
s_016um_00361_00291-1,0.63003325
s_016um_00008_00293-1,0.66435266
s_016um_00172_00374-1,0.7784573
s_016um_00217_00174-1,0.62745404
s_016um_00366_00102-1,0.66260725
s_016um_00277_00329-1,0.6717939
s_016um_00237_00186-1,0.64582956
s_016um_00261_00334-1,0.56808865
s_016um_00229_00334-1,0.5894248
s_016um_00083_00070-1,0.5698193
s_016um_00229_00328-1,0.51446706
s_016um_00247_00026-1,0.5825059
s_016um_00072_00244-1,0.5270491
s_016um_00348_00216-1,0.56256706
s_016um_00227_00238-1,0.5785793
s_016um_00274_00052-1,0.66182977
s_016um_00275_00318-1,0.58483356
s_016um_00091_00338-1,0.6152066
s_016um_00405_00120-1,0.58268684
s_016um_00012_00293-1,0.77525467
s_016um_00334_00403-1,0.7704851
s_016um_00254_00033-1,0.69298637
s_016um_00043_00047-1,0.6513997
s_016um_00193_00095-1,0.6753417
s_016um_00226_00327-1,0.7276573
s_016um_00109_00319-1,0.7157455
s_016um_00356_00290-1,0.65361017
s_016um_00240_00188-1,0.59121084
s_016um_00357_00094-1,0.6761749
s_016um_00279_00313-1,0.71053386
s_016um_00389_00290-1,0.5975487
s_016um_00326_00303-1,0.7124655
s_016um_00026_00333-1,0.61154795
s_016um_00082_00300-1,0.57899106
s_016um_00328_00126-1,0.6086945
s_016um_00012_00154-1,0.568055
s_016um_00010_00212-1,0.62462944
s_016um_00046_00213-1,0.74818575
s_016um_00212_00298-1,0.6144425
s_016um_00398_00260-1,0.84390545
s_016um_00043_00240-1,0.7064405
s_016um_00094_00316-1,0.5638728
s_016um_00080_00295-1,0.55669254
s_016um_00238_00087-1,0.7604321
s_016um_00401_00219-1,0.6116217
s_016um_00038_00102-1,0.7042106
s_016um_00384_00126-1,0.6633684
s_016um_00365_00099-1,0.5860896
s_016um_00327_00122-1,0.50493294
s_016um_00099_00069-1,0.6623056
s_016um_00352_00020-1,0.78637147
s_016um_00008_00299-1,0.6363242
s_016um_00093_00320-1,0.5874949
s_016um_00312_00056-1,0.70063007
s_016um_00349_00025-1,0.7465011
s_016um_00272_00224-1,0.5950865
s_016um_00394_00184-1,0.6007756
s_016um_00234_00353-1,0.5265691
s_016um_00042_00045-1,0.69852984
s_016um_00379_00130-1,0.6225516
s_016um_00247_00086-1,0.87009317
s_016um_00403_00126-1,0.66093135
s_016um_00331_00254-1,0.6005141
s_016um_00218_00231-1,0.61284953
s_016um_00248_00022-1,0.87938285
s_016um_00096_00342-1,0.58689404
s_016um_00396_00213-1,0.6514471
s_016um_00223_00174-1,0.58477265
s_016um_00018_00271-1,0.6044145
s_016um_00075_00248-1,0.55561006
s_016um_00392_00363-1,0.63996
s_016um_00380_00140-1,0.59248936
s_016um_00084_00271-1,0.56990397
s_016um_00384_00129-1,0.6310845
s_016um_00090_00338-1,0.6228093
s_016um_00011_00158-1,0.6681424
s_016um_00188_00096-1,0.84789634
s_016um_00138_00016-1,0.8762331
s_016um_00364_00229-1,0.5951718
s_016um_00225_00025-1,0.5797517
s_016um_00095_00340-1,0.63523173
s_016um_00066_00233-1,0.6919569
s_016um_00212_00288-1,0.56825614
s_016um_00357_00022-1,0.6496024
s_016um_00267_00033-1,0.60077643
s_016um_00189_00124-1,0.6068137
s_016um_00370_00224-1,0.6019186
s_016um_00369_00229-1,0.5840142
s_016um_00370_00226-1,0.5722675
s_016um_00217_00282-1,0.5419622
s_016um_00081_00034-1,0.67511576
s_016um_00129_00322-1,0.58905077
s_016um_00401_00215-1,0.7133876
s_016um_00319_00170-1,0.68010163
s_016um_00406_00101-1,0.6252106
s_016um_00354_00121-1,0.6229164
s_016um_00097_00342-1,0.6021438
s_016um_00031_00084-1,0.58087206
s_016um_00166_00123-1,0.66004336
s_016um_00102_00067-1,0.5692222
s_016um_00354_00018-1,0.70360297
s_016um_00008_00152-1,0.5239721
s_016um_00270_00055-1,0.8657315
s_016um_00279_00326-1,0.56393266
s_016um_00091_00266-1,0.56318414
s_016um_00244_00087-1,0.70294046
s_016um_00168_00370-1,0.55913675
s_016um_00276_00047-1,0.59338355
s_016um_00392_00181-1,0.6298789
s_016um_00101_00029-1,0.8656271
s_016um_00234_00084-1,0.6331029
s_016um_00141_00073-1,0.59168506
s_016um_00127_00389-1,0.56666213
s_016um_00209_00289-1,0.61861324
s_016um_00170_00126-1,0.6419713
s_016um_00223_00029-1,0.7137387
s_016um_00275_00201-1,0.6456068
s_016um_00129_00318-1,0.89393693
s_016um_00311_00052-1,0.88591117
s_016um_00381_00137-1,0.5640119
s_016um_00415_00141-1,0.62486273
s_016um_00335_00211-1,0.7719675
s_016um_00222_00015-1,0.6757052
s_016um_00255_00020-1,0.9133973
s_016um_00043_00205-1,0.80451214
s_016um_00359_00116-1,0.7348856
s_016um_00270_00332-1,0.7237289
s_016um_00084_00030-1,0.7028285
s_016um_00399_00368-1,0.6371102
s_016um_00403_00148-1,0.5711957
s_016um_00276_00311-1,0.7013975
s_016um_00171_00378-1,0.66654724
s_016um_00402_00150-1,0.61627215
s_016um_00032_00333-1,0.6752206
s_016um_00216_00283-1,0.6013725
s_016um_00084_00283-1,0.5040935
s_016um_00069_00235-1,0.6350853
s_016um_00312_00057-1,0.5690015
s_016um_00326_00306-1,0.6913829
s_016um_00333_00251-1,0.67540014
s_016um_00130_00321-1,0.6347738
s_016um_00285_00097-1,0.6831272
s_016um_00040_00105-1,0.5812883
s_016um_00224_00251-1,0.53232133
s_016um_00191_00097-1,0.61589575
s_016um_00128_00390-1,0.5940041
s_016um_00046_00205-1,0.7404932
s_016um_00234_00261-1,0.59377086
s_016um_00276_00200-1,0.62986726
s_016um_00287_00094-1,0.5856341
s_016um_00189_00094-1,0.7445151
s_016um_00044_00242-1,1.0368047
s_016um_00008_00213-1,0.5968887
s_016um_00213_00296-1,0.56190753
s_016um_00102_00025-1,0.706952
s_016um_00398_00259-1,0.7363725
s_016um_00391_00292-1,0.6314876
s_016um_00336_00397-1,0.87094295
s_016um_00381_00127-1,0.5397673
s_016um_00203_00145-1,0.8192921
s_016um_00131_00092-1,0.6255436
s_016um_00037_00006-1,0.5833643
s_016um_00138_00071-1,0.66601586
s_016um_00399_00261-1,0.5746516
s_016um_00281_00328-1,0.5430788
s_016um_00088_00068-1,0.54295856
s_016um_00170_00125-1,0.64227843
s_016um_00276_00052-1,0.7363981
s_016um_00082_00030-1,0.7999886
s_016um_00321_00170-1,0.5906282
s_016um_00217_00285-1,0.5845838
s_016um_00190_00092-1,0.6629769
s_016um_00098_00072-1,0.64646864
s_016um_00192_00095-1,0.6482768
s_016um_00114_00147-1,0.7222344
s_016um_00185_00026-1,0.8153951
s_016um_00081_00244-1,0.5551782
s_016um_00107_00384-1,0.786919
s_016um_00203_00150-1,0.72567695
s_016um_00323_00229-1,0.54349697
s_016um_00094_00276-1,0.5316559
s_016um_00273_00029-1,0.69392425
s_016um_00338_00395-1,0.7095588
s_016um_00400_00373-1,0.8779582
s_016um_00085_00271-1,0.6148163
s_016um_00077_00238-1,0.5345168
s_016um_00100_00025-1,0.6317639
s_016um_00032_00084-1,0.7077683
s_016um_00215_00015-1,0.67375565
s_016um_00195_00129-1,0.7461712
s_016um_00283_00097-1,0.9068172
s_016um_00228_00263-1,0.5473113
s_016um_00327_00124-1,0.54295504
s_016um_00326_00305-1,0.66786796
s_016um_00273_00034-1,0.66768
s_016um_00069_00234-1,0.6484216
s_016um_00009_00158-1,0.5680804
s_016um_00179_00031-1,0.5520269
s_016um_00310_00056-1,0.59199905
s_016um_00353_00115-1,0.6352019
s_016um_00011_00212-1,0.71719587
s_016um_00332_00250-1,0.6055596
s_016um_00359_00092-1,0.6255638
s_016um_00405_00127-1,0.5966986
s_016um_00312_00054-1,0.59912205
s_016um_00081_00031-1,0.7263152
s_016um_00208_00031-1,0.7709553
s_016um_00004_00157-1,0.6580898
s_016um_00359_00287-1,0.5646295
s_016um_00126_00386-1,0.9669579
s_016um_00146_00054-1,0.602918
s_016um_00333_00216-1,0.5358159
s_016um_00146_00055-1,0.6258679
s_016um_00093_00335-1,0.59300774
s_016um_00259_00187-1,0.62738264
s_016um_00398_00258-1,0.69376004
s_016um_00205_00149-1,0.6666856
s_016um_00174_00376-1,0.6221453
s_016um_00110_00320-1,0.8105133
s_016um_00081_00035-1,0.59333694
s_016um_00113_00321-1,0.8222132
s_016um_00098_00339-1,0.57683474
s_016um_00229_00245-1,0.55585927
s_016um_00269_00230-1,0.5876787
s_016um_00236_00361-1,0.58367085
s_016um_00158_00290-1,0.5417589
s_016um_00280_00205-1,0.6000495
s_016um_00319_00165-1,0.7352872
s_016um_00085_00285-1,0.60270756
s_016um_00099_00066-1,0.6519347
s_016um_00242_00186-1,0.6517427
s_016um_00364_00222-1,0.6376626
s_016um_00101_00390-1,0.59479755
s_016um_00398_00360-1,0.8910112
s_016um_00408_00152-1,0.62185335
s_016um_00346_00217-1,0.6472327
s_016um_00220_00166-1,0.7648537
s_016um_00267_00036-1,0.5478408
s_016um_00259_00027-1,0.6672814
s_016um_00281_00324-1,0.5724009
s_016um_00102_00391-1,0.6392163
s_016um_00084_00036-1,0.7407594
s_016um_00087_00030-1,0.61446786
s_016um_00220_00025-1,0.5814989
s_016um_00082_00069-1,0.5862223
s_016um_00278_00046-1,0.64258194
s_016um_00129_00089-1,0.8974854
s_016um_00384_00132-1,0.6659133
s_016um_00223_00170-1,0.80132514
s_016um_00084_00268-1,0.5469614
s_016um_00245_00088-1,0.66277784
s_016um_00065_00237-1,0.63898784
s_016um_00091_00278-1,0.66363674
s_016um_00008_00150-1,0.62585163
s_016um_00216_00014-1,0.5956369
s_016um_00256_00032-1,0.6056961
s_016um_00358_00415-1,1.0903405
s_016um_00231_00268-1,0.58829975
s_016um_00134_00069-1,0.7266067
s_016um_00257_00186-1,0.6987922
s_016um_00215_00291-1,0.53763103
s_016um_00219_00015-1,0.7191609
s_016um_00396_00257-1,0.6049934
s_016um_00408_00401-1,2.205904
s_016um_00127_00088-1,0.63204485
s_016um_00086_00271-1,0.5714106
s_016um_00129_00383-1,0.66244465
s_016um_00365_00102-1,0.6870391
s_016um_00341_00398-1,0.6606966
s_016um_00190_00124-1,0.7944225
s_016um_00135_00075-1,0.606092
s_016um_00234_00358-1,0.5627328
s_016um_00125_00383-1,0.629602
s_016um_00371_00100-1,0.5810584
s_016um_00140_00057-1,0.63371366
s_016um_00395_00363-1,0.77173024
s_016um_00041_00206-1,0.6849511
s_016um_00065_00232-1,0.6449815
s_016um_00271_00330-1,0.66664666
s_016um_00271_00225-1,0.5140603
s_016um_00044_00209-1,0.63236994
s_016um_00119_00148-1,0.5842061
s_016um_00347_00216-1,0.59387505
s_016um_00227_00247-1,0.5079471
s_016um_00104_00387-1,0.6389412
s_016um_00229_00260-1,0.55278695
s_016um_00399_00214-1,0.5907804
s_016um_00391_00293-1,0.630671
s_016um_00162_00125-1,0.66748494
s_016um_00239_00183-1,0.5485077
s_016um_00396_00178-1,0.6437923
s_016um_00247_00084-1,0.63101614
s_016um_00136_00230-1,0.5998193
s_016um_00086_00074-1,0.6404468
s_016um_00021_00266-1,0.5205553
s_016um_00402_00260-1,0.6391872
s_016um_00230_00361-1,0.4839213
s_016um_00374_00145-1,0.58883655
s_016um_00083_00285-1,0.51588446
s_016um_00113_00319-1,0.7102723
s_016um_00011_00295-1,0.6808532
s_016um_00260_00027-1,0.6568156
s_016um_00108_00321-1,0.6945666
s_016um_00233_00265-1,0.67908037
s_016um_00415_00102-1,0.6246608
s_016um_00275_00049-1,0.59112924
s_016um_00048_00237-1,0.55965114
s_016um_00107_00383-1,0.63553035
s_016um_00398_00215-1,0.6282324
s_016um_00235_00357-1,0.62367845
s_016um_00394_00369-1,0.6836571
s_016um_00129_00314-1,0.57406014
s_016um_00398_00217-1,0.56594205
s_016um_00407_00398-1,1.8007627
s_016um_00391_00298-1,0.86936784
s_016um_00402_00128-1,0.5682868
s_016um_00103_00066-1,0.64013284
s_016um_00040_00171-1,0.7509837
s_016um_00408_00100-1,0.65839463
s_016um_00020_00266-1,0.6842869
s_016um_00086_00196-1,0.64621866
s_016um_00204_00152-1,0.57139975
s_016um_00220_00225-1,0.59800345
s_016um_00129_00093-1,0.6524374
s_016um_00190_00122-1,0.8420149
s_016um_00269_00330-1,0.6042538
s_016um_00097_00273-1,0.58615243
s_016um_00275_00135-1,0.624057
s_016um_00213_00282-1,0.5989773
s_016um_00161_00288-1,0.6651953
s_016um_00179_00029-1,0.5322866
s_016um_00355_00119-1,0.5858364
s_016um_00376_00138-1,0.7156037
s_016um_00221_00227-1,0.5652077
s_016um_00135_00070-1,0.7264433
s_016um_00355_00025-1,0.7623561
s_016um_00029_00332-1,0.5551579
s_016um_00158_00291-1,0.5856492
s_016um_00218_00018-1,0.589128
s_016um_00417_00140-1,0.6945313
s_016um_00146_00400-1,0.6116411
s_016um_00370_00143-1,0.62233126
s_016um_00163_00291-1,0.7020622
s_016um_00029_00090-1,0.6590726
s_016um_00411_00149-1,0.6330791
s_016um_00164_00124-1,0.6503829
s_016um_00043_00212-1,0.69783884
s_016um_00193_00123-1,0.6499096
s_016um_00064_00234-1,0.99067354
s_016um_00262_00330-1,0.55116856
s_016um_00064_00131-1,0.67756915
s_016um_00391_00181-1,0.69417477
s_016um_00260_00187-1,0.70184773
s_016um_00220_00170-1,0.7852918
s_016um_00403_00255-1,0.57487726
s_016um_00416_00140-1,0.53652847
s_016um_00084_00200-1,0.59706736
s_016um_00084_00193-1,0.6762594
s_016um_00238_00185-1,0.57531905
s_016um_00027_00088-1,0.6154116
s_016um_00132_00384-1,0.62148005
s_016um_00013_00207-1,0.72696614
s_016um_00249_00027-1,0.64715385
s_016um_00367_00097-1,0.6045714
s_016um_00352_00017-1,0.71319723
s_016um_00137_00077-1,0.5511127
s_016um_00083_00199-1,0.56471354
s_016um_00399_00256-1,0.614674
s_016um_00178_00029-1,0.6327584
s_016um_00125_00387-1,0.65986264
s_016um_00107_00317-1,0.8256351
s_016um_00345_00218-1,0.62190795
s_016um_00057_00242-1,0.6106861
s_016um_00278_00203-1,0.6221437
s_016um_00042_00241-1,0.67923415
s_016um_00251_00018-1,0.7331751
s_016um_00052_00246-1,0.58007514
s_016um_00119_00143-1,1.0499349
s_016um_00202_00149-1,0.68268526
s_016um_00399_00121-1,0.66899705
s_016um_00358_00089-1,0.65755945
s_016um_00412_00102-1,0.71128404
s_016um_00130_00093-1,0.69790703
s_016um_00139_00076-1,0.6393373
s_016um_00099_00316-1,0.5676499
s_016um_00278_00045-1,0.5849712
s_016um_00276_00226-1,0.6305432
s_016um_00357_00090-1,0.7479685
s_016um_00135_00215-1,0.8629407
s_016um_00149_00394-1,0.59268993
s_016um_00031_00332-1,0.55128753
s_016um_00235_00188-1,0.5840829
s_016um_00096_00316-1,0.5173826
s_016um_00276_00314-1,0.9153577
s_016um_00223_00334-1,0.5460525
s_016um_00033_00098-1,0.61713105
s_016um_00068_00236-1,0.7052855
s_016um_00035_00103-1,0.64449614
s_016um_00075_00249-1,0.63050556
s_016um_00085_00066-1,0.51735973
s_016um_00046_00212-1,0.58946866
s_016um_00042_00204-1,0.6260142
s_016um_00391_00339-1,0.62135094
s_016um_00327_00214-1,0.55213296
s_016um_00036_00103-1,0.5724641
s_016um_00327_00212-1,0.6699138
s_016um_00084_00264-1,0.64390993
s_016um_00395_00357-1,0.8914789
s_016um_00014_00266-1,0.5657647
s_016um_00266_00035-1,0.5738692
s_016um_00353_00116-1,0.61515987
s_016um_00227_00248-1,0.57347
s_016um_00388_00338-1,0.6197764
s_016um_00275_00052-1,0.74408406
s_016um_00367_00094-1,0.63698506
s_016um_00159_00287-1,0.70317197
s_016um_00220_00028-1,0.80727726
s_016um_00271_00336-1,0.6153716
s_016um_00042_00042-1,0.61532205
s_016um_00260_00029-1,0.61667216
s_016um_00374_00146-1,0.6999758
s_016um_00387_00129-1,0.5790242
s_016um_00231_00362-1,0.5678026
s_016um_00413_00104-1,0.5973892
s_016um_00075_00241-1,0.67563456
s_016um_00090_00071-1,0.56585383
s_016um_00327_00306-1,0.6472436
s_016um_00100_00385-1,0.92007554
s_016um_00145_00399-1,0.54981685
s_016um_00397_00258-1,0.6168089
s_016um_00140_00216-1,0.6425171
s_016um_00142_00054-1,0.6876935
s_016um_00325_00229-1,0.59274215
s_016um_00094_00340-1,0.60351187
s_016um_00355_00021-1,0.65111417
s_016um_00040_00177-1,0.55415773
s_016um_00356_00291-1,0.6570829
s_016um_00327_00232-1,0.5332125
s_016um_00194_00121-1,0.78499824
s_016um_00140_00021-1,0.6572503
s_016um_00370_00142-1,0.6182498
s_016um_00037_00043-1,0.59268826
s_016um_00266_00058-1,0.91327286
s_016um_00012_00295-1,0.63396513
s_016um_00017_00268-1,0.5505044
s_016um_00257_00035-1,0.6895057
s_016um_00265_00135-1,0.7909838
s_016um_00221_00235-1,0.6147516
s_016um_00325_00162-1,0.5659187
s_016um_00037_00008-1,0.73662543
s_016um_00143_00057-1,0.60007316
s_016um_00077_00242-1,0.55326295
s_016um_00136_00215-1,1.0486552
s_016um_00166_00374-1,0.6076008
s_016um_00398_00366-1,0.593927
s_016um_00370_00141-1,0.59817016
s_016um_00237_00360-1,0.55043364
s_016um_00008_00155-1,0.6256637
s_016um_00363_00227-1,0.5710889
s_016um_00384_00139-1,0.54788274
s_016um_00396_00367-1,0.811043
s_016um_00246_00085-1,0.7006565
s_016um_00221_00010-1,0.5755874
s_016um_00249_00026-1,0.6083552
s_016um_00394_00342-1,0.5809371
s_016um_00392_00339-1,0.6207067
s_016um_00324_00304-1,0.5747251
s_016um_00394_00186-1,0.5973202
s_016um_00121_00147-1,0.7107105
s_016um_00272_00031-1,0.85740286
s_016um_00323_00304-1,0.49713328
s_016um_00217_00233-1,0.67695165
s_016um_00377_00140-1,0.72536236
s_016um_00270_00330-1,0.6592999
s_016um_00083_00035-1,0.72271526
s_016um_00406_00398-1,1.7680223
s_016um_00352_00089-1,0.636293
s_016um_00367_00101-1,0.7263133
s_016um_00066_00238-1,0.54838145
s_016um_00221_00014-1,0.81744635
s_016um_00222_00030-1,0.81982577
s_016um_00272_00222-1,0.6365472
s_016um_00195_00095-1,0.601335
s_016um_00217_00015-1,0.5662559
s_016um_00016_00266-1,0.6550333
s_016um_00226_00329-1,0.5827583
s_016um_00215_00297-1,0.587767
s_016um_00095_00271-1,0.7064017
s_016um_00236_00266-1,0.53538907
s_016um_00188_00094-1,0.59830934
s_016um_00274_00333-1,0.5770497
s_016um_00395_00369-1,0.84680194
s_016um_00163_00126-1,0.7139481
s_016um_00095_00339-1,0.64393693
s_016um_00076_00300-1,0.5237099
s_016um_00234_00359-1,0.5976757
s_016um_00090_00067-1,0.57403123
s_016um_00034_00008-1,0.6059974
s_016um_00040_00212-1,0.8856947
s_016um_00082_00240-1,0.53286874
s_016um_00271_00231-1,0.6053796
s_016um_00271_00057-1,0.62212956
s_016um_00273_00133-1,0.5927852
s_016um_00330_00254-1,0.671285
s_016um_00070_00248-1,0.65570456
s_016um_00062_00125-1,0.6118903
s_016um_00362_00228-1,0.54873717
s_016um_00277_00313-1,0.6135667
s_016um_00126_00388-1,0.630201
s_016um_00329_00123-1,0.673775
s_016um_00358_00119-1,0.61647916
s_016um_00328_00225-1,0.6071849
s_016um_00373_00147-1,0.8281847
s_016um_00276_00203-1,0.49245727
s_016um_00372_00147-1,0.75148463
s_016um_00006_00155-1,0.6446744
s_016um_00145_00057-1,0.5638336
s_016um_00326_00226-1,0.66770923
s_016um_00222_00172-1,0.7099107
s_016um_00057_00248-1,0.5508173
s_016um_00083_00267-1,0.5630886
s_016um_00397_00216-1,0.637803
s_016um_00341_00400-1,0.784912
s_016um_00075_00299-1,0.55221534
s_016um_00236_00362-1,0.6229966
s_016um_00077_00240-1,0.55316895
s_016um_00365_00100-1,0.56570756
s_016um_00370_00117-1,0.51588994
s_016um_00407_00102-1,0.76251006
s_016um_00401_00396-1,1.2532461
s_016um_00229_00332-1,0.6338026
s_016um_00120_00146-1,0.561103
s_016um_00040_00174-1,0.68290627
s_016um_00340_00216-1,0.6330268
s_016um_00105_00383-1,0.6806491
s_016um_00410_00102-1,0.58056676
s_016um_00267_00059-1,0.6877699
s_016um_00338_00397-1,1.2049327
s_016um_00134_00232-1,0.604195
s_016um_00402_00126-1,0.7317141
s_016um_00254_00034-1,0.7015661
s_016um_00136_00318-1,1.0233142
s_016um_00131_00094-1,0.56665874
s_016um_00394_00338-1,0.56346625
s_016um_00222_00174-1,0.6491569
s_016um_00037_00103-1,0.5979025
s_016um_00376_00121-1,0.586464
s_016um_00402_00398-1,1.191202
s_016um_00327_00228-1,0.653146
s_016um_00041_00205-1,0.7206744
s_016um_00005_00211-1,0.5960611
s_016um_00271_00030-1,0.54961914
s_016um_00324_00230-1,0.5374493
s_016um_00394_00343-1,0.665332
s_016um_00203_00146-1,0.65582424
s_016um_00067_00128-1,0.5944428
s_016um_00218_00281-1,0.68122655
s_016um_00014_00297-1,0.6129074
s_016um_00221_00226-1,0.513622
s_016um_00183_00025-1,0.6736827
s_016um_00075_00247-1,0.4925089
s_016um_00035_00104-1,0.63101625
s_016um_00135_00218-1,0.5658799
s_016um_00396_00368-1,0.6051624
s_016um_00168_00127-1,0.9837768
s_016um_00216_00232-1,0.5562783
s_016um_00254_00029-1,0.70121145
s_016um_00263_00192-1,0.5559679
s_016um_00264_00186-1,1.0858765
s_016um_00084_00035-1,0.7489901
s_016um_00040_00205-1,0.6378209
s_016um_00372_00144-1,0.79656553
s_016um_00126_00389-1,0.6050328
s_016um_00128_00319-1,0.77522177
s_016um_00008_00294-1,0.58225554
s_016um_00277_00052-1,1.1707766
s_016um_00102_00065-1,0.7654764
s_016um_00092_00269-1,0.50892514
s_016um_00262_00030-1,0.7187429
s_016um_00129_00315-1,0.64161885
s_016um_00338_00405-1,0.7725951
s_016um_00173_00375-1,0.5289205
s_016um_00356_00121-1,0.7561468
s_016um_00269_00061-1,0.7670015
s_016um_00010_00300-1,0.6439922
s_016um_00093_00338-1,0.537388
s_016um_00006_00300-1,0.621733
s_016um_00353_00026-1,0.8899723
s_016um_00330_00257-1,0.701956
s_016um_00243_00090-1,0.620826
s_016um_00082_00297-1,0.643243
s_016um_00145_00058-1,0.73826814
s_016um_00399_00262-1,0.6032287
s_016um_00074_00250-1,0.6414892
s_016um_00337_00399-1,0.9064409
s_016um_00233_00091-1,0.7570435
s_016um_00105_00390-1,0.65683365
s_016um_00141_00022-1,0.76842034
s_016um_00037_00041-1,0.55969566
s_016um_00239_00087-1,0.6104966
s_016um_00102_00071-1,0.7733363
s_016um_00174_00377-1,0.5810574
s_016um_00338_00404-1,0.80588895
s_016um_00036_00007-1,0.52048624
s_016um_00171_00376-1,0.5654255
s_016um_00277_00134-1,0.53974664
s_016um_00066_00131-1,0.56291544
s_016um_00150_00394-1,0.6360268
s_016um_00134_00233-1,0.5335214
s_016um_00359_00411-1,0.9998323
s_016um_00276_00209-1,0.6300005
s_016um_00380_00136-1,0.6098774
s_016um_00039_00210-1,0.8014874
s_016um_00406_00144-1,0.64950275
s_016um_00339_00397-1,0.88355744
s_016um_00117_00145-1,0.7761871
s_016um_00139_00058-1,0.5474789
s_016um_00341_00214-1,0.6700078
s_016um_00093_00321-1,0.59867984
s_016um_00037_00047-1,0.79426706
s_016um_00254_00032-1,0.6613337
s_016um_00034_00105-1,0.64796996
s_016um_00055_00250-1,0.6137046
s_016um_00053_00243-1,0.6281998
s_016um_00009_00299-1,0.55695283
s_016um_00367_00141-1,0.55792797
s_016um_00279_00047-1,0.6596275
s_016um_00094_00271-1,0.5762718
s_016um_00207_00149-1,0.56040156
s_016um_00352_00024-1,0.67005765
s_016um_00416_00137-1,0.61197585
s_016um_00084_00195-1,1.0237687
s_016um_00270_00061-1,0.71276987
s_016um_00346_00219-1,0.5698102
s_016um_00236_00356-1,0.6319791
s_016um_00203_00144-1,0.7455643
s_016um_00161_00292-1,0.51237977
s_016um_00128_00387-1,0.6316512
s_016um_00043_00203-1,0.58922994
s_016um_00407_00122-1,0.50643766
s_016um_00072_00246-1,0.6202343
s_016um_00385_00136-1,0.58609396
s_016um_00348_00214-1,0.6492015
s_016um_00219_00230-1,0.55725825
s_016um_00331_00215-1,0.646912
s_016um_00381_00126-1,0.5792226
s_016um_00218_00227-1,0.51978356
s_016um_00045_00239-1,0.608391
s_016um_00154_00398-1,0.61213976
s_016um_00385_00131-1,0.59960634
s_016um_00385_00126-1,1.0409917
s_016um_00035_00007-1,0.5804989
s_016um_00233_00086-1,0.6715624
s_016um_00276_00043-1,0.64349097
s_016um_00234_00086-1,0.64123213
s_016um_00157_00286-1,0.702122
s_016um_00079_00291-1,0.6456882
s_016um_00277_00323-1,0.5410327
s_016um_00072_00251-1,0.548709
s_016um_00288_00097-1,0.6521965
s_016um_00415_00136-1,0.7221484
s_016um_00164_00128-1,0.60206884
s_016um_00130_00090-1,0.6649633
s_016um_00225_00331-1,0.6009644
s_016um_00397_00218-1,0.6726222
s_016um_00082_00242-1,0.47906226
s_016um_00116_00147-1,0.7059328
s_016um_00227_00249-1,0.5651953
s_016um_00095_00279-1,0.54554874
s_016um_00056_00246-1,0.6630755
s_016um_00334_00253-1,0.8165437
s_016um_00252_00019-1,0.89345825
s_016um_00139_00021-1,0.59803665
s_016um_00319_00164-1,0.5969572
s_016um_00111_00313-1,0.53627944
s_016um_00247_00022-1,0.7224256
s_016um_00150_00398-1,0.6952277
s_016um_00044_00218-1,0.68889034
s_016um_00057_00251-1,0.5480959
s_016um_00132_00316-1,1.0851706
s_016um_00276_00329-1,0.55126286
s_016um_00109_00317-1,0.59756696
s_016um_00393_00340-1,0.6032298
s_016um_00218_00173-1,0.5726416
s_016um_00280_00048-1,0.70870703
s_016um_00246_00090-1,0.6919733
s_016um_00044_00175-1,0.67801857
s_016um_00045_00244-1,0.6082343
s_016um_00321_00300-1,0.7107839
s_016um_00369_00144-1,0.64412534
s_016um_00086_00073-1,0.7153858
s_016um_00374_00118-1,0.7944913
s_016um_00326_00224-1,0.620422
s_016um_00141_00015-1,0.62780195
s_016um_00081_00193-1,0.7736135
s_016um_00124_00386-1,1.0707153
s_016um_00011_00151-1,0.55074996
s_016um_00107_00387-1,0.6272642
s_016um_00397_00374-1,0.719298
s_016um_00241_00083-1,0.68287987
s_016um_00360_00418-1,0.8616417
s_016um_00092_00273-1,0.57790935
s_016um_00269_00030-1,0.65181535
s_016um_00359_00413-1,1.0212852
s_016um_00232_00362-1,0.5414778
s_016um_00233_00266-1,0.6775322
s_016um_00223_00239-1,0.6155212
s_016um_00136_00319-1,1.1634
s_016um_00275_00209-1,0.5833212
s_016um_00246_00023-1,0.6592209
s_016um_00405_00125-1,0.5770744
s_016um_00130_00230-1,0.5939272
s_016um_00234_00092-1,0.9566944
s_016um_00364_00230-1,0.64574
s_016um_00147_00058-1,0.58484215
s_016um_00039_00009-1,0.6195072
s_016um_00148_00401-1,0.6710955
s_016um_00080_00292-1,0.62859124
s_016um_00393_00294-1,0.5732684
s_016um_00357_00415-1,1.3109479
s_016um_00248_00025-1,0.72151715
s_016um_00085_00073-1,0.7142316
s_016um_00397_00180-1,0.5884988
s_016um_00396_00180-1,0.5949647
s_016um_00096_00274-1,0.59195155
s_016um_00120_00143-1,1.1058351
s_016um_00246_00089-1,0.6856999
s_016um_00011_00157-1,0.53850245
s_016um_00264_00128-1,0.70596886
s_016um_00095_00029-1,0.71605545
s_016um_00036_00099-1,0.56008023
s_016um_00097_00027-1,0.6260564
s_016um_00192_00094-1,0.7064489
s_016um_00171_00127-1,0.58094335
s_016um_00123_00150-1,0.6302497
s_016um_00213_00290-1,0.7037819
s_016um_00400_00398-1,1.1138211
s_016um_00394_00360-1,0.8105497
s_016um_00229_00235-1,0.5012886
s_016um_00029_00336-1,0.5668592
s_016um_00034_00010-1,0.7028778
s_016um_00145_00056-1,0.58767706
s_016um_00372_00125-1,0.5880282
s_016um_00216_00284-1,0.6151005
s_016um_00272_00202-1,0.59424424
s_016um_00036_00042-1,0.58471507
s_016um_00043_00217-1,0.59987545
s_016um_00272_00330-1,0.6002422
s_016um_00145_00396-1,0.44700947
s_016um_00215_00029-1,0.61223555
s_016um_00100_00069-1,0.7118375
s_016um_00100_00067-1,0.53812957
s_016um_00040_00204-1,0.6642136
s_016um_00013_00299-1,0.62670296
s_016um_00089_00065-1,0.6014453
s_016um_00279_00133-1,0.74920964
s_016um_00218_00229-1,0.5537074
s_016um_00006_00152-1,0.604261
s_016um_00326_00229-1,0.5440931
s_016um_00259_00031-1,0.71802497
s_016um_00396_00358-1,0.72145176
s_016um_00124_00090-1,0.5710354
s_016um_00018_00270-1,0.5825156
s_016um_00269_00224-1,0.5443474
s_016um_00162_00293-1,0.537548
s_016um_00027_00333-1,0.76004636
s_016um_00403_00149-1,0.5869547
s_016um_00350_00019-1,0.8045367
s_016um_00406_00123-1,0.6138673
s_016um_00036_00100-1,0.67223215
s_016um_00102_00072-1,0.5760238
s_016um_00130_00387-1,0.60914004
s_016um_00267_00333-1,0.58204293
s_016um_00191_00128-1,0.8123687
s_016um_00359_00416-1,1.501363
s_016um_00218_00017-1,0.68098295
s_016um_00388_00344-1,0.6281684
s_016um_00079_00301-1,0.6575733
s_016um_00287_00100-1,0.5914023
s_016um_00084_00031-1,0.62523365
s_016um_00221_00169-1,0.67534393
s_016um_00044_00042-1,0.6934994
s_016um_00229_00329-1,0.5083941
s_016um_00343_00218-1,0.6837798
s_016um_00082_00196-1,0.8317811
s_016um_00270_00030-1,0.6984187
s_016um_00362_00416-1,1.1719952
s_016um_00053_00244-1,0.5984762
s_016um_00390_00182-1,0.59234685
s_016um_00099_00028-1,0.67270136
s_016um_00386_00132-1,0.77555543
s_016um_00328_00123-1,0.59553033
s_016um_00071_00235-1,0.51616085
s_016um_00224_00335-1,0.58756196
s_016um_00108_00386-1,0.59037733
s_016um_00386_00127-1,0.8909442
s_016um_00138_00069-1,0.6048609
s_016um_00099_00024-1,0.7811567
s_016um_00286_00092-1,0.55341125
s_016um_00238_00186-1,0.5866351
s_016um_00371_00096-1,0.58850354
s_016um_00043_00237-1,0.5428177
s_016um_00189_00123-1,0.68309003
s_016um_00063_00126-1,0.60162807
s_016um_00084_00286-1,0.67673635
s_016um_00291_00094-1,0.7277262
s_016um_00128_00089-1,1.0131931
s_016um_00340_00397-1,1.0625659
s_016um_00267_00328-1,0.5435857
s_016um_00217_00280-1,0.605878
s_016um_00269_00331-1,0.5475613
s_016um_00393_00343-1,0.7533988
s_016um_00213_00297-1,0.62097037
s_016um_00276_00049-1,0.6428447
s_016um_00410_00152-1,0.5926248
s_016um_00254_00023-1,0.62807894
s_016um_00322_00230-1,0.83347046
s_016um_00397_00221-1,0.75507873
s_016um_00092_00322-1,0.712913
s_016um_00039_00102-1,0.760615
s_016um_00217_00018-1,0.58673596
s_016um_00232_00089-1,0.8110496
s_016um_00268_00058-1,0.84386826
s_016um_00341_00396-1,0.7008257
s_016um_00277_00209-1,0.5373441
s_016um_00400_00257-1,0.70292544
s_016um_00278_00319-1,0.68205374
s_016um_00038_00097-1,0.67684007
s_016um_00084_00201-1,0.55690014
s_016um_00250_00024-1,0.68050694
s_016um_00404_00259-1,0.68381065
s_016um_00005_00295-1,0.6008111
s_016um_00142_00018-1,0.69022185
s_016um_00087_00272-1,0.52874094
s_016um_00133_00093-1,0.7448163
s_016um_00130_00088-1,0.8390939
s_016um_00275_00311-1,0.75983375
s_016um_00256_00028-1,0.7466613
s_016um_00078_00248-1,0.72812957
s_016um_00098_00030-1,0.730696
s_016um_00108_00316-1,0.71656835
s_016um_00234_00262-1,0.587608
s_016um_00216_00282-1,0.50908935
s_016um_00404_00395-1,1.6931148
s_016um_00220_00282-1,0.7631916
s_016um_00190_00126-1,0.8143176
s_016um_00309_00056-1,0.7191212
s_016um_00351_00115-1,0.7695488
s_016um_00370_00123-1,0.6093197
s_016um_00180_00032-1,0.62167346
s_016um_00083_00195-1,0.92975783
s_016um_00244_00081-1,0.7872787
s_016um_00229_00263-1,0.6001549
s_016um_00259_00128-1,0.66447604
s_016um_00397_00219-1,0.64067864
s_016um_00065_00233-1,0.7847096
s_016um_00164_00125-1,0.623732
s_016um_00019_00272-1,0.56209964
s_016um_00357_00287-1,0.57049924
s_016um_00403_00400-1,1.6633074
s_016um_00163_00287-1,0.7108645
s_016um_00374_00143-1,0.66272134
s_016um_00281_00327-1,0.5949776
s_016um_00277_00202-1,0.55319554
s_016um_00115_00317-1,0.5766618
s_016um_00233_00354-1,0.5057979
s_016um_00379_00133-1,0.61871433
s_016um_00007_00299-1,0.5684021
s_016um_00348_00020-1,0.7335996
s_016um_00086_00266-1,0.636904
s_016um_00274_00138-1,0.77307916
s_016um_00039_00179-1,0.5792542
s_016um_00350_00025-1,0.61059606
s_016um_00082_00294-1,0.6216456
s_016um_00132_00093-1,0.67870736
s_016um_00163_00128-1,0.6079142
s_016um_00235_00187-1,0.59585017
s_016um_00040_00178-1,0.5500357
s_016um_00262_00191-1,0.68973434
s_016um_00378_00134-1,0.6206828
s_016um_00261_00130-1,0.8236201
s_016um_00140_00058-1,0.5717861
s_016um_00392_00341-1,0.6815463
s_016um_00079_00294-1,0.5700628
s_016um_00237_00187-1,0.610317
s_016um_00400_00128-1,0.645755
s_016um_00403_00152-1,0.67814064
s_016um_00098_00031-1,0.7159356
s_016um_00238_00091-1,0.6487526
s_016um_00268_00223-1,0.6119776
s_016um_00267_00056-1,0.7052378
s_016um_00236_00264-1,0.6112486
s_016um_00240_00091-1,0.64818454
s_016um_00308_00060-1,0.65923613
s_016um_00350_00018-1,0.70906734
s_016um_00277_00317-1,0.6672384
s_016um_00218_00284-1,0.61631596
s_016um_00275_00323-1,0.54436386
s_016um_00146_00020-1,0.5976564
s_016um_00082_00269-1,0.53838986
s_016um_00133_00231-1,0.5848517
s_016um_00043_00214-1,0.73428744
s_016um_00243_00188-1,0.58507705
s_016um_00368_00141-1,0.50382817
s_016um_00218_00027-1,0.5744033
s_016um_00063_00129-1,0.56844693
s_016um_00403_00121-1,0.5723912
s_016um_00044_00048-1,0.53540516
s_016um_00217_00027-1,0.64763165
s_016um_00007_00298-1,0.5306579
s_016um_00265_00333-1,0.63101095
s_016um_00166_00121-1,0.8109223
s_016um_00359_00118-1,0.59443766
s_016um_00351_00120-1,0.69420993
s_016um_00139_00069-1,0.63610387
s_016um_00037_00175-1,0.6710948
s_016um_00043_00219-1,0.6102627
s_016um_00339_00401-1,0.8985237
s_016um_00391_00177-1,0.6721105
s_016um_00115_00145-1,0.9794185
s_016um_00110_00312-1,0.5449303
s_016um_00353_00114-1,0.6773171
s_016um_00028_00330-1,0.6891854
s_016um_00393_00217-1,0.6885657
s_016um_00234_00357-1,0.5680877
s_016um_00008_00298-1,0.6578352
s_016um_00239_00088-1,0.8421907
s_016um_00322_00231-1,0.71273816
s_016um_00080_00239-1,0.5991675
s_016um_00220_00165-1,0.75884384
s_016um_00268_00031-1,0.7884854
s_016um_00016_00270-1,0.57390827
s_016um_00038_00100-1,0.7754526
s_016um_00351_00090-1,0.6405888
s_016um_00045_00245-1,0.6564274
s_016um_00257_00030-1,0.7200865
s_016um_00277_00044-1,0.6597415
s_016um_00082_00031-1,0.65159744
s_016um_00358_00097-1,0.66426235
s_016um_00397_00360-1,0.7426623
s_016um_00220_00231-1,0.67454326
s_016um_00355_00287-1,0.64637303
s_016um_00086_00270-1,0.57645136
s_016um_00379_00134-1,0.63927233
s_016um_00149_00393-1,0.6173354
s_016um_00264_00054-1,0.7406585
s_016um_00412_00103-1,0.61919713
s_016um_00262_00131-1,0.7590509
s_016um_00325_00167-1,0.6277079
s_016um_00048_00213-1,0.5476736
s_016um_00227_00233-1,0.6058654
s_016um_00189_00125-1,0.65646845
s_016um_00067_00132-1,0.59557235
s_016um_00270_00229-1,0.54781276
s_016um_00132_00317-1,1.038316
s_016um_00407_00104-1,0.58001876
s_016um_00261_00032-1,0.6108929
s_016um_00222_00249-1,0.62603176
s_016um_00098_00318-1,0.5896138
s_016um_00128_00230-1,0.5169672
s_016um_00220_00229-1,0.5896851
s_016um_00397_00363-1,0.63500375
s_016um_00100_00023-1,0.65384525
s_016um_00081_00236-1,0.79908
s_016um_00216_00278-1,0.62940395
s_016um_00353_00024-1,0.67686427
s_016um_00076_00252-1,1.0640413
s_016um_00322_00169-1,0.6093753
s_016um_00121_00150-1,0.59528637
s_016um_00332_00212-1,0.5492872
s_016um_00042_00237-1,0.56217355
s_016um_00382_00140-1,0.5534539
s_016um_00354_00118-1,0.6920697
s_016um_00119_00142-1,0.7852579
s_016um_00128_00227-1,0.54691935
s_016um_00337_00402-1,0.637824
s_016um_00079_00194-1,0.8337921
s_016um_00370_00146-1,0.6502091
s_016um_00183_00029-1,0.6076601
s_016um_00332_00121-1,0.68149877
s_016um_00086_00272-1,0.53283453
s_016um_00047_00214-1,0.6613808
s_016um_00086_00267-1,0.5888663
s_016um_00166_00371-1,0.6070626
s_016um_00262_00134-1,0.76291263
s_016um_00403_00260-1,0.6188109
s_016um_00395_00185-1,0.6714594
s_016um_00085_00201-1,0.5973668
s_016um_00273_00222-1,0.6162994
s_016um_00274_00044-1,0.7451592
s_016um_00066_00130-1,0.5793513
s_016um_00250_00022-1,0.64146256
s_016um_00405_00151-1,0.7106514
s_016um_00083_00273-1,0.55542904
s_016um_00324_00226-1,0.652663
s_016um_00257_00025-1,0.6386107
s_016um_00236_00086-1,0.6705957
s_016um_00115_00148-1,0.7035962
s_016um_00354_00090-1,0.62036204
s_016um_00224_00327-1,0.93238914
s_016um_00161_00289-1,0.59120464
s_016um_00208_00296-1,0.58043027
s_016um_00034_00333-1,0.5751682
s_016um_00322_00301-1,0.5672209
s_016um_00178_00031-1,0.588018
s_016um_00375_00123-1,0.59633756
s_016um_00081_00278-1,0.53024614
s_016um_00211_00296-1,0.6285608
s_016um_00066_00133-1,0.5411949
s_016um_00041_00174-1,0.54925984
s_016um_00097_00071-1,0.68058914
s_016um_00145_00019-1,0.55157703
s_016um_00168_00125-1,0.7532182
s_016um_00057_00246-1,0.85073733
s_016um_00102_00389-1,0.6465526
s_016um_00269_00227-1,0.6504959
s_016um_00127_00089-1,0.8793037
s_016um_00113_00316-1,0.5508556
s_016um_00392_00337-1,0.6435598
s_016um_00019_00266-1,0.64303833
s_016um_00147_00398-1,0.6315457
s_016um_00385_00132-1,0.5883323
s_016um_00353_00095-1,0.6724363
s_016um_00408_00145-1,0.6025916
s_016um_00322_00170-1,0.6370567
s_016um_00372_00096-1,0.5762928
s_016um_00262_00187-1,0.5164863
s_016um_00018_00266-1,0.6701218
s_016um_00046_00217-1,0.63027483
s_016um_00037_00044-1,0.5573036
s_016um_00023_00268-1,0.5667453
s_016um_00028_00089-1,0.67283386
s_016um_00271_00061-1,0.6264578
s_016um_00399_00127-1,0.68061703
s_016um_00132_00229-1,0.67922753
s_016um_00324_00298-1,0.69004834
s_016um_00222_00011-1,0.6557882
s_016um_00040_00048-1,0.58415204
s_016um_00261_00331-1,0.5775538
s_016um_00258_00187-1,0.6189393
s_016um_00275_00314-1,0.73779875
s_016um_00267_00035-1,0.6290609
s_016um_00276_00207-1,0.57761973
s_016um_00263_00135-1,0.8790353
s_016um_00083_00065-1,0.70754564
s_016um_00406_00147-1,0.53080267
s_016um_00414_00143-1,0.58637995
s_016um_00399_00220-1,0.7001283
s_016um_00382_00128-1,0.65791917
s_016um_00096_00031-1,0.5786549
s_016um_00343_00212-1,0.6472771
s_016um_00055_00247-1,0.8096264
s_016um_00066_00129-1,0.5779233
s_016um_00397_00259-1,0.63434356
s_016um_00040_00099-1,0.59969026
s_016um_00366_00222-1,0.5475757
s_016um_00218_00169-1,0.9845351
s_016um_00277_00129-1,0.5983943
s_016um_00069_00131-1,0.5987631
s_016um_00359_00094-1,0.6491065
s_016um_00352_00097-1,0.66819817
s_016um_00381_00132-1,0.6546894
s_016um_00077_00244-1,0.54303813
s_016um_00359_00120-1,0.65663934
s_016um_00277_00319-1,0.6460965
s_016um_00406_00126-1,0.59008527
s_016um_00396_00341-1,0.6278454
s_016um_00341_00218-1,0.5879328
s_016um_00402_00151-1,0.6517569
s_016um_00285_00092-1,0.5725842
s_016um_00045_00208-1,0.5263349
s_016um_00019_00267-1,0.6154635
s_016um_00355_00288-1,0.6627718
s_016um_00396_00364-1,0.67312485
s_016um_00030_00336-1,0.6144501
s_016um_00369_00139-1,0.6454912
s_016um_00061_00245-1,0.65038246
s_016um_00222_00334-1,0.5902322
s_016um_00327_00119-1,0.8978542
s_016um_00272_00045-1,0.6982235
s_016um_00092_00318-1,0.77147174
s_016um_00261_00133-1,0.65465474
s_016um_00161_00290-1,0.61966676
s_016um_00224_00026-1,0.92607594
s_016um_00319_00302-1,0.6223909
s_016um_00211_00292-1,0.7865997
s_016um_00270_00054-1,0.8200811
s_016um_00280_00046-1,0.63339114
s_016um_00040_00101-1,0.5751317
s_016um_00273_00336-1,0.67884105
s_016um_00399_00373-1,1.15096
s_016um_00141_00217-1,0.7179118
s_016um_00394_00344-1,0.9200933
s_016um_00327_00213-1,0.5657112
s_016um_00286_00095-1,0.65928626
s_016um_00272_00229-1,0.5700827
s_016um_00355_00088-1,0.6140082
s_016um_00351_00018-1,0.5735096
s_016um_00271_00035-1,0.6548594
s_016um_00085_00197-1,0.57731366
s_016um_00141_00220-1,0.5746748
s_016um_00372_00126-1,0.7114182
s_016um_00019_00271-1,0.59128857
s_016um_00388_00340-1,0.6055912
s_016um_00211_00291-1,0.8472886
s_016um_00220_00172-1,0.6771497
s_016um_00218_00226-1,0.5554394
s_016um_00328_00218-1,0.54483575
s_016um_00330_00252-1,0.62539876
s_016um_00107_00389-1,0.7074728
s_016um_00074_00296-1,0.6415759
s_016um_00280_00045-1,0.60171306
s_016um_00273_00318-1,0.64800656
s_016um_00251_00023-1,0.67896533
s_016um_00349_00018-1,0.7662736
s_016um_00372_00143-1,0.9881656
s_016um_00267_00132-1,0.6304214
s_016um_00219_00169-1,0.5764532
s_016um_00400_00220-1,0.61132723
s_016um_00268_00034-1,0.6243881
s_016um_00263_00329-1,0.56120193
s_016um_00222_00329-1,0.5647522
s_016um_00326_00298-1,0.6020166
s_016um_00351_00025-1,0.58775204
s_016um_00344_00218-1,0.7488305
s_016um_00369_00096-1,0.5437839
s_016um_00333_00256-1,0.6370139
s_016um_00134_00230-1,0.605828
s_016um_00069_00127-1,0.5829823
s_016um_00324_00227-1,0.5416623
s_016um_00326_00124-1,0.5264329
s_016um_00392_00297-1,1.2031218
s_016um_00253_00032-1,0.678297
s_016um_00278_00206-1,0.5157944
s_016um_00055_00245-1,0.5846166
s_016um_00100_00388-1,0.7372689
s_016um_00224_00238-1,0.6553187
s_016um_00273_00030-1,0.7067436
s_016um_00394_00185-1,0.63561124
s_016um_00004_00297-1,0.62235194
s_016um_00329_00124-1,0.6129099
s_016um_00179_00033-1,0.6265712
s_016um_00398_00183-1,0.4976126
s_016um_00010_00207-1,0.58536804
s_016um_00278_00327-1,0.68145686
s_016um_00088_00034-1,0.5967743
s_016um_00285_00095-1,0.6848911
s_016um_00239_00188-1,0.61148065
s_016um_00314_00056-1,0.5774452
s_016um_00262_00133-1,0.7810775
s_016um_00067_00238-1,0.6676352
s_016um_00040_00104-1,0.5688055
s_016um_00379_00132-1,0.7277533
s_016um_00379_00136-1,0.677806
s_016um_00075_00242-1,0.6421181
s_016um_00127_00090-1,1.081341
s_016um_00227_00332-1,0.56991553
s_016um_00404_00397-1,1.6120305
s_016um_00046_00208-1,0.61893594
s_016um_00403_00397-1,1.4974391
s_016um_00352_00090-1,0.6581649
s_016um_00391_00342-1,0.9968912
s_016um_00124_00147-1,0.634464
s_016um_00222_00245-1,0.5325558
s_016um_00040_00207-1,0.63516307
s_016um_00394_00364-1,0.63725835
s_016um_00249_00021-1,0.8200145
s_016um_00087_00071-1,0.7342347
s_016um_00025_00089-1,0.5745857
s_016um_00274_00323-1,0.57595056
s_016um_00130_00390-1,0.5674349
s_016um_00390_00178-1,0.5472989
s_016um_00056_00244-1,0.59767914
s_016um_00404_00148-1,0.613933
s_016um_00215_00027-1,0.569347
s_016um_00405_00147-1,0.6165736
s_016um_00333_00213-1,0.664629
s_016um_00403_00256-1,0.62071234
s_016um_00031_00329-1,0.70382077
s_016um_00015_00264-1,0.6149416
s_016um_00280_00315-1,0.5934107
s_016um_00062_00132-1,0.56734383
s_016um_00411_00100-1,0.6836774
s_016um_00058_00247-1,0.6375553
s_016um_00150_00400-1,0.6137848
s_016um_00265_00133-1,0.65076685
s_016um_00386_00128-1,0.5704643
s_016um_00022_00270-1,0.55145705
s_016um_00403_00261-1,0.6612718
s_016um_00362_00227-1,0.5499004
s_016um_00195_00123-1,0.5610208
s_016um_00366_00100-1,0.7155337
s_016um_00352_00091-1,0.5260126
s_016um_00261_00128-1,0.6894798
s_016um_00078_00285-1,0.6845926
s_016um_00266_00129-1,0.64658874
s_016um_00369_00228-1,0.5815428
s_016um_00030_00330-1,0.53041995
s_016um_00209_00030-1,0.6786603
s_016um_00138_00217-1,0.71412843
s_016um_00144_00021-1,0.6349055
s_016um_00021_00272-1,0.6897316
s_016um_00324_00232-1,0.50769776
s_016um_00077_00292-1,0.6326462
s_016um_00035_00097-1,0.59375936
s_016um_00276_00315-1,1.0545458
s_016um_00161_00293-1,0.562309
s_016um_00033_00330-1,0.5835704
s_016um_00113_00314-1,0.48354077
s_016um_00114_00320-1,0.61420286
s_016um_00016_00264-1,0.5691884
s_016um_00270_00031-1,0.68585646
s_016um_00268_00056-1,0.9519115
s_016um_00277_00311-1,0.60511726
s_016um_00119_00152-1,0.6320764
s_016um_00079_00296-1,0.5811686
s_016um_00053_00247-1,0.7571617
s_016um_00280_00134-1,0.6190996
s_016um_00163_00127-1,0.6914698
s_016um_00276_00210-1,0.5344411
s_016um_00109_00318-1,0.73200923
s_016um_00032_00089-1,0.6126317
s_016um_00320_00300-1,0.61009514
s_016um_00281_00312-1,0.5528794
s_016um_00221_00229-1,0.56388927
s_016um_00195_00091-1,0.57754695
s_016um_00232_00359-1,0.6725321
s_016um_00070_00235-1,0.58772945
s_016um_00069_00237-1,0.5868776
s_016um_00142_00059-1,0.6042074
s_016um_00182_00028-1,0.56721205
s_016um_00218_00012-1,0.53647536
s_016um_00073_00252-1,0.91108817
s_016um_00237_00091-1,0.67387056
s_016um_00010_00156-1,0.56952167
s_016um_00042_00202-1,0.669089
s_016um_00271_00205-1,0.7167917
s_016um_00094_00025-1,0.75740236
s_016um_00221_00234-1,0.56084204
s_016um_00044_00206-1,0.66489774
s_016um_00127_00384-1,0.7616214
s_016um_00355_00292-1,0.57021874
s_016um_00027_00084-1,0.62431544
s_016um_00369_00095-1,0.592482
s_016um_00041_00177-1,0.5713525
s_016um_00400_00399-1,1.6942403
s_016um_00111_00316-1,0.6420293
s_016um_00279_00206-1,0.5931536
s_016um_00284_00095-1,0.6790484
s_016um_00397_00357-1,0.90397424
s_016um_00221_00028-1,0.7495917
s_016um_00167_00129-1,0.6619179
s_016um_00355_00413-1,1.30453
s_016um_00165_00287-1,0.7541739
s_016um_00217_00031-1,0.5671668
s_016um_00084_00281-1,0.5553945
s_016um_00067_00237-1,0.7173407
s_016um_00286_00098-1,0.6339114
s_016um_00195_00126-1,0.6438264
s_016um_00400_00372-1,0.6289306
s_016um_00195_00127-1,0.6469137
s_016um_00153_00401-1,0.61002725
s_016um_00195_00125-1,0.6718247
s_016um_00268_00334-1,0.6065128
s_016um_00143_00059-1,0.689155
s_016um_00214_00277-1,0.55642796
s_016um_00225_00234-1,0.618603
s_016um_00135_00320-1,1.3335333
s_016um_00099_00026-1,0.86356187
s_016um_00325_00227-1,0.5880222
s_016um_00382_00136-1,0.6591365
s_016um_00266_00061-1,0.6844109
s_016um_00339_00402-1,0.6981144
s_016um_00268_00333-1,0.5827385
s_016um_00145_00395-1,0.62593377
s_016um_00177_00030-1,0.67610925
s_016um_00230_00355-1,0.53241163
s_016um_00323_00168-1,0.65126485
s_016um_00323_00306-1,0.57786596
s_016um_00097_00276-1,0.67717934
s_016um_00094_00028-1,0.6538528
s_016um_00015_00269-1,0.6953236
s_016um_00277_00137-1,0.60879433
s_016um_00278_00202-1,0.5564623
s_016um_00382_00131-1,0.5946834
s_016um_00221_00023-1,0.7208767
s_016um_00369_00147-1,0.69017714
s_016um_00128_00086-1,0.72251123
s_016um_00069_00238-1,0.6652188
s_016um_00183_00026-1,0.59171546
s_016um_00404_00147-1,0.61449957
s_016um_00221_00173-1,0.8483637
s_016um_00093_00272-1,0.59230983
s_016um_00189_00097-1,0.65974844
s_016um_00173_00374-1,0.5703159
s_016um_00278_00136-1,0.6187664
s_016um_00082_00239-1,0.609032
s_016um_00116_00148-1,0.6344082
s_016um_00082_00071-1,0.61182386
s_016um_00224_00248-1,0.54584104
s_016um_00208_00290-1,0.57738256
s_016um_00276_00327-1,0.946875
s_016um_00340_00218-1,0.75483507
s_016um_00350_00020-1,0.7317943
s_016um_00127_00387-1,0.6947057
s_016um_00086_00201-1,0.58132154
s_016um_00044_00176-1,0.59107167
s_016um_00141_00016-1,0.60677177
s_016um_00218_00014-1,0.7256007
s_016um_00032_00337-1,0.5503712
s_016um_00392_00299-1,0.6396774
s_016um_00402_00397-1,1.163968
s_016um_00395_00371-1,0.58073705
s_016um_00204_00151-1,0.8129854
s_016um_00380_00129-1,0.62068474
s_016um_00408_00399-1,1.7618055
s_016um_00211_00029-1,0.6220544
s_016um_00080_00267-1,0.569466
s_016um_00108_00314-1,0.6800539
s_016um_00041_00175-1,0.6177945
s_016um_00028_00336-1,0.5333055
s_016um_00132_00228-1,0.6331992
s_016um_00061_00126-1,0.5896263
s_016um_00271_00032-1,0.73787975
s_016um_00215_00277-1,0.8493181
s_016um_00100_00031-1,0.67446184
s_016um_00095_00275-1,0.5986966
s_016um_00322_00299-1,0.79655105
s_016um_00320_00305-1,0.55416536
s_016um_00272_00029-1,0.59917706
s_016um_00230_00260-1,0.6227482
s_016um_00358_00122-1,0.6962018
s_016um_00354_00289-1,0.5876907
s_016um_00097_00334-1,0.6394321
s_016um_00144_00058-1,0.7836162
s_016um_00391_00291-1,0.60713404
s_016um_00184_00032-1,0.60802144
s_016um_00135_00220-1,0.70156324
s_016um_00353_00021-1,0.8645823
s_016um_00279_00202-1,0.47644168
s_016um_00280_00207-1,0.5523722
s_016um_00204_00153-1,0.62965554
s_016um_00132_00091-1,0.8095543
s_016um_00139_00015-1,0.78180164
s_016um_00136_00223-1,0.7072939
s_016um_00026_00090-1,0.6186549
s_016um_00409_00105-1,0.57513624
s_016um_00395_00344-1,0.7290726
s_016um_00102_00384-1,0.772174
s_016um_00129_00384-1,0.6442885
s_016um_00010_00295-1,0.612352
s_016um_00226_00028-1,0.645087
s_016um_00390_00364-1,0.63562036
s_016um_00360_00411-1,1.0304618
s_016um_00035_00099-1,0.72174734
s_016um_00137_00074-1,0.58474135
s_016um_00090_00274-1,0.5736712
s_016um_00132_00231-1,0.5310281
s_016um_00274_00331-1,0.60572934
s_016um_00101_00074-1,0.551401
s_016um_00370_00101-1,0.78908753
s_016um_00104_00388-1,0.58396995
s_016um_00126_00093-1,0.70585126
s_016um_00096_00341-1,0.5350966
s_016um_00308_00053-1,0.596662
s_016um_00355_00294-1,0.54933846
s_016um_00323_00166-1,0.74305016
s_016um_00375_00122-1,0.5067086
s_016um_00395_00259-1,0.63172084
s_016um_00388_00342-1,0.69853663
s_016um_00342_00397-1,0.9157642
s_016um_00086_00072-1,0.8202413
s_016um_00086_00067-1,0.59330684
s_016um_00307_00055-1,0.72200817
s_016um_00108_00319-1,1.1033517
s_016um_00125_00089-1,0.6489875
s_016um_00219_00232-1,0.58933216
s_016um_00217_00166-1,0.69733244
s_016um_00083_00268-1,0.5933496
s_016um_00074_00239-1,0.7076172
s_016um_00261_00189-1,0.61822546
s_016um_00181_00034-1,0.6033983
s_016um_00413_00100-1,0.6775923
s_016um_00048_00243-1,0.8835902
s_016um_00096_00024-1,0.6221755
s_016um_00033_00004-1,0.6447765
s_016um_00335_00400-1,1.2179762
s_016um_00271_00031-1,0.7787576
s_016um_00358_00289-1,0.59850514
s_016um_00083_00066-1,0.6285465
s_016um_00233_00084-1,0.893347
s_016um_00042_00171-1,0.737834
s_016um_00284_00093-1,0.57060933
s_016um_00280_00314-1,0.64094615
s_016um_00107_00390-1,0.6929648
s_016um_00391_00341-1,0.82678264
s_016um_00100_00321-1,0.5232837
s_016um_00136_00071-1,0.6749211
s_016um_00319_00169-1,0.6432744
s_016um_00401_00125-1,0.588978
s_016um_00324_00302-1,0.5623663
s_016um_00049_00241-1,0.6623027
s_016um_00120_00144-1,0.81661636
s_016um_00082_00194-1,0.8791962
s_016um_00143_00058-1,0.56670934
s_016um_00248_00087-1,0.87055373
s_016um_00064_00236-1,0.67723125
s_016um_00292_00096-1,0.68330127
s_016um_00083_00072-1,0.8027483
s_016um_00326_00214-1,0.5477715
s_016um_00194_00095-1,0.6347496
s_016um_00087_00035-1,0.6901825
s_016um_00104_00066-1,0.6765909
s_016um_00276_00312-1,0.62715703
s_016um_00274_00317-1,0.6363426
s_016um_00383_00136-1,0.56876796
s_016um_00268_00055-1,0.9045937
s_016um_00278_00209-1,0.53946567
s_016um_00268_00337-1,0.65206665
s_016um_00128_00091-1,0.7351473
s_016um_00216_00028-1,0.6564647
s_016um_00159_00285-1,0.7129723
s_016um_00137_00070-1,0.6764426
s_016um_00277_00315-1,0.73864704
s_016um_00261_00033-1,0.6374424
s_016um_00401_00371-1,0.7230613
s_016um_00326_00228-1,0.69097507
s_016um_00120_00145-1,0.6255743
s_016um_00244_00088-1,0.77672064
s_016um_00332_00214-1,0.5731642
s_016um_00393_00371-1,0.73918843
s_016um_00394_00337-1,0.4897083
s_016um_00265_00332-1,0.53979665
s_016um_00342_00212-1,0.6820929
s_016um_00275_00208-1,0.5639279
s_016um_00265_00134-1,0.609342
s_016um_00027_00086-1,0.62221754
s_016um_00196_00121-1,0.621391
s_016um_00290_00099-1,0.52342325
s_016um_00229_00251-1,0.56885904
s_016um_00014_00214-1,0.63978446
s_016um_00234_00090-1,0.69791955
s_016um_00355_00118-1,0.6740822
s_016um_00245_00083-1,0.69459623
s_016um_00226_00238-1,0.58390814
s_016um_00399_00125-1,0.66464114
s_016um_00404_00149-1,0.64054745
s_016um_00045_00241-1,0.9239603
s_016um_00219_00010-1,0.62594265
s_016um_00361_00414-1,1.2304534
s_016um_00263_00188-1,0.6661863
s_016um_00159_00288-1,0.68209696
s_016um_00124_00389-1,0.5745207
s_016um_00133_00227-1,0.67423135
s_016um_00412_00100-1,0.57961404
s_016um_00060_00248-1,0.6351324
s_016um_00271_00028-1,0.73261094
s_016um_00240_00187-1,0.5620222
s_016um_00342_00214-1,0.5766675
s_016um_00350_00024-1,0.56533885
s_016um_00340_00404-1,0.7674969
s_016um_00098_00336-1,0.6757146
s_016um_00078_00293-1,0.59796864
s_016um_00268_00329-1,0.54557574
s_016um_00087_00269-1,0.63752425
s_016um_00235_00186-1,0.57394695
s_016um_00067_00129-1,0.60117555
s_016um_00223_00025-1,0.8327946
s_016um_00242_00183-1,0.6403466
s_016um_00126_00383-1,0.56572837
s_016um_00082_00198-1,0.7116358
s_016um_00105_00066-1,0.6710549
s_016um_00171_00371-1,0.69340736
s_016um_00332_00257-1,0.60504454
s_016um_00333_00252-1,0.6753044
s_016um_00263_00057-1,0.6711128
s_016um_00270_00334-1,0.61458063
s_016um_00103_00391-1,0.5616198
s_016um_00392_00344-1,0.88160896
s_016um_00400_00365-1,0.70476794
s_016um_00093_00280-1,0.5907721
s_016um_00409_00145-1,0.64083123
s_016um_00235_00265-1,0.7300942
s_016um_00172_00373-1,0.55663
s_016um_00089_00071-1,0.575672
s_016um_00318_00163-1,0.6587823
s_016um_00085_00072-1,0.63642853
s_016um_00035_00330-1,0.5999548
s_016um_00268_00227-1,0.7110777
s_016um_00327_00225-1,0.59784067
s_016um_00272_00328-1,0.7212328
s_016um_00325_00169-1,0.49726924
s_016um_00239_00092-1,0.59252536
s_016um_00029_00093-1,0.6364586
s_016um_00184_00031-1,0.6536524
s_016um_00268_00229-1,0.55035233
s_016um_00168_00378-1,0.5561445
s_016um_00237_00088-1,0.70943725
s_016um_00247_00088-1,0.6160423
s_016um_00044_00208-1,0.5642886
s_016um_00371_00143-1,0.6411521
s_016um_00325_00303-1,0.7319957
s_016um_00097_00335-1,0.62970537
s_016um_00387_00343-1,0.69304276
s_016um_00341_00401-1,0.74947363
s_016um_00337_00252-1,0.51517147
s_016um_00216_00167-1,0.6249408
s_016um_00064_00231-1,0.66033584
s_016um_00045_00246-1,0.56891984
s_016um_00059_00246-1,0.68371856
s_016um_00238_00355-1,0.8102201
s_016um_00071_00233-1,0.58960086
s_016um_00092_00272-1,0.61432904
s_016um_00140_00215-1,0.6823125
s_016um_00082_00201-1,0.65364385
s_016um_00056_00243-1,0.8494418
s_016um_00221_00015-1,0.71419305
s_016um_00213_00278-1,0.57667696
s_016um_00260_00031-1,0.8195431
s_016um_00354_00022-1,0.65223056
s_016um_00273_00314-1,0.60088354
s_016um_00404_00401-1,1.931217
s_016um_00039_00011-1,0.59284866
s_016um_00261_00135-1,0.5139521
s_016um_00106_00384-1,0.6479512
s_016um_00133_00225-1,0.5533805
s_016um_00010_00154-1,0.5694288
s_016um_00222_00230-1,0.6486423
s_016um_00239_00189-1,0.6983962
s_016um_00097_00339-1,0.59701115
s_016um_00102_00385-1,0.73256844
s_016um_00073_00250-1,0.64392275
s_016um_00238_00358-1,0.5667749
s_016um_00041_00010-1,0.57980764
s_016um_00181_00033-1,0.6726316
s_016um_00397_00368-1,0.64553684
s_016um_00016_00267-1,0.56117433
s_016um_00102_00069-1,0.6147605
s_016um_00220_00167-1,0.6442105
s_016um_00369_00099-1,0.76272345
s_016um_00040_00097-1,0.5358074
s_016um_00121_00144-1,0.77961916
s_016um_00369_00141-1,0.60253376
s_016um_00197_00124-1,0.69134337
s_016um_00359_00095-1,0.56369716
s_016um_00236_00358-1,0.63180363
s_016um_00394_00217-1,0.54828054
s_016um_00322_00162-1,0.829561
s_016um_00215_00278-1,0.564064
s_016um_00038_00207-1,0.66246563
s_016um_00409_00147-1,0.60909474
s_016um_00219_00016-1,0.61275196
s_016um_00276_00046-1,0.6123821
s_016um_00355_00116-1,0.6589819
s_016um_00224_00229-1,0.5874929
s_016um_00373_00143-1,0.77099335
s_016um_00216_00015-1,0.56650877
s_016um_00147_00057-1,0.6455908
s_016um_00355_00024-1,0.68179846
s_016um_00221_00166-1,0.9321513
s_016um_00219_00233-1,0.6805718
s_016um_00392_00184-1,0.7570999
s_016um_00401_00126-1,0.63265926
s_016um_00273_00227-1,0.49962342
s_016um_00362_00223-1,0.694508
s_016um_00310_00053-1,0.636024
s_016um_00082_00193-1,0.76292145
s_016um_00406_00128-1,0.6234657
s_016um_00221_00232-1,0.73346454
s_016um_00142_00219-1,0.94623315
s_016um_00368_00122-1,0.6878681
s_016um_00065_00134-1,0.6198292
s_016um_00306_00059-1,0.64887047
s_016um_00359_00288-1,0.6898956
s_016um_00280_00328-1,0.5692527
s_016um_00365_00223-1,0.6023906
s_016um_00222_00168-1,0.55838954
s_016um_00222_00171-1,0.7484675
s_016um_00392_00369-1,0.69746995
s_016um_00033_00086-1,0.62569475
s_016um_00189_00090-1,0.6873089
s_016um_00028_00084-1,0.6896828
s_016um_00224_00227-1,0.6451553
s_016um_00264_00185-1,0.76571196
s_016um_00088_00072-1,0.597439
s_016um_00362_00412-1,0.9873341
s_016um_00383_00135-1,0.65191483
s_016um_00279_00135-1,0.5226784
s_016um_00139_00018-1,0.6649597
s_016um_00143_00018-1,0.82486343
s_016um_00040_00011-1,0.6867647
s_016um_00074_00242-1,0.58982617
s_016um_00069_00132-1,0.6172836
s_016um_00324_00120-1,0.6737115
s_016um_00399_00213-1,0.605806
s_016um_00007_00300-1,0.59029746
s_016um_00141_00021-1,1.0722566
s_016um_00167_00121-1,0.845496
s_016um_00100_00390-1,0.87629557
s_016um_00337_00398-1,0.9281442
s_016um_00086_00194-1,0.6911947
s_016um_00345_00219-1,0.6684975
s_016um_00325_00120-1,0.59903955
s_016um_00242_00083-1,0.8533139
s_016um_00329_00120-1,0.6059325
s_016um_00066_00132-1,0.5746039
s_016um_00173_00378-1,0.6126768
s_016um_00277_00130-1,0.687165
s_016um_00329_00253-1,0.59014904
s_016um_00376_00122-1,0.7927555
s_016um_00106_00387-1,0.6466034
s_016um_00408_00146-1,0.61474323
s_016um_00416_00135-1,0.699763
s_016um_00227_00330-1,0.62461454
s_016um_00350_00022-1,0.64276385
s_016um_00228_00267-1,0.5071347
s_016um_00197_00127-1,0.671281
s_016um_00049_00240-1,0.5839863
s_016um_00224_00243-1,0.5803864
s_016um_00283_00094-1,0.71495694
s_016um_00174_00372-1,0.594985
s_016um_00414_00098-1,0.5319848
s_016um_00345_00215-1,0.72935355
s_016um_00401_00395-1,1.2465764
s_016um_00254_00019-1,0.7939179
s_016um_00085_00264-1,0.6226975
s_016um_00397_00361-1,0.5911485
s_016um_00094_00321-1,0.51770157
s_016um_00084_00069-1,0.74420655
s_016um_00271_00333-1,0.73326164
s_016um_00037_00207-1,0.62156725
s_016um_00129_00229-1,0.61671346
s_016um_00230_00358-1,0.64901567
s_016um_00146_00061-1,0.5572764
s_016um_00403_00262-1,0.5537046
s_016um_00361_00294-1,0.53067493
s_016um_00193_00096-1,0.5895438
s_016um_00388_00132-1,0.5828855
s_016um_00397_00213-1,0.58908004
s_016um_00102_00066-1,0.6954187
s_016um_00266_00028-1,0.81404895
s_016um_00159_00293-1,0.56334496
s_016um_00392_00185-1,0.5963089
s_016um_00398_00363-1,0.6948535
s_016um_00330_00118-1,0.5273721
s_016um_00044_00238-1,0.6557047
s_016um_00274_00048-1,0.6723305
s_016um_00006_00298-1,0.5375912
s_016um_00035_00105-1,0.6555357
s_016um_00060_00242-1,0.67571265
s_016um_00319_00166-1,0.55494833
s_016um_00365_00230-1,0.6613647
s_016um_00096_00278-1,0.6226858
s_016um_00147_00397-1,0.73207444
s_016um_00082_00034-1,0.6960136
s_016um_00313_00054-1,0.7634672
s_016um_00215_00028-1,0.74558175
s_016um_00168_00375-1,0.6211925
s_016um_00336_00252-1,0.5771568
s_016um_00129_00094-1,0.8011512
s_016um_00167_00377-1,0.6956818
s_016um_00310_00058-1,0.9705483
s_016um_00038_00105-1,0.6506699
s_016um_00276_00326-1,0.7447263
s_016um_00099_00070-1,0.64502066
s_016um_00402_00146-1,0.6275647
s_016um_00045_00238-1,0.62445945
s_016um_00101_00069-1,0.62844193
s_016um_00352_00096-1,0.70854914
s_016um_00250_00027-1,0.6710709
s_016um_00268_00224-1,0.5172526
s_016um_00093_00270-1,0.6088859
s_016um_00119_00147-1,0.67558134
s_016um_00041_00047-1,0.6451545
s_016um_00127_00390-1,0.62332624
s_016um_00220_00237-1,0.6578713
s_016um_00219_00283-1,0.6112446
s_016um_00102_00024-1,0.6869544
s_016um_00399_00257-1,0.72840464
s_016um_00256_00191-1,0.57080245
s_016um_00383_00131-1,0.56744087
s_016um_00406_00403-1,1.9709344
s_016um_00034_00011-1,0.6279583
s_016um_00307_00060-1,0.6229552
s_016um_00164_00293-1,0.6215633
s_016um_00230_00267-1,0.508649
s_016um_00028_00088-1,0.58250225
s_016um_00233_00262-1,0.5937463
s_016um_00402_00149-1,0.686221
s_016um_00083_00197-1,0.7822946
s_016um_00170_00370-1,0.73223746
s_016um_00139_00022-1,0.5917877
s_016um_00235_00087-1,0.62299794
s_016um_00160_00291-1,0.5807224
s_016um_00364_00101-1,0.5982636
s_016um_00220_00013-1,0.51871824
s_016um_00009_00210-1,0.58435196
s_016um_00142_00016-1,0.65219504
s_016um_00041_00217-1,0.6888254
s_016um_00247_00023-1,0.8164832
s_016um_00221_00230-1,0.6126882
s_016um_00035_00008-1,0.58827883
s_016um_00007_00212-1,0.75141376
s_016um_00359_00093-1,0.53608024
s_016um_00093_00336-1,0.5353147
s_016um_00194_00093-1,0.6048344
s_016um_00101_00027-1,0.63554645
s_016um_00319_00167-1,0.61026883
s_016um_00346_00220-1,0.55807817
s_016um_00411_00105-1,0.7694382
s_016um_00328_00303-1,0.7336632
s_016um_00169_00129-1,0.7527765
s_016um_00322_00168-1,0.6526411
s_016um_00334_00256-1,0.66408473
s_016um_00151_00395-1,0.6673392
s_016um_00134_00219-1,0.60744834
s_016um_00333_00122-1,0.67052615
s_016um_00041_00048-1,0.61186117
s_016um_00010_00208-1,0.8019307
s_016um_00385_00128-1,0.5961657
s_016um_00181_00026-1,0.70964265
s_016um_00273_00330-1,0.6767259
s_016um_00149_00396-1,0.6341057
s_016um_00182_00027-1,0.5193187
s_016um_00287_00098-1,0.65406936
s_016um_00344_00217-1,0.6415067
s_016um_00039_00043-1,0.67244697
s_016um_00100_00384-1,0.64519626
s_016um_00047_00218-1,0.76717854
s_016um_00097_00067-1,0.64258677
s_016um_00006_00301-1,0.57246375
s_016um_00061_00127-1,0.58053416
s_016um_00090_00068-1,0.5112318
s_016um_00383_00126-1,0.6139337
s_016um_00208_00149-1,0.53423375
s_016um_00401_00372-1,0.8914696
s_016um_00220_00017-1,0.57648385
s_016um_00351_00024-1,0.5573088
s_016um_00216_00290-1,0.6350144
s_016um_00340_00402-1,0.7432951
s_016um_00025_00090-1,0.69054675
s_016um_00146_00056-1,0.5880351
s_016um_00089_00265-1,0.57012004
s_016um_00006_00154-1,0.6254078
s_016um_00404_00400-1,2.0703456
s_016um_00327_00123-1,0.5669243
s_016um_00259_00134-1,0.56576
s_016um_00087_00271-1,0.51141506
s_016um_00258_00131-1,0.6897095
s_016um_00129_00388-1,0.5690918
s_016um_00149_00401-1,0.59221894
s_016um_00133_00072-1,0.5300996
s_016um_00369_00226-1,0.59364843
s_016um_00139_00074-1,0.611319
s_016um_00286_00094-1,0.72527194
s_016um_00260_00192-1,0.59859174
s_016um_00382_00126-1,0.5728909
s_016um_00356_00415-1,1.2737873
s_016um_00005_00297-1,0.66756517
s_016um_00390_00296-1,0.61191773
s_016um_00359_00415-1,1.2383493
s_016um_00152_00394-1,0.67385095
s_016um_00225_00028-1,0.589561
s_016um_00081_00069-1,0.6148264
s_016um_00276_00131-1,0.6068818
s_016um_00391_00338-1,0.6385936
s_016um_00279_00045-1,0.65293425
s_016um_00095_00342-1,0.59685606
s_016um_00220_00173-1,0.6856428
s_016um_00039_00211-1,0.5781657
s_016um_00037_00171-1,0.6094478
s_016um_00280_00132-1,0.598897
s_016um_00356_00020-1,0.72970486
s_016um_00118_00150-1,0.65785927
s_016um_00393_00362-1,0.7264571
s_016um_00243_00088-1,0.6749359
s_016um_00075_00244-1,0.67658436
s_016um_00160_00290-1,0.5702524
s_016um_00357_00097-1,0.6604152
s_016um_00386_00293-1,0.6084277
s_016um_00016_00271-1,0.6971587
s_016um_00097_00026-1,0.6187973
s_016um_00036_00046-1,0.5794055
s_016um_00241_00082-1,0.7469806
s_016um_00278_00330-1,0.5763904
s_016um_00371_00098-1,0.5735046
s_016um_00395_00218-1,0.59528124
s_016um_00081_00242-1,0.5964241
s_016um_00214_00013-1,0.67513233
s_016um_00278_00324-1,0.58638793
s_016um_00270_00230-1,0.6289454
s_016um_00341_00212-1,0.64235353
s_016um_00096_00276-1,0.59279597
s_016um_00086_00033-1,0.7075866
s_016um_00162_00288-1,1.0475681
s_016um_00164_00286-1,0.5194324
s_016um_00090_00269-1,0.5406351
s_016um_00331_00218-1,0.5387612
s_016um_00265_00057-1,0.6739742
s_016um_00332_00213-1,0.6269761
s_016um_00394_00178-1,0.6330642
s_016um_00029_00334-1,0.5622276
s_016um_00274_00046-1,0.6967291
s_016um_00270_00329-1,0.6855378
s_016um_00097_00072-1,0.6187268
s_016um_00008_00157-1,0.5801264
s_016um_00095_00341-1,0.600103
s_016um_00225_00030-1,0.703653
s_016um_00080_00300-1,0.56646574
s_016um_00038_00173-1,0.6189727
s_016um_00357_00095-1,0.59947026
s_016um_00078_00247-1,0.6366029
s_016um_00266_00337-1,0.53129846
s_016um_00082_00279-1,0.56473887
s_016um_00363_00228-1,0.5945599
s_016um_00007_00293-1,0.6465755
s_016um_00272_00226-1,0.50252336
s_016um_00094_00029-1,0.5868959
s_016um_00401_00398-1,1.0391781
s_016um_00370_00140-1,0.60555154
s_016um_00055_00248-1,1.0170189
s_016um_00047_00215-1,0.71135926
s_016um_00218_00167-1,0.6051566
s_016um_00272_00331-1,0.6061664
s_016um_00044_00207-1,0.5957542
s_016um_00344_00219-1,0.663551
s_016um_00101_00388-1,0.8338913
s_016um_00134_00225-1,0.65197486
s_016um_00237_00092-1,0.71870977
s_016um_00217_00016-1,0.6204646
s_016um_00017_00270-1,0.67511255
s_016um_00094_00319-1,0.6267055
s_016um_00260_00183-1,0.5740893
s_016um_00095_00319-1,0.55866086
s_016um_00237_00354-1,0.60452706
s_016um_00120_00147-1,0.6394576
s_016um_00007_00157-1,0.62184685
s_016um_00078_00294-1,0.52618253
s_016um_00217_00284-1,0.61119163
s_016um_00091_00265-1,0.602791
s_016um_00165_00122-1,0.73543066
s_016um_00356_00292-1,0.62720543
s_016um_00353_00097-1,0.65059143
s_016um_00081_00199-1,0.6656194
s_016um_00130_00315-1,0.79248625
s_016um_00092_00335-1,0.48356545
s_016um_00133_00090-1,0.85586333
s_016um_00406_00124-1,0.59614146
s_016um_00395_00220-1,0.6059219
s_016um_00045_00207-1,0.55613756
s_016um_00028_00337-1,0.6584674
s_016um_00188_00095-1,0.6061684
s_016um_00081_00238-1,0.723655
s_016um_00340_00403-1,0.7484966
s_016um_00220_00027-1,0.7036239
s_016um_00101_00070-1,0.60619336
s_016um_00046_00210-1,0.7071266
s_016um_00222_00170-1,0.6401979
s_016um_00087_00068-1,0.6030021
s_016um_00070_00234-1,0.7172614
s_016um_00273_00206-1,0.74561137
s_016um_00225_00243-1,0.56416625
s_016um_00158_00292-1,0.6742385
s_016um_00209_00294-1,0.5908992
s_016um_00323_00299-1,0.61539173
s_016um_00211_00031-1,0.7784391
s_016um_00069_00129-1,0.5997312
s_016um_00324_00124-1,0.6094417
s_016um_00086_00280-1,0.57627815
s_016um_00332_00119-1,0.6831101
s_016um_00128_00389-1,0.6079312
s_016um_00323_00305-1,0.6255227
s_016um_00041_00213-1,0.99527335
s_016um_00226_00330-1,0.63639325
s_016um_00235_00355-1,0.60172755
s_016um_00217_00278-1,0.59459543
s_016um_00082_00241-1,0.5893681
s_016um_00146_00394-1,0.6038071
s_016um_00174_00374-1,0.6868084
s_016um_00223_00330-1,0.57758987
s_016um_00215_00034-1,0.62732977
s_016um_00328_00210-1,0.61526424
s_016um_00037_00173-1,0.6034692
s_016um_00017_00271-1,0.60035944
s_016um_00253_00031-1,0.7152191
s_016um_00004_00154-1,0.65403074
s_016um_00212_00293-1,0.6267751
s_016um_00393_00360-1,0.77266735
s_016um_00033_00336-1,0.5315509
s_016um_00043_00216-1,0.58515567
s_016um_00397_00364-1,0.59848267
s_016um_00368_00097-1,0.6513413
s_016um_00217_00029-1,0.5776696
s_016um_00388_00343-1,0.5978769
s_016um_00218_00283-1,0.59594035
s_016um_00271_00226-1,0.6035981
s_016um_00171_00373-1,0.6298718
s_016um_00225_00251-1,0.5480742
s_016um_00081_00280-1,0.64269215
s_016um_00272_00035-1,0.7404429
s_016um_00416_00101-1,0.6094363
s_016um_00365_00226-1,0.6146408
s_016um_00418_00136-1,0.553823
s_016um_00216_00293-1,0.54730606
s_016um_00400_00256-1,0.60049796
s_016um_00042_00179-1,0.70183873
s_016um_00239_00181-1,0.7390568
s_016um_00370_00100-1,0.7914195
s_016um_00047_00211-1,0.5532136
s_016um_00130_00382-1,0.68016595
s_016um_00127_00091-1,0.6583737
s_016um_00273_00137-1,0.65982586
