spot_id,predicted_protein_value
s_016um_00380_00137-1,-1.6625944
s_016um_00037_00102-1,-1.4226671
s_016um_00328_00304-1,-1.5865808
s_016um_00343_00400-1,-2.4516234
s_016um_00009_00155-1,-1.3556806
s_016um_00009_00150-1,-1.487949
s_016um_00109_00316-1,-1.1883389
s_016um_00330_00253-1,-1.6750444
s_016um_00366_00225-1,-1.6663313
s_016um_00267_00058-1,-2.0617354
s_016um_00274_00229-1,-1.3565532
s_016um_00219_00167-1,-1.514045
s_016um_00209_00032-1,-1.490074
s_016um_00112_00314-1,-1.2838454
s_016um_00122_00145-1,-1.4980298
s_016um_00201_00148-1,-1.3049808
s_016um_00232_00085-1,-1.3910652
s_016um_00034_00102-1,-1.4983178
s_016um_00080_00283-1,-1.3919944
s_016um_00142_00062-1,-1.5082341
s_016um_00242_00085-1,-1.212779
s_016um_00382_00138-1,-1.5232527
s_016um_00321_00227-1,-1.6074333
s_016um_00081_00240-1,-1.6029792
s_016um_00362_00411-1,-2.7883816
s_016um_00323_00167-1,-1.3852332
s_016um_00323_00162-1,-1.7351344
s_016um_00394_00215-1,-1.8281091
s_016um_00219_00026-1,-1.6909163
s_016um_00363_00414-1,-3.562844
s_016um_00233_00267-1,-1.3928385
s_016um_00033_00089-1,-1.4342992
s_016um_00082_00197-1,-1.821717
s_016um_00235_00090-1,-1.7262111
s_016um_00127_00318-1,-1.7057184
s_016um_00040_00098-1,-1.6188104
s_016um_00217_00172-1,-1.4563761
s_016um_00259_00034-1,-1.373646
s_016um_00276_00133-1,-1.63279
s_016um_00325_00123-1,-1.3664827
s_016um_00341_00399-1,-1.6777368
s_016um_00191_00093-1,-1.4096344
s_016um_00129_00321-1,-1.0372806
s_016um_00263_00061-1,-1.6339678
s_016um_00341_00215-1,-1.509098
s_016um_00270_00034-1,-1.6170889
s_016um_00395_00365-1,-2.07115
s_016um_00083_00278-1,-1.4248984
s_016um_00134_00321-1,-2.4645343
s_016um_00038_00098-1,-1.4902716
s_016um_00278_00048-1,-1.5068394
s_016um_00120_00149-1,-1.2031367
s_016um_00199_00149-1,-1.2131344
s_016um_00275_00229-1,-1.4057533
s_016um_00140_00022-1,-1.6969544
s_016um_00080_00236-1,-1.5053798
s_016um_00367_00099-1,-1.7008212
s_016um_00232_00263-1,-1.6318816
s_016um_00166_00129-1,-1.7910526
s_016um_00356_00115-1,-1.6214192
s_016um_00230_00250-1,-1.5338945
s_016um_00394_00181-1,-1.3644769
s_016um_00137_00222-1,-1.5281934
s_016um_00323_00228-1,-1.4080085
s_016um_00343_00215-1,-1.3180406
s_016um_00124_00383-1,-1.2104588
s_016um_00111_00320-1,-1.6973274
s_016um_00199_00148-1,-1.4410243
s_016um_00034_00336-1,-1.3179827
s_016um_00206_00149-1,-1.4011606
s_016um_00019_00265-1,-1.6219918
s_016um_00026_00089-1,-1.5177302
s_016um_00205_00153-1,-1.6576108
s_016um_00385_00292-1,-1.6555208
s_016um_00390_00181-1,-1.3469284
s_016um_00320_00166-1,-1.3578866
s_016um_00385_00293-1,-1.1539315
s_016um_00142_00218-1,-1.3380839
s_016um_00130_00233-1,-1.412726
s_016um_00101_00030-1,-1.6156693
s_016um_00216_00292-1,-1.3664696
s_016um_00409_00101-1,-1.6752551
s_016um_00028_00335-1,-1.4654222
s_016um_00249_00020-1,-1.6187063
s_016um_00260_00127-1,-1.5020562
s_016um_00217_00281-1,-1.382144
s_016um_00081_00296-1,-1.2084341
s_016um_00368_00145-1,-1.4601804
s_016um_00128_00316-1,-1.8445268
s_016um_00270_00058-1,-1.7203674
s_016um_00138_00074-1,-1.4033365
s_016um_00236_00083-1,-1.4169532
s_016um_00266_00059-1,-1.7849807
s_016um_00076_00241-1,-1.2413286
s_016um_00320_00162-1,-1.5058032
s_016um_00216_00295-1,-1.3069551
s_016um_00043_00049-1,-1.4907272
s_016um_00376_00119-1,-1.6808529
s_016um_00099_00071-1,-1.4285163
s_016um_00273_00132-1,-1.3298128
s_016um_00145_00021-1,-1.662121
s_016um_00356_00410-1,-3.1001549
s_016um_00098_00340-1,-1.5388926
s_016um_00171_00128-1,-1.2762067
s_016um_00203_00149-1,-1.4980347
s_016um_00195_00090-1,-1.3496875
s_016um_00098_00073-1,-1.4158138
s_016um_00337_00255-1,-1.6111995
s_016um_00401_00259-1,-1.4305314
s_016um_00211_00289-1,-1.3813487
s_016um_00372_00121-1,-1.3882774
s_016um_00087_00194-1,-1.3763251
s_016um_00220_00226-1,-1.3694751
s_016um_00066_00126-1,-1.3263747
s_016um_00251_00020-1,-1.4121757
s_016um_00042_00044-1,-1.3129704
s_016um_00098_00027-1,-1.3984264
s_016um_00228_00249-1,-1.2163336
s_016um_00038_00172-1,-1.4477786
s_016um_00209_00296-1,-1.3754922
s_016um_00106_00385-1,-1.087368
s_016um_00084_00266-1,-1.3748978
s_016um_00147_00399-1,-1.3059518
s_016um_00398_00182-1,-1.6905816
s_016um_00273_00052-1,-1.4314771
s_016um_00101_00023-1,-1.3698529
s_016um_00378_00137-1,-1.6480391
s_016um_00095_00277-1,-1.323393
s_016um_00141_00223-1,-1.7005497
s_016um_00260_00133-1,-1.4034748
s_016um_00272_00058-1,-1.4631798
s_016um_00169_00370-1,-1.4962901
s_016um_00353_00023-1,-1.9287977
s_016um_00389_00292-1,-1.5354567
s_016um_00253_00026-1,-1.4432361
s_016um_00362_00226-1,-1.433011
s_016um_00079_00236-1,-1.5487913
s_016um_00403_00150-1,-1.4661963
s_016um_00046_00209-1,-1.4286275
s_016um_00400_00402-1,-7.024251
s_016um_00219_00281-1,-1.3954872
s_016um_00274_00225-1,-1.4786016
s_016um_00053_00248-1,-1.7190006
s_016um_00081_00292-1,-1.1636033
s_016um_00361_00290-1,-1.4387902
s_016um_00277_00327-1,-1.4974929
s_016um_00138_00215-1,-1.4726496
s_016um_00074_00248-1,-1.177284
s_016um_00083_00200-1,-1.4971119
s_016um_00329_00218-1,-1.5457221
s_016um_00005_00296-1,-1.5173426
s_016um_00276_00208-1,-1.3526804
s_016um_00039_00178-1,-1.3440746
s_016um_00123_00386-1,-1.340792
s_016um_00143_00020-1,-1.4433379
s_016um_00407_00401-1,-5.740156
s_016um_00391_00343-1,-3.0092945
s_016um_00031_00331-1,-1.4207903
s_016um_00228_00237-1,-1.4013658
s_016um_00218_00032-1,-1.2465575
s_016um_00396_00220-1,-1.3415419
s_016um_00215_00282-1,-1.6797687
s_016um_00008_00153-1,-1.5306486
s_016um_00102_00383-1,-1.2651623
s_016um_00184_00028-1,-1.655268
s_016um_00266_00057-1,-1.6805586
s_016um_00141_00060-1,-1.6237803
s_016um_00193_00120-1,-1.5151047
s_016um_00268_00332-1,-1.3805754
s_016um_00209_00031-1,-1.5887579
s_016um_00354_00416-1,-4.8568354
s_016um_00365_00098-1,-1.6475694
s_016um_00041_00049-1,-1.6461613
s_016um_00210_00296-1,-1.6659998
s_016um_00089_00068-1,-1.3034425
s_016um_00245_00086-1,-1.4287271
s_016um_00193_00130-1,-1.473716
s_016um_00126_00089-1,-1.4562316
s_016um_00083_00071-1,-1.7007923
s_016um_00235_00268-1,-1.3784142
s_016um_00219_00280-1,-1.4671327
s_016um_00079_00241-1,-1.5980896
s_016um_00133_00230-1,-1.3495065
s_016um_00257_00034-1,-1.5930189
s_016um_00263_00187-1,-1.6079223
s_016um_00394_00358-1,-2.570406
s_016um_00105_00384-1,-1.3209746
s_016um_00129_00386-1,-1.4420733
s_016um_00262_00186-1,-1.7396688
s_016um_00417_00138-1,-1.3455578
s_016um_00287_00092-1,-1.6232932
s_016um_00177_00032-1,-2.0582328
s_016um_00110_00318-1,-1.3750719
s_016um_00218_00277-1,-1.3396907
s_016um_00260_00033-1,-1.3297386
s_016um_00386_00295-1,-1.444857
s_016um_00360_00286-1,-1.5806116
s_016um_00030_00331-1,-1.277449
s_016um_00266_00332-1,-1.459849
s_016um_00197_00123-1,-1.3899163
s_016um_00271_00221-1,-1.4272579
s_016um_00265_00033-1,-1.4883636
s_016um_00273_00201-1,-1.1087658
s_016um_00359_00096-1,-1.462298
s_016um_00220_00030-1,-1.4394034
s_016um_00097_00317-1,-1.2293963
s_016um_00346_00212-1,-1.3887786
s_016um_00389_00345-1,-1.5554231
s_016um_00067_00131-1,-1.5394678
s_016um_00401_00403-1,-5.7921667
s_016um_00214_00029-1,-1.6466352
s_016um_00266_00036-1,-1.5128994
s_016um_00065_00235-1,-1.6887491
s_016um_00037_00045-1,-1.5608591
s_016um_00084_00029-1,-1.8231673
s_016um_00265_00336-1,-1.4709969
s_016um_00395_00217-1,-1.5739677
s_016um_00214_00278-1,-1.1298908
s_016um_00077_00293-1,-1.7487144
s_016um_00280_00130-1,-1.198343
s_016um_00088_00267-1,-1.7547185
s_016um_00372_00120-1,-1.3989995
s_016um_00109_00315-1,-1.3730919
s_016um_00416_00142-1,-1.459185
s_016um_00282_00325-1,-1.5220443
s_016um_00384_00128-1,-1.367404
s_016um_00102_00068-1,-1.4204544
s_016um_00005_00299-1,-1.177964
s_016um_00361_00415-1,-4.807151
s_016um_00330_00214-1,-1.5949116
s_016um_00265_00058-1,-1.7235637
s_016um_00222_00031-1,-1.4892297
s_016um_00364_00228-1,-1.3605406
s_016um_00381_00134-1,-1.4057268
s_016um_00280_00204-1,-1.3771884
s_016um_00146_00018-1,-1.3332369
s_016um_00089_00067-1,-1.5505536
s_016um_00130_00086-1,-1.5084834
s_016um_00408_00098-1,-1.4332454
s_016um_00060_00249-1,-1.6350107
s_016um_00334_00215-1,-1.3875136
s_016um_00095_00276-1,-1.3396056
s_016um_00403_00120-1,-1.6395283
s_016um_00267_00133-1,-1.404035
s_016um_00229_00267-1,-1.5202973
s_016um_00384_00130-1,-1.4565035
s_016um_00029_00331-1,-1.2147546
s_016um_00226_00332-1,-1.3169084
s_016um_00409_00152-1,-1.4131136
s_016um_00269_00037-1,-1.4142394
s_016um_00281_00315-1,-1.411406
s_016um_00205_00148-1,-1.5716081
s_016um_00261_00190-1,-1.485632
s_016um_00083_00030-1,-1.5315509
s_016um_00106_00320-1,-1.3201512
s_016um_00031_00087-1,-1.4433422
s_016um_00040_00041-1,-1.3257265
s_016um_00079_00268-1,-1.2646428
s_016um_00400_00123-1,-1.6135175
s_016um_00218_00010-1,-1.4119912
s_016um_00270_00331-1,-1.734575
s_016um_00140_00018-1,-1.5461913
s_016um_00209_00033-1,-1.670029
s_016um_00267_00063-1,-1.2835891
s_016um_00041_00219-1,-1.4294102
s_016um_00106_00389-1,-1.4418604
s_016um_00355_00290-1,-1.1917827
s_016um_00094_00337-1,-1.3780674
s_016um_00035_00005-1,-1.7413111
s_016um_00220_00278-1,-1.2532707
s_016um_00275_00051-1,-1.463098
s_016um_00311_00054-1,-1.4376667
s_016um_00402_00395-1,-4.591174
s_016um_00334_00402-1,-1.9639704
s_016um_00125_00092-1,-1.6705357
s_016um_00328_00121-1,-1.5433238
s_016um_00219_00012-1,-1.2797148
s_016um_00402_00216-1,-1.4511178
s_016um_00136_00069-1,-1.5507716
s_016um_00140_00014-1,-1.4096869
s_016um_00266_00330-1,-1.6208566
s_016um_00131_00315-1,-2.1340988
s_016um_00333_00210-1,-1.2814438
s_016um_00356_00090-1,-1.6180109
s_016um_00092_00320-1,-1.5744165
s_016um_00120_00148-1,-1.3724353
s_016um_00138_00076-1,-1.5950594
s_016um_00077_00236-1,-1.2822442
s_016um_00268_00230-1,-1.5056347
s_016um_00381_00139-1,-1.3019029
s_016um_00235_00362-1,-1.7215354
s_016um_00223_00230-1,-1.3942112
s_016um_00138_00221-1,-1.7449892
s_016um_00390_00338-1,-1.9828639
s_016um_00008_00295-1,-1.4168893
s_016um_00079_00280-1,-1.4422755
s_016um_00277_00201-1,-1.3321117
s_016um_00399_00122-1,-1.4108852
s_016um_00308_00052-1,-1.3713301
s_016um_00357_00120-1,-1.7085372
s_016um_00071_00236-1,-1.680376
s_016um_00367_00224-1,-1.444171
s_016um_00145_00062-1,-1.3281909
s_016um_00085_00279-1,-1.5290956
s_016um_00278_00138-1,-1.4788623
s_016um_00044_00244-1,-1.3445709
s_016um_00261_00335-1,-1.5909334
s_016um_00180_00033-1,-1.4871142
s_016um_00088_00265-1,-1.2187192
s_016um_00130_00317-1,-2.4933028
s_016um_00323_00163-1,-1.3512412
s_016um_00359_00294-1,-1.576889
s_016um_00219_00030-1,-1.3500725
s_016um_00048_00217-1,-1.5563765
s_016um_00008_00214-1,-1.2416599
s_016um_00098_00315-1,-1.3571695
s_016um_00259_00189-1,-1.4420762
s_016um_00278_00316-1,-1.1353245
s_016um_00126_00088-1,-1.6659913
s_016um_00261_00127-1,-1.4847306
s_016um_00402_00121-1,-1.4377964
s_016um_00081_00271-1,-1.3714435
s_016um_00236_00188-1,-1.3744345
s_016um_00370_00228-1,-1.4243387
s_016um_00129_00085-1,-1.3006225
s_016um_00030_00329-1,-1.3030267
s_016um_00059_00244-1,-1.8905528
s_016um_00040_00009-1,-1.384455
s_016um_00041_00178-1,-1.4282792
s_016um_00272_00033-1,-1.8822944
s_016um_00393_00363-1,-2.2252245
s_016um_00094_00272-1,-1.7746935
s_016um_00353_00025-1,-1.5334635
s_016um_00163_00123-1,-1.5480388
s_016um_00085_00286-1,-1.2378963
s_016um_00033_00104-1,-1.2951934
s_016um_00146_00059-1,-1.825855
s_016um_00073_00249-1,-1.3676134
s_016um_00144_00398-1,-1.6097101
s_016um_00106_00388-1,-1.6351355
s_016um_00095_00318-1,-1.5641079
s_016um_00280_00329-1,-1.2773968
s_016um_00383_00130-1,-1.4324728
s_016um_00061_00130-1,-1.6648364
s_016um_00396_00219-1,-1.5491171
s_016um_00336_00251-1,-1.7055434
s_016um_00086_00029-1,-1.1751468
s_016um_00227_00251-1,-1.4408224
s_016um_00045_00210-1,-1.5337313
s_016um_00145_00059-1,-1.2893732
s_016um_00312_00059-1,-1.2271371
s_016um_00376_00120-1,-1.5466354
s_016um_00148_00396-1,-1.7144661
s_016um_00168_00371-1,-1.1952612
s_016um_00279_00325-1,-1.5171666
s_016um_00273_00333-1,-1.5235847
s_016um_00355_00123-1,-1.6514388
s_016um_00325_00231-1,-1.2440848
s_016um_00267_00130-1,-1.5398582
s_016um_00237_00188-1,-1.5544834
s_016um_00384_00295-1,-1.2481006
s_016um_00033_00088-1,-1.669726
s_016um_00076_00296-1,-1.4065281
s_016um_00077_00299-1,-1.6107892
s_016um_00131_00389-1,-1.5234339
s_016um_00278_00130-1,-1.3195539
s_016um_00040_00214-1,-1.4834578
s_016um_00238_00188-1,-1.5550706
s_016um_00128_00383-1,-1.371662
s_016um_00396_00363-1,-1.8465989
s_016um_00011_00154-1,-1.5429559
s_016um_00262_00127-1,-1.4052026
s_016um_00354_00024-1,-1.3815968
s_016um_00130_00232-1,-1.2272099
s_016um_00265_00054-1,-1.2629961
s_016um_00234_00260-1,-1.3028237
s_016um_00392_00360-1,-1.788222
s_016um_00311_00056-1,-1.6244818
s_016um_00127_00383-1,-1.4147394
s_016um_00085_00278-1,-1.5407221
s_016um_00265_00335-1,-1.2966913
s_016um_00133_00320-1,-2.6965227
s_016um_00017_00272-1,-1.4044379
s_016um_00046_00241-1,-1.4692348
s_016um_00216_00012-1,-1.8291239
s_016um_00329_00228-1,-1.3537005
s_016um_00042_00210-1,-1.5701207
s_016um_00093_00317-1,-1.3696817
s_016um_00078_00252-1,-1.2633307
s_016um_00081_00243-1,-1.2925682
s_016um_00259_00132-1,-1.2360073
s_016um_00046_00219-1,-1.5173701
s_016um_00351_00117-1,-1.510981
s_016um_00229_00331-1,-1.5856016
s_016um_00241_00189-1,-1.3660852
s_016um_00173_00371-1,-2.3320491
s_016um_00028_00091-1,-1.5200132
s_016um_00220_00015-1,-1.572561
s_016um_00076_00249-1,-1.2897435
s_016um_00277_00136-1,-1.5632342
s_016um_00351_00019-1,-1.4558532
s_016um_00358_00090-1,-1.5875183
s_016um_00374_00121-1,-1.4631597
s_016um_00185_00030-1,-1.5517902
s_016um_00346_00215-1,-1.3410201
s_016um_00210_00030-1,-1.3853756
s_016um_00399_00371-1,-1.4437103
s_016um_00367_00227-1,-1.4837731
s_016um_00081_00195-1,-2.2427874
s_016um_00014_00212-1,-2.0865178
s_016um_00339_00400-1,-1.8006935
s_016um_00086_00265-1,-1.6030002
s_016um_00277_00326-1,-1.719724
s_016um_00072_00245-1,-1.2093141
s_016um_00082_00238-1,-1.5192263
s_016um_00183_00027-1,-1.4720886
s_016um_00371_00120-1,-1.6590431
s_016um_00220_00236-1,-1.5866666
s_016um_00401_00368-1,-1.7351915
s_016um_00136_00075-1,-1.4447981
s_016um_00341_00219-1,-1.3459307
s_016um_00264_00132-1,-1.4203278
s_016um_00235_00185-1,-1.5541756
s_016um_00334_00212-1,-1.4459327
s_016um_00092_00267-1,-1.4968226
s_016um_00221_00168-1,-1.3902742
s_016um_00197_00126-1,-1.3478279
s_016um_00221_00228-1,-1.3769794
s_016um_00100_00071-1,-1.3534107
s_016um_00259_00184-1,-1.563761
s_016um_00357_00414-1,-3.9998524
s_016um_00078_00292-1,-1.2144548
s_016um_00326_00231-1,-1.3961557
s_016um_00090_00072-1,-1.1302551
s_016um_00183_00028-1,-1.4871855
s_016um_00265_00062-1,-1.8387403
s_016um_00223_00251-1,-1.265506
s_016um_00042_00214-1,-1.9366997
s_016um_00234_00265-1,-1.3684713
s_016um_00093_00339-1,-1.231597
s_016um_00328_00214-1,-1.4505
s_016um_00141_00018-1,-1.5832437
s_016um_00221_00016-1,-1.4648427
s_016um_00134_00319-1,-2.3649
s_016um_00167_00372-1,-1.7102861
s_016um_00390_00298-1,-1.7211801
s_016um_00270_00336-1,-1.6915772
s_016um_00265_00029-1,-1.3800445
s_016um_00141_00055-1,-1.2688605
s_016um_00407_00402-1,-6.8749
s_016um_00265_00330-1,-1.3787042
s_016um_00275_00050-1,-1.2139968
s_016um_00313_00060-1,-1.5889511
s_016um_00229_00358-1,-1.3076892
s_016um_00358_00292-1,-1.415327
s_016um_00402_00255-1,-1.2375813
s_016um_00284_00094-1,-1.4229746
s_016um_00273_00312-1,-1.5619085
s_016um_00288_00100-1,-1.3478675
s_016um_00081_00270-1,-1.4682765
s_016um_00131_00226-1,-1.3976554
s_016um_00396_00261-1,-2.4619327
s_016um_00087_00265-1,-1.2998326
s_016um_00336_00256-1,-1.4510783
s_016um_00102_00070-1,-1.8503233
s_016um_00273_00048-1,-1.4722077
s_016um_00263_00332-1,-1.3487031
s_016um_00275_00319-1,-1.7532945
s_016um_00049_00215-1,-1.6158735
s_016um_00094_00342-1,-1.3194077
s_016um_00369_00123-1,-1.5664376
s_016um_00224_00168-1,-1.3613818
s_016um_00331_00251-1,-1.4932636
s_016um_00388_00298-1,-1.4743875
s_016um_00222_00332-1,-1.359685
s_016um_00080_00240-1,-1.3862405
s_016um_00136_00315-1,-1.7166756
s_016um_00280_00047-1,-1.5234593
s_016um_00217_00028-1,-1.2947361
s_016um_00104_00071-1,-1.3004262
s_016um_00132_00230-1,-1.289285
s_016um_00221_00011-1,-1.3144741
s_016um_00237_00084-1,-1.8974771
s_016um_00079_00292-1,-1.2551174
s_016um_00396_00362-1,-1.8834804
s_016um_00079_00300-1,-1.4410452
s_016um_00224_00328-1,-1.4244605
s_016um_00086_00279-1,-1.3053607
s_016um_00263_00055-1,-1.308874
s_016um_00104_00384-1,-1.4560494
s_016um_00396_00183-1,-1.3633045
s_016um_00369_00225-1,-1.3421445
s_016um_00404_00404-1,-5.5971537
s_016um_00389_00299-1,-1.5154787
s_016um_00040_00100-1,-1.3364872
s_016um_00063_00133-1,-1.5716588
s_016um_00224_00029-1,-1.5882353
s_016um_00140_00072-1,-1.6714083
s_016um_00318_00168-1,-1.5664936
s_016um_00250_00019-1,-1.6886393
s_016um_00332_00253-1,-1.6139817
s_016um_00351_00119-1,-1.1528022
s_016um_00107_00385-1,-1.2967174
s_016um_00044_00046-1,-1.3458632
s_016um_00261_00192-1,-1.3947052
s_016um_00347_00214-1,-1.2319183
s_016um_00040_00176-1,-1.3262312
s_016um_00134_00090-1,-1.392899
s_016um_00351_00093-1,-1.6369691
s_016um_00243_00082-1,-1.6184585
s_016um_00033_00329-1,-1.2981865
s_016um_00273_00208-1,-1.6435438
s_016um_00238_00359-1,-1.6156429
s_016um_00362_00292-1,-1.9272758
s_016um_00143_00056-1,-1.5198021
s_016um_00122_00150-1,-1.2636707
s_016um_00320_00168-1,-1.3457576
s_016um_00006_00295-1,-1.2467414
s_016um_00075_00250-1,-1.3842075
s_016um_00398_00362-1,-2.4452696
s_016um_00027_00335-1,-1.3334254
s_016um_00339_00216-1,-1.4322336
s_016um_00213_00292-1,-1.3232187
s_016um_00334_00254-1,-1.8237325
s_016um_00099_00031-1,-1.5045859
s_016um_00269_00059-1,-1.4253818
s_016um_00018_00272-1,-1.411892
s_016um_00228_00244-1,-1.270716
s_016um_00011_00214-1,-1.3037167
s_016um_00164_00291-1,-1.431719
s_016um_00376_00143-1,-1.547555
s_016um_00243_00187-1,-1.6795983
s_016um_00330_00210-1,-1.3315034
s_016um_00169_00122-1,-1.483272
s_016um_00394_00176-1,-1.5984467
s_016um_00254_00028-1,-1.7180771
s_016um_00144_00054-1,-1.547833
s_016um_00084_00073-1,-1.8764281
s_016um_00225_00326-1,-1.8335888
s_016um_00134_00322-1,-2.4077373
s_016um_00088_00266-1,-1.3124025
s_016um_00074_00240-1,-1.5316093
s_016um_00179_00026-1,-0.95748574
s_016um_00217_00173-1,-1.5300578
s_016um_00228_00250-1,-1.3111109
s_016um_00026_00087-1,-1.7174425
s_016um_00129_00233-1,-1.342048
s_016um_00091_00270-1,-1.4741908
s_016um_00126_00091-1,-1.5096741
s_016um_00135_00314-1,-2.0814126
s_016um_00278_00132-1,-1.763167
s_016um_00368_00142-1,-1.2462766
s_016um_00126_00094-1,-1.3283582
s_016um_00230_00246-1,-1.3718705
s_016um_00091_00319-1,-1.2101268
s_016um_00044_00240-1,-1.3751419
s_016um_00391_00184-1,-1.4978229
s_016um_00267_00223-1,-1.5511757
s_016um_00036_00047-1,-1.6072658
s_016um_00143_00022-1,-1.4310131
s_016um_00131_00319-1,-2.0203602
s_016um_00089_00275-1,-1.24056
s_016um_00272_00225-1,-1.4140353
s_016um_00139_00219-1,-1.6270306
s_016um_00222_00248-1,-1.5550399
s_016um_00087_00266-1,-1.3958764
s_016um_00371_00122-1,-1.3482494
s_016um_00241_00183-1,-1.698633
s_016um_00191_00094-1,-2.0215628
s_016um_00269_00054-1,-1.5823224
s_016um_00056_00245-1,-1.5238798
s_016um_00370_00144-1,-1.4021184
s_016um_00153_00395-1,-1.4757699
s_016um_00050_00241-1,-1.7137284
s_016um_00224_00025-1,-1.3093344
s_016um_00010_00299-1,-0.9960299
s_016um_00087_00034-1,-1.6095994
s_016um_00321_00301-1,-1.2983214
s_016um_00236_00357-1,-1.7432917
s_016um_00320_00229-1,-1.441084
s_016um_00143_00015-1,-1.5702384
s_016um_00041_00208-1,-1.6799699
s_016um_00079_00198-1,-1.6297207
s_016um_00088_00066-1,-1.393906
s_016um_00086_00284-1,-1.0973436
s_016um_00255_00025-1,-1.4389803
s_016um_00393_00361-1,-1.65017
s_016um_00408_00396-1,-5.482487
s_016um_00062_00127-1,-1.4066051
s_016um_00043_00175-1,-1.4384053
s_016um_00274_00318-1,-1.683146
s_016um_00159_00291-1,-1.4891714
s_016um_00289_00092-1,-1.4732727
s_016um_00106_00319-1,-1.4262824
s_016um_00239_00187-1,-1.3814633
s_016um_00388_00297-1,-1.6410437
s_016um_00333_00250-1,-1.4270815
s_016um_00141_00216-1,-1.229897
s_016um_00099_00027-1,-1.7349294
s_016um_00108_00317-1,-1.4957695
s_016um_00250_00026-1,-1.2524486
s_016um_00405_00122-1,-1.304407
s_016um_00116_00146-1,-1.6687279
s_016um_00368_00099-1,-2.997225
s_016um_00267_00226-1,-1.494957
s_016um_00103_00389-1,-1.4326441
s_016um_00403_00401-1,-5.906451
s_016um_00240_00184-1,-1.3600848
s_016um_00021_00271-1,-1.9288673
s_016um_00127_00087-1,-1.4629745
s_016um_00275_00326-1,-1.5240419
s_016um_00082_00277-1,-1.4966133
s_016um_00234_00263-1,-1.4910694
s_016um_00368_00143-1,-1.1671728
s_016um_00412_00099-1,-1.3260216
s_016um_00048_00241-1,-1.6323253
s_016um_00224_00031-1,-1.5126543
s_016um_00395_00361-1,-2.2477193
s_016um_00096_00028-1,-1.6226503
s_016um_00266_00226-1,-1.2438097
s_016um_00065_00231-1,-1.6431123
s_016um_00397_00256-1,-1.2406149
s_016um_00404_00123-1,-1.4375798
s_016um_00216_00294-1,-1.3409076
s_016um_00153_00396-1,-1.5610378
s_016um_00217_00168-1,-1.3861198
s_016um_00390_00359-1,-2.4711113
s_016um_00091_00276-1,-1.4866151
s_016um_00333_00258-1,-1.470814
s_016um_00279_00315-1,-1.7425702
s_016um_00277_00050-1,-1.5747833
s_016um_00415_00101-1,-1.5111886
s_016um_00210_00292-1,-1.436296
s_016um_00141_00218-1,-1.3125685
s_016um_00239_00185-1,-1.4778641
s_016um_00254_00026-1,-1.5555527
s_016um_00078_00236-1,-1.521682
s_016um_00364_00099-1,-1.7650727
s_016um_00131_00390-1,-1.4013599
s_016um_00257_00190-1,-1.402442
s_016um_00368_00229-1,-1.5392078
s_016um_00273_00228-1,-1.4159356
s_016um_00142_00023-1,-1.3523124
s_016um_00309_00060-1,-1.6586365
s_016um_00166_00124-1,-1.4283961
s_016um_00083_00036-1,-1.4911219
s_016um_00227_00264-1,-1.3132519
s_016um_00058_00249-1,-1.2372868
s_016um_00368_00120-1,-2.0229342
s_016um_00257_00188-1,-1.1754463
s_016um_00387_00338-1,-1.4953685
s_016um_00280_00321-1,-1.5147603
s_016um_00108_00384-1,-1.3249815
s_016um_00085_00069-1,-1.6267186
s_016um_00189_00127-1,-1.4982795
s_016um_00086_00036-1,-1.3578405
s_016um_00096_00277-1,-1.1991041
s_016um_00098_00317-1,-1.3561344
s_016um_00261_00131-1,-1.4379671
s_016um_00095_00272-1,-1.4442579
s_016um_00099_00068-1,-1.2569507
s_016um_00342_00213-1,-1.3704329
s_016um_00013_00210-1,-1.5143185
s_016um_00009_00156-1,-1.4148002
s_016um_00391_00357-1,-3.0402195
s_016um_00329_00211-1,-1.3641813
s_016um_00408_00124-1,-1.2672122
s_016um_00119_00151-1,-1.4269241
s_016um_00070_00129-1,-1.3713744
s_016um_00351_00118-1,-1.7366022
s_016um_00309_00052-1,-1.7449977
s_016um_00305_00056-1,-1.6516784
s_016um_00390_00343-1,-2.419454
s_016um_00026_00084-1,-1.1847179
s_016um_00326_00121-1,-1.5289518
s_016um_00239_00358-1,-1.309995
s_016um_00220_00012-1,-1.4084349
s_016um_00165_00374-1,-1.2886803
s_016um_00134_00070-1,-1.2881482
s_016um_00280_00136-1,-1.3422344
s_016um_00228_00246-1,-1.3741252
s_016um_00077_00249-1,-1.1855947
s_016um_00394_00214-1,-1.6610446
s_016um_00375_00141-1,-1.3387907
s_016um_00042_00176-1,-1.5081121
s_016um_00222_00244-1,-0.93871003
s_016um_00005_00151-1,-1.7731032
s_016um_00071_00231-1,-1.0750189
s_016um_00396_00359-1,-2.7616282
s_016um_00141_00059-1,-1.5706985
s_016um_00222_00280-1,-1.5860972
s_016um_00331_00120-1,-1.4739944
s_016um_00224_00333-1,-1.3530185
s_016um_00269_00034-1,-1.3413105
s_016um_00403_00403-1,-6.1677523
s_016um_00221_00013-1,-1.440957
s_016um_00145_00061-1,-1.3546689
s_016um_00034_00009-1,-1.3108549
s_016um_00095_00334-1,-1.3560368
s_016um_00401_00370-1,-1.5811278
s_016um_00360_00287-1,-1.3471624
s_016um_00101_00391-1,-1.4217408
s_016um_00279_00204-1,-1.393252
s_016um_00404_00396-1,-5.1131163
s_016um_00082_00299-1,-1.1943309
s_016um_00388_00293-1,-1.7688277
s_016um_00181_00031-1,-1.6436247
s_016um_00107_00319-1,-1.8879104
s_016um_00104_00382-1,-1.3611295
s_016um_00286_00093-1,-1.5539787
s_016um_00330_00215-1,-2.2142262
s_016um_00065_00127-1,-1.6207297
s_016um_00391_00299-1,-1.6939263
s_016um_00245_00087-1,-1.5753002
s_016um_00217_00034-1,-1.3039645
s_016um_00273_00226-1,-1.6137908
s_016um_00368_00096-1,-1.3437937
s_016um_00096_00336-1,-1.4483864
s_016um_00277_00045-1,-1.3223352
s_016um_00086_00066-1,-1.8596516
s_016um_00240_00185-1,-1.5807713
s_016um_00277_00318-1,-1.4296532
s_016um_00139_00221-1,-1.4015249
s_016um_00287_00091-1,-1.5634385
s_016um_00222_00016-1,-1.4678907
s_016um_00226_00233-1,-1.7604003
s_016um_00261_00134-1,-1.3424866
s_016um_00405_00395-1,-5.212122
s_016um_00143_00063-1,-1.8280189
s_016um_00081_00283-1,-1.4804943
s_016um_00232_00354-1,-1.6779003
s_016um_00168_00126-1,-1.5823855
s_016um_00278_00311-1,-1.6043501
s_016um_00399_00258-1,-1.630417
s_016um_00271_00059-1,-1.4569445
s_016um_00140_00074-1,-1.3162677
s_016um_00044_00043-1,-1.5129877
s_016um_00216_00226-1,-1.5071036
s_016um_00319_00168-1,-1.4137163
s_016um_00132_00388-1,-1.6272031
s_016um_00225_00332-1,-1.5139563
s_016um_00390_00360-1,-2.2834215
s_016um_00062_00128-1,-1.6247907
s_016um_00320_00167-1,-1.4906621
s_016um_00008_00207-1,-1.5093368
s_016um_00132_00088-1,-1.6534333
s_016um_00244_00089-1,-1.3949184
s_016um_00260_00193-1,-1.3972173
s_016um_00108_00313-1,-1.3044858
s_016um_00066_00232-1,-1.3880517
s_016um_00336_00250-1,-1.6381485
s_016um_00130_00385-1,-1.41834
s_016um_00272_00336-1,-1.5187676
s_016um_00074_00245-1,-1.796133
s_016um_00140_00062-1,-1.5350081
s_016um_00402_00401-1,-5.7906895
s_016um_00132_00389-1,-1.525419
s_016um_00273_00317-1,-1.832266
s_016um_00389_00342-1,-1.9067202
s_016um_00082_00281-1,-1.0802572
s_016um_00260_00131-1,-1.536774
s_016um_00215_00281-1,-1.3686116
s_016um_00097_00025-1,-1.8831029
s_016um_00097_00028-1,-1.7507439
s_016um_00005_00298-1,-1.438655
s_016um_00128_00231-1,-1.2134753
s_016um_00102_00028-1,-1.5507247
s_016um_00353_00092-1,-1.3654417
s_016um_00360_00412-1,-3.0634744
s_016um_00368_00123-1,-1.6409912
s_016um_00397_00366-1,-1.5973892
s_016um_00100_00389-1,-2.6234071
s_016um_00264_00062-1,-1.6914485
s_016um_00371_00146-1,-1.4533995
s_016um_00241_00187-1,-1.3993748
s_016um_00069_00233-1,-1.349059
s_016um_00403_00259-1,-2.3148685
s_016um_00217_00232-1,-1.3741242
s_016um_00087_00032-1,-1.8033174
s_016um_00100_00317-1,-1.5662429
s_016um_00271_00334-1,-1.3955135
s_016um_00358_00414-1,-3.9226248
s_016um_00245_00085-1,-1.2006975
s_016um_00357_00118-1,-1.4691597
s_016um_00068_00131-1,-1.3771307
s_016um_00412_00101-1,-1.8220372
s_016um_00224_00024-1,-1.684042
s_016um_00097_00275-1,-1.274454
s_016um_00335_00212-1,-1.2738187
s_016um_00201_00150-1,-1.2280992
s_016um_00393_00365-1,-1.9333934
s_016um_00214_00295-1,-1.3966708
s_016um_00138_00070-1,-1.4717996
s_016um_00349_00019-1,-1.5553584
s_016um_00227_00333-1,-1.2543623
s_016um_00233_00361-1,-1.436813
s_016um_00035_00003-1,-1.4410384
s_016um_00165_00291-1,-1.3486638
s_016um_00405_00400-1,-6.15366
s_016um_00333_00253-1,-1.6056405
s_016um_00045_00206-1,-1.4012865
s_016um_00314_00057-1,-1.6722333
s_016um_00400_00397-1,-3.6471512
s_016um_00348_00019-1,-1.615628
s_016um_00391_00178-1,-1.6379628
s_016um_00346_00218-1,-1.5401362
s_016um_00321_00166-1,-1.3330983
s_016um_00094_00334-1,-1.2339655
s_016um_00397_00212-1,-1.5696392
s_016um_00415_00098-1,-1.2956476
s_016um_00398_00213-1,-1.2594174
s_016um_00196_00129-1,-1.5939875
s_016um_00261_00187-1,-1.4497477
s_016um_00125_00389-1,-1.4605645
s_016um_00009_00213-1,-1.4100391
s_016um_00407_00149-1,-1.5646442
s_016um_00136_00217-1,-1.2955443
s_016um_00085_00283-1,-1.3097825
s_016um_00039_00103-1,-1.3798025
s_016um_00250_00021-1,-1.5498149
s_016um_00162_00290-1,-1.2732687
s_016um_00243_00184-1,-1.5665572
s_016um_00079_00237-1,-1.122618
s_016um_00132_00315-1,-2.434209
s_016um_00272_00028-1,-1.3681481
s_016um_00237_00184-1,-1.4367359
s_016um_00013_00296-1,-1.385008
s_016um_00127_00386-1,-1.4906583
s_016um_00038_00041-1,-1.6738441
s_016um_00368_00224-1,-1.458565
s_016um_00145_00398-1,-1.3856304
s_016um_00351_00022-1,-1.7708957
s_016um_00246_00088-1,-1.6986256
s_016um_00101_00067-1,-1.3998357
s_016um_00394_00367-1,-1.415508
s_016um_00284_00098-1,-1.4565989
s_016um_00330_00121-1,-1.4083183
s_016um_00036_00043-1,-1.4901658
s_016um_00268_00032-1,-1.9403079
s_016um_00415_00104-1,-1.396992
s_016um_00084_00066-1,-1.4573218
s_016um_00098_00335-1,-1.1523592
s_016um_00087_00268-1,-1.4503828
s_016um_00404_00398-1,-5.1005273
s_016um_00014_00209-1,-1.3187916
s_016um_00215_00229-1,-1.2927201
s_016um_00219_00227-1,-1.2486043
s_016um_00042_00215-1,-2.192927
s_016um_00271_00048-1,-1.47391
s_016um_00132_00322-1,-1.9309022
s_016um_00130_00231-1,-1.494392
s_016um_00319_00228-1,-1.4197634
s_016um_00326_00300-1,-1.4900656
s_016um_00398_00216-1,-1.385053
s_016um_00280_00137-1,-1.3512764
s_016um_00222_00173-1,-1.8601646
s_016um_00393_00366-1,-1.7777804
s_016um_00194_00129-1,-1.6821195
s_016um_00137_00068-1,-1.3727629
s_016um_00138_00017-1,-1.1319752
s_016um_00035_00004-1,-1.8519785
s_016um_00016_00269-1,-1.2916138
s_016um_00349_00022-1,-1.4211099
s_016um_00256_00026-1,-2.0334
s_016um_00011_00209-1,-1.3878891
s_016um_00362_00293-1,-1.8398898
s_016um_00400_00264-1,-1.3604378
s_016um_00005_00150-1,-1.393938
s_016um_00265_00055-1,-1.221462
s_016um_00356_00025-1,-1.5655067
s_016um_00032_00091-1,-1.338267
s_016um_00082_00284-1,-1.3453904
s_016um_00121_00151-1,-1.4762279
s_016um_00087_00067-1,-1.2648752
s_016um_00037_00049-1,-1.2816219
s_016um_00364_00097-1,-1.455816
s_016um_00352_00118-1,-1.3402964
s_016um_00241_00090-1,-1.4022893
s_016um_00131_00322-1,-1.9140617
s_016um_00055_00249-1,-1.3222108
s_016um_00220_00277-1,-1.4580534
s_016um_00410_00146-1,-1.5525051
s_016um_00355_00291-1,-1.4392173
s_016um_00099_00319-1,-1.3285897
s_016um_00221_00277-1,-1.4207963
s_016um_00274_00314-1,-1.5857828
s_016um_00222_00250-1,-1.3318216
s_016um_00130_00092-1,-1.2776272
s_016um_00038_00210-1,-1.4043822
s_016um_00404_00257-1,-1.2896717
s_016um_00392_00182-1,-1.4767835
s_016um_00182_00025-1,-1.7019993
s_016um_00408_00101-1,-1.7395984
s_016um_00098_00022-1,-1.5666951
s_016um_00392_00343-1,-2.080274
s_016um_00192_00124-1,-1.533976
s_016um_00116_00145-1,-1.7305288
s_016um_00116_00150-1,-1.6010907
s_016um_00083_00295-1,-1.2589313
s_016um_00214_00294-1,-1.4185718
s_016um_00290_00097-1,-1.3871567
s_016um_00084_00267-1,-1.3118299
s_016um_00325_00230-1,-1.4198744
s_016um_00353_00091-1,-1.3099374
s_016um_00248_00019-1,-1.3604379
s_016um_00029_00083-1,-1.2683318
s_016um_00406_00152-1,-1.2735637
s_016um_00135_00233-1,-1.3109509
s_016um_00135_00225-1,-1.4234076
s_016um_00099_00072-1,-1.4739462
s_016um_00141_00054-1,-1.5753511
s_016um_00087_00199-1,-1.4797355
s_016um_00207_00152-1,-1.483484
s_016um_00324_00300-1,-1.3091589
s_016um_00028_00092-1,-1.419439
s_016um_00264_00330-1,-1.3698579
s_016um_00089_00072-1,-1.5971704
s_016um_00101_00072-1,-1.6094432
s_016um_00112_00319-1,-1.233669
s_016um_00325_00166-1,-1.4459878
s_016um_00072_00247-1,-1.2861052
s_016um_00084_00272-1,-1.3134418
s_016um_00223_00332-1,-1.6359231
s_016um_00047_00241-1,-1.6792271
s_016um_00080_00195-1,-1.6063489
s_016um_00333_00212-1,-1.3176553
s_016um_00353_00090-1,-1.5140498
s_016um_00394_00371-1,-2.229753
s_016um_00032_00092-1,-1.2473516
s_016um_00214_00283-1,-1.443395
s_016um_00356_00114-1,-1.8063921
s_016um_00177_00028-1,-1.3518348
s_016um_00252_00025-1,-1.4023446
s_016um_00225_00249-1,-1.4162493
s_016um_00247_00090-1,-1.510238
s_016um_00080_00280-1,-1.3575044
s_016um_00224_00233-1,-1.427737
s_016um_00280_00051-1,-1.5365219
s_016um_00034_00098-1,-2.073448
s_016um_00406_00399-1,-5.286604
s_016um_00395_00338-1,-1.5306844
s_016um_00406_00127-1,-1.409081
s_016um_00404_00153-1,-1.792017
s_016um_00042_00047-1,-1.4997035
s_016um_00009_00212-1,-1.6360555
s_016um_00383_00133-1,-1.6842114
s_016um_00219_00011-1,-1.4454675
s_016um_00011_00297-1,-1.3251791
s_016um_00388_00294-1,-1.4672846
s_016um_00027_00091-1,-1.5399724
s_016um_00212_00034-1,-1.3481953
s_016um_00256_00190-1,-1.4646931
s_016um_00329_00213-1,-1.3874663
s_016um_00343_00214-1,-1.2954313
s_016um_00224_00032-1,-1.48473
s_016um_00278_00050-1,-2.0895095
s_016um_00377_00138-1,-1.9001155
s_016um_00348_00213-1,-1.443235
s_016um_00207_00146-1,-1.3405316
s_016um_00321_00302-1,-1.4438832
s_016um_00140_00020-1,-1.6886588
s_016um_00355_00115-1,-1.5459591
s_016um_00040_00170-1,-2.1759706
s_016um_00405_00145-1,-1.3907133
s_016um_00095_00315-1,-1.4160339
s_016um_00265_00032-1,-1.397408
s_016um_00088_00032-1,-1.3552475
s_016um_00216_00168-1,-1.5813541
s_016um_00096_00320-1,-1.4620719
s_016um_00359_00117-1,-1.5879989
s_016um_00092_00279-1,-1.2975872
s_016um_00402_00127-1,-1.5473874
s_016um_00415_00140-1,-1.4249526
s_016um_00354_00290-1,-1.4968808
s_016um_00139_00218-1,-1.3851517
s_016um_00395_00373-1,-1.7782745
s_016um_00217_00026-1,-1.6151919
s_016um_00321_00232-1,-1.2563112
s_016um_00264_00130-1,-1.3536432
s_016um_00313_00052-1,-1.4663008
s_016um_00086_00268-1,-1.2791095
s_016um_00169_00125-1,-1.521298
s_016um_00018_00263-1,-1.3943601
s_016um_00407_00123-1,-1.3379691
s_016um_00029_00087-1,-1.1529281
s_016um_00085_00065-1,-1.5508118
s_016um_00140_00076-1,-2.3200924
s_016um_00014_00270-1,-1.595943
s_016um_00266_00132-1,-1.5862443
s_016um_00125_00093-1,-1.345795
s_016um_00231_00263-1,-1.6315755
s_016um_00151_00401-1,-1.4415282
s_016um_00071_00246-1,-1.5407376
s_016um_00263_00184-1,-1.3363434
s_016um_00258_00031-1,-1.5275329
s_016um_00099_00073-1,-1.3428272
s_016um_00332_00216-1,-1.3043058
s_016um_00152_00396-1,-1.332158
s_016um_00214_00281-1,-1.4460086
s_016um_00083_00272-1,-1.4566813
s_016um_00212_00295-1,-1.3198812
s_016um_00405_00149-1,-1.4006871
s_016um_00279_00044-1,-1.4722309
s_016um_00221_00330-1,-1.2668188
s_016um_00081_00030-1,-1.4528918
s_016um_00414_00136-1,-1.5485711
s_016um_00133_00076-1,-1.4988292
s_016um_00360_00414-1,-2.8747978
s_016um_00326_00166-1,-1.4869716
s_016um_00403_00399-1,-4.7460184
s_016um_00369_00223-1,-1.6113482
s_016um_00237_00356-1,-1.455741
s_016um_00041_00210-1,-1.8517964
s_016um_00008_00211-1,-1.6787602
s_016um_00201_00145-1,-1.3675544
s_016um_00230_00360-1,-1.4044538
s_016um_00147_00394-1,-1.3202622
s_016um_00146_00399-1,-1.6825237
s_016um_00360_00410-1,-1.9699256
s_016um_00080_00035-1,-1.4385127
s_016um_00010_00214-1,-1.7560607
s_016um_00383_00128-1,-1.4078187
s_016um_00399_00126-1,-1.4613678
s_016um_00324_00123-1,-1.4863981
s_016um_00093_00319-1,-1.5564643
s_016um_00093_00274-1,-1.2956896
s_016um_00280_00316-1,-1.3706843
s_016um_00327_00125-1,-1.3419139
s_016um_00261_00191-1,-1.2827665
s_016um_00111_00314-1,-1.3451755
s_016um_00049_00242-1,-1.7523353
s_016um_00284_00096-1,-1.278346
s_016um_00041_00103-1,-1.6393579
s_016um_00387_00298-1,-1.4676508
s_016um_00144_00060-1,-1.5893953
s_016um_00320_00169-1,-1.476722
s_016um_00231_00266-1,-1.2709959
s_016um_00171_00124-1,-1.8784299
s_016um_00032_00330-1,-1.3896333
s_016um_00227_00234-1,-1.8294995
s_016um_00136_00221-1,-1.721669
s_016um_00059_00249-1,-1.361099
s_016um_00399_00367-1,-2.6083105
s_016um_00396_00262-1,-1.4879689
s_016um_00043_00245-1,-1.5012647
s_016um_00167_00378-1,-1.5415833
s_016um_00064_00127-1,-1.4685284
s_016um_00043_00179-1,-1.8144479
s_016um_00114_00318-1,-1.2637079
s_016um_00213_00289-1,-1.5517656
s_016um_00328_00301-1,-1.6821985
s_016um_00096_00322-1,-1.5202767
s_016um_00279_00050-1,-1.5888267
s_016um_00353_00093-1,-1.1728778
s_016um_00041_00100-1,-1.2828991
s_016um_00398_00358-1,-2.485536
s_016um_00355_00092-1,-1.5483327
s_016um_00280_00324-1,-1.6867406
s_016um_00081_00272-1,-1.4222184
s_016um_00113_00315-1,-1.2727524
s_016um_00280_00312-1,-1.3819664
s_016um_00039_00204-1,-1.5202498
s_016um_00048_00242-1,-2.2775338
s_016um_00035_00331-1,-1.5245711
s_016um_00374_00120-1,-1.6168109
s_016um_00176_00029-1,-1.4071685
s_016um_00131_00384-1,-1.4771892
s_016um_00058_00243-1,-1.475243
s_016um_00214_00282-1,-1.8832526
s_016um_00289_00100-1,-1.4543253
s_016um_00235_00261-1,-1.4182045
s_016um_00372_00146-1,-1.5557169
s_016um_00085_00070-1,-1.4445585
s_016um_00132_00073-1,-1.4358517
s_016um_00172_00376-1,-1.262954
s_016um_00268_00033-1,-1.4003305
s_016um_00253_00028-1,-1.6092813
s_016um_00321_00305-1,-1.3254333
s_016um_00097_00338-1,-1.5687852
s_016um_00380_00128-1,-1.5118165
s_016um_00128_00388-1,-1.347265
s_016um_00232_00260-1,-1.3842689
s_016um_00232_00087-1,-1.6338764
s_016um_00284_00099-1,-1.4560816
s_016um_00184_00029-1,-1.4992696
s_016um_00243_00189-1,-1.4642813
s_016um_00275_00045-1,-1.5836776
s_016um_00009_00209-1,-1.5613439
s_016um_00046_00244-1,-1.4397871
s_016um_00222_00233-1,-1.5180827
s_016um_00253_00022-1,-1.4043045
s_016um_00083_00283-1,-1.315892
s_016um_00374_00144-1,-1.4089806
s_016um_00117_00151-1,-1.4212524
s_016um_00078_00242-1,-1.4356436
s_016um_00400_00216-1,-1.7115697
s_016um_00094_00333-1,-1.4917578
s_016um_00222_00331-1,-1.4845041
s_016um_00130_00087-1,-1.8439234
s_016um_00261_00129-1,-1.6335963
s_016um_00215_00280-1,-1.4508364
s_016um_00226_00235-1,-1.3636115
s_016um_00387_00296-1,-1.6003866
s_016um_00338_00401-1,-1.8555806
s_016um_00394_00357-1,-1.6430393
s_016um_00039_00174-1,-1.5292251
s_016um_00090_00069-1,-1.4379485
s_016um_00213_00279-1,-1.4407749
s_016um_00240_00084-1,-1.5427334
s_016um_00266_00034-1,-1.5816785
s_016um_00249_00019-1,-1.5932971
s_016um_00216_00227-1,-1.3446279
s_016um_00264_00188-1,-1.3890135
s_016um_00010_00298-1,-1.4236674
s_016um_00118_00151-1,-1.4051834
s_016um_00027_00085-1,-1.2732661
s_016um_00276_00201-1,-1.3484099
s_016um_00174_00371-1,-1.6632291
s_016um_00355_00411-1,-2.4988594
s_016um_00042_00240-1,-1.4062624
s_016um_00084_00270-1,-1.2780995
s_016um_00405_00396-1,-3.61879
s_016um_00402_00399-1,-4.2303486
s_016um_00096_00026-1,-1.5137775
s_016um_00281_00205-1,-1.3499875
s_016um_00168_00129-1,-1.6916367
s_016um_00071_00250-1,-1.3720714
s_016um_00383_00138-1,-1.4405279
s_016um_00082_00066-1,-1.5257527
s_016um_00371_00226-1,-1.413049
s_016um_00091_00069-1,-1.4690617
s_016um_00229_00265-1,-1.2648246
s_016um_00238_00182-1,-1.4116323
s_016um_00268_00225-1,-1.5419368
s_016um_00085_00280-1,-1.0291711
s_016um_00372_00098-1,-1.2601416
s_016um_00390_00295-1,-1.2849078
s_016um_00242_00086-1,-1.3416271
s_016um_00083_00067-1,-1.1957779
s_016um_00355_00094-1,-1.5159167
s_016um_00393_00218-1,-1.523659
s_016um_00025_00085-1,-1.3512433
s_016um_00010_00155-1,-1.5638841
s_016um_00379_00137-1,-1.5991473
s_016um_00264_00332-1,-1.4119039
s_016um_00357_00122-1,-1.5124236
s_016um_00072_00252-1,-1.6874242
s_016um_00384_00131-1,-1.6168699
s_016um_00389_00339-1,-1.4355532
s_016um_00225_00229-1,-1.4582624
s_016um_00217_00283-1,-1.4370745
s_016um_00233_00356-1,-1.3725042
s_016um_00010_00152-1,-1.4524825
s_016um_00257_00031-1,-1.506756
s_016um_00328_00227-1,-1.4918181
s_016um_00237_00086-1,-1.4217082
s_016um_00034_00337-1,-1.2225544
s_016um_00057_00241-1,-1.3107343
s_016um_00222_00169-1,-1.3211085
s_016um_00063_00128-1,-1.3813366
s_016um_00373_00145-1,-1.7792408
s_016um_00039_00100-1,-1.3498493
s_016um_00347_00218-1,-1.3640627
s_016um_00095_00028-1,-1.4604459
s_016um_00357_00116-1,-1.7137244
s_016um_00140_00019-1,-1.2949241
s_016um_00247_00089-1,-1.3994365
s_016um_00279_00311-1,-1.6209285
s_016um_00122_00144-1,-1.3062283
s_016um_00415_00138-1,-1.3879108
s_016um_00169_00121-1,-1.2950251
s_016um_00273_00135-1,-1.4272205
s_016um_00240_00190-1,-1.5417337
s_016um_00089_00273-1,-1.2576758
s_016um_00110_00316-1,-1.4249734
s_016um_00096_00340-1,-1.3814381
s_016um_00324_00223-1,-1.5021815
s_016um_00252_00030-1,-1.6096271
s_016um_00337_00404-1,-2.3091931
s_016um_00086_00264-1,-1.4166849
s_016um_00062_00131-1,-1.4607624
s_016um_00041_00207-1,-1.4049921
s_016um_00215_00033-1,-1.7038097
s_016um_00370_00096-1,-1.3641694
s_016um_00084_00033-1,-1.3708832
s_016um_00192_00123-1,-1.3332869
s_016um_00094_00323-1,-1.8738773
s_016um_00393_00184-1,-1.4640397
s_016um_00015_00265-1,-1.4800607
s_016um_00358_00293-1,-1.3027596
s_016um_00275_00227-1,-1.5091057
s_016um_00308_00057-1,-1.4092699
s_016um_00399_00124-1,-1.3712697
s_016um_00357_00289-1,-1.4018661
s_016um_00248_00084-1,-1.2785659
s_016um_00085_00036-1,-1.5302138
s_016um_00371_00101-1,-1.7379911
s_016um_00178_00028-1,-1.384013
s_016um_00397_00183-1,-1.4965982
s_016um_00031_00338-1,-1.6036292
s_016um_00135_00217-1,-1.3840104
s_016um_00306_00056-1,-0.86794114
s_016um_00222_00335-1,-1.4720597
s_016um_00035_00334-1,-1.5406086
s_016um_00034_00335-1,-1.537485
s_016um_00096_00334-1,-1.3594713
s_016um_00264_00134-1,-1.4490356
s_016um_00053_00249-1,-1.517475
s_016um_00394_00177-1,-1.1400785
s_016um_00324_00306-1,-1.290247
s_016um_00342_00218-1,-1.4194294
s_016um_00131_00087-1,-1.3281052
s_016um_00258_00185-1,-1.8956777
s_016um_00095_00024-1,-1.3204731
s_016um_00189_00096-1,-1.6627653
s_016um_00270_00036-1,-1.5513151
s_016um_00012_00300-1,-1.4177364
s_016um_00104_00070-1,-1.3928106
s_016um_00362_00287-1,-1.4088334
s_016um_00391_00297-1,-2.1050735
s_016um_00135_00069-1,-1.6918399
s_016um_00099_00322-1,-1.5608637
s_016um_00272_00208-1,-1.5682356
s_016um_00336_00403-1,-2.0405307
s_016um_00129_00387-1,-1.4287754
s_016um_00268_00062-1,-1.269049
s_016um_00096_00338-1,-1.613584
s_016um_00140_00056-1,-1.5582871
s_016um_00140_00217-1,-1.4636784
s_016um_00264_00059-1,-1.9617591
s_016um_00356_00023-1,-1.9229765
s_016um_00106_00317-1,-1.2995188
s_016um_00191_00090-1,-1.5249372
s_016um_00284_00100-1,-1.2654368
s_016um_00035_00100-1,-1.4060829
s_016um_00105_00385-1,-1.3795015
s_016um_00327_00230-1,-1.4387037
s_016um_00262_00130-1,-1.3982043
s_016um_00385_00129-1,-1.3213426
s_016um_00083_00269-1,-1.269756
s_016um_00357_00121-1,-1.4170868
s_016um_00390_00358-1,-3.8408546
s_016um_00401_00255-1,-1.9983234
s_016um_00082_00032-1,-1.4700469
s_016um_00226_00248-1,-1.436351
s_016um_00022_00266-1,-1.2743914
s_016um_00318_00169-1,-1.2037768
s_016um_00246_00084-1,-1.4325942
s_016um_00098_00029-1,-1.5026914
s_016um_00279_00130-1,-1.5367383
s_016um_00398_00178-1,-1.8200221
s_016um_00080_00029-1,-1.4843011
s_016um_00040_00179-1,-1.8723679
s_016um_00030_00334-1,-1.5744255
s_016um_00325_00225-1,-1.5211145
s_016um_00079_00278-1,-1.4280819
s_016um_00082_00195-1,-1.962133
s_016um_00010_00216-1,-1.708406
s_016um_00336_00399-1,-1.9636768
s_016um_00335_00215-1,-1.4347663
s_016um_00212_00297-1,-1.2856048
s_016um_00227_00244-1,-1.376169
s_016um_00322_00161-1,-2.0829782
s_016um_00139_00075-1,-1.4113609
s_016um_00385_00127-1,-1.5331937
s_016um_00030_00087-1,-1.3047289
s_016um_00092_00277-1,-1.2255416
s_016um_00041_00244-1,-1.5940089
s_016um_00024_00088-1,-1.5840269
s_016um_00256_00185-1,-1.5706148
s_016um_00391_00345-1,-4.0265827
s_016um_00110_00317-1,-1.1982776
s_016um_00218_00280-1,-1.2987938
s_016um_00314_00053-1,-1.2932009
s_016um_00266_00056-1,-1.5591422
s_016um_00209_00297-1,-1.4022362
s_016um_00142_00220-1,-1.5047514
s_016um_00394_00212-1,-1.4826667
s_016um_00203_00151-1,-1.4204042
s_016um_00112_00316-1,-1.5416931
s_016um_00140_00219-1,-1.2436624
s_016um_00372_00099-1,-1.3848974
s_016um_00233_00092-1,-1.4891429
s_016um_00045_00214-1,-1.3290223
s_016um_00267_00060-1,-1.4524341
s_016um_00208_00292-1,-1.4454417
s_016um_00188_00097-1,-1.7631651
s_016um_00325_00232-1,-1.2549403
s_016um_00328_00122-1,-1.2983301
s_016um_00384_00137-1,-1.4219728
s_016um_00278_00201-1,-1.2613074
s_016um_00323_00303-1,-1.2453136
s_016um_00228_00233-1,-1.0341047
s_016um_00267_00034-1,-1.4825795
s_016um_00020_00268-1,-1.6299692
s_016um_00380_00134-1,-1.4395355
s_016um_00418_00141-1,-1.324306
s_016um_00223_00027-1,-1.480079
s_016um_00275_00317-1,-1.5954577
s_016um_00135_00317-1,-2.2155733
s_016um_00136_00316-1,-2.3483264
s_016um_00368_00146-1,-1.6019299
s_016um_00232_00259-1,-1.5381541
s_016um_00225_00333-1,-1.2349458
s_016um_00190_00096-1,-1.8987608
s_016um_00092_00276-1,-1.248008
s_016um_00219_00166-1,-1.3518391
s_016um_00102_00030-1,-1.4237351
s_016um_00081_00033-1,-1.5652
s_016um_00035_00335-1,-1.4478699
s_016um_00407_00127-1,-1.2548177
s_016um_00088_00070-1,-1.7625421
s_016um_00278_00314-1,-1.3421813
s_016um_00100_00026-1,-1.3408784
s_016um_00170_00129-1,-1.3788143
s_016um_00352_00095-1,-1.3273712
s_016um_00085_00269-1,-1.3265655
s_016um_00288_00098-1,-1.9211828
s_016um_00276_00137-1,-1.210042
s_016um_00008_00156-1,-1.3984187
s_016um_00196_00091-1,-1.8171983
s_016um_00313_00055-1,-1.4347724
s_016um_00276_00138-1,-2.0329368
s_016um_00075_00246-1,-1.4087317
s_016um_00083_00266-1,-1.3534547
s_016um_00279_00132-1,-1.6151122
s_016um_00355_00020-1,-1.7613292
s_016um_00288_00099-1,-1.4627895
s_016um_00221_00033-1,-1.1742243
s_016um_00103_00068-1,-1.6043983
s_016um_00136_00227-1,-1.4393767
s_016um_00095_00278-1,-1.3346173
s_016um_00265_00132-1,-1.3834552
s_016um_00321_00230-1,-1.4372044
s_016um_00028_00332-1,-1.3514282
s_016um_00383_00140-1,-1.5938702
s_016um_00404_00402-1,-6.666173
s_016um_00197_00094-1,-1.5147092
s_016um_00011_00210-1,-1.2811242
s_016um_00253_00021-1,-1.5987092
s_016um_00341_00397-1,-1.9106418
s_016um_00288_00093-1,-1.4314302
s_016um_00401_00261-1,-1.6449919
s_016um_00381_00135-1,-1.2857692
s_016um_00045_00213-1,-1.6029546
s_016um_00364_00225-1,-1.12899
s_016um_00291_00098-1,-1.3204005
s_016um_00373_00117-1,-1.5737866
s_016um_00167_00373-1,-1.3818915
s_016um_00252_00024-1,-1.440134
s_016um_00344_00221-1,-2.363515
s_016um_00255_00023-1,-1.2656804
s_016um_00223_00169-1,-1.3012347
s_016um_00277_00324-1,-2.2262685
s_016um_00354_00094-1,-1.4497812
s_016um_00244_00091-1,-1.3736864
s_016um_00238_00357-1,-1.3270017
s_016um_00033_00005-1,-1.7179967
s_016um_00356_00119-1,-1.4170312
s_016um_00041_00209-1,-1.7456765
s_016um_00075_00240-1,-1.5614169
s_016um_00394_00220-1,-1.819618
s_016um_00406_00121-1,-1.4881653
s_016um_00328_00230-1,-1.3370156
s_016um_00149_00398-1,-1.3636627
s_016um_00083_00264-1,-1.2413429
s_016um_00368_00228-1,-1.7251623
s_016um_00393_00180-1,-1.334729
s_016um_00167_00126-1,-1.6440871
s_016um_00277_00320-1,-1.5251836
s_016um_00221_00239-1,-1.2661421
s_016um_00047_00213-1,-1.6895525
s_016um_00070_00233-1,-1.3424588
s_016um_00101_00066-1,-1.4458247
s_016um_00246_00087-1,-1.5516868
s_016um_00391_00180-1,-2.5758412
s_016um_00405_00153-1,-1.525527
s_016um_00351_00095-1,-1.4502205
s_016um_00077_00252-1,-1.379833
s_016um_00236_00359-1,-1.6235172
s_016um_00013_00295-1,-1.5635301
s_016um_00322_00224-1,-1.2483175
s_016um_00397_00181-1,-1.3104047
s_016um_00213_00293-1,-1.2830951
s_016um_00282_00328-1,-1.3747895
s_016um_00076_00292-1,-1.5258265
s_016um_00148_00402-1,-1.4393433
s_016um_00335_00250-1,-1.5183322
s_016um_00405_00123-1,-1.5489818
s_016um_00195_00096-1,-1.486317
s_016um_00357_00117-1,-1.7123334
s_016um_00008_00208-1,-1.6876308
s_016um_00342_00219-1,-1.420882
s_016um_00354_00122-1,-1.3670213
s_016um_00063_00130-1,-1.5698057
s_016um_00330_00256-1,-1.6524148
s_016um_00181_00027-1,-1.4819585
s_016um_00133_00088-1,-1.7578356
s_016um_00062_00129-1,-1.5807388
s_016um_00224_00332-1,-1.3154814
s_016um_00369_00117-1,-1.4863516
s_016um_00213_00014-1,-1.4850546
s_016um_00364_00227-1,-1.2835574
s_016um_00084_00282-1,-1.2371274
s_016um_00211_00290-1,-1.4792595
s_016um_00371_00144-1,-1.3021125
s_016um_00267_00030-1,-1.576791
s_016um_00241_00088-1,-1.7361214
s_016um_00222_00247-1,-1.405848
s_016um_00280_00325-1,-1.623225
s_016um_00040_00241-1,-1.5700213
s_016um_00223_00032-1,-1.5950637
s_016um_00324_00121-1,-1.5807319
s_016um_00098_00322-1,-1.3784492
s_016um_00248_00089-1,-1.7117091
s_016um_00045_00236-1,-1.3585379
s_016um_00081_00265-1,-1.3334203
s_016um_00085_00272-1,-1.4685374
s_016um_00396_00184-1,-1.3675869
s_016um_00352_00092-1,-1.3534315
s_016um_00362_00229-1,-1.3330524
s_016um_00041_00176-1,-1.6364617
s_016um_00146_00062-1,-1.77712
s_016um_00054_00242-1,-1.6577035
s_016um_00037_00042-1,-1.4079674
s_016um_00135_00076-1,-1.5366278
s_016um_00166_00377-1,-1.8534396
s_016um_00312_00055-1,-1.4921126
s_016um_00216_00027-1,-1.6553873
s_016um_00345_00213-1,-1.4119072
s_016um_00277_00314-1,-2.1629376
s_016um_00171_00123-1,-1.416189
s_016um_00257_00185-1,-1.5967385
s_016um_00261_00029-1,-1.7161623
s_016um_00180_00030-1,-1.3283343
s_016um_00077_00296-1,-1.3468672
s_016um_00399_00399-1,-3.6002653
s_016um_00328_00302-1,-1.5917217
s_016um_00363_00226-1,-1.4378716
s_016um_00080_00298-1,-1.4910676
s_016um_00182_00030-1,-1.4628443
s_016um_00070_00237-1,-1.3672345
s_016um_00243_00084-1,-1.4121112
s_016um_00063_00127-1,-1.574711
s_016um_00263_00132-1,-1.3249488
s_016um_00327_00126-1,-1.3654498
s_016um_00083_00194-1,-1.634664
s_016um_00403_00145-1,-1.3453499
s_016um_00314_00058-1,-1.1360575
s_016um_00033_00009-1,-1.3706567
s_016um_00328_00216-1,-1.4927236
s_016um_00341_00403-1,-1.7686299
s_016um_00214_00284-1,-1.8528186
s_016um_00394_00373-1,-1.5461245
s_016um_00415_00100-1,-1.4431083
s_016um_00398_00256-1,-1.9190042
s_016um_00412_00098-1,-1.3921744
s_016um_00089_00270-1,-1.3202618
s_016um_00288_00092-1,-1.2005516
s_016um_00131_00316-1,-1.8948061
s_016um_00141_00222-1,-1.5108153
s_016um_00236_00182-1,-1.5500214
s_016um_00271_00224-1,-1.4577506
s_016um_00385_00294-1,-1.4742273
s_016um_00112_00320-1,-1.7872928
s_016um_00402_00148-1,-1.5215515
s_016um_00269_00225-1,-1.6322969
s_016um_00079_00245-1,-1.461287
s_016um_00277_00132-1,-1.4643371
s_016um_00129_00231-1,-1.489688
s_016um_00320_00231-1,-1.4218827
s_016um_00107_00320-1,-2.5677156
s_016um_00329_00252-1,-1.4924748
s_016um_00198_00149-1,-1.5890031
s_016um_00264_00032-1,-1.5809702
s_016um_00221_00333-1,-1.3462286
s_016um_00081_00029-1,-1.6983862
s_016um_00044_00047-1,-1.4577531
s_016um_00281_00317-1,-1.3631101
s_016um_00223_00329-1,-1.4864751
s_016um_00006_00153-1,-1.5761203
s_016um_00160_00292-1,-1.47352
s_016um_00365_00228-1,-1.3029935
s_016um_00328_00212-1,-1.4466164
s_016um_00276_00321-1,-1.9094763
s_016um_00370_00125-1,-1.3215072
s_016um_00118_00148-1,-1.592668
s_016um_00274_00205-1,-1.5027612
s_016um_00278_00317-1,-1.4857818
s_016um_00271_00058-1,-1.6279538
s_016um_00395_00213-1,-1.4010429
s_016um_00200_00151-1,-1.4664687
s_016um_00141_00215-1,-1.736158
s_016um_00333_00217-1,-1.7242156
s_016um_00232_00361-1,-1.6954373
s_016um_00338_00254-1,-1.4782877
s_016um_00342_00402-1,-2.516695
s_016um_00168_00124-1,-1.4305604
s_016um_00333_00214-1,-1.5704707
s_016um_00404_00262-1,-1.8253474
s_016um_00021_00268-1,-1.4285607
s_016um_00078_00284-1,-1.6066233
s_016um_00331_00121-1,-1.3939642
s_016um_00115_00144-1,-1.4233484
s_016um_00164_00285-1,-1.6405181
s_016um_00236_00355-1,-1.2366914
s_016um_00331_00124-1,-2.095084
s_016um_00040_00103-1,-1.3160093
s_016um_00106_00386-1,-1.3774745
s_016um_00268_00328-1,-1.4217311
s_016um_00021_00264-1,-1.5783612
s_016um_00067_00232-1,-1.4018966
s_016um_00392_00179-1,-1.7043908
s_016um_00210_00033-1,-1.5836129
s_016um_00145_00054-1,-1.7668647
s_016um_00272_00333-1,-1.2812417
s_016um_00365_00095-1,-1.6178378
s_016um_00371_00147-1,-1.6777244
s_016um_00286_00099-1,-1.6950285
s_016um_00083_00298-1,-1.2976422
s_016um_00263_00191-1,-1.360469
s_016um_00272_00335-1,-1.3882391
s_016um_00335_00401-1,-1.790851
s_016um_00043_00046-1,-1.5036304
s_016um_00371_00141-1,-1.4457965
s_016um_00370_00145-1,-1.550591
s_016um_00221_00032-1,-1.5322968
s_016um_00259_00029-1,-1.5156925
s_016um_00189_00092-1,-1.4835322
s_016um_00271_00332-1,-1.594467
s_016um_00276_00318-1,-1.3765398
s_016um_00365_00096-1,-1.2376868
s_016um_00366_00101-1,-1.4894197
s_016um_00402_00400-1,-5.935176
s_016um_00225_00329-1,-1.4020908
s_016um_00163_00292-1,-1.2853594
s_016um_00274_00335-1,-1.4394288
s_016um_00313_00056-1,-1.6018949
s_016um_00133_00317-1,-2.4908416
s_016um_00202_00147-1,-1.3242424
s_016um_00256_00027-1,-1.6493675
s_016um_00340_00398-1,-1.9978613
s_016um_00357_00089-1,-1.2666397
s_016um_00161_00286-1,-1.8527004
s_016um_00137_00078-1,-1.461248
s_016um_00123_00145-1,-1.3521826
s_016um_00161_00294-1,-1.3812778
s_016um_00040_00049-1,-1.666907
s_016um_00389_00297-1,-1.5849218
s_016um_00066_00230-1,-1.2495813
s_016um_00103_00073-1,-1.6862061
s_016um_00013_00297-1,-1.0686829
s_016um_00043_00238-1,-1.3642646
s_016um_00056_00242-1,-1.4883176
s_016um_00270_00328-1,-1.7677753
s_016um_00359_00410-1,-2.2626643
s_016um_00171_00377-1,-1.5228399
s_016um_00395_00362-1,-2.116648
s_016um_00147_00055-1,-1.5564145
s_016um_00232_00261-1,-1.3130053
s_016um_00228_00234-1,-1.4092462
s_016um_00415_00139-1,-1.4922929
s_016um_00378_00140-1,-1.2585323
s_016um_00038_00178-1,-1.2372513
s_016um_00329_00210-1,-1.5102515
s_016um_00038_00175-1,-1.4510858
s_016um_00230_00263-1,-1.3503466
s_016um_00091_00274-1,-1.4540833
s_016um_00405_00402-1,-6.9235754
s_016um_00259_00033-1,-1.2653761
s_016um_00237_00359-1,-1.8013413
s_016um_00394_00219-1,-1.2225046
s_016um_00079_00271-1,-1.2432375
s_016um_00396_00182-1,-1.5777555
s_016um_00230_00268-1,-1.4541811
s_016um_00009_00154-1,-1.4142437
s_016um_00376_00133-1,-1.4116325
s_016um_00325_00168-1,-1.6270876
s_016um_00137_00018-1,-1.3665774
s_016um_00259_00190-1,-1.3713105
s_016um_00368_00140-1,-1.3982846
s_016um_00141_00014-1,-1.7856584
s_016um_00126_00384-1,-1.2401506
s_016um_00032_00335-1,-1.3569937
s_016um_00273_00225-1,-1.5624667
s_016um_00348_00025-1,-1.6236541
s_016um_00080_00031-1,-1.7388974
s_016um_00132_00232-1,-1.3048754
s_016um_00222_00029-1,-1.4302828
s_016um_00165_00127-1,-1.3595481
s_016um_00393_00216-1,-1.4898865
s_016um_00217_00227-1,-1.3674996
s_016um_00242_00088-1,-1.38183
s_016um_00080_00194-1,-1.7925494
s_016um_00010_00206-1,-1.5942252
s_016um_00200_00145-1,-1.4365456
s_016um_00331_00210-1,-1.410786
s_016um_00068_00133-1,-1.7699777
s_016um_00054_00246-1,-1.6498446
s_016um_00248_00086-1,-1.416784
s_016um_00073_00251-1,-1.4312327
s_016um_00007_00155-1,-1.5152113
s_016um_00143_00014-1,-1.7811539
s_016um_00013_00268-1,-1.6007866
s_016um_00225_00248-1,-1.475457
s_016um_00382_00135-1,-1.5074549
s_016um_00332_00258-1,-1.5588634
s_016um_00406_00400-1,-6.106591
s_016um_00054_00247-1,-1.5052053
s_016um_00164_00121-1,-1.5709405
s_016um_00036_00172-1,-1.5236512
s_016um_00168_00121-1,-1.2357931
s_016um_00394_00368-1,-1.3990785
s_016um_00361_00413-1,-3.9385815
s_016um_00190_00128-1,-1.5922598
s_016um_00392_00358-1,-2.773179
s_016um_00234_00089-1,-1.5995247
s_016um_00325_00298-1,-1.7423373
s_016um_00059_00245-1,-1.5216134
s_016um_00386_00131-1,-1.3697468
s_016um_00279_00203-1,-1.4513907
s_016um_00132_00089-1,-1.7776548
s_016um_00416_00139-1,-1.4150656
s_016um_00041_00008-1,-1.4189183
s_016um_00267_00329-1,-1.3411759
s_016um_00322_00229-1,-1.3483307
s_016um_00226_00243-1,-1.2453326
s_016um_00082_00036-1,-1.5438328
s_016um_00278_00134-1,-1.3341973
s_016um_00090_00337-1,-1.2842247
s_016um_00240_00183-1,-1.2720273
s_016um_00081_00279-1,-1.3616636
s_016um_00129_00320-1,-1.6948328
s_016um_00390_00293-1,-1.4714094
s_016um_00356_00293-1,-1.6479663
s_016um_00278_00051-1,-1.7284724
s_016um_00224_00172-1,-1.4012628
s_016um_00007_00153-1,-1.4497921
s_016um_00318_00166-1,-1.7597041
s_016um_00261_00030-1,-1.6350647
s_016um_00339_00396-1,-2.316926
s_016um_00142_00014-1,-1.7353947
s_016um_00395_00212-1,-1.2787442
s_016um_00352_00022-1,-1.5767021
s_016um_00168_00123-1,-1.3887159
s_016um_00260_00034-1,-1.4807634
s_016um_00397_00214-1,-1.4152722
s_016um_00328_00226-1,-1.2960343
s_016um_00098_00069-1,-1.6856439
s_016um_00276_00051-1,-1.6450735
s_016um_00379_00139-1,-1.3881466
s_016um_00086_00195-1,-1.6832592
s_016um_00356_00092-1,-2.3554904
s_016um_00332_00124-1,-1.5402373
s_016um_00355_00117-1,-1.396613
s_016um_00202_00153-1,-1.3558412
s_016um_00400_00213-1,-1.3994535
s_016um_00357_00093-1,-1.5734633
s_016um_00373_00123-1,-1.5369058
s_016um_00358_00413-1,-2.6561046
s_016um_00068_00231-1,-1.207149
s_016um_00064_00237-1,-1.3079374
s_016um_00030_00333-1,-1.4452513
s_016um_00136_00073-1,-1.318855
s_016um_00277_00206-1,-1.240711
s_016um_00322_00171-1,-1.2559351
s_016um_00396_00373-1,-1.9724199
s_016um_00209_00028-1,-1.3128453
s_016um_00129_00319-1,-2.5378332
s_016um_00084_00279-1,-1.2672569
s_016um_00397_00261-1,-1.3945558
s_016um_00238_00088-1,-1.8991375
s_016um_00164_00122-1,-1.787409
s_016um_00219_00276-1,-1.5690057
s_016um_00095_00321-1,-1.5657694
s_016um_00147_00396-1,-1.3987037
s_016um_00385_00298-1,-1.8990737
s_016um_00068_00126-1,-1.2965324
s_016um_00213_00028-1,-1.5937266
s_016um_00275_00133-1,-1.6768773
s_016um_00091_00334-1,-1.3284652
s_016um_00315_00056-1,-1.247875
s_016um_00272_00032-1,-1.6642275
s_016um_00272_00050-1,-1.7587657
s_016um_00210_00290-1,-1.3986474
s_016um_00406_00120-1,-1.4667163
s_016um_00387_00293-1,-1.5171013
s_016um_00390_00299-1,-2.2731795
s_016um_00222_00226-1,-1.3556545
s_016um_00278_00044-1,-1.492138
s_016um_00201_00149-1,-1.213937
s_016um_00038_00044-1,-1.6261559
s_016um_00322_00225-1,-1.4743103
s_016um_00042_00208-1,-1.4980123
s_016um_00096_00335-1,-1.3311256
s_016um_00029_00088-1,-1.2963535
s_016um_00165_00290-1,-1.3661515
s_016um_00222_00013-1,-1.4675537
s_016um_00403_00153-1,-1.4683983
s_016um_00139_00220-1,-1.6223234
s_016um_00086_00031-1,-1.5616655
s_016um_00329_00217-1,-1.4193769
s_016um_00078_00282-1,-1.5476315
s_016um_00086_00032-1,-1.3799798
s_016um_00029_00086-1,-1.394498
s_016um_00140_00071-1,-1.4440053
s_016um_00269_00329-1,-1.4191803
s_016um_00253_00024-1,-1.5398661
s_016um_00327_00300-1,-1.2716522
s_016um_00169_00127-1,-1.6028233
s_016um_00191_00092-1,-1.3989472
s_016um_00271_00222-1,-1.341796
s_016um_00220_00010-1,-1.4458424
s_016um_00214_00279-1,-1.3641196
s_016um_00355_00018-1,-1.5977801
s_016um_00236_00190-1,-1.5562507
s_016um_00126_00390-1,-1.5709121
s_016um_00410_00147-1,-1.4014442
s_016um_00277_00312-1,-1.3114436
s_016um_00074_00244-1,-1.3547709
s_016um_00396_00218-1,-1.5704472
s_016um_00034_00101-1,-1.5492852
s_016um_00408_00103-1,-1.5270487
s_016um_00354_00412-1,-1.8593609
s_016um_00013_00208-1,-1.249043
s_016um_00042_00212-1,-1.5872972
s_016um_00162_00286-1,-1.8034308
s_016um_00192_00091-1,-1.4560612
s_016um_00224_00234-1,-1.2968447
s_016um_00267_00332-1,-1.6112384
s_016um_00232_00265-1,-1.2097621
s_016um_00080_00286-1,-1.5029411
s_016um_00030_00092-1,-1.492026
s_016um_00255_00033-1,-1.3799343
s_016um_00396_00369-1,-1.7691399
s_016um_00012_00213-1,-1.3567053
s_016um_00200_00147-1,-1.3681567
s_016um_00047_00244-1,-1.3199892
s_016um_00040_00217-1,-1.4206902
s_016um_00373_00140-1,-1.6948454
s_016um_00270_00223-1,-1.5379275
s_016um_00089_00066-1,-1.4029524
s_016um_00358_00115-1,-1.5803715
s_016um_00274_00226-1,-1.4180461
s_016um_00174_00375-1,-1.4915103
s_016um_00228_00248-1,-1.5341377
s_016um_00207_00150-1,-1.4690953
s_016um_00094_00343-1,-1.4295774
s_016um_00224_00171-1,-1.5481337
s_016um_00388_00345-1,-1.8204367
s_016um_00133_00228-1,-1.4279604
s_016um_00103_00383-1,-1.7150329
s_016um_00030_00084-1,-1.3247151
s_016um_00122_00146-1,-1.3143522
s_016um_00067_00230-1,-1.3166189
s_016um_00227_00335-1,-1.4712379
s_016um_00135_00221-1,-1.4815286
s_016um_00098_00066-1,-1.3527066
s_016um_00321_00229-1,-1.5411531
s_016um_00267_00229-1,-1.1541162
s_016um_00357_00417-1,-2.5832686
s_016um_00249_00025-1,-2.360288
s_016um_00080_00293-1,-1.2550745
s_016um_00356_00019-1,-1.7037904
s_016um_00413_00141-1,-1.5200863
s_016um_00359_00121-1,-1.4726756
s_016um_00386_00296-1,-1.4760616
s_016um_00106_00316-1,-1.0291969
s_016um_00320_00165-1,-1.6910332
s_016um_00043_00043-1,-1.3647465
s_016um_00278_00328-1,-1.3123896
s_016um_00129_00382-1,-1.0399587
s_016um_00086_00030-1,-1.3743143
s_016um_00368_00227-1,-1.4015266
s_016um_00031_00088-1,-1.2076163
s_016um_00140_00222-1,-1.3736289
s_016um_00219_00028-1,-1.2850965
s_016um_00418_00143-1,-1.4724356
s_016um_00392_00292-1,-1.1771
s_016um_00010_00153-1,-1.3026991
s_016um_00080_00199-1,-1.7806348
s_016um_00165_00129-1,-1.3697162
s_016um_00326_00227-1,-1.3177905
s_016um_00370_00223-1,-1.7065219
s_016um_00228_00264-1,-1.3321354
s_016um_00273_00313-1,-1.3848433
s_016um_00331_00253-1,-1.4975855
s_016um_00081_00032-1,-1.3378253
s_016um_00260_00130-1,-1.3943112
s_016um_00091_00341-1,-1.2845175
s_016um_00140_00070-1,-1.4641025
s_016um_00090_00268-1,-1.4240289
s_016um_00227_00243-1,-1.4034894
s_016um_00219_00170-1,-1.4792252
s_016um_00323_00227-1,-1.175985
s_016um_00100_00073-1,-1.355189
s_016um_00152_00398-1,-1.683958
s_016um_00281_00326-1,-1.3667097
s_016um_00063_00234-1,-1.3051591
s_016um_00234_00361-1,-1.2655191
s_016um_00401_00124-1,-1.6122307
s_016um_00327_00224-1,-1.3663723
s_016um_00266_00128-1,-1.7101835
s_016um_00105_00071-1,-1.3320587
s_016um_00028_00086-1,-1.4468088
s_016um_00138_00077-1,-1.3830047
s_016um_00008_00300-1,-1.387749
s_016um_00150_00396-1,-1.7195243
s_016um_00311_00060-1,-1.779036
s_016um_00410_00151-1,-1.5876054
s_016um_00337_00400-1,-2.1693249
s_016um_00042_00049-1,-1.2684473
s_016um_00374_00119-1,-1.6617348
s_016um_00326_00119-1,-1.5466557
s_016um_00264_00334-1,-1.265532
s_016um_00418_00142-1,-1.4425594
s_016um_00152_00397-1,-1.4146855
s_016um_00201_00152-1,-1.6833218
s_016um_00231_00267-1,-1.3830476
s_016um_00100_00070-1,-1.3471842
s_016um_00330_00125-1,-1.4601274
s_016um_00327_00121-1,-1.339677
s_016um_00358_00096-1,-1.663954
s_016um_00216_00291-1,-1.5749879
s_016um_00326_00164-1,-1.5323201
s_016um_00145_00015-1,-1.8224947
s_016um_00280_00131-1,-1.4238257
s_016um_00076_00250-1,-1.4611292
s_016um_00390_00363-1,-2.2226613
s_016um_00043_00244-1,-1.3943841
s_016um_00226_00331-1,-1.4186922
s_016um_00088_00033-1,-1.732072
s_016um_00041_00239-1,-1.4223913
s_016um_00012_00151-1,-1.7433641
s_016um_00140_00059-1,-1.5842735
s_016um_00324_00229-1,-1.6469584
s_016um_00147_00060-1,-1.3762895
s_016um_00335_00213-1,-1.3872727
s_016um_00252_00023-1,-1.582451
s_016um_00041_00098-1,-1.5406052
s_016um_00214_00280-1,-1.4929551
s_016um_00108_00315-1,-1.5616894
s_016um_00262_00329-1,-1.4638768
s_016um_00248_00088-1,-1.4245415
s_016um_00398_00262-1,-1.5175238
s_016um_00224_00030-1,-1.3828626
s_016um_00221_00280-1,-1.4466693
s_016um_00096_00323-1,-1.5165393
s_016um_00192_00121-1,-1.3659409
s_016um_00409_00148-1,-1.3756306
s_016um_00058_00245-1,-1.193468
s_016um_00005_00294-1,-1.4993986
s_016um_00283_00093-1,-1.4774258
s_016um_00417_00144-1,-1.5673656
s_016um_00242_00084-1,-1.2561948
s_016um_00279_00138-1,-1.5449865
s_016um_00134_00071-1,-1.4992225
s_016um_00037_00048-1,-1.45172
s_016um_00234_00363-1,-1.8242916
s_016um_00275_00228-1,-1.3740964
s_016um_00219_00027-1,-1.5108056
s_016um_00354_00021-1,-1.6900419
s_016um_00233_00357-1,-1.349766
s_016um_00256_00186-1,-1.2527539
s_016um_00322_00167-1,-1.2915547
s_016um_00232_00267-1,-1.3037714
s_016um_00322_00228-1,-1.2855682
s_016um_00166_00289-1,-1.4386207
s_016um_00148_00394-1,-1.5926328
s_016um_00036_00175-1,-1.3504223
s_016um_00126_00387-1,-1.438648
s_016um_00065_00125-1,-1.6171155
s_016um_00263_00127-1,-1.2577128
s_016um_00403_00125-1,-1.3971301
s_016um_00180_00028-1,-1.5019509
s_016um_00080_00200-1,-1.7390964
s_016um_00411_00103-1,-1.3465818
s_016um_00280_00206-1,-1.4204919
s_016um_00011_00150-1,-1.2804074
s_016um_00397_00178-1,-1.6429342
s_016um_00117_00143-1,-1.8143625
s_016um_00343_00219-1,-1.6812944
s_016um_00362_00224-1,-1.3320668
s_016um_00060_00244-1,-1.436034
s_016um_00106_00314-1,-1.0220172
s_016um_00333_00215-1,-1.2648319
s_016um_00085_00068-1,-1.317857
s_016um_00259_00188-1,-1.5288807
s_016um_00377_00132-1,-1.4364218
s_016um_00371_00124-1,-1.5215588
s_016um_00233_00355-1,-1.6045233
s_016um_00080_00297-1,-1.3753259
s_016um_00079_00238-1,-1.3172617
s_016um_00254_00024-1,-1.3850571
s_016um_00216_00013-1,-1.6785086
s_016um_00221_00331-1,-1.459898
s_016um_00367_00140-1,-1.4212993
s_016um_00027_00331-1,-1.6725549
s_016um_00225_00336-1,-1.5055108
s_016um_00398_00359-1,-1.9575661
s_016um_00405_00399-1,-4.722408
s_016um_00135_00223-1,-1.9733955
s_016um_00070_00236-1,-1.3177013
s_016um_00352_00094-1,-1.5790442
s_016um_00097_00023-1,-1.2536861
s_016um_00062_00126-1,-1.5050876
s_016um_00365_00227-1,-1.3241491
s_016um_00375_00117-1,-1.386945
s_016um_00143_00055-1,-1.1705239
s_016um_00151_00396-1,-1.6238638
s_016um_00389_00361-1,-2.6207936
s_016um_00159_00292-1,-1.1951497
s_016um_00397_00263-1,-1.5020729
s_016um_00130_00226-1,-1.5146716
s_016um_00073_00246-1,-1.7724836
s_016um_00371_00094-1,-1.3015546
s_016um_00249_00022-1,-1.7275842
s_016um_00267_00225-1,-1.711868
s_016um_00225_00235-1,-1.3170285
s_016um_00268_00035-1,-1.6259267
s_016um_00216_00296-1,-1.6218176
s_016um_00329_00121-1,-1.47383
s_016um_00163_00288-1,-2.0938687
s_016um_00321_00225-1,-1.4350373
s_016um_00219_00279-1,-1.4128191
s_016um_00240_00182-1,-1.323766
s_016um_00218_00171-1,-1.6245985
s_016um_00273_00335-1,-1.8050462
s_016um_00172_00370-1,-1.5349146
s_016um_00215_00293-1,-1.365918
s_016um_00092_00316-1,-1.4637896
s_016um_00225_00029-1,-1.4573133
s_016um_00346_00216-1,-1.5951318
s_016um_00271_00223-1,-1.4023453
s_016um_00378_00138-1,-1.1201873
s_016um_00278_00137-1,-1.2686057
s_016um_00417_00134-1,-1.2701539
s_016um_00210_00032-1,-1.3767806
s_016um_00398_00184-1,-1.3653848
s_016um_00368_00225-1,-1.543307
s_016um_00261_00184-1,-1.6014867
s_016um_00080_00264-1,-1.3724098
s_016um_00224_00028-1,-1.361824
s_016um_00331_00119-1,-1.3891798
s_016um_00398_00368-1,-1.7275805
s_016um_00374_00122-1,-1.2203223
s_016um_00327_00302-1,-1.4019526
s_016um_00129_00317-1,-2.018263
s_016um_00164_00290-1,-1.450268
s_016um_00038_00042-1,-1.4108233
s_016um_00355_00418-1,-4.5161533
s_016um_00132_00092-1,-1.535378
s_016um_00232_00266-1,-1.5373524
s_016um_00010_00296-1,-1.2368196
s_016um_00221_00233-1,-1.2486995
s_016um_00214_00292-1,-1.4081575
s_016um_00220_00283-1,-1.4105226
s_016um_00222_00167-1,-1.3946142
s_016um_00344_00212-1,-1.4676833
s_016um_00084_00028-1,-1.4838876
s_016um_00166_00375-1,-1.3511224
s_016um_00194_00098-1,-1.489782
s_016um_00082_00271-1,-1.4013005
s_016um_00122_00143-1,-1.6516763
s_016um_00224_00329-1,-1.2631626
s_016um_00401_00262-1,-1.7028257
s_016um_00015_00267-1,-1.2971501
s_016um_00090_00267-1,-1.4626312
s_016um_00040_00206-1,-1.2222311
s_016um_00097_00030-1,-1.4865271
s_016um_00064_00130-1,-1.4300721
s_016um_00272_00203-1,-1.5585185
s_016um_00139_00072-1,-1.3636018
s_016um_00409_00153-1,-1.50399
s_016um_00039_00177-1,-1.3802358
s_016um_00232_00088-1,-1.4145086
s_016um_00230_00357-1,-1.380178
s_016um_00414_00104-1,-1.521204
s_016um_00049_00244-1,-1.3993683
s_016um_00248_00020-1,-1.6929688
s_016um_00358_00286-1,-1.3539726
s_016um_00382_00134-1,-1.5753646
s_016um_00416_00136-1,-1.3642293
s_016um_00096_00337-1,-1.4629447
s_016um_00289_00093-1,-1.1837695
s_016um_00100_00316-1,-2.2568927
s_016um_00105_00391-1,-1.4924988
s_016um_00026_00092-1,-1.5316792
s_016um_00037_00178-1,-1.4429064
s_016um_00405_00121-1,-1.5929143
s_016um_00403_00128-1,-1.432535
s_016um_00384_00125-1,-1.4411621
s_016um_00153_00400-1,-1.4001325
s_016um_00225_00335-1,-1.3176088
s_016um_00121_00149-1,-1.537546
s_016um_00330_00211-1,-1.5704197
s_016um_00257_00029-1,-1.7003809
s_016um_00262_00129-1,-1.6600362
s_016um_00081_00282-1,-1.3015745
s_016um_00323_00302-1,-1.3987256
s_016um_00408_00151-1,-1.4628595
s_016um_00031_00334-1,-1.240969
s_016um_00029_00330-1,-1.3525248
s_016um_00356_00414-1,-3.9946625
s_016um_00399_00216-1,-1.443773
s_016um_00328_00125-1,-1.3016033
s_016um_00167_00120-1,-1.3558569
s_016um_00321_00169-1,-1.6434084
s_016um_00261_00332-1,-1.419746
s_016um_00217_00275-1,-1.3666126
s_016um_00384_00136-1,-1.4529537
s_016um_00100_00386-1,-1.4013214
s_016um_00110_00319-1,-1.6087224
s_016um_00056_00248-1,-1.3501513
s_016um_00397_00260-1,-1.3509566
s_016um_00117_00148-1,-1.5886204
s_016um_00107_00313-1,-1.3750154
s_016um_00251_00022-1,-1.4758371
s_016um_00278_00208-1,-1.2538497
s_016um_00411_00102-1,-1.5745078
s_016um_00042_00048-1,-1.4077777
s_016um_00171_00372-1,-1.4092877
s_016um_00217_00170-1,-1.316658
s_016um_00080_00279-1,-1.3578608
s_016um_00030_00086-1,-1.2713841
s_016um_00193_00129-1,-1.5516851
s_016um_00385_00130-1,-1.3359092
s_016um_00403_00146-1,-1.4347508
s_016um_00342_00216-1,-1.6244138
s_016um_00354_00411-1,-3.9108093
s_016um_00257_00033-1,-1.31197
s_016um_00389_00300-1,-1.6011499
s_016um_00400_00259-1,-1.3767054
s_016um_00253_00033-1,-1.4772449
s_016um_00221_00332-1,-1.247632
s_016um_00094_00273-1,-1.525098
s_016um_00291_00097-1,-1.228475
s_016um_00136_00074-1,-1.6300044
s_016um_00085_00029-1,-1.6857815
s_016um_00332_00123-1,-1.3652151
s_016um_00394_00180-1,-1.5009823
s_016um_00367_00230-1,-1.3724039
s_016um_00401_00400-1,-5.6392307
s_016um_00139_00073-1,-1.4184614
s_016um_00274_00319-1,-1.5325766
s_016um_00220_00234-1,-1.4459475
s_016um_00369_00124-1,-1.5004808
s_016um_00222_00024-1,-2.3485248
s_016um_00387_00291-1,-1.5030122
s_016um_00142_00017-1,-1.6790098
s_016um_00142_00217-1,-1.8738413
s_016um_00339_00403-1,-1.8046517
s_016um_00021_00267-1,-1.5763615
s_016um_00092_00275-1,-1.2471061
s_016um_00347_00215-1,-1.3473941
s_016um_00139_00215-1,-1.4688103
s_016um_00092_00334-1,-1.2690752
s_016um_00082_00285-1,-1.2967379
s_016um_00183_00030-1,-1.4497423
s_016um_00262_00189-1,-1.474499
s_016um_00330_00212-1,-1.5196224
s_016um_00397_00177-1,-1.6170684
s_016um_00030_00085-1,-1.3988378
s_016um_00409_00100-1,-1.5024029
s_016um_00360_00288-1,-1.4704108
s_016um_00016_00268-1,-1.4518422
s_016um_00079_00247-1,-1.2438684
s_016um_00191_00129-1,-1.2947158
s_016um_00131_00091-1,-1.4089253
s_016um_00133_00091-1,-1.4205987
s_016um_00216_00030-1,-1.6765225
s_016um_00268_00060-1,-1.4150282
s_016um_00063_00232-1,-1.573392
s_016um_00238_00085-1,-1.6141651
s_016um_00331_00217-1,-1.5862561
s_016um_00277_00310-1,-1.4336257
s_016um_00405_00128-1,-1.7347926
s_016um_00228_00335-1,-1.1326046
s_016um_00278_00131-1,-2.3834453
s_016um_00196_00124-1,-1.2974966
s_016um_00359_00418-1,-3.7682672
s_016um_00273_00331-1,-1.492223
s_016um_00218_00025-1,-1.4705632
s_016um_00408_00099-1,-1.3474243
s_016um_00278_00135-1,-1.5612736
s_016um_00409_00098-1,-1.4399215
s_016um_00396_00366-1,-1.6187017
s_016um_00238_00086-1,-1.5724595
s_016um_00371_00139-1,-1.325482
s_016um_00375_00145-1,-1.5863203
s_016um_00368_00093-1,-1.3123348
s_016um_00397_00211-1,-1.4017336
s_016um_00354_00288-1,-1.9163252
s_016um_00334_00400-1,-1.4451562
s_016um_00219_00225-1,-1.5273997
s_016um_00210_00029-1,-1.3511977
s_016um_00190_00098-1,-1.4209765
s_016um_00219_00278-1,-1.3644428
s_016um_00226_00334-1,-1.3134027
s_016um_00217_00025-1,-1.7131265
s_016um_00088_00073-1,-1.1991003
s_016um_00199_00150-1,-1.4105763
s_016um_00149_00400-1,-1.2597381
s_016um_00310_00052-1,-1.8892173
s_016um_00042_00177-1,-1.5486897
s_016um_00209_00292-1,-1.5040563
s_016um_00320_00230-1,-1.4101591
s_016um_00272_00334-1,-1.2655575
s_016um_00031_00085-1,-1.4236228
s_016um_00084_00037-1,-1.5482732
s_016um_00219_00029-1,-1.4644744
s_016um_00079_00281-1,-1.4890891
s_016um_00215_00276-1,-1.7899127
s_016um_00212_00029-1,-1.7413236
s_016um_00041_00211-1,-1.4921435
s_016um_00166_00373-1,-1.3859682
s_016um_00265_00060-1,-1.4957578
s_016um_00027_00089-1,-1.3693938
s_016um_00170_00128-1,-1.2643216
s_016um_00042_00173-1,-1.6143725
s_016um_00210_00289-1,-1.5716993
s_016um_00218_00019-1,-1.4274248
s_016um_00376_00135-1,-1.5273467
s_016um_00397_00359-1,-1.6804962
s_016um_00014_00265-1,-1.3734896
s_016um_00079_00246-1,-1.2253208
s_016um_00117_00149-1,-1.4085093
s_016um_00222_00231-1,-1.5886652
s_016um_00262_00185-1,-1.8190411
s_016um_00368_00101-1,-1.2211912
s_016um_00361_00288-1,-1.2636518
s_016um_00238_00084-1,-1.5306305
s_016um_00077_00282-1,-1.3209076
s_016um_00227_00331-1,-1.4204845
s_016um_00077_00247-1,-1.507674
s_016um_00064_00233-1,-1.7515708
s_016um_00021_00270-1,-1.5254966
s_016um_00081_00196-1,-2.1573014
s_016um_00370_00094-1,-1.5427946
s_016um_00330_00218-1,-1.3786473
s_016um_00348_00021-1,-1.5194064
s_016um_00387_00130-1,-1.5530715
s_016um_00046_00218-1,-1.4791362
s_016um_00326_00165-1,-1.3528137
s_016um_00194_00124-1,-1.4869905
s_016um_00372_00101-1,-1.4250925
s_016um_00353_00117-1,-1.4989196
s_016um_00373_00125-1,-1.5234301
s_016um_00393_00345-1,-2.5224228
s_016um_00135_00077-1,-1.3405666
s_016um_00148_00400-1,-1.2359548
s_016um_00273_00329-1,-1.8846993
s_016um_00279_00209-1,-1.6403922
s_016um_00185_00032-1,-1.2168092
s_016um_00275_00131-1,-1.2995983
s_016um_00080_00030-1,-1.4879472
s_016um_00362_00417-1,-4.5476904
s_016um_00289_00098-1,-1.4362569
s_016um_00327_00229-1,-1.3672929
s_016um_00183_00031-1,-1.5212839
s_016um_00387_00299-1,-1.5005146
s_016um_00193_00122-1,-1.7345703
s_016um_00009_00293-1,-1.2751395
s_016um_00184_00030-1,-1.4402466
s_016um_00101_00385-1,-1.3040539
s_016um_00133_00229-1,-1.2348703
s_016um_00132_00318-1,-1.9730244
s_016um_00321_00298-1,-1.4186628
s_016um_00381_00129-1,-1.297965
s_016um_00094_00339-1,-1.2271539
s_016um_00220_00016-1,-1.5110945
s_016um_00326_00125-1,-1.1793098
s_016um_00358_00094-1,-1.3409585
s_016um_00203_00148-1,-1.5457667
s_016um_00263_00128-1,-1.4577113
s_016um_00354_00417-1,-4.423038
s_016um_00045_00045-1,-1.275121
s_016um_00367_00121-1,-1.174415
s_016um_00402_00259-1,-1.5369775
s_016um_00401_00128-1,-1.5215364
s_016um_00129_00316-1,-1.9264332
s_016um_00330_00120-1,-1.4165283
s_016um_00357_00096-1,-1.3426342
s_016um_00393_00367-1,-1.7176739
s_016um_00218_00278-1,-1.6266785
s_016um_00046_00240-1,-1.4775145
s_016um_00390_00297-1,-1.7887232
s_016um_00253_00027-1,-1.3307711
s_016um_00280_00135-1,-1.4101938
s_016um_00400_00258-1,-1.6834123
s_016um_00094_00278-1,-1.5907379
s_016um_00389_00337-1,-1.603459
s_016um_00355_00286-1,-1.3576459
s_016um_00334_00214-1,-1.3927207
s_016um_00037_00100-1,-1.9104587
s_016um_00045_00243-1,-1.4455185
s_016um_00259_00032-1,-1.38882
s_016um_00244_00082-1,-1.3030918
s_016um_00334_00397-1,-1.7169383
s_016um_00399_00370-1,-1.9429137
s_016um_00218_00029-1,-1.4837211
s_016um_00167_00125-1,-1.6588321
s_016um_00219_00032-1,-1.1526749
s_016um_00011_00213-1,-1.5415391
s_016um_00235_00263-1,-1.327767
s_016um_00237_00183-1,-1.267098
s_016um_00412_00105-1,-1.4993881
s_016um_00279_00137-1,-1.4293623
s_016um_00014_00213-1,-1.6025704
s_016um_00391_00346-1,-2.9422622
s_016um_00389_00344-1,-2.0278468
s_016um_00258_00032-1,-1.4700397
s_016um_00085_00273-1,-1.3591113
s_016um_00329_00118-1,-1.3344423
s_016um_00042_00239-1,-1.7218181
s_016um_00091_00339-1,-1.1599882
s_016um_00332_00256-1,-1.5470957
s_016um_00136_00228-1,-1.4174179
s_016um_00285_00094-1,-1.2884134
s_016um_00125_00390-1,-1.4598255
s_016um_00226_00245-1,-1.2930719
s_016um_00146_00016-1,-1.4524863
s_016um_00406_00149-1,-1.2974535
s_016um_00180_00025-1,-1.6207013
s_016um_00009_00208-1,-1.7986463
s_016um_00091_00340-1,-1.4009547
s_016um_00326_00120-1,-1.8236563
s_016um_00019_00264-1,-1.2956116
s_016um_00395_00182-1,-1.3363702
s_016um_00277_00205-1,-1.4180442
s_016um_00403_00147-1,-1.6007704
s_016um_00181_00032-1,-1.8849341
s_016um_00082_00268-1,-1.4088806
s_016um_00177_00031-1,-1.4746639
s_016um_00005_00154-1,-1.587374
s_016um_00397_00220-1,-2.3230002
s_016um_00321_00163-1,-1.3189514
s_016um_00357_00413-1,-3.444785
s_016um_00369_00146-1,-1.4445392
s_016um_00038_00206-1,-1.3755252
s_016um_00269_00223-1,-1.1441315
s_016um_00313_00058-1,-1.3133811
s_016um_00377_00134-1,-1.4294293
s_016um_00042_00218-1,-1.5089539
s_016um_00139_00223-1,-1.3976343
s_016um_00015_00270-1,-1.3945506
s_016um_00401_00402-1,-5.6689653
s_016um_00381_00128-1,-1.1880214
s_016um_00263_00129-1,-1.3716451
s_016um_00099_00030-1,-1.185439
s_016um_00413_00103-1,-1.3209805
s_016um_00011_00211-1,-1.4168774
s_016um_00262_00184-1,-1.5865897
s_016um_00118_00149-1,-1.4200168
s_016um_00006_00213-1,-1.617549
s_016um_00033_00010-1,-1.3665211
s_016um_00237_00087-1,-1.6288964
s_016um_00113_00317-1,-1.3180429
s_016um_00242_00184-1,-1.3995681
s_016um_00102_00026-1,-1.6534965
s_016um_00390_00361-1,-2.3339355
s_016um_00281_00325-1,-1.23805
s_016um_00281_00321-1,-1.3518314
s_016um_00398_00365-1,-1.399146
s_016um_00235_00360-1,-1.4981623
s_016um_00353_00414-1,-3.7455301
s_016um_00088_00069-1,-1.4870894
s_016um_00136_00218-1,-1.2292969
s_016um_00075_00295-1,-1.5547467
s_016um_00231_00360-1,-1.7594253
s_016um_00406_00153-1,-1.3675684
s_016um_00228_00330-1,-1.3382819
s_016um_00368_00095-1,-1.2875677
s_016um_00397_00184-1,-1.5429899
s_016um_00353_00022-1,-1.5734452
s_016um_00182_00031-1,-1.6405263
s_016um_00132_00323-1,-1.5199177
s_016um_00317_00166-1,-2.2978234
s_016um_00226_00234-1,-1.5192597
s_016um_00263_00131-1,-1.3592863
s_016um_00254_00021-1,-1.5546409
s_016um_00083_00284-1,-1.5887436
s_016um_00103_00390-1,-1.5231857
s_016um_00266_00055-1,-1.3906509
s_016um_00142_00060-1,-1.6330575
s_016um_00403_00124-1,-1.392443
s_016um_00076_00299-1,-1.3976775
s_016um_00398_00180-1,-1.4233739
s_016um_00011_00301-1,-1.6996349
s_016um_00035_00009-1,-1.5770974
s_016um_00324_00228-1,-1.4181585
s_016um_00270_00226-1,-1.2683783
s_016um_00363_00230-1,-1.376265
s_016um_00026_00085-1,-1.3901688
s_016um_00356_00289-1,-1.4286247
s_016um_00270_00228-1,-1.4647101
s_016um_00396_00360-1,-3.0940425
s_016um_00277_00048-1,-1.6662897
s_016um_00218_00233-1,-1.395185
s_016um_00280_00319-1,-1.3559246
s_016um_00087_00028-1,-1.3228501
s_016um_00042_00207-1,-1.3928797
s_016um_00078_00235-1,-1.5373148
s_016um_00169_00376-1,-1.4513446
s_016um_00256_00034-1,-1.1929189
s_016um_00082_00266-1,-1.3437474
s_016um_00355_00121-1,-1.3753276
s_016um_00223_00248-1,-1.3750314
s_016um_00179_00028-1,-1.4812872
s_016um_00075_00296-1,-1.370714
s_016um_00261_00188-1,-1.4746753
s_016um_00311_00059-1,-1.2383947
s_016um_00119_00145-1,-1.4844322
s_016um_00083_00029-1,-1.5574943
s_016um_00030_00089-1,-1.826439
s_016um_00083_00069-1,-1.3334708
s_016um_00291_00095-1,-1.3894031
s_016um_00355_00414-1,-3.3772283
s_016um_00163_00290-1,-1.4235122
s_016um_00229_00261-1,-1.5220332
s_016um_00031_00089-1,-1.6036992
s_016um_00235_00358-1,-1.5577483
s_016um_00273_00223-1,-1.242072
s_016um_00223_00250-1,-1.4373161
s_016um_00030_00332-1,-1.4266922
s_016um_00403_00396-1,-5.0898056
s_016um_00255_00024-1,-1.3399754
s_016um_00389_00295-1,-1.5666316
s_016um_00238_00360-1,-1.4779375
s_016um_00403_00122-1,-1.5245198
s_016um_00401_00120-1,-1.1801286
s_016um_00058_00242-1,-1.346894
s_016um_00359_00091-1,-1.2993332
s_016um_00043_00218-1,-1.4133489
s_016um_00039_00045-1,-1.5347373
s_016um_00137_00217-1,-1.4022934
s_016um_00078_00297-1,-1.428249
s_016um_00337_00403-1,-1.7007729
s_016um_00323_00301-1,-1.3338645
s_016um_00274_00311-1,-1.5520928
s_016um_00274_00133-1,-1.4703026
s_016um_00224_00228-1,-1.4118347
s_016um_00025_00086-1,-1.3175251
s_016um_00119_00144-1,-2.1814103
s_016um_00223_00231-1,-1.4697238
s_016um_00085_00284-1,-1.3354374
s_016um_00197_00128-1,-1.3857739
s_016um_00352_00025-1,-1.1951978
s_016um_00067_00239-1,-1.6812687
s_016um_00211_00030-1,-1.5603007
s_016um_00355_00122-1,-1.136689
s_016um_00030_00337-1,-1.4062811
s_016um_00078_00281-1,-1.5196986
s_016um_00085_00265-1,-1.5507714
s_016um_00046_00216-1,-1.4621797
s_016um_00222_00025-1,-1.7107891
s_016um_00038_00103-1,-1.430729
s_016um_00403_00123-1,-1.7340306
s_016um_00227_00334-1,-1.4436285
s_016um_00012_00153-1,-1.3086338
s_016um_00405_00398-1,-4.962201
s_016um_00084_00032-1,-1.5171057
s_016um_00101_00028-1,-1.8528668
s_016um_00393_00337-1,-1.7574579
s_016um_00147_00401-1,-1.4880738
s_016um_00102_00029-1,-1.3456023
s_016um_00150_00402-1,-1.6839503
s_016um_00082_00033-1,-1.2745969
s_016um_00081_00200-1,-1.4455098
s_016um_00148_00397-1,-1.3729199
s_016um_00277_00139-1,-1.2505662
s_016um_00356_00021-1,-1.7194055
s_016um_00040_00043-1,-1.2184643
s_016um_00195_00093-1,-1.5545198
s_016um_00275_00328-1,-2.4489949
s_016um_00082_00293-1,-1.1000726
s_016um_00042_00216-1,-1.263767
s_016um_00209_00029-1,-1.3966845
s_016um_00039_00203-1,-1.2430892
s_016um_00414_00141-1,-1.9287148
s_016um_00347_00212-1,-1.2610872
s_016um_00045_00209-1,-1.5963893
s_016um_00093_00334-1,-1.4399598
s_016um_00275_00130-1,-1.5000468
s_016um_00220_00026-1,-1.4298352
s_016um_00273_00035-1,-1.4670544
s_016um_00407_00395-1,-3.5617566
s_016um_00359_00291-1,-1.5949043
s_016um_00167_00376-1,-1.3141376
s_016um_00260_00134-1,-1.5153579
s_016um_00078_00237-1,-1.3164393
s_016um_00392_00357-1,-3.474743
s_016um_00128_00384-1,-1.3593601
s_016um_00087_00029-1,-1.4148171
s_016um_00374_00140-1,-1.3939333
s_016um_00243_00087-1,-1.5620979
s_016um_00082_00264-1,-1.3606594
s_016um_00271_00228-1,-1.2259243
s_016um_00036_00006-1,-1.4939024
s_016um_00079_00282-1,-1.434
s_016um_00045_00219-1,-1.4045328
s_016um_00157_00292-1,-1.2763293
s_016um_00135_00219-1,-1.4757657
s_016um_00268_00226-1,-1.5727683
s_016um_00036_00005-1,-1.3250923
s_016um_00057_00247-1,-1.2881222
s_016um_00131_00231-1,-1.3066819
s_016um_00207_00148-1,-1.2517266
s_016um_00342_00220-1,-1.604409
s_016um_00266_00062-1,-1.205944
s_016um_00219_00171-1,-1.6633646
s_016um_00267_00134-1,-1.371152
s_016um_00136_00072-1,-1.5265751
s_016um_00366_00143-1,-1.2438781
s_016um_00404_00121-1,-1.4150997
s_016um_00230_00248-1,-1.432925
s_016um_00400_00367-1,-1.5777876
s_016um_00248_00024-1,-1.6104764
s_016um_00401_00122-1,-1.6667938
s_016um_00224_00331-1,-1.2636627
s_016um_00025_00091-1,-1.5175469
s_016um_00237_00089-1,-1.8403354
s_016um_00066_00127-1,-1.3877696
s_016um_00140_00054-1,-1.6896034
s_016um_00077_00298-1,-1.7843238
s_016um_00214_00035-1,-1.4420416
s_016um_00395_00341-1,-1.6635379
s_016um_00321_00165-1,-1.3702888
s_016um_00010_00294-1,-1.4781301
s_016um_00172_00125-1,-1.8923411
s_016um_00148_00399-1,-1.3864876
s_016um_00100_00028-1,-1.3953414
s_016um_00329_00119-1,-1.3452961
s_016um_00040_00044-1,-1.4696525
s_016um_00353_00120-1,-1.439201
s_016um_00077_00294-1,-1.6135389
s_016um_00122_00151-1,-1.3701208
s_016um_00128_00093-1,-1.3520695
s_016um_00130_00383-1,-1.4384423
s_016um_00273_00316-1,-2.0321155
s_016um_00388_00128-1,-1.856238
s_016um_00324_00297-1,-1.3831258
s_016um_00148_00058-1,-1.5463831
s_016um_00060_00245-1,-1.821765
s_016um_00250_00023-1,-1.5412298
s_016um_00275_00207-1,-1.5547948
s_016um_00212_00032-1,-1.638519
s_016um_00224_00247-1,-1.4708185
s_016um_00036_00105-1,-1.8929595
s_016um_00376_00123-1,-1.4065902
s_016um_00269_00029-1,-1.407092
s_016um_00394_00340-1,-1.7718982
s_016um_00396_00365-1,-2.255784
s_016um_00139_00070-1,-1.5932409
s_016um_00352_00018-1,-1.3012096
s_016um_00032_00329-1,-1.3601019
s_016um_00263_00330-1,-1.1833235
s_016um_00228_00329-1,-1.3000842
s_016um_00364_00095-1,-1.2433791
s_016um_00180_00026-1,-1.2391747
s_016um_00189_00122-1,-1.322621
s_016um_00134_00076-1,-1.6181787
s_016um_00325_00121-1,-1.4535794
s_016um_00093_00027-1,-1.2551777
s_016um_00216_00033-1,-1.6617482
s_016um_00079_00297-1,-1.4288615
s_016um_00239_00184-1,-1.4101264
s_016um_00323_00164-1,-1.1122031
s_016um_00410_00097-1,-1.3482219
s_016um_00102_00390-1,-1.3961226
s_016um_00281_00316-1,-1.3454849
s_016um_00393_00342-1,-1.7655666
s_016um_00122_00147-1,-1.1885527
s_016um_00397_00257-1,-1.5819432
s_016um_00357_00412-1,-3.0447466
s_016um_00222_00232-1,-1.8773417
s_016um_00285_00096-1,-1.3812802
s_016um_00273_00045-1,-1.4330238
s_016um_00022_00265-1,-1.450173
s_016um_00369_00122-1,-1.9170088
s_016um_00044_00212-1,-1.1897142
s_016um_00086_00273-1,-1.3407847
s_016um_00137_00318-1,-1.4429919
s_016um_00400_00219-1,-1.1736157
s_016um_00092_00268-1,-1.2673593
s_016um_00042_00244-1,-1.2664139
s_016um_00227_00237-1,-1.2805977
s_016um_00178_00026-1,-1.4462281
s_016um_00398_00212-1,-1.7999904
s_016um_00273_00229-1,-1.3649585
s_016um_00328_00305-1,-1.5726585
s_016um_00044_00172-1,-1.7120411
s_016um_00064_00133-1,-1.4250985
s_016um_00067_00130-1,-1.6172696
s_016um_00356_00095-1,-1.1836989
s_016um_00407_00098-1,-1.4883027
s_016um_00230_00247-1,-1.6177903
s_016um_00368_00226-1,-1.4103467
s_016um_00361_00286-1,-1.4778018
s_016um_00073_00245-1,-1.3082426
s_016um_00286_00100-1,-1.6665273
s_016um_00321_00167-1,-1.3340098
s_016um_00092_00339-1,-1.3796207
s_016um_00406_00148-1,-1.370512
s_016um_00223_00167-1,-1.5942435
s_016um_00324_00122-1,-1.2959644
s_016um_00365_00222-1,-1.5762182
s_016um_00340_00213-1,-1.4280437
s_016um_00367_00228-1,-1.9022057
s_016um_00259_00186-1,-1.5030727
s_016um_00219_00168-1,-1.3590404
s_016um_00152_00402-1,-1.523407
s_016um_00018_00264-1,-1.4251873
s_016um_00414_00105-1,-1.3118383
s_016um_00105_00068-1,-1.8226786
s_016um_00041_00240-1,-1.7132173
s_016um_00055_00242-1,-1.4195052
s_016um_00047_00207-1,-1.4443818
s_016um_00371_00123-1,-1.2845057
s_016um_00407_00399-1,-5.488701
s_016um_00080_00285-1,-1.2398579
s_016um_00277_00322-1,-1.6274894
s_016um_00037_00177-1,-1.5124967
s_016um_00335_00403-1,-1.4387311
s_016um_00225_00237-1,-1.2363014
s_016um_00325_00300-1,-1.4029045
s_016um_00008_00212-1,-1.8685431
s_016um_00358_00417-1,-3.7527714
s_016um_00259_00192-1,-1.7300339
s_016um_00036_00178-1,-1.407385
s_016um_00215_00011-1,-1.5906333
s_016um_00365_00225-1,-1.5301107
s_016um_00028_00090-1,-2.0644522
s_016um_00083_00198-1,-1.6128613
s_016um_00090_00270-1,-1.2561865
s_016um_00038_00049-1,-1.7024715
s_016um_00397_00217-1,-1.4428338
s_016um_00012_00294-1,-1.2682929
s_016um_00084_00071-1,-1.6473758
s_016um_00017_00264-1,-1.4399863
s_016um_00105_00388-1,-1.4591799
s_016um_00127_00385-1,-2.1497462
s_016um_00169_00128-1,-1.8154273
s_016um_00207_00151-1,-1.3625168
s_016um_00228_00236-1,-1.1560391
s_016um_00239_00191-1,-1.2415868
s_016um_00151_00402-1,-1.414053
s_016um_00408_00150-1,-1.5391233
s_016um_00190_00125-1,-1.3497252
s_016um_00353_00122-1,-1.4100244
s_016um_00398_00179-1,-1.3494098
s_016um_00356_00089-1,-1.4086922
s_016um_00090_00336-1,-1.6940064
s_016um_00079_00197-1,-1.6501642
s_016um_00314_00055-1,-1.4399905
s_016um_00270_00060-1,-1.6683215
s_016um_00201_00151-1,-1.4465754
s_016um_00097_00068-1,-1.6206274
s_016um_00235_00088-1,-1.3450598
s_016um_00134_00073-1,-2.5979185
s_016um_00045_00203-1,-1.3623153
s_016um_00087_00273-1,-1.2870157
s_016um_00336_00396-1,-1.6339725
s_016um_00336_00404-1,-2.0296204
s_016um_00272_00046-1,-1.3465887
s_016um_00279_00205-1,-1.3299129
s_016um_00253_00029-1,-1.3801086
s_016um_00133_00074-1,-1.3980864
s_016um_00281_00329-1,-1.3281167
s_016um_00348_00024-1,-1.2123947
s_016um_00039_00208-1,-1.4773159
s_016um_00006_00208-1,-1.2948145
s_016um_00041_00243-1,-1.602627
s_016um_00227_00327-1,-1.3785354
s_016um_00400_00368-1,-1.765559
s_016um_00383_00134-1,-1.4408484
s_016um_00109_00387-1,-1.2774072
s_016um_00134_00226-1,-1.3635483
s_016um_00389_00130-1,-1.3852597
s_016um_00272_00227-1,-1.389297
s_016um_00218_00282-1,-1.3545994
s_016um_00369_00143-1,-1.341609
s_016um_00212_00292-1,-1.5773848
s_016um_00194_00127-1,-1.6442635
s_016um_00220_00281-1,-1.2803226
s_016um_00054_00248-1,-1.9939117
s_016um_00195_00097-1,-1.487929
s_016um_00220_00279-1,-1.416743
s_016um_00087_00198-1,-1.6226144
s_016um_00264_00189-1,-1.649618
s_016um_00060_00250-1,-1.3292056
s_016um_00133_00233-1,-1.534389
s_016um_00230_00359-1,-1.3380305
s_016um_00079_00285-1,-1.4072453
s_016um_00395_00216-1,-1.3913078
s_016um_00214_00031-1,-1.6337909
s_016um_00005_00156-1,-1.3061845
s_016um_00392_00294-1,-1.5838507
s_016um_00354_00287-1,-1.6320975
s_016um_00279_00201-1,-1.267693
s_016um_00045_00217-1,-1.2903748
s_016um_00226_00239-1,-1.41767
s_016um_00366_00094-1,-1.3962601
s_016um_00274_00329-1,-1.8523382
s_016um_00413_00138-1,-1.5148754
s_016um_00373_00124-1,-1.591754
s_016um_00275_00223-1,-1.7408886
s_016um_00128_00090-1,-1.5660309
s_016um_00036_00009-1,-2.034689
s_016um_00274_00131-1,-1.2654246
s_016um_00131_00388-1,-1.1712295
s_016um_00230_00331-1,-1.3152239
s_016um_00097_00341-1,-1.2446254
s_016um_00079_00250-1,-1.5352358
s_016um_00320_00302-1,-1.2320786
s_016um_00015_00268-1,-1.3810341
s_016um_00084_00269-1,-1.4558887
s_016um_00275_00327-1,-1.6634328
s_016um_00265_00329-1,-1.4949313
s_016um_00046_00242-1,-1.3424422
s_016um_00088_00270-1,-1.2458148
s_016um_00263_00185-1,-1.7945517
s_016um_00037_00097-1,-1.2321014
s_016um_00076_00297-1,-1.3359916
s_016um_00068_00235-1,-1.5987159
s_016um_00309_00058-1,-1.8179579
s_016um_00219_00031-1,-1.3620601
s_016um_00261_00028-1,-1.431423
s_016um_00370_00122-1,-1.8412652
s_016um_00227_00239-1,-1.6033179
s_016um_00369_00102-1,-1.7654445
s_016um_00145_00014-1,-1.2409496
s_016um_00354_00020-1,-1.8543972
s_016um_00211_00032-1,-1.5674379
s_016um_00089_00268-1,-1.3513621
s_016um_00386_00297-1,-1.3742764
s_016um_00081_00237-1,-1.5469278
s_016um_00262_00058-1,-1.5232899
s_016um_00123_00147-1,-1.5090578
s_016um_00239_00086-1,-1.289357
s_016um_00080_00284-1,-1.2333093
s_016um_00220_00011-1,-1.6547865
s_016um_00033_00085-1,-1.4988383
s_016um_00267_00029-1,-1.8255062
s_016um_00080_00278-1,-1.264975
s_016um_00404_00122-1,-1.6496503
s_016um_00220_00029-1,-1.50057
s_016um_00223_00335-1,-1.4460441
s_016um_00235_00267-1,-1.5303509
s_016um_00091_00268-1,-1.143904
s_016um_00033_00007-1,-1.3299056
s_016um_00010_00151-1,-1.4281173
s_016um_00184_00026-1,-1.592849
s_016um_00067_00127-1,-1.4793323
s_016um_00090_00271-1,-1.48025
s_016um_00029_00085-1,-1.4002194
s_016um_00022_00271-1,-1.6348709
s_016um_00262_00334-1,-1.4143993
s_016um_00358_00118-1,-1.523247
s_016um_00243_00086-1,-1.4001851
s_016um_00325_00299-1,-1.6781474
s_016um_00031_00092-1,-1.3333684
s_016um_00229_00243-1,-1.371104
s_016um_00355_00113-1,-1.4497602
s_016um_00369_00230-1,-1.3156265
s_016um_00394_00356-1,-2.407248
s_016um_00074_00247-1,-1.2658232
s_016um_00079_00269-1,-1.358425
s_016um_00278_00313-1,-1.3663292
s_016um_00080_00299-1,-1.3407754
s_016um_00394_00345-1,-2.110682
s_016um_00141_00219-1,-1.1466553
s_016um_00312_00053-1,-1.4397557
s_016um_00266_00130-1,-2.0012164
s_016um_00096_00271-1,-1.4350257
s_016um_00089_00073-1,-1.6705823
s_016um_00040_00102-1,-1.4989983
s_016um_00169_00375-1,-1.3533767
s_016um_00408_00397-1,-5.4905005
s_016um_00034_00334-1,-1.3922353
s_016um_00342_00399-1,-2.299364
s_016um_00231_00361-1,-1.3877953
s_016um_00142_00019-1,-1.8484955
s_016um_00354_00091-1,-1.3510648
s_016um_00157_00291-1,-1.4228603
s_016um_00357_00091-1,-1.2031038
s_016um_00321_00168-1,-1.6550707
s_016um_00191_00122-1,-1.5601162
s_016um_00137_00215-1,-1.7219045
s_016um_00403_00127-1,-1.6362052
s_016um_00258_00190-1,-1.3694876
s_016um_00054_00245-1,-1.4258859
s_016um_00351_00026-1,-1.2393357
s_016um_00347_00213-1,-1.1429391
s_016um_00086_00068-1,-1.2826812
s_016um_00351_00094-1,-1.5514015
s_016um_00212_00033-1,-1.5067565
s_016um_00103_00387-1,-1.4689993
s_016um_00263_00186-1,-1.6558768
s_016um_00354_00119-1,-1.4054198
s_016um_00231_00359-1,-1.5073991
s_016um_00020_00269-1,-1.4187443
s_016um_00271_00034-1,-1.5061096
s_016um_00339_00398-1,-1.748523
s_016um_00275_00205-1,-1.4351577
s_016um_00361_00418-1,-3.1954193
s_016um_00221_00231-1,-1.831795
s_016um_00045_00212-1,-1.6123254
s_016um_00048_00218-1,-1.333557
s_016um_00248_00021-1,-1.5815945
s_016um_00190_00094-1,-1.6348367
s_016um_00402_00258-1,-1.4193424
s_016um_00060_00247-1,-1.4316083
s_016um_00402_00403-1,-6.435891
s_016um_00196_00128-1,-1.4193815
s_016um_00106_00315-1,-1.2292712
s_016um_00149_00397-1,-1.5915482
s_016um_00226_00242-1,-1.6466086
s_016um_00075_00294-1,-1.3730313
s_016um_00352_00023-1,-1.3584915
s_016um_00326_00167-1,-1.4607611
s_016um_00223_00328-1,-1.1897635
s_016um_00274_00228-1,-1.722431
s_016um_00192_00126-1,-1.6763415
s_016um_00393_00295-1,-1.3132025
s_016um_00225_00250-1,-1.496633
s_016um_00381_00138-1,-1.4291792
s_016um_00225_00026-1,-1.8451917
s_016um_00402_00369-1,-2.5991952
s_016um_00106_00318-1,-1.5270804
s_016um_00220_00276-1,-1.6153584
s_016um_00407_00146-1,-1.2142242
s_016um_00382_00137-1,-1.2829547
s_016um_00329_00122-1,-1.3810852
s_016um_00152_00395-1,-1.4873319
s_016um_00387_00341-1,-1.5284071
s_016um_00327_00215-1,-1.3504827
s_016um_00273_00031-1,-1.5863527
s_016um_00272_00049-1,-1.4064723
s_016um_00100_00387-1,-1.6651472
s_016um_00083_00293-1,-1.4969722
s_016um_00407_00148-1,-1.354227
s_016um_00263_00133-1,-1.4805177
s_016um_00165_00123-1,-1.2518936
s_016um_00086_00283-1,-1.6087064
s_016um_00407_00403-1,-5.299819
s_016um_00368_00102-1,-1.2648553
s_016um_00066_00125-1,-1.359283
s_016um_00141_00062-1,-1.1776488
s_016um_00040_00040-1,-1.7929077
s_016um_00267_00129-1,-1.7577994
s_016um_00215_00290-1,-1.5152615
s_016um_00227_00236-1,-1.3232163
s_016um_00157_00289-1,-1.0306957
s_016um_00210_00297-1,-1.435128
s_016um_00207_00147-1,-1.4513804
s_016um_00142_00021-1,-1.4452124
s_016um_00196_00097-1,-1.4762723
s_016um_00330_00122-1,-1.7477496
s_016um_00034_00330-1,-1.241353
s_016um_00397_00182-1,-1.3887118
s_016um_00081_00264-1,-1.4279158
s_016um_00240_00083-1,-1.2214993
s_016um_00127_00382-1,-1.3439717
s_016um_00322_00304-1,-1.544551
s_016um_00185_00027-1,-1.8460611
s_016um_00062_00133-1,-1.6256194
s_016um_00236_00360-1,-1.4276414
s_016um_00265_00331-1,-1.2961681
s_016um_00044_00173-1,-1.4819124
s_016um_00027_00336-1,-1.4684016
s_016um_00019_00268-1,-1.3600435
s_016um_00034_00003-1,-1.233033
s_016um_00029_00084-1,-1.557789
s_016um_00061_00249-1,-1.2410309
s_016um_00033_00335-1,-1.5236487
s_016um_00007_00295-1,-1.4295479
s_016um_00418_00140-1,-1.3761209
s_016um_00355_00412-1,-2.6858757
s_016um_00042_00211-1,-1.3058274
s_016um_00130_00089-1,-1.8580706
s_016um_00104_00385-1,-1.5856549
s_016um_00401_00121-1,-1.4431074
s_016um_00417_00139-1,-1.5332512
s_016um_00132_00094-1,-1.4767429
s_016um_00269_00333-1,-1.322916
s_016um_00194_00122-1,-1.7854
s_016um_00279_00048-1,-1.454532
s_016um_00217_00032-1,-1.3861594
s_016um_00211_00027-1,-1.34945
s_016um_00326_00169-1,-1.4828064
s_016um_00096_00339-1,-1.2797418
s_016um_00010_00211-1,-1.3037487
s_016um_00321_00228-1,-1.5276282
s_016um_00312_00060-1,-1.9302546
s_016um_00092_00338-1,-1.3579806
s_016um_00134_00074-1,-1.2818451
s_016um_00327_00217-1,-1.3328723
s_016um_00164_00288-1,-1.6642842
s_016um_00046_00237-1,-1.3832958
s_016um_00083_00031-1,-1.5056691
s_016um_00335_00258-1,-1.5573179
s_016um_00388_00129-1,-1.6042925
s_016um_00181_00024-1,-1.4740105
s_016um_00390_00345-1,-1.9249068
s_016um_00322_00298-1,-1.6238334
s_016um_00219_00235-1,-1.7771956
s_016um_00372_00142-1,-1.5793585
s_016um_00372_00117-1,-1.450375
s_016um_00231_00261-1,-1.3462441
s_016um_00360_00294-1,-1.3915296
s_016um_00390_00337-1,-1.5236812
s_016um_00045_00237-1,-1.7352169
s_016um_00259_00185-1,-2.0987167
s_016um_00395_00372-1,-1.69905
s_016um_00267_00062-1,-1.299393
s_016um_00151_00399-1,-1.4750475
s_016um_00153_00397-1,-1.5492035
s_016um_00270_00335-1,-1.7034956
s_016um_00324_00166-1,-1.5846626
s_016um_00224_00236-1,-1.4231017
s_016um_00399_00361-1,-1.9162593
s_016um_00354_00023-1,-1.8294804
s_016um_00279_00329-1,-1.4741172
s_016um_00221_00170-1,-1.4631262
s_016um_00233_00362-1,-1.4212828
s_016um_00222_00239-1,-1.4124889
s_016um_00189_00091-1,-1.4588839
s_016um_00078_00299-1,-1.2713742
s_016um_00007_00301-1,-1.3381956
s_016um_00268_00330-1,-1.5379572
s_016um_00289_00095-1,-1.4190708
s_016um_00281_00136-1,-1.4918282
s_016um_00410_00103-1,-1.5253742
s_016um_00278_00326-1,-1.4347547
s_016um_00137_00076-1,-1.4592049
s_016um_00041_00215-1,-1.7739946
s_016um_00193_00097-1,-1.6180515
s_016um_00095_00336-1,-1.2442708
s_016um_00095_00317-1,-1.4301375
s_016um_00244_00084-1,-1.516982
s_016um_00393_00183-1,-1.5265441
s_016um_00224_00170-1,-1.3031839
s_016um_00341_00220-1,-1.2107174
s_016um_00036_00008-1,-1.6855397
s_016um_00128_00385-1,-1.5620617
s_016um_00224_00232-1,-1.668673
s_016um_00129_00232-1,-1.431442
s_016um_00138_00021-1,-1.6709286
s_016um_00410_00104-1,-1.6587753
s_016um_00122_00148-1,-1.504019
s_016um_00082_00282-1,-1.4490441
s_016um_00094_00027-1,-1.2398257
s_016um_00235_00359-1,-1.6336974
s_016um_00325_00126-1,-1.2680908
s_016um_00277_00138-1,-1.3929741
s_016um_00171_00375-1,-1.5001968
s_016um_00199_00151-1,-1.2877917
s_016um_00356_00122-1,-1.6145335
s_016um_00192_00096-1,-1.6192895
s_016um_00404_00150-1,-1.4037665
s_016um_00266_00134-1,-1.3923453
s_016um_00224_00245-1,-1.3678639
s_016um_00347_00219-1,-1.5468943
s_016um_00380_00131-1,-1.4004041
s_016um_00091_00275-1,-1.329665
s_016um_00217_00010-1,-1.4661003
s_016um_00220_00014-1,-1.4962815
s_016um_00336_00402-1,-1.8453338
s_016um_00352_00026-1,-1.5511099
s_016um_00085_00195-1,-1.9782854
s_016um_00399_00372-1,-1.607007
s_016um_00129_00226-1,-1.3907661
s_016um_00394_00295-1,-1.3008479
s_016um_00054_00243-1,-1.5600153
s_016um_00117_00146-1,-1.2702156
s_016um_00275_00324-1,-1.6221641
s_016um_00326_00230-1,-1.3575243
s_016um_00335_00398-1,-2.1469808
s_016um_00371_00138-1,-1.4539826
s_016um_00194_00094-1,-1.4896986
s_016um_00037_00174-1,-1.5253011
s_016um_00257_00187-1,-1.3471326
s_016um_00096_00272-1,-1.4940413
s_016um_00104_00383-1,-1.5128117
s_016um_00400_00124-1,-1.7194468
s_016um_00139_00222-1,-1.3176068
s_016um_00273_00131-1,-1.1886089
s_016um_00220_00032-1,-1.5588334
s_016um_00079_00239-1,-1.3840427
s_016um_00360_00416-1,-3.5316572
s_016um_00011_00153-1,-1.6466702
s_016um_00322_00163-1,-1.5928956
s_016um_00042_00242-1,-2.0046165
s_016um_00413_00105-1,-1.4430008
s_016um_00220_00224-1,-1.3269174
s_016um_00369_00101-1,-1.2834744
s_016um_00061_00246-1,-1.2387333
s_016um_00043_00208-1,-1.17307
s_016um_00048_00214-1,-1.4181602
s_016um_00179_00030-1,-1.5586677
s_016um_00193_00092-1,-1.3604633
s_016um_00398_00370-1,-1.8038051
s_016um_00406_00397-1,-5.5269833
s_016um_00043_00215-1,-1.4681586
s_016um_00408_00105-1,-1.4524529
s_016um_00358_00411-1,-2.3630853
s_016um_00246_00083-1,-1.262572
s_016um_00080_00033-1,-1.5873628
s_016um_00395_00366-1,-1.6883804
s_016um_00363_00224-1,-1.4130799
s_016um_00225_00170-1,-1.2613733
s_016um_00241_00089-1,-1.18826
s_016um_00028_00085-1,-1.6146617
s_016um_00194_00128-1,-1.3707949
s_016um_00228_00245-1,-1.5002736
s_016um_00413_00101-1,-1.7903777
s_016um_00393_00179-1,-1.5300952
s_016um_00217_00231-1,-1.2880167
s_016um_00262_00337-1,-1.2949115
s_016um_00369_00142-1,-1.5436213
s_016um_00233_00358-1,-1.8545554
s_016um_00115_00146-1,-1.7491277
s_016um_00039_00172-1,-1.4804883
s_016um_00108_00390-1,-1.3604035
s_016um_00270_00029-1,-1.8065091
s_016um_00085_00200-1,-1.4550883
s_016um_00370_00118-1,-1.3317306
s_016um_00136_00222-1,-2.0899222
s_016um_00089_00278-1,-1.2102592
s_016um_00214_00011-1,-1.3205949
s_016um_00267_00331-1,-1.4835277
s_016um_00088_00065-1,-1.9096938
s_016um_00235_00189-1,-1.3724427
s_016um_00236_00093-1,-1.2311652
s_016um_00335_00404-1,-2.3544083
s_016um_00192_00127-1,-1.2566359
s_016um_00358_00294-1,-1.4036586
s_016um_00090_00276-1,-1.3295945
s_016um_00224_00226-1,-1.4461788
s_016um_00147_00059-1,-1.5442722
s_016um_00041_00041-1,-1.5356959
s_016um_00116_00151-1,-1.4718493
s_016um_00208_00291-1,-1.3910357
s_016um_00097_00066-1,-1.6576359
s_016um_00085_00032-1,-1.4197139
s_016um_00364_00226-1,-1.3006866
s_016um_00104_00390-1,-1.4375973
s_016um_00089_00272-1,-1.183095
s_016um_00098_00070-1,-1.3226275
s_016um_00224_00235-1,-1.3992985
s_016um_00168_00128-1,-1.3755549
s_016um_00223_00234-1,-1.4726887
s_016um_00109_00321-1,-2.4441903
s_016um_00067_00133-1,-1.4840982
s_016um_00067_00234-1,-1.4729087
s_016um_00222_00327-1,-1.4655064
s_016um_00097_00070-1,-1.7909164
s_016um_00366_00098-1,-1.4122394
s_016um_00396_00181-1,-1.1960824
s_016um_00133_00073-1,-1.3590093
s_016um_00094_00315-1,-1.5143033
s_016um_00219_00282-1,-1.556355
s_016um_00059_00243-1,-1.558416
s_016um_00403_00119-1,-1.6391456
s_016um_00321_00299-1,-1.5758181
s_016um_00082_00243-1,-1.2564414
s_016um_00415_00135-1,-1.7957159
s_016um_00255_00029-1,-1.5229949
s_016um_00321_00162-1,-1.6943134
s_016um_00137_00229-1,-1.7398595
s_016um_00039_00044-1,-1.3905603
s_016um_00247_00087-1,-1.4568369
s_016um_00368_00139-1,-1.5126401
s_016um_00283_00325-1,-1.6112018
s_016um_00066_00237-1,-1.7433288
s_016um_00325_00118-1,-1.9444438
s_016um_00006_00299-1,-1.2661719
s_016um_00219_00024-1,-1.2984855
s_016um_00266_00054-1,-1.3673506
s_016um_00262_00135-1,-1.2496114
s_016um_00117_00144-1,-1.9891502
s_016um_00128_00087-1,-1.2682874
s_016um_00239_00085-1,-1.2906414
s_016um_00015_00271-1,-1.9770288
s_016um_00166_00125-1,-1.4871633
s_016um_00334_00401-1,-2.2060416
s_016um_00396_00215-1,-1.631696
s_016um_00404_00124-1,-1.3041202
s_016um_00358_00290-1,-1.2250715
s_016um_00338_00399-1,-2.1284606
s_016um_00214_00015-1,-1.4260089
s_016um_00035_00006-1,-1.4282817
s_016um_00399_00219-1,-1.4060123
s_016um_00168_00374-1,-1.4136729
s_016um_00344_00214-1,-1.4464456
s_016um_00140_00060-1,-1.417384
s_016um_00231_00354-1,-1.5309806
s_016um_00225_00246-1,-1.7748842
s_016um_00216_00172-1,-1.3029294
s_016um_00101_00026-1,-1.4635282
s_016um_00146_00395-1,-1.4748787
s_016um_00401_00401-1,-5.89948
s_016um_00331_00250-1,-1.4132268
s_016um_00395_00364-1,-2.0874639
s_016um_00396_00256-1,-1.5721724
s_016um_00242_00188-1,-1.557909
s_016um_00085_00266-1,-1.2311966
s_016um_00274_00204-1,-1.6949012
s_016um_00307_00059-1,-1.4489542
s_016um_00087_00270-1,-1.4488677
s_016um_00345_00217-1,-1.3656116
s_016um_00278_00207-1,-1.2782015
s_016um_00272_00223-1,-1.6580988
s_016um_00397_00358-1,-1.511895
s_016um_00371_00097-1,-1.3345075
s_016um_00083_00028-1,-1.5981853
s_016um_00080_00269-1,-1.3866117
s_016um_00231_00088-1,-1.5934192
s_016um_00031_00086-1,-1.4914465
s_016um_00107_00391-1,-1.4389707
s_016um_00337_00397-1,-2.0191658
s_016um_00170_00378-1,-1.7865177
s_016um_00130_00225-1,-1.3145827
s_016um_00259_00133-1,-1.4564981
s_016um_00134_00231-1,-1.6156105
s_016um_00082_00272-1,-1.3845919
s_016um_00053_00246-1,-1.5938771
s_016um_00353_00121-1,-1.8211715
s_016um_00230_00262-1,-1.2739198
s_016um_00083_00034-1,-1.5987434
s_016um_00275_00206-1,-1.3834386
s_016um_00102_00073-1,-1.8140262
s_016um_00007_00210-1,-1.180151
s_016um_00200_00149-1,-1.4174803
s_016um_00399_00366-1,-1.861084
s_016um_00093_00340-1,-1.2665843
s_016um_00281_00133-1,-1.2440834
s_016um_00041_00099-1,-1.356743
s_016um_00388_00337-1,-1.6924059
s_016um_00264_00057-1,-1.4159117
s_016um_00352_00114-1,-1.4926544
s_016um_00013_00298-1,-1.2845787
s_016um_00261_00333-1,-1.3800547
s_016um_00265_00056-1,-1.3278229
s_016um_00091_00272-1,-1.3557665
s_016um_00166_00126-1,-1.351984
s_016um_00388_00130-1,-1.4782646
s_016um_00335_00254-1,-1.757141
s_016um_00395_00179-1,-1.4807599
s_016um_00411_00096-1,-1.820039
s_016um_00219_00277-1,-1.3957981
s_016um_00043_00206-1,-1.4484886
s_016um_00128_00382-1,-1.1704543
s_016um_00139_00055-1,-1.7984662
s_016um_00263_00056-1,-1.500299
s_016um_00222_00166-1,-1.3291036
s_016um_00277_00208-1,-1.3078109
s_016um_00159_00286-1,-1.4976056
s_016um_00344_00220-1,-2.0670943
s_016um_00331_00211-1,-1.5312301
s_016um_00407_00151-1,-1.4838766
s_016um_00136_00317-1,-1.9188688
s_016um_00370_00121-1,-1.3626348
s_016um_00402_00122-1,-1.6076874
s_016um_00375_00136-1,-1.3715618
s_016um_00284_00092-1,-1.3289188
s_016um_00105_00389-1,-1.2580612
s_016um_00282_00323-1,-1.6082882
s_016um_00212_00289-1,-1.2150756
s_016um_00076_00248-1,-1.2920027
s_016um_00040_00208-1,-1.7486894
s_016um_00084_00285-1,-1.2697718
s_016um_00194_00096-1,-1.4365366
s_016um_00361_00226-1,-1.4482344
s_016um_00272_00230-1,-1.4639096
s_016um_00217_00277-1,-1.4716014
s_016um_00012_00296-1,-1.2000102
s_016um_00223_00327-1,-1.512636
s_016um_00224_00250-1,-1.1859576
s_016um_00277_00131-1,-1.4332987
s_016um_00274_00315-1,-2.0032997
s_016um_00218_00225-1,-1.3102677
s_016um_00153_00399-1,-1.4289038
s_016um_00150_00401-1,-1.3785868
s_016um_00413_00137-1,-1.312205
s_016um_00274_00136-1,-1.3175988
s_016um_00322_00232-1,-1.3487473
s_016um_00084_00027-1,-1.4385651
s_016um_00101_00024-1,-1.3646536
s_016um_00218_00276-1,-1.3929172
s_016um_00349_00024-1,-1.1724098
s_016um_00272_00030-1,-1.4831737
s_016um_00215_00018-1,-1.6213065
s_016um_00258_00184-1,-1.1383789
s_016um_00067_00126-1,-1.3556035
s_016um_00386_00298-1,-1.1701125
s_016um_00217_00030-1,-1.4710598
s_016um_00007_00209-1,-1.6609423
s_016um_00095_00030-1,-1.5284879
s_016um_00007_00294-1,-1.3418753
s_016um_00252_00027-1,-1.5095397
s_016um_00276_00136-1,-1.4739634
s_016um_00357_00418-1,-4.5116954
s_016um_00092_00317-1,-1.4955068
s_016um_00398_00261-1,-1.5439918
s_016um_00335_00216-1,-1.4250503
s_016um_00398_00372-1,-2.2871275
s_016um_00210_00031-1,-1.9172969
s_016um_00211_00033-1,-1.3702259
s_016um_00382_00133-1,-1.8999144
s_016um_00165_00124-1,-1.5817275
s_016um_00321_00304-1,-1.4390198
s_016um_00078_00239-1,-1.34602
s_016um_00039_00049-1,-1.5688107
s_016um_00100_00066-1,-1.3027318
s_016um_00065_00230-1,-1.3732613
s_016um_00079_00267-1,-1.4502959
s_016um_00039_00104-1,-1.4818493
s_016um_00358_00095-1,-1.4801811
s_016um_00358_00093-1,-1.3309083
s_016um_00042_00209-1,-1.7923424
s_016um_00117_00150-1,-1.5842055
s_016um_00265_00034-1,-1.4962881
s_016um_00044_00177-1,-1.5055308
s_016um_00341_00216-1,-1.8183353
s_016um_00387_00339-1,-1.6993873
s_016um_00146_00396-1,-1.531824
s_016um_00129_00087-1,-1.7121863
s_016um_00368_00098-1,-1.7603428
s_016um_00395_00177-1,-1.6339214
s_016um_00274_00130-1,-1.648445
s_016um_00355_00019-1,-1.49617
s_016um_00367_00095-1,-1.6387347
s_016um_00356_00116-1,-1.708053
s_016um_00126_00092-1,-1.7159117
s_016um_00367_00143-1,-1.4087281
s_016um_00097_00024-1,-1.282028
s_016um_00080_00271-1,-1.2682862
s_016um_00088_00071-1,-1.6712539
s_016um_00057_00249-1,-1.6127849
s_016um_00039_00206-1,-1.4866177
s_016um_00011_00207-1,-1.635489
s_016um_00267_00334-1,-1.6883003
s_016um_00236_00186-1,-1.6202472
s_016um_00139_00017-1,-1.8875676
s_016um_00020_00267-1,-1.3623497
s_016um_00092_00274-1,-1.4633633
s_016um_00088_00035-1,-1.311936
s_016um_00411_00098-1,-1.2886087
s_016um_00354_00413-1,-2.657312
s_016um_00239_00089-1,-1.5826045
s_016um_00353_00094-1,-1.3400842
s_016um_00177_00026-1,-1.46857
s_016um_00405_00403-1,-5.159294
s_016um_00386_00133-1,-1.0241253
s_016um_00215_00010-1,-2.0337598
s_016um_00326_00168-1,-1.3064102
s_016um_00348_00217-1,-1.7101051
s_016um_00043_00243-1,-1.3985171
s_016um_00240_00086-1,-1.752169
s_016um_00138_00019-1,-1.4756982
s_016um_00210_00291-1,-1.4799271
s_016um_00275_00315-1,-2.8033514
s_016um_00368_00103-1,-1.6803005
s_016um_00391_00364-1,-2.1355648
s_016um_00267_00053-1,-1.3243707
s_016um_00354_00292-1,-1.3591256
s_016um_00371_00118-1,-1.3627994
s_016um_00081_00266-1,-1.483879
s_016um_00080_00244-1,-1.3557074
s_016um_00323_00300-1,-1.5251342
s_016um_00004_00155-1,-1.4318373
s_016um_00036_00010-1,-1.88646
s_016um_00275_00048-1,-1.4342394
s_016um_00265_00188-1,-1.3513122
s_016um_00276_00316-1,-1.905911
s_016um_00328_00211-1,-1.5463383
s_016um_00161_00284-1,-1.456892
s_016um_00080_00237-1,-1.3484693
s_016um_00014_00210-1,-2.0431046
s_016um_00033_00333-1,-1.3676465
s_016um_00227_00231-1,-1.4693695
s_016um_00039_00207-1,-1.3305569
s_016um_00243_00183-1,-1.4507077
s_016um_00140_00075-1,-1.3707848
s_016um_00367_00098-1,-1.2983773
s_016um_00042_00203-1,-1.4441448
s_016um_00014_00267-1,-1.5246471
s_016um_00285_00098-1,-1.2414334
s_016um_00269_00060-1,-1.7144966
s_016um_00213_00280-1,-1.234049
s_016um_00278_00318-1,-1.5345513
s_016um_00375_00146-1,-1.3910797
s_016um_00354_00293-1,-1.3527212
s_016um_00038_00177-1,-1.3129905
s_016um_00043_00044-1,-1.6516055
s_016um_00160_00288-1,-1.4145375
s_016um_00350_00026-1,-1.4582927
s_016um_00328_00300-1,-1.3063022
s_016um_00327_00166-1,-1.4426982
s_016um_00273_00046-1,-1.3333902
s_016um_00390_00362-1,-2.1088898
s_016um_00263_00058-1,-1.4840003
s_016um_00138_00073-1,-1.3906488
s_016um_00022_00267-1,-1.5485742
s_016um_00260_00135-1,-1.3512615
s_016um_00404_00120-1,-1.276107
s_016um_00039_00101-1,-1.9971664
s_016um_00390_00339-1,-1.475557
s_016um_00363_00229-1,-1.1765279
s_016um_00216_00032-1,-1.4021251
s_016um_00054_00244-1,-1.3628174
s_016um_00034_00329-1,-1.3562864
s_016um_00231_00356-1,-1.5673275
s_016um_00193_00127-1,-1.3831493
s_016um_00282_00315-1,-1.3088193
s_016um_00271_00060-1,-1.3973279
s_016um_00082_00287-1,-1.360842
s_016um_00158_00293-1,-1.3303144
s_016um_00354_00415-1,-2.974089
s_016um_00224_00240-1,-1.3245838
s_016um_00276_00317-1,-1.4734651
s_016um_00015_00266-1,-1.7721783
s_016um_00340_00215-1,-1.456961
s_016um_00146_00058-1,-1.6966244
s_016um_00097_00316-1,-1.549432
s_016um_00271_00230-1,-1.5192069
s_016um_00085_00198-1,-1.5016462
s_016um_00235_00266-1,-1.309965
s_016um_00004_00153-1,-1.7052296
s_016um_00242_00189-1,-1.7138617
s_016um_00042_00219-1,-1.3501291
s_016um_00415_00137-1,-1.7197537
s_016um_00086_00034-1,-1.3559505
s_016um_00226_00252-1,-1.3030987
s_016um_00139_00056-1,-1.8885779
s_016um_00374_00125-1,-1.4157357
s_016um_00417_00135-1,-1.2846587
s_016um_00131_00230-1,-1.6082205
s_016um_00169_00371-1,-1.385907
s_016um_00402_00152-1,-1.6708096
s_016um_00276_00205-1,-1.1916115
s_016um_00040_00218-1,-1.6309558
s_016um_00131_00089-1,-1.4349233
s_016um_00231_00355-1,-1.3979759
s_016um_00242_00182-1,-1.3835009
s_016um_00406_00125-1,-1.3995919
s_016um_00233_00090-1,-1.7567065
s_016um_00099_00338-1,-1.5730984
s_016um_00269_00056-1,-1.7080048
s_016um_00225_00330-1,-1.2871158
s_016um_00251_00024-1,-1.5107652
s_016um_00115_00150-1,-1.6746708
s_016um_00339_00399-1,-2.7143908
s_016um_00147_00056-1,-1.4236596
s_016um_00160_00289-1,-1.4427319
s_016um_00279_00321-1,-1.4670516
s_016um_00088_00264-1,-1.2571182
s_016um_00237_00264-1,-1.4133985
s_016um_00040_00215-1,-2.2400968
s_016um_00040_00175-1,-1.685772
s_016um_00362_00289-1,-1.245084
s_016um_00121_00146-1,-1.4744602
s_016um_00387_00128-1,-1.3033139
s_016um_00119_00146-1,-1.2087911
s_016um_00042_00243-1,-1.6044353
s_016um_00397_00179-1,-1.6889536
s_016um_00037_00104-1,-1.5492042
s_016um_00257_00192-1,-1.5956314
s_016um_00246_00082-1,-1.4262834
s_016um_00237_00182-1,-1.2290099
s_016um_00090_00272-1,-1.9616948
s_016um_00040_00046-1,-1.5466449
s_016um_00235_00092-1,-1.4411716
s_016um_00334_00398-1,-1.6697209
s_016um_00399_00212-1,-1.6168439
s_016um_00141_00017-1,-1.3786998
s_016um_00070_00232-1,-1.4156767
s_016um_00337_00256-1,-1.417289
s_016um_00130_00229-1,-1.2553363
s_016um_00206_00145-1,-1.3843375
s_016um_00224_00230-1,-1.7118729
s_016um_00141_00056-1,-1.4538417
s_016um_00065_00133-1,-1.435874
s_016um_00142_00013-1,-1.548813
s_016um_00367_00102-1,-1.3069209
s_016um_00140_00077-1,-1.5832562
s_016um_00181_00029-1,-1.4320136
s_016um_00281_00323-1,-1.7960389
s_016um_00406_00151-1,-1.4873037
s_016um_00390_00341-1,-2.777937
s_016um_00223_00030-1,-1.8413665
s_016um_00083_00281-1,-1.3362155
s_016um_00260_00032-1,-1.8239475
s_016um_00098_00023-1,-1.4226352
s_016um_00254_00020-1,-2.1392624
s_016um_00310_00060-1,-1.6677136
s_016um_00373_00118-1,-1.4301682
s_016um_00278_00325-1,-1.4425347
s_016um_00355_00089-1,-1.7455369
s_016um_00270_00056-1,-1.2729609
s_016um_00098_00319-1,-1.3685641
s_016um_00039_00097-1,-1.5331157
s_016um_00236_00088-1,-1.4046491
s_016um_00043_00041-1,-1.4747568
s_016um_00233_00264-1,-1.5619265
s_016um_00270_00033-1,-1.4686321
s_016um_00171_00126-1,-1.5547955
s_016um_00343_00220-1,-1.9794551
s_016um_00170_00127-1,-1.5282573
s_016um_00175_00374-1,-1.8267009
s_016um_00236_00184-1,-1.5491916
s_016um_00135_00232-1,-1.3047801
s_016um_00239_00090-1,-1.3734114
s_016um_00089_00069-1,-1.4277198
s_016um_00073_00247-1,-1.2396507
s_016um_00287_00093-1,-1.5533266
s_016um_00253_00020-1,-1.4944557
s_016um_00274_00207-1,-1.3646767
s_016um_00375_00142-1,-1.3806825
s_016um_00356_00117-1,-1.7118677
s_016um_00103_00385-1,-1.6127615
s_016um_00046_00214-1,-1.5491433
s_016um_00355_00090-1,-1.7972118
s_016um_00391_00179-1,-1.4353926
s_016um_00166_00122-1,-1.3457807
s_016um_00361_00287-1,-1.5609595
s_016um_00340_00396-1,-2.0423915
s_016um_00372_00123-1,-1.4908451
s_016um_00276_00130-1,-1.3693583
s_016um_00057_00243-1,-1.3190418
s_016um_00080_00282-1,-1.5735883
s_016um_00273_00230-1,-1.4829762
s_016um_00309_00054-1,-1.3770889
s_016um_00172_00371-1,-1.62138
s_016um_00196_00122-1,-1.3336256
s_016um_00043_00171-1,-1.6051321
s_016um_00341_00404-1,-1.7462358
s_016um_00191_00125-1,-1.3464756
s_016um_00084_00034-1,-1.5204866
s_016um_00356_00094-1,-1.3140804
s_016um_00282_00327-1,-1.627781
s_016um_00407_00396-1,-5.2464075
s_016um_00325_00119-1,-1.7065396
s_016um_00410_00098-1,-1.2737265
s_016um_00387_00344-1,-2.1544538
s_016um_00222_00330-1,-1.2919058
s_016um_00167_00128-1,-1.3695636
s_016um_00400_00366-1,-1.4607064
s_016um_00163_00285-1,-1.3733126
s_016um_00265_00031-1,-1.6214409
s_016um_00266_00029-1,-1.7469186
s_016um_00338_00400-1,-1.7974515
s_016um_00044_00245-1,-1.5173949
s_016um_00080_00248-1,-1.4194613
s_016um_00328_00228-1,-1.3015571
s_016um_00358_00291-1,-1.4164166
s_016um_00076_00239-1,-1.3065972
s_016um_00122_00149-1,-1.4028658
s_016um_00377_00135-1,-1.49137
s_016um_00331_00212-1,-1.584562
s_016um_00142_00015-1,-1.4719586
s_016um_00099_00315-1,-1.764919
s_016um_00010_00158-1,-1.3785996
s_016um_00268_00061-1,-1.5075226
s_016um_00371_00148-1,-1.6764407
s_016um_00220_00232-1,-1.5457275
s_016um_00333_00254-1,-1.8617698
s_016um_00366_00099-1,-1.5134447
s_016um_00280_00311-1,-1.7894138
s_016um_00216_00017-1,-1.5927356
s_016um_00064_00232-1,-1.6370945
s_016um_00260_00132-1,-1.3478976
s_016um_00043_00242-1,-2.3796165
s_016um_00361_00289-1,-1.502624
s_016um_00402_00256-1,-1.461839
s_016um_00100_00024-1,-1.3894289
s_016um_00034_00104-1,-1.378935
s_016um_00184_00025-1,-1.3984718
s_016um_00094_00026-1,-1.4430058
s_016um_00223_00236-1,-1.2913532
s_016um_00400_00254-1,-1.1252741
s_016um_00048_00240-1,-1.3065624
s_016um_00046_00239-1,-1.4795845
s_016um_00068_00237-1,-1.2252785
s_016um_00147_00395-1,-1.6011539
s_016um_00348_00219-1,-1.4481969
s_016um_00229_00330-1,-1.5455294
s_016um_00085_00281-1,-1.2694329
s_016um_00325_00163-1,-1.5106317
s_016um_00020_00265-1,-1.1659493
s_016um_00354_00093-1,-1.6168739
s_016um_00226_00250-1,-1.3920931
s_016um_00245_00082-1,-1.4541254
s_016um_00271_00229-1,-1.7446535
s_016um_00190_00090-1,-1.6233394
s_016um_00374_00147-1,-1.8098401
s_016um_00220_00168-1,-1.547769
s_016um_00103_00072-1,-1.702475
s_016um_00280_00050-1,-1.5397102
s_016um_00307_00056-1,-1.6421883
s_016um_00081_00284-1,-1.3439385
s_016um_00012_00208-1,-1.4976288
s_016um_00068_00132-1,-1.3064331
s_016um_00097_00318-1,-1.3098514
s_016um_00241_00086-1,-1.4951142
s_016um_00336_00255-1,-1.32009
s_016um_00289_00094-1,-1.8214052
s_016um_00064_00129-1,-1.4047878
s_016um_00264_00061-1,-1.7340153
s_016um_00006_00158-1,-1.6390269
s_016um_00086_00035-1,-1.7929513
s_016um_00144_00062-1,-1.425168
s_016um_00038_00179-1,-1.903337
s_016um_00269_00028-1,-1.542922
s_016um_00136_00232-1,-1.4752895
s_016um_00307_00054-1,-1.3888898
s_016um_00027_00092-1,-1.6018412
s_016um_00085_00031-1,-1.3422914
s_016um_00283_00096-1,-1.6623553
s_016um_00056_00249-1,-1.6035779
s_016um_00354_00092-1,-1.501075
s_016um_00128_00092-1,-1.332893
s_016um_00408_00153-1,-1.4423732
s_016um_00260_00190-1,-1.5114195
s_016um_00228_00261-1,-1.4395552
s_016um_00329_00256-1,-1.6045623
s_016um_00134_00315-1,-2.1747735
s_016um_00278_00205-1,-1.6630937
s_016um_00346_00214-1,-1.2724118
s_016um_00073_00248-1,-1.3280718
s_016um_00213_00034-1,-1.5221666
s_016um_00220_00169-1,-1.1725228
s_016um_00144_00016-1,-1.5667446
s_016um_00132_00225-1,-1.3386154
s_016um_00394_00370-1,-1.6912646
s_016um_00217_00017-1,-1.5579488
s_016um_00091_00337-1,-1.3328415
s_016um_00088_00067-1,-1.6226399
s_016um_00084_00070-1,-1.6505336
s_016um_00229_00249-1,-1.305958
s_016um_00242_00090-1,-1.4585478
s_016um_00384_00134-1,-1.4317963
s_016um_00114_00319-1,-1.5054394
s_016um_00225_00027-1,-1.5857939
s_016um_00172_00378-1,-1.4869187
s_016um_00264_00190-1,-1.5500213
s_016um_00035_00101-1,-1.3937947
s_016um_00356_00417-1,-3.8429074
s_016um_00212_00280-1,-1.4424523
s_016um_00274_00209-1,-1.2264125
s_016um_00107_00321-1,-1.4171926
s_016um_00136_00320-1,-2.198996
s_016um_00123_00148-1,-1.9877964
s_016um_00014_00208-1,-1.4424195
s_016um_00068_00128-1,-1.5309666
s_016um_00083_00294-1,-1.3416647
s_016um_00319_00163-1,-1.6019518
s_016um_00059_00247-1,-1.5770284
s_016um_00037_00101-1,-1.4926927
s_016um_00355_00417-1,-3.455082
s_016um_00086_00071-1,-1.5854802
s_016um_00331_00126-1,-1.314255
s_016um_00378_00135-1,-1.406168
s_016um_00404_00394-1,-5.420665
s_016um_00068_00238-1,-1.531791
s_016um_00335_00251-1,-1.822851
s_016um_00110_00315-1,-1.6256002
s_016um_00043_00177-1,-1.2739713
s_016um_00325_00125-1,-1.3337009
s_016um_00351_00092-1,-1.604953
s_016um_00255_00034-1,-1.6302937
s_016um_00365_00229-1,-1.3330997
s_016um_00042_00213-1,-1.6007437
s_016um_00344_00211-1,-1.3088151
s_016um_00373_00146-1,-1.4244102
s_016um_00041_00042-1,-1.4419702
s_016um_00235_00262-1,-1.4004835
s_016um_00273_00332-1,-1.565693
s_016um_00044_00214-1,-1.4648765
s_016um_00206_00148-1,-1.5067387
s_016um_00287_00097-1,-1.6055671
s_016um_00118_00144-1,-1.2153774
s_016um_00221_00283-1,-1.4123468
s_016um_00280_00326-1,-1.2206154
s_016um_00372_00139-1,-2.2831926
s_016um_00387_00133-1,-1.5668883
s_016um_00029_00335-1,-1.3887222
s_016um_00097_00320-1,-1.3974305
s_016um_00263_00335-1,-1.6407434
s_016um_00133_00314-1,-2.6277041
s_016um_00358_00285-1,-1.5298326
s_016um_00416_00138-1,-1.480789
s_016um_00348_00023-1,-1.326804
s_016um_00358_00418-1,-4.7151637
s_016um_00225_00231-1,-1.3597219
s_016um_00366_00226-1,-1.5912051
s_016um_00270_00062-1,-1.3445486
s_016um_00219_00174-1,-1.4850086
s_016um_00393_00341-1,-1.5330119
s_016um_00363_00290-1,-1.3437458
s_016um_00070_00231-1,-1.4398254
s_016um_00228_00328-1,-1.279183
s_016um_00213_00281-1,-1.3532317
s_016um_00170_00372-1,-1.4633372
s_016um_00089_00277-1,-1.2934788
s_016um_00080_00281-1,-1.4161875
s_016um_00085_00071-1,-1.5332111
s_016um_00237_00085-1,-1.5192742
s_016um_00061_00131-1,-1.5222434
s_016um_00089_00266-1,-1.3126813
s_016um_00136_00077-1,-1.385566
s_016um_00338_00396-1,-1.9195858
s_016um_00092_00266-1,-1.3991637
s_016um_00257_00184-1,-1.6140292
s_016um_00218_00031-1,-1.5296746
s_016um_00173_00373-1,-1.3169594
s_016um_00087_00069-1,-1.6014508
s_016um_00213_00029-1,-1.3568194
s_016um_00327_00303-1,-1.7900203
s_016um_00344_00215-1,-1.2417722
s_016um_00107_00388-1,-1.4111854
s_016um_00126_00090-1,-1.4872003
s_016um_00320_00301-1,-1.4243371
s_016um_00267_00228-1,-1.4274101
s_016um_00259_00028-1,-1.7106904
s_016um_00009_00295-1,-1.6044562
s_016um_00328_00254-1,-1.4691585
s_016um_00038_00099-1,-1.7718459
s_016um_00222_00237-1,-1.3741812
s_016um_00328_00229-1,-1.3857343
s_016um_00337_00401-1,-1.9893733
s_016um_00369_00227-1,-1.7561126
s_016um_00036_00044-1,-1.3561797
s_016um_00275_00134-1,-1.5830728
s_016um_00139_00061-1,-1.3908281
s_016um_00327_00231-1,-1.2860575
s_016um_00330_00255-1,-1.6221708
s_016um_00326_00122-1,-1.2986572
s_016um_00048_00245-1,-1.4458401
s_016um_00273_00205-1,-1.3909459
s_016um_00322_00300-1,-1.5679293
s_016um_00334_00251-1,-1.6001763
s_016um_00133_00089-1,-1.6870801
s_016um_00336_00214-1,-1.4617091
s_016um_00006_00211-1,-1.7310275
s_016um_00081_00298-1,-1.3005545
s_016um_00238_00356-1,-1.1710765
s_016um_00138_00218-1,-1.6366389
s_016um_00218_00168-1,-1.4086655
s_016um_00265_00338-1,-1.5527904
s_016um_00271_00331-1,-1.3600398
s_016um_00390_00294-1,-1.3581002
s_016um_00039_00048-1,-1.7839231
s_016um_00352_00119-1,-1.4702713
s_016um_00100_00322-1,-1.5176351
s_016um_00369_00098-1,-1.2553048
s_016um_00067_00229-1,-1.4506754
s_016um_00146_00017-1,-1.3785676
s_016um_00223_00173-1,-1.6514177
s_016um_00098_00341-1,-1.2586031
s_016um_00402_00402-1,-6.0146303
s_016um_00241_00087-1,-2.437383
s_016um_00266_00331-1,-1.4854618
s_016um_00262_00332-1,-1.4633293
s_016um_00372_00100-1,-1.8201597
s_016um_00255_00028-1,-1.6162637
s_016um_00209_00290-1,-1.3938918
s_016um_00103_00070-1,-1.6590528
s_016um_00363_00223-1,-1.6680259
s_016um_00355_00415-1,-4.6490784
s_016um_00033_00332-1,-1.3426133
s_016um_00336_00401-1,-1.6556871
s_016um_00083_00068-1,-1.5000007
s_016um_00407_00153-1,-1.477826
s_016um_00346_00213-1,-1.1662515
s_016um_00017_00269-1,-1.3820457
s_016um_00387_00134-1,-1.3342222
s_016um_00359_00412-1,-2.9756086
s_016um_00249_00023-1,-1.5633405
s_016um_00334_00213-1,-1.4455113
s_016um_00135_00229-1,-1.6919087
s_016um_00232_00090-1,-1.3533723
s_016um_00352_00021-1,-1.2899787
s_016um_00367_00100-1,-1.4700313
s_016um_00381_00130-1,-1.3970029
s_016um_00248_00026-1,-1.4712907
s_016um_00097_00029-1,-1.4461063
s_016um_00132_00226-1,-1.2348146
s_016um_00393_00292-1,-1.4886931
s_016um_00135_00231-1,-1.4380109
s_016um_00140_00220-1,-1.3634062
s_016um_00368_00124-1,-1.5029712
s_016um_00170_00376-1,-1.6570092
s_016um_00357_00293-1,-1.8085018
s_016um_00377_00139-1,-1.7253388
s_016um_00130_00316-1,-1.6325092
s_016um_00226_00333-1,-1.3704228
s_016um_00226_00231-1,-1.3554815
s_016um_00240_00186-1,-1.2100749
s_016um_00042_00101-1,-1.4742627
s_016um_00225_00245-1,-1.495504
s_016um_00008_00154-1,-1.6354287
s_016um_00167_00374-1,-1.2315617
s_016um_00079_00032-1,-1.4452705
s_016um_00370_00102-1,-1.756031
s_016um_00330_00217-1,-1.5689844
s_016um_00215_00035-1,-1.2979927
s_016um_00190_00093-1,-1.4696037
s_016um_00339_00404-1,-1.7470016
s_016um_00236_00262-1,-1.5674438
s_016um_00083_00299-1,-1.5036246
s_016um_00010_00293-1,-1.8093859
s_016um_00288_00096-1,-1.326861
s_016um_00290_00100-1,-1.5101236
s_016um_00074_00238-1,-1.3363973
s_016um_00228_00243-1,-1.5168065
s_016um_00383_00127-1,-1.3946106
s_016um_00076_00236-1,-1.2806982
s_016um_00089_00267-1,-1.4164933
s_016um_00240_00189-1,-1.3086191
s_016um_00359_00119-1,-1.3870819
s_016um_00009_00300-1,-1.430081
s_016um_00005_00153-1,-1.362694
s_016um_00140_00221-1,-1.4653983
s_016um_00370_00225-1,-1.3757055
s_016um_00269_00228-1,-1.2212741
s_016um_00141_00076-1,-1.8456746
s_016um_00163_00286-1,-1.3052117
s_016um_00319_00162-1,-1.6926808
s_016um_00071_00237-1,-1.4093689
s_016um_00279_00314-1,-1.3759029
s_016um_00274_00202-1,-1.6141648
s_016um_00017_00267-1,-1.5921917
s_016um_00229_00247-1,-1.3024573
s_016um_00077_00246-1,-1.4159746
s_016um_00224_00330-1,-1.3663642
s_016um_00106_00390-1,-1.2960379
s_016um_00324_00233-1,-1.639095
s_016um_00355_00093-1,-1.3756933
s_016um_00270_00057-1,-1.1807499
s_016um_00274_00223-1,-1.5835462
s_016um_00227_00329-1,-1.3453892
s_016um_00131_00228-1,-1.367191
s_016um_00068_00233-1,-1.433306
s_016um_00275_00312-1,-1.435461
s_016um_00080_00201-1,-1.4762137
s_016um_00091_00273-1,-1.2855742
s_016um_00073_00244-1,-1.3390152
s_016um_00040_00045-1,-1.5993537
s_016um_00170_00374-1,-1.421154
s_016um_00218_00009-1,-1.2869712
s_016um_00195_00094-1,-1.5680815
s_016um_00276_00328-1,-1.6750532
s_016um_00032_00334-1,-1.6162442
s_016um_00075_00293-1,-1.5173109
s_016um_00078_00245-1,-1.2865145
s_016um_00267_00336-1,-1.2148391
s_016um_00230_00244-1,-1.4916464
s_016um_00096_00273-1,-1.302633
s_016um_00325_00302-1,-1.3761349
s_016um_00231_00357-1,-1.560899
s_016um_00373_00121-1,-1.3893138
s_016um_00336_00400-1,-2.4142916
s_016um_00357_00291-1,-1.739337
s_016um_00400_00126-1,-1.533397
s_016um_00095_00335-1,-1.4229611
s_016um_00267_00227-1,-1.5603197
s_016um_00066_00235-1,-1.4600544
s_016um_00183_00033-1,-1.4779297
s_016um_00236_00267-1,-1.4765396
s_016um_00202_00152-1,-1.4859844
s_016um_00324_00224-1,-2.0443063
s_016um_00268_00335-1,-1.3838228
s_016um_00415_00099-1,-1.4442488
s_016um_00097_00340-1,-1.4903535
s_016um_00077_00241-1,-1.426981
s_016um_00258_00192-1,-1.2963719
s_016um_00093_00322-1,-1.320137
s_016um_00216_00229-1,-1.4349413
s_016um_00029_00092-1,-1.1984347
s_016um_00278_00312-1,-1.4390347
s_016um_00106_00069-1,-1.3497846
s_016um_00266_00133-1,-1.600693
s_016um_00218_00172-1,-1.5167388
s_016um_00267_00224-1,-1.5163465
s_016um_00334_00218-1,-1.2100421
s_016um_00031_00335-1,-1.2327336
s_016um_00251_00027-1,-1.558805
s_016um_00107_00315-1,-1.5041808
s_016um_00040_00050-1,-1.4151297
s_016um_00236_00183-1,-1.2179116
s_016um_00236_00087-1,-1.7523466
s_016um_00136_00219-1,-1.4523284
s_016um_00224_00027-1,-1.8715634
s_016um_00324_00167-1,-1.7137481
s_016um_00408_00402-1,-5.5158415
s_016um_00401_00399-1,-4.115609
s_016um_00391_00358-1,-2.2010565
s_016um_00137_00071-1,-1.6749505
s_016um_00189_00098-1,-1.4004033
s_016um_00218_00024-1,-1.5530396
s_016um_00048_00212-1,-1.3964375
s_016um_00280_00327-1,-1.454737
s_016um_00372_00140-1,-1.68065
s_016um_00356_00412-1,-2.6544702
s_016um_00407_00100-1,-1.5812422
s_016um_00244_00086-1,-1.2094508
s_016um_00310_00059-1,-1.5915267
s_016um_00137_00069-1,-1.3810138
s_016um_00044_00237-1,-1.3049579
s_016um_00096_00318-1,-1.3603821
s_016um_00083_00240-1,-1.3646894
s_016um_00093_00269-1,-1.3018624
s_016um_00146_00401-1,-1.3575767
s_016um_00400_00120-1,-1.5484056
s_016um_00039_00042-1,-1.3566201
s_016um_00067_00235-1,-1.3769906
s_016um_00088_00269-1,-1.2270676
s_016um_00196_00123-1,-1.6447719
s_016um_00270_00337-1,-1.3046206
s_016um_00360_00415-1,-3.8846376
s_016um_00272_00051-1,-1.3407537
s_016um_00216_00170-1,-1.6528018
s_016um_00369_00140-1,-1.4842055
s_016um_00128_00229-1,-1.5331385
s_016um_00126_00385-1,-1.7979867
s_016um_00321_00224-1,-1.2866218
s_016um_00166_00127-1,-1.2954421
s_016um_00352_00115-1,-1.2448732
s_016um_00030_00335-1,-1.5443641
s_016um_00395_00367-1,-1.7166566
s_016um_00267_00128-1,-1.5160052
s_016um_00032_00336-1,-1.524351
s_016um_00356_00096-1,-1.3716477
s_016um_00266_00135-1,-1.4268229
s_016um_00395_00343-1,-1.9016479
s_016um_00011_00299-1,-1.1297579
s_016um_00262_00188-1,-1.3341461
s_016um_00158_00288-1,-1.443351
s_016um_00111_00318-1,-1.4915235
s_016um_00179_00025-1,-1.3929349
s_016um_00147_00018-1,-1.5643387
s_016um_00268_00036-1,-1.3161337
s_016um_00216_00231-1,-1.2853007
s_016um_00358_00412-1,-3.7614872
s_016um_00233_00087-1,-1.3560679
s_016um_00289_00099-1,-1.5016441
s_016um_00199_00147-1,-1.2305489
s_016um_00330_00258-1,-1.6323577
s_016um_00248_00085-1,-1.3040003
s_016um_00038_00047-1,-2.074145
s_016um_00190_00123-1,-1.9037036
s_016um_00268_00222-1,-1.3529899
s_016um_00048_00239-1,-1.4536114
s_016um_00045_00216-1,-1.4412439
s_016um_00274_00135-1,-1.1999186
s_016um_00264_00187-1,-1.9771924
s_016um_00144_00022-1,-1.8444295
s_016um_00372_00097-1,-1.3189905
s_016um_00355_00114-1,-1.5414158
s_016um_00371_00099-1,-1.3945229
s_016um_00132_00234-1,-1.4968379
s_016um_00280_00049-1,-2.1819217
s_016um_00264_00135-1,-1.808416
s_016um_00241_00085-1,-1.2554305
s_016um_00359_00417-1,-3.690688
s_016um_00101_00073-1,-1.5367665
s_016um_00240_00087-1,-1.5025126
s_016um_00407_00397-1,-4.448618
s_016um_00276_00322-1,-1.4055301
s_016um_00071_00232-1,-1.3592916
s_016um_00231_00260-1,-1.3186353
s_016um_00139_00071-1,-1.6225294
s_016um_00358_00117-1,-1.5745548
s_016um_00196_00127-1,-1.3390235
s_016um_00308_00054-1,-1.6846087
s_016um_00389_00343-1,-2.3159387
s_016um_00228_00238-1,-1.5932326
s_016um_00327_00299-1,-1.2933162
s_016um_00061_00244-1,-1.3726162
s_016um_00403_00263-1,-1.8519107
s_016um_00101_00383-1,-1.464042
s_016um_00223_00232-1,-1.4335566
s_016um_00128_00320-1,-1.2239482
s_016um_00269_00027-1,-1.3200486
s_016um_00027_00087-1,-1.7221951
s_016um_00006_00293-1,-1.2874475
s_016um_00224_00231-1,-1.5298554
s_016um_00327_00304-1,-1.622313
s_016um_00178_00025-1,-1.425358
s_016um_00036_00104-1,-1.2709061
s_016um_00380_00132-1,-1.6086823
s_016um_00367_00222-1,-1.3950377
s_016um_00272_00204-1,-1.5317501
s_016um_00068_00127-1,-1.4008044
s_016um_00350_00093-1,-1.5905964
s_016um_00087_00267-1,-1.6281114
s_016um_00331_00219-1,-1.3322481
s_016um_00321_00231-1,-1.4625238
s_016um_00395_00181-1,-2.1269553
s_016um_00076_00238-1,-1.6708126
s_016um_00407_00150-1,-2.1615977
s_016um_00078_00244-1,-1.4959925
s_016um_00252_00021-1,-1.3993391
s_016um_00353_00118-1,-1.4940612
s_016um_00345_00216-1,-1.3760746
s_016um_00417_00137-1,-1.8528397
s_016um_00276_00313-1,-1.4588666
s_016um_00039_00099-1,-1.8753561
s_016um_00237_00358-1,-1.5612044
s_016um_00159_00290-1,-1.344583
s_016um_00098_00065-1,-1.3771732
s_016um_00223_00246-1,-1.1867336
s_016um_00142_00061-1,-1.4927765
s_016um_00061_00247-1,-1.4693512
s_016um_00032_00085-1,-1.530911
s_016um_00149_00402-1,-1.5818434
s_016um_00220_00171-1,-1.2880615
s_016um_00229_00248-1,-1.2811048
s_016um_00187_00094-1,-1.3906031
s_016um_00389_00341-1,-2.241043
s_016um_00390_00342-1,-2.2932615
s_016um_00231_00265-1,-1.4306133
s_016um_00308_00055-1,-1.2406496
s_016um_00188_00091-1,-1.7456702
s_016um_00045_00175-1,-1.5268848
s_016um_00406_00154-1,-1.6560949
s_016um_00125_00388-1,-1.3513407
s_016um_00372_00116-1,-1.3844606
s_016um_00280_00203-1,-1.3254881
s_016um_00357_00294-1,-1.6140162
s_016um_00331_00118-1,-1.5494832
s_016um_00202_00145-1,-1.719648
s_016um_00012_00209-1,-1.5257936
s_016um_00262_00192-1,-1.4339702
s_016um_00216_00228-1,-1.4687021
s_016um_00206_00150-1,-1.2387822
s_016um_00095_00273-1,-1.2791342
s_016um_00269_00033-1,-1.3883849
s_016um_00274_00137-1,-1.5846105
s_016um_00133_00092-1,-1.4978691
s_016um_00185_00031-1,-1.2479103
s_016um_00330_00124-1,-1.1873736
s_016um_00401_00260-1,-1.4837492
s_016um_00228_00265-1,-1.4874489
s_016um_00205_00152-1,-1.6801016
s_016um_00401_00213-1,-1.3312557
s_016um_00086_00198-1,-1.4971737
s_016um_00234_00354-1,-2.1469219
s_016um_00215_00032-1,-1.5608083
s_016um_00029_00333-1,-1.5503081
s_016um_00207_00293-1,-1.393261
s_016um_00034_00007-1,-1.5725532
s_016um_00124_00388-1,-1.5571104
s_016um_00090_00066-1,-1.5670449
s_016um_00037_00172-1,-1.4187403
s_016um_00169_00378-1,-1.2408904
s_016um_00255_00026-1,-1.7933271
s_016um_00132_00086-1,-1.4322503
s_016um_00393_00344-1,-2.234173
s_016um_00277_00316-1,-1.4033917
s_016um_00163_00293-1,-1.4651947
s_016um_00065_00131-1,-1.4759064
s_016um_00213_00277-1,-1.3643557
s_016um_00106_00383-1,-1.4782248
s_016um_00103_00388-1,-1.3450582
s_016um_00060_00129-1,-1.4735248
s_016um_00228_00334-1,-1.3646322
s_016um_00136_00226-1,-1.4917727
s_016um_00173_00370-1,-1.8178538
s_016um_00393_00177-1,-1.85839
s_016um_00211_00297-1,-1.3509448
s_016um_00366_00223-1,-1.3972604
s_016um_00015_00272-1,-1.5416043
s_016um_00235_00089-1,-1.55734
s_016um_00163_00124-1,-1.5812813
s_016um_00085_00028-1,-1.7789
s_016um_00119_00149-1,-1.243695
s_016um_00046_00243-1,-1.4856977
s_016um_00158_00289-1,-1.3629106
s_016um_00131_00383-1,-1.4146478
s_016um_00232_00086-1,-1.4963188
s_016um_00069_00230-1,-1.6150376
s_016um_00274_00032-1,-1.545894
s_016um_00409_00102-1,-1.3884966
s_016um_00097_00274-1,-1.6081493
s_016um_00380_00141-1,-1.5190579
s_016um_00038_00043-1,-1.5747901
s_016um_00413_00102-1,-1.6029454
s_016um_00081_00297-1,-1.4802139
s_016um_00273_00051-1,-1.1663733
s_016um_00238_00090-1,-1.6440942
s_016um_00218_00232-1,-1.497715
s_016um_00112_00321-1,-2.1760294
s_016um_00094_00279-1,-1.4490492
s_016um_00391_00337-1,-1.6002547
s_016um_00101_00319-1,-1.3835647
s_016um_00181_00025-1,-1.5469987
s_016um_00007_00297-1,-1.3719585
s_016um_00215_00295-1,-1.8781058
s_016um_00136_00231-1,-1.3058199
s_016um_00033_00087-1,-1.6812265
s_016um_00146_00021-1,-1.3165262
s_016um_00193_00126-1,-1.5609311
s_016um_00067_00125-1,-1.5049025
s_016um_00065_00129-1,-1.523386
s_016um_00396_00179-1,-1.4048289
s_016um_00223_00168-1,-1.6590519
s_016um_00099_00067-1,-1.2325171
s_016um_00081_00269-1,-1.3111588
s_016um_00326_00232-1,-1.3688791
s_016um_00405_00259-1,-1.6578376
s_016um_00041_00204-1,-1.5621573
s_016um_00412_00104-1,-1.2858796
s_016um_00084_00278-1,-1.5222342
s_016um_00403_00151-1,-1.5552007
s_016um_00406_00401-1,-7.205741
s_016um_00366_00095-1,-1.3322241
s_016um_00080_00193-1,-1.5113856
s_016um_00038_00171-1,-1.4361846
s_016um_00381_00133-1,-1.3686321
s_016um_00401_00256-1,-1.4682926
s_016um_00226_00328-1,-1.3423957
s_016um_00036_00176-1,-1.5307759
s_016um_00084_00197-1,-1.6717244
s_016um_00230_00265-1,-1.2264924
s_016um_00347_00022-1,-1.3616257
s_016um_00357_00411-1,-2.8294792
s_016um_00033_00008-1,-1.6205785
s_016um_00179_00032-1,-1.3848827
s_016um_00369_00118-1,-1.5925025
s_016um_00237_00190-1,-1.4481379
s_016um_00368_00230-1,-1.1418512
s_016um_00075_00237-1,-1.2969908
s_016um_00016_00272-1,-1.2982686
s_016um_00099_00387-1,-1.4959711
s_016um_00216_00018-1,-1.4151522
s_016um_00348_00218-1,-1.3882821
s_016um_00131_00314-1,-1.4611443
s_016um_00398_00371-1,-2.1367853
s_016um_00142_00222-1,-1.3604823
s_016um_00013_00154-1,-1.357846
s_016um_00128_00088-1,-1.7505114
s_016um_00214_00014-1,-1.3811698
s_016um_00095_00026-1,-1.6238512
s_016um_00262_00128-1,-1.8646294
s_016um_00408_00400-1,-6.9897747
s_016um_00065_00238-1,-1.4457338
s_016um_00327_00227-1,-1.8655373
s_016um_00047_00242-1,-2.2028513
s_016um_00255_00021-1,-1.4147484
s_016um_00322_00306-1,-1.5260686
s_016um_00389_00298-1,-1.5807823
s_016um_00090_00340-1,-1.3886875
s_016um_00355_00289-1,-1.61159
s_016um_00128_00381-1,-1.3961023
s_016um_00349_00020-1,-1.472113
s_016um_00075_00238-1,-1.3322415
s_016um_00263_00130-1,-1.4853784
s_016um_00008_00151-1,-1.4291362
s_016um_00405_00148-1,-1.2915939
s_016um_00241_00182-1,-1.2832222
s_016um_00137_00220-1,-1.3078231
s_016um_00245_00090-1,-1.4390306
s_016um_00217_00012-1,-2.4054537
s_016um_00278_00329-1,-1.4198594
s_016um_00141_00221-1,-1.4488567
s_016um_00098_00321-1,-1.5315998
s_016um_00076_00247-1,-1.9025627
s_016um_00007_00156-1,-1.3975346
s_016um_00029_00091-1,-1.4754541
s_016um_00098_00337-1,-1.4426756
s_016um_00101_00071-1,-1.4841102
s_016um_00039_00205-1,-1.8421417
s_016um_00320_00299-1,-1.4004784
s_016um_00012_00156-1,-1.4811686
s_016um_00397_00373-1,-1.774194
s_016um_00380_00127-1,-1.7094797
s_016um_00382_00130-1,-1.5249455
s_016um_00142_00221-1,-1.8763664
s_016um_00134_00316-1,-2.2815914
s_016um_00131_00387-1,-1.5444407
s_016um_00081_00286-1,-1.3242053
s_016um_00369_00094-1,-1.2657785
s_016um_00099_00317-1,-1.1851864
s_016um_00237_00362-1,-1.3827262
s_016um_00228_00251-1,-1.44993
s_016um_00141_00070-1,-1.654928
s_016um_00351_00023-1,-1.3218069
s_016um_00133_00322-1,-2.2269697
s_016um_00372_00122-1,-2.4511697
s_016um_00216_00173-1,-1.673049
s_016um_00329_00126-1,-1.3451549
s_016um_00359_00293-1,-1.3955139
s_016um_00275_00202-1,-1.5186775
s_016um_00133_00071-1,-1.4664488
s_016um_00332_00217-1,-1.3996569
s_016um_00325_00301-1,-1.9232162
s_016um_00192_00092-1,-1.3507885
s_016um_00138_00224-1,-1.1781967
s_016um_00151_00397-1,-1.3824073
s_016um_00272_00047-1,-1.4625275
s_016um_00069_00232-1,-1.6408308
s_016um_00088_00275-1,-1.4497172
s_016um_00330_00213-1,-1.7360595
s_016um_00233_00085-1,-1.4661684
s_016um_00104_00389-1,-1.6174891
s_016um_00217_00011-1,-1.4836562
s_016um_00351_00116-1,-1.576242
s_016um_00069_00231-1,-1.5281334
s_016um_00320_00226-1,-1.654397
s_016um_00214_00293-1,-1.2882091
s_016um_00165_00126-1,-2.396057
s_016um_00031_00328-1,-1.2773771
s_016um_00076_00243-1,-1.3025744
s_016um_00273_00224-1,-1.4268326
s_016um_00347_00220-1,-1.2631379
s_016um_00374_00124-1,-1.3970065
s_016um_00213_00035-1,-1.3624539
s_016um_00217_00167-1,-1.470428
s_016um_00323_00231-1,-1.4716249
s_016um_00239_00084-1,-1.674049
s_016um_00214_00034-1,-1.3823626
s_016um_00161_00287-1,-2.0842178
s_016um_00374_00142-1,-1.3672645
s_016um_00275_00329-1,-1.7567338
s_016um_00006_00296-1,-1.3818744
s_016um_00236_00091-1,-1.553664
s_016um_00374_00141-1,-1.7451904
s_016um_00281_00318-1,-1.5272894
s_016um_00082_00283-1,-1.409636
s_016um_00324_00162-1,-1.4257623
s_016um_00191_00124-1,-1.5825807
s_016um_00371_00095-1,-1.3069248
s_016um_00215_00284-1,-1.5003695
s_016um_00326_00163-1,-1.5621291
s_016um_00118_00145-1,-1.4753845
s_016um_00160_00287-1,-1.6610553
s_016um_00069_00130-1,-1.5826124
s_016um_00336_00253-1,-1.347292
s_016um_00418_00138-1,-1.4899105
s_016um_00225_00334-1,-1.4836797
s_016um_00325_00122-1,-1.3534054
s_016um_00358_00091-1,-1.544766
s_016um_00095_00025-1,-1.3239712
s_016um_00083_00297-1,-1.5047907
s_016um_00047_00240-1,-1.2881899
s_016um_00200_00152-1,-1.4466155
s_016um_00282_00322-1,-1.5068845
s_016um_00063_00125-1,-1.5357143
s_016um_00357_00286-1,-1.4308045
s_016um_00351_00091-1,-1.6911118
s_016um_00388_00295-1,-1.4401233
s_016um_00358_00410-1,-3.0503504
s_016um_00392_00293-1,-1.0771589
s_016um_00324_00299-1,-1.4295393
s_016um_00042_00206-1,-1.890353
s_016um_00082_00295-1,-1.547658
s_016um_00369_00145-1,-1.3830564
s_016um_00223_00014-1,-1.361638
s_016um_00004_00156-1,-1.391776
s_016um_00392_00365-1,-1.7490563
s_016um_00097_00031-1,-1.6593808
s_016um_00327_00118-1,-1.5841442
s_016um_00388_00341-1,-1.9370708
s_016um_00237_00357-1,-1.1388141
s_016um_00275_00225-1,-1.48567
s_016um_00216_00011-1,-1.684358
s_016um_00260_00189-1,-1.3599044
s_016um_00100_00318-1,-1.2997763
s_016um_00223_00233-1,-1.3848598
s_016um_00277_00049-1,-1.378242
s_016um_00195_00092-1,-1.4141752
s_016um_00220_00233-1,-1.6176577
s_016um_00324_00165-1,-1.4456993
s_016um_00218_00015-1,-1.6086911
s_016um_00069_00236-1,-1.527758
s_016um_00095_00031-1,-1.5668849
s_016um_00214_00291-1,-1.4973812
s_016um_00401_00149-1,-1.5470507
s_016um_00135_00073-1,-1.5743121
s_016um_00368_00222-1,-1.3304497
s_016um_00264_00056-1,-1.2993268
s_016um_00355_00098-1,-1.3857068
s_016um_00267_00335-1,-1.403986
s_016um_00355_00023-1,-1.7002058
s_016um_00118_00147-1,-1.4398466
s_016um_00104_00391-1,-1.2409506
s_016um_00258_00191-1,-1.2889832
s_016um_00212_00035-1,-1.2387359
s_016um_00011_00296-1,-1.6567216
s_016um_00045_00204-1,-1.5792146
s_016um_00006_00210-1,-1.5462141
s_016um_00258_00188-1,-1.4872799
s_016um_00090_00339-1,-1.6043061
s_016um_00131_00086-1,-1.8399951
s_016um_00032_00090-1,-1.4690998
s_016um_00258_00030-1,-1.4198892
s_016um_00083_00193-1,-1.3246677
s_016um_00395_00183-1,-1.1877105
s_016um_00257_00026-1,-1.5127192
s_016um_00042_00175-1,-1.4496582
s_016um_00322_00302-1,-1.5215284
s_016um_00323_00230-1,-1.5480478
s_016um_00234_00186-1,-1.4696468
s_016um_00134_00218-1,-1.376832
s_016um_00227_00328-1,-1.4030648
s_016um_00268_00228-1,-1.383571
s_016um_00391_00344-1,-2.8658426
s_016um_00137_00218-1,-1.3990119
s_016um_00128_00321-1,-1.7622292
s_016um_00212_00030-1,-1.4100292
s_016um_00131_00088-1,-1.6349483
s_016um_00191_00127-1,-1.6548928
s_016um_00270_00333-1,-1.3980165
s_016um_00274_00334-1,-1.5249388
s_016um_00387_00294-1,-1.6301535
s_016um_00083_00196-1,-1.8315803
s_016um_00133_00318-1,-1.9924968
s_016um_00048_00215-1,-1.4050862
s_016um_00213_00026-1,-1.4483966
s_016um_00279_00131-1,-1.3154265
s_016um_00168_00376-1,-1.2176785
s_016um_00014_00271-1,-1.3482529
s_016um_00097_00336-1,-1.5113931
s_016um_00133_00316-1,-1.8581457
s_016um_00104_00386-1,-1.2120928
s_016um_00137_00073-1,-1.4711727
s_016um_00081_00201-1,-1.8266822
s_016um_00281_00313-1,-1.3330152
s_016um_00354_00097-1,-1.4120848
s_016um_00149_00403-1,-1.5221109
s_016um_00247_00024-1,-1.502935
s_016um_00011_00155-1,-1.3577577
s_016um_00260_00129-1,-1.4551013
s_016um_00033_00100-1,-1.2988183
s_016um_00032_00101-1,-1.3923485
s_016um_00028_00334-1,-1.2792225
s_016um_00405_00397-1,-6.2022142
s_016um_00386_00126-1,-1.4899439
s_016um_00085_00268-1,-1.2085801
s_016um_00043_00241-1,-2.5211449
s_016um_00038_00048-1,-1.7245741
s_016um_00376_00137-1,-1.8102943
s_016um_00391_00183-1,-1.372719
s_016um_00271_00029-1,-1.2290606
s_016um_00094_00318-1,-1.7705692
s_016um_00097_00315-1,-1.4029433
s_016um_00273_00328-1,-2.1096482
s_016um_00032_00331-1,-1.7211566
s_016um_00097_00337-1,-1.5858858
s_016um_00009_00214-1,-1.1413407
s_016um_00386_00299-1,-1.6245614
s_016um_00146_00398-1,-1.4177818
s_016um_00216_00034-1,-1.606625
s_016um_00344_00216-1,-1.4697002
s_016um_00216_00169-1,-1.5883462
s_016um_00281_00134-1,-1.4189146
s_016um_00133_00386-1,-1.3435179
s_016um_00354_00120-1,-1.3488138
s_016um_00113_00313-1,-1.3602976
s_016um_00329_00257-1,-1.2721314
s_016um_00143_00061-1,-1.497683
s_016um_00368_00094-1,-1.4208132
s_016um_00407_00400-1,-7.1834326
s_016um_00277_00204-1,-1.475854
s_016um_00064_00235-1,-2.3446548
s_016um_00009_00207-1,-1.7267951
s_016um_00273_00334-1,-1.4902936
s_016um_00041_00203-1,-1.5643646
s_016um_00177_00027-1,-1.3059715
s_016um_00137_00223-1,-1.4553704
s_016um_00072_00250-1,-1.3520012
s_016um_00265_00131-1,-1.3626323
s_016um_00414_00102-1,-1.5548815
s_016um_00231_00262-1,-1.4349253
s_016um_00055_00246-1,-1.7777284
s_016um_00280_00318-1,-1.2036228
s_016um_00146_00015-1,-1.6138802
s_016um_00364_00100-1,-1.8675268
s_016um_00270_00032-1,-1.2598147
s_016um_00377_00121-1,-1.4519141
s_016um_00066_00234-1,-1.6965785
s_016um_00139_00014-1,-1.4214067
s_016um_00098_00275-1,-1.29709
s_016um_00185_00028-1,-1.6371995
s_016um_00276_00050-1,-1.3635328
s_016um_00394_00213-1,-1.3329434
s_016um_00251_00019-1,-1.5064218
s_016um_00078_00197-1,-1.9275042
s_016um_00358_00288-1,-1.4581486
s_016um_00406_00150-1,-1.817047
s_016um_00220_00280-1,-1.40996
s_016um_00263_00134-1,-1.6131822
s_016um_00083_00279-1,-1.2804997
s_016um_00158_00285-1,-1.5221037
s_016um_00221_00247-1,-1.4135932
s_016um_00352_00122-1,-1.5646018
s_016um_00065_00130-1,-1.6957291
s_016um_00366_00229-1,-1.7382262
s_016um_00074_00251-1,-1.6230676
s_016um_00088_00268-1,-1.1811897
s_016um_00080_00268-1,-1.3533614
s_016um_00285_00099-1,-1.3750198
s_016um_00121_00145-1,-1.397783
s_016um_00076_00245-1,-1.2563303
s_016um_00332_00218-1,-1.522605
s_016um_00210_00293-1,-1.2647753
s_016um_00220_00238-1,-1.4025773
s_016um_00367_00144-1,-1.2180952
s_016um_00332_00122-1,-1.5653877
s_016um_00320_00227-1,-1.8082523
s_016um_00136_00321-1,-2.7482932
s_016um_00256_00030-1,-1.2754618
s_016um_00089_00338-1,-1.5485107
s_016um_00146_00060-1,-1.4972931
s_016um_00012_00157-1,-1.481945
s_016um_00007_00214-1,-1.4887084
s_016um_00084_00198-1,-1.2256112
s_016um_00088_00197-1,-1.3859289
s_016um_00399_00123-1,-2.5648832
s_016um_00392_00177-1,-1.3375015
s_016um_00192_00090-1,-1.4775674
s_016um_00110_00322-1,-2.1418042
s_016um_00381_00131-1,-1.8585849
s_016um_00038_00204-1,-1.5293608
s_016um_00375_00140-1,-1.2344942
s_016um_00370_00120-1,-1.4259967
s_016um_00323_00298-1,-1.3759587
s_016um_00263_00337-1,-1.1941041
s_016um_00079_00295-1,-1.321191
s_016um_00352_00019-1,-1.564706
s_016um_00009_00298-1,-1.2297585
s_016um_00393_00182-1,-1.4222016
s_016um_00006_00212-1,-1.3911953
s_016um_00213_00030-1,-1.6145742
s_016um_00201_00153-1,-1.6015486
s_016um_00354_00095-1,-1.412724
s_016um_00402_00123-1,-1.4781493
s_016um_00130_00388-1,-1.5402263
s_016um_00131_00229-1,-1.4772509
s_016um_00074_00252-1,-1.6514546
s_016um_00362_00414-1,-3.33748
s_016um_00373_00120-1,-1.545577
s_016um_00240_00085-1,-1.449275
s_016um_00086_00269-1,-1.4807773
s_016um_00223_00227-1,-1.4622511
s_016um_00190_00129-1,-1.3386704
s_016um_00233_00088-1,-1.5034606
s_016um_00139_00059-1,-1.2634822
s_016um_00038_00101-1,-1.2298676
s_016um_00258_00034-1,-1.6376865
s_016um_00393_00293-1,-1.322988
s_016um_00076_00237-1,-1.2280989
s_016um_00370_00227-1,-1.3894758
s_016um_00287_00101-1,-1.1777811
s_016um_00044_00220-1,-1.3981267
s_016um_00400_00121-1,-1.3251743
s_016um_00410_00150-1,-1.5425793
s_016um_00157_00290-1,-1.203904
s_016um_00076_00298-1,-1.7699611
s_016um_00204_00150-1,-1.3331856
s_016um_00320_00163-1,-1.4002401
s_016um_00391_00359-1,-2.1520796
s_016um_00289_00096-1,-1.4986509
s_016um_00159_00289-1,-1.4047928
s_016um_00369_00125-1,-1.5174984
s_016um_00048_00216-1,-1.8375101
s_016um_00328_00127-1,-1.3918607
s_016um_00242_00082-1,-1.3875835
s_016um_00221_00027-1,-1.4329777
s_016um_00369_00224-1,-1.5776784
s_016um_00086_00285-1,-1.5473738
s_016um_00097_00277-1,-1.3236623
s_016um_00115_00147-1,-1.3955203
s_016um_00361_00416-1,-3.2295604
s_016um_00085_00267-1,-1.3879752
s_016um_00006_00294-1,-1.6417873
s_016um_00131_00321-1,-1.5966076
s_016um_00327_00216-1,-1.4270062
s_016um_00129_00092-1,-1.4157689
s_016um_00399_00369-1,-1.569406
s_016um_00394_00366-1,-1.647065
s_016um_00124_00384-1,-1.0799255
s_016um_00053_00245-1,-1.2737834
s_016um_00257_00027-1,-1.6405799
s_016um_00080_00265-1,-1.2133199
s_016um_00129_00228-1,-1.4969864
s_016um_00226_00249-1,-1.3967555
s_016um_00190_00127-1,-1.558952
s_016um_00100_00027-1,-1.3579266
s_016um_00325_00228-1,-1.3898178
s_016um_00045_00211-1,-1.3020126
s_016um_00225_00233-1,-1.428989
s_016um_00228_00331-1,-1.5933632
s_016um_00277_00325-1,-1.8284882
s_016um_00309_00059-1,-1.4196277
s_016um_00266_00335-1,-1.5847116
s_016um_00390_00180-1,-1.3389356
s_016um_00076_00251-1,-1.5413439
s_016um_00082_00270-1,-1.218528
s_016um_00079_00284-1,-1.4180263
s_016um_00366_00096-1,-1.2360436
s_016um_00036_00048-1,-1.5947199
s_016um_00254_00022-1,-1.7584488
s_016um_00398_00257-1,-1.6211615
s_016um_00406_00145-1,-1.3571445
s_016um_00273_00325-1,-1.2583282
s_016um_00077_00250-1,-1.7379858
s_016um_00275_00203-1,-1.2040818
s_016um_00410_00099-1,-1.5343729
s_016um_00098_00068-1,-1.4581617
s_016um_00411_00097-1,-1.5708894
s_016um_00138_00220-1,-1.2428457
s_016um_00400_00214-1,-1.4263016
s_016um_00087_00033-1,-1.671543
s_016um_00007_00211-1,-1.2975063
s_016um_00011_00156-1,-1.5357445
s_016um_00367_00229-1,-1.6211746
s_016um_00138_00222-1,-1.3964165
s_016um_00331_00252-1,-1.6245571
s_016um_00401_00258-1,-1.5345138
s_016um_00007_00150-1,-1.70306
s_016um_00085_00282-1,-1.2186073
s_016um_00360_00289-1,-1.4038208
s_016um_00263_00331-1,-1.7485777
s_016um_00032_00007-1,-1.6561255
s_016um_00165_00128-1,-1.3866446
s_016um_00141_00058-1,-1.459239
s_016um_00214_00017-1,-1.9442563
s_016um_00090_00277-1,-1.3144828
s_016um_00061_00129-1,-1.6850694
s_016um_00093_00341-1,-1.5018269
s_016um_00264_00336-1,-1.2608547
s_016um_00097_00322-1,-1.142584
s_016um_00325_00165-1,-1.3884416
s_016um_00256_00031-1,-1.315518
s_016um_00060_00243-1,-1.4448758
s_016um_00217_00230-1,-1.4432986
s_016um_00260_00188-1,-1.3146908
s_016um_00057_00244-1,-1.3995175
s_016um_00236_00090-1,-1.6463803
s_016um_00407_00125-1,-1.5252831
s_016um_00396_00177-1,-1.669452
s_016um_00401_00218-1,-1.6468661
s_016um_00126_00382-1,-1.2897468
s_016um_00400_00215-1,-1.511908
s_016um_00354_00115-1,-1.2369838
s_016um_00364_00098-1,-1.7290955
s_016um_00260_00186-1,-1.7242461
s_016um_00392_00178-1,-1.5637041
s_016um_00132_00383-1,-1.4238136
s_016um_00236_00189-1,-1.4181786
s_016um_00354_00019-1,-2.0959165
s_016um_00082_00067-1,-1.9841934
s_016um_00283_00095-1,-1.5230255
s_016um_00062_00234-1,-1.7924172
s_016um_00090_00279-1,-1.2207537
s_016um_00324_00163-1,-1.2948847
s_016um_00396_00357-1,-3.2650208
s_016um_00255_00022-1,-1.4448946
s_016um_00008_00159-1,-1.6365674
s_016um_00269_00035-1,-1.4413204
s_016um_00034_00103-1,-1.7462744
s_016um_00331_00255-1,-1.3637854
s_016um_00080_00243-1,-1.642346
s_016um_00169_00124-1,-1.2596887
s_016um_00218_00030-1,-1.6322427
s_016um_00261_00132-1,-1.4706175
s_016um_00095_00027-1,-1.7798375
s_016um_00330_00119-1,-1.3808646
s_016um_00040_00213-1,-1.8142855
s_016um_00019_00269-1,-1.8116134
s_016um_00096_00315-1,-1.2408915
s_016um_00338_00398-1,-2.0161963
s_016um_00402_00396-1,-4.345836
s_016um_00393_00357-1,-2.9840386
s_016um_00105_00067-1,-1.4682258
s_016um_00171_00370-1,-1.9815259
s_016um_00246_00086-1,-1.5524375
s_016um_00131_00090-1,-1.3645518
s_016um_00044_00213-1,-1.6480249
s_016um_00044_00217-1,-1.3337381
s_016um_00380_00135-1,-1.3752482
s_016um_00402_00263-1,-1.4519451
s_016um_00138_00020-1,-1.4778696
s_016um_00357_00114-1,-1.3514869
s_016um_00265_00030-1,-1.4634144
s_016um_00370_00139-1,-1.4697926
s_016um_00099_00323-1,-1.3017066
s_016um_00022_00269-1,-1.3715112
s_016um_00337_00253-1,-1.2125823
s_016um_00076_00295-1,-1.4985584
s_016um_00105_00387-1,-1.2619221
s_016um_00093_00323-1,-1.432631
s_016um_00145_00400-1,-1.4972206
s_016um_00264_00133-1,-1.6204509
s_016um_00194_00091-1,-1.4857177
s_016um_00226_00251-1,-1.4800953
s_016um_00011_00215-1,-1.5516641
s_016um_00172_00372-1,-1.4712917
s_016um_00324_00225-1,-1.3975558
s_016um_00199_00146-1,-1.3861369
s_016um_00214_00032-1,-2.0112681
s_016um_00397_00369-1,-1.7035178
s_016um_00241_00190-1,-1.3189558
s_016um_00373_00144-1,-2.1468263
s_016um_00368_00119-1,-1.3787156
s_016um_00137_00221-1,-1.0702896
s_016um_00323_00169-1,-1.419037
s_016um_00012_00298-1,-1.4662025
s_016um_00182_00026-1,-1.5273985
s_016um_00312_00052-1,-1.408396
s_016um_00192_00128-1,-1.2040744
s_016um_00046_00204-1,-1.6173606
s_016um_00398_00364-1,-1.6075547
s_016um_00265_00061-1,-1.4272429
s_016um_00276_00206-1,-1.6628975
s_016um_00272_00036-1,-1.6868651
s_016um_00371_00145-1,-1.6279526
s_016um_00108_00320-1,-2.2230644
s_016um_00391_00361-1,-1.914997
s_016um_00228_00247-1,-1.4279517
s_016um_00130_00386-1,-1.4835626
s_016um_00367_00146-1,-1.5042404
s_016um_00377_00136-1,-1.768687
s_016um_00076_00246-1,-1.499808
s_016um_00399_00218-1,-1.3883479
s_016um_00274_00047-1,-1.3512948
s_016um_00409_00149-1,-1.2149208
s_016um_00213_00294-1,-1.4504433
s_016um_00133_00319-1,-2.516265
s_016um_00257_00028-1,-1.4285305
s_016um_00090_00341-1,-1.6965231
s_016um_00134_00228-1,-1.3192389
s_016um_00407_00103-1,-1.4488099
s_016um_00078_00250-1,-1.9878433
s_016um_00357_00115-1,-1.5303787
s_016um_00143_00062-1,-1.5854717
s_016um_00274_00322-1,-1.5185158
s_016um_00199_00152-1,-1.258152
s_016um_00205_00151-1,-1.182791
s_016um_00093_00318-1,-1.3423076
s_016um_00144_00015-1,-1.3790674
s_016um_00226_00232-1,-1.3857993
s_016um_00211_00034-1,-1.6408225
s_016um_00166_00372-1,-1.2769616
s_016um_00354_00025-1,-1.3346498
s_016um_00306_00058-1,-1.5642672
s_016um_00269_00222-1,-1.6298271
s_016um_00351_00096-1,-1.3481385
s_016um_00278_00204-1,-1.5228626
s_016um_00368_00223-1,-1.5657881
s_016um_00039_00098-1,-1.5032493
s_016um_00105_00070-1,-1.444201
s_016um_00243_00186-1,-1.659294
s_016um_00268_00059-1,-1.4988259
s_016um_00196_00093-1,-1.9599223
s_016um_00206_00146-1,-1.3038607
s_016um_00280_00313-1,-1.3990538
s_016um_00413_00098-1,-1.2377014
s_016um_00038_00205-1,-1.7292603
s_016um_00133_00070-1,-1.4669435
s_016um_00044_00044-1,-1.776787
s_016um_00387_00131-1,-1.4638996
s_016um_00389_00294-1,-1.9203143
s_016um_00173_00377-1,-1.3153496
s_016um_00217_00014-1,-1.3644016
s_016um_00139_00019-1,-1.6120833
s_016um_00072_00248-1,-1.2493731
s_016um_00164_00289-1,-1.2041991
s_016um_00256_00023-1,-1.5911713
s_016um_00080_00034-1,-1.445427
s_016um_00219_00018-1,-1.6307831
s_016um_00132_00319-1,-1.82446
s_016um_00393_00372-1,-1.4844106
s_016um_00225_00236-1,-1.3222876
s_016um_00373_00139-1,-1.3219066
s_016um_00111_00317-1,-1.3441025
s_016um_00401_00214-1,-1.7301841
s_016um_00398_00255-1,-1.2685778
s_016um_00133_00321-1,-2.4325156
s_016um_00153_00398-1,-1.5126675
s_016um_00273_00050-1,-1.5056306
s_016um_00006_00156-1,-1.2952855
s_016um_00212_00027-1,-1.7470742
s_016um_00329_00216-1,-1.3319787
s_016um_00169_00123-1,-1.2934946
s_016um_00262_00132-1,-1.5819579
s_016um_00216_00279-1,-1.2913629
s_016um_00089_00276-1,-1.3788095
s_016um_00323_00170-1,-1.2525885
s_016um_00132_00233-1,-1.4635687
s_016um_00012_00214-1,-1.5353124
s_016um_00348_00022-1,-1.3406708
s_016um_00325_00164-1,-1.4053425
s_016um_00221_00167-1,-1.5795194
s_016um_00229_00268-1,-1.2209194
s_016um_00280_00317-1,-1.4863055
s_016um_00165_00292-1,-1.4380121
s_016um_00414_00140-1,-1.5140603
s_016um_00235_00086-1,-1.1985548
s_016um_00400_00260-1,-1.536052
s_016um_00223_00249-1,-1.3850431
s_016um_00397_00262-1,-1.5338883
s_016um_00404_00258-1,-1.3947983
s_016um_00400_00261-1,-1.4138184
s_016um_00280_00322-1,-1.749943
s_016um_00270_00224-1,-1.4956247
s_016um_00138_00058-1,-1.3039622
s_016um_00340_00400-1,-1.7485645
s_016um_00108_00389-1,-1.3609565
s_016um_00090_00278-1,-1.3168288
s_016um_00351_00121-1,-1.4998517
s_016um_00276_00324-1,-1.5384612
s_016um_00328_00119-1,-1.5456336
s_016um_00008_00149-1,-1.4200873
s_016um_00393_00364-1,-1.8558197
s_016um_00095_00337-1,-1.405008
s_016um_00084_00265-1,-1.2449079
s_016um_00364_00223-1,-1.3792001
s_016um_00396_00361-1,-1.5674137
s_016um_00075_00298-1,-1.2210879
s_016um_00236_00187-1,-1.3611588
s_016um_00035_00175-1,-1.5349971
s_016um_00264_00329-1,-1.5137042
s_016um_00094_00024-1,-1.4113232
s_016um_00385_00295-1,-1.523701
s_016um_00031_00337-1,-1.3578405
s_016um_00131_00386-1,-1.383077
s_016um_00391_00296-1,-1.2803016
s_016um_00041_00102-1,-1.3939064
s_016um_00145_00018-1,-1.3345289
s_016um_00041_00212-1,-1.6125383
s_016um_00094_00322-1,-1.5228323
s_016um_00366_00224-1,-1.5022701
s_016um_00020_00270-1,-1.3623297
s_016um_00038_00209-1,-1.3880352
s_016um_00219_00013-1,-1.5616355
s_016um_00089_00274-1,-1.3083544
s_016um_00064_00128-1,-1.5673814
s_016um_00335_00255-1,-1.1952627
s_016um_00044_00216-1,-1.4389762
s_016um_00216_00281-1,-1.441814
s_016um_00032_00332-1,-1.5206147
s_016um_00132_00313-1,-2.3714283
s_016um_00358_00092-1,-1.6133513
s_016um_00108_00388-1,-1.4032507
s_016um_00032_00086-1,-1.1974921
s_016um_00372_00141-1,-1.2139533
s_016um_00396_00217-1,-1.2671276
s_016um_00362_00290-1,-1.4358398
s_016um_00193_00121-1,-1.9582748
s_016um_00275_00132-1,-1.524261
s_016um_00234_00267-1,-1.2664198
s_016um_00226_00236-1,-1.2883443
s_016um_00129_00230-1,-1.5090704
s_016um_00355_00091-1,-1.2721515
s_016um_00044_00174-1,-1.7106322
s_016um_00351_00020-1,-1.4694662
s_016um_00037_00099-1,-1.5034646
s_016um_00370_00229-1,-1.8431731
s_016um_00086_00282-1,-1.3405492
s_016um_00144_00014-1,-1.3837354
s_016um_00167_00123-1,-1.3661698
s_016um_00232_00262-1,-1.4430349
s_016um_00085_00035-1,-1.5057652
s_016um_00414_00103-1,-1.2612386
s_016um_00221_00329-1,-1.3181875
s_016um_00343_00213-1,-1.3601606
s_016um_00079_00283-1,-1.5461186
s_016um_00047_00219-1,-1.6318469
s_016um_00398_00124-1,-1.6377043
s_016um_00080_00272-1,-1.5980126
s_016um_00270_00222-1,-1.3821902
s_016um_00097_00272-1,-1.3892529
s_016um_00079_00286-1,-1.5850778
s_016um_00064_00132-1,-1.6024879
s_016um_00306_00055-1,-1.2698973
s_016um_00222_00014-1,-1.5938364
s_016um_00226_00237-1,-1.3706937
s_016um_00218_00230-1,-1.2803023
s_016um_00210_00027-1,-1.4104521
s_016um_00223_00247-1,-1.2190998
s_016um_00275_00046-1,-1.488285
s_016um_00138_00018-1,-1.6976749
s_016um_00145_00020-1,-1.5542989
s_016um_00013_00214-1,-1.4356465
s_016um_00217_00225-1,-1.3375041
s_016um_00125_00382-1,-1.3337749
s_016um_00192_00099-1,-1.3675473
s_016um_00063_00231-1,-1.4375104
s_016um_00393_00338-1,-1.4193629
s_016um_00107_00316-1,-1.5275687
s_016um_00350_00118-1,-1.3269389
s_016um_00413_00140-1,-1.6505852
s_016um_00281_00131-1,-1.560235
s_016um_00132_00386-1,-1.2651308
s_016um_00355_00120-1,-1.5370293
s_016um_00125_00087-1,-1.6992214
s_016um_00078_00268-1,-1.1645874
s_016um_00144_00019-1,-1.6026291
s_016um_00086_00199-1,-1.4048132
s_016um_00408_00398-1,-6.2599335
s_016um_00096_00324-1,-1.4579649
s_016um_00202_00148-1,-1.4032695
s_016um_00260_00185-1,-1.4663703
s_016um_00094_00336-1,-1.6448195
s_016um_00128_00232-1,-1.3437402
s_016um_00404_00399-1,-5.467557
s_016um_00188_00092-1,-1.567162
s_016um_00391_00294-1,-1.4723737
s_016um_00325_00124-1,-1.4866968
s_016um_00212_00028-1,-1.4805826
s_016um_00092_00342-1,-1.5811058
s_016um_00266_00127-1,-1.7910172
s_016um_00227_00232-1,-1.3982315
s_016um_00036_00102-1,-1.3348382
s_016um_00212_00290-1,-1.2413733
s_016um_00011_00300-1,-1.4189395
s_016um_00359_00414-1,-3.1863656
s_016um_00135_00072-1,-1.4576343
s_016um_00082_00292-1,-1.234139
s_016um_00152_00399-1,-1.4651444
s_016um_00274_00230-1,-1.4362053
s_016um_00194_00126-1,-1.419663
s_016um_00355_00022-1,-1.2915725
s_016um_00402_00124-1,-1.4153233
s_016um_00229_00250-1,-1.2740047
s_016um_00218_00026-1,-1.2581851
s_016um_00179_00027-1,-1.5216341
s_016um_00213_00031-1,-1.4172795
s_016um_00014_00269-1,-1.4873716
s_016um_00398_00220-1,-1.576151
s_016um_00129_00385-1,-1.4148155
s_016um_00352_00116-1,-1.6996397
s_016um_00215_00012-1,-1.573103
s_016um_00221_00025-1,-1.6448841
s_016um_00235_00356-1,-1.3187145
s_016um_00380_00130-1,-1.2951891
s_016um_00084_00280-1,-1.3836037
s_016um_00204_00148-1,-1.5388103
s_016um_00309_00057-1,-1.934416
s_016um_00358_00120-1,-1.6898674
s_016um_00275_00138-1,-1.4257264
s_016um_00033_00099-1,-1.6545559
s_016um_00080_00238-1,-1.3884649
s_016um_00010_00209-1,-1.5144572
s_016um_00281_00322-1,-1.8322015
s_016um_00078_00283-1,-1.3059388
s_016um_00262_00333-1,-1.6943914
s_016um_00237_00090-1,-1.7510358
s_016um_00083_00032-1,-1.4598352
s_016um_00324_00164-1,-1.4774628
s_016um_00321_00226-1,-1.4702693
s_016um_00048_00244-1,-1.4371549
s_016um_00326_00123-1,-1.2259141
s_016um_00268_00029-1,-1.3522493
s_016um_00243_00185-1,-1.5235878
s_016um_00322_00164-1,-1.5036191
s_016um_00387_00297-1,-1.3973966
s_016um_00080_00242-1,-1.3025352
s_016um_00226_00246-1,-1.5426521
s_016um_00392_00345-1,-2.716744
s_016um_00142_00058-1,-1.6642509
s_016um_00012_00155-1,-1.2887006
s_016um_00404_00151-1,-1.6367538
s_016um_00214_00027-1,-1.5202136
s_016um_00088_00030-1,-1.5022815
s_016um_00234_00085-1,-1.4965409
s_016um_00254_00027-1,-1.3606038
s_016um_00145_00055-1,-1.2977767
s_016um_00338_00403-1,-1.716421
s_016um_00222_00026-1,-1.279795
s_016um_00397_00371-1,-1.9892654
s_016um_00248_00083-1,-1.3992407
s_016um_00093_00315-1,-1.408138
s_016um_00278_00320-1,-1.5802377
s_016um_00035_00011-1,-1.5437701
s_016um_00221_00171-1,-1.5277207
s_016um_00235_00354-1,-1.520237
s_016um_00143_00053-1,-1.3632109
s_016um_00171_00122-1,-1.4577731
s_016um_00354_00291-1,-1.4073939
s_016um_00042_00046-1,-1.4097415
s_016um_00006_00297-1,-1.4351027
s_016um_00269_00036-1,-1.3903831
s_016um_00225_00328-1,-1.276581
s_016um_00232_00091-1,-1.6311482
s_016um_00135_00227-1,-1.730983
s_016um_00333_00249-1,-1.4855373
s_016um_00003_00154-1,-1.4926298
s_016um_00215_00283-1,-1.6846414
s_016um_00047_00239-1,-1.2829765
s_016um_00393_00369-1,-1.7280734
s_016um_00358_00114-1,-1.4412858
s_016um_00265_00129-1,-1.332318
s_016um_00359_00290-1,-1.4107549
s_016um_00220_00174-1,-1.375858
s_016um_00341_00217-1,-1.7733188
s_016um_00211_00028-1,-1.4291852
s_016um_00086_00070-1,-1.495311
s_016um_00036_00174-1,-1.7258424
s_016um_00374_00117-1,-1.5830151
s_016um_00196_00092-1,-1.6918546
s_016um_00366_00227-1,-1.442295
s_016um_00418_00135-1,-1.4500343
s_016um_00222_00228-1,-1.3789212
s_016um_00091_00279-1,-1.3470489
s_016um_00390_00292-1,-1.6918645
s_016um_00043_00213-1,-1.3556702
s_016um_00335_00257-1,-1.4116093
s_016um_00400_00255-1,-1.4100952
s_016um_00135_00318-1,-2.3183568
s_016um_00033_00102-1,-1.5242145
s_016um_00013_00213-1,-1.3023958
s_016um_00367_00142-1,-1.535985
s_016um_00168_00373-1,-1.4119284
s_016um_00331_00125-1,-1.3718963
s_016um_00143_00054-1,-1.783947
s_016um_00358_00416-1,-3.134444
s_016um_00239_00190-1,-1.1719795
s_016um_00132_00227-1,-1.4023571
s_016um_00005_00300-1,-1.3979028
s_016um_00030_00090-1,-1.5058924
s_016um_00129_00088-1,-1.9602078
s_016um_00399_00181-1,-1.4867649
s_016um_00401_00127-1,-1.3502392
s_016um_00360_00290-1,-1.4656358
s_016um_00007_00208-1,-1.2934507
s_016um_00396_00212-1,-1.4944558
s_016um_00222_00229-1,-1.4611055
s_016um_00326_00301-1,-1.4117057
s_016um_00405_00152-1,-2.0892143
s_016um_00382_00127-1,-1.3626438
s_016um_00143_00017-1,-1.6754034
s_016um_00382_00132-1,-1.4303448
s_016um_00336_00398-1,-2.1616602
s_016um_00270_00059-1,-1.8772469
s_016um_00334_00210-1,-1.558935
s_016um_00142_00056-1,-1.2921591
s_016um_00004_00151-1,-1.3791944
s_016um_00223_00166-1,-1.1859386
s_016um_00277_00051-1,-1.5076169
s_016um_00043_00211-1,-1.2852348
s_016um_00249_00086-1,-1.5222503
s_016um_00221_00282-1,-1.5622668
s_016um_00071_00251-1,-1.3091813
s_016um_00204_00145-1,-1.598883
s_016um_00267_00330-1,-1.601176
s_016um_00390_00340-1,-2.3797276
s_016um_00274_00051-1,-1.388607
s_016um_00256_00189-1,-1.1973999
s_016um_00279_00316-1,-1.2621902
s_016um_00224_00167-1,-1.4498773
s_016um_00086_00197-1,-1.459647
s_016um_00209_00034-1,-1.7014227
s_016um_00170_00371-1,-1.5323157
s_016um_00128_00386-1,-1.4360089
s_016um_00103_00071-1,-1.7884933
s_016um_00046_00215-1,-1.6720172
s_016um_00355_00095-1,-1.2373767
s_016um_00393_00297-1,-1.5327574
s_016um_00081_00036-1,-1.469876
s_016um_00157_00287-1,-1.3345271
s_016um_00139_00217-1,-1.2413157
s_016um_00269_00332-1,-1.327137
s_016um_00068_00230-1,-1.6115271
s_016um_00219_00231-1,-1.4966092
s_016um_00105_00386-1,-1.8870102
s_016um_00272_00048-1,-1.5194821
s_016um_00392_00183-1,-1.7104867
s_016um_00037_00105-1,-1.2839867
s_016um_00235_00183-1,-1.3864145
s_016um_00392_00359-1,-1.8351904
s_016um_00242_00187-1,-1.4147944
s_016um_00130_00389-1,-1.4072973
s_016um_00047_00237-1,-1.4833657
s_016um_00131_00318-1,-2.0553544
s_016um_00230_00356-1,-1.4715753
s_016um_00196_00125-1,-1.6306726
s_016um_00171_00374-1,-1.3669903
s_016um_00103_00067-1,-1.6408478
s_016um_00358_00295-1,-1.3677478
s_016um_00011_00293-1,-1.6081551
s_016um_00106_00391-1,-1.3033583
s_016um_00078_00243-1,-1.5004065
s_016um_00081_00194-1,-2.0083458
s_016um_00147_00402-1,-1.4123932
s_016um_00068_00232-1,-1.4566433
s_016um_00390_00291-1,-1.2087545
s_016um_00009_00152-1,-1.2473674
s_016um_00041_00101-1,-1.354645
s_016um_00200_00146-1,-1.4178191
s_016um_00381_00140-1,-1.6688323
s_016um_00268_00131-1,-1.532646
s_016um_00195_00128-1,-1.2533342
s_016um_00131_00233-1,-1.5455154
s_016um_00040_00042-1,-1.6090178
s_016um_00275_00137-1,-1.4407362
s_016um_00065_00236-1,-1.6456459
s_016um_00337_00257-1,-1.3223414
s_016um_00072_00234-1,-1.4055828
s_016um_00398_00214-1,-1.4459275
s_016um_00311_00058-1,-1.2121277
s_016um_00258_00033-1,-1.8437588
s_016um_00091_00267-1,-1.2593516
s_016um_00221_00029-1,-1.4902488
s_016um_00225_00031-1,-1.4040371
s_016um_00116_00149-1,-1.4358213
s_016um_00234_00362-1,-1.4441957
s_016um_00233_00263-1,-1.2894139
s_016um_00125_00088-1,-1.6099737
s_016um_00224_00169-1,-1.3592237
s_016um_00366_00097-1,-1.4623674
s_016um_00061_00128-1,-1.3758633
s_016um_00021_00269-1,-1.39535
s_016um_00261_00185-1,-1.9310393
s_016um_00385_00296-1,-1.5179018
s_016um_00130_00320-1,-2.0827694
s_016um_00255_00027-1,-2.286272
s_016um_00331_00209-1,-1.61952
s_016um_00005_00155-1,-1.563257
s_016um_00211_00293-1,-1.6652939
s_016um_00330_00126-1,-1.3097563
s_016um_00174_00373-1,-1.697206
s_016um_00084_00284-1,-1.6026177
s_016um_00239_00186-1,-1.3936867
s_016um_00278_00049-1,-1.5266223
s_016um_00098_00320-1,-1.21557
s_016um_00047_00243-1,-1.4710894
s_016um_00107_00386-1,-1.4558592
s_016um_00336_00254-1,-1.352515
s_016um_00266_00031-1,-1.3965869
s_016um_00233_00261-1,-1.3740026
s_016um_00410_00105-1,-1.4735385
s_016um_00266_00033-1,-1.5107502
s_016um_00189_00126-1,-1.2218788
s_016um_00078_00295-1,-1.3869861
s_016um_00047_00245-1,-1.4402119
s_016um_00274_00132-1,-1.525229
s_016um_00225_00239-1,-1.3881782
s_016um_00215_00279-1,-1.2924502
s_016um_00092_00278-1,-1.3819444
s_016um_00399_00215-1,-1.7626115
s_016um_00394_00362-1,-1.8396573
s_016um_00374_00139-1,-1.4256305
s_016um_00225_00244-1,-1.157228
s_016um_00219_00025-1,-1.2212068
s_016um_00079_00249-1,-1.3459245
s_016um_00327_00211-1,-1.3137946
s_016um_00010_00215-1,-1.8251901
s_016um_00412_00139-1,-1.4288359
s_016um_00096_00317-1,-1.1059448
s_016um_00130_00384-1,-1.493139
s_016um_00039_00175-1,-1.4114829
s_016um_00215_00016-1,-1.6166329
s_016um_00167_00127-1,-1.5337379
s_016um_00077_00245-1,-1.2910465
s_016um_00371_00125-1,-1.5940832
s_016um_00240_00088-1,-1.4354093
s_016um_00280_00323-1,-1.5114853
s_016um_00223_00028-1,-1.4934464
s_016um_00139_00216-1,-1.320962
s_016um_00133_00226-1,-1.2752435
s_016um_00389_00338-1,-1.5920016
s_016um_00365_00097-1,-1.4514879
s_016um_00073_00240-1,-1.4787747
s_016um_00129_00390-1,-1.3145657
s_016um_00214_00016-1,-2.054338
s_016um_00071_00248-1,-1.4684805
s_016um_00044_00204-1,-1.4468427
s_016um_00101_00068-1,-1.6440048
s_016um_00184_00033-1,-1.1930898
s_016um_00126_00086-1,-1.5235109
s_016um_00098_00025-1,-2.0638201
s_016um_00080_00198-1,-1.689793
s_016um_00067_00236-1,-1.8085645
s_016um_00320_00303-1,-1.767701
s_016um_00169_00377-1,-1.6162751
s_016um_00391_00295-1,-1.4687961
s_016um_00043_00210-1,-1.2116417
s_016um_00401_00123-1,-1.5512509
s_016um_00081_00028-1,-1.5106974
s_016um_00277_00047-1,-1.3806096
s_016um_00290_00098-1,-1.3979528
s_016um_00233_00359-1,-1.4513805
s_016um_00232_00357-1,-1.4541808
s_016um_00228_00235-1,-1.3319795
s_016um_00101_00064-1,-1.6403154
s_016um_00370_00097-1,-1.4489875
s_016um_00032_00088-1,-1.3538244
s_016um_00388_00127-1,-1.2529306
s_016um_00135_00322-1,-2.5403695
s_016um_00288_00095-1,-1.329835
s_016um_00041_00179-1,-1.6459912
s_016um_00146_00057-1,-1.3702756
s_016um_00234_00264-1,-1.4617207
s_016um_00044_00045-1,-1.3699667
s_016um_00055_00243-1,-1.6733774
s_016um_00334_00211-1,-1.5049658
s_016um_00201_00147-1,-1.4827155
s_016um_00414_00135-1,-1.3408308
s_016um_00221_00026-1,-1.474995
s_016um_00269_00031-1,-1.6877687
s_016um_00127_00229-1,-1.2996265
s_016um_00139_00077-1,-1.6435802
s_016um_00046_00206-1,-1.5226728
s_016um_00212_00031-1,-1.4618523
s_016um_00253_00023-1,-1.428031
s_016um_00102_00388-1,-1.4867265
s_016um_00306_00053-1,-1.2815485
s_016um_00215_00292-1,-1.2677678
s_016um_00103_00065-1,-1.4077183
s_016um_00090_00273-1,-1.3547086
s_016um_00409_00103-1,-1.8014089
s_016um_00098_00024-1,-1.5687188
s_016um_00043_00172-1,-1.5172017
s_016um_00353_00089-1,-1.5758537
s_016um_00118_00146-1,-1.3227501
s_016um_00399_00217-1,-1.2868434
s_016um_00193_00124-1,-1.6156654
s_016um_00125_00091-1,-1.5277027
s_016um_00014_00268-1,-1.7059282
s_016um_00206_00153-1,-1.4037845
s_016um_00096_00319-1,-1.3078905
s_016um_00363_00098-1,-1.8451705
s_016um_00114_00315-1,-1.2002424
s_016um_00055_00244-1,-1.6537261
s_016um_00329_00254-1,-1.4109712
s_016um_00087_00196-1,-1.465937
s_016um_00009_00157-1,-1.3945706
s_016um_00074_00246-1,-1.3694803
s_016um_00200_00150-1,-2.0867364
s_016um_00009_00301-1,-1.4322135
s_016um_00151_00394-1,-1.6709818
s_016um_00393_00368-1,-1.4262177
s_016um_00081_00198-1,-1.5799775
s_016um_00277_00328-1,-1.4543048
s_016um_00038_00045-1,-1.8673674
s_016um_00397_00365-1,-1.814365
s_016um_00132_00385-1,-1.3997046
s_016um_00399_00365-1,-1.927702
s_016um_00101_00386-1,-1.3138721
s_016um_00409_00146-1,-1.407138
s_016um_00123_00146-1,-1.2059311
s_016um_00379_00138-1,-1.3533864
s_016um_00265_00334-1,-1.4881967
s_016um_00075_00253-1,-1.7672338
s_016um_00372_00145-1,-2.1589828
s_016um_00245_00084-1,-1.6273552
s_016um_00266_00329-1,-1.4432046
s_016um_00404_00127-1,-2.144824
s_016um_00143_00021-1,-1.6324495
s_016um_00037_00096-1,-1.4706982
s_016um_00215_00017-1,-1.9499955
s_016um_00417_00136-1,-1.3693056
s_016um_00192_00122-1,-1.724079
s_016um_00077_00237-1,-1.3769689
s_016um_00329_00214-1,-1.1589555
s_016um_00220_00228-1,-1.4851602
s_016um_00027_00334-1,-1.6516912
s_016um_00356_00294-1,-1.4375283
s_016um_00373_00141-1,-1.3587173
s_016um_00276_00053-1,-1.5770087
s_016um_00098_00032-1,-1.3389518
s_016um_00345_00214-1,-1.3630519
s_016um_00130_00322-1,-1.2722769
s_016um_00093_00276-1,-1.3609022
s_016um_00036_00045-1,-1.4902349
s_016um_00215_00294-1,-1.4229189
s_016um_00285_00100-1,-1.511422
s_016um_00404_00145-1,-1.56396
s_016um_00224_00334-1,-1.5323815
s_016um_00083_00263-1,-1.3907335
s_016um_00395_00359-1,-1.6705575
s_016um_00044_00219-1,-1.4163351
s_016um_00265_00059-1,-1.569415
s_016um_00116_00144-1,-1.8969488
s_016um_00194_00125-1,-1.4501472
s_016um_00308_00056-1,-1.8545091
s_016um_00008_00209-1,-1.5706297
s_016um_00125_00090-1,-1.5800638
s_016um_00031_00090-1,-1.4258274
s_016um_00219_00014-1,-1.3063054
s_016um_00415_00143-1,-1.4352945
s_016um_00038_00174-1,-1.1505327
s_016um_00279_00328-1,-1.3522825
s_016um_00227_00246-1,-1.2821556
s_016um_00132_00321-1,-2.1274161
s_016um_00151_00400-1,-1.4560013
s_016um_00382_00139-1,-1.4591514
s_016um_00162_00291-1,-1.6981773
s_016um_00111_00319-1,-1.5820179
s_016um_00263_00060-1,-1.425984
s_016um_00170_00375-1,-1.5293169
s_016um_00406_00402-1,-6.1183863
s_016um_00328_00215-1,-1.3825713
s_016um_00080_00296-1,-1.4177861
s_016um_00075_00251-1,-1.4927853
s_016um_00241_00188-1,-1.42529
s_016um_00263_00333-1,-1.3637605
s_016um_00017_00266-1,-1.5734047
s_016um_00131_00225-1,-1.4144682
s_016um_00181_00028-1,-1.3968843
s_016um_00217_00013-1,-1.4636264
s_016um_00221_00017-1,-1.6412148
s_016um_00083_00192-1,-1.5733794
s_016um_00079_00200-1,-1.8132304
s_016um_00071_00249-1,-1.4517862
s_016um_00264_00335-1,-1.3143965
s_016um_00152_00401-1,-1.6216285
s_016um_00275_00325-1,-1.605453
s_016um_00279_00136-1,-1.3255042
s_016um_00042_00174-1,-1.6909641
s_016um_00217_00228-1,-1.3065504
s_016um_00164_00292-1,-1.36289
s_016um_00414_00139-1,-1.2913975
s_016um_00287_00099-1,-1.4473951
s_016um_00392_00291-1,-1.4020817
s_016um_00105_00317-1,-1.4261194
s_016um_00267_00031-1,-1.5244547
s_016um_00033_00337-1,-1.2543747
s_016um_00033_00006-1,-1.3835822
s_016um_00146_00019-1,-1.6479002
s_016um_00376_00124-1,-1.4738417
s_016um_00144_00056-1,-1.3762548
s_016um_00041_00238-1,-1.5345515
s_016um_00330_00250-1,-1.3861636
s_016um_00276_00135-1,-1.7558012
s_016um_00387_00340-1,-1.6695912
s_016um_00100_00068-1,-1.498534
s_016um_00279_00323-1,-1.8736181
s_016um_00229_00246-1,-1.4198474
s_016um_00307_00057-1,-1.7869258
s_016um_00395_00342-1,-1.9329098
s_016um_00270_00028-1,-1.3993293
s_016um_00345_00212-1,-1.6083132
s_016um_00394_00183-1,-1.2552924
s_016um_00079_00243-1,-1.2601697
s_016um_00341_00402-1,-1.7932183
s_016um_00009_00215-1,-1.5523728
s_016um_00414_00101-1,-1.3703837
s_016um_00121_00143-1,-1.9621737
s_016um_00009_00292-1,-1.3882674
s_016um_00235_00260-1,-1.2919748
s_016um_00082_00237-1,-1.4523818
s_016um_00165_00125-1,-2.1941319
s_016um_00152_00400-1,-1.4442406
s_016um_00102_00387-1,-1.4236128
s_016um_00025_00088-1,-1.4910034
s_016um_00079_00251-1,-1.3726513
s_016um_00216_00171-1,-1.5670844
s_016um_00265_00328-1,-1.3124783
s_016um_00011_00298-1,-1.5189341
s_016um_00010_00301-1,-1.4081753
s_016um_00276_00202-1,-1.3311651
s_016um_00167_00130-1,-1.20803
s_016um_00356_00288-1,-1.7659106
s_016um_00128_00094-1,-1.5266439
s_016um_00094_00030-1,-1.5075306
s_016um_00098_00323-1,-1.3063624
s_016um_00063_00132-1,-1.1985602
s_016um_00145_00401-1,-1.170106
s_016um_00387_00292-1,-1.6449649
s_016um_00242_00087-1,-1.3379807
s_016um_00087_00065-1,-2.3119376
s_016um_00059_00242-1,-1.4155656
s_016um_00326_00118-1,-1.4339345
s_016um_00407_00145-1,-1.5067707
s_016um_00112_00318-1,-1.3623316
s_016um_00011_00294-1,-1.541924
s_016um_00370_00095-1,-1.4522293
s_016um_00007_00207-1,-1.5735688
s_016um_00162_00292-1,-1.4418893
s_016um_00139_00020-1,-1.4593153
s_016um_00384_00135-1,-1.6733415
s_016um_00090_00265-1,-1.3786591
s_016um_00332_00255-1,-1.6658459
s_016um_00270_00327-1,-1.7726102
s_016um_00388_00131-1,-1.3610898
s_016um_00004_00152-1,-1.4630687
s_016um_00204_00149-1,-1.6183996
s_016um_00196_00094-1,-1.6860752
s_016um_00273_00315-1,-1.9916744
s_016um_00036_00097-1,-1.4971763
s_016um_00036_00173-1,-1.4104016
s_016um_00215_00296-1,-1.5726165
s_016um_00257_00189-1,-1.4807336
s_016um_00380_00133-1,-1.4410483
s_016um_00129_00090-1,-1.7913617
s_016um_00354_00116-1,-1.577883
s_016um_00063_00233-1,-1.6743665
s_016um_00234_00091-1,-1.3411151
s_016um_00213_00291-1,-1.3447062
s_016um_00044_00205-1,-1.7305259
s_016um_00133_00315-1,-2.668264
s_016um_00034_00006-1,-1.5148413
s_016um_00365_00094-1,-1.5586376
s_016um_00334_00250-1,-1.6355182
s_016um_00259_00130-1,-1.3181007
s_016um_00253_00019-1,-1.8516731
s_016um_00236_00089-1,-1.53576
s_016um_00096_00027-1,-1.5142466
s_016um_00265_00130-1,-1.6271318
s_016um_00330_00251-1,-1.5699687
s_016um_00098_00026-1,-1.4253404
s_016um_00395_00368-1,-2.7468686
s_016um_00337_00251-1,-1.621129
s_016um_00366_00228-1,-1.6128103
s_016um_00279_00049-1,-1.6329676
s_016um_00276_00044-1,-1.3917842
s_016um_00008_00301-1,-1.4697113
s_016um_00279_00322-1,-1.6228634
s_016um_00096_00314-1,-1.2836468
s_016um_00324_00125-1,-1.4159533
s_016um_00401_00216-1,-1.7002695
s_016um_00223_00243-1,-1.6612151
s_016um_00222_00017-1,-1.8374504
s_016um_00134_00320-1,-2.4930823
s_016um_00309_00053-1,-1.4991812
s_016um_00263_00336-1,-1.7947452
s_016um_00104_00392-1,-1.4032496
s_016um_00364_00224-1,-1.3085209
s_016um_00394_00341-1,-1.6578819
s_016um_00034_00100-1,-1.5122758
s_016um_00070_00230-1,-1.5008959
s_016um_00396_00260-1,-1.9516747
s_016um_00411_00106-1,-1.485934
s_016um_00029_00329-1,-1.5300252
s_016um_00143_00019-1,-1.5735439
s_016um_00326_00304-1,-1.604032
s_016um_00263_00126-1,-1.3103466
s_016um_00281_00137-1,-1.4752972
s_016um_00370_00124-1,-1.5102816
s_016um_00081_00241-1,-1.2799284
s_016um_00375_00120-1,-1.3269418
s_016um_00223_00237-1,-1.3520707
s_016um_00329_00255-1,-1.4371793
s_016um_00355_00096-1,-1.5587659
s_016um_00193_00093-1,-1.5063468
s_016um_00349_00216-1,-1.4980949
s_016um_00019_00270-1,-1.4411699
s_016um_00094_00335-1,-1.2535865
s_016um_00146_00402-1,-1.227458
s_016um_00058_00246-1,-1.8244505
s_016um_00235_00264-1,-1.3733742
s_016um_00268_00054-1,-1.0500853
s_016um_00041_00171-1,-1.4417087
s_016um_00409_00104-1,-1.1757269
s_016um_00400_00371-1,-2.01474
s_016um_00377_00133-1,-1.5595787
s_016um_00373_00142-1,-1.8827302
s_016um_00269_00058-1,-1.524186
s_016um_00149_00399-1,-1.5854636
s_016um_00264_00337-1,-1.2196956
s_016um_00099_00065-1,-1.4124328
s_016um_00164_00127-1,-1.4282448
s_016um_00272_00315-1,-1.5178564
s_016um_00386_00291-1,-1.484803
s_016um_00142_00055-1,-1.3248845
s_016um_00226_00247-1,-1.4219031
s_016um_00012_00152-1,-1.4112145
s_016um_00279_00327-1,-1.588739
s_016um_00036_00333-1,-1.4238608
s_016um_00044_00203-1,-1.5549829
s_016um_00165_00289-1,-1.5312352
s_016um_00095_00274-1,-1.4611411
s_016um_00276_00319-1,-1.4801903
s_016um_00398_00219-1,-1.7239786
s_016um_00087_00036-1,-1.2927904
s_016um_00130_00228-1,-1.3831086
s_016um_00170_00377-1,-1.6221185
s_016um_00334_00216-1,-1.6010026
s_016um_00040_00173-1,-1.3101361
s_016um_00282_00134-1,-1.3020189
s_016um_00261_00031-1,-1.1819615
s_016um_00103_00069-1,-1.7995735
s_016um_00372_00095-1,-1.2208018
s_016um_00396_00259-1,-1.2692914
s_016um_00165_00288-1,-1.7551919
s_016um_00167_00122-1,-1.5818852
s_016um_00103_00384-1,-1.571656
s_016um_00324_00119-1,-1.9266218
s_016um_00079_00279-1,-1.3726743
s_016um_00404_00125-1,-1.8507689
s_016um_00388_00292-1,-1.4672291
s_016um_00260_00030-1,-1.5202304
s_016um_00180_00031-1,-1.6050527
s_016um_00327_00226-1,-1.8453112
s_016um_00350_00023-1,-1.3892636
s_016um_00203_00147-1,-1.4400816
s_016um_00263_00059-1,-1.3111037
s_016um_00236_00263-1,-1.3996283
s_016um_00228_00262-1,-1.3517351
s_016um_00393_00178-1,-1.5104803
s_016um_00135_00316-1,-1.727882
s_016um_00408_00149-1,-1.5049899
s_016um_00395_00219-1,-1.3774306
s_016um_00100_00319-1,-1.4787469
s_016um_00098_00028-1,-1.7799038
s_016um_00385_00134-1,-1.5155065
s_016um_00373_00098-1,-2.3282828
s_016um_00278_00323-1,-1.5015547
s_016um_00097_00323-1,-1.2966099
s_016um_00141_00074-1,-1.3322703
s_016um_00021_00265-1,-1.397801
s_016um_00091_00336-1,-1.3879201
s_016um_00092_00336-1,-1.3620187
s_016um_00407_00126-1,-1.5255183
s_016um_00392_00364-1,-1.7422742
s_016um_00100_00030-1,-1.3449028
s_016um_00081_00295-1,-1.4658635
s_016um_00416_00143-1,-1.4945867
s_016um_00328_00124-1,-1.8764675
s_016um_00247_00085-1,-1.457008
s_016um_00058_00248-1,-1.204166
s_016um_00274_00203-1,-1.2126734
s_016um_00082_00068-1,-1.517729
s_016um_00335_00217-1,-1.3657037
s_016um_00006_00157-1,-1.4482205
s_016um_00406_00122-1,-1.445839
s_016um_00143_00060-1,-1.407137
s_016um_00226_00244-1,-1.236308
s_016um_00217_00276-1,-1.2292753
s_016um_00233_00268-1,-1.3484473
s_016um_00275_00226-1,-1.3785051
s_016um_00217_00229-1,-1.1040273
s_016um_00256_00033-1,-1.3708891
s_016um_00231_00264-1,-1.6864526
s_016um_00204_00146-1,-1.4051108
s_016um_00065_00124-1,-1.5446415
s_016um_00394_00363-1,-3.0177264
s_016um_00356_00413-1,-2.9515433
s_016um_00035_00336-1,-1.2312927
s_016um_00083_00270-1,-1.2624629
s_016um_00389_00181-1,-1.5366662
s_016um_00399_00255-1,-1.6284714
s_016um_00409_00151-1,-1.4291211
s_016um_00079_00199-1,-1.297432
s_016um_00047_00238-1,-1.5294944
s_016um_00395_00340-1,-1.6323361
s_016um_00188_00093-1,-1.2620175
s_016um_00233_00360-1,-1.3128681
s_016um_00018_00267-1,-1.3486193
s_016um_00239_00182-1,-1.6495497
s_016um_00214_00297-1,-1.4496499
s_016um_00131_00320-1,-1.5725827
s_016um_00283_00098-1,-1.3612852
s_016um_00041_00046-1,-1.426712
s_016um_00229_00333-1,-1.3705852
s_016um_00100_00320-1,-1.4430501
s_016um_00074_00241-1,-1.736503
s_016um_00145_00022-1,-1.4114844
s_016um_00202_00150-1,-1.5067369
s_016um_00397_00372-1,-2.180542
s_016um_00170_00124-1,-1.5645647
s_016um_00221_00012-1,-1.4099452
s_016um_00273_00032-1,-1.8252406
s_016um_00006_00151-1,-1.54414
s_016um_00075_00245-1,-1.506387
s_016um_00080_00196-1,-1.6572977
s_016um_00158_00286-1,-1.4397675
s_016um_00148_00398-1,-1.2172978
s_016um_00268_00028-1,-1.4860963
s_016um_00322_00305-1,-1.6273814
s_016um_00088_00029-1,-1.5419773
s_016um_00012_00210-1,-1.8186054
s_016um_00212_00294-1,-1.3976622
s_016um_00063_00235-1,-1.4881313
s_016um_00149_00395-1,-1.5805072
s_016um_00164_00129-1,-1.5238513
s_016um_00377_00137-1,-1.7022362
s_016um_00139_00016-1,-1.656816
s_016um_00369_00120-1,-1.6066726
s_016um_00267_00055-1,-1.2649772
s_016um_00408_00148-1,-1.4489355
s_016um_00275_00321-1,-1.4739711
s_016um_00362_00288-1,-1.4481522
s_016um_00236_00265-1,-1.5106826
s_016um_00039_00209-1,-1.3854206
s_016um_00282_00096-1,-1.6241782
s_016um_00096_00321-1,-1.3220444
s_016um_00218_00016-1,-1.9096075
s_016um_00414_00138-1,-1.2262467
s_016um_00156_00289-1,-1.0672578
s_016um_00135_00321-1,-2.6979933
s_016um_00270_00225-1,-1.5971403
s_016um_00401_00217-1,-1.6315773
s_016um_00133_00232-1,-1.3918483
s_016um_00310_00055-1,-1.5016351
s_016um_00079_00299-1,-1.3694739
s_016um_00267_00057-1,-1.9335515
s_016um_00332_00211-1,-1.3384782
s_016um_00243_00085-1,-1.4711066
s_016um_00030_00091-1,-1.1546016
s_016um_00392_00362-1,-2.6921718
s_016um_00323_00224-1,-1.3052367
s_016um_00065_00132-1,-1.4126475
s_016um_00354_00026-1,-1.4239979
s_016um_00325_00305-1,-1.219233
s_016um_00361_00292-1,-1.4236042
s_016um_00219_00172-1,-1.4505081
s_016um_00279_00051-1,-1.7450062
s_016um_00408_00102-1,-1.467314
s_016um_00044_00243-1,-1.3727826
s_016um_00400_00262-1,-1.6244768
s_016um_00267_00028-1,-1.9433458
s_016um_00223_00172-1,-1.4203421
s_016um_00087_00073-1,-1.4146789
s_016um_00039_00171-1,-1.2064962
s_016um_00136_00070-1,-1.3759613
s_016um_00270_00035-1,-1.305891
s_016um_00328_00217-1,-1.5737879
s_016um_00247_00020-1,-1.3688331
s_016um_00269_00334-1,-1.5217384
s_016um_00398_00263-1,-1.3220121
s_016um_00270_00227-1,-1.2925409
s_016um_00077_00251-1,-1.7362987
s_016um_00335_00256-1,-1.5169625
s_016um_00062_00130-1,-1.5084258
s_016um_00269_00226-1,-1.5036492
s_016um_00362_00225-1,-1.3141555
s_016um_00364_00096-1,-1.3918755
s_016um_00216_00277-1,-1.5696325
s_016um_00093_00275-1,-1.238049
s_016um_00043_00176-1,-1.5750821
s_016um_00277_00133-1,-1.4456779
s_016um_00138_00072-1,-1.3049107
s_016um_00130_00318-1,-2.1679318
s_016um_00323_00122-1,-1.4570631
s_016um_00082_00286-1,-1.357181
s_016um_00411_00101-1,-1.3521278
s_016um_00068_00125-1,-1.451549
s_016um_00096_00030-1,-1.6592985
s_016um_00036_00101-1,-1.5007986
s_016um_00273_00033-1,-1.5300062
s_016um_00063_00236-1,-1.8981187
s_016um_00144_00057-1,-1.2918586
s_016um_00375_00143-1,-1.4104666
s_016um_00037_00179-1,-1.8343654
s_016um_00080_00197-1,-1.6491838
s_016um_00334_00399-1,-2.3721378
s_016um_00378_00132-1,-1.6650057
s_016um_00335_00397-1,-1.6014036
s_016um_00198_00125-1,-1.3822739
s_016um_00236_00084-1,-1.4443944
s_016um_00383_00129-1,-1.3793347
s_016um_00393_00185-1,-1.7039567
s_016um_00224_00244-1,-1.4277368
s_016um_00226_00335-1,-1.3786476
s_016um_00274_00208-1,-1.463729
s_016um_00082_00280-1,-1.319767
s_016um_00078_00279-1,-1.1969497
s_016um_00255_00188-1,-1.2430751
s_016um_00395_00215-1,-1.4053465
s_016um_00135_00222-1,-1.5965428
s_016um_00162_00287-1,-1.7623122
s_016um_00084_00072-1,-1.7718978
s_016um_00079_00248-1,-1.3285018
s_016um_00089_00269-1,-1.9758006
s_016um_00399_00259-1,-1.6713424
s_016um_00072_00249-1,-1.2190704
s_016um_00135_00315-1,-2.6303315
s_016um_00329_00302-1,-1.5712992
s_016um_00396_00372-1,-2.0794947
s_016um_00041_00242-1,-1.1836507
s_016um_00014_00211-1,-1.8104964
s_016um_00326_00302-1,-1.4786298
s_016um_00058_00244-1,-1.3093231
s_016um_00182_00032-1,-1.5779727
s_016um_00241_00186-1,-1.4825308
s_016um_00204_00147-1,-1.3185807
s_016um_00406_00396-1,-3.485266
s_016um_00087_00072-1,-1.356644
s_016um_00218_00028-1,-1.542198
s_016um_00143_00016-1,-1.5438659
s_016um_00248_00027-1,-1.2672625
s_016um_00008_00210-1,-1.2493321
s_016um_00408_00104-1,-1.7005302
s_016um_00006_00150-1,-1.2717175
s_016um_00076_00242-1,-1.4903967
s_016um_00238_00092-1,-1.541644
s_016um_00236_00092-1,-1.5310584
s_016um_00417_00143-1,-1.2989295
s_016um_00042_00178-1,-1.4233681
s_016um_00389_00296-1,-1.4771695
s_016um_00384_00127-1,-1.40172
s_016um_00272_00207-1,-1.6673133
s_016um_00386_00294-1,-1.5878353
s_016um_00110_00313-1,-1.4296507
s_016um_00211_00294-1,-1.3254521
s_016um_00057_00245-1,-1.4878552
s_016um_00170_00121-1,-1.464868
s_016um_00045_00218-1,-1.3513036
s_016um_00376_00134-1,-1.5815879
s_016um_00040_00209-1,-1.207428
s_016um_00356_00286-1,-1.4315205
s_016um_00376_00139-1,-1.570062
s_016um_00144_00061-1,-1.3261914
s_016um_00394_00339-1,-1.651715
s_016um_00327_00120-1,-1.5745479
s_016um_00208_00294-1,-1.405203
s_016um_00320_00164-1,-1.4891644
s_016um_00354_00114-1,-1.3854368
s_016um_00221_00024-1,-1.2701856
s_016um_00192_00098-1,-1.4521219
s_016um_00337_00254-1,-1.2340083
s_016um_00223_00171-1,-1.2737854
s_016um_00247_00021-1,-1.3965954
s_016um_00085_00067-1,-1.289298
s_016um_00054_00249-1,-2.0852084
s_016um_00272_00228-1,-1.325741
s_016um_00043_00042-1,-1.4117614
s_016um_00289_00097-1,-1.0759416
s_016um_00311_00057-1,-1.2604504
s_016um_00275_00224-1,-1.6533706
s_016um_00141_00020-1,-1.4056035
s_016um_00235_00091-1,-1.23401
s_016um_00367_00145-1,-1.5891348
s_016um_00418_00139-1,-1.6713359
s_016um_00059_00248-1,-1.3133289
s_016um_00088_00274-1,-1.2873178
s_016um_00141_00075-1,-1.6910108
s_016um_00224_00173-1,-1.4133327
s_016um_00275_00332-1,-1.2909883
s_016um_00077_00248-1,-1.125679
s_016um_00221_00281-1,-1.1500493
s_016um_00332_00210-1,-1.4940468
s_016um_00085_00270-1,-1.4595568
s_016um_00370_00098-1,-1.5092012
s_016um_00359_00090-1,-1.3985195
s_016um_00410_00148-1,-1.6025196
s_016um_00081_00300-1,-1.2996956
s_016um_00143_00219-1,-1.7828071
s_016um_00043_00174-1,-1.5468653
s_016um_00219_00226-1,-1.3655937
s_016um_00068_00234-1,-1.4527415
s_016um_00368_00144-1,-1.4642824
s_016um_00137_00219-1,-1.4249647
s_016um_00114_00314-1,-1.4523544
s_016um_00222_00333-1,-1.4354707
s_016um_00041_00044-1,-1.5484926
s_016um_00253_00030-1,-1.4068617
s_016um_00100_00065-1,-1.4689338
s_016um_00012_00297-1,-1.3261484
s_016um_00005_00158-1,-1.4177691
s_016um_00140_00069-1,-1.7098023
s_016um_00093_00271-1,-1.384319
s_016um_00040_00172-1,-1.796813
s_016um_00220_00175-1,-1.3306829
s_016um_00393_00181-1,-1.7802521
s_016um_00012_00215-1,-1.825423
s_016um_00218_00279-1,-1.3074056
s_016um_00286_00096-1,-1.2834146
s_016um_00112_00315-1,-1.4158881
s_016um_00135_00228-1,-1.2556263
s_016um_00133_00087-1,-1.4036777
s_016um_00059_00250-1,-1.3017951
s_016um_00323_00226-1,-1.6045841
s_016um_00244_00090-1,-1.183825
s_016um_00178_00027-1,-1.3034148
s_016um_00342_00215-1,-1.6833576
s_016um_00191_00096-1,-1.4993176
s_016um_00213_00036-1,-1.5963122
s_016um_00115_00149-1,-1.8335525
s_016um_00393_00215-1,-1.5897113
s_016um_00342_00400-1,-1.8983933
s_016um_00365_00224-1,-1.5610272
s_016um_00045_00242-1,-1.5272977
s_016um_00318_00164-1,-1.3512492
s_016um_00079_00270-1,-1.2447488
s_016um_00134_00227-1,-1.3871502
s_016um_00085_00199-1,-1.4617952
s_016um_00128_00317-1,-2.1788664
s_016um_00082_00029-1,-1.300296
s_016um_00325_00170-1,-1.3322695
s_016um_00087_00195-1,-1.4392875
s_016um_00206_00147-1,-1.3784726
s_016um_00128_00228-1,-1.4198213
s_016um_00328_00118-1,-1.3817102
s_016um_00020_00264-1,-1.328212
s_016um_00253_00025-1,-1.4260106
s_016um_00103_00027-1,-1.2911818
s_016um_00131_00093-1,-1.1348965
s_016um_00132_00090-1,-1.4110502
s_016um_00323_00225-1,-1.5466014
s_016um_00283_00099-1,-1.2545557
s_016um_00221_00328-1,-1.3128504
s_016um_00324_00301-1,-1.925543
s_016um_00085_00194-1,-1.5433742
s_016um_00407_00121-1,-1.2420689
s_016um_00169_00373-1,-1.1900902
s_016um_00324_00170-1,-1.484029
s_016um_00322_00303-1,-1.3998916
s_016um_00170_00379-1,-1.4651629
s_016um_00394_00218-1,-1.5947888
s_016um_00221_00174-1,-1.4637607
s_016um_00340_00217-1,-1.3227899
s_016um_00223_00031-1,-1.377086
s_016um_00140_00061-1,-1.5468502
s_016um_00378_00133-1,-1.4827542
s_016um_00029_00337-1,-1.5317265
s_016um_00215_00289-1,-1.4314376
s_016um_00089_00070-1,-1.2520597
s_016um_00078_00296-1,-1.3690984
s_016um_00013_00209-1,-1.107899
s_016um_00357_00292-1,-1.2015423
s_016um_00130_00094-1,-1.48191
s_016um_00401_00367-1,-1.6309139
s_016um_00216_00276-1,-1.6044335
s_016um_00135_00071-1,-1.514513
s_016um_00269_00062-1,-1.6230446
s_016um_00309_00055-1,-1.4186411
s_016um_00269_00328-1,-1.9228611
s_016um_00235_00085-1,-1.4711914
s_016um_00201_00146-1,-1.3460277
s_016um_00400_00125-1,-1.6777507
s_016um_00043_00173-1,-1.4846436
s_016um_00136_00229-1,-1.42167
s_016um_00217_00226-1,-1.318015
s_016um_00081_00239-1,-1.2852987
s_016um_00413_00136-1,-1.4998176
s_016um_00079_00293-1,-1.2567537
s_016um_00273_00044-1,-1.521497
s_016um_00359_00289-1,-1.2763139
s_016um_00151_00398-1,-1.3374372
s_016um_00218_00170-1,-1.3818754
s_016um_00223_00024-1,-2.8245754
s_016um_00043_00239-1,-1.2402023
s_016um_00271_00036-1,-1.8288522
s_016um_00404_00261-1,-2.2511103
s_016um_00035_00102-1,-1.559414
s_016um_00078_00280-1,-1.3070412
s_016um_00276_00323-1,-1.472795
s_016um_00266_00336-1,-1.3702793
s_016um_00369_00119-1,-1.743388
s_016um_00252_00020-1,-1.4149392
s_016um_00356_00022-1,-1.444637
s_016um_00396_00185-1,-1.3729568
s_016um_00071_00245-1,-1.3427428
s_016um_00222_00028-1,-1.8193346
s_016um_00410_00100-1,-1.4612848
s_016um_00360_00417-1,-4.122836
s_016um_00075_00252-1,-1.9318693
s_016um_00223_00225-1,-1.3042145
s_016um_00331_00256-1,-1.4937721
s_016um_00348_00215-1,-1.6219363
s_016um_00281_00132-1,-1.6395655
s_016um_00071_00247-1,-1.4551643
s_016um_00078_00249-1,-1.5098627
s_016um_00070_00238-1,-1.2889067
s_016um_00093_00279-1,-1.4543396
s_016um_00219_00229-1,-1.1964324
s_016um_00403_00129-1,-1.5902038
s_016um_00389_00340-1,-1.9279203
s_016um_00041_00043-1,-1.6650414
s_016um_00020_00271-1,-1.3342823
s_016um_00395_00180-1,-1.4031719
s_016um_00395_00358-1,-2.0217037
s_016um_00085_00030-1,-1.2522027
s_016um_00044_00210-1,-1.3502617
s_016um_00200_00153-1,-1.5496421
s_016um_00373_00122-1,-1.2949663
s_016um_00363_00222-1,-1.4186001
s_016um_00191_00098-1,-1.44654
s_016um_00080_00270-1,-1.357817
s_016um_00272_00206-1,-1.6478288
s_016um_00150_00399-1,-1.399095
s_016um_00093_00277-1,-1.2655433
s_016um_00158_00287-1,-1.4347231
s_016um_00166_00376-1,-1.3217906
s_016um_00379_00135-1,-2.071726
s_016um_00403_00258-1,-1.6038463
s_016um_00081_00299-1,-1.4623582
s_016um_00013_00211-1,-1.5518702
s_016um_00085_00034-1,-1.7867134
s_016um_00405_00126-1,-2.259781
s_016um_00163_00125-1,-1.5375019
s_016um_00361_00293-1,-1.5524395
s_016um_00229_00244-1,-1.2669132
s_016um_00393_00359-1,-2.2650867
s_016um_00271_00033-1,-1.4498236
s_016um_00320_00225-1,-1.2723086
s_016um_00102_00386-1,-1.6907355
s_016um_00032_00087-1,-1.3723989
s_016um_00357_00288-1,-1.3683432
s_016um_00333_00218-1,-1.3165872
s_016um_00390_00179-1,-1.4497362
s_016um_00394_00372-1,-1.7453957
s_016um_00012_00211-1,-1.6117175
s_016um_00180_00029-1,-1.3612297
s_016um_00164_00123-1,-1.2825091
s_016um_00095_00322-1,-1.3741165
s_016um_00026_00088-1,-1.487592
s_016um_00165_00121-1,-1.4776095
s_016um_00360_00413-1,-2.3736444
s_016um_00400_00263-1,-1.4604647
s_016um_00274_00332-1,-1.4493573
s_016um_00264_00131-1,-1.6654793
s_016um_00044_00239-1,-1.2705626
s_016um_00008_00215-1,-1.5495491
s_016um_00049_00238-1,-1.4327105
s_016um_00376_00136-1,-1.436218
s_016um_00109_00320-1,-1.6358473
s_016um_00396_00370-1,-1.4443369
s_016um_00387_00342-1,-1.4068332
s_016um_00141_00019-1,-1.9392635
s_016um_00390_00183-1,-1.4710345
s_016um_00202_00146-1,-1.7025102
s_016um_00393_00358-1,-4.522153
s_016um_00086_00069-1,-1.5478166
s_016um_00216_00016-1,-1.3898662
s_016um_00138_00214-1,-1.1832788
s_016um_00241_00184-1,-1.3663118
s_016um_00386_00130-1,-1.1163636
s_016um_00220_00024-1,-1.5223275
s_016um_00094_00320-1,-1.2878981
s_016um_00093_00342-1,-1.3390652
s_016um_00373_00119-1,-1.3869553
s_016um_00407_00101-1,-1.7834227
s_016um_00278_00047-1,-1.5886312
s_016um_00215_00030-1,-1.6373987
s_016um_00015_00211-1,-1.7493453
s_016um_00135_00319-1,-1.961149
s_016um_00221_00334-1,-1.2285365
s_016um_00274_00324-1,-1.440034
s_016um_00271_00056-1,-1.5443777
s_016um_00137_00072-1,-1.3241472
s_016um_00035_00045-1,-1.2808883
s_016um_00108_00385-1,-1.6296436
s_016um_00010_00150-1,-1.4121894
s_016um_00194_00097-1,-1.4141653
s_016um_00409_00399-1,-5.6467514
s_016um_00041_00241-1,-1.5861169
s_016um_00278_00133-1,-1.5162587
s_016um_00108_00318-1,-1.5792305
s_016um_00210_00295-1,-1.4636921
s_016um_00173_00372-1,-1.3638425
s_016um_00138_00223-1,-1.6507195
s_016um_00093_00273-1,-1.3990165
s_016um_00018_00269-1,-1.4560575
s_016um_00039_00041-1,-1.3752275
s_016um_00134_00317-1,-1.946959
s_016um_00111_00321-1,-2.4519656
s_016um_00065_00128-1,-1.6767
s_016um_00216_00035-1,-1.4021957
s_016um_00094_00274-1,-1.468949
s_016um_00415_00142-1,-1.3240942
s_016um_00170_00369-1,-1.321616
s_016um_00138_00015-1,-1.893735
s_016um_00403_00395-1,-4.9268513
s_016um_00080_00241-1,-1.2763126
s_016um_00266_00333-1,-1.4410354
s_016um_00230_00249-1,-1.4368993
s_016um_00081_00268-1,-1.3402306
s_016um_00331_00216-1,-1.4769062
s_016um_00400_00370-1,-1.8124435
s_016um_00131_00317-1,-1.803274
s_016um_00125_00385-1,-1.6814823
s_016um_00356_00093-1,-1.2899461
s_016um_00323_00165-1,-1.5599475
s_016um_00268_00030-1,-1.6560386
s_016um_00267_00032-1,-1.442671
s_016um_00132_00224-1,-1.5067636
s_016um_00392_00296-1,-1.8462363
s_016um_00133_00219-1,-1.6335799
s_016um_00034_00088-1,-1.3623707
s_016um_00223_00238-1,-1.4098033
s_016um_00378_00136-1,-1.2877957
s_016um_00128_00226-1,-1.500707
s_016um_00108_00387-1,-1.4817334
s_016um_00393_00214-1,-1.7393779
s_016um_00080_00266-1,-1.3748087
s_016um_00263_00136-1,-1.5035106
s_016um_00141_00057-1,-1.459651
s_016um_00095_00316-1,-1.4941392
s_016um_00040_00211-1,-1.6850718
s_016um_00275_00322-1,-1.643672
s_016um_00046_00207-1,-1.6739646
s_016um_00092_00340-1,-1.1949188
s_016um_00090_00266-1,-1.4075847
s_016um_00181_00030-1,-1.4579484
s_016um_00042_00245-1,-1.4992645
s_016um_00408_00097-1,-1.4704773
s_016um_00418_00137-1,-1.4664593
s_016um_00132_00314-1,-1.5608836
s_016um_00365_00101-1,-1.4881549
s_016um_00266_00032-1,-1.5259368
s_016um_00083_00201-1,-1.4250178
s_016um_00231_00358-1,-1.3482116
s_016um_00227_00235-1,-1.5458283
s_016um_00008_00296-1,-1.3494403
s_016um_00241_00185-1,-1.336207
s_016um_00081_00293-1,-1.1542429
s_016um_00170_00122-1,-1.577843
s_016um_00349_00021-1,-1.4842523
s_016um_00011_00152-1,-1.3916262
s_016um_00404_00403-1,-6.013115
s_016um_00099_00025-1,-1.5384499
s_016um_00127_00094-1,-1.6929449
s_016um_00395_00214-1,-1.3574401
s_016um_00009_00151-1,-1.5476518
s_016um_00195_00124-1,-1.3191886
s_016um_00275_00047-1,-1.2971379
s_016um_00386_00292-1,-1.1255133
s_016um_00241_00084-1,-1.1755167
s_016um_00328_00120-1,-1.3575222
s_016um_00210_00028-1,-1.741041
s_016um_00228_00232-1,-2.0023506
s_016um_00394_00179-1,-1.4982976
s_016um_00210_00034-1,-1.3315462
s_016um_00356_00118-1,-1.619424
s_016um_00251_00025-1,-1.4270544
s_016um_00205_00150-1,-1.389788
s_016um_00026_00091-1,-1.7079229
s_016um_00140_00218-1,-1.3760827
s_016um_00375_00121-1,-1.3105731
s_016um_00040_00203-1,-1.8370278
s_016um_00280_00202-1,-1.2816105
s_016um_00338_00402-1,-1.4354813
s_016um_00369_00121-1,-1.8060443
s_016um_00351_00021-1,-1.4383434
s_016um_00083_00286-1,-1.5179309
s_016um_00082_00278-1,-1.3054075
s_016um_00167_00371-1,-1.2928172
s_016um_00252_00022-1,-1.4851488
s_016um_00078_00238-1,-1.3299919
s_016um_00400_00212-1,-1.5347209
s_016um_00403_00398-1,-4.2314415
s_016um_00134_00221-1,-1.6049554
s_016um_00079_00240-1,-1.2894926
s_016um_00401_00257-1,-1.6516687
s_016um_00314_00059-1,-1.288042
s_016um_00025_00087-1,-1.4421548
s_016um_00335_00402-1,-2.030237
s_016um_00388_00339-1,-2.0322304
s_016um_00273_00134-1,-1.24179
s_016um_00392_00216-1,-1.4908843
s_016um_00395_00178-1,-1.5661789
s_016um_00157_00288-1,-1.1734517
s_016um_00087_00066-1,-1.6140962
s_016um_00384_00133-1,-1.5194006
s_016um_00082_00267-1,-1.2179168
s_016um_00232_00356-1,-1.6583003
s_016um_00355_00293-1,-1.418207
s_016um_00041_00009-1,-1.3147252
s_016um_00145_00017-1,-1.4877079
s_016um_00144_00020-1,-1.428682
s_016um_00381_00136-1,-1.3512883
s_016um_00078_00251-1,-1.3330551
s_016um_00104_00067-1,-1.5671268
s_016um_00290_00096-1,-1.4106706
s_016um_00221_00172-1,-1.4063736
s_016um_00247_00025-1,-1.489625
s_016um_00083_00202-1,-1.3807598
s_016um_00190_00091-1,-1.6126616
s_016um_00220_00227-1,-1.3221924
s_016um_00326_00126-1,-1.9118278
s_016um_00091_00269-1,-1.1698823
s_016um_00375_00125-1,-1.5667392
s_016um_00312_00058-1,-1.3336741
s_016um_00225_00232-1,-1.362011
s_016um_00066_00236-1,-1.6052209
s_016um_00229_00262-1,-1.2913463
s_016um_00111_00315-1,-1.3086238
s_016um_00193_00090-1,-1.477038
s_016um_00061_00248-1,-1.3295546
s_016um_00082_00199-1,-1.5145445
s_016um_00046_00245-1,-1.6445594
s_016um_00047_00217-1,-1.5617981
s_016um_00091_00342-1,-1.5496975
s_016um_00265_00127-1,-1.3820016
s_016um_00127_00086-1,-1.5952327
s_016um_00245_00089-1,-1.4417831
s_016um_00058_00250-1,-1.4660151
s_016um_00101_00025-1,-1.4401104
s_016um_00221_00225-1,-1.3371538
s_016um_00271_00328-1,-1.8057334
s_016um_00395_00339-1,-2.2713838
s_016um_00131_00382-1,-1.4943117
s_016um_00264_00331-1,-1.3998747
s_016um_00331_00258-1,-1.3267405
s_016um_00095_00338-1,-1.2962569
s_016um_00139_00060-1,-1.4069982
s_016um_00409_00150-1,-1.5493488
s_016um_00393_00296-1,-1.8052664
s_016um_00325_00304-1,-1.4751816
s_016um_00286_00097-1,-1.4003549
s_016um_00078_00240-1,-1.2753156
s_016um_00130_00227-1,-1.1706817
s_016um_00013_00294-1,-1.1971272
s_016um_00404_00146-1,-1.3397496
s_016um_00356_00120-1,-1.6101788
s_016um_00036_00098-1,-1.776567
s_016um_00066_00231-1,-1.3545533
s_016um_00234_00087-1,-1.570797
s_016um_00099_00029-1,-1.813937
s_016um_00238_00183-1,-1.3465848
s_016um_00042_00217-1,-1.3514245
s_016um_00366_00221-1,-1.1714495
s_016um_00191_00123-1,-1.6166524
s_016um_00197_00125-1,-1.2680073
s_016um_00397_00367-1,-2.0284166
s_016um_00063_00131-1,-1.3666165
s_016um_00141_00061-1,-1.4542488
s_016um_00213_00032-1,-1.644714
s_016um_00041_00218-1,-1.418683
s_016um_00076_00240-1,-1.4514797
s_016um_00206_00151-1,-1.3180891
s_016um_00274_00328-1,-2.122613
s_016um_00121_00148-1,-1.3016515
s_016um_00396_00214-1,-1.3000515
s_016um_00276_00204-1,-1.2910056
s_016um_00417_00142-1,-1.2651272
s_016um_00172_00377-1,-1.5401207
s_016um_00328_00299-1,-1.5381205
s_016um_00356_00287-1,-1.3473657
s_016um_00013_00300-1,-1.6738378
s_016um_00127_00092-1,-1.7405165
s_016um_00278_00322-1,-1.4525541
s_016um_00264_00060-1,-1.6623439
s_016um_00109_00313-1,-1.3467441
s_016um_00039_00105-1,-1.6101536
s_016um_00088_00272-1,-1.3226405
s_016um_00414_00137-1,-1.108667
s_016um_00401_00397-1,-4.480882
s_016um_00042_00043-1,-1.3507652
s_016um_00268_00331-1,-1.5715288
s_016um_00110_00321-1,-1.9683526
s_016um_00009_00302-1,-1.741003
s_016um_00230_00245-1,-1.4082493
s_016um_00222_00012-1,-1.552348
s_016um_00130_00091-1,-1.4582225
s_016um_00363_00225-1,-1.4230268
s_016um_00352_00093-1,-1.3805945
s_016um_00097_00278-1,-1.4291834
s_016um_00076_00244-1,-1.3695321
s_016um_00281_00314-1,-1.3069828
s_016um_00261_00186-1,-1.7252901
s_016um_00307_00052-1,-1.4142289
s_016um_00087_00197-1,-1.3445629
s_016um_00086_00028-1,-1.4620755
s_016um_00044_00178-1,-1.6509345
s_016um_00402_00147-1,-1.1978873
s_016um_00061_00243-1,-1.3179421
s_016um_00347_00217-1,-1.4308752
s_016um_00212_00296-1,-1.5349201
s_016um_00310_00061-1,-1.7507629
s_016um_00209_00291-1,-1.5655876
s_016um_00371_00117-1,-1.9214003
s_016um_00261_00027-1,-1.3071735
s_016um_00034_00099-1,-1.3554264
s_016um_00368_00121-1,-1.6343856
s_016um_00340_00214-1,-1.3956484
s_016um_00081_00281-1,-1.4321176
s_016um_00411_00104-1,-1.4993904
s_016um_00078_00300-1,-1.4626671
s_016um_00088_00273-1,-1.2761314
s_016um_00145_00060-1,-1.4236162
s_016um_00272_00205-1,-1.7387661
s_016um_00334_00257-1,-1.539568
s_016um_00332_00251-1,-1.8080192
s_016um_00278_00321-1,-1.4480277
s_016um_00350_00021-1,-1.4473287
s_016um_00189_00128-1,-1.4520657
s_016um_00130_00319-1,-2.9310536
s_016um_00190_00121-1,-1.6729064
s_016um_00167_00370-1,-1.5421345
s_016um_00234_00088-1,-1.7222329
s_016um_00203_00152-1,-1.5467112
s_016um_00343_00216-1,-1.4663014
s_016um_00282_00326-1,-1.3439718
s_016um_00266_00060-1,-1.3846709
s_016um_00011_00208-1,-1.7392404
s_016um_00280_00138-1,-1.5350481
s_016um_00234_00268-1,-1.2374921
s_016um_00403_00402-1,-5.6586084
s_016um_00164_00287-1,-1.8592373
s_016um_00134_00229-1,-1.3956496
s_016um_00213_00033-1,-2.0291848
s_016um_00232_00264-1,-1.3687007
s_016um_00240_00090-1,-1.4088279
s_016um_00142_00216-1,-1.3474848
s_016um_00134_00217-1,-1.449653
s_016um_00341_00213-1,-1.5670375
s_016um_00236_00185-1,-1.458079
s_016um_00221_00279-1,-1.3069054
s_016um_00321_00164-1,-1.3727934
s_016um_00272_00329-1,-1.8037379
s_016um_00414_00097-1,-1.3491259
s_016um_00357_00119-1,-1.5260502
s_016um_00259_00026-1,-1.2472472
s_016um_00145_00397-1,-1.5596273
s_016um_00144_00059-1,-1.23627
s_016um_00358_00287-1,-1.3338963
s_016um_00092_00270-1,-1.4202087
s_016um_00366_00230-1,-1.3551279
s_016um_00358_00409-1,-2.3644576
s_016um_00078_00246-1,-1.3717984
s_016um_00237_00355-1,-1.4663106
s_016um_00047_00212-1,-1.5859244
s_016um_00040_00216-1,-1.7049481
s_016um_00335_00252-1,-1.6668092
s_016um_00037_00176-1,-1.438908
s_016um_00079_00195-1,-1.6330228
s_016um_00217_00169-1,-1.7813338
s_016um_00096_00279-1,-1.4248298
s_016um_00007_00213-1,-1.4543083
s_016um_00335_00399-1,-2.2808337
s_016um_00237_00361-1,-1.3720583
s_016um_00395_00370-1,-1.4234253
s_016um_00092_00337-1,-1.3465451
s_016um_00087_00070-1,-1.5461484
s_016um_00039_00010-1,-1.3735518
s_016um_00217_00171-1,-1.5404595
s_016um_00009_00153-1,-1.3841815
s_016um_00216_00010-1,-1.7984288
s_016um_00136_00216-1,-1.4084132
s_016um_00017_00265-1,-1.4962189
s_016um_00098_00067-1,-1.4493041
s_016um_00343_00217-1,-1.4584713
s_016um_00022_00268-1,-1.318973
s_016um_00018_00273-1,-1.2546861
s_016um_00242_00089-1,-1.4249705
s_016um_00383_00132-1,-1.5222706
s_016um_00222_00328-1,-1.6341949
s_016um_00349_00023-1,-1.4096241
s_016um_00091_00277-1,-1.5059112
s_016um_00135_00074-1,-1.6740736
s_016um_00413_00097-1,-1.24938
s_016um_00086_00200-1,-1.5303519
s_016um_00250_00020-1,-1.6981467
s_016um_00218_00166-1,-1.3940208
s_016um_00367_00225-1,-1.2375859
s_016um_00209_00295-1,-1.3377111
s_016um_00090_00335-1,-1.1593578
s_016um_00219_00173-1,-1.6425273
s_016um_00077_00297-1,-1.3551846
s_016um_00379_00140-1,-1.6806738
s_016um_00041_00045-1,-1.3976073
s_016um_00392_00361-1,-2.5877314
s_016um_00391_00365-1,-1.5997751
s_016um_00258_00029-1,-1.6946992
s_016um_00145_00016-1,-1.4434687
s_016um_00356_00411-1,-2.5511994
s_016um_00331_00214-1,-1.2679293
s_016um_00085_00196-1,-1.3974347
s_016um_00038_00176-1,-1.5730933
s_016um_00090_00275-1,-1.4262464
s_016um_00409_00097-1,-1.433361
s_016um_00405_00401-1,-6.1753683
s_016um_00402_00125-1,-1.5669131
s_016um_00221_00237-1,-1.475318
s_016um_00083_00280-1,-1.5252572
s_016um_00104_00073-1,-1.418325
s_016um_00267_00061-1,-1.3794184
s_016um_00359_00115-1,-1.4043891
s_016um_00094_00277-1,-1.3912027
s_016um_00079_00298-1,-1.3861799
s_016um_00082_00028-1,-1.3819653
s_016um_00262_00336-1,-1.317412
s_016um_00215_00031-1,-1.7754388
s_016um_00259_00131-1,-1.4249159
s_016um_00279_00324-1,-1.6029143
s_016um_00397_00362-1,-1.5977739
s_016um_00259_00030-1,-1.529003
s_016um_00291_00096-1,-1.7982967
s_016um_00142_00057-1,-1.4549061
s_016um_00353_00119-1,-1.4263583
s_016um_00205_00145-1,-1.3952224
s_016um_00375_00119-1,-1.4334035
s_016um_00086_00065-1,-2.007407
s_016um_00114_00317-1,-1.2209114
s_016um_00083_00282-1,-1.3104354
s_016um_00079_00244-1,-1.3959243
s_016um_00093_00337-1,-1.9063213
s_016um_00281_00135-1,-1.2111758
s_016um_00216_00280-1,-1.2652599
s_016um_00163_00289-1,-1.4815704
s_016um_00358_00121-1,-1.3886256
s_016um_00277_00203-1,-1.4397088
s_016um_00340_00401-1,-1.7906884
s_016um_00064_00125-1,-1.4545804
s_016um_00096_00069-1,-1.6040466
s_016um_00010_00297-1,-1.5864252
s_016um_00324_00168-1,-1.3041719
s_016um_00291_00099-1,-1.491477
s_016um_00402_00261-1,-1.4286327
s_016um_00068_00129-1,-1.3845098
s_016um_00037_00106-1,-1.7692648
s_016um_00329_00215-1,-1.8075316
s_016um_00394_00361-1,-1.578774
s_016um_00398_00373-1,-2.273779
s_016um_00102_00027-1,-1.849196
s_016um_00400_00122-1,-1.4404416
s_016um_00402_00120-1,-1.4360039
s_016um_00043_00204-1,-1.3679216
s_016um_00062_00246-1,-1.2572148
s_016um_00278_00315-1,-1.6297988
s_016um_00367_00226-1,-1.4301348
s_016um_00182_00029-1,-1.577648
s_016um_00132_00087-1,-1.3434286
s_016um_00135_00226-1,-1.3311291
s_016um_00325_00306-1,-1.5186157
s_016um_00077_00243-1,-1.4522219
s_016um_00332_00254-1,-1.7332971
s_016um_00275_00136-1,-1.7103369
s_016um_00272_00034-1,-1.7220616
s_016um_00214_00030-1,-1.1956022
s_016um_00160_00293-1,-1.5138793
s_016um_00135_00230-1,-1.4055846
s_016um_00039_00046-1,-1.4215966
s_016um_00236_00354-1,-1.556664
s_016um_00134_00314-1,-3.6660004
s_016um_00105_00072-1,-1.6635048
s_016um_00227_00245-1,-1.2660153
s_016um_00129_00389-1,-1.4164405
s_016um_00409_00099-1,-1.5156081
s_016um_00205_00146-1,-1.370795
s_016um_00034_00004-1,-1.6601788
s_016um_00031_00336-1,-1.3339857
s_016um_00222_00235-1,-1.5958458
s_016um_00406_00395-1,-3.5697765
s_016um_00129_00095-1,-1.9886311
s_016um_00144_00018-1,-1.4973885
s_016um_00393_00298-1,-1.6470224
s_016um_00389_00291-1,-1.7688013
s_016um_00186_00029-1,-1.6056668
s_016um_00400_00369-1,-2.0005767
s_016um_00221_00238-1,-1.2945961
s_016um_00232_00269-1,-1.3347728
s_016um_00265_00337-1,-1.7038351
s_016um_00082_00296-1,-1.3199133
s_016um_00140_00223-1,-1.5472788
s_016um_00334_00217-1,-1.2616277
s_016um_00128_00315-1,-1.2723205
s_016um_00197_00122-1,-1.5823289
s_016um_00333_00259-1,-1.7454287
s_016um_00407_00124-1,-1.3272138
s_016um_00042_00172-1,-1.5595211
s_016um_00394_00365-1,-1.7954109
s_016um_00184_00027-1,-1.3522676
s_016um_00007_00154-1,-1.4836378
s_016um_00183_00032-1,-1.4702407
s_016um_00069_00126-1,-1.6727781
s_016um_00329_00212-1,-1.2467483
s_016um_00082_00072-1,-1.4730076
s_016um_00191_00126-1,-1.7608922
s_016um_00178_00033-1,-1.6968043
s_016um_00222_00236-1,-1.6763194
s_016um_00178_00030-1,-1.5441124
s_016um_00124_00385-1,-1.4853408
s_016um_00097_00321-1,-1.4321158
s_016um_00222_00246-1,-1.1539387
s_016um_00324_00305-1,-1.4478163
s_016um_00287_00096-1,-1.382064
s_016um_00256_00188-1,-1.3033152
s_016um_00313_00057-1,-1.2768307
s_016um_00407_00152-1,-1.4346888
s_016um_00172_00375-1,-1.6716125
s_016um_00265_00128-1,-1.7835985
s_016um_00076_00293-1,-1.3437597
s_016um_00138_00075-1,-1.3702528
s_016um_00230_00264-1,-1.278072
s_016um_00223_00333-1,-1.449071
s_016um_00335_00253-1,-1.653008
s_016um_00254_00030-1,-1.3824322
s_016um_00163_00122-1,-1.5284386
s_016um_00193_00091-1,-1.4741944
s_016um_00262_00335-1,-1.5752043
s_016um_00007_00152-1,-1.4121206
s_016um_00140_00017-1,-1.366256
s_016um_00325_00224-1,-1.437801
s_016um_00306_00054-1,-1.5757673
s_016um_00261_00330-1,-1.9072225
s_016um_00388_00299-1,-1.5140429
s_016um_00223_00226-1,-1.4611281
s_016um_00124_00387-1,-1.2738582
s_016um_00085_00193-1,-1.4376696
s_016um_00357_00416-1,-4.2426853
s_016um_00222_00227-1,-1.6500255
s_016um_00077_00295-1,-1.4717144
s_016um_00218_00228-1,-1.5432272
s_016um_00274_00313-1,-1.0525677
s_016um_00091_00335-1,-1.224188
s_016um_00271_00329-1,-1.4052252
s_016um_00391_00340-1,-1.4331563
s_016um_00391_00362-1,-1.5709625
s_016um_00322_00166-1,-1.4275079
s_016um_00393_00370-1,-1.5656002
s_016um_00361_00417-1,-3.799524
s_016um_00213_00283-1,-1.4799799
s_016um_00162_00289-1,-1.4929378
s_016um_00131_00385-1,-1.2373458
s_016um_00077_00239-1,-1.296632
s_016um_00031_00091-1,-1.3532809
s_016um_00342_00398-1,-1.726912
s_016um_00091_00271-1,-1.3517377
s_016um_00277_00135-1,-1.4557087
s_016um_00394_00182-1,-1.6237866
s_016um_00353_00096-1,-1.287659
s_016um_00313_00053-1,-1.2058707
s_016um_00031_00333-1,-1.3090583
s_016um_00404_00256-1,-1.573886
s_016um_00007_00296-1,-1.4005797
s_016um_00269_00229-1,-1.4498194
s_016um_00324_00231-1,-1.6158293
s_016um_00033_00101-1,-1.623174
s_016um_00043_00048-1,-1.4521512
s_016um_00029_00089-1,-1.8126856
s_016um_00264_00129-1,-1.3954856
s_016um_00074_00243-1,-1.431656
s_016um_00096_00025-1,-1.5743619
s_016um_00218_00011-1,-1.2547772
s_016um_00401_00366-1,-1.9216645
s_016um_00260_00026-1,-1.2782446
s_016um_00084_00199-1,-1.4545655
s_016um_00208_00295-1,-1.2968042
s_016um_00195_00121-1,-1.4873464
s_016um_00238_00089-1,-1.5011777
s_016um_00392_00295-1,-1.377749
s_016um_00180_00027-1,-1.292622
s_016um_00380_00138-1,-1.4604331
s_016um_00190_00097-1,-1.4483311
s_016um_00042_00238-1,-1.7252432
s_016um_00333_00211-1,-1.2982744
s_016um_00237_00189-1,-1.3059173
s_016um_00274_00227-1,-1.5009487
s_016um_00099_00318-1,-1.395936
s_016um_00134_00222-1,-1.185411
s_016um_00405_00150-1,-1.7264214
s_016um_00402_00262-1,-1.5596362
s_016um_00236_00261-1,-1.4167393
s_016um_00356_00024-1,-1.4798111
s_016um_00140_00016-1,-1.6431105
s_016um_00116_00143-1,-1.8011247
s_016um_00399_00260-1,-1.3690417
s_016um_00238_00361-1,-1.5503913
s_016um_00214_00012-1,-1.2348504
s_016um_00276_00134-1,-1.4687645
s_016um_00049_00243-1,-2.0941522
s_016um_00222_00225-1,-1.6594863
s_016um_00031_00330-1,-1.365591
s_016um_00321_00306-1,-1.4134665
s_016um_00400_00217-1,-1.4172051
s_016um_00082_00200-1,-1.6657106
s_016um_00134_00216-1,-1.2663678
s_016um_00137_00075-1,-1.4163194
s_016um_00079_00242-1,-1.367149
s_016um_00357_00410-1,-2.0655556
s_016um_00194_00123-1,-1.2752525
s_016um_00359_00286-1,-1.48022
s_016um_00233_00260-1,-1.2763163
s_016um_00279_00317-1,-1.4947836
s_016um_00170_00123-1,-1.3444325
s_016um_00290_00094-1,-1.4487017
s_016um_00056_00250-1,-1.2839038
s_016um_00268_00057-1,-2.186092
s_016um_00400_00401-1,-5.984317
s_016um_00414_00099-1,-1.5295782
s_016um_00354_00117-1,-1.6279753
s_016um_00396_00216-1,-1.500256
s_016um_00274_00326-1,-1.2738334
s_016um_00224_00246-1,-1.3899225
s_016um_00371_00119-1,-1.4475677
s_016um_00413_00142-1,-1.4874934
s_016um_00234_00356-1,-1.3859496
s_016um_00336_00258-1,-1.3483121
s_016um_00254_00025-1,-1.2951908
s_016um_00230_00266-1,-1.5638059
s_016um_00101_00065-1,-1.4755777
s_016um_00221_00018-1,-1.9035141
s_016um_00220_00031-1,-1.5973886
s_016um_00131_00232-1,-1.3784243
s_016um_00398_00181-1,-1.5716177
s_016um_00131_00227-1,-1.4467398
s_016um_00322_00227-1,-1.5667636
s_016um_00416_00141-1,-1.605481
s_016um_00214_00290-1,-1.1080307
s_016um_00096_00275-1,-1.1768441
s_016um_00110_00314-1,-1.3432375
s_016um_00353_00018-1,-1.2960441
s_016um_00400_00396-1,-4.2858152
s_016um_00064_00238-1,-1.6620115
s_016um_00093_00278-1,-1.271423
s_016um_00083_00271-1,-1.3581194
s_016um_00203_00153-1,-1.4964881
s_016um_00277_00046-1,-1.3765855
s_016um_00040_00047-1,-1.3978162
s_016um_00234_00360-1,-1.3442789
s_016um_00229_00266-1,-1.537534
s_016um_00279_00207-1,-1.4758807
s_016um_00400_00218-1,-1.5248221
s_016um_00150_00395-1,-1.6693733
s_016um_00387_00127-1,-2.230791
s_016um_00391_00363-1,-1.8911078
s_016um_00375_00124-1,-1.4111452
s_016um_00210_00294-1,-1.4772855
s_016um_00169_00126-1,-1.5789782
s_016um_00224_00249-1,-1.2784137
s_016um_00006_00214-1,-1.5013474
s_016um_00307_00058-1,-1.4453961
s_016um_00269_00032-1,-1.4103522
s_016um_00261_00336-1,-1.535775
s_016um_00354_00414-1,-3.4030702
s_016um_00352_00120-1,-1.448004
s_016um_00258_00186-1,-1.5722556
s_016um_00027_00332-1,-1.514128
s_016um_00067_00231-1,-1.2830771
s_016um_00362_00291-1,-1.5058424
s_016um_00382_00129-1,-1.5423836
s_016um_00318_00165-1,-1.600837
s_016um_00386_00134-1,-1.6863077
s_016um_00264_00191-1,-1.3927274
s_016um_00361_00412-1,-3.6238465
s_016um_00096_00029-1,-1.982855
s_016um_00213_00027-1,-1.479651
s_016um_00258_00189-1,-1.5150315
s_016um_00392_00298-1,-2.0416028
s_016um_00361_00411-1,-2.7249289
s_016um_00266_00334-1,-1.3524745
s_016um_00368_00100-1,-1.4980996
s_016um_00353_00290-1,-1.6307726
s_016um_00344_00213-1,-1.4370391
s_016um_00369_00100-1,-1.4379317
s_016um_00079_00196-1,-1.5638684
s_016um_00388_00133-1,-1.3442748
s_016um_00357_00290-1,-1.5636778
s_016um_00370_00119-1,-2.1192307
s_016um_00148_00395-1,-1.5334467
s_016um_00372_00119-1,-1.7532197
s_016um_00193_00098-1,-1.4980634
s_016um_00168_00122-1,-1.3270737
s_016um_00107_00314-1,-1.2136967
s_016um_00244_00085-1,-1.4707949
s_016um_00101_00031-1,-1.4662
s_016um_00035_00332-1,-1.4284707
s_016um_00134_00072-1,-1.6344072
s_016um_00243_00089-1,-1.5588672
s_016um_00353_00019-1,-1.7386272
s_016um_00194_00092-1,-1.36537
s_016um_00263_00334-1,-1.6970164
s_016um_00410_00101-1,-1.3193843
s_016um_00084_00067-1,-1.4995184
s_016um_00146_00397-1,-1.4504505
s_016um_00132_00320-1,-1.9411395
s_016um_00233_00089-1,-1.5106521
s_016um_00042_00205-1,-2.0075827
s_016um_00262_00331-1,-1.3879822
s_016um_00043_00045-1,-1.3637872
s_016um_00220_00235-1,-1.5147645
s_016um_00330_00123-1,-1.45457
s_016um_00222_00238-1,-1.4182657
s_016um_00013_00215-1,-1.5233943
s_016um_00222_00032-1,-1.403453
s_016um_00041_00173-1,-1.5914028
s_016um_00140_00055-1,-1.3222778
s_016um_00254_00031-1,-1.4972842
s_016um_00064_00230-1,-1.7061235
s_016um_00333_00255-1,-1.3859081
s_016um_00401_00263-1,-1.6759727
s_016um_00390_00184-1,-1.7130463
s_016um_00385_00133-1,-1.8761392
s_016um_00273_00049-1,-1.4423225
s_016um_00082_00070-1,-1.3566064
s_016um_00269_00055-1,-2.3819237
s_016um_00271_00227-1,-1.7042594
s_016um_00322_00226-1,-1.556825
s_016um_00333_00257-1,-1.451387
s_016um_00255_00031-1,-1.506858
s_016um_00389_00293-1,-1.4598446
s_016um_00012_00207-1,-1.2848715
s_016um_00044_00241-1,-1.8927226
s_016um_00327_00298-1,-1.5848025
s_016um_00027_00090-1,-1.7206111
s_016um_00248_00023-1,-1.987318
s_016um_00094_00275-1,-1.253184
s_016um_00098_00316-1,-1.2435968
s_016um_00087_00031-1,-1.3797761
s_016um_00194_00090-1,-1.5926044
s_016um_00203_00154-1,-1.5514308
s_016um_00362_00413-1,-4.1062965
s_016um_00196_00126-1,-1.3954922
s_016um_00357_00092-1,-1.5230998
s_016um_00228_00327-1,-1.191362
s_016um_00168_00377-1,-1.4921888
s_016um_00088_00271-1,-1.2082096
s_016um_00413_00139-1,-1.5290916
s_016um_00092_00319-1,-1.2913041
s_016um_00067_00233-1,-1.3418627
s_016um_00188_00125-1,-1.3048568
s_016um_00216_00230-1,-1.3964893
s_016um_00340_00219-1,-1.5447767
s_016um_00255_00032-1,-1.2729114
s_016um_00105_00069-1,-1.2776016
s_016um_00069_00128-1,-1.2733387
s_016um_00266_00030-1,-1.3329599
s_016um_00095_00320-1,-1.2306466
s_016um_00038_00046-1,-1.260476
s_016um_00268_00336-1,-1.2952541
s_016um_00269_00057-1,-1.5712457
s_016um_00385_00297-1,-1.5321352
s_016um_00033_00091-1,-1.3516821
s_016um_00043_00207-1,-1.5534701
s_016um_00355_00416-1,-3.3949175
s_016um_00232_00355-1,-1.4758177
s_016um_00213_00295-1,-1.3756752
s_016um_00074_00237-1,-1.2966762
s_016um_00276_00132-1,-1.2215749
s_016um_00209_00293-1,-1.1939318
s_016um_00084_00065-1,-1.6169627
s_016um_00262_00190-1,-1.412697
s_016um_00006_00209-1,-1.578762
s_016um_00161_00291-1,-1.4935892
s_016um_00099_00320-1,-1.3822074
s_016um_00079_00265-1,-1.3837225
s_016um_00402_00257-1,-1.5604726
s_016um_00238_00187-1,-1.4244703
s_016um_00191_00121-1,-1.4763505
s_016um_00136_00076-1,-1.6335332
s_016um_00192_00093-1,-1.5424432
s_016um_00311_00053-1,-1.2450849
s_016um_00274_00134-1,-1.2509421
s_016um_00054_00250-1,-1.3876374
s_016um_00211_00035-1,-1.3653176
s_016um_00360_00292-1,-1.3077433
s_016um_00086_00281-1,-1.3103589
s_016um_00170_00373-1,-1.6576105
s_016um_00142_00022-1,-1.6096785
s_016um_00308_00058-1,-1.5214893
s_016um_00028_00333-1,-1.2370574
s_016um_00189_00093-1,-1.4810773
s_016um_00160_00286-1,-1.8294369
s_016um_00360_00118-1,-1.3897176
s_016um_00318_00167-1,-1.8495717
s_016um_00141_00072-1,-1.528278
s_016um_00223_00229-1,-1.4526757
s_016um_00216_00031-1,-1.5160325
s_016um_00128_00391-1,-1.2675793
s_016um_00228_00266-1,-1.1881118
s_016um_00332_00120-1,-1.4522314
s_016um_00223_00235-1,-1.4409764
s_016um_00380_00139-1,-1.3074112
s_016um_00247_00082-1,-1.270039
s_016um_00082_00298-1,-1.3181758
s_016um_00376_00118-1,-1.5269428
s_016um_00039_00176-1,-1.2196991
s_016um_00223_00026-1,-2.21345
s_016um_00034_00097-1,-1.5769147
s_016um_00220_00284-1,-1.3765389
s_016um_00081_00197-1,-2.2358246
s_016um_00035_00010-1,-1.9971513
s_016um_00260_00191-1,-1.3531196
s_016um_00018_00268-1,-1.6964902
s_016um_00142_00073-1,-1.4084661
s_016um_00306_00057-1,-1.3866357
s_016um_00342_00217-1,-1.9327767
s_016um_00085_00033-1,-1.4959971
s_016um_00125_00384-1,-1.2864873
s_016um_00129_00091-1,-1.6279714
s_016um_00028_00087-1,-1.287541
s_016um_00279_00319-1,-1.5081953
s_016um_00086_00064-1,-1.7593824
s_016um_00336_00257-1,-1.5476681
s_016um_00264_00127-1,-1.3442235
s_016um_00196_00095-1,-1.355505
s_016um_00098_00338-1,-1.479826
s_016um_00395_00184-1,-1.3521272
s_016um_00335_00214-1,-1.4656723
s_016um_00244_00083-1,-1.3235654
s_016um_00388_00291-1,-1.463416
s_016um_00279_00318-1,-1.7986577
s_016um_00018_00265-1,-1.249116
s_016um_00008_00158-1,-1.1183301
s_016um_00384_00138-1,-1.3961371
s_016um_00275_00316-1,-1.8968387
s_016um_00216_00029-1,-1.4606276
s_016um_00202_00151-1,-1.6410341
s_016um_00037_00007-1,-1.4956
s_016um_00129_00225-1,-1.2658908
s_016um_00334_00258-1,-1.5358231
s_016um_00260_00028-1,-1.5863571
s_016um_00225_00238-1,-1.2363589
s_016um_00150_00397-1,-1.4702617
s_016um_00414_00142-1,-1.5125357
s_016um_00134_00075-1,-1.5026497
s_016um_00392_00180-1,-1.4270325
s_016um_00290_00092-1,-1.757149
s_016um_00273_00207-1,-1.5095329
s_016um_00271_00055-1,-1.2358499
s_016um_00221_00236-1,-1.5199208
s_016um_00335_00396-1,-1.6069695
s_016um_00028_00331-1,-1.4315643
s_016um_00090_00070-1,-1.4262071
s_016um_00095_00023-1,-1.4003546
s_016um_00280_00208-1,-1.3381234
s_016um_00094_00341-1,-1.2890412
s_016um_00325_00226-1,-1.6062342
s_016um_00228_00333-1,-1.3086791
s_016um_00266_00131-1,-1.6529515
s_016um_00112_00313-1,-1.3326681
s_016um_00251_00028-1,-1.3961506
s_016um_00077_00300-1,-1.6907963
s_016um_00372_00124-1,-1.4064332
s_016um_00191_00095-1,-1.366734
s_016um_00119_00150-1,-1.2855431
s_016um_00134_00077-1,-1.4769886
s_016um_00127_00093-1,-1.8154095
s_016um_00334_00252-1,-1.4053926
s_016um_00260_00184-1,-1.3300138
s_016um_00196_00096-1,-1.2322636
s_016um_00078_00241-1,-1.3738292
s_016um_00161_00285-1,-1.325586
s_016um_00249_00024-1,-1.5217488
s_016um_00274_00224-1,-1.2854718
s_016um_00012_00301-1,-1.2592466
s_016um_00192_00089-1,-1.6043695
s_016um_00097_00069-1,-1.2978563
s_016um_00033_00090-1,-1.4790931
s_016um_00092_00271-1,-1.4501939
s_016um_00412_00097-1,-1.223227
s_016um_00169_00374-1,-1.4132587
s_016um_00273_00136-1,-1.2312247
s_016um_00012_00212-1,-1.3587297
s_016um_00331_00213-1,-1.4296839
s_016um_00223_00228-1,-1.2943982
s_016um_00251_00026-1,-1.4832325
s_016um_00087_00200-1,-1.5232558
s_016um_00005_00157-1,-1.331962
s_016um_00238_00184-1,-1.335189
s_016um_00410_00149-1,-1.6167644
s_016um_00340_00399-1,-1.804252
s_016um_00258_00027-1,-1.5450581
s_016um_00342_00403-1,-1.8753701
s_016um_00398_00218-1,-1.3904573
s_016um_00323_00232-1,-1.4735118
s_016um_00101_00384-1,-1.1791012
s_016um_00218_00174-1,-1.309035
s_016um_00075_00297-1,-1.2488363
s_016um_00120_00150-1,-1.4881145
s_016um_00278_00052-1,-2.2244077
s_016um_00242_00190-1,-1.3084316
s_016um_00360_00093-1,-1.3519117
s_016um_00274_00049-1,-1.2847829
s_016um_00393_00339-1,-1.8098841
s_016um_00386_00341-1,-1.7537649
s_016um_00404_00260-1,-1.6721635
s_016um_00113_00318-1,-1.4585307
s_016um_00128_00318-1,-3.1035886
s_016um_00228_00332-1,-1.4193741
s_016um_00331_00122-1,-1.9904749
s_016um_00097_00319-1,-1.4218811
s_016um_00168_00372-1,-1.1049271
s_016um_00352_00027-1,-1.7499114
s_016um_00388_00296-1,-1.3510923
s_016um_00324_00303-1,-1.1260517
s_016um_00354_00089-1,-1.3504798
s_016um_00045_00215-1,-1.3338821
s_016um_00092_00321-1,-1.2859377
s_016um_00374_00123-1,-1.5460839
s_016um_00359_00292-1,-1.6730272
s_016um_00349_00026-1,-1.4088883
s_016um_00083_00033-1,-1.6053611
s_016um_00269_00336-1,-1.7154926
s_016um_00104_00069-1,-1.5789618
s_016um_00310_00054-1,-1.2051463
s_016um_00291_00093-1,-1.5652843
s_016um_00223_00244-1,-1.3753452
s_016um_00171_00125-1,-1.5730526
s_016um_00033_00103-1,-1.4701567
s_016um_00165_00286-1,-1.224242
s_016um_00383_00137-1,-1.3385859
s_016um_00334_00255-1,-1.3313991
s_016um_00078_00298-1,-1.3203757
s_016um_00398_00369-1,-1.8679672
s_016um_00263_00189-1,-1.3172816
s_016um_00189_00095-1,-1.4376488
s_016um_00398_00367-1,-1.7612108
s_016um_00169_00372-1,-1.3873887
s_016um_00326_00299-1,-1.897822
s_016um_00084_00068-1,-1.3268383
s_016um_00279_00312-1,-1.3593596
s_016um_00333_00400-1,-2.266082
s_016um_00277_00321-1,-1.6757883
s_016um_00267_00131-1,-1.3938376
s_016um_00005_00152-1,-1.4719806
s_016um_00094_00317-1,-1.3663161
s_016um_00311_00055-1,-1.4523218
s_016um_00060_00246-1,-1.4817811
s_016um_00009_00211-1,-1.5174752
s_016um_00190_00095-1,-1.3078806
s_016um_00372_00118-1,-1.3835828
s_016um_00138_00219-1,-1.4461794
s_016um_00009_00294-1,-1.4750409
s_016um_00404_00152-1,-1.5950267
s_016um_00136_00220-1,-1.5855031
s_016um_00274_00327-1,-1.5796251
s_016um_00220_00018-1,-1.8347368
s_016um_00133_00075-1,-1.3623087
s_016um_00040_00180-1,-1.3754233
s_016um_00258_00028-1,-1.6331675
s_016um_00327_00305-1,-1.4440436
s_016um_00251_00021-1,-1.7301098
s_016um_00358_00116-1,-1.3899683
s_016um_00320_00170-1,-1.3105755
s_016um_00214_00033-1,-1.5170221
s_016um_00279_00134-1,-1.2441528
s_016um_00264_00058-1,-1.2706239
s_016um_00095_00323-1,-1.9355886
s_016um_00352_00117-1,-1.604866
s_016um_00393_00219-1,-1.7532656
s_016um_00040_00210-1,-1.3946911
s_016um_00044_00211-1,-1.4962282
s_016um_00328_00231-1,-1.4564031
s_016um_00324_00169-1,-1.3416421
s_016um_00401_00369-1,-1.9339153
s_016um_00328_00117-1,-1.193064
s_016um_00272_00134-1,-1.3206257
s_016um_00329_00251-1,-1.5621686
s_016um_00043_00178-1,-1.57036
s_016um_00235_00084-1,-1.3896346
s_016um_00222_00234-1,-1.5352236
s_016um_00362_00415-1,-3.8806603
s_016um_00160_00285-1,-1.6968064
s_016um_00195_00098-1,-1.6075053
s_016um_00089_00271-1,-1.2218895
s_016um_00273_00204-1,-1.22464
s_016um_00107_00318-1,-1.5741781
s_016um_00332_00252-1,-2.171008
s_016um_00405_00124-1,-1.4597838
s_016um_00235_00184-1,-1.257852
s_016um_00271_00335-1,-1.467779
s_016um_00042_00041-1,-1.4733287
s_016um_00397_00255-1,-1.5105497
s_016um_00223_00331-1,-1.5785046
s_016um_00321_00303-1,-2.1295385
s_016um_00360_00291-1,-1.3493491
s_016um_00279_00046-1,-1.6140375
s_016um_00177_00029-1,-1.3711877
s_016um_00387_00126-1,-1.4207345
s_016um_00274_00325-1,-1.9541194
s_016um_00040_00010-1,-1.6046202
s_016um_00114_00316-1,-1.2860512
s_016um_00010_00213-1,-1.5854905
s_016um_00144_00017-1,-1.4623991
s_016um_00405_00146-1,-1.2543824
s_016um_00275_00313-1,-1.3782294
s_016um_00396_00371-1,-1.8707192
s_016um_00417_00141-1,-1.6687875
s_016um_00098_00071-1,-1.4880152
s_016um_00193_00125-1,-1.4070592
s_016um_00193_00128-1,-1.5878661
s_016um_00342_00401-1,-2.2348893
s_016um_00215_00014-1,-1.4882872
s_016um_00224_00239-1,-1.4422764
s_016um_00087_00282-1,-1.3288409
s_016um_00407_00099-1,-1.7080669
s_016um_00331_00123-1,-1.4503267
s_016um_00393_00213-1,-1.5090579
s_016um_00083_00265-1,-1.5874553
s_016um_00104_00068-1,-1.5319127
s_016um_00366_00231-1,-1.5087717
s_016um_00009_00296-1,-1.424806
s_016um_00027_00330-1,-1.3990537
s_016um_00068_00130-1,-1.4660004
s_016um_00392_00342-1,-1.913173
s_016um_00274_00050-1,-1.8204191
s_016um_00390_00344-1,-2.7894158
s_016um_00191_00091-1,-1.3968596
s_016um_00229_00264-1,-1.3515284
s_016um_00387_00295-1,-1.5913641
s_016um_00356_00091-1,-1.4973246
s_016um_00065_00126-1,-1.5813198
s_016um_00221_00278-1,-1.1688128
s_016um_00320_00228-1,-1.4078704
s_016um_00274_00316-1,-2.0419636
s_016um_00139_00057-1,-1.9619316
s_016um_00330_00216-1,-1.5552138
s_016um_00258_00026-1,-1.6343327
s_016um_00010_00210-1,-1.7708694
s_016um_00101_00387-1,-1.6348151
s_016um_00273_00209-1,-1.3292966
s_016um_00044_00215-1,-1.5540183
s_016um_00320_00304-1,-1.5405504
s_016um_00041_00172-1,-1.4626962
s_016um_00371_00140-1,-1.5417396
s_016um_00276_00325-1,-1.4342223
s_016um_00071_00234-1,-1.3750386
s_016um_00084_00296-1,-1.3032962
s_016um_00264_00055-1,-1.6144662
s_016um_00215_00170-1,-2.1106613
s_016um_00192_00129-1,-1.3556681
s_016um_00274_00330-1,-1.5837901
s_016um_00394_00216-1,-1.4556321
s_016um_00255_00030-1,-1.5215577
s_016um_00281_00048-1,-1.5991051
s_016um_00138_00216-1,-1.4144895
s_016um_00391_00182-1,-1.4031636
s_016um_00038_00208-1,-1.8588183
s_016um_00331_00257-1,-1.3438393
s_016um_00039_00047-1,-1.5369434
s_016um_00360_00293-1,-1.1459754
s_016um_00243_00083-1,-1.8157611
s_016um_00215_00013-1,-1.4988184
s_016um_00036_00177-1,-1.6017989
s_016um_00034_00005-1,-1.3384202
s_016um_00141_00071-1,-1.4124897
s_016um_00267_00054-1,-1.6477861
s_016um_00391_00336-1,-1.4792565
s_016um_00375_00144-1,-1.3934815
s_016um_00007_00158-1,-1.3789475
s_016um_00182_00033-1,-1.2897253
s_016um_00020_00272-1,-1.3410658
s_016um_00265_00035-1,-1.5556042
s_016um_00231_00247-1,-1.2818317
s_016um_00219_00017-1,-1.3025683
s_016um_00276_00048-1,-1.8329158
s_016um_00252_00026-1,-2.785121
s_016um_00279_00208-1,-1.2361465
s_016um_00404_00126-1,-1.390623
s_016um_00378_00139-1,-1.4734757
s_016um_00223_00245-1,-1.2928213
s_016um_00267_00337-1,-1.3250109
s_016um_00279_00052-1,-1.6441566
s_016um_00328_00213-1,-1.6361853
s_016um_00356_00097-1,-1.4697964
s_016um_00012_00299-1,-1.228087
s_016um_00162_00285-1,-1.4205106
s_016um_00371_00142-1,-1.420819
s_016um_00035_00333-1,-1.5008751
s_016um_00235_00361-1,-1.4938341
s_016um_00242_00185-1,-1.4875891
s_016um_00088_00031-1,-1.370332
s_016um_00368_00147-1,-1.7000668
s_016um_00386_00129-1,-1.4205452
s_016um_00127_00388-1,-1.4809963
s_016um_00041_00104-1,-1.4239368
s_016um_00075_00236-1,-1.4672296
s_016um_00404_00128-1,-1.6144127
s_016um_00391_00360-1,-1.6033611
s_016um_00100_00029-1,-1.875973
s_016um_00009_00297-1,-1.390284
s_016um_00238_00189-1,-1.7194989
s_016um_00227_00250-1,-1.2859709
s_016um_00394_00359-1,-2.5107968
s_016um_00225_00327-1,-1.5660791
s_016um_00414_00100-1,-1.562429
s_016um_00039_00173-1,-1.5740502
s_016um_00367_00223-1,-1.5001572
s_016um_00057_00250-1,-1.327253
s_016um_00142_00020-1,-1.8024105
s_016um_00140_00073-1,-1.6132278
s_016um_00193_00094-1,-1.3794656
s_016um_00371_00102-1,-1.6943026
s_016um_00264_00333-1,-1.4441562
s_016um_00234_00355-1,-1.4786407
s_016um_00026_00086-1,-1.3360996
s_016um_00368_00118-1,-1.6149582
s_016um_00273_00202-1,-1.4806384
s_016um_00084_00196-1,-1.6864071
s_016um_00092_00341-1,-1.5606781
s_016um_00034_00331-1,-1.5360187
s_016um_00103_00386-1,-2.0010045
s_016um_00135_00216-1,-1.50808
s_016um_00208_00293-1,-1.5704359
s_016um_00010_00157-1,-1.3944755
s_016um_00259_00191-1,-1.4174443
s_016um_00038_00104-1,-1.4614214
s_016um_00061_00132-1,-1.4352412
s_016um_00406_00146-1,-1.5610372
s_016um_00214_00296-1,-1.2952875
s_016um_00256_00029-1,-1.3534976
s_016um_00396_00258-1,-1.6361487
s_016um_00273_00203-1,-1.2431327
s_016um_00065_00234-1,-1.5821823
s_016um_00371_00121-1,-1.5297484
s_016um_00370_00099-1,-1.5906558
s_016um_00397_00185-1,-1.5286729
s_016um_00046_00238-1,-1.3236191
s_016um_00230_00261-1,-1.3057996
s_016um_00212_00291-1,-1.434728
s_016um_00123_00144-1,-1.6475631
s_016um_00332_00125-1,-1.375179
s_016um_00391_00185-1,-1.766398
s_016um_00178_00032-1,-1.4727283
s_016um_00290_00095-1,-1.3895698
s_016um_00030_00088-1,-1.15796
s_016um_00275_00044-1,-1.5328789
s_016um_00113_00320-1,-1.3441035
s_016um_00046_00211-1,-1.3844645
s_016um_00007_00215-1,-1.4775444
s_016um_00147_00400-1,-1.5438404
s_016um_00392_00340-1,-2.1347237
s_016um_00099_00023-1,-1.421441
s_016um_00039_00215-1,-1.2607955
s_016um_00086_00193-1,-1.2484637
s_016um_00256_00187-1,-1.350246
s_016um_00037_00046-1,-1.4138908
s_016um_00232_00360-1,-1.6523427
s_016um_00041_00214-1,-2.527142
s_016um_00285_00093-1,-1.7245455
s_016um_00200_00148-1,-1.4840423
s_016um_00217_00279-1,-1.3866936
s_016um_00132_00387-1,-1.536122
s_016um_00125_00386-1,-1.1489582
s_016um_00112_00317-1,-1.2925243
s_016um_00037_00098-1,-1.4953579
s_016um_00048_00238-1,-1.4725064
s_016um_00322_00165-1,-1.3067765
s_016um_00355_00026-1,-1.7763604
s_016um_00083_00073-1,-1.8191464
s_016um_00028_00329-1,-1.4964082
s_016um_00234_00266-1,-1.6615705
s_016um_00222_00027-1,-1.5240595
s_016um_00259_00129-1,-1.4347167
s_016um_00007_00151-1,-1.2871324
s_016um_00217_00033-1,-1.6133412
s_016um_00081_00285-1,-1.4052124
s_016um_00392_00338-1,-1.3619323
s_016um_00214_00289-1,-1.3173958
s_016um_00275_00204-1,-1.4764041
s_016um_00238_00190-1,-1.3404368
s_016um_00326_00225-1,-1.7906713
s_016um_00118_00143-1,-1.2609758
s_016um_00064_00126-1,-1.5172035
s_016um_00367_00096-1,-1.5579358
s_016um_00218_00013-1,-1.4725239
s_016um_00033_00331-1,-1.2810894
s_016um_00214_00028-1,-1.6112274
s_016um_00100_00072-1,-1.5669773
s_016um_00356_00416-1,-3.4957514
s_016um_00257_00032-1,-1.1107848
s_016um_00099_00321-1,-1.3534627
s_016um_00383_00139-1,-1.4917421
s_016um_00314_00054-1,-1.5914824
s_016um_00033_00334-1,-1.2504833
s_016um_00063_00237-1,-1.382114
s_016um_00239_00091-1,-2.0235696
s_016um_00307_00053-1,-1.6890903
s_016um_00195_00122-1,-1.5625633
s_016um_00101_00389-1,-1.5753036
s_016um_00219_00284-1,-1.2884855
s_016um_00080_00294-1,-1.2364806
s_016um_00329_00125-1,-1.4257131
s_016um_00250_00025-1,-1.4410188
s_016um_00232_00268-1,-1.5924714
s_016um_00079_00266-1,-1.2576494
s_016um_00210_00035-1,-1.639913
s_016um_00355_00097-1,-2.2498074
s_016um_00185_00029-1,-1.5705978
s_016um_00173_00376-1,-1.4248221
s_016um_00236_00085-1,-1.4556955
s_016um_00123_00149-1,-1.3769983
s_016um_00008_00297-1,-1.5738899
s_016um_00225_00247-1,-1.545313
s_016um_00277_00207-1,-1.5901524
s_016um_00211_00295-1,-1.3465567
s_016um_00081_00267-1,-1.3497438
s_016um_00399_00263-1,-1.5421616
s_016um_00411_00099-1,-1.3314624
s_016um_00387_00132-1,-1.5653076
s_016um_00369_00222-1,-1.543205
s_016um_00413_00099-1,-1.6648824
s_016um_00096_00023-1,-1.2460012
s_016um_00192_00097-1,-1.656973
s_016um_00288_00094-1,-1.4009162
s_016um_00205_00147-1,-1.4742744
s_016um_00224_00237-1,-1.2507038
s_016um_00400_00400-1,-5.759694
s_016um_00332_00215-1,-1.2763369
s_016um_00117_00147-1,-1.5724965
s_016um_00164_00126-1,-1.2651187
s_016um_00166_00128-1,-1.4192169
s_016um_00084_00194-1,-1.9050586
s_016um_00280_00133-1,-1.7291462
s_016um_00284_00097-1,-1.4296588
s_016um_00287_00095-1,-1.5742128
s_016um_00415_00103-1,-1.190095
s_016um_00269_00335-1,-1.6641494
s_016um_00397_00215-1,-1.4325624
s_016um_00337_00396-1,-2.3054857
s_016um_00263_00190-1,-1.3790612
s_016um_00016_00265-1,-1.4529684
s_016um_00260_00128-1,-1.3012553
s_016um_00220_00230-1,-1.5030849
s_016um_00219_00228-1,-1.4732473
s_016um_00076_00294-1,-1.1757393
s_016um_00400_00127-1,-1.4864259
s_016um_00075_00239-1,-1.548739
s_016um_00093_00316-1,-1.4571607
s_016um_00221_00031-1,-1.6620346
s_016um_00274_00222-1,-1.5124791
s_016um_00308_00059-1,-1.8262739
s_016um_00129_00086-1,-1.4597093
s_016um_00066_00128-1,-1.4214238
s_016um_00221_00030-1,-1.5883929
s_016um_00237_00185-1,-1.6639385
s_016um_00408_00147-1,-1.4474385
s_016um_00276_00045-1,-1.4236608
s_016um_00356_00418-1,-4.361877
s_016um_00327_00301-1,-1.4699345
s_016um_00290_00093-1,-1.1484169
s_016um_00206_00152-1,-1.5291377
s_016um_00140_00015-1,-1.5676823
s_016um_00370_00147-1,-1.578824
s_016um_00353_00020-1,-1.5122864
s_016um_00130_00314-1,-1.9937794
s_016um_00375_00118-1,-1.2539355
s_016um_00034_00332-1,-1.2530112
s_016um_00081_00294-1,-1.3416033
s_016um_00089_00032-1,-1.2817925
s_016um_00260_00333-1,-1.6021706
s_016um_00147_00061-1,-1.6154653
s_016um_00082_00035-1,-1.8346007
s_016um_00104_00072-1,-1.3784615
s_016um_00354_00096-1,-1.3539764
s_016um_00310_00051-1,-1.388098
s_016um_00232_00358-1,-1.5200481
s_016um_00217_00293-1,-1.3404403
s_016um_00273_00047-1,-1.5698739
s_016um_00192_00125-1,-1.7361032
s_016um_00397_00370-1,-2.0107229
s_016um_00274_00206-1,-1.5006545
s_016um_00074_00249-1,-1.2503023
s_016um_00167_00124-1,-1.4827023
s_016um_00403_00257-1,-1.4645458
s_016um_00109_00314-1,-1.3960886
s_016um_00041_00216-1,-1.4561739
s_016um_00313_00059-1,-1.5899912
s_016um_00282_00324-1,-1.3921502
s_016um_00240_00089-1,-1.3269049
s_016um_00220_00331-1,-1.492414
s_016um_00274_00201-1,-1.5556023
s_016um_00345_00220-1,-1.8556484
s_016um_00274_00045-1,-1.6554282
s_016um_00075_00243-1,-1.3191448
s_016um_00129_00227-1,-1.613194
s_016um_00047_00216-1,-1.5762016
s_016um_00167_00375-1,-1.2731369
s_016um_00137_00216-1,-1.2108569
s_016um_00398_00361-1,-1.808526
s_016um_00126_00087-1,-1.4347861
s_016um_00049_00239-1,-1.3498346
s_016um_00274_00312-1,-1.5947452
s_016um_00080_00032-1,-1.7537688
s_016um_00043_00209-1,-1.5634766
s_016um_00013_00212-1,-1.5822715
s_016um_00134_00220-1,-1.4457017
s_016um_00272_00332-1,-1.109495
s_016um_00083_00296-1,-1.3482924
s_016um_00361_00410-1,-2.752285
s_016um_00045_00205-1,-1.4082066
s_016um_00214_00276-1,-1.3928163
s_016um_00082_00265-1,-1.4832404
s_016um_00352_00121-1,-1.471573
s_016um_00244_00186-1,-1.2572176
s_016um_00395_00360-1,-2.4989588
s_016um_00056_00247-1,-1.4782778
s_016um_00120_00151-1,-1.439535
s_016um_00310_00057-1,-1.3311509
s_016um_00324_00307-1,-1.8117343
s_016um_00045_00240-1,-1.3804547
s_016um_00257_00191-1,-1.7141268
s_016um_00035_00098-1,-1.8736432
s_016um_00144_00055-1,-1.4127653
s_016um_00247_00083-1,-1.5413026
s_016um_00104_00065-1,-1.3308393
s_016um_00094_00338-1,-1.34082
s_016um_00134_00318-1,-1.573537
s_016um_00407_00147-1,-1.21055
s_016um_00369_00097-1,-1.3883598
s_016um_00361_00291-1,-1.4778618
s_016um_00008_00293-1,-1.6215827
s_016um_00172_00374-1,-1.7113703
s_016um_00217_00174-1,-1.5284449
s_016um_00366_00102-1,-1.5124991
s_016um_00277_00329-1,-1.7554678
s_016um_00237_00186-1,-1.6705036
s_016um_00261_00334-1,-1.3687911
s_016um_00229_00334-1,-1.5024152
s_016um_00083_00070-1,-1.2268088
s_016um_00229_00328-1,-1.2873415
s_016um_00247_00026-1,-1.3997864
s_016um_00072_00244-1,-1.2795094
s_016um_00348_00216-1,-1.3354014
s_016um_00227_00238-1,-1.4397858
s_016um_00274_00052-1,-1.4730947
s_016um_00275_00318-1,-1.4180653
s_016um_00091_00338-1,-1.4611342
s_016um_00405_00120-1,-1.418373
s_016um_00012_00293-1,-1.8908703
s_016um_00334_00403-1,-1.9307578
s_016um_00254_00033-1,-1.3805566
s_016um_00043_00047-1,-1.5448557
s_016um_00193_00095-1,-1.6340332
s_016um_00226_00327-1,-1.5035579
s_016um_00109_00319-1,-1.6397965
s_016um_00356_00290-1,-1.3558685
s_016um_00240_00188-1,-1.314439
s_016um_00357_00094-1,-1.5429043
s_016um_00279_00313-1,-1.3631858
s_016um_00389_00290-1,-1.392445
s_016um_00326_00303-1,-1.7211156
s_016um_00026_00333-1,-1.5538471
s_016um_00082_00300-1,-1.5920836
s_016um_00328_00126-1,-1.3212894
s_016um_00012_00154-1,-1.3901885
s_016um_00010_00212-1,-1.4066715
s_016um_00046_00213-1,-1.6126232
s_016um_00212_00298-1,-1.2791536
s_016um_00398_00260-1,-2.272456
s_016um_00043_00240-1,-1.573683
s_016um_00094_00316-1,-1.3172619
s_016um_00080_00295-1,-1.1688359
s_016um_00238_00087-1,-1.6271098
s_016um_00401_00219-1,-1.2967334
s_016um_00038_00102-1,-1.8756177
s_016um_00384_00126-1,-1.4618343
s_016um_00365_00099-1,-1.5471427
s_016um_00327_00122-1,-1.1509259
s_016um_00099_00069-1,-1.3492109
s_016um_00352_00020-1,-1.4462987
s_016um_00008_00299-1,-1.3671236
s_016um_00093_00320-1,-1.3611536
s_016um_00312_00056-1,-1.4010489
s_016um_00349_00025-1,-1.6195014
s_016um_00272_00224-1,-1.4574324
s_016um_00394_00184-1,-1.2927036
s_016um_00234_00353-1,-1.1981969
s_016um_00042_00045-1,-1.7360194
s_016um_00379_00130-1,-1.5886507
s_016um_00247_00086-1,-1.7295892
s_016um_00403_00126-1,-1.5140357
s_016um_00331_00254-1,-1.4354695
s_016um_00218_00231-1,-1.4779546
s_016um_00248_00022-1,-1.808813
s_016um_00096_00342-1,-1.3204051
s_016um_00396_00213-1,-1.7272327
s_016um_00223_00174-1,-1.3412063
s_016um_00018_00271-1,-1.4975618
s_016um_00075_00248-1,-1.0511459
s_016um_00392_00363-1,-1.6233773
s_016um_00380_00140-1,-1.4276203
s_016um_00084_00271-1,-1.4229738
s_016um_00384_00129-1,-1.4920887
s_016um_00090_00338-1,-1.452407
s_016um_00011_00158-1,-1.4991809
s_016um_00188_00096-1,-1.5130702
s_016um_00138_00016-1,-2.2290604
s_016um_00364_00229-1,-1.4738007
s_016um_00225_00025-1,-1.4522821
s_016um_00095_00340-1,-1.4152327
s_016um_00066_00233-1,-1.5330042
s_016um_00212_00288-1,-1.3441131
s_016um_00357_00022-1,-1.4474932
s_016um_00267_00033-1,-1.3386933
s_016um_00189_00124-1,-1.2487166
s_016um_00370_00224-1,-1.2511578
s_016um_00369_00229-1,-1.1968557
s_016um_00370_00226-1,-1.4400676
s_016um_00217_00282-1,-1.3157179
s_016um_00081_00034-1,-1.7705586
s_016um_00129_00322-1,-1.3943567
s_016um_00401_00215-1,-1.9744276
s_016um_00319_00170-1,-1.463501
s_016um_00406_00101-1,-1.4358842
s_016um_00354_00121-1,-1.4751456
s_016um_00097_00342-1,-1.5833983
s_016um_00031_00084-1,-1.3568544
s_016um_00166_00123-1,-1.4840612
s_016um_00102_00067-1,-1.200974
s_016um_00354_00018-1,-1.5551457
s_016um_00008_00152-1,-1.3014894
s_016um_00270_00055-1,-1.8796334
s_016um_00279_00326-1,-1.373072
s_016um_00091_00266-1,-1.3471013
s_016um_00244_00087-1,-1.6467927
s_016um_00168_00370-1,-1.3726312
s_016um_00276_00047-1,-1.3694273
s_016um_00392_00181-1,-1.3782638
s_016um_00101_00029-1,-1.9434435
s_016um_00234_00084-1,-1.320812
s_016um_00141_00073-1,-1.2456911
s_016um_00127_00389-1,-1.250986
s_016um_00209_00289-1,-1.5145286
s_016um_00170_00126-1,-1.533424
s_016um_00223_00029-1,-1.6000983
s_016um_00275_00201-1,-1.2896607
s_016um_00129_00318-1,-2.0426152
s_016um_00311_00052-1,-1.8989079
s_016um_00381_00137-1,-1.3848765
s_016um_00415_00141-1,-1.4627755
s_016um_00335_00211-1,-1.512814
s_016um_00222_00015-1,-1.4872531
s_016um_00255_00020-1,-1.8930725
s_016um_00043_00205-1,-1.7285867
s_016um_00359_00116-1,-1.5539304
s_016um_00270_00332-1,-1.8625469
s_016um_00084_00030-1,-1.71675
s_016um_00399_00368-1,-1.8333598
s_016um_00403_00148-1,-1.4723837
s_016um_00276_00311-1,-1.3663739
s_016um_00171_00378-1,-1.5234463
s_016um_00402_00150-1,-1.4118359
s_016um_00032_00333-1,-1.7029952
s_016um_00216_00283-1,-1.424605
s_016um_00084_00283-1,-1.2524819
s_016um_00069_00235-1,-1.5780249
s_016um_00312_00057-1,-1.2204946
s_016um_00326_00306-1,-1.4791331
s_016um_00333_00251-1,-1.4949936
s_016um_00130_00321-1,-1.4792536
s_016um_00285_00097-1,-1.4466795
s_016um_00040_00105-1,-1.3684653
s_016um_00224_00251-1,-1.3237706
s_016um_00191_00097-1,-1.406707
s_016um_00128_00390-1,-1.4180264
s_016um_00046_00205-1,-1.8259649
s_016um_00234_00261-1,-1.3893579
s_016um_00276_00200-1,-1.466888
s_016um_00287_00094-1,-1.3022972
s_016um_00189_00094-1,-1.4431629
s_016um_00044_00242-1,-1.8131583
s_016um_00008_00213-1,-1.3196925
s_016um_00213_00296-1,-1.4204787
s_016um_00102_00025-1,-1.5434675
s_016um_00398_00259-1,-1.648199
s_016um_00391_00292-1,-1.4383484
s_016um_00336_00397-1,-2.4033957
s_016um_00381_00127-1,-1.3324305
s_016um_00203_00145-1,-1.8454547
s_016um_00131_00092-1,-1.4908463
s_016um_00037_00006-1,-1.3802178
s_016um_00138_00071-1,-1.8211689
s_016um_00399_00261-1,-1.4306616
s_016um_00281_00328-1,-1.3494912
s_016um_00088_00068-1,-1.4347894
s_016um_00170_00125-1,-1.390106
s_016um_00276_00052-1,-1.3269721
s_016um_00082_00030-1,-1.7363793
s_016um_00321_00170-1,-1.4571246
s_016um_00217_00285-1,-1.3912864
s_016um_00190_00092-1,-1.514896
s_016um_00098_00072-1,-1.6224735
s_016um_00192_00095-1,-1.4643086
s_016um_00114_00147-1,-1.6397191
s_016um_00185_00026-1,-1.5399252
s_016um_00081_00244-1,-1.2564481
s_016um_00107_00384-1,-1.5646417
s_016um_00203_00150-1,-1.6244712
s_016um_00323_00229-1,-1.2198735
s_016um_00094_00276-1,-1.2761114
s_016um_00273_00029-1,-1.3584616
s_016um_00338_00395-1,-1.4957082
s_016um_00400_00373-1,-2.612001
s_016um_00085_00271-1,-1.3033975
s_016um_00077_00238-1,-1.2829278
s_016um_00100_00025-1,-1.3645389
s_016um_00032_00084-1,-1.7744805
s_016um_00215_00015-1,-1.4672345
s_016um_00195_00129-1,-1.7296772
s_016um_00283_00097-1,-1.8208864
s_016um_00228_00263-1,-1.2547139
s_016um_00327_00124-1,-1.4923016
s_016um_00326_00305-1,-1.5251421
s_016um_00273_00034-1,-1.4968024
s_016um_00069_00234-1,-1.4159572
s_016um_00009_00158-1,-1.4536712
s_016um_00179_00031-1,-1.2466267
s_016um_00310_00056-1,-1.3260067
s_016um_00353_00115-1,-1.5262882
s_016um_00011_00212-1,-1.5430763
s_016um_00332_00250-1,-1.4934503
s_016um_00359_00092-1,-1.2479082
s_016um_00405_00127-1,-1.199564
s_016um_00312_00054-1,-1.3429431
s_016um_00081_00031-1,-1.458344
s_016um_00208_00031-1,-1.44681
s_016um_00004_00157-1,-1.4192091
s_016um_00359_00287-1,-1.3061256
s_016um_00126_00386-1,-2.0962543
s_016um_00146_00054-1,-1.517664
s_016um_00333_00216-1,-1.3132524
s_016um_00146_00055-1,-1.3358191
s_016um_00093_00335-1,-1.3483849
s_016um_00259_00187-1,-1.4449967
s_016um_00398_00258-1,-1.4633354
s_016um_00205_00149-1,-1.5512222
s_016um_00174_00376-1,-1.5598525
s_016um_00110_00320-1,-1.3335993
s_016um_00081_00035-1,-1.4655463
s_016um_00113_00321-1,-1.7118654
s_016um_00098_00339-1,-1.3770428
s_016um_00229_00245-1,-1.5293903
s_016um_00269_00230-1,-1.5171819
s_016um_00236_00361-1,-1.5040493
s_016um_00158_00290-1,-1.3681055
s_016um_00280_00205-1,-1.2838656
s_016um_00319_00165-1,-1.4313228
s_016um_00085_00285-1,-1.4847233
s_016um_00099_00066-1,-1.5111581
s_016um_00242_00186-1,-1.2836758
s_016um_00364_00222-1,-1.4523664
s_016um_00101_00390-1,-1.3465873
s_016um_00398_00360-1,-2.4689324
s_016um_00408_00152-1,-1.3093115
s_016um_00346_00217-1,-1.3280168
s_016um_00220_00166-1,-1.5126791
s_016um_00267_00036-1,-1.4003074
s_016um_00259_00027-1,-1.4608299
s_016um_00281_00324-1,-1.3951255
s_016um_00102_00391-1,-1.3277037
s_016um_00084_00036-1,-1.6641568
s_016um_00087_00030-1,-1.4064476
s_016um_00220_00025-1,-1.3102142
s_016um_00082_00069-1,-1.4395875
s_016um_00278_00046-1,-1.383899
s_016um_00129_00089-1,-1.8267152
s_016um_00384_00132-1,-1.6913702
s_016um_00223_00170-1,-1.6024275
s_016um_00084_00268-1,-1.3448911
s_016um_00245_00088-1,-1.6233512
s_016um_00065_00237-1,-1.497816
s_016um_00091_00278-1,-1.6008604
s_016um_00008_00150-1,-1.480577
s_016um_00216_00014-1,-1.3824267
s_016um_00256_00032-1,-1.3257905
s_016um_00358_00415-1,-3.2348652
s_016um_00231_00268-1,-1.4949759
s_016um_00134_00069-1,-1.6272017
s_016um_00257_00186-1,-1.4457185
s_016um_00215_00291-1,-1.2414243
s_016um_00219_00015-1,-1.5051556
s_016um_00396_00257-1,-1.381137
s_016um_00408_00401-1,-6.8277235
s_016um_00127_00088-1,-1.5748091
s_016um_00086_00271-1,-1.4571998
s_016um_00129_00383-1,-1.4436737
s_016um_00365_00102-1,-1.4167936
s_016um_00341_00398-1,-1.6411469
s_016um_00190_00124-1,-1.4888444
s_016um_00135_00075-1,-1.5604926
s_016um_00234_00358-1,-1.2991698
s_016um_00125_00383-1,-1.2750674
s_016um_00371_00100-1,-1.4549402
s_016um_00140_00057-1,-1.5707128
s_016um_00395_00363-1,-1.8510574
s_016um_00041_00206-1,-1.4921328
s_016um_00065_00232-1,-1.4358855
s_016um_00271_00330-1,-1.6836447
s_016um_00271_00225-1,-1.2153965
s_016um_00044_00209-1,-1.5671146
s_016um_00119_00148-1,-1.3776382
s_016um_00347_00216-1,-1.424852
s_016um_00227_00247-1,-1.2121822
s_016um_00104_00387-1,-1.4751189
s_016um_00229_00260-1,-1.2616228
s_016um_00399_00214-1,-1.5244265
s_016um_00391_00293-1,-1.5404223
s_016um_00162_00125-1,-1.5182388
s_016um_00239_00183-1,-1.3623663
s_016um_00396_00178-1,-1.5059024
s_016um_00247_00084-1,-1.5672284
s_016um_00136_00230-1,-1.3656236
s_016um_00086_00074-1,-1.5018398
s_016um_00021_00266-1,-1.1780527
s_016um_00402_00260-1,-1.5771196
s_016um_00230_00361-1,-1.3492994
s_016um_00374_00145-1,-1.14402
s_016um_00083_00285-1,-1.3606294
s_016um_00113_00319-1,-1.5307637
s_016um_00011_00295-1,-1.4944041
s_016um_00260_00027-1,-1.3950564
s_016um_00108_00321-1,-1.6687794
s_016um_00233_00265-1,-1.5403013
s_016um_00415_00102-1,-1.5485266
s_016um_00275_00049-1,-1.598045
s_016um_00048_00237-1,-1.2602092
s_016um_00107_00383-1,-1.545837
s_016um_00398_00215-1,-1.4641507
s_016um_00235_00357-1,-1.25231
s_016um_00394_00369-1,-1.8060882
s_016um_00129_00314-1,-1.3847786
s_016um_00398_00217-1,-1.2955903
s_016um_00407_00398-1,-5.4293184
s_016um_00391_00298-1,-1.929747
s_016um_00402_00128-1,-1.296033
s_016um_00103_00066-1,-1.2562895
s_016um_00040_00171-1,-1.4149592
s_016um_00408_00100-1,-1.3815783
s_016um_00020_00266-1,-1.8291761
s_016um_00086_00196-1,-1.1651944
s_016um_00204_00152-1,-1.3759593
s_016um_00220_00225-1,-1.4195858
s_016um_00129_00093-1,-1.3302443
s_016um_00190_00122-1,-1.5680093
s_016um_00269_00330-1,-1.5008625
s_016um_00097_00273-1,-1.3415495
s_016um_00275_00135-1,-1.3898705
s_016um_00213_00282-1,-1.3475851
s_016um_00161_00288-1,-1.8402457
s_016um_00179_00029-1,-1.2453513
s_016um_00355_00119-1,-1.3840607
s_016um_00376_00138-1,-1.7713844
s_016um_00221_00227-1,-1.3249409
s_016um_00135_00070-1,-1.6931382
s_016um_00355_00025-1,-1.5161177
s_016um_00029_00332-1,-1.3295578
s_016um_00158_00291-1,-1.2037928
s_016um_00218_00018-1,-1.3713549
s_016um_00417_00140-1,-1.544918
s_016um_00146_00400-1,-1.3076673
s_016um_00370_00143-1,-1.2437294
s_016um_00163_00291-1,-1.7329974
s_016um_00029_00090-1,-1.5811082
s_016um_00411_00149-1,-1.6689949
s_016um_00164_00124-1,-1.2210121
s_016um_00043_00212-1,-1.4966981
s_016um_00193_00123-1,-1.3397753
s_016um_00064_00234-1,-1.6218138
s_016um_00262_00330-1,-1.301375
s_016um_00064_00131-1,-1.3308183
s_016um_00391_00181-1,-1.5405426
s_016um_00260_00187-1,-1.6245924
s_016um_00220_00170-1,-1.8707297
s_016um_00403_00255-1,-1.5016102
s_016um_00416_00140-1,-1.1859715
s_016um_00084_00200-1,-1.566293
s_016um_00084_00193-1,-1.2202704
s_016um_00238_00185-1,-1.2036209
s_016um_00027_00088-1,-1.3210957
s_016um_00132_00384-1,-1.4442385
s_016um_00013_00207-1,-1.8233376
s_016um_00249_00027-1,-1.401867
s_016um_00367_00097-1,-1.3907156
s_016um_00352_00017-1,-1.6234943
s_016um_00137_00077-1,-1.41801
s_016um_00083_00199-1,-1.3821512
s_016um_00399_00256-1,-1.4366113
s_016um_00178_00029-1,-1.5524234
s_016um_00125_00387-1,-1.4593788
s_016um_00107_00317-1,-1.8722643
s_016um_00345_00218-1,-1.3883818
s_016um_00057_00242-1,-1.5803667
s_016um_00278_00203-1,-1.5849947
s_016um_00042_00241-1,-1.535748
s_016um_00251_00018-1,-1.6087812
s_016um_00052_00246-1,-1.2061734
s_016um_00119_00143-1,-2.1500819
s_016um_00202_00149-1,-1.3811601
s_016um_00399_00121-1,-1.5235596
s_016um_00358_00089-1,-1.2134496
s_016um_00412_00102-1,-1.776275
s_016um_00130_00093-1,-1.6047865
s_016um_00139_00076-1,-1.4416759
s_016um_00099_00316-1,-1.4812201
s_016um_00278_00045-1,-1.386195
s_016um_00276_00226-1,-1.385479
s_016um_00357_00090-1,-2.130029
s_016um_00135_00215-1,-1.8001108
s_016um_00149_00394-1,-1.51858
s_016um_00031_00332-1,-1.3590057
s_016um_00235_00188-1,-1.490802
s_016um_00096_00316-1,-1.2348406
s_016um_00276_00314-1,-2.053742
s_016um_00223_00334-1,-1.2764099
s_016um_00033_00098-1,-1.663945
s_016um_00068_00236-1,-1.6236587
s_016um_00035_00103-1,-1.4621139
s_016um_00075_00249-1,-1.5740975
s_016um_00085_00066-1,-1.2603028
s_016um_00046_00212-1,-1.2667559
s_016um_00042_00204-1,-1.4033872
s_016um_00391_00339-1,-1.5084904
s_016um_00327_00214-1,-1.4044714
s_016um_00036_00103-1,-1.4337754
s_016um_00327_00212-1,-1.5050989
s_016um_00084_00264-1,-1.2863817
s_016um_00395_00357-1,-2.3846493
s_016um_00014_00266-1,-1.4337257
s_016um_00266_00035-1,-1.4684486
s_016um_00353_00116-1,-1.6780053
s_016um_00227_00248-1,-1.2117932
s_016um_00388_00338-1,-1.6331232
s_016um_00275_00052-1,-1.5623101
s_016um_00367_00094-1,-1.510232
s_016um_00159_00287-1,-1.5111102
s_016um_00220_00028-1,-1.7749037
s_016um_00271_00336-1,-1.4240487
s_016um_00042_00042-1,-1.5204309
s_016um_00260_00029-1,-1.3543245
s_016um_00374_00146-1,-1.6485853
s_016um_00387_00129-1,-1.4672924
s_016um_00231_00362-1,-1.3642955
s_016um_00413_00104-1,-1.4296076
s_016um_00075_00241-1,-1.6032778
s_016um_00090_00071-1,-1.3963871
s_016um_00327_00306-1,-1.2965722
s_016um_00100_00385-1,-2.0202003
s_016um_00145_00399-1,-1.3963463
s_016um_00397_00258-1,-1.5507412
s_016um_00140_00216-1,-1.3316871
s_016um_00142_00054-1,-1.3447781
s_016um_00325_00229-1,-1.3812971
s_016um_00094_00340-1,-1.4838052
s_016um_00355_00021-1,-1.1499679
s_016um_00040_00177-1,-1.2429588
s_016um_00356_00291-1,-1.6925478
s_016um_00327_00232-1,-1.3109293
s_016um_00194_00121-1,-1.9888768
s_016um_00140_00021-1,-1.4587009
s_016um_00370_00142-1,-1.5635401
s_016um_00037_00043-1,-1.3878063
s_016um_00266_00058-1,-1.617946
s_016um_00012_00295-1,-1.2833672
s_016um_00017_00268-1,-1.3643472
s_016um_00257_00035-1,-1.2888709
s_016um_00265_00135-1,-1.7548025
s_016um_00221_00235-1,-1.3243089
s_016um_00325_00162-1,-1.3712047
s_016um_00037_00008-1,-1.7516298
s_016um_00143_00057-1,-1.4640684
s_016um_00077_00242-1,-1.291014
s_016um_00136_00215-1,-1.8857744
s_016um_00166_00374-1,-1.3889767
s_016um_00398_00366-1,-1.6803899
s_016um_00370_00141-1,-1.4378489
s_016um_00237_00360-1,-1.3854554
s_016um_00008_00155-1,-1.5743926
s_016um_00363_00227-1,-1.4546622
s_016um_00384_00139-1,-1.236536
s_016um_00396_00367-1,-2.2200255
s_016um_00246_00085-1,-1.3479118
s_016um_00221_00010-1,-1.5101026
s_016um_00249_00026-1,-1.4404166
s_016um_00394_00342-1,-1.6576909
s_016um_00392_00339-1,-1.512962
s_016um_00324_00304-1,-1.3045471
s_016um_00394_00186-1,-1.4311776
s_016um_00121_00147-1,-1.537059
s_016um_00272_00031-1,-1.822082
s_016um_00323_00304-1,-1.1935633
s_016um_00217_00233-1,-1.6365077
s_016um_00377_00140-1,-1.5412393
s_016um_00270_00330-1,-1.856327
s_016um_00083_00035-1,-1.6560031
s_016um_00406_00398-1,-5.519925
s_016um_00352_00089-1,-1.5997093
s_016um_00367_00101-1,-1.5394201
s_016um_00066_00238-1,-1.16087
s_016um_00221_00014-1,-1.5091977
s_016um_00222_00030-1,-1.9171525
s_016um_00272_00222-1,-1.723069
s_016um_00195_00095-1,-1.4129765
s_016um_00217_00015-1,-1.3598402
s_016um_00016_00266-1,-1.4593889
s_016um_00226_00329-1,-1.3344982
s_016um_00215_00297-1,-1.5165313
s_016um_00095_00271-1,-1.6341347
s_016um_00236_00266-1,-1.2780331
s_016um_00188_00094-1,-1.55721
s_016um_00274_00333-1,-1.6028655
s_016um_00395_00369-1,-2.1861606
s_016um_00163_00126-1,-1.4385397
s_016um_00095_00339-1,-1.5073372
s_016um_00076_00300-1,-1.231924
s_016um_00234_00359-1,-1.55636
s_016um_00090_00067-1,-1.2415878
s_016um_00034_00008-1,-1.5001465
s_016um_00040_00212-1,-1.675633
s_016um_00082_00240-1,-1.3032051
s_016um_00271_00231-1,-1.4312227
s_016um_00271_00057-1,-1.5802852
s_016um_00273_00133-1,-1.3508334
s_016um_00330_00254-1,-1.6225353
s_016um_00070_00248-1,-1.3206359
s_016um_00062_00125-1,-1.4634115
s_016um_00362_00228-1,-1.3446681
s_016um_00277_00313-1,-1.483883
s_016um_00126_00388-1,-1.5164155
s_016um_00329_00123-1,-1.5495005
s_016um_00358_00119-1,-1.3001751
s_016um_00328_00225-1,-1.424446
s_016um_00373_00147-1,-1.3968748
s_016um_00276_00203-1,-1.3191907
s_016um_00372_00147-1,-1.4515502
s_016um_00006_00155-1,-1.3727423
s_016um_00145_00057-1,-1.5569658
s_016um_00326_00226-1,-1.3670712
s_016um_00222_00172-1,-1.4966651
s_016um_00057_00248-1,-1.2364783
s_016um_00083_00267-1,-1.3381227
s_016um_00397_00216-1,-1.5041884
s_016um_00341_00400-1,-2.0255523
s_016um_00075_00299-1,-1.3367293
s_016um_00236_00362-1,-1.4347864
s_016um_00077_00240-1,-1.4529791
s_016um_00365_00100-1,-1.3473582
s_016um_00370_00117-1,-1.2848278
s_016um_00407_00102-1,-2.1746902
s_016um_00401_00396-1,-4.199194
s_016um_00229_00332-1,-1.2748735
s_016um_00120_00146-1,-1.5132753
s_016um_00040_00174-1,-1.3733165
s_016um_00340_00216-1,-1.5044138
s_016um_00105_00383-1,-1.369119
s_016um_00410_00102-1,-1.3790787
s_016um_00267_00059-1,-1.6234667
s_016um_00338_00397-1,-3.20787
s_016um_00134_00232-1,-1.4275914
s_016um_00402_00126-1,-1.8085768
s_016um_00254_00034-1,-1.5317833
s_016um_00136_00318-1,-1.7301447
s_016um_00131_00094-1,-1.5256919
s_016um_00394_00338-1,-1.4702309
s_016um_00222_00174-1,-1.4399601
s_016um_00037_00103-1,-1.3651636
s_016um_00376_00121-1,-1.2031937
s_016um_00402_00398-1,-3.7801993
s_016um_00327_00228-1,-1.5110245
s_016um_00041_00205-1,-1.7573516
s_016um_00005_00211-1,-1.2594105
s_016um_00271_00030-1,-1.4648452
s_016um_00324_00230-1,-1.2071877
s_016um_00394_00343-1,-1.736185
s_016um_00203_00146-1,-1.3288298
s_016um_00067_00128-1,-1.5107454
s_016um_00218_00281-1,-1.4566613
s_016um_00014_00297-1,-1.463507
s_016um_00221_00226-1,-1.285306
s_016um_00183_00025-1,-1.517607
s_016um_00075_00247-1,-1.1541615
s_016um_00035_00104-1,-1.3764908
s_016um_00135_00218-1,-1.3579441
s_016um_00396_00368-1,-1.5944229
s_016um_00168_00127-1,-1.7110587
s_016um_00216_00232-1,-1.5306246
s_016um_00254_00029-1,-1.4979728
s_016um_00263_00192-1,-1.2584832
s_016um_00264_00186-1,-1.7095833
s_016um_00084_00035-1,-1.6099949
s_016um_00040_00205-1,-1.4234704
s_016um_00372_00144-1,-1.7526907
s_016um_00126_00389-1,-1.3638284
s_016um_00128_00319-1,-1.876557
s_016um_00008_00294-1,-1.3375655
s_016um_00277_00052-1,-2.7336178
s_016um_00102_00065-1,-1.6863599
s_016um_00092_00269-1,-1.2921782
s_016um_00262_00030-1,-1.6233416
s_016um_00129_00315-1,-1.698269
s_016um_00338_00405-1,-1.99115
s_016um_00173_00375-1,-1.1017947
s_016um_00356_00121-1,-1.6871296
s_016um_00269_00061-1,-1.3802439
s_016um_00010_00300-1,-1.3636183
s_016um_00093_00338-1,-1.3546162
s_016um_00006_00300-1,-1.5719901
s_016um_00353_00026-1,-2.0244863
s_016um_00330_00257-1,-1.57319
s_016um_00243_00090-1,-1.3195213
s_016um_00082_00297-1,-1.6115977
s_016um_00145_00058-1,-1.7153125
s_016um_00399_00262-1,-1.4137933
s_016um_00074_00250-1,-1.3948042
s_016um_00337_00399-1,-2.4664416
s_016um_00233_00091-1,-1.4456804
s_016um_00105_00390-1,-1.4890003
s_016um_00141_00022-1,-1.7489922
s_016um_00037_00041-1,-1.4266974
s_016um_00239_00087-1,-1.227819
s_016um_00102_00071-1,-1.6367412
s_016um_00174_00377-1,-1.2844949
s_016um_00338_00404-1,-1.8860828
s_016um_00036_00007-1,-1.293559
s_016um_00171_00376-1,-1.284549
s_016um_00277_00134-1,-1.3026545
s_016um_00066_00131-1,-1.2492609
s_016um_00150_00394-1,-1.4954867
s_016um_00134_00233-1,-1.3236766
s_016um_00359_00411-1,-2.7828336
s_016um_00276_00209-1,-1.4371846
s_016um_00380_00136-1,-1.616539
s_016um_00039_00210-1,-1.5770013
s_016um_00406_00144-1,-1.4422853
s_016um_00339_00397-1,-2.3114846
s_016um_00117_00145-1,-1.6768572
s_016um_00139_00058-1,-1.2689819
s_016um_00341_00214-1,-1.8289338
s_016um_00093_00321-1,-1.4802394
s_016um_00037_00047-1,-1.8290753
s_016um_00254_00032-1,-1.4953078
s_016um_00034_00105-1,-1.6289703
s_016um_00055_00250-1,-1.4367527
s_016um_00053_00243-1,-1.5380187
s_016um_00009_00299-1,-1.2262634
s_016um_00367_00141-1,-1.3785285
s_016um_00279_00047-1,-1.5395384
s_016um_00094_00271-1,-1.4626248
s_016um_00207_00149-1,-1.2297683
s_016um_00352_00024-1,-1.4868308
s_016um_00416_00137-1,-1.6088079
s_016um_00084_00195-1,-1.9586557
s_016um_00270_00061-1,-1.3136973
s_016um_00346_00219-1,-1.3578987
s_016um_00236_00356-1,-1.4693519
s_016um_00203_00144-1,-1.7154083
s_016um_00161_00292-1,-1.2722065
s_016um_00128_00387-1,-1.5010649
s_016um_00043_00203-1,-1.413985
s_016um_00407_00122-1,-1.4063458
s_016um_00072_00246-1,-1.373687
s_016um_00385_00136-1,-1.3816433
s_016um_00348_00214-1,-1.8100941
s_016um_00219_00230-1,-1.3338342
s_016um_00331_00215-1,-1.3685381
s_016um_00381_00126-1,-1.5491794
s_016um_00218_00227-1,-1.3000597
s_016um_00045_00239-1,-1.3649497
s_016um_00154_00398-1,-1.5261495
s_016um_00385_00131-1,-1.4348546
s_016um_00385_00126-1,-2.2159636
s_016um_00035_00007-1,-1.3582091
s_016um_00233_00086-1,-1.5012404
s_016um_00276_00043-1,-1.4074198
s_016um_00234_00086-1,-1.4744414
s_016um_00157_00286-1,-1.62356
s_016um_00079_00291-1,-1.391472
s_016um_00277_00323-1,-1.3758779
s_016um_00072_00251-1,-1.2659929
s_016um_00288_00097-1,-1.534354
s_016um_00415_00136-1,-1.678838
s_016um_00164_00128-1,-1.3841149
s_016um_00130_00090-1,-1.5104514
s_016um_00225_00331-1,-1.5291551
s_016um_00397_00218-1,-1.4855748
s_016um_00082_00242-1,-1.1967223
s_016um_00116_00147-1,-1.494526
s_016um_00227_00249-1,-1.2617329
s_016um_00095_00279-1,-1.1548494
s_016um_00056_00246-1,-1.4591537
s_016um_00334_00253-1,-2.2751918
s_016um_00252_00019-1,-1.9899273
s_016um_00139_00021-1,-1.3952056
s_016um_00319_00164-1,-1.2684275
s_016um_00111_00313-1,-1.2820323
s_016um_00247_00022-1,-1.5189682
s_016um_00150_00398-1,-1.5865805
s_016um_00044_00218-1,-1.6885784
s_016um_00057_00251-1,-1.3714893
s_016um_00132_00316-1,-2.2263615
s_016um_00276_00329-1,-1.4230337
s_016um_00109_00317-1,-1.26917
s_016um_00393_00340-1,-1.5616308
s_016um_00218_00173-1,-1.5105039
s_016um_00280_00048-1,-1.3034745
s_016um_00246_00090-1,-1.6427096
s_016um_00044_00175-1,-1.6222384
s_016um_00045_00244-1,-1.5509784
s_016um_00321_00300-1,-1.4522072
s_016um_00369_00144-1,-1.4088573
s_016um_00086_00073-1,-1.5207909
s_016um_00374_00118-1,-1.3685969
s_016um_00326_00224-1,-1.7019677
s_016um_00141_00015-1,-1.5794696
s_016um_00081_00193-1,-1.4886817
s_016um_00124_00386-1,-1.9861338
s_016um_00011_00151-1,-1.3927925
s_016um_00107_00387-1,-1.4212801
s_016um_00397_00374-1,-2.2662113
s_016um_00241_00083-1,-1.4017212
s_016um_00360_00418-1,-2.2396393
s_016um_00092_00273-1,-1.3877159
s_016um_00269_00030-1,-1.5603831
s_016um_00359_00413-1,-3.0563188
s_016um_00232_00362-1,-1.3758336
s_016um_00233_00266-1,-1.7150124
s_016um_00223_00239-1,-1.3796053
s_016um_00136_00319-1,-2.3360834
s_016um_00275_00209-1,-1.273969
s_016um_00246_00023-1,-1.4707042
s_016um_00405_00125-1,-1.3944952
s_016um_00130_00230-1,-1.5375893
s_016um_00234_00092-1,-1.5750803
s_016um_00364_00230-1,-1.5066389
s_016um_00147_00058-1,-1.3551152
s_016um_00039_00009-1,-1.3585186
s_016um_00148_00401-1,-1.4895569
s_016um_00080_00292-1,-1.4327981
s_016um_00393_00294-1,-1.4744673
s_016um_00357_00415-1,-4.312148
s_016um_00248_00025-1,-1.6955688
s_016um_00085_00073-1,-1.4831837
s_016um_00397_00180-1,-1.4442711
s_016um_00396_00180-1,-1.399318
s_016um_00096_00274-1,-1.4113201
s_016um_00120_00143-1,-2.574594
s_016um_00246_00089-1,-1.4334407
s_016um_00011_00157-1,-1.3019662
s_016um_00264_00128-1,-1.5385036
s_016um_00095_00029-1,-1.5316648
s_016um_00036_00099-1,-1.2474827
s_016um_00097_00027-1,-1.3610317
s_016um_00192_00094-1,-1.3882958
s_016um_00171_00127-1,-1.2079618
s_016um_00123_00150-1,-1.6034036
s_016um_00213_00290-1,-1.3294244
s_016um_00400_00398-1,-4.082892
s_016um_00394_00360-1,-1.7668731
s_016um_00229_00235-1,-1.3620565
s_016um_00029_00336-1,-1.4293768
s_016um_00034_00010-1,-1.736097
s_016um_00145_00056-1,-1.3753116
s_016um_00372_00125-1,-1.4677118
s_016um_00216_00284-1,-1.5332301
s_016um_00272_00202-1,-1.4407232
s_016um_00036_00042-1,-1.4808093
s_016um_00043_00217-1,-1.4190876
s_016um_00272_00330-1,-1.4699826
s_016um_00145_00396-1,-1.2201127
s_016um_00215_00029-1,-1.3944684
s_016um_00100_00069-1,-1.5408561
s_016um_00100_00067-1,-1.2740514
s_016um_00040_00204-1,-1.3286359
s_016um_00013_00299-1,-1.4199932
s_016um_00089_00065-1,-1.4183819
s_016um_00279_00133-1,-1.609582
s_016um_00218_00229-1,-1.4944935
s_016um_00006_00152-1,-1.3642472
s_016um_00326_00229-1,-1.3188014
s_016um_00259_00031-1,-1.7262038
s_016um_00396_00358-1,-2.0272107
s_016um_00124_00090-1,-1.4079391
s_016um_00018_00270-1,-1.508516
s_016um_00269_00224-1,-1.3186274
s_016um_00162_00293-1,-1.4761734
s_016um_00027_00333-1,-1.6136174
s_016um_00403_00149-1,-1.3122922
s_016um_00350_00019-1,-1.1736773
s_016um_00406_00123-1,-1.635986
s_016um_00036_00100-1,-1.5594736
s_016um_00102_00072-1,-1.6234076
s_016um_00130_00387-1,-1.5195988
s_016um_00267_00333-1,-1.253814
s_016um_00191_00128-1,-1.6433549
s_016um_00359_00416-1,-4.5966916
s_016um_00218_00017-1,-1.4002275
s_016um_00388_00344-1,-1.4626863
s_016um_00079_00301-1,-1.4512482
s_016um_00287_00100-1,-1.3038113
s_016um_00084_00031-1,-1.408721
s_016um_00221_00169-1,-1.2409457
s_016um_00044_00042-1,-1.5709774
s_016um_00229_00329-1,-1.2196276
s_016um_00343_00218-1,-1.3195729
s_016um_00082_00196-1,-2.0015044
s_016um_00270_00030-1,-1.2332673
s_016um_00362_00416-1,-3.2627075
s_016um_00053_00244-1,-1.2926438
s_016um_00390_00182-1,-1.6318003
s_016um_00099_00028-1,-1.6623168
s_016um_00386_00132-1,-2.0758774
s_016um_00328_00123-1,-1.348901
s_016um_00071_00235-1,-1.2400386
s_016um_00224_00335-1,-1.3507829
s_016um_00108_00386-1,-1.2820883
s_016um_00386_00127-1,-1.8155835
s_016um_00138_00069-1,-1.3119763
s_016um_00099_00024-1,-1.6894149
s_016um_00286_00092-1,-1.3140388
s_016um_00238_00186-1,-1.5350178
s_016um_00371_00096-1,-1.2763596
s_016um_00043_00237-1,-1.3391812
s_016um_00189_00123-1,-1.2982693
s_016um_00063_00126-1,-1.5680819
s_016um_00084_00286-1,-1.4958928
s_016um_00291_00094-1,-1.4672827
s_016um_00128_00089-1,-1.6081492
s_016um_00340_00397-1,-2.7347064
s_016um_00267_00328-1,-1.4318613
s_016um_00217_00280-1,-1.5062706
s_016um_00269_00331-1,-1.4088323
s_016um_00393_00343-1,-1.8748481
s_016um_00213_00297-1,-1.4553095
s_016um_00276_00049-1,-1.4533176
s_016um_00410_00152-1,-1.4583642
s_016um_00254_00023-1,-1.5385001
s_016um_00322_00230-1,-1.7367253
s_016um_00397_00221-1,-1.6626472
s_016um_00092_00322-1,-1.4173232
s_016um_00039_00102-1,-1.7636614
s_016um_00217_00018-1,-1.3933173
s_016um_00232_00089-1,-1.7966422
s_016um_00268_00058-1,-1.583755
s_016um_00341_00396-1,-1.4217726
s_016um_00277_00209-1,-1.1843789
s_016um_00400_00257-1,-1.607374
s_016um_00278_00319-1,-1.6341054
s_016um_00038_00097-1,-1.7294917
s_016um_00084_00201-1,-1.3681759
s_016um_00250_00024-1,-1.6644205
s_016um_00404_00259-1,-1.2888966
s_016um_00005_00295-1,-1.4814918
s_016um_00142_00018-1,-1.6788168
s_016um_00087_00272-1,-1.2991546
s_016um_00133_00093-1,-1.7625322
s_016um_00130_00088-1,-1.9446214
s_016um_00275_00311-1,-2.2003682
s_016um_00256_00028-1,-1.874155
s_016um_00078_00248-1,-1.3904856
s_016um_00098_00030-1,-1.5404465
s_016um_00108_00316-1,-1.7194595
s_016um_00234_00262-1,-1.3741214
s_016um_00216_00282-1,-1.2592034
s_016um_00404_00395-1,-5.5694904
s_016um_00220_00282-1,-1.6994926
s_016um_00190_00126-1,-1.3645566
s_016um_00309_00056-1,-1.6274743
s_016um_00351_00115-1,-1.8543537
s_016um_00370_00123-1,-1.5488427
s_016um_00180_00032-1,-1.4731491
s_016um_00083_00195-1,-1.7104625
s_016um_00244_00081-1,-1.1515732
s_016um_00229_00263-1,-1.3693049
s_016um_00259_00128-1,-1.465817
s_016um_00397_00219-1,-1.3101282
s_016um_00065_00233-1,-1.5167251
s_016um_00164_00125-1,-1.3806566
s_016um_00019_00272-1,-1.412046
s_016um_00357_00287-1,-1.2554574
s_016um_00403_00400-1,-5.2114487
s_016um_00163_00287-1,-1.8401309
s_016um_00374_00143-1,-1.5553681
s_016um_00281_00327-1,-1.5934871
s_016um_00277_00202-1,-1.3869947
s_016um_00115_00317-1,-1.3857768
s_016um_00233_00354-1,-1.0975713
s_016um_00379_00133-1,-1.3282683
s_016um_00007_00299-1,-1.3902739
s_016um_00348_00020-1,-1.4086317
s_016um_00086_00266-1,-1.5485452
s_016um_00274_00138-1,-1.7619278
s_016um_00039_00179-1,-1.4005697
s_016um_00350_00025-1,-1.3859841
s_016um_00082_00294-1,-1.3799549
s_016um_00132_00093-1,-1.4144589
s_016um_00163_00128-1,-1.2455025
s_016um_00235_00187-1,-1.3552966
s_016um_00040_00178-1,-1.3525712
s_016um_00262_00191-1,-1.6143148
s_016um_00378_00134-1,-1.6101605
s_016um_00261_00130-1,-1.6318088
s_016um_00140_00058-1,-1.5597247
s_016um_00392_00341-1,-1.6684561
s_016um_00079_00294-1,-1.3837868
s_016um_00237_00187-1,-1.4270126
s_016um_00400_00128-1,-1.3737155
s_016um_00403_00152-1,-1.6262304
s_016um_00098_00031-1,-1.8101885
s_016um_00238_00091-1,-1.4212097
s_016um_00268_00223-1,-1.4325519
s_016um_00267_00056-1,-1.2174034
s_016um_00236_00264-1,-1.6588639
s_016um_00240_00091-1,-1.5982665
s_016um_00308_00060-1,-1.5594746
s_016um_00350_00018-1,-1.6014949
s_016um_00277_00317-1,-1.7877983
s_016um_00218_00284-1,-1.450747
s_016um_00275_00323-1,-1.4539834
s_016um_00146_00020-1,-1.5188751
s_016um_00082_00269-1,-1.3520995
s_016um_00133_00231-1,-1.5839046
s_016um_00043_00214-1,-1.4133285
s_016um_00243_00188-1,-1.37068
s_016um_00368_00141-1,-1.1836002
s_016um_00218_00027-1,-1.4044054
s_016um_00063_00129-1,-1.5779072
s_016um_00403_00121-1,-1.3894014
s_016um_00044_00048-1,-1.294702
s_016um_00217_00027-1,-1.4671631
s_016um_00007_00298-1,-1.1652046
s_016um_00265_00333-1,-1.5093312
s_016um_00166_00121-1,-1.5309237
s_016um_00359_00118-1,-1.4928616
s_016um_00351_00120-1,-1.6290236
s_016um_00139_00069-1,-1.7059941
s_016um_00037_00175-1,-1.6687803
s_016um_00043_00219-1,-1.3240895
s_016um_00339_00401-1,-2.7818074
s_016um_00391_00177-1,-1.5247294
s_016um_00115_00145-1,-2.3144348
s_016um_00110_00312-1,-1.3290017
s_016um_00353_00114-1,-1.3973842
s_016um_00028_00330-1,-1.8882506
s_016um_00393_00217-1,-1.778193
s_016um_00234_00357-1,-1.4199128
s_016um_00008_00298-1,-1.3312445
s_016um_00239_00088-1,-1.7507488
s_016um_00322_00231-1,-1.6811075
s_016um_00080_00239-1,-1.2193706
s_016um_00220_00165-1,-1.4422379
s_016um_00268_00031-1,-1.4919716
s_016um_00016_00270-1,-1.1923974
s_016um_00038_00100-1,-1.403493
s_016um_00351_00090-1,-1.5658637
s_016um_00045_00245-1,-1.5279714
s_016um_00257_00030-1,-1.3943049
s_016um_00277_00044-1,-1.5167335
s_016um_00082_00031-1,-1.4768646
s_016um_00358_00097-1,-1.4804794
s_016um_00397_00360-1,-1.4937274
s_016um_00220_00231-1,-1.4431771
s_016um_00355_00287-1,-1.4563153
s_016um_00086_00270-1,-1.3666162
s_016um_00379_00134-1,-1.3206549
s_016um_00149_00393-1,-1.6997858
s_016um_00264_00054-1,-1.5882736
s_016um_00412_00103-1,-1.5164232
s_016um_00262_00131-1,-1.7689937
s_016um_00325_00167-1,-1.5036166
s_016um_00048_00213-1,-1.4763608
s_016um_00227_00233-1,-1.6281917
s_016um_00189_00125-1,-1.2584541
s_016um_00067_00132-1,-1.4816799
s_016um_00270_00229-1,-1.3636303
s_016um_00132_00317-1,-2.1965384
s_016um_00407_00104-1,-1.4233186
s_016um_00261_00032-1,-1.3570106
s_016um_00222_00249-1,-1.4518398
s_016um_00098_00318-1,-1.3633655
s_016um_00128_00230-1,-1.2269253
s_016um_00220_00229-1,-1.3526229
s_016um_00397_00363-1,-1.3930575
s_016um_00100_00023-1,-1.4990872
s_016um_00081_00236-1,-1.4889311
s_016um_00216_00278-1,-1.6061548
s_016um_00353_00024-1,-1.4971997
s_016um_00076_00252-1,-2.3246524
s_016um_00322_00169-1,-1.4578543
s_016um_00121_00150-1,-1.3978372
s_016um_00332_00212-1,-1.3674529
s_016um_00042_00237-1,-1.4254963
s_016um_00382_00140-1,-1.2864512
s_016um_00354_00118-1,-1.6394838
s_016um_00119_00142-1,-2.1053164
s_016um_00128_00227-1,-1.3590021
s_016um_00337_00402-1,-1.6724864
s_016um_00079_00194-1,-1.6367562
s_016um_00370_00146-1,-1.4978073
s_016um_00183_00029-1,-1.3051046
s_016um_00332_00121-1,-1.7304211
s_016um_00086_00272-1,-1.2432004
s_016um_00047_00214-1,-1.4033177
s_016um_00086_00267-1,-1.5485336
s_016um_00166_00371-1,-1.3745425
s_016um_00262_00134-1,-1.49641
s_016um_00403_00260-1,-1.4599656
s_016um_00395_00185-1,-1.4814225
s_016um_00085_00201-1,-1.4451046
s_016um_00273_00222-1,-1.403933
s_016um_00274_00044-1,-1.4188151
s_016um_00066_00130-1,-1.5348977
s_016um_00250_00022-1,-1.2758404
s_016um_00405_00151-1,-1.5070449
s_016um_00083_00273-1,-1.2769692
s_016um_00324_00226-1,-1.726054
s_016um_00257_00025-1,-1.7931751
s_016um_00236_00086-1,-1.5416216
s_016um_00115_00148-1,-1.6320064
s_016um_00354_00090-1,-1.4546013
s_016um_00224_00327-1,-1.9731212
s_016um_00161_00289-1,-1.4499128
s_016um_00208_00296-1,-1.3292322
s_016um_00034_00333-1,-1.4538897
s_016um_00322_00301-1,-1.272352
s_016um_00178_00031-1,-1.6467597
s_016um_00375_00123-1,-1.3911822
s_016um_00081_00278-1,-1.2614086
s_016um_00211_00296-1,-1.5762011
s_016um_00066_00133-1,-1.4501615
s_016um_00041_00174-1,-1.3422925
s_016um_00097_00071-1,-1.6510177
s_016um_00145_00019-1,-1.4490792
s_016um_00168_00125-1,-1.5112362
s_016um_00057_00246-1,-1.5547861
s_016um_00102_00389-1,-1.4439207
s_016um_00269_00227-1,-1.5241839
s_016um_00127_00089-1,-1.7401736
s_016um_00113_00316-1,-1.3532659
s_016um_00392_00337-1,-1.8066082
s_016um_00019_00266-1,-1.3112011
s_016um_00147_00398-1,-1.3932171
s_016um_00385_00132-1,-1.4482431
s_016um_00353_00095-1,-1.2378116
s_016um_00408_00145-1,-1.1825838
s_016um_00322_00170-1,-1.332346
s_016um_00372_00096-1,-1.287301
s_016um_00262_00187-1,-1.2049384
s_016um_00018_00266-1,-1.5232892
s_016um_00046_00217-1,-1.3711841
s_016um_00037_00044-1,-1.276579
s_016um_00023_00268-1,-1.256313
s_016um_00028_00089-1,-1.8615658
s_016um_00271_00061-1,-1.3840816
s_016um_00399_00127-1,-1.3708692
s_016um_00132_00229-1,-1.497821
s_016um_00324_00298-1,-1.4742239
s_016um_00222_00011-1,-1.590609
s_016um_00040_00048-1,-1.3884349
s_016um_00261_00331-1,-1.3277792
s_016um_00258_00187-1,-1.5860722
s_016um_00275_00314-1,-1.5925483
s_016um_00267_00035-1,-1.6249752
s_016um_00276_00207-1,-1.5949869
s_016um_00263_00135-1,-1.8250152
s_016um_00083_00065-1,-1.8141103
s_016um_00406_00147-1,-1.3165202
s_016um_00414_00143-1,-1.3902112
s_016um_00399_00220-1,-1.6005721
s_016um_00382_00128-1,-1.5544035
s_016um_00096_00031-1,-1.3763133
s_016um_00343_00212-1,-1.5576346
s_016um_00055_00247-1,-1.4072928
s_016um_00066_00129-1,-1.4547945
s_016um_00397_00259-1,-1.4591384
s_016um_00040_00099-1,-1.6784766
s_016um_00366_00222-1,-1.360187
s_016um_00218_00169-1,-1.8452525
s_016um_00277_00129-1,-1.3499563
s_016um_00069_00131-1,-1.4565977
s_016um_00359_00094-1,-1.4804071
s_016um_00352_00097-1,-1.4634184
s_016um_00381_00132-1,-1.334787
s_016um_00077_00244-1,-1.2049451
s_016um_00359_00120-1,-1.598659
s_016um_00277_00319-1,-1.6011072
s_016um_00406_00126-1,-1.3726685
s_016um_00396_00341-1,-1.9494469
s_016um_00341_00218-1,-1.2520485
s_016um_00402_00151-1,-1.5404092
s_016um_00285_00092-1,-1.2758977
s_016um_00045_00208-1,-1.4209472
s_016um_00019_00267-1,-1.3608571
s_016um_00355_00288-1,-1.792225
s_016um_00396_00364-1,-1.5678399
s_016um_00030_00336-1,-1.5627292
s_016um_00369_00139-1,-1.4936808
s_016um_00061_00245-1,-1.4446992
s_016um_00222_00334-1,-1.4936032
s_016um_00327_00119-1,-2.1003823
s_016um_00272_00045-1,-1.4855574
s_016um_00092_00318-1,-1.5834254
s_016um_00261_00133-1,-1.3544497
s_016um_00161_00290-1,-1.5846307
s_016um_00224_00026-1,-1.9415783
s_016um_00319_00302-1,-1.5794448
s_016um_00211_00292-1,-1.8444302
s_016um_00270_00054-1,-1.7571615
s_016um_00280_00046-1,-1.2904387
s_016um_00040_00101-1,-1.3399925
s_016um_00273_00336-1,-1.6063695
s_016um_00399_00373-1,-3.5098977
s_016um_00141_00217-1,-1.350659
s_016um_00394_00344-1,-2.7534878
s_016um_00327_00213-1,-1.3637054
s_016um_00286_00095-1,-1.3612391
s_016um_00272_00229-1,-1.3867481
s_016um_00355_00088-1,-1.3168263
s_016um_00351_00018-1,-1.414012
s_016um_00271_00035-1,-1.4468611
s_016um_00085_00197-1,-1.2952683
s_016um_00141_00220-1,-1.4222076
s_016um_00372_00126-1,-1.9515425
s_016um_00019_00271-1,-1.2518185
s_016um_00388_00340-1,-1.786101
s_016um_00211_00291-1,-1.5465449
s_016um_00220_00172-1,-1.4685136
s_016um_00218_00226-1,-1.2644128
s_016um_00328_00218-1,-1.3393235
s_016um_00330_00252-1,-1.7641706
s_016um_00107_00389-1,-1.6656502
s_016um_00074_00296-1,-1.5033736
s_016um_00280_00045-1,-1.2798918
s_016um_00273_00318-1,-1.4147621
s_016um_00251_00023-1,-1.4967477
s_016um_00349_00018-1,-1.700343
s_016um_00372_00143-1,-2.143118
s_016um_00267_00132-1,-1.5245359
s_016um_00219_00169-1,-1.3154728
s_016um_00400_00220-1,-1.4478226
s_016um_00268_00034-1,-1.2594876
s_016um_00263_00329-1,-1.3176725
s_016um_00222_00329-1,-1.4071941
s_016um_00326_00298-1,-1.6104616
s_016um_00351_00025-1,-1.5267582
s_016um_00344_00218-1,-1.3840417
s_016um_00369_00096-1,-1.3191117
s_016um_00333_00256-1,-1.4971175
s_016um_00134_00230-1,-1.5616179
s_016um_00069_00127-1,-1.4154156
s_016um_00324_00227-1,-1.3231486
s_016um_00326_00124-1,-1.3446435
s_016um_00392_00297-1,-2.5095143
s_016um_00253_00032-1,-1.3794601
s_016um_00278_00206-1,-1.2202939
s_016um_00055_00245-1,-1.2680168
s_016um_00100_00388-1,-1.548936
s_016um_00224_00238-1,-1.6309471
s_016um_00273_00030-1,-1.4045112
s_016um_00394_00185-1,-1.3621793
s_016um_00004_00297-1,-1.7116742
s_016um_00329_00124-1,-1.3705028
s_016um_00179_00033-1,-1.5401434
s_016um_00398_00183-1,-1.1852018
s_016um_00010_00207-1,-1.488228
s_016um_00278_00327-1,-1.6158376
s_016um_00088_00034-1,-1.3239224
s_016um_00285_00095-1,-1.4201629
s_016um_00239_00188-1,-1.3000982
s_016um_00314_00056-1,-1.4393735
s_016um_00262_00133-1,-1.6423738
s_016um_00067_00238-1,-1.568098
s_016um_00040_00104-1,-1.3950474
s_016um_00379_00132-1,-1.6628971
s_016um_00379_00136-1,-1.5887221
s_016um_00075_00242-1,-1.430818
s_016um_00127_00090-1,-1.796638
s_016um_00227_00332-1,-1.3666241
s_016um_00404_00397-1,-5.3194265
s_016um_00046_00208-1,-1.4711905
s_016um_00403_00397-1,-5.402268
s_016um_00352_00090-1,-1.412991
s_016um_00391_00342-1,-2.351911
s_016um_00124_00147-1,-1.5643061
s_016um_00222_00245-1,-1.2728733
s_016um_00040_00207-1,-1.384891
s_016um_00394_00364-1,-1.7977796
s_016um_00249_00021-1,-1.7459222
s_016um_00087_00071-1,-1.6924477
s_016um_00025_00089-1,-1.3372024
s_016um_00274_00323-1,-1.58663
s_016um_00130_00390-1,-1.4605018
s_016um_00390_00178-1,-1.2278624
s_016um_00056_00244-1,-1.2772211
s_016um_00404_00148-1,-1.547835
s_016um_00215_00027-1,-1.4880652
s_016um_00405_00147-1,-1.5429281
s_016um_00333_00213-1,-1.7817475
s_016um_00403_00256-1,-1.7795248
s_016um_00031_00329-1,-1.5790402
s_016um_00015_00264-1,-1.4858538
s_016um_00280_00315-1,-1.3178217
s_016um_00062_00132-1,-1.4855448
s_016um_00411_00100-1,-1.775104
s_016um_00058_00247-1,-1.3796252
s_016um_00150_00400-1,-1.551859
s_016um_00265_00133-1,-1.3536916
s_016um_00386_00128-1,-1.3540723
s_016um_00022_00270-1,-1.3155901
s_016um_00403_00261-1,-1.7176385
s_016um_00362_00227-1,-1.2832929
s_016um_00195_00123-1,-1.4336998
s_016um_00366_00100-1,-1.7817593
s_016um_00352_00091-1,-1.3152853
s_016um_00261_00128-1,-1.4815097
s_016um_00078_00285-1,-1.5931642
s_016um_00266_00129-1,-1.6006987
s_016um_00369_00228-1,-1.4375952
s_016um_00030_00330-1,-1.3867744
s_016um_00209_00030-1,-1.4671549
s_016um_00138_00217-1,-1.6434721
s_016um_00144_00021-1,-1.389053
s_016um_00021_00272-1,-1.4320362
s_016um_00324_00232-1,-1.1932614
s_016um_00077_00292-1,-1.4712998
s_016um_00035_00097-1,-1.4885625
s_016um_00276_00315-1,-2.2153172
s_016um_00161_00293-1,-1.2800237
s_016um_00033_00330-1,-1.5482327
s_016um_00113_00314-1,-1.1322985
s_016um_00114_00320-1,-1.306944
s_016um_00016_00264-1,-1.3118223
s_016um_00270_00031-1,-1.4228941
s_016um_00268_00056-1,-2.0887883
s_016um_00277_00311-1,-1.4149132
s_016um_00119_00152-1,-1.4864173
s_016um_00079_00296-1,-1.4448346
s_016um_00053_00247-1,-1.6853157
s_016um_00280_00134-1,-1.3341776
s_016um_00163_00127-1,-1.2828232
s_016um_00276_00210-1,-1.2057276
s_016um_00109_00318-1,-1.4661155
s_016um_00032_00089-1,-1.4787742
s_016um_00320_00300-1,-1.3545542
s_016um_00281_00312-1,-1.2752864
s_016um_00221_00229-1,-1.491236
s_016um_00195_00091-1,-1.4732322
s_016um_00232_00359-1,-1.6224055
s_016um_00070_00235-1,-1.4317636
s_016um_00069_00237-1,-1.2355704
s_016um_00142_00059-1,-1.5408013
s_016um_00182_00028-1,-1.3554256
s_016um_00218_00012-1,-1.3012614
s_016um_00073_00252-1,-1.1913893
s_016um_00237_00091-1,-1.0875466
s_016um_00010_00156-1,-1.3301189
s_016um_00042_00202-1,-1.8157861
s_016um_00271_00205-1,-1.4468782
s_016um_00094_00025-1,-1.6000239
s_016um_00221_00234-1,-1.1191471
s_016um_00044_00206-1,-1.3150221
s_016um_00127_00384-1,-1.703839
s_016um_00355_00292-1,-1.4763961
s_016um_00027_00084-1,-1.4294078
s_016um_00369_00095-1,-1.1708646
s_016um_00041_00177-1,-1.5395939
s_016um_00400_00399-1,-5.8288383
s_016um_00111_00316-1,-1.5118723
s_016um_00279_00206-1,-1.4735407
s_016um_00284_00095-1,-1.3883994
s_016um_00397_00357-1,-2.4986286
s_016um_00221_00028-1,-1.4505761
s_016um_00167_00129-1,-1.5108488
s_016um_00355_00413-1,-3.9307625
s_016um_00165_00287-1,-1.4756422
s_016um_00217_00031-1,-1.3872044
s_016um_00084_00281-1,-1.4818052
s_016um_00067_00237-1,-1.4439347
s_016um_00286_00098-1,-1.5099785
s_016um_00195_00126-1,-1.3776073
s_016um_00400_00372-1,-1.454288
s_016um_00195_00127-1,-1.3796611
s_016um_00153_00401-1,-1.7022384
s_016um_00195_00125-1,-1.5782537
s_016um_00268_00334-1,-1.5035995
s_016um_00143_00059-1,-1.7812252
s_016um_00214_00277-1,-1.3437722
s_016um_00225_00234-1,-1.3515421
s_016um_00135_00320-1,-2.6082706
s_016um_00099_00026-1,-1.7468704
s_016um_00325_00227-1,-1.3120384
s_016um_00382_00136-1,-1.5457317
s_016um_00266_00061-1,-1.2003294
s_016um_00339_00402-1,-1.6235356
s_016um_00268_00333-1,-1.3732163
s_016um_00145_00395-1,-1.4326608
s_016um_00177_00030-1,-1.805539
s_016um_00230_00355-1,-1.2031465
s_016um_00323_00168-1,-1.681759
s_016um_00323_00306-1,-1.4019451
s_016um_00097_00276-1,-1.406425
s_016um_00094_00028-1,-1.6175252
s_016um_00015_00269-1,-1.5696484
s_016um_00277_00137-1,-1.3894013
s_016um_00278_00202-1,-1.4017314
s_016um_00382_00131-1,-1.4095106
s_016um_00221_00023-1,-1.6137924
s_016um_00369_00147-1,-1.436656
s_016um_00128_00086-1,-1.4563882
s_016um_00069_00238-1,-1.588489
s_016um_00183_00026-1,-1.5823476
s_016um_00404_00147-1,-1.5043479
s_016um_00221_00173-1,-2.2973573
s_016um_00093_00272-1,-1.5204318
s_016um_00189_00097-1,-1.2396754
s_016um_00173_00374-1,-1.2727091
s_016um_00278_00136-1,-1.5488302
s_016um_00082_00239-1,-1.397693
s_016um_00116_00148-1,-1.2936802
s_016um_00082_00071-1,-1.539504
s_016um_00224_00248-1,-1.233061
s_016um_00208_00290-1,-1.5175424
s_016um_00276_00327-1,-1.8889492
s_016um_00340_00218-1,-1.3950232
s_016um_00350_00020-1,-1.5649441
s_016um_00127_00387-1,-1.79418
s_016um_00086_00201-1,-1.3273449
s_016um_00044_00176-1,-1.4398496
s_016um_00141_00016-1,-1.4018265
s_016um_00218_00014-1,-1.4117466
s_016um_00032_00337-1,-1.3094602
s_016um_00392_00299-1,-1.6536961
s_016um_00402_00397-1,-4.423751
s_016um_00395_00371-1,-1.4017392
s_016um_00204_00151-1,-1.4100739
s_016um_00380_00129-1,-1.5621651
s_016um_00408_00399-1,-5.823902
s_016um_00211_00029-1,-1.2799248
s_016um_00080_00267-1,-1.4130034
s_016um_00108_00314-1,-1.1839321
s_016um_00041_00175-1,-1.6124208
s_016um_00028_00336-1,-1.3473
s_016um_00132_00228-1,-1.4571122
s_016um_00061_00126-1,-1.5873564
s_016um_00271_00032-1,-1.8042624
s_016um_00215_00277-1,-1.8058887
s_016um_00100_00031-1,-1.5637336
s_016um_00095_00275-1,-1.2970699
s_016um_00322_00299-1,-1.6460528
s_016um_00320_00305-1,-1.3597494
s_016um_00272_00029-1,-1.4504766
s_016um_00230_00260-1,-1.4898006
s_016um_00358_00122-1,-1.6688161
s_016um_00354_00289-1,-1.3239614
s_016um_00097_00334-1,-1.5985228
s_016um_00144_00058-1,-1.6196252
s_016um_00391_00291-1,-1.5731436
s_016um_00184_00032-1,-1.4557376
s_016um_00135_00220-1,-1.5593874
s_016um_00353_00021-1,-1.7219181
s_016um_00279_00202-1,-1.1507578
s_016um_00280_00207-1,-1.3997612
s_016um_00204_00153-1,-1.5303266
s_016um_00132_00091-1,-1.5607436
s_016um_00139_00015-1,-1.9849697
s_016um_00136_00223-1,-1.2657851
s_016um_00026_00090-1,-1.5419345
s_016um_00409_00105-1,-1.5099263
s_016um_00395_00344-1,-1.9378076
s_016um_00102_00384-1,-1.7056643
s_016um_00129_00384-1,-1.6381422
s_016um_00010_00295-1,-1.5538203
s_016um_00226_00028-1,-1.4348279
s_016um_00390_00364-1,-1.639531
s_016um_00360_00411-1,-2.702984
s_016um_00035_00099-1,-1.7008501
s_016um_00137_00074-1,-1.5347404
s_016um_00090_00274-1,-1.2896886
s_016um_00132_00231-1,-1.273694
s_016um_00274_00331-1,-1.5945382
s_016um_00101_00074-1,-1.3410944
s_016um_00370_00101-1,-1.6423588
s_016um_00104_00388-1,-1.352423
s_016um_00126_00093-1,-1.5547864
s_016um_00096_00341-1,-1.2762703
s_016um_00308_00053-1,-1.3723843
s_016um_00355_00294-1,-1.2742256
s_016um_00323_00166-1,-1.463502
s_016um_00375_00122-1,-1.376044
s_016um_00395_00259-1,-1.6053956
s_016um_00388_00342-1,-2.0076501
s_016um_00342_00397-1,-2.5990682
s_016um_00086_00072-1,-1.8276429
s_016um_00086_00067-1,-1.4089016
s_016um_00307_00055-1,-1.5634154
s_016um_00108_00319-1,-3.0017056
s_016um_00125_00089-1,-1.3228397
s_016um_00219_00232-1,-1.3154719
s_016um_00217_00166-1,-1.0661762
s_016um_00083_00268-1,-1.5988047
s_016um_00074_00239-1,-1.4924527
s_016um_00261_00189-1,-1.4014335
s_016um_00181_00034-1,-1.409534
s_016um_00413_00100-1,-1.5450907
s_016um_00048_00243-1,-2.206902
s_016um_00096_00024-1,-1.5706115
s_016um_00033_00004-1,-1.5847366
s_016um_00335_00400-1,-2.9467816
s_016um_00271_00031-1,-1.6609619
s_016um_00358_00289-1,-1.2600682
s_016um_00083_00066-1,-1.5118979
s_016um_00233_00084-1,-1.5911392
s_016um_00042_00171-1,-1.9146533
s_016um_00284_00093-1,-1.306371
s_016um_00280_00314-1,-1.5908699
s_016um_00107_00390-1,-1.6166587
s_016um_00391_00341-1,-2.4822655
s_016um_00100_00321-1,-1.3857174
s_016um_00136_00071-1,-1.5465614
s_016um_00319_00169-1,-1.3227
s_016um_00401_00125-1,-1.324592
s_016um_00324_00302-1,-1.4481808
s_016um_00049_00241-1,-1.6870475
s_016um_00120_00144-1,-2.1188312
s_016um_00082_00194-1,-1.7874266
s_016um_00143_00058-1,-1.2703729
s_016um_00248_00087-1,-1.7683349
s_016um_00064_00236-1,-1.4952466
s_016um_00292_00096-1,-1.5197171
s_016um_00083_00072-1,-1.6011542
s_016um_00326_00214-1,-1.4436967
s_016um_00194_00095-1,-1.481519
s_016um_00087_00035-1,-1.3031535
s_016um_00104_00066-1,-1.4498826
s_016um_00276_00312-1,-1.5286753
s_016um_00274_00317-1,-1.5063328
s_016um_00383_00136-1,-1.3918805
s_016um_00268_00055-1,-1.9774251
s_016um_00278_00209-1,-1.4124426
s_016um_00268_00337-1,-1.6309173
s_016um_00128_00091-1,-1.6115683
s_016um_00216_00028-1,-1.3408146
s_016um_00159_00285-1,-1.6158317
s_016um_00137_00070-1,-1.6436733
s_016um_00277_00315-1,-1.6686634
s_016um_00261_00033-1,-1.550073
s_016um_00401_00371-1,-1.8250751
s_016um_00326_00228-1,-1.2051046
s_016um_00120_00145-1,-1.5583149
s_016um_00244_00088-1,-1.6924886
s_016um_00332_00214-1,-1.384209
s_016um_00393_00371-1,-1.8782539
s_016um_00394_00337-1,-1.506127
s_016um_00265_00332-1,-1.2932096
s_016um_00342_00212-1,-1.5624756
s_016um_00275_00208-1,-1.3166258
s_016um_00265_00134-1,-1.1766412
s_016um_00027_00086-1,-1.4281989
s_016um_00196_00121-1,-1.4271779
s_016um_00290_00099-1,-1.452357
s_016um_00229_00251-1,-1.4166167
s_016um_00014_00214-1,-1.4668094
s_016um_00234_00090-1,-1.2139482
s_016um_00355_00118-1,-1.5246943
s_016um_00245_00083-1,-1.4003345
s_016um_00226_00238-1,-1.3686905
s_016um_00399_00125-1,-1.5335804
s_016um_00404_00149-1,-1.4485183
s_016um_00045_00241-1,-1.7155021
s_016um_00219_00010-1,-1.3209982
s_016um_00361_00414-1,-3.9421654
s_016um_00263_00188-1,-1.5141088
s_016um_00159_00288-1,-1.4404726
s_016um_00124_00389-1,-1.3780535
s_016um_00133_00227-1,-1.7756048
s_016um_00412_00100-1,-1.3884467
s_016um_00060_00248-1,-1.3269923
s_016um_00271_00028-1,-1.3932241
s_016um_00240_00187-1,-1.3905157
s_016um_00342_00214-1,-1.3645349
s_016um_00350_00024-1,-1.3153123
s_016um_00340_00404-1,-1.9396659
s_016um_00098_00336-1,-1.5182816
s_016um_00078_00293-1,-1.26532
s_016um_00268_00329-1,-1.4705665
s_016um_00087_00269-1,-1.341715
s_016um_00235_00186-1,-1.3423963
s_016um_00067_00129-1,-1.6382432
s_016um_00223_00025-1,-1.6568933
s_016um_00242_00183-1,-1.2332942
s_016um_00126_00383-1,-1.3606068
s_016um_00082_00198-1,-1.7416883
s_016um_00105_00066-1,-1.4398065
s_016um_00171_00371-1,-1.5274061
s_016um_00332_00257-1,-1.579948
s_016um_00333_00252-1,-1.6971266
s_016um_00263_00057-1,-1.5315667
s_016um_00270_00334-1,-1.5218801
s_016um_00103_00391-1,-1.4361598
s_016um_00392_00344-1,-2.362656
s_016um_00400_00365-1,-1.7868098
s_016um_00093_00280-1,-1.523553
s_016um_00409_00145-1,-1.4520674
s_016um_00235_00265-1,-1.7003641
s_016um_00172_00373-1,-1.4677745
s_016um_00089_00071-1,-1.5227561
s_016um_00318_00163-1,-1.5935234
s_016um_00085_00072-1,-1.438285
s_016um_00035_00330-1,-1.4499668
s_016um_00268_00227-1,-1.7354499
s_016um_00327_00225-1,-1.422772
s_016um_00272_00328-1,-1.6415906
s_016um_00325_00169-1,-1.1630669
s_016um_00239_00092-1,-1.4176908
s_016um_00029_00093-1,-1.5019511
s_016um_00184_00031-1,-1.5753162
s_016um_00268_00229-1,-1.2292457
s_016um_00168_00378-1,-1.4617506
s_016um_00237_00088-1,-1.6640407
s_016um_00247_00088-1,-1.4118273
s_016um_00044_00208-1,-1.3752002
s_016um_00371_00143-1,-1.5314568
s_016um_00325_00303-1,-1.5531096
s_016um_00097_00335-1,-1.378683
s_016um_00387_00343-1,-1.7521809
s_016um_00341_00401-1,-1.6518123
s_016um_00337_00252-1,-1.2588228
s_016um_00216_00167-1,-1.4398654
s_016um_00064_00231-1,-1.3507999
s_016um_00045_00246-1,-1.1593626
s_016um_00059_00246-1,-1.4633592
s_016um_00238_00355-1,-1.7151202
s_016um_00071_00233-1,-1.1981112
s_016um_00092_00272-1,-1.5975231
s_016um_00140_00215-1,-1.475765
s_016um_00082_00201-1,-1.6651258
s_016um_00056_00243-1,-1.8991308
s_016um_00221_00015-1,-1.6249169
s_016um_00213_00278-1,-1.3996896
s_016um_00260_00031-1,-1.360436
s_016um_00354_00022-1,-1.4606857
s_016um_00273_00314-1,-1.3106301
s_016um_00404_00401-1,-5.87959
s_016um_00039_00011-1,-1.4819397
s_016um_00261_00135-1,-1.2300345
s_016um_00106_00384-1,-1.3866378
s_016um_00133_00225-1,-1.2671695
s_016um_00010_00154-1,-1.2665081
s_016um_00222_00230-1,-1.6425358
s_016um_00239_00189-1,-1.4975579
s_016um_00097_00339-1,-1.3235072
s_016um_00102_00385-1,-1.6531826
s_016um_00073_00250-1,-1.3091699
s_016um_00238_00358-1,-1.4495654
s_016um_00041_00010-1,-1.3790208
s_016um_00181_00033-1,-1.6172961
s_016um_00397_00368-1,-1.6633918
s_016um_00016_00267-1,-1.3103782
s_016um_00102_00069-1,-1.4298635
s_016um_00220_00167-1,-1.4694579
s_016um_00369_00099-1,-1.8655986
s_016um_00040_00097-1,-1.2356174
s_016um_00121_00144-1,-1.504944
s_016um_00369_00141-1,-1.4587257
s_016um_00197_00124-1,-1.4548757
s_016um_00359_00095-1,-1.2794633
s_016um_00236_00358-1,-1.4902179
s_016um_00394_00217-1,-1.2776281
s_016um_00322_00162-1,-1.626883
s_016um_00215_00278-1,-1.327135
s_016um_00038_00207-1,-1.6835433
s_016um_00409_00147-1,-1.5849584
s_016um_00219_00016-1,-1.3694317
s_016um_00276_00046-1,-1.290278
s_016um_00355_00116-1,-1.2634526
s_016um_00224_00229-1,-1.3371668
s_016um_00373_00143-1,-1.8531739
s_016um_00216_00015-1,-1.3515804
s_016um_00147_00057-1,-1.5821087
s_016um_00355_00024-1,-1.5474961
s_016um_00221_00166-1,-1.6049043
s_016um_00219_00233-1,-1.3892736
s_016um_00392_00184-1,-1.7575141
s_016um_00401_00126-1,-1.4281477
s_016um_00273_00227-1,-1.1676915
s_016um_00362_00223-1,-1.5723693
s_016um_00310_00053-1,-1.2108922
s_016um_00082_00193-1,-1.797956
s_016um_00406_00128-1,-1.3286815
s_016um_00221_00232-1,-1.7376258
s_016um_00142_00219-1,-1.933392
s_016um_00368_00122-1,-1.5515555
s_016um_00065_00134-1,-1.5400889
s_016um_00306_00059-1,-1.4301533
s_016um_00359_00288-1,-1.5584033
s_016um_00280_00328-1,-1.367373
s_016um_00365_00223-1,-1.4313457
s_016um_00222_00168-1,-1.1909131
s_016um_00222_00171-1,-1.5923767
s_016um_00392_00369-1,-1.779474
s_016um_00033_00086-1,-1.4316179
s_016um_00189_00090-1,-1.541706
s_016um_00028_00084-1,-1.5459061
s_016um_00224_00227-1,-1.4502101
s_016um_00264_00185-1,-1.7260978
s_016um_00088_00072-1,-1.4356228
s_016um_00362_00412-1,-2.801568
s_016um_00383_00135-1,-1.4874994
s_016um_00279_00135-1,-1.2710493
s_016um_00139_00018-1,-1.6652002
s_016um_00143_00018-1,-1.8182101
s_016um_00040_00011-1,-1.6957867
s_016um_00074_00242-1,-1.3595834
s_016um_00069_00132-1,-1.5602909
s_016um_00324_00120-1,-1.3175662
s_016um_00399_00213-1,-1.6666288
s_016um_00007_00300-1,-1.359507
s_016um_00141_00021-1,-2.6505938
s_016um_00167_00121-1,-1.8629766
s_016um_00100_00390-1,-1.7444307
s_016um_00337_00398-1,-2.5561032
s_016um_00086_00194-1,-1.550703
s_016um_00345_00219-1,-1.673199
s_016um_00325_00120-1,-1.4902816
s_016um_00242_00083-1,-1.780968
s_016um_00329_00120-1,-1.3411866
s_016um_00066_00132-1,-1.4421282
s_016um_00173_00378-1,-1.4874752
s_016um_00277_00130-1,-1.480824
s_016um_00329_00253-1,-1.3097676
s_016um_00376_00122-1,-2.4345396
s_016um_00106_00387-1,-1.4536008
s_016um_00408_00146-1,-1.5018952
s_016um_00416_00135-1,-1.4533665
s_016um_00227_00330-1,-1.532887
s_016um_00350_00022-1,-1.2951133
s_016um_00228_00267-1,-1.3157216
s_016um_00197_00127-1,-1.5624874
s_016um_00049_00240-1,-1.370547
s_016um_00224_00243-1,-1.4163315
s_016um_00283_00094-1,-1.4834132
s_016um_00174_00372-1,-1.48709
s_016um_00414_00098-1,-1.2717636
s_016um_00345_00215-1,-1.8209419
s_016um_00401_00395-1,-3.6790187
s_016um_00254_00019-1,-1.7002912
s_016um_00085_00264-1,-1.3309884
s_016um_00397_00361-1,-1.4639477
s_016um_00094_00321-1,-1.1475365
s_016um_00084_00069-1,-1.6916347
s_016um_00271_00333-1,-1.569869
s_016um_00037_00207-1,-1.3655319
s_016um_00129_00229-1,-1.5630139
s_016um_00230_00358-1,-1.4890027
s_016um_00146_00061-1,-1.4137574
s_016um_00403_00262-1,-1.5161375
s_016um_00361_00294-1,-1.284093
s_016um_00193_00096-1,-1.5266292
s_016um_00388_00132-1,-1.366853
s_016um_00397_00213-1,-1.5509719
s_016um_00102_00066-1,-1.4788506
s_016um_00266_00028-1,-1.5939659
s_016um_00159_00293-1,-1.2684584
s_016um_00392_00185-1,-1.366119
s_016um_00398_00363-1,-1.910111
s_016um_00330_00118-1,-1.3616904
s_016um_00044_00238-1,-1.5217618
s_016um_00274_00048-1,-1.4779875
s_016um_00006_00298-1,-1.2920411
s_016um_00035_00105-1,-1.714225
s_016um_00060_00242-1,-1.5035187
s_016um_00319_00166-1,-1.4477621
s_016um_00365_00230-1,-1.3582157
s_016um_00096_00278-1,-1.5449808
s_016um_00147_00397-1,-1.5327228
s_016um_00082_00034-1,-1.438309
s_016um_00313_00054-1,-1.5644048
s_016um_00215_00028-1,-1.5089507
s_016um_00168_00375-1,-1.5218581
s_016um_00336_00252-1,-1.2777294
s_016um_00129_00094-1,-1.5803777
s_016um_00167_00377-1,-1.6257931
s_016um_00310_00058-1,-2.2659736
s_016um_00038_00105-1,-1.5002704
s_016um_00276_00326-1,-1.6143032
s_016um_00099_00070-1,-1.3908843
s_016um_00402_00146-1,-1.3882742
s_016um_00045_00238-1,-1.5987506
s_016um_00101_00069-1,-1.4665599
s_016um_00352_00096-1,-1.712497
s_016um_00250_00027-1,-1.453916
s_016um_00268_00224-1,-1.2065206
s_016um_00093_00270-1,-1.6784407
s_016um_00119_00147-1,-1.487979
s_016um_00041_00047-1,-1.6345536
s_016um_00127_00390-1,-1.426965
s_016um_00220_00237-1,-1.6211433
s_016um_00219_00283-1,-1.51219
s_016um_00102_00024-1,-1.5242418
s_016um_00399_00257-1,-1.7513108
s_016um_00256_00191-1,-1.2657783
s_016um_00383_00131-1,-1.3740379
s_016um_00406_00403-1,-6.5381403
s_016um_00034_00011-1,-1.7311196
s_016um_00307_00060-1,-1.3672036
s_016um_00164_00293-1,-1.499739
s_016um_00230_00267-1,-1.2410258
s_016um_00028_00088-1,-1.4093182
s_016um_00233_00262-1,-1.4063679
s_016um_00402_00149-1,-1.4678245
s_016um_00083_00197-1,-1.5470868
s_016um_00170_00370-1,-1.767156
s_016um_00139_00022-1,-1.3815432
s_016um_00235_00087-1,-1.5265284
s_016um_00160_00291-1,-1.3657534
s_016um_00364_00101-1,-1.3637598
s_016um_00220_00013-1,-1.3162482
s_016um_00009_00210-1,-1.3374704
s_016um_00142_00016-1,-1.8444198
s_016um_00041_00217-1,-1.6096227
s_016um_00247_00023-1,-1.4745512
s_016um_00221_00230-1,-1.1898001
s_016um_00035_00008-1,-1.5885538
s_016um_00007_00212-1,-1.619102
s_016um_00359_00093-1,-1.233875
s_016um_00093_00336-1,-1.266609
s_016um_00194_00093-1,-1.5541011
s_016um_00101_00027-1,-1.3711923
s_016um_00319_00167-1,-1.3023785
s_016um_00346_00220-1,-1.4209822
s_016um_00411_00105-1,-1.9086924
s_016um_00328_00303-1,-1.5029525
s_016um_00169_00129-1,-1.627655
s_016um_00322_00168-1,-1.5794863
s_016um_00334_00256-1,-1.4880317
s_016um_00151_00395-1,-1.5921867
s_016um_00134_00219-1,-1.5311183
s_016um_00333_00122-1,-1.4099658
s_016um_00041_00048-1,-1.4212419
s_016um_00010_00208-1,-1.8634865
s_016um_00385_00128-1,-1.2708099
s_016um_00181_00026-1,-1.5842383
s_016um_00273_00330-1,-1.5765566
s_016um_00149_00396-1,-1.5553737
s_016um_00182_00027-1,-1.3428235
s_016um_00287_00098-1,-1.4363319
s_016um_00344_00217-1,-1.4978229
s_016um_00039_00043-1,-1.8063968
s_016um_00100_00384-1,-1.618235
s_016um_00047_00218-1,-1.3694208
s_016um_00097_00067-1,-1.4979924
s_016um_00006_00301-1,-1.3244756
s_016um_00061_00127-1,-1.407836
s_016um_00090_00068-1,-1.2282435
s_016um_00383_00126-1,-1.3082364
s_016um_00208_00149-1,-1.442171
s_016um_00401_00372-1,-2.9992342
s_016um_00220_00017-1,-1.4721175
s_016um_00351_00024-1,-1.3765562
s_016um_00216_00290-1,-1.3884151
s_016um_00340_00402-1,-1.6977787
s_016um_00025_00090-1,-1.6645705
s_016um_00146_00056-1,-1.4244777
s_016um_00089_00265-1,-1.3146052
s_016um_00006_00154-1,-1.5929514
s_016um_00404_00400-1,-6.7522593
s_016um_00327_00123-1,-1.2328011
s_016um_00259_00134-1,-1.385507
s_016um_00087_00271-1,-1.2016898
s_016um_00258_00131-1,-1.415881
s_016um_00129_00388-1,-1.4980831
s_016um_00149_00401-1,-1.2233287
s_016um_00133_00072-1,-1.3962749
s_016um_00369_00226-1,-1.342098
s_016um_00139_00074-1,-1.3156943
s_016um_00286_00094-1,-1.5629435
s_016um_00260_00192-1,-1.3549957
s_016um_00382_00126-1,-1.2253275
s_016um_00356_00415-1,-3.63133
s_016um_00005_00297-1,-1.8137877
s_016um_00390_00296-1,-1.4343355
s_016um_00359_00415-1,-3.6055586
s_016um_00152_00394-1,-1.6131107
s_016um_00225_00028-1,-1.2751515
s_016um_00081_00069-1,-1.5127816
s_016um_00276_00131-1,-1.2883984
s_016um_00391_00338-1,-1.7967591
s_016um_00279_00045-1,-1.529078
s_016um_00095_00342-1,-1.3471885
s_016um_00220_00173-1,-1.6956018
s_016um_00039_00211-1,-1.218542
s_016um_00037_00171-1,-1.5627881
s_016um_00280_00132-1,-1.6042411
s_016um_00356_00020-1,-1.7442317
s_016um_00118_00150-1,-1.5400356
s_016um_00393_00362-1,-1.6306553
s_016um_00243_00088-1,-1.614122
s_016um_00075_00244-1,-1.4374151
s_016um_00160_00290-1,-1.4881274
s_016um_00357_00097-1,-1.4361758
s_016um_00386_00293-1,-1.534867
s_016um_00016_00271-1,-1.6645205
s_016um_00097_00026-1,-1.4440899
s_016um_00036_00046-1,-1.4474959
s_016um_00241_00082-1,-1.395842
s_016um_00278_00330-1,-1.4728816
s_016um_00371_00098-1,-1.4724591
s_016um_00395_00218-1,-1.389643
s_016um_00081_00242-1,-1.464248
s_016um_00214_00013-1,-1.4120152
s_016um_00278_00324-1,-1.3241091
s_016um_00270_00230-1,-1.744789
s_016um_00341_00212-1,-1.4110429
s_016um_00096_00276-1,-1.4402295
s_016um_00086_00033-1,-1.7780182
s_016um_00162_00288-1,-2.3655272
s_016um_00164_00286-1,-1.3612365
s_016um_00090_00269-1,-1.2575767
s_016um_00331_00218-1,-1.5251162
s_016um_00265_00057-1,-1.4693798
s_016um_00332_00213-1,-1.6800423
s_016um_00394_00178-1,-1.4275059
s_016um_00029_00334-1,-1.4509741
s_016um_00274_00046-1,-1.4666066
s_016um_00270_00329-1,-1.5964382
s_016um_00097_00072-1,-1.4297531
s_016um_00008_00157-1,-1.3392043
s_016um_00095_00341-1,-1.3131925
s_016um_00225_00030-1,-1.3616894
s_016um_00080_00300-1,-1.2388449
s_016um_00038_00173-1,-1.4420205
s_016um_00357_00095-1,-1.4153568
s_016um_00078_00247-1,-1.3333472
s_016um_00266_00337-1,-1.5295217
s_016um_00082_00279-1,-1.1823237
s_016um_00363_00228-1,-1.3657018
s_016um_00007_00293-1,-1.6733478
s_016um_00272_00226-1,-1.2538047
s_016um_00094_00029-1,-1.3917899
s_016um_00401_00398-1,-3.5548682
s_016um_00370_00140-1,-1.3467407
s_016um_00055_00248-1,-2.0326166
s_016um_00047_00215-1,-1.4177287
s_016um_00218_00167-1,-1.3926967
s_016um_00272_00331-1,-1.3924699
s_016um_00044_00207-1,-1.599118
s_016um_00344_00219-1,-1.2435415
s_016um_00101_00388-1,-1.7673225
s_016um_00134_00225-1,-1.242438
s_016um_00237_00092-1,-1.481373
s_016um_00217_00016-1,-1.5254608
s_016um_00017_00270-1,-1.6486528
s_016um_00094_00319-1,-1.4392711
s_016um_00260_00183-1,-1.405309
s_016um_00095_00319-1,-1.3207846
s_016um_00237_00354-1,-1.4503381
s_016um_00120_00147-1,-1.3682668
s_016um_00007_00157-1,-1.456737
s_016um_00078_00294-1,-1.2746329
s_016um_00217_00284-1,-1.5757364
s_016um_00091_00265-1,-1.3296485
s_016um_00165_00122-1,-1.3354864
s_016um_00356_00292-1,-1.3917915
s_016um_00353_00097-1,-1.42888
s_016um_00081_00199-1,-1.4409422
s_016um_00130_00315-1,-1.4667839
s_016um_00092_00335-1,-1.2059786
s_016um_00133_00090-1,-1.687335
s_016um_00406_00124-1,-1.3643141
s_016um_00395_00220-1,-1.4394662
s_016um_00045_00207-1,-1.3469169
s_016um_00028_00337-1,-1.5006572
s_016um_00188_00095-1,-1.2403649
s_016um_00081_00238-1,-1.9273055
s_016um_00340_00403-1,-1.6448655
s_016um_00220_00027-1,-1.7541689
s_016um_00101_00070-1,-1.3970978
s_016um_00046_00210-1,-1.5597616
s_016um_00222_00170-1,-1.3450953
s_016um_00087_00068-1,-1.3152727
s_016um_00070_00234-1,-1.6974949
s_016um_00273_00206-1,-1.5683093
s_016um_00225_00243-1,-1.3352487
s_016um_00158_00292-1,-1.416048
s_016um_00209_00294-1,-1.3283463
s_016um_00323_00299-1,-1.5400388
s_016um_00211_00031-1,-1.4940796
s_016um_00069_00129-1,-1.4833403
s_016um_00324_00124-1,-1.4140615
s_016um_00086_00280-1,-1.3168172
s_016um_00332_00119-1,-1.6736901
s_016um_00128_00389-1,-1.3430182
s_016um_00323_00305-1,-1.677823
s_016um_00041_00213-1,-2.3579383
s_016um_00226_00330-1,-1.5168769
s_016um_00235_00355-1,-1.4892119
s_016um_00217_00278-1,-1.4192902
s_016um_00082_00241-1,-1.5390569
s_016um_00146_00394-1,-1.5018597
s_016um_00174_00374-1,-1.3890872
s_016um_00223_00330-1,-1.3777068
s_016um_00215_00034-1,-1.5555
s_016um_00328_00210-1,-1.4538321
s_016um_00037_00173-1,-1.3656852
s_016um_00017_00271-1,-1.544357
s_016um_00253_00031-1,-1.7690885
s_016um_00004_00154-1,-1.4811167
s_016um_00212_00293-1,-1.365357
s_016um_00393_00360-1,-2.0065718
s_016um_00033_00336-1,-1.3830146
s_016um_00043_00216-1,-1.4087827
s_016um_00397_00364-1,-1.4824469
s_016um_00368_00097-1,-1.5254534
s_016um_00217_00029-1,-1.2879238
s_016um_00388_00343-1,-1.6856399
s_016um_00218_00283-1,-1.3674933
s_016um_00271_00226-1,-1.4019371
s_016um_00171_00373-1,-1.1975724
s_016um_00225_00251-1,-1.4643188
s_016um_00081_00280-1,-1.6228265
s_016um_00272_00035-1,-1.5671432
s_016um_00416_00101-1,-1.6084913
s_016um_00365_00226-1,-1.2597591
s_016um_00418_00136-1,-1.2629104
s_016um_00216_00293-1,-1.3825289
s_016um_00400_00256-1,-1.4621642
s_016um_00042_00179-1,-1.8913689
s_016um_00239_00181-1,-1.831244
s_016um_00370_00100-1,-1.5549481
s_016um_00047_00211-1,-1.3806905
s_016um_00130_00382-1,-1.4443859
s_016um_00127_00091-1,-1.5991665
s_016um_00273_00137-1,-1.4891547
