spot_id,predicted_protein_value
s_016um_00380_00137-1,-1.1545324
s_016um_00037_00102-1,-1.1176373
s_016um_00328_00304-1,-1.0910949
s_016um_00343_00400-1,-1.1062918
s_016um_00009_00155-1,-1.1130289
s_016um_00009_00150-1,-1.1066638
s_016um_00109_00316-1,-1.1888716
s_016um_00330_00253-1,-1.1330124
s_016um_00366_00225-1,-1.0911776
s_016um_00267_00058-1,-0.9150473
s_016um_00274_00229-1,-1.0961075
s_016um_00219_00167-1,-1.1567618
s_016um_00209_00032-1,-1.1312014
s_016um_00112_00314-1,-1.1728035
s_016um_00122_00145-1,-1.1246406
s_016um_00201_00148-1,-1.1462334
s_016um_00232_00085-1,-1.2033622
s_016um_00034_00102-1,-1.0684617
s_016um_00080_00283-1,-1.118997
s_016um_00142_00062-1,-1.1066997
s_016um_00242_00085-1,-1.1568934
s_016um_00382_00138-1,-1.1199846
s_016um_00321_00227-1,-1.1481718
s_016um_00081_00240-1,-1.1338747
s_016um_00362_00411-1,-1.1279234
s_016um_00323_00167-1,-1.1878326
s_016um_00323_00162-1,-1.0671197
s_016um_00394_00215-1,-1.1480932
s_016um_00219_00026-1,-1.100014
s_016um_00363_00414-1,-1.0911881
s_016um_00233_00267-1,-1.1522739
s_016um_00033_00089-1,-1.1250242
s_016um_00082_00197-1,-1.044113
s_016um_00235_00090-1,-1.0895784
s_016um_00127_00318-1,-1.1016133
s_016um_00040_00098-1,-1.0999699
s_016um_00217_00172-1,-1.1694595
s_016um_00259_00034-1,-1.1290755
s_016um_00276_00133-1,-1.1593574
s_016um_00325_00123-1,-1.1629338
s_016um_00341_00399-1,-1.1873337
s_016um_00191_00093-1,-1.1228995
s_016um_00129_00321-1,-1.2187337
s_016um_00263_00061-1,-1.1781702
s_016um_00341_00215-1,-1.1186306
s_016um_00270_00034-1,-1.1415957
s_016um_00395_00365-1,-1.0839108
s_016um_00083_00278-1,-1.1240592
s_016um_00134_00321-1,-0.85442555
s_016um_00038_00098-1,-1.1090237
s_016um_00278_00048-1,-1.1089725
s_016um_00120_00149-1,-1.1739671
s_016um_00199_00149-1,-1.1412791
s_016um_00275_00229-1,-1.1273146
s_016um_00140_00022-1,-1.1396662
s_016um_00080_00236-1,-1.0836247
s_016um_00367_00099-1,-0.91866475
s_016um_00232_00263-1,-1.2355434
s_016um_00166_00129-1,-1.1643735
s_016um_00356_00115-1,-1.1417902
s_016um_00230_00250-1,-1.1352301
s_016um_00394_00181-1,-1.1486279
s_016um_00137_00222-1,-1.1460514
s_016um_00323_00228-1,-1.1792264
s_016um_00343_00215-1,-1.1302067
s_016um_00124_00383-1,-1.1538057
s_016um_00111_00320-1,-0.99107
s_016um_00199_00148-1,-1.1273686
s_016um_00034_00336-1,-1.1482954
s_016um_00206_00149-1,-1.1268247
s_016um_00019_00265-1,-1.1607109
s_016um_00026_00089-1,-1.1514788
s_016um_00205_00153-1,-1.1004269
s_016um_00385_00292-1,-1.1447031
s_016um_00390_00181-1,-1.1389009
s_016um_00320_00166-1,-1.1251283
s_016um_00385_00293-1,-1.171561
s_016um_00142_00218-1,-1.0826254
s_016um_00130_00233-1,-1.1387683
s_016um_00101_00030-1,-1.10399
s_016um_00216_00292-1,-1.1574875
s_016um_00409_00101-1,-1.11532
s_016um_00028_00335-1,-1.1848922
s_016um_00249_00020-1,-1.0723302
s_016um_00260_00127-1,-1.1488494
s_016um_00217_00281-1,-1.0985259
s_016um_00081_00296-1,-1.1634345
s_016um_00368_00145-1,-1.1232673
s_016um_00128_00316-1,-1.0940384
s_016um_00270_00058-1,-1.106828
s_016um_00138_00074-1,-1.0985667
s_016um_00236_00083-1,-1.1548867
s_016um_00266_00059-1,-0.9906995
s_016um_00076_00241-1,-1.1727195
s_016um_00320_00162-1,-1.1285256
s_016um_00216_00295-1,-1.1091999
s_016um_00043_00049-1,-1.1009612
s_016um_00376_00119-1,-1.1171666
s_016um_00099_00071-1,-1.1085914
s_016um_00273_00132-1,-1.155041
s_016um_00145_00021-1,-1.085579
s_016um_00356_00410-1,-1.1544892
s_016um_00098_00340-1,-1.1099036
s_016um_00171_00128-1,-1.1580598
s_016um_00203_00149-1,-1.1765933
s_016um_00195_00090-1,-1.1443987
s_016um_00098_00073-1,-1.1269815
s_016um_00337_00255-1,-1.1496692
s_016um_00401_00259-1,-1.1494057
s_016um_00211_00289-1,-1.1245873
s_016um_00372_00121-1,-1.1684601
s_016um_00087_00194-1,-1.1570294
s_016um_00220_00226-1,-1.1351537
s_016um_00066_00126-1,-1.1441805
s_016um_00251_00020-1,-1.1162971
s_016um_00042_00044-1,-1.0884113
s_016um_00098_00027-1,-1.1975673
s_016um_00228_00249-1,-1.1331958
s_016um_00038_00172-1,-1.1279213
s_016um_00209_00296-1,-1.1383522
s_016um_00106_00385-1,-1.1737125
s_016um_00084_00266-1,-1.1442126
s_016um_00147_00399-1,-1.1869102
s_016um_00398_00182-1,-1.1175716
s_016um_00273_00052-1,-1.1672968
s_016um_00101_00023-1,-1.0863179
s_016um_00378_00137-1,-1.1577257
s_016um_00095_00277-1,-1.165343
s_016um_00141_00223-1,-1.1439068
s_016um_00260_00133-1,-1.1416432
s_016um_00272_00058-1,-1.1174698
s_016um_00169_00370-1,-1.1416272
s_016um_00353_00023-1,-1.157621
s_016um_00389_00292-1,-1.1619638
s_016um_00253_00026-1,-1.1435976
s_016um_00362_00226-1,-1.0932333
s_016um_00079_00236-1,-1.1929626
s_016um_00403_00150-1,-1.1408683
s_016um_00046_00209-1,-1.1621318
s_016um_00400_00402-1,-1.0796916
s_016um_00219_00281-1,-1.1066387
s_016um_00274_00225-1,-1.1169765
s_016um_00053_00248-1,-1.1232364
s_016um_00081_00292-1,-1.1383218
s_016um_00361_00290-1,-1.1506988
s_016um_00277_00327-1,-1.154101
s_016um_00138_00215-1,-0.99432015
s_016um_00074_00248-1,-1.133593
s_016um_00083_00200-1,-1.1659915
s_016um_00329_00218-1,-1.1647153
s_016um_00005_00296-1,-1.0990648
s_016um_00276_00208-1,-1.1272681
s_016um_00039_00178-1,-1.1128613
s_016um_00123_00386-1,-1.1748534
s_016um_00143_00020-1,-1.112004
s_016um_00407_00401-1,-0.8259585
s_016um_00391_00343-1,-0.7897178
s_016um_00031_00331-1,-1.1764208
s_016um_00228_00237-1,-1.1559206
s_016um_00218_00032-1,-1.1889895
s_016um_00396_00220-1,-1.1690212
s_016um_00215_00282-1,-1.1165974
s_016um_00008_00153-1,-1.1153573
s_016um_00102_00383-1,-1.1213697
s_016um_00184_00028-1,-1.1860294
s_016um_00266_00057-1,-1.053811
s_016um_00141_00060-1,-1.0757952
s_016um_00193_00120-1,-1.2164085
s_016um_00268_00332-1,-1.1592422
s_016um_00209_00031-1,-1.1066425
s_016um_00354_00416-1,-1.1581746
s_016um_00365_00098-1,-1.0997063
s_016um_00041_00049-1,-1.0449517
s_016um_00210_00296-1,-1.1097673
s_016um_00089_00068-1,-1.1589369
s_016um_00245_00086-1,-1.1891158
s_016um_00193_00130-1,-1.1885893
s_016um_00126_00089-1,-1.1757565
s_016um_00083_00071-1,-1.060081
s_016um_00235_00268-1,-1.1391217
s_016um_00219_00280-1,-1.1778969
s_016um_00079_00241-1,-1.1491354
s_016um_00133_00230-1,-1.1406288
s_016um_00257_00034-1,-1.0800582
s_016um_00263_00187-1,-1.063606
s_016um_00394_00358-1,-0.9094578
s_016um_00105_00384-1,-1.1502143
s_016um_00129_00386-1,-1.1918849
s_016um_00262_00186-1,-1.1476611
s_016um_00417_00138-1,-1.1713933
s_016um_00287_00092-1,-1.1854513
s_016um_00177_00032-1,-1.1791092
s_016um_00110_00318-1,-1.1563488
s_016um_00218_00277-1,-1.0736619
s_016um_00260_00033-1,-1.1593649
s_016um_00386_00295-1,-1.1208189
s_016um_00360_00286-1,-1.2040184
s_016um_00030_00331-1,-1.1505002
s_016um_00266_00332-1,-1.15938
s_016um_00197_00123-1,-1.2017102
s_016um_00271_00221-1,-1.1143284
s_016um_00265_00033-1,-1.1786522
s_016um_00273_00201-1,-1.1661451
s_016um_00359_00096-1,-1.203718
s_016um_00220_00030-1,-1.1824071
s_016um_00097_00317-1,-1.2028791
s_016um_00346_00212-1,-1.1508595
s_016um_00389_00345-1,-1.1360273
s_016um_00067_00131-1,-1.072777
s_016um_00401_00403-1,-0.5679491
s_016um_00214_00029-1,-1.1057116
s_016um_00266_00036-1,-1.1503369
s_016um_00065_00235-1,-1.0467222
s_016um_00037_00045-1,-1.1191236
s_016um_00084_00029-1,-1.0288922
s_016um_00265_00336-1,-1.1224272
s_016um_00395_00217-1,-1.1221441
s_016um_00214_00278-1,-1.16606
s_016um_00077_00293-1,-1.1364044
s_016um_00280_00130-1,-1.2005156
s_016um_00088_00267-1,-1.0648344
s_016um_00372_00120-1,-1.1511933
s_016um_00109_00315-1,-1.1180999
s_016um_00416_00142-1,-1.164234
s_016um_00282_00325-1,-1.111886
s_016um_00384_00128-1,-1.1709504
s_016um_00102_00068-1,-1.1458861
s_016um_00005_00299-1,-1.1254199
s_016um_00361_00415-1,-0.9703556
s_016um_00330_00214-1,-1.1075009
s_016um_00265_00058-1,-1.1112444
s_016um_00222_00031-1,-1.1304659
s_016um_00364_00228-1,-1.1595358
s_016um_00381_00134-1,-1.1799374
s_016um_00280_00204-1,-1.1372697
s_016um_00146_00018-1,-1.0964981
s_016um_00089_00067-1,-1.0892922
s_016um_00130_00086-1,-1.0742594
s_016um_00408_00098-1,-1.0879915
s_016um_00060_00249-1,-1.1558378
s_016um_00334_00215-1,-1.1159824
s_016um_00095_00276-1,-1.1467662
s_016um_00403_00120-1,-1.1195916
s_016um_00267_00133-1,-1.1620797
s_016um_00229_00267-1,-1.1243746
s_016um_00384_00130-1,-1.1744103
s_016um_00029_00331-1,-1.1515641
s_016um_00226_00332-1,-1.1618246
s_016um_00409_00152-1,-1.1793439
s_016um_00269_00037-1,-1.1282327
s_016um_00281_00315-1,-1.1466004
s_016um_00205_00148-1,-1.1487414
s_016um_00261_00190-1,-1.1355579
s_016um_00083_00030-1,-1.1369823
s_016um_00106_00320-1,-1.1600083
s_016um_00031_00087-1,-1.1112368
s_016um_00040_00041-1,-1.1397152
s_016um_00079_00268-1,-1.0792358
s_016um_00400_00123-1,-1.1536674
s_016um_00218_00010-1,-1.1431776
s_016um_00270_00331-1,-1.1580911
s_016um_00140_00018-1,-1.130199
s_016um_00209_00033-1,-1.1771456
s_016um_00267_00063-1,-1.1458329
s_016um_00041_00219-1,-1.1268444
s_016um_00106_00389-1,-1.1051733
s_016um_00355_00290-1,-1.2258852
s_016um_00094_00337-1,-1.1290436
s_016um_00035_00005-1,-1.0582359
s_016um_00220_00278-1,-1.1605397
s_016um_00275_00051-1,-1.0750706
s_016um_00311_00054-1,-1.1353505
s_016um_00402_00395-1,-1.189786
s_016um_00334_00402-1,-1.1187224
s_016um_00125_00092-1,-1.1504544
s_016um_00328_00121-1,-1.1694249
s_016um_00219_00012-1,-1.174263
s_016um_00402_00216-1,-1.2079276
s_016um_00136_00069-1,-0.97376883
s_016um_00140_00014-1,-1.1449467
s_016um_00266_00330-1,-1.1796206
s_016um_00131_00315-1,-1.1368985
s_016um_00333_00210-1,-1.1684473
s_016um_00356_00090-1,-1.1585484
s_016um_00092_00320-1,-1.1071484
s_016um_00120_00148-1,-1.1598943
s_016um_00138_00076-1,-1.132088
s_016um_00077_00236-1,-1.1652931
s_016um_00268_00230-1,-1.1128229
s_016um_00381_00139-1,-1.1326239
s_016um_00235_00362-1,-1.1054766
s_016um_00223_00230-1,-1.1326765
s_016um_00138_00221-1,-1.1667655
s_016um_00390_00338-1,-1.1142668
s_016um_00008_00295-1,-1.1383736
s_016um_00079_00280-1,-1.1587647
s_016um_00277_00201-1,-1.1223689
s_016um_00399_00122-1,-1.1803579
s_016um_00308_00052-1,-1.1500355
s_016um_00357_00120-1,-1.1674911
s_016um_00071_00236-1,-1.1158713
s_016um_00367_00224-1,-1.1430507
s_016um_00145_00062-1,-1.1446389
s_016um_00085_00279-1,-1.1235822
s_016um_00278_00138-1,-1.1271126
s_016um_00044_00244-1,-1.1656579
s_016um_00261_00335-1,-1.0976976
s_016um_00180_00033-1,-1.166406
s_016um_00088_00265-1,-1.1539763
s_016um_00130_00317-1,-1.0639639
s_016um_00323_00163-1,-1.1863908
s_016um_00359_00294-1,-1.1632632
s_016um_00219_00030-1,-1.1480875
s_016um_00048_00217-1,-1.1597421
s_016um_00008_00214-1,-1.1103001
s_016um_00098_00315-1,-1.1358436
s_016um_00259_00189-1,-1.1937066
s_016um_00278_00316-1,-1.1287384
s_016um_00126_00088-1,-1.0921395
s_016um_00261_00127-1,-1.1339477
s_016um_00402_00121-1,-1.154019
s_016um_00081_00271-1,-1.12304
s_016um_00236_00188-1,-1.158086
s_016um_00370_00228-1,-1.103653
s_016um_00129_00085-1,-1.133637
s_016um_00030_00329-1,-1.0780693
s_016um_00059_00244-1,-1.1381774
s_016um_00040_00009-1,-1.1222566
s_016um_00041_00178-1,-1.1537995
s_016um_00272_00033-1,-1.170781
s_016um_00393_00363-1,-1.2040052
s_016um_00094_00272-1,-1.1180663
s_016um_00353_00025-1,-1.1844411
s_016um_00163_00123-1,-1.109947
s_016um_00085_00286-1,-1.177316
s_016um_00033_00104-1,-1.1119822
s_016um_00146_00059-1,-1.1636133
s_016um_00073_00249-1,-1.0982516
s_016um_00144_00398-1,-1.2171985
s_016um_00106_00388-1,-1.187667
s_016um_00095_00318-1,-1.1338354
s_016um_00280_00329-1,-1.1537992
s_016um_00383_00130-1,-1.1706344
s_016um_00061_00130-1,-1.0870936
s_016um_00396_00219-1,-1.1026232
s_016um_00336_00251-1,-1.094507
s_016um_00086_00029-1,-1.1322407
s_016um_00227_00251-1,-1.1406024
s_016um_00045_00210-1,-1.1097709
s_016um_00145_00059-1,-1.1393604
s_016um_00312_00059-1,-1.2144214
s_016um_00376_00120-1,-1.1330242
s_016um_00148_00396-1,-1.1745877
s_016um_00168_00371-1,-1.1196507
s_016um_00279_00325-1,-1.1693097
s_016um_00273_00333-1,-1.1181371
s_016um_00355_00123-1,-1.1104815
s_016um_00325_00231-1,-1.1372606
s_016um_00267_00130-1,-1.0999883
s_016um_00237_00188-1,-1.1245135
s_016um_00384_00295-1,-1.0753276
s_016um_00033_00088-1,-1.1499999
s_016um_00076_00296-1,-1.1363182
s_016um_00077_00299-1,-1.1975043
s_016um_00131_00389-1,-1.1581709
s_016um_00278_00130-1,-1.1163044
s_016um_00040_00214-1,-1.0264587
s_016um_00238_00188-1,-1.1438935
s_016um_00128_00383-1,-1.2159588
s_016um_00396_00363-1,-1.1132021
s_016um_00011_00154-1,-1.120794
s_016um_00262_00127-1,-1.1792488
s_016um_00354_00024-1,-1.1272775
s_016um_00130_00232-1,-1.1681861
s_016um_00265_00054-1,-1.1584268
s_016um_00234_00260-1,-1.132297
s_016um_00392_00360-1,-1.0027188
s_016um_00311_00056-1,-1.180725
s_016um_00127_00383-1,-1.0993618
s_016um_00085_00278-1,-1.1225119
s_016um_00265_00335-1,-1.189422
s_016um_00133_00320-1,-0.86068094
s_016um_00017_00272-1,-1.0917958
s_016um_00046_00241-1,-1.1090548
s_016um_00216_00012-1,-1.1654533
s_016um_00329_00228-1,-1.1426855
s_016um_00042_00210-1,-1.1371369
s_016um_00093_00317-1,-1.1200091
s_016um_00078_00252-1,-1.1906226
s_016um_00081_00243-1,-1.2228675
s_016um_00259_00132-1,-1.1941196
s_016um_00046_00219-1,-1.1690872
s_016um_00351_00117-1,-1.1727792
s_016um_00229_00331-1,-1.0720817
s_016um_00241_00189-1,-1.1377848
s_016um_00173_00371-1,-1.1002008
s_016um_00028_00091-1,-1.0545651
s_016um_00220_00015-1,-1.1098281
s_016um_00076_00249-1,-1.158604
s_016um_00277_00136-1,-1.0778061
s_016um_00351_00019-1,-1.1363596
s_016um_00358_00090-1,-1.1739746
s_016um_00374_00121-1,-1.1955111
s_016um_00185_00030-1,-1.1037761
s_016um_00346_00215-1,-1.1519383
s_016um_00210_00030-1,-1.1216232
s_016um_00399_00371-1,-1.130548
s_016um_00367_00227-1,-1.1393329
s_016um_00081_00195-1,-1.1524282
s_016um_00014_00212-1,-1.1299672
s_016um_00339_00400-1,-1.0957488
s_016um_00086_00265-1,-1.0683056
s_016um_00277_00326-1,-1.0924422
s_016um_00072_00245-1,-1.1543655
s_016um_00082_00238-1,-1.1705709
s_016um_00183_00027-1,-1.0928291
s_016um_00371_00120-1,-1.135433
s_016um_00220_00236-1,-1.1587485
s_016um_00401_00368-1,-1.07286
s_016um_00136_00075-1,-1.1125592
s_016um_00341_00219-1,-1.1679754
s_016um_00264_00132-1,-1.2064711
s_016um_00235_00185-1,-1.0968063
s_016um_00334_00212-1,-1.12473
s_016um_00092_00267-1,-1.1556034
s_016um_00221_00168-1,-1.1613922
s_016um_00197_00126-1,-1.1305393
s_016um_00221_00228-1,-1.1301267
s_016um_00100_00071-1,-1.1649456
s_016um_00259_00184-1,-1.0841702
s_016um_00357_00414-1,-1.1212236
s_016um_00078_00292-1,-1.1386003
s_016um_00326_00231-1,-1.1169072
s_016um_00090_00072-1,-1.1367993
s_016um_00183_00028-1,-1.0823069
s_016um_00265_00062-1,-1.1268599
s_016um_00223_00251-1,-1.1466608
s_016um_00042_00214-1,-1.1031787
s_016um_00234_00265-1,-1.1717048
s_016um_00093_00339-1,-1.1336975
s_016um_00328_00214-1,-1.1306003
s_016um_00141_00018-1,-1.1845487
s_016um_00221_00016-1,-1.1407803
s_016um_00134_00319-1,-0.835412
s_016um_00167_00372-1,-1.166969
s_016um_00390_00298-1,-1.1456628
s_016um_00270_00336-1,-1.1376423
s_016um_00265_00029-1,-1.1738057
s_016um_00141_00055-1,-1.1470904
s_016um_00407_00402-1,-0.93497086
s_016um_00265_00330-1,-1.1072038
s_016um_00275_00050-1,-1.1526127
s_016um_00313_00060-1,-1.212033
s_016um_00229_00358-1,-1.1108322
s_016um_00358_00292-1,-1.1529034
s_016um_00402_00255-1,-1.2117181
s_016um_00284_00094-1,-1.1376477
s_016um_00273_00312-1,-1.1301142
s_016um_00288_00100-1,-1.1984469
s_016um_00081_00270-1,-1.1598445
s_016um_00131_00226-1,-1.1823412
s_016um_00396_00261-1,-1.178687
s_016um_00087_00265-1,-1.1663599
s_016um_00336_00256-1,-1.1327112
s_016um_00102_00070-1,-1.1028712
s_016um_00273_00048-1,-1.1699773
s_016um_00263_00332-1,-1.1713612
s_016um_00275_00319-1,-1.1390673
s_016um_00049_00215-1,-1.0733132
s_016um_00094_00342-1,-1.1572613
s_016um_00369_00123-1,-1.1468585
s_016um_00224_00168-1,-1.0279349
s_016um_00331_00251-1,-1.1829895
s_016um_00388_00298-1,-1.1395682
s_016um_00222_00332-1,-1.1243556
s_016um_00080_00240-1,-1.166581
s_016um_00136_00315-1,-1.0121148
s_016um_00280_00047-1,-1.1257783
s_016um_00217_00028-1,-1.1744465
s_016um_00104_00071-1,-1.1534232
s_016um_00132_00230-1,-1.1389511
s_016um_00221_00011-1,-1.1211792
s_016um_00237_00084-1,-1.1888086
s_016um_00079_00292-1,-1.1714875
s_016um_00396_00362-1,-1.2315357
s_016um_00079_00300-1,-1.1263573
s_016um_00224_00328-1,-1.1861646
s_016um_00086_00279-1,-1.0602387
s_016um_00263_00055-1,-1.1393663
s_016um_00104_00384-1,-1.137857
s_016um_00396_00183-1,-1.1948464
s_016um_00369_00225-1,-1.1716355
s_016um_00404_00404-1,-1.1381637
s_016um_00389_00299-1,-1.1436985
s_016um_00040_00100-1,-1.1361542
s_016um_00063_00133-1,-1.1138577
s_016um_00224_00029-1,-1.1748036
s_016um_00140_00072-1,-1.0809026
s_016um_00318_00168-1,-1.0776186
s_016um_00250_00019-1,-1.109576
s_016um_00332_00253-1,-1.1421323
s_016um_00351_00119-1,-1.1879963
s_016um_00107_00385-1,-1.198208
s_016um_00044_00046-1,-1.1085614
s_016um_00261_00192-1,-1.1929675
s_016um_00347_00214-1,-1.1673006
s_016um_00040_00176-1,-1.1734004
s_016um_00134_00090-1,-1.1307253
s_016um_00351_00093-1,-1.1637816
s_016um_00243_00082-1,-1.1606213
s_016um_00033_00329-1,-1.16325
s_016um_00273_00208-1,-1.1724434
s_016um_00238_00359-1,-1.1205999
s_016um_00362_00292-1,-1.1576422
s_016um_00143_00056-1,-1.1338508
s_016um_00122_00150-1,-1.1311605
s_016um_00320_00168-1,-1.176377
s_016um_00006_00295-1,-1.1240214
s_016um_00075_00250-1,-1.0388
s_016um_00398_00362-1,-1.1353736
s_016um_00027_00335-1,-1.1177452
s_016um_00339_00216-1,-1.1627082
s_016um_00213_00292-1,-1.1431943
s_016um_00334_00254-1,-0.9646332
s_016um_00099_00031-1,-1.0901458
s_016um_00269_00059-1,-1.1576796
s_016um_00018_00272-1,-1.1243969
s_016um_00228_00244-1,-1.116582
s_016um_00011_00214-1,-1.1417855
s_016um_00164_00291-1,-1.1133204
s_016um_00376_00143-1,-1.1465755
s_016um_00243_00187-1,-1.1843724
s_016um_00330_00210-1,-1.1151083
s_016um_00169_00122-1,-1.1452717
s_016um_00394_00176-1,-1.1612852
s_016um_00254_00028-1,-1.1285492
s_016um_00144_00054-1,-1.0885772
s_016um_00084_00073-1,-1.1029447
s_016um_00225_00326-1,-0.9906843
s_016um_00134_00322-1,-0.63781834
s_016um_00088_00266-1,-1.1417916
s_016um_00074_00240-1,-1.141182
s_016um_00179_00026-1,-1.1371849
s_016um_00217_00173-1,-1.1626862
s_016um_00228_00250-1,-1.1054604
s_016um_00026_00087-1,-1.1026226
s_016um_00129_00233-1,-1.1203204
s_016um_00091_00270-1,-1.1448723
s_016um_00126_00091-1,-1.164987
s_016um_00135_00314-1,-0.8818683
s_016um_00278_00132-1,-1.1872034
s_016um_00368_00142-1,-1.1795346
s_016um_00126_00094-1,-1.1222161
s_016um_00230_00246-1,-1.1089618
s_016um_00091_00319-1,-1.1449416
s_016um_00044_00240-1,-1.0509108
s_016um_00391_00184-1,-1.1063529
s_016um_00267_00223-1,-1.0676234
s_016um_00036_00047-1,-1.1102891
s_016um_00143_00022-1,-1.0633814
s_016um_00131_00319-1,-0.73382175
s_016um_00089_00275-1,-1.1849018
s_016um_00272_00225-1,-1.1222188
s_016um_00139_00219-1,-1.1473055
s_016um_00222_00248-1,-1.1131988
s_016um_00087_00266-1,-1.1314461
s_016um_00371_00122-1,-1.1852709
s_016um_00241_00183-1,-1.1872373
s_016um_00191_00094-1,-1.1864756
s_016um_00269_00054-1,-1.1346377
s_016um_00056_00245-1,-1.1475452
s_016um_00370_00144-1,-1.1529207
s_016um_00153_00395-1,-1.1881323
s_016um_00050_00241-1,-1.1588255
s_016um_00224_00025-1,-1.1152008
s_016um_00010_00299-1,-1.154631
s_016um_00087_00034-1,-1.0886428
s_016um_00321_00301-1,-1.1316987
s_016um_00236_00357-1,-1.1639202
s_016um_00320_00229-1,-1.126184
s_016um_00143_00015-1,-1.129323
s_016um_00041_00208-1,-1.1520753
s_016um_00079_00198-1,-1.1009625
s_016um_00088_00066-1,-1.089271
s_016um_00086_00284-1,-1.1269321
s_016um_00255_00025-1,-1.2157416
s_016um_00393_00361-1,-1.0842845
s_016um_00408_00396-1,-1.0466672
s_016um_00062_00127-1,-1.1101645
s_016um_00043_00175-1,-1.1420326
s_016um_00274_00318-1,-1.173499
s_016um_00159_00291-1,-1.1736401
s_016um_00289_00092-1,-1.1334499
s_016um_00106_00319-1,-1.1072913
s_016um_00239_00187-1,-1.1705301
s_016um_00388_00297-1,-1.1460271
s_016um_00333_00250-1,-1.1473032
s_016um_00141_00216-1,-1.1193796
s_016um_00099_00027-1,-1.1130828
s_016um_00108_00317-1,-1.1246321
s_016um_00250_00026-1,-1.177708
s_016um_00405_00122-1,-1.1325202
s_016um_00116_00146-1,-1.1023347
s_016um_00368_00099-1,-0.95406187
s_016um_00267_00226-1,-1.1365458
s_016um_00103_00389-1,-1.1892886
s_016um_00403_00401-1,-0.82924604
s_016um_00240_00184-1,-1.2048814
s_016um_00021_00271-1,-1.14506
s_016um_00127_00087-1,-1.1589267
s_016um_00275_00326-1,-1.1242973
s_016um_00082_00277-1,-1.1810104
s_016um_00234_00263-1,-1.1154546
s_016um_00368_00143-1,-1.1830589
s_016um_00412_00099-1,-1.2102563
s_016um_00048_00241-1,-1.1245757
s_016um_00224_00031-1,-1.0377728
s_016um_00395_00361-1,-1.1420524
s_016um_00096_00028-1,-1.1257757
s_016um_00266_00226-1,-1.149144
s_016um_00065_00231-1,-1.1491904
s_016um_00397_00256-1,-1.1282742
s_016um_00404_00123-1,-1.1670384
s_016um_00216_00294-1,-1.1363361
s_016um_00153_00396-1,-1.1057285
s_016um_00217_00168-1,-1.1761217
s_016um_00390_00359-1,-0.9261452
s_016um_00091_00276-1,-1.1471446
s_016um_00333_00258-1,-1.1810961
s_016um_00279_00315-1,-1.1655301
s_016um_00277_00050-1,-1.1742258
s_016um_00415_00101-1,-1.105891
s_016um_00210_00292-1,-1.1648058
s_016um_00141_00218-1,-1.1125612
s_016um_00239_00185-1,-1.1377032
s_016um_00254_00026-1,-1.1729045
s_016um_00078_00236-1,-1.1483487
s_016um_00364_00099-1,-1.1426011
s_016um_00131_00390-1,-1.117685
s_016um_00257_00190-1,-1.1666931
s_016um_00368_00229-1,-1.1954807
s_016um_00273_00228-1,-1.1041327
s_016um_00142_00023-1,-1.1388679
s_016um_00309_00060-1,-1.1251504
s_016um_00166_00124-1,-1.1569455
s_016um_00083_00036-1,-1.0497725
s_016um_00227_00264-1,-1.1475862
s_016um_00058_00249-1,-1.171365
s_016um_00368_00120-1,-1.1774911
s_016um_00257_00188-1,-1.1977162
s_016um_00387_00338-1,-1.1808748
s_016um_00280_00321-1,-1.1009982
s_016um_00108_00384-1,-1.177916
s_016um_00085_00069-1,-1.1151879
s_016um_00189_00127-1,-1.048103
s_016um_00086_00036-1,-1.0988641
s_016um_00096_00277-1,-1.1314508
s_016um_00098_00317-1,-1.1960902
s_016um_00261_00131-1,-1.1681513
s_016um_00095_00272-1,-1.1548597
s_016um_00099_00068-1,-1.1330252
s_016um_00342_00213-1,-1.1459343
s_016um_00013_00210-1,-1.1399728
s_016um_00009_00156-1,-1.0977871
s_016um_00391_00357-1,-1.0479223
s_016um_00329_00211-1,-1.1126415
s_016um_00408_00124-1,-1.1524554
s_016um_00119_00151-1,-1.0984455
s_016um_00070_00129-1,-1.1025115
s_016um_00351_00118-1,-1.1616672
s_016um_00309_00052-1,-1.1081334
s_016um_00305_00056-1,-1.1359826
s_016um_00390_00343-1,-0.88684976
s_016um_00026_00084-1,-1.1556683
s_016um_00326_00121-1,-1.151054
s_016um_00239_00358-1,-1.1232301
s_016um_00220_00012-1,-1.086701
s_016um_00165_00374-1,-1.1934143
s_016um_00134_00070-1,-1.1402733
s_016um_00280_00136-1,-1.1069944
s_016um_00228_00246-1,-1.1496289
s_016um_00077_00249-1,-1.1643977
s_016um_00394_00214-1,-1.0823576
s_016um_00375_00141-1,-1.1845497
s_016um_00042_00176-1,-1.1549263
s_016um_00222_00244-1,-1.1659935
s_016um_00005_00151-1,-1.0211836
s_016um_00071_00231-1,-1.1051517
s_016um_00396_00359-1,-1.1888746
s_016um_00141_00059-1,-1.11225
s_016um_00222_00280-1,-1.1431824
s_016um_00331_00120-1,-1.1246281
s_016um_00224_00333-1,-1.1476618
s_016um_00269_00034-1,-1.1555445
s_016um_00403_00403-1,-0.8188939
s_016um_00221_00013-1,-1.1501448
s_016um_00145_00061-1,-1.1126764
s_016um_00034_00009-1,-1.1489263
s_016um_00095_00334-1,-1.1349826
s_016um_00401_00370-1,-1.194142
s_016um_00360_00287-1,-1.1014166
s_016um_00101_00391-1,-1.1820544
s_016um_00279_00204-1,-1.1146231
s_016um_00404_00396-1,-1.1714507
s_016um_00082_00299-1,-1.1320391
s_016um_00388_00293-1,-1.1108944
s_016um_00181_00031-1,-1.1292232
s_016um_00107_00319-1,-0.93455905
s_016um_00104_00382-1,-1.161998
s_016um_00286_00093-1,-1.130533
s_016um_00330_00215-1,-1.0868236
s_016um_00065_00127-1,-1.1369275
s_016um_00391_00299-1,-1.0252134
s_016um_00245_00087-1,-1.1382692
s_016um_00217_00034-1,-1.122657
s_016um_00273_00226-1,-1.1869689
s_016um_00368_00096-1,-1.1676089
s_016um_00096_00336-1,-1.1611737
s_016um_00277_00045-1,-1.2255738
s_016um_00086_00066-1,-1.0005622
s_016um_00240_00185-1,-1.1415194
s_016um_00277_00318-1,-1.1119399
s_016um_00139_00221-1,-1.1102793
s_016um_00287_00091-1,-1.158097
s_016um_00222_00016-1,-1.1645617
s_016um_00226_00233-1,-1.0370412
s_016um_00261_00134-1,-1.1962861
s_016um_00405_00395-1,-1.2596955
s_016um_00143_00063-1,-1.0573065
s_016um_00081_00283-1,-1.1059673
s_016um_00232_00354-1,-1.1367104
s_016um_00168_00126-1,-1.1385444
s_016um_00278_00311-1,-1.1563448
s_016um_00399_00258-1,-1.194095
s_016um_00271_00059-1,-1.1082344
s_016um_00140_00074-1,-1.1206347
s_016um_00044_00043-1,-1.092397
s_016um_00216_00226-1,-1.1519924
s_016um_00319_00168-1,-1.1187558
s_016um_00132_00388-1,-1.1612512
s_016um_00225_00332-1,-1.1295884
s_016um_00390_00360-1,-1.0655897
s_016um_00062_00128-1,-1.1303047
s_016um_00320_00167-1,-1.1628529
s_016um_00008_00207-1,-1.0904244
s_016um_00132_00088-1,-1.1807342
s_016um_00244_00089-1,-1.2436874
s_016um_00260_00193-1,-1.1103432
s_016um_00108_00313-1,-1.1302947
s_016um_00066_00232-1,-1.1095167
s_016um_00336_00250-1,-1.1583294
s_016um_00130_00385-1,-1.0692962
s_016um_00272_00336-1,-1.0913848
s_016um_00074_00245-1,-1.1245853
s_016um_00140_00062-1,-1.1481956
s_016um_00402_00401-1,-0.98123544
s_016um_00132_00389-1,-1.2072389
s_016um_00273_00317-1,-1.0716484
s_016um_00389_00342-1,-1.2148293
s_016um_00082_00281-1,-1.1384825
s_016um_00260_00131-1,-1.1906453
s_016um_00215_00281-1,-1.138154
s_016um_00097_00025-1,-1.1218168
s_016um_00097_00028-1,-1.0473099
s_016um_00005_00298-1,-1.1083044
s_016um_00128_00231-1,-1.1652826
s_016um_00102_00028-1,-1.142109
s_016um_00353_00092-1,-1.1581988
s_016um_00360_00412-1,-1.1238625
s_016um_00368_00123-1,-1.1412996
s_016um_00397_00366-1,-1.1940091
s_016um_00100_00389-1,-1.123409
s_016um_00264_00062-1,-1.1562927
s_016um_00371_00146-1,-1.0780467
s_016um_00241_00187-1,-1.0955683
s_016um_00069_00233-1,-1.1392577
s_016um_00403_00259-1,-1.1191907
s_016um_00217_00232-1,-1.159688
s_016um_00087_00032-1,-1.1111423
s_016um_00100_00317-1,-1.1592212
s_016um_00271_00334-1,-1.0893207
s_016um_00358_00414-1,-1.219237
s_016um_00245_00085-1,-1.1715891
s_016um_00357_00118-1,-1.1443326
s_016um_00068_00131-1,-1.1447688
s_016um_00412_00101-1,-1.0249747
s_016um_00224_00024-1,-1.0947288
s_016um_00097_00275-1,-1.1341054
s_016um_00335_00212-1,-1.1590729
s_016um_00201_00150-1,-1.1721433
s_016um_00393_00365-1,-1.1385834
s_016um_00214_00295-1,-1.1427058
s_016um_00138_00070-1,-1.1110126
s_016um_00349_00019-1,-1.1610963
s_016um_00227_00333-1,-1.1495007
s_016um_00233_00361-1,-1.1840136
s_016um_00035_00003-1,-1.125054
s_016um_00165_00291-1,-1.1528759
s_016um_00405_00400-1,-0.6907327
s_016um_00333_00253-1,-1.145772
s_016um_00045_00206-1,-1.1208354
s_016um_00314_00057-1,-1.1670485
s_016um_00400_00397-1,-0.95411205
s_016um_00348_00019-1,-1.1600343
s_016um_00391_00178-1,-1.0942204
s_016um_00346_00218-1,-1.1590601
s_016um_00321_00166-1,-1.1265879
s_016um_00094_00334-1,-1.1897042
s_016um_00397_00212-1,-1.1278558
s_016um_00415_00098-1,-1.1548678
s_016um_00398_00213-1,-1.1349471
s_016um_00196_00129-1,-1.1605268
s_016um_00261_00187-1,-1.1409343
s_016um_00125_00389-1,-1.1235383
s_016um_00009_00213-1,-1.1201843
s_016um_00407_00149-1,-1.1280149
s_016um_00136_00217-1,-1.1522005
s_016um_00085_00283-1,-1.1603622
s_016um_00039_00103-1,-1.0977191
s_016um_00250_00021-1,-1.1613662
s_016um_00162_00290-1,-1.1881032
s_016um_00243_00184-1,-1.1388605
s_016um_00079_00237-1,-1.176524
s_016um_00132_00315-1,-1.1065801
s_016um_00272_00028-1,-1.1328462
s_016um_00237_00184-1,-1.121795
s_016um_00013_00296-1,-1.130251
s_016um_00127_00386-1,-1.0866312
s_016um_00038_00041-1,-1.0970799
s_016um_00368_00224-1,-1.1738924
s_016um_00145_00398-1,-1.1521008
s_016um_00351_00022-1,-1.1669735
s_016um_00246_00088-1,-1.1421585
s_016um_00101_00067-1,-1.1296622
s_016um_00394_00367-1,-1.1671678
s_016um_00284_00098-1,-1.1424313
s_016um_00330_00121-1,-1.1852115
s_016um_00036_00043-1,-1.1153024
s_016um_00268_00032-1,-1.145797
s_016um_00415_00104-1,-1.0826185
s_016um_00084_00066-1,-1.1492249
s_016um_00098_00335-1,-1.1211727
s_016um_00087_00268-1,-1.1810971
s_016um_00404_00398-1,-0.9403267
s_016um_00014_00209-1,-1.1724391
s_016um_00215_00229-1,-1.1244969
s_016um_00219_00227-1,-1.1371135
s_016um_00042_00215-1,-1.0752352
s_016um_00271_00048-1,-1.1265109
s_016um_00132_00322-1,-0.8921233
s_016um_00130_00231-1,-1.14327
s_016um_00319_00228-1,-1.1209115
s_016um_00326_00300-1,-1.175965
s_016um_00398_00216-1,-1.193843
s_016um_00280_00137-1,-1.1186485
s_016um_00222_00173-1,-1.0850091
s_016um_00393_00366-1,-1.0899447
s_016um_00194_00129-1,-1.1245805
s_016um_00137_00068-1,-1.0648758
s_016um_00138_00017-1,-1.1885031
s_016um_00035_00004-1,-1.1450669
s_016um_00016_00269-1,-1.1889299
s_016um_00349_00022-1,-1.1086044
s_016um_00256_00026-1,-1.1369926
s_016um_00011_00209-1,-1.1215004
s_016um_00362_00293-1,-1.1466103
s_016um_00400_00264-1,-1.124831
s_016um_00005_00150-1,-1.1129206
s_016um_00265_00055-1,-1.1878747
s_016um_00356_00025-1,-1.1790289
s_016um_00032_00091-1,-1.0471938
s_016um_00082_00284-1,-1.1612682
s_016um_00121_00151-1,-1.1472551
s_016um_00087_00067-1,-1.1239411
s_016um_00037_00049-1,-1.1250046
s_016um_00364_00097-1,-1.1303803
s_016um_00352_00118-1,-1.1932678
s_016um_00241_00090-1,-1.179242
s_016um_00131_00322-1,-1.133091
s_016um_00055_00249-1,-1.2038018
s_016um_00220_00277-1,-1.1784827
s_016um_00410_00146-1,-1.1661364
s_016um_00355_00291-1,-1.1748391
s_016um_00099_00319-1,-1.123718
s_016um_00221_00277-1,-1.1234862
s_016um_00274_00314-1,-1.1620145
s_016um_00222_00250-1,-1.154613
s_016um_00130_00092-1,-1.1539963
s_016um_00038_00210-1,-1.1159925
s_016um_00404_00257-1,-1.143986
s_016um_00392_00182-1,-1.157658
s_016um_00182_00025-1,-1.210956
s_016um_00408_00101-1,-1.1335077
s_016um_00098_00022-1,-1.0655359
s_016um_00392_00343-1,-0.9717385
s_016um_00192_00124-1,-1.1000005
s_016um_00116_00145-1,-1.1050583
s_016um_00116_00150-1,-1.1723994
s_016um_00083_00295-1,-1.1146588
s_016um_00214_00294-1,-1.1298063
s_016um_00290_00097-1,-1.1870358
s_016um_00084_00267-1,-1.1113677
s_016um_00325_00230-1,-1.1605227
s_016um_00353_00091-1,-1.1761371
s_016um_00248_00019-1,-1.1620854
s_016um_00029_00083-1,-1.1357795
s_016um_00406_00152-1,-1.1541364
s_016um_00135_00233-1,-1.139054
s_016um_00135_00225-1,-1.1392844
s_016um_00099_00072-1,-1.1202631
s_016um_00141_00054-1,-1.1050205
s_016um_00087_00199-1,-1.1822202
s_016um_00207_00152-1,-1.1664795
s_016um_00324_00300-1,-1.0919288
s_016um_00028_00092-1,-1.0854846
s_016um_00264_00330-1,-1.1113632
s_016um_00089_00072-1,-1.0549455
s_016um_00101_00072-1,-1.1226892
s_016um_00112_00319-1,-1.1403445
s_016um_00325_00166-1,-1.1958817
s_016um_00072_00247-1,-1.1688861
s_016um_00084_00272-1,-1.1258245
s_016um_00223_00332-1,-1.183294
s_016um_00047_00241-1,-1.133227
s_016um_00080_00195-1,-1.1253865
s_016um_00333_00212-1,-1.1664829
s_016um_00353_00090-1,-1.1740803
s_016um_00394_00371-1,-1.1575392
s_016um_00032_00092-1,-1.1051062
s_016um_00214_00283-1,-1.1484407
s_016um_00356_00114-1,-1.1295681
s_016um_00177_00028-1,-1.1455532
s_016um_00252_00025-1,-1.1245999
s_016um_00225_00249-1,-1.1452231
s_016um_00247_00090-1,-1.1968533
s_016um_00080_00280-1,-1.1934727
s_016um_00224_00233-1,-1.1394315
s_016um_00280_00051-1,-1.1863202
s_016um_00034_00098-1,-1.029906
s_016um_00406_00399-1,-0.69440013
s_016um_00395_00338-1,-1.1427613
s_016um_00406_00127-1,-1.1201302
s_016um_00404_00153-1,-1.1298922
s_016um_00042_00047-1,-1.1267091
s_016um_00009_00212-1,-1.0053307
s_016um_00383_00133-1,-1.1364726
s_016um_00219_00011-1,-1.0918386
s_016um_00011_00297-1,-1.1206747
s_016um_00388_00294-1,-1.1569004
s_016um_00027_00091-1,-1.1401349
s_016um_00212_00034-1,-1.1563028
s_016um_00256_00190-1,-1.1415387
s_016um_00329_00213-1,-1.1261115
s_016um_00343_00214-1,-1.1408153
s_016um_00224_00032-1,-1.1119633
s_016um_00278_00050-1,-1.2653017
s_016um_00377_00138-1,-1.1569281
s_016um_00348_00213-1,-1.1830364
s_016um_00207_00146-1,-1.1040928
s_016um_00321_00302-1,-1.1116922
s_016um_00140_00020-1,-1.1288555
s_016um_00355_00115-1,-1.1596954
s_016um_00040_00170-1,-1.0187973
s_016um_00405_00145-1,-1.1335481
s_016um_00095_00315-1,-1.0639162
s_016um_00265_00032-1,-1.1309369
s_016um_00088_00032-1,-1.1409967
s_016um_00216_00168-1,-1.175086
s_016um_00096_00320-1,-1.1443679
s_016um_00359_00117-1,-1.152846
s_016um_00092_00279-1,-1.1235427
s_016um_00402_00127-1,-1.2160932
s_016um_00415_00140-1,-1.1740813
s_016um_00354_00290-1,-1.177755
s_016um_00139_00218-1,-1.1263064
s_016um_00395_00373-1,-1.153247
s_016um_00217_00026-1,-1.1127281
s_016um_00321_00232-1,-1.1406792
s_016um_00264_00130-1,-1.1552027
s_016um_00313_00052-1,-1.1595256
s_016um_00086_00268-1,-1.1222366
s_016um_00169_00125-1,-1.1673926
s_016um_00018_00263-1,-1.1192564
s_016um_00407_00123-1,-1.1523923
s_016um_00029_00087-1,-1.1835996
s_016um_00085_00065-1,-1.0991424
s_016um_00140_00076-1,-0.93605846
s_016um_00014_00270-1,-1.1710223
s_016um_00266_00132-1,-1.1759268
s_016um_00125_00093-1,-1.1304857
s_016um_00231_00263-1,-1.160961
s_016um_00151_00401-1,-1.1683319
s_016um_00071_00246-1,-1.1884674
s_016um_00263_00184-1,-1.1217147
s_016um_00258_00031-1,-1.0591115
s_016um_00099_00073-1,-1.1391929
s_016um_00332_00216-1,-1.1229043
s_016um_00152_00396-1,-1.2268207
s_016um_00214_00281-1,-1.1753912
s_016um_00083_00272-1,-1.1444626
s_016um_00212_00295-1,-1.1512567
s_016um_00405_00149-1,-1.1534636
s_016um_00279_00044-1,-1.1180344
s_016um_00221_00330-1,-1.1125662
s_016um_00081_00030-1,-1.115586
s_016um_00414_00136-1,-1.2043061
s_016um_00133_00076-1,-1.1705881
s_016um_00360_00414-1,-1.1320775
s_016um_00326_00166-1,-1.1454723
s_016um_00403_00399-1,-0.7135166
s_016um_00369_00223-1,-1.1598774
s_016um_00237_00356-1,-1.1124076
s_016um_00041_00210-1,-1.1003513
s_016um_00008_00211-1,-1.0681012
s_016um_00201_00145-1,-1.1653944
s_016um_00230_00360-1,-1.1172432
s_016um_00147_00394-1,-1.1185224
s_016um_00146_00399-1,-1.1599413
s_016um_00360_00410-1,-1.0969957
s_016um_00080_00035-1,-1.1227703
s_016um_00010_00214-1,-1.1680166
s_016um_00383_00128-1,-1.1298968
s_016um_00399_00126-1,-1.2202772
s_016um_00324_00123-1,-1.1686842
s_016um_00093_00319-1,-1.1231605
s_016um_00093_00274-1,-1.1157453
s_016um_00280_00316-1,-1.1740781
s_016um_00327_00125-1,-1.1880926
s_016um_00261_00191-1,-1.1774205
s_016um_00111_00314-1,-1.1502284
s_016um_00049_00242-1,-1.0189838
s_016um_00284_00096-1,-1.127024
s_016um_00041_00103-1,-1.109294
s_016um_00387_00298-1,-1.1622287
s_016um_00144_00060-1,-1.0800512
s_016um_00320_00169-1,-1.1092001
s_016um_00231_00266-1,-1.1591108
s_016um_00171_00124-1,-1.1720723
s_016um_00032_00330-1,-1.1291177
s_016um_00227_00234-1,-1.1326867
s_016um_00136_00221-1,-1.1635078
s_016um_00059_00249-1,-1.1305088
s_016um_00399_00367-1,-1.2259839
s_016um_00396_00262-1,-1.0810217
s_016um_00043_00245-1,-1.1129868
s_016um_00167_00378-1,-1.113592
s_016um_00064_00127-1,-1.0933926
s_016um_00043_00179-1,-1.0337687
s_016um_00114_00318-1,-1.1548378
s_016um_00213_00289-1,-1.149107
s_016um_00328_00301-1,-1.1010562
s_016um_00096_00322-1,-1.1048945
s_016um_00279_00050-1,-1.1910914
s_016um_00353_00093-1,-1.20551
s_016um_00041_00100-1,-1.1179397
s_016um_00398_00358-1,-1.0436822
s_016um_00355_00092-1,-1.2010765
s_016um_00280_00324-1,-1.0788897
s_016um_00081_00272-1,-1.1903923
s_016um_00113_00315-1,-1.1368985
s_016um_00280_00312-1,-1.130763
s_016um_00039_00204-1,-1.1186577
s_016um_00048_00242-1,-0.86940986
s_016um_00035_00331-1,-1.1141529
s_016um_00374_00120-1,-1.1660726
s_016um_00176_00029-1,-1.129495
s_016um_00131_00384-1,-1.11444
s_016um_00058_00243-1,-1.1594551
s_016um_00214_00282-1,-1.1227294
s_016um_00289_00100-1,-1.1019474
s_016um_00235_00261-1,-1.1453257
s_016um_00372_00146-1,-0.9626191
s_016um_00085_00070-1,-1.066488
s_016um_00132_00073-1,-1.0352709
s_016um_00172_00376-1,-1.1354327
s_016um_00268_00033-1,-1.1579062
s_016um_00253_00028-1,-1.1498849
s_016um_00321_00305-1,-1.1705464
s_016um_00097_00338-1,-1.1667507
s_016um_00380_00128-1,-1.161329
s_016um_00128_00388-1,-1.1593122
s_016um_00232_00260-1,-1.1808152
s_016um_00232_00087-1,-1.1389347
s_016um_00284_00099-1,-1.0863692
s_016um_00184_00029-1,-1.1085368
s_016um_00243_00189-1,-1.1065605
s_016um_00275_00045-1,-1.1838756
s_016um_00009_00209-1,-1.2102008
s_016um_00046_00244-1,-1.123563
s_016um_00222_00233-1,-1.0970588
s_016um_00253_00022-1,-1.1396253
s_016um_00083_00283-1,-1.1380663
s_016um_00374_00144-1,-1.1837493
s_016um_00117_00151-1,-1.1090688
s_016um_00078_00242-1,-1.1531075
s_016um_00400_00216-1,-1.1047529
s_016um_00094_00333-1,-1.1285936
s_016um_00222_00331-1,-1.1697549
s_016um_00130_00087-1,-1.0676913
s_016um_00261_00129-1,-1.1972206
s_016um_00215_00280-1,-1.1115522
s_016um_00226_00235-1,-1.1328942
s_016um_00387_00296-1,-1.1096874
s_016um_00338_00401-1,-1.1393695
s_016um_00394_00357-1,-0.88717395
s_016um_00039_00174-1,-1.1270828
s_016um_00090_00069-1,-1.1275132
s_016um_00213_00279-1,-1.1524442
s_016um_00240_00084-1,-1.1991824
s_016um_00266_00034-1,-1.1582503
s_016um_00249_00019-1,-1.1273755
s_016um_00216_00227-1,-1.1632462
s_016um_00264_00188-1,-1.1443791
s_016um_00010_00298-1,-1.1123942
s_016um_00118_00151-1,-1.1597986
s_016um_00027_00085-1,-1.1107726
s_016um_00276_00201-1,-1.187423
s_016um_00174_00371-1,-1.0724236
s_016um_00355_00411-1,-1.0769416
s_016um_00042_00240-1,-1.0810701
s_016um_00084_00270-1,-1.1434368
s_016um_00405_00396-1,-1.1784748
s_016um_00402_00399-1,-0.97289455
s_016um_00096_00026-1,-1.1028483
s_016um_00281_00205-1,-1.1484671
s_016um_00168_00129-1,-1.1456436
s_016um_00071_00250-1,-1.1241852
s_016um_00383_00138-1,-1.2019452
s_016um_00082_00066-1,-1.1257188
s_016um_00371_00226-1,-1.1280167
s_016um_00091_00069-1,-1.109528
s_016um_00229_00265-1,-1.1370404
s_016um_00238_00182-1,-1.1544211
s_016um_00268_00225-1,-1.1262745
s_016um_00085_00280-1,-1.1006825
s_016um_00372_00098-1,-1.1879514
s_016um_00390_00295-1,-1.1128284
s_016um_00242_00086-1,-1.2302095
s_016um_00083_00067-1,-1.1689043
s_016um_00355_00094-1,-1.1722311
s_016um_00393_00218-1,-1.090218
s_016um_00025_00085-1,-1.1289202
s_016um_00010_00155-1,-1.1224852
s_016um_00379_00137-1,-1.1575615
s_016um_00264_00332-1,-1.1617087
s_016um_00357_00122-1,-1.1059552
s_016um_00072_00252-1,-1.1564404
s_016um_00384_00131-1,-1.1570045
s_016um_00389_00339-1,-1.1157284
s_016um_00225_00229-1,-1.1579331
s_016um_00217_00283-1,-1.138929
s_016um_00233_00356-1,-1.1483762
s_016um_00010_00152-1,-1.1099548
s_016um_00257_00031-1,-1.1663301
s_016um_00328_00227-1,-1.1390425
s_016um_00237_00086-1,-1.1909215
s_016um_00034_00337-1,-1.1490312
s_016um_00057_00241-1,-1.1525398
s_016um_00222_00169-1,-1.0597538
s_016um_00063_00128-1,-1.105677
s_016um_00373_00145-1,-0.85347986
s_016um_00039_00100-1,-1.1282027
s_016um_00347_00218-1,-1.1138676
s_016um_00095_00028-1,-1.1815786
s_016um_00357_00116-1,-1.12835
s_016um_00140_00019-1,-1.1461335
s_016um_00247_00089-1,-1.1241435
s_016um_00279_00311-1,-1.1564512
s_016um_00122_00144-1,-1.1408587
s_016um_00415_00138-1,-1.1409578
s_016um_00169_00121-1,-1.2083603
s_016um_00273_00135-1,-1.1397467
s_016um_00240_00190-1,-1.2013332
s_016um_00089_00273-1,-1.1061643
s_016um_00110_00316-1,-1.164842
s_016um_00096_00340-1,-1.106742
s_016um_00324_00223-1,-1.1620541
s_016um_00252_00030-1,-1.1635773
s_016um_00337_00404-1,-1.1148975
s_016um_00086_00264-1,-1.070285
s_016um_00062_00131-1,-1.0901667
s_016um_00041_00207-1,-1.1428019
s_016um_00215_00033-1,-1.1674135
s_016um_00370_00096-1,-1.1520909
s_016um_00084_00033-1,-1.1318467
s_016um_00192_00123-1,-1.1628292
s_016um_00094_00323-1,-1.1422194
s_016um_00393_00184-1,-1.1344705
s_016um_00015_00265-1,-1.1598719
s_016um_00358_00293-1,-1.1704868
s_016um_00275_00227-1,-1.1092283
s_016um_00308_00057-1,-1.238071
s_016um_00399_00124-1,-1.1385134
s_016um_00357_00289-1,-1.0925835
s_016um_00248_00084-1,-1.1924998
s_016um_00085_00036-1,-1.1038518
s_016um_00371_00101-1,-1.1213957
s_016um_00178_00028-1,-1.1481314
s_016um_00397_00183-1,-1.147875
s_016um_00031_00338-1,-1.100106
s_016um_00135_00217-1,-1.1484697
s_016um_00306_00056-1,-1.171691
s_016um_00222_00335-1,-1.1633428
s_016um_00035_00334-1,-1.185087
s_016um_00034_00335-1,-1.1043788
s_016um_00096_00334-1,-1.1362405
s_016um_00264_00134-1,-1.1141433
s_016um_00053_00249-1,-1.0675626
s_016um_00394_00177-1,-1.172741
s_016um_00324_00306-1,-1.1853968
s_016um_00342_00218-1,-1.1206026
s_016um_00131_00087-1,-1.0591142
s_016um_00258_00185-1,-1.0781083
s_016um_00095_00024-1,-1.1598148
s_016um_00189_00096-1,-1.1473329
s_016um_00270_00036-1,-1.1608692
s_016um_00012_00300-1,-1.152721
s_016um_00104_00070-1,-1.1023777
s_016um_00362_00287-1,-1.1501775
s_016um_00391_00297-1,-1.1074733
s_016um_00135_00069-1,-0.89904
s_016um_00099_00322-1,-1.164938
s_016um_00272_00208-1,-1.2023126
s_016um_00336_00403-1,-1.1323395
s_016um_00129_00387-1,-1.1724463
s_016um_00268_00062-1,-1.1420257
s_016um_00096_00338-1,-1.0804256
s_016um_00140_00056-1,-1.0965024
s_016um_00140_00217-1,-1.140688
s_016um_00264_00059-1,-1.1551298
s_016um_00356_00023-1,-1.2071831
s_016um_00106_00317-1,-1.1417803
s_016um_00191_00090-1,-1.1415508
s_016um_00284_00100-1,-1.1519458
s_016um_00035_00100-1,-1.1452343
s_016um_00105_00385-1,-1.1876676
s_016um_00327_00230-1,-1.1360395
s_016um_00262_00130-1,-1.0808632
s_016um_00385_00129-1,-1.1045653
s_016um_00083_00269-1,-1.1243409
s_016um_00357_00121-1,-1.0955596
s_016um_00390_00358-1,-0.86981773
s_016um_00401_00255-1,-1.1240536
s_016um_00082_00032-1,-1.1275983
s_016um_00226_00248-1,-1.170623
s_016um_00022_00266-1,-1.1489822
s_016um_00318_00169-1,-1.1281505
s_016um_00246_00084-1,-1.1971861
s_016um_00098_00029-1,-1.1114197
s_016um_00279_00130-1,-1.1822743
s_016um_00398_00178-1,-1.1497538
s_016um_00080_00029-1,-1.1357373
s_016um_00040_00179-1,-1.0681926
s_016um_00030_00334-1,-1.1847379
s_016um_00325_00225-1,-1.1549772
s_016um_00079_00278-1,-1.1439108
s_016um_00082_00195-1,-0.8612782
s_016um_00010_00216-1,-1.0022681
s_016um_00336_00399-1,-0.99720573
s_016um_00335_00215-1,-1.0779387
s_016um_00212_00297-1,-1.1699905
s_016um_00227_00244-1,-1.1291875
s_016um_00322_00161-1,-1.006313
s_016um_00139_00075-1,-1.1431963
s_016um_00385_00127-1,-1.118474
s_016um_00030_00087-1,-1.096131
s_016um_00092_00277-1,-1.1275876
s_016um_00041_00244-1,-1.1779326
s_016um_00024_00088-1,-1.1351804
s_016um_00256_00185-1,-1.1512079
s_016um_00391_00345-1,-0.8655178
s_016um_00110_00317-1,-1.0791665
s_016um_00218_00280-1,-1.2077956
s_016um_00314_00053-1,-1.141076
s_016um_00266_00056-1,-1.1731123
s_016um_00209_00297-1,-1.119755
s_016um_00142_00220-1,-1.0121732
s_016um_00394_00212-1,-1.1571964
s_016um_00203_00151-1,-1.1675231
s_016um_00112_00316-1,-1.1488087
s_016um_00140_00219-1,-1.219201
s_016um_00372_00099-1,-1.1640426
s_016um_00233_00092-1,-1.1339735
s_016um_00045_00214-1,-1.1305727
s_016um_00267_00060-1,-1.2132642
s_016um_00208_00292-1,-1.1553763
s_016um_00188_00097-1,-1.1520226
s_016um_00325_00232-1,-1.1492666
s_016um_00328_00122-1,-1.1237434
s_016um_00384_00137-1,-1.1383032
s_016um_00278_00201-1,-1.1587213
s_016um_00323_00303-1,-1.1474819
s_016um_00228_00233-1,-1.209959
s_016um_00267_00034-1,-1.1631975
s_016um_00020_00268-1,-1.1359489
s_016um_00380_00134-1,-1.1320701
s_016um_00418_00141-1,-1.1522872
s_016um_00223_00027-1,-1.0494621
s_016um_00275_00317-1,-1.1239518
s_016um_00135_00317-1,-0.8303925
s_016um_00136_00316-1,-0.9810905
s_016um_00368_00146-1,-1.1225312
s_016um_00232_00259-1,-1.14986
s_016um_00225_00333-1,-1.1332868
s_016um_00190_00096-1,-1.1789732
s_016um_00092_00276-1,-1.1179522
s_016um_00219_00166-1,-1.151441
s_016um_00102_00030-1,-1.1415244
s_016um_00081_00033-1,-1.0915769
s_016um_00035_00335-1,-1.1412082
s_016um_00407_00127-1,-1.1608382
s_016um_00088_00070-1,-1.045677
s_016um_00278_00314-1,-1.101171
s_016um_00100_00026-1,-1.1604793
s_016um_00170_00129-1,-1.1566532
s_016um_00352_00095-1,-1.1573032
s_016um_00085_00269-1,-1.2002393
s_016um_00288_00098-1,-1.1795456
s_016um_00276_00137-1,-1.1875908
s_016um_00008_00156-1,-1.0483689
s_016um_00196_00091-1,-1.0425243
s_016um_00313_00055-1,-1.2178284
s_016um_00276_00138-1,-1.1775309
s_016um_00075_00246-1,-1.1478512
s_016um_00083_00266-1,-1.1374085
s_016um_00279_00132-1,-1.1668625
s_016um_00355_00020-1,-1.136051
s_016um_00288_00099-1,-1.1936659
s_016um_00221_00033-1,-1.1450244
s_016um_00103_00068-1,-1.0784539
s_016um_00136_00227-1,-1.1203868
s_016um_00095_00278-1,-1.1453543
s_016um_00265_00132-1,-1.1315948
s_016um_00321_00230-1,-1.1148194
s_016um_00028_00332-1,-1.1386718
s_016um_00383_00140-1,-1.154294
s_016um_00404_00402-1,-0.820642
s_016um_00197_00094-1,-1.1348593
s_016um_00011_00210-1,-1.0495087
s_016um_00253_00021-1,-1.1730397
s_016um_00341_00397-1,-1.1245308
s_016um_00288_00093-1,-1.1287638
s_016um_00401_00261-1,-1.1111267
s_016um_00381_00135-1,-1.127429
s_016um_00045_00213-1,-1.1357948
s_016um_00364_00225-1,-1.185736
s_016um_00291_00098-1,-1.1603831
s_016um_00373_00117-1,-1.1420146
s_016um_00167_00373-1,-1.1853201
s_016um_00252_00024-1,-1.1678841
s_016um_00344_00221-1,-0.80443573
s_016um_00255_00023-1,-1.1729139
s_016um_00223_00169-1,-1.1659161
s_016um_00277_00324-1,-1.1414604
s_016um_00354_00094-1,-1.1902405
s_016um_00244_00091-1,-1.1836375
s_016um_00238_00357-1,-1.149551
s_016um_00033_00005-1,-1.099795
s_016um_00356_00119-1,-1.130527
s_016um_00041_00209-1,-1.1428552
s_016um_00075_00240-1,-1.1115898
s_016um_00394_00220-1,-1.1402477
s_016um_00406_00121-1,-1.1535488
s_016um_00328_00230-1,-1.131849
s_016um_00149_00398-1,-1.0787702
s_016um_00083_00264-1,-1.1330398
s_016um_00368_00228-1,-1.2021288
s_016um_00393_00180-1,-1.2168283
s_016um_00167_00126-1,-1.1691974
s_016um_00277_00320-1,-1.1876998
s_016um_00221_00239-1,-1.1575927
s_016um_00047_00213-1,-1.150437
s_016um_00070_00233-1,-1.1462137
s_016um_00101_00066-1,-1.1320992
s_016um_00246_00087-1,-1.1450433
s_016um_00391_00180-1,-1.1422567
s_016um_00405_00153-1,-1.0955697
s_016um_00351_00095-1,-1.0962354
s_016um_00077_00252-1,-1.075248
s_016um_00236_00359-1,-1.1161443
s_016um_00013_00295-1,-1.1032814
s_016um_00322_00224-1,-1.1944933
s_016um_00397_00181-1,-1.1866838
s_016um_00213_00293-1,-1.128062
s_016um_00282_00328-1,-1.124769
s_016um_00076_00292-1,-1.1461165
s_016um_00148_00402-1,-1.0910654
s_016um_00335_00250-1,-1.1082456
s_016um_00405_00123-1,-1.17123
s_016um_00195_00096-1,-1.1521108
s_016um_00357_00117-1,-1.1214964
s_016um_00008_00208-1,-1.0996653
s_016um_00342_00219-1,-1.1486294
s_016um_00354_00122-1,-1.1596466
s_016um_00063_00130-1,-1.1249552
s_016um_00330_00256-1,-1.1818501
s_016um_00181_00027-1,-1.1411747
s_016um_00133_00088-1,-1.1191583
s_016um_00062_00129-1,-1.0995604
s_016um_00224_00332-1,-1.145105
s_016um_00369_00117-1,-1.158193
s_016um_00213_00014-1,-1.118091
s_016um_00364_00227-1,-1.1641669
s_016um_00084_00282-1,-1.1849823
s_016um_00211_00290-1,-1.1522175
s_016um_00371_00144-1,-1.141279
s_016um_00267_00030-1,-1.0800068
s_016um_00241_00088-1,-1.1565052
s_016um_00222_00247-1,-1.148973
s_016um_00280_00325-1,-1.1468408
s_016um_00040_00241-1,-1.1685052
s_016um_00223_00032-1,-1.140353
s_016um_00324_00121-1,-1.1464332
s_016um_00098_00322-1,-1.1224018
s_016um_00248_00089-1,-1.1872717
s_016um_00045_00236-1,-1.1536653
s_016um_00081_00265-1,-1.1463864
s_016um_00085_00272-1,-1.1611259
s_016um_00396_00184-1,-1.1276397
s_016um_00352_00092-1,-1.1701725
s_016um_00362_00229-1,-1.1329926
s_016um_00041_00176-1,-1.1384083
s_016um_00146_00062-1,-1.1838427
s_016um_00054_00242-1,-1.1488005
s_016um_00037_00042-1,-1.1505649
s_016um_00135_00076-1,-1.1167772
s_016um_00166_00377-1,-1.1749824
s_016um_00312_00055-1,-1.1211486
s_016um_00216_00027-1,-1.1697389
s_016um_00345_00213-1,-1.2022702
s_016um_00277_00314-1,-1.0165279
s_016um_00171_00123-1,-1.1926668
s_016um_00257_00185-1,-1.147296
s_016um_00261_00029-1,-1.1526071
s_016um_00180_00030-1,-1.1401621
s_016um_00077_00296-1,-1.1012949
s_016um_00399_00399-1,-0.8514466
s_016um_00328_00302-1,-1.0865701
s_016um_00363_00226-1,-1.0927479
s_016um_00080_00298-1,-1.1456031
s_016um_00182_00030-1,-1.129099
s_016um_00070_00237-1,-1.1149552
s_016um_00243_00084-1,-1.1913872
s_016um_00063_00127-1,-1.1271092
s_016um_00263_00132-1,-1.2245293
s_016um_00327_00126-1,-1.2062275
s_016um_00083_00194-1,-1.1094307
s_016um_00403_00145-1,-1.1425025
s_016um_00314_00058-1,-1.1991186
s_016um_00033_00009-1,-1.1662729
s_016um_00328_00216-1,-1.1529766
s_016um_00341_00403-1,-1.1292899
s_016um_00214_00284-1,-1.1570883
s_016um_00394_00373-1,-1.1327964
s_016um_00415_00100-1,-1.1321206
s_016um_00398_00256-1,-1.2605451
s_016um_00412_00098-1,-1.1570204
s_016um_00089_00270-1,-1.1421367
s_016um_00288_00092-1,-1.1934636
s_016um_00131_00316-1,-1.0942276
s_016um_00141_00222-1,-1.1353419
s_016um_00236_00182-1,-1.1329446
s_016um_00271_00224-1,-1.1697924
s_016um_00385_00294-1,-1.1448674
s_016um_00112_00320-1,-1.0959278
s_016um_00402_00148-1,-1.1471109
s_016um_00269_00225-1,-1.1856036
s_016um_00079_00245-1,-1.1588471
s_016um_00277_00132-1,-1.1362815
s_016um_00129_00231-1,-1.1989284
s_016um_00320_00231-1,-1.1244527
s_016um_00107_00320-1,-1.1115234
s_016um_00329_00252-1,-1.1091324
s_016um_00198_00149-1,-1.0927267
s_016um_00264_00032-1,-1.021196
s_016um_00221_00333-1,-1.1760379
s_016um_00081_00029-1,-1.166385
s_016um_00044_00047-1,-1.1225243
s_016um_00281_00317-1,-1.1416737
s_016um_00223_00329-1,-1.1152109
s_016um_00006_00153-1,-1.1415349
s_016um_00160_00292-1,-1.1397251
s_016um_00365_00228-1,-1.14664
s_016um_00328_00212-1,-1.1282302
s_016um_00276_00321-1,-1.106339
s_016um_00370_00125-1,-1.10192
s_016um_00118_00148-1,-1.0979724
s_016um_00274_00205-1,-1.2140301
s_016um_00278_00317-1,-1.1440365
s_016um_00271_00058-1,-1.1266524
s_016um_00395_00213-1,-1.1417986
s_016um_00200_00151-1,-1.0821455
s_016um_00141_00215-1,-1.1273019
s_016um_00333_00217-1,-1.1365569
s_016um_00232_00361-1,-1.1412994
s_016um_00338_00254-1,-1.1156
s_016um_00342_00402-1,-1.2241888
s_016um_00168_00124-1,-1.1128935
s_016um_00333_00214-1,-1.0992354
s_016um_00404_00262-1,-1.1460738
s_016um_00021_00268-1,-1.1687578
s_016um_00078_00284-1,-1.1042264
s_016um_00331_00121-1,-1.1322255
s_016um_00115_00144-1,-0.9745048
s_016um_00164_00285-1,-1.1664258
s_016um_00236_00355-1,-1.1468811
s_016um_00331_00124-1,-1.2101167
s_016um_00040_00103-1,-1.2024206
s_016um_00106_00386-1,-1.2117159
s_016um_00268_00328-1,-1.1168776
s_016um_00021_00264-1,-1.1517394
s_016um_00067_00232-1,-1.1516063
s_016um_00392_00179-1,-1.1441352
s_016um_00210_00033-1,-1.0835687
s_016um_00145_00054-1,-1.0673378
s_016um_00272_00333-1,-1.1434304
s_016um_00365_00095-1,-1.0947347
s_016um_00371_00147-1,-1.100456
s_016um_00286_00099-1,-1.1368183
s_016um_00083_00298-1,-1.1130747
s_016um_00263_00191-1,-1.1624289
s_016um_00272_00335-1,-1.1350131
s_016um_00335_00401-1,-0.9689892
s_016um_00043_00046-1,-1.1224928
s_016um_00371_00141-1,-1.0820467
s_016um_00370_00145-1,-1.1237037
s_016um_00221_00032-1,-1.1409061
s_016um_00259_00029-1,-1.107226
s_016um_00189_00092-1,-1.2078944
s_016um_00271_00332-1,-1.1249318
s_016um_00276_00318-1,-1.1132864
s_016um_00365_00096-1,-1.1631043
s_016um_00366_00101-1,-1.1033936
s_016um_00402_00400-1,-0.80465627
s_016um_00225_00329-1,-1.1991477
s_016um_00163_00292-1,-1.1529367
s_016um_00274_00335-1,-1.1507014
s_016um_00313_00056-1,-1.1891811
s_016um_00133_00317-1,-0.8713949
s_016um_00202_00147-1,-1.1777207
s_016um_00256_00027-1,-1.142559
s_016um_00340_00398-1,-1.0576063
s_016um_00357_00089-1,-1.1708573
s_016um_00161_00286-1,-1.0044942
s_016um_00137_00078-1,-1.1246121
s_016um_00123_00145-1,-1.131838
s_016um_00161_00294-1,-1.1192919
s_016um_00040_00049-1,-1.08894
s_016um_00389_00297-1,-1.1122305
s_016um_00066_00230-1,-1.1543463
s_016um_00103_00073-1,-1.1141803
s_016um_00013_00297-1,-1.1948093
s_016um_00043_00238-1,-1.1480519
s_016um_00056_00242-1,-1.1173004
s_016um_00270_00328-1,-1.1141042
s_016um_00359_00410-1,-0.99888194
s_016um_00171_00377-1,-1.1535449
s_016um_00395_00362-1,-1.1631973
s_016um_00147_00055-1,-1.1431414
s_016um_00232_00261-1,-1.1430222
s_016um_00228_00234-1,-1.1235199
s_016um_00415_00139-1,-1.1553905
s_016um_00378_00140-1,-1.2059742
s_016um_00038_00178-1,-1.1532178
s_016um_00329_00210-1,-1.1337705
s_016um_00038_00175-1,-1.0836042
s_016um_00230_00263-1,-1.160108
s_016um_00091_00274-1,-1.14165
s_016um_00405_00402-1,-0.7406376
s_016um_00259_00033-1,-1.1216669
s_016um_00237_00359-1,-1.1646342
s_016um_00394_00219-1,-1.1365554
s_016um_00079_00271-1,-1.1316957
s_016um_00396_00182-1,-1.1614835
s_016um_00230_00268-1,-1.1545341
s_016um_00009_00154-1,-1.0677667
s_016um_00376_00133-1,-1.1244382
s_016um_00325_00168-1,-1.1050175
s_016um_00137_00018-1,-1.1468498
s_016um_00259_00190-1,-1.1639092
s_016um_00368_00140-1,-1.1375087
s_016um_00141_00014-1,-1.1177739
s_016um_00126_00384-1,-1.1259977
s_016um_00032_00335-1,-1.2121794
s_016um_00273_00225-1,-1.1013932
s_016um_00348_00025-1,-1.0425493
s_016um_00080_00031-1,-1.0729564
s_016um_00132_00232-1,-1.151401
s_016um_00222_00029-1,-1.1994796
s_016um_00165_00127-1,-1.1585101
s_016um_00393_00216-1,-1.1274927
s_016um_00217_00227-1,-1.1419603
s_016um_00242_00088-1,-1.1971047
s_016um_00080_00194-1,-1.1388155
s_016um_00010_00206-1,-1.0977243
s_016um_00200_00145-1,-1.1592103
s_016um_00331_00210-1,-1.1600593
s_016um_00068_00133-1,-1.0265546
s_016um_00054_00246-1,-1.1769599
s_016um_00248_00086-1,-1.1391326
s_016um_00073_00251-1,-1.1319023
s_016um_00007_00155-1,-1.1179606
s_016um_00143_00014-1,-1.0170265
s_016um_00013_00268-1,-1.1418344
s_016um_00225_00248-1,-1.1609479
s_016um_00382_00135-1,-1.1866903
s_016um_00332_00258-1,-1.156689
s_016um_00406_00400-1,-0.6744372
s_016um_00054_00247-1,-1.1420538
s_016um_00164_00121-1,-1.1313083
s_016um_00036_00172-1,-1.0983356
s_016um_00168_00121-1,-1.1492134
s_016um_00394_00368-1,-1.1302248
s_016um_00361_00413-1,-1.1431293
s_016um_00190_00128-1,-1.1362509
s_016um_00392_00358-1,-1.0008503
s_016um_00234_00089-1,-1.1665217
s_016um_00325_00298-1,-1.1732498
s_016um_00059_00245-1,-1.1788251
s_016um_00386_00131-1,-1.115032
s_016um_00279_00203-1,-1.1474134
s_016um_00132_00089-1,-1.1777054
s_016um_00416_00139-1,-1.1832148
s_016um_00041_00008-1,-1.1042246
s_016um_00267_00329-1,-1.1628288
s_016um_00322_00229-1,-1.1755695
s_016um_00226_00243-1,-1.2096856
s_016um_00082_00036-1,-1.108948
s_016um_00278_00134-1,-1.1190512
s_016um_00090_00337-1,-1.1464858
s_016um_00240_00183-1,-1.1314911
s_016um_00081_00279-1,-1.1665213
s_016um_00129_00320-1,-1.0208911
s_016um_00390_00293-1,-1.1889302
s_016um_00356_00293-1,-1.1666635
s_016um_00278_00051-1,-1.225543
s_016um_00224_00172-1,-1.1948291
s_016um_00007_00153-1,-1.1220353
s_016um_00318_00166-1,-0.9706547
s_016um_00261_00030-1,-1.1681916
s_016um_00339_00396-1,-0.97514635
s_016um_00142_00014-1,-1.1531008
s_016um_00395_00212-1,-1.1771345
s_016um_00352_00022-1,-1.1770672
s_016um_00168_00123-1,-1.1341583
s_016um_00260_00034-1,-1.1454669
s_016um_00397_00214-1,-1.1627506
s_016um_00328_00226-1,-1.134076
s_016um_00098_00069-1,-1.1520725
s_016um_00276_00051-1,-1.0870202
s_016um_00379_00139-1,-1.1760181
s_016um_00086_00195-1,-1.1508843
s_016um_00356_00092-1,-1.1794789
s_016um_00332_00124-1,-1.1616294
s_016um_00355_00117-1,-1.1710407
s_016um_00202_00153-1,-1.1327578
s_016um_00400_00213-1,-1.1742357
s_016um_00357_00093-1,-1.1040019
s_016um_00373_00123-1,-1.1594437
s_016um_00358_00413-1,-1.1679276
s_016um_00068_00231-1,-1.14257
s_016um_00064_00237-1,-1.1245694
s_016um_00030_00333-1,-1.1392367
s_016um_00136_00073-1,-1.117181
s_016um_00277_00206-1,-1.14933
s_016um_00322_00171-1,-1.160055
s_016um_00396_00373-1,-1.1277543
s_016um_00209_00028-1,-1.1742858
s_016um_00129_00319-1,-0.88797665
s_016um_00084_00279-1,-1.1398852
s_016um_00397_00261-1,-1.1890008
s_016um_00238_00088-1,-1.1205925
s_016um_00164_00122-1,-1.1020442
s_016um_00219_00276-1,-1.2419219
s_016um_00095_00321-1,-1.1516218
s_016um_00147_00396-1,-1.1550592
s_016um_00385_00298-1,-1.163184
s_016um_00068_00126-1,-1.1497022
s_016um_00213_00028-1,-1.1875291
s_016um_00275_00133-1,-1.2094951
s_016um_00091_00334-1,-1.1320666
s_016um_00315_00056-1,-1.1483812
s_016um_00272_00032-1,-1.1725622
s_016um_00272_00050-1,-1.2246742
s_016um_00210_00290-1,-1.2056005
s_016um_00406_00120-1,-1.1729705
s_016um_00387_00293-1,-1.105263
s_016um_00390_00299-1,-1.0250669
s_016um_00222_00226-1,-1.1301577
s_016um_00278_00044-1,-1.0912101
s_016um_00201_00149-1,-1.1368518
s_016um_00038_00044-1,-1.1220255
s_016um_00322_00225-1,-1.1358423
s_016um_00042_00208-1,-1.1501973
s_016um_00096_00335-1,-1.1647817
s_016um_00029_00088-1,-1.1216106
s_016um_00165_00290-1,-1.1273028
s_016um_00222_00013-1,-1.178196
s_016um_00403_00153-1,-1.1603869
s_016um_00139_00220-1,-1.139052
s_016um_00086_00031-1,-1.1622059
s_016um_00329_00217-1,-1.1722116
s_016um_00078_00282-1,-1.0899695
s_016um_00086_00032-1,-1.1034617
s_016um_00029_00086-1,-1.1477307
s_016um_00140_00071-1,-1.1121422
s_016um_00269_00329-1,-1.1383497
s_016um_00253_00024-1,-1.1299493
s_016um_00327_00300-1,-1.1721749
s_016um_00169_00127-1,-1.2358737
s_016um_00191_00092-1,-1.1822058
s_016um_00271_00222-1,-1.1204194
s_016um_00220_00010-1,-1.1081078
s_016um_00214_00279-1,-1.1474152
s_016um_00355_00018-1,-1.1281186
s_016um_00236_00190-1,-1.1424911
s_016um_00126_00390-1,-1.1256759
s_016um_00410_00147-1,-1.1830696
s_016um_00277_00312-1,-1.1335053
s_016um_00074_00244-1,-1.1302749
s_016um_00396_00218-1,-1.1494772
s_016um_00034_00101-1,-1.0676647
s_016um_00408_00103-1,-1.2359967
s_016um_00354_00412-1,-1.065057
s_016um_00013_00208-1,-1.1332304
s_016um_00042_00212-1,-1.1281556
s_016um_00162_00286-1,-1.1005247
s_016um_00192_00091-1,-1.1343529
s_016um_00224_00234-1,-1.1803763
s_016um_00267_00332-1,-1.1806469
s_016um_00232_00265-1,-1.1563586
s_016um_00080_00286-1,-1.1291133
s_016um_00030_00092-1,-1.1294371
s_016um_00255_00033-1,-1.1732926
s_016um_00396_00369-1,-1.1091948
s_016um_00012_00213-1,-1.1048825
s_016um_00200_00147-1,-1.1268058
s_016um_00047_00244-1,-1.1527743
s_016um_00040_00217-1,-1.1406322
s_016um_00373_00140-1,-1.1430877
s_016um_00270_00223-1,-1.1684929
s_016um_00089_00066-1,-1.1552391
s_016um_00358_00115-1,-1.1618803
s_016um_00274_00226-1,-1.0734192
s_016um_00174_00375-1,-1.1334324
s_016um_00228_00248-1,-1.16027
s_016um_00207_00150-1,-1.19971
s_016um_00094_00343-1,-1.1211859
s_016um_00224_00171-1,-1.1956673
s_016um_00388_00345-1,-1.1316359
s_016um_00133_00228-1,-1.1297134
s_016um_00103_00383-1,-1.1474035
s_016um_00030_00084-1,-1.1204617
s_016um_00122_00146-1,-1.1381035
s_016um_00067_00230-1,-1.1642249
s_016um_00227_00335-1,-1.1276301
s_016um_00135_00221-1,-1.0750151
s_016um_00098_00066-1,-1.1672748
s_016um_00321_00229-1,-1.0870143
s_016um_00267_00229-1,-1.156297
s_016um_00357_00417-1,-0.9599436
s_016um_00249_00025-1,-1.1870402
s_016um_00080_00293-1,-1.1336285
s_016um_00356_00019-1,-1.1402727
s_016um_00413_00141-1,-1.233568
s_016um_00359_00121-1,-1.1685627
s_016um_00386_00296-1,-1.1290959
s_016um_00106_00316-1,-1.1539582
s_016um_00320_00165-1,-1.1375378
s_016um_00043_00043-1,-1.1489754
s_016um_00278_00328-1,-1.1194851
s_016um_00129_00382-1,-1.2364165
s_016um_00086_00030-1,-1.1227602
s_016um_00368_00227-1,-1.1372737
s_016um_00031_00088-1,-1.1481127
s_016um_00140_00222-1,-1.144778
s_016um_00219_00028-1,-1.1753211
s_016um_00418_00143-1,-1.1298884
s_016um_00392_00292-1,-1.1887282
s_016um_00010_00153-1,-1.1594801
s_016um_00080_00199-1,-1.1694815
s_016um_00165_00129-1,-1.157391
s_016um_00326_00227-1,-1.1368114
s_016um_00370_00223-1,-1.1401213
s_016um_00228_00264-1,-1.1911103
s_016um_00273_00313-1,-1.1477163
s_016um_00331_00253-1,-1.1462637
s_016um_00081_00032-1,-1.1265746
s_016um_00260_00130-1,-1.1640714
s_016um_00091_00341-1,-1.12524
s_016um_00140_00070-1,-1.1030748
s_016um_00090_00268-1,-1.1585279
s_016um_00227_00243-1,-1.15769
s_016um_00219_00170-1,-1.202683
s_016um_00323_00227-1,-1.1186827
s_016um_00100_00073-1,-1.1482847
s_016um_00152_00398-1,-1.145672
s_016um_00281_00326-1,-1.1511074
s_016um_00063_00234-1,-0.8323425
s_016um_00234_00361-1,-1.1489258
s_016um_00401_00124-1,-1.0723238
s_016um_00327_00224-1,-1.147601
s_016um_00266_00128-1,-1.1178699
s_016um_00105_00071-1,-1.1555874
s_016um_00028_00086-1,-1.1492963
s_016um_00138_00077-1,-1.1076883
s_016um_00008_00300-1,-1.1333772
s_016um_00150_00396-1,-1.1891161
s_016um_00311_00060-1,-1.0689759
s_016um_00410_00151-1,-1.11191
s_016um_00337_00400-1,-1.0722898
s_016um_00042_00049-1,-1.1550064
s_016um_00374_00119-1,-1.1980953
s_016um_00326_00119-1,-1.1609228
s_016um_00264_00334-1,-1.1385769
s_016um_00418_00142-1,-1.1502118
s_016um_00152_00397-1,-1.1331893
s_016um_00201_00152-1,-1.2088323
s_016um_00231_00267-1,-1.1190473
s_016um_00100_00070-1,-1.0854541
s_016um_00330_00125-1,-1.1604023
s_016um_00327_00121-1,-1.1423788
s_016um_00358_00096-1,-1.1236687
s_016um_00216_00291-1,-1.1525623
s_016um_00326_00164-1,-1.1495718
s_016um_00145_00015-1,-1.1316117
s_016um_00280_00131-1,-1.2153624
s_016um_00076_00250-1,-1.0967188
s_016um_00390_00363-1,-1.0658712
s_016um_00043_00244-1,-1.1395607
s_016um_00226_00331-1,-1.1283487
s_016um_00088_00033-1,-1.1053307
s_016um_00041_00239-1,-1.1292806
s_016um_00012_00151-1,-1.0971869
s_016um_00140_00059-1,-1.116567
s_016um_00324_00229-1,-1.0956899
s_016um_00147_00060-1,-1.1085339
s_016um_00335_00213-1,-1.1461569
s_016um_00252_00023-1,-1.1121594
s_016um_00041_00098-1,-1.1218837
s_016um_00214_00280-1,-1.1543278
s_016um_00108_00315-1,-1.027677
s_016um_00262_00329-1,-1.0991007
s_016um_00248_00088-1,-1.1189287
s_016um_00398_00262-1,-1.1840245
s_016um_00224_00030-1,-1.1952523
s_016um_00221_00280-1,-1.1189474
s_016um_00096_00323-1,-1.199683
s_016um_00192_00121-1,-1.156908
s_016um_00409_00148-1,-1.1555576
s_016um_00058_00245-1,-1.1224182
s_016um_00005_00294-1,-1.1545371
s_016um_00283_00093-1,-1.1099766
s_016um_00417_00144-1,-1.1052794
s_016um_00242_00084-1,-1.1534932
s_016um_00279_00138-1,-1.1704584
s_016um_00134_00071-1,-1.1021919
s_016um_00037_00048-1,-1.0894992
s_016um_00234_00363-1,-1.0818032
s_016um_00275_00228-1,-1.1310304
s_016um_00219_00027-1,-1.1801708
s_016um_00354_00021-1,-1.1741859
s_016um_00233_00357-1,-1.1627581
s_016um_00256_00186-1,-1.1124945
s_016um_00322_00167-1,-1.143951
s_016um_00232_00267-1,-1.1097491
s_016um_00322_00228-1,-1.151615
s_016um_00166_00289-1,-1.1369889
s_016um_00148_00394-1,-1.123577
s_016um_00036_00175-1,-1.1136622
s_016um_00126_00387-1,-1.1327816
s_016um_00065_00125-1,-1.1232132
s_016um_00263_00127-1,-1.1962731
s_016um_00403_00125-1,-1.1715727
s_016um_00180_00028-1,-1.1096458
s_016um_00080_00200-1,-1.1609555
s_016um_00411_00103-1,-1.1318614
s_016um_00280_00206-1,-1.1465511
s_016um_00011_00150-1,-1.118283
s_016um_00397_00178-1,-1.2362416
s_016um_00117_00143-1,-1.1159421
s_016um_00343_00219-1,-0.9916899
s_016um_00362_00224-1,-1.1447735
s_016um_00060_00244-1,-1.131452
s_016um_00106_00314-1,-1.1144509
s_016um_00333_00215-1,-1.1984456
s_016um_00085_00068-1,-1.0377775
s_016um_00259_00188-1,-1.1530123
s_016um_00377_00132-1,-1.1533531
s_016um_00371_00124-1,-1.0862728
s_016um_00233_00355-1,-1.1601305
s_016um_00080_00297-1,-1.1388361
s_016um_00079_00238-1,-1.1047895
s_016um_00254_00024-1,-1.1574314
s_016um_00216_00013-1,-1.2098719
s_016um_00221_00331-1,-1.1871723
s_016um_00367_00140-1,-1.1493177
s_016um_00027_00331-1,-1.119962
s_016um_00225_00336-1,-1.1180164
s_016um_00398_00359-1,-1.0776831
s_016um_00405_00399-1,-0.68039083
s_016um_00135_00223-1,-1.0758541
s_016um_00070_00236-1,-1.1350889
s_016um_00352_00094-1,-1.1659002
s_016um_00097_00023-1,-1.1529444
s_016um_00062_00126-1,-1.1024185
s_016um_00365_00227-1,-1.1558344
s_016um_00375_00117-1,-1.2012273
s_016um_00143_00055-1,-1.1660746
s_016um_00151_00396-1,-1.1355693
s_016um_00389_00361-1,-0.9873884
s_016um_00159_00292-1,-1.1673332
s_016um_00397_00263-1,-1.1607493
s_016um_00130_00226-1,-1.122543
s_016um_00073_00246-1,-1.1037959
s_016um_00371_00094-1,-1.1293129
s_016um_00249_00022-1,-1.1051334
s_016um_00267_00225-1,-1.1604939
s_016um_00225_00235-1,-1.1405491
s_016um_00268_00035-1,-1.112453
s_016um_00216_00296-1,-1.1466764
s_016um_00329_00121-1,-1.1744764
s_016um_00163_00288-1,-1.04546
s_016um_00321_00225-1,-1.1613991
s_016um_00219_00279-1,-1.1183825
s_016um_00240_00182-1,-1.1610068
s_016um_00218_00171-1,-1.1554109
s_016um_00273_00335-1,-1.1517978
s_016um_00172_00370-1,-1.0663805
s_016um_00215_00293-1,-1.1561472
s_016um_00092_00316-1,-1.1623194
s_016um_00225_00029-1,-1.1305695
s_016um_00346_00216-1,-1.0994925
s_016um_00271_00223-1,-1.1766918
s_016um_00378_00138-1,-1.1519828
s_016um_00278_00137-1,-1.1522685
s_016um_00417_00134-1,-1.1690902
s_016um_00210_00032-1,-1.09598
s_016um_00398_00184-1,-1.1522332
s_016um_00368_00225-1,-1.127239
s_016um_00261_00184-1,-1.1212662
s_016um_00080_00264-1,-1.1431999
s_016um_00224_00028-1,-1.154705
s_016um_00331_00119-1,-1.1385847
s_016um_00398_00368-1,-1.1453606
s_016um_00374_00122-1,-1.157762
s_016um_00327_00302-1,-1.1271205
s_016um_00129_00317-1,-1.0930154
s_016um_00164_00290-1,-1.1511569
s_016um_00038_00042-1,-1.1316547
s_016um_00355_00418-1,-1.136671
s_016um_00132_00092-1,-1.1357725
s_016um_00232_00266-1,-1.1212397
s_016um_00010_00296-1,-1.1485257
s_016um_00221_00233-1,-1.1611451
s_016um_00214_00292-1,-1.1580495
s_016um_00220_00283-1,-1.1089846
s_016um_00222_00167-1,-1.2275229
s_016um_00344_00212-1,-1.1254774
s_016um_00084_00028-1,-1.1520083
s_016um_00166_00375-1,-1.1045775
s_016um_00194_00098-1,-1.1129819
s_016um_00082_00271-1,-1.0785812
s_016um_00122_00143-1,-0.97279143
s_016um_00224_00329-1,-1.1389517
s_016um_00401_00262-1,-1.0980185
s_016um_00015_00267-1,-1.1063806
s_016um_00090_00267-1,-1.1602092
s_016um_00040_00206-1,-1.1199065
s_016um_00097_00030-1,-1.1670123
s_016um_00064_00130-1,-1.127557
s_016um_00272_00203-1,-1.1635772
s_016um_00139_00072-1,-1.1357929
s_016um_00409_00153-1,-1.2067716
s_016um_00039_00177-1,-1.1575636
s_016um_00232_00088-1,-1.2340937
s_016um_00230_00357-1,-1.1669854
s_016um_00414_00104-1,-1.098378
s_016um_00049_00244-1,-1.0660328
s_016um_00248_00020-1,-1.0771705
s_016um_00358_00286-1,-1.1877892
s_016um_00382_00134-1,-1.0978352
s_016um_00416_00136-1,-1.170528
s_016um_00096_00337-1,-1.1062913
s_016um_00289_00093-1,-1.1709296
s_016um_00100_00316-1,-1.1061518
s_016um_00105_00391-1,-1.142906
s_016um_00026_00092-1,-1.0657074
s_016um_00037_00178-1,-1.0800542
s_016um_00405_00121-1,-1.1388566
s_016um_00403_00128-1,-1.1347125
s_016um_00384_00125-1,-1.1322234
s_016um_00153_00400-1,-1.1236209
s_016um_00225_00335-1,-1.1345326
s_016um_00121_00149-1,-1.1143765
s_016um_00330_00211-1,-1.1319919
s_016um_00257_00029-1,-1.1634328
s_016um_00262_00129-1,-1.1143229
s_016um_00081_00282-1,-1.1581539
s_016um_00323_00302-1,-1.1187451
s_016um_00408_00151-1,-1.1397247
s_016um_00031_00334-1,-1.1146328
s_016um_00029_00330-1,-1.1536089
s_016um_00356_00414-1,-1.0272834
s_016um_00399_00216-1,-1.106196
s_016um_00328_00125-1,-1.1984963
s_016um_00167_00120-1,-1.1806091
s_016um_00321_00169-1,-1.1487598
s_016um_00261_00332-1,-1.0984426
s_016um_00217_00275-1,-1.123401
s_016um_00384_00136-1,-1.1216844
s_016um_00100_00386-1,-1.1525772
s_016um_00110_00319-1,-1.1313281
s_016um_00056_00248-1,-1.1037537
s_016um_00397_00260-1,-1.1637986
s_016um_00117_00148-1,-1.1700504
s_016um_00107_00313-1,-1.1220639
s_016um_00251_00022-1,-1.1685187
s_016um_00278_00208-1,-1.1570024
s_016um_00411_00102-1,-1.1580452
s_016um_00042_00048-1,-1.1028196
s_016um_00171_00372-1,-1.1491351
s_016um_00217_00170-1,-1.0756843
s_016um_00080_00279-1,-1.1559069
s_016um_00030_00086-1,-1.150032
s_016um_00193_00129-1,-1.1544325
s_016um_00385_00130-1,-1.1652538
s_016um_00403_00146-1,-1.1434141
s_016um_00342_00216-1,-1.2152014
s_016um_00354_00411-1,-1.1380935
s_016um_00257_00033-1,-1.1256448
s_016um_00389_00300-1,-0.99805295
s_016um_00400_00259-1,-1.1884061
s_016um_00253_00033-1,-1.1264639
s_016um_00221_00332-1,-1.1694351
s_016um_00094_00273-1,-1.1186578
s_016um_00291_00097-1,-1.1444018
s_016um_00136_00074-1,-1.0855442
s_016um_00085_00029-1,-1.1539192
s_016um_00332_00123-1,-1.1610774
s_016um_00394_00180-1,-1.1386955
s_016um_00367_00230-1,-1.1668978
s_016um_00401_00400-1,-0.9042411
s_016um_00139_00073-1,-1.1112163
s_016um_00274_00319-1,-1.1399775
s_016um_00220_00234-1,-1.1361296
s_016um_00369_00124-1,-1.1756731
s_016um_00222_00024-1,-1.1302139
s_016um_00387_00291-1,-1.0903084
s_016um_00142_00017-1,-1.0344548
s_016um_00142_00217-1,-1.0145911
s_016um_00339_00403-1,-1.1051104
s_016um_00021_00267-1,-1.1124766
s_016um_00092_00275-1,-1.1548456
s_016um_00347_00215-1,-1.1486953
s_016um_00139_00215-1,-1.1881521
s_016um_00092_00334-1,-1.1631943
s_016um_00082_00285-1,-1.140861
s_016um_00183_00030-1,-1.1260756
s_016um_00262_00189-1,-1.1576995
s_016um_00330_00212-1,-1.1543405
s_016um_00397_00177-1,-1.1289119
s_016um_00030_00085-1,-1.1411759
s_016um_00409_00100-1,-1.1388823
s_016um_00360_00288-1,-1.1315504
s_016um_00016_00268-1,-1.1235859
s_016um_00079_00247-1,-1.2051626
s_016um_00191_00129-1,-1.201684
s_016um_00131_00091-1,-1.1296602
s_016um_00133_00091-1,-1.187247
s_016um_00216_00030-1,-1.0946084
s_016um_00268_00060-1,-1.170403
s_016um_00063_00232-1,-1.1218463
s_016um_00238_00085-1,-1.2628057
s_016um_00331_00217-1,-1.1346282
s_016um_00277_00310-1,-1.0972234
s_016um_00405_00128-1,-1.1290575
s_016um_00228_00335-1,-1.1649222
s_016um_00278_00131-1,-0.98344177
s_016um_00196_00124-1,-1.14556
s_016um_00359_00418-1,-1.1185592
s_016um_00273_00331-1,-1.073724
s_016um_00218_00025-1,-1.171368
s_016um_00408_00099-1,-1.2076992
s_016um_00278_00135-1,-1.1657286
s_016um_00409_00098-1,-1.1538152
s_016um_00396_00366-1,-1.1014099
s_016um_00238_00086-1,-1.1769632
s_016um_00371_00139-1,-1.145425
s_016um_00375_00145-1,-1.124672
s_016um_00368_00093-1,-1.1389532
s_016um_00397_00211-1,-1.1230657
s_016um_00354_00288-1,-1.1479592
s_016um_00334_00400-1,-1.0686426
s_016um_00219_00225-1,-1.1472664
s_016um_00210_00029-1,-1.1468158
s_016um_00190_00098-1,-1.1417298
s_016um_00219_00278-1,-1.1349467
s_016um_00226_00334-1,-1.1378856
s_016um_00217_00025-1,-1.092013
s_016um_00088_00073-1,-1.089004
s_016um_00199_00150-1,-1.0514799
s_016um_00149_00400-1,-1.159064
s_016um_00310_00052-1,-1.1011221
s_016um_00042_00177-1,-1.1428108
s_016um_00209_00292-1,-1.119443
s_016um_00320_00230-1,-1.1485436
s_016um_00272_00334-1,-1.1386865
s_016um_00031_00085-1,-1.1550055
s_016um_00084_00037-1,-1.1156963
s_016um_00219_00029-1,-1.1242654
s_016um_00079_00281-1,-1.099438
s_016um_00215_00276-1,-1.0807397
s_016um_00212_00029-1,-1.1796656
s_016um_00041_00211-1,-1.1581023
s_016um_00166_00373-1,-1.2109987
s_016um_00265_00060-1,-1.1140503
s_016um_00027_00089-1,-1.1416086
s_016um_00170_00128-1,-1.2015474
s_016um_00042_00173-1,-1.1326697
s_016um_00210_00289-1,-1.080343
s_016um_00218_00019-1,-1.1548467
s_016um_00376_00135-1,-1.1766274
s_016um_00397_00359-1,-1.0858513
s_016um_00014_00265-1,-1.1723795
s_016um_00079_00246-1,-1.1427107
s_016um_00117_00149-1,-1.1826438
s_016um_00222_00231-1,-1.2021892
s_016um_00262_00185-1,-1.0588448
s_016um_00368_00101-1,-1.1646163
s_016um_00361_00288-1,-1.1920494
s_016um_00238_00084-1,-1.1132815
s_016um_00077_00282-1,-1.1673146
s_016um_00227_00331-1,-1.1112273
s_016um_00077_00247-1,-1.1771672
s_016um_00064_00233-1,-1.1002835
s_016um_00021_00270-1,-1.1411482
s_016um_00081_00196-1,-1.0375004
s_016um_00370_00094-1,-1.1270483
s_016um_00330_00218-1,-1.1010743
s_016um_00348_00021-1,-1.1235877
s_016um_00387_00130-1,-1.2107964
s_016um_00046_00218-1,-1.1025147
s_016um_00326_00165-1,-1.194991
s_016um_00194_00124-1,-1.1204655
s_016um_00372_00101-1,-1.154512
s_016um_00353_00117-1,-1.20594
s_016um_00373_00125-1,-1.1856388
s_016um_00393_00345-1,-0.9010731
s_016um_00135_00077-1,-1.0996531
s_016um_00148_00400-1,-1.1478517
s_016um_00273_00329-1,-0.9814968
s_016um_00279_00209-1,-1.0786701
s_016um_00185_00032-1,-1.0970467
s_016um_00275_00131-1,-1.171314
s_016um_00080_00030-1,-1.1069583
s_016um_00362_00417-1,-1.1484652
s_016um_00289_00098-1,-1.2007593
s_016um_00327_00229-1,-1.1295295
s_016um_00183_00031-1,-1.0891881
s_016um_00387_00299-1,-1.1531281
s_016um_00193_00122-1,-1.1816483
s_016um_00009_00293-1,-1.1793804
s_016um_00184_00030-1,-1.1425108
s_016um_00101_00385-1,-1.1521893
s_016um_00133_00229-1,-1.1788676
s_016um_00132_00318-1,-1.0861951
s_016um_00321_00298-1,-1.2215528
s_016um_00381_00129-1,-1.1500368
s_016um_00094_00339-1,-1.1458112
s_016um_00220_00016-1,-1.1888933
s_016um_00326_00125-1,-1.1873306
s_016um_00358_00094-1,-1.1536003
s_016um_00203_00148-1,-1.2012215
s_016um_00263_00128-1,-1.1644577
s_016um_00354_00417-1,-1.134385
s_016um_00045_00045-1,-1.0863825
s_016um_00367_00121-1,-1.158994
s_016um_00402_00259-1,-1.1541648
s_016um_00401_00128-1,-1.1289904
s_016um_00129_00316-1,-1.0443454
s_016um_00330_00120-1,-1.1441573
s_016um_00357_00096-1,-1.1517414
s_016um_00393_00367-1,-1.1039925
s_016um_00218_00278-1,-1.154207
s_016um_00046_00240-1,-1.1488261
s_016um_00390_00297-1,-1.1065468
s_016um_00253_00027-1,-1.128876
s_016um_00280_00135-1,-1.178751
s_016um_00400_00258-1,-1.1488221
s_016um_00094_00278-1,-1.1297934
s_016um_00389_00337-1,-1.1289276
s_016um_00355_00286-1,-1.2196691
s_016um_00334_00214-1,-1.1055433
s_016um_00037_00100-1,-1.0558171
s_016um_00045_00243-1,-1.0884638
s_016um_00259_00032-1,-1.1382602
s_016um_00244_00082-1,-1.2407966
s_016um_00334_00397-1,-1.1504691
s_016um_00399_00370-1,-1.1197969
s_016um_00218_00029-1,-1.1268932
s_016um_00167_00125-1,-1.1437777
s_016um_00219_00032-1,-1.1566694
s_016um_00011_00213-1,-1.1005974
s_016um_00235_00263-1,-1.1524255
s_016um_00237_00183-1,-1.1436633
s_016um_00412_00105-1,-1.1211796
s_016um_00279_00137-1,-1.093469
s_016um_00014_00213-1,-1.0585757
s_016um_00391_00346-1,-0.8196095
s_016um_00389_00344-1,-1.1297665
s_016um_00258_00032-1,-1.1746002
s_016um_00085_00273-1,-1.0860764
s_016um_00329_00118-1,-1.1260388
s_016um_00042_00239-1,-1.1437708
s_016um_00091_00339-1,-1.107127
s_016um_00332_00256-1,-1.1489801
s_016um_00136_00228-1,-1.1468028
s_016um_00285_00094-1,-1.123992
s_016um_00125_00390-1,-1.1509329
s_016um_00226_00245-1,-1.1374232
s_016um_00146_00016-1,-1.1561029
s_016um_00406_00149-1,-1.1790428
s_016um_00180_00025-1,-1.117084
s_016um_00009_00208-1,-1.1253481
s_016um_00091_00340-1,-1.1008167
s_016um_00326_00120-1,-1.1160454
s_016um_00019_00264-1,-1.174217
s_016um_00395_00182-1,-1.1639278
s_016um_00277_00205-1,-1.1481589
s_016um_00403_00147-1,-1.1244665
s_016um_00181_00032-1,-1.106201
s_016um_00082_00268-1,-1.1635473
s_016um_00177_00031-1,-1.1394722
s_016um_00005_00154-1,-1.1637949
s_016um_00397_00220-1,-1.0520295
s_016um_00321_00163-1,-1.0937126
s_016um_00357_00413-1,-1.1726091
s_016um_00369_00146-1,-1.1019169
s_016um_00038_00206-1,-1.0777057
s_016um_00269_00223-1,-1.1461401
s_016um_00313_00058-1,-1.1104779
s_016um_00377_00134-1,-1.1615889
s_016um_00042_00218-1,-1.1514938
s_016um_00139_00223-1,-1.1798896
s_016um_00015_00270-1,-1.1490135
s_016um_00401_00402-1,-0.92520607
s_016um_00381_00128-1,-1.1061172
s_016um_00263_00129-1,-1.1676384
s_016um_00099_00030-1,-1.1306326
s_016um_00413_00103-1,-1.1979542
s_016um_00011_00211-1,-1.1743038
s_016um_00262_00184-1,-1.1480929
s_016um_00118_00149-1,-1.1045424
s_016um_00006_00213-1,-1.118149
s_016um_00033_00010-1,-1.1076962
s_016um_00237_00087-1,-1.1003146
s_016um_00113_00317-1,-1.1343236
s_016um_00242_00184-1,-1.136251
s_016um_00102_00026-1,-1.158972
s_016um_00390_00361-1,-0.9516746
s_016um_00281_00325-1,-1.1557038
s_016um_00281_00321-1,-0.99734616
s_016um_00398_00365-1,-1.1584975
s_016um_00235_00360-1,-1.1639916
s_016um_00353_00414-1,-0.84801966
s_016um_00088_00069-1,-1.0709385
s_016um_00136_00218-1,-1.0809838
s_016um_00075_00295-1,-1.1027828
s_016um_00231_00360-1,-1.1474384
s_016um_00406_00153-1,-1.1346084
s_016um_00228_00330-1,-1.1379892
s_016um_00368_00095-1,-1.1575962
s_016um_00397_00184-1,-1.1343777
s_016um_00353_00022-1,-1.1148077
s_016um_00182_00031-1,-1.085367
s_016um_00132_00323-1,-1.1071014
s_016um_00317_00166-1,-1.0269976
s_016um_00226_00234-1,-1.1362607
s_016um_00263_00131-1,-1.1879411
s_016um_00254_00021-1,-1.1602222
s_016um_00083_00284-1,-1.1414953
s_016um_00103_00390-1,-1.1883681
s_016um_00266_00055-1,-1.1939696
s_016um_00142_00060-1,-1.0949306
s_016um_00403_00124-1,-1.1786293
s_016um_00076_00299-1,-1.126176
s_016um_00398_00180-1,-1.1926732
s_016um_00011_00301-1,-1.1863388
s_016um_00035_00009-1,-1.1052389
s_016um_00324_00228-1,-1.1094638
s_016um_00270_00226-1,-1.124741
s_016um_00363_00230-1,-1.128283
s_016um_00026_00085-1,-1.100335
s_016um_00356_00289-1,-1.1680377
s_016um_00270_00228-1,-1.1316433
s_016um_00396_00360-1,-1.1110309
s_016um_00277_00048-1,-1.1117315
s_016um_00218_00233-1,-1.178727
s_016um_00280_00319-1,-1.0776206
s_016um_00087_00028-1,-1.1351513
s_016um_00042_00207-1,-1.1325858
s_016um_00078_00235-1,-1.1709309
s_016um_00169_00376-1,-1.1439476
s_016um_00256_00034-1,-1.2036854
s_016um_00082_00266-1,-1.1058731
s_016um_00355_00121-1,-1.016149
s_016um_00223_00248-1,-1.1156118
s_016um_00179_00028-1,-1.1787183
s_016um_00075_00296-1,-1.1669761
s_016um_00261_00188-1,-1.1241093
s_016um_00311_00059-1,-1.1837119
s_016um_00119_00145-1,-1.1089389
s_016um_00083_00029-1,-1.1390182
s_016um_00030_00089-1,-1.0207262
s_016um_00083_00069-1,-1.1504622
s_016um_00291_00095-1,-1.1663322
s_016um_00355_00414-1,-1.0114632
s_016um_00163_00290-1,-1.1350278
s_016um_00229_00261-1,-1.1709331
s_016um_00031_00089-1,-1.1480955
s_016um_00235_00358-1,-1.1081879
s_016um_00273_00223-1,-1.1586506
s_016um_00223_00250-1,-1.1371682
s_016um_00030_00332-1,-1.0974103
s_016um_00403_00396-1,-1.0327913
s_016um_00255_00024-1,-1.1510171
s_016um_00389_00295-1,-1.1234809
s_016um_00238_00360-1,-1.1348171
s_016um_00403_00122-1,-1.2021828
s_016um_00401_00120-1,-1.1681216
s_016um_00058_00242-1,-1.0779868
s_016um_00359_00091-1,-1.1381645
s_016um_00043_00218-1,-1.1453822
s_016um_00039_00045-1,-1.1295557
s_016um_00137_00217-1,-1.1101247
s_016um_00078_00297-1,-1.1499894
s_016um_00337_00403-1,-1.1010035
s_016um_00323_00301-1,-1.1421965
s_016um_00274_00311-1,-1.1639262
s_016um_00274_00133-1,-1.1230311
s_016um_00224_00228-1,-1.1463273
s_016um_00025_00086-1,-1.114086
s_016um_00119_00144-1,-1.033168
s_016um_00223_00231-1,-1.1299932
s_016um_00085_00284-1,-1.1346939
s_016um_00197_00128-1,-1.172252
s_016um_00352_00025-1,-1.1957401
s_016um_00067_00239-1,-1.1685396
s_016um_00211_00030-1,-1.1133193
s_016um_00355_00122-1,-1.1348386
s_016um_00030_00337-1,-1.1397291
s_016um_00078_00281-1,-1.1247314
s_016um_00085_00265-1,-1.139795
s_016um_00046_00216-1,-1.1151174
s_016um_00222_00025-1,-1.0851362
s_016um_00038_00103-1,-1.093494
s_016um_00403_00123-1,-1.14143
s_016um_00227_00334-1,-1.1897897
s_016um_00012_00153-1,-1.0957539
s_016um_00405_00398-1,-0.85140795
s_016um_00084_00032-1,-1.1365792
s_016um_00101_00028-1,-1.1116626
s_016um_00393_00337-1,-1.1162997
s_016um_00147_00401-1,-1.0954456
s_016um_00102_00029-1,-1.1284142
s_016um_00150_00402-1,-1.147585
s_016um_00082_00033-1,-1.1259776
s_016um_00081_00200-1,-1.1280752
s_016um_00148_00397-1,-1.16999
s_016um_00277_00139-1,-1.1449037
s_016um_00356_00021-1,-1.160295
s_016um_00040_00043-1,-1.0994968
s_016um_00195_00093-1,-1.0887625
s_016um_00275_00328-1,-0.938482
s_016um_00082_00293-1,-1.0751182
s_016um_00042_00216-1,-1.1345494
s_016um_00209_00029-1,-1.1278623
s_016um_00039_00203-1,-1.0778987
s_016um_00414_00141-1,-1.2146268
s_016um_00347_00212-1,-1.1547612
s_016um_00045_00209-1,-1.1423066
s_016um_00093_00334-1,-1.1281488
s_016um_00275_00130-1,-1.1004392
s_016um_00220_00026-1,-1.1181948
s_016um_00273_00035-1,-1.0938989
s_016um_00407_00395-1,-1.187064
s_016um_00359_00291-1,-1.1196903
s_016um_00167_00376-1,-1.1020507
s_016um_00260_00134-1,-1.1633136
s_016um_00078_00237-1,-1.1549499
s_016um_00392_00357-1,-0.78927517
s_016um_00128_00384-1,-1.1253952
s_016um_00087_00029-1,-1.1294632
s_016um_00374_00140-1,-1.1343002
s_016um_00243_00087-1,-1.184304
s_016um_00082_00264-1,-1.1359141
s_016um_00271_00228-1,-1.1035252
s_016um_00036_00006-1,-1.1401263
s_016um_00079_00282-1,-1.1438833
s_016um_00045_00219-1,-1.1157639
s_016um_00157_00292-1,-1.1444296
s_016um_00135_00219-1,-1.1460488
s_016um_00268_00226-1,-1.1370076
s_016um_00036_00005-1,-1.0919689
s_016um_00057_00247-1,-1.1154785
s_016um_00131_00231-1,-1.1201171
s_016um_00207_00148-1,-1.1237254
s_016um_00342_00220-1,-1.0986423
s_016um_00266_00062-1,-1.1747222
s_016um_00219_00171-1,-1.1178737
s_016um_00267_00134-1,-1.1361854
s_016um_00136_00072-1,-1.1209975
s_016um_00366_00143-1,-1.1777487
s_016um_00404_00121-1,-1.1100291
s_016um_00230_00248-1,-1.1676576
s_016um_00400_00367-1,-1.1358622
s_016um_00248_00024-1,-1.036101
s_016um_00401_00122-1,-1.0820726
s_016um_00224_00331-1,-1.1183089
s_016um_00025_00091-1,-1.0787847
s_016um_00237_00089-1,-1.1944716
s_016um_00066_00127-1,-1.109714
s_016um_00140_00054-1,-1.1187541
s_016um_00077_00298-1,-1.1718041
s_016um_00214_00035-1,-1.1546775
s_016um_00395_00341-1,-1.1513957
s_016um_00321_00165-1,-1.1155021
s_016um_00010_00294-1,-1.1285604
s_016um_00172_00125-1,-1.1449997
s_016um_00148_00399-1,-1.1288687
s_016um_00100_00028-1,-1.1190813
s_016um_00329_00119-1,-1.1413118
s_016um_00040_00044-1,-1.1829373
s_016um_00353_00120-1,-1.0960673
s_016um_00077_00294-1,-1.088768
s_016um_00122_00151-1,-1.1362844
s_016um_00128_00093-1,-1.1283371
s_016um_00130_00383-1,-1.1625389
s_016um_00273_00316-1,-1.007405
s_016um_00388_00128-1,-1.1350352
s_016um_00324_00297-1,-1.0513008
s_016um_00148_00058-1,-1.1356255
s_016um_00060_00245-1,-1.1666578
s_016um_00250_00023-1,-1.2412162
s_016um_00275_00207-1,-1.1254369
s_016um_00212_00032-1,-1.185074
s_016um_00224_00247-1,-1.1543572
s_016um_00036_00105-1,-1.0580556
s_016um_00376_00123-1,-1.1558894
s_016um_00269_00029-1,-1.1755327
s_016um_00394_00340-1,-1.1171579
s_016um_00396_00365-1,-1.1153302
s_016um_00139_00070-1,-1.1389103
s_016um_00352_00018-1,-1.1779484
s_016um_00032_00329-1,-1.1423334
s_016um_00263_00330-1,-1.1096997
s_016um_00228_00329-1,-1.1316543
s_016um_00364_00095-1,-1.1727983
s_016um_00180_00026-1,-1.1756235
s_016um_00189_00122-1,-1.1324601
s_016um_00134_00076-1,-1.1344132
s_016um_00325_00121-1,-1.1373748
s_016um_00093_00027-1,-1.0986745
s_016um_00216_00033-1,-1.1761032
s_016um_00079_00297-1,-1.1573459
s_016um_00239_00184-1,-1.1423693
s_016um_00323_00164-1,-1.2147808
s_016um_00410_00097-1,-1.1096486
s_016um_00102_00390-1,-1.1661713
s_016um_00281_00316-1,-1.1456424
s_016um_00393_00342-1,-1.1064674
s_016um_00122_00147-1,-1.1210289
s_016um_00397_00257-1,-1.1440344
s_016um_00357_00412-1,-1.0779632
s_016um_00222_00232-1,-1.148474
s_016um_00285_00096-1,-1.1739675
s_016um_00273_00045-1,-1.184136
s_016um_00022_00265-1,-1.1184566
s_016um_00369_00122-1,-1.104049
s_016um_00044_00212-1,-1.1555389
s_016um_00086_00273-1,-1.163942
s_016um_00137_00318-1,-1.0359733
s_016um_00400_00219-1,-1.1170495
s_016um_00092_00268-1,-1.1507636
s_016um_00042_00244-1,-1.1585875
s_016um_00227_00237-1,-1.1495333
s_016um_00178_00026-1,-1.1512022
s_016um_00398_00212-1,-1.1158869
s_016um_00273_00229-1,-1.2069451
s_016um_00328_00305-1,-1.0959406
s_016um_00044_00172-1,-1.066721
s_016um_00064_00133-1,-1.0103226
s_016um_00067_00130-1,-1.0403106
s_016um_00356_00095-1,-1.1464932
s_016um_00407_00098-1,-1.1506245
s_016um_00230_00247-1,-1.1289223
s_016um_00368_00226-1,-1.0991294
s_016um_00361_00286-1,-1.1773283
s_016um_00073_00245-1,-1.1860434
s_016um_00286_00100-1,-1.1425163
s_016um_00321_00167-1,-1.1773965
s_016um_00092_00339-1,-1.178226
s_016um_00406_00148-1,-1.186331
s_016um_00223_00167-1,-1.151218
s_016um_00324_00122-1,-1.1642855
s_016um_00365_00222-1,-1.1490003
s_016um_00340_00213-1,-1.0887607
s_016um_00367_00228-1,-1.1545603
s_016um_00259_00186-1,-1.1817386
s_016um_00219_00168-1,-1.1665057
s_016um_00152_00402-1,-1.1159961
s_016um_00018_00264-1,-1.1778415
s_016um_00414_00105-1,-1.1489121
s_016um_00105_00068-1,-1.1163661
s_016um_00041_00240-1,-1.0738126
s_016um_00055_00242-1,-1.1832343
s_016um_00047_00207-1,-1.1559038
s_016um_00371_00123-1,-1.1535542
s_016um_00407_00399-1,-0.89942956
s_016um_00080_00285-1,-1.107768
s_016um_00277_00322-1,-1.1389893
s_016um_00037_00177-1,-1.101288
s_016um_00335_00403-1,-1.0947903
s_016um_00225_00237-1,-1.1162165
s_016um_00325_00300-1,-1.119832
s_016um_00008_00212-1,-1.0783623
s_016um_00358_00417-1,-1.0937214
s_016um_00259_00192-1,-1.1439573
s_016um_00036_00178-1,-1.1527908
s_016um_00215_00011-1,-1.1573226
s_016um_00365_00225-1,-1.0943149
s_016um_00028_00090-1,-1.078314
s_016um_00083_00198-1,-1.1093937
s_016um_00090_00270-1,-1.1449347
s_016um_00038_00049-1,-1.1388545
s_016um_00397_00217-1,-1.1332783
s_016um_00012_00294-1,-1.1603923
s_016um_00084_00071-1,-1.1138128
s_016um_00017_00264-1,-1.1317716
s_016um_00105_00388-1,-1.2155032
s_016um_00127_00385-1,-0.97388285
s_016um_00169_00128-1,-1.1557397
s_016um_00207_00151-1,-1.2113799
s_016um_00228_00236-1,-1.094972
s_016um_00239_00191-1,-1.2031932
s_016um_00151_00402-1,-1.140017
s_016um_00408_00150-1,-1.2135136
s_016um_00190_00125-1,-1.1452916
s_016um_00353_00122-1,-1.1099148
s_016um_00398_00179-1,-1.1621566
s_016um_00356_00089-1,-1.1239039
s_016um_00090_00336-1,-1.1272233
s_016um_00079_00197-1,-1.1014751
s_016um_00314_00055-1,-1.1555133
s_016um_00270_00060-1,-1.1614945
s_016um_00201_00151-1,-1.1725417
s_016um_00097_00068-1,-1.0940846
s_016um_00235_00088-1,-1.1782744
s_016um_00134_00073-1,-1.1545585
s_016um_00045_00203-1,-1.129369
s_016um_00087_00273-1,-1.1509213
s_016um_00336_00396-1,-1.1007098
s_016um_00336_00404-1,-1.1035314
s_016um_00272_00046-1,-1.1703324
s_016um_00279_00205-1,-1.1090618
s_016um_00253_00029-1,-1.1054146
s_016um_00133_00074-1,-1.1266814
s_016um_00281_00329-1,-1.1139241
s_016um_00348_00024-1,-1.1455884
s_016um_00039_00208-1,-1.1489155
s_016um_00006_00208-1,-1.1372048
s_016um_00041_00243-1,-1.0836226
s_016um_00227_00327-1,-1.1749644
s_016um_00400_00368-1,-1.151114
s_016um_00383_00134-1,-1.1945105
s_016um_00109_00387-1,-1.1280683
s_016um_00134_00226-1,-1.143747
s_016um_00389_00130-1,-1.1681308
s_016um_00272_00227-1,-1.1248391
s_016um_00218_00282-1,-1.1219993
s_016um_00369_00143-1,-1.1346711
s_016um_00212_00292-1,-1.0537405
s_016um_00194_00127-1,-1.2401254
s_016um_00220_00281-1,-1.1160299
s_016um_00054_00248-1,-1.0985882
s_016um_00195_00097-1,-1.2029761
s_016um_00220_00279-1,-1.173431
s_016um_00087_00198-1,-1.1801488
s_016um_00264_00189-1,-1.0881968
s_016um_00060_00250-1,-1.0987104
s_016um_00133_00233-1,-1.1538191
s_016um_00230_00359-1,-1.1199219
s_016um_00079_00285-1,-1.1450312
s_016um_00395_00216-1,-1.140351
s_016um_00214_00031-1,-1.1998696
s_016um_00005_00156-1,-1.1174213
s_016um_00392_00294-1,-1.142741
s_016um_00354_00287-1,-1.1563652
s_016um_00279_00201-1,-1.1216142
s_016um_00045_00217-1,-1.1270026
s_016um_00226_00239-1,-1.1182721
s_016um_00366_00094-1,-1.1703738
s_016um_00274_00329-1,-0.9898636
s_016um_00413_00138-1,-1.1452875
s_016um_00373_00124-1,-1.0982716
s_016um_00275_00223-1,-1.1021073
s_016um_00128_00090-1,-0.88967705
s_016um_00036_00009-1,-1.1667993
s_016um_00274_00131-1,-1.1646458
s_016um_00131_00388-1,-1.1738687
s_016um_00230_00331-1,-0.8564869
s_016um_00097_00341-1,-1.1889786
s_016um_00079_00250-1,-1.1863241
s_016um_00320_00302-1,-1.1397011
s_016um_00015_00268-1,-1.1742976
s_016um_00084_00269-1,-1.1382667
s_016um_00275_00327-1,-1.0195656
s_016um_00265_00329-1,-1.0953484
s_016um_00046_00242-1,-1.1344963
s_016um_00088_00270-1,-1.1286079
s_016um_00263_00185-1,-0.972999
s_016um_00037_00097-1,-1.1023389
s_016um_00076_00297-1,-1.0912102
s_016um_00068_00235-1,-1.0720243
s_016um_00309_00058-1,-1.1456466
s_016um_00219_00031-1,-1.1712916
s_016um_00261_00028-1,-1.1097821
s_016um_00370_00122-1,-1.1130762
s_016um_00227_00239-1,-1.1651715
s_016um_00369_00102-1,-1.1009952
s_016um_00145_00014-1,-1.1311742
s_016um_00354_00020-1,-1.175036
s_016um_00211_00032-1,-1.1238717
s_016um_00089_00268-1,-1.1558694
s_016um_00386_00297-1,-1.1926264
s_016um_00081_00237-1,-1.1470939
s_016um_00262_00058-1,-1.2248034
s_016um_00123_00147-1,-1.1707476
s_016um_00239_00086-1,-1.1735141
s_016um_00080_00284-1,-1.1488656
s_016um_00220_00011-1,-1.179466
s_016um_00033_00085-1,-1.1080518
s_016um_00267_00029-1,-1.0869936
s_016um_00080_00278-1,-1.1997012
s_016um_00404_00122-1,-1.1202797
s_016um_00220_00029-1,-1.1398594
s_016um_00223_00335-1,-1.1394488
s_016um_00235_00267-1,-1.1077882
s_016um_00091_00268-1,-1.1514906
s_016um_00033_00007-1,-1.1315644
s_016um_00010_00151-1,-1.1393552
s_016um_00184_00026-1,-1.1199558
s_016um_00067_00127-1,-1.0819926
s_016um_00090_00271-1,-1.1123961
s_016um_00029_00085-1,-1.0396688
s_016um_00022_00271-1,-1.0714105
s_016um_00262_00334-1,-1.1563567
s_016um_00358_00118-1,-1.1498413
s_016um_00243_00086-1,-1.1660769
s_016um_00325_00299-1,-1.1936704
s_016um_00031_00092-1,-1.0789772
s_016um_00229_00243-1,-1.1361593
s_016um_00355_00113-1,-1.1848016
s_016um_00369_00230-1,-1.1401998
s_016um_00394_00356-1,-0.8857862
s_016um_00074_00247-1,-1.1953623
s_016um_00079_00269-1,-1.1097968
s_016um_00278_00313-1,-1.1382146
s_016um_00080_00299-1,-1.1420078
s_016um_00394_00345-1,-0.9480041
s_016um_00141_00219-1,-1.1207355
s_016um_00312_00053-1,-1.1326622
s_016um_00266_00130-1,-1.0811044
s_016um_00096_00271-1,-1.1618673
s_016um_00089_00073-1,-1.0703833
s_016um_00040_00102-1,-1.0164249
s_016um_00169_00375-1,-1.1866754
s_016um_00408_00397-1,-0.906058
s_016um_00034_00334-1,-1.1694773
s_016um_00342_00399-1,-1.2086874
s_016um_00231_00361-1,-1.1667206
s_016um_00142_00019-1,-1.0930675
s_016um_00354_00091-1,-1.1754023
s_016um_00157_00291-1,-1.1697308
s_016um_00357_00091-1,-1.0745288
s_016um_00321_00168-1,-1.182921
s_016um_00191_00122-1,-1.0879523
s_016um_00137_00215-1,-0.98902994
s_016um_00403_00127-1,-1.0789568
s_016um_00258_00190-1,-1.1485674
s_016um_00054_00245-1,-1.0965418
s_016um_00351_00026-1,-1.075461
s_016um_00347_00213-1,-1.1778638
s_016um_00086_00068-1,-1.0920535
s_016um_00351_00094-1,-1.1326244
s_016um_00212_00033-1,-1.0578696
s_016um_00103_00387-1,-1.1985912
s_016um_00263_00186-1,-1.0694697
s_016um_00354_00119-1,-1.1467339
s_016um_00231_00359-1,-1.0804129
s_016um_00020_00269-1,-1.0989474
s_016um_00271_00034-1,-1.1905656
s_016um_00339_00398-1,-1.1519902
s_016um_00275_00205-1,-1.1598648
s_016um_00361_00418-1,-1.1247253
s_016um_00221_00231-1,-1.1397945
s_016um_00045_00212-1,-1.1843377
s_016um_00048_00218-1,-1.0646076
s_016um_00248_00021-1,-0.9439957
s_016um_00190_00094-1,-1.1947722
s_016um_00402_00258-1,-1.2014214
s_016um_00060_00247-1,-1.1253392
s_016um_00402_00403-1,-0.64108217
s_016um_00196_00128-1,-1.1355786
s_016um_00106_00315-1,-1.1869831
s_016um_00149_00397-1,-1.1611407
s_016um_00226_00242-1,-1.1138873
s_016um_00075_00294-1,-1.1323913
s_016um_00352_00023-1,-1.1376883
s_016um_00326_00167-1,-1.1172041
s_016um_00223_00328-1,-1.13814
s_016um_00274_00228-1,-1.1530112
s_016um_00192_00126-1,-1.1789312
s_016um_00393_00295-1,-1.1476582
s_016um_00225_00250-1,-1.1372237
s_016um_00381_00138-1,-1.1095762
s_016um_00225_00026-1,-1.2053468
s_016um_00402_00369-1,-1.1488999
s_016um_00106_00318-1,-1.1418989
s_016um_00220_00276-1,-1.1352947
s_016um_00407_00146-1,-1.116297
s_016um_00382_00137-1,-1.0264338
s_016um_00329_00122-1,-1.149851
s_016um_00152_00395-1,-1.1661884
s_016um_00387_00341-1,-1.1217604
s_016um_00327_00215-1,-1.0933025
s_016um_00273_00031-1,-1.2185934
s_016um_00272_00049-1,-1.2236347
s_016um_00100_00387-1,-1.1223272
s_016um_00083_00293-1,-1.1170563
s_016um_00407_00148-1,-1.1345373
s_016um_00263_00133-1,-1.1975058
s_016um_00165_00123-1,-1.0890803
s_016um_00086_00283-1,-1.130343
s_016um_00407_00403-1,-0.81695986
s_016um_00368_00102-1,-1.1676011
s_016um_00066_00125-1,-1.0935363
s_016um_00141_00062-1,-1.2020321
s_016um_00040_00040-1,-1.095348
s_016um_00267_00129-1,-1.0601618
s_016um_00215_00290-1,-1.0857106
s_016um_00227_00236-1,-1.151021
s_016um_00157_00289-1,-1.1757619
s_016um_00210_00297-1,-1.0789913
s_016um_00207_00147-1,-1.1041284
s_016um_00142_00021-1,-1.1467178
s_016um_00196_00097-1,-1.1291717
s_016um_00330_00122-1,-1.1496648
s_016um_00034_00330-1,-1.1743568
s_016um_00397_00182-1,-1.1405668
s_016um_00081_00264-1,-1.1218638
s_016um_00240_00083-1,-1.1775652
s_016um_00127_00382-1,-1.1159412
s_016um_00322_00304-1,-1.140689
s_016um_00185_00027-1,-1.1329775
s_016um_00062_00133-1,-1.1308585
s_016um_00236_00360-1,-1.1003766
s_016um_00265_00331-1,-1.1245613
s_016um_00044_00173-1,-1.0499284
s_016um_00027_00336-1,-1.1189914
s_016um_00019_00268-1,-1.1658958
s_016um_00034_00003-1,-1.1536113
s_016um_00029_00084-1,-1.1222262
s_016um_00061_00249-1,-1.160458
s_016um_00033_00335-1,-1.1694932
s_016um_00007_00295-1,-1.1202192
s_016um_00418_00140-1,-1.1556473
s_016um_00355_00412-1,-1.0706338
s_016um_00042_00211-1,-1.1081024
s_016um_00130_00089-1,-1.12598
s_016um_00104_00385-1,-1.2009658
s_016um_00401_00121-1,-1.130043
s_016um_00417_00139-1,-1.123276
s_016um_00132_00094-1,-1.0773039
s_016um_00269_00333-1,-1.1458018
s_016um_00194_00122-1,-1.1103688
s_016um_00279_00048-1,-1.0628211
s_016um_00217_00032-1,-1.1684128
s_016um_00211_00027-1,-1.1549163
s_016um_00326_00169-1,-1.0256376
s_016um_00096_00339-1,-1.1713257
s_016um_00010_00211-1,-1.1273812
s_016um_00321_00228-1,-1.1223353
s_016um_00312_00060-1,-1.112323
s_016um_00092_00338-1,-1.1287749
s_016um_00134_00074-1,-1.1546234
s_016um_00327_00217-1,-1.1251569
s_016um_00164_00288-1,-1.0335956
s_016um_00046_00237-1,-1.10335
s_016um_00083_00031-1,-1.1167341
s_016um_00335_00258-1,-1.1140159
s_016um_00388_00129-1,-1.1205403
s_016um_00181_00024-1,-1.1106287
s_016um_00390_00345-1,-1.083724
s_016um_00322_00298-1,-1.1412871
s_016um_00219_00235-1,-1.1903168
s_016um_00372_00142-1,-1.0690327
s_016um_00372_00117-1,-1.1292166
s_016um_00231_00261-1,-1.1481161
s_016um_00360_00294-1,-1.1269608
s_016um_00390_00337-1,-1.2097961
s_016um_00045_00237-1,-1.1222427
s_016um_00259_00185-1,-0.9167721
s_016um_00395_00372-1,-1.0923163
s_016um_00267_00062-1,-1.1031296
s_016um_00151_00399-1,-1.1603189
s_016um_00153_00397-1,-1.1815424
s_016um_00270_00335-1,-1.1613451
s_016um_00324_00166-1,-1.2017033
s_016um_00224_00236-1,-1.1057357
s_016um_00399_00361-1,-1.134571
s_016um_00354_00023-1,-1.2652647
s_016um_00279_00329-1,-1.1654583
s_016um_00221_00170-1,-1.106612
s_016um_00233_00362-1,-1.1293536
s_016um_00222_00239-1,-1.1450465
s_016um_00189_00091-1,-1.1804352
s_016um_00078_00299-1,-1.1667401
s_016um_00007_00301-1,-1.1260622
s_016um_00268_00330-1,-1.0792239
s_016um_00289_00095-1,-1.1902833
s_016um_00281_00136-1,-1.0818833
s_016um_00410_00103-1,-1.1963525
s_016um_00278_00326-1,-1.1614374
s_016um_00137_00076-1,-1.1154771
s_016um_00041_00215-1,-0.9804115
s_016um_00193_00097-1,-1.1125526
s_016um_00095_00336-1,-1.1226999
s_016um_00095_00317-1,-1.1633058
s_016um_00244_00084-1,-1.1694292
s_016um_00393_00183-1,-1.115111
s_016um_00224_00170-1,-1.1460632
s_016um_00341_00220-1,-1.1708677
s_016um_00036_00008-1,-1.1001011
s_016um_00128_00385-1,-1.1499927
s_016um_00224_00232-1,-1.1186508
s_016um_00129_00232-1,-1.1229721
s_016um_00138_00021-1,-1.1150128
s_016um_00410_00104-1,-1.1781498
s_016um_00122_00148-1,-1.1358113
s_016um_00082_00282-1,-1.1686729
s_016um_00094_00027-1,-1.1319577
s_016um_00235_00359-1,-1.120457
s_016um_00325_00126-1,-1.2518221
s_016um_00277_00138-1,-1.2152528
s_016um_00171_00375-1,-1.1223723
s_016um_00199_00151-1,-1.1418827
s_016um_00356_00122-1,-1.12844
s_016um_00192_00096-1,-1.1654513
s_016um_00404_00150-1,-1.1113268
s_016um_00266_00134-1,-1.1508387
s_016um_00224_00245-1,-1.1586245
s_016um_00347_00219-1,-1.124214
s_016um_00380_00131-1,-1.1837716
s_016um_00091_00275-1,-1.1560411
s_016um_00217_00010-1,-1.1097264
s_016um_00220_00014-1,-1.1449257
s_016um_00336_00402-1,-1.1178268
s_016um_00352_00026-1,-1.1940497
s_016um_00085_00195-1,-1.1254194
s_016um_00399_00372-1,-1.1404049
s_016um_00129_00226-1,-1.1329441
s_016um_00394_00295-1,-1.1297994
s_016um_00054_00243-1,-1.0962956
s_016um_00117_00146-1,-1.0735853
s_016um_00275_00324-1,-1.1206272
s_016um_00326_00230-1,-1.1199718
s_016um_00335_00398-1,-1.1229556
s_016um_00371_00138-1,-1.1676375
s_016um_00194_00094-1,-1.1342529
s_016um_00037_00174-1,-1.0985048
s_016um_00257_00187-1,-1.1791254
s_016um_00096_00272-1,-1.1377996
s_016um_00104_00383-1,-1.141637
s_016um_00400_00124-1,-1.1742312
s_016um_00139_00222-1,-1.1225524
s_016um_00273_00131-1,-1.2058406
s_016um_00220_00032-1,-1.1655233
s_016um_00079_00239-1,-1.1292768
s_016um_00360_00416-1,-1.1548104
s_016um_00011_00153-1,-1.0496533
s_016um_00322_00163-1,-1.1784972
s_016um_00042_00242-1,-1.1325296
s_016um_00413_00105-1,-1.1256298
s_016um_00220_00224-1,-1.1663638
s_016um_00369_00101-1,-1.1557941
s_016um_00061_00246-1,-1.1460675
s_016um_00043_00208-1,-1.1792859
s_016um_00048_00214-1,-1.1130732
s_016um_00179_00030-1,-1.1093899
s_016um_00193_00092-1,-1.1743091
s_016um_00398_00370-1,-1.123157
s_016um_00406_00397-1,-1.0021137
s_016um_00043_00215-1,-1.1660784
s_016um_00408_00105-1,-1.0992644
s_016um_00358_00411-1,-1.114499
s_016um_00246_00083-1,-1.2285659
s_016um_00080_00033-1,-1.0911665
s_016um_00395_00366-1,-1.139743
s_016um_00363_00224-1,-1.1706743
s_016um_00225_00170-1,-1.1035346
s_016um_00241_00089-1,-1.1396117
s_016um_00028_00085-1,-1.1099341
s_016um_00194_00128-1,-1.1819042
s_016um_00228_00245-1,-1.1293919
s_016um_00413_00101-1,-1.0744216
s_016um_00393_00179-1,-1.122737
s_016um_00217_00231-1,-1.1460257
s_016um_00262_00337-1,-1.1017176
s_016um_00369_00142-1,-1.1499488
s_016um_00233_00358-1,-1.1034638
s_016um_00115_00146-1,-1.214815
s_016um_00039_00172-1,-1.0857443
s_016um_00108_00390-1,-1.1495355
s_016um_00270_00029-1,-1.1244692
s_016um_00085_00200-1,-1.1481242
s_016um_00370_00118-1,-1.1907169
s_016um_00136_00222-1,-0.91951
s_016um_00089_00278-1,-1.1562591
s_016um_00214_00011-1,-1.0779113
s_016um_00267_00331-1,-1.1119938
s_016um_00088_00065-1,-1.0429
s_016um_00235_00189-1,-1.11704
s_016um_00236_00093-1,-1.1934384
s_016um_00335_00404-1,-1.1061891
s_016um_00192_00127-1,-1.1352819
s_016um_00358_00294-1,-1.1511422
s_016um_00090_00276-1,-1.1472679
s_016um_00224_00226-1,-1.133626
s_016um_00147_00059-1,-1.1204168
s_016um_00041_00041-1,-1.0966717
s_016um_00116_00151-1,-1.1534163
s_016um_00208_00291-1,-1.1660798
s_016um_00097_00066-1,-1.1097779
s_016um_00085_00032-1,-1.1820428
s_016um_00364_00226-1,-1.1541768
s_016um_00104_00390-1,-1.1532259
s_016um_00089_00272-1,-1.1340452
s_016um_00098_00070-1,-1.1194017
s_016um_00224_00235-1,-1.1101924
s_016um_00168_00128-1,-1.139875
s_016um_00223_00234-1,-1.1394546
s_016um_00109_00321-1,-0.65075576
s_016um_00067_00133-1,-1.0698341
s_016um_00067_00234-1,-1.0762565
s_016um_00222_00327-1,-1.1508818
s_016um_00097_00070-1,-1.0942324
s_016um_00366_00098-1,-1.1813169
s_016um_00396_00181-1,-1.1447667
s_016um_00133_00073-1,-1.1562259
s_016um_00094_00315-1,-1.1449976
s_016um_00219_00282-1,-1.1133441
s_016um_00059_00243-1,-1.1396761
s_016um_00403_00119-1,-1.1712863
s_016um_00321_00299-1,-1.14881
s_016um_00082_00243-1,-1.125676
s_016um_00415_00135-1,-1.200345
s_016um_00255_00029-1,-1.178129
s_016um_00321_00162-1,-1.2184763
s_016um_00137_00229-1,-1.128984
s_016um_00039_00044-1,-1.1084485
s_016um_00247_00087-1,-1.1086648
s_016um_00368_00139-1,-1.1869776
s_016um_00283_00325-1,-1.1163462
s_016um_00066_00237-1,-1.1545949
s_016um_00325_00118-1,-1.0185835
s_016um_00006_00299-1,-1.1367579
s_016um_00219_00024-1,-1.1521583
s_016um_00266_00054-1,-1.1978323
s_016um_00262_00135-1,-1.2492384
s_016um_00117_00144-1,-1.2091309
s_016um_00128_00087-1,-1.1616513
s_016um_00239_00085-1,-1.1302186
s_016um_00015_00271-1,-1.1636425
s_016um_00166_00125-1,-1.1680758
s_016um_00334_00401-1,-1.038076
s_016um_00396_00215-1,-1.0996469
s_016um_00404_00124-1,-1.1850526
s_016um_00358_00290-1,-1.1671643
s_016um_00338_00399-1,-1.1102756
s_016um_00214_00015-1,-1.1279444
s_016um_00035_00006-1,-1.0895033
s_016um_00399_00219-1,-1.2106732
s_016um_00168_00374-1,-1.1727544
s_016um_00344_00214-1,-1.1654662
s_016um_00140_00060-1,-1.0973698
s_016um_00231_00354-1,-1.1052155
s_016um_00225_00246-1,-1.1594187
s_016um_00216_00172-1,-1.1773851
s_016um_00101_00026-1,-1.1465585
s_016um_00146_00395-1,-1.0939332
s_016um_00401_00401-1,-0.6980455
s_016um_00331_00250-1,-1.1709148
s_016um_00395_00364-1,-1.0963858
s_016um_00396_00256-1,-1.1533595
s_016um_00242_00188-1,-1.1366136
s_016um_00085_00266-1,-1.1323594
s_016um_00274_00204-1,-1.1101792
s_016um_00307_00059-1,-1.1210442
s_016um_00087_00270-1,-1.1414775
s_016um_00345_00217-1,-1.1610752
s_016um_00278_00207-1,-1.1543
s_016um_00272_00223-1,-1.1233065
s_016um_00397_00358-1,-1.14568
s_016um_00371_00097-1,-1.1453792
s_016um_00083_00028-1,-1.1223496
s_016um_00080_00269-1,-1.177752
s_016um_00231_00088-1,-1.1085616
s_016um_00031_00086-1,-1.178264
s_016um_00107_00391-1,-1.1504428
s_016um_00337_00397-1,-1.0920743
s_016um_00170_00378-1,-1.1853749
s_016um_00130_00225-1,-1.1634316
s_016um_00259_00133-1,-1.1537248
s_016um_00134_00231-1,-1.148991
s_016um_00082_00272-1,-1.1404802
s_016um_00053_00246-1,-1.1778944
s_016um_00353_00121-1,-1.1998429
s_016um_00230_00262-1,-1.1955819
s_016um_00083_00034-1,-1.0660902
s_016um_00275_00206-1,-1.130067
s_016um_00102_00073-1,-1.1178074
s_016um_00007_00210-1,-1.1209741
s_016um_00200_00149-1,-1.1148424
s_016um_00399_00366-1,-1.1277975
s_016um_00093_00340-1,-1.1702273
s_016um_00281_00133-1,-1.200832
s_016um_00041_00099-1,-1.1303436
s_016um_00388_00337-1,-1.0856277
s_016um_00264_00057-1,-1.1289085
s_016um_00352_00114-1,-1.1327462
s_016um_00013_00298-1,-1.138021
s_016um_00261_00333-1,-1.140762
s_016um_00265_00056-1,-1.1807809
s_016um_00091_00272-1,-1.1225469
s_016um_00166_00126-1,-1.1754597
s_016um_00388_00130-1,-1.161991
s_016um_00335_00254-1,-1.1271418
s_016um_00395_00179-1,-1.1532596
s_016um_00411_00096-1,-1.1265508
s_016um_00219_00277-1,-1.1859316
s_016um_00043_00206-1,-1.1971549
s_016um_00128_00382-1,-1.1710795
s_016um_00139_00055-1,-1.1212667
s_016um_00263_00056-1,-1.1613249
s_016um_00222_00166-1,-1.2385887
s_016um_00277_00208-1,-1.1573062
s_016um_00159_00286-1,-1.2384356
s_016um_00344_00220-1,-1.0564132
s_016um_00331_00211-1,-1.1273321
s_016um_00407_00151-1,-1.1418018
s_016um_00136_00317-1,-0.9485687
s_016um_00370_00121-1,-1.1802441
s_016um_00402_00122-1,-1.227963
s_016um_00375_00136-1,-1.1749204
s_016um_00284_00092-1,-1.1889222
s_016um_00105_00389-1,-1.195514
s_016um_00282_00323-1,-1.0953734
s_016um_00212_00289-1,-1.1236931
s_016um_00076_00248-1,-1.1107297
s_016um_00040_00208-1,-1.116746
s_016um_00084_00285-1,-1.1262918
s_016um_00194_00096-1,-1.1460408
s_016um_00361_00226-1,-1.1158841
s_016um_00272_00230-1,-1.1568339
s_016um_00217_00277-1,-1.1220844
s_016um_00012_00296-1,-1.1435628
s_016um_00223_00327-1,-1.1275014
s_016um_00224_00250-1,-1.1214565
s_016um_00277_00131-1,-1.205295
s_016um_00274_00315-1,-1.0743752
s_016um_00218_00225-1,-1.1007173
s_016um_00153_00399-1,-1.1338887
s_016um_00150_00401-1,-1.133691
s_016um_00413_00137-1,-1.1781648
s_016um_00274_00136-1,-1.1103035
s_016um_00322_00232-1,-1.2081316
s_016um_00084_00027-1,-1.1725445
s_016um_00101_00024-1,-1.1319048
s_016um_00218_00276-1,-1.1446077
s_016um_00349_00024-1,-1.2220622
s_016um_00272_00030-1,-1.1356119
s_016um_00215_00018-1,-1.1375893
s_016um_00258_00184-1,-1.076089
s_016um_00067_00126-1,-1.0936065
s_016um_00386_00298-1,-1.126871
s_016um_00217_00030-1,-1.0838469
s_016um_00007_00209-1,-1.0877663
s_016um_00095_00030-1,-1.1660401
s_016um_00007_00294-1,-1.139556
s_016um_00252_00027-1,-1.0809579
s_016um_00276_00136-1,-1.1993583
s_016um_00357_00418-1,-0.9777217
s_016um_00092_00317-1,-1.0967478
s_016um_00398_00261-1,-1.1722432
s_016um_00335_00216-1,-1.0354189
s_016um_00398_00372-1,-1.1560388
s_016um_00210_00031-1,-1.1291164
s_016um_00211_00033-1,-1.1638117
s_016um_00382_00133-1,-1.0764409
s_016um_00165_00124-1,-1.1351402
s_016um_00321_00304-1,-1.1075922
s_016um_00078_00239-1,-1.16648
s_016um_00039_00049-1,-1.2144548
s_016um_00100_00066-1,-1.0858625
s_016um_00065_00230-1,-1.1325444
s_016um_00079_00267-1,-1.1642917
s_016um_00039_00104-1,-1.1865412
s_016um_00358_00095-1,-1.1357827
s_016um_00358_00093-1,-1.0975147
s_016um_00042_00209-1,-1.1556226
s_016um_00117_00150-1,-1.1498903
s_016um_00265_00034-1,-1.1133617
s_016um_00044_00177-1,-1.1082991
s_016um_00341_00216-1,-1.1477356
s_016um_00387_00339-1,-1.1343704
s_016um_00146_00396-1,-1.1870463
s_016um_00129_00087-1,-1.2230909
s_016um_00368_00098-1,-1.0623671
s_016um_00395_00177-1,-1.1330962
s_016um_00274_00130-1,-1.1864417
s_016um_00355_00019-1,-1.2160666
s_016um_00367_00095-1,-1.1488571
s_016um_00356_00116-1,-1.1509748
s_016um_00126_00092-1,-1.0057235
s_016um_00367_00143-1,-1.0993592
s_016um_00097_00024-1,-1.122981
s_016um_00080_00271-1,-1.1088368
s_016um_00088_00071-1,-1.0371408
s_016um_00057_00249-1,-1.1755356
s_016um_00039_00206-1,-1.1379749
s_016um_00011_00207-1,-1.009627
s_016um_00267_00334-1,-1.1818489
s_016um_00236_00186-1,-1.1494894
s_016um_00139_00017-1,-1.1359825
s_016um_00020_00267-1,-1.1845894
s_016um_00092_00274-1,-1.1555951
s_016um_00088_00035-1,-1.111094
s_016um_00411_00098-1,-1.1377504
s_016um_00354_00413-1,-0.9130632
s_016um_00239_00089-1,-1.1502277
s_016um_00353_00094-1,-1.1836745
s_016um_00177_00026-1,-1.1788026
s_016um_00405_00403-1,-0.8460446
s_016um_00386_00133-1,-1.0993669
s_016um_00215_00010-1,-1.1986729
s_016um_00326_00168-1,-1.1097286
s_016um_00348_00217-1,-1.1966351
s_016um_00043_00243-1,-1.0828631
s_016um_00240_00086-1,-1.0500461
s_016um_00138_00019-1,-1.130083
s_016um_00210_00291-1,-1.1245
s_016um_00275_00315-1,-1.0130653
s_016um_00368_00103-1,-1.1528918
s_016um_00391_00364-1,-1.1879125
s_016um_00267_00053-1,-1.1555817
s_016um_00354_00292-1,-1.1523143
s_016um_00371_00118-1,-1.1285576
s_016um_00081_00266-1,-1.1020874
s_016um_00080_00244-1,-1.191086
s_016um_00323_00300-1,-1.1722821
s_016um_00004_00155-1,-1.1411941
s_016um_00036_00010-1,-1.1623297
s_016um_00275_00048-1,-1.1801095
s_016um_00265_00188-1,-1.1950128
s_016um_00276_00316-1,-1.1391658
s_016um_00328_00211-1,-1.1625314
s_016um_00161_00284-1,-1.1192374
s_016um_00080_00237-1,-1.1587821
s_016um_00014_00210-1,-1.0658063
s_016um_00033_00333-1,-1.1108482
s_016um_00227_00231-1,-1.2109363
s_016um_00039_00207-1,-1.1445628
s_016um_00243_00183-1,-1.1757832
s_016um_00140_00075-1,-1.0858276
s_016um_00367_00098-1,-1.1400846
s_016um_00042_00203-1,-1.1037288
s_016um_00014_00267-1,-1.1292862
s_016um_00285_00098-1,-1.2076371
s_016um_00269_00060-1,-1.1526281
s_016um_00213_00280-1,-1.1469183
s_016um_00278_00318-1,-1.153677
s_016um_00375_00146-1,-1.1153115
s_016um_00354_00293-1,-1.1152374
s_016um_00038_00177-1,-1.1517025
s_016um_00043_00044-1,-1.0852169
s_016um_00160_00288-1,-1.173588
s_016um_00350_00026-1,-1.1422099
s_016um_00328_00300-1,-1.2025498
s_016um_00327_00166-1,-1.189656
s_016um_00273_00046-1,-1.223398
s_016um_00390_00362-1,-1.0213295
s_016um_00263_00058-1,-1.2145375
s_016um_00138_00073-1,-1.1110435
s_016um_00022_00267-1,-1.1682082
s_016um_00260_00135-1,-1.1771573
s_016um_00404_00120-1,-1.1383444
s_016um_00039_00101-1,-1.1291615
s_016um_00390_00339-1,-1.14508
s_016um_00363_00229-1,-1.1109128
s_016um_00216_00032-1,-1.1413524
s_016um_00054_00244-1,-0.92303056
s_016um_00034_00329-1,-1.12284
s_016um_00231_00356-1,-1.0832865
s_016um_00193_00127-1,-1.1869336
s_016um_00282_00315-1,-1.1686127
s_016um_00271_00060-1,-1.1115854
s_016um_00082_00287-1,-1.143452
s_016um_00158_00293-1,-1.1392075
s_016um_00354_00415-1,-1.0283918
s_016um_00224_00240-1,-1.1258285
s_016um_00276_00317-1,-1.1275197
s_016um_00015_00266-1,-1.1552753
s_016um_00340_00215-1,-1.0817819
s_016um_00146_00058-1,-1.080115
s_016um_00097_00316-1,-1.2162807
s_016um_00271_00230-1,-1.1229306
s_016um_00085_00198-1,-1.1183879
s_016um_00235_00266-1,-1.1446763
s_016um_00004_00153-1,-1.1618807
s_016um_00242_00189-1,-1.0609051
s_016um_00042_00219-1,-1.1290185
s_016um_00415_00137-1,-1.1616082
s_016um_00086_00034-1,-1.0884888
s_016um_00226_00252-1,-1.2008502
s_016um_00139_00056-1,-1.1337717
s_016um_00374_00125-1,-1.1992563
s_016um_00417_00135-1,-1.1761526
s_016um_00131_00230-1,-1.1750566
s_016um_00169_00371-1,-1.1909862
s_016um_00402_00152-1,-1.1874164
s_016um_00276_00205-1,-1.1425624
s_016um_00040_00218-1,-1.1234438
s_016um_00131_00089-1,-1.164413
s_016um_00231_00355-1,-1.1232843
s_016um_00242_00182-1,-1.0885544
s_016um_00406_00125-1,-1.1568509
s_016um_00233_00090-1,-1.1633129
s_016um_00099_00338-1,-1.1018167
s_016um_00269_00056-1,-0.92028743
s_016um_00225_00330-1,-1.1342905
s_016um_00251_00024-1,-1.1611592
s_016um_00115_00150-1,-1.1649925
s_016um_00339_00399-1,-1.1895835
s_016um_00147_00056-1,-1.1102226
s_016um_00160_00289-1,-1.148639
s_016um_00279_00321-1,-1.1150539
s_016um_00088_00264-1,-1.1756544
s_016um_00237_00264-1,-1.1719856
s_016um_00040_00215-1,-1.2040212
s_016um_00040_00175-1,-1.1036078
s_016um_00362_00289-1,-1.1239618
s_016um_00121_00146-1,-1.1178782
s_016um_00387_00128-1,-1.1493026
s_016um_00119_00146-1,-1.1497622
s_016um_00042_00243-1,-1.1435947
s_016um_00397_00179-1,-1.1456752
s_016um_00037_00104-1,-1.0968949
s_016um_00257_00192-1,-1.1246518
s_016um_00246_00082-1,-1.1043112
s_016um_00237_00182-1,-1.191823
s_016um_00090_00272-1,-1.160014
s_016um_00040_00046-1,-1.1031291
s_016um_00235_00092-1,-1.1197765
s_016um_00334_00398-1,-1.1230289
s_016um_00399_00212-1,-1.0967485
s_016um_00141_00017-1,-1.1121471
s_016um_00070_00232-1,-1.1359959
s_016um_00337_00256-1,-1.1622915
s_016um_00130_00229-1,-1.1617676
s_016um_00206_00145-1,-1.1860126
s_016um_00224_00230-1,-1.1601003
s_016um_00141_00056-1,-1.1270291
s_016um_00065_00133-1,-1.1150808
s_016um_00142_00013-1,-1.1098322
s_016um_00367_00102-1,-1.1343749
s_016um_00140_00077-1,-1.0581446
s_016um_00181_00029-1,-1.1056856
s_016um_00281_00323-1,-1.1067425
s_016um_00406_00151-1,-1.1050775
s_016um_00390_00341-1,-1.160422
s_016um_00223_00030-1,-1.1477897
s_016um_00083_00281-1,-1.1042435
s_016um_00260_00032-1,-1.131764
s_016um_00098_00023-1,-1.1669953
s_016um_00254_00020-1,-1.0219885
s_016um_00310_00060-1,-1.1447794
s_016um_00373_00118-1,-1.0826623
s_016um_00278_00325-1,-1.1698567
s_016um_00355_00089-1,-1.1204376
s_016um_00270_00056-1,-1.1438935
s_016um_00098_00319-1,-1.1049316
s_016um_00039_00097-1,-1.1011771
s_016um_00236_00088-1,-1.2047383
s_016um_00043_00041-1,-1.1754845
s_016um_00233_00264-1,-1.1527756
s_016um_00270_00033-1,-1.1056347
s_016um_00171_00126-1,-1.1470212
s_016um_00343_00220-1,-0.91049474
s_016um_00170_00127-1,-1.1056321
s_016um_00175_00374-1,-1.1526691
s_016um_00236_00184-1,-1.1036298
s_016um_00135_00232-1,-1.131347
s_016um_00239_00090-1,-1.1486077
s_016um_00089_00069-1,-1.1076317
s_016um_00073_00247-1,-1.1731966
s_016um_00287_00093-1,-1.1243942
s_016um_00253_00020-1,-1.0927899
s_016um_00274_00207-1,-1.1520256
s_016um_00375_00142-1,-1.1338284
s_016um_00356_00117-1,-1.1465389
s_016um_00103_00385-1,-1.141516
s_016um_00046_00214-1,-1.1488736
s_016um_00355_00090-1,-1.1650541
s_016um_00391_00179-1,-1.2050188
s_016um_00166_00122-1,-1.1649941
s_016um_00361_00287-1,-1.1785215
s_016um_00340_00396-1,-0.9707488
s_016um_00372_00123-1,-1.1624641
s_016um_00276_00130-1,-1.1443424
s_016um_00057_00243-1,-1.1267486
s_016um_00080_00282-1,-1.1234806
s_016um_00273_00230-1,-1.1722364
s_016um_00309_00054-1,-1.158486
s_016um_00172_00371-1,-1.0502968
s_016um_00196_00122-1,-1.1846327
s_016um_00043_00171-1,-1.1176981
s_016um_00341_00404-1,-1.1476185
s_016um_00191_00125-1,-1.1213179
s_016um_00084_00034-1,-1.1517614
s_016um_00356_00094-1,-1.1959625
s_016um_00282_00327-1,-1.1361288
s_016um_00407_00396-1,-1.0555965
s_016um_00325_00119-1,-1.1830276
s_016um_00410_00098-1,-1.146343
s_016um_00387_00344-1,-1.0944709
s_016um_00222_00330-1,-1.09715
s_016um_00167_00128-1,-1.2417439
s_016um_00400_00366-1,-1.1788975
s_016um_00163_00285-1,-1.1596979
s_016um_00265_00031-1,-1.1365708
s_016um_00266_00029-1,-1.1750296
s_016um_00338_00400-1,-1.1009521
s_016um_00044_00245-1,-1.0845618
s_016um_00080_00248-1,-1.1351808
s_016um_00328_00228-1,-1.1644717
s_016um_00358_00291-1,-1.1836597
s_016um_00076_00239-1,-1.1252702
s_016um_00122_00149-1,-1.0504146
s_016um_00377_00135-1,-1.1437105
s_016um_00331_00212-1,-1.1400001
s_016um_00142_00015-1,-1.1455636
s_016um_00099_00315-1,-1.14223
s_016um_00010_00158-1,-1.1331353
s_016um_00268_00061-1,-1.16854
s_016um_00371_00148-1,-1.1791645
s_016um_00220_00232-1,-1.1683576
s_016um_00333_00254-1,-1.1402606
s_016um_00366_00099-1,-1.1550721
s_016um_00280_00311-1,-1.0969623
s_016um_00216_00017-1,-1.114366
s_016um_00064_00232-1,-1.1522722
s_016um_00260_00132-1,-1.1264654
s_016um_00043_00242-1,-1.0265169
s_016um_00361_00289-1,-1.1469761
s_016um_00402_00256-1,-1.1037469
s_016um_00100_00024-1,-1.1245971
s_016um_00034_00104-1,-1.089623
s_016um_00184_00025-1,-1.058361
s_016um_00094_00026-1,-1.1359951
s_016um_00223_00236-1,-1.1992904
s_016um_00400_00254-1,-1.1768744
s_016um_00048_00240-1,-1.1263899
s_016um_00046_00239-1,-1.1422486
s_016um_00068_00237-1,-1.1977731
s_016um_00147_00395-1,-1.1119162
s_016um_00348_00219-1,-1.1390046
s_016um_00229_00330-1,-1.1379762
s_016um_00085_00281-1,-1.1051955
s_016um_00325_00163-1,-1.1546605
s_016um_00020_00265-1,-1.1433734
s_016um_00354_00093-1,-1.1840501
s_016um_00226_00250-1,-1.1403964
s_016um_00245_00082-1,-1.1845938
s_016um_00271_00229-1,-1.0971181
s_016um_00190_00090-1,-1.1256232
s_016um_00374_00147-1,-1.1138017
s_016um_00220_00168-1,-1.1574665
s_016um_00103_00072-1,-1.0728695
s_016um_00280_00050-1,-1.1357696
s_016um_00307_00056-1,-1.1488312
s_016um_00081_00284-1,-1.1425012
s_016um_00012_00208-1,-1.1398299
s_016um_00068_00132-1,-1.0995266
s_016um_00097_00318-1,-1.1440965
s_016um_00241_00086-1,-1.1642016
s_016um_00336_00255-1,-1.1815732
s_016um_00289_00094-1,-1.1318003
s_016um_00064_00129-1,-1.175277
s_016um_00264_00061-1,-1.1818473
s_016um_00006_00158-1,-1.1208478
s_016um_00086_00035-1,-1.0972518
s_016um_00144_00062-1,-1.0508835
s_016um_00038_00179-1,-1.12451
s_016um_00269_00028-1,-1.1730831
s_016um_00136_00232-1,-1.1225514
s_016um_00307_00054-1,-1.1499981
s_016um_00027_00092-1,-1.1229191
s_016um_00085_00031-1,-1.1237388
s_016um_00283_00096-1,-1.2205114
s_016um_00056_00249-1,-1.1599232
s_016um_00354_00092-1,-1.146384
s_016um_00128_00092-1,-1.0804341
s_016um_00408_00153-1,-1.137359
s_016um_00260_00190-1,-1.1630605
s_016um_00228_00261-1,-1.1031114
s_016um_00329_00256-1,-1.0596546
s_016um_00134_00315-1,-0.7177875
s_016um_00278_00205-1,-1.1590227
s_016um_00346_00214-1,-1.1542494
s_016um_00073_00248-1,-1.1175286
s_016um_00213_00034-1,-1.1610538
s_016um_00220_00169-1,-1.1455861
s_016um_00144_00016-1,-1.1485819
s_016um_00132_00225-1,-1.1425037
s_016um_00394_00370-1,-1.1003838
s_016um_00217_00017-1,-1.1244249
s_016um_00091_00337-1,-1.1385787
s_016um_00088_00067-1,-1.1305677
s_016um_00084_00070-1,-1.1438428
s_016um_00229_00249-1,-1.1841073
s_016um_00242_00090-1,-1.2029493
s_016um_00384_00134-1,-1.1702904
s_016um_00114_00319-1,-1.1487159
s_016um_00225_00027-1,-1.0539981
s_016um_00172_00378-1,-1.1141877
s_016um_00264_00190-1,-1.1303669
s_016um_00035_00101-1,-1.1173667
s_016um_00356_00417-1,-1.1793042
s_016um_00212_00280-1,-1.1377362
s_016um_00274_00209-1,-1.194385
s_016um_00107_00321-1,-1.1829356
s_016um_00136_00320-1,-0.8307913
s_016um_00123_00148-1,-1.0472189
s_016um_00014_00208-1,-1.169085
s_016um_00068_00128-1,-1.1239324
s_016um_00083_00294-1,-1.1587096
s_016um_00319_00163-1,-1.1805564
s_016um_00059_00247-1,-1.0532504
s_016um_00037_00101-1,-1.0883791
s_016um_00355_00417-1,-1.1660001
s_016um_00086_00071-1,-1.1765684
s_016um_00331_00126-1,-1.1523213
s_016um_00378_00135-1,-1.1716377
s_016um_00404_00394-1,-1.1816423
s_016um_00068_00238-1,-1.1548233
s_016um_00335_00251-1,-1.1347613
s_016um_00110_00315-1,-1.0865005
s_016um_00043_00177-1,-1.1298635
s_016um_00325_00125-1,-1.1753682
s_016um_00351_00092-1,-1.1076661
s_016um_00255_00034-1,-1.1362879
s_016um_00365_00229-1,-1.1742109
s_016um_00042_00213-1,-1.1257915
s_016um_00344_00211-1,-1.0818752
s_016um_00373_00146-1,-0.94071543
s_016um_00041_00042-1,-1.1061202
s_016um_00235_00262-1,-1.097202
s_016um_00273_00332-1,-1.109722
s_016um_00044_00214-1,-1.1362326
s_016um_00206_00148-1,-1.2086742
s_016um_00287_00097-1,-1.0367466
s_016um_00118_00144-1,-1.1444372
s_016um_00221_00283-1,-1.1596433
s_016um_00280_00326-1,-1.1420062
s_016um_00372_00139-1,-1.1140594
s_016um_00387_00133-1,-1.1277196
s_016um_00029_00335-1,-1.1395123
s_016um_00097_00320-1,-1.1328199
s_016um_00263_00335-1,-1.2253197
s_016um_00133_00314-1,-0.7680033
s_016um_00358_00285-1,-1.1040248
s_016um_00416_00138-1,-1.1223724
s_016um_00348_00023-1,-1.0913122
s_016um_00358_00418-1,-1.173115
s_016um_00225_00231-1,-1.1213691
s_016um_00366_00226-1,-1.1424598
s_016um_00270_00062-1,-1.1653954
s_016um_00219_00174-1,-1.1374263
s_016um_00393_00341-1,-1.0798614
s_016um_00363_00290-1,-1.1301398
s_016um_00070_00231-1,-1.1173154
s_016um_00228_00328-1,-1.1744899
s_016um_00213_00281-1,-1.1461151
s_016um_00170_00372-1,-1.1688204
s_016um_00089_00277-1,-1.1341524
s_016um_00080_00281-1,-1.1540849
s_016um_00085_00071-1,-1.0897503
s_016um_00237_00085-1,-1.1519482
s_016um_00061_00131-1,-1.055511
s_016um_00089_00266-1,-1.1382185
s_016um_00136_00077-1,-1.11889
s_016um_00338_00396-1,-1.0895092
s_016um_00092_00266-1,-1.1068666
s_016um_00257_00184-1,-1.1765007
s_016um_00218_00031-1,-1.0818483
s_016um_00173_00373-1,-1.1608397
s_016um_00087_00069-1,-1.122136
s_016um_00213_00029-1,-1.1209674
s_016um_00327_00303-1,-1.135498
s_016um_00344_00215-1,-1.1282899
s_016um_00107_00388-1,-1.1153167
s_016um_00126_00090-1,-1.1506853
s_016um_00320_00301-1,-1.1338812
s_016um_00267_00228-1,-1.1940846
s_016um_00259_00028-1,-1.1609893
s_016um_00009_00295-1,-1.0694569
s_016um_00328_00254-1,-1.1161658
s_016um_00038_00099-1,-1.148598
s_016um_00222_00237-1,-1.1550069
s_016um_00328_00229-1,-1.1344339
s_016um_00337_00401-1,-1.2225652
s_016um_00369_00227-1,-1.1286039
s_016um_00036_00044-1,-1.0389733
s_016um_00275_00134-1,-1.1456987
s_016um_00139_00061-1,-1.0743302
s_016um_00327_00231-1,-1.1437129
s_016um_00330_00255-1,-1.1357211
s_016um_00326_00122-1,-1.1650459
s_016um_00048_00245-1,-1.1269046
s_016um_00273_00205-1,-1.22969
s_016um_00322_00300-1,-1.2196262
s_016um_00334_00251-1,-1.1634471
s_016um_00133_00089-1,-1.1417246
s_016um_00336_00214-1,-1.2051989
s_016um_00006_00211-1,-1.1151526
s_016um_00081_00298-1,-1.1139714
s_016um_00238_00356-1,-1.1033672
s_016um_00138_00218-1,-1.1364386
s_016um_00218_00168-1,-1.1414751
s_016um_00265_00338-1,-1.121438
s_016um_00271_00331-1,-1.1188118
s_016um_00390_00294-1,-1.1861252
s_016um_00039_00048-1,-1.0834069
s_016um_00352_00119-1,-1.1607139
s_016um_00100_00322-1,-1.1638283
s_016um_00369_00098-1,-1.1641891
s_016um_00067_00229-1,-1.1499226
s_016um_00146_00017-1,-1.0803206
s_016um_00223_00173-1,-1.2097175
s_016um_00098_00341-1,-1.144796
s_016um_00402_00402-1,-0.5304595
s_016um_00241_00087-1,-1.2781793
s_016um_00266_00331-1,-1.165511
s_016um_00262_00332-1,-1.1439971
s_016um_00372_00100-1,-1.1838909
s_016um_00255_00028-1,-1.1942817
s_016um_00209_00290-1,-1.1410093
s_016um_00103_00070-1,-1.177006
s_016um_00363_00223-1,-1.1894355
s_016um_00355_00415-1,-1.1342071
s_016um_00033_00332-1,-1.1438117
s_016um_00336_00401-1,-1.1557944
s_016um_00083_00068-1,-1.122517
s_016um_00407_00153-1,-1.1551573
s_016um_00346_00213-1,-1.1449881
s_016um_00017_00269-1,-1.1422682
s_016um_00387_00134-1,-1.13419
s_016um_00359_00412-1,-1.0352681
s_016um_00249_00023-1,-1.1598634
s_016um_00334_00213-1,-1.156686
s_016um_00135_00229-1,-1.1546897
s_016um_00232_00090-1,-1.2548684
s_016um_00352_00021-1,-1.1968079
s_016um_00367_00100-1,-1.0406309
s_016um_00381_00130-1,-1.1182477
s_016um_00248_00026-1,-1.1201739
s_016um_00097_00029-1,-1.134296
s_016um_00132_00226-1,-1.2012184
s_016um_00393_00292-1,-1.1281484
s_016um_00135_00231-1,-1.1119775
s_016um_00140_00220-1,-1.1340312
s_016um_00368_00124-1,-1.1498173
s_016um_00170_00376-1,-1.133663
s_016um_00357_00293-1,-1.1415436
s_016um_00377_00139-1,-1.1393206
s_016um_00130_00316-1,-1.075976
s_016um_00226_00333-1,-1.1799241
s_016um_00226_00231-1,-1.1684996
s_016um_00240_00186-1,-1.1788517
s_016um_00042_00101-1,-1.0630267
s_016um_00225_00245-1,-1.1105055
s_016um_00008_00154-1,-1.0925351
s_016um_00167_00374-1,-1.1645435
s_016um_00079_00032-1,-1.189513
s_016um_00370_00102-1,-1.0879259
s_016um_00330_00217-1,-1.1412855
s_016um_00215_00035-1,-1.1359413
s_016um_00190_00093-1,-1.1562653
s_016um_00339_00404-1,-1.1035085
s_016um_00236_00262-1,-1.1994065
s_016um_00083_00299-1,-1.1284413
s_016um_00010_00293-1,-1.0728158
s_016um_00288_00096-1,-1.166279
s_016um_00290_00100-1,-1.1590711
s_016um_00074_00238-1,-1.1858993
s_016um_00228_00243-1,-1.1112733
s_016um_00383_00127-1,-1.1976423
s_016um_00076_00236-1,-1.1482725
s_016um_00089_00267-1,-1.1353159
s_016um_00240_00189-1,-1.2144783
s_016um_00359_00119-1,-1.1662176
s_016um_00009_00300-1,-1.1310493
s_016um_00005_00153-1,-1.1219962
s_016um_00140_00221-1,-1.140585
s_016um_00370_00225-1,-1.1175534
s_016um_00269_00228-1,-1.1551616
s_016um_00141_00076-1,-1.1229727
s_016um_00163_00286-1,-1.1859955
s_016um_00319_00162-1,-1.1349918
s_016um_00071_00237-1,-1.1327236
s_016um_00279_00314-1,-1.0719366
s_016um_00274_00202-1,-1.1524487
s_016um_00017_00267-1,-1.1699545
s_016um_00229_00247-1,-1.1542112
s_016um_00077_00246-1,-1.1240739
s_016um_00224_00330-1,-1.1115534
s_016um_00106_00390-1,-1.2035276
s_016um_00324_00233-1,-1.1587378
s_016um_00355_00093-1,-1.1539085
s_016um_00270_00057-1,-1.1115943
s_016um_00274_00223-1,-1.1431429
s_016um_00227_00329-1,-1.1537552
s_016um_00131_00228-1,-1.2112275
s_016um_00068_00233-1,-1.0869699
s_016um_00275_00312-1,-1.1464732
s_016um_00080_00201-1,-1.1117998
s_016um_00091_00273-1,-1.1251248
s_016um_00073_00244-1,-1.0981133
s_016um_00040_00045-1,-1.1024479
s_016um_00170_00374-1,-1.1869005
s_016um_00218_00009-1,-1.1654009
s_016um_00195_00094-1,-1.082722
s_016um_00276_00328-1,-1.107017
s_016um_00032_00334-1,-1.0603037
s_016um_00075_00293-1,-1.129899
s_016um_00078_00245-1,-1.1259456
s_016um_00267_00336-1,-1.1528504
s_016um_00230_00244-1,-1.1306989
s_016um_00096_00273-1,-1.1199174
s_016um_00325_00302-1,-1.1681579
s_016um_00231_00357-1,-1.1397995
s_016um_00373_00121-1,-1.1613461
s_016um_00336_00400-1,-0.9977751
s_016um_00357_00291-1,-1.1772213
s_016um_00400_00126-1,-1.1453873
s_016um_00095_00335-1,-1.1736667
s_016um_00267_00227-1,-1.164166
s_016um_00066_00235-1,-1.0600016
s_016um_00183_00033-1,-1.1002743
s_016um_00236_00267-1,-1.1669862
s_016um_00202_00152-1,-1.1221223
s_016um_00324_00224-1,-1.1973425
s_016um_00268_00335-1,-1.13882
s_016um_00415_00099-1,-1.1187015
s_016um_00097_00340-1,-1.1500088
s_016um_00077_00241-1,-1.1566273
s_016um_00258_00192-1,-1.2000058
s_016um_00093_00322-1,-1.1454443
s_016um_00216_00229-1,-1.1542145
s_016um_00029_00092-1,-1.0981638
s_016um_00278_00312-1,-1.1541377
s_016um_00106_00069-1,-1.1249293
s_016um_00266_00133-1,-1.1854546
s_016um_00218_00172-1,-1.1870551
s_016um_00267_00224-1,-1.117895
s_016um_00334_00218-1,-1.1452546
s_016um_00031_00335-1,-1.2030275
s_016um_00251_00027-1,-1.1261028
s_016um_00107_00315-1,-1.1623994
s_016um_00040_00050-1,-1.1312687
s_016um_00236_00183-1,-1.1914897
s_016um_00236_00087-1,-1.1576742
s_016um_00136_00219-1,-1.1168151
s_016um_00224_00027-1,-1.1866869
s_016um_00324_00167-1,-1.1412566
s_016um_00408_00402-1,-0.5682613
s_016um_00401_00399-1,-0.93375015
s_016um_00391_00358-1,-0.9235464
s_016um_00137_00071-1,-1.1461123
s_016um_00189_00098-1,-1.1931784
s_016um_00218_00024-1,-1.1462824
s_016um_00048_00212-1,-1.1381652
s_016um_00280_00327-1,-1.1260345
s_016um_00372_00140-1,-1.1878374
s_016um_00356_00412-1,-0.99937785
s_016um_00407_00100-1,-1.1728268
s_016um_00244_00086-1,-1.1772268
s_016um_00310_00059-1,-1.1062992
s_016um_00137_00069-1,-1.1107966
s_016um_00044_00237-1,-1.1431946
s_016um_00096_00318-1,-1.1401057
s_016um_00083_00240-1,-1.1577542
s_016um_00093_00269-1,-1.1327162
s_016um_00146_00401-1,-1.1601692
s_016um_00400_00120-1,-1.1513602
s_016um_00039_00042-1,-1.0914062
s_016um_00067_00235-1,-1.2072394
s_016um_00088_00269-1,-1.1603471
s_016um_00196_00123-1,-1.1896973
s_016um_00270_00337-1,-1.1538075
s_016um_00360_00415-1,-1.1646035
s_016um_00272_00051-1,-1.1296942
s_016um_00216_00170-1,-1.1400397
s_016um_00369_00140-1,-1.1106174
s_016um_00128_00229-1,-1.1433415
s_016um_00126_00385-1,-0.86338806
s_016um_00321_00224-1,-1.238734
s_016um_00166_00127-1,-1.1118546
s_016um_00352_00115-1,-1.1542574
s_016um_00030_00335-1,-1.1206757
s_016um_00395_00367-1,-1.1996804
s_016um_00267_00128-1,-1.1488991
s_016um_00032_00336-1,-1.1163229
s_016um_00356_00096-1,-1.1233212
s_016um_00266_00135-1,-1.212097
s_016um_00395_00343-1,-1.1014919
s_016um_00011_00299-1,-1.0758919
s_016um_00262_00188-1,-1.1830897
s_016um_00158_00288-1,-1.1509465
s_016um_00111_00318-1,-1.096045
s_016um_00179_00025-1,-1.1194628
s_016um_00147_00018-1,-1.1566883
s_016um_00268_00036-1,-1.15276
s_016um_00216_00231-1,-1.1596563
s_016um_00358_00412-1,-1.2847725
s_016um_00233_00087-1,-1.1664215
s_016um_00289_00099-1,-1.0941578
s_016um_00199_00147-1,-1.1671189
s_016um_00330_00258-1,-1.1905595
s_016um_00248_00085-1,-1.1277163
s_016um_00038_00047-1,-1.0392178
s_016um_00190_00123-1,-1.1040812
s_016um_00268_00222-1,-1.0818926
s_016um_00048_00239-1,-1.1438543
s_016um_00045_00216-1,-1.1566861
s_016um_00274_00135-1,-1.1943344
s_016um_00264_00187-1,-1.1779982
s_016um_00144_00022-1,-1.0860959
s_016um_00372_00097-1,-1.1876384
s_016um_00355_00114-1,-1.1560163
s_016um_00371_00099-1,-1.1886561
s_016um_00132_00234-1,-1.158561
s_016um_00280_00049-1,-0.75233614
s_016um_00264_00135-1,-0.9596327
s_016um_00241_00085-1,-1.2250857
s_016um_00359_00417-1,-1.0855936
s_016um_00101_00073-1,-1.0581952
s_016um_00240_00087-1,-1.1917828
s_016um_00407_00397-1,-0.8026215
s_016um_00276_00322-1,-1.1281326
s_016um_00071_00232-1,-1.1575457
s_016um_00231_00260-1,-1.1457801
s_016um_00139_00071-1,-1.1494784
s_016um_00358_00117-1,-1.1576937
s_016um_00196_00127-1,-1.1225837
s_016um_00308_00054-1,-1.1950254
s_016um_00389_00343-1,-1.1458594
s_016um_00228_00238-1,-1.1420861
s_016um_00327_00299-1,-1.1629212
s_016um_00061_00244-1,-1.1213248
s_016um_00403_00263-1,-1.1596605
s_016um_00101_00383-1,-1.0308704
s_016um_00223_00232-1,-1.1270312
s_016um_00128_00320-1,-1.1972772
s_016um_00269_00027-1,-1.1656808
s_016um_00027_00087-1,-1.138586
s_016um_00006_00293-1,-1.1379023
s_016um_00224_00231-1,-1.1745492
s_016um_00327_00304-1,-1.1097066
s_016um_00178_00025-1,-1.1213691
s_016um_00036_00104-1,-1.1067008
s_016um_00380_00132-1,-1.2178025
s_016um_00367_00222-1,-1.1573555
s_016um_00272_00204-1,-1.1894138
s_016um_00068_00127-1,-1.126527
s_016um_00350_00093-1,-1.0728722
s_016um_00087_00267-1,-1.1324235
s_016um_00331_00219-1,-1.1165491
s_016um_00321_00231-1,-1.1710348
s_016um_00395_00181-1,-1.0993023
s_016um_00076_00238-1,-1.150976
s_016um_00407_00150-1,-1.1757165
s_016um_00078_00244-1,-1.1836009
s_016um_00252_00021-1,-1.1643773
s_016um_00353_00118-1,-1.1147935
s_016um_00345_00216-1,-1.155098
s_016um_00417_00137-1,-1.1432656
s_016um_00276_00313-1,-1.067209
s_016um_00039_00099-1,-1.1083149
s_016um_00237_00358-1,-1.1419345
s_016um_00159_00290-1,-1.1359307
s_016um_00098_00065-1,-1.11449
s_016um_00223_00246-1,-1.1822721
s_016um_00142_00061-1,-1.1205289
s_016um_00061_00247-1,-1.1690072
s_016um_00032_00085-1,-1.1552322
s_016um_00149_00402-1,-1.1709219
s_016um_00220_00171-1,-1.1651716
s_016um_00229_00248-1,-1.1323087
s_016um_00187_00094-1,-1.1415608
s_016um_00389_00341-1,-1.1081433
s_016um_00390_00342-1,-1.0610844
s_016um_00231_00265-1,-1.1688155
s_016um_00308_00055-1,-1.1908076
s_016um_00188_00091-1,-1.0970466
s_016um_00045_00175-1,-1.1241848
s_016um_00406_00154-1,-1.1675009
s_016um_00125_00388-1,-1.1162412
s_016um_00372_00116-1,-1.1375266
s_016um_00280_00203-1,-1.1579087
s_016um_00357_00294-1,-1.1728408
s_016um_00331_00118-1,-1.1639177
s_016um_00202_00145-1,-1.10423
s_016um_00012_00209-1,-1.0984708
s_016um_00262_00192-1,-1.1967218
s_016um_00216_00228-1,-1.1137967
s_016um_00206_00150-1,-1.1594201
s_016um_00095_00273-1,-1.1540606
s_016um_00269_00033-1,-1.2034389
s_016um_00274_00137-1,-1.1774939
s_016um_00133_00092-1,-1.1058122
s_016um_00185_00031-1,-1.1013147
s_016um_00330_00124-1,-1.1224346
s_016um_00401_00260-1,-1.144477
s_016um_00228_00265-1,-1.103338
s_016um_00205_00152-1,-1.1791986
s_016um_00401_00213-1,-1.1489663
s_016um_00086_00198-1,-1.1193184
s_016um_00234_00354-1,-1.1103221
s_016um_00215_00032-1,-1.1357119
s_016um_00029_00333-1,-1.1189917
s_016um_00207_00293-1,-1.1384114
s_016um_00034_00007-1,-1.109763
s_016um_00124_00388-1,-1.1553763
s_016um_00090_00066-1,-1.0522115
s_016um_00037_00172-1,-1.1406782
s_016um_00169_00378-1,-1.1519448
s_016um_00255_00026-1,-1.170551
s_016um_00132_00086-1,-1.139082
s_016um_00393_00344-1,-1.0753161
s_016um_00277_00316-1,-1.1467249
s_016um_00163_00293-1,-1.0989794
s_016um_00065_00131-1,-1.0684893
s_016um_00213_00277-1,-1.1328506
s_016um_00106_00383-1,-1.1936566
s_016um_00103_00388-1,-1.1783379
s_016um_00060_00129-1,-1.1616278
s_016um_00228_00334-1,-1.1594898
s_016um_00136_00226-1,-1.1687683
s_016um_00173_00370-1,-0.7619868
s_016um_00393_00177-1,-1.1482123
s_016um_00211_00297-1,-1.1003116
s_016um_00366_00223-1,-1.1395743
s_016um_00015_00272-1,-1.0941517
s_016um_00235_00089-1,-1.1905528
s_016um_00163_00124-1,-1.1139982
s_016um_00085_00028-1,-1.0560248
s_016um_00119_00149-1,-1.1379724
s_016um_00046_00243-1,-1.1230226
s_016um_00158_00289-1,-1.1770447
s_016um_00131_00383-1,-1.1473761
s_016um_00232_00086-1,-1.1740534
s_016um_00069_00230-1,-1.1536232
s_016um_00274_00032-1,-1.131538
s_016um_00409_00102-1,-1.0979859
s_016um_00097_00274-1,-1.1233056
s_016um_00380_00141-1,-1.1448721
s_016um_00038_00043-1,-1.1105001
s_016um_00413_00102-1,-1.1691195
s_016um_00081_00297-1,-1.1260937
s_016um_00273_00051-1,-1.190387
s_016um_00238_00090-1,-1.1985912
s_016um_00218_00232-1,-1.1457088
s_016um_00112_00321-1,-0.97791594
s_016um_00094_00279-1,-1.1365854
s_016um_00391_00337-1,-1.155608
s_016um_00101_00319-1,-1.1845765
s_016um_00181_00025-1,-1.0990511
s_016um_00007_00297-1,-1.1298587
s_016um_00215_00295-1,-1.1192464
s_016um_00136_00231-1,-1.1922677
s_016um_00033_00087-1,-1.1222987
s_016um_00146_00021-1,-1.152512
s_016um_00193_00126-1,-1.1697752
s_016um_00067_00125-1,-1.0987269
s_016um_00065_00129-1,-1.1106054
s_016um_00396_00179-1,-1.136603
s_016um_00223_00168-1,-1.09318
s_016um_00099_00067-1,-1.1123463
s_016um_00081_00269-1,-1.1112435
s_016um_00326_00232-1,-1.1416985
s_016um_00405_00259-1,-1.1878403
s_016um_00041_00204-1,-1.0937335
s_016um_00412_00104-1,-1.1398566
s_016um_00084_00278-1,-1.1361274
s_016um_00403_00151-1,-1.1312199
s_016um_00406_00401-1,-0.8541546
s_016um_00366_00095-1,-1.0953835
s_016um_00080_00193-1,-1.143604
s_016um_00038_00171-1,-1.1640046
s_016um_00381_00133-1,-1.1204187
s_016um_00401_00256-1,-1.1323858
s_016um_00226_00328-1,-1.1168033
s_016um_00036_00176-1,-1.116852
s_016um_00084_00197-1,-1.1458918
s_016um_00230_00265-1,-1.1417195
s_016um_00347_00022-1,-1.1246699
s_016um_00357_00411-1,-1.0875077
s_016um_00033_00008-1,-1.1419482
s_016um_00179_00032-1,-1.1870086
s_016um_00369_00118-1,-1.2127061
s_016um_00237_00190-1,-1.1087164
s_016um_00368_00230-1,-1.2107992
s_016um_00075_00237-1,-1.1291049
s_016um_00016_00272-1,-1.1602557
s_016um_00099_00387-1,-1.1551073
s_016um_00216_00018-1,-1.1017008
s_016um_00348_00218-1,-1.1900486
s_016um_00131_00314-1,-0.7476294
s_016um_00398_00371-1,-1.0668684
s_016um_00142_00222-1,-1.1112597
s_016um_00013_00154-1,-1.154769
s_016um_00128_00088-1,-1.122703
s_016um_00214_00014-1,-1.1273665
s_016um_00095_00026-1,-1.007288
s_016um_00262_00128-1,-1.1095
s_016um_00408_00400-1,-0.893586
s_016um_00065_00238-1,-1.1196628
s_016um_00327_00227-1,-1.1057531
s_016um_00047_00242-1,-1.0237559
s_016um_00255_00021-1,-1.1733598
s_016um_00322_00306-1,-1.1508799
s_016um_00389_00298-1,-1.1682092
s_016um_00090_00340-1,-1.12782
s_016um_00355_00289-1,-1.2063175
s_016um_00128_00381-1,-1.1349589
s_016um_00349_00020-1,-1.1124852
s_016um_00075_00238-1,-1.1250471
s_016um_00263_00130-1,-1.1167854
s_016um_00008_00151-1,-1.1211127
s_016um_00405_00148-1,-1.175668
s_016um_00241_00182-1,-1.1323248
s_016um_00137_00220-1,-1.2217072
s_016um_00245_00090-1,-1.1407921
s_016um_00217_00012-1,-1.1886201
s_016um_00278_00329-1,-1.1551706
s_016um_00141_00221-1,-1.154598
s_016um_00098_00321-1,-1.1250962
s_016um_00076_00247-1,-1.1018182
s_016um_00007_00156-1,-1.1078584
s_016um_00029_00091-1,-1.1085863
s_016um_00098_00337-1,-1.1844709
s_016um_00101_00071-1,-1.1073078
s_016um_00039_00205-1,-1.0878261
s_016um_00320_00299-1,-1.204799
s_016um_00012_00156-1,-1.1196066
s_016um_00397_00373-1,-1.1659459
s_016um_00380_00127-1,-1.1366377
s_016um_00382_00130-1,-1.1553768
s_016um_00142_00221-1,-1.1523993
s_016um_00134_00316-1,-0.87332845
s_016um_00131_00387-1,-1.0860921
s_016um_00081_00286-1,-1.0917327
s_016um_00369_00094-1,-1.1819448
s_016um_00099_00317-1,-1.1381838
s_016um_00237_00362-1,-1.1127061
s_016um_00228_00251-1,-1.1557224
s_016um_00141_00070-1,-1.1398891
s_016um_00351_00023-1,-1.2008548
s_016um_00133_00322-1,-0.85639346
s_016um_00372_00122-1,-1.2504725
s_016um_00216_00173-1,-1.1225843
s_016um_00329_00126-1,-1.1323313
s_016um_00359_00293-1,-1.193655
s_016um_00275_00202-1,-1.1264827
s_016um_00133_00071-1,-1.1333145
s_016um_00332_00217-1,-1.1298968
s_016um_00325_00301-1,-1.103862
s_016um_00192_00092-1,-1.1164428
s_016um_00138_00224-1,-1.2066057
s_016um_00151_00397-1,-1.160115
s_016um_00272_00047-1,-1.0752239
s_016um_00069_00232-1,-1.14482
s_016um_00088_00275-1,-1.126292
s_016um_00330_00213-1,-1.1559377
s_016um_00233_00085-1,-1.1363711
s_016um_00104_00389-1,-1.1518201
s_016um_00217_00011-1,-1.1999887
s_016um_00351_00116-1,-1.1449493
s_016um_00069_00231-1,-1.0301758
s_016um_00320_00226-1,-1.168943
s_016um_00214_00293-1,-1.1795622
s_016um_00165_00126-1,-1.1794593
s_016um_00031_00328-1,-1.1571223
s_016um_00076_00243-1,-1.1582867
s_016um_00273_00224-1,-1.1457667
s_016um_00347_00220-1,-1.1407154
s_016um_00374_00124-1,-1.1774005
s_016um_00213_00035-1,-1.1440654
s_016um_00217_00167-1,-1.139583
s_016um_00323_00231-1,-1.1187398
s_016um_00239_00084-1,-1.1288531
s_016um_00214_00034-1,-1.1792587
s_016um_00161_00287-1,-1.0671886
s_016um_00374_00142-1,-1.1786544
s_016um_00275_00329-1,-1.0490186
s_016um_00006_00296-1,-1.1745467
s_016um_00236_00091-1,-1.1797321
s_016um_00374_00141-1,-1.1213927
s_016um_00281_00318-1,-1.1433
s_016um_00082_00283-1,-1.2354817
s_016um_00324_00162-1,-1.1151597
s_016um_00191_00124-1,-1.0627505
s_016um_00371_00095-1,-1.1779456
s_016um_00215_00284-1,-1.14164
s_016um_00326_00163-1,-1.1284636
s_016um_00118_00145-1,-1.1546321
s_016um_00160_00287-1,-1.1097213
s_016um_00069_00130-1,-1.1071106
s_016um_00336_00253-1,-1.1029191
s_016um_00418_00138-1,-1.1324396
s_016um_00225_00334-1,-1.143589
s_016um_00325_00122-1,-1.1930298
s_016um_00358_00091-1,-1.1410087
s_016um_00095_00025-1,-1.093146
s_016um_00083_00297-1,-1.2161663
s_016um_00047_00240-1,-1.1499679
s_016um_00200_00152-1,-1.1113259
s_016um_00282_00322-1,-1.0985844
s_016um_00063_00125-1,-1.1223984
s_016um_00357_00286-1,-1.1712203
s_016um_00351_00091-1,-1.1375611
s_016um_00388_00295-1,-1.1086553
s_016um_00358_00410-1,-1.0035237
s_016um_00392_00293-1,-1.1393753
s_016um_00324_00299-1,-1.1430845
s_016um_00042_00206-1,-1.1847818
s_016um_00082_00295-1,-1.1693932
s_016um_00369_00145-1,-1.1496092
s_016um_00223_00014-1,-1.1557556
s_016um_00004_00156-1,-1.1123025
s_016um_00392_00365-1,-1.0870042
s_016um_00097_00031-1,-1.1124868
s_016um_00327_00118-1,-1.1119777
s_016um_00388_00341-1,-1.1383206
s_016um_00237_00357-1,-1.1793715
s_016um_00275_00225-1,-1.1268065
s_016um_00216_00011-1,-1.0873631
s_016um_00260_00189-1,-1.155529
s_016um_00100_00318-1,-1.1892247
s_016um_00223_00233-1,-1.1920781
s_016um_00277_00049-1,-1.1448789
s_016um_00195_00092-1,-1.1143273
s_016um_00220_00233-1,-1.1867465
s_016um_00324_00165-1,-1.1578088
s_016um_00218_00015-1,-1.1668291
s_016um_00069_00236-1,-1.0739065
s_016um_00095_00031-1,-1.0949856
s_016um_00214_00291-1,-1.1844287
s_016um_00401_00149-1,-1.163377
s_016um_00135_00073-1,-1.1056523
s_016um_00368_00222-1,-1.1583222
s_016um_00264_00056-1,-1.1821394
s_016um_00355_00098-1,-1.1729645
s_016um_00267_00335-1,-1.1396732
s_016um_00355_00023-1,-1.1358571
s_016um_00118_00147-1,-1.148786
s_016um_00104_00391-1,-1.1456646
s_016um_00258_00191-1,-1.1279628
s_016um_00212_00035-1,-1.14968
s_016um_00011_00296-1,-1.1631174
s_016um_00045_00204-1,-1.1209079
s_016um_00006_00210-1,-1.1278806
s_016um_00258_00188-1,-1.083159
s_016um_00090_00339-1,-1.1398826
s_016um_00131_00086-1,-1.0881633
s_016um_00032_00090-1,-1.1121687
s_016um_00258_00030-1,-1.1809886
s_016um_00083_00193-1,-1.2237488
s_016um_00395_00183-1,-1.1286771
s_016um_00257_00026-1,-1.1073389
s_016um_00042_00175-1,-1.1366752
s_016um_00322_00302-1,-1.1060477
s_016um_00323_00230-1,-1.101546
s_016um_00234_00186-1,-1.1035771
s_016um_00134_00218-1,-1.1557258
s_016um_00227_00328-1,-1.1238567
s_016um_00268_00228-1,-1.139244
s_016um_00391_00344-1,-0.89493763
s_016um_00137_00218-1,-1.1517543
s_016um_00128_00321-1,-1.1340833
s_016um_00212_00030-1,-1.1762514
s_016um_00131_00088-1,-1.11019
s_016um_00191_00127-1,-1.1489211
s_016um_00270_00333-1,-1.1403556
s_016um_00274_00334-1,-1.1362389
s_016um_00387_00294-1,-1.1134804
s_016um_00083_00196-1,-0.9456847
s_016um_00133_00318-1,-0.9610567
s_016um_00048_00215-1,-1.1526716
s_016um_00213_00026-1,-1.200583
s_016um_00279_00131-1,-1.134401
s_016um_00168_00376-1,-1.1282512
s_016um_00014_00271-1,-1.1326822
s_016um_00097_00336-1,-1.1520658
s_016um_00133_00316-1,-0.98331225
s_016um_00104_00386-1,-1.1880598
s_016um_00137_00073-1,-1.1142356
s_016um_00081_00201-1,-1.169585
s_016um_00281_00313-1,-1.142558
s_016um_00354_00097-1,-1.143127
s_016um_00149_00403-1,-1.1326342
s_016um_00247_00024-1,-1.146277
s_016um_00011_00155-1,-1.1432912
s_016um_00260_00129-1,-1.1428682
s_016um_00033_00100-1,-1.0971522
s_016um_00032_00101-1,-1.1435248
s_016um_00028_00334-1,-1.1433041
s_016um_00405_00397-1,-0.92424846
s_016um_00386_00126-1,-1.1238474
s_016um_00085_00268-1,-1.1730251
s_016um_00043_00241-1,-0.96612465
s_016um_00038_00048-1,-1.1273713
s_016um_00376_00137-1,-1.116281
s_016um_00391_00183-1,-1.1345392
s_016um_00271_00029-1,-1.1182289
s_016um_00094_00318-1,-1.1483383
s_016um_00097_00315-1,-1.1610184
s_016um_00273_00328-1,-1.0744369
s_016um_00032_00331-1,-1.1081511
s_016um_00097_00337-1,-1.144652
s_016um_00009_00214-1,-1.1842307
s_016um_00386_00299-1,-1.1120895
s_016um_00146_00398-1,-1.1476839
s_016um_00216_00034-1,-1.1704679
s_016um_00344_00216-1,-1.1842211
s_016um_00216_00169-1,-1.126986
s_016um_00281_00134-1,-1.1743033
s_016um_00133_00386-1,-1.0969914
s_016um_00354_00120-1,-1.1636221
s_016um_00113_00313-1,-1.0972992
s_016um_00329_00257-1,-1.1325898
s_016um_00143_00061-1,-1.1085287
s_016um_00368_00094-1,-1.1235293
s_016um_00407_00400-1,-0.8997601
s_016um_00277_00204-1,-1.147954
s_016um_00064_00235-1,-0.9524501
s_016um_00009_00207-1,-1.0699602
s_016um_00273_00334-1,-1.1364614
s_016um_00041_00203-1,-1.1078188
s_016um_00177_00027-1,-1.1659319
s_016um_00137_00223-1,-1.1238557
s_016um_00072_00250-1,-1.1482753
s_016um_00265_00131-1,-1.1691549
s_016um_00414_00102-1,-1.1292051
s_016um_00231_00262-1,-1.2000797
s_016um_00055_00246-1,-1.2234246
s_016um_00280_00318-1,-1.1528182
s_016um_00146_00015-1,-1.1440793
s_016um_00364_00100-1,-1.1264163
s_016um_00270_00032-1,-1.2310487
s_016um_00377_00121-1,-1.1950113
s_016um_00066_00234-1,-1.0832319
s_016um_00139_00014-1,-1.1179782
s_016um_00098_00275-1,-1.1446606
s_016um_00185_00028-1,-1.1459808
s_016um_00276_00050-1,-1.1535989
s_016um_00394_00213-1,-1.146043
s_016um_00251_00019-1,-1.1678065
s_016um_00078_00197-1,-1.1173307
s_016um_00358_00288-1,-1.1302541
s_016um_00406_00150-1,-1.1269327
s_016um_00220_00280-1,-1.1117187
s_016um_00263_00134-1,-1.1846058
s_016um_00083_00279-1,-1.1096513
s_016um_00158_00285-1,-1.1637049
s_016um_00221_00247-1,-1.1549869
s_016um_00352_00122-1,-1.1841476
s_016um_00065_00130-1,-1.0978949
s_016um_00366_00229-1,-1.1981194
s_016um_00074_00251-1,-1.1213555
s_016um_00088_00268-1,-1.1448377
s_016um_00080_00268-1,-1.1056452
s_016um_00285_00099-1,-1.1421837
s_016um_00121_00145-1,-1.1246622
s_016um_00076_00245-1,-1.1663688
s_016um_00332_00218-1,-1.0839235
s_016um_00210_00293-1,-1.1828264
s_016um_00220_00238-1,-1.143066
s_016um_00367_00144-1,-1.1710387
s_016um_00332_00122-1,-1.0796962
s_016um_00320_00227-1,-1.1957383
s_016um_00136_00321-1,-0.8743882
s_016um_00256_00030-1,-1.1544462
s_016um_00089_00338-1,-1.1567818
s_016um_00146_00060-1,-1.1227741
s_016um_00012_00157-1,-1.1461183
s_016um_00007_00214-1,-1.1326782
s_016um_00084_00198-1,-1.1325448
s_016um_00088_00197-1,-1.132492
s_016um_00399_00123-1,-1.2173553
s_016um_00392_00177-1,-1.1443448
s_016um_00192_00090-1,-1.1704098
s_016um_00110_00322-1,-0.66854703
s_016um_00381_00131-1,-1.1242505
s_016um_00038_00204-1,-1.1452714
s_016um_00375_00140-1,-1.156887
s_016um_00370_00120-1,-1.1463106
s_016um_00323_00298-1,-1.1611629
s_016um_00263_00337-1,-1.144839
s_016um_00079_00295-1,-1.1104306
s_016um_00352_00019-1,-1.1773579
s_016um_00009_00298-1,-1.206491
s_016um_00393_00182-1,-1.1921215
s_016um_00006_00212-1,-1.1245431
s_016um_00213_00030-1,-1.1750835
s_016um_00201_00153-1,-1.1232948
s_016um_00354_00095-1,-1.2282852
s_016um_00402_00123-1,-1.1517481
s_016um_00130_00388-1,-1.1773466
s_016um_00131_00229-1,-1.1559322
s_016um_00074_00252-1,-0.9414133
s_016um_00362_00414-1,-1.065765
s_016um_00373_00120-1,-1.1498672
s_016um_00240_00085-1,-1.1663541
s_016um_00086_00269-1,-1.1392064
s_016um_00223_00227-1,-1.1341027
s_016um_00190_00129-1,-1.1263955
s_016um_00233_00088-1,-1.2439191
s_016um_00139_00059-1,-1.1379471
s_016um_00038_00101-1,-1.1040076
s_016um_00258_00034-1,-1.1116711
s_016um_00393_00293-1,-1.1101688
s_016um_00076_00237-1,-1.1363654
s_016um_00370_00227-1,-1.1922868
s_016um_00287_00101-1,-1.2117784
s_016um_00044_00220-1,-1.1237326
s_016um_00400_00121-1,-1.080444
s_016um_00410_00150-1,-1.1111624
s_016um_00157_00290-1,-1.185292
s_016um_00076_00298-1,-1.0937839
s_016um_00204_00150-1,-1.1748819
s_016um_00320_00163-1,-1.0808874
s_016um_00391_00359-1,-0.9202872
s_016um_00289_00096-1,-1.1309047
s_016um_00159_00289-1,-1.1049427
s_016um_00369_00125-1,-1.1719947
s_016um_00048_00216-1,-1.1318184
s_016um_00328_00127-1,-1.1843882
s_016um_00242_00082-1,-1.1640482
s_016um_00221_00027-1,-1.1595421
s_016um_00369_00224-1,-1.1776365
s_016um_00086_00285-1,-1.1254689
s_016um_00097_00277-1,-1.0566088
s_016um_00115_00147-1,-1.1735653
s_016um_00361_00416-1,-1.0350952
s_016um_00085_00267-1,-1.1113838
s_016um_00006_00294-1,-1.1191616
s_016um_00131_00321-1,-0.8649511
s_016um_00327_00216-1,-1.1305214
s_016um_00129_00092-1,-1.1408718
s_016um_00399_00369-1,-1.1532371
s_016um_00394_00366-1,-1.0664258
s_016um_00124_00384-1,-1.143069
s_016um_00053_00245-1,-1.14687
s_016um_00257_00027-1,-1.1528288
s_016um_00080_00265-1,-1.1000649
s_016um_00129_00228-1,-1.1671739
s_016um_00226_00249-1,-1.1422186
s_016um_00190_00127-1,-1.0564712
s_016um_00100_00027-1,-1.0828019
s_016um_00325_00228-1,-1.1558305
s_016um_00045_00211-1,-1.1108887
s_016um_00225_00233-1,-1.1961643
s_016um_00228_00331-1,-1.0742247
s_016um_00277_00325-1,-1.1086046
s_016um_00309_00059-1,-1.1447079
s_016um_00266_00335-1,-1.1586307
s_016um_00390_00180-1,-1.1793919
s_016um_00076_00251-1,-1.0808411
s_016um_00082_00270-1,-1.1651787
s_016um_00079_00284-1,-1.1389732
s_016um_00366_00096-1,-1.1522921
s_016um_00036_00048-1,-1.1306341
s_016um_00254_00022-1,-1.134875
s_016um_00398_00257-1,-1.1405755
s_016um_00406_00145-1,-1.1478616
s_016um_00273_00325-1,-1.1340938
s_016um_00077_00250-1,-1.1216913
s_016um_00275_00203-1,-1.129585
s_016um_00410_00099-1,-1.152876
s_016um_00098_00068-1,-1.1126008
s_016um_00411_00097-1,-1.1349158
s_016um_00138_00220-1,-1.121025
s_016um_00400_00214-1,-1.1116424
s_016um_00087_00033-1,-1.0785638
s_016um_00007_00211-1,-1.1030958
s_016um_00011_00156-1,-1.0870014
s_016um_00367_00229-1,-1.1829313
s_016um_00138_00222-1,-1.1160392
s_016um_00331_00252-1,-1.1771159
s_016um_00401_00258-1,-1.1467869
s_016um_00007_00150-1,-1.1361667
s_016um_00085_00282-1,-1.1773937
s_016um_00360_00289-1,-1.1925724
s_016um_00263_00331-1,-1.1173943
s_016um_00032_00007-1,-1.1237085
s_016um_00165_00128-1,-1.0988256
s_016um_00141_00058-1,-1.14933
s_016um_00214_00017-1,-1.1237996
s_016um_00090_00277-1,-1.1391181
s_016um_00061_00129-1,-1.0123606
s_016um_00093_00341-1,-1.1488025
s_016um_00264_00336-1,-1.1761367
s_016um_00097_00322-1,-1.1137804
s_016um_00325_00165-1,-1.1220016
s_016um_00256_00031-1,-1.1237566
s_016um_00060_00243-1,-1.1816285
s_016um_00217_00230-1,-1.1548041
s_016um_00260_00188-1,-1.2032595
s_016um_00057_00244-1,-1.1380926
s_016um_00236_00090-1,-1.1341723
s_016um_00407_00125-1,-1.1133945
s_016um_00396_00177-1,-1.1694349
s_016um_00401_00218-1,-1.1486095
s_016um_00126_00382-1,-1.1906694
s_016um_00400_00215-1,-1.1354831
s_016um_00354_00115-1,-1.0850682
s_016um_00364_00098-1,-1.0991224
s_016um_00260_00186-1,-1.1331455
s_016um_00392_00178-1,-1.1833211
s_016um_00132_00383-1,-1.1730847
s_016um_00236_00189-1,-1.1491461
s_016um_00354_00019-1,-1.0518078
s_016um_00082_00067-1,-1.0759747
s_016um_00283_00095-1,-1.1373115
s_016um_00062_00234-1,-1.179831
s_016um_00090_00279-1,-1.1229867
s_016um_00324_00163-1,-1.1312858
s_016um_00396_00357-1,-0.97307205
s_016um_00255_00022-1,-1.1137307
s_016um_00008_00159-1,-1.0970552
s_016um_00269_00035-1,-1.1902988
s_016um_00034_00103-1,-1.0354007
s_016um_00331_00255-1,-1.1310982
s_016um_00080_00243-1,-1.1551831
s_016um_00169_00124-1,-1.1807703
s_016um_00218_00030-1,-1.1210611
s_016um_00261_00132-1,-1.128985
s_016um_00095_00027-1,-1.1019428
s_016um_00330_00119-1,-1.1356622
s_016um_00040_00213-1,-1.0136013
s_016um_00019_00269-1,-1.0261981
s_016um_00096_00315-1,-1.0680313
s_016um_00338_00398-1,-1.1781824
s_016um_00402_00396-1,-1.1515323
s_016um_00393_00357-1,-0.9060319
s_016um_00105_00067-1,-1.1200511
s_016um_00171_00370-1,-1.119935
s_016um_00246_00086-1,-1.1725065
s_016um_00131_00090-1,-1.1400913
s_016um_00044_00213-1,-1.1335403
s_016um_00044_00217-1,-1.1173593
s_016um_00380_00135-1,-1.1573817
s_016um_00402_00263-1,-1.1434593
s_016um_00138_00020-1,-1.1301346
s_016um_00357_00114-1,-1.1519045
s_016um_00265_00030-1,-1.1592535
s_016um_00370_00139-1,-1.188217
s_016um_00099_00323-1,-1.1317718
s_016um_00022_00269-1,-1.1444168
s_016um_00337_00253-1,-1.1529655
s_016um_00076_00295-1,-1.1107432
s_016um_00105_00387-1,-1.1625552
s_016um_00093_00323-1,-1.211828
s_016um_00145_00400-1,-1.0640627
s_016um_00264_00133-1,-1.1433005
s_016um_00194_00091-1,-1.1142297
s_016um_00226_00251-1,-1.1509693
s_016um_00011_00215-1,-1.1517699
s_016um_00172_00372-1,-1.1295494
s_016um_00324_00225-1,-1.1430256
s_016um_00199_00146-1,-1.1410766
s_016um_00214_00032-1,-1.2041535
s_016um_00397_00369-1,-1.1402079
s_016um_00241_00190-1,-1.1466819
s_016um_00373_00144-1,-1.0177112
s_016um_00368_00119-1,-1.0827668
s_016um_00137_00221-1,-1.1527154
s_016um_00323_00169-1,-1.1171666
s_016um_00012_00298-1,-1.1266129
s_016um_00182_00026-1,-1.1371113
s_016um_00312_00052-1,-1.1417452
s_016um_00192_00128-1,-1.1610336
s_016um_00046_00204-1,-1.1552092
s_016um_00398_00364-1,-1.1832
s_016um_00265_00061-1,-1.2215475
s_016um_00276_00206-1,-1.1922566
s_016um_00272_00036-1,-1.1250484
s_016um_00371_00145-1,-1.1032974
s_016um_00108_00320-1,-0.94151103
s_016um_00391_00361-1,-0.9236614
s_016um_00228_00247-1,-1.1257663
s_016um_00130_00386-1,-1.1240412
s_016um_00367_00146-1,-1.1564782
s_016um_00377_00136-1,-1.1319727
s_016um_00076_00246-1,-1.1180972
s_016um_00399_00218-1,-1.1772782
s_016um_00274_00047-1,-1.1433897
s_016um_00409_00149-1,-1.1748627
s_016um_00213_00294-1,-1.136121
s_016um_00133_00319-1,-0.8577465
s_016um_00257_00028-1,-1.115194
s_016um_00090_00341-1,-1.1018066
s_016um_00134_00228-1,-1.1849506
s_016um_00407_00103-1,-1.1900264
s_016um_00078_00250-1,-1.1156963
s_016um_00357_00115-1,-1.1652474
s_016um_00143_00062-1,-1.0779867
s_016um_00274_00322-1,-1.1727241
s_016um_00199_00152-1,-1.1024103
s_016um_00205_00151-1,-1.200267
s_016um_00093_00318-1,-1.104929
s_016um_00144_00015-1,-1.1411796
s_016um_00226_00232-1,-1.1506685
s_016um_00211_00034-1,-1.1151999
s_016um_00166_00372-1,-1.19242
s_016um_00354_00025-1,-1.1015809
s_016um_00306_00058-1,-1.2275246
s_016um_00269_00222-1,-1.0670675
s_016um_00351_00096-1,-1.1533648
s_016um_00278_00204-1,-1.0854181
s_016um_00368_00223-1,-1.1329334
s_016um_00039_00098-1,-1.1370813
s_016um_00105_00070-1,-1.1034955
s_016um_00243_00186-1,-1.1711487
s_016um_00268_00059-1,-1.114099
s_016um_00196_00093-1,-0.89001024
s_016um_00206_00146-1,-1.1644781
s_016um_00280_00313-1,-1.1560762
s_016um_00413_00098-1,-1.1052107
s_016um_00038_00205-1,-1.1322552
s_016um_00133_00070-1,-1.117455
s_016um_00044_00044-1,-1.1272768
s_016um_00387_00131-1,-1.1785713
s_016um_00389_00294-1,-1.0801802
s_016um_00173_00377-1,-1.1386579
s_016um_00217_00014-1,-1.1049513
s_016um_00139_00019-1,-1.082549
s_016um_00072_00248-1,-1.1043533
s_016um_00164_00289-1,-1.1021221
s_016um_00256_00023-1,-1.1104618
s_016um_00080_00034-1,-1.0930076
s_016um_00219_00018-1,-1.1004592
s_016um_00132_00319-1,-0.9887324
s_016um_00393_00372-1,-1.143766
s_016um_00225_00236-1,-1.1626705
s_016um_00373_00139-1,-1.1726508
s_016um_00111_00317-1,-1.1672807
s_016um_00401_00214-1,-1.1139541
s_016um_00398_00255-1,-1.1638222
s_016um_00133_00321-1,-0.66787565
s_016um_00153_00398-1,-1.1190512
s_016um_00273_00050-1,-1.2066277
s_016um_00006_00156-1,-1.0569967
s_016um_00212_00027-1,-1.165068
s_016um_00329_00216-1,-1.04307
s_016um_00169_00123-1,-1.1392777
s_016um_00262_00132-1,-1.1690681
s_016um_00216_00279-1,-1.1362506
s_016um_00089_00276-1,-1.119458
s_016um_00323_00170-1,-1.133766
s_016um_00132_00233-1,-1.1133132
s_016um_00012_00214-1,-1.1236016
s_016um_00348_00022-1,-1.1840506
s_016um_00325_00164-1,-1.1261419
s_016um_00221_00167-1,-1.1525615
s_016um_00229_00268-1,-1.1723961
s_016um_00280_00317-1,-1.1823411
s_016um_00165_00292-1,-1.1517342
s_016um_00414_00140-1,-1.2432344
s_016um_00235_00086-1,-1.1552902
s_016um_00400_00260-1,-1.1395406
s_016um_00223_00249-1,-1.1179689
s_016um_00397_00262-1,-1.1696694
s_016um_00404_00258-1,-1.1480904
s_016um_00400_00261-1,-1.1394286
s_016um_00280_00322-1,-1.0435615
s_016um_00270_00224-1,-1.1618727
s_016um_00138_00058-1,-1.1405966
s_016um_00340_00400-1,-1.181785
s_016um_00108_00389-1,-1.1447722
s_016um_00090_00278-1,-1.166869
s_016um_00351_00121-1,-1.113961
s_016um_00276_00324-1,-1.1475433
s_016um_00328_00119-1,-1.1083755
s_016um_00008_00149-1,-1.1011782
s_016um_00393_00364-1,-1.1675527
s_016um_00095_00337-1,-1.1066514
s_016um_00084_00265-1,-1.1217797
s_016um_00364_00223-1,-1.1051269
s_016um_00396_00361-1,-1.1771522
s_016um_00075_00298-1,-1.1855203
s_016um_00236_00187-1,-1.1827121
s_016um_00035_00175-1,-1.1024276
s_016um_00264_00329-1,-1.1101245
s_016um_00094_00024-1,-1.0944442
s_016um_00385_00295-1,-1.0753884
s_016um_00031_00337-1,-1.0771594
s_016um_00131_00386-1,-1.1758178
s_016um_00391_00296-1,-1.1178117
s_016um_00041_00102-1,-1.1559618
s_016um_00145_00018-1,-1.1119483
s_016um_00041_00212-1,-1.0832943
s_016um_00094_00322-1,-1.1540029
s_016um_00366_00224-1,-1.1628046
s_016um_00020_00270-1,-1.1965784
s_016um_00038_00209-1,-1.0795949
s_016um_00219_00013-1,-1.1296972
s_016um_00089_00274-1,-1.1987484
s_016um_00064_00128-1,-1.0794901
s_016um_00335_00255-1,-1.1679093
s_016um_00044_00216-1,-1.1486701
s_016um_00216_00281-1,-1.1998742
s_016um_00032_00332-1,-1.1356497
s_016um_00132_00313-1,-0.8791702
s_016um_00358_00092-1,-1.1239709
s_016um_00108_00388-1,-1.1786721
s_016um_00032_00086-1,-1.1119537
s_016um_00372_00141-1,-1.2176516
s_016um_00396_00217-1,-1.1764728
s_016um_00362_00290-1,-1.1824393
s_016um_00193_00121-1,-1.0333399
s_016um_00275_00132-1,-1.2010088
s_016um_00234_00267-1,-1.1932614
s_016um_00226_00236-1,-1.1836133
s_016um_00129_00230-1,-1.199455
s_016um_00355_00091-1,-1.172167
s_016um_00044_00174-1,-0.98656154
s_016um_00351_00020-1,-1.1191698
s_016um_00037_00099-1,-1.1038547
s_016um_00370_00229-1,-1.1112374
s_016um_00086_00282-1,-1.1544898
s_016um_00144_00014-1,-1.1341338
s_016um_00167_00123-1,-1.212975
s_016um_00232_00262-1,-1.16875
s_016um_00085_00035-1,-1.1284322
s_016um_00414_00103-1,-1.1235514
s_016um_00221_00329-1,-1.1276171
s_016um_00343_00213-1,-1.1430477
s_016um_00079_00283-1,-1.1602446
s_016um_00047_00219-1,-1.1004171
s_016um_00398_00124-1,-1.1608534
s_016um_00080_00272-1,-1.1668059
s_016um_00270_00222-1,-1.1295145
s_016um_00097_00272-1,-1.1200361
s_016um_00079_00286-1,-1.1220475
s_016um_00064_00132-1,-1.0574076
s_016um_00306_00055-1,-1.1875091
s_016um_00222_00014-1,-1.139952
s_016um_00226_00237-1,-1.1499481
s_016um_00218_00230-1,-1.1534096
s_016um_00210_00027-1,-1.186304
s_016um_00223_00247-1,-1.1527094
s_016um_00275_00046-1,-1.1423665
s_016um_00138_00018-1,-1.1287768
s_016um_00145_00020-1,-1.1210343
s_016um_00013_00214-1,-1.1326864
s_016um_00217_00225-1,-1.128812
s_016um_00125_00382-1,-1.1920509
s_016um_00192_00099-1,-1.1101911
s_016um_00063_00231-1,-1.148979
s_016um_00393_00338-1,-1.1203852
s_016um_00107_00316-1,-1.0974503
s_016um_00350_00118-1,-1.1327758
s_016um_00413_00140-1,-1.0570703
s_016um_00281_00131-1,-1.1301609
s_016um_00132_00386-1,-1.1396294
s_016um_00355_00120-1,-1.1910756
s_016um_00125_00087-1,-1.154003
s_016um_00078_00268-1,-1.1588193
s_016um_00144_00019-1,-1.1169714
s_016um_00086_00199-1,-1.1474831
s_016um_00408_00398-1,-0.93943423
s_016um_00096_00324-1,-1.1938919
s_016um_00202_00148-1,-1.1615776
s_016um_00260_00185-1,-1.0819774
s_016um_00094_00336-1,-1.1795117
s_016um_00128_00232-1,-1.1192335
s_016um_00404_00399-1,-0.91001964
s_016um_00188_00092-1,-1.1144649
s_016um_00391_00294-1,-1.1347034
s_016um_00325_00124-1,-1.1197889
s_016um_00212_00028-1,-1.1045012
s_016um_00092_00342-1,-1.1346772
s_016um_00266_00127-1,-1.1853168
s_016um_00227_00232-1,-1.1586351
s_016um_00036_00102-1,-1.1085162
s_016um_00212_00290-1,-1.1136568
s_016um_00011_00300-1,-1.1323661
s_016um_00359_00414-1,-1.1289264
s_016um_00135_00072-1,-1.1938162
s_016um_00082_00292-1,-1.1406735
s_016um_00152_00399-1,-1.0972936
s_016um_00274_00230-1,-1.1290386
s_016um_00194_00126-1,-1.1453525
s_016um_00355_00022-1,-1.1982741
s_016um_00402_00124-1,-1.1563009
s_016um_00229_00250-1,-1.1308159
s_016um_00218_00026-1,-1.1727177
s_016um_00179_00027-1,-1.2026582
s_016um_00213_00031-1,-1.182173
s_016um_00014_00269-1,-1.1774276
s_016um_00398_00220-1,-1.1793712
s_016um_00129_00385-1,-1.1249989
s_016um_00352_00116-1,-1.1466892
s_016um_00215_00012-1,-1.165887
s_016um_00221_00025-1,-1.0816869
s_016um_00235_00356-1,-1.1058471
s_016um_00380_00130-1,-1.1224881
s_016um_00084_00280-1,-1.1433036
s_016um_00204_00148-1,-1.1604912
s_016um_00309_00057-1,-1.1843307
s_016um_00358_00120-1,-1.125403
s_016um_00275_00138-1,-1.147267
s_016um_00033_00099-1,-1.1319308
s_016um_00080_00238-1,-1.1206168
s_016um_00010_00209-1,-1.0940461
s_016um_00281_00322-1,-0.90957254
s_016um_00078_00283-1,-1.149796
s_016um_00262_00333-1,-1.1331085
s_016um_00237_00090-1,-1.1425197
s_016um_00083_00032-1,-1.0925441
s_016um_00324_00164-1,-1.143853
s_016um_00321_00226-1,-1.145791
s_016um_00048_00244-1,-1.1473584
s_016um_00326_00123-1,-1.1284318
s_016um_00268_00029-1,-1.2363979
s_016um_00243_00185-1,-1.1184299
s_016um_00322_00164-1,-1.1077763
s_016um_00387_00297-1,-1.1104722
s_016um_00080_00242-1,-1.2291688
s_016um_00226_00246-1,-1.1618019
s_016um_00392_00345-1,-0.8696115
s_016um_00142_00058-1,-1.0915011
s_016um_00012_00155-1,-1.1552353
s_016um_00404_00151-1,-1.0964464
s_016um_00214_00027-1,-1.1018329
s_016um_00088_00030-1,-1.1099892
s_016um_00234_00085-1,-1.1143647
s_016um_00254_00027-1,-1.1815789
s_016um_00145_00055-1,-1.0638629
s_016um_00338_00403-1,-1.1984502
s_016um_00222_00026-1,-1.1232047
s_016um_00397_00371-1,-1.1494108
s_016um_00248_00083-1,-1.1385504
s_016um_00093_00315-1,-1.1109053
s_016um_00278_00320-1,-1.1419355
s_016um_00035_00011-1,-1.1053166
s_016um_00221_00171-1,-1.1232321
s_016um_00235_00354-1,-1.1015735
s_016um_00143_00053-1,-1.0687847
s_016um_00171_00122-1,-1.157984
s_016um_00354_00291-1,-1.1389266
s_016um_00042_00046-1,-1.1300714
s_016um_00006_00297-1,-1.1576478
s_016um_00269_00036-1,-1.1350566
s_016um_00225_00328-1,-1.1907631
s_016um_00232_00091-1,-1.1559287
s_016um_00135_00227-1,-1.1752263
s_016um_00333_00249-1,-1.127208
s_016um_00003_00154-1,-1.0807445
s_016um_00215_00283-1,-1.1748555
s_016um_00047_00239-1,-1.0862106
s_016um_00393_00369-1,-1.1090575
s_016um_00358_00114-1,-1.1206961
s_016um_00265_00129-1,-1.1760908
s_016um_00359_00290-1,-1.1186315
s_016um_00220_00174-1,-1.1851125
s_016um_00341_00217-1,-1.19522
s_016um_00211_00028-1,-1.0510408
s_016um_00086_00070-1,-1.165396
s_016um_00036_00174-1,-1.0924613
s_016um_00374_00117-1,-1.1531565
s_016um_00196_00092-1,-0.90410817
s_016um_00366_00227-1,-1.155952
s_016um_00418_00135-1,-1.118559
s_016um_00222_00228-1,-1.1387926
s_016um_00091_00279-1,-1.0955504
s_016um_00390_00292-1,-1.1136454
s_016um_00043_00213-1,-1.1197416
s_016um_00335_00257-1,-1.19943
s_016um_00400_00255-1,-1.1456232
s_016um_00135_00318-1,-0.8122439
s_016um_00033_00102-1,-1.0918531
s_016um_00013_00213-1,-1.1229258
s_016um_00367_00142-1,-1.1570474
s_016um_00168_00373-1,-1.1280621
s_016um_00331_00125-1,-1.1475165
s_016um_00143_00054-1,-1.1203276
s_016um_00358_00416-1,-1.1591707
s_016um_00239_00190-1,-1.2228285
s_016um_00132_00227-1,-1.1213979
s_016um_00005_00300-1,-1.1550652
s_016um_00030_00090-1,-1.1442193
s_016um_00129_00088-1,-1.1502382
s_016um_00399_00181-1,-1.145433
s_016um_00401_00127-1,-1.2111893
s_016um_00360_00290-1,-1.1707178
s_016um_00007_00208-1,-1.1193063
s_016um_00396_00212-1,-1.1579028
s_016um_00222_00229-1,-1.102367
s_016um_00326_00301-1,-1.1927384
s_016um_00405_00152-1,-1.1427133
s_016um_00382_00127-1,-1.2099808
s_016um_00143_00017-1,-1.1146762
s_016um_00382_00132-1,-1.1293753
s_016um_00336_00398-1,-1.1484051
s_016um_00270_00059-1,-1.1842499
s_016um_00334_00210-1,-1.1307801
s_016um_00142_00056-1,-1.1246732
s_016um_00004_00151-1,-1.0537263
s_016um_00223_00166-1,-1.1896148
s_016um_00277_00051-1,-1.1902703
s_016um_00043_00211-1,-1.1196749
s_016um_00249_00086-1,-1.1796657
s_016um_00221_00282-1,-1.1336821
s_016um_00071_00251-1,-1.1349851
s_016um_00204_00145-1,-1.1434888
s_016um_00267_00330-1,-1.1670227
s_016um_00390_00340-1,-1.136884
s_016um_00274_00051-1,-1.1515605
s_016um_00256_00189-1,-1.1973643
s_016um_00279_00316-1,-1.1599455
s_016um_00224_00167-1,-1.1694427
s_016um_00086_00197-1,-1.1134536
s_016um_00209_00034-1,-1.1447614
s_016um_00170_00371-1,-1.1400311
s_016um_00128_00386-1,-1.1364249
s_016um_00103_00071-1,-1.1187171
s_016um_00046_00215-1,-1.1457956
s_016um_00355_00095-1,-1.1868222
s_016um_00393_00297-1,-1.095284
s_016um_00081_00036-1,-1.0860757
s_016um_00157_00287-1,-1.1679821
s_016um_00139_00217-1,-1.1337264
s_016um_00269_00332-1,-1.1503321
s_016um_00068_00230-1,-1.1739148
s_016um_00219_00231-1,-1.1110351
s_016um_00105_00386-1,-1.1421232
s_016um_00272_00048-1,-1.1913887
s_016um_00392_00183-1,-1.1873118
s_016um_00037_00105-1,-1.0884765
s_016um_00235_00183-1,-1.1356478
s_016um_00392_00359-1,-1.0717504
s_016um_00242_00187-1,-1.0954709
s_016um_00130_00389-1,-1.0816437
s_016um_00047_00237-1,-1.1193383
s_016um_00131_00318-1,-1.0390575
s_016um_00230_00356-1,-1.0642262
s_016um_00196_00125-1,-1.1888742
s_016um_00171_00374-1,-1.1304941
s_016um_00103_00067-1,-1.0539793
s_016um_00358_00295-1,-1.1669544
s_016um_00011_00293-1,-1.0269618
s_016um_00106_00391-1,-1.1660243
s_016um_00078_00243-1,-1.1466794
s_016um_00081_00194-1,-1.1211375
s_016um_00147_00402-1,-1.1494291
s_016um_00068_00232-1,-1.1891016
s_016um_00390_00291-1,-1.1367464
s_016um_00009_00152-1,-1.107397
s_016um_00041_00101-1,-1.0096844
s_016um_00200_00146-1,-1.1538079
s_016um_00381_00140-1,-1.1263024
s_016um_00268_00131-1,-1.1163247
s_016um_00195_00128-1,-1.0552502
s_016um_00131_00233-1,-1.1851335
s_016um_00040_00042-1,-1.083849
s_016um_00275_00137-1,-1.1783851
s_016um_00065_00236-1,-1.0779587
s_016um_00337_00257-1,-1.1466942
s_016um_00072_00234-1,-1.1164547
s_016um_00398_00214-1,-1.1308913
s_016um_00311_00058-1,-1.1020873
s_016um_00258_00033-1,-1.1395631
s_016um_00091_00267-1,-1.1450834
s_016um_00221_00029-1,-1.1486124
s_016um_00225_00031-1,-1.1392536
s_016um_00116_00149-1,-1.1315346
s_016um_00234_00362-1,-1.1499166
s_016um_00233_00263-1,-1.1613069
s_016um_00125_00088-1,-1.1204263
s_016um_00224_00169-1,-1.088346
s_016um_00366_00097-1,-1.1202497
s_016um_00061_00128-1,-1.0482218
s_016um_00021_00269-1,-1.1291804
s_016um_00261_00185-1,-1.1139816
s_016um_00385_00296-1,-1.1205183
s_016um_00130_00320-1,-0.9434057
s_016um_00255_00027-1,-1.1855626
s_016um_00331_00209-1,-1.0802717
s_016um_00005_00155-1,-1.0827818
s_016um_00211_00293-1,-1.1611005
s_016um_00330_00126-1,-1.1535996
s_016um_00174_00373-1,-1.1621579
s_016um_00084_00284-1,-1.0906003
s_016um_00239_00186-1,-1.1449672
s_016um_00278_00049-1,-1.1714342
s_016um_00098_00320-1,-1.1725014
s_016um_00047_00243-1,-1.0884311
s_016um_00107_00386-1,-1.1597432
s_016um_00336_00254-1,-1.156014
s_016um_00266_00031-1,-1.1377072
s_016um_00233_00261-1,-1.1255921
s_016um_00410_00105-1,-1.1257007
s_016um_00266_00033-1,-1.1681769
s_016um_00189_00126-1,-1.2276633
s_016um_00078_00295-1,-1.1224396
s_016um_00047_00245-1,-1.1524212
s_016um_00274_00132-1,-1.171764
s_016um_00225_00239-1,-1.1270949
s_016um_00215_00279-1,-1.1809644
s_016um_00092_00278-1,-1.1317825
s_016um_00399_00215-1,-1.1937493
s_016um_00394_00362-1,-1.0980519
s_016um_00374_00139-1,-1.1299758
s_016um_00225_00244-1,-1.1387563
s_016um_00219_00025-1,-1.1936944
s_016um_00079_00249-1,-1.1467165
s_016um_00327_00211-1,-1.1381396
s_016um_00010_00215-1,-1.0722703
s_016um_00412_00139-1,-1.1594833
s_016um_00096_00317-1,-1.1917663
s_016um_00130_00384-1,-1.1312492
s_016um_00039_00175-1,-1.1048936
s_016um_00215_00016-1,-1.1581966
s_016um_00167_00127-1,-1.182388
s_016um_00077_00245-1,-1.0969088
s_016um_00371_00125-1,-1.1155534
s_016um_00240_00088-1,-1.1741298
s_016um_00280_00323-1,-1.1031219
s_016um_00223_00028-1,-1.127931
s_016um_00139_00216-1,-1.0325899
s_016um_00133_00226-1,-1.1282235
s_016um_00389_00338-1,-1.1208171
s_016um_00365_00097-1,-1.1657658
s_016um_00073_00240-1,-1.1844314
s_016um_00129_00390-1,-1.148043
s_016um_00214_00016-1,-1.1182499
s_016um_00071_00248-1,-1.130673
s_016um_00044_00204-1,-1.1467874
s_016um_00101_00068-1,-1.1345142
s_016um_00184_00033-1,-1.0739301
s_016um_00126_00086-1,-1.1499481
s_016um_00098_00025-1,-1.1024257
s_016um_00080_00198-1,-1.0819678
s_016um_00067_00236-1,-1.0724361
s_016um_00320_00303-1,-1.10779
s_016um_00169_00377-1,-1.1168296
s_016um_00391_00295-1,-1.1091704
s_016um_00043_00210-1,-1.1641212
s_016um_00401_00123-1,-1.1324809
s_016um_00081_00028-1,-1.1234198
s_016um_00277_00047-1,-1.1160728
s_016um_00290_00098-1,-1.1883994
s_016um_00233_00359-1,-1.1483183
s_016um_00232_00357-1,-1.0752529
s_016um_00228_00235-1,-1.1502635
s_016um_00101_00064-1,-1.0897907
s_016um_00370_00097-1,-1.1129465
s_016um_00032_00088-1,-1.2103888
s_016um_00388_00127-1,-1.181687
s_016um_00135_00322-1,-0.96500903
s_016um_00288_00095-1,-1.208716
s_016um_00041_00179-1,-1.135829
s_016um_00146_00057-1,-1.098381
s_016um_00234_00264-1,-1.2085001
s_016um_00044_00045-1,-1.159005
s_016um_00055_00243-1,-1.014923
s_016um_00334_00211-1,-1.1414418
s_016um_00201_00147-1,-1.1546946
s_016um_00414_00135-1,-1.1712439
s_016um_00221_00026-1,-1.1486764
s_016um_00269_00031-1,-1.1576616
s_016um_00127_00229-1,-1.1490252
s_016um_00139_00077-1,-1.0356772
s_016um_00046_00206-1,-1.1998826
s_016um_00212_00031-1,-1.1431996
s_016um_00253_00023-1,-1.1090636
s_016um_00102_00388-1,-1.1334674
s_016um_00306_00053-1,-1.1187726
s_016um_00215_00292-1,-1.13404
s_016um_00103_00065-1,-1.0828452
s_016um_00090_00273-1,-1.1790955
s_016um_00409_00103-1,-1.1550213
s_016um_00098_00024-1,-1.1393309
s_016um_00043_00172-1,-1.0552198
s_016um_00353_00089-1,-1.143567
s_016um_00118_00146-1,-1.1042265
s_016um_00399_00217-1,-1.089728
s_016um_00193_00124-1,-1.148487
s_016um_00125_00091-1,-1.1264694
s_016um_00014_00268-1,-1.1305112
s_016um_00206_00153-1,-1.1223488
s_016um_00096_00319-1,-1.1472363
s_016um_00363_00098-1,-1.1188229
s_016um_00114_00315-1,-1.1320125
s_016um_00055_00244-1,-1.0357178
s_016um_00329_00254-1,-1.1341405
s_016um_00087_00196-1,-1.1348083
s_016um_00009_00157-1,-1.0739794
s_016um_00074_00246-1,-1.1550512
s_016um_00200_00150-1,-1.1269916
s_016um_00009_00301-1,-1.1291126
s_016um_00151_00394-1,-1.1195476
s_016um_00393_00368-1,-1.1243068
s_016um_00081_00198-1,-1.1564713
s_016um_00277_00328-1,-1.1809139
s_016um_00038_00045-1,-1.0085801
s_016um_00397_00365-1,-1.1558031
s_016um_00132_00385-1,-1.1788863
s_016um_00399_00365-1,-1.1126486
s_016um_00101_00386-1,-1.1170088
s_016um_00409_00146-1,-1.1595007
s_016um_00123_00146-1,-1.1506706
s_016um_00379_00138-1,-1.1589638
s_016um_00265_00334-1,-1.199868
s_016um_00075_00253-1,-0.8828399
s_016um_00372_00145-1,-1.0700877
s_016um_00245_00084-1,-1.1022277
s_016um_00266_00329-1,-1.166391
s_016um_00404_00127-1,-1.1687049
s_016um_00143_00021-1,-1.1575326
s_016um_00037_00096-1,-1.0962327
s_016um_00215_00017-1,-1.2110548
s_016um_00417_00136-1,-1.0922744
s_016um_00192_00122-1,-1.0933403
s_016um_00077_00237-1,-1.1311963
s_016um_00329_00214-1,-1.0459824
s_016um_00220_00228-1,-1.1630085
s_016um_00027_00334-1,-1.0435671
s_016um_00356_00294-1,-1.1154772
s_016um_00373_00141-1,-1.1733449
s_016um_00276_00053-1,-1.1799374
s_016um_00098_00032-1,-1.1469454
s_016um_00345_00214-1,-1.1679087
s_016um_00130_00322-1,-1.1021733
s_016um_00093_00276-1,-1.1260394
s_016um_00036_00045-1,-1.1498591
s_016um_00215_00294-1,-1.1432592
s_016um_00285_00100-1,-1.1494001
s_016um_00404_00145-1,-1.101806
s_016um_00224_00334-1,-1.1480081
s_016um_00083_00263-1,-1.1432209
s_016um_00395_00359-1,-1.0889534
s_016um_00044_00219-1,-1.1062162
s_016um_00265_00059-1,-1.0562767
s_016um_00116_00144-1,-1.0194639
s_016um_00194_00125-1,-1.2056174
s_016um_00308_00056-1,-1.1703998
s_016um_00008_00209-1,-1.0835291
s_016um_00125_00090-1,-1.0794203
s_016um_00031_00090-1,-1.1672335
s_016um_00219_00014-1,-1.139549
s_016um_00415_00143-1,-1.2009567
s_016um_00038_00174-1,-1.1510423
s_016um_00279_00328-1,-1.1334137
s_016um_00227_00246-1,-1.1265892
s_016um_00132_00321-1,-0.81170714
s_016um_00151_00400-1,-1.1679937
s_016um_00382_00139-1,-1.1869254
s_016um_00162_00291-1,-1.162788
s_016um_00111_00319-1,-1.1106807
s_016um_00263_00060-1,-1.1570234
s_016um_00170_00375-1,-1.1672403
s_016um_00406_00402-1,-0.9560405
s_016um_00328_00215-1,-1.0923072
s_016um_00080_00296-1,-1.1442833
s_016um_00075_00251-1,-1.0665662
s_016um_00241_00188-1,-1.2032311
s_016um_00263_00333-1,-1.2021788
s_016um_00017_00266-1,-1.1561629
s_016um_00131_00225-1,-1.0988016
s_016um_00181_00028-1,-1.1517396
s_016um_00217_00013-1,-1.1553453
s_016um_00221_00017-1,-1.1129882
s_016um_00083_00192-1,-1.1415747
s_016um_00079_00200-1,-1.1511233
s_016um_00071_00249-1,-1.1266527
s_016um_00264_00335-1,-1.1021067
s_016um_00152_00401-1,-1.1161666
s_016um_00275_00325-1,-1.1336135
s_016um_00279_00136-1,-1.121332
s_016um_00042_00174-1,-1.12161
s_016um_00217_00228-1,-1.1570715
s_016um_00164_00292-1,-1.164403
s_016um_00414_00139-1,-1.1624881
s_016um_00287_00099-1,-1.1231297
s_016um_00392_00291-1,-1.1961813
s_016um_00105_00317-1,-1.1516626
s_016um_00267_00031-1,-1.127681
s_016um_00033_00337-1,-1.1176996
s_016um_00033_00006-1,-1.0598009
s_016um_00146_00019-1,-1.1413671
s_016um_00376_00124-1,-1.179424
s_016um_00144_00056-1,-1.0876437
s_016um_00041_00238-1,-1.1730276
s_016um_00330_00250-1,-1.1550654
s_016um_00276_00135-1,-1.1820925
s_016um_00387_00340-1,-1.1698225
s_016um_00100_00068-1,-1.1401815
s_016um_00279_00323-1,-1.1973964
s_016um_00229_00246-1,-1.1349872
s_016um_00307_00057-1,-1.1668574
s_016um_00395_00342-1,-1.112022
s_016um_00270_00028-1,-1.2139647
s_016um_00345_00212-1,-1.185426
s_016um_00394_00183-1,-1.1388081
s_016um_00079_00243-1,-1.1583166
s_016um_00341_00402-1,-1.1774807
s_016um_00009_00215-1,-1.1395907
s_016um_00414_00101-1,-1.1588995
s_016um_00121_00143-1,-1.0422721
s_016um_00009_00292-1,-1.1262888
s_016um_00235_00260-1,-1.1605029
s_016um_00082_00237-1,-1.1301966
s_016um_00165_00125-1,-1.2087662
s_016um_00152_00400-1,-1.203982
s_016um_00102_00387-1,-1.1243068
s_016um_00025_00088-1,-1.0537566
s_016um_00079_00251-1,-1.1787963
s_016um_00216_00171-1,-1.151997
s_016um_00265_00328-1,-1.1326522
s_016um_00011_00298-1,-1.1014326
s_016um_00010_00301-1,-1.1184858
s_016um_00276_00202-1,-1.2002671
s_016um_00167_00130-1,-1.1796813
s_016um_00356_00288-1,-1.1119267
s_016um_00128_00094-1,-1.1411786
s_016um_00094_00030-1,-1.1375779
s_016um_00098_00323-1,-1.1391796
s_016um_00063_00132-1,-1.0944895
s_016um_00145_00401-1,-1.1415457
s_016um_00387_00292-1,-1.1205075
s_016um_00242_00087-1,-1.1279143
s_016um_00087_00065-1,-1.0103046
s_016um_00059_00242-1,-1.1585706
s_016um_00326_00118-1,-1.1628271
s_016um_00407_00145-1,-1.1159123
s_016um_00112_00318-1,-1.1940303
s_016um_00011_00294-1,-1.0858201
s_016um_00370_00095-1,-1.1562167
s_016um_00007_00207-1,-1.1433921
s_016um_00162_00292-1,-1.1145724
s_016um_00139_00020-1,-1.0993873
s_016um_00384_00135-1,-1.0653408
s_016um_00090_00265-1,-1.1113497
s_016um_00332_00255-1,-1.1888999
s_016um_00270_00327-1,-1.1144209
s_016um_00388_00131-1,-1.0974468
s_016um_00004_00152-1,-1.1146163
s_016um_00204_00149-1,-1.1578159
s_016um_00196_00094-1,-1.0586852
s_016um_00273_00315-1,-1.2239093
s_016um_00036_00097-1,-1.1058359
s_016um_00036_00173-1,-1.1017733
s_016um_00215_00296-1,-1.1252743
s_016um_00257_00189-1,-1.2181747
s_016um_00380_00133-1,-1.1599872
s_016um_00129_00090-1,-1.0697238
s_016um_00354_00116-1,-1.1680441
s_016um_00063_00233-1,-1.0584921
s_016um_00234_00091-1,-1.1065875
s_016um_00213_00291-1,-1.1875937
s_016um_00044_00205-1,-1.1294547
s_016um_00133_00315-1,-0.6592406
s_016um_00034_00006-1,-1.1166962
s_016um_00365_00094-1,-1.098885
s_016um_00334_00250-1,-1.1634122
s_016um_00259_00130-1,-1.1886107
s_016um_00253_00019-1,-1.1674514
s_016um_00236_00089-1,-1.2238599
s_016um_00096_00027-1,-1.1361499
s_016um_00265_00130-1,-1.1788538
s_016um_00330_00251-1,-1.1357868
s_016um_00098_00026-1,-1.134625
s_016um_00395_00368-1,-1.1386333
s_016um_00337_00251-1,-1.0841423
s_016um_00366_00228-1,-1.1676657
s_016um_00279_00049-1,-1.0931196
s_016um_00276_00044-1,-1.1248177
s_016um_00008_00301-1,-1.1362501
s_016um_00279_00322-1,-1.0622282
s_016um_00096_00314-1,-1.1621405
s_016um_00324_00125-1,-1.1550027
s_016um_00401_00216-1,-1.1697056
s_016um_00223_00243-1,-1.106808
s_016um_00222_00017-1,-0.9715456
s_016um_00134_00320-1,-0.9173861
s_016um_00309_00053-1,-1.1505333
s_016um_00263_00336-1,-1.0766119
s_016um_00104_00392-1,-1.1515666
s_016um_00364_00224-1,-1.1109954
s_016um_00394_00341-1,-1.1039847
s_016um_00034_00100-1,-1.0978549
s_016um_00070_00230-1,-1.1678002
s_016um_00396_00260-1,-1.1613897
s_016um_00411_00106-1,-1.1215905
s_016um_00029_00329-1,-1.0892099
s_016um_00143_00019-1,-1.1626565
s_016um_00326_00304-1,-1.1572819
s_016um_00263_00126-1,-1.1516215
s_016um_00281_00137-1,-1.1714295
s_016um_00370_00124-1,-1.0728601
s_016um_00081_00241-1,-1.1238463
s_016um_00375_00120-1,-1.1465023
s_016um_00223_00237-1,-1.1567584
s_016um_00329_00255-1,-1.2021812
s_016um_00355_00096-1,-1.1608725
s_016um_00193_00093-1,-1.1911477
s_016um_00349_00216-1,-1.0976437
s_016um_00019_00270-1,-1.1802863
s_016um_00094_00335-1,-1.1555558
s_016um_00146_00402-1,-1.163226
s_016um_00058_00246-1,-1.0668489
s_016um_00235_00264-1,-1.1478275
s_016um_00268_00054-1,-1.0888226
s_016um_00041_00171-1,-1.1458342
s_016um_00409_00104-1,-1.1927947
s_016um_00400_00371-1,-1.211898
s_016um_00377_00133-1,-1.1086402
s_016um_00373_00142-1,-1.0565553
s_016um_00269_00058-1,-1.1494066
s_016um_00149_00399-1,-1.1736903
s_016um_00264_00337-1,-1.1301782
s_016um_00099_00065-1,-1.1417117
s_016um_00164_00127-1,-1.0951635
s_016um_00272_00315-1,-1.1424416
s_016um_00386_00291-1,-1.1106873
s_016um_00142_00055-1,-1.1281459
s_016um_00226_00247-1,-1.1357187
s_016um_00012_00152-1,-1.0911807
s_016um_00279_00327-1,-1.0966928
s_016um_00036_00333-1,-1.0808595
s_016um_00044_00203-1,-1.0892999
s_016um_00165_00289-1,-1.149751
s_016um_00095_00274-1,-1.140318
s_016um_00276_00319-1,-1.1203077
s_016um_00398_00219-1,-1.1744307
s_016um_00087_00036-1,-1.0647702
s_016um_00130_00228-1,-1.1518474
s_016um_00170_00377-1,-1.1123452
s_016um_00334_00216-1,-1.0914356
s_016um_00040_00173-1,-1.1299335
s_016um_00282_00134-1,-1.1349152
s_016um_00261_00031-1,-1.1404208
s_016um_00103_00069-1,-1.0826714
s_016um_00372_00095-1,-1.1398124
s_016um_00396_00259-1,-1.1588488
s_016um_00165_00288-1,-1.05217
s_016um_00167_00122-1,-1.2394838
s_016um_00103_00384-1,-1.1538233
s_016um_00324_00119-1,-1.0721325
s_016um_00079_00279-1,-1.1307155
s_016um_00404_00125-1,-1.1588101
s_016um_00388_00292-1,-1.1014851
s_016um_00260_00030-1,-1.131498
s_016um_00180_00031-1,-1.1445931
s_016um_00327_00226-1,-1.1544294
s_016um_00350_00023-1,-1.1744418
s_016um_00203_00147-1,-1.1337559
s_016um_00263_00059-1,-1.1179738
s_016um_00236_00263-1,-1.1607543
s_016um_00228_00262-1,-1.1407014
s_016um_00393_00178-1,-1.1504387
s_016um_00135_00316-1,-0.85824275
s_016um_00408_00149-1,-1.0929397
s_016um_00395_00219-1,-1.1162499
s_016um_00100_00319-1,-1.1049896
s_016um_00098_00028-1,-1.112303
s_016um_00385_00134-1,-1.0874052
s_016um_00373_00098-1,-1.2387521
s_016um_00278_00323-1,-1.100311
s_016um_00097_00323-1,-1.1351966
s_016um_00141_00074-1,-1.0837699
s_016um_00021_00265-1,-1.1235206
s_016um_00091_00336-1,-1.1461307
s_016um_00092_00336-1,-1.1897104
s_016um_00407_00126-1,-1.1442674
s_016um_00392_00364-1,-1.1315867
s_016um_00100_00030-1,-1.1503428
s_016um_00081_00295-1,-1.1442002
s_016um_00416_00143-1,-1.165972
s_016um_00328_00124-1,-1.135178
s_016um_00247_00085-1,-1.1063157
s_016um_00058_00248-1,-1.1567403
s_016um_00274_00203-1,-1.1467704
s_016um_00082_00068-1,-1.1181996
s_016um_00335_00217-1,-1.0554724
s_016um_00006_00157-1,-1.1679215
s_016um_00406_00122-1,-1.1092865
s_016um_00143_00060-1,-1.0312089
s_016um_00226_00244-1,-1.1378921
s_016um_00217_00276-1,-1.1414856
s_016um_00233_00268-1,-1.1524665
s_016um_00275_00226-1,-1.1955132
s_016um_00217_00229-1,-1.1346562
s_016um_00256_00033-1,-1.1413978
s_016um_00231_00264-1,-1.1522365
s_016um_00204_00146-1,-1.1460524
s_016um_00065_00124-1,-1.0398734
s_016um_00394_00363-1,-1.2385764
s_016um_00356_00413-1,-1.1269866
s_016um_00035_00336-1,-1.1544423
s_016um_00083_00270-1,-1.1991439
s_016um_00389_00181-1,-1.1646252
s_016um_00399_00255-1,-1.1466388
s_016um_00409_00151-1,-1.1812128
s_016um_00079_00199-1,-1.1790978
s_016um_00047_00238-1,-1.1554943
s_016um_00395_00340-1,-1.086161
s_016um_00188_00093-1,-1.192476
s_016um_00233_00360-1,-1.1673871
s_016um_00018_00267-1,-1.1767153
s_016um_00239_00182-1,-1.1617279
s_016um_00214_00297-1,-1.2497911
s_016um_00131_00320-1,-0.59290415
s_016um_00283_00098-1,-1.1484629
s_016um_00041_00046-1,-1.0919067
s_016um_00229_00333-1,-1.1217324
s_016um_00100_00320-1,-1.0945343
s_016um_00074_00241-1,-1.1755972
s_016um_00145_00022-1,-1.1287198
s_016um_00202_00150-1,-1.1425593
s_016um_00397_00372-1,-1.1101508
s_016um_00170_00124-1,-1.0945548
s_016um_00221_00012-1,-1.126815
s_016um_00273_00032-1,-1.1263638
s_016um_00006_00151-1,-1.0359052
s_016um_00075_00245-1,-1.1367221
s_016um_00080_00196-1,-1.1119087
s_016um_00158_00286-1,-1.0926536
s_016um_00148_00398-1,-1.1262846
s_016um_00268_00028-1,-1.137338
s_016um_00322_00305-1,-1.1767864
s_016um_00088_00029-1,-1.1661023
s_016um_00012_00210-1,-1.1432917
s_016um_00212_00294-1,-1.1984005
s_016um_00063_00235-1,-1.026702
s_016um_00149_00395-1,-1.2153602
s_016um_00164_00129-1,-1.1216027
s_016um_00377_00137-1,-1.123073
s_016um_00139_00016-1,-1.1152475
s_016um_00369_00120-1,-1.1159095
s_016um_00267_00055-1,-1.1935871
s_016um_00408_00148-1,-1.1278284
s_016um_00275_00321-1,-1.1350578
s_016um_00362_00288-1,-1.1732821
s_016um_00236_00265-1,-1.1498151
s_016um_00039_00209-1,-1.1442364
s_016um_00282_00096-1,-1.1717155
s_016um_00096_00321-1,-1.1952726
s_016um_00218_00016-1,-1.130695
s_016um_00414_00138-1,-1.16564
s_016um_00156_00289-1,-1.1582341
s_016um_00135_00321-1,-0.82460093
s_016um_00270_00225-1,-1.1344837
s_016um_00401_00217-1,-1.1535941
s_016um_00133_00232-1,-1.171109
s_016um_00310_00055-1,-1.1041015
s_016um_00079_00299-1,-1.1222476
s_016um_00267_00057-1,-0.9777066
s_016um_00332_00211-1,-1.1292542
s_016um_00243_00085-1,-1.2023703
s_016um_00030_00091-1,-1.1152102
s_016um_00392_00362-1,-1.096515
s_016um_00323_00224-1,-1.1127361
s_016um_00065_00132-1,-1.0663564
s_016um_00354_00026-1,-1.1718633
s_016um_00325_00305-1,-1.1793073
s_016um_00361_00292-1,-1.1735207
s_016um_00219_00172-1,-1.1061329
s_016um_00279_00051-1,-1.2265667
s_016um_00408_00102-1,-1.1645261
s_016um_00044_00243-1,-1.1854309
s_016um_00400_00262-1,-1.1294442
s_016um_00267_00028-1,-1.1095988
s_016um_00223_00172-1,-1.1913466
s_016um_00087_00073-1,-1.1394124
s_016um_00039_00171-1,-1.1391239
s_016um_00136_00070-1,-1.1155792
s_016um_00270_00035-1,-1.148405
s_016um_00328_00217-1,-1.1207399
s_016um_00247_00020-1,-1.1649698
s_016um_00269_00334-1,-1.0895027
s_016um_00398_00263-1,-1.1589624
s_016um_00270_00227-1,-1.149399
s_016um_00077_00251-1,-1.0807053
s_016um_00335_00256-1,-1.171587
s_016um_00062_00130-1,-1.0600882
s_016um_00269_00226-1,-1.1709946
s_016um_00362_00225-1,-1.1827238
s_016um_00364_00096-1,-1.1827455
s_016um_00216_00277-1,-1.0597005
s_016um_00093_00275-1,-1.1875076
s_016um_00043_00176-1,-1.1167848
s_016um_00277_00133-1,-1.1564083
s_016um_00138_00072-1,-1.1410346
s_016um_00130_00318-1,-0.84882367
s_016um_00323_00122-1,-1.1702875
s_016um_00082_00286-1,-1.1392412
s_016um_00411_00101-1,-1.1566468
s_016um_00068_00125-1,-1.1259042
s_016um_00096_00030-1,-1.1083881
s_016um_00036_00101-1,-1.0276355
s_016um_00273_00033-1,-1.2146311
s_016um_00063_00236-1,-1.0807457
s_016um_00144_00057-1,-1.0557672
s_016um_00375_00143-1,-1.1024905
s_016um_00037_00179-1,-1.1924722
s_016um_00080_00197-1,-1.0953181
s_016um_00334_00399-1,-1.1580098
s_016um_00378_00132-1,-1.1763715
s_016um_00335_00397-1,-1.1272594
s_016um_00198_00125-1,-1.1420324
s_016um_00236_00084-1,-1.1073724
s_016um_00383_00129-1,-1.095765
s_016um_00393_00185-1,-1.115314
s_016um_00224_00244-1,-1.1222069
s_016um_00226_00335-1,-1.187933
s_016um_00274_00208-1,-1.1542857
s_016um_00082_00280-1,-1.1020253
s_016um_00078_00279-1,-1.1326103
s_016um_00255_00188-1,-1.2324022
s_016um_00395_00215-1,-1.1479187
s_016um_00135_00222-1,-1.0797074
s_016um_00162_00287-1,-0.9729012
s_016um_00084_00072-1,-1.1130852
s_016um_00079_00248-1,-1.1137221
s_016um_00089_00269-1,-1.1564981
s_016um_00399_00259-1,-1.1315717
s_016um_00072_00249-1,-1.1582255
s_016um_00135_00315-1,-0.77191556
s_016um_00329_00302-1,-1.108121
s_016um_00396_00372-1,-1.1357085
s_016um_00041_00242-1,-1.1280185
s_016um_00014_00211-1,-1.104429
s_016um_00326_00302-1,-1.1507553
s_016um_00058_00244-1,-1.1532087
s_016um_00182_00032-1,-1.0658536
s_016um_00241_00186-1,-1.2052401
s_016um_00204_00147-1,-1.1657519
s_016um_00406_00396-1,-0.9345201
s_016um_00087_00072-1,-1.0987976
s_016um_00218_00028-1,-1.1558616
s_016um_00143_00016-1,-1.0932981
s_016um_00248_00027-1,-1.2098557
s_016um_00008_00210-1,-1.1289741
s_016um_00408_00104-1,-1.1437789
s_016um_00006_00150-1,-1.0491067
s_016um_00076_00242-1,-1.1696395
s_016um_00238_00092-1,-1.1829115
s_016um_00236_00092-1,-1.1687346
s_016um_00417_00143-1,-1.2045827
s_016um_00042_00178-1,-1.1547415
s_016um_00389_00296-1,-1.1624966
s_016um_00384_00127-1,-1.1880337
s_016um_00272_00207-1,-1.1472522
s_016um_00386_00294-1,-1.126215
s_016um_00110_00313-1,-1.1123687
s_016um_00211_00294-1,-1.1286501
s_016um_00057_00245-1,-1.1607922
s_016um_00170_00121-1,-1.0725734
s_016um_00045_00218-1,-1.1591024
s_016um_00376_00134-1,-1.0550241
s_016um_00040_00209-1,-1.1638597
s_016um_00356_00286-1,-1.1856768
s_016um_00376_00139-1,-1.1353292
s_016um_00144_00061-1,-1.143512
s_016um_00394_00339-1,-1.1331105
s_016um_00327_00120-1,-1.1685524
s_016um_00208_00294-1,-1.1166639
s_016um_00320_00164-1,-1.1424496
s_016um_00354_00114-1,-1.1534133
s_016um_00221_00024-1,-1.1716012
s_016um_00192_00098-1,-1.1302487
s_016um_00337_00254-1,-1.1373847
s_016um_00223_00171-1,-1.1823063
s_016um_00247_00021-1,-1.1681603
s_016um_00085_00067-1,-1.1262538
s_016um_00054_00249-1,-1.1557512
s_016um_00272_00228-1,-1.168422
s_016um_00043_00042-1,-1.1278152
s_016um_00289_00097-1,-1.1476091
s_016um_00311_00057-1,-1.2118891
s_016um_00275_00224-1,-1.1213065
s_016um_00141_00020-1,-1.1244278
s_016um_00235_00091-1,-1.2072867
s_016um_00367_00145-1,-1.1626527
s_016um_00418_00139-1,-1.1433145
s_016um_00059_00248-1,-1.1445967
s_016um_00088_00274-1,-1.1692781
s_016um_00141_00075-1,-1.0676726
s_016um_00224_00173-1,-1.1224848
s_016um_00275_00332-1,-1.1106704
s_016um_00077_00248-1,-1.1764853
s_016um_00221_00281-1,-1.1752069
s_016um_00332_00210-1,-1.1522981
s_016um_00085_00270-1,-1.0704764
s_016um_00370_00098-1,-1.1874125
s_016um_00359_00090-1,-1.1864326
s_016um_00410_00148-1,-1.1692579
s_016um_00081_00300-1,-1.155421
s_016um_00143_00219-1,-1.0662656
s_016um_00043_00174-1,-1.1526799
s_016um_00219_00226-1,-1.1316642
s_016um_00068_00234-1,-1.1735735
s_016um_00368_00144-1,-1.114466
s_016um_00137_00219-1,-1.1460944
s_016um_00114_00314-1,-1.1335967
s_016um_00222_00333-1,-1.147841
s_016um_00041_00044-1,-1.092334
s_016um_00253_00030-1,-1.1487094
s_016um_00100_00065-1,-1.1583804
s_016um_00012_00297-1,-1.099665
s_016um_00005_00158-1,-1.0677316
s_016um_00140_00069-1,-1.1304586
s_016um_00093_00271-1,-1.1273116
s_016um_00040_00172-1,-1.1297739
s_016um_00220_00175-1,-1.1478624
s_016um_00393_00181-1,-1.1573997
s_016um_00012_00215-1,-1.1391896
s_016um_00218_00279-1,-1.128743
s_016um_00286_00096-1,-1.1810882
s_016um_00112_00315-1,-1.201672
s_016um_00135_00228-1,-1.1341997
s_016um_00133_00087-1,-1.1773638
s_016um_00059_00250-1,-1.1743082
s_016um_00323_00226-1,-1.1330081
s_016um_00244_00090-1,-1.1705732
s_016um_00178_00027-1,-1.1010852
s_016um_00342_00215-1,-1.2011636
s_016um_00191_00096-1,-1.1291232
s_016um_00213_00036-1,-1.1051546
s_016um_00115_00149-1,-1.0935786
s_016um_00393_00215-1,-1.1279495
s_016um_00342_00400-1,-1.1136683
s_016um_00365_00224-1,-1.1449103
s_016um_00045_00242-1,-1.1328654
s_016um_00318_00164-1,-1.1862394
s_016um_00079_00270-1,-1.1569787
s_016um_00134_00227-1,-1.1684946
s_016um_00085_00199-1,-1.1011534
s_016um_00128_00317-1,-0.9328998
s_016um_00082_00029-1,-1.1546155
s_016um_00325_00170-1,-1.1342446
s_016um_00087_00195-1,-1.1827464
s_016um_00206_00147-1,-1.1871604
s_016um_00128_00228-1,-1.1097589
s_016um_00328_00118-1,-1.2162137
s_016um_00020_00264-1,-1.1311246
s_016um_00253_00025-1,-1.1399915
s_016um_00103_00027-1,-1.0973091
s_016um_00131_00093-1,-1.0820888
s_016um_00132_00090-1,-1.1629635
s_016um_00323_00225-1,-1.1487265
s_016um_00283_00099-1,-1.1716596
s_016um_00221_00328-1,-1.0739874
s_016um_00324_00301-1,-1.1124961
s_016um_00085_00194-1,-1.142493
s_016um_00407_00121-1,-1.1137143
s_016um_00169_00373-1,-1.1838714
s_016um_00324_00170-1,-1.109462
s_016um_00322_00303-1,-1.028737
s_016um_00170_00379-1,-1.1236461
s_016um_00394_00218-1,-1.1896708
s_016um_00221_00174-1,-1.1194752
s_016um_00340_00217-1,-1.130076
s_016um_00223_00031-1,-1.1781882
s_016um_00140_00061-1,-1.1121343
s_016um_00378_00133-1,-1.0978858
s_016um_00029_00337-1,-1.1399033
s_016um_00215_00289-1,-1.1858606
s_016um_00089_00070-1,-1.0615734
s_016um_00078_00296-1,-1.1250081
s_016um_00013_00209-1,-1.1814008
s_016um_00357_00292-1,-1.2046138
s_016um_00130_00094-1,-1.0948975
s_016um_00401_00367-1,-1.1295707
s_016um_00216_00276-1,-1.1351272
s_016um_00135_00071-1,-1.1020474
s_016um_00269_00062-1,-1.0324849
s_016um_00309_00055-1,-1.1569321
s_016um_00269_00328-1,-1.1614372
s_016um_00235_00085-1,-1.1571676
s_016um_00201_00146-1,-1.1586785
s_016um_00400_00125-1,-1.1575565
s_016um_00043_00173-1,-1.0874776
s_016um_00136_00229-1,-1.1550612
s_016um_00217_00226-1,-1.1651962
s_016um_00081_00239-1,-1.1458247
s_016um_00413_00136-1,-1.1609963
s_016um_00079_00293-1,-1.1789578
s_016um_00273_00044-1,-1.1143163
s_016um_00359_00289-1,-1.1676517
s_016um_00151_00398-1,-1.1471218
s_016um_00218_00170-1,-1.1060832
s_016um_00223_00024-1,-0.9346071
s_016um_00043_00239-1,-1.1683252
s_016um_00271_00036-1,-1.0832224
s_016um_00404_00261-1,-1.1244174
s_016um_00035_00102-1,-1.1284895
s_016um_00078_00280-1,-1.130261
s_016um_00276_00323-1,-1.1442671
s_016um_00266_00336-1,-1.1036752
s_016um_00369_00119-1,-1.1471406
s_016um_00252_00020-1,-1.2267201
s_016um_00356_00022-1,-1.2081834
s_016um_00396_00185-1,-1.1023134
s_016um_00071_00245-1,-1.1518289
s_016um_00222_00028-1,-1.2191205
s_016um_00410_00100-1,-1.1387788
s_016um_00360_00417-1,-1.135628
s_016um_00075_00252-1,-0.95528704
s_016um_00223_00225-1,-1.1571043
s_016um_00331_00256-1,-1.1910001
s_016um_00348_00215-1,-1.1847521
s_016um_00281_00132-1,-1.1108596
s_016um_00071_00247-1,-1.1723335
s_016um_00078_00249-1,-1.1256976
s_016um_00070_00238-1,-1.109789
s_016um_00093_00279-1,-1.1572988
s_016um_00219_00229-1,-1.1607306
s_016um_00403_00129-1,-1.217898
s_016um_00389_00340-1,-1.0779244
s_016um_00041_00043-1,-1.1478698
s_016um_00020_00271-1,-1.150734
s_016um_00395_00180-1,-1.1690447
s_016um_00395_00358-1,-0.98527646
s_016um_00085_00030-1,-1.1422378
s_016um_00044_00210-1,-1.1382675
s_016um_00200_00153-1,-1.1640548
s_016um_00373_00122-1,-1.1967921
s_016um_00363_00222-1,-1.051877
s_016um_00191_00098-1,-1.1721971
s_016um_00080_00270-1,-1.1277069
s_016um_00272_00206-1,-0.9874989
s_016um_00150_00399-1,-1.1812621
s_016um_00093_00277-1,-1.1046277
s_016um_00158_00287-1,-1.2194023
s_016um_00166_00376-1,-1.133015
s_016um_00379_00135-1,-1.1470271
s_016um_00403_00258-1,-1.076706
s_016um_00081_00299-1,-1.1231587
s_016um_00013_00211-1,-1.0526228
s_016um_00085_00034-1,-1.1008004
s_016um_00405_00126-1,-1.1786485
s_016um_00163_00125-1,-1.1021044
s_016um_00361_00293-1,-1.1387067
s_016um_00229_00244-1,-1.1256161
s_016um_00393_00359-1,-0.9762752
s_016um_00271_00033-1,-1.1712418
s_016um_00320_00225-1,-1.1594641
s_016um_00102_00386-1,-1.1705904
s_016um_00032_00087-1,-1.1604578
s_016um_00357_00288-1,-1.136531
s_016um_00333_00218-1,-1.1044788
s_016um_00390_00179-1,-1.1453424
s_016um_00394_00372-1,-1.1388236
s_016um_00012_00211-1,-1.1841754
s_016um_00180_00029-1,-1.1229149
s_016um_00164_00123-1,-1.1391041
s_016um_00095_00322-1,-1.1343807
s_016um_00026_00088-1,-1.0967507
s_016um_00165_00121-1,-1.1266689
s_016um_00360_00413-1,-1.1574212
s_016um_00400_00263-1,-1.1330144
s_016um_00274_00332-1,-1.2001702
s_016um_00264_00131-1,-1.2113202
s_016um_00044_00239-1,-1.1491352
s_016um_00008_00215-1,-1.1341187
s_016um_00049_00238-1,-1.1478559
s_016um_00376_00136-1,-1.1676788
s_016um_00109_00320-1,-0.8587564
s_016um_00396_00370-1,-1.1337398
s_016um_00387_00342-1,-1.1204144
s_016um_00141_00019-1,-1.0322396
s_016um_00390_00183-1,-1.1525334
s_016um_00202_00146-1,-1.116655
s_016um_00393_00358-1,-0.9842956
s_016um_00086_00069-1,-1.1015651
s_016um_00216_00016-1,-1.1214904
s_016um_00138_00214-1,-1.1341627
s_016um_00241_00184-1,-1.150152
s_016um_00386_00130-1,-1.1817826
s_016um_00220_00024-1,-1.1398538
s_016um_00094_00320-1,-1.1650698
s_016um_00093_00342-1,-1.1078202
s_016um_00373_00119-1,-1.2147698
s_016um_00407_00101-1,-1.0994178
s_016um_00278_00047-1,-1.08658
s_016um_00215_00030-1,-1.0997163
s_016um_00015_00211-1,-1.1544466
s_016um_00135_00319-1,-0.8700578
s_016um_00221_00334-1,-1.1533705
s_016um_00274_00324-1,-1.1286886
s_016um_00271_00056-1,-1.1869383
s_016um_00137_00072-1,-1.1704259
s_016um_00035_00045-1,-1.1245706
s_016um_00108_00385-1,-1.1233999
s_016um_00010_00150-1,-1.111965
s_016um_00194_00097-1,-1.1632215
s_016um_00409_00399-1,-0.8674916
s_016um_00041_00241-1,-1.1907239
s_016um_00278_00133-1,-1.1676649
s_016um_00108_00318-1,-1.1972729
s_016um_00210_00295-1,-1.1609248
s_016um_00173_00372-1,-1.0625055
s_016um_00138_00223-1,-1.1670418
s_016um_00093_00273-1,-1.1403944
s_016um_00018_00269-1,-1.1146297
s_016um_00039_00041-1,-1.1483924
s_016um_00134_00317-1,-1.0045314
s_016um_00111_00321-1,-0.5599694
s_016um_00065_00128-1,-1.0381371
s_016um_00216_00035-1,-1.1459689
s_016um_00094_00274-1,-1.1549269
s_016um_00415_00142-1,-1.1736686
s_016um_00170_00369-1,-1.1701769
s_016um_00138_00015-1,-1.1269923
s_016um_00403_00395-1,-1.2069792
s_016um_00080_00241-1,-1.1648179
s_016um_00266_00333-1,-1.1433811
s_016um_00230_00249-1,-1.1183307
s_016um_00081_00268-1,-1.1686443
s_016um_00331_00216-1,-1.2200484
s_016um_00400_00370-1,-1.1488237
s_016um_00131_00317-1,-1.0611326
s_016um_00125_00385-1,-0.8770503
s_016um_00356_00093-1,-1.1568565
s_016um_00323_00165-1,-1.1550008
s_016um_00268_00030-1,-1.1647477
s_016um_00267_00032-1,-1.0770712
s_016um_00132_00224-1,-1.2012694
s_016um_00392_00296-1,-1.0948746
s_016um_00133_00219-1,-1.193028
s_016um_00034_00088-1,-1.1110264
s_016um_00223_00238-1,-1.1247463
s_016um_00378_00136-1,-1.1595472
s_016um_00128_00226-1,-1.1105214
s_016um_00108_00387-1,-1.0751492
s_016um_00393_00214-1,-1.1782175
s_016um_00080_00266-1,-1.1587847
s_016um_00263_00136-1,-1.1577154
s_016um_00141_00057-1,-1.1230551
s_016um_00095_00316-1,-1.1634629
s_016um_00040_00211-1,-1.160489
s_016um_00275_00322-1,-1.1412443
s_016um_00046_00207-1,-1.0776305
s_016um_00092_00340-1,-1.1346403
s_016um_00090_00266-1,-1.140273
s_016um_00181_00030-1,-1.1140158
s_016um_00042_00245-1,-1.1327872
s_016um_00408_00097-1,-1.1399158
s_016um_00418_00137-1,-1.1696458
s_016um_00132_00314-1,-0.8269125
s_016um_00365_00101-1,-1.0986655
s_016um_00266_00032-1,-1.194404
s_016um_00083_00201-1,-1.2044399
s_016um_00231_00358-1,-1.1433759
s_016um_00227_00235-1,-1.154197
s_016um_00008_00296-1,-1.1246388
s_016um_00241_00185-1,-1.1519372
s_016um_00081_00293-1,-1.1447817
s_016um_00170_00122-1,-1.0969218
s_016um_00349_00021-1,-1.1536558
s_016um_00011_00152-1,-1.1006919
s_016um_00404_00403-1,-1.0954418
s_016um_00099_00025-1,-1.1542431
s_016um_00127_00094-1,-1.0936
s_016um_00395_00214-1,-1.1662742
s_016um_00009_00151-1,-1.1169245
s_016um_00195_00124-1,-1.224904
s_016um_00275_00047-1,-1.1629058
s_016um_00386_00292-1,-1.1381588
s_016um_00241_00084-1,-1.2046484
s_016um_00328_00120-1,-1.1523433
s_016um_00210_00028-1,-1.1651465
s_016um_00228_00232-1,-0.9654011
s_016um_00394_00179-1,-1.1159966
s_016um_00210_00034-1,-1.1707846
s_016um_00356_00118-1,-1.1146142
s_016um_00251_00025-1,-1.220314
s_016um_00205_00150-1,-1.1671455
s_016um_00026_00091-1,-1.0306907
s_016um_00140_00218-1,-1.1601819
s_016um_00375_00121-1,-1.1345092
s_016um_00040_00203-1,-1.0898418
s_016um_00280_00202-1,-1.1225941
s_016um_00338_00402-1,-1.1439258
s_016um_00369_00121-1,-1.1169177
s_016um_00351_00021-1,-1.2015592
s_016um_00083_00286-1,-1.1139265
s_016um_00082_00278-1,-1.1217458
s_016um_00167_00371-1,-1.1932783
s_016um_00252_00022-1,-1.1358718
s_016um_00078_00238-1,-1.1422565
s_016um_00400_00212-1,-1.1910292
s_016um_00403_00398-1,-0.9968145
s_016um_00134_00221-1,-1.1581259
s_016um_00079_00240-1,-1.1235332
s_016um_00401_00257-1,-1.1328934
s_016um_00314_00059-1,-1.1737981
s_016um_00025_00087-1,-1.1315578
s_016um_00335_00402-1,-1.1110033
s_016um_00388_00339-1,-1.1108229
s_016um_00273_00134-1,-1.2190652
s_016um_00392_00216-1,-1.1653812
s_016um_00395_00178-1,-1.0918733
s_016um_00157_00288-1,-1.1573504
s_016um_00087_00066-1,-1.0838518
s_016um_00384_00133-1,-1.0919988
s_016um_00082_00267-1,-1.1819382
s_016um_00232_00356-1,-1.1189066
s_016um_00355_00293-1,-1.1480627
s_016um_00041_00009-1,-1.146758
s_016um_00145_00017-1,-1.1123621
s_016um_00144_00020-1,-1.0783459
s_016um_00381_00136-1,-1.1552912
s_016um_00078_00251-1,-1.021094
s_016um_00104_00067-1,-1.0891458
s_016um_00290_00096-1,-1.1888349
s_016um_00221_00172-1,-1.1499972
s_016um_00247_00025-1,-1.1197982
s_016um_00083_00202-1,-1.1880196
s_016um_00190_00091-1,-1.0777241
s_016um_00220_00227-1,-1.1448598
s_016um_00326_00126-1,-1.1168838
s_016um_00091_00269-1,-1.1383177
s_016um_00375_00125-1,-1.1367474
s_016um_00312_00058-1,-1.1820312
s_016um_00225_00232-1,-1.150418
s_016um_00066_00236-1,-1.1805116
s_016um_00229_00262-1,-1.1548166
s_016um_00111_00315-1,-1.1553869
s_016um_00193_00090-1,-1.2020807
s_016um_00061_00248-1,-1.1518971
s_016um_00082_00199-1,-1.1438022
s_016um_00046_00245-1,-1.1841551
s_016um_00047_00217-1,-1.176393
s_016um_00091_00342-1,-1.1631848
s_016um_00265_00127-1,-1.1170175
s_016um_00127_00086-1,-1.1891174
s_016um_00245_00089-1,-1.1667224
s_016um_00058_00250-1,-1.1283063
s_016um_00101_00025-1,-1.1231205
s_016um_00221_00225-1,-1.1357079
s_016um_00271_00328-1,-1.1884834
s_016um_00395_00339-1,-1.1154171
s_016um_00131_00382-1,-1.1605744
s_016um_00264_00331-1,-1.1545296
s_016um_00331_00258-1,-1.1360233
s_016um_00095_00338-1,-1.1592343
s_016um_00139_00060-1,-1.1499386
s_016um_00409_00150-1,-1.1836224
s_016um_00393_00296-1,-1.1311337
s_016um_00325_00304-1,-1.1535926
s_016um_00286_00097-1,-1.1882524
s_016um_00078_00240-1,-1.1501004
s_016um_00130_00227-1,-1.17649
s_016um_00013_00294-1,-1.147121
s_016um_00404_00146-1,-1.1664195
s_016um_00356_00120-1,-1.1637702
s_016um_00036_00098-1,-1.1390275
s_016um_00066_00231-1,-1.1132591
s_016um_00234_00087-1,-1.102762
s_016um_00099_00029-1,-1.1545575
s_016um_00238_00183-1,-1.2087486
s_016um_00042_00217-1,-1.1897488
s_016um_00366_00221-1,-1.0995805
s_016um_00191_00123-1,-1.1714075
s_016um_00197_00125-1,-1.1300933
s_016um_00397_00367-1,-1.1239481
s_016um_00063_00131-1,-1.1081147
s_016um_00141_00061-1,-1.0904236
s_016um_00213_00032-1,-1.093456
s_016um_00041_00218-1,-1.1145394
s_016um_00076_00240-1,-1.1582314
s_016um_00206_00151-1,-1.1615376
s_016um_00274_00328-1,-1.0430487
s_016um_00121_00148-1,-1.1265365
s_016um_00396_00214-1,-1.1695935
s_016um_00276_00204-1,-1.1658767
s_016um_00417_00142-1,-1.1603189
s_016um_00172_00377-1,-1.1609751
s_016um_00328_00299-1,-1.1761818
s_016um_00356_00287-1,-1.132403
s_016um_00013_00300-1,-1.1350214
s_016um_00127_00092-1,-1.0909868
s_016um_00278_00322-1,-1.1374322
s_016um_00264_00060-1,-1.0799959
s_016um_00109_00313-1,-1.110228
s_016um_00039_00105-1,-1.1210151
s_016um_00088_00272-1,-1.1176006
s_016um_00414_00137-1,-1.0943844
s_016um_00401_00397-1,-0.8762733
s_016um_00042_00043-1,-1.1281965
s_016um_00268_00331-1,-1.1029263
s_016um_00110_00321-1,-0.7418042
s_016um_00009_00302-1,-1.0953603
s_016um_00230_00245-1,-1.1469619
s_016um_00222_00012-1,-1.1216524
s_016um_00130_00091-1,-1.1226856
s_016um_00363_00225-1,-1.166109
s_016um_00352_00093-1,-1.1994263
s_016um_00097_00278-1,-1.1725408
s_016um_00076_00244-1,-1.1116643
s_016um_00281_00314-1,-1.1414847
s_016um_00261_00186-1,-1.1649071
s_016um_00307_00052-1,-1.172392
s_016um_00087_00197-1,-1.139987
s_016um_00086_00028-1,-1.0957959
s_016um_00044_00178-1,-1.1548326
s_016um_00402_00147-1,-1.1885546
s_016um_00061_00243-1,-1.1289103
s_016um_00347_00217-1,-1.138006
s_016um_00212_00296-1,-1.1615422
s_016um_00310_00061-1,-1.1754869
s_016um_00209_00291-1,-1.1505018
s_016um_00371_00117-1,-1.1251261
s_016um_00261_00027-1,-1.1235973
s_016um_00034_00099-1,-1.1369512
s_016um_00368_00121-1,-1.1858904
s_016um_00340_00214-1,-1.1142532
s_016um_00081_00281-1,-1.1410472
s_016um_00411_00104-1,-1.1884376
s_016um_00078_00300-1,-1.0863458
s_016um_00088_00273-1,-1.1750368
s_016um_00145_00060-1,-1.1292791
s_016um_00272_00205-1,-1.0993131
s_016um_00334_00257-1,-1.1525308
s_016um_00332_00251-1,-1.2405131
s_016um_00278_00321-1,-1.1514534
s_016um_00350_00021-1,-1.1595447
s_016um_00189_00128-1,-1.155693
s_016um_00130_00319-1,-0.57026166
s_016um_00190_00121-1,-1.1598406
s_016um_00167_00370-1,-1.1694449
s_016um_00234_00088-1,-1.1553069
s_016um_00203_00152-1,-1.1180106
s_016um_00343_00216-1,-1.1052732
s_016um_00282_00326-1,-1.107431
s_016um_00266_00060-1,-1.2178787
s_016um_00011_00208-1,-1.0071038
s_016um_00280_00138-1,-1.1566048
s_016um_00234_00268-1,-1.0681916
s_016um_00403_00402-1,-0.9436296
s_016um_00164_00287-1,-1.0944502
s_016um_00134_00229-1,-1.1677531
s_016um_00213_00033-1,-1.1094171
s_016um_00232_00264-1,-1.1372935
s_016um_00240_00090-1,-1.1403152
s_016um_00142_00216-1,-1.0540687
s_016um_00134_00217-1,-1.1066307
s_016um_00341_00213-1,-1.1217536
s_016um_00236_00185-1,-1.2092918
s_016um_00221_00279-1,-1.1443369
s_016um_00321_00164-1,-1.1166952
s_016um_00272_00329-1,-1.0637925
s_016um_00414_00097-1,-1.1297537
s_016um_00357_00119-1,-1.157465
s_016um_00259_00026-1,-1.1731381
s_016um_00145_00397-1,-1.1558609
s_016um_00144_00059-1,-0.9679458
s_016um_00358_00287-1,-1.1443397
s_016um_00092_00270-1,-1.1284218
s_016um_00366_00230-1,-1.1372159
s_016um_00358_00409-1,-1.1444186
s_016um_00078_00246-1,-1.179935
s_016um_00237_00355-1,-1.0937604
s_016um_00047_00212-1,-1.1461079
s_016um_00040_00216-1,-0.94195074
s_016um_00335_00252-1,-1.1762235
s_016um_00037_00176-1,-1.0818253
s_016um_00079_00195-1,-1.214917
s_016um_00217_00169-1,-1.0717967
s_016um_00096_00279-1,-1.167668
s_016um_00007_00213-1,-1.1245158
s_016um_00335_00399-1,-1.0140489
s_016um_00237_00361-1,-1.1716837
s_016um_00395_00370-1,-1.1594695
s_016um_00092_00337-1,-1.1421499
s_016um_00087_00070-1,-1.1148151
s_016um_00039_00010-1,-1.1374443
s_016um_00217_00171-1,-1.1456752
s_016um_00009_00153-1,-1.0853114
s_016um_00216_00010-1,-1.0912193
s_016um_00136_00216-1,-1.1239909
s_016um_00017_00265-1,-1.1213937
s_016um_00098_00067-1,-1.0839031
s_016um_00343_00217-1,-1.1788412
s_016um_00022_00268-1,-1.1437846
s_016um_00018_00273-1,-1.0869064
s_016um_00242_00089-1,-1.20931
s_016um_00383_00132-1,-1.1403409
s_016um_00222_00328-1,-1.1557245
s_016um_00349_00023-1,-1.1315664
s_016um_00091_00277-1,-1.1250786
s_016um_00135_00074-1,-1.0726085
s_016um_00413_00097-1,-1.1334928
s_016um_00086_00200-1,-1.1486948
s_016um_00250_00020-1,-1.065612
s_016um_00218_00166-1,-1.1713357
s_016um_00367_00225-1,-1.1393461
s_016um_00209_00295-1,-1.1162843
s_016um_00090_00335-1,-1.1917995
s_016um_00219_00173-1,-1.1214978
s_016um_00077_00297-1,-1.1342175
s_016um_00379_00140-1,-1.1187947
s_016um_00041_00045-1,-1.1316696
s_016um_00392_00361-1,-1.0186298
s_016um_00391_00365-1,-1.0838287
s_016um_00258_00029-1,-1.1113712
s_016um_00145_00016-1,-1.0727724
s_016um_00356_00411-1,-1.1560285
s_016um_00331_00214-1,-1.170794
s_016um_00085_00196-1,-1.1603742
s_016um_00038_00176-1,-1.0767187
s_016um_00090_00275-1,-1.1699926
s_016um_00409_00097-1,-1.158955
s_016um_00405_00401-1,-0.91805345
s_016um_00402_00125-1,-1.1142447
s_016um_00221_00237-1,-1.1324581
s_016um_00083_00280-1,-1.1242908
s_016um_00104_00073-1,-1.1147245
s_016um_00267_00061-1,-1.1770334
s_016um_00359_00115-1,-1.1361915
s_016um_00094_00277-1,-1.1197609
s_016um_00079_00298-1,-1.1333729
s_016um_00082_00028-1,-1.1675942
s_016um_00262_00336-1,-1.0718627
s_016um_00215_00031-1,-1.097967
s_016um_00259_00131-1,-1.1178327
s_016um_00279_00324-1,-1.1063702
s_016um_00397_00362-1,-1.1373463
s_016um_00259_00030-1,-1.1835189
s_016um_00291_00096-1,-1.1512562
s_016um_00142_00057-1,-1.1340362
s_016um_00353_00119-1,-1.1538343
s_016um_00205_00145-1,-1.2209361
s_016um_00375_00119-1,-1.2048914
s_016um_00086_00065-1,-0.96138215
s_016um_00114_00317-1,-1.1726519
s_016um_00083_00282-1,-1.1486126
s_016um_00079_00244-1,-1.1270297
s_016um_00093_00337-1,-1.0933448
s_016um_00281_00135-1,-1.1740924
s_016um_00216_00280-1,-1.1330521
s_016um_00163_00289-1,-1.107665
s_016um_00358_00121-1,-1.1727324
s_016um_00277_00203-1,-1.1729683
s_016um_00340_00401-1,-1.1128418
s_016um_00064_00125-1,-1.1462072
s_016um_00096_00069-1,-1.1024115
s_016um_00010_00297-1,-1.1564816
s_016um_00324_00168-1,-1.1059252
s_016um_00291_00099-1,-1.1576469
s_016um_00402_00261-1,-1.1752201
s_016um_00068_00129-1,-1.0732263
s_016um_00037_00106-1,-1.1165158
s_016um_00329_00215-1,-0.8293648
s_016um_00394_00361-1,-1.139059
s_016um_00398_00373-1,-1.1115799
s_016um_00102_00027-1,-1.1317097
s_016um_00400_00122-1,-1.190749
s_016um_00402_00120-1,-1.1583769
s_016um_00043_00204-1,-1.1474584
s_016um_00062_00246-1,-1.1255243
s_016um_00278_00315-1,-1.1151752
s_016um_00367_00226-1,-1.1304413
s_016um_00182_00029-1,-1.1200341
s_016um_00132_00087-1,-1.1094313
s_016um_00135_00226-1,-1.1410431
s_016um_00325_00306-1,-1.1522423
s_016um_00077_00243-1,-1.149443
s_016um_00332_00254-1,-1.1872692
s_016um_00275_00136-1,-1.1970205
s_016um_00272_00034-1,-1.1327039
s_016um_00214_00030-1,-1.1597875
s_016um_00160_00293-1,-1.1403533
s_016um_00135_00230-1,-1.152826
s_016um_00039_00046-1,-1.039499
s_016um_00236_00354-1,-1.11982
s_016um_00134_00314-1,-0.95136845
s_016um_00105_00072-1,-1.0924773
s_016um_00227_00245-1,-1.1418078
s_016um_00129_00389-1,-1.1358458
s_016um_00409_00099-1,-1.172567
s_016um_00205_00146-1,-1.2173105
s_016um_00034_00004-1,-1.1167979
s_016um_00031_00336-1,-1.151907
s_016um_00222_00235-1,-1.1199459
s_016um_00406_00395-1,-1.1519997
s_016um_00129_00095-1,-1.1654634
s_016um_00144_00018-1,-1.1439675
s_016um_00393_00298-1,-1.1476563
s_016um_00389_00291-1,-1.1050204
s_016um_00186_00029-1,-1.0446233
s_016um_00400_00369-1,-1.1114182
s_016um_00221_00238-1,-1.1457723
s_016um_00232_00269-1,-1.143062
s_016um_00265_00337-1,-1.1429592
s_016um_00082_00296-1,-1.139358
s_016um_00140_00223-1,-1.125099
s_016um_00334_00217-1,-1.1196535
s_016um_00128_00315-1,-1.1490139
s_016um_00197_00122-1,-1.1709362
s_016um_00333_00259-1,-1.1725585
s_016um_00407_00124-1,-1.1184391
s_016um_00042_00172-1,-1.0685391
s_016um_00394_00365-1,-1.1499946
s_016um_00184_00027-1,-1.150378
s_016um_00007_00154-1,-1.1283528
s_016um_00183_00032-1,-1.1205488
s_016um_00069_00126-1,-1.15233
s_016um_00329_00212-1,-1.1682323
s_016um_00082_00072-1,-1.149731
s_016um_00191_00126-1,-1.0977997
s_016um_00178_00033-1,-1.0987016
s_016um_00222_00236-1,-1.0933902
s_016um_00178_00030-1,-1.0771098
s_016um_00124_00385-1,-1.1456183
s_016um_00097_00321-1,-1.0996591
s_016um_00222_00246-1,-1.1457343
s_016um_00324_00305-1,-1.0962251
s_016um_00287_00096-1,-1.1390345
s_016um_00256_00188-1,-1.1661069
s_016um_00313_00057-1,-1.2217853
s_016um_00407_00152-1,-1.1401304
s_016um_00172_00375-1,-1.1894174
s_016um_00265_00128-1,-1.0350765
s_016um_00076_00293-1,-1.1404598
s_016um_00138_00075-1,-1.1407027
s_016um_00230_00264-1,-1.1336973
s_016um_00223_00333-1,-1.097077
s_016um_00335_00253-1,-1.0551921
s_016um_00254_00030-1,-1.0799019
s_016um_00163_00122-1,-1.1697216
s_016um_00193_00091-1,-1.143205
s_016um_00262_00335-1,-1.1654214
s_016um_00007_00152-1,-1.1227472
s_016um_00140_00017-1,-1.1398036
s_016um_00325_00224-1,-1.150094
s_016um_00306_00054-1,-1.1321635
s_016um_00261_00330-1,-1.1072453
s_016um_00388_00299-1,-1.1565006
s_016um_00223_00226-1,-1.1912524
s_016um_00124_00387-1,-1.1794642
s_016um_00085_00193-1,-1.21624
s_016um_00357_00416-1,-1.1342517
s_016um_00222_00227-1,-1.1685559
s_016um_00077_00295-1,-1.1586931
s_016um_00218_00228-1,-1.1125304
s_016um_00274_00313-1,-1.1974481
s_016um_00091_00335-1,-1.1030653
s_016um_00271_00329-1,-1.140005
s_016um_00391_00340-1,-1.1583887
s_016um_00391_00362-1,-1.1307379
s_016um_00322_00166-1,-1.1506346
s_016um_00393_00370-1,-1.1073197
s_016um_00361_00417-1,-1.0980011
s_016um_00213_00283-1,-1.1233323
s_016um_00162_00289-1,-1.1169099
s_016um_00131_00385-1,-1.1813055
s_016um_00077_00239-1,-1.1423693
s_016um_00031_00091-1,-1.102541
s_016um_00342_00398-1,-1.1558597
s_016um_00091_00271-1,-1.1588023
s_016um_00277_00135-1,-1.1685709
s_016um_00394_00182-1,-1.1562035
s_016um_00353_00096-1,-1.1629742
s_016um_00313_00053-1,-1.1552829
s_016um_00031_00333-1,-1.1032614
s_016um_00404_00256-1,-1.1229557
s_016um_00007_00296-1,-1.1525711
s_016um_00269_00229-1,-1.1189348
s_016um_00324_00231-1,-1.1086123
s_016um_00033_00101-1,-1.1365933
s_016um_00043_00048-1,-1.1633148
s_016um_00029_00089-1,-1.1011221
s_016um_00264_00129-1,-1.1617349
s_016um_00074_00243-1,-1.130921
s_016um_00096_00025-1,-1.1326915
s_016um_00218_00011-1,-1.1144456
s_016um_00401_00366-1,-1.1212772
s_016um_00260_00026-1,-1.1405185
s_016um_00084_00199-1,-1.1419375
s_016um_00208_00295-1,-1.1339531
s_016um_00195_00121-1,-1.1193888
s_016um_00238_00089-1,-1.1743244
s_016um_00392_00295-1,-1.1133173
s_016um_00180_00027-1,-1.2059366
s_016um_00380_00138-1,-1.1691401
s_016um_00190_00097-1,-1.136508
s_016um_00042_00238-1,-1.1447812
s_016um_00333_00211-1,-1.1551938
s_016um_00237_00189-1,-1.15623
s_016um_00274_00227-1,-1.1494741
s_016um_00099_00318-1,-1.17016
s_016um_00134_00222-1,-1.0644429
s_016um_00405_00150-1,-1.1509916
s_016um_00402_00262-1,-1.0681912
s_016um_00236_00261-1,-1.1516101
s_016um_00356_00024-1,-1.188855
s_016um_00140_00016-1,-1.1027696
s_016um_00116_00143-1,-1.1708138
s_016um_00399_00260-1,-1.1744081
s_016um_00238_00361-1,-1.1167108
s_016um_00214_00012-1,-1.1014602
s_016um_00276_00134-1,-1.1466223
s_016um_00049_00243-1,-1.0183885
s_016um_00222_00225-1,-1.1601589
s_016um_00031_00330-1,-1.0421323
s_016um_00321_00306-1,-1.1057495
s_016um_00400_00217-1,-1.1244241
s_016um_00082_00200-1,-1.1252828
s_016um_00134_00216-1,-1.118098
s_016um_00137_00075-1,-1.0807121
s_016um_00079_00242-1,-1.1902305
s_016um_00357_00410-1,-1.0722862
s_016um_00194_00123-1,-1.1496764
s_016um_00359_00286-1,-1.1372811
s_016um_00233_00260-1,-1.1397247
s_016um_00279_00317-1,-1.0937377
s_016um_00170_00123-1,-1.1076419
s_016um_00290_00094-1,-1.225387
s_016um_00056_00250-1,-1.1300006
s_016um_00268_00057-1,-0.9087653
s_016um_00400_00401-1,-1.0175573
s_016um_00414_00099-1,-1.1937383
s_016um_00354_00117-1,-1.1322529
s_016um_00396_00216-1,-1.1284806
s_016um_00274_00326-1,-1.1069204
s_016um_00224_00246-1,-1.187729
s_016um_00371_00119-1,-1.1218934
s_016um_00413_00142-1,-1.2182752
s_016um_00234_00356-1,-1.1722829
s_016um_00336_00258-1,-1.176237
s_016um_00254_00025-1,-1.1340703
s_016um_00230_00266-1,-1.1664401
s_016um_00101_00065-1,-1.1251127
s_016um_00221_00018-1,-1.1164063
s_016um_00220_00031-1,-1.1226336
s_016um_00131_00232-1,-1.1305262
s_016um_00398_00181-1,-1.1075333
s_016um_00131_00227-1,-1.1414398
s_016um_00322_00227-1,-1.1184385
s_016um_00416_00141-1,-1.1700749
s_016um_00214_00290-1,-1.2450241
s_016um_00096_00275-1,-1.1432916
s_016um_00110_00314-1,-1.1336228
s_016um_00353_00018-1,-1.1650556
s_016um_00400_00396-1,-1.0886743
s_016um_00064_00238-1,-1.1344092
s_016um_00093_00278-1,-1.0961266
s_016um_00083_00271-1,-1.1906602
s_016um_00203_00153-1,-1.1654478
s_016um_00277_00046-1,-1.12122
s_016um_00040_00047-1,-1.0672281
s_016um_00234_00360-1,-1.1517488
s_016um_00229_00266-1,-1.1725218
s_016um_00279_00207-1,-1.1953081
s_016um_00400_00218-1,-1.1333399
s_016um_00150_00395-1,-1.1626275
s_016um_00387_00127-1,-1.2048122
s_016um_00391_00363-1,-1.1045449
s_016um_00375_00124-1,-1.1269205
s_016um_00210_00294-1,-1.1102161
s_016um_00169_00126-1,-1.1835864
s_016um_00224_00249-1,-1.1376263
s_016um_00006_00214-1,-1.1389555
s_016um_00307_00058-1,-1.1530029
s_016um_00269_00032-1,-1.1540486
s_016um_00261_00336-1,-1.0798352
s_016um_00354_00414-1,-1.0356755
s_016um_00352_00120-1,-1.1675522
s_016um_00258_00186-1,-1.1893595
s_016um_00027_00332-1,-1.1360487
s_016um_00067_00231-1,-1.1844764
s_016um_00362_00291-1,-1.0947225
s_016um_00382_00129-1,-1.1282214
s_016um_00318_00165-1,-1.0644327
s_016um_00386_00134-1,-1.245735
s_016um_00264_00191-1,-1.129454
s_016um_00361_00412-1,-1.1178955
s_016um_00096_00029-1,-1.0288323
s_016um_00213_00027-1,-1.1469502
s_016um_00258_00189-1,-1.1152325
s_016um_00392_00298-1,-1.0904477
s_016um_00361_00411-1,-1.1559079
s_016um_00266_00334-1,-1.1480519
s_016um_00368_00100-1,-1.1623937
s_016um_00353_00290-1,-1.1701157
s_016um_00344_00213-1,-1.1367323
s_016um_00369_00100-1,-1.1260369
s_016um_00079_00196-1,-1.1313869
s_016um_00388_00133-1,-1.2024084
s_016um_00357_00290-1,-1.102843
s_016um_00370_00119-1,-1.1763561
s_016um_00148_00395-1,-1.1916068
s_016um_00372_00119-1,-1.0573653
s_016um_00193_00098-1,-1.1065941
s_016um_00168_00122-1,-1.1223264
s_016um_00107_00314-1,-1.1831616
s_016um_00244_00085-1,-1.1548873
s_016um_00101_00031-1,-1.0969304
s_016um_00035_00332-1,-1.1303536
s_016um_00134_00072-1,-1.1465055
s_016um_00243_00089-1,-1.1424978
s_016um_00353_00019-1,-1.173772
s_016um_00194_00092-1,-1.154215
s_016um_00263_00334-1,-1.1204157
s_016um_00410_00101-1,-1.1728951
s_016um_00084_00067-1,-1.1378211
s_016um_00146_00397-1,-1.1597846
s_016um_00132_00320-1,-0.761769
s_016um_00233_00089-1,-1.1553938
s_016um_00042_00205-1,-1.0675129
s_016um_00262_00331-1,-1.1302102
s_016um_00043_00045-1,-1.114623
s_016um_00220_00235-1,-1.1393918
s_016um_00330_00123-1,-1.1314175
s_016um_00222_00238-1,-1.1133399
s_016um_00013_00215-1,-1.1216642
s_016um_00222_00032-1,-1.112263
s_016um_00041_00173-1,-1.1021891
s_016um_00140_00055-1,-1.1493168
s_016um_00254_00031-1,-1.184689
s_016um_00064_00230-1,-1.2041522
s_016um_00333_00255-1,-1.1664513
s_016um_00401_00263-1,-1.1101607
s_016um_00390_00184-1,-1.1066189
s_016um_00385_00133-1,-1.1563909
s_016um_00273_00049-1,-1.1682456
s_016um_00082_00070-1,-1.090768
s_016um_00269_00055-1,-0.86181974
s_016um_00271_00227-1,-1.0872457
s_016um_00322_00226-1,-1.1264157
s_016um_00333_00257-1,-1.1207289
s_016um_00255_00031-1,-1.10528
s_016um_00389_00293-1,-1.0960963
s_016um_00012_00207-1,-1.1301112
s_016um_00044_00241-1,-1.0900139
s_016um_00327_00298-1,-1.102943
s_016um_00027_00090-1,-1.1439832
s_016um_00248_00023-1,-1.1024449
s_016um_00094_00275-1,-1.1296504
s_016um_00098_00316-1,-1.1543744
s_016um_00087_00031-1,-1.1325284
s_016um_00194_00090-1,-1.1703818
s_016um_00203_00154-1,-1.157179
s_016um_00362_00413-1,-1.163777
s_016um_00196_00126-1,-1.1781285
s_016um_00357_00092-1,-1.1734703
s_016um_00228_00327-1,-1.1404899
s_016um_00168_00377-1,-1.1580942
s_016um_00088_00271-1,-1.1571355
s_016um_00413_00139-1,-1.101761
s_016um_00092_00319-1,-1.1361375
s_016um_00067_00233-1,-1.1216938
s_016um_00188_00125-1,-1.140854
s_016um_00216_00230-1,-1.1627142
s_016um_00340_00219-1,-1.1820264
s_016um_00255_00032-1,-1.1651434
s_016um_00105_00069-1,-1.097412
s_016um_00069_00128-1,-1.156129
s_016um_00266_00030-1,-1.1403936
s_016um_00095_00320-1,-1.1786954
s_016um_00038_00046-1,-1.036614
s_016um_00268_00336-1,-1.135868
s_016um_00269_00057-1,-1.1693802
s_016um_00385_00297-1,-1.096914
s_016um_00033_00091-1,-1.0943631
s_016um_00043_00207-1,-1.1357399
s_016um_00355_00416-1,-1.0565614
s_016um_00232_00355-1,-1.1377908
s_016um_00213_00295-1,-1.1163319
s_016um_00074_00237-1,-1.1796399
s_016um_00276_00132-1,-1.1812296
s_016um_00209_00293-1,-1.1125869
s_016um_00084_00065-1,-1.1669413
s_016um_00262_00190-1,-1.1647137
s_016um_00006_00209-1,-1.1402322
s_016um_00161_00291-1,-1.1577798
s_016um_00099_00320-1,-1.1001604
s_016um_00079_00265-1,-1.1356139
s_016um_00402_00257-1,-1.1166096
s_016um_00238_00187-1,-1.1551114
s_016um_00191_00121-1,-1.1618359
s_016um_00136_00076-1,-1.088626
s_016um_00192_00093-1,-1.159707
s_016um_00311_00053-1,-1.1645565
s_016um_00274_00134-1,-1.2110384
s_016um_00054_00250-1,-1.1900368
s_016um_00211_00035-1,-1.1250854
s_016um_00360_00292-1,-1.1716881
s_016um_00086_00281-1,-1.1037049
s_016um_00170_00373-1,-1.1430544
s_016um_00142_00022-1,-1.1330856
s_016um_00308_00058-1,-1.2228541
s_016um_00028_00333-1,-1.1470226
s_016um_00189_00093-1,-1.1622261
s_016um_00160_00286-1,-1.181404
s_016um_00360_00118-1,-1.125074
s_016um_00318_00167-1,-1.1411154
s_016um_00141_00072-1,-1.1277235
s_016um_00223_00229-1,-1.1696602
s_016um_00216_00031-1,-1.1326904
s_016um_00128_00391-1,-1.1810699
s_016um_00228_00266-1,-1.1380327
s_016um_00332_00120-1,-1.1590116
s_016um_00223_00235-1,-1.1466311
s_016um_00380_00139-1,-1.1768628
s_016um_00247_00082-1,-1.202453
s_016um_00082_00298-1,-1.1461247
s_016um_00376_00118-1,-1.1405822
s_016um_00039_00176-1,-1.1490269
s_016um_00223_00026-1,-1.1417559
s_016um_00034_00097-1,-1.068338
s_016um_00220_00284-1,-1.187852
s_016um_00081_00197-1,-0.886567
s_016um_00035_00010-1,-1.0544932
s_016um_00260_00191-1,-1.0949557
s_016um_00018_00268-1,-1.0973241
s_016um_00142_00073-1,-1.1356561
s_016um_00306_00057-1,-1.167335
s_016um_00342_00217-1,-1.2009133
s_016um_00085_00033-1,-1.0999477
s_016um_00125_00384-1,-1.1074965
s_016um_00129_00091-1,-1.1011367
s_016um_00028_00087-1,-1.1150432
s_016um_00279_00319-1,-1.1829662
s_016um_00086_00064-1,-1.0908004
s_016um_00336_00257-1,-1.2078152
s_016um_00264_00127-1,-1.177382
s_016um_00196_00095-1,-1.1724706
s_016um_00098_00338-1,-1.1155138
s_016um_00395_00184-1,-1.1160616
s_016um_00335_00214-1,-1.2070405
s_016um_00244_00083-1,-1.1915112
s_016um_00388_00291-1,-1.0964458
s_016um_00279_00318-1,-1.203338
s_016um_00018_00265-1,-1.1513205
s_016um_00008_00158-1,-1.117829
s_016um_00384_00138-1,-1.1621302
s_016um_00275_00316-1,-1.1066304
s_016um_00216_00029-1,-1.1647621
s_016um_00202_00151-1,-1.1917565
s_016um_00037_00007-1,-1.0984733
s_016um_00129_00225-1,-1.1557924
s_016um_00334_00258-1,-1.0758765
s_016um_00260_00028-1,-1.180977
s_016um_00225_00238-1,-1.2036757
s_016um_00150_00397-1,-1.1445199
s_016um_00414_00142-1,-1.2146946
s_016um_00134_00075-1,-1.1624985
s_016um_00392_00180-1,-1.1074276
s_016um_00290_00092-1,-1.1477612
s_016um_00273_00207-1,-1.2140661
s_016um_00271_00055-1,-1.2181551
s_016um_00221_00236-1,-1.1988473
s_016um_00335_00396-1,-1.1705065
s_016um_00028_00331-1,-1.1251556
s_016um_00090_00070-1,-1.0765926
s_016um_00095_00023-1,-1.1020024
s_016um_00280_00208-1,-1.1008161
s_016um_00094_00341-1,-1.1548758
s_016um_00325_00226-1,-1.1279348
s_016um_00228_00333-1,-1.131895
s_016um_00266_00131-1,-1.1380453
s_016um_00112_00313-1,-1.1164583
s_016um_00251_00028-1,-1.1785506
s_016um_00077_00300-1,-1.1192042
s_016um_00372_00124-1,-1.1373223
s_016um_00191_00095-1,-1.0763265
s_016um_00119_00150-1,-1.1354543
s_016um_00134_00077-1,-1.1433283
s_016um_00127_00093-1,-0.94231266
s_016um_00334_00252-1,-1.1514937
s_016um_00260_00184-1,-1.0839344
s_016um_00196_00096-1,-1.1249645
s_016um_00078_00241-1,-1.0920258
s_016um_00161_00285-1,-1.0851339
s_016um_00249_00024-1,-1.1945364
s_016um_00274_00224-1,-1.1583356
s_016um_00012_00301-1,-1.1310544
s_016um_00192_00089-1,-1.1475674
s_016um_00097_00069-1,-1.1427149
s_016um_00033_00090-1,-1.1121489
s_016um_00092_00271-1,-1.1028872
s_016um_00412_00097-1,-1.1435827
s_016um_00169_00374-1,-1.1221368
s_016um_00273_00136-1,-1.147526
s_016um_00012_00212-1,-1.1204921
s_016um_00331_00213-1,-1.1148958
s_016um_00223_00228-1,-1.1048323
s_016um_00251_00026-1,-1.1369469
s_016um_00087_00200-1,-1.1486442
s_016um_00005_00157-1,-1.1329067
s_016um_00238_00184-1,-1.1389756
s_016um_00410_00149-1,-1.138974
s_016um_00340_00399-1,-1.1068511
s_016um_00258_00027-1,-1.130009
s_016um_00342_00403-1,-1.1202173
s_016um_00398_00218-1,-1.1308084
s_016um_00323_00232-1,-1.125183
s_016um_00101_00384-1,-1.1890259
s_016um_00218_00174-1,-1.1549935
s_016um_00075_00297-1,-1.1577184
s_016um_00120_00150-1,-1.1846488
s_016um_00278_00052-1,-1.140751
s_016um_00242_00190-1,-1.1700798
s_016um_00360_00093-1,-1.1236173
s_016um_00274_00049-1,-1.1890147
s_016um_00393_00339-1,-1.1368357
s_016um_00386_00341-1,-1.1489764
s_016um_00404_00260-1,-1.150703
s_016um_00113_00318-1,-1.1435208
s_016um_00128_00318-1,-0.9414381
s_016um_00228_00332-1,-1.1629509
s_016um_00331_00122-1,-1.1620486
s_016um_00097_00319-1,-1.1263628
s_016um_00168_00372-1,-1.213683
s_016um_00352_00027-1,-1.1549273
s_016um_00388_00296-1,-1.1392177
s_016um_00324_00303-1,-1.1760547
s_016um_00354_00089-1,-1.2019508
s_016um_00045_00215-1,-1.1348766
s_016um_00092_00321-1,-1.1526359
s_016um_00374_00123-1,-1.0984628
s_016um_00359_00292-1,-1.1106045
s_016um_00349_00026-1,-1.1408213
s_016um_00083_00033-1,-1.1334018
s_016um_00269_00336-1,-1.151029
s_016um_00104_00069-1,-1.1206957
s_016um_00310_00054-1,-1.1741532
s_016um_00291_00093-1,-1.1403376
s_016um_00223_00244-1,-1.1131976
s_016um_00171_00125-1,-1.215906
s_016um_00033_00103-1,-1.1020869
s_016um_00165_00286-1,-1.1662021
s_016um_00383_00137-1,-1.1575028
s_016um_00334_00255-1,-1.1871443
s_016um_00078_00298-1,-1.1544044
s_016um_00398_00369-1,-1.1451076
s_016um_00263_00189-1,-1.115039
s_016um_00189_00095-1,-1.0825032
s_016um_00398_00367-1,-1.1567516
s_016um_00169_00372-1,-1.176045
s_016um_00326_00299-1,-1.1092621
s_016um_00084_00068-1,-1.076544
s_016um_00279_00312-1,-1.1345049
s_016um_00333_00400-1,-1.1485033
s_016um_00277_00321-1,-1.1414675
s_016um_00267_00131-1,-1.1611549
s_016um_00005_00152-1,-1.1179426
s_016um_00094_00317-1,-1.1326536
s_016um_00311_00055-1,-1.0907382
s_016um_00060_00246-1,-1.1396666
s_016um_00009_00211-1,-1.1208872
s_016um_00190_00095-1,-1.1284295
s_016um_00372_00118-1,-1.1669936
s_016um_00138_00219-1,-1.136758
s_016um_00009_00294-1,-1.118464
s_016um_00404_00152-1,-1.083337
s_016um_00136_00220-1,-1.1822841
s_016um_00274_00327-1,-1.0771894
s_016um_00220_00018-1,-1.1215788
s_016um_00133_00075-1,-1.1633778
s_016um_00040_00180-1,-1.1255294
s_016um_00258_00028-1,-1.2199411
s_016um_00327_00305-1,-1.1412181
s_016um_00251_00021-1,-1.1592193
s_016um_00358_00116-1,-1.1764327
s_016um_00320_00170-1,-1.1933215
s_016um_00214_00033-1,-1.1237758
s_016um_00279_00134-1,-1.1425401
s_016um_00264_00058-1,-1.2435434
s_016um_00095_00323-1,-1.1580251
s_016um_00352_00117-1,-1.1159043
s_016um_00393_00219-1,-1.1176555
s_016um_00040_00210-1,-1.0664177
s_016um_00044_00211-1,-1.0666
s_016um_00328_00231-1,-1.1488905
s_016um_00324_00169-1,-1.1547942
s_016um_00401_00369-1,-1.0804181
s_016um_00328_00117-1,-1.2186993
s_016um_00272_00134-1,-1.1490499
s_016um_00329_00251-1,-1.0818418
s_016um_00043_00178-1,-1.0312778
s_016um_00235_00084-1,-1.2025008
s_016um_00222_00234-1,-1.1089575
s_016um_00362_00415-1,-1.0470794
s_016um_00160_00285-1,-1.0692699
s_016um_00195_00098-1,-1.121429
s_016um_00089_00271-1,-1.164264
s_016um_00273_00204-1,-1.1732818
s_016um_00107_00318-1,-1.0951338
s_016um_00332_00252-1,-1.1947247
s_016um_00405_00124-1,-1.105867
s_016um_00235_00184-1,-1.1837916
s_016um_00271_00335-1,-1.1089264
s_016um_00042_00041-1,-1.072289
s_016um_00397_00255-1,-1.0962335
s_016um_00223_00331-1,-1.164449
s_016um_00321_00303-1,-1.0877616
s_016um_00360_00291-1,-1.1310407
s_016um_00279_00046-1,-1.1677964
s_016um_00177_00029-1,-1.0911438
s_016um_00387_00126-1,-1.1049644
s_016um_00274_00325-1,-1.1492727
s_016um_00040_00010-1,-1.0979054
s_016um_00114_00316-1,-1.1156019
s_016um_00010_00213-1,-1.1524383
s_016um_00144_00017-1,-1.1043777
s_016um_00405_00146-1,-1.1806397
s_016um_00275_00313-1,-1.1496292
s_016um_00396_00371-1,-1.0832591
s_016um_00417_00141-1,-1.208592
s_016um_00098_00071-1,-1.1037945
s_016um_00193_00125-1,-1.1772473
s_016um_00193_00128-1,-1.0997473
s_016um_00342_00401-1,-1.0653762
s_016um_00215_00014-1,-1.0877568
s_016um_00224_00239-1,-1.1707238
s_016um_00087_00282-1,-1.1196237
s_016um_00407_00099-1,-1.162342
s_016um_00331_00123-1,-1.1665378
s_016um_00393_00213-1,-1.1235498
s_016um_00083_00265-1,-1.1373321
s_016um_00104_00068-1,-1.095424
s_016um_00366_00231-1,-1.1445925
s_016um_00009_00296-1,-1.1318977
s_016um_00027_00330-1,-1.1475466
s_016um_00068_00130-1,-1.0915653
s_016um_00392_00342-1,-1.113528
s_016um_00274_00050-1,-1.1871041
s_016um_00390_00344-1,-1.0239273
s_016um_00191_00091-1,-1.1294672
s_016um_00229_00264-1,-1.1298101
s_016um_00387_00295-1,-1.1119307
s_016um_00356_00091-1,-1.1776564
s_016um_00065_00126-1,-1.0891705
s_016um_00221_00278-1,-1.1500345
s_016um_00320_00228-1,-1.1229137
s_016um_00274_00316-1,-1.06888
s_016um_00139_00057-1,-1.1215216
s_016um_00330_00216-1,-1.1806946
s_016um_00258_00026-1,-1.0909295
s_016um_00010_00210-1,-1.1243579
s_016um_00101_00387-1,-1.1050421
s_016um_00273_00209-1,-1.1136439
s_016um_00044_00215-1,-1.083322
s_016um_00320_00304-1,-1.1671116
s_016um_00041_00172-1,-1.104207
s_016um_00371_00140-1,-1.1384665
s_016um_00276_00325-1,-1.1071267
s_016um_00071_00234-1,-1.1662599
s_016um_00084_00296-1,-1.1801981
s_016um_00264_00055-1,-1.0850455
s_016um_00215_00170-1,-1.1273202
s_016um_00192_00129-1,-1.160489
s_016um_00274_00330-1,-1.1258279
s_016um_00394_00216-1,-1.1044825
s_016um_00255_00030-1,-1.1792496
s_016um_00281_00048-1,-0.877978
s_016um_00138_00216-1,-1.2085673
s_016um_00391_00182-1,-1.0845236
s_016um_00038_00208-1,-1.0764934
s_016um_00331_00257-1,-1.1906818
s_016um_00039_00047-1,-1.0718099
s_016um_00360_00293-1,-1.1587254
s_016um_00243_00083-1,-1.1948789
s_016um_00215_00013-1,-1.1890533
s_016um_00036_00177-1,-1.0974975
s_016um_00034_00005-1,-1.1512909
s_016um_00141_00071-1,-1.1212007
s_016um_00267_00054-1,-1.0989685
s_016um_00391_00336-1,-1.1379129
s_016um_00375_00144-1,-1.1436447
s_016um_00007_00158-1,-1.0793359
s_016um_00182_00033-1,-1.1591312
s_016um_00020_00272-1,-1.1400858
s_016um_00265_00035-1,-1.0559026
s_016um_00231_00247-1,-1.1207019
s_016um_00219_00017-1,-1.236942
s_016um_00276_00048-1,-1.0922899
s_016um_00252_00026-1,-1.2431799
s_016um_00279_00208-1,-1.1582817
s_016um_00404_00126-1,-1.1641542
s_016um_00378_00139-1,-1.1913906
s_016um_00223_00245-1,-1.1325629
s_016um_00267_00337-1,-1.1520565
s_016um_00279_00052-1,-1.1818426
s_016um_00328_00213-1,-1.116884
s_016um_00356_00097-1,-1.1886964
s_016um_00012_00299-1,-1.100606
s_016um_00162_00285-1,-1.153462
s_016um_00371_00142-1,-1.1536169
s_016um_00035_00333-1,-1.1314622
s_016um_00235_00361-1,-1.1435444
s_016um_00242_00185-1,-1.1754712
s_016um_00088_00031-1,-1.1986531
s_016um_00368_00147-1,-1.1997159
s_016um_00386_00129-1,-1.1560471
s_016um_00127_00388-1,-1.1535699
s_016um_00041_00104-1,-1.0698117
s_016um_00075_00236-1,-1.1145004
s_016um_00404_00128-1,-1.1352638
s_016um_00391_00360-1,-1.0609664
s_016um_00100_00029-1,-1.1464573
s_016um_00009_00297-1,-1.1745291
s_016um_00238_00189-1,-1.1834242
s_016um_00227_00250-1,-1.1619238
s_016um_00394_00359-1,-1.0804952
s_016um_00225_00327-1,-1.073046
s_016um_00414_00100-1,-1.0937647
s_016um_00039_00173-1,-1.1329674
s_016um_00367_00223-1,-1.0846028
s_016um_00057_00250-1,-1.1594613
s_016um_00142_00020-1,-1.1327913
s_016um_00140_00073-1,-1.0994152
s_016um_00193_00094-1,-1.1547587
s_016um_00371_00102-1,-1.0635942
s_016um_00264_00333-1,-1.1642847
s_016um_00234_00355-1,-1.0692008
s_016um_00026_00086-1,-1.1039964
s_016um_00368_00118-1,-1.138185
s_016um_00273_00202-1,-1.1290569
s_016um_00084_00196-1,-1.1450219
s_016um_00092_00341-1,-1.1658686
s_016um_00034_00331-1,-1.1391553
s_016um_00103_00386-1,-1.1738657
s_016um_00135_00216-1,-1.1741492
s_016um_00208_00293-1,-1.105703
s_016um_00010_00157-1,-1.176744
s_016um_00259_00191-1,-1.1611257
s_016um_00038_00104-1,-1.1561358
s_016um_00061_00132-1,-1.0645452
s_016um_00406_00146-1,-1.1417308
s_016um_00214_00296-1,-1.1701528
s_016um_00256_00029-1,-1.1744796
s_016um_00396_00258-1,-1.1028043
s_016um_00273_00203-1,-1.155452
s_016um_00065_00234-1,-1.1571958
s_016um_00371_00121-1,-1.1221905
s_016um_00370_00099-1,-1.1218491
s_016um_00397_00185-1,-1.0961721
s_016um_00046_00238-1,-1.1563367
s_016um_00230_00261-1,-1.154616
s_016um_00212_00291-1,-1.1257179
s_016um_00123_00144-1,-1.1418421
s_016um_00332_00125-1,-1.1729833
s_016um_00391_00185-1,-1.1596231
s_016um_00178_00032-1,-1.114687
s_016um_00290_00095-1,-1.1803024
s_016um_00030_00088-1,-1.1580842
s_016um_00275_00044-1,-1.1657641
s_016um_00113_00320-1,-1.1260756
s_016um_00046_00211-1,-1.1747724
s_016um_00007_00215-1,-1.1230315
s_016um_00147_00400-1,-1.1290864
s_016um_00392_00340-1,-1.0356578
s_016um_00099_00023-1,-1.1104615
s_016um_00039_00215-1,-1.0850856
s_016um_00086_00193-1,-1.1564989
s_016um_00256_00187-1,-1.1646388
s_016um_00037_00046-1,-0.9878957
s_016um_00232_00360-1,-1.0922334
s_016um_00041_00214-1,-0.89116013
s_016um_00285_00093-1,-1.1733469
s_016um_00200_00148-1,-1.169469
s_016um_00217_00279-1,-1.1095735
s_016um_00132_00387-1,-1.1604788
s_016um_00125_00386-1,-1.0635552
s_016um_00112_00317-1,-1.1706971
s_016um_00037_00098-1,-1.1614245
s_016um_00048_00238-1,-1.0990696
s_016um_00322_00165-1,-1.1446837
s_016um_00355_00026-1,-1.1983812
s_016um_00083_00073-1,-1.1155088
s_016um_00028_00329-1,-1.1655455
s_016um_00234_00266-1,-1.1648715
s_016um_00222_00027-1,-1.1589016
s_016um_00259_00129-1,-1.1522653
s_016um_00007_00151-1,-1.1452503
s_016um_00217_00033-1,-1.176399
s_016um_00081_00285-1,-1.1429626
s_016um_00392_00338-1,-1.1899571
s_016um_00214_00289-1,-1.1793454
s_016um_00275_00204-1,-1.1421925
s_016um_00238_00190-1,-1.1608756
s_016um_00326_00225-1,-1.1588042
s_016um_00118_00143-1,-1.0292301
s_016um_00064_00126-1,-1.0324959
s_016um_00367_00096-1,-1.1281366
s_016um_00218_00013-1,-1.1163771
s_016um_00033_00331-1,-1.1021789
s_016um_00214_00028-1,-1.1250635
s_016um_00100_00072-1,-1.1326844
s_016um_00356_00416-1,-1.1375203
s_016um_00257_00032-1,-1.1518533
s_016um_00099_00321-1,-1.1359984
s_016um_00383_00139-1,-1.1684816
s_016um_00314_00054-1,-1.1564223
s_016um_00033_00334-1,-1.1728355
s_016um_00063_00237-1,-1.0531429
s_016um_00239_00091-1,-1.1041635
s_016um_00307_00053-1,-1.1131583
s_016um_00195_00122-1,-1.1537305
s_016um_00101_00389-1,-1.1108252
s_016um_00219_00284-1,-1.1397417
s_016um_00080_00294-1,-1.1205859
s_016um_00329_00125-1,-1.1104767
s_016um_00250_00025-1,-1.1551851
s_016um_00232_00268-1,-1.1580881
s_016um_00079_00266-1,-1.1335045
s_016um_00210_00035-1,-1.1640593
s_016um_00355_00097-1,-1.1747423
s_016um_00185_00029-1,-1.2083648
s_016um_00173_00376-1,-1.1133766
s_016um_00236_00085-1,-1.1756095
s_016um_00123_00149-1,-1.1225667
s_016um_00008_00297-1,-1.0767298
s_016um_00225_00247-1,-1.1614106
s_016um_00277_00207-1,-1.1049058
s_016um_00211_00295-1,-1.1380821
s_016um_00081_00267-1,-1.1371096
s_016um_00399_00263-1,-1.1424261
s_016um_00411_00099-1,-1.1796242
s_016um_00387_00132-1,-1.2002512
s_016um_00369_00222-1,-1.1587746
s_016um_00413_00099-1,-1.122079
s_016um_00096_00023-1,-1.1699551
s_016um_00192_00097-1,-1.0953445
s_016um_00288_00094-1,-1.1530554
s_016um_00205_00147-1,-1.1398896
s_016um_00224_00237-1,-1.1374468
s_016um_00400_00400-1,-0.76391083
s_016um_00332_00215-1,-1.1085896
s_016um_00117_00147-1,-1.1397284
s_016um_00164_00126-1,-1.1770747
s_016um_00166_00128-1,-1.1354489
s_016um_00084_00194-1,-1.0000755
s_016um_00280_00133-1,-1.1538631
s_016um_00284_00097-1,-1.1305006
s_016um_00287_00095-1,-1.1224407
s_016um_00415_00103-1,-1.143634
s_016um_00269_00335-1,-1.1157297
s_016um_00397_00215-1,-1.1397166
s_016um_00337_00396-1,-1.089765
s_016um_00263_00190-1,-1.178235
s_016um_00016_00265-1,-1.1668257
s_016um_00260_00128-1,-1.0530461
s_016um_00220_00230-1,-1.1317253
s_016um_00219_00228-1,-1.1093873
s_016um_00076_00294-1,-1.0917058
s_016um_00400_00127-1,-1.092262
s_016um_00075_00239-1,-1.1213901
s_016um_00093_00316-1,-1.1391553
s_016um_00221_00031-1,-1.1511927
s_016um_00274_00222-1,-1.0927098
s_016um_00308_00059-1,-1.2098268
s_016um_00129_00086-1,-1.1615427
s_016um_00066_00128-1,-1.1267143
s_016um_00221_00030-1,-1.1253209
s_016um_00237_00185-1,-1.1836004
s_016um_00408_00147-1,-1.1353247
s_016um_00276_00045-1,-1.1716206
s_016um_00356_00418-1,-1.1067595
s_016um_00327_00301-1,-1.1462221
s_016um_00290_00093-1,-1.196799
s_016um_00206_00152-1,-1.1308522
s_016um_00140_00015-1,-1.0943093
s_016um_00370_00147-1,-1.0490144
s_016um_00353_00020-1,-1.0874428
s_016um_00130_00314-1,-0.99983275
s_016um_00375_00118-1,-1.1760266
s_016um_00034_00332-1,-1.1469665
s_016um_00081_00294-1,-1.1244222
s_016um_00089_00032-1,-1.1138234
s_016um_00260_00333-1,-1.0907533
s_016um_00147_00061-1,-1.1318209
s_016um_00082_00035-1,-1.1190792
s_016um_00104_00072-1,-1.1124381
s_016um_00354_00096-1,-1.1392325
s_016um_00310_00051-1,-1.0388589
s_016um_00232_00358-1,-1.1917049
s_016um_00217_00293-1,-1.1861173
s_016um_00273_00047-1,-1.131976
s_016um_00192_00125-1,-1.1185704
s_016um_00397_00370-1,-1.0945592
s_016um_00274_00206-1,-1.1627169
s_016um_00074_00249-1,-1.1529536
s_016um_00167_00124-1,-1.1374753
s_016um_00403_00257-1,-1.1693401
s_016um_00109_00314-1,-1.1777097
s_016um_00041_00216-1,-1.049554
s_016um_00313_00059-1,-1.1343311
s_016um_00282_00324-1,-1.1663033
s_016um_00240_00089-1,-1.0717726
s_016um_00220_00331-1,-1.1588868
s_016um_00274_00201-1,-1.1077471
s_016um_00345_00220-1,-1.1649657
s_016um_00274_00045-1,-1.1663693
s_016um_00075_00243-1,-1.177314
s_016um_00129_00227-1,-1.1373271
s_016um_00047_00216-1,-1.1542156
s_016um_00167_00375-1,-1.1376363
s_016um_00137_00216-1,-1.1415519
s_016um_00398_00361-1,-1.1178554
s_016um_00126_00087-1,-1.0951374
s_016um_00049_00239-1,-1.1711484
s_016um_00274_00312-1,-1.1492282
s_016um_00080_00032-1,-1.1167712
s_016um_00043_00209-1,-1.1700994
s_016um_00013_00212-1,-1.1103348
s_016um_00134_00220-1,-1.2031733
s_016um_00272_00332-1,-1.1679767
s_016um_00083_00296-1,-1.1577901
s_016um_00361_00410-1,-1.0975279
s_016um_00045_00205-1,-1.1898139
s_016um_00214_00276-1,-1.1639007
s_016um_00082_00265-1,-1.098697
s_016um_00352_00121-1,-1.105618
s_016um_00244_00186-1,-1.1826296
s_016um_00395_00360-1,-1.1454206
s_016um_00056_00247-1,-1.1290926
s_016um_00120_00151-1,-1.0978496
s_016um_00310_00057-1,-1.184679
s_016um_00324_00307-1,-1.0930179
s_016um_00045_00240-1,-1.1562343
s_016um_00257_00191-1,-1.1286677
s_016um_00035_00098-1,-1.0510064
s_016um_00144_00055-1,-1.1491593
s_016um_00247_00083-1,-1.1676112
s_016um_00104_00065-1,-1.1176782
s_016um_00094_00338-1,-1.1340038
s_016um_00134_00318-1,-0.8965406
s_016um_00407_00147-1,-1.1404368
s_016um_00369_00097-1,-1.1374184
s_016um_00361_00291-1,-1.2052884
s_016um_00008_00293-1,-1.1281055
s_016um_00172_00374-1,-1.1965911
s_016um_00217_00174-1,-1.1464477
s_016um_00366_00102-1,-1.1494691
s_016um_00277_00329-1,-1.1447595
s_016um_00237_00186-1,-1.2364863
s_016um_00261_00334-1,-1.1225328
s_016um_00229_00334-1,-1.1396542
s_016um_00083_00070-1,-1.1191195
s_016um_00229_00328-1,-1.1414074
s_016um_00247_00026-1,-1.1711781
s_016um_00072_00244-1,-1.1624801
s_016um_00348_00216-1,-1.1319244
s_016um_00227_00238-1,-1.0691836
s_016um_00274_00052-1,-1.1334745
s_016um_00275_00318-1,-1.1529416
s_016um_00091_00338-1,-1.1290023
s_016um_00405_00120-1,-1.1680921
s_016um_00012_00293-1,-1.143057
s_016um_00334_00403-1,-1.1390058
s_016um_00254_00033-1,-1.19962
s_016um_00043_00047-1,-1.0972496
s_016um_00193_00095-1,-1.1405002
s_016um_00226_00327-1,-1.132827
s_016um_00109_00319-1,-1.0100175
s_016um_00356_00290-1,-1.1902213
s_016um_00240_00188-1,-1.106416
s_016um_00357_00094-1,-1.1778245
s_016um_00279_00313-1,-1.1891617
s_016um_00389_00290-1,-1.1335208
s_016um_00326_00303-1,-1.1635008
s_016um_00026_00333-1,-1.1010531
s_016um_00082_00300-1,-1.1458551
s_016um_00328_00126-1,-1.1905408
s_016um_00012_00154-1,-1.1423589
s_016um_00010_00212-1,-1.1246532
s_016um_00046_00213-1,-1.1702542
s_016um_00212_00298-1,-1.1474401
s_016um_00398_00260-1,-1.1844165
s_016um_00043_00240-1,-1.1389419
s_016um_00094_00316-1,-1.0921662
s_016um_00080_00295-1,-1.1378886
s_016um_00238_00087-1,-1.1627127
s_016um_00401_00219-1,-1.1153618
s_016um_00038_00102-1,-1.1046374
s_016um_00384_00126-1,-1.137822
s_016um_00365_00099-1,-1.1590745
s_016um_00327_00122-1,-1.1540225
s_016um_00099_00069-1,-1.1605092
s_016um_00352_00020-1,-1.1484302
s_016um_00008_00299-1,-1.1547979
s_016um_00093_00320-1,-1.1649123
s_016um_00312_00056-1,-1.1471714
s_016um_00349_00025-1,-1.2021289
s_016um_00272_00224-1,-1.1468076
s_016um_00394_00184-1,-1.060798
s_016um_00234_00353-1,-1.1275926
s_016um_00042_00045-1,-1.1110537
s_016um_00379_00130-1,-1.1629924
s_016um_00247_00086-1,-1.1461797
s_016um_00403_00126-1,-1.1782261
s_016um_00331_00254-1,-1.1347353
s_016um_00218_00231-1,-1.126687
s_016um_00248_00022-1,-0.9692303
s_016um_00096_00342-1,-1.1250829
s_016um_00396_00213-1,-1.1685299
s_016um_00223_00174-1,-1.1785477
s_016um_00018_00271-1,-1.1468545
s_016um_00075_00248-1,-1.1644223
s_016um_00392_00363-1,-1.1570426
s_016um_00380_00140-1,-1.1534799
s_016um_00084_00271-1,-1.1045234
s_016um_00384_00129-1,-1.1635679
s_016um_00090_00338-1,-1.1312968
s_016um_00011_00158-1,-1.1528054
s_016um_00188_00096-1,-1.1649716
s_016um_00138_00016-1,-1.1447434
s_016um_00364_00229-1,-1.1245
s_016um_00225_00025-1,-1.143024
s_016um_00095_00340-1,-1.1756831
s_016um_00066_00233-1,-1.1505871
s_016um_00212_00288-1,-1.1082895
s_016um_00357_00022-1,-1.1673093
s_016um_00267_00033-1,-1.1389025
s_016um_00189_00124-1,-1.1691513
s_016um_00370_00224-1,-1.1432092
s_016um_00369_00229-1,-1.1553305
s_016um_00370_00226-1,-1.1627862
s_016um_00217_00282-1,-1.1182022
s_016um_00081_00034-1,-1.0434206
s_016um_00129_00322-1,-1.1433717
s_016um_00401_00215-1,-1.1427072
s_016um_00319_00170-1,-1.1437482
s_016um_00406_00101-1,-1.1317505
s_016um_00354_00121-1,-1.1771337
s_016um_00097_00342-1,-1.1954594
s_016um_00031_00084-1,-1.1325302
s_016um_00166_00123-1,-1.1513141
s_016um_00102_00067-1,-1.1793115
s_016um_00354_00018-1,-1.1297995
s_016um_00008_00152-1,-1.1151438
s_016um_00270_00055-1,-1.0831923
s_016um_00279_00326-1,-1.1171507
s_016um_00091_00266-1,-1.1347148
s_016um_00244_00087-1,-1.1544219
s_016um_00168_00370-1,-1.2043961
s_016um_00276_00047-1,-1.1559598
s_016um_00392_00181-1,-1.1057343
s_016um_00101_00029-1,-1.1466515
s_016um_00234_00084-1,-1.1088355
s_016um_00141_00073-1,-1.1049063
s_016um_00127_00389-1,-1.1255568
s_016um_00209_00289-1,-1.126399
s_016um_00170_00126-1,-1.1471016
s_016um_00223_00029-1,-1.1861876
s_016um_00275_00201-1,-1.1365904
s_016um_00129_00318-1,-0.7501663
s_016um_00311_00052-1,-0.9625354
s_016um_00381_00137-1,-1.2020692
s_016um_00415_00141-1,-1.1183068
s_016um_00335_00211-1,-1.1248423
s_016um_00222_00015-1,-1.0990069
s_016um_00255_00020-1,-0.9939541
s_016um_00043_00205-1,-1.0123161
s_016um_00359_00116-1,-1.1380929
s_016um_00270_00332-1,-1.134886
s_016um_00084_00030-1,-1.0935948
s_016um_00399_00368-1,-1.0999475
s_016um_00403_00148-1,-1.112824
s_016um_00276_00311-1,-1.0920843
s_016um_00171_00378-1,-1.0774562
s_016um_00402_00150-1,-1.1463214
s_016um_00032_00333-1,-1.1113267
s_016um_00216_00283-1,-1.103767
s_016um_00084_00283-1,-1.1504276
s_016um_00069_00235-1,-1.1635789
s_016um_00312_00057-1,-1.1927512
s_016um_00326_00306-1,-1.1133224
s_016um_00333_00251-1,-1.1388448
s_016um_00130_00321-1,-1.0321755
s_016um_00285_00097-1,-1.1024984
s_016um_00040_00105-1,-1.137397
s_016um_00224_00251-1,-1.1455793
s_016um_00191_00097-1,-1.1395136
s_016um_00128_00390-1,-1.1548738
s_016um_00046_00205-1,-1.1279511
s_016um_00234_00261-1,-1.1819648
s_016um_00276_00200-1,-1.1501328
s_016um_00287_00094-1,-1.107221
s_016um_00189_00094-1,-1.1221108
s_016um_00044_00242-1,-0.8523752
s_016um_00008_00213-1,-1.1079872
s_016um_00213_00296-1,-1.1496692
s_016um_00102_00025-1,-1.1591539
s_016um_00398_00259-1,-1.106582
s_016um_00391_00292-1,-1.0681626
s_016um_00336_00397-1,-1.0985343
s_016um_00381_00127-1,-1.1376057
s_016um_00203_00145-1,-1.192645
s_016um_00131_00092-1,-1.1363252
s_016um_00037_00006-1,-1.1410573
s_016um_00138_00071-1,-1.1322798
s_016um_00399_00261-1,-1.1984328
s_016um_00281_00328-1,-1.1397789
s_016um_00088_00068-1,-1.1566344
s_016um_00170_00125-1,-1.15756
s_016um_00276_00052-1,-1.1737487
s_016um_00082_00030-1,-1.0348527
s_016um_00321_00170-1,-1.2219893
s_016um_00217_00285-1,-1.1741486
s_016um_00190_00092-1,-1.1682321
s_016um_00098_00072-1,-1.1009749
s_016um_00192_00095-1,-1.168779
s_016um_00114_00147-1,-1.1083976
s_016um_00185_00026-1,-1.1148802
s_016um_00081_00244-1,-1.1376908
s_016um_00107_00384-1,-1.2047105
s_016um_00203_00150-1,-1.1992246
s_016um_00323_00229-1,-1.1086792
s_016um_00094_00276-1,-1.1272142
s_016um_00273_00029-1,-1.1870838
s_016um_00338_00395-1,-1.1031456
s_016um_00400_00373-1,-1.1602781
s_016um_00085_00271-1,-1.1377509
s_016um_00077_00238-1,-1.1045425
s_016um_00100_00025-1,-1.148945
s_016um_00032_00084-1,-1.0595623
s_016um_00215_00015-1,-1.1690787
s_016um_00195_00129-1,-1.1823425
s_016um_00283_00097-1,-1.1807034
s_016um_00228_00263-1,-1.1436789
s_016um_00327_00124-1,-1.1676233
s_016um_00326_00305-1,-1.1566961
s_016um_00273_00034-1,-1.0747073
s_016um_00069_00234-1,-1.1032574
s_016um_00009_00158-1,-1.1529653
s_016um_00179_00031-1,-1.166249
s_016um_00310_00056-1,-1.1890343
s_016um_00353_00115-1,-1.1582091
s_016um_00011_00212-1,-1.1407251
s_016um_00332_00250-1,-1.1850541
s_016um_00359_00092-1,-1.1217638
s_016um_00405_00127-1,-1.1489717
s_016um_00312_00054-1,-1.1538577
s_016um_00081_00031-1,-1.1323154
s_016um_00208_00031-1,-1.1106714
s_016um_00004_00157-1,-1.0860206
s_016um_00359_00287-1,-1.0967376
s_016um_00126_00386-1,-1.0204028
s_016um_00146_00054-1,-1.0939336
s_016um_00333_00216-1,-1.2109338
s_016um_00146_00055-1,-1.1476223
s_016um_00093_00335-1,-1.1633238
s_016um_00259_00187-1,-1.2394485
s_016um_00398_00258-1,-1.1614329
s_016um_00205_00149-1,-1.136588
s_016um_00174_00376-1,-1.1570417
s_016um_00110_00320-1,-1.1247517
s_016um_00081_00035-1,-1.1057941
s_016um_00113_00321-1,-1.146928
s_016um_00098_00339-1,-1.1038227
s_016um_00229_00245-1,-1.2175831
s_016um_00269_00230-1,-1.1176643
s_016um_00236_00361-1,-1.1063129
s_016um_00158_00290-1,-1.1782638
s_016um_00280_00205-1,-1.1511021
s_016um_00319_00165-1,-1.1765606
s_016um_00085_00285-1,-1.1383989
s_016um_00099_00066-1,-1.1735977
s_016um_00242_00186-1,-1.152196
s_016um_00364_00222-1,-1.1765457
s_016um_00101_00390-1,-1.166302
s_016um_00398_00360-1,-1.1693897
s_016um_00408_00152-1,-1.1669357
s_016um_00346_00217-1,-1.120835
s_016um_00220_00166-1,-1.1662713
s_016um_00267_00036-1,-1.1942171
s_016um_00259_00027-1,-1.1319145
s_016um_00281_00324-1,-1.1341102
s_016um_00102_00391-1,-1.1807888
s_016um_00084_00036-1,-1.1069958
s_016um_00087_00030-1,-1.1229079
s_016um_00220_00025-1,-1.1298021
s_016um_00082_00069-1,-1.0831046
s_016um_00278_00046-1,-1.173847
s_016um_00129_00089-1,-1.1389176
s_016um_00384_00132-1,-1.0978692
s_016um_00223_00170-1,-1.1282789
s_016um_00084_00268-1,-1.1850337
s_016um_00245_00088-1,-1.1657673
s_016um_00065_00237-1,-1.0949374
s_016um_00091_00278-1,-1.1606691
s_016um_00008_00150-1,-1.1161772
s_016um_00216_00014-1,-1.1461774
s_016um_00256_00032-1,-1.1614143
s_016um_00358_00415-1,-1.1584079
s_016um_00231_00268-1,-1.0901392
s_016um_00134_00069-1,-1.048929
s_016um_00257_00186-1,-1.1227652
s_016um_00215_00291-1,-1.1590366
s_016um_00219_00015-1,-1.1650555
s_016um_00396_00257-1,-1.161503
s_016um_00408_00401-1,-0.6698464
s_016um_00127_00088-1,-1.1444876
s_016um_00086_00271-1,-1.1672082
s_016um_00129_00383-1,-1.1439388
s_016um_00365_00102-1,-1.1254174
s_016um_00341_00398-1,-1.1223437
s_016um_00190_00124-1,-1.2020091
s_016um_00135_00075-1,-1.1475004
s_016um_00234_00358-1,-1.1586052
s_016um_00125_00383-1,-1.1741637
s_016um_00371_00100-1,-1.140119
s_016um_00140_00057-1,-1.061302
s_016um_00395_00363-1,-1.122224
s_016um_00041_00206-1,-1.1288213
s_016um_00065_00232-1,-1.1722386
s_016um_00271_00330-1,-1.1102434
s_016um_00271_00225-1,-1.162811
s_016um_00044_00209-1,-1.1353991
s_016um_00119_00148-1,-1.1280285
s_016um_00347_00216-1,-1.1445338
s_016um_00227_00247-1,-1.1617883
s_016um_00104_00387-1,-1.1524843
s_016um_00229_00260-1,-1.2024283
s_016um_00399_00214-1,-1.1452438
s_016um_00391_00293-1,-1.1485947
s_016um_00162_00125-1,-1.1629953
s_016um_00239_00183-1,-1.1072758
s_016um_00396_00178-1,-1.1380695
s_016um_00247_00084-1,-1.1243607
s_016um_00136_00230-1,-1.1061449
s_016um_00086_00074-1,-1.0906922
s_016um_00021_00266-1,-1.1037799
s_016um_00402_00260-1,-1.1494712
s_016um_00230_00361-1,-1.1783261
s_016um_00374_00145-1,-1.2359351
s_016um_00083_00285-1,-1.1397693
s_016um_00113_00319-1,-1.1678909
s_016um_00011_00295-1,-1.1179775
s_016um_00260_00027-1,-1.1241628
s_016um_00108_00321-1,-1.0068529
s_016um_00233_00265-1,-1.1987438
s_016um_00415_00102-1,-1.1036582
s_016um_00275_00049-1,-1.1764393
s_016um_00048_00237-1,-1.1576241
s_016um_00107_00383-1,-1.1179113
s_016um_00398_00215-1,-1.1330696
s_016um_00235_00357-1,-1.1651498
s_016um_00394_00369-1,-1.0843314
s_016um_00129_00314-1,-1.1363491
s_016um_00398_00217-1,-1.1607578
s_016um_00407_00398-1,-0.85101473
s_016um_00391_00298-1,-1.1057241
s_016um_00402_00128-1,-1.1545382
s_016um_00103_00066-1,-1.1167113
s_016um_00040_00171-1,-1.1123581
s_016um_00408_00100-1,-1.0616452
s_016um_00020_00266-1,-1.0855752
s_016um_00086_00196-1,-1.1567633
s_016um_00204_00152-1,-1.1565179
s_016um_00220_00225-1,-1.1517953
s_016um_00129_00093-1,-1.1248214
s_016um_00190_00122-1,-1.1243948
s_016um_00269_00330-1,-1.0998983
s_016um_00097_00273-1,-1.1644663
s_016um_00275_00135-1,-1.1387025
s_016um_00213_00282-1,-1.1332588
s_016um_00161_00288-1,-0.9878237
s_016um_00179_00029-1,-1.1403388
s_016um_00355_00119-1,-1.1579496
s_016um_00376_00138-1,-1.1463807
s_016um_00221_00227-1,-1.1380156
s_016um_00135_00070-1,-1.0094491
s_016um_00355_00025-1,-1.2191538
s_016um_00029_00332-1,-1.1175287
s_016um_00158_00291-1,-1.2177733
s_016um_00218_00018-1,-1.192883
s_016um_00417_00140-1,-1.173363
s_016um_00146_00400-1,-1.1648308
s_016um_00370_00143-1,-1.1832218
s_016um_00163_00291-1,-1.1350793
s_016um_00029_00090-1,-1.1232679
s_016um_00411_00149-1,-1.0758029
s_016um_00164_00124-1,-1.1360534
s_016um_00043_00212-1,-1.0924826
s_016um_00193_00123-1,-1.1693524
s_016um_00064_00234-1,-1.1390331
s_016um_00262_00330-1,-1.1373073
s_016um_00064_00131-1,-1.1140797
s_016um_00391_00181-1,-1.1549249
s_016um_00260_00187-1,-1.092169
s_016um_00220_00170-1,-1.1547652
s_016um_00403_00255-1,-1.1393175
s_016um_00416_00140-1,-1.14672
s_016um_00084_00200-1,-1.1384506
s_016um_00084_00193-1,-1.04563
s_016um_00238_00185-1,-1.1471363
s_016um_00027_00088-1,-1.1034011
s_016um_00132_00384-1,-1.141534
s_016um_00013_00207-1,-1.1040729
s_016um_00249_00027-1,-1.1273992
s_016um_00367_00097-1,-1.1426519
s_016um_00352_00017-1,-1.1578135
s_016um_00137_00077-1,-1.1086744
s_016um_00083_00199-1,-1.100346
s_016um_00399_00256-1,-1.1961294
s_016um_00178_00029-1,-1.162177
s_016um_00125_00387-1,-1.1731385
s_016um_00107_00317-1,-1.1592122
s_016um_00345_00218-1,-1.1623901
s_016um_00057_00242-1,-1.1481259
s_016um_00278_00203-1,-1.058543
s_016um_00042_00241-1,-1.0479866
s_016um_00251_00018-1,-1.0667788
s_016um_00052_00246-1,-1.1511782
s_016um_00119_00143-1,-0.6255305
s_016um_00202_00149-1,-1.148294
s_016um_00399_00121-1,-1.216781
s_016um_00358_00089-1,-1.1664153
s_016um_00412_00102-1,-1.0841974
s_016um_00130_00093-1,-1.0527486
s_016um_00139_00076-1,-1.1107796
s_016um_00099_00316-1,-1.1430411
s_016um_00278_00045-1,-1.1461957
s_016um_00276_00226-1,-1.0945858
s_016um_00357_00090-1,-1.2139727
s_016um_00135_00215-1,-1.1112715
s_016um_00149_00394-1,-1.1876767
s_016um_00031_00332-1,-1.1308445
s_016um_00235_00188-1,-1.1310885
s_016um_00096_00316-1,-1.1108421
s_016um_00276_00314-1,-0.97401404
s_016um_00223_00334-1,-1.1656473
s_016um_00033_00098-1,-1.0522658
s_016um_00068_00236-1,-1.0257657
s_016um_00035_00103-1,-1.1280305
s_016um_00075_00249-1,-1.1632583
s_016um_00085_00066-1,-1.1096
s_016um_00046_00212-1,-1.1284473
s_016um_00042_00204-1,-1.1194656
s_016um_00391_00339-1,-1.1359148
s_016um_00327_00214-1,-1.1316663
s_016um_00036_00103-1,-1.1128687
s_016um_00327_00212-1,-1.1501578
s_016um_00084_00264-1,-1.1577536
s_016um_00395_00357-1,-0.9967407
s_016um_00014_00266-1,-1.1824572
s_016um_00266_00035-1,-1.1504382
s_016um_00353_00116-1,-1.1083493
s_016um_00227_00248-1,-1.1906396
s_016um_00388_00338-1,-1.119313
s_016um_00275_00052-1,-1.158483
s_016um_00367_00094-1,-1.0935532
s_016um_00159_00287-1,-1.2227799
s_016um_00220_00028-1,-1.0729957
s_016um_00271_00336-1,-1.110705
s_016um_00042_00042-1,-1.1538442
s_016um_00260_00029-1,-1.0775545
s_016um_00374_00146-1,-1.106172
s_016um_00387_00129-1,-1.1519974
s_016um_00231_00362-1,-1.1272911
s_016um_00413_00104-1,-1.1300671
s_016um_00075_00241-1,-1.1532295
s_016um_00090_00071-1,-1.1041045
s_016um_00327_00306-1,-1.1542273
s_016um_00100_00385-1,-1.128093
s_016um_00145_00399-1,-1.1903013
s_016um_00397_00258-1,-1.112763
s_016um_00140_00216-1,-1.121367
s_016um_00142_00054-1,-1.1239909
s_016um_00325_00229-1,-1.15563
s_016um_00094_00340-1,-1.1379639
s_016um_00355_00021-1,-1.1909622
s_016um_00040_00177-1,-1.1274914
s_016um_00356_00291-1,-1.1767191
s_016um_00327_00232-1,-1.1963426
s_016um_00194_00121-1,-1.1086681
s_016um_00140_00021-1,-1.0766444
s_016um_00370_00142-1,-1.1545061
s_016um_00037_00043-1,-1.0758904
s_016um_00266_00058-1,-0.91832197
s_016um_00012_00295-1,-1.1253806
s_016um_00017_00268-1,-1.1310154
s_016um_00257_00035-1,-1.2010905
s_016um_00265_00135-1,-1.0458422
s_016um_00221_00235-1,-1.1661624
s_016um_00325_00162-1,-1.1616242
s_016um_00037_00008-1,-1.1515105
s_016um_00143_00057-1,-1.0942379
s_016um_00077_00242-1,-1.1464292
s_016um_00136_00215-1,-1.2019166
s_016um_00166_00374-1,-1.1594247
s_016um_00398_00366-1,-1.1562079
s_016um_00370_00141-1,-1.1339661
s_016um_00237_00360-1,-1.1360812
s_016um_00008_00155-1,-1.1182162
s_016um_00363_00227-1,-1.1252427
s_016um_00384_00139-1,-1.2065004
s_016um_00396_00367-1,-1.153647
s_016um_00246_00085-1,-1.1593826
s_016um_00221_00010-1,-1.1301404
s_016um_00249_00026-1,-1.1348063
s_016um_00394_00342-1,-1.0994112
s_016um_00392_00339-1,-1.0911223
s_016um_00324_00304-1,-1.1367844
s_016um_00394_00186-1,-1.1695199
s_016um_00121_00147-1,-1.1633797
s_016um_00272_00031-1,-1.1891254
s_016um_00323_00304-1,-1.1514775
s_016um_00217_00233-1,-1.174037
s_016um_00377_00140-1,-1.1530063
s_016um_00270_00330-1,-1.1044792
s_016um_00083_00035-1,-1.1466669
s_016um_00406_00398-1,-0.9544678
s_016um_00352_00089-1,-1.1317273
s_016um_00367_00101-1,-1.1175461
s_016um_00066_00238-1,-1.1350384
s_016um_00221_00014-1,-1.1566952
s_016um_00222_00030-1,-1.178163
s_016um_00272_00222-1,-1.1285659
s_016um_00195_00095-1,-1.1397814
s_016um_00217_00015-1,-1.148917
s_016um_00016_00266-1,-1.1449895
s_016um_00226_00329-1,-1.1193098
s_016um_00215_00297-1,-1.1310942
s_016um_00095_00271-1,-1.1402403
s_016um_00236_00266-1,-1.123471
s_016um_00188_00094-1,-1.1300392
s_016um_00274_00333-1,-1.1263185
s_016um_00395_00369-1,-1.1109357
s_016um_00163_00126-1,-1.1359277
s_016um_00095_00339-1,-1.1287987
s_016um_00076_00300-1,-1.1130372
s_016um_00234_00359-1,-1.125158
s_016um_00090_00067-1,-1.175324
s_016um_00034_00008-1,-1.1306642
s_016um_00040_00212-1,-1.1545962
s_016um_00082_00240-1,-1.1357086
s_016um_00271_00231-1,-1.0917723
s_016um_00271_00057-1,-1.1362871
s_016um_00273_00133-1,-1.1402886
s_016um_00330_00254-1,-1.1623806
s_016um_00070_00248-1,-1.1536456
s_016um_00062_00125-1,-1.0759647
s_016um_00362_00228-1,-1.1342103
s_016um_00277_00313-1,-1.1688404
s_016um_00126_00388-1,-1.2127622
s_016um_00329_00123-1,-1.0916015
s_016um_00358_00119-1,-1.0906955
s_016um_00328_00225-1,-1.1643989
s_016um_00373_00147-1,-0.95695263
s_016um_00276_00203-1,-1.1636416
s_016um_00372_00147-1,-0.91983384
s_016um_00006_00155-1,-1.1427112
s_016um_00145_00057-1,-1.1488684
s_016um_00326_00226-1,-1.1354783
s_016um_00222_00172-1,-1.1827503
s_016um_00057_00248-1,-1.0603027
s_016um_00083_00267-1,-1.1891922
s_016um_00397_00216-1,-1.1120569
s_016um_00341_00400-1,-1.1602762
s_016um_00075_00299-1,-1.1637555
s_016um_00236_00362-1,-1.1370376
s_016um_00077_00240-1,-1.1588737
s_016um_00365_00100-1,-1.1688786
s_016um_00370_00117-1,-1.1128744
s_016um_00407_00102-1,-1.1310862
s_016um_00401_00396-1,-1.1863258
s_016um_00229_00332-1,-1.1162627
s_016um_00120_00146-1,-1.1030037
s_016um_00040_00174-1,-1.1363095
s_016um_00340_00216-1,-1.1306614
s_016um_00105_00383-1,-1.1306776
s_016um_00410_00102-1,-1.1244949
s_016um_00267_00059-1,-1.1072333
s_016um_00338_00397-1,-1.0589892
s_016um_00134_00232-1,-1.1324221
s_016um_00402_00126-1,-1.169197
s_016um_00254_00034-1,-1.2127229
s_016um_00136_00318-1,-0.8345102
s_016um_00131_00094-1,-1.1116457
s_016um_00394_00338-1,-1.0763298
s_016um_00222_00174-1,-1.2061923
s_016um_00037_00103-1,-1.0974998
s_016um_00376_00121-1,-1.181399
s_016um_00402_00398-1,-0.8857801
s_016um_00327_00228-1,-1.1488255
s_016um_00041_00205-1,-1.0520579
s_016um_00005_00211-1,-1.1061419
s_016um_00271_00030-1,-1.1568655
s_016um_00324_00230-1,-1.1610465
s_016um_00394_00343-1,-1.1097046
s_016um_00203_00146-1,-1.2215294
s_016um_00067_00128-1,-1.1424105
s_016um_00218_00281-1,-1.1930339
s_016um_00014_00297-1,-1.1153333
s_016um_00221_00226-1,-1.1375736
s_016um_00183_00025-1,-1.1101171
s_016um_00075_00247-1,-1.1371009
s_016um_00035_00104-1,-1.0824112
s_016um_00135_00218-1,-1.1391716
s_016um_00396_00368-1,-1.1084948
s_016um_00168_00127-1,-1.1443791
s_016um_00216_00232-1,-1.133929
s_016um_00254_00029-1,-1.1291578
s_016um_00263_00192-1,-1.1600454
s_016um_00264_00186-1,-0.9979075
s_016um_00084_00035-1,-1.0888383
s_016um_00040_00205-1,-1.1249328
s_016um_00372_00144-1,-1.0245032
s_016um_00126_00389-1,-1.1422306
s_016um_00128_00319-1,-1.0910628
s_016um_00008_00294-1,-1.1386833
s_016um_00277_00052-1,-1.2064941
s_016um_00102_00065-1,-1.1929636
s_016um_00092_00269-1,-1.1915759
s_016um_00262_00030-1,-1.1401397
s_016um_00129_00315-1,-1.1290327
s_016um_00338_00405-1,-1.2199237
s_016um_00173_00375-1,-1.1466153
s_016um_00356_00121-1,-1.0812995
s_016um_00269_00061-1,-1.1172422
s_016um_00010_00300-1,-1.1194257
s_016um_00093_00338-1,-1.1482056
s_016um_00006_00300-1,-1.1080027
s_016um_00353_00026-1,-1.2040012
s_016um_00330_00257-1,-1.1312135
s_016um_00243_00090-1,-1.1574104
s_016um_00082_00297-1,-1.0862868
s_016um_00145_00058-1,-1.0295988
s_016um_00399_00262-1,-1.1358157
s_016um_00074_00250-1,-1.1694973
s_016um_00337_00399-1,-1.190572
s_016um_00233_00091-1,-1.1859993
s_016um_00105_00390-1,-1.1389436
s_016um_00141_00022-1,-1.1314774
s_016um_00037_00041-1,-1.1288323
s_016um_00239_00087-1,-1.1889675
s_016um_00102_00071-1,-1.1095194
s_016um_00174_00377-1,-1.1561632
s_016um_00338_00404-1,-1.1764361
s_016um_00036_00007-1,-1.1328797
s_016um_00171_00376-1,-1.1258194
s_016um_00277_00134-1,-1.214683
s_016um_00066_00131-1,-1.138867
s_016um_00150_00394-1,-1.1621495
s_016um_00134_00233-1,-1.1740907
s_016um_00359_00411-1,-1.165456
s_016um_00276_00209-1,-1.1537994
s_016um_00380_00136-1,-1.149002
s_016um_00039_00210-1,-1.0827065
s_016um_00406_00144-1,-1.1767709
s_016um_00339_00397-1,-1.1279273
s_016um_00117_00145-1,-1.1005036
s_016um_00139_00058-1,-1.1480707
s_016um_00341_00214-1,-1.1566678
s_016um_00093_00321-1,-1.1231742
s_016um_00037_00047-1,-1.0164772
s_016um_00254_00032-1,-1.1543685
s_016um_00034_00105-1,-1.0966488
s_016um_00055_00250-1,-1.1130213
s_016um_00053_00243-1,-1.1250134
s_016um_00009_00299-1,-1.124079
s_016um_00367_00141-1,-1.123511
s_016um_00279_00047-1,-1.1460185
s_016um_00094_00271-1,-1.1602807
s_016um_00207_00149-1,-1.13043
s_016um_00352_00024-1,-1.1483377
s_016um_00416_00137-1,-1.1082101
s_016um_00084_00195-1,-1.0581942
s_016um_00270_00061-1,-1.1547539
s_016um_00346_00219-1,-1.1055353
s_016um_00236_00356-1,-1.1418673
s_016um_00203_00144-1,-1.1838559
s_016um_00161_00292-1,-1.1595329
s_016um_00128_00387-1,-1.1839844
s_016um_00043_00203-1,-1.2097858
s_016um_00407_00122-1,-1.1409723
s_016um_00072_00246-1,-1.1710339
s_016um_00385_00136-1,-1.1511806
s_016um_00348_00214-1,-1.1466165
s_016um_00219_00230-1,-1.1688251
s_016um_00331_00215-1,-1.1213115
s_016um_00381_00126-1,-1.2158453
s_016um_00218_00227-1,-1.1809448
s_016um_00045_00239-1,-1.1377568
s_016um_00154_00398-1,-1.0751212
s_016um_00385_00131-1,-1.1707458
s_016um_00385_00126-1,-1.0393106
s_016um_00035_00007-1,-1.1420653
s_016um_00233_00086-1,-1.1016101
s_016um_00276_00043-1,-1.1364899
s_016um_00234_00086-1,-1.1320187
s_016um_00157_00286-1,-1.2214932
s_016um_00079_00291-1,-1.1088283
s_016um_00277_00323-1,-1.1414653
s_016um_00072_00251-1,-1.1506447
s_016um_00288_00097-1,-1.1449769
s_016um_00415_00136-1,-1.0081986
s_016um_00164_00128-1,-1.158361
s_016um_00130_00090-1,-1.1108577
s_016um_00225_00331-1,-1.1343482
s_016um_00397_00218-1,-1.119566
s_016um_00082_00242-1,-1.1747116
s_016um_00116_00147-1,-1.2074575
s_016um_00227_00249-1,-1.1297692
s_016um_00095_00279-1,-1.1942483
s_016um_00056_00246-1,-1.1476257
s_016um_00334_00253-1,-1.0081191
s_016um_00252_00019-1,-1.0759948
s_016um_00139_00021-1,-1.114727
s_016um_00319_00164-1,-1.1482195
s_016um_00111_00313-1,-1.1215272
s_016um_00247_00022-1,-0.99878496
s_016um_00150_00398-1,-1.0744652
s_016um_00044_00218-1,-1.1137577
s_016um_00057_00251-1,-1.1496663
s_016um_00132_00316-1,-0.9490894
s_016um_00276_00329-1,-1.1245354
s_016um_00109_00317-1,-1.1517003
s_016um_00393_00340-1,-1.0987097
s_016um_00218_00173-1,-1.1632053
s_016um_00280_00048-1,-1.1309777
s_016um_00246_00090-1,-1.1856419
s_016um_00044_00175-1,-1.1139196
s_016um_00045_00244-1,-1.1414006
s_016um_00321_00300-1,-1.1699407
s_016um_00369_00144-1,-1.1174983
s_016um_00086_00073-1,-1.1242458
s_016um_00374_00118-1,-1.1340792
s_016um_00326_00224-1,-1.0876803
s_016um_00141_00015-1,-1.122662
s_016um_00081_00193-1,-1.2453284
s_016um_00124_00386-1,-0.88895583
s_016um_00011_00151-1,-1.1242051
s_016um_00107_00387-1,-1.1467099
s_016um_00397_00374-1,-1.1452271
s_016um_00241_00083-1,-1.1845716
s_016um_00360_00418-1,-1.1123374
s_016um_00092_00273-1,-1.1308525
s_016um_00269_00030-1,-1.1461812
s_016um_00359_00413-1,-1.133594
s_016um_00232_00362-1,-1.1539409
s_016um_00233_00266-1,-1.1577455
s_016um_00223_00239-1,-1.1685497
s_016um_00136_00319-1,-0.81932473
s_016um_00275_00209-1,-1.1329535
s_016um_00246_00023-1,-1.1699799
s_016um_00405_00125-1,-1.1603186
s_016um_00130_00230-1,-1.1541842
s_016um_00234_00092-1,-1.1530238
s_016um_00364_00230-1,-1.0772892
s_016um_00147_00058-1,-1.1451049
s_016um_00039_00009-1,-1.121815
s_016um_00148_00401-1,-1.1562244
s_016um_00080_00292-1,-1.1300733
s_016um_00393_00294-1,-1.1538559
s_016um_00357_00415-1,-1.3113551
s_016um_00248_00025-1,-1.1052468
s_016um_00085_00073-1,-1.1073966
s_016um_00397_00180-1,-1.1852633
s_016um_00396_00180-1,-1.1075616
s_016um_00096_00274-1,-1.10387
s_016um_00120_00143-1,-0.73669565
s_016um_00246_00089-1,-1.1385335
s_016um_00011_00157-1,-1.0949218
s_016um_00264_00128-1,-1.107525
s_016um_00095_00029-1,-1.0907123
s_016um_00036_00099-1,-1.1129344
s_016um_00097_00027-1,-1.1119776
s_016um_00192_00094-1,-1.0913781
s_016um_00171_00127-1,-1.1414485
s_016um_00123_00150-1,-1.1909456
s_016um_00213_00290-1,-1.1303349
s_016um_00400_00398-1,-1.0994347
s_016um_00394_00360-1,-0.9867655
s_016um_00229_00235-1,-1.1704087
s_016um_00029_00336-1,-1.1270002
s_016um_00034_00010-1,-1.100211
s_016um_00145_00056-1,-1.1060183
s_016um_00372_00125-1,-1.1119273
s_016um_00216_00284-1,-1.1610651
s_016um_00272_00202-1,-1.2176934
s_016um_00036_00042-1,-1.1581346
s_016um_00043_00217-1,-1.1610851
s_016um_00272_00330-1,-1.1467335
s_016um_00145_00396-1,-1.1507604
s_016um_00215_00029-1,-1.1310656
s_016um_00100_00069-1,-1.1945345
s_016um_00100_00067-1,-1.1502916
s_016um_00040_00204-1,-1.1397737
s_016um_00013_00299-1,-1.0967975
s_016um_00089_00065-1,-1.0649823
s_016um_00279_00133-1,-1.1369574
s_016um_00218_00229-1,-1.1326225
s_016um_00006_00152-1,-1.1180114
s_016um_00326_00229-1,-1.1556715
s_016um_00259_00031-1,-1.1863635
s_016um_00396_00358-1,-1.0437301
s_016um_00124_00090-1,-1.1385374
s_016um_00018_00270-1,-1.189042
s_016um_00269_00224-1,-1.1363935
s_016um_00162_00293-1,-1.1048878
s_016um_00027_00333-1,-1.1203108
s_016um_00403_00149-1,-1.1811066
s_016um_00350_00019-1,-1.1575359
s_016um_00406_00123-1,-1.074243
s_016um_00036_00100-1,-1.0862284
s_016um_00102_00072-1,-1.1384356
s_016um_00130_00387-1,-1.1704284
s_016um_00267_00333-1,-1.230153
s_016um_00191_00128-1,-1.108841
s_016um_00359_00416-1,-1.0979768
s_016um_00218_00017-1,-1.1198051
s_016um_00388_00344-1,-1.1321138
s_016um_00079_00301-1,-1.1062665
s_016um_00287_00100-1,-1.1309589
s_016um_00084_00031-1,-1.090458
s_016um_00221_00169-1,-1.1468555
s_016um_00044_00042-1,-1.0734392
s_016um_00229_00329-1,-1.1616061
s_016um_00343_00218-1,-1.0756522
s_016um_00082_00196-1,-0.8500992
s_016um_00270_00030-1,-1.1774873
s_016um_00362_00416-1,-1.1673551
s_016um_00053_00244-1,-1.0903683
s_016um_00390_00182-1,-1.0994968
s_016um_00099_00028-1,-1.090412
s_016um_00386_00132-1,-1.1140364
s_016um_00328_00123-1,-1.1536977
s_016um_00071_00235-1,-1.1580542
s_016um_00224_00335-1,-1.1498384
s_016um_00108_00386-1,-1.1984335
s_016um_00386_00127-1,-1.1002206
s_016um_00138_00069-1,-1.120662
s_016um_00099_00024-1,-1.0920835
s_016um_00286_00092-1,-1.1386467
s_016um_00238_00186-1,-1.1191068
s_016um_00371_00096-1,-1.1506287
s_016um_00043_00237-1,-1.1635462
s_016um_00189_00123-1,-1.1642404
s_016um_00063_00126-1,-1.0759628
s_016um_00084_00286-1,-1.1206477
s_016um_00291_00094-1,-1.1738492
s_016um_00128_00089-1,-0.98436093
s_016um_00340_00397-1,-1.1390442
s_016um_00267_00328-1,-1.1350074
s_016um_00217_00280-1,-1.1126026
s_016um_00269_00331-1,-1.1486831
s_016um_00393_00343-1,-1.1062672
s_016um_00213_00297-1,-1.0695544
s_016um_00276_00049-1,-1.1949302
s_016um_00410_00152-1,-1.1636307
s_016um_00254_00023-1,-1.0967665
s_016um_00322_00230-1,-1.0618918
s_016um_00397_00221-1,-1.1265086
s_016um_00092_00322-1,-1.1397665
s_016um_00039_00102-1,-1.0835125
s_016um_00217_00018-1,-1.105263
s_016um_00232_00089-1,-1.1253898
s_016um_00268_00058-1,-1.1407993
s_016um_00341_00396-1,-1.1042606
s_016um_00277_00209-1,-1.1632748
s_016um_00400_00257-1,-1.1625886
s_016um_00278_00319-1,-1.153348
s_016um_00038_00097-1,-1.0661347
s_016um_00084_00201-1,-1.1547195
s_016um_00250_00024-1,-1.1277426
s_016um_00404_00259-1,-1.1643358
s_016um_00005_00295-1,-1.090353
s_016um_00142_00018-1,-1.1203992
s_016um_00087_00272-1,-1.1003838
s_016um_00133_00093-1,-1.0503156
s_016um_00130_00088-1,-1.1695704
s_016um_00275_00311-1,-1.0768836
s_016um_00256_00028-1,-1.1544502
s_016um_00078_00248-1,-1.1248046
s_016um_00098_00030-1,-1.063427
s_016um_00108_00316-1,-1.1188797
s_016um_00234_00262-1,-1.1170908
s_016um_00216_00282-1,-1.1274333
s_016um_00404_00395-1,-1.2101316
s_016um_00220_00282-1,-1.1002561
s_016um_00190_00126-1,-1.1218879
s_016um_00309_00056-1,-1.2397295
s_016um_00351_00115-1,-1.0557023
s_016um_00370_00123-1,-1.157311
s_016um_00180_00032-1,-1.13827
s_016um_00083_00195-1,-0.9400687
s_016um_00244_00081-1,-1.1658714
s_016um_00229_00263-1,-1.1293638
s_016um_00259_00128-1,-1.1306295
s_016um_00397_00219-1,-1.1166165
s_016um_00065_00233-1,-1.1590637
s_016um_00164_00125-1,-1.1042016
s_016um_00019_00272-1,-1.1783879
s_016um_00357_00287-1,-1.173514
s_016um_00403_00400-1,-0.77601594
s_016um_00163_00287-1,-1.110277
s_016um_00374_00143-1,-1.13791
s_016um_00281_00327-1,-1.129615
s_016um_00277_00202-1,-1.2128764
s_016um_00115_00317-1,-1.1663305
s_016um_00233_00354-1,-1.2088168
s_016um_00379_00133-1,-1.1192253
s_016um_00007_00299-1,-1.1011404
s_016um_00348_00020-1,-1.1214913
s_016um_00086_00266-1,-1.1487976
s_016um_00274_00138-1,-1.1807891
s_016um_00039_00179-1,-1.1467049
s_016um_00350_00025-1,-1.1100256
s_016um_00082_00294-1,-1.1471025
s_016um_00132_00093-1,-1.0976461
s_016um_00163_00128-1,-1.1212419
s_016um_00235_00187-1,-1.1225363
s_016um_00040_00178-1,-1.1374977
s_016um_00262_00191-1,-1.1743791
s_016um_00378_00134-1,-1.1736544
s_016um_00261_00130-1,-1.0930727
s_016um_00140_00058-1,-1.166578
s_016um_00392_00341-1,-1.0626067
s_016um_00079_00294-1,-1.11246
s_016um_00237_00187-1,-1.1659918
s_016um_00400_00128-1,-1.1704502
s_016um_00403_00152-1,-1.1203413
s_016um_00098_00031-1,-1.1593169
s_016um_00238_00091-1,-1.2884145
s_016um_00268_00223-1,-1.0723532
s_016um_00267_00056-1,-1.0908674
s_016um_00236_00264-1,-1.1533004
s_016um_00240_00091-1,-1.1524371
s_016um_00308_00060-1,-1.1527065
s_016um_00350_00018-1,-1.1242969
s_016um_00277_00317-1,-1.1276107
s_016um_00218_00284-1,-1.132519
s_016um_00275_00323-1,-1.1724752
s_016um_00146_00020-1,-1.1012802
s_016um_00082_00269-1,-1.1682813
s_016um_00133_00231-1,-1.1063913
s_016um_00043_00214-1,-1.1032702
s_016um_00243_00188-1,-1.1581576
s_016um_00368_00141-1,-1.1849387
s_016um_00218_00027-1,-1.1225094
s_016um_00063_00129-1,-1.1232449
s_016um_00403_00121-1,-1.1456426
s_016um_00044_00048-1,-1.1473436
s_016um_00217_00027-1,-1.1737858
s_016um_00007_00298-1,-1.2049351
s_016um_00265_00333-1,-1.1486648
s_016um_00166_00121-1,-1.1972275
s_016um_00359_00118-1,-1.1438191
s_016um_00351_00120-1,-1.1434914
s_016um_00139_00069-1,-1.0585761
s_016um_00037_00175-1,-1.0594676
s_016um_00043_00219-1,-1.1632397
s_016um_00339_00401-1,-1.2029865
s_016um_00391_00177-1,-1.1652099
s_016um_00115_00145-1,-1.1319175
s_016um_00110_00312-1,-1.1297288
s_016um_00353_00114-1,-1.1542047
s_016um_00028_00330-1,-1.1399112
s_016um_00393_00217-1,-1.167168
s_016um_00234_00357-1,-1.1045988
s_016um_00008_00298-1,-1.1738124
s_016um_00239_00088-1,-1.229516
s_016um_00322_00231-1,-1.0962006
s_016um_00080_00239-1,-1.1390511
s_016um_00220_00165-1,-1.1377902
s_016um_00268_00031-1,-1.2087587
s_016um_00016_00270-1,-1.1586701
s_016um_00038_00100-1,-1.0945959
s_016um_00351_00090-1,-1.1542062
s_016um_00045_00245-1,-1.1587476
s_016um_00257_00030-1,-1.0998871
s_016um_00277_00044-1,-1.0786496
s_016um_00082_00031-1,-1.0633508
s_016um_00358_00097-1,-1.0900652
s_016um_00397_00360-1,-1.130397
s_016um_00220_00231-1,-1.1329697
s_016um_00355_00287-1,-1.2189789
s_016um_00086_00270-1,-1.1423221
s_016um_00379_00134-1,-1.2499747
s_016um_00149_00393-1,-1.1329408
s_016um_00264_00054-1,-1.1293797
s_016um_00412_00103-1,-1.1483477
s_016um_00262_00131-1,-1.1680387
s_016um_00325_00167-1,-1.1762571
s_016um_00048_00213-1,-1.0777383
s_016um_00227_00233-1,-1.1564065
s_016um_00189_00125-1,-1.2104099
s_016um_00067_00132-1,-1.1166458
s_016um_00270_00229-1,-1.1089289
s_016um_00132_00317-1,-0.9234319
s_016um_00407_00104-1,-1.1672183
s_016um_00261_00032-1,-1.1394721
s_016um_00222_00249-1,-1.1425236
s_016um_00098_00318-1,-1.127897
s_016um_00128_00230-1,-1.1425446
s_016um_00220_00229-1,-1.1993618
s_016um_00397_00363-1,-1.0974417
s_016um_00100_00023-1,-1.0707744
s_016um_00081_00236-1,-1.161622
s_016um_00216_00278-1,-1.190091
s_016um_00353_00024-1,-1.1393535
s_016um_00076_00252-1,-0.97475374
s_016um_00322_00169-1,-1.1944093
s_016um_00121_00150-1,-1.1190406
s_016um_00332_00212-1,-1.1442859
s_016um_00042_00237-1,-1.1401045
s_016um_00382_00140-1,-1.1439757
s_016um_00354_00118-1,-1.1517441
s_016um_00119_00142-1,-1.0440403
s_016um_00128_00227-1,-1.1247289
s_016um_00337_00402-1,-1.2332575
s_016um_00079_00194-1,-1.1517714
s_016um_00370_00146-1,-1.1341814
s_016um_00183_00029-1,-1.0978527
s_016um_00332_00121-1,-1.1633064
s_016um_00086_00272-1,-1.1347914
s_016um_00047_00214-1,-1.1063814
s_016um_00086_00267-1,-1.1426364
s_016um_00166_00371-1,-1.151789
s_016um_00262_00134-1,-1.0619483
s_016um_00403_00260-1,-1.1562403
s_016um_00395_00185-1,-1.1728785
s_016um_00085_00201-1,-1.0714067
s_016um_00273_00222-1,-1.0959322
s_016um_00274_00044-1,-1.1628156
s_016um_00066_00130-1,-1.1111208
s_016um_00250_00022-1,-1.1951782
s_016um_00405_00151-1,-1.1463691
s_016um_00083_00273-1,-1.2255634
s_016um_00324_00226-1,-1.157218
s_016um_00257_00025-1,-1.1873132
s_016um_00236_00086-1,-1.2176027
s_016um_00115_00148-1,-1.1830146
s_016um_00354_00090-1,-1.1334267
s_016um_00224_00327-1,-1.0798471
s_016um_00161_00289-1,-1.1194375
s_016um_00208_00296-1,-1.1053767
s_016um_00034_00333-1,-1.1799196
s_016um_00322_00301-1,-1.1706942
s_016um_00178_00031-1,-1.1595937
s_016um_00375_00123-1,-1.168477
s_016um_00081_00278-1,-1.1576754
s_016um_00211_00296-1,-1.1092454
s_016um_00066_00133-1,-1.0651915
s_016um_00041_00174-1,-1.1292764
s_016um_00097_00071-1,-1.1557236
s_016um_00145_00019-1,-1.1264639
s_016um_00168_00125-1,-1.135856
s_016um_00057_00246-1,-1.1473966
s_016um_00102_00389-1,-1.1710243
s_016um_00269_00227-1,-1.1120424
s_016um_00127_00089-1,-1.0743927
s_016um_00113_00316-1,-1.1481221
s_016um_00392_00337-1,-1.1249838
s_016um_00019_00266-1,-1.0870419
s_016um_00147_00398-1,-1.0983946
s_016um_00385_00132-1,-1.1720053
s_016um_00353_00095-1,-1.1975107
s_016um_00408_00145-1,-1.1099818
s_016um_00322_00170-1,-1.1517315
s_016um_00372_00096-1,-1.1713109
s_016um_00262_00187-1,-1.1295143
s_016um_00018_00266-1,-1.1262909
s_016um_00046_00217-1,-1.1404128
s_016um_00037_00044-1,-1.1188691
s_016um_00023_00268-1,-1.149653
s_016um_00028_00089-1,-1.0825189
s_016um_00271_00061-1,-1.1964769
s_016um_00399_00127-1,-1.1292794
s_016um_00132_00229-1,-1.1656994
s_016um_00324_00298-1,-1.0972675
s_016um_00222_00011-1,-1.1070175
s_016um_00040_00048-1,-1.1152846
s_016um_00261_00331-1,-1.1336932
s_016um_00258_00187-1,-1.1356294
s_016um_00275_00314-1,-1.1091571
s_016um_00267_00035-1,-1.1531197
s_016um_00276_00207-1,-1.1638982
s_016um_00263_00135-1,-1.0520065
s_016um_00083_00065-1,-1.0994
s_016um_00406_00147-1,-1.1088278
s_016um_00414_00143-1,-1.1325667
s_016um_00399_00220-1,-1.086512
s_016um_00382_00128-1,-1.1103209
s_016um_00096_00031-1,-1.134275
s_016um_00343_00212-1,-1.1045507
s_016um_00055_00247-1,-1.0935817
s_016um_00066_00129-1,-1.1470314
s_016um_00397_00259-1,-1.1338851
s_016um_00040_00099-1,-1.115909
s_016um_00366_00222-1,-1.1546617
s_016um_00218_00169-1,-1.0690688
s_016um_00277_00129-1,-1.1526687
s_016um_00069_00131-1,-1.1331189
s_016um_00359_00094-1,-1.1474642
s_016um_00352_00097-1,-1.1980448
s_016um_00381_00132-1,-1.1573974
s_016um_00077_00244-1,-1.1717428
s_016um_00359_00120-1,-1.1482444
s_016um_00277_00319-1,-1.0964117
s_016um_00406_00126-1,-1.1754317
s_016um_00396_00341-1,-1.1096605
s_016um_00341_00218-1,-1.1539645
s_016um_00402_00151-1,-1.1480995
s_016um_00285_00092-1,-1.124986
s_016um_00045_00208-1,-1.1776984
s_016um_00019_00267-1,-1.1554885
s_016um_00355_00288-1,-1.1649913
s_016um_00396_00364-1,-1.1195414
s_016um_00030_00336-1,-1.1001276
s_016um_00369_00139-1,-1.1634802
s_016um_00061_00245-1,-1.1386225
s_016um_00222_00334-1,-1.1827526
s_016um_00327_00119-1,-1.0684105
s_016um_00272_00045-1,-1.2297913
s_016um_00092_00318-1,-1.0811448
s_016um_00261_00133-1,-1.159727
s_016um_00161_00290-1,-1.1748476
s_016um_00224_00026-1,-1.1156257
s_016um_00319_00302-1,-1.1402134
s_016um_00211_00292-1,-1.1423172
s_016um_00270_00054-1,-1.0742972
s_016um_00280_00046-1,-1.0801028
s_016um_00040_00101-1,-1.1143149
s_016um_00273_00336-1,-1.1389718
s_016um_00399_00373-1,-1.1418883
s_016um_00141_00217-1,-1.102439
s_016um_00394_00344-1,-1.0727429
s_016um_00327_00213-1,-1.152753
s_016um_00286_00095-1,-1.1874785
s_016um_00272_00229-1,-1.1688882
s_016um_00355_00088-1,-1.1335636
s_016um_00351_00018-1,-1.0998436
s_016um_00271_00035-1,-1.2002249
s_016um_00085_00197-1,-1.1346067
s_016um_00141_00220-1,-1.1379489
s_016um_00372_00126-1,-1.1124697
s_016um_00019_00271-1,-1.1450878
s_016um_00388_00340-1,-1.1252795
s_016um_00211_00291-1,-1.0222272
s_016um_00220_00172-1,-1.1756548
s_016um_00218_00226-1,-1.1247927
s_016um_00328_00218-1,-1.1071403
s_016um_00330_00252-1,-1.133196
s_016um_00107_00389-1,-1.2047167
s_016um_00074_00296-1,-1.149518
s_016um_00280_00045-1,-1.1518177
s_016um_00273_00318-1,-1.1036811
s_016um_00251_00023-1,-1.1644151
s_016um_00349_00018-1,-1.1198177
s_016um_00372_00143-1,-0.9460794
s_016um_00267_00132-1,-1.1315123
s_016um_00219_00169-1,-1.150741
s_016um_00400_00220-1,-1.131725
s_016um_00268_00034-1,-1.17149
s_016um_00263_00329-1,-1.1257938
s_016um_00222_00329-1,-1.1178908
s_016um_00326_00298-1,-1.1406493
s_016um_00351_00025-1,-1.1379516
s_016um_00344_00218-1,-1.136103
s_016um_00369_00096-1,-1.1281445
s_016um_00333_00256-1,-1.1814721
s_016um_00134_00230-1,-1.0978194
s_016um_00069_00127-1,-1.087711
s_016um_00324_00227-1,-1.1257448
s_016um_00326_00124-1,-1.1512052
s_016um_00392_00297-1,-0.9821845
s_016um_00253_00032-1,-1.1301256
s_016um_00278_00206-1,-1.1400903
s_016um_00055_00245-1,-1.0580891
s_016um_00100_00388-1,-1.0532217
s_016um_00224_00238-1,-1.1600266
s_016um_00273_00030-1,-1.1604524
s_016um_00394_00185-1,-1.1793
s_016um_00004_00297-1,-1.1155349
s_016um_00329_00124-1,-1.1487088
s_016um_00179_00033-1,-1.1331354
s_016um_00398_00183-1,-1.1866686
s_016um_00010_00207-1,-1.0693246
s_016um_00278_00327-1,-1.0938038
s_016um_00088_00034-1,-1.1152924
s_016um_00285_00095-1,-1.1528003
s_016um_00239_00188-1,-1.1644387
s_016um_00314_00056-1,-1.153736
s_016um_00262_00133-1,-1.1014516
s_016um_00067_00238-1,-1.114063
s_016um_00040_00104-1,-1.126176
s_016um_00379_00132-1,-1.1265353
s_016um_00379_00136-1,-1.1155916
s_016um_00075_00242-1,-1.1656072
s_016um_00127_00090-1,-0.8197608
s_016um_00227_00332-1,-1.1562245
s_016um_00404_00397-1,-0.8993647
s_016um_00046_00208-1,-1.09705
s_016um_00403_00397-1,-1.0153918
s_016um_00352_00090-1,-1.2020587
s_016um_00391_00342-1,-1.0142292
s_016um_00124_00147-1,-1.0893834
s_016um_00222_00245-1,-1.1244862
s_016um_00040_00207-1,-1.1399566
s_016um_00394_00364-1,-1.1848269
s_016um_00249_00021-1,-1.0445224
s_016um_00087_00071-1,-1.1027277
s_016um_00025_00089-1,-1.0676029
s_016um_00274_00323-1,-1.1273814
s_016um_00130_00390-1,-1.1433605
s_016um_00390_00178-1,-1.1761254
s_016um_00056_00244-1,-1.1810982
s_016um_00404_00148-1,-1.153107
s_016um_00215_00027-1,-1.0985321
s_016um_00405_00147-1,-1.1522768
s_016um_00333_00213-1,-1.0969343
s_016um_00403_00256-1,-1.1745766
s_016um_00031_00329-1,-1.0907303
s_016um_00015_00264-1,-1.1060748
s_016um_00280_00315-1,-1.1075814
s_016um_00062_00132-1,-1.1342189
s_016um_00411_00100-1,-1.1648299
s_016um_00058_00247-1,-1.1278831
s_016um_00150_00400-1,-1.1753378
s_016um_00265_00133-1,-1.1912174
s_016um_00386_00128-1,-1.1565729
s_016um_00022_00270-1,-1.1237997
s_016um_00403_00261-1,-1.1311595
s_016um_00362_00227-1,-1.1798593
s_016um_00195_00123-1,-1.1464325
s_016um_00366_00100-1,-1.1491399
s_016um_00352_00091-1,-1.1343683
s_016um_00261_00128-1,-1.1728584
s_016um_00078_00285-1,-1.1302216
s_016um_00266_00129-1,-1.129228
s_016um_00369_00228-1,-1.1728364
s_016um_00030_00330-1,-1.1414309
s_016um_00209_00030-1,-1.1504332
s_016um_00138_00217-1,-1.1225437
s_016um_00144_00021-1,-1.0989176
s_016um_00021_00272-1,-1.0913686
s_016um_00324_00232-1,-1.1446977
s_016um_00077_00292-1,-1.1346956
s_016um_00035_00097-1,-0.98589647
s_016um_00276_00315-1,-0.9544095
s_016um_00161_00293-1,-1.1010653
s_016um_00033_00330-1,-1.1605446
s_016um_00113_00314-1,-1.1149284
s_016um_00114_00320-1,-1.1219817
s_016um_00016_00264-1,-1.1201041
s_016um_00270_00031-1,-1.192128
s_016um_00268_00056-1,-0.71650183
s_016um_00277_00311-1,-1.1809763
s_016um_00119_00152-1,-1.0973434
s_016um_00079_00296-1,-1.1028739
s_016um_00053_00247-1,-1.1299833
s_016um_00280_00134-1,-1.1811203
s_016um_00163_00127-1,-1.1425093
s_016um_00276_00210-1,-1.1606106
s_016um_00109_00318-1,-1.1541404
s_016um_00032_00089-1,-1.1154693
s_016um_00320_00300-1,-1.1002625
s_016um_00281_00312-1,-1.1641527
s_016um_00221_00229-1,-1.1792054
s_016um_00195_00091-1,-1.186191
s_016um_00232_00359-1,-1.1514099
s_016um_00070_00235-1,-1.1429064
s_016um_00069_00237-1,-1.1830027
s_016um_00142_00059-1,-1.119902
s_016um_00182_00028-1,-1.1231998
s_016um_00218_00012-1,-1.1283805
s_016um_00073_00252-1,-1.0305375
s_016um_00237_00091-1,-1.1679605
s_016um_00010_00156-1,-1.0964421
s_016um_00042_00202-1,-1.1627784
s_016um_00271_00205-1,-1.0568614
s_016um_00094_00025-1,-1.100802
s_016um_00221_00234-1,-1.1531409
s_016um_00044_00206-1,-1.0339565
s_016um_00127_00384-1,-1.1553454
s_016um_00355_00292-1,-1.115353
s_016um_00027_00084-1,-1.114339
s_016um_00369_00095-1,-1.148114
s_016um_00041_00177-1,-1.067577
s_016um_00400_00399-1,-0.7158847
s_016um_00111_00316-1,-1.1515627
s_016um_00279_00206-1,-1.1541206
s_016um_00284_00095-1,-1.1571106
s_016um_00397_00357-1,-0.9289798
s_016um_00221_00028-1,-1.1803708
s_016um_00167_00129-1,-1.1749297
s_016um_00355_00413-1,-1.099431
s_016um_00165_00287-1,-1.097946
s_016um_00217_00031-1,-1.1660905
s_016um_00084_00281-1,-1.1151543
s_016um_00067_00237-1,-1.1378417
s_016um_00286_00098-1,-1.1682281
s_016um_00195_00126-1,-1.1538786
s_016um_00400_00372-1,-1.1592227
s_016um_00195_00127-1,-1.057842
s_016um_00153_00401-1,-1.1368802
s_016um_00195_00125-1,-1.1342643
s_016um_00268_00334-1,-1.1652529
s_016um_00143_00059-1,-1.1282855
s_016um_00214_00277-1,-1.1458443
s_016um_00225_00234-1,-1.1121149
s_016um_00135_00320-1,-0.74679005
s_016um_00099_00026-1,-1.0731846
s_016um_00325_00227-1,-1.1699017
s_016um_00382_00136-1,-1.1471695
s_016um_00266_00061-1,-1.1511607
s_016um_00339_00402-1,-1.0322164
s_016um_00268_00333-1,-1.1392901
s_016um_00145_00395-1,-1.1284168
s_016um_00177_00030-1,-1.104608
s_016um_00230_00355-1,-1.1001749
s_016um_00323_00168-1,-1.1670779
s_016um_00323_00306-1,-1.1595066
s_016um_00097_00276-1,-1.1161702
s_016um_00094_00028-1,-1.124652
s_016um_00015_00269-1,-1.0785019
s_016um_00277_00137-1,-1.2044084
s_016um_00278_00202-1,-1.1543275
s_016um_00382_00131-1,-1.1583712
s_016um_00221_00023-1,-1.142759
s_016um_00369_00147-1,-1.096472
s_016um_00128_00086-1,-1.1171881
s_016um_00069_00238-1,-1.1383266
s_016um_00183_00026-1,-1.1570296
s_016um_00404_00147-1,-1.1196095
s_016um_00221_00173-1,-1.2071967
s_016um_00093_00272-1,-1.111516
s_016um_00189_00097-1,-1.1470054
s_016um_00173_00374-1,-1.1771052
s_016um_00278_00136-1,-1.1099308
s_016um_00082_00239-1,-1.1667253
s_016um_00116_00148-1,-1.1688597
s_016um_00082_00071-1,-1.0832967
s_016um_00224_00248-1,-1.1129427
s_016um_00208_00290-1,-1.17027
s_016um_00276_00327-1,-1.0393417
s_016um_00340_00218-1,-1.1850618
s_016um_00350_00020-1,-1.1188998
s_016um_00127_00387-1,-1.1526734
s_016um_00086_00201-1,-1.1343163
s_016um_00044_00176-1,-1.103778
s_016um_00141_00016-1,-1.1424365
s_016um_00218_00014-1,-1.1766418
s_016um_00032_00337-1,-1.1268704
s_016um_00392_00299-1,-1.1460491
s_016um_00402_00397-1,-0.8886204
s_016um_00395_00371-1,-1.0404266
s_016um_00204_00151-1,-1.1443385
s_016um_00380_00129-1,-1.147648
s_016um_00408_00399-1,-0.8330958
s_016um_00211_00029-1,-1.1672567
s_016um_00080_00267-1,-1.168441
s_016um_00108_00314-1,-1.165536
s_016um_00041_00175-1,-1.1396042
s_016um_00028_00336-1,-1.1753021
s_016um_00132_00228-1,-1.1609259
s_016um_00061_00126-1,-1.1261178
s_016um_00271_00032-1,-1.1969076
s_016um_00215_00277-1,-1.0564572
s_016um_00100_00031-1,-1.0406464
s_016um_00095_00275-1,-1.1642172
s_016um_00322_00299-1,-1.2218943
s_016um_00320_00305-1,-1.098011
s_016um_00272_00029-1,-1.2175683
s_016um_00230_00260-1,-1.0949585
s_016um_00358_00122-1,-1.110833
s_016um_00354_00289-1,-1.1658138
s_016um_00097_00334-1,-1.1731665
s_016um_00144_00058-1,-0.98004663
s_016um_00391_00291-1,-1.2113036
s_016um_00184_00032-1,-1.0915965
s_016um_00135_00220-1,-1.1731774
s_016um_00353_00021-1,-1.1923888
s_016um_00279_00202-1,-1.1585099
s_016um_00280_00207-1,-1.2008632
s_016um_00204_00153-1,-1.1258587
s_016um_00132_00091-1,-1.1454862
s_016um_00139_00015-1,-1.0583463
s_016um_00136_00223-1,-0.98349035
s_016um_00026_00090-1,-1.0475634
s_016um_00409_00105-1,-1.161619
s_016um_00395_00344-1,-1.1047271
s_016um_00102_00384-1,-1.1153672
s_016um_00129_00384-1,-1.1504804
s_016um_00010_00295-1,-1.1026136
s_016um_00226_00028-1,-1.1733754
s_016um_00390_00364-1,-1.1236725
s_016um_00360_00411-1,-1.1233811
s_016um_00035_00099-1,-1.1248975
s_016um_00137_00074-1,-1.1383128
s_016um_00090_00274-1,-1.1345097
s_016um_00132_00231-1,-1.1286296
s_016um_00274_00331-1,-1.1283504
s_016um_00101_00074-1,-1.1749597
s_016um_00370_00101-1,-1.1437255
s_016um_00104_00388-1,-1.2657124
s_016um_00126_00093-1,-1.1126715
s_016um_00096_00341-1,-1.1526889
s_016um_00308_00053-1,-1.1328149
s_016um_00355_00294-1,-1.1331233
s_016um_00323_00166-1,-1.1005611
s_016um_00375_00122-1,-1.101235
s_016um_00395_00259-1,-1.1195791
s_016um_00388_00342-1,-1.1674987
s_016um_00342_00397-1,-1.1226811
s_016um_00086_00072-1,-1.0887439
s_016um_00086_00067-1,-1.1266938
s_016um_00307_00055-1,-1.1332351
s_016um_00108_00319-1,-0.97969925
s_016um_00125_00089-1,-1.1320928
s_016um_00219_00232-1,-1.1238757
s_016um_00217_00166-1,-1.1644042
s_016um_00083_00268-1,-1.1162373
s_016um_00074_00239-1,-1.2162211
s_016um_00261_00189-1,-1.1542015
s_016um_00181_00034-1,-1.1677542
s_016um_00413_00100-1,-1.1047422
s_016um_00048_00243-1,-1.0182927
s_016um_00096_00024-1,-1.1106529
s_016um_00033_00004-1,-1.1139985
s_016um_00335_00400-1,-0.9115467
s_016um_00271_00031-1,-1.1731279
s_016um_00358_00289-1,-1.144764
s_016um_00083_00066-1,-1.1262355
s_016um_00233_00084-1,-1.157419
s_016um_00042_00171-1,-1.0002141
s_016um_00284_00093-1,-1.1661702
s_016um_00280_00314-1,-1.1346374
s_016um_00107_00390-1,-1.1505406
s_016um_00391_00341-1,-1.1191001
s_016um_00100_00321-1,-1.1513385
s_016um_00136_00071-1,-1.0595399
s_016um_00319_00169-1,-1.1574477
s_016um_00401_00125-1,-1.1683465
s_016um_00324_00302-1,-1.1694182
s_016um_00049_00241-1,-1.1712716
s_016um_00120_00144-1,-0.9987006
s_016um_00082_00194-1,-1.105016
s_016um_00143_00058-1,-1.1427255
s_016um_00248_00087-1,-1.2210513
s_016um_00064_00236-1,-1.1526592
s_016um_00292_00096-1,-1.1299632
s_016um_00083_00072-1,-1.1271871
s_016um_00326_00214-1,-1.1316601
s_016um_00194_00095-1,-1.1509793
s_016um_00087_00035-1,-1.0590359
s_016um_00104_00066-1,-1.1546006
s_016um_00276_00312-1,-1.083971
s_016um_00274_00317-1,-1.1212
s_016um_00383_00136-1,-1.1174438
s_016um_00268_00055-1,-1.0532023
s_016um_00278_00209-1,-1.1859313
s_016um_00268_00337-1,-1.1345683
s_016um_00128_00091-1,-1.0925986
s_016um_00216_00028-1,-1.1961602
s_016um_00159_00285-1,-1.1134989
s_016um_00137_00070-1,-1.0732294
s_016um_00277_00315-1,-1.1278815
s_016um_00261_00033-1,-1.165657
s_016um_00401_00371-1,-1.1088033
s_016um_00326_00228-1,-1.1979166
s_016um_00120_00145-1,-1.060147
s_016um_00244_00088-1,-1.1620295
s_016um_00332_00214-1,-1.1551952
s_016um_00393_00371-1,-1.1233873
s_016um_00394_00337-1,-1.1176466
s_016um_00265_00332-1,-1.1384165
s_016um_00342_00212-1,-1.1535709
s_016um_00275_00208-1,-1.1605227
s_016um_00265_00134-1,-1.1834186
s_016um_00027_00086-1,-1.0941927
s_016um_00196_00121-1,-1.1536616
s_016um_00290_00099-1,-1.1030756
s_016um_00229_00251-1,-1.1537975
s_016um_00014_00214-1,-1.1583344
s_016um_00234_00090-1,-1.1501657
s_016um_00355_00118-1,-1.1630906
s_016um_00245_00083-1,-1.1618998
s_016um_00226_00238-1,-1.1479477
s_016um_00399_00125-1,-1.1340679
s_016um_00404_00149-1,-1.157546
s_016um_00045_00241-1,-1.0370884
s_016um_00219_00010-1,-1.1663346
s_016um_00361_00414-1,-1.1136252
s_016um_00263_00188-1,-1.1503385
s_016um_00159_00288-1,-1.2065309
s_016um_00124_00389-1,-1.1427358
s_016um_00133_00227-1,-1.110973
s_016um_00412_00100-1,-1.1580775
s_016um_00060_00248-1,-1.1176163
s_016um_00271_00028-1,-1.1616006
s_016um_00240_00187-1,-1.1421449
s_016um_00342_00214-1,-1.1525972
s_016um_00350_00024-1,-1.1462879
s_016um_00340_00404-1,-1.157877
s_016um_00098_00336-1,-1.1470512
s_016um_00078_00293-1,-1.1503117
s_016um_00268_00329-1,-1.08742
s_016um_00087_00269-1,-1.1093968
s_016um_00235_00186-1,-1.1706431
s_016um_00067_00129-1,-1.1219746
s_016um_00223_00025-1,-0.9962709
s_016um_00242_00183-1,-1.1774206
s_016um_00126_00383-1,-1.1267717
s_016um_00082_00198-1,-1.090548
s_016um_00105_00066-1,-1.0969983
s_016um_00171_00371-1,-1.1154134
s_016um_00332_00257-1,-1.0983592
s_016um_00333_00252-1,-1.1904472
s_016um_00263_00057-1,-1.1205317
s_016um_00270_00334-1,-1.0839274
s_016um_00103_00391-1,-1.1377792
s_016um_00392_00344-1,-0.9806213
s_016um_00400_00365-1,-1.17254
s_016um_00093_00280-1,-1.1331207
s_016um_00409_00145-1,-1.1662186
s_016um_00235_00265-1,-1.124066
s_016um_00172_00373-1,-1.1651555
s_016um_00089_00071-1,-1.0703194
s_016um_00318_00163-1,-1.1671638
s_016um_00085_00072-1,-1.1629022
s_016um_00035_00330-1,-1.0708632
s_016um_00268_00227-1,-1.0877516
s_016um_00327_00225-1,-1.1348413
s_016um_00272_00328-1,-1.1242874
s_016um_00325_00169-1,-1.2180253
s_016um_00239_00092-1,-1.1814241
s_016um_00029_00093-1,-1.1235541
s_016um_00184_00031-1,-1.1098969
s_016um_00268_00229-1,-1.0956788
s_016um_00168_00378-1,-1.1327468
s_016um_00237_00088-1,-1.1746874
s_016um_00247_00088-1,-1.1566957
s_016um_00044_00208-1,-1.1208801
s_016um_00371_00143-1,-1.0995759
s_016um_00325_00303-1,-1.1510302
s_016um_00097_00335-1,-1.1549181
s_016um_00387_00343-1,-1.0680208
s_016um_00341_00401-1,-1.155782
s_016um_00337_00252-1,-1.1949856
s_016um_00216_00167-1,-1.179776
s_016um_00064_00231-1,-1.1269568
s_016um_00045_00246-1,-1.095237
s_016um_00059_00246-1,-1.1447253
s_016um_00238_00355-1,-0.99202067
s_016um_00071_00233-1,-1.195253
s_016um_00092_00272-1,-1.1081011
s_016um_00140_00215-1,-1.1145844
s_016um_00082_00201-1,-1.1401558
s_016um_00056_00243-1,-1.0902479
s_016um_00221_00015-1,-1.166805
s_016um_00213_00278-1,-1.1263714
s_016um_00260_00031-1,-1.0851688
s_016um_00354_00022-1,-1.1354303
s_016um_00273_00314-1,-1.0964482
s_016um_00404_00401-1,-0.73808455
s_016um_00039_00011-1,-1.1240239
s_016um_00261_00135-1,-1.2006639
s_016um_00106_00384-1,-1.1597074
s_016um_00133_00225-1,-1.1766895
s_016um_00010_00154-1,-1.0901278
s_016um_00222_00230-1,-1.1093941
s_016um_00239_00189-1,-1.2048908
s_016um_00097_00339-1,-1.1505544
s_016um_00102_00385-1,-1.14397
s_016um_00073_00250-1,-1.1346432
s_016um_00238_00358-1,-1.1360381
s_016um_00041_00010-1,-1.1116608
s_016um_00181_00033-1,-1.1464169
s_016um_00397_00368-1,-1.125054
s_016um_00016_00267-1,-1.0862571
s_016um_00102_00069-1,-1.149756
s_016um_00220_00167-1,-1.1977221
s_016um_00369_00099-1,-1.1478244
s_016um_00040_00097-1,-1.1212491
s_016um_00121_00144-1,-1.0939404
s_016um_00369_00141-1,-1.1751059
s_016um_00197_00124-1,-1.2315938
s_016um_00359_00095-1,-1.0979377
s_016um_00236_00358-1,-1.1147131
s_016um_00394_00217-1,-1.1563656
s_016um_00322_00162-1,-1.12638
s_016um_00215_00278-1,-1.1398983
s_016um_00038_00207-1,-1.11713
s_016um_00409_00147-1,-1.1355014
s_016um_00219_00016-1,-1.085111
s_016um_00276_00046-1,-1.1421658
s_016um_00355_00116-1,-1.1161581
s_016um_00224_00229-1,-1.1347101
s_016um_00373_00143-1,-0.95809853
s_016um_00216_00015-1,-1.1292468
s_016um_00147_00057-1,-1.1056181
s_016um_00355_00024-1,-1.2168013
s_016um_00221_00166-1,-1.1005268
s_016um_00219_00233-1,-1.114767
s_016um_00392_00184-1,-1.1394857
s_016um_00401_00126-1,-1.0933446
s_016um_00273_00227-1,-1.1332611
s_016um_00362_00223-1,-1.1327033
s_016um_00310_00053-1,-1.187173
s_016um_00082_00193-1,-1.1665461
s_016um_00406_00128-1,-1.149223
s_016um_00221_00232-1,-1.1187423
s_016um_00142_00219-1,-1.0610671
s_016um_00368_00122-1,-1.1660534
s_016um_00065_00134-1,-1.0755564
s_016um_00306_00059-1,-1.0964776
s_016um_00359_00288-1,-1.181109
s_016um_00280_00328-1,-1.1743163
s_016um_00365_00223-1,-1.1268452
s_016um_00222_00168-1,-1.1734394
s_016um_00222_00171-1,-1.1425788
s_016um_00392_00369-1,-1.1285144
s_016um_00033_00086-1,-1.1542103
s_016um_00189_00090-1,-1.1535642
s_016um_00028_00084-1,-1.0971591
s_016um_00224_00227-1,-1.1815556
s_016um_00264_00185-1,-0.9292907
s_016um_00088_00072-1,-1.1424813
s_016um_00362_00412-1,-1.0710802
s_016um_00383_00135-1,-1.2132733
s_016um_00279_00135-1,-1.1904422
s_016um_00139_00018-1,-1.1683896
s_016um_00143_00018-1,-1.0699861
s_016um_00040_00011-1,-1.0245581
s_016um_00074_00242-1,-1.1349182
s_016um_00069_00132-1,-1.1121283
s_016um_00324_00120-1,-1.168066
s_016um_00399_00213-1,-1.120013
s_016um_00007_00300-1,-1.1660241
s_016um_00141_00021-1,-1.0996798
s_016um_00167_00121-1,-1.114356
s_016um_00100_00390-1,-1.125154
s_016um_00337_00398-1,-1.1061733
s_016um_00086_00194-1,-1.1374503
s_016um_00345_00219-1,-1.149438
s_016um_00325_00120-1,-1.1623582
s_016um_00242_00083-1,-1.1409011
s_016um_00329_00120-1,-1.179136
s_016um_00066_00132-1,-1.1330833
s_016um_00173_00378-1,-1.1630516
s_016um_00277_00130-1,-1.1505448
s_016um_00329_00253-1,-1.1873479
s_016um_00376_00122-1,-1.2041553
s_016um_00106_00387-1,-1.1376023
s_016um_00408_00146-1,-1.1580393
s_016um_00416_00135-1,-1.1333352
s_016um_00227_00330-1,-1.1296444
s_016um_00350_00022-1,-1.1031272
s_016um_00228_00267-1,-1.1504903
s_016um_00197_00127-1,-1.143986
s_016um_00049_00240-1,-1.1957564
s_016um_00224_00243-1,-1.1300302
s_016um_00283_00094-1,-1.1548374
s_016um_00174_00372-1,-1.1780318
s_016um_00414_00098-1,-1.1556212
s_016um_00345_00215-1,-1.1620951
s_016um_00401_00395-1,-0.9799796
s_016um_00254_00019-1,-1.0558
s_016um_00085_00264-1,-1.1372623
s_016um_00397_00361-1,-1.1808932
s_016um_00094_00321-1,-1.1356544
s_016um_00084_00069-1,-1.1016035
s_016um_00271_00333-1,-1.1435938
s_016um_00037_00207-1,-1.131202
s_016um_00129_00229-1,-1.1243091
s_016um_00230_00358-1,-1.1314919
s_016um_00146_00061-1,-1.1414423
s_016um_00403_00262-1,-1.1641335
s_016um_00361_00294-1,-1.117504
s_016um_00193_00096-1,-1.1299314
s_016um_00388_00132-1,-1.1315023
s_016um_00397_00213-1,-1.0888232
s_016um_00102_00066-1,-1.0944686
s_016um_00266_00028-1,-1.1885517
s_016um_00159_00293-1,-1.1217368
s_016um_00392_00185-1,-1.0885785
s_016um_00398_00363-1,-1.1128091
s_016um_00330_00118-1,-1.1425638
s_016um_00044_00238-1,-1.1592885
s_016um_00274_00048-1,-1.1943129
s_016um_00006_00298-1,-1.1635652
s_016um_00035_00105-1,-1.1157361
s_016um_00060_00242-1,-1.1422461
s_016um_00319_00166-1,-1.1398233
s_016um_00365_00230-1,-1.1916211
s_016um_00096_00278-1,-1.1357626
s_016um_00147_00397-1,-1.169861
s_016um_00082_00034-1,-1.0803082
s_016um_00313_00054-1,-1.1478531
s_016um_00215_00028-1,-1.1381885
s_016um_00168_00375-1,-1.1787295
s_016um_00336_00252-1,-1.1102287
s_016um_00129_00094-1,-1.1125396
s_016um_00167_00377-1,-1.1577698
s_016um_00310_00058-1,-1.1143599
s_016um_00038_00105-1,-1.0587556
s_016um_00276_00326-1,-1.1451315
s_016um_00099_00070-1,-1.1417243
s_016um_00402_00146-1,-1.1347347
s_016um_00045_00238-1,-1.1231397
s_016um_00101_00069-1,-1.1820941
s_016um_00352_00096-1,-1.1008505
s_016um_00250_00027-1,-1.0957025
s_016um_00268_00224-1,-1.1311888
s_016um_00093_00270-1,-1.0980601
s_016um_00119_00147-1,-1.1599041
s_016um_00041_00047-1,-1.1099011
s_016um_00127_00390-1,-1.1700641
s_016um_00220_00237-1,-1.1766793
s_016um_00219_00283-1,-1.1002965
s_016um_00102_00024-1,-1.1191986
s_016um_00399_00257-1,-1.1152351
s_016um_00256_00191-1,-1.1774453
s_016um_00383_00131-1,-1.1581874
s_016um_00406_00403-1,-0.8793627
s_016um_00034_00011-1,-1.1444116
s_016um_00307_00060-1,-1.2159675
s_016um_00164_00293-1,-1.1732273
s_016um_00230_00267-1,-1.1501577
s_016um_00028_00088-1,-1.1086009
s_016um_00233_00262-1,-1.1653311
s_016um_00402_00149-1,-1.1385531
s_016um_00083_00197-1,-1.0086666
s_016um_00170_00370-1,-1.1220742
s_016um_00139_00022-1,-1.1328636
s_016um_00235_00087-1,-1.1528264
s_016um_00160_00291-1,-1.1126978
s_016um_00364_00101-1,-1.1250709
s_016um_00220_00013-1,-1.1562169
s_016um_00009_00210-1,-1.1234475
s_016um_00142_00016-1,-1.1105373
s_016um_00041_00217-1,-1.1484208
s_016um_00247_00023-1,-1.0525585
s_016um_00221_00230-1,-1.1618139
s_016um_00035_00008-1,-1.1072828
s_016um_00007_00212-1,-1.080577
s_016um_00359_00093-1,-1.1650887
s_016um_00093_00336-1,-1.144926
s_016um_00194_00093-1,-1.1282601
s_016um_00101_00027-1,-1.1287863
s_016um_00319_00167-1,-1.1391271
s_016um_00346_00220-1,-1.1691118
s_016um_00411_00105-1,-1.1350205
s_016um_00328_00303-1,-1.1837323
s_016um_00169_00129-1,-1.125551
s_016um_00322_00168-1,-1.1189378
s_016um_00334_00256-1,-1.198582
s_016um_00151_00395-1,-1.1535244
s_016um_00134_00219-1,-1.1652492
s_016um_00333_00122-1,-1.1627251
s_016um_00041_00048-1,-1.1312318
s_016um_00010_00208-1,-1.0585042
s_016um_00385_00128-1,-1.196643
s_016um_00181_00026-1,-1.0739391
s_016um_00273_00330-1,-1.1282628
s_016um_00149_00396-1,-1.1711005
s_016um_00182_00027-1,-1.1048961
s_016um_00287_00098-1,-1.1076014
s_016um_00344_00217-1,-1.1448145
s_016um_00039_00043-1,-1.0693166
s_016um_00100_00384-1,-1.1689669
s_016um_00047_00218-1,-1.1455057
s_016um_00097_00067-1,-1.1561124
s_016um_00006_00301-1,-1.1520002
s_016um_00061_00127-1,-1.1138148
s_016um_00090_00068-1,-1.1241889
s_016um_00383_00126-1,-1.0944965
s_016um_00208_00149-1,-1.123198
s_016um_00401_00372-1,-1.029733
s_016um_00220_00017-1,-1.180417
s_016um_00351_00024-1,-1.1777018
s_016um_00216_00290-1,-1.1233194
s_016um_00340_00402-1,-1.1288961
s_016um_00025_00090-1,-1.0763321
s_016um_00146_00056-1,-1.0289638
s_016um_00089_00265-1,-1.1355891
s_016um_00006_00154-1,-1.1164715
s_016um_00404_00400-1,-0.8294734
s_016um_00327_00123-1,-1.1719637
s_016um_00259_00134-1,-1.1495904
s_016um_00087_00271-1,-1.1414177
s_016um_00258_00131-1,-1.2181796
s_016um_00129_00388-1,-1.1668844
s_016um_00149_00401-1,-1.1662623
s_016um_00133_00072-1,-1.1235592
s_016um_00369_00226-1,-1.1737694
s_016um_00139_00074-1,-1.1842763
s_016um_00286_00094-1,-1.1903802
s_016um_00260_00192-1,-1.1158248
s_016um_00382_00126-1,-1.1484036
s_016um_00356_00415-1,-1.2183286
s_016um_00005_00297-1,-1.0929514
s_016um_00390_00296-1,-1.1535238
s_016um_00359_00415-1,-1.0985283
s_016um_00152_00394-1,-1.1431589
s_016um_00225_00028-1,-1.1390133
s_016um_00081_00069-1,-1.1158284
s_016um_00276_00131-1,-1.2156967
s_016um_00391_00338-1,-1.1443588
s_016um_00279_00045-1,-1.087537
s_016um_00095_00342-1,-1.1276091
s_016um_00220_00173-1,-1.1571243
s_016um_00039_00211-1,-1.1472845
s_016um_00037_00171-1,-1.1142926
s_016um_00280_00132-1,-1.1293782
s_016um_00356_00020-1,-1.1590513
s_016um_00118_00150-1,-1.1707095
s_016um_00393_00362-1,-1.0864956
s_016um_00243_00088-1,-1.141424
s_016um_00075_00244-1,-1.1258647
s_016um_00160_00290-1,-1.1604549
s_016um_00357_00097-1,-1.1405368
s_016um_00386_00293-1,-1.1380908
s_016um_00016_00271-1,-1.1310793
s_016um_00097_00026-1,-1.1021124
s_016um_00036_00046-1,-1.1164603
s_016um_00241_00082-1,-1.1459358
s_016um_00278_00330-1,-1.1983945
s_016um_00371_00098-1,-1.132553
s_016um_00395_00218-1,-1.1499361
s_016um_00081_00242-1,-1.1734211
s_016um_00214_00013-1,-1.1117808
s_016um_00278_00324-1,-1.1568104
s_016um_00270_00230-1,-1.1189982
s_016um_00341_00212-1,-1.1311829
s_016um_00096_00276-1,-1.1504018
s_016um_00086_00033-1,-1.1167127
s_016um_00162_00288-1,-0.9969494
s_016um_00164_00286-1,-1.1547611
s_016um_00090_00269-1,-1.1327056
s_016um_00331_00218-1,-1.1668543
s_016um_00265_00057-1,-1.186888
s_016um_00332_00213-1,-1.1110961
s_016um_00394_00178-1,-1.1613683
s_016um_00029_00334-1,-1.1358515
s_016um_00274_00046-1,-1.1745987
s_016um_00270_00329-1,-1.1302209
s_016um_00097_00072-1,-1.0517291
s_016um_00008_00157-1,-1.109952
s_016um_00095_00341-1,-1.1511226
s_016um_00225_00030-1,-1.1097162
s_016um_00080_00300-1,-1.1313713
s_016um_00038_00173-1,-1.0728021
s_016um_00357_00095-1,-1.1199028
s_016um_00078_00247-1,-1.1513613
s_016um_00266_00337-1,-1.16068
s_016um_00082_00279-1,-1.1425292
s_016um_00363_00228-1,-1.0592586
s_016um_00007_00293-1,-1.1427168
s_016um_00272_00226-1,-1.1904209
s_016um_00094_00029-1,-1.0989269
s_016um_00401_00398-1,-0.6676669
s_016um_00370_00140-1,-1.0967141
s_016um_00055_00248-1,-1.1927567
s_016um_00047_00215-1,-1.1309192
s_016um_00218_00167-1,-1.1722578
s_016um_00272_00331-1,-1.1349065
s_016um_00044_00207-1,-1.1031163
s_016um_00344_00219-1,-1.1194843
s_016um_00101_00388-1,-1.0291724
s_016um_00134_00225-1,-1.1575253
s_016um_00237_00092-1,-1.2032394
s_016um_00217_00016-1,-1.1135392
s_016um_00017_00270-1,-1.2001773
s_016um_00094_00319-1,-1.1432687
s_016um_00260_00183-1,-1.1313218
s_016um_00095_00319-1,-1.1524473
s_016um_00237_00354-1,-1.0986029
s_016um_00120_00147-1,-1.1631074
s_016um_00007_00157-1,-1.1218636
s_016um_00078_00294-1,-1.1446913
s_016um_00217_00284-1,-1.1504716
s_016um_00091_00265-1,-1.1192957
s_016um_00165_00122-1,-1.1872889
s_016um_00356_00292-1,-1.1402311
s_016um_00353_00097-1,-1.1125656
s_016um_00081_00199-1,-1.1690996
s_016um_00130_00315-1,-1.0990465
s_016um_00092_00335-1,-1.1498511
s_016um_00133_00090-1,-1.1680093
s_016um_00406_00124-1,-1.1872677
s_016um_00395_00220-1,-1.1249295
s_016um_00045_00207-1,-1.1527785
s_016um_00028_00337-1,-1.155631
s_016um_00188_00095-1,-1.1463038
s_016um_00081_00238-1,-1.1332458
s_016um_00340_00403-1,-1.1394013
s_016um_00220_00027-1,-1.1528542
s_016um_00101_00070-1,-1.1318637
s_016um_00046_00210-1,-1.1308893
s_016um_00222_00170-1,-1.134358
s_016um_00087_00068-1,-1.1493312
s_016um_00070_00234-1,-1.1591552
s_016um_00273_00206-1,-1.1862364
s_016um_00225_00243-1,-1.1714455
s_016um_00158_00292-1,-1.1433083
s_016um_00209_00294-1,-1.1529723
s_016um_00323_00299-1,-1.1244035
s_016um_00211_00031-1,-1.1254376
s_016um_00069_00129-1,-1.0658543
s_016um_00324_00124-1,-1.1320382
s_016um_00086_00280-1,-1.1070246
s_016um_00332_00119-1,-1.2128576
s_016um_00128_00389-1,-1.1883044
s_016um_00323_00305-1,-1.1401974
s_016um_00041_00213-1,-0.9559591
s_016um_00226_00330-1,-1.130117
s_016um_00235_00355-1,-1.1431084
s_016um_00217_00278-1,-1.147118
s_016um_00082_00241-1,-1.1416087
s_016um_00146_00394-1,-1.1183847
s_016um_00174_00374-1,-1.1532252
s_016um_00223_00330-1,-1.1770294
s_016um_00215_00034-1,-1.1473815
s_016um_00328_00210-1,-1.1501943
s_016um_00037_00173-1,-1.1082611
s_016um_00017_00271-1,-1.2166817
s_016um_00253_00031-1,-1.1688824
s_016um_00004_00154-1,-1.0836095
s_016um_00212_00293-1,-1.1679095
s_016um_00393_00360-1,-1.0236121
s_016um_00033_00336-1,-1.1501572
s_016um_00043_00216-1,-1.1055593
s_016um_00397_00364-1,-1.1437001
s_016um_00368_00097-1,-1.1229718
s_016um_00217_00029-1,-1.1142938
s_016um_00388_00343-1,-1.1018206
s_016um_00218_00283-1,-1.1771735
s_016um_00271_00226-1,-1.1434028
s_016um_00171_00373-1,-1.2217903
s_016um_00225_00251-1,-1.1364757
s_016um_00081_00280-1,-1.1406363
s_016um_00272_00035-1,-1.1448725
s_016um_00416_00101-1,-1.0892571
s_016um_00365_00226-1,-1.124087
s_016um_00418_00136-1,-1.1469195
s_016um_00216_00293-1,-1.1458123
s_016um_00400_00256-1,-1.1205198
s_016um_00042_00179-1,-1.139244
s_016um_00239_00181-1,-1.1694208
s_016um_00370_00100-1,-1.1423836
s_016um_00047_00211-1,-1.1697965
s_016um_00130_00382-1,-1.2184483
s_016um_00127_00091-1,-1.1244899
s_016um_00273_00137-1,-1.1271492
