spot_id,predicted_protein_value
s_016um_00380_00137-1,0.27826023
s_016um_00037_00102-1,0.04228364
s_016um_00328_00304-1,0.13133147
s_016um_00343_00400-1,0.7601047
s_016um_00009_00155-1,-0.0129722655
s_016um_00009_00150-1,0.12426059
s_016um_00109_00316-1,0.041886434
s_016um_00330_00253-1,0.18099977
s_016um_00366_00225-1,0.12527287
s_016um_00267_00058-1,0.8561744
s_016um_00274_00229-1,0.10177633
s_016um_00219_00167-1,0.1925654
s_016um_00209_00032-1,0.11264505
s_016um_00112_00314-1,-0.00013008714
s_016um_00122_00145-1,0.12999676
s_016um_00201_00148-1,-0.004278615
s_016um_00232_00085-1,0.14897344
s_016um_00034_00102-1,0.21125656
s_016um_00080_00283-1,0.0022254437
s_016um_00142_00062-1,0.091143265
s_016um_00242_00085-1,0.2611356
s_016um_00382_00138-1,0.016960949
s_016um_00321_00227-1,0.22427289
s_016um_00081_00240-1,0.18482
s_016um_00362_00411-1,0.99699605
s_016um_00323_00167-1,0.32688528
s_016um_00323_00162-1,0.3497803
s_016um_00394_00215-1,0.3118405
s_016um_00219_00026-1,0.16812856
s_016um_00363_00414-1,1.6335086
s_016um_00233_00267-1,0.12485482
s_016um_00033_00089-1,0.15588741
s_016um_00082_00197-1,0.5486544
s_016um_00235_00090-1,0.5258513
s_016um_00127_00318-1,0.33209664
s_016um_00040_00098-1,0.22161528
s_016um_00217_00172-1,0.036350325
s_016um_00259_00034-1,0.19887371
s_016um_00276_00133-1,0.2158048
s_016um_00325_00123-1,0.022344574
s_016um_00341_00399-1,0.26640752
s_016um_00191_00093-1,0.031884655
s_016um_00129_00321-1,0.02268155
s_016um_00263_00061-1,0.3062024
s_016um_00341_00215-1,0.16198355
s_016um_00270_00034-1,0.09792464
s_016um_00395_00365-1,0.32079303
s_016um_00083_00278-1,0.067886844
s_016um_00134_00321-1,1.5055801
s_016um_00038_00098-1,0.08345979
s_016um_00278_00048-1,0.19569366
s_016um_00120_00149-1,-0.03268604
s_016um_00199_00149-1,-0.059164673
s_016um_00275_00229-1,0.13820106
s_016um_00140_00022-1,0.32779932
s_016um_00080_00236-1,0.5679834
s_016um_00367_00099-1,0.6982406
s_016um_00232_00263-1,0.10970983
s_016um_00166_00129-1,0.26254874
s_016um_00356_00115-1,0.20922393
s_016um_00230_00250-1,0.00860855
s_016um_00394_00181-1,0.05735781
s_016um_00137_00222-1,0.20176838
s_016um_00323_00228-1,0.09956361
s_016um_00343_00215-1,-0.039669886
s_016um_00124_00383-1,-0.051937625
s_016um_00111_00320-1,0.8590586
s_016um_00199_00148-1,0.06727951
s_016um_00034_00336-1,0.057327285
s_016um_00206_00149-1,0.2959309
s_016um_00019_00265-1,0.30641848
s_016um_00026_00089-1,-0.011172384
s_016um_00205_00153-1,0.13986078
s_016um_00385_00292-1,0.50633705
s_016um_00390_00181-1,0.12887953
s_016um_00320_00166-1,0.11739905
s_016um_00385_00293-1,-0.06205055
s_016um_00142_00218-1,0.41126722
s_016um_00130_00233-1,-0.022719264
s_016um_00101_00030-1,0.14427303
s_016um_00216_00292-1,-0.00339292
s_016um_00409_00101-1,0.13080281
s_016um_00028_00335-1,0.029015943
s_016um_00249_00020-1,0.370976
s_016um_00260_00127-1,0.039439693
s_016um_00217_00281-1,0.08310548
s_016um_00081_00296-1,-0.035765946
s_016um_00368_00145-1,0.088592626
s_016um_00128_00316-1,0.36391833
s_016um_00270_00058-1,0.29228467
s_016um_00138_00074-1,0.058843046
s_016um_00236_00083-1,0.15909614
s_016um_00266_00059-1,0.5939342
s_016um_00076_00241-1,0.009276181
s_016um_00320_00162-1,0.12606841
s_016um_00216_00295-1,-0.025048047
s_016um_00043_00049-1,0.12987177
s_016um_00376_00119-1,0.25792006
s_016um_00099_00071-1,0.076109506
s_016um_00273_00132-1,0.03341259
s_016um_00145_00021-1,0.10242085
s_016um_00356_00410-1,1.1061879
s_016um_00098_00340-1,0.24117121
s_016um_00171_00128-1,0.03652212
s_016um_00203_00149-1,0.045935825
s_016um_00195_00090-1,0.018060625
s_016um_00098_00073-1,0.008684024
s_016um_00337_00255-1,0.07904512
s_016um_00401_00259-1,0.14868566
s_016um_00211_00289-1,0.03571011
s_016um_00372_00121-1,-0.004136935
s_016um_00087_00194-1,0.055023693
s_016um_00220_00226-1,0.03335595
s_016um_00066_00126-1,-0.0826232
s_016um_00251_00020-1,0.20402734
s_016um_00042_00044-1,0.04668069
s_016um_00098_00027-1,0.07731716
s_016um_00228_00249-1,-0.10126908
s_016um_00038_00172-1,0.04979725
s_016um_00209_00296-1,0.025775671
s_016um_00106_00385-1,-0.017463177
s_016um_00084_00266-1,0.03092967
s_016um_00147_00399-1,0.08089184
s_016um_00398_00182-1,0.08145154
s_016um_00273_00052-1,0.21753027
s_016um_00101_00023-1,0.13626745
s_016um_00378_00137-1,-0.006022349
s_016um_00095_00277-1,-0.009931281
s_016um_00141_00223-1,0.37896577
s_016um_00260_00133-1,0.044816643
s_016um_00272_00058-1,0.05385945
s_016um_00169_00370-1,0.04786502
s_016um_00353_00023-1,0.46592015
s_016um_00389_00292-1,0.06953197
s_016um_00253_00026-1,0.098160714
s_016um_00362_00226-1,0.10414892
s_016um_00079_00236-1,0.22590822
s_016um_00403_00150-1,0.05700279
s_016um_00046_00209-1,0.25224552
s_016um_00400_00402-1,3.651841
s_016um_00219_00281-1,0.016642883
s_016um_00274_00225-1,0.06510138
s_016um_00053_00248-1,0.46403563
s_016um_00081_00292-1,0.055744566
s_016um_00361_00290-1,0.3021302
s_016um_00277_00327-1,0.22963604
s_016um_00138_00215-1,0.55598325
s_016um_00074_00248-1,-0.050726846
s_016um_00083_00200-1,0.14103866
s_016um_00329_00218-1,-0.003912568
s_016um_00005_00296-1,0.02713354
s_016um_00276_00208-1,-0.036872506
s_016um_00039_00178-1,-0.0057094544
s_016um_00123_00386-1,0.007340491
s_016um_00143_00020-1,0.3820179
s_016um_00407_00401-1,2.9072773
s_016um_00391_00343-1,1.1757463
s_016um_00031_00331-1,0.154182
s_016um_00228_00237-1,-0.02958262
s_016um_00218_00032-1,-0.06743902
s_016um_00396_00220-1,0.034506157
s_016um_00215_00282-1,0.16763799
s_016um_00008_00153-1,0.025178969
s_016um_00102_00383-1,-0.0129906535
s_016um_00184_00028-1,0.22593132
s_016um_00266_00057-1,0.4144261
s_016um_00141_00060-1,0.10011456
s_016um_00193_00120-1,0.343378
s_016um_00268_00332-1,0.047797993
s_016um_00209_00031-1,0.23296696
s_016um_00354_00416-1,2.1145098
s_016um_00365_00098-1,0.3275542
s_016um_00041_00049-1,0.16061378
s_016um_00210_00296-1,0.07084506
s_016um_00089_00068-1,-0.105159745
s_016um_00245_00086-1,0.20947832
s_016um_00193_00130-1,0.0877818
s_016um_00126_00089-1,0.2878034
s_016um_00083_00071-1,0.46614534
s_016um_00235_00268-1,0.06504492
s_016um_00219_00280-1,0.20102893
s_016um_00079_00241-1,0.14928807
s_016um_00133_00230-1,0.07169756
s_016um_00257_00034-1,0.18277997
s_016um_00263_00187-1,0.54832953
s_016um_00394_00358-1,1.1002198
s_016um_00105_00384-1,-0.010882631
s_016um_00129_00386-1,0.2350316
s_016um_00262_00186-1,0.6560205
s_016um_00417_00138-1,-0.021351844
s_016um_00287_00092-1,0.07878591
s_016um_00177_00032-1,0.4815479
s_016um_00110_00318-1,0.15274334
s_016um_00218_00277-1,0.012080088
s_016um_00260_00033-1,0.018043786
s_016um_00386_00295-1,0.06640865
s_016um_00360_00286-1,0.09018348
s_016um_00030_00331-1,0.07348717
s_016um_00266_00332-1,0.10061386
s_016um_00197_00123-1,0.19855952
s_016um_00271_00221-1,0.044188008
s_016um_00265_00033-1,0.13625908
s_016um_00273_00201-1,-0.06365591
s_016um_00359_00096-1,0.17506345
s_016um_00220_00030-1,-0.08690916
s_016um_00097_00317-1,0.053670324
s_016um_00346_00212-1,0.21535218
s_016um_00389_00345-1,0.2143859
s_016um_00067_00131-1,0.07395842
s_016um_00401_00403-1,2.9336042
s_016um_00214_00029-1,0.39836562
s_016um_00266_00036-1,-0.013205558
s_016um_00065_00235-1,0.43137956
s_016um_00037_00045-1,0.073179826
s_016um_00084_00029-1,0.5214904
s_016um_00265_00336-1,0.18367791
s_016um_00395_00217-1,0.13556367
s_016um_00214_00278-1,0.0041917562
s_016um_00077_00293-1,0.3329323
s_016um_00280_00130-1,0.08491164
s_016um_00088_00267-1,0.16482826
s_016um_00372_00120-1,0.10461209
s_016um_00109_00315-1,0.33559358
s_016um_00416_00142-1,0.057356074
s_016um_00282_00325-1,0.074754484
s_016um_00384_00128-1,0.15931189
s_016um_00102_00068-1,0.12414472
s_016um_00005_00299-1,-0.05733645
s_016um_00361_00415-1,2.333217
s_016um_00330_00214-1,0.64906615
s_016um_00265_00058-1,0.6078049
s_016um_00222_00031-1,0.043023124
s_016um_00364_00228-1,-0.034830675
s_016um_00381_00134-1,0.27611503
s_016um_00280_00204-1,0.044455886
s_016um_00146_00018-1,0.026613787
s_016um_00089_00067-1,0.16995724
s_016um_00130_00086-1,0.16298662
s_016um_00408_00098-1,0.019388512
s_016um_00060_00249-1,0.28184634
s_016um_00334_00215-1,0.04462461
s_016um_00095_00276-1,-0.030505165
s_016um_00403_00120-1,0.13060056
s_016um_00267_00133-1,0.024239868
s_016um_00229_00267-1,0.0058098882
s_016um_00384_00130-1,0.008311212
s_016um_00029_00331-1,-0.022239193
s_016um_00226_00332-1,0.007114351
s_016um_00409_00152-1,0.08707156
s_016um_00269_00037-1,0.06626887
s_016um_00281_00315-1,0.049322486
s_016um_00205_00148-1,0.152485
s_016um_00261_00190-1,0.15553758
s_016um_00083_00030-1,0.27356458
s_016um_00106_00320-1,0.031350434
s_016um_00031_00087-1,0.057055548
s_016um_00040_00041-1,0.011267945
s_016um_00079_00268-1,-0.024308488
s_016um_00400_00123-1,0.21385762
s_016um_00218_00010-1,-0.0018968135
s_016um_00270_00331-1,0.11615947
s_016um_00140_00018-1,0.172973
s_016um_00209_00033-1,0.26794487
s_016um_00267_00063-1,0.45335954
s_016um_00041_00219-1,0.16079293
s_016um_00106_00389-1,0.14621209
s_016um_00355_00290-1,-0.03841576
s_016um_00094_00337-1,-0.0012154132
s_016um_00035_00005-1,0.2168118
s_016um_00220_00278-1,-0.040557116
s_016um_00275_00051-1,0.35679445
s_016um_00311_00054-1,0.20487358
s_016um_00402_00395-1,1.7987983
s_016um_00334_00402-1,0.7403161
s_016um_00125_00092-1,0.24321643
s_016um_00328_00121-1,0.07615451
s_016um_00219_00012-1,0.13132401
s_016um_00402_00216-1,-0.016632408
s_016um_00136_00069-1,0.5958216
s_016um_00140_00014-1,0.046555743
s_016um_00266_00330-1,0.14840461
s_016um_00131_00315-1,0.65155745
s_016um_00333_00210-1,0.007869571
s_016um_00356_00090-1,0.14530325
s_016um_00092_00320-1,0.098233186
s_016um_00120_00148-1,-0.010912597
s_016um_00138_00076-1,0.051446095
s_016um_00077_00236-1,0.08504344
s_016um_00268_00230-1,0.018928647
s_016um_00381_00139-1,-0.08835365
s_016um_00235_00362-1,0.44583696
s_016um_00223_00230-1,0.16553006
s_016um_00138_00221-1,0.2218911
s_016um_00390_00338-1,0.3102512
s_016um_00008_00295-1,0.05517532
s_016um_00079_00280-1,0.14554937
s_016um_00277_00201-1,-0.0051195323
s_016um_00399_00122-1,0.11517063
s_016um_00308_00052-1,0.16838631
s_016um_00357_00120-1,0.33243555
s_016um_00071_00236-1,0.28890976
s_016um_00367_00224-1,0.01425384
s_016um_00145_00062-1,0.08485491
s_016um_00085_00279-1,0.1858448
s_016um_00278_00138-1,0.19732341
s_016um_00044_00244-1,0.15556008
s_016um_00261_00335-1,0.14023809
s_016um_00180_00033-1,0.07996893
s_016um_00088_00265-1,-0.056759283
s_016um_00130_00317-1,0.75535923
s_016um_00323_00163-1,0.16856128
s_016um_00359_00294-1,0.119903624
s_016um_00219_00030-1,-0.012779161
s_016um_00048_00217-1,0.32325673
s_016um_00008_00214-1,-0.018335909
s_016um_00098_00315-1,0.016594082
s_016um_00259_00189-1,0.029880077
s_016um_00278_00316-1,-0.039796576
s_016um_00126_00088-1,0.40296388
s_016um_00261_00127-1,0.04400377
s_016um_00402_00121-1,0.061688267
s_016um_00081_00271-1,0.018925667
s_016um_00236_00188-1,0.0905012
s_016um_00370_00228-1,0.03811747
s_016um_00129_00085-1,0.2741762
s_016um_00030_00329-1,0.095476694
s_016um_00059_00244-1,0.268633
s_016um_00040_00009-1,0.067614935
s_016um_00041_00178-1,0.20462233
s_016um_00272_00033-1,0.6320573
s_016um_00393_00363-1,0.6262141
s_016um_00094_00272-1,0.09547836
s_016um_00353_00025-1,0.16378926
s_016um_00163_00123-1,0.16153547
s_016um_00085_00286-1,-0.00959529
s_016um_00033_00104-1,0.0021814406
s_016um_00146_00059-1,0.1890254
s_016um_00073_00249-1,0.06597585
s_016um_00144_00398-1,0.1680031
s_016um_00106_00388-1,0.23877141
s_016um_00095_00318-1,0.07102658
s_016um_00280_00329-1,-0.046730667
s_016um_00383_00130-1,0.11856133
s_016um_00061_00130-1,0.36698776
s_016um_00396_00219-1,0.10521323
s_016um_00336_00251-1,0.17725727
s_016um_00086_00029-1,0.04337859
s_016um_00227_00251-1,0.010234326
s_016um_00045_00210-1,0.07513225
s_016um_00145_00059-1,0.09197726
s_016um_00312_00059-1,0.038527563
s_016um_00376_00120-1,0.30268148
s_016um_00148_00396-1,0.3054325
s_016um_00168_00371-1,-0.013382167
s_016um_00279_00325-1,0.07041246
s_016um_00273_00333-1,0.049586788
s_016um_00355_00123-1,0.3352461
s_016um_00325_00231-1,-0.0011736155
s_016um_00267_00130-1,0.18466358
s_016um_00237_00188-1,0.015580669
s_016um_00384_00295-1,-0.044385985
s_016um_00033_00088-1,0.07583053
s_016um_00076_00296-1,0.084594026
s_016um_00077_00299-1,0.34216678
s_016um_00131_00389-1,0.11476964
s_016um_00278_00130-1,0.27719253
s_016um_00040_00214-1,0.3943682
s_016um_00238_00188-1,0.20112157
s_016um_00128_00383-1,0.15094411
s_016um_00396_00363-1,0.29348105
s_016um_00011_00154-1,0.047024593
s_016um_00262_00127-1,0.022153467
s_016um_00354_00024-1,0.052894942
s_016um_00130_00232-1,-0.0047789514
s_016um_00265_00054-1,0.26924062
s_016um_00234_00260-1,-0.025598168
s_016um_00392_00360-1,0.3289527
s_016um_00311_00056-1,0.123486824
s_016um_00127_00383-1,0.04052131
s_016um_00085_00278-1,0.07897548
s_016um_00265_00335-1,0.09496665
s_016um_00133_00320-1,1.1697668
s_016um_00017_00272-1,0.09845475
s_016um_00046_00241-1,0.2181747
s_016um_00216_00012-1,0.46620226
s_016um_00329_00228-1,-0.11298804
s_016um_00042_00210-1,0.063791856
s_016um_00093_00317-1,0.059730798
s_016um_00078_00252-1,0.060603708
s_016um_00081_00243-1,0.040574446
s_016um_00259_00132-1,0.28598893
s_016um_00046_00219-1,0.19366977
s_016um_00351_00117-1,0.06658046
s_016um_00229_00331-1,0.5473913
s_016um_00241_00189-1,0.16896561
s_016um_00173_00371-1,0.7385227
s_016um_00028_00091-1,0.27077988
s_016um_00220_00015-1,0.19121762
s_016um_00076_00249-1,0.072015546
s_016um_00277_00136-1,0.104140185
s_016um_00351_00019-1,0.26886824
s_016um_00358_00090-1,0.22707745
s_016um_00374_00121-1,0.1769701
s_016um_00185_00030-1,0.23525155
s_016um_00346_00215-1,0.05310245
s_016um_00210_00030-1,0.22687224
s_016um_00399_00371-1,0.15672232
s_016um_00367_00227-1,0.19013906
s_016um_00081_00195-1,0.67672366
s_016um_00014_00212-1,0.50992423
s_016um_00339_00400-1,0.25498614
s_016um_00086_00265-1,0.166733
s_016um_00277_00326-1,0.4607376
s_016um_00072_00245-1,-0.045136005
s_016um_00082_00238-1,0.15269937
s_016um_00183_00027-1,0.24015296
s_016um_00371_00120-1,0.17253311
s_016um_00220_00236-1,0.23102197
s_016um_00401_00368-1,0.14911006
s_016um_00136_00075-1,0.042639524
s_016um_00341_00219-1,0.062851794
s_016um_00264_00132-1,0.08817897
s_016um_00235_00185-1,0.15801883
s_016um_00334_00212-1,-0.0040495545
s_016um_00092_00267-1,0.09496751
s_016um_00221_00168-1,0.015667558
s_016um_00197_00126-1,0.107622996
s_016um_00221_00228-1,0.042429253
s_016um_00100_00071-1,0.0199005
s_016um_00259_00184-1,0.24895737
s_016um_00357_00414-1,1.5294204
s_016um_00078_00292-1,0.012812674
s_016um_00326_00231-1,0.06865079
s_016um_00090_00072-1,-0.09321423
s_016um_00183_00028-1,0.06424575
s_016um_00265_00062-1,0.34848112
s_016um_00223_00251-1,-0.051976904
s_016um_00042_00214-1,0.645501
s_016um_00234_00265-1,0.07673797
s_016um_00093_00339-1,-0.0628863
s_016um_00328_00214-1,0.18100272
s_016um_00141_00018-1,0.27278703
s_016um_00221_00016-1,0.25158793
s_016um_00134_00319-1,1.3787744
s_016um_00167_00372-1,0.24006921
s_016um_00390_00298-1,0.27644572
s_016um_00270_00336-1,0.19109781
s_016um_00265_00029-1,0.112224646
s_016um_00141_00055-1,-0.043894365
s_016um_00407_00402-1,3.45573
s_016um_00265_00330-1,0.095663995
s_016um_00275_00050-1,0.074162066
s_016um_00313_00060-1,0.41411772
s_016um_00229_00358-1,0.14187604
s_016um_00358_00292-1,0.056413703
s_016um_00402_00255-1,-0.034544557
s_016um_00284_00094-1,0.15226138
s_016um_00273_00312-1,0.06289587
s_016um_00288_00100-1,0.11542463
s_016um_00081_00270-1,0.111100934
s_016um_00131_00226-1,0.054555327
s_016um_00396_00261-1,0.5466601
s_016um_00087_00265-1,-0.012838334
s_016um_00336_00256-1,0.106179565
s_016um_00102_00070-1,0.28755844
s_016um_00273_00048-1,0.26266757
s_016um_00263_00332-1,0.036877558
s_016um_00275_00319-1,0.097380884
s_016um_00049_00215-1,0.1458938
s_016um_00094_00342-1,-0.03967406
s_016um_00369_00123-1,0.18454549
s_016um_00224_00168-1,0.22536394
s_016um_00331_00251-1,0.027477577
s_016um_00388_00298-1,0.007566184
s_016um_00222_00332-1,0.03668724
s_016um_00080_00240-1,-0.0358171
s_016um_00136_00315-1,0.84114313
s_016um_00280_00047-1,0.1950516
s_016um_00217_00028-1,0.11061708
s_016um_00104_00071-1,0.04720016
s_016um_00132_00230-1,0.02282536
s_016um_00221_00011-1,-0.0855871
s_016um_00237_00084-1,0.4781199
s_016um_00079_00292-1,0.10009932
s_016um_00396_00362-1,0.3305597
s_016um_00079_00300-1,0.12222296
s_016um_00224_00328-1,0.16314885
s_016um_00086_00279-1,-0.060734317
s_016um_00263_00055-1,0.26118714
s_016um_00104_00384-1,0.12467872
s_016um_00396_00183-1,0.054316252
s_016um_00369_00225-1,0.025407225
s_016um_00404_00404-1,2.6599271
s_016um_00389_00299-1,0.16929102
s_016um_00040_00100-1,-0.106233016
s_016um_00063_00133-1,0.021221071
s_016um_00224_00029-1,0.26931143
s_016um_00140_00072-1,0.38064682
s_016um_00318_00168-1,0.31739265
s_016um_00250_00019-1,0.5324396
s_016um_00332_00253-1,0.14027795
s_016um_00351_00119-1,-0.026213706
s_016um_00107_00385-1,0.19560291
s_016um_00044_00046-1,-0.021472603
s_016um_00261_00192-1,0.020916775
s_016um_00347_00214-1,-0.003716275
s_016um_00040_00176-1,-0.017298028
s_016um_00134_00090-1,0.34282005
s_016um_00351_00093-1,0.22318295
s_016um_00243_00082-1,0.14166966
s_016um_00033_00329-1,0.014846399
s_016um_00273_00208-1,0.15091698
s_016um_00238_00359-1,0.07022055
s_016um_00362_00292-1,0.3596479
s_016um_00143_00056-1,-0.03019166
s_016um_00122_00150-1,-0.014931992
s_016um_00320_00168-1,0.06305742
s_016um_00006_00295-1,-0.030578882
s_016um_00075_00250-1,0.013544589
s_016um_00398_00362-1,0.50890845
s_016um_00027_00335-1,0.030377582
s_016um_00339_00216-1,0.096264616
s_016um_00213_00292-1,-0.043569848
s_016um_00334_00254-1,0.4666922
s_016um_00099_00031-1,0.18258673
s_016um_00269_00059-1,0.1663708
s_016um_00018_00272-1,0.10741298
s_016um_00228_00244-1,-0.0031362176
s_016um_00011_00214-1,0.062197357
s_016um_00164_00291-1,0.063200824
s_016um_00376_00143-1,0.04996586
s_016um_00243_00187-1,0.2641682
s_016um_00330_00210-1,0.060728736
s_016um_00169_00122-1,0.11951106
s_016um_00394_00176-1,0.09821984
s_016um_00254_00028-1,0.3162408
s_016um_00144_00054-1,0.06714228
s_016um_00084_00073-1,0.5219883
s_016um_00225_00326-1,0.49544376
s_016um_00134_00322-1,1.3835144
s_016um_00088_00266-1,-0.08046679
s_016um_00074_00240-1,0.14710613
s_016um_00179_00026-1,-0.1183012
s_016um_00217_00173-1,0.18302915
s_016um_00228_00250-1,0.006553784
s_016um_00026_00087-1,0.07644177
s_016um_00129_00233-1,0.044281885
s_016um_00091_00270-1,0.0053505152
s_016um_00126_00091-1,0.22404566
s_016um_00135_00314-1,1.041132
s_016um_00278_00132-1,0.31491312
s_016um_00368_00142-1,-0.017132074
s_016um_00126_00094-1,0.018464088
s_016um_00230_00246-1,0.10480818
s_016um_00091_00319-1,-0.040305883
s_016um_00044_00240-1,0.027776122
s_016um_00391_00184-1,0.102566294
s_016um_00267_00223-1,0.04083675
s_016um_00036_00047-1,0.15823321
s_016um_00143_00022-1,0.25350487
s_016um_00131_00319-1,1.0713683
s_016um_00089_00275-1,-0.10783096
s_016um_00272_00225-1,-0.016303644
s_016um_00139_00219-1,0.09413129
s_016um_00222_00248-1,0.26357767
s_016um_00087_00266-1,0.051749848
s_016um_00371_00122-1,0.082139716
s_016um_00241_00183-1,0.24167061
s_016um_00191_00094-1,0.33940408
s_016um_00269_00054-1,0.5220959
s_016um_00056_00245-1,0.30210698
s_016um_00370_00144-1,0.06956526
s_016um_00153_00395-1,0.088970385
s_016um_00050_00241-1,0.19203201
s_016um_00224_00025-1,0.10210056
s_016um_00010_00299-1,-0.1185597
s_016um_00087_00034-1,0.23611467
s_016um_00321_00301-1,-0.048178405
s_016um_00236_00357-1,0.2228657
s_016um_00320_00229-1,0.056035466
s_016um_00143_00015-1,0.14559673
s_016um_00041_00208-1,0.12638888
s_016um_00079_00198-1,0.41438222
s_016um_00088_00066-1,-0.009782895
s_016um_00086_00284-1,-0.18585046
s_016um_00255_00025-1,0.018755749
s_016um_00393_00361-1,0.30623618
s_016um_00408_00396-1,2.7497725
s_016um_00062_00127-1,0.019295603
s_016um_00043_00175-1,0.0056192875
s_016um_00274_00318-1,0.089996606
s_016um_00159_00291-1,0.05224224
s_016um_00289_00092-1,0.19808699
s_016um_00106_00319-1,0.29091582
s_016um_00239_00187-1,0.016027108
s_016um_00388_00297-1,0.023130953
s_016um_00333_00250-1,0.07234179
s_016um_00141_00216-1,0.38483584
s_016um_00099_00027-1,0.4908054
s_016um_00108_00317-1,0.47826678
s_016um_00250_00026-1,0.02603212
s_016um_00405_00122-1,0.01720035
s_016um_00116_00146-1,0.14397138
s_016um_00368_00099-1,1.1590742
s_016um_00267_00226-1,0.013183683
s_016um_00103_00389-1,0.11027927
s_016um_00403_00401-1,3.0186753
s_016um_00240_00184-1,-0.05978948
s_016um_00021_00271-1,0.2808488
s_016um_00127_00087-1,0.08102587
s_016um_00275_00326-1,-0.018297955
s_016um_00082_00277-1,0.0522995
s_016um_00234_00263-1,0.018925682
s_016um_00368_00143-1,-0.11299582
s_016um_00412_00099-1,0.02038984
s_016um_00048_00241-1,0.16173112
s_016um_00224_00031-1,0.242713
s_016um_00395_00361-1,0.56373596
s_016um_00096_00028-1,0.25300562
s_016um_00266_00226-1,0.16579689
s_016um_00065_00231-1,0.21975233
s_016um_00397_00256-1,0.0037893653
s_016um_00404_00123-1,0.032173708
s_016um_00216_00294-1,0.07800343
s_016um_00153_00396-1,0.11351467
s_016um_00217_00168-1,0.34802416
s_016um_00390_00359-1,1.0005636
s_016um_00091_00276-1,0.04726526
s_016um_00333_00258-1,0.026106834
s_016um_00279_00315-1,0.5041644
s_016um_00277_00050-1,0.2663252
s_016um_00415_00101-1,0.18484125
s_016um_00210_00292-1,0.23896854
s_016um_00141_00218-1,0.10615554
s_016um_00239_00185-1,0.052878186
s_016um_00254_00026-1,0.13823068
s_016um_00078_00236-1,0.44653785
s_016um_00364_00099-1,0.18816292
s_016um_00131_00390-1,-0.10100447
s_016um_00257_00190-1,0.07879837
s_016um_00368_00229-1,0.2331512
s_016um_00273_00228-1,-0.024259403
s_016um_00142_00023-1,0.20949705
s_016um_00309_00060-1,0.26552114
s_016um_00166_00124-1,0.084509976
s_016um_00083_00036-1,0.111814946
s_016um_00227_00264-1,-0.04278128
s_016um_00058_00249-1,0.124062896
s_016um_00368_00120-1,0.36899337
s_016um_00257_00188-1,0.07384195
s_016um_00387_00338-1,0.064339645
s_016um_00280_00321-1,0.10904925
s_016um_00108_00384-1,0.12996191
s_016um_00085_00069-1,0.15060613
s_016um_00189_00127-1,0.22383083
s_016um_00086_00036-1,0.052615426
s_016um_00096_00277-1,-0.009156406
s_016um_00098_00317-1,0.12040304
s_016um_00261_00131-1,0.19906743
s_016um_00095_00272-1,0.09574651
s_016um_00099_00068-1,0.077965766
s_016um_00342_00213-1,0.10828611
s_016um_00013_00210-1,0.13545083
s_016um_00009_00156-1,0.051497348
s_016um_00391_00357-1,1.191929
s_016um_00329_00211-1,0.17536493
s_016um_00408_00124-1,-0.06119293
s_016um_00119_00151-1,0.083604045
s_016um_00070_00129-1,0.011687979
s_016um_00351_00118-1,0.19420108
s_016um_00309_00052-1,0.2615751
s_016um_00305_00056-1,0.28909057
s_016um_00390_00343-1,0.83558905
s_016um_00026_00084-1,-0.06676768
s_016um_00326_00121-1,0.04167834
s_016um_00239_00358-1,0.06706678
s_016um_00220_00012-1,0.042825848
s_016um_00165_00374-1,0.0012897998
s_016um_00134_00070-1,0.007675171
s_016um_00280_00136-1,0.16764843
s_016um_00228_00246-1,-0.010026842
s_016um_00077_00249-1,-0.011962429
s_016um_00394_00214-1,0.19375451
s_016um_00375_00141-1,0.050691888
s_016um_00042_00176-1,-0.0032194704
s_016um_00222_00244-1,-0.15812273
s_016um_00005_00151-1,0.37077063
s_016um_00071_00231-1,-0.034149706
s_016um_00396_00359-1,0.6364701
s_016um_00141_00059-1,0.18136209
s_016um_00222_00280-1,0.06262857
s_016um_00331_00120-1,0.12191178
s_016um_00224_00333-1,0.041159555
s_016um_00269_00034-1,0.07057244
s_016um_00403_00403-1,3.330426
s_016um_00221_00013-1,0.19122958
s_016um_00145_00061-1,0.023935735
s_016um_00034_00009-1,-0.115168646
s_016um_00095_00334-1,-0.02502437
s_016um_00401_00370-1,0.07324752
s_016um_00360_00287-1,-0.0066901147
s_016um_00101_00391-1,-0.011435971
s_016um_00279_00204-1,-0.0037231296
s_016um_00404_00396-1,2.4787798
s_016um_00082_00299-1,-0.062714145
s_016um_00388_00293-1,0.18756385
s_016um_00181_00031-1,0.12014535
s_016um_00107_00319-1,1.0660182
s_016um_00104_00382-1,0.1532365
s_016um_00286_00093-1,0.062338404
s_016um_00330_00215-1,0.841332
s_016um_00065_00127-1,0.1657337
s_016um_00391_00299-1,0.5232025
s_016um_00245_00087-1,0.24166395
s_016um_00217_00034-1,-0.09480791
s_016um_00273_00226-1,0.046596825
s_016um_00368_00096-1,0.060058393
s_016um_00096_00336-1,-0.048671573
s_016um_00277_00045-1,0.034394413
s_016um_00086_00066-1,0.6510656
s_016um_00240_00185-1,0.036941245
s_016um_00277_00318-1,0.050369665
s_016um_00139_00221-1,0.10395361
s_016um_00287_00091-1,0.12614241
s_016um_00222_00016-1,0.25374898
s_016um_00226_00233-1,0.3863917
s_016um_00261_00134-1,0.06309412
s_016um_00405_00395-1,2.0848184
s_016um_00143_00063-1,0.21617523
s_016um_00081_00283-1,0.09482564
s_016um_00232_00354-1,0.19886154
s_016um_00168_00126-1,0.58850145
s_016um_00278_00311-1,0.2364588
s_016um_00399_00258-1,0.25688133
s_016um_00271_00059-1,-0.01408501
s_016um_00140_00074-1,0.011716202
s_016um_00044_00043-1,0.11781284
s_016um_00216_00226-1,0.028147355
s_016um_00319_00168-1,0.25945595
s_016um_00132_00388-1,0.14988464
s_016um_00225_00332-1,0.05016464
s_016um_00390_00360-1,0.8940835
s_016um_00062_00128-1,0.22430436
s_016um_00320_00167-1,0.21491231
s_016um_00008_00207-1,0.028267503
s_016um_00132_00088-1,0.19872348
s_016um_00244_00089-1,0.26363823
s_016um_00260_00193-1,0.14045648
s_016um_00108_00313-1,0.14563757
s_016um_00066_00232-1,0.2372856
s_016um_00336_00250-1,0.16009232
s_016um_00130_00385-1,0.055032067
s_016um_00272_00336-1,0.21441919
s_016um_00074_00245-1,0.35362083
s_016um_00140_00062-1,0.06688272
s_016um_00402_00401-1,3.049058
s_016um_00132_00389-1,0.1908686
s_016um_00273_00317-1,0.492997
s_016um_00389_00342-1,0.3069296
s_016um_00082_00281-1,-0.0527225
s_016um_00260_00131-1,0.2784922
s_016um_00215_00281-1,0.008391082
s_016um_00097_00025-1,0.22414479
s_016um_00097_00028-1,0.23959216
s_016um_00005_00298-1,-0.06817564
s_016um_00128_00231-1,-0.029321253
s_016um_00102_00028-1,0.1378147
s_016um_00353_00092-1,0.012585163
s_016um_00360_00412-1,1.0635791
s_016um_00368_00123-1,0.080478914
s_016um_00397_00366-1,0.17084631
s_016um_00100_00389-1,0.86271703
s_016um_00264_00062-1,0.24123915
s_016um_00371_00146-1,0.10772171
s_016um_00241_00187-1,0.026339963
s_016um_00069_00233-1,0.027845234
s_016um_00403_00259-1,0.3827314
s_016um_00217_00232-1,0.07053513
s_016um_00087_00032-1,0.15724711
s_016um_00100_00317-1,0.04949574
s_016um_00271_00334-1,0.11059197
s_016um_00358_00414-1,1.5059952
s_016um_00245_00085-1,0.0767662
s_016um_00357_00118-1,0.16036159
s_016um_00068_00131-1,-0.012625143
s_016um_00412_00101-1,0.3540511
s_016um_00224_00024-1,0.2851584
s_016um_00097_00275-1,-0.0021762997
s_016um_00335_00212-1,-0.057440266
s_016um_00201_00150-1,0.026785001
s_016um_00393_00365-1,0.2886321
s_016um_00214_00295-1,0.09046633
s_016um_00138_00070-1,0.06761262
s_016um_00349_00019-1,0.2379579
s_016um_00227_00333-1,0.014752552
s_016um_00233_00361-1,-0.013799787
s_016um_00035_00003-1,0.041140318
s_016um_00165_00291-1,0.076738976
s_016um_00405_00400-1,3.4028296
s_016um_00333_00253-1,0.13539085
s_016um_00045_00206-1,0.10964442
s_016um_00314_00057-1,0.2481747
s_016um_00400_00397-1,1.710513
s_016um_00348_00019-1,0.26813596
s_016um_00391_00178-1,0.1713856
s_016um_00346_00218-1,0.011233106
s_016um_00321_00166-1,0.05180356
s_016um_00094_00334-1,0.055558063
s_016um_00397_00212-1,0.19145046
s_016um_00415_00098-1,-0.052179337
s_016um_00398_00213-1,0.05080825
s_016um_00196_00129-1,0.23431593
s_016um_00261_00187-1,0.07119658
s_016um_00125_00389-1,0.076001376
s_016um_00009_00213-1,0.22929819
s_016um_00407_00149-1,0.17638506
s_016um_00136_00217-1,0.10972736
s_016um_00085_00283-1,-0.023446053
s_016um_00039_00103-1,0.011452526
s_016um_00250_00021-1,0.25901905
s_016um_00162_00290-1,0.102287315
s_016um_00243_00184-1,0.16074994
s_016um_00079_00237-1,0.004387811
s_016um_00132_00315-1,1.1794865
s_016um_00272_00028-1,0.19753367
s_016um_00237_00184-1,0.09132955
s_016um_00013_00296-1,0.10129928
s_016um_00127_00386-1,0.25160062
s_016um_00038_00041-1,0.09795063
s_016um_00368_00224-1,0.14784837
s_016um_00145_00398-1,0.05323369
s_016um_00351_00022-1,0.5077957
s_016um_00246_00088-1,0.21808894
s_016um_00101_00067-1,0.01755938
s_016um_00394_00367-1,0.17186123
s_016um_00284_00098-1,0.08068437
s_016um_00330_00121-1,0.091474734
s_016um_00036_00043-1,0.117666036
s_016um_00268_00032-1,0.3569938
s_016um_00415_00104-1,0.00320445
s_016um_00084_00066-1,0.04839556
s_016um_00098_00335-1,0.0150408745
s_016um_00087_00268-1,0.21876185
s_016um_00404_00398-1,2.3898487
s_016um_00014_00209-1,0.0036993772
s_016um_00215_00229-1,-0.03261085
s_016um_00219_00227-1,-0.022000074
s_016um_00042_00215-1,1.0301409
s_016um_00271_00048-1,0.23483063
s_016um_00132_00322-1,0.891376
s_016um_00130_00231-1,0.06881511
s_016um_00319_00228-1,0.0643658
s_016um_00326_00300-1,0.11503093
s_016um_00398_00216-1,-0.031935975
s_016um_00280_00137-1,0.007727474
s_016um_00222_00173-1,0.6100784
s_016um_00393_00366-1,0.22395016
s_016um_00194_00129-1,0.3109079
s_016um_00137_00068-1,0.060877793
s_016um_00138_00017-1,0.013069615
s_016um_00035_00004-1,0.304502
s_016um_00016_00269-1,0.13849519
s_016um_00349_00022-1,0.22962984
s_016um_00256_00026-1,0.26949826
s_016um_00011_00209-1,0.0014210194
s_016um_00362_00293-1,0.32311037
s_016um_00400_00264-1,-0.051408947
s_016um_00005_00150-1,-0.024790406
s_016um_00265_00055-1,0.41734034
s_016um_00356_00025-1,0.4354005
s_016um_00032_00091-1,0.096473746
s_016um_00082_00284-1,-0.10678981
s_016um_00121_00151-1,0.1522105
s_016um_00087_00067-1,0.05821573
s_016um_00037_00049-1,-0.061633274
s_016um_00364_00097-1,0.04683207
s_016um_00352_00118-1,-0.010717228
s_016um_00241_00090-1,0.114745796
s_016um_00131_00322-1,0.31738067
s_016um_00055_00249-1,0.25725383
s_016um_00220_00277-1,0.0677021
s_016um_00410_00146-1,0.1498631
s_016um_00355_00291-1,0.043802246
s_016um_00099_00319-1,0.16208597
s_016um_00221_00277-1,0.06233269
s_016um_00274_00314-1,0.1446197
s_016um_00222_00250-1,0.034920096
s_016um_00130_00092-1,-0.016942367
s_016um_00038_00210-1,0.12792005
s_016um_00404_00257-1,0.04774019
s_016um_00392_00182-1,0.17687412
s_016um_00182_00025-1,0.5033777
s_016um_00408_00101-1,0.1565678
s_016um_00098_00022-1,0.14147979
s_016um_00392_00343-1,0.6138038
s_016um_00192_00124-1,0.19327979
s_016um_00116_00145-1,0.76289994
s_016um_00116_00150-1,0.15785396
s_016um_00083_00295-1,-0.07115504
s_016um_00214_00294-1,0.09291134
s_016um_00290_00097-1,0.11298923
s_016um_00084_00267-1,-0.08304168
s_016um_00325_00230-1,0.021988511
s_016um_00353_00091-1,0.04436472
s_016um_00248_00019-1,0.07446157
s_016um_00029_00083-1,-0.06217301
s_016um_00406_00152-1,-0.013407543
s_016um_00135_00233-1,0.059303924
s_016um_00135_00225-1,0.024595588
s_016um_00099_00072-1,0.13413478
s_016um_00141_00054-1,0.15835695
s_016um_00087_00199-1,-0.015627384
s_016um_00207_00152-1,0.10415939
s_016um_00324_00300-1,0.09763923
s_016um_00028_00092-1,0.15831713
s_016um_00264_00330-1,0.09763654
s_016um_00089_00072-1,0.09004363
s_016um_00101_00072-1,0.087882146
s_016um_00112_00319-1,-0.048420697
s_016um_00325_00166-1,0.12306079
s_016um_00072_00247-1,-0.01741825
s_016um_00084_00272-1,-0.012936562
s_016um_00223_00332-1,0.13638103
s_016um_00047_00241-1,0.30690914
s_016um_00080_00195-1,0.4906667
s_016um_00333_00212-1,0.022993326
s_016um_00353_00090-1,0.21922344
s_016um_00394_00371-1,0.4911424
s_016um_00032_00092-1,-0.028294146
s_016um_00214_00283-1,0.14389873
s_016um_00356_00114-1,0.34846735
s_016um_00177_00028-1,0.0654989
s_016um_00252_00025-1,-0.016592413
s_016um_00225_00249-1,0.10813129
s_016um_00247_00090-1,0.15944594
s_016um_00080_00280-1,0.07993685
s_016um_00224_00233-1,0.0941112
s_016um_00280_00051-1,0.2643415
s_016um_00034_00098-1,0.40373078
s_016um_00406_00399-1,2.7128599
s_016um_00395_00338-1,0.11720817
s_016um_00406_00127-1,0.10751606
s_016um_00404_00153-1,0.35930657
s_016um_00042_00047-1,0.047481805
s_016um_00009_00212-1,0.326465
s_016um_00383_00133-1,0.39385977
s_016um_00219_00011-1,0.12846392
s_016um_00011_00297-1,-0.04689017
s_016um_00388_00294-1,0.14396556
s_016um_00027_00091-1,0.2081694
s_016um_00212_00034-1,0.20247692
s_016um_00256_00190-1,0.09124356
s_016um_00329_00213-1,0.039425313
s_016um_00343_00214-1,-0.021986723
s_016um_00224_00032-1,0.168126
s_016um_00278_00050-1,0.5782405
s_016um_00377_00138-1,0.36622307
s_016um_00348_00213-1,0.28602284
s_016um_00207_00146-1,-0.007877454
s_016um_00321_00302-1,0.0064990222
s_016um_00140_00020-1,0.15551984
s_016um_00355_00115-1,0.0815128
s_016um_00040_00170-1,0.70700306
s_016um_00405_00145-1,0.03982675
s_016um_00095_00315-1,-0.07114963
s_016um_00265_00032-1,0.06561632
s_016um_00088_00032-1,0.16565928
s_016um_00216_00168-1,0.07183821
s_016um_00096_00320-1,0.058304325
s_016um_00359_00117-1,0.18308337
s_016um_00092_00279-1,0.07243312
s_016um_00402_00127-1,0.18187182
s_016um_00415_00140-1,0.12847753
s_016um_00354_00290-1,0.17054574
s_016um_00139_00218-1,0.07893398
s_016um_00395_00373-1,0.33773994
s_016um_00217_00026-1,0.17698847
s_016um_00321_00232-1,0.07678626
s_016um_00264_00130-1,0.14646009
s_016um_00313_00052-1,0.16283226
s_016um_00086_00268-1,0.0378896
s_016um_00169_00125-1,0.32650155
s_016um_00018_00263-1,0.013816267
s_016um_00407_00123-1,0.013128325
s_016um_00029_00087-1,-0.09871708
s_016um_00085_00065-1,0.08257987
s_016um_00140_00076-1,0.84850025
s_016um_00014_00270-1,0.24991408
s_016um_00266_00132-1,0.20482033
s_016um_00125_00093-1,0.07187644
s_016um_00231_00263-1,0.19467251
s_016um_00151_00401-1,0.09828919
s_016um_00071_00246-1,0.36386144
s_016um_00263_00184-1,0.22596674
s_016um_00258_00031-1,0.4098839
s_016um_00099_00073-1,-0.018317774
s_016um_00332_00216-1,0.020652667
s_016um_00152_00396-1,0.0027538538
s_016um_00214_00281-1,0.19518253
s_016um_00083_00272-1,0.029633492
s_016um_00212_00295-1,-0.008586064
s_016um_00405_00149-1,-0.016474396
s_016um_00279_00044-1,0.072461665
s_016um_00221_00330-1,-0.04874754
s_016um_00081_00030-1,0.11817016
s_016um_00414_00136-1,0.17731704
s_016um_00133_00076-1,0.13035287
s_016um_00360_00414-1,1.097073
s_016um_00326_00166-1,0.1943777
s_016um_00403_00399-1,2.7209086
s_016um_00369_00223-1,0.1420933
s_016um_00237_00356-1,0.07785537
s_016um_00041_00210-1,0.2641525
s_016um_00008_00211-1,0.20927238
s_016um_00201_00145-1,0.15121332
s_016um_00230_00360-1,0.017251253
s_016um_00147_00394-1,0.049819395
s_016um_00146_00399-1,0.21301223
s_016um_00360_00410-1,0.6949314
s_016um_00080_00035-1,6.869435e-05
s_016um_00010_00214-1,0.4058264
s_016um_00383_00128-1,0.03112927
s_016um_00399_00126-1,-0.014819413
s_016um_00324_00123-1,0.21373856
s_016um_00093_00319-1,0.12681174
s_016um_00093_00274-1,0.028584704
s_016um_00280_00316-1,0.044396967
s_016um_00327_00125-1,0.03941983
s_016um_00261_00191-1,-0.041100934
s_016um_00111_00314-1,0.08168583
s_016um_00049_00242-1,0.52973014
s_016um_00284_00096-1,0.042040586
s_016um_00041_00103-1,0.31237888
s_016um_00387_00298-1,0.11235569
s_016um_00144_00060-1,0.12095831
s_016um_00320_00169-1,0.07984224
s_016um_00231_00266-1,-0.061454803
s_016um_00171_00124-1,0.25143695
s_016um_00032_00330-1,0.05800403
s_016um_00227_00234-1,0.18207787
s_016um_00136_00221-1,0.4847191
s_016um_00059_00249-1,0.05322969
s_016um_00399_00367-1,0.5283551
s_016um_00396_00262-1,0.13927223
s_016um_00043_00245-1,0.17870967
s_016um_00167_00378-1,0.060655303
s_016um_00064_00127-1,0.046577737
s_016um_00043_00179-1,0.41669568
s_016um_00114_00318-1,-0.0068287402
s_016um_00213_00289-1,0.06927243
s_016um_00328_00301-1,0.21295476
s_016um_00096_00322-1,0.18279463
s_016um_00279_00050-1,0.28312367
s_016um_00353_00093-1,0.08631848
s_016um_00041_00100-1,-0.086996004
s_016um_00398_00358-1,0.57774836
s_016um_00355_00092-1,0.20223098
s_016um_00280_00324-1,0.21000704
s_016um_00081_00272-1,0.18180536
s_016um_00113_00315-1,-0.010977432
s_016um_00280_00312-1,0.07624902
s_016um_00039_00204-1,0.27419695
s_016um_00048_00242-1,1.0817525
s_016um_00035_00331-1,0.010901675
s_016um_00374_00120-1,0.22498904
s_016um_00176_00029-1,-0.06753984
s_016um_00131_00384-1,0.28558964
s_016um_00058_00243-1,0.058909245
s_016um_00214_00282-1,0.19913724
s_016um_00289_00100-1,0.15572171
s_016um_00235_00261-1,0.062340014
s_016um_00372_00146-1,0.5245453
s_016um_00085_00070-1,0.34892982
s_016um_00132_00073-1,0.07180667
s_016um_00172_00376-1,0.10527606
s_016um_00268_00033-1,0.03153065
s_016um_00253_00028-1,0.1627093
s_016um_00321_00305-1,-0.046164468
s_016um_00097_00338-1,0.09020833
s_016um_00380_00128-1,0.07193017
s_016um_00128_00388-1,0.012985691
s_016um_00232_00260-1,0.068806365
s_016um_00232_00087-1,0.22622305
s_016um_00284_00099-1,0.31083554
s_016um_00184_00029-1,0.19779709
s_016um_00243_00189-1,0.1892839
s_016um_00275_00045-1,0.26448494
s_016um_00009_00209-1,0.0639677
s_016um_00046_00244-1,0.046393976
s_016um_00222_00233-1,0.048111826
s_016um_00253_00022-1,0.017369986
s_016um_00083_00283-1,-0.019027337
s_016um_00374_00144-1,0.23374635
s_016um_00117_00151-1,0.25523606
s_016um_00078_00242-1,0.05626425
s_016um_00400_00216-1,0.19730799
s_016um_00094_00333-1,0.3308307
s_016um_00222_00331-1,0.063849814
s_016um_00130_00087-1,0.24404678
s_016um_00261_00129-1,0.4578557
s_016um_00215_00280-1,-0.017946169
s_016um_00226_00235-1,0.12277183
s_016um_00387_00296-1,0.07027046
s_016um_00338_00401-1,0.39714324
s_016um_00394_00357-1,0.3543859
s_016um_00039_00174-1,0.15372485
s_016um_00090_00069-1,0.04506983
s_016um_00213_00279-1,0.024197072
s_016um_00240_00084-1,0.15141624
s_016um_00266_00034-1,0.18328586
s_016um_00249_00019-1,0.13599962
s_016um_00216_00227-1,0.003896445
s_016um_00264_00188-1,0.29874694
s_016um_00010_00298-1,0.098099
s_016um_00118_00151-1,0.056330636
s_016um_00027_00085-1,0.023211166
s_016um_00276_00201-1,-0.021273121
s_016um_00174_00371-1,0.54426914
s_016um_00355_00411-1,0.7147082
s_016um_00042_00240-1,0.10164842
s_016um_00084_00270-1,0.030003503
s_016um_00405_00396-1,1.5353202
s_016um_00402_00399-1,1.8642365
s_016um_00096_00026-1,0.14845116
s_016um_00281_00205-1,0.111991234
s_016um_00168_00129-1,0.112756476
s_016um_00071_00250-1,0.17292276
s_016um_00383_00138-1,0.033067077
s_016um_00082_00066-1,0.1128515
s_016um_00371_00226-1,0.08887614
s_016um_00091_00069-1,0.2415334
s_016um_00229_00265-1,-0.038447306
s_016um_00238_00182-1,0.36346796
s_016um_00268_00225-1,0.050984845
s_016um_00085_00280-1,-0.13172181
s_016um_00372_00098-1,0.060061425
s_016um_00390_00295-1,0.0494273
s_016um_00242_00086-1,0.1843397
s_016um_00083_00067-1,-0.051033303
s_016um_00355_00094-1,0.21888171
s_016um_00393_00218-1,0.116777375
s_016um_00025_00085-1,0.05341672
s_016um_00010_00155-1,0.22849
s_016um_00379_00137-1,0.08426471
s_016um_00264_00332-1,0.013428479
s_016um_00357_00122-1,0.20876503
s_016um_00072_00252-1,0.3476067
s_016um_00384_00131-1,0.027857155
s_016um_00389_00339-1,0.14637968
s_016um_00225_00229-1,-0.03433679
s_016um_00217_00283-1,-0.028661773
s_016um_00233_00356-1,-0.06407885
s_016um_00010_00152-1,-0.026289314
s_016um_00257_00031-1,0.24690613
s_016um_00328_00227-1,0.25574112
s_016um_00237_00086-1,0.19349605
s_016um_00034_00337-1,0.03909968
s_016um_00057_00241-1,0.010057926
s_016um_00222_00169-1,0.15109728
s_016um_00063_00128-1,0.03581591
s_016um_00373_00145-1,0.68241984
s_016um_00039_00100-1,0.083293825
s_016um_00347_00218-1,0.056418553
s_016um_00095_00028-1,0.15760508
s_016um_00357_00116-1,0.30888772
s_016um_00140_00019-1,0.15106109
s_016um_00247_00089-1,0.2326655
s_016um_00279_00311-1,0.18600222
s_016um_00122_00144-1,0.113726504
s_016um_00415_00138-1,0.11319199
s_016um_00169_00121-1,0.028187007
s_016um_00273_00135-1,0.020317316
s_016um_00240_00190-1,0.22023702
s_016um_00089_00273-1,-0.042380497
s_016um_00110_00316-1,0.36840123
s_016um_00096_00340-1,0.09946599
s_016um_00324_00223-1,0.10842744
s_016um_00252_00030-1,0.18186538
s_016um_00337_00404-1,0.6883906
s_016um_00086_00264-1,0.15242481
s_016um_00062_00131-1,-0.004197657
s_016um_00041_00207-1,0.06777291
s_016um_00215_00033-1,0.2401891
s_016um_00370_00096-1,0.13071592
s_016um_00084_00033-1,0.070687495
s_016um_00192_00123-1,0.5144446
s_016um_00094_00323-1,0.43968207
s_016um_00393_00184-1,0.09137626
s_016um_00015_00265-1,0.15243958
s_016um_00358_00293-1,0.07389614
s_016um_00275_00227-1,0.077809334
s_016um_00308_00057-1,0.34190676
s_016um_00399_00124-1,-0.0031471252
s_016um_00357_00289-1,0.08358762
s_016um_00248_00084-1,0.021705285
s_016um_00085_00036-1,0.16004066
s_016um_00371_00101-1,0.17015657
s_016um_00178_00028-1,0.094933555
s_016um_00397_00183-1,0.13975178
s_016um_00031_00338-1,0.30529296
s_016um_00135_00217-1,0.03279248
s_016um_00306_00056-1,0.06775236
s_016um_00222_00335-1,0.058245257
s_016um_00035_00334-1,0.22436835
s_016um_00034_00335-1,0.11855304
s_016um_00096_00334-1,0.04231508
s_016um_00264_00134-1,0.17341192
s_016um_00053_00249-1,0.3483196
s_016um_00394_00177-1,0.12537983
s_016um_00324_00306-1,-0.018462986
s_016um_00342_00218-1,0.054509714
s_016um_00131_00087-1,0.09338909
s_016um_00258_00185-1,0.6418847
s_016um_00095_00024-1,0.04260841
s_016um_00189_00096-1,0.31280014
s_016um_00270_00036-1,0.13489676
s_016um_00012_00300-1,0.19499537
s_016um_00104_00070-1,0.18897639
s_016um_00362_00287-1,0.12894087
s_016um_00391_00297-1,0.73346436
s_016um_00135_00069-1,0.7967593
s_016um_00099_00322-1,0.13332249
s_016um_00272_00208-1,0.12905264
s_016um_00336_00403-1,0.5191007
s_016um_00129_00387-1,0.032063574
s_016um_00268_00062-1,-0.015888691
s_016um_00096_00338-1,0.30594397
s_016um_00140_00056-1,0.1645983
s_016um_00140_00217-1,0.1252328
s_016um_00264_00059-1,0.45371193
s_016um_00356_00023-1,0.42566702
s_016um_00106_00317-1,0.07535281
s_016um_00191_00090-1,0.23538995
s_016um_00284_00100-1,0.008283049
s_016um_00035_00100-1,0.044074863
s_016um_00105_00385-1,0.33081776
s_016um_00327_00230-1,0.015351638
s_016um_00262_00130-1,0.5318788
s_016um_00385_00129-1,0.00589934
s_016um_00083_00269-1,0.011370003
s_016um_00357_00121-1,0.008197218
s_016um_00390_00358-1,1.5762769
s_016um_00401_00255-1,0.3657428
s_016um_00082_00032-1,0.10613868
s_016um_00226_00248-1,0.094770394
s_016um_00022_00266-1,0.13584273
s_016um_00318_00169-1,0.22052069
s_016um_00246_00084-1,0.09103927
s_016um_00098_00029-1,0.08760478
s_016um_00279_00130-1,0.3381412
s_016um_00398_00178-1,0.13929464
s_016um_00080_00029-1,0.07358251
s_016um_00040_00179-1,0.16673702
s_016um_00030_00334-1,0.19300525
s_016um_00325_00225-1,0.008807078
s_016um_00079_00278-1,0.004144028
s_016um_00082_00195-1,0.7956297
s_016um_00010_00216-1,0.33890152
s_016um_00336_00399-1,0.6723267
s_016um_00335_00215-1,0.101377785
s_016um_00212_00297-1,-0.007252291
s_016um_00227_00244-1,0.03345853
s_016um_00322_00161-1,0.8525127
s_016um_00139_00075-1,0.04733458
s_016um_00385_00127-1,0.4258271
s_016um_00030_00087-1,-0.07043518
s_016um_00092_00277-1,-0.0427804
s_016um_00041_00244-1,0.10880883
s_016um_00024_00088-1,0.072814986
s_016um_00256_00185-1,0.23437983
s_016um_00391_00345-1,1.4688842
s_016um_00110_00317-1,0.05131723
s_016um_00218_00280-1,0.010103136
s_016um_00314_00053-1,0.2650656
s_016um_00266_00056-1,0.19619854
s_016um_00209_00297-1,0.0694839
s_016um_00142_00220-1,0.59242314
s_016um_00394_00212-1,0.23844793
s_016um_00203_00151-1,0.16349757
s_016um_00112_00316-1,0.12050865
s_016um_00140_00219-1,-0.031937107
s_016um_00372_00099-1,0.16820045
s_016um_00233_00092-1,0.407515
s_016um_00045_00214-1,0.084965095
s_016um_00267_00060-1,0.13425818
s_016um_00208_00292-1,0.039323717
s_016um_00188_00097-1,0.4338721
s_016um_00325_00232-1,-0.13061588
s_016um_00328_00122-1,0.016535416
s_016um_00384_00137-1,0.10517272
s_016um_00278_00201-1,-0.14861287
s_016um_00323_00303-1,-0.10291986
s_016um_00228_00233-1,-0.03326091
s_016um_00267_00034-1,0.106449805
s_016um_00020_00268-1,0.14316858
s_016um_00380_00134-1,0.18907668
s_016um_00418_00141-1,0.012267947
s_016um_00223_00027-1,0.12023636
s_016um_00275_00317-1,0.10570473
s_016um_00135_00317-1,1.0554569
s_016um_00136_00316-1,1.2834011
s_016um_00368_00146-1,0.15797363
s_016um_00232_00259-1,0.1001757
s_016um_00225_00333-1,-0.06409635
s_016um_00190_00096-1,0.36354825
s_016um_00092_00276-1,-0.01880823
s_016um_00219_00166-1,0.13470244
s_016um_00102_00030-1,0.028463766
s_016um_00081_00033-1,0.17276102
s_016um_00035_00335-1,0.018116787
s_016um_00407_00127-1,-0.06041029
s_016um_00088_00070-1,0.18537684
s_016um_00278_00314-1,0.06765096
s_016um_00100_00026-1,0.056895584
s_016um_00170_00129-1,0.12095037
s_016um_00352_00095-1,0.18540598
s_016um_00085_00269-1,-0.040327877
s_016um_00288_00098-1,0.31762236
s_016um_00276_00137-1,0.03995134
s_016um_00008_00156-1,0.06565336
s_016um_00196_00091-1,0.24631763
s_016um_00313_00055-1,0.33726406
s_016um_00276_00138-1,0.49213052
s_016um_00075_00246-1,0.0018952042
s_016um_00083_00266-1,-0.027673617
s_016um_00279_00132-1,0.40391004
s_016um_00355_00020-1,0.28726852
s_016um_00288_00099-1,0.10150479
s_016um_00221_00033-1,0.030307561
s_016um_00103_00068-1,0.1995802
s_016um_00136_00227-1,0.03299406
s_016um_00095_00278-1,0.029294938
s_016um_00265_00132-1,0.059751466
s_016um_00321_00230-1,0.07897172
s_016um_00028_00332-1,0.05486723
s_016um_00383_00140-1,0.074205406
s_016um_00404_00402-1,3.3637254
s_016um_00197_00094-1,0.300258
s_016um_00011_00210-1,0.049296543
s_016um_00253_00021-1,0.24942757
s_016um_00341_00397-1,0.31950194
s_016um_00288_00093-1,0.19934297
s_016um_00401_00261-1,0.20261347
s_016um_00381_00135-1,0.05948861
s_016um_00045_00213-1,0.15813124
s_016um_00364_00225-1,0.12491077
s_016um_00291_00098-1,0.042759463
s_016um_00373_00117-1,0.38437957
s_016um_00167_00373-1,0.03259252
s_016um_00252_00024-1,0.15883419
s_016um_00344_00221-1,0.9241332
s_016um_00255_00023-1,0.027419925
s_016um_00223_00169-1,0.34414476
s_016um_00277_00324-1,0.40696552
s_016um_00354_00094-1,0.2728368
s_016um_00244_00091-1,0.06635634
s_016um_00238_00357-1,-0.048705697
s_016um_00033_00005-1,0.15976767
s_016um_00356_00119-1,0.027393982
s_016um_00041_00209-1,0.31182122
s_016um_00075_00240-1,0.11060402
s_016um_00394_00220-1,0.32709998
s_016um_00406_00121-1,0.0656037
s_016um_00328_00230-1,0.023956329
s_016um_00149_00398-1,0.14863929
s_016um_00083_00264-1,0.00013755262
s_016um_00368_00228-1,0.23355703
s_016um_00393_00180-1,0.033635765
s_016um_00167_00126-1,0.60788864
s_016um_00277_00320-1,0.067200616
s_016um_00221_00239-1,-0.009075329
s_016um_00047_00213-1,0.19529903
s_016um_00070_00233-1,0.019724637
s_016um_00101_00066-1,0.10271963
s_016um_00246_00087-1,0.24411339
s_016um_00391_00180-1,0.65485764
s_016um_00405_00153-1,0.22175641
s_016um_00351_00095-1,-0.008644909
s_016um_00077_00252-1,0.16361989
s_016um_00236_00359-1,0.11806955
s_016um_00013_00295-1,0.19089767
s_016um_00322_00224-1,0.02273868
s_016um_00397_00181-1,0.046386376
s_016um_00213_00293-1,0.039742887
s_016um_00282_00328-1,0.2355307
s_016um_00076_00292-1,0.21235126
s_016um_00148_00402-1,0.08381303
s_016um_00335_00250-1,0.05130343
s_016um_00405_00123-1,0.09675796
s_016um_00195_00096-1,-0.00019840896
s_016um_00357_00117-1,0.18435378
s_016um_00008_00208-1,0.19655772
s_016um_00342_00219-1,0.32639217
s_016um_00354_00122-1,0.0704628
s_016um_00063_00130-1,0.010974303
s_016um_00330_00256-1,0.12476288
s_016um_00181_00027-1,0.05494166
s_016um_00133_00088-1,0.36084133
s_016um_00062_00129-1,0.22802618
s_016um_00224_00332-1,-0.072360486
s_016um_00369_00117-1,0.17500514
s_016um_00213_00014-1,0.2637386
s_016um_00364_00227-1,0.11551605
s_016um_00084_00282-1,-0.05413404
s_016um_00211_00290-1,0.4386629
s_016um_00371_00144-1,0.06884126
s_016um_00267_00030-1,0.33900982
s_016um_00241_00088-1,0.31768906
s_016um_00222_00247-1,0.06444385
s_016um_00280_00325-1,0.08490407
s_016um_00040_00241-1,0.23303972
s_016um_00223_00032-1,0.17152381
s_016um_00324_00121-1,0.24024922
s_016um_00098_00322-1,0.07663095
s_016um_00248_00089-1,0.40743664
s_016um_00045_00236-1,0.035270497
s_016um_00081_00265-1,0.093078375
s_016um_00085_00272-1,0.07125022
s_016um_00396_00184-1,0.119661
s_016um_00352_00092-1,0.09130097
s_016um_00362_00229-1,-0.0025023967
s_016um_00041_00176-1,0.16958044
s_016um_00146_00062-1,0.14273545
s_016um_00054_00242-1,0.16562967
s_016um_00037_00042-1,0.10925149
s_016um_00135_00076-1,0.14218317
s_016um_00166_00377-1,0.5276268
s_016um_00312_00055-1,0.12468471
s_016um_00216_00027-1,0.2637803
s_016um_00345_00213-1,0.16167212
s_016um_00277_00314-1,0.6297228
s_016um_00171_00123-1,0.18297344
s_016um_00257_00185-1,0.5181181
s_016um_00261_00029-1,0.17703193
s_016um_00180_00030-1,-0.021789119
s_016um_00077_00296-1,0.09795422
s_016um_00399_00399-1,1.3908628
s_016um_00328_00302-1,0.43172663
s_016um_00363_00226-1,0.03951153
s_016um_00080_00298-1,0.09711016
s_016um_00182_00030-1,0.08446186
s_016um_00070_00237-1,0.23253907
s_016um_00243_00084-1,0.09466135
s_016um_00063_00127-1,0.074749395
s_016um_00263_00132-1,0.097306795
s_016um_00327_00126-1,0.16554506
s_016um_00083_00194-1,0.24375892
s_016um_00403_00145-1,-0.011097267
s_016um_00314_00058-1,0.092415385
s_016um_00033_00009-1,0.007870674
s_016um_00328_00216-1,0.054085344
s_016um_00341_00403-1,0.2901138
s_016um_00214_00284-1,0.28291368
s_016um_00394_00373-1,0.0911915
s_016um_00415_00100-1,0.06732062
s_016um_00398_00256-1,0.28141814
s_016um_00412_00098-1,0.034440696
s_016um_00089_00270-1,-0.007905722
s_016um_00288_00092-1,0.015461743
s_016um_00131_00316-1,0.6367083
s_016um_00141_00222-1,0.09035598
s_016um_00236_00182-1,0.37378156
s_016um_00271_00224-1,0.03497289
s_016um_00385_00294-1,0.017775655
s_016um_00112_00320-1,0.44770348
s_016um_00402_00148-1,0.22870189
s_016um_00269_00225-1,0.04580897
s_016um_00079_00245-1,0.062313154
s_016um_00277_00132-1,0.29137012
s_016um_00129_00231-1,0.072051205
s_016um_00320_00231-1,0.099807404
s_016um_00107_00320-1,0.84998137
s_016um_00329_00252-1,0.06152141
s_016um_00198_00149-1,0.36773416
s_016um_00264_00032-1,0.15511309
s_016um_00221_00333-1,-0.07667811
s_016um_00081_00029-1,0.24014509
s_016um_00044_00047-1,0.028110623
s_016um_00281_00317-1,0.07676545
s_016um_00223_00329-1,-0.013716131
s_016um_00006_00153-1,0.2507223
s_016um_00160_00292-1,0.038869828
s_016um_00365_00228-1,-0.00029423833
s_016um_00328_00212-1,0.023271248
s_016um_00276_00321-1,0.38832772
s_016um_00370_00125-1,0.025061443
s_016um_00118_00148-1,0.06055872
s_016um_00274_00205-1,0.13453218
s_016um_00278_00317-1,0.010305658
s_016um_00271_00058-1,0.15177846
s_016um_00395_00213-1,0.09416174
s_016um_00200_00151-1,0.30019364
s_016um_00141_00215-1,0.31080526
s_016um_00333_00217-1,0.25422475
s_016um_00232_00361-1,0.2886878
s_016um_00338_00254-1,0.091380194
s_016um_00342_00402-1,0.7121423
s_016um_00168_00124-1,0.19611923
s_016um_00333_00214-1,0.19547056
s_016um_00404_00262-1,0.1866458
s_016um_00021_00268-1,0.06486147
s_016um_00078_00284-1,0.06170714
s_016um_00331_00121-1,0.09882264
s_016um_00115_00144-1,0.88434064
s_016um_00164_00285-1,0.2071325
s_016um_00236_00355-1,-0.02198103
s_016um_00331_00124-1,0.32318738
s_016um_00040_00103-1,-0.026054472
s_016um_00106_00386-1,-0.011023551
s_016um_00268_00328-1,0.0071080327
s_016um_00021_00264-1,0.082097255
s_016um_00067_00232-1,0.29651496
s_016um_00392_00179-1,0.25275788
s_016um_00210_00033-1,0.36781737
s_016um_00145_00054-1,0.2024799
s_016um_00272_00333-1,0.092431575
s_016um_00365_00095-1,0.2967594
s_016um_00371_00147-1,0.3304639
s_016um_00286_00099-1,0.28605205
s_016um_00083_00298-1,0.019117385
s_016um_00263_00191-1,-0.019590795
s_016um_00272_00335-1,0.06546707
s_016um_00335_00401-1,0.5794599
s_016um_00043_00046-1,0.05890634
s_016um_00371_00141-1,0.10326378
s_016um_00370_00145-1,0.18229167
s_016um_00221_00032-1,0.25651324
s_016um_00259_00029-1,0.35403845
s_016um_00189_00092-1,0.044283405
s_016um_00271_00332-1,0.3024786
s_016um_00276_00318-1,0.01939945
s_016um_00365_00096-1,-0.05149786
s_016um_00366_00101-1,0.047599435
s_016um_00402_00400-1,3.139208
s_016um_00225_00329-1,0.063574955
s_016um_00163_00292-1,-0.045025036
s_016um_00274_00335-1,0.13802177
s_016um_00313_00056-1,0.218577
s_016um_00133_00317-1,1.2851058
s_016um_00202_00147-1,0.13992608
s_016um_00256_00027-1,0.20022619
s_016um_00340_00398-1,0.6692116
s_016um_00357_00089-1,0.104844645
s_016um_00161_00286-1,0.69861007
s_016um_00137_00078-1,0.003373906
s_016um_00123_00145-1,0.0616325
s_016um_00161_00294-1,0.05156526
s_016um_00040_00049-1,0.1445872
s_016um_00389_00297-1,-0.0036539733
s_016um_00066_00230-1,0.03483376
s_016um_00103_00073-1,0.08897127
s_016um_00013_00297-1,-0.0133244395
s_016um_00043_00238-1,0.025055304
s_016um_00056_00242-1,0.09450619
s_016um_00270_00328-1,0.19177677
s_016um_00359_00410-1,0.7164243
s_016um_00171_00377-1,0.04919891
s_016um_00395_00362-1,0.54663795
s_016um_00147_00055-1,0.18028653
s_016um_00232_00261-1,0.029893145
s_016um_00228_00234-1,-0.0050243884
s_016um_00415_00139-1,0.0999504
s_016um_00378_00140-1,-0.017656803
s_016um_00038_00178-1,0.019882977
s_016um_00329_00210-1,0.12333828
s_016um_00038_00175-1,0.11405669
s_016um_00230_00263-1,0.02162522
s_016um_00091_00274-1,0.036711037
s_016um_00405_00402-1,3.4648223
s_016um_00259_00033-1,0.19994046
s_016um_00237_00359-1,0.054465853
s_016um_00394_00219-1,-0.099658564
s_016um_00079_00271-1,-0.031525254
s_016um_00396_00182-1,0.1439261
s_016um_00230_00268-1,0.06308753
s_016um_00009_00154-1,0.07611509
s_016um_00376_00133-1,0.12986872
s_016um_00325_00168-1,0.15620299
s_016um_00137_00018-1,0.09698089
s_016um_00259_00190-1,0.03993173
s_016um_00368_00140-1,0.11225222
s_016um_00141_00014-1,0.16490762
s_016um_00126_00384-1,0.07414653
s_016um_00032_00335-1,0.040324524
s_016um_00273_00225-1,0.05266183
s_016um_00348_00025-1,0.197504
s_016um_00080_00031-1,0.19711444
s_016um_00132_00232-1,0.010231167
s_016um_00222_00029-1,0.08466385
s_016um_00165_00127-1,0.25505233
s_016um_00393_00216-1,0.1245085
s_016um_00217_00227-1,-0.004178643
s_016um_00242_00088-1,0.11317334
s_016um_00080_00194-1,0.43086863
s_016um_00010_00206-1,0.091682926
s_016um_00200_00145-1,0.1824302
s_016um_00331_00210-1,0.08749108
s_016um_00068_00133-1,0.28707802
s_016um_00054_00246-1,0.37219942
s_016um_00248_00086-1,0.15251958
s_016um_00073_00251-1,0.2128262
s_016um_00007_00155-1,0.06691596
s_016um_00143_00014-1,0.28293115
s_016um_00013_00268-1,0.3156326
s_016um_00225_00248-1,0.01253286
s_016um_00382_00135-1,0.008765444
s_016um_00332_00258-1,0.1846661
s_016um_00406_00400-1,2.9163396
s_016um_00054_00247-1,0.4506746
s_016um_00164_00121-1,0.15865776
s_016um_00036_00172-1,0.085049294
s_016um_00168_00121-1,0.08358142
s_016um_00394_00368-1,0.0914003
s_016um_00361_00413-1,1.4134053
s_016um_00190_00128-1,0.35742056
s_016um_00392_00358-1,1.1029954
s_016um_00234_00089-1,0.29210174
s_016um_00325_00298-1,0.20643845
s_016um_00059_00245-1,0.22135404
s_016um_00386_00131-1,0.10547848
s_016um_00279_00203-1,0.02535452
s_016um_00132_00089-1,0.2606865
s_016um_00416_00139-1,0.087604016
s_016um_00041_00008-1,0.10964242
s_016um_00267_00329-1,-0.044991106
s_016um_00322_00229-1,0.070121735
s_016um_00226_00243-1,-0.123922065
s_016um_00082_00036-1,0.1358803
s_016um_00278_00134-1,0.029126212
s_016um_00090_00337-1,0.05100639
s_016um_00240_00183-1,0.028340802
s_016um_00081_00279-1,0.01315245
s_016um_00129_00320-1,0.38336307
s_016um_00390_00293-1,0.07866298
s_016um_00356_00293-1,0.07875738
s_016um_00278_00051-1,0.347707
s_016um_00224_00172-1,0.2571646
s_016um_00007_00153-1,0.056012854
s_016um_00318_00166-1,0.5426191
s_016um_00261_00030-1,0.23921856
s_016um_00339_00396-1,1.044867
s_016um_00142_00014-1,0.39686304
s_016um_00395_00212-1,-0.110143885
s_016um_00352_00022-1,0.3223951
s_016um_00168_00123-1,0.09009284
s_016um_00260_00034-1,0.13751075
s_016um_00397_00214-1,0.049353793
s_016um_00328_00226-1,0.08086636
s_016um_00098_00069-1,0.29038084
s_016um_00276_00051-1,0.3087458
s_016um_00379_00139-1,0.092418045
s_016um_00086_00195-1,0.30752212
s_016um_00356_00092-1,0.52191216
s_016um_00332_00124-1,0.097237706
s_016um_00355_00117-1,0.042271063
s_016um_00202_00153-1,0.15118012
s_016um_00400_00213-1,0.035607204
s_016um_00357_00093-1,0.49538672
s_016um_00373_00123-1,0.13370678
s_016um_00358_00413-1,0.79249513
s_016um_00068_00231-1,-0.009862408
s_016um_00064_00237-1,0.16893604
s_016um_00030_00333-1,-0.07147713
s_016um_00136_00073-1,0.022444323
s_016um_00277_00206-1,0.013355732
s_016um_00322_00171-1,0.09139253
s_016um_00396_00373-1,0.3014578
s_016um_00209_00028-1,-0.011871085
s_016um_00129_00319-1,1.1225916
s_016um_00084_00279-1,0.0114619285
s_016um_00397_00261-1,0.08208162
s_016um_00238_00088-1,0.3958205
s_016um_00164_00122-1,0.34219146
s_016um_00219_00276-1,0.23270208
s_016um_00095_00321-1,0.14143276
s_016um_00147_00396-1,0.19550627
s_016um_00385_00298-1,0.27902013
s_016um_00068_00126-1,-0.031940103
s_016um_00213_00028-1,0.3006106
s_016um_00275_00133-1,0.24598712
s_016um_00091_00334-1,-0.04081197
s_016um_00315_00056-1,-0.059971035
s_016um_00272_00032-1,0.3592009
s_016um_00272_00050-1,0.46450138
s_016um_00210_00290-1,0.21545023
s_016um_00406_00120-1,0.013248846
s_016um_00387_00293-1,0.026063547
s_016um_00390_00299-1,0.6530809
s_016um_00222_00226-1,0.13950732
s_016um_00278_00044-1,0.20781529
s_016um_00201_00149-1,0.011290401
s_016um_00038_00044-1,0.11627498
s_016um_00322_00225-1,0.028794259
s_016um_00042_00208-1,0.1959632
s_016um_00096_00335-1,-0.07292426
s_016um_00029_00088-1,0.03955722
s_016um_00165_00290-1,0.04104455
s_016um_00222_00013-1,0.27485937
s_016um_00403_00153-1,0.16079623
s_016um_00139_00220-1,0.1423277
s_016um_00086_00031-1,0.07959534
s_016um_00329_00217-1,0.082333624
s_016um_00078_00282-1,0.23184127
s_016um_00086_00032-1,0.0775074
s_016um_00029_00086-1,0.072097026
s_016um_00140_00071-1,0.028157502
s_016um_00269_00329-1,0.119566575
s_016um_00253_00024-1,0.18435645
s_016um_00327_00300-1,-0.080740735
s_016um_00169_00127-1,0.19543068
s_016um_00191_00092-1,0.12845653
s_016um_00271_00222-1,0.0010535419
s_016um_00220_00010-1,0.42302394
s_016um_00214_00279-1,-0.024656847
s_016um_00355_00018-1,0.0978961
s_016um_00236_00190-1,0.10616452
s_016um_00126_00390-1,0.07169717
s_016um_00410_00147-1,0.054173328
s_016um_00277_00312-1,-0.053153053
s_016um_00074_00244-1,0.122946806
s_016um_00396_00218-1,0.1973036
s_016um_00034_00101-1,0.21267568
s_016um_00408_00103-1,0.11330592
s_016um_00354_00412-1,0.5495818
s_016um_00013_00208-1,0.0065062195
s_016um_00042_00212-1,0.35291782
s_016um_00162_00286-1,0.36369783
s_016um_00192_00091-1,0.021698356
s_016um_00224_00234-1,-0.018963873
s_016um_00267_00332-1,0.17088982
s_016um_00232_00265-1,0.0048063844
s_016um_00080_00286-1,0.079933345
s_016um_00030_00092-1,0.18471456
s_016um_00255_00033-1,0.22429064
s_016um_00396_00369-1,0.28364593
s_016um_00012_00213-1,0.12835461
s_016um_00200_00147-1,0.007099867
s_016um_00047_00244-1,-0.028739542
s_016um_00040_00217-1,0.13336961
s_016um_00373_00140-1,0.25963533
s_016um_00270_00223-1,0.05399567
s_016um_00089_00066-1,0.110692695
s_016um_00358_00115-1,0.30787748
s_016um_00274_00226-1,0.046303436
s_016um_00174_00375-1,0.039842784
s_016um_00228_00248-1,0.012321845
s_016um_00207_00150-1,0.06500125
s_016um_00094_00343-1,0.03447117
s_016um_00224_00171-1,0.16923562
s_016um_00388_00345-1,0.15309799
s_016um_00133_00228-1,0.11187897
s_016um_00103_00383-1,0.26892173
s_016um_00030_00084-1,0.1191255
s_016um_00122_00146-1,0.054162167
s_016um_00067_00230-1,0.06923941
s_016um_00227_00335-1,0.1477663
s_016um_00135_00221-1,0.05465027
s_016um_00098_00066-1,0.047519922
s_016um_00321_00229-1,0.037912697
s_016um_00267_00229-1,-0.04320182
s_016um_00357_00417-1,1.0159972
s_016um_00249_00025-1,0.7255594
s_016um_00080_00293-1,-0.032003194
s_016um_00356_00019-1,0.34399804
s_016um_00413_00141-1,0.052321166
s_016um_00359_00121-1,0.118119135
s_016um_00386_00296-1,-0.01525259
s_016um_00106_00316-1,0.019821897
s_016um_00320_00165-1,0.15060551
s_016um_00043_00043-1,0.023570374
s_016um_00278_00328-1,0.039203033
s_016um_00129_00382-1,-0.061341316
s_016um_00086_00030-1,0.05368551
s_016um_00368_00227-1,-0.0019139498
s_016um_00031_00088-1,0.02604048
s_016um_00140_00222-1,0.08346128
s_016um_00219_00028-1,0.04952766
s_016um_00418_00143-1,0.124749295
s_016um_00392_00292-1,0.0019105524
s_016um_00010_00153-1,-0.03946936
s_016um_00080_00199-1,0.3025257
s_016um_00165_00129-1,0.11747418
s_016um_00326_00227-1,0.064354815
s_016um_00370_00223-1,0.09886636
s_016um_00228_00264-1,0.10595456
s_016um_00273_00313-1,0.0049312264
s_016um_00331_00253-1,-0.0067073405
s_016um_00081_00032-1,0.08967102
s_016um_00260_00130-1,0.1400371
s_016um_00091_00341-1,0.07311687
s_016um_00140_00070-1,0.16327643
s_016um_00090_00268-1,-0.017683327
s_016um_00227_00243-1,0.014032349
s_016um_00219_00170-1,0.20715384
s_016um_00323_00227-1,-0.081239715
s_016um_00100_00073-1,0.012263879
s_016um_00152_00398-1,0.16867618
s_016um_00281_00326-1,0.08894992
s_016um_00063_00234-1,0.7077799
s_016um_00234_00361-1,0.037539646
s_016um_00401_00124-1,0.2783063
s_016um_00327_00224-1,0.06387439
s_016um_00266_00128-1,0.24024743
s_016um_00105_00071-1,0.16272184
s_016um_00028_00086-1,0.032502115
s_016um_00138_00077-1,-0.0131037235
s_016um_00008_00300-1,0.040372968
s_016um_00150_00396-1,0.3434177
s_016um_00311_00060-1,0.2519744
s_016um_00410_00151-1,0.2265535
s_016um_00337_00400-1,0.86787564
s_016um_00042_00049-1,-0.017038167
s_016um_00374_00119-1,0.3483356
s_016um_00326_00119-1,0.16094081
s_016um_00264_00334-1,0.017363712
s_016um_00418_00142-1,0.16462356
s_016um_00152_00397-1,0.06328961
s_016um_00201_00152-1,0.3827802
s_016um_00231_00267-1,-0.007718131
s_016um_00100_00070-1,0.16272955
s_016um_00330_00125-1,0.06391221
s_016um_00327_00121-1,-0.031154007
s_016um_00358_00096-1,0.21768266
s_016um_00216_00291-1,0.40227926
s_016um_00326_00164-1,0.048374042
s_016um_00145_00015-1,0.23816206
s_016um_00280_00131-1,0.14055756
s_016um_00076_00250-1,0.08271736
s_016um_00390_00363-1,0.6793738
s_016um_00043_00244-1,0.05284965
s_016um_00226_00331-1,0.03623469
s_016um_00088_00033-1,0.11240548
s_016um_00041_00239-1,0.102686174
s_016um_00012_00151-1,0.18009979
s_016um_00140_00059-1,0.09093088
s_016um_00324_00229-1,0.12055063
s_016um_00147_00060-1,0.12109479
s_016um_00335_00213-1,0.0028536916
s_016um_00252_00023-1,0.08678521
s_016um_00041_00098-1,0.22519097
s_016um_00214_00280-1,0.082780086
s_016um_00108_00315-1,0.22442098
s_016um_00262_00329-1,-0.048700392
s_016um_00248_00088-1,0.29309934
s_016um_00398_00262-1,0.13061102
s_016um_00224_00030-1,0.17175856
s_016um_00221_00280-1,0.14735302
s_016um_00096_00323-1,0.136058
s_016um_00192_00121-1,0.29864112
s_016um_00409_00148-1,0.0036220402
s_016um_00058_00245-1,0.055012867
s_016um_00005_00294-1,0.056805044
s_016um_00283_00093-1,0.14547627
s_016um_00417_00144-1,0.43006563
s_016um_00242_00084-1,0.31066775
s_016um_00279_00138-1,0.15479048
s_016um_00134_00071-1,0.06804391
s_016um_00037_00048-1,0.0756691
s_016um_00234_00363-1,0.4994557
s_016um_00275_00228-1,0.060879394
s_016um_00219_00027-1,0.23082326
s_016um_00354_00021-1,0.44358033
s_016um_00233_00357-1,0.10985903
s_016um_00256_00186-1,0.04488264
s_016um_00322_00167-1,0.0894878
s_016um_00232_00267-1,0.04640925
s_016um_00322_00228-1,-0.0032869875
s_016um_00166_00289-1,0.09474691
s_016um_00148_00394-1,0.12686308
s_016um_00036_00175-1,0.077596664
s_016um_00126_00387-1,0.22387066
s_016um_00065_00125-1,0.15272833
s_016um_00263_00127-1,0.00056904554
s_016um_00403_00125-1,0.019787699
s_016um_00180_00028-1,0.23488753
s_016um_00080_00200-1,0.38603616
s_016um_00411_00103-1,0.071697995
s_016um_00280_00206-1,0.030773178
s_016um_00011_00150-1,0.009770319
s_016um_00397_00178-1,0.2852332
s_016um_00117_00143-1,0.41859883
s_016um_00343_00219-1,0.9363081
s_016um_00362_00224-1,0.11954418
s_016um_00060_00244-1,0.0485844
s_016um_00106_00314-1,-0.041136846
s_016um_00333_00215-1,-0.03851232
s_016um_00085_00068-1,0.10767259
s_016um_00259_00188-1,0.19982612
s_016um_00377_00132-1,0.056571446
s_016um_00371_00124-1,0.05564063
s_016um_00233_00355-1,0.02526179
s_016um_00080_00297-1,0.084368125
s_016um_00079_00238-1,0.10525506
s_016um_00254_00024-1,-0.0026360154
s_016um_00216_00013-1,0.42392692
s_016um_00221_00331-1,0.20207444
s_016um_00367_00140-1,0.058527634
s_016um_00027_00331-1,0.20701191
s_016um_00225_00336-1,0.14328712
s_016um_00398_00359-1,0.28579178
s_016um_00405_00399-1,2.4665763
s_016um_00135_00223-1,0.5419647
s_016um_00070_00236-1,-0.01635246
s_016um_00352_00094-1,0.13161388
s_016um_00097_00023-1,-0.0699922
s_016um_00062_00126-1,0.095391326
s_016um_00365_00227-1,0.0037585944
s_016um_00375_00117-1,0.27534115
s_016um_00143_00055-1,-0.12294547
s_016um_00151_00396-1,0.13485646
s_016um_00389_00361-1,0.85359913
s_016um_00159_00292-1,-0.04497996
s_016um_00397_00263-1,0.2276482
s_016um_00130_00226-1,0.041730613
s_016um_00073_00246-1,0.35034636
s_016um_00371_00094-1,-0.018222272
s_016um_00249_00022-1,0.532617
s_016um_00267_00225-1,0.10101904
s_016um_00225_00235-1,-0.05191599
s_016um_00268_00035-1,0.21498437
s_016um_00216_00296-1,0.20363893
s_016um_00329_00121-1,0.09944108
s_016um_00163_00288-1,0.9318496
s_016um_00321_00225-1,0.04426472
s_016um_00219_00279-1,-0.0019382387
s_016um_00240_00182-1,0.042943463
s_016um_00218_00171-1,0.38677973
s_016um_00273_00335-1,0.23388235
s_016um_00172_00370-1,0.20828247
s_016um_00215_00293-1,0.09371633
s_016um_00092_00316-1,0.09296274
s_016um_00225_00029-1,0.13893804
s_016um_00346_00216-1,0.12470369
s_016um_00271_00223-1,0.05770579
s_016um_00378_00138-1,0.031558275
s_016um_00278_00137-1,0.035785288
s_016um_00417_00134-1,-0.09070067
s_016um_00210_00032-1,0.1686745
s_016um_00398_00184-1,-0.0041625947
s_016um_00368_00225-1,0.10300983
s_016um_00261_00184-1,0.22347865
s_016um_00080_00264-1,0.009752512
s_016um_00224_00028-1,0.0089907795
s_016um_00331_00119-1,-0.044766486
s_016um_00398_00368-1,0.23677728
s_016um_00374_00122-1,0.03118281
s_016um_00327_00302-1,0.26439285
s_016um_00129_00317-1,0.5798347
s_016um_00164_00290-1,0.13759531
s_016um_00038_00042-1,0.033987373
s_016um_00355_00418-1,1.934599
s_016um_00132_00092-1,0.35199925
s_016um_00232_00266-1,0.09556123
s_016um_00010_00296-1,0.0961231
s_016um_00221_00233-1,-0.051051304
s_016um_00214_00292-1,0.019933939
s_016um_00220_00283-1,0.11138263
s_016um_00222_00167-1,0.18593019
s_016um_00344_00212-1,0.22070533
s_016um_00084_00028-1,0.14884572
s_016um_00166_00375-1,0.06388598
s_016um_00194_00098-1,0.08124125
s_016um_00082_00271-1,0.084250264
s_016um_00122_00143-1,0.5962364
s_016um_00224_00329-1,0.028622419
s_016um_00401_00262-1,0.1743539
s_016um_00015_00267-1,0.044924885
s_016um_00090_00267-1,0.08909902
s_016um_00040_00206-1,-0.033461407
s_016um_00097_00030-1,0.17888746
s_016um_00064_00130-1,0.040169567
s_016um_00272_00203-1,0.03702955
s_016um_00139_00072-1,-0.008895665
s_016um_00409_00153-1,0.2563507
s_016um_00039_00177-1,0.0693705
s_016um_00232_00088-1,0.17542657
s_016um_00230_00357-1,0.08091978
s_016um_00414_00104-1,0.051662616
s_016um_00049_00244-1,0.17149934
s_016um_00248_00020-1,0.069121584
s_016um_00358_00286-1,0.032667518
s_016um_00382_00134-1,0.39500254
s_016um_00416_00136-1,0.28274444
s_016um_00096_00337-1,0.14281334
s_016um_00289_00093-1,0.20085642
s_016um_00100_00316-1,0.38803387
s_016um_00105_00391-1,0.09422268
s_016um_00026_00092-1,0.08108962
s_016um_00037_00178-1,0.31789643
s_016um_00405_00121-1,0.12573463
s_016um_00403_00128-1,0.24736977
s_016um_00384_00125-1,0.06080681
s_016um_00153_00400-1,0.08547807
s_016um_00225_00335-1,-0.044036746
s_016um_00121_00149-1,0.16647959
s_016um_00330_00211-1,0.08949276
s_016um_00257_00029-1,0.5302713
s_016um_00262_00129-1,0.24648988
s_016um_00081_00282-1,0.033647567
s_016um_00323_00302-1,0.08054539
s_016um_00408_00151-1,0.14857394
s_016um_00031_00334-1,0.10190544
s_016um_00029_00330-1,-0.023287445
s_016um_00356_00414-1,1.4600965
s_016um_00399_00216-1,0.08651015
s_016um_00328_00125-1,-0.019778356
s_016um_00167_00120-1,0.03550014
s_016um_00321_00169-1,0.06416298
s_016um_00261_00332-1,0.02746296
s_016um_00217_00275-1,0.05124332
s_016um_00384_00136-1,0.095467605
s_016um_00100_00386-1,0.18046416
s_016um_00110_00319-1,0.46821743
s_016um_00056_00248-1,0.07001926
s_016um_00397_00260-1,0.076342516
s_016um_00117_00148-1,0.38724977
s_016um_00107_00313-1,-0.021356255
s_016um_00251_00022-1,0.06729595
s_016um_00278_00208-1,0.020164967
s_016um_00411_00102-1,0.008497477
s_016um_00042_00048-1,0.16700715
s_016um_00171_00372-1,0.14210701
s_016um_00217_00170-1,0.376373
s_016um_00080_00279-1,0.07987102
s_016um_00030_00086-1,-0.028891534
s_016um_00193_00129-1,0.09090339
s_016um_00385_00130-1,0.15075445
s_016um_00403_00146-1,0.044014126
s_016um_00342_00216-1,0.29171646
s_016um_00354_00411-1,1.5485566
s_016um_00257_00033-1,0.1893664
s_016um_00389_00300-1,0.34823364
s_016um_00400_00259-1,0.13198537
s_016um_00253_00033-1,0.19242923
s_016um_00221_00332-1,-0.121653214
s_016um_00094_00273-1,0.08283877
s_016um_00291_00097-1,0.12448211
s_016um_00136_00074-1,0.078765884
s_016um_00085_00029-1,0.22106358
s_016um_00332_00123-1,0.05766824
s_016um_00394_00180-1,0.050095394
s_016um_00367_00230-1,0.19560708
s_016um_00401_00400-1,2.6478276
s_016um_00139_00073-1,0.06699564
s_016um_00274_00319-1,0.016542986
s_016um_00220_00234-1,0.10978955
s_016um_00369_00124-1,0.019527704
s_016um_00222_00024-1,0.9008639
s_016um_00387_00291-1,0.1018664
s_016um_00142_00017-1,0.17211321
s_016um_00142_00217-1,0.9875952
s_016um_00339_00403-1,0.41298437
s_016um_00021_00267-1,0.10249239
s_016um_00092_00275-1,-0.06986666
s_016um_00347_00215-1,0.037686333
s_016um_00139_00215-1,0.537107
s_016um_00092_00334-1,-0.09165247
s_016um_00082_00285-1,0.018679708
s_016um_00183_00030-1,0.15729244
s_016um_00262_00189-1,0.18841071
s_016um_00330_00212-1,0.30911806
s_016um_00397_00177-1,0.2667048
s_016um_00030_00085-1,0.024589375
s_016um_00409_00100-1,0.2115954
s_016um_00360_00288-1,0.05647435
s_016um_00016_00268-1,0.17243853
s_016um_00079_00247-1,0.19802955
s_016um_00191_00129-1,0.32004035
s_016um_00131_00091-1,0.22652295
s_016um_00133_00091-1,0.24596763
s_016um_00216_00030-1,0.123036854
s_016um_00268_00060-1,0.123888
s_016um_00063_00232-1,0.39517018
s_016um_00238_00085-1,0.4136748
s_016um_00331_00217-1,0.14201358
s_016um_00277_00310-1,0.10973024
s_016um_00405_00128-1,0.34409806
s_016um_00228_00335-1,-0.10251279
s_016um_00278_00131-1,0.9525302
s_016um_00196_00124-1,0.14827634
s_016um_00359_00418-1,1.4523687
s_016um_00273_00331-1,0.2083503
s_016um_00218_00025-1,0.06565279
s_016um_00408_00099-1,0.115586996
s_016um_00278_00135-1,0.17462115
s_016um_00409_00098-1,0.13235763
s_016um_00396_00366-1,0.1845195
s_016um_00238_00086-1,0.2468313
s_016um_00371_00139-1,0.14439967
s_016um_00375_00145-1,0.120607585
s_016um_00368_00093-1,0.061293438
s_016um_00397_00211-1,0.029851258
s_016um_00354_00288-1,0.45202821
s_016um_00334_00400-1,0.3549384
s_016um_00219_00225-1,0.07803434
s_016um_00210_00029-1,0.16183123
s_016um_00190_00098-1,0.06751807
s_016um_00219_00278-1,0.06319901
s_016um_00226_00334-1,-0.010677338
s_016um_00217_00025-1,0.16228901
s_016um_00088_00073-1,0.015616879
s_016um_00199_00150-1,0.17216592
s_016um_00149_00400-1,-0.0792094
s_016um_00310_00052-1,0.47148174
s_016um_00042_00177-1,0.1608414
s_016um_00209_00292-1,0.070191175
s_016um_00320_00230-1,-0.028670266
s_016um_00272_00334-1,-0.001843825
s_016um_00031_00085-1,0.034224406
s_016um_00084_00037-1,0.20406808
s_016um_00219_00029-1,0.043511778
s_016um_00079_00281-1,0.28542474
s_016um_00215_00276-1,0.35990942
s_016um_00212_00029-1,0.44503462
s_016um_00041_00211-1,0.16777413
s_016um_00166_00373-1,0.34251708
s_016um_00265_00060-1,0.27622598
s_016um_00027_00089-1,-0.09081687
s_016um_00170_00128-1,0.034589335
s_016um_00042_00173-1,0.019935042
s_016um_00210_00289-1,0.12483065
s_016um_00218_00019-1,0.20405626
s_016um_00376_00135-1,0.12520108
s_016um_00397_00359-1,0.21953042
s_016um_00014_00265-1,0.07127972
s_016um_00079_00246-1,-0.06412268
s_016um_00117_00149-1,0.21543059
s_016um_00222_00231-1,0.18033496
s_016um_00262_00185-1,0.7434955
s_016um_00368_00101-1,0.025117248
s_016um_00361_00288-1,-0.09260024
s_016um_00238_00084-1,0.3598358
s_016um_00077_00282-1,-0.07109374
s_016um_00227_00331-1,0.015273213
s_016um_00077_00247-1,0.062656485
s_016um_00064_00233-1,0.46008897
s_016um_00021_00270-1,0.2819489
s_016um_00081_00196-1,0.9109947
s_016um_00370_00094-1,0.161098
s_016um_00330_00218-1,0.0057237
s_016um_00348_00021-1,0.15875846
s_016um_00387_00130-1,0.06785496
s_016um_00046_00218-1,0.13201338
s_016um_00326_00165-1,-0.010457277
s_016um_00194_00124-1,0.17012876
s_016um_00372_00101-1,0.10809436
s_016um_00353_00117-1,0.085237354
s_016um_00373_00125-1,0.24008763
s_016um_00393_00345-1,1.0854802
s_016um_00135_00077-1,0.06368578
s_016um_00148_00400-1,0.0149116665
s_016um_00273_00329-1,0.70606273
s_016um_00279_00209-1,0.15285647
s_016um_00185_00032-1,0.010516211
s_016um_00275_00131-1,0.080557086
s_016um_00080_00030-1,0.13038933
s_016um_00362_00417-1,1.6570703
s_016um_00289_00098-1,0.10221757
s_016um_00327_00229-1,0.047712788
s_016um_00183_00031-1,0.11679054
s_016um_00387_00299-1,0.095337674
s_016um_00193_00122-1,0.6606003
s_016um_00009_00293-1,0.007765591
s_016um_00184_00030-1,0.1617188
s_016um_00101_00385-1,0.26639196
s_016um_00133_00229-1,0.010797322
s_016um_00132_00318-1,0.6948734
s_016um_00321_00298-1,0.097363666
s_016um_00381_00129-1,0.11492613
s_016um_00094_00339-1,-0.0012813658
s_016um_00220_00016-1,0.117800556
s_016um_00326_00125-1,-0.15577309
s_016um_00358_00094-1,0.024718672
s_016um_00203_00148-1,0.099140026
s_016um_00263_00128-1,0.19701806
s_016um_00354_00417-1,2.1125774
s_016um_00045_00045-1,0.09396827
s_016um_00367_00121-1,-0.15174167
s_016um_00402_00259-1,0.10114442
s_016um_00401_00128-1,0.14528641
s_016um_00129_00316-1,0.38628617
s_016um_00330_00120-1,0.036538407
s_016um_00357_00096-1,-0.013743624
s_016um_00393_00367-1,0.16881937
s_016um_00218_00278-1,0.23501733
s_016um_00046_00240-1,0.015831351
s_016um_00390_00297-1,0.24612235
s_016um_00253_00027-1,-0.027477667
s_016um_00280_00135-1,0.020062223
s_016um_00400_00258-1,0.13764285
s_016um_00094_00278-1,0.13930443
s_016um_00389_00337-1,0.12799117
s_016um_00355_00286-1,0.024209455
s_016um_00334_00214-1,0.121686935
s_016um_00037_00100-1,0.6406532
s_016um_00045_00243-1,0.23800653
s_016um_00259_00032-1,0.24225338
s_016um_00244_00082-1,0.17320128
s_016um_00334_00397-1,0.2788505
s_016um_00399_00370-1,0.3062743
s_016um_00218_00029-1,0.060332634
s_016um_00167_00125-1,0.37240112
s_016um_00219_00032-1,-0.08327682
s_016um_00011_00213-1,0.15159167
s_016um_00235_00263-1,0.090792805
s_016um_00237_00183-1,-0.020678386
s_016um_00412_00105-1,0.20237246
s_016um_00279_00137-1,0.08951331
s_016um_00014_00213-1,0.11506629
s_016um_00391_00346-1,1.2471918
s_016um_00389_00344-1,0.32528728
s_016um_00258_00032-1,0.34211534
s_016um_00085_00273-1,0.098577105
s_016um_00329_00118-1,0.0947386
s_016um_00042_00239-1,0.2530396
s_016um_00091_00339-1,-0.016530603
s_016um_00332_00256-1,0.05800531
s_016um_00136_00228-1,0.05644781
s_016um_00285_00094-1,0.1937933
s_016um_00125_00390-1,0.15362535
s_016um_00226_00245-1,0.052572995
s_016um_00146_00016-1,0.1333729
s_016um_00406_00149-1,0.04111372
s_016um_00180_00025-1,0.14082141
s_016um_00009_00208-1,0.5046746
s_016um_00091_00340-1,0.169349
s_016um_00326_00120-1,0.29502183
s_016um_00019_00264-1,-0.061580285
s_016um_00395_00182-1,-0.011041388
s_016um_00277_00205-1,0.07641604
s_016um_00403_00147-1,0.20509131
s_016um_00181_00032-1,0.33718055
s_016um_00082_00268-1,0.027936965
s_016um_00177_00031-1,0.07439711
s_016um_00005_00154-1,0.18464713
s_016um_00397_00220-1,0.6202037
s_016um_00321_00163-1,0.15315995
s_016um_00357_00413-1,1.3806026
s_016um_00369_00146-1,0.024156258
s_016um_00038_00206-1,0.08768185
s_016um_00269_00223-1,-0.030009761
s_016um_00313_00058-1,0.026328072
s_016um_00377_00134-1,0.011475012
s_016um_00042_00218-1,0.1607872
s_016um_00139_00223-1,0.22219923
s_016um_00015_00270-1,0.16338746
s_016um_00401_00402-1,3.0782664
s_016um_00381_00128-1,-0.036321983
s_016um_00263_00129-1,0.1109526
s_016um_00099_00030-1,0.124117956
s_016um_00413_00103-1,0.10278153
s_016um_00011_00211-1,0.031072274
s_016um_00262_00184-1,0.45474696
s_016um_00118_00149-1,0.1292533
s_016um_00006_00213-1,0.21183261
s_016um_00033_00010-1,0.03419338
s_016um_00237_00087-1,0.47599483
s_016um_00113_00317-1,-0.0002772361
s_016um_00242_00184-1,0.18491308
s_016um_00102_00026-1,0.35188577
s_016um_00390_00361-1,1.0298846
s_016um_00281_00325-1,-0.068074346
s_016um_00281_00321-1,0.45395947
s_016um_00398_00365-1,0.09089156
s_016um_00235_00360-1,0.02615498
s_016um_00353_00414-1,1.5786837
s_016um_00088_00069-1,0.053869054
s_016um_00136_00218-1,0.018070936
s_016um_00075_00295-1,0.12548
s_016um_00231_00360-1,0.14016464
s_016um_00406_00153-1,-0.06475204
s_016um_00228_00330-1,-0.08412434
s_016um_00368_00095-1,-0.029759675
s_016um_00397_00184-1,0.3156702
s_016um_00353_00022-1,0.19021848
s_016um_00182_00031-1,0.056281
s_016um_00132_00323-1,0.18042897
s_016um_00317_00166-1,0.9261376
s_016um_00226_00234-1,0.07375196
s_016um_00263_00131-1,0.21936339
s_016um_00254_00021-1,0.15749612
s_016um_00083_00284-1,0.10201724
s_016um_00103_00390-1,0.11769875
s_016um_00266_00055-1,0.3566355
s_016um_00142_00060-1,0.22302175
s_016um_00403_00124-1,0.14241755
s_016um_00076_00299-1,0.0044225007
s_016um_00398_00180-1,-0.046466097
s_016um_00011_00301-1,0.080818616
s_016um_00035_00009-1,0.20399675
s_016um_00324_00228-1,0.04228799
s_016um_00270_00226-1,-0.08459364
s_016um_00363_00230-1,0.010366797
s_016um_00026_00085-1,0.057575077
s_016um_00356_00289-1,0.12203569
s_016um_00270_00228-1,0.050231636
s_016um_00396_00360-1,0.90431327
s_016um_00277_00048-1,0.27262896
s_016um_00218_00233-1,-0.016872898
s_016um_00280_00319-1,-0.027961
s_016um_00087_00028-1,0.07826112
s_016um_00042_00207-1,0.13498615
s_016um_00078_00235-1,0.20292608
s_016um_00169_00376-1,0.17404343
s_016um_00256_00034-1,0.13689093
s_016um_00082_00266-1,0.017227322
s_016um_00355_00121-1,0.18581359
s_016um_00223_00248-1,-0.003980398
s_016um_00179_00028-1,0.10093975
s_016um_00075_00296-1,0.054806106
s_016um_00261_00188-1,0.09898927
s_016um_00311_00059-1,0.1055554
s_016um_00119_00145-1,0.23778495
s_016um_00083_00029-1,0.3995316
s_016um_00030_00089-1,0.4779967
s_016um_00083_00069-1,0.023089066
s_016um_00291_00095-1,0.15187186
s_016um_00355_00414-1,1.3123456
s_016um_00163_00290-1,0.13654962
s_016um_00229_00261-1,0.008960381
s_016um_00031_00089-1,0.10003693
s_016um_00235_00358-1,0.07516171
s_016um_00273_00223-1,-0.054171413
s_016um_00223_00250-1,0.045813203
s_016um_00030_00332-1,-0.0024316013
s_016um_00403_00396-1,2.4435732
s_016um_00255_00024-1,0.107995495
s_016um_00389_00295-1,0.11733283
s_016um_00238_00360-1,0.011545286
s_016um_00403_00122-1,0.0913521
s_016um_00401_00120-1,-0.0791852
s_016um_00058_00242-1,0.05612263
s_016um_00359_00091-1,-0.0050394833
s_016um_00043_00218-1,0.029195145
s_016um_00039_00045-1,0.1770872
s_016um_00137_00217-1,0.09140492
s_016um_00078_00297-1,0.015046835
s_016um_00337_00403-1,0.2394386
s_016um_00323_00301-1,-0.006975502
s_016um_00274_00311-1,-0.044542983
s_016um_00274_00133-1,0.18638302
s_016um_00224_00228-1,0.08748392
s_016um_00025_00086-1,-0.0035367012
s_016um_00119_00144-1,1.0241418
s_016um_00223_00231-1,0.09101608
s_016um_00085_00284-1,0.017718911
s_016um_00197_00128-1,-0.042310774
s_016um_00352_00025-1,-0.045660242
s_016um_00067_00239-1,0.54760164
s_016um_00211_00030-1,0.18159124
s_016um_00355_00122-1,0.06125374
s_016um_00030_00337-1,0.037690163
s_016um_00078_00281-1,0.22921683
s_016um_00085_00265-1,0.0961069
s_016um_00046_00216-1,0.22901316
s_016um_00222_00025-1,0.4181112
s_016um_00038_00103-1,0.067039
s_016um_00403_00123-1,0.29269204
s_016um_00227_00334-1,-0.015923455
s_016um_00012_00153-1,-0.02672048
s_016um_00405_00398-1,2.5906134
s_016um_00084_00032-1,-0.027827352
s_016um_00101_00028-1,0.46306282
s_016um_00393_00337-1,0.16089404
s_016um_00147_00401-1,0.14872396
s_016um_00102_00029-1,0.027818039
s_016um_00150_00402-1,0.2729415
s_016um_00082_00033-1,-0.012228936
s_016um_00081_00200-1,0.090208426
s_016um_00148_00397-1,0.2758059
s_016um_00277_00139-1,-0.11649488
s_016um_00356_00021-1,0.36374286
s_016um_00040_00043-1,-0.029057577
s_016um_00195_00093-1,0.37700373
s_016um_00275_00328-1,0.7633307
s_016um_00082_00293-1,-0.082679644
s_016um_00042_00216-1,0.17791538
s_016um_00209_00029-1,-0.00078588724
s_016um_00039_00203-1,0.09188244
s_016um_00414_00141-1,0.43017977
s_016um_00347_00212-1,0.006085068
s_016um_00045_00209-1,0.12777893
s_016um_00093_00334-1,0.07742224
s_016um_00275_00130-1,0.21031317
s_016um_00220_00026-1,0.010790661
s_016um_00273_00035-1,0.24254107
s_016um_00407_00395-1,1.5545768
s_016um_00359_00291-1,0.1626936
s_016um_00167_00376-1,0.123615704
s_016um_00260_00134-1,0.06259123
s_016um_00078_00237-1,0.33357087
s_016um_00392_00357-1,1.7994169
s_016um_00128_00384-1,0.08591171
s_016um_00087_00029-1,0.062455125
s_016um_00374_00140-1,-0.008991852
s_016um_00243_00087-1,0.13300812
s_016um_00082_00264-1,-0.024807721
s_016um_00271_00228-1,-0.027876735
s_016um_00036_00006-1,0.02054742
s_016um_00079_00282-1,0.095187955
s_016um_00045_00219-1,0.050225258
s_016um_00157_00292-1,0.054556146
s_016um_00135_00219-1,0.12358934
s_016um_00268_00226-1,0.11403689
s_016um_00036_00005-1,0.06600967
s_016um_00057_00247-1,0.12816188
s_016um_00131_00231-1,0.0037715137
s_016um_00207_00148-1,-0.09878828
s_016um_00342_00220-1,0.5708528
s_016um_00266_00062-1,0.10703536
s_016um_00219_00171-1,0.023448259
s_016um_00267_00134-1,0.06999597
s_016um_00136_00072-1,0.06956923
s_016um_00366_00143-1,-0.02580893
s_016um_00404_00121-1,0.12847331
s_016um_00230_00248-1,-0.047561362
s_016um_00400_00367-1,0.104076385
s_016um_00248_00024-1,0.26044962
s_016um_00401_00122-1,0.1377674
s_016um_00224_00331-1,-0.061093837
s_016um_00025_00091-1,0.11844359
s_016um_00237_00089-1,0.4242426
s_016um_00066_00127-1,0.049342617
s_016um_00140_00054-1,0.12594661
s_016um_00077_00298-1,0.14619228
s_016um_00214_00035-1,0.26436478
s_016um_00395_00341-1,0.22185469
s_016um_00321_00165-1,0.0036162883
s_016um_00010_00294-1,0.09682843
s_016um_00172_00125-1,0.43966085
s_016um_00148_00399-1,0.14125463
s_016um_00100_00028-1,0.263162
s_016um_00329_00119-1,0.24210519
s_016um_00040_00044-1,0.06010703
s_016um_00353_00120-1,0.020352617
s_016um_00077_00294-1,0.18671232
s_016um_00122_00151-1,0.0052286536
s_016um_00128_00093-1,0.15138818
s_016um_00130_00383-1,0.06424668
s_016um_00273_00316-1,0.70945734
s_016um_00388_00128-1,0.22603899
s_016um_00324_00297-1,0.2983755
s_016um_00148_00058-1,0.09046904
s_016um_00060_00245-1,0.1845787
s_016um_00250_00023-1,0.18300954
s_016um_00275_00207-1,0.18055052
s_016um_00212_00032-1,0.40453643
s_016um_00224_00247-1,0.045225784
s_016um_00036_00105-1,0.5861776
s_016um_00376_00123-1,0.075775884
s_016um_00269_00029-1,0.1361428
s_016um_00394_00340-1,0.11374963
s_016um_00396_00365-1,0.41450793
s_016um_00139_00070-1,0.20138691
s_016um_00352_00018-1,0.18539682
s_016um_00032_00329-1,0.08360015
s_016um_00263_00330-1,0.014307246
s_016um_00228_00329-1,-0.0030319095
s_016um_00364_00095-1,0.07189278
s_016um_00180_00026-1,0.007728666
s_016um_00189_00122-1,0.21069004
s_016um_00134_00076-1,0.098167196
s_016um_00325_00121-1,0.069737904
s_016um_00093_00027-1,0.031105578
s_016um_00216_00033-1,0.26168072
s_016um_00079_00297-1,0.10361549
s_016um_00239_00184-1,0.052562006
s_016um_00323_00164-1,0.019771934
s_016um_00410_00097-1,0.09614981
s_016um_00102_00390-1,0.136767
s_016um_00281_00316-1,-0.02855149
s_016um_00393_00342-1,0.14732751
s_016um_00122_00147-1,-0.09331642
s_016um_00397_00257-1,0.13537987
s_016um_00357_00412-1,1.211794
s_016um_00222_00232-1,0.20601425
s_016um_00285_00096-1,0.21076593
s_016um_00273_00045-1,0.4187745
s_016um_00022_00265-1,0.047305435
s_016um_00369_00122-1,0.35081697
s_016um_00044_00212-1,0.1147711
s_016um_00086_00273-1,-0.0063100457
s_016um_00137_00318-1,0.45040894
s_016um_00400_00219-1,0.0012130886
s_016um_00092_00268-1,0.0013591498
s_016um_00042_00244-1,0.07185511
s_016um_00227_00237-1,0.05171951
s_016um_00178_00026-1,0.104925014
s_016um_00398_00212-1,0.31433463
s_016um_00273_00229-1,-0.009381041
s_016um_00328_00305-1,0.09303906
s_016um_00044_00172-1,0.2618139
s_016um_00064_00133-1,0.09533969
s_016um_00067_00130-1,0.10752532
s_016um_00356_00095-1,0.007585034
s_016um_00407_00098-1,0.097077124
s_016um_00230_00247-1,0.23466313
s_016um_00368_00226-1,0.10665017
s_016um_00361_00286-1,-0.014963716
s_016um_00073_00245-1,0.08720106
s_016um_00286_00100-1,0.26045275
s_016um_00321_00167-1,0.13783857
s_016um_00092_00339-1,0.26951241
s_016um_00406_00148-1,0.07003091
s_016um_00223_00167-1,0.39705247
s_016um_00324_00122-1,0.18293488
s_016um_00365_00222-1,0.041711822
s_016um_00340_00213-1,0.19091001
s_016um_00367_00228-1,0.17760056
s_016um_00259_00186-1,0.10858389
s_016um_00219_00168-1,-0.014106378
s_016um_00152_00402-1,0.19021103
s_016um_00018_00264-1,0.060931444
s_016um_00414_00105-1,0.0067583174
s_016um_00105_00068-1,0.27246803
s_016um_00041_00240-1,0.14285457
s_016um_00055_00242-1,0.035339773
s_016um_00047_00207-1,0.09376857
s_016um_00371_00123-1,0.10947696
s_016um_00407_00399-1,3.1512601
s_016um_00080_00285-1,-0.086249426
s_016um_00277_00322-1,0.16714996
s_016um_00037_00177-1,0.09846861
s_016um_00335_00403-1,0.4054556
s_016um_00225_00237-1,0.014840022
s_016um_00325_00300-1,0.21882075
s_016um_00008_00212-1,0.21612546
s_016um_00358_00417-1,1.4916189
s_016um_00259_00192-1,0.225512
s_016um_00036_00178-1,0.3124054
s_016um_00215_00011-1,0.13726571
s_016um_00365_00225-1,0.114460506
s_016um_00028_00090-1,0.27954906
s_016um_00083_00198-1,0.13446003
s_016um_00090_00270-1,-0.056568176
s_016um_00038_00049-1,0.1955563
s_016um_00397_00217-1,0.10590547
s_016um_00012_00294-1,0.046123087
s_016um_00084_00071-1,0.29686832
s_016um_00017_00264-1,-0.033334553
s_016um_00105_00388-1,0.055719256
s_016um_00127_00385-1,0.6638545
s_016um_00169_00128-1,0.24140373
s_016um_00207_00151-1,0.17987925
s_016um_00228_00236-1,-0.06420444
s_016um_00239_00191-1,0.02471155
s_016um_00151_00402-1,0.020321518
s_016um_00408_00150-1,0.3306044
s_016um_00190_00125-1,0.14633588
s_016um_00353_00122-1,0.19419254
s_016um_00398_00179-1,0.03010647
s_016um_00356_00089-1,0.09560347
s_016um_00090_00336-1,0.13863015
s_016um_00079_00197-1,0.2765345
s_016um_00314_00055-1,0.19600478
s_016um_00270_00060-1,0.3285916
s_016um_00201_00151-1,0.2737775
s_016um_00097_00068-1,0.1824879
s_016um_00235_00088-1,0.17264031
s_016um_00134_00073-1,0.6333835
s_016um_00045_00203-1,0.034579843
s_016um_00087_00273-1,-0.014971584
s_016um_00336_00396-1,0.19731009
s_016um_00336_00404-1,0.67774016
s_016um_00272_00046-1,0.09822884
s_016um_00279_00205-1,0.07032184
s_016um_00253_00029-1,0.13068451
s_016um_00133_00074-1,-0.020464376
s_016um_00281_00329-1,-0.04219976
s_016um_00348_00024-1,-0.036587387
s_016um_00039_00208-1,0.12737656
s_016um_00006_00208-1,-0.012501672
s_016um_00041_00243-1,0.25790817
s_016um_00227_00327-1,-0.0065230876
s_016um_00400_00368-1,0.18063538
s_016um_00383_00134-1,0.3014481
s_016um_00109_00387-1,0.274928
s_016um_00134_00226-1,0.06970239
s_016um_00389_00130-1,0.06575481
s_016um_00272_00227-1,0.104415774
s_016um_00218_00282-1,0.0015125126
s_016um_00369_00143-1,0.04583238
s_016um_00212_00292-1,0.19775197
s_016um_00194_00127-1,0.34905547
s_016um_00220_00281-1,0.10394925
s_016um_00054_00248-1,0.57868665
s_016um_00195_00097-1,0.07676683
s_016um_00220_00279-1,0.12257462
s_016um_00087_00198-1,0.07267475
s_016um_00264_00189-1,0.18617049
s_016um_00060_00250-1,0.034813896
s_016um_00133_00233-1,0.094066195
s_016um_00230_00359-1,0.08653681
s_016um_00079_00285-1,0.053715847
s_016um_00395_00216-1,0.07790928
s_016um_00214_00031-1,0.4278767
s_016um_00005_00156-1,0.08890458
s_016um_00392_00294-1,0.034676358
s_016um_00354_00287-1,0.20025465
s_016um_00279_00201-1,0.09620163
s_016um_00045_00217-1,-0.055991367
s_016um_00226_00239-1,0.05345828
s_016um_00366_00094-1,0.050491065
s_016um_00274_00329-1,0.63281745
s_016um_00413_00138-1,0.22865707
s_016um_00373_00124-1,0.105068035
s_016um_00275_00223-1,0.12522008
s_016um_00128_00090-1,0.4248864
s_016um_00036_00009-1,0.42085105
s_016um_00274_00131-1,0.0057626516
s_016um_00131_00388-1,-0.058074713
s_016um_00230_00331-1,0.48470068
s_016um_00097_00341-1,-0.09050752
s_016um_00079_00250-1,0.20090047
s_016um_00320_00302-1,-0.07027461
s_016um_00015_00268-1,0.20796694
s_016um_00084_00269-1,0.17787863
s_016um_00275_00327-1,0.26573813
s_016um_00265_00329-1,0.10557586
s_016um_00046_00242-1,0.43899286
s_016um_00088_00270-1,-0.00549677
s_016um_00263_00185-1,0.79354167
s_016um_00037_00097-1,0.041943505
s_016um_00076_00297-1,-0.036069676
s_016um_00068_00235-1,0.27271736
s_016um_00309_00058-1,0.3346812
s_016um_00219_00031-1,0.0655629
s_016um_00261_00028-1,0.14098084
s_016um_00370_00122-1,0.2645101
s_016um_00227_00239-1,0.13223015
s_016um_00369_00102-1,0.45365936
s_016um_00145_00014-1,0.021688923
s_016um_00354_00020-1,0.42918628
s_016um_00211_00032-1,0.4899109
s_016um_00089_00268-1,0.11218302
s_016um_00386_00297-1,-0.033604488
s_016um_00081_00237-1,0.29774326
s_016um_00262_00058-1,0.2916966
s_016um_00123_00147-1,0.16500965
s_016um_00239_00086-1,0.11655792
s_016um_00080_00284-1,-0.068314955
s_016um_00220_00011-1,0.20192365
s_016um_00033_00085-1,0.07675526
s_016um_00267_00029-1,0.482274
s_016um_00080_00278-1,0.04543388
s_016um_00404_00122-1,0.07125626
s_016um_00220_00029-1,0.06938852
s_016um_00223_00335-1,0.012412176
s_016um_00235_00267-1,0.06847825
s_016um_00091_00268-1,-0.028545931
s_016um_00033_00007-1,-0.053742245
s_016um_00010_00151-1,0.033270642
s_016um_00184_00026-1,0.23968308
s_016um_00067_00127-1,0.18616048
s_016um_00090_00271-1,0.10875563
s_016um_00029_00085-1,0.14486392
s_016um_00022_00271-1,0.30082634
s_016um_00262_00334-1,0.11547504
s_016um_00358_00118-1,0.11680293
s_016um_00243_00086-1,0.15581375
s_016um_00325_00299-1,0.47561145
s_016um_00031_00092-1,0.13285993
s_016um_00229_00243-1,-0.021493807
s_016um_00355_00113-1,0.03492804
s_016um_00369_00230-1,0.13856046
s_016um_00394_00356-1,1.0341538
s_016um_00074_00247-1,-0.008988544
s_016um_00079_00269-1,-0.006423354
s_016um_00278_00313-1,-0.030208722
s_016um_00080_00299-1,0.0054379404
s_016um_00394_00345-1,0.86348504
s_016um_00141_00219-1,0.05556432
s_016um_00312_00053-1,0.17208792
s_016um_00266_00130-1,0.60467666
s_016um_00096_00271-1,-0.062153697
s_016um_00089_00073-1,0.38397747
s_016um_00040_00102-1,0.11383439
s_016um_00169_00375-1,0.08537947
s_016um_00408_00397-1,3.0071375
s_016um_00034_00334-1,0.19469482
s_016um_00342_00399-1,0.5660788
s_016um_00231_00361-1,0.015587822
s_016um_00142_00019-1,0.4132213
s_016um_00354_00091-1,0.0156068355
s_016um_00157_00291-1,0.09660209
s_016um_00357_00091-1,-0.06344512
s_016um_00321_00168-1,0.3479091
s_016um_00191_00122-1,0.25618425
s_016um_00137_00215-1,0.58518857
s_016um_00403_00127-1,0.24011415
s_016um_00258_00190-1,0.032016218
s_016um_00054_00245-1,0.030980065
s_016um_00351_00026-1,0.022032648
s_016um_00347_00213-1,0.088938214
s_016um_00086_00068-1,-0.027419105
s_016um_00351_00094-1,0.084640734
s_016um_00212_00033-1,0.21661632
s_016um_00103_00387-1,0.112425275
s_016um_00263_00186-1,0.7850347
s_016um_00354_00119-1,0.021680161
s_016um_00231_00359-1,0.07023495
s_016um_00020_00269-1,0.17795731
s_016um_00271_00034-1,0.16868907
s_016um_00339_00398-1,0.4218949
s_016um_00275_00205-1,0.047669694
s_016um_00361_00418-1,1.1670815
s_016um_00221_00231-1,0.22908758
s_016um_00045_00212-1,0.11662422
s_016um_00048_00218-1,0.44905806
s_016um_00248_00021-1,0.4013992
s_016um_00190_00094-1,0.1488134
s_016um_00402_00258-1,0.096186034
s_016um_00060_00247-1,0.12651908
s_016um_00402_00403-1,3.6026578
s_016um_00196_00128-1,0.0705315
s_016um_00106_00315-1,0.14874755
s_016um_00149_00397-1,-0.024728537
s_016um_00226_00242-1,0.081421144
s_016um_00075_00294-1,0.17138574
s_016um_00352_00023-1,0.07715054
s_016um_00326_00167-1,0.23526718
s_016um_00223_00328-1,-0.050081953
s_016um_00274_00228-1,0.26381585
s_016um_00192_00126-1,0.4290402
s_016um_00393_00295-1,0.1486577
s_016um_00225_00250-1,0.02964066
s_016um_00381_00138-1,0.10931612
s_016um_00225_00026-1,0.65164226
s_016um_00402_00369-1,0.6536065
s_016um_00106_00318-1,0.2263161
s_016um_00220_00276-1,0.11212003
s_016um_00407_00146-1,-0.08332388
s_016um_00382_00137-1,0.040263087
s_016um_00329_00122-1,0.31962848
s_016um_00152_00395-1,0.035827607
s_016um_00387_00341-1,0.13585609
s_016um_00327_00215-1,0.027230248
s_016um_00273_00031-1,0.36067653
s_016um_00272_00049-1,0.1822856
s_016um_00100_00387-1,0.1718317
s_016um_00083_00293-1,0.1257001
s_016um_00407_00148-1,-0.01601842
s_016um_00263_00133-1,0.105370976
s_016um_00165_00123-1,0.15802357
s_016um_00086_00283-1,0.08297561
s_016um_00407_00403-1,2.754669
s_016um_00368_00102-1,0.049150035
s_016um_00066_00125-1,-0.0066977143
s_016um_00141_00062-1,-0.006809935
s_016um_00040_00040-1,0.169942
s_016um_00267_00129-1,0.34492153
s_016um_00215_00290-1,0.16556571
s_016um_00227_00236-1,0.03925921
s_016um_00157_00289-1,0.14407581
s_016um_00210_00297-1,0.06973951
s_016um_00207_00147-1,0.08755831
s_016um_00142_00021-1,0.47516388
s_016um_00196_00097-1,0.20630603
s_016um_00330_00122-1,0.36030594
s_016um_00034_00330-1,-0.05940327
s_016um_00397_00182-1,0.07570875
s_016um_00081_00264-1,0.016047329
s_016um_00240_00083-1,0.16572556
s_016um_00127_00382-1,0.07771418
s_016um_00322_00304-1,0.07631015
s_016um_00185_00027-1,0.47915226
s_016um_00062_00133-1,0.054936655
s_016um_00236_00360-1,-0.004527241
s_016um_00265_00331-1,0.012366325
s_016um_00044_00173-1,0.3733009
s_016um_00027_00336-1,0.05206258
s_016um_00019_00268-1,-3.4287572e-05
s_016um_00034_00003-1,-0.061340466
s_016um_00029_00084-1,0.14260304
s_016um_00061_00249-1,-0.082916304
s_016um_00033_00335-1,0.10139604
s_016um_00007_00295-1,-0.015767649
s_016um_00418_00140-1,0.15841508
s_016um_00355_00412-1,0.8409059
s_016um_00042_00211-1,0.035501346
s_016um_00130_00089-1,0.34362411
s_016um_00104_00385-1,0.23476957
s_016um_00401_00121-1,0.0565025
s_016um_00417_00139-1,0.08791398
s_016um_00132_00094-1,0.07688549
s_016um_00269_00333-1,0.040093854
s_016um_00194_00122-1,0.36961865
s_016um_00279_00048-1,0.08343351
s_016um_00217_00032-1,0.057986535
s_016um_00211_00027-1,0.08709938
s_016um_00326_00169-1,0.21214312
s_016um_00096_00339-1,-0.07045606
s_016um_00010_00211-1,0.06422788
s_016um_00321_00228-1,0.07132684
s_016um_00312_00060-1,0.39618397
s_016um_00092_00338-1,0.15986416
s_016um_00134_00074-1,-0.054515764
s_016um_00327_00217-1,0.008152768
s_016um_00164_00288-1,0.6753748
s_016um_00046_00237-1,0.05801204
s_016um_00083_00031-1,0.25914565
s_016um_00335_00258-1,0.22194688
s_016um_00388_00129-1,0.14100674
s_016um_00181_00024-1,0.13150954
s_016um_00390_00345-1,0.35761428
s_016um_00322_00298-1,0.15885614
s_016um_00219_00235-1,0.29094854
s_016um_00372_00142-1,0.6703162
s_016um_00372_00117-1,0.024501503
s_016um_00231_00261-1,-0.028377503
s_016um_00360_00294-1,0.0043855757
s_016um_00390_00337-1,-0.044476643
s_016um_00045_00237-1,0.14753526
s_016um_00259_00185-1,0.71397984
s_016um_00395_00372-1,0.21071683
s_016um_00267_00062-1,0.085419774
s_016um_00151_00399-1,0.14514044
s_016um_00153_00397-1,0.07384734
s_016um_00270_00335-1,0.26544476
s_016um_00324_00166-1,0.05567751
s_016um_00224_00236-1,0.027692318
s_016um_00399_00361-1,0.4103781
s_016um_00354_00023-1,0.44947594
s_016um_00279_00329-1,0.035758927
s_016um_00221_00170-1,0.18009813
s_016um_00233_00362-1,0.068693206
s_016um_00222_00239-1,0.069412194
s_016um_00189_00091-1,0.0576536
s_016um_00078_00299-1,0.046501473
s_016um_00007_00301-1,0.11214159
s_016um_00268_00330-1,0.07913637
s_016um_00289_00095-1,0.42580715
s_016um_00281_00136-1,0.14283207
s_016um_00410_00103-1,0.2032682
s_016um_00278_00326-1,0.08390461
s_016um_00137_00076-1,0.16623887
s_016um_00041_00215-1,0.95824116
s_016um_00193_00097-1,0.116695955
s_016um_00095_00336-1,0.060177952
s_016um_00095_00317-1,-0.0065234005
s_016um_00244_00084-1,0.40565205
s_016um_00393_00183-1,0.1569272
s_016um_00224_00170-1,0.07229169
s_016um_00341_00220-1,-0.0650361
s_016um_00036_00008-1,0.19593349
s_016um_00128_00385-1,0.1485667
s_016um_00224_00232-1,0.15790978
s_016um_00129_00232-1,0.060655296
s_016um_00138_00021-1,0.10490033
s_016um_00410_00104-1,0.21594863
s_016um_00122_00148-1,0.12176366
s_016um_00082_00282-1,0.04063359
s_016um_00094_00027-1,-0.0011842102
s_016um_00235_00359-1,0.14534879
s_016um_00325_00126-1,0.24831288
s_016um_00277_00138-1,0.08164608
s_016um_00171_00375-1,0.11092586
s_016um_00199_00151-1,0.39145914
s_016um_00356_00122-1,0.31250632
s_016um_00192_00096-1,0.15078788
s_016um_00404_00150-1,0.06897014
s_016um_00266_00134-1,0.22752164
s_016um_00224_00245-1,0.034282506
s_016um_00347_00219-1,0.11383752
s_016um_00380_00131-1,0.07637822
s_016um_00091_00275-1,0.0005915612
s_016um_00217_00010-1,0.090495475
s_016um_00220_00014-1,0.265552
s_016um_00336_00402-1,0.3233764
s_016um_00352_00026-1,0.25913587
s_016um_00085_00195-1,0.49355215
s_016um_00399_00372-1,0.3042183
s_016um_00129_00226-1,0.03180346
s_016um_00394_00295-1,0.015318289
s_016um_00054_00243-1,0.3650822
s_016um_00117_00146-1,0.19477914
s_016um_00275_00324-1,0.061158255
s_016um_00326_00230-1,-0.0010535419
s_016um_00335_00398-1,0.48860484
s_016um_00371_00138-1,0.10366227
s_016um_00194_00094-1,0.16144958
s_016um_00037_00174-1,0.20597386
s_016um_00257_00187-1,0.14423293
s_016um_00096_00272-1,0.034471378
s_016um_00104_00383-1,0.14539607
s_016um_00400_00124-1,0.3521123
s_016um_00139_00222-1,0.059165634
s_016um_00273_00131-1,0.05239921
s_016um_00220_00032-1,0.10322384
s_016um_00079_00239-1,0.0971865
s_016um_00360_00416-1,1.5140252
s_016um_00011_00153-1,0.16132276
s_016um_00322_00163-1,0.26037624
s_016um_00042_00242-1,0.8136234
s_016um_00413_00105-1,0.033659384
s_016um_00220_00224-1,0.048524827
s_016um_00369_00101-1,0.25846702
s_016um_00061_00246-1,-0.059560478
s_016um_00043_00208-1,-0.11150102
s_016um_00048_00214-1,-0.008072928
s_016um_00179_00030-1,0.016987503
s_016um_00193_00092-1,0.058949873
s_016um_00398_00370-1,0.2548999
s_016um_00406_00397-1,2.7743955
s_016um_00043_00215-1,0.07944154
s_016um_00408_00105-1,0.20707735
s_016um_00358_00411-1,0.6547447
s_016um_00246_00083-1,0.13592416
s_016um_00080_00033-1,0.22721817
s_016um_00395_00366-1,0.18441571
s_016um_00363_00224-1,0.13590682
s_016um_00225_00170-1,0.14447822
s_016um_00241_00089-1,0.0067924857
s_016um_00028_00085-1,0.16901338
s_016um_00194_00128-1,0.16059847
s_016um_00228_00245-1,0.012436584
s_016um_00413_00101-1,0.39838856
s_016um_00393_00179-1,0.08236211
s_016um_00217_00231-1,0.016845047
s_016um_00262_00337-1,0.023653343
s_016um_00369_00142-1,0.09522154
s_016um_00233_00358-1,0.34770384
s_016um_00115_00146-1,0.49961692
s_016um_00039_00172-1,0.03270872
s_016um_00108_00390-1,0.121985346
s_016um_00270_00029-1,0.31021965
s_016um_00085_00200-1,0.09192219
s_016um_00370_00118-1,0.022805318
s_016um_00136_00222-1,1.0469892
s_016um_00089_00278-1,-0.045650378
s_016um_00214_00011-1,0.036778033
s_016um_00267_00331-1,0.023021579
s_016um_00088_00065-1,0.45178676
s_016um_00235_00189-1,0.065075964
s_016um_00236_00093-1,0.1841313
s_016um_00335_00404-1,0.6885545
s_016um_00192_00127-1,-0.015437901
s_016um_00358_00294-1,0.011188433
s_016um_00090_00276-1,-0.08081485
s_016um_00224_00226-1,0.2192671
s_016um_00147_00059-1,0.1665355
s_016um_00041_00041-1,0.14184664
s_016um_00116_00151-1,0.1599354
s_016um_00208_00291-1,0.05408392
s_016um_00097_00066-1,0.30193514
s_016um_00085_00032-1,0.01850988
s_016um_00364_00226-1,-0.028405443
s_016um_00104_00390-1,0.06435209
s_016um_00089_00272-1,-0.10710825
s_016um_00098_00070-1,-0.028569013
s_016um_00224_00235-1,-0.06872447
s_016um_00168_00128-1,0.14918296
s_016um_00223_00234-1,0.03229116
s_016um_00109_00321-1,0.8868523
s_016um_00067_00133-1,0.10187736
s_016um_00067_00234-1,0.13678193
s_016um_00222_00327-1,0.11251679
s_016um_00097_00070-1,0.35088933
s_016um_00366_00098-1,0.17033552
s_016um_00396_00181-1,-0.06409617
s_016um_00133_00073-1,0.050346076
s_016um_00094_00315-1,0.22362797
s_016um_00219_00282-1,0.14462997
s_016um_00059_00243-1,0.14462966
s_016um_00403_00119-1,0.1634217
s_016um_00321_00299-1,0.16887155
s_016um_00082_00243-1,-0.039452717
s_016um_00415_00135-1,0.13605091
s_016um_00255_00029-1,0.21388939
s_016um_00321_00162-1,0.4582671
s_016um_00137_00229-1,0.18039806
s_016um_00039_00044-1,0.038886487
s_016um_00247_00087-1,0.30618614
s_016um_00368_00139-1,0.016234145
s_016um_00283_00325-1,0.112334795
s_016um_00066_00237-1,0.34866688
s_016um_00325_00118-1,0.5534839
s_016um_00006_00299-1,-0.030623272
s_016um_00219_00024-1,-0.0270205
s_016um_00266_00054-1,0.33312052
s_016um_00262_00135-1,0.24085474
s_016um_00117_00144-1,0.8901797
s_016um_00128_00087-1,0.39791718
s_016um_00239_00085-1,0.2724073
s_016um_00015_00271-1,0.30469933
s_016um_00166_00125-1,0.082293004
s_016um_00334_00401-1,0.87350243
s_016um_00396_00215-1,0.06681068
s_016um_00404_00124-1,0.052173764
s_016um_00358_00290-1,0.056631774
s_016um_00338_00399-1,0.55142045
s_016um_00214_00015-1,0.0623336
s_016um_00035_00006-1,0.08862375
s_016um_00399_00219-1,-0.07309452
s_016um_00168_00374-1,0.3368426
s_016um_00344_00214-1,0.12717916
s_016um_00140_00060-1,0.0705575
s_016um_00231_00354-1,0.18357214
s_016um_00225_00246-1,0.53950197
s_016um_00216_00172-1,0.10472176
s_016um_00101_00026-1,0.26155642
s_016um_00146_00395-1,0.066641115
s_016um_00401_00401-1,2.849305
s_016um_00331_00250-1,0.060709186
s_016um_00395_00364-1,0.28086236
s_016um_00396_00256-1,0.21027872
s_016um_00242_00188-1,0.061716653
s_016um_00085_00266-1,-0.04242173
s_016um_00274_00204-1,0.18980718
s_016um_00307_00059-1,0.17621416
s_016um_00087_00270-1,0.076390855
s_016um_00345_00217-1,0.050272062
s_016um_00278_00207-1,0.093512
s_016um_00272_00223-1,0.20900455
s_016um_00397_00358-1,0.11803038
s_016um_00371_00097-1,0.07448281
s_016um_00083_00028-1,0.2751493
s_016um_00080_00269-1,0.07721327
s_016um_00231_00088-1,0.34328765
s_016um_00031_00086-1,0.10903767
s_016um_00107_00391-1,0.10583678
s_016um_00337_00397-1,0.3544675
s_016um_00170_00378-1,0.28595787
s_016um_00130_00225-1,0.010903403
s_016um_00259_00133-1,0.03528142
s_016um_00134_00231-1,0.18121015
s_016um_00082_00272-1,0.013885021
s_016um_00053_00246-1,0.15887567
s_016um_00353_00121-1,0.39264554
s_016um_00230_00262-1,-0.030273736
s_016um_00083_00034-1,0.38784552
s_016um_00275_00206-1,0.054953024
s_016um_00102_00073-1,0.26517832
s_016um_00007_00210-1,0.054338135
s_016um_00200_00149-1,0.30100638
s_016um_00399_00366-1,0.20915474
s_016um_00093_00340-1,0.12134953
s_016um_00281_00133-1,-0.019077718
s_016um_00041_00099-1,-0.006161526
s_016um_00388_00337-1,0.027985156
s_016um_00264_00057-1,0.2690521
s_016um_00352_00114-1,0.1119957
s_016um_00013_00298-1,-0.032038167
s_016um_00261_00333-1,-0.0062914044
s_016um_00265_00056-1,0.07424733
s_016um_00091_00272-1,0.017465368
s_016um_00166_00126-1,-0.015239492
s_016um_00388_00130-1,0.15473168
s_016um_00335_00254-1,0.2096139
s_016um_00395_00179-1,0.05848968
s_016um_00411_00096-1,0.28713328
s_016um_00219_00277-1,0.086471446
s_016um_00043_00206-1,0.19317676
s_016um_00128_00382-1,-0.10317211
s_016um_00139_00055-1,0.25380963
s_016um_00263_00056-1,0.26369077
s_016um_00222_00166-1,0.17779994
s_016um_00277_00208-1,-0.00092965364
s_016um_00159_00286-1,0.22831637
s_016um_00344_00220-1,0.6469414
s_016um_00331_00211-1,0.25610277
s_016um_00407_00151-1,0.07890202
s_016um_00136_00317-1,0.9681904
s_016um_00370_00121-1,0.007819548
s_016um_00402_00122-1,0.13197352
s_016um_00375_00136-1,0.08346848
s_016um_00284_00092-1,0.046097428
s_016um_00105_00389-1,-0.030888095
s_016um_00282_00323-1,0.054095954
s_016um_00212_00289-1,-0.04251799
s_016um_00076_00248-1,0.0651243
s_016um_00040_00208-1,0.17920876
s_016um_00084_00285-1,0.08819029
s_016um_00194_00096-1,0.15963575
s_016um_00361_00226-1,0.04679124
s_016um_00272_00230-1,0.08164699
s_016um_00217_00277-1,0.015146017
s_016um_00012_00296-1,-0.09370114
s_016um_00223_00327-1,0.09076027
s_016um_00224_00250-1,-0.07296085
s_016um_00277_00131-1,0.27965128
s_016um_00274_00315-1,0.5821147
s_016um_00218_00225-1,0.059535712
s_016um_00153_00399-1,0.040187
s_016um_00150_00401-1,0.11107593
s_016um_00413_00137-1,-0.008434832
s_016um_00274_00136-1,-0.030959785
s_016um_00322_00232-1,0.0018543303
s_016um_00084_00027-1,0.006543085
s_016um_00101_00024-1,0.087551154
s_016um_00218_00276-1,0.017843097
s_016um_00349_00024-1,0.057983354
s_016um_00272_00030-1,0.2419395
s_016um_00215_00018-1,0.25997686
s_016um_00258_00184-1,0.026911363
s_016um_00067_00126-1,0.052671656
s_016um_00386_00298-1,-0.015061393
s_016um_00217_00030-1,0.055852726
s_016um_00007_00209-1,0.28801408
s_016um_00095_00030-1,0.32385588
s_016um_00007_00294-1,-0.013358638
s_016um_00252_00027-1,0.07807324
s_016um_00276_00136-1,0.13243057
s_016um_00357_00418-1,1.7963839
s_016um_00092_00317-1,0.12735961
s_016um_00398_00261-1,0.10150858
s_016um_00335_00216-1,0.24607792
s_016um_00398_00372-1,0.39201224
s_016um_00210_00031-1,0.36871806
s_016um_00211_00033-1,0.14952464
s_016um_00382_00133-1,0.30415744
s_016um_00165_00124-1,0.13469014
s_016um_00321_00304-1,0.1330651
s_016um_00078_00239-1,-0.05245456
s_016um_00039_00049-1,0.21678814
s_016um_00100_00066-1,0.065373875
s_016um_00065_00230-1,0.07204793
s_016um_00079_00267-1,0.10690864
s_016um_00039_00104-1,0.10960651
s_016um_00358_00095-1,0.19150676
s_016um_00358_00093-1,0.14251055
s_016um_00042_00209-1,0.22689974
s_016um_00117_00150-1,0.18851599
s_016um_00265_00034-1,0.14945021
s_016um_00044_00177-1,0.11362366
s_016um_00341_00216-1,0.2946241
s_016um_00387_00339-1,0.09054765
s_016um_00146_00396-1,0.19409254
s_016um_00129_00087-1,0.3796147
s_016um_00368_00098-1,0.4471509
s_016um_00395_00177-1,0.13463628
s_016um_00274_00130-1,0.34321338
s_016um_00355_00019-1,0.12149882
s_016um_00367_00095-1,0.1456203
s_016um_00356_00116-1,0.40537345
s_016um_00126_00092-1,0.3639316
s_016um_00367_00143-1,0.091789775
s_016um_00097_00024-1,0.011882469
s_016um_00080_00271-1,0.014798254
s_016um_00088_00071-1,0.073751636
s_016um_00057_00249-1,0.09545653
s_016um_00039_00206-1,0.18743545
s_016um_00011_00207-1,0.2274167
s_016um_00267_00334-1,0.2716831
s_016um_00236_00186-1,0.16215499
s_016um_00139_00017-1,0.370081
s_016um_00020_00267-1,-0.027063295
s_016um_00092_00274-1,0.12829985
s_016um_00088_00035-1,0.09237636
s_016um_00411_00098-1,0.067671366
s_016um_00354_00413-1,1.0290684
s_016um_00239_00089-1,0.29221004
s_016um_00353_00094-1,0.31694692
s_016um_00177_00026-1,0.1008197
s_016um_00405_00403-1,2.5113623
s_016um_00386_00133-1,0.13635963
s_016um_00215_00010-1,0.3722338
s_016um_00326_00168-1,0.12930894
s_016um_00348_00217-1,0.13731402
s_016um_00043_00243-1,0.10077517
s_016um_00240_00086-1,0.3263243
s_016um_00138_00019-1,0.040778548
s_016um_00210_00291-1,0.2976144
s_016um_00275_00315-1,1.4938194
s_016um_00368_00103-1,0.24073681
s_016um_00391_00364-1,0.5127778
s_016um_00267_00053-1,0.15061222
s_016um_00354_00292-1,0.12915811
s_016um_00371_00118-1,0.09335364
s_016um_00081_00266-1,0.07797348
s_016um_00080_00244-1,0.118227676
s_016um_00323_00300-1,0.21172936
s_016um_00004_00155-1,-0.036108628
s_016um_00036_00010-1,0.40205383
s_016um_00275_00048-1,-0.022326812
s_016um_00265_00188-1,0.13842444
s_016um_00276_00316-1,0.5368462
s_016um_00328_00211-1,0.06393185
s_016um_00161_00284-1,0.4706453
s_016um_00080_00237-1,0.19166265
s_016um_00014_00210-1,0.29892647
s_016um_00033_00333-1,0.034133047
s_016um_00227_00231-1,0.14292283
s_016um_00039_00207-1,-0.056619883
s_016um_00243_00183-1,0.09729099
s_016um_00140_00075-1,0.21649365
s_016um_00367_00098-1,0.16544546
s_016um_00042_00203-1,0.08330725
s_016um_00014_00267-1,0.1775547
s_016um_00285_00098-1,0.13473739
s_016um_00269_00060-1,0.105181515
s_016um_00213_00280-1,-0.10099982
s_016um_00278_00318-1,0.22823524
s_016um_00375_00146-1,0.18588397
s_016um_00354_00293-1,0.14441365
s_016um_00038_00177-1,0.09836178
s_016um_00043_00044-1,0.26567528
s_016um_00160_00288-1,0.17569588
s_016um_00350_00026-1,0.10802849
s_016um_00328_00300-1,0.14311157
s_016um_00327_00166-1,0.17371981
s_016um_00273_00046-1,0.34437966
s_016um_00390_00362-1,0.3144278
s_016um_00263_00058-1,0.24399625
s_016um_00138_00073-1,0.14141653
s_016um_00022_00267-1,0.1859104
s_016um_00260_00135-1,0.063037254
s_016um_00404_00120-1,-0.04155487
s_016um_00039_00101-1,0.26382166
s_016um_00390_00339-1,0.09614253
s_016um_00363_00229-1,-0.07600482
s_016um_00216_00032-1,0.07471934
s_016um_00054_00244-1,0.20269527
s_016um_00034_00329-1,0.07648931
s_016um_00231_00356-1,0.51553756
s_016um_00193_00127-1,0.19763304
s_016um_00282_00315-1,-0.048014373
s_016um_00271_00060-1,0.11943586
s_016um_00082_00287-1,-0.014236718
s_016um_00158_00293-1,0.12978749
s_016um_00354_00415-1,1.489617
s_016um_00224_00240-1,0.03146802
s_016um_00276_00317-1,0.1601342
s_016um_00015_00266-1,0.1802684
s_016um_00340_00215-1,0.11142557
s_016um_00146_00058-1,0.143575
s_016um_00097_00316-1,0.21202141
s_016um_00271_00230-1,-0.023703545
s_016um_00085_00198-1,-0.020591691
s_016um_00235_00266-1,0.009783983
s_016um_00004_00153-1,0.26243854
s_016um_00242_00189-1,0.40571374
s_016um_00042_00219-1,0.02416864
s_016um_00415_00137-1,0.16272663
s_016um_00086_00034-1,0.011059344
s_016um_00226_00252-1,-0.022827715
s_016um_00139_00056-1,0.29900682
s_016um_00374_00125-1,0.035029247
s_016um_00417_00135-1,0.044018343
s_016um_00131_00230-1,0.101869084
s_016um_00169_00371-1,0.114803225
s_016um_00402_00152-1,0.33339345
s_016um_00276_00205-1,-0.048391536
s_016um_00040_00218-1,0.24720395
s_016um_00131_00089-1,0.037398458
s_016um_00231_00355-1,0.06969354
s_016um_00242_00182-1,0.0825954
s_016um_00406_00125-1,0.03340614
s_016um_00233_00090-1,0.49011922
s_016um_00099_00338-1,0.26783755
s_016um_00269_00056-1,0.65856266
s_016um_00225_00330-1,-0.09858684
s_016um_00251_00024-1,0.15331322
s_016um_00115_00150-1,0.23465243
s_016um_00339_00399-1,0.95544875
s_016um_00147_00056-1,0.21838064
s_016um_00160_00289-1,0.051282227
s_016um_00279_00321-1,-0.028067276
s_016um_00088_00264-1,0.00084909797
s_016um_00237_00264-1,0.11655524
s_016um_00040_00215-1,1.0359392
s_016um_00040_00175-1,0.4370203
s_016um_00362_00289-1,0.041468024
s_016um_00121_00146-1,0.1531026
s_016um_00387_00128-1,0.123828836
s_016um_00119_00146-1,0.108008854
s_016um_00042_00243-1,0.3076377
s_016um_00397_00179-1,0.25458336
s_016um_00037_00104-1,0.17485082
s_016um_00257_00192-1,0.15924487
s_016um_00246_00082-1,0.31866926
s_016um_00237_00182-1,0.07413597
s_016um_00090_00272-1,0.27334788
s_016um_00040_00046-1,0.054847322
s_016um_00235_00092-1,0.59718645
s_016um_00334_00398-1,0.27963927
s_016um_00399_00212-1,0.32474977
s_016um_00141_00017-1,0.15171102
s_016um_00070_00232-1,0.04308282
s_016um_00337_00256-1,0.055310227
s_016um_00130_00229-1,-0.027655035
s_016um_00206_00145-1,0.027956307
s_016um_00224_00230-1,0.26658255
s_016um_00141_00056-1,0.17337722
s_016um_00065_00133-1,0.056307174
s_016um_00142_00013-1,0.12975831
s_016um_00367_00102-1,0.036540598
s_016um_00140_00077-1,0.20252143
s_016um_00181_00029-1,0.09828346
s_016um_00281_00323-1,0.14833915
s_016um_00406_00151-1,0.15656918
s_016um_00390_00341-1,0.58740646
s_016um_00223_00030-1,0.4113403
s_016um_00083_00281-1,-0.0037753135
s_016um_00260_00032-1,0.5251251
s_016um_00098_00023-1,0.19342776
s_016um_00254_00020-1,0.9204871
s_016um_00310_00060-1,0.28198963
s_016um_00373_00118-1,0.3428017
s_016um_00278_00325-1,0.13818875
s_016um_00355_00089-1,0.26030824
s_016um_00270_00056-1,-0.034994543
s_016um_00098_00319-1,0.033730477
s_016um_00039_00097-1,0.055844888
s_016um_00236_00088-1,0.21661283
s_016um_00043_00041-1,0.04989046
s_016um_00233_00264-1,0.04030411
s_016um_00270_00033-1,0.18643695
s_016um_00171_00126-1,0.31776828
s_016um_00343_00220-1,0.917057
s_016um_00170_00127-1,0.18499017
s_016um_00175_00374-1,0.48278862
s_016um_00236_00184-1,0.065856025
s_016um_00135_00232-1,0.046551287
s_016um_00239_00090-1,0.3197676
s_016um_00089_00069-1,0.003543228
s_016um_00073_00247-1,0.065637544
s_016um_00287_00093-1,0.26278615
s_016um_00253_00020-1,0.23945436
s_016um_00274_00207-1,0.030724928
s_016um_00375_00142-1,0.025322169
s_016um_00356_00117-1,0.25945586
s_016um_00103_00385-1,0.3576131
s_016um_00046_00214-1,0.24856123
s_016um_00355_00090-1,0.2404016
s_016um_00391_00179-1,0.076357834
s_016um_00166_00122-1,0.2824452
s_016um_00361_00287-1,0.1901629
s_016um_00340_00396-1,0.8549531
s_016um_00372_00123-1,0.12113328
s_016um_00276_00130-1,0.2239574
s_016um_00057_00243-1,-0.012515694
s_016um_00080_00282-1,0.0727458
s_016um_00273_00230-1,0.008315802
s_016um_00309_00054-1,0.11908224
s_016um_00172_00371-1,0.24562657
s_016um_00196_00122-1,0.21102297
s_016um_00043_00171-1,0.02525714
s_016um_00341_00404-1,0.38327467
s_016um_00191_00125-1,0.13869682
s_016um_00084_00034-1,0.15304308
s_016um_00356_00094-1,0.05075623
s_016um_00282_00327-1,0.14027473
s_016um_00407_00396-1,2.4579577
s_016um_00325_00119-1,0.34750068
s_016um_00410_00098-1,-0.0154067725
s_016um_00387_00344-1,0.42746127
s_016um_00222_00330-1,0.0014655292
s_016um_00167_00128-1,0.09251121
s_016um_00400_00366-1,0.03254004
s_016um_00163_00285-1,0.14927185
s_016um_00265_00031-1,0.15765448
s_016um_00266_00029-1,0.32337815
s_016um_00338_00400-1,0.44199896
s_016um_00044_00245-1,0.04538387
s_016um_00080_00248-1,0.05836463
s_016um_00328_00228-1,-0.028908074
s_016um_00358_00291-1,0.04860626
s_016um_00076_00239-1,-0.02195321
s_016um_00122_00149-1,0.09651964
s_016um_00377_00135-1,0.07299278
s_016um_00331_00212-1,0.16613212
s_016um_00142_00015-1,0.054571003
s_016um_00099_00315-1,0.17404196
s_016um_00010_00158-1,0.13533863
s_016um_00268_00061-1,0.20196785
s_016um_00371_00148-1,0.28714108
s_016um_00220_00232-1,0.3704892
s_016um_00333_00254-1,0.29641777
s_016um_00366_00099-1,0.069061756
s_016um_00280_00311-1,0.3029123
s_016um_00216_00017-1,0.1471797
s_016um_00064_00232-1,0.4009775
s_016um_00260_00132-1,-0.0069132745
s_016um_00043_00242-1,1.3889259
s_016um_00361_00289-1,0.10800763
s_016um_00402_00256-1,0.03191991
s_016um_00100_00024-1,0.053279698
s_016um_00034_00104-1,0.026027039
s_016um_00184_00025-1,0.12325441
s_016um_00094_00026-1,0.15902399
s_016um_00223_00236-1,-0.051449925
s_016um_00400_00254-1,0.10048822
s_016um_00048_00240-1,0.04626766
s_016um_00046_00239-1,0.11063939
s_016um_00068_00237-1,0.12333478
s_016um_00147_00395-1,0.12447317
s_016um_00348_00219-1,-0.0050204843
s_016um_00229_00330-1,0.15120792
s_016um_00085_00281-1,-0.017517269
s_016um_00325_00163-1,0.06593125
s_016um_00020_00265-1,0.03938639
s_016um_00354_00093-1,0.20314024
s_016um_00226_00250-1,0.019227758
s_016um_00245_00082-1,0.15873696
s_016um_00271_00229-1,0.21186203
s_016um_00190_00090-1,0.11631351
s_016um_00374_00147-1,0.5449672
s_016um_00220_00168-1,0.1971611
s_016um_00103_00072-1,0.35243523
s_016um_00280_00050-1,0.30594724
s_016um_00307_00056-1,0.37359655
s_016um_00081_00284-1,-0.018108353
s_016um_00012_00208-1,0.11241333
s_016um_00068_00132-1,-0.00070627034
s_016um_00097_00318-1,-0.05906877
s_016um_00241_00086-1,0.2786646
s_016um_00336_00255-1,-0.016343579
s_016um_00289_00094-1,0.55823237
s_016um_00064_00129-1,0.03073676
s_016um_00264_00061-1,0.3940323
s_016um_00006_00158-1,0.27788496
s_016um_00086_00035-1,0.262777
s_016um_00144_00062-1,0.130898
s_016um_00038_00179-1,0.25765347
s_016um_00269_00028-1,0.13055529
s_016um_00136_00232-1,0.16231757
s_016um_00307_00054-1,0.17769326
s_016um_00027_00092-1,0.061886884
s_016um_00085_00031-1,-0.1021923
s_016um_00283_00096-1,0.25090528
s_016um_00056_00249-1,0.18119554
s_016um_00354_00092-1,0.27201015
s_016um_00128_00092-1,-0.003914088
s_016um_00408_00153-1,0.16461232
s_016um_00260_00190-1,0.08502605
s_016um_00228_00261-1,-0.025750235
s_016um_00329_00256-1,0.06222488
s_016um_00134_00315-1,1.2867268
s_016um_00278_00205-1,0.017074734
s_016um_00346_00214-1,0.035368934
s_016um_00073_00248-1,0.029071555
s_016um_00213_00034-1,0.15172853
s_016um_00220_00169-1,-0.08377303
s_016um_00144_00016-1,0.10255706
s_016um_00132_00225-1,-0.052251905
s_016um_00394_00370-1,0.13693452
s_016um_00217_00017-1,0.20871662
s_016um_00091_00337-1,0.32421732
s_016um_00088_00067-1,0.2358067
s_016um_00084_00070-1,0.20841686
s_016um_00229_00249-1,-0.00821957
s_016um_00242_00090-1,0.1268058
s_016um_00384_00134-1,0.18894753
s_016um_00114_00319-1,0.094229974
s_016um_00225_00027-1,0.25943512
s_016um_00172_00378-1,0.13453151
s_016um_00264_00190-1,0.07891626
s_016um_00035_00101-1,0.022830114
s_016um_00356_00417-1,1.5702466
s_016um_00212_00280-1,0.011315659
s_016um_00274_00209-1,0.003653258
s_016um_00107_00321-1,0.25285417
s_016um_00136_00320-1,1.1976922
s_016um_00123_00148-1,0.5289483
s_016um_00014_00208-1,0.021736637
s_016um_00068_00128-1,0.1268749
s_016um_00083_00294-1,0.039638236
s_016um_00319_00163-1,0.2291128
s_016um_00059_00247-1,0.13796102
s_016um_00037_00101-1,0.2896672
s_016um_00355_00417-1,1.0792204
s_016um_00086_00071-1,0.15636368
s_016um_00331_00126-1,-0.095495686
s_016um_00378_00135-1,0.095521055
s_016um_00404_00394-1,2.0174086
s_016um_00068_00238-1,0.16756733
s_016um_00335_00251-1,0.2072058
s_016um_00110_00315-1,0.36790216
s_016um_00043_00177-1,-0.058425426
s_016um_00325_00125-1,0.20033886
s_016um_00351_00092-1,0.39253825
s_016um_00255_00034-1,0.16129434
s_016um_00365_00229-1,0.04292324
s_016um_00042_00213-1,0.48004246
s_016um_00344_00211-1,0.060174264
s_016um_00373_00146-1,0.603089
s_016um_00041_00042-1,0.088745005
s_016um_00235_00262-1,0.0587606
s_016um_00273_00332-1,0.07964589
s_016um_00044_00214-1,0.039885566
s_016um_00206_00148-1,0.2196776
s_016um_00287_00097-1,0.49233818
s_016um_00118_00144-1,0.097788244
s_016um_00221_00283-1,-0.031534776
s_016um_00280_00326-1,-0.044683367
s_016um_00372_00139-1,0.59838873
s_016um_00387_00133-1,0.2315305
s_016um_00029_00335-1,-0.043909833
s_016um_00097_00320-1,0.07689133
s_016um_00263_00335-1,0.26562735
s_016um_00133_00314-1,1.2654073
s_016um_00358_00285-1,0.2231707
s_016um_00416_00138-1,0.08298297
s_016um_00348_00023-1,0.26093987
s_016um_00358_00418-1,2.0476344
s_016um_00225_00231-1,-0.02751705
s_016um_00366_00226-1,0.11059311
s_016um_00270_00062-1,0.18504176
s_016um_00219_00174-1,0.023471475
s_016um_00393_00341-1,0.18811451
s_016um_00363_00290-1,-0.036641136
s_016um_00070_00231-1,0.0087617785
s_016um_00228_00328-1,0.0152692795
s_016um_00213_00281-1,0.1044681
s_016um_00170_00372-1,0.18428326
s_016um_00089_00277-1,-0.030111209
s_016um_00080_00281-1,0.042248994
s_016um_00085_00071-1,0.28722075
s_016um_00237_00085-1,0.43323344
s_016um_00061_00131-1,0.06612886
s_016um_00089_00266-1,-0.058347836
s_016um_00136_00077-1,-0.018814802
s_016um_00338_00396-1,0.61255443
s_016um_00092_00266-1,-0.037255168
s_016um_00257_00184-1,0.26406628
s_016um_00218_00031-1,0.15131325
s_016um_00173_00373-1,-0.023590297
s_016um_00087_00069-1,0.051890314
s_016um_00213_00029-1,0.1507956
s_016um_00327_00303-1,0.58268464
s_016um_00344_00215-1,0.03423308
s_016um_00107_00388-1,0.07660288
s_016um_00126_00090-1,0.18837649
s_016um_00320_00301-1,0.0710006
s_016um_00267_00228-1,0.08516248
s_016um_00259_00028-1,0.35428798
s_016um_00009_00295-1,0.1442591
s_016um_00328_00254-1,0.19398995
s_016um_00038_00099-1,0.28428587
s_016um_00222_00237-1,0.08640141
s_016um_00328_00229-1,0.03572534
s_016um_00337_00401-1,0.5016223
s_016um_00369_00227-1,0.32727307
s_016um_00036_00044-1,0.0524071
s_016um_00275_00134-1,0.10637917
s_016um_00139_00061-1,-0.059858873
s_016um_00327_00231-1,-0.04355949
s_016um_00330_00255-1,0.13849875
s_016um_00326_00122-1,-0.12877648
s_016um_00048_00245-1,0.15259382
s_016um_00273_00205-1,0.054285027
s_016um_00322_00300-1,0.17668514
s_016um_00334_00251-1,0.20321113
s_016um_00133_00089-1,0.35238034
s_016um_00336_00214-1,0.15900248
s_016um_00006_00211-1,0.277519
s_016um_00081_00298-1,0.018191412
s_016um_00238_00356-1,-0.16436528
s_016um_00138_00218-1,0.38415092
s_016um_00218_00168-1,0.13841915
s_016um_00265_00338-1,0.2867462
s_016um_00271_00331-1,0.04209362
s_016um_00390_00294-1,-0.0032421947
s_016um_00039_00048-1,0.330068
s_016um_00352_00119-1,0.17205383
s_016um_00100_00322-1,-0.030475527
s_016um_00369_00098-1,0.16548501
s_016um_00067_00229-1,0.22721153
s_016um_00146_00017-1,-0.047984913
s_016um_00223_00173-1,0.45545226
s_016um_00098_00341-1,-0.034214646
s_016um_00402_00402-1,3.173849
s_016um_00241_00087-1,0.83223957
s_016um_00266_00331-1,-0.044486985
s_016um_00262_00332-1,0.033461288
s_016um_00372_00100-1,0.2936288
s_016um_00255_00028-1,0.3318799
s_016um_00209_00290-1,0.11706782
s_016um_00103_00070-1,0.2871808
s_016um_00363_00223-1,0.16431904
s_016um_00355_00415-1,2.0506477
s_016um_00033_00332-1,0.038189173
s_016um_00336_00401-1,0.28038007
s_016um_00083_00068-1,0.11741899
s_016um_00407_00153-1,0.124865584
s_016um_00346_00213-1,0.0373182
s_016um_00017_00269-1,0.12934893
s_016um_00387_00134-1,0.14552528
s_016um_00359_00412-1,0.9216341
s_016um_00249_00023-1,0.35987768
s_016um_00334_00213-1,0.052347265
s_016um_00135_00229-1,0.08543568
s_016um_00232_00090-1,-0.0053612143
s_016um_00352_00021-1,0.21350385
s_016um_00367_00100-1,0.353212
s_016um_00381_00130-1,0.09281712
s_016um_00248_00026-1,0.16915818
s_016um_00097_00029-1,0.3305586
s_016um_00132_00226-1,-0.007514462
s_016um_00393_00292-1,0.013817161
s_016um_00135_00231-1,-0.013962388
s_016um_00140_00220-1,-0.00024452806
s_016um_00368_00124-1,0.1728363
s_016um_00170_00376-1,0.28683066
s_016um_00357_00293-1,0.31618595
s_016um_00377_00139-1,0.13040684
s_016um_00130_00316-1,0.667169
s_016um_00226_00333-1,-0.058308467
s_016um_00226_00231-1,0.12145397
s_016um_00240_00186-1,-0.082311556
s_016um_00042_00101-1,0.2295205
s_016um_00225_00245-1,0.1814735
s_016um_00008_00154-1,0.06347288
s_016um_00167_00374-1,0.1334358
s_016um_00079_00032-1,0.17656976
s_016um_00370_00102-1,0.3741153
s_016um_00330_00217-1,0.08275985
s_016um_00215_00035-1,0.04344672
s_016um_00190_00093-1,0.0057554394
s_016um_00339_00404-1,0.21681091
s_016um_00236_00262-1,0.27338147
s_016um_00083_00299-1,0.042713374
s_016um_00010_00293-1,0.4423443
s_016um_00288_00096-1,0.1885685
s_016um_00290_00100-1,0.2442613
s_016um_00074_00238-1,-0.008156374
s_016um_00228_00243-1,0.03611763
s_016um_00383_00127-1,0.08693756
s_016um_00076_00236-1,0.0989506
s_016um_00089_00267-1,0.20218424
s_016um_00240_00189-1,0.12617561
s_016um_00359_00119-1,-0.00035980344
s_016um_00009_00300-1,0.05338937
s_016um_00005_00153-1,-0.030245647
s_016um_00140_00221-1,0.22085205
s_016um_00370_00225-1,0.038319126
s_016um_00269_00228-1,-0.07662691
s_016um_00141_00076-1,0.5039622
s_016um_00163_00286-1,-0.015732616
s_016um_00319_00162-1,0.20312528
s_016um_00071_00237-1,0.06847314
s_016um_00279_00314-1,0.5342056
s_016um_00274_00202-1,0.17487116
s_016um_00017_00267-1,0.15737611
s_016um_00229_00247-1,-0.032320276
s_016um_00077_00246-1,0.20254347
s_016um_00224_00330-1,-0.015861422
s_016um_00106_00390-1,0.056848153
s_016um_00324_00233-1,0.17466189
s_016um_00355_00093-1,0.14556435
s_016um_00270_00057-1,0.058116533
s_016um_00274_00223-1,0.07663424
s_016um_00227_00329-1,-0.026367947
s_016um_00131_00228-1,0.047318548
s_016um_00068_00233-1,-0.02740705
s_016um_00275_00312-1,0.2186237
s_016um_00080_00201-1,0.05743344
s_016um_00091_00273-1,-0.0068306923
s_016um_00073_00244-1,0.134167
s_016um_00040_00045-1,0.111173555
s_016um_00170_00374-1,0.11418766
s_016um_00218_00009-1,-0.05722423
s_016um_00195_00094-1,0.32345867
s_016um_00276_00328-1,0.2550067
s_016um_00032_00334-1,0.22912453
s_016um_00075_00293-1,0.2694077
s_016um_00078_00245-1,-0.04323402
s_016um_00267_00336-1,-0.05135627
s_016um_00230_00244-1,0.08907524
s_016um_00096_00273-1,-0.035751045
s_016um_00325_00302-1,0.008550286
s_016um_00231_00357-1,0.07475861
s_016um_00373_00121-1,0.10030788
s_016um_00336_00400-1,0.8676106
s_016um_00357_00291-1,0.21608523
s_016um_00400_00126-1,0.0008805543
s_016um_00095_00335-1,-0.048769265
s_016um_00267_00227-1,0.124468766
s_016um_00066_00235-1,0.18949378
s_016um_00183_00033-1,0.06863577
s_016um_00236_00267-1,0.0061133504
s_016um_00202_00152-1,0.23182055
s_016um_00324_00224-1,0.30500013
s_016um_00268_00335-1,-0.045778185
s_016um_00415_00099-1,0.059620842
s_016um_00097_00340-1,0.07897534
s_016um_00077_00241-1,-0.020519242
s_016um_00258_00192-1,0.053611673
s_016um_00093_00322-1,0.0009995252
s_016um_00216_00229-1,0.051911943
s_016um_00029_00092-1,0.01974
s_016um_00278_00312-1,0.004017204
s_016um_00106_00069-1,-0.0506185
s_016um_00266_00133-1,0.25886384
s_016um_00218_00172-1,0.19071254
s_016um_00267_00224-1,0.04769948
s_016um_00334_00218-1,-0.09071897
s_016um_00031_00335-1,-0.05043365
s_016um_00251_00027-1,0.042428613
s_016um_00107_00315-1,0.07965713
s_016um_00040_00050-1,0.06659914
s_016um_00236_00183-1,0.14327751
s_016um_00236_00087-1,0.37265044
s_016um_00136_00219-1,0.15508065
s_016um_00224_00027-1,0.38451862
s_016um_00324_00167-1,0.2776618
s_016um_00408_00402-1,3.0079675
s_016um_00401_00399-1,2.1944802
s_016um_00391_00358-1,0.72714734
s_016um_00137_00071-1,0.106727175
s_016um_00189_00098-1,0.10939808
s_016um_00218_00024-1,0.028022796
s_016um_00048_00212-1,0.051005334
s_016um_00280_00327-1,0.05108209
s_016um_00372_00140-1,0.17883234
s_016um_00356_00412-1,0.8917031
s_016um_00407_00100-1,0.20165904
s_016um_00244_00086-1,0.13483122
s_016um_00310_00059-1,0.31701538
s_016um_00137_00069-1,0.33647764
s_016um_00044_00237-1,-0.0068107843
s_016um_00096_00318-1,0.000109255314
s_016um_00083_00240-1,0.054781266
s_016um_00093_00269-1,-0.028381959
s_016um_00146_00401-1,0.041853487
s_016um_00400_00120-1,0.10424247
s_016um_00039_00042-1,0.030317292
s_016um_00067_00235-1,0.19443737
s_016um_00088_00269-1,-0.07641439
s_016um_00196_00123-1,0.24988353
s_016um_00270_00337-1,-0.037640482
s_016um_00360_00415-1,1.4385735
s_016um_00272_00051-1,0.34838256
s_016um_00216_00170-1,0.3615911
s_016um_00369_00140-1,0.106412634
s_016um_00128_00229-1,0.00992398
s_016um_00126_00385-1,0.61146575
s_016um_00321_00224-1,-0.023047745
s_016um_00166_00127-1,0.14678785
s_016um_00352_00115-1,-0.033394694
s_016um_00030_00335-1,0.12783353
s_016um_00395_00367-1,0.21180868
s_016um_00267_00128-1,0.2748388
s_016um_00032_00336-1,0.06964162
s_016um_00356_00096-1,0.09705591
s_016um_00266_00135-1,0.220948
s_016um_00395_00343-1,0.3537705
s_016um_00011_00299-1,0.03833948
s_016um_00262_00188-1,0.101944484
s_016um_00158_00288-1,-0.014907956
s_016um_00111_00318-1,0.08672641
s_016um_00179_00025-1,0.077120036
s_016um_00147_00018-1,0.14774175
s_016um_00268_00036-1,-0.02267623
s_016um_00216_00231-1,-0.095402434
s_016um_00358_00412-1,1.3767422
s_016um_00233_00087-1,0.18451992
s_016um_00289_00099-1,0.10449137
s_016um_00199_00147-1,0.08210506
s_016um_00330_00258-1,0.10450403
s_016um_00248_00085-1,0.012428269
s_016um_00038_00047-1,0.83197165
s_016um_00190_00123-1,0.2708889
s_016um_00268_00222-1,0.34904236
s_016um_00048_00239-1,0.03431213
s_016um_00045_00216-1,0.09872115
s_016um_00274_00135-1,0.014618769
s_016um_00264_00187-1,0.94081545
s_016um_00144_00022-1,0.23386455
s_016um_00372_00097-1,-0.0147180855
s_016um_00355_00114-1,0.122910425
s_016um_00371_00099-1,0.061526813
s_016um_00132_00234-1,-0.044239193
s_016um_00280_00049-1,0.71598625
s_016um_00264_00135-1,0.5960272
s_016um_00241_00085-1,0.051012427
s_016um_00359_00417-1,1.3362634
s_016um_00101_00073-1,0.07752184
s_016um_00240_00087-1,0.17968078
s_016um_00407_00397-1,2.6551971
s_016um_00276_00322-1,0.13262796
s_016um_00071_00232-1,0.07677439
s_016um_00231_00260-1,0.009305865
s_016um_00139_00071-1,0.1086673
s_016um_00358_00117-1,0.15377761
s_016um_00196_00127-1,0.038121462
s_016um_00308_00054-1,0.23181748
s_016um_00389_00343-1,0.2582827
s_016um_00228_00238-1,-0.005742535
s_016um_00327_00299-1,-0.01464951
s_016um_00061_00244-1,0.09153702
s_016um_00403_00263-1,0.36594093
s_016um_00101_00383-1,0.12412824
s_016um_00223_00232-1,0.01348944
s_016um_00128_00320-1,0.0582596
s_016um_00269_00027-1,-0.011718854
s_016um_00027_00087-1,0.17352554
s_016um_00006_00293-1,0.010835886
s_016um_00224_00231-1,0.1507793
s_016um_00327_00304-1,0.21764961
s_016um_00178_00025-1,0.103502885
s_016um_00036_00104-1,0.21955612
s_016um_00380_00132-1,0.3585005
s_016um_00367_00222-1,0.00063711405
s_016um_00272_00204-1,0.1299037
s_016um_00068_00127-1,0.051157475
s_016um_00350_00093-1,0.4375692
s_016um_00087_00267-1,0.09804588
s_016um_00331_00219-1,0.05556106
s_016um_00321_00231-1,0.24276727
s_016um_00395_00181-1,0.5230158
s_016um_00076_00238-1,0.21857086
s_016um_00407_00150-1,0.3705284
s_016um_00078_00244-1,0.28816068
s_016um_00252_00021-1,0.13194555
s_016um_00353_00118-1,0.20089486
s_016um_00345_00216-1,0.13435796
s_016um_00417_00137-1,0.40391678
s_016um_00276_00313-1,0.075623505
s_016um_00039_00099-1,0.41617256
s_016um_00237_00358-1,0.08539137
s_016um_00159_00290-1,-0.012899414
s_016um_00098_00065-1,0.10466618
s_016um_00223_00246-1,0.03915727
s_016um_00142_00061-1,0.08708719
s_016um_00061_00247-1,0.058837965
s_016um_00032_00085-1,0.32946992
s_016um_00149_00402-1,0.07723528
s_016um_00220_00171-1,0.09465072
s_016um_00229_00248-1,-0.0119565725
s_016um_00187_00094-1,0.26583463
s_016um_00389_00341-1,0.5311482
s_016um_00390_00342-1,0.7097971
s_016um_00231_00265-1,-0.0038084835
s_016um_00308_00055-1,-0.0063226074
s_016um_00188_00091-1,0.24128665
s_016um_00045_00175-1,0.20099005
s_016um_00406_00154-1,0.097424336
s_016um_00125_00388-1,0.021090493
s_016um_00372_00116-1,0.17220043
s_016um_00280_00203-1,0.03065896
s_016um_00357_00294-1,0.11971395
s_016um_00331_00118-1,0.07623635
s_016um_00202_00145-1,0.31969348
s_016um_00012_00209-1,0.109548174
s_016um_00262_00192-1,0.072448015
s_016um_00216_00228-1,0.026244268
s_016um_00206_00150-1,0.051558048
s_016um_00095_00273-1,0.017045602
s_016um_00269_00033-1,-0.042537093
s_016um_00274_00137-1,0.21015424
s_016um_00133_00092-1,0.3058418
s_016um_00185_00031-1,0.046301246
s_016um_00330_00124-1,-0.0573442
s_016um_00401_00260-1,0.2667484
s_016um_00228_00265-1,0.034594998
s_016um_00205_00152-1,0.31127143
s_016um_00401_00213-1,0.08647919
s_016um_00086_00198-1,0.3148567
s_016um_00234_00354-1,0.33893213
s_016um_00215_00032-1,0.29507044
s_016um_00029_00333-1,0.05211751
s_016um_00207_00293-1,0.0060411096
s_016um_00034_00007-1,0.055653945
s_016um_00124_00388-1,0.05306776
s_016um_00090_00066-1,0.12215844
s_016um_00037_00172-1,-0.03455396
s_016um_00169_00378-1,-0.015223265
s_016um_00255_00026-1,0.13451867
s_016um_00132_00086-1,0.007213205
s_016um_00393_00344-1,0.7550724
s_016um_00277_00316-1,0.032428965
s_016um_00163_00293-1,0.13493666
s_016um_00065_00131-1,0.21871048
s_016um_00213_00277-1,-0.041600347
s_016um_00106_00383-1,0.01547806
s_016um_00103_00388-1,0.022974804
s_016um_00060_00129-1,0.046415463
s_016um_00228_00334-1,0.011436552
s_016um_00136_00226-1,0.10974134
s_016um_00173_00370-1,0.504543
s_016um_00393_00177-1,0.3840962
s_016um_00211_00297-1,0.0037756115
s_016um_00366_00223-1,0.041025326
s_016um_00015_00272-1,0.20356832
s_016um_00235_00089-1,0.1567991
s_016um_00163_00124-1,0.04078032
s_016um_00085_00028-1,0.3514169
s_016um_00119_00149-1,0.03433761
s_016um_00046_00243-1,0.195209
s_016um_00158_00289-1,0.006856784
s_016um_00131_00383-1,0.15867521
s_016um_00232_00086-1,0.12827379
s_016um_00069_00230-1,0.17069453
s_016um_00274_00032-1,0.20835842
s_016um_00409_00102-1,0.044456124
s_016um_00097_00274-1,0.13472131
s_016um_00380_00141-1,0.20974246
s_016um_00038_00043-1,0.034821436
s_016um_00413_00102-1,0.24327889
s_016um_00081_00297-1,0.055843867
s_016um_00273_00051-1,0.12026006
s_016um_00238_00090-1,0.35661137
s_016um_00218_00232-1,0.031750873
s_016um_00112_00321-1,0.9017219
s_016um_00094_00279-1,0.12875202
s_016um_00391_00337-1,0.12115203
s_016um_00101_00319-1,0.07254829
s_016um_00181_00025-1,0.11755376
s_016um_00007_00297-1,0.0070610195
s_016um_00215_00295-1,0.27848607
s_016um_00136_00231-1,0.03266865
s_016um_00033_00087-1,0.12276813
s_016um_00146_00021-1,0.013393864
s_016um_00193_00126-1,0.5977395
s_016um_00067_00125-1,0.031790063
s_016um_00065_00129-1,0.09437571
s_016um_00396_00179-1,0.101920106
s_016um_00223_00168-1,0.52203393
s_016um_00099_00067-1,-0.0714719
s_016um_00081_00269-1,0.00097484887
s_016um_00326_00232-1,0.04954526
s_016um_00405_00259-1,0.04914707
s_016um_00041_00204-1,0.12379876
s_016um_00412_00104-1,-0.09469648
s_016um_00084_00278-1,0.11682915
s_016um_00403_00151-1,0.20887794
s_016um_00406_00401-1,3.7973793
s_016um_00366_00095-1,0.0069930553
s_016um_00080_00193-1,0.19922799
s_016um_00038_00171-1,0.03265117
s_016um_00381_00133-1,0.06862285
s_016um_00401_00256-1,0.1421624
s_016um_00226_00328-1,-0.027537152
s_016um_00036_00176-1,0.0966679
s_016um_00084_00197-1,0.35618076
s_016um_00230_00265-1,-0.10748471
s_016um_00347_00022-1,0.27336586
s_016um_00357_00411-1,0.96500623
s_016um_00033_00008-1,0.09639454
s_016um_00179_00032-1,0.041941807
s_016um_00369_00118-1,0.07223783
s_016um_00237_00190-1,0.10676659
s_016um_00368_00230-1,-0.042444155
s_016um_00075_00237-1,0.1172358
s_016um_00016_00272-1,-0.00040465593
s_016um_00099_00387-1,0.15343964
s_016um_00216_00018-1,0.1301352
s_016um_00348_00218-1,0.033254653
s_016um_00131_00314-1,0.46477097
s_016um_00398_00371-1,0.22396432
s_016um_00142_00222-1,0.16035676
s_016um_00013_00154-1,-0.01319249
s_016um_00128_00088-1,0.62948155
s_016um_00214_00014-1,0.066206425
s_016um_00095_00026-1,0.29850757
s_016um_00262_00128-1,0.3798108
s_016um_00408_00400-1,3.7230515
s_016um_00065_00238-1,0.09126284
s_016um_00327_00227-1,0.28723013
s_016um_00047_00242-1,0.74857324
s_016um_00255_00021-1,0.24156943
s_016um_00322_00306-1,0.08377526
s_016um_00389_00298-1,0.07541713
s_016um_00090_00340-1,0.088300005
s_016um_00355_00289-1,0.14882708
s_016um_00128_00381-1,0.09047773
s_016um_00349_00020-1,0.061523706
s_016um_00075_00238-1,0.09505014
s_016um_00263_00130-1,0.4996888
s_016um_00008_00151-1,-0.02335547
s_016um_00405_00148-1,0.08455801
s_016um_00241_00182-1,0.08030569
s_016um_00137_00220-1,0.028116435
s_016um_00245_00090-1,0.18408206
s_016um_00217_00012-1,0.74514496
s_016um_00278_00329-1,0.030259758
s_016um_00141_00221-1,0.10625944
s_016um_00098_00321-1,0.057745486
s_016um_00076_00247-1,0.1051622
s_016um_00007_00156-1,0.057496414
s_016um_00029_00091-1,0.07615172
s_016um_00098_00337-1,0.32919613
s_016um_00101_00071-1,0.09134321
s_016um_00039_00205-1,0.21829835
s_016um_00320_00299-1,0.0021105558
s_016um_00012_00156-1,0.036428303
s_016um_00397_00373-1,0.34241486
s_016um_00380_00127-1,0.13797547
s_016um_00382_00130-1,0.031222895
s_016um_00142_00221-1,0.33408228
s_016um_00134_00316-1,1.0613216
s_016um_00131_00387-1,0.10643956
s_016um_00081_00286-1,-0.07053043
s_016um_00369_00094-1,0.015365779
s_016um_00099_00317-1,-0.033442467
s_016um_00237_00362-1,0.0024728477
s_016um_00228_00251-1,0.0098116845
s_016um_00141_00070-1,0.20091142
s_016um_00351_00023-1,0.087111115
s_016um_00133_00322-1,1.1433012
s_016um_00372_00122-1,0.6147841
s_016um_00216_00173-1,0.29924616
s_016um_00329_00126-1,0.046019137
s_016um_00359_00293-1,0.086909294
s_016um_00275_00202-1,0.13567398
s_016um_00133_00071-1,0.11320114
s_016um_00332_00217-1,0.1541652
s_016um_00325_00301-1,0.46941912
s_016um_00192_00092-1,0.034798145
s_016um_00138_00224-1,-0.08080877
s_016um_00151_00397-1,0.034651622
s_016um_00272_00047-1,0.22617105
s_016um_00069_00232-1,0.098629266
s_016um_00088_00275-1,0.11197774
s_016um_00330_00213-1,0.3000001
s_016um_00233_00085-1,0.112779036
s_016um_00104_00389-1,0.15348706
s_016um_00217_00011-1,0.07125615
s_016um_00351_00116-1,0.18888812
s_016um_00069_00231-1,0.1548294
s_016um_00320_00226-1,0.35279143
s_016um_00214_00293-1,-0.022248745
s_016um_00165_00126-1,0.6310924
s_016um_00031_00328-1,0.040482163
s_016um_00076_00243-1,0.0011940598
s_016um_00273_00224-1,0.017344132
s_016um_00347_00220-1,0.017793879
s_016um_00374_00124-1,-0.0058794916
s_016um_00213_00035-1,0.08899432
s_016um_00217_00167-1,0.22405551
s_016um_00323_00231-1,0.041089505
s_016um_00239_00084-1,0.2434456
s_016um_00214_00034-1,0.096559614
s_016um_00161_00287-1,0.5680916
s_016um_00374_00142-1,-0.06932448
s_016um_00275_00329-1,0.36572194
s_016um_00006_00296-1,0.10233126
s_016um_00236_00091-1,0.26949722
s_016um_00374_00141-1,0.09063629
s_016um_00281_00318-1,0.109171584
s_016um_00082_00283-1,0.18730888
s_016um_00324_00162-1,0.11276702
s_016um_00191_00124-1,0.41207194
s_016um_00371_00095-1,-0.010153994
s_016um_00215_00284-1,0.17248654
s_016um_00326_00163-1,0.050792947
s_016um_00118_00145-1,0.103075184
s_016um_00160_00287-1,0.4025998
s_016um_00069_00130-1,0.04364568
s_016um_00336_00253-1,0.10797232
s_016um_00418_00138-1,0.21019894
s_016um_00225_00334-1,-0.0426061
s_016um_00325_00122-1,0.013933301
s_016um_00358_00091-1,0.15526871
s_016um_00095_00025-1,0.11645576
s_016um_00083_00297-1,0.03843148
s_016um_00047_00240-1,0.008994177
s_016um_00200_00152-1,0.29664353
s_016um_00282_00322-1,0.09744962
s_016um_00063_00125-1,0.10932518
s_016um_00357_00286-1,0.06776909
s_016um_00351_00091-1,0.32315576
s_016um_00388_00295-1,0.20181383
s_016um_00358_00410-1,1.039391
s_016um_00392_00293-1,-0.17005195
s_016um_00324_00299-1,0.21183945
s_016um_00042_00206-1,0.67550206
s_016um_00082_00295-1,0.12103515
s_016um_00369_00145-1,-0.062302485
s_016um_00223_00014-1,0.072192065
s_016um_00004_00156-1,0.007164344
s_016um_00392_00365-1,0.13208337
s_016um_00097_00031-1,0.30345187
s_016um_00327_00118-1,0.3260981
s_016um_00388_00341-1,0.20101508
s_016um_00237_00357-1,-0.10058333
s_016um_00275_00225-1,0.078831725
s_016um_00216_00011-1,0.15688649
s_016um_00260_00189-1,0.049641937
s_016um_00100_00318-1,0.08125167
s_016um_00223_00233-1,-0.014104053
s_016um_00277_00049-1,0.053859405
s_016um_00195_00092-1,0.011028543
s_016um_00220_00233-1,0.23773079
s_016um_00324_00165-1,-0.0018223822
s_016um_00218_00015-1,0.2224886
s_016um_00069_00236-1,0.07594974
s_016um_00095_00031-1,0.2122076
s_016um_00214_00291-1,-0.025709242
s_016um_00401_00149-1,0.123291224
s_016um_00135_00073-1,0.105899885
s_016um_00368_00222-1,0.023870409
s_016um_00264_00056-1,0.08954471
s_016um_00355_00098-1,0.073233336
s_016um_00267_00335-1,0.07425675
s_016um_00355_00023-1,0.26107576
s_016um_00118_00147-1,0.29041606
s_016um_00104_00391-1,-0.041454807
s_016um_00258_00191-1,-0.011088759
s_016um_00212_00035-1,0.14725843
s_016um_00011_00296-1,0.2079565
s_016um_00045_00204-1,0.21393445
s_016um_00006_00210-1,0.11601593
s_016um_00258_00188-1,0.060423024
s_016um_00090_00339-1,0.13097414
s_016um_00131_00086-1,0.500311
s_016um_00032_00090-1,0.0941734
s_016um_00258_00030-1,0.120218925
s_016um_00083_00193-1,0.30099955
s_016um_00395_00183-1,0.032044947
s_016um_00257_00026-1,0.09070579
s_016um_00042_00175-1,0.05499342
s_016um_00322_00302-1,0.16734369
s_016um_00323_00230-1,0.13508947
s_016um_00234_00186-1,0.14774548
s_016um_00134_00218-1,0.0077721328
s_016um_00227_00328-1,-0.0038941354
s_016um_00268_00228-1,0.070399106
s_016um_00391_00344-1,1.2519654
s_016um_00137_00218-1,0.06607299
s_016um_00128_00321-1,0.33497006
s_016um_00212_00030-1,0.15069616
s_016um_00131_00088-1,0.23455745
s_016um_00191_00127-1,0.33734417
s_016um_00270_00333-1,0.05164516
s_016um_00274_00334-1,0.21512936
s_016um_00387_00294-1,0.2543993
s_016um_00083_00196-1,0.80499345
s_016um_00133_00318-1,0.97238195
s_016um_00048_00215-1,0.09705457
s_016um_00213_00026-1,0.088286206
s_016um_00279_00131-1,0.27442122
s_016um_00168_00376-1,0.104395434
s_016um_00014_00271-1,0.06975926
s_016um_00097_00336-1,0.116123095
s_016um_00133_00316-1,1.0266588
s_016um_00104_00386-1,0.18397866
s_016um_00137_00073-1,0.04337722
s_016um_00081_00201-1,0.25044268
s_016um_00281_00313-1,-0.030099615
s_016um_00354_00097-1,0.23027009
s_016um_00149_00403-1,0.06968548
s_016um_00247_00024-1,0.2196053
s_016um_00011_00155-1,0.1449389
s_016um_00260_00129-1,0.19762805
s_016um_00033_00100-1,0.018767625
s_016um_00032_00101-1,-0.0032785833
s_016um_00028_00334-1,0.046536848
s_016um_00405_00397-1,2.9728312
s_016um_00386_00126-1,0.28008756
s_016um_00085_00268-1,0.029373676
s_016um_00043_00241-1,0.9772543
s_016um_00038_00048-1,0.2432991
s_016um_00376_00137-1,0.17567004
s_016um_00391_00183-1,0.085873716
s_016um_00271_00029-1,0.08070757
s_016um_00094_00318-1,0.194955
s_016um_00097_00315-1,0.1057355
s_016um_00273_00328-1,0.44546026
s_016um_00032_00331-1,0.13820791
s_016um_00097_00337-1,0.18207398
s_016um_00009_00214-1,0.067474715
s_016um_00386_00299-1,0.21120921
s_016um_00146_00398-1,0.079902105
s_016um_00216_00034-1,0.14664614
s_016um_00344_00216-1,0.02637878
s_016um_00216_00169-1,0.17121536
s_016um_00281_00134-1,0.011064336
s_016um_00133_00386-1,0.14070907
s_016um_00354_00120-1,0.0033856928
s_016um_00113_00313-1,0.068104446
s_016um_00329_00257-1,-0.1022736
s_016um_00143_00061-1,-0.007720962
s_016um_00368_00094-1,0.113692746
s_016um_00407_00400-1,3.7458968
s_016um_00277_00204-1,0.022613153
s_016um_00064_00235-1,0.6224897
s_016um_00009_00207-1,0.26530018
s_016um_00273_00334-1,0.08447896
s_016um_00041_00203-1,0.16501763
s_016um_00177_00027-1,-0.017472938
s_016um_00137_00223-1,0.09379287
s_016um_00072_00250-1,0.079205014
s_016um_00265_00131-1,0.09312272
s_016um_00414_00102-1,0.06570886
s_016um_00231_00262-1,0.09788697
s_016um_00055_00246-1,0.32435238
s_016um_00280_00318-1,-0.061870784
s_016um_00146_00015-1,0.29499522
s_016um_00364_00100-1,0.21594565
s_016um_00270_00032-1,0.04518196
s_016um_00377_00121-1,0.100882255
s_016um_00066_00234-1,0.32472026
s_016um_00139_00014-1,0.12487075
s_016um_00098_00275-1,-0.057695746
s_016um_00185_00028-1,0.16928706
s_016um_00276_00050-1,0.12287003
s_016um_00394_00213-1,-0.040356904
s_016um_00251_00019-1,0.2807891
s_016um_00078_00197-1,0.55169255
s_016um_00358_00288-1,0.11655519
s_016um_00406_00150-1,0.22568077
s_016um_00220_00280-1,0.10012961
s_016um_00263_00134-1,0.2889527
s_016um_00083_00279-1,0.07628541
s_016um_00158_00285-1,0.17962085
s_016um_00221_00247-1,0.009731218
s_016um_00352_00122-1,0.07163243
s_016um_00065_00130-1,0.11277739
s_016um_00366_00229-1,0.16881791
s_016um_00074_00251-1,0.24861781
s_016um_00088_00268-1,0.09667041
s_016um_00080_00268-1,0.024486616
s_016um_00285_00099-1,0.09649543
s_016um_00121_00145-1,0.047515824
s_016um_00076_00245-1,0.0075893253
s_016um_00332_00218-1,0.09556452
s_016um_00210_00293-1,0.017801419
s_016um_00220_00238-1,0.08401444
s_016um_00367_00144-1,-0.037412792
s_016um_00332_00122-1,0.2700893
s_016um_00320_00227-1,0.5621076
s_016um_00136_00321-1,1.5855207
s_016um_00256_00030-1,0.21194121
s_016um_00089_00338-1,0.091185674
s_016um_00146_00060-1,0.05708985
s_016um_00012_00157-1,0.079290695
s_016um_00007_00214-1,0.098291986
s_016um_00084_00198-1,0.012144774
s_016um_00088_00197-1,0.18930133
s_016um_00399_00123-1,0.72345346
s_016um_00392_00177-1,0.20827639
s_016um_00192_00090-1,0.050477058
s_016um_00110_00322-1,0.6145915
s_016um_00381_00131-1,0.25112554
s_016um_00038_00204-1,0.08274328
s_016um_00375_00140-1,0.027922302
s_016um_00370_00120-1,0.22548594
s_016um_00323_00298-1,0.05053939
s_016um_00263_00337-1,0.019256607
s_016um_00079_00295-1,0.033247963
s_016um_00352_00019-1,0.19423577
s_016um_00009_00298-1,-0.03959413
s_016um_00393_00182-1,0.12060775
s_016um_00006_00212-1,0.18788168
s_016um_00213_00030-1,0.26670218
s_016um_00201_00153-1,0.2567197
s_016um_00354_00095-1,0.2047134
s_016um_00402_00123-1,0.037545472
s_016um_00130_00388-1,0.05948922
s_016um_00131_00229-1,0.053143904
s_016um_00074_00252-1,0.251785
s_016um_00362_00414-1,1.2752544
s_016um_00373_00120-1,0.14448828
s_016um_00240_00085-1,0.32402632
s_016um_00086_00269-1,0.06623817
s_016um_00223_00227-1,0.07832943
s_016um_00190_00129-1,0.042895183
s_016um_00233_00088-1,0.26751626
s_016um_00139_00059-1,-0.011111498
s_016um_00038_00101-1,0.01615256
s_016um_00258_00034-1,0.26981828
s_016um_00393_00293-1,0.16726384
s_016um_00076_00237-1,-0.031146228
s_016um_00370_00227-1,-0.017798752
s_016um_00287_00101-1,0.1119494
s_016um_00044_00220-1,0.07255095
s_016um_00400_00121-1,0.15609983
s_016um_00410_00150-1,0.19985113
s_016um_00157_00290-1,0.14370935
s_016um_00076_00298-1,0.16145241
s_016um_00204_00150-1,0.090829864
s_016um_00320_00163-1,-0.049177796
s_016um_00391_00359-1,0.9189346
s_016um_00289_00096-1,0.3171961
s_016um_00159_00289-1,-0.024851233
s_016um_00369_00125-1,0.22453243
s_016um_00048_00216-1,0.24479307
s_016um_00328_00127-1,0.15931907
s_016um_00242_00082-1,0.17924067
s_016um_00221_00027-1,0.11849601
s_016um_00369_00224-1,0.1460508
s_016um_00086_00285-1,0.20308101
s_016um_00097_00277-1,0.1323753
s_016um_00115_00147-1,0.32428735
s_016um_00361_00416-1,1.4121102
s_016um_00085_00267-1,0.09780036
s_016um_00006_00294-1,0.20675035
s_016um_00131_00321-1,0.4213488
s_016um_00327_00216-1,-0.079028115
s_016um_00129_00092-1,0.06054739
s_016um_00399_00369-1,0.07871435
s_016um_00394_00366-1,0.13991791
s_016um_00124_00384-1,-0.113563105
s_016um_00053_00245-1,-0.021437421
s_016um_00257_00027-1,0.32671556
s_016um_00080_00265-1,0.019301653
s_016um_00129_00228-1,0.0644386
s_016um_00226_00249-1,-0.03778982
s_016um_00190_00127-1,0.30815557
s_016um_00100_00027-1,0.119369596
s_016um_00325_00228-1,0.022789046
s_016um_00045_00211-1,0.081419595
s_016um_00225_00233-1,0.0069007576
s_016um_00228_00331-1,0.1457126
s_016um_00277_00325-1,0.1951533
s_016um_00309_00059-1,0.023770079
s_016um_00266_00335-1,0.27194273
s_016um_00390_00180-1,0.0014172047
s_016um_00076_00251-1,0.25596914
s_016um_00082_00270-1,-0.039956197
s_016um_00079_00284-1,0.00043410063
s_016um_00366_00096-1,0.03335844
s_016um_00036_00048-1,0.08164921
s_016um_00254_00022-1,0.2125879
s_016um_00398_00257-1,0.26277703
s_016um_00406_00145-1,0.04735756
s_016um_00273_00325-1,0.0036031753
s_016um_00077_00250-1,0.45962316
s_016um_00275_00203-1,-0.07420744
s_016um_00410_00099-1,0.06448906
s_016um_00098_00068-1,0.08437755
s_016um_00411_00097-1,0.16606374
s_016um_00138_00220-1,-0.0006920248
s_016um_00400_00214-1,0.1012203
s_016um_00087_00033-1,0.16223818
s_016um_00007_00211-1,0.1183818
s_016um_00011_00156-1,0.17501651
s_016um_00367_00229-1,0.20632431
s_016um_00138_00222-1,0.06541628
s_016um_00331_00252-1,0.11436297
s_016um_00401_00258-1,0.16618882
s_016um_00007_00150-1,0.04001969
s_016um_00085_00282-1,-0.12590481
s_016um_00360_00289-1,0.18102208
s_016um_00263_00331-1,0.17703137
s_016um_00032_00007-1,0.14263743
s_016um_00165_00128-1,0.27777857
s_016um_00141_00058-1,0.10399763
s_016um_00214_00017-1,0.5291044
s_016um_00090_00277-1,-0.03388007
s_016um_00061_00129-1,0.19230002
s_016um_00093_00341-1,0.21864279
s_016um_00264_00336-1,0.07917314
s_016um_00097_00322-1,0.03277062
s_016um_00325_00165-1,0.055330694
s_016um_00256_00031-1,0.042033672
s_016um_00060_00243-1,0.023936957
s_016um_00217_00230-1,-0.023325339
s_016um_00260_00188-1,0.029163018
s_016um_00057_00244-1,0.10071511
s_016um_00236_00090-1,0.3666843
s_016um_00407_00125-1,0.059112765
s_016um_00396_00177-1,0.13350525
s_016um_00401_00218-1,0.23741071
s_016um_00126_00382-1,-0.043999553
s_016um_00400_00215-1,0.2150504
s_016um_00354_00115-1,0.018261686
s_016um_00364_00098-1,0.22775963
s_016um_00260_00186-1,0.33058435
s_016um_00392_00178-1,0.25383052
s_016um_00132_00383-1,0.18690148
s_016um_00236_00189-1,0.07862353
s_016um_00354_00019-1,0.65871423
s_016um_00082_00067-1,0.8368033
s_016um_00283_00095-1,0.10342876
s_016um_00062_00234-1,0.59819794
s_016um_00090_00279-1,-0.057409897
s_016um_00324_00163-1,0.14219473
s_016um_00396_00357-1,1.474795
s_016um_00255_00022-1,0.18746491
s_016um_00008_00159-1,0.19851351
s_016um_00269_00035-1,0.057960853
s_016um_00034_00103-1,0.11206793
s_016um_00331_00255-1,-0.029026046
s_016um_00080_00243-1,0.10220914
s_016um_00169_00124-1,0.044319153
s_016um_00218_00030-1,0.33340883
s_016um_00261_00132-1,0.13678204
s_016um_00095_00027-1,0.32917118
s_016um_00330_00119-1,0.08857096
s_016um_00040_00213-1,0.8880657
s_016um_00019_00269-1,0.24370271
s_016um_00096_00315-1,-0.022326127
s_016um_00338_00398-1,0.5116364
s_016um_00402_00396-1,1.5884756
s_016um_00393_00357-1,1.1963385
s_016um_00105_00067-1,0.06700209
s_016um_00171_00370-1,0.41320208
s_016um_00246_00086-1,0.24054044
s_016um_00131_00090-1,0.097582094
s_016um_00044_00213-1,0.18571842
s_016um_00044_00217-1,0.032250196
s_016um_00380_00135-1,0.12152013
s_016um_00402_00263-1,0.046593875
s_016um_00138_00020-1,0.15077135
s_016um_00357_00114-1,0.050915882
s_016um_00265_00030-1,0.18043807
s_016um_00370_00139-1,0.18634665
s_016um_00099_00323-1,0.039574116
s_016um_00022_00269-1,0.067370184
s_016um_00337_00253-1,-0.012993783
s_016um_00076_00295-1,0.039953217
s_016um_00105_00387-1,0.15088135
s_016um_00093_00323-1,0.06163737
s_016um_00145_00400-1,0.1155484
s_016um_00264_00133-1,0.28385565
s_016um_00194_00091-1,0.029437691
s_016um_00226_00251-1,-0.03589198
s_016um_00011_00215-1,0.297836
s_016um_00172_00372-1,0.09236887
s_016um_00324_00225-1,0.013721138
s_016um_00199_00146-1,0.11828661
s_016um_00214_00032-1,0.40012616
s_016um_00397_00369-1,0.18910882
s_016um_00241_00190-1,0.118833415
s_016um_00373_00144-1,1.0959682
s_016um_00368_00119-1,-0.0221024
s_016um_00137_00221-1,-0.1082765
s_016um_00323_00169-1,0.096555896
s_016um_00012_00298-1,0.10892679
s_016um_00182_00026-1,0.09754967
s_016um_00312_00052-1,0.47450674
s_016um_00192_00128-1,0.0726803
s_016um_00046_00204-1,0.26860744
s_016um_00398_00364-1,0.20500247
s_016um_00265_00061-1,0.5494677
s_016um_00276_00206-1,0.20674348
s_016um_00272_00036-1,0.23405074
s_016um_00371_00145-1,0.17249127
s_016um_00108_00320-1,0.59159046
s_016um_00391_00361-1,0.6062805
s_016um_00228_00247-1,-0.048810825
s_016um_00130_00386-1,0.09977078
s_016um_00367_00146-1,0.11017539
s_016um_00377_00136-1,0.1633191
s_016um_00076_00246-1,0.051704593
s_016um_00399_00218-1,-0.068343624
s_016um_00274_00047-1,0.096003324
s_016um_00409_00149-1,-0.097709194
s_016um_00213_00294-1,0.06420495
s_016um_00133_00319-1,1.206047
s_016um_00257_00028-1,0.2256823
s_016um_00090_00341-1,0.24974516
s_016um_00134_00228-1,0.25115448
s_016um_00407_00103-1,0.026011214
s_016um_00078_00250-1,0.6415467
s_016um_00357_00115-1,0.16585353
s_016um_00143_00062-1,0.19433475
s_016um_00274_00322-1,0.15926687
s_016um_00199_00152-1,0.31493038
s_016um_00205_00151-1,-0.014198765
s_016um_00093_00318-1,0.033214614
s_016um_00144_00015-1,0.090362035
s_016um_00226_00232-1,0.14107764
s_016um_00211_00034-1,0.3707084
s_016um_00166_00372-1,0.037582144
s_016um_00354_00025-1,0.11559375
s_016um_00306_00058-1,0.18268801
s_016um_00269_00222-1,0.19156756
s_016um_00351_00096-1,0.08664358
s_016um_00278_00204-1,0.00068730116
s_016um_00368_00223-1,0.1247494
s_016um_00039_00098-1,0.027835205
s_016um_00105_00070-1,-0.025822997
s_016um_00243_00186-1,0.20287809
s_016um_00268_00059-1,0.3257904
s_016um_00196_00093-1,0.7604538
s_016um_00206_00146-1,-0.011197388
s_016um_00280_00313-1,0.029715478
s_016um_00413_00098-1,-0.04285571
s_016um_00038_00205-1,0.16271624
s_016um_00133_00070-1,0.068660095
s_016um_00044_00044-1,0.20509498
s_016um_00387_00131-1,0.08791157
s_016um_00389_00294-1,0.4313364
s_016um_00173_00377-1,0.07362949
s_016um_00217_00014-1,0.0662352
s_016um_00139_00019-1,0.09349557
s_016um_00072_00248-1,-0.011160493
s_016um_00164_00289-1,-0.15948482
s_016um_00256_00023-1,0.06485385
s_016um_00080_00034-1,0.10784118
s_016um_00219_00018-1,0.3408553
s_016um_00132_00319-1,0.9084134
s_016um_00393_00372-1,0.11936863
s_016um_00225_00236-1,-0.037169144
s_016um_00373_00139-1,0.058255114
s_016um_00111_00317-1,0.107832514
s_016um_00401_00214-1,0.31472677
s_016um_00398_00255-1,-0.022034138
s_016um_00133_00321-1,1.3971772
s_016um_00153_00398-1,0.09975141
s_016um_00273_00050-1,0.2754396
s_016um_00006_00156-1,0.13182144
s_016um_00212_00027-1,0.2323001
s_016um_00329_00216-1,0.21890621
s_016um_00169_00123-1,0.10954323
s_016um_00262_00132-1,0.12703094
s_016um_00216_00279-1,0.00013893843
s_016um_00089_00276-1,-0.020544127
s_016um_00323_00170-1,-0.041481897
s_016um_00132_00233-1,0.041965336
s_016um_00012_00214-1,-0.0016571879
s_016um_00348_00022-1,0.1796635
s_016um_00325_00164-1,0.026458919
s_016um_00221_00167-1,0.23798364
s_016um_00229_00268-1,-0.10375713
s_016um_00280_00317-1,0.12308308
s_016um_00165_00292-1,0.2539913
s_016um_00414_00140-1,0.08438748
s_016um_00235_00086-1,0.09149921
s_016um_00400_00260-1,0.15569611
s_016um_00223_00249-1,0.15560308
s_016um_00397_00262-1,0.17627996
s_016um_00404_00258-1,0.05125937
s_016um_00400_00261-1,0.1449115
s_016um_00280_00322-1,0.42100245
s_016um_00270_00224-1,0.043978646
s_016um_00138_00058-1,0.018640995
s_016um_00340_00400-1,0.2700035
s_016um_00108_00389-1,0.10844378
s_016um_00090_00278-1,-0.018962532
s_016um_00351_00121-1,0.11033867
s_016um_00276_00324-1,0.084416464
s_016um_00328_00119-1,0.3905124
s_016um_00008_00149-1,0.12493985
s_016um_00393_00364-1,0.22225899
s_016um_00095_00337-1,0.10154672
s_016um_00084_00265-1,0.0042469203
s_016um_00364_00223-1,0.13275544
s_016um_00396_00361-1,0.30798945
s_016um_00075_00298-1,-0.077262
s_016um_00236_00187-1,0.21828228
s_016um_00035_00175-1,0.060638726
s_016um_00264_00329-1,0.076876506
s_016um_00094_00024-1,0.005580619
s_016um_00385_00295-1,0.09427296
s_016um_00031_00337-1,0.07326558
s_016um_00131_00386-1,0.14140809
s_016um_00391_00296-1,0.17956065
s_016um_00041_00102-1,0.121035606
s_016um_00145_00018-1,0.0104146
s_016um_00041_00212-1,0.536793
s_016um_00094_00322-1,0.15840405
s_016um_00366_00224-1,0.075253546
s_016um_00020_00270-1,0.16428229
s_016um_00038_00209-1,0.18191922
s_016um_00219_00013-1,0.08568351
s_016um_00089_00274-1,0.036451086
s_016um_00064_00128-1,0.29061776
s_016um_00335_00255-1,-0.04388888
s_016um_00044_00216-1,0.008306339
s_016um_00216_00281-1,0.06430217
s_016um_00032_00332-1,0.09915991
s_016um_00132_00313-1,0.97785425
s_016um_00358_00092-1,0.15380293
s_016um_00108_00388-1,0.030407697
s_016um_00032_00086-1,0.05331441
s_016um_00372_00141-1,0.09936818
s_016um_00396_00217-1,-0.022979364
s_016um_00362_00290-1,0.053614333
s_016um_00193_00121-1,0.80488896
s_016um_00275_00132-1,0.17586148
s_016um_00234_00267-1,-0.019817546
s_016um_00226_00236-1,0.0022646189
s_016um_00129_00230-1,0.09579403
s_016um_00355_00091-1,-0.004527837
s_016um_00044_00174-1,0.74100995
s_016um_00351_00020-1,0.2816078
s_016um_00037_00099-1,0.15900272
s_016um_00370_00229-1,0.27981716
s_016um_00086_00282-1,-0.014588416
s_016um_00144_00014-1,-0.07008661
s_016um_00167_00123-1,0.13455066
s_016um_00232_00262-1,0.110201396
s_016um_00085_00035-1,0.13507378
s_016um_00414_00103-1,-0.003132984
s_016um_00221_00329-1,0.023301393
s_016um_00343_00213-1,-0.024141297
s_016um_00079_00283-1,0.02290292
s_016um_00047_00219-1,0.31649834
s_016um_00398_00124-1,0.2400907
s_016um_00080_00272-1,0.28577536
s_016um_00270_00222-1,0.11727509
s_016um_00097_00272-1,-0.004952818
s_016um_00079_00286-1,0.14993298
s_016um_00064_00132-1,0.07215361
s_016um_00306_00055-1,0.13505512
s_016um_00222_00014-1,0.25680786
s_016um_00226_00237-1,0.0066364706
s_016um_00218_00230-1,-0.05514367
s_016um_00210_00027-1,0.18470232
s_016um_00223_00247-1,0.009272143
s_016um_00275_00046-1,0.09949611
s_016um_00138_00018-1,0.15188146
s_016um_00145_00020-1,0.088884175
s_016um_00013_00214-1,0.07497694
s_016um_00217_00225-1,-0.03920129
s_016um_00125_00382-1,0.079546176
s_016um_00192_00099-1,0.07722712
s_016um_00063_00231-1,0.09977573
s_016um_00393_00338-1,-0.032239288
s_016um_00107_00316-1,0.2414357
s_016um_00350_00118-1,-0.019452259
s_016um_00413_00140-1,0.35353532
s_016um_00281_00131-1,0.118205175
s_016um_00132_00386-1,0.1580879
s_016um_00355_00120-1,0.103206225
s_016um_00125_00087-1,0.20534949
s_016um_00078_00268-1,-0.03437181
s_016um_00144_00019-1,0.26510483
s_016um_00086_00199-1,0.10489292
s_016um_00408_00398-1,3.6222446
s_016um_00096_00324-1,0.18574785
s_016um_00202_00148-1,0.30338013
s_016um_00260_00185-1,0.2680152
s_016um_00094_00336-1,0.08052013
s_016um_00128_00232-1,0.16267839
s_016um_00404_00399-1,2.7619638
s_016um_00188_00092-1,0.12115633
s_016um_00391_00294-1,-0.028369218
s_016um_00325_00124-1,0.250796
s_016um_00212_00028-1,0.2174128
s_016um_00092_00342-1,0.22385645
s_016um_00266_00127-1,0.3645376
s_016um_00227_00232-1,0.20051043
s_016um_00036_00102-1,-0.01716578
s_016um_00212_00290-1,0.13689147
s_016um_00011_00300-1,0.06966043
s_016um_00359_00414-1,1.0049454
s_016um_00135_00072-1,0.020751879
s_016um_00082_00292-1,-0.022497952
s_016um_00152_00399-1,0.06734469
s_016um_00274_00230-1,0.16991489
s_016um_00194_00126-1,0.33843607
s_016um_00355_00022-1,0.13777319
s_016um_00402_00124-1,0.25857446
s_016um_00229_00250-1,0.00065127015
s_016um_00218_00026-1,0.010380253
s_016um_00179_00027-1,0.18560222
s_016um_00213_00031-1,0.31178302
s_016um_00014_00269-1,0.20495811
s_016um_00398_00220-1,0.056966744
s_016um_00129_00385-1,0.028723687
s_016um_00352_00116-1,0.03468661
s_016um_00215_00012-1,0.16741036
s_016um_00221_00025-1,0.21930645
s_016um_00235_00356-1,0.032265052
s_016um_00380_00130-1,-0.0057711154
s_016um_00084_00280-1,0.039962456
s_016um_00204_00148-1,0.06704614
s_016um_00309_00057-1,0.6016564
s_016um_00358_00120-1,0.17791562
s_016um_00275_00138-1,0.14616841
s_016um_00033_00099-1,0.3006106
s_016um_00080_00238-1,0.062647276
s_016um_00010_00209-1,0.12140715
s_016um_00281_00322-1,0.60363406
s_016um_00078_00283-1,-0.039192975
s_016um_00262_00333-1,0.10859714
s_016um_00237_00090-1,0.6233673
s_016um_00083_00032-1,0.10303409
s_016um_00324_00164-1,0.1862704
s_016um_00321_00226-1,0.016230986
s_016um_00048_00244-1,0.1082363
s_016um_00326_00123-1,-0.084315464
s_016um_00268_00029-1,0.18351522
s_016um_00243_00185-1,0.11343023
s_016um_00322_00164-1,0.14139423
s_016um_00387_00297-1,0.0037542284
s_016um_00080_00242-1,0.015690774
s_016um_00226_00246-1,0.20476568
s_016um_00392_00345-1,1.017286
s_016um_00142_00058-1,0.071954854
s_016um_00012_00155-1,0.017810464
s_016um_00404_00151-1,0.26691496
s_016um_00214_00027-1,0.14812356
s_016um_00088_00030-1,0.14313076
s_016um_00234_00085-1,0.2367384
s_016um_00254_00027-1,0.17194335
s_016um_00145_00055-1,0.063320026
s_016um_00338_00403-1,0.2440244
s_016um_00222_00026-1,0.2785541
s_016um_00397_00371-1,0.278631
s_016um_00248_00083-1,0.27385768
s_016um_00093_00315-1,0.038158983
s_016um_00278_00320-1,0.044340357
s_016um_00035_00011-1,0.20864792
s_016um_00221_00171-1,0.052741885
s_016um_00235_00354-1,0.10131561
s_016um_00143_00053-1,0.041640848
s_016um_00171_00122-1,0.25269473
s_016um_00354_00291-1,0.01432775
s_016um_00042_00046-1,0.024449661
s_016um_00006_00297-1,-0.009416059
s_016um_00269_00036-1,0.09244752
s_016um_00225_00328-1,-0.025470033
s_016um_00232_00091-1,0.19605808
s_016um_00135_00227-1,0.36309326
s_016um_00333_00249-1,-0.00086924434
s_016um_00003_00154-1,0.22565612
s_016um_00215_00283-1,0.20377313
s_016um_00047_00239-1,-0.00044761598
s_016um_00393_00369-1,0.076670885
s_016um_00358_00114-1,0.22124705
s_016um_00265_00129-1,0.14595687
s_016um_00359_00290-1,0.07788048
s_016um_00220_00174-1,0.022197217
s_016um_00341_00217-1,0.19601396
s_016um_00211_00028-1,0.22685742
s_016um_00086_00070-1,0.043717563
s_016um_00036_00174-1,0.2860692
s_016um_00374_00117-1,0.5303676
s_016um_00196_00092-1,0.5265142
s_016um_00366_00227-1,0.12592871
s_016um_00418_00135-1,0.118205965
s_016um_00222_00228-1,0.0122789
s_016um_00091_00279-1,0.063106924
s_016um_00390_00292-1,0.17234756
s_016um_00043_00213-1,0.16840208
s_016um_00335_00257-1,-0.019318461
s_016um_00400_00255-1,-0.0012233853
s_016um_00135_00318-1,1.4048249
s_016um_00033_00102-1,0.09874865
s_016um_00013_00213-1,0.07176699
s_016um_00367_00142-1,0.09267476
s_016um_00168_00373-1,0.2148205
s_016um_00331_00125-1,-0.01744397
s_016um_00143_00054-1,0.27114016
s_016um_00358_00416-1,1.1065245
s_016um_00239_00190-1,0.0026949793
s_016um_00132_00227-1,0.14656402
s_016um_00005_00300-1,0.02736868
s_016um_00030_00090-1,0.17186607
s_016um_00129_00088-1,0.81972194
s_016um_00399_00181-1,0.17366914
s_016um_00401_00127-1,0.15872124
s_016um_00360_00290-1,0.19468987
s_016um_00007_00208-1,0.1256259
s_016um_00396_00212-1,0.20820013
s_016um_00222_00229-1,0.09524739
s_016um_00326_00301-1,0.023200497
s_016um_00405_00152-1,0.45005643
s_016um_00382_00127-1,0.1160771
s_016um_00143_00017-1,0.07239225
s_016um_00382_00132-1,-0.002644509
s_016um_00336_00398-1,0.6579495
s_016um_00270_00059-1,0.26740116
s_016um_00334_00210-1,0.13071698
s_016um_00142_00056-1,0.04025106
s_016um_00004_00151-1,-0.03628941
s_016um_00223_00166-1,0.045672372
s_016um_00277_00051-1,0.37579107
s_016um_00043_00211-1,-0.06645261
s_016um_00249_00086-1,0.018766508
s_016um_00221_00282-1,0.089214146
s_016um_00071_00251-1,0.031368166
s_016um_00204_00145-1,0.30081233
s_016um_00267_00330-1,0.0015469342
s_016um_00390_00340-1,0.4822324
s_016um_00274_00051-1,0.13990268
s_016um_00256_00189-1,0.2503717
s_016um_00279_00316-1,-0.02819489
s_016um_00224_00167-1,0.16253436
s_016um_00086_00197-1,0.15066122
s_016um_00209_00034-1,0.3782202
s_016um_00170_00371-1,0.0066609383
s_016um_00128_00386-1,0.08307046
s_016um_00103_00071-1,0.43198985
s_016um_00046_00215-1,0.26775494
s_016um_00355_00095-1,0.013619199
s_016um_00393_00297-1,0.4846276
s_016um_00081_00036-1,0.18547286
s_016um_00157_00287-1,0.0339752
s_016um_00139_00217-1,0.14039373
s_016um_00269_00332-1,-0.02376923
s_016um_00068_00230-1,0.38634944
s_016um_00219_00231-1,0.11097136
s_016um_00105_00386-1,0.43887424
s_016um_00272_00048-1,0.19327907
s_016um_00392_00183-1,0.15485382
s_016um_00037_00105-1,0.06344815
s_016um_00235_00183-1,0.23601665
s_016um_00392_00359-1,0.75641
s_016um_00242_00187-1,0.39376324
s_016um_00130_00389-1,0.065102346
s_016um_00047_00237-1,0.03767033
s_016um_00131_00318-1,0.9563674
s_016um_00230_00356-1,0.039495364
s_016um_00196_00125-1,0.36161858
s_016um_00171_00374-1,0.35258603
s_016um_00103_00067-1,0.16152127
s_016um_00358_00295-1,0.007669747
s_016um_00011_00293-1,0.6849773
s_016um_00106_00391-1,0.0033394396
s_016um_00078_00243-1,0.1452508
s_016um_00081_00194-1,0.44594932
s_016um_00147_00402-1,0.06592651
s_016um_00068_00232-1,0.009425059
s_016um_00390_00291-1,0.03190039
s_016um_00009_00152-1,-0.05944915
s_016um_00041_00101-1,0.08574319
s_016um_00200_00146-1,0.2682134
s_016um_00381_00140-1,0.33345157
s_016um_00268_00131-1,0.19500232
s_016um_00195_00128-1,0.09705414
s_016um_00131_00233-1,0.13151078
s_016um_00040_00042-1,0.12476123
s_016um_00275_00137-1,0.16824475
s_016um_00065_00236-1,0.1932888
s_016um_00337_00257-1,0.06879401
s_016um_00072_00234-1,0.038241416
s_016um_00398_00214-1,0.049938783
s_016um_00311_00058-1,0.13493772
s_016um_00258_00033-1,0.28139836
s_016um_00091_00267-1,-0.08205183
s_016um_00221_00029-1,0.062685095
s_016um_00225_00031-1,0.26650456
s_016um_00116_00149-1,0.045091778
s_016um_00234_00362-1,0.18003826
s_016um_00233_00263-1,0.010863453
s_016um_00125_00088-1,0.18308952
s_016um_00224_00169-1,0.36871612
s_016um_00366_00097-1,0.062033266
s_016um_00061_00128-1,-0.038649216
s_016um_00021_00269-1,0.35841238
s_016um_00261_00185-1,0.36172858
s_016um_00385_00296-1,0.19520684
s_016um_00130_00320-1,0.9822982
s_016um_00255_00027-1,0.5462494
s_016um_00331_00209-1,0.15429029
s_016um_00005_00155-1,0.21877944
s_016um_00211_00293-1,0.22754951
s_016um_00330_00126-1,0.07648371
s_016um_00174_00373-1,0.28210327
s_016um_00084_00284-1,0.0980941
s_016um_00239_00186-1,0.085160926
s_016um_00278_00049-1,0.15405872
s_016um_00098_00320-1,-0.051077142
s_016um_00047_00243-1,0.41907984
s_016um_00107_00386-1,0.1075654
s_016um_00336_00254-1,0.11073813
s_016um_00266_00031-1,0.011656612
s_016um_00233_00261-1,0.091130264
s_016um_00410_00105-1,0.23422296
s_016um_00266_00033-1,0.0365427
s_016um_00189_00126-1,0.28455213
s_016um_00078_00295-1,0.120674804
s_016um_00047_00245-1,0.09230731
s_016um_00274_00132-1,0.049676657
s_016um_00225_00239-1,0.04719709
s_016um_00215_00279-1,-0.04809749
s_016um_00092_00278-1,-0.018009037
s_016um_00399_00215-1,0.22215126
s_016um_00394_00362-1,0.44725722
s_016um_00374_00139-1,0.08727827
s_016um_00225_00244-1,-0.06622042
s_016um_00219_00025-1,-0.007948726
s_016um_00079_00249-1,0.07273313
s_016um_00327_00211-1,0.021527216
s_016um_00010_00215-1,0.39822775
s_016um_00412_00139-1,0.21410589
s_016um_00096_00317-1,-0.14533006
s_016um_00130_00384-1,0.18260969
s_016um_00039_00175-1,0.11928655
s_016um_00215_00016-1,0.29728538
s_016um_00167_00127-1,0.2085694
s_016um_00077_00245-1,-0.045444295
s_016um_00371_00125-1,0.052736066
s_016um_00240_00088-1,0.24359548
s_016um_00280_00323-1,0.17370804
s_016um_00223_00028-1,0.2162081
s_016um_00139_00216-1,0.29930985
s_016um_00133_00226-1,-0.010158479
s_016um_00389_00338-1,0.100039504
s_016um_00365_00097-1,0.04456915
s_016um_00073_00240-1,0.11722953
s_016um_00129_00390-1,0.01968366
s_016um_00214_00016-1,0.6829116
s_016um_00071_00248-1,0.13482417
s_016um_00044_00204-1,0.112660624
s_016um_00101_00068-1,0.18909733
s_016um_00184_00033-1,-0.009018362
s_016um_00126_00086-1,0.041873217
s_016um_00098_00025-1,0.49888015
s_016um_00080_00198-1,0.5240547
s_016um_00067_00236-1,0.5976312
s_016um_00320_00303-1,0.21006523
s_016um_00169_00377-1,0.23251963
s_016um_00391_00295-1,0.044758275
s_016um_00043_00210-1,-0.054872572
s_016um_00401_00123-1,0.24002491
s_016um_00081_00028-1,0.14610553
s_016um_00277_00047-1,0.073160216
s_016um_00290_00098-1,0.26054326
s_016um_00233_00359-1,0.06771639
s_016um_00232_00357-1,0.0672806
s_016um_00228_00235-1,-0.029061943
s_016um_00101_00064-1,0.12483622
s_016um_00370_00097-1,0.18456703
s_016um_00032_00088-1,0.0136707425
s_016um_00388_00127-1,0.03850214
s_016um_00135_00322-1,1.5932055
s_016um_00288_00095-1,0.11494818
s_016um_00041_00179-1,0.25525054
s_016um_00146_00057-1,-0.019310921
s_016um_00234_00264-1,0.083030224
s_016um_00044_00045-1,0.06353625
s_016um_00055_00243-1,0.3744872
s_016um_00334_00211-1,0.119064346
s_016um_00201_00147-1,0.1236888
s_016um_00414_00135-1,0.013503864
s_016um_00221_00026-1,0.14389175
s_016um_00269_00031-1,0.44759858
s_016um_00127_00229-1,0.04938951
s_016um_00139_00077-1,0.20982215
s_016um_00046_00206-1,0.18958025
s_016um_00212_00031-1,0.32988012
s_016um_00253_00023-1,0.13250023
s_016um_00102_00388-1,0.22631669
s_016um_00306_00053-1,0.11540207
s_016um_00215_00292-1,-0.007346928
s_016um_00103_00065-1,0.045311272
s_016um_00090_00273-1,0.052755497
s_016um_00409_00103-1,0.23181047
s_016um_00098_00024-1,0.1329596
s_016um_00043_00172-1,0.047146022
s_016um_00353_00089-1,0.2118528
s_016um_00118_00146-1,0.07962262
s_016um_00399_00217-1,0.020014435
s_016um_00193_00124-1,0.41242155
s_016um_00125_00091-1,0.11179268
s_016um_00014_00268-1,0.31680536
s_016um_00206_00153-1,-0.05521655
s_016um_00096_00319-1,-0.03432204
s_016um_00363_00098-1,0.18743043
s_016um_00114_00315-1,0.06292797
s_016um_00055_00244-1,0.3217622
s_016um_00329_00254-1,0.120396435
s_016um_00087_00196-1,0.17155258
s_016um_00009_00157-1,-0.0074994117
s_016um_00074_00246-1,0.012079686
s_016um_00200_00150-1,0.61449254
s_016um_00009_00301-1,-0.0010364652
s_016um_00151_00394-1,0.21014759
s_016um_00393_00368-1,0.032039344
s_016um_00081_00198-1,0.21101215
s_016um_00277_00328-1,0.11955942
s_016um_00038_00045-1,0.30752563
s_016um_00397_00365-1,0.23197997
s_016um_00132_00385-1,0.1238025
s_016um_00399_00365-1,0.20091245
s_016um_00101_00386-1,0.1840153
s_016um_00409_00146-1,0.079381436
s_016um_00123_00146-1,-0.036957905
s_016um_00379_00138-1,0.040118784
s_016um_00265_00334-1,0.14569612
s_016um_00075_00253-1,0.6735818
s_016um_00372_00145-1,0.8820704
s_016um_00245_00084-1,0.27435315
s_016um_00266_00329-1,0.07564109
s_016um_00404_00127-1,0.53892905
s_016um_00143_00021-1,0.22927174
s_016um_00037_00096-1,0.06210625
s_016um_00215_00017-1,0.43138444
s_016um_00417_00136-1,0.032545045
s_016um_00192_00122-1,0.60435885
s_016um_00077_00237-1,0.09307352
s_016um_00329_00214-1,0.1606039
s_016um_00220_00228-1,0.04878445
s_016um_00027_00334-1,0.25492522
s_016um_00356_00294-1,0.04708785
s_016um_00373_00141-1,-0.011033744
s_016um_00276_00053-1,0.41737485
s_016um_00098_00032-1,0.03183326
s_016um_00345_00214-1,-0.05678986
s_016um_00130_00322-1,-0.002740875
s_016um_00093_00276-1,0.10661666
s_016um_00036_00045-1,0.037725464
s_016um_00215_00294-1,0.30934834
s_016um_00285_00100-1,-0.0063007027
s_016um_00404_00145-1,0.046441376
s_016um_00224_00334-1,0.06886315
s_016um_00083_00263-1,0.058186784
s_016um_00395_00359-1,0.45257944
s_016um_00044_00219-1,0.015896156
s_016um_00265_00059-1,0.3318082
s_016um_00116_00144-1,0.9255139
s_016um_00194_00125-1,0.26207942
s_016um_00308_00056-1,0.21773131
s_016um_00008_00209-1,0.2269489
s_016um_00125_00090-1,0.24980548
s_016um_00031_00090-1,-0.014528155
s_016um_00219_00014-1,-0.039061815
s_016um_00415_00143-1,0.053465284
s_016um_00038_00174-1,-0.026442736
s_016um_00279_00328-1,0.12882182
s_016um_00227_00246-1,-0.120778725
s_016um_00132_00321-1,1.0658113
s_016um_00151_00400-1,0.037672848
s_016um_00382_00139-1,0.07325872
s_016um_00162_00291-1,0.22675715
s_016um_00111_00319-1,0.4266557
s_016um_00263_00060-1,0.22513188
s_016um_00170_00375-1,0.24946988
s_016um_00406_00402-1,3.1339011
s_016um_00328_00215-1,-0.068364084
s_016um_00080_00296-1,0.06687639
s_016um_00075_00251-1,0.08280247
s_016um_00241_00188-1,0.121202946
s_016um_00263_00333-1,0.13042448
s_016um_00017_00266-1,-0.016769886
s_016um_00131_00225-1,0.017035097
s_016um_00181_00028-1,0.012707159
s_016um_00217_00013-1,0.26996955
s_016um_00221_00017-1,0.46003848
s_016um_00083_00192-1,0.22982013
s_016um_00079_00200-1,0.25961605
s_016um_00071_00249-1,0.12530334
s_016um_00264_00335-1,0.09844781
s_016um_00152_00401-1,0.13345367
s_016um_00275_00325-1,0.09986362
s_016um_00279_00136-1,0.08083729
s_016um_00042_00174-1,0.22057158
s_016um_00217_00228-1,0.015424624
s_016um_00164_00292-1,-0.042004123
s_016um_00414_00139-1,0.16240877
s_016um_00287_00099-1,0.00030134618
s_016um_00392_00291-1,0.037545428
s_016um_00105_00317-1,0.11549571
s_016um_00267_00031-1,0.17253006
s_016um_00033_00337-1,-0.032767326
s_016um_00033_00006-1,0.09438832
s_016um_00146_00019-1,0.1534223
s_016um_00376_00124-1,0.07059983
s_016um_00144_00056-1,-0.019177675
s_016um_00041_00238-1,0.1392767
s_016um_00330_00250-1,0.013861001
s_016um_00276_00135-1,0.20261295
s_016um_00387_00340-1,0.113074034
s_016um_00100_00068-1,0.06740082
s_016um_00279_00323-1,0.48723674
s_016um_00229_00246-1,-0.023992032
s_016um_00307_00057-1,0.29616225
s_016um_00395_00342-1,0.21171694
s_016um_00270_00028-1,0.1381707
s_016um_00345_00212-1,0.24491285
s_016um_00394_00183-1,0.040508866
s_016um_00079_00243-1,-0.018997267
s_016um_00341_00402-1,0.28621367
s_016um_00009_00215-1,0.26171225
s_016um_00414_00101-1,0.106842056
s_016um_00121_00143-1,1.6368424
s_016um_00009_00292-1,0.04944673
s_016um_00235_00260-1,0.0009937584
s_016um_00082_00237-1,0.21515086
s_016um_00165_00125-1,0.5114717
s_016um_00152_00400-1,-0.000714466
s_016um_00102_00387-1,-0.00080907345
s_016um_00025_00088-1,0.0658376
s_016um_00079_00251-1,0.02755493
s_016um_00216_00171-1,0.39748412
s_016um_00265_00328-1,-0.035682812
s_016um_00011_00298-1,0.03769608
s_016um_00010_00301-1,0.0951221
s_016um_00276_00202-1,0.10260436
s_016um_00167_00130-1,0.17568639
s_016um_00356_00288-1,0.2234548
s_016um_00128_00094-1,0.2460745
s_016um_00094_00030-1,0.45340186
s_016um_00098_00323-1,0.002668947
s_016um_00063_00132-1,-0.03874643
s_016um_00145_00401-1,-0.06519422
s_016um_00387_00292-1,0.26623434
s_016um_00242_00087-1,0.021642536
s_016um_00087_00065-1,1.1140071
s_016um_00059_00242-1,0.15730108
s_016um_00326_00118-1,0.21129549
s_016um_00407_00145-1,0.10765811
s_016um_00112_00318-1,0.07833676
s_016um_00011_00294-1,0.35264173
s_016um_00370_00095-1,0.15538503
s_016um_00007_00207-1,0.19213131
s_016um_00162_00292-1,0.056912065
s_016um_00139_00020-1,0.099047266
s_016um_00384_00135-1,0.34548652
s_016um_00090_00265-1,-0.036764473
s_016um_00332_00255-1,0.10290661
s_016um_00270_00327-1,0.1272115
s_016um_00388_00131-1,0.023704633
s_016um_00004_00152-1,0.119434424
s_016um_00204_00149-1,0.13482112
s_016um_00196_00094-1,0.6173994
s_016um_00273_00315-1,0.6017128
s_016um_00036_00097-1,0.045519084
s_016um_00036_00173-1,0.2587898
s_016um_00215_00296-1,0.1547459
s_016um_00257_00189-1,0.069328554
s_016um_00380_00133-1,0.1755983
s_016um_00129_00090-1,0.40992594
s_016um_00354_00116-1,0.14702149
s_016um_00063_00233-1,0.38880855
s_016um_00234_00091-1,0.2427367
s_016um_00213_00291-1,-0.054677054
s_016um_00044_00205-1,0.318358
s_016um_00133_00315-1,0.9687381
s_016um_00034_00006-1,0.10893407
s_016um_00365_00094-1,0.107914016
s_016um_00334_00250-1,0.059964247
s_016um_00259_00130-1,0.017234355
s_016um_00253_00019-1,0.30579722
s_016um_00236_00089-1,0.2794869
s_016um_00096_00027-1,0.29866627
s_016um_00265_00130-1,0.31561777
s_016um_00330_00251-1,0.15282705
s_016um_00098_00026-1,0.20089355
s_016um_00395_00368-1,0.5794905
s_016um_00337_00251-1,0.09631976
s_016um_00366_00228-1,0.11170149
s_016um_00279_00049-1,0.4084378
s_016um_00276_00044-1,0.06301048
s_016um_00008_00301-1,0.038149
s_016um_00279_00322-1,0.11241752
s_016um_00096_00314-1,-0.08835144
s_016um_00324_00125-1,0.11867216
s_016um_00401_00216-1,0.18605028
s_016um_00223_00243-1,0.21734615
s_016um_00222_00017-1,0.73811954
s_016um_00134_00320-1,1.1058899
s_016um_00309_00053-1,0.17187059
s_016um_00263_00336-1,0.16957201
s_016um_00104_00392-1,-0.028530613
s_016um_00364_00224-1,0.19476819
s_016um_00394_00341-1,0.08682989
s_016um_00034_00100-1,0.20387493
s_016um_00070_00230-1,0.080808885
s_016um_00396_00260-1,0.28398556
s_016um_00411_00106-1,0.07743405
s_016um_00029_00329-1,0.3172436
s_016um_00143_00019-1,0.22557458
s_016um_00326_00304-1,0.20927668
s_016um_00263_00126-1,0.09679868
s_016um_00281_00137-1,0.07854937
s_016um_00370_00124-1,0.2604643
s_016um_00081_00241-1,0.039946154
s_016um_00375_00120-1,0.072451964
s_016um_00223_00237-1,0.06409552
s_016um_00329_00255-1,0.09730056
s_016um_00355_00096-1,0.20328134
s_016um_00193_00093-1,0.09069593
s_016um_00349_00216-1,0.065362796
s_016um_00019_00270-1,0.13630961
s_016um_00094_00335-1,-0.03948754
s_016um_00146_00402-1,-0.021347731
s_016um_00058_00246-1,0.43860066
s_016um_00235_00264-1,0.06742746
s_016um_00268_00054-1,0.17726086
s_016um_00041_00171-1,0.09691966
s_016um_00409_00104-1,0.05492785
s_016um_00400_00371-1,0.23124138
s_016um_00377_00133-1,0.17242442
s_016um_00373_00142-1,0.5398816
s_016um_00269_00058-1,0.2124927
s_016um_00149_00399-1,0.07419456
s_016um_00264_00337-1,0.41899848
s_016um_00099_00065-1,0.17002068
s_016um_00164_00127-1,0.14357503
s_016um_00272_00315-1,0.021401927
s_016um_00386_00291-1,0.25549436
s_016um_00142_00055-1,-0.012172401
s_016um_00226_00247-1,0.030629694
s_016um_00012_00152-1,0.039702177
s_016um_00279_00327-1,0.3594787
s_016um_00036_00333-1,0.25297725
s_016um_00044_00203-1,0.32787383
s_016um_00165_00289-1,0.13995036
s_016um_00095_00274-1,0.1250184
s_016um_00276_00319-1,0.14758214
s_016um_00398_00219-1,0.21480472
s_016um_00087_00036-1,0.009305075
s_016um_00130_00228-1,0.03369388
s_016um_00170_00377-1,0.34998482
s_016um_00334_00216-1,0.1982218
s_016um_00040_00173-1,-0.060593322
s_016um_00282_00134-1,0.036398694
s_016um_00261_00031-1,0.1445035
s_016um_00103_00069-1,0.17484552
s_016um_00372_00095-1,-0.124627784
s_016um_00396_00259-1,-0.0644186
s_016um_00165_00288-1,0.6169315
s_016um_00167_00122-1,0.3512757
s_016um_00103_00384-1,0.17349605
s_016um_00324_00119-1,0.5565966
s_016um_00079_00279-1,0.06661941
s_016um_00404_00125-1,0.35770634
s_016um_00388_00292-1,0.16220143
s_016um_00260_00030-1,0.1891785
s_016um_00180_00031-1,0.2375582
s_016um_00327_00226-1,0.43094182
s_016um_00350_00023-1,0.2815828
s_016um_00203_00147-1,0.051279888
s_016um_00263_00059-1,0.16139019
s_016um_00236_00263-1,-0.019871905
s_016um_00228_00262-1,0.01990223
s_016um_00393_00178-1,0.28966475
s_016um_00135_00316-1,0.99265164
s_016um_00408_00149-1,0.1431018
s_016um_00395_00219-1,0.14117932
s_016um_00100_00319-1,0.055754468
s_016um_00098_00028-1,0.3971061
s_016um_00385_00134-1,0.47318202
s_016um_00373_00098-1,0.4586274
s_016um_00278_00323-1,0.08686343
s_016um_00097_00323-1,0.038424432
s_016um_00141_00074-1,0.027297407
s_016um_00021_00265-1,0.014803499
s_016um_00091_00336-1,0.0048734695
s_016um_00092_00336-1,0.01988101
s_016um_00407_00126-1,0.10087672
s_016um_00392_00364-1,0.20904976
s_016um_00100_00030-1,0.02084142
s_016um_00081_00295-1,0.046911
s_016um_00416_00143-1,0.16106915
s_016um_00328_00124-1,0.25358894
s_016um_00247_00085-1,0.20484096
s_016um_00058_00248-1,-0.052042052
s_016um_00274_00203-1,-0.13165449
s_016um_00082_00068-1,0.10743298
s_016um_00335_00217-1,0.04128997
s_016um_00006_00157-1,0.05817271
s_016um_00406_00122-1,0.07452887
s_016um_00143_00060-1,0.11857379
s_016um_00226_00244-1,-0.0011792928
s_016um_00217_00276-1,-0.031444907
s_016um_00233_00268-1,0.16685839
s_016um_00275_00226-1,0.09793217
s_016um_00217_00229-1,-0.050673947
s_016um_00256_00033-1,0.20486328
s_016um_00231_00264-1,0.33311045
s_016um_00204_00146-1,0.33475778
s_016um_00065_00124-1,0.14127262
s_016um_00394_00363-1,0.87020385
s_016um_00356_00413-1,1.1597645
s_016um_00035_00336-1,-0.097603396
s_016um_00083_00270-1,-0.007404849
s_016um_00389_00181-1,0.026232272
s_016um_00399_00255-1,0.17119732
s_016um_00409_00151-1,0.07441785
s_016um_00079_00199-1,-0.044631004
s_016um_00047_00238-1,-0.00092068315
s_016um_00395_00340-1,0.2022985
s_016um_00188_00093-1,0.040655762
s_016um_00233_00360-1,-0.1082945
s_016um_00018_00267-1,0.020986289
s_016um_00239_00182-1,0.33991295
s_016um_00214_00297-1,0.08931526
s_016um_00131_00320-1,0.5555391
s_016um_00283_00098-1,0.15125772
s_016um_00041_00046-1,0.17217907
s_016um_00229_00333-1,0.099339634
s_016um_00100_00320-1,0.061063454
s_016um_00074_00241-1,0.23282564
s_016um_00145_00022-1,0.050186127
s_016um_00202_00150-1,0.25361234
s_016um_00397_00372-1,0.4380144
s_016um_00170_00124-1,0.21457005
s_016um_00221_00012-1,0.0008414537
s_016um_00273_00032-1,0.40733486
s_016um_00006_00151-1,0.09516385
s_016um_00075_00245-1,0.352956
s_016um_00080_00196-1,0.2938707
s_016um_00158_00286-1,0.09713151
s_016um_00148_00398-1,-0.011361033
s_016um_00268_00028-1,0.20313022
s_016um_00322_00305-1,0.057275727
s_016um_00088_00029-1,0.14921181
s_016um_00012_00210-1,0.14277771
s_016um_00212_00294-1,0.058037214
s_016um_00063_00235-1,0.58116376
s_016um_00149_00395-1,0.094288826
s_016um_00164_00129-1,0.09709838
s_016um_00377_00137-1,0.18470897
s_016um_00139_00016-1,0.42665493
s_016um_00369_00120-1,0.2404398
s_016um_00267_00055-1,0.19867434
s_016um_00408_00148-1,0.015976846
s_016um_00275_00321-1,0.059191488
s_016um_00362_00288-1,0.20259535
s_016um_00236_00265-1,0.08702842
s_016um_00039_00209-1,0.14516312
s_016um_00282_00096-1,0.17846657
s_016um_00096_00321-1,0.1651429
s_016um_00218_00016-1,0.31757045
s_016um_00414_00138-1,0.0014640987
s_016um_00156_00289-1,0.0336055
s_016um_00135_00321-1,1.5147357
s_016um_00270_00225-1,0.043348625
s_016um_00401_00217-1,0.21956253
s_016um_00133_00232-1,-0.013339028
s_016um_00310_00055-1,0.23576981
s_016um_00079_00299-1,0.08630029
s_016um_00267_00057-1,1.1263789
s_016um_00332_00211-1,0.017579257
s_016um_00243_00085-1,0.13106987
s_016um_00030_00091-1,-0.033122957
s_016um_00392_00362-1,0.77717835
s_016um_00323_00224-1,-0.002344206
s_016um_00065_00132-1,-0.01633729
s_016um_00354_00026-1,0.12049278
s_016um_00325_00305-1,0.101688184
s_016um_00361_00292-1,-0.019192666
s_016um_00219_00172-1,0.212466
s_016um_00279_00051-1,0.33995444
s_016um_00408_00102-1,0.21830542
s_016um_00044_00243-1,0.1835477
s_016um_00400_00262-1,0.10327653
s_016um_00267_00028-1,0.56012636
s_016um_00223_00172-1,0.22435063
s_016um_00087_00073-1,0.084591314
s_016um_00039_00171-1,0.09665568
s_016um_00136_00070-1,0.35564947
s_016um_00270_00035-1,0.17443328
s_016um_00328_00217-1,0.11087995
s_016um_00247_00020-1,0.06820816
s_016um_00269_00334-1,0.13481553
s_016um_00398_00263-1,0.057686098
s_016um_00270_00227-1,0.027240142
s_016um_00077_00251-1,0.47141385
s_016um_00335_00256-1,0.18019834
s_016um_00062_00130-1,0.17597581
s_016um_00269_00226-1,0.069177456
s_016um_00362_00225-1,-0.012073904
s_016um_00364_00096-1,0.18362698
s_016um_00216_00277-1,0.19317827
s_016um_00093_00275-1,0.053696834
s_016um_00043_00176-1,0.108658046
s_016um_00277_00133-1,0.09714114
s_016um_00138_00072-1,-0.06712712
s_016um_00130_00318-1,1.0586058
s_016um_00323_00122-1,0.30619007
s_016um_00082_00286-1,0.07000727
s_016um_00411_00101-1,0.13800552
s_016um_00068_00125-1,0.03521304
s_016um_00096_00030-1,0.123689696
s_016um_00036_00101-1,0.12527394
s_016um_00273_00033-1,0.1863714
s_016um_00063_00236-1,0.61868715
s_016um_00144_00057-1,0.03917183
s_016um_00375_00143-1,0.022989765
s_016um_00037_00179-1,0.638387
s_016um_00080_00197-1,0.5272644
s_016um_00334_00399-1,0.52220726
s_016um_00378_00132-1,0.15984516
s_016um_00335_00397-1,0.13108847
s_016um_00198_00125-1,0.117024004
s_016um_00236_00084-1,0.23630379
s_016um_00383_00129-1,0.06932774
s_016um_00393_00185-1,0.18855348
s_016um_00224_00244-1,0.10957651
s_016um_00226_00335-1,-0.03158179
s_016um_00274_00208-1,0.04278414
s_016um_00082_00280-1,0.0026863366
s_016um_00078_00279-1,-0.033711746
s_016um_00255_00188-1,0.18799329
s_016um_00395_00215-1,0.024730965
s_016um_00135_00222-1,0.4025132
s_016um_00162_00287-1,0.7305207
s_016um_00084_00072-1,0.6156742
s_016um_00079_00248-1,-0.019779265
s_016um_00089_00269-1,0.27523166
s_016um_00399_00259-1,0.18466598
s_016um_00072_00249-1,0.08205521
s_016um_00135_00315-1,1.2876506
s_016um_00329_00302-1,0.08035607
s_016um_00396_00372-1,0.22147742
s_016um_00041_00242-1,0.41229576
s_016um_00014_00211-1,0.35280094
s_016um_00326_00302-1,0.09461986
s_016um_00058_00244-1,0.08460613
s_016um_00182_00032-1,0.19368656
s_016um_00241_00186-1,-0.0022916943
s_016um_00204_00147-1,0.12968907
s_016um_00406_00396-1,1.4143027
s_016um_00087_00072-1,0.10870162
s_016um_00218_00028-1,0.21338823
s_016um_00143_00016-1,0.160029
s_016um_00248_00027-1,-0.045996994
s_016um_00008_00210-1,0.20252006
s_016um_00408_00104-1,0.26500776
s_016um_00006_00150-1,0.062386945
s_016um_00076_00242-1,0.06458044
s_016um_00238_00092-1,0.29105982
s_016um_00236_00092-1,0.44030082
s_016um_00417_00143-1,-0.02532132
s_016um_00042_00178-1,0.3987176
s_016um_00389_00296-1,-0.06272584
s_016um_00384_00127-1,0.12931015
s_016um_00272_00207-1,0.123710304
s_016um_00386_00294-1,0.06307555
s_016um_00110_00313-1,0.029431418
s_016um_00211_00294-1,-0.0017386228
s_016um_00057_00245-1,0.14716291
s_016um_00170_00121-1,0.34272563
s_016um_00045_00218-1,0.0016571134
s_016um_00376_00134-1,0.17517357
s_016um_00040_00209-1,0.07192295
s_016um_00356_00286-1,0.04384023
s_016um_00376_00139-1,0.2205022
s_016um_00144_00061-1,-0.026406676
s_016um_00394_00339-1,0.105110765
s_016um_00327_00120-1,0.06743104
s_016um_00208_00294-1,-0.05527866
s_016um_00320_00164-1,0.09701303
s_016um_00354_00114-1,0.1997743
s_016um_00221_00024-1,-0.085828885
s_016um_00192_00098-1,0.13340953
s_016um_00337_00254-1,-0.06646751
s_016um_00223_00171-1,0.2855541
s_016um_00247_00021-1,0.057334542
s_016um_00085_00067-1,0.03353028
s_016um_00054_00249-1,0.459234
s_016um_00272_00228-1,0.002357021
s_016um_00043_00042-1,0.12910418
s_016um_00289_00097-1,-0.087408856
s_016um_00311_00057-1,0.15870893
s_016um_00275_00224-1,0.024955407
s_016um_00141_00020-1,0.19084853
s_016um_00235_00091-1,0.23437007
s_016um_00367_00145-1,0.16944173
s_016um_00418_00139-1,0.33193547
s_016um_00059_00248-1,0.04353687
s_016um_00088_00274-1,-0.04860829
s_016um_00141_00075-1,0.29841098
s_016um_00224_00173-1,0.2991448
s_016um_00275_00332-1,-0.0324568
s_016um_00077_00248-1,0.12643255
s_016um_00221_00281-1,-0.06588465
s_016um_00332_00210-1,0.13310847
s_016um_00085_00270-1,0.09442534
s_016um_00370_00098-1,0.1801076
s_016um_00359_00090-1,0.05767548
s_016um_00410_00148-1,0.21584415
s_016um_00081_00300-1,0.01340194
s_016um_00143_00219-1,0.80212784
s_016um_00043_00174-1,0.3728975
s_016um_00219_00226-1,-0.053054854
s_016um_00068_00234-1,0.1413876
s_016um_00368_00144-1,0.041907743
s_016um_00137_00219-1,0.13503438
s_016um_00114_00314-1,0.050833568
s_016um_00222_00333-1,-0.03163223
s_016um_00041_00044-1,0.085380435
s_016um_00253_00030-1,0.055114314
s_016um_00100_00065-1,0.16435148
s_016um_00012_00297-1,0.01887837
s_016um_00005_00158-1,0.124265015
s_016um_00140_00069-1,0.15703514
s_016um_00093_00271-1,0.08414444
s_016um_00040_00172-1,0.21581143
s_016um_00220_00175-1,0.1675317
s_016um_00393_00181-1,0.07618848
s_016um_00012_00215-1,0.45336282
s_016um_00218_00279-1,0.061790384
s_016um_00286_00096-1,0.23323546
s_016um_00112_00315-1,-0.040924266
s_016um_00135_00228-1,0.044554234
s_016um_00133_00087-1,0.060599945
s_016um_00059_00250-1,0.14367437
s_016um_00323_00226-1,0.050543174
s_016um_00244_00090-1,0.11107798
s_016um_00178_00027-1,0.013721272
s_016um_00342_00215-1,0.20163971
s_016um_00191_00096-1,0.11353971
s_016um_00213_00036-1,0.33094904
s_016um_00115_00149-1,0.23241489
s_016um_00393_00215-1,0.12280952
s_016um_00342_00400-1,0.46622282
s_016um_00365_00224-1,0.16764265
s_016um_00045_00242-1,0.5107898
s_016um_00318_00164-1,-0.052316368
s_016um_00079_00270-1,0.05383879
s_016um_00134_00227-1,0.04981123
s_016um_00085_00199-1,0.14571875
s_016um_00128_00317-1,0.83387005
s_016um_00082_00029-1,0.12367832
s_016um_00325_00170-1,0.034297407
s_016um_00087_00195-1,0.1342768
s_016um_00206_00147-1,0.068371415
s_016um_00128_00228-1,0.07400987
s_016um_00328_00118-1,0.25863856
s_016um_00020_00264-1,0.011487752
s_016um_00253_00025-1,-0.0036001652
s_016um_00103_00027-1,0.0365472
s_016um_00131_00093-1,0.060714297
s_016um_00132_00090-1,0.21426643
s_016um_00323_00225-1,0.094743535
s_016um_00283_00099-1,0.14888614
s_016um_00221_00328-1,-0.02595283
s_016um_00324_00301-1,0.5684201
s_016um_00085_00194-1,0.44639343
s_016um_00407_00121-1,-0.080529824
s_016um_00169_00373-1,0.14552106
s_016um_00324_00170-1,0.08145539
s_016um_00322_00303-1,0.031810954
s_016um_00170_00379-1,0.040568486
s_016um_00394_00218-1,0.081644334
s_016um_00221_00174-1,0.15268165
s_016um_00340_00217-1,0.14310521
s_016um_00223_00031-1,0.22655037
s_016um_00140_00061-1,0.14475182
s_016um_00378_00133-1,0.10329556
s_016um_00029_00337-1,0.22225764
s_016um_00215_00289-1,0.022363275
s_016um_00089_00070-1,0.13313392
s_016um_00078_00296-1,0.2145823
s_016um_00013_00209-1,-0.11727156
s_016um_00357_00292-1,0.023447514
s_016um_00130_00094-1,0.15314558
s_016um_00401_00367-1,0.1683335
s_016um_00216_00276-1,0.18852517
s_016um_00135_00071-1,0.13729522
s_016um_00269_00062-1,0.19830218
s_016um_00309_00055-1,0.08936771
s_016um_00269_00328-1,0.14752008
s_016um_00235_00085-1,0.13068512
s_016um_00201_00146-1,0.10600929
s_016um_00400_00125-1,0.4775828
s_016um_00043_00173-1,0.13086048
s_016um_00136_00229-1,0.13645272
s_016um_00217_00226-1,-0.0512148
s_016um_00081_00239-1,0.022831708
s_016um_00413_00136-1,0.22522041
s_016um_00079_00293-1,-0.029157192
s_016um_00273_00044-1,0.18681869
s_016um_00359_00289-1,-0.048364133
s_016um_00151_00398-1,0.12788692
s_016um_00218_00170-1,0.31383598
s_016um_00223_00024-1,1.4697955
s_016um_00043_00239-1,-0.11509456
s_016um_00271_00036-1,0.37249964
s_016um_00404_00261-1,0.44768274
s_016um_00035_00102-1,0.16363995
s_016um_00078_00280-1,0.2065335
s_016um_00276_00323-1,0.024284378
s_016um_00266_00336-1,-0.019931197
s_016um_00369_00119-1,0.124999
s_016um_00252_00020-1,0.26583207
s_016um_00356_00022-1,0.20912643
s_016um_00396_00185-1,-0.0025555342
s_016um_00071_00245-1,0.079343386
s_016um_00222_00028-1,0.36896592
s_016um_00410_00100-1,0.16090745
s_016um_00360_00417-1,1.5939294
s_016um_00075_00252-1,0.6161183
s_016um_00223_00225-1,-0.036858633
s_016um_00331_00256-1,0.22878367
s_016um_00348_00215-1,0.110466264
s_016um_00281_00132-1,0.09409179
s_016um_00071_00247-1,0.0987119
s_016um_00078_00249-1,0.13808444
s_016um_00070_00238-1,0.09588833
s_016um_00093_00279-1,0.03051588
s_016um_00219_00229-1,-0.046048775
s_016um_00403_00129-1,0.18214682
s_016um_00389_00340-1,0.25933516
s_016um_00041_00043-1,0.2306537
s_016um_00020_00271-1,0.123664916
s_016um_00395_00180-1,0.029526532
s_016um_00395_00358-1,0.61688125
s_016um_00085_00030-1,-0.022250712
s_016um_00044_00210-1,0.000845775
s_016um_00200_00153-1,0.27366462
s_016um_00373_00122-1,-0.035555616
s_016um_00363_00222-1,0.23048815
s_016um_00191_00098-1,0.16490255
s_016um_00080_00270-1,0.05391573
s_016um_00272_00206-1,0.29176182
s_016um_00150_00399-1,0.024376228
s_016um_00093_00277-1,-0.017553076
s_016um_00158_00287-1,0.14281808
s_016um_00166_00376-1,0.020584881
s_016um_00379_00135-1,0.4308282
s_016um_00403_00258-1,0.23917824
s_016um_00081_00299-1,0.032818988
s_016um_00013_00211-1,0.46710968
s_016um_00085_00034-1,0.23827597
s_016um_00405_00126-1,0.6240894
s_016um_00163_00125-1,0.21321741
s_016um_00361_00293-1,0.17893195
s_016um_00229_00244-1,-0.0048621
s_016um_00393_00359-1,0.72438043
s_016um_00271_00033-1,0.24148192
s_016um_00320_00225-1,0.02470383
s_016um_00102_00386-1,0.30497348
s_016um_00032_00087-1,-0.010735542
s_016um_00357_00288-1,0.032898903
s_016um_00333_00218-1,0.075730965
s_016um_00390_00179-1,0.043681562
s_016um_00394_00372-1,0.38617405
s_016um_00012_00211-1,0.007954001
s_016um_00180_00029-1,0.056698285
s_016um_00164_00123-1,0.17791685
s_016um_00095_00322-1,0.075379334
s_016um_00026_00088-1,0.03241703
s_016um_00165_00121-1,0.23947874
s_016um_00360_00413-1,0.90646935
s_016um_00400_00263-1,0.075754754
s_016um_00274_00332-1,0.0763922
s_016um_00264_00131-1,0.18924649
s_016um_00044_00239-1,-0.0011156201
s_016um_00008_00215-1,0.2571791
s_016um_00049_00238-1,-0.03945443
s_016um_00376_00136-1,0.12453571
s_016um_00109_00320-1,0.6568872
s_016um_00396_00370-1,0.12191743
s_016um_00387_00342-1,0.060444295
s_016um_00141_00019-1,0.38798594
s_016um_00390_00183-1,-0.028289229
s_016um_00202_00146-1,0.32916325
s_016um_00393_00358-1,2.0928178
s_016um_00086_00069-1,0.17664436
s_016um_00216_00016-1,0.07485813
s_016um_00138_00214-1,0.11871513
s_016um_00241_00184-1,0.024048
s_016um_00386_00130-1,-0.0062528253
s_016um_00220_00024-1,0.12086922
s_016um_00094_00320-1,-0.0039211065
s_016um_00093_00342-1,0.12881586
s_016um_00373_00119-1,0.122827664
s_016um_00407_00101-1,0.2478675
s_016um_00278_00047-1,0.06499637
s_016um_00215_00030-1,0.2352336
s_016um_00015_00211-1,0.33025426
s_016um_00135_00319-1,1.0112296
s_016um_00221_00334-1,-0.011796296
s_016um_00274_00324-1,0.053342827
s_016um_00271_00056-1,0.10836701
s_016um_00137_00072-1,-0.0033020824
s_016um_00035_00045-1,-0.023300484
s_016um_00108_00385-1,0.25681537
s_016um_00010_00150-1,0.07382459
s_016um_00194_00097-1,0.040641442
s_016um_00409_00399-1,3.2206936
s_016um_00041_00241-1,0.5925504
s_016um_00278_00133-1,0.09375391
s_016um_00108_00318-1,0.7647763
s_016um_00210_00295-1,-0.022784293
s_016um_00173_00372-1,0.07320465
s_016um_00138_00223-1,0.08807337
s_016um_00093_00273-1,0.01850149
s_016um_00018_00269-1,0.17380966
s_016um_00039_00041-1,0.111737765
s_016um_00134_00317-1,1.10047
s_016um_00111_00321-1,1.4858341
s_016um_00065_00128-1,0.12698735
s_016um_00216_00035-1,0.13880202
s_016um_00094_00274-1,0.11159092
s_016um_00415_00142-1,0.01975429
s_016um_00170_00369-1,0.016906187
s_016um_00138_00015-1,0.32929242
s_016um_00403_00395-1,2.058076
s_016um_00080_00241-1,0.01912883
s_016um_00266_00333-1,0.09366022
s_016um_00230_00249-1,-0.04266323
s_016um_00081_00268-1,0.020230204
s_016um_00331_00216-1,0.11735065
s_016um_00400_00370-1,0.19118568
s_016um_00131_00317-1,0.5604479
s_016um_00125_00385-1,0.49765044
s_016um_00356_00093-1,0.08394892
s_016um_00323_00165-1,0.14582951
s_016um_00268_00030-1,0.3524926
s_016um_00267_00032-1,0.16114539
s_016um_00132_00224-1,0.080278605
s_016um_00392_00296-1,0.6177808
s_016um_00133_00219-1,0.23916534
s_016um_00034_00088-1,0.09406013
s_016um_00223_00238-1,0.03858106
s_016um_00378_00136-1,0.06712841
s_016um_00128_00226-1,0.11386277
s_016um_00108_00387-1,0.08934781
s_016um_00393_00214-1,0.2338015
s_016um_00080_00266-1,-0.018787757
s_016um_00263_00136-1,0.54288626
s_016um_00141_00057-1,0.14741494
s_016um_00095_00316-1,0.12969777
s_016um_00040_00211-1,0.19602469
s_016um_00275_00322-1,0.22251986
s_016um_00046_00207-1,0.15573747
s_016um_00092_00340-1,0.15538403
s_016um_00090_00266-1,0.09895413
s_016um_00181_00030-1,0.02790694
s_016um_00042_00245-1,0.029188395
s_016um_00408_00097-1,0.12254764
s_016um_00418_00137-1,0.024973929
s_016um_00132_00314-1,0.5027381
s_016um_00365_00101-1,0.08827032
s_016um_00266_00032-1,0.16340847
s_016um_00083_00201-1,0.09952372
s_016um_00231_00358-1,-0.024689138
s_016um_00227_00235-1,0.102176294
s_016um_00008_00296-1,-0.025402293
s_016um_00241_00185-1,-0.049928218
s_016um_00081_00293-1,-0.04579039
s_016um_00170_00122-1,0.3035044
s_016um_00349_00021-1,0.034514338
s_016um_00011_00152-1,0.010610744
s_016um_00404_00403-1,2.8693488
s_016um_00099_00025-1,0.12416735
s_016um_00127_00094-1,0.33087188
s_016um_00395_00214-1,0.033434406
s_016um_00009_00151-1,0.019432887
s_016um_00195_00124-1,0.24565312
s_016um_00275_00047-1,-0.010751709
s_016um_00386_00292-1,0.065975145
s_016um_00241_00084-1,0.3343864
s_016um_00328_00120-1,0.049636632
s_016um_00210_00028-1,0.18840148
s_016um_00228_00232-1,1.0900346
s_016um_00394_00179-1,0.29617995
s_016um_00210_00034-1,0.11580343
s_016um_00356_00118-1,0.10201273
s_016um_00251_00025-1,0.12309414
s_016um_00205_00150-1,0.13715854
s_016um_00026_00091-1,0.25027817
s_016um_00140_00218-1,0.055830404
s_016um_00375_00121-1,0.08630924
s_016um_00040_00203-1,0.33906913
s_016um_00280_00202-1,-0.0402617
s_016um_00338_00402-1,0.044299766
s_016um_00369_00121-1,0.4697137
s_016um_00351_00021-1,0.41093752
s_016um_00083_00286-1,-0.045614123
s_016um_00082_00278-1,0.09971664
s_016um_00167_00371-1,0.009407416
s_016um_00252_00022-1,0.11071626
s_016um_00078_00238-1,-0.02360019
s_016um_00400_00212-1,-0.033666775
s_016um_00403_00398-1,2.09164
s_016um_00134_00221-1,0.13143316
s_016um_00079_00240-1,-0.061661184
s_016um_00401_00257-1,0.15520673
s_016um_00314_00059-1,-0.005686447
s_016um_00025_00087-1,0.013191566
s_016um_00335_00402-1,0.5974266
s_016um_00388_00339-1,0.20997971
s_016um_00273_00134-1,-0.047652453
s_016um_00392_00216-1,0.109554894
s_016um_00395_00178-1,0.26951846
s_016um_00157_00288-1,0.07543458
s_016um_00087_00066-1,0.4138749
s_016um_00384_00133-1,0.34255224
s_016um_00082_00267-1,-0.1253259
s_016um_00232_00356-1,0.19029208
s_016um_00355_00293-1,0.12643786
s_016um_00041_00009-1,-0.017567769
s_016um_00145_00017-1,0.1678967
s_016um_00144_00020-1,0.1694908
s_016um_00381_00136-1,0.06272735
s_016um_00078_00251-1,0.3878858
s_016um_00104_00067-1,0.18660153
s_016um_00290_00096-1,0.14272216
s_016um_00221_00172-1,0.15492558
s_016um_00247_00025-1,0.16254476
s_016um_00083_00202-1,0.06757773
s_016um_00190_00091-1,0.24696814
s_016um_00220_00227-1,-0.023239821
s_016um_00326_00126-1,0.3262549
s_016um_00091_00269-1,-0.018922776
s_016um_00375_00125-1,0.21130776
s_016um_00312_00058-1,0.13493119
s_016um_00225_00232-1,-0.0008827448
s_016um_00066_00236-1,0.1725837
s_016um_00229_00262-1,0.0124409795
s_016um_00111_00315-1,0.050682828
s_016um_00193_00090-1,0.24355075
s_016um_00061_00248-1,0.003935918
s_016um_00082_00199-1,0.1410026
s_016um_00046_00245-1,0.15290825
s_016um_00047_00217-1,0.21938284
s_016um_00091_00342-1,0.27946755
s_016um_00265_00127-1,0.1419099
s_016um_00127_00086-1,0.13590497
s_016um_00245_00089-1,0.10999497
s_016um_00058_00250-1,0.15259156
s_016um_00101_00025-1,0.10574008
s_016um_00221_00225-1,0.17548904
s_016um_00271_00328-1,0.25392318
s_016um_00395_00339-1,0.29753512
s_016um_00131_00382-1,0.04971513
s_016um_00264_00331-1,0.08384198
s_016um_00331_00258-1,-0.003868565
s_016um_00095_00338-1,0.08816169
s_016um_00139_00060-1,0.022237346
s_016um_00409_00150-1,0.20040645
s_016um_00393_00296-1,0.4499665
s_016um_00325_00304-1,0.20073786
s_016um_00286_00097-1,0.22207893
s_016um_00078_00240-1,0.009468824
s_016um_00130_00227-1,-0.053883046
s_016um_00013_00294-1,0.003425464
s_016um_00404_00146-1,-0.045096457
s_016um_00356_00120-1,0.18079475
s_016um_00036_00098-1,0.50076616
s_016um_00066_00231-1,0.045503944
s_016um_00234_00087-1,0.26210284
s_016um_00099_00029-1,0.15927155
s_016um_00238_00183-1,0.038955644
s_016um_00042_00217-1,0.0020267814
s_016um_00366_00221-1,-0.107131645
s_016um_00191_00123-1,0.40485477
s_016um_00197_00125-1,0.07123535
s_016um_00397_00367-1,0.2571445
s_016um_00063_00131-1,-0.008716792
s_016um_00141_00061-1,0.12637238
s_016um_00213_00032-1,0.45579588
s_016um_00041_00218-1,0.088865235
s_016um_00076_00240-1,0.018568426
s_016um_00206_00151-1,0.0442515
s_016um_00274_00328-1,0.7531189
s_016um_00121_00148-1,0.07294631
s_016um_00396_00214-1,-0.07964961
s_016um_00276_00204-1,-0.025924593
s_016um_00417_00142-1,0.049658686
s_016um_00172_00377-1,0.034004763
s_016um_00328_00299-1,0.07150877
s_016um_00356_00287-1,0.0711613
s_016um_00013_00300-1,0.1478526
s_016um_00127_00092-1,0.27753168
s_016um_00278_00322-1,-0.06481406
s_016um_00264_00060-1,0.35654253
s_016um_00109_00313-1,0.026982635
s_016um_00039_00105-1,0.15347919
s_016um_00088_00272-1,-0.031714603
s_016um_00414_00137-1,-0.15427776
s_016um_00401_00397-1,2.1121678
s_016um_00042_00043-1,0.045855895
s_016um_00268_00331-1,0.08546529
s_016um_00110_00321-1,0.6374224
s_016um_00009_00302-1,0.18408017
s_016um_00230_00245-1,-0.00034950674
s_016um_00222_00012-1,0.25434726
s_016um_00130_00091-1,0.19278148
s_016um_00363_00225-1,0.011171773
s_016um_00352_00093-1,0.081238754
s_016um_00097_00278-1,0.08709598
s_016um_00076_00244-1,0.0331448
s_016um_00281_00314-1,0.05467949
s_016um_00261_00186-1,0.28918722
s_016um_00307_00052-1,0.089966975
s_016um_00087_00197-1,0.08441816
s_016um_00086_00028-1,0.12548332
s_016um_00044_00178-1,0.10101282
s_016um_00402_00147-1,-0.071911916
s_016um_00061_00243-1,0.062298074
s_016um_00347_00217-1,0.0506375
s_016um_00212_00296-1,0.083178684
s_016um_00310_00061-1,0.17432952
s_016um_00209_00291-1,0.1225868
s_016um_00371_00117-1,0.39694193
s_016um_00261_00027-1,0.037659675
s_016um_00034_00099-1,0.088946655
s_016um_00368_00121-1,0.1047856
s_016um_00340_00214-1,0.0795409
s_016um_00081_00281-1,0.08900651
s_016um_00411_00104-1,0.19424586
s_016um_00078_00300-1,0.053462073
s_016um_00088_00273-1,-0.012325436
s_016um_00145_00060-1,0.042181164
s_016um_00272_00205-1,0.39544696
s_016um_00334_00257-1,0.14544201
s_016um_00332_00251-1,0.32923692
s_016um_00278_00321-1,-0.020968497
s_016um_00350_00021-1,0.26482055
s_016um_00189_00128-1,0.17595826
s_016um_00130_00319-1,1.5710605
s_016um_00190_00121-1,0.4323532
s_016um_00167_00370-1,0.092194736
s_016um_00234_00088-1,0.21146901
s_016um_00203_00152-1,0.24353375
s_016um_00343_00216-1,0.1531938
s_016um_00282_00326-1,0.024411172
s_016um_00266_00060-1,0.4700262
s_016um_00011_00208-1,0.39433908
s_016um_00280_00138-1,0.16264816
s_016um_00234_00268-1,-0.09324311
s_016um_00403_00402-1,3.0860386
s_016um_00164_00287-1,0.69523096
s_016um_00134_00229-1,0.023306027
s_016um_00213_00033-1,0.38094106
s_016um_00232_00264-1,0.079527766
s_016um_00240_00090-1,0.14974852
s_016um_00142_00216-1,0.45296383
s_016um_00134_00217-1,0.23425926
s_016um_00341_00213-1,0.16168267
s_016um_00236_00185-1,0.23032796
s_016um_00221_00279-1,-0.024216205
s_016um_00321_00164-1,0.04829052
s_016um_00272_00329-1,0.33135682
s_016um_00414_00097-1,0.033443466
s_016um_00357_00119-1,0.104710855
s_016um_00259_00026-1,0.010109901
s_016um_00145_00397-1,0.12772311
s_016um_00144_00059-1,0.318688
s_016um_00358_00287-1,-0.06300607
s_016um_00092_00270-1,0.078471795
s_016um_00366_00230-1,0.053348765
s_016um_00358_00409-1,0.6046886
s_016um_00078_00246-1,0.022336587
s_016um_00237_00355-1,0.096222766
s_016um_00047_00212-1,0.064541735
s_016um_00040_00216-1,0.5448473
s_016um_00335_00252-1,0.23981091
s_016um_00037_00176-1,0.18150362
s_016um_00079_00195-1,0.31413752
s_016um_00217_00169-1,0.24903616
s_016um_00096_00279-1,-0.01631014
s_016um_00007_00213-1,0.06384437
s_016um_00335_00399-1,0.64067304
s_016um_00237_00361-1,-0.03564401
s_016um_00395_00370-1,0.072420105
s_016um_00092_00337-1,0.23203716
s_016um_00087_00070-1,0.15735745
s_016um_00039_00010-1,0.046929926
s_016um_00217_00171-1,0.21401492
s_016um_00009_00153-1,0.0022562295
s_016um_00216_00010-1,0.19606559
s_016um_00136_00216-1,0.3370885
s_016um_00017_00265-1,0.0764602
s_016um_00098_00067-1,0.12704095
s_016um_00343_00217-1,0.099805064
s_016um_00022_00268-1,0.064669065
s_016um_00018_00273-1,0.048297837
s_016um_00242_00089-1,0.27855444
s_016um_00383_00132-1,0.07180878
s_016um_00222_00328-1,0.112235494
s_016um_00349_00023-1,0.25369793
s_016um_00091_00277-1,0.07051837
s_016um_00135_00074-1,0.19996016
s_016um_00413_00097-1,-0.0044775903
s_016um_00086_00200-1,0.08841343
s_016um_00250_00020-1,0.56054
s_016um_00218_00166-1,0.27319723
s_016um_00367_00225-1,-0.023869142
s_016um_00209_00295-1,-0.026408553
s_016um_00090_00335-1,0.05810368
s_016um_00219_00173-1,0.1906167
s_016um_00077_00297-1,0.081032306
s_016um_00379_00140-1,0.3144083
s_016um_00041_00045-1,-0.030131191
s_016um_00392_00361-1,0.88646495
s_016um_00391_00365-1,0.029163212
s_016um_00258_00029-1,0.27797768
s_016um_00145_00016-1,0.13689764
s_016um_00356_00411-1,0.8146761
s_016um_00331_00214-1,-0.085984305
s_016um_00085_00196-1,0.23542544
s_016um_00038_00176-1,0.019759327
s_016um_00090_00275-1,-0.041868493
s_016um_00409_00097-1,0.0656198
s_016um_00405_00401-1,2.9666283
s_016um_00402_00125-1,0.10309432
s_016um_00221_00237-1,0.02457665
s_016um_00083_00280-1,0.1697182
s_016um_00104_00073-1,0.12371425
s_016um_00267_00061-1,0.034240186
s_016um_00359_00115-1,0.29338306
s_016um_00094_00277-1,0.0650721
s_016um_00079_00298-1,0.047202706
s_016um_00082_00028-1,0.007901832
s_016um_00262_00336-1,0.019580916
s_016um_00215_00031-1,0.37982398
s_016um_00259_00131-1,0.15013316
s_016um_00279_00324-1,0.16730976
s_016um_00397_00362-1,0.32470208
s_016um_00259_00030-1,0.35038918
s_016um_00291_00096-1,0.22140212
s_016um_00142_00057-1,0.05696395
s_016um_00353_00119-1,0.052378744
s_016um_00205_00145-1,0.3265447
s_016um_00375_00119-1,0.2871462
s_016um_00086_00065-1,0.72966635
s_016um_00114_00317-1,-0.03495808
s_016um_00083_00282-1,0.0039314926
s_016um_00079_00244-1,0.088322915
s_016um_00093_00337-1,0.23343632
s_016um_00281_00135-1,-0.069575116
s_016um_00216_00280-1,-0.08339332
s_016um_00163_00289-1,0.092988946
s_016um_00358_00121-1,0.06354424
s_016um_00277_00203-1,-0.007127881
s_016um_00340_00401-1,0.22668792
s_016um_00064_00125-1,0.018210262
s_016um_00096_00069-1,0.1426498
s_016um_00010_00297-1,0.06077545
s_016um_00324_00168-1,0.12434861
s_016um_00291_00099-1,0.15876453
s_016um_00402_00261-1,0.06819026
s_016um_00068_00129-1,0.10428229
s_016um_00037_00106-1,0.30343306
s_016um_00329_00215-1,0.5408032
s_016um_00394_00361-1,0.35002923
s_016um_00398_00373-1,0.55503696
s_016um_00102_00027-1,0.39495438
s_016um_00400_00122-1,0.13318837
s_016um_00402_00120-1,0.012452394
s_016um_00043_00204-1,0.023989543
s_016um_00062_00246-1,0.0017989725
s_016um_00278_00315-1,0.22612885
s_016um_00367_00226-1,0.08677502
s_016um_00182_00029-1,0.2474272
s_016um_00132_00087-1,0.052709028
s_016um_00135_00226-1,0.054354988
s_016um_00325_00306-1,0.04028465
s_016um_00077_00243-1,-0.028400168
s_016um_00332_00254-1,0.21110256
s_016um_00275_00136-1,0.20410514
s_016um_00272_00034-1,0.19545826
s_016um_00214_00030-1,0.22987589
s_016um_00160_00293-1,0.10674305
s_016um_00135_00230-1,-0.021410614
s_016um_00039_00046-1,0.1269182
s_016um_00236_00354-1,0.2084336
s_016um_00134_00314-1,1.8856361
s_016um_00105_00072-1,0.12943581
s_016um_00227_00245-1,-0.07962398
s_016um_00129_00389-1,0.1529341
s_016um_00409_00099-1,0.039327636
s_016um_00205_00146-1,0.48500443
s_016um_00034_00004-1,0.16993487
s_016um_00031_00336-1,-0.060990646
s_016um_00222_00235-1,0.14187106
s_016um_00406_00395-1,1.3257141
s_016um_00129_00095-1,0.54642856
s_016um_00144_00018-1,0.17335287
s_016um_00393_00298-1,0.4397474
s_016um_00389_00291-1,0.1799407
s_016um_00186_00029-1,0.15713349
s_016um_00400_00369-1,0.3145421
s_016um_00221_00238-1,0.008716211
s_016um_00232_00269-1,0.09811962
s_016um_00265_00337-1,0.23831898
s_016um_00082_00296-1,0.004608974
s_016um_00140_00223-1,0.2600964
s_016um_00334_00217-1,0.043223202
s_016um_00128_00315-1,-0.02271697
s_016um_00197_00122-1,0.26026386
s_016um_00333_00259-1,0.19455525
s_016um_00407_00124-1,0.013287276
s_016um_00042_00172-1,0.19873527
s_016um_00394_00365-1,0.25084043
s_016um_00184_00027-1,-0.007999882
s_016um_00007_00154-1,0.044165805
s_016um_00183_00032-1,0.1399782
s_016um_00069_00126-1,0.119669326
s_016um_00329_00212-1,-0.019224077
s_016um_00082_00072-1,0.17912805
s_016um_00191_00126-1,0.3541596
s_016um_00178_00033-1,0.1107434
s_016um_00222_00236-1,0.29162833
s_016um_00178_00030-1,0.06049581
s_016um_00124_00385-1,0.29691583
s_016um_00097_00321-1,0.31192964
s_016um_00222_00246-1,-0.08286129
s_016um_00324_00305-1,0.058424808
s_016um_00287_00096-1,0.34108996
s_016um_00256_00188-1,0.2916944
s_016um_00313_00057-1,0.07998577
s_016um_00407_00152-1,0.039426804
s_016um_00172_00375-1,0.3111745
s_016um_00265_00128-1,0.22353497
s_016um_00076_00293-1,0.15487184
s_016um_00138_00075-1,0.041469753
s_016um_00230_00264-1,-0.06948103
s_016um_00223_00333-1,0.025209546
s_016um_00335_00253-1,0.22253452
s_016um_00254_00030-1,0.16665417
s_016um_00163_00122-1,0.038156524
s_016um_00193_00091-1,0.21907252
s_016um_00262_00335-1,0.084379576
s_016um_00007_00152-1,0.002648577
s_016um_00140_00017-1,0.135198
s_016um_00325_00224-1,0.021948874
s_016um_00306_00054-1,0.2856896
s_016um_00261_00330-1,0.26128334
s_016um_00388_00299-1,0.097484015
s_016um_00223_00226-1,0.062149897
s_016um_00124_00387-1,0.015921772
s_016um_00085_00193-1,0.22780018
s_016um_00357_00416-1,1.6987547
s_016um_00222_00227-1,0.09453668
s_016um_00077_00295-1,0.040920064
s_016um_00218_00228-1,0.07965855
s_016um_00274_00313-1,-0.008837089
s_016um_00091_00335-1,0.059012145
s_016um_00271_00329-1,0.0986296
s_016um_00391_00340-1,0.11995707
s_016um_00391_00362-1,0.27045375
s_016um_00322_00166-1,0.11197092
s_016um_00393_00370-1,0.12717251
s_016um_00361_00417-1,1.4904895
s_016um_00213_00283-1,0.020328626
s_016um_00162_00289-1,0.22064403
s_016um_00131_00385-1,0.091632456
s_016um_00077_00239-1,0.08195475
s_016um_00031_00091-1,-0.017555878
s_016um_00342_00398-1,0.29369384
s_016um_00091_00271-1,0.008463681
s_016um_00277_00135-1,0.17598529
s_016um_00394_00182-1,0.25664952
s_016um_00353_00096-1,0.10239083
s_016um_00313_00053-1,0.18041427
s_016um_00031_00333-1,0.0076669753
s_016um_00404_00256-1,0.099219166
s_016um_00007_00296-1,-0.076615885
s_016um_00269_00229-1,0.04536292
s_016um_00324_00231-1,0.1397509
s_016um_00033_00101-1,0.3286071
s_016um_00043_00048-1,0.05424664
s_016um_00029_00089-1,0.13863936
s_016um_00264_00129-1,0.049224004
s_016um_00074_00243-1,0.058983244
s_016um_00096_00025-1,0.22728463
s_016um_00218_00011-1,0.01829502
s_016um_00401_00366-1,0.121664114
s_016um_00260_00026-1,0.14434764
s_016um_00084_00199-1,0.047774017
s_016um_00208_00295-1,-0.04185979
s_016um_00195_00121-1,0.11090881
s_016um_00238_00089-1,0.44002134
s_016um_00392_00295-1,0.19768466
s_016um_00180_00027-1,0.0052418113
s_016um_00380_00138-1,0.06401728
s_016um_00190_00097-1,0.062359847
s_016um_00042_00238-1,0.35674924
s_016um_00333_00211-1,-0.05888775
s_016um_00237_00189-1,0.06974166
s_016um_00274_00227-1,0.03438911
s_016um_00099_00318-1,0.1787264
s_016um_00134_00222-1,0.081057675
s_016um_00405_00150-1,0.23885061
s_016um_00402_00262-1,0.06747287
s_016um_00236_00261-1,0.19806848
s_016um_00356_00024-1,0.048667938
s_016um_00140_00016-1,0.2500866
s_016um_00116_00143-1,0.6695564
s_016um_00399_00260-1,0.093484886
s_016um_00238_00361-1,0.017854601
s_016um_00214_00012-1,0.122463554
s_016um_00276_00134-1,0.09120193
s_016um_00049_00243-1,0.5898554
s_016um_00222_00225-1,0.1982582
s_016um_00031_00330-1,0.24194734
s_016um_00321_00306-1,0.041041464
s_016um_00400_00217-1,0.077605695
s_016um_00082_00200-1,0.14760417
s_016um_00134_00216-1,0.108044095
s_016um_00137_00075-1,0.021629646
s_016um_00079_00242-1,0.03318551
s_016um_00357_00410-1,0.48183924
s_016um_00194_00123-1,0.09880406
s_016um_00359_00286-1,0.07580627
s_016um_00233_00260-1,-0.03962691
s_016um_00279_00317-1,0.12512492
s_016um_00170_00123-1,0.09570727
s_016um_00290_00094-1,0.28984368
s_016um_00056_00250-1,-0.0047120303
s_016um_00268_00057-1,0.6956812
s_016um_00400_00401-1,2.985619
s_016um_00414_00099-1,0.026187882
s_016um_00354_00117-1,0.21567251
s_016um_00396_00216-1,-0.017823532
s_016um_00274_00326-1,0.020194799
s_016um_00224_00246-1,0.052283205
s_016um_00371_00119-1,0.21983424
s_016um_00413_00142-1,0.18804725
s_016um_00234_00356-1,-0.052664638
s_016um_00336_00258-1,0.08660728
s_016um_00254_00025-1,0.003667459
s_016um_00230_00266-1,0.111091174
s_016um_00101_00065-1,0.10963776
s_016um_00221_00018-1,0.57481873
s_016um_00220_00031-1,0.22057636
s_016um_00131_00232-1,0.046929836
s_016um_00398_00181-1,0.08378494
s_016um_00131_00227-1,0.08869171
s_016um_00322_00227-1,0.0638559
s_016um_00416_00141-1,0.107066385
s_016um_00214_00290-1,-0.016734973
s_016um_00096_00275-1,-0.055756196
s_016um_00110_00314-1,-0.010280624
s_016um_00353_00018-1,0.021986753
s_016um_00400_00396-1,1.8402215
s_016um_00064_00238-1,0.19202231
s_016um_00093_00278-1,0.044536114
s_016um_00083_00271-1,-0.08197172
s_016um_00203_00153-1,0.2576143
s_016um_00277_00046-1,0.055798404
s_016um_00040_00047-1,0.10105857
s_016um_00234_00360-1,-0.03986019
s_016um_00229_00266-1,0.047296822
s_016um_00279_00207-1,0.100224316
s_016um_00400_00218-1,0.11262418
s_016um_00150_00395-1,0.3502041
s_016um_00387_00127-1,0.83342755
s_016um_00391_00363-1,0.3562909
s_016um_00375_00124-1,0.100175895
s_016um_00210_00294-1,0.17523772
s_016um_00169_00126-1,0.19129713
s_016um_00224_00249-1,-0.06499562
s_016um_00006_00214-1,0.13410518
s_016um_00307_00058-1,0.27156875
s_016um_00269_00032-1,0.25854766
s_016um_00261_00336-1,0.052176513
s_016um_00354_00414-1,1.4095526
s_016um_00352_00120-1,0.118856125
s_016um_00258_00186-1,0.22656459
s_016um_00027_00332-1,0.19533257
s_016um_00067_00231-1,0.043204024
s_016um_00362_00291-1,0.07968053
s_016um_00382_00129-1,0.15621214
s_016um_00318_00165-1,0.3021598
s_016um_00386_00134-1,0.38758624
s_016um_00264_00191-1,0.018078938
s_016um_00361_00412-1,1.4722533
s_016um_00096_00029-1,0.7256608
s_016um_00213_00027-1,0.18395142
s_016um_00258_00189-1,0.15471368
s_016um_00392_00298-1,0.49442732
s_016um_00361_00411-1,0.98202235
s_016um_00266_00334-1,0.04840161
s_016um_00368_00100-1,0.31312847
s_016um_00353_00290-1,0.2660278
s_016um_00344_00213-1,0.10915013
s_016um_00369_00100-1,0.32759196
s_016um_00079_00196-1,0.17202476
s_016um_00388_00133-1,0.016851813
s_016um_00357_00290-1,0.23466608
s_016um_00370_00119-1,0.39695546
s_016um_00148_00395-1,0.23400131
s_016um_00372_00119-1,0.16786286
s_016um_00193_00098-1,0.078757495
s_016um_00168_00122-1,0.07117154
s_016um_00107_00314-1,0.022641823
s_016um_00244_00085-1,0.22161302
s_016um_00101_00031-1,0.086992696
s_016um_00035_00332-1,0.1048044
s_016um_00134_00072-1,0.1373168
s_016um_00243_00089-1,0.2180154
s_016um_00353_00019-1,0.48880023
s_016um_00194_00092-1,-0.089906946
s_016um_00263_00334-1,0.24588922
s_016um_00410_00101-1,-0.041013926
s_016um_00084_00067-1,0.06248363
s_016um_00146_00397-1,0.054261275
s_016um_00132_00320-1,1.0140953
s_016um_00233_00089-1,0.090210944
s_016um_00042_00205-1,0.69004554
s_016um_00262_00331-1,-0.00534451
s_016um_00043_00045-1,0.21357685
s_016um_00220_00235-1,0.16354881
s_016um_00330_00123-1,0.060322657
s_016um_00222_00238-1,0.038523585
s_016um_00013_00215-1,0.19709046
s_016um_00222_00032-1,0.008534983
s_016um_00041_00173-1,0.15160725
s_016um_00140_00055-1,-0.008964449
s_016um_00254_00031-1,0.15221764
s_016um_00064_00230-1,0.14761658
s_016um_00333_00255-1,0.17075795
s_016um_00401_00263-1,0.24950223
s_016um_00390_00184-1,0.23562856
s_016um_00385_00133-1,0.4038527
s_016um_00273_00049-1,0.3981768
s_016um_00082_00070-1,0.024861634
s_016um_00269_00055-1,1.4385983
s_016um_00271_00227-1,0.13023138
s_016um_00322_00226-1,0.031802088
s_016um_00333_00257-1,0.14359474
s_016um_00255_00031-1,0.1349142
s_016um_00389_00293-1,0.2385015
s_016um_00012_00207-1,0.114326894
s_016um_00044_00241-1,0.3685335
s_016um_00327_00298-1,0.061708733
s_016um_00027_00090-1,0.13806923
s_016um_00248_00023-1,0.55866677
s_016um_00094_00275-1,-0.009850383
s_016um_00098_00316-1,0.08967615
s_016um_00087_00031-1,0.09757414
s_016um_00194_00090-1,0.085007586
s_016um_00203_00154-1,0.1110745
s_016um_00362_00413-1,1.7059184
s_016um_00196_00126-1,0.0625254
s_016um_00357_00092-1,0.30607492
s_016um_00228_00327-1,-0.12256037
s_016um_00168_00377-1,0.17363226
s_016um_00088_00271-1,-0.08987324
s_016um_00413_00139-1,0.30115408
s_016um_00092_00319-1,-0.053683177
s_016um_00067_00233-1,-0.0014613271
s_016um_00188_00125-1,0.088624954
s_016um_00216_00230-1,-0.018577158
s_016um_00340_00219-1,0.10307122
s_016um_00255_00032-1,0.10072444
s_016um_00105_00069-1,0.07027861
s_016um_00069_00128-1,0.012360632
s_016um_00266_00030-1,0.05602403
s_016um_00095_00320-1,-0.06039512
s_016um_00038_00046-1,0.08552124
s_016um_00268_00336-1,-0.013001323
s_016um_00269_00057-1,0.14934592
s_016um_00385_00297-1,0.09636965
s_016um_00033_00091-1,0.068152085
s_016um_00043_00207-1,0.1941928
s_016um_00355_00416-1,1.311821
s_016um_00232_00355-1,0.07841243
s_016um_00213_00295-1,0.077804536
s_016um_00074_00237-1,-0.14729021
s_016um_00276_00132-1,0.008596152
s_016um_00209_00293-1,-0.017836899
s_016um_00084_00065-1,0.0495646
s_016um_00262_00190-1,0.16684648
s_016um_00006_00209-1,0.13683613
s_016um_00161_00291-1,0.10558069
s_016um_00099_00320-1,-0.022457406
s_016um_00079_00265-1,0.07922077
s_016um_00402_00257-1,0.09181368
s_016um_00238_00187-1,0.06485287
s_016um_00191_00121-1,0.35170555
s_016um_00136_00076-1,0.12339364
s_016um_00192_00093-1,0.14775051
s_016um_00311_00053-1,0.013334215
s_016um_00274_00134-1,0.040854603
s_016um_00054_00250-1,0.15821472
s_016um_00211_00035-1,0.10564014
s_016um_00360_00292-1,-0.049309447
s_016um_00086_00281-1,-0.046411052
s_016um_00170_00373-1,0.11804421
s_016um_00142_00022-1,0.2777338
s_016um_00308_00058-1,0.16178331
s_016um_00028_00333-1,0.044201374
s_016um_00189_00093-1,0.09449653
s_016um_00160_00286-1,0.33776164
s_016um_00360_00118-1,0.08367628
s_016um_00318_00167-1,0.7071194
s_016um_00141_00072-1,0.1551911
s_016um_00223_00229-1,0.025340587
s_016um_00216_00031-1,0.15870212
s_016um_00128_00391-1,-0.04907173
s_016um_00228_00266-1,-0.11632837
s_016um_00332_00120-1,0.16424035
s_016um_00223_00235-1,0.017558888
s_016um_00380_00139-1,-0.0007902682
s_016um_00247_00082-1,0.16737543
s_016um_00082_00298-1,9.23723e-05
s_016um_00376_00118-1,0.5315691
s_016um_00039_00176-1,0.047202855
s_016um_00223_00026-1,0.5515619
s_016um_00034_00097-1,0.11083522
s_016um_00220_00284-1,0.016450077
s_016um_00081_00197-1,1.2439581
s_016um_00035_00010-1,0.4421944
s_016um_00260_00191-1,-0.015707329
s_016um_00018_00268-1,0.18160635
s_016um_00142_00073-1,-0.015926644
s_016um_00306_00057-1,0.1566536
s_016um_00342_00217-1,0.35230988
s_016um_00085_00033-1,0.12920615
s_016um_00125_00384-1,0.13867651
s_016um_00129_00091-1,0.34724998
s_016um_00028_00087-1,0.024128348
s_016um_00279_00319-1,0.15690492
s_016um_00086_00064-1,0.28795373
s_016um_00336_00257-1,0.059484802
s_016um_00264_00127-1,0.11035081
s_016um_00196_00095-1,0.29485467
s_016um_00098_00338-1,0.24983713
s_016um_00395_00184-1,0.039233625
s_016um_00335_00214-1,0.023190424
s_016um_00244_00083-1,0.16059427
s_016um_00388_00291-1,0.13530278
s_016um_00279_00318-1,0.21250103
s_016um_00018_00265-1,-0.033459574
s_016um_00008_00158-1,-0.0658147
s_016um_00384_00138-1,0.13782951
s_016um_00275_00316-1,0.7365572
s_016um_00216_00029-1,0.066097386
s_016um_00202_00151-1,0.2986575
s_016um_00037_00007-1,0.0949832
s_016um_00129_00225-1,0.11523968
s_016um_00334_00258-1,0.116486594
s_016um_00260_00028-1,0.21093932
s_016um_00225_00238-1,-0.14048289
s_016um_00150_00397-1,0.08306724
s_016um_00414_00142-1,0.10516435
s_016um_00134_00075-1,0.052042782
s_016um_00392_00180-1,0.010964677
s_016um_00290_00092-1,0.51163036
s_016um_00273_00207-1,0.20154072
s_016um_00271_00055-1,0.115940794
s_016um_00221_00236-1,0.081217855
s_016um_00335_00396-1,0.08608446
s_016um_00028_00331-1,0.13593104
s_016um_00090_00070-1,0.094346695
s_016um_00095_00023-1,0.053693846
s_016um_00280_00208-1,0.03017369
s_016um_00094_00341-1,0.026059791
s_016um_00325_00226-1,0.13654923
s_016um_00228_00333-1,0.06842776
s_016um_00266_00131-1,0.42059237
s_016um_00112_00313-1,-0.009841517
s_016um_00251_00028-1,0.14135571
s_016um_00077_00300-1,0.25017095
s_016um_00372_00124-1,0.0008689314
s_016um_00191_00095-1,0.059793346
s_016um_00119_00150-1,0.04969138
s_016um_00134_00077-1,0.055423483
s_016um_00127_00093-1,0.39307114
s_016um_00334_00252-1,0.05431968
s_016um_00260_00184-1,0.07681601
s_016um_00196_00096-1,0.094910786
s_016um_00078_00241-1,-0.08721401
s_016um_00161_00285-1,0.04536508
s_016um_00249_00024-1,0.24085587
s_016um_00274_00224-1,-0.024337083
s_016um_00012_00301-1,0.0265491
s_016um_00192_00089-1,0.09867193
s_016um_00097_00069-1,-0.0059497207
s_016um_00033_00090-1,0.07986478
s_016um_00092_00271-1,-0.01769936
s_016um_00412_00097-1,0.048991933
s_016um_00169_00374-1,0.25418493
s_016um_00273_00136-1,0.067970105
s_016um_00012_00212-1,0.068569474
s_016um_00331_00213-1,0.037280276
s_016um_00223_00228-1,-0.0143366605
s_016um_00251_00026-1,0.0963701
s_016um_00087_00200-1,0.21850264
s_016um_00005_00157-1,0.004782483
s_016um_00238_00184-1,-0.025597468
s_016um_00410_00149-1,0.117159635
s_016um_00340_00399-1,0.34068847
s_016um_00258_00027-1,0.31622064
s_016um_00342_00403-1,0.2973717
s_016um_00398_00218-1,0.055517234
s_016um_00323_00232-1,0.048091486
s_016um_00101_00384-1,-0.055367112
s_016um_00218_00174-1,0.16350831
s_016um_00075_00297-1,-0.063032255
s_016um_00120_00150-1,0.058335528
s_016um_00278_00052-1,0.75484735
s_016um_00242_00190-1,0.10813757
s_016um_00360_00093-1,0.01649423
s_016um_00274_00049-1,0.1639985
s_016um_00393_00339-1,0.2567453
s_016um_00386_00341-1,0.13623875
s_016um_00404_00260-1,0.3033424
s_016um_00113_00318-1,0.086414866
s_016um_00128_00318-1,1.466642
s_016um_00228_00332-1,0.16917463
s_016um_00331_00122-1,0.316082
s_016um_00097_00319-1,0.13376649
s_016um_00168_00372-1,-0.1036367
s_016um_00352_00027-1,0.53576136
s_016um_00388_00296-1,0.079922594
s_016um_00324_00303-1,-0.16875623
s_016um_00354_00089-1,0.04823588
s_016um_00045_00215-1,0.14331204
s_016um_00092_00321-1,-0.048582926
s_016um_00374_00123-1,0.14160085
s_016um_00359_00292-1,0.20990026
s_016um_00349_00026-1,0.19160779
s_016um_00083_00033-1,0.10681649
s_016um_00269_00336-1,0.08880382
s_016um_00104_00069-1,0.28564233
s_016um_00310_00054-1,-0.03900875
s_016um_00291_00093-1,0.24090692
s_016um_00223_00244-1,0.09757031
s_016um_00171_00125-1,0.24210247
s_016um_00033_00103-1,0.00909631
s_016um_00165_00286-1,0.09837256
s_016um_00383_00137-1,0.041002125
s_016um_00334_00255-1,0.0898612
s_016um_00078_00298-1,-0.028491125
s_016um_00398_00369-1,0.1514271
s_016um_00263_00189-1,0.06476611
s_016um_00189_00095-1,0.14065874
s_016um_00398_00367-1,0.12752065
s_016um_00169_00372-1,0.06325153
s_016um_00326_00299-1,0.2978751
s_016um_00084_00068-1,0.09583657
s_016um_00279_00312-1,0.084234886
s_016um_00333_00400-1,0.66051465
s_016um_00277_00321-1,0.0843972
s_016um_00267_00131-1,0.1229132
s_016um_00005_00152-1,-0.013097689
s_016um_00094_00317-1,-0.016697675
s_016um_00311_00055-1,0.15744816
s_016um_00060_00246-1,0.15278757
s_016um_00009_00211-1,0.12566055
s_016um_00190_00095-1,0.095617056
s_016um_00372_00118-1,0.0845584
s_016um_00138_00219-1,0.008151233
s_016um_00009_00294-1,0.19711839
s_016um_00404_00152-1,0.4436738
s_016um_00136_00220-1,0.22155434
s_016um_00274_00327-1,0.18537097
s_016um_00220_00018-1,0.32655352
s_016um_00133_00075-1,-0.03198698
s_016um_00040_00180-1,0.06373333
s_016um_00258_00028-1,0.21318388
s_016um_00327_00305-1,0.077684596
s_016um_00251_00021-1,0.20725961
s_016um_00358_00116-1,-0.057414412
s_016um_00320_00170-1,0.03585425
s_016um_00214_00033-1,0.31709677
s_016um_00279_00134-1,0.04881732
s_016um_00264_00058-1,0.026031941
s_016um_00095_00323-1,0.4220612
s_016um_00352_00117-1,0.13206503
s_016um_00393_00219-1,0.2437774
s_016um_00040_00210-1,0.08632932
s_016um_00044_00211-1,0.21311194
s_016um_00328_00231-1,0.023787484
s_016um_00324_00169-1,-0.010252684
s_016um_00401_00369-1,0.3134402
s_016um_00328_00117-1,0.049260914
s_016um_00272_00134-1,-0.036281466
s_016um_00329_00251-1,0.07405457
s_016um_00043_00178-1,0.29204345
s_016um_00235_00084-1,0.16875179
s_016um_00222_00234-1,0.14278576
s_016um_00362_00415-1,1.4510748
s_016um_00160_00285-1,0.64361674
s_016um_00195_00098-1,0.14166348
s_016um_00089_00271-1,-0.024282873
s_016um_00273_00204-1,-0.050211817
s_016um_00107_00318-1,0.5071104
s_016um_00332_00252-1,0.47603315
s_016um_00405_00124-1,0.06735347
s_016um_00235_00184-1,0.06632843
s_016um_00271_00335-1,0.24828285
s_016um_00042_00041-1,0.13212836
s_016um_00397_00255-1,0.15443325
s_016um_00223_00331-1,0.027984232
s_016um_00321_00303-1,0.42900103
s_016um_00360_00291-1,0.06728905
s_016um_00279_00046-1,0.17122631
s_016um_00177_00029-1,0.07889616
s_016um_00387_00126-1,0.18088008
s_016um_00274_00325-1,0.26246846
s_016um_00040_00010-1,0.09512138
s_016um_00114_00316-1,0.032783568
s_016um_00010_00213-1,0.24505845
s_016um_00144_00017-1,0.12728164
s_016um_00405_00146-1,-0.002043292
s_016um_00275_00313-1,-0.03611034
s_016um_00396_00371-1,0.24041633
s_016um_00417_00141-1,0.06930138
s_016um_00098_00071-1,0.053836167
s_016um_00193_00125-1,0.09318701
s_016um_00193_00128-1,0.24330395
s_016um_00342_00401-1,0.62864196
s_016um_00215_00014-1,0.10963302
s_016um_00224_00239-1,0.07373218
s_016um_00087_00282-1,-0.030400127
s_016um_00407_00099-1,0.22351797
s_016um_00331_00123-1,-0.004048422
s_016um_00393_00213-1,0.10996408
s_016um_00083_00265-1,0.16718565
s_016um_00104_00068-1,0.13814062
s_016um_00366_00231-1,0.22530939
s_016um_00009_00296-1,0.05387964
s_016um_00027_00330-1,0.03929855
s_016um_00068_00130-1,0.056486346
s_016um_00392_00342-1,0.36109045
s_016um_00274_00050-1,0.32207927
s_016um_00390_00344-1,0.7955997
s_016um_00191_00091-1,0.02261962
s_016um_00229_00264-1,0.17302957
s_016um_00387_00295-1,0.31040543
s_016um_00356_00091-1,0.2353223
s_016um_00065_00126-1,0.1331196
s_016um_00221_00278-1,-0.08158068
s_016um_00320_00228-1,0.0067872554
s_016um_00274_00316-1,0.6885595
s_016um_00139_00057-1,0.36634177
s_016um_00330_00216-1,0.09523168
s_016um_00258_00026-1,0.23228297
s_016um_00010_00210-1,0.20036742
s_016um_00101_00387-1,0.1965694
s_016um_00273_00209-1,0.11974709
s_016um_00044_00215-1,0.09838962
s_016um_00320_00304-1,0.04603152
s_016um_00041_00172-1,0.12083885
s_016um_00371_00140-1,0.22593844
s_016um_00276_00325-1,0.1423623
s_016um_00071_00234-1,0.07320496
s_016um_00084_00296-1,-0.08937745
s_016um_00264_00055-1,0.25205234
s_016um_00215_00170-1,0.62604177
s_016um_00192_00129-1,0.10524004
s_016um_00274_00330-1,0.12970553
s_016um_00394_00216-1,0.042994127
s_016um_00255_00030-1,0.111671746
s_016um_00281_00048-1,0.5605402
s_016um_00138_00216-1,0.18227273
s_016um_00391_00182-1,0.2351768
s_016um_00038_00208-1,0.68476987
s_016um_00331_00257-1,0.077641
s_016um_00039_00047-1,0.12591217
s_016um_00360_00293-1,-0.08389868
s_016um_00243_00083-1,0.23332554
s_016um_00215_00013-1,0.21615253
s_016um_00036_00177-1,0.26451284
s_016um_00034_00005-1,0.036036268
s_016um_00141_00071-1,0.010589898
s_016um_00267_00054-1,0.24997051
s_016um_00391_00336-1,0.070414655
s_016um_00375_00144-1,0.06737047
s_016um_00007_00158-1,0.06781587
s_016um_00182_00033-1,-0.05704032
s_016um_00020_00272-1,0.09985168
s_016um_00265_00035-1,0.12824748
s_016um_00231_00247-1,-0.030477941
s_016um_00219_00017-1,-0.01025562
s_016um_00276_00048-1,0.23366709
s_016um_00252_00026-1,0.64144933
s_016um_00279_00208-1,0.008199409
s_016um_00404_00126-1,0.22303252
s_016um_00378_00139-1,0.06088818
s_016um_00223_00245-1,-0.04652758
s_016um_00267_00337-1,-0.03183423
s_016um_00279_00052-1,0.30068734
s_016um_00328_00213-1,0.13184652
s_016um_00356_00097-1,0.22515288
s_016um_00012_00299-1,0.0131851435
s_016um_00162_00285-1,0.22307873
s_016um_00371_00142-1,0.09396734
s_016um_00035_00333-1,0.19744094
s_016um_00235_00361-1,0.06319604
s_016um_00242_00185-1,0.043913603
s_016um_00088_00031-1,0.0798316
s_016um_00368_00147-1,0.24961558
s_016um_00386_00129-1,0.120338045
s_016um_00127_00388-1,0.0003376454
s_016um_00041_00104-1,0.057049856
s_016um_00075_00236-1,-0.013644785
s_016um_00404_00128-1,0.14602469
s_016um_00391_00360-1,0.24967861
s_016um_00100_00029-1,0.55084383
s_016um_00009_00297-1,0.03009002
s_016um_00238_00189-1,0.2536214
s_016um_00227_00250-1,-0.04028289
s_016um_00394_00359-1,1.01193
s_016um_00225_00327-1,0.1743192
s_016um_00414_00100-1,0.08457804
s_016um_00039_00173-1,0.03162563
s_016um_00367_00223-1,0.0036013722
s_016um_00057_00250-1,0.14340055
s_016um_00142_00020-1,0.366822
s_016um_00140_00073-1,0.12847073
s_016um_00193_00094-1,0.21640015
s_016um_00371_00102-1,0.2725283
s_016um_00264_00333-1,0.06762542
s_016um_00234_00355-1,0.06515346
s_016um_00026_00086-1,-0.031499982
s_016um_00368_00118-1,0.06292231
s_016um_00273_00202-1,0.05655554
s_016um_00084_00196-1,0.3683974
s_016um_00092_00341-1,0.2239441
s_016um_00034_00331-1,0.074234076
s_016um_00103_00386-1,0.30757338
s_016um_00135_00216-1,0.39812738
s_016um_00208_00293-1,0.13248608
s_016um_00010_00157-1,0.08166829
s_016um_00259_00191-1,0.10197188
s_016um_00038_00104-1,0.061886735
s_016um_00061_00132-1,0.058289714
s_016um_00406_00146-1,0.15625238
s_016um_00214_00296-1,-0.07675283
s_016um_00256_00029-1,0.34138954
s_016um_00396_00258-1,0.1373976
s_016um_00273_00203-1,0.008476868
s_016um_00065_00234-1,0.4853676
s_016um_00371_00121-1,0.19470094
s_016um_00370_00099-1,0.11706136
s_016um_00397_00185-1,0.11292006
s_016um_00046_00238-1,0.0011622459
s_016um_00230_00261-1,-0.043638334
s_016um_00212_00291-1,0.24831347
s_016um_00123_00144-1,0.3851812
s_016um_00332_00125-1,0.012103587
s_016um_00391_00185-1,0.23140246
s_016um_00178_00032-1,0.11507726
s_016um_00290_00095-1,0.30951297
s_016um_00030_00088-1,-0.07297853
s_016um_00275_00044-1,0.18181024
s_016um_00113_00320-1,0.10452575
s_016um_00046_00211-1,0.12337167
s_016um_00007_00215-1,0.06534689
s_016um_00147_00400-1,0.16119306
s_016um_00392_00340-1,0.4208845
s_016um_00099_00023-1,-0.014620528
s_016um_00039_00215-1,0.2550047
s_016um_00086_00193-1,0.18683137
s_016um_00256_00187-1,0.04635279
s_016um_00037_00046-1,-0.0050418526
s_016um_00232_00360-1,0.22955811
s_016um_00041_00214-1,1.152193
s_016um_00285_00093-1,0.07613418
s_016um_00200_00148-1,-0.0043332726
s_016um_00217_00279-1,0.024048
s_016um_00132_00387-1,0.06547519
s_016um_00125_00386-1,0.27044523
s_016um_00112_00317-1,0.05578652
s_016um_00037_00098-1,0.15715341
s_016um_00048_00238-1,-0.04099506
s_016um_00322_00165-1,0.021096513
s_016um_00355_00026-1,0.46386075
s_016um_00083_00073-1,0.3635187
s_016um_00028_00329-1,0.18445952
s_016um_00234_00266-1,0.07235025
s_016um_00222_00027-1,0.11469102
s_016um_00259_00129-1,0.10922943
s_016um_00007_00151-1,-0.095565334
s_016um_00217_00033-1,0.105822966
s_016um_00081_00285-1,-0.015055671
s_016um_00392_00338-1,0.06939099
s_016um_00214_00289-1,0.07653656
s_016um_00275_00204-1,0.036448225
s_016um_00238_00190-1,0.21844578
s_016um_00326_00225-1,0.1483254
s_016um_00118_00143-1,0.24537703
s_016um_00064_00126-1,0.04704547
s_016um_00367_00096-1,0.14082792
s_016um_00218_00013-1,0.058318436
s_016um_00033_00331-1,-0.04886797
s_016um_00214_00028-1,0.40636542
s_016um_00100_00072-1,0.078796625
s_016um_00356_00416-1,1.1413728
s_016um_00257_00032-1,0.052148536
s_016um_00099_00321-1,0.004845664
s_016um_00383_00139-1,0.018546686
s_016um_00314_00054-1,0.14906813
s_016um_00033_00334-1,0.021753654
s_016um_00063_00237-1,-0.032464355
s_016um_00239_00091-1,0.3721553
s_016um_00307_00053-1,0.3282203
s_016um_00195_00122-1,0.23285083
s_016um_00101_00389-1,0.48909622
s_016um_00219_00284-1,0.00012852252
s_016um_00080_00294-1,-0.1067809
s_016um_00329_00125-1,0.039268106
s_016um_00250_00025-1,0.17940633
s_016um_00232_00268-1,0.13166925
s_016um_00079_00266-1,0.0068855584
s_016um_00210_00035-1,0.30279842
s_016um_00355_00097-1,0.4727316
s_016um_00185_00029-1,0.27456743
s_016um_00173_00376-1,0.18139987
s_016um_00236_00085-1,0.3542552
s_016um_00123_00149-1,0.12625663
s_016um_00008_00297-1,0.15081325
s_016um_00225_00247-1,0.2198335
s_016um_00277_00207-1,0.11634864
s_016um_00211_00295-1,-0.059030026
s_016um_00081_00267-1,0.08109981
s_016um_00399_00263-1,0.03160353
s_016um_00411_00099-1,0.016502455
s_016um_00387_00132-1,0.2597887
s_016um_00369_00222-1,0.0761979
s_016um_00413_00099-1,0.21973637
s_016um_00096_00023-1,-0.0016179681
s_016um_00192_00097-1,0.11002454
s_016um_00288_00094-1,0.32937557
s_016um_00205_00147-1,0.11381978
s_016um_00224_00237-1,-0.06703998
s_016um_00400_00400-1,3.1913915
s_016um_00332_00215-1,0.0538223
s_016um_00117_00147-1,0.38202727
s_016um_00164_00126-1,0.19032551
s_016um_00166_00128-1,0.1368128
s_016um_00084_00194-1,0.74169415
s_016um_00280_00133-1,0.18779309
s_016um_00284_00097-1,0.109647006
s_016um_00287_00095-1,0.35970926
s_016um_00415_00103-1,-0.16216291
s_016um_00269_00335-1,0.14118719
s_016um_00397_00215-1,0.12589347
s_016um_00337_00396-1,0.48555666
s_016um_00263_00190-1,0.11641942
s_016um_00016_00265-1,0.1203179
s_016um_00260_00128-1,0.0067698807
s_016um_00220_00230-1,0.024083406
s_016um_00219_00228-1,-0.00044165552
s_016um_00076_00294-1,0.055353887
s_016um_00400_00127-1,0.20248894
s_016um_00075_00239-1,0.03952025
s_016um_00093_00316-1,0.019181773
s_016um_00221_00031-1,0.08192886
s_016um_00274_00222-1,0.20985222
s_016um_00308_00059-1,0.35339892
s_016um_00129_00086-1,0.2566263
s_016um_00066_00128-1,0.11165015
s_016um_00221_00030-1,0.24638757
s_016um_00237_00185-1,0.16949904
s_016um_00408_00147-1,0.11835846
s_016um_00276_00045-1,0.1299369
s_016um_00356_00418-1,1.60473
s_016um_00327_00301-1,0.27261257
s_016um_00290_00093-1,0.060576305
s_016um_00206_00152-1,0.19152385
s_016um_00140_00015-1,0.20551921
s_016um_00370_00147-1,0.21333379
s_016um_00353_00020-1,0.12515494
s_016um_00130_00314-1,0.7738181
s_016um_00375_00118-1,0.19125621
s_016um_00034_00332-1,-0.042193964
s_016um_00081_00294-1,0.04317391
s_016um_00089_00032-1,-0.04764375
s_016um_00260_00333-1,0.11787306
s_016um_00147_00061-1,0.1657149
s_016um_00082_00035-1,0.14044511
s_016um_00104_00072-1,0.050452307
s_016um_00354_00096-1,0.14123136
s_016um_00310_00051-1,0.2982061
s_016um_00232_00358-1,0.028718144
s_016um_00217_00293-1,-0.0463385
s_016um_00273_00047-1,0.31020728
s_016um_00192_00125-1,0.5952927
s_016um_00397_00370-1,0.41585863
s_016um_00274_00206-1,0.043403134
s_016um_00074_00249-1,-0.034709066
s_016um_00167_00124-1,0.15624076
s_016um_00403_00257-1,0.025694445
s_016um_00109_00314-1,0.25642693
s_016um_00041_00216-1,0.32215878
s_016um_00313_00059-1,0.08644562
s_016um_00282_00324-1,-0.055895552
s_016um_00240_00089-1,0.08662564
s_016um_00220_00331-1,0.094666235
s_016um_00274_00201-1,0.15352602
s_016um_00345_00220-1,0.30463672
s_016um_00274_00045-1,0.21275242
s_016um_00075_00243-1,0.0052736104
s_016um_00129_00227-1,0.05727481
s_016um_00047_00216-1,0.38128263
s_016um_00167_00375-1,-0.017059669
s_016um_00137_00216-1,0.07238358
s_016um_00398_00361-1,0.3920939
s_016um_00126_00087-1,0.13581039
s_016um_00049_00239-1,0.03327073
s_016um_00274_00312-1,0.1361167
s_016um_00080_00032-1,0.22271353
s_016um_00043_00209-1,0.26770782
s_016um_00013_00212-1,0.07237114
s_016um_00134_00220-1,-0.014965966
s_016um_00272_00332-1,-0.10234626
s_016um_00083_00296-1,0.059223108
s_016um_00361_00410-1,0.77248013
s_016um_00045_00205-1,0.31412762
s_016um_00214_00276-1,0.10923509
s_016um_00082_00265-1,0.045681164
s_016um_00352_00121-1,0.30189878
s_016um_00244_00186-1,0.11267494
s_016um_00395_00360-1,0.6121008
s_016um_00056_00247-1,0.11587983
s_016um_00120_00151-1,0.07432401
s_016um_00310_00057-1,0.11983534
s_016um_00324_00307-1,0.23208913
s_016um_00045_00240-1,0.11466734
s_016um_00257_00191-1,0.2530821
s_016um_00035_00098-1,0.6269603
s_016um_00144_00055-1,0.10642625
s_016um_00247_00083-1,0.23274948
s_016um_00104_00065-1,0.09387197
s_016um_00094_00338-1,-6.595254e-05
s_016um_00134_00318-1,1.0053014
s_016um_00407_00147-1,-0.040188447
s_016um_00369_00097-1,0.12785323
s_016um_00361_00291-1,0.098206244
s_016um_00008_00293-1,0.20350596
s_016um_00172_00374-1,0.33755928
s_016um_00217_00174-1,0.12210533
s_016um_00366_00102-1,0.15671602
s_016um_00277_00329-1,0.16550922
s_016um_00237_00186-1,0.18082155
s_016um_00261_00334-1,0.012822792
s_016um_00229_00334-1,0.029340446
s_016um_00083_00070-1,-0.016053066
s_016um_00229_00328-1,-0.052698225
s_016um_00247_00026-1,0.11122177
s_016um_00072_00244-1,-0.025039122
s_016um_00348_00216-1,-0.05076839
s_016um_00227_00238-1,0.09191157
s_016um_00274_00052-1,0.17093396
s_016um_00275_00318-1,0.008552939
s_016um_00091_00338-1,0.07410997
s_016um_00405_00120-1,0.0014351904
s_016um_00012_00293-1,0.41060424
s_016um_00334_00403-1,0.40824193
s_016um_00254_00033-1,0.18990268
s_016um_00043_00047-1,0.18398115
s_016um_00193_00095-1,0.14520048
s_016um_00226_00327-1,0.20325935
s_016um_00109_00319-1,0.3761019
s_016um_00356_00290-1,0.09757592
s_016um_00240_00188-1,0.034273952
s_016um_00357_00094-1,0.115999915
s_016um_00279_00313-1,0.11722496
s_016um_00389_00290-1,0.10419724
s_016um_00326_00303-1,0.3186496
s_016um_00026_00333-1,0.1024659
s_016um_00082_00300-1,0.08622119
s_016um_00328_00126-1,0.10091975
s_016um_00012_00154-1,0.017323151
s_016um_00010_00212-1,0.10779354
s_016um_00046_00213-1,0.2594036
s_016um_00212_00298-1,0.0927767
s_016um_00398_00260-1,0.5154595
s_016um_00043_00240-1,0.2825285
s_016um_00094_00316-1,-0.045799524
s_016um_00080_00295-1,0.052386202
s_016um_00238_00087-1,0.2371794
s_016um_00401_00219-1,0.09610232
s_016um_00038_00102-1,0.31312725
s_016um_00384_00126-1,0.22977415
s_016um_00365_00099-1,0.048370704
s_016um_00327_00122-1,-0.080195025
s_016um_00099_00069-1,0.2539742
s_016um_00352_00020-1,0.46138686
s_016um_00008_00299-1,0.0111873895
s_016um_00093_00320-1,0.03526108
s_016um_00312_00056-1,0.25008368
s_016um_00349_00025-1,0.34056008
s_016um_00272_00224-1,0.06123104
s_016um_00394_00184-1,0.031179622
s_016um_00234_00353-1,-0.04524459
s_016um_00042_00045-1,0.2880376
s_016um_00379_00130-1,0.115987256
s_016um_00247_00086-1,0.3206725
s_016um_00403_00126-1,0.15660812
s_016um_00331_00254-1,0.048261806
s_016um_00218_00231-1,0.10979092
s_016um_00248_00022-1,0.59990895
s_016um_00096_00342-1,0.07188835
s_016um_00396_00213-1,0.16931373
s_016um_00223_00174-1,0.017015383
s_016um_00018_00271-1,0.10662943
s_016um_00075_00248-1,-0.043019444
s_016um_00392_00363-1,0.21891536
s_016um_00380_00140-1,0.08267392
s_016um_00084_00271-1,0.009857267
s_016um_00384_00129-1,0.121637225
s_016um_00090_00338-1,0.10896292
s_016um_00011_00158-1,0.20682186
s_016um_00188_00096-1,0.5764416
s_016um_00138_00016-1,0.72836983
s_016um_00364_00229-1,0.15445401
s_016um_00225_00025-1,0.023434684
s_016um_00095_00340-1,0.1727934
s_016um_00066_00233-1,0.24658893
s_016um_00212_00288-1,0.05024931
s_016um_00357_00022-1,0.10440423
s_016um_00267_00033-1,0.107671976
s_016um_00189_00124-1,0.070378944
s_016um_00370_00224-1,0.08611559
s_016um_00369_00229-1,0.008401558
s_016um_00370_00226-1,0.010369346
s_016um_00217_00282-1,-0.06494923
s_016um_00081_00034-1,0.2478331
s_016um_00129_00322-1,0.034961045
s_016um_00401_00215-1,0.33591223
s_016um_00319_00170-1,0.19596353
s_016um_00406_00101-1,0.07418636
s_016um_00354_00121-1,0.083293706
s_016um_00097_00342-1,-0.013991848
s_016um_00031_00084-1,0.034892008
s_016um_00166_00123-1,0.18098243
s_016um_00102_00067-1,-0.08148973
s_016um_00354_00018-1,0.24853483
s_016um_00008_00152-1,-0.050944462
s_016um_00270_00055-1,0.78875214
s_016um_00279_00326-1,0.013559297
s_016um_00091_00266-1,0.04910645
s_016um_00244_00087-1,0.23896302
s_016um_00168_00370-1,-0.038896456
s_016um_00276_00047-1,0.0629486
s_016um_00392_00181-1,0.13943826
s_016um_00101_00029-1,0.61493886
s_016um_00234_00084-1,0.124314025
s_016um_00141_00073-1,0.022152364
s_016um_00127_00389-1,-0.060883924
s_016um_00209_00289-1,0.114501595
s_016um_00170_00126-1,0.15635817
s_016um_00223_00029-1,0.18037279
s_016um_00275_00201-1,0.06316422
s_016um_00129_00318-1,0.95354134
s_016um_00311_00052-1,0.7029403
s_016um_00381_00137-1,0.0032986253
s_016um_00415_00141-1,0.067821085
s_016um_00335_00211-1,0.1575324
s_016um_00222_00015-1,0.26649728
s_016um_00255_00020-1,0.50901824
s_016um_00043_00205-1,0.574761
s_016um_00359_00116-1,0.24066043
s_016um_00270_00332-1,0.32508332
s_016um_00084_00030-1,0.19618064
s_016um_00399_00368-1,0.25038466
s_016um_00403_00148-1,0.0017776489
s_016um_00276_00311-1,0.17855865
s_016um_00171_00378-1,0.16965573
s_016um_00402_00150-1,0.13044909
s_016um_00032_00333-1,0.24975863
s_016um_00216_00283-1,0.09907783
s_016um_00084_00283-1,-0.060938105
s_016um_00069_00235-1,0.13415372
s_016um_00312_00057-1,0.048672006
s_016um_00326_00306-1,0.19147517
s_016um_00333_00251-1,0.10462922
s_016um_00130_00321-1,0.21851623
s_016um_00285_00097-1,0.18651451
s_016um_00040_00105-1,0.07049337
s_016um_00224_00251-1,-0.055769622
s_016um_00191_00097-1,0.0561221
s_016um_00128_00390-1,0.0913556
s_016um_00046_00205-1,0.29752725
s_016um_00234_00261-1,0.024967715
s_016um_00276_00200-1,0.061334684
s_016um_00287_00094-1,0.06667246
s_016um_00189_00094-1,0.27262536
s_016um_00044_00242-1,0.9122222
s_016um_00008_00213-1,0.06232875
s_016um_00213_00296-1,-0.0158716
s_016um_00102_00025-1,0.21027564
s_016um_00398_00259-1,0.25543833
s_016um_00391_00292-1,0.104634784
s_016um_00336_00397-1,0.618336
s_016um_00381_00127-1,-0.026497036
s_016um_00203_00145-1,0.5427709
s_016um_00131_00092-1,0.07719946
s_016um_00037_00006-1,0.02026081
s_016um_00138_00071-1,0.20609467
s_016um_00399_00261-1,0.036861584
s_016um_00281_00328-1,-0.029451072
s_016um_00088_00068-1,0.01142019
s_016um_00170_00125-1,0.11378654
s_016um_00276_00052-1,0.41976255
s_016um_00082_00030-1,0.39909226
s_016um_00321_00170-1,0.06544131
s_016um_00217_00285-1,0.050566748
s_016um_00190_00092-1,0.22894822
s_016um_00098_00072-1,0.18263865
s_016um_00192_00095-1,0.11631709
s_016um_00114_00147-1,0.27630645
s_016um_00185_00026-1,0.49158496
s_016um_00081_00244-1,0.004630387
s_016um_00107_00384-1,0.27844536
s_016um_00203_00150-1,0.31121245
s_016um_00323_00229-1,0.028072909
s_016um_00094_00276-1,-0.0343526
s_016um_00273_00029-1,0.25683618
s_016um_00338_00395-1,0.38784474
s_016um_00400_00373-1,0.62382555
s_016um_00085_00271-1,0.11147343
s_016um_00077_00238-1,-0.065860644
s_016um_00100_00025-1,0.12087123
s_016um_00032_00084-1,0.26704353
s_016um_00215_00015-1,0.16144028
s_016um_00195_00129-1,0.3677091
s_016um_00283_00097-1,0.3990982
s_016um_00228_00263-1,-0.034288198
s_016um_00327_00124-1,0.0032446235
s_016um_00326_00305-1,0.17128114
s_016um_00273_00034-1,0.15365772
s_016um_00069_00234-1,0.085225806
s_016um_00009_00158-1,-0.030643538
s_016um_00179_00031-1,-0.0075492263
s_016um_00310_00056-1,0.028749317
s_016um_00353_00115-1,0.06204637
s_016um_00011_00212-1,0.33272326
s_016um_00332_00250-1,0.12770408
s_016um_00359_00092-1,0.09968653
s_016um_00405_00127-1,0.021167144
s_016um_00312_00054-1,0.08191844
s_016um_00081_00031-1,0.2069785
s_016um_00208_00031-1,0.3248812
s_016um_00004_00157-1,0.05758302
s_016um_00359_00287-1,0.024897665
s_016um_00126_00386-1,0.5897975
s_016um_00146_00054-1,0.12250768
s_016um_00333_00216-1,0.00077418983
s_016um_00146_00055-1,0.09366217
s_016um_00093_00335-1,0.07889929
s_016um_00259_00187-1,0.08167667
s_016um_00398_00258-1,0.23036607
s_016um_00205_00149-1,0.18530461
s_016um_00174_00376-1,0.1082477
s_016um_00110_00320-1,0.6651596
s_016um_00081_00035-1,0.017478272
s_016um_00113_00321-1,0.46261305
s_016um_00098_00339-1,0.01814942
s_016um_00229_00245-1,-0.0041627735
s_016um_00269_00230-1,0.05464001
s_016um_00236_00361-1,0.08762951
s_016um_00158_00290-1,-0.0095989555
s_016um_00280_00205-1,0.038678497
s_016um_00319_00165-1,0.17834227
s_016um_00085_00285-1,0.079957254
s_016um_00099_00066-1,0.16364923
s_016um_00242_00186-1,0.18219766
s_016um_00364_00222-1,0.06995118
s_016um_00101_00390-1,0.11665585
s_016um_00398_00360-1,0.59264094
s_016um_00408_00152-1,0.05064988
s_016um_00346_00217-1,0.13512379
s_016um_00220_00166-1,0.43263972
s_016um_00267_00036-1,-0.038620725
s_016um_00259_00027-1,0.118639685
s_016um_00281_00324-1,0.010353968
s_016um_00102_00391-1,0.08080838
s_016um_00084_00036-1,0.287253
s_016um_00087_00030-1,0.01440087
s_016um_00220_00025-1,0.061959468
s_016um_00082_00069-1,0.036413312
s_016um_00278_00046-1,0.19534993
s_016um_00129_00089-1,0.50245184
s_016um_00384_00132-1,0.27386865
s_016um_00223_00170-1,0.37156102
s_016um_00084_00268-1,-0.012609333
s_016um_00245_00088-1,0.1657501
s_016um_00065_00237-1,0.15829417
s_016um_00091_00278-1,0.1762787
s_016um_00008_00150-1,0.10853938
s_016um_00216_00014-1,0.038573593
s_016um_00256_00032-1,0.07494326
s_016um_00358_00415-1,1.0851156
s_016um_00231_00268-1,0.14017183
s_016um_00134_00069-1,0.34229437
s_016um_00257_00186-1,0.27993357
s_016um_00215_00291-1,-0.020480111
s_016um_00219_00015-1,0.23054993
s_016um_00396_00257-1,0.07823042
s_016um_00408_00401-1,3.6367614
s_016um_00127_00088-1,0.10155845
s_016um_00086_00271-1,-0.019742653
s_016um_00129_00383-1,0.16386908
s_016um_00365_00102-1,0.24690239
s_016um_00341_00398-1,0.2725339
s_016um_00190_00124-1,0.26999813
s_016um_00135_00075-1,0.09111064
s_016um_00234_00358-1,0.019848928
s_016um_00125_00383-1,0.08817826
s_016um_00371_00100-1,-0.0016796291
s_016um_00140_00057-1,0.16714883
s_016um_00395_00363-1,0.4077901
s_016um_00041_00206-1,0.16072714
s_016um_00065_00232-1,0.19479915
s_016um_00271_00330-1,0.19440211
s_016um_00271_00225-1,-0.054816663
s_016um_00044_00209-1,0.06483365
s_016um_00119_00148-1,0.013273627
s_016um_00347_00216-1,0.054315828
s_016um_00227_00247-1,-0.08131011
s_016um_00104_00387-1,0.14943299
s_016um_00229_00260-1,0.022380427
s_016um_00399_00214-1,0.13146532
s_016um_00391_00293-1,0.08495306
s_016um_00162_00125-1,0.22190313
s_016um_00239_00183-1,-0.00030876696
s_016um_00396_00178-1,0.11221331
s_016um_00247_00084-1,0.109626174
s_016um_00136_00230-1,0.048378706
s_016um_00086_00074-1,0.083320454
s_016um_00021_00266-1,-0.08582787
s_016um_00402_00260-1,0.058037676
s_016um_00230_00361-1,-0.15446325
s_016um_00374_00145-1,0.16013497
s_016um_00083_00285-1,-0.054611236
s_016um_00113_00319-1,0.24956474
s_016um_00011_00295-1,0.1910479
s_016um_00260_00027-1,0.11770837
s_016um_00108_00321-1,0.43479884
s_016um_00233_00265-1,0.19541726
s_016um_00415_00102-1,0.074630186
s_016um_00275_00049-1,0.047176734
s_016um_00048_00237-1,-0.027467206
s_016um_00107_00383-1,0.13520119
s_016um_00398_00215-1,0.15176708
s_016um_00235_00357-1,0.040191814
s_016um_00394_00369-1,0.19338776
s_016um_00129_00314-1,0.054672763
s_016um_00398_00217-1,0.01573351
s_016um_00407_00398-1,2.9104753
s_016um_00391_00298-1,0.88975406
s_016um_00402_00128-1,0.0716713
s_016um_00103_00066-1,0.08031111
s_016um_00040_00171-1,0.19447105
s_016um_00408_00100-1,0.043021366
s_016um_00020_00266-1,0.192601
s_016um_00086_00196-1,0.21510784
s_016um_00204_00152-1,0.016271874
s_016um_00220_00225-1,0.08624088
s_016um_00129_00093-1,0.078640535
s_016um_00190_00122-1,0.40953118
s_016um_00269_00330-1,0.014205277
s_016um_00097_00273-1,0.03378959
s_016um_00275_00135-1,0.05294545
s_016um_00213_00282-1,0.14660963
s_016um_00161_00288-1,0.557455
s_016um_00179_00029-1,-0.04706627
s_016um_00355_00119-1,0.067278124
s_016um_00376_00138-1,0.20737825
s_016um_00221_00227-1,-0.023472607
s_016um_00135_00070-1,0.39060777
s_016um_00355_00025-1,0.32645577
s_016um_00029_00332-1,-0.043596387
s_016um_00158_00291-1,0.041967273
s_016um_00218_00018-1,0.02202174
s_016um_00417_00140-1,0.20226152
s_016um_00146_00400-1,-0.0063831806
s_016um_00370_00143-1,0.14302489
s_016um_00163_00291-1,0.24106334
s_016um_00029_00090-1,0.2068289
s_016um_00411_00149-1,0.16207345
s_016um_00164_00124-1,0.0423349
s_016um_00043_00212-1,0.21804728
s_016um_00193_00123-1,0.09784324
s_016um_00064_00234-1,0.68315244
s_016um_00262_00330-1,-0.048601
s_016um_00064_00131-1,0.124415785
s_016um_00391_00181-1,0.26691538
s_016um_00260_00187-1,0.237297
s_016um_00220_00170-1,0.34897566
s_016um_00403_00255-1,0.040476486
s_016um_00416_00140-1,-0.10672225
s_016um_00084_00200-1,0.036291182
s_016um_00084_00193-1,0.2739774
s_016um_00238_00185-1,0.020645916
s_016um_00027_00088-1,0.06865764
s_016um_00132_00384-1,0.08721537
s_016um_00013_00207-1,0.30387098
s_016um_00249_00027-1,0.2315399
s_016um_00367_00097-1,0.13182305
s_016um_00352_00017-1,0.20130815
s_016um_00137_00077-1,0.0536917
s_016um_00083_00199-1,0.053449325
s_016um_00399_00256-1,0.12055173
s_016um_00178_00029-1,0.15867735
s_016um_00125_00387-1,0.12652346
s_016um_00107_00317-1,0.5773601
s_016um_00345_00218-1,0.10450507
s_016um_00057_00242-1,0.12108852
s_016um_00278_00203-1,0.12258126
s_016um_00042_00241-1,0.27101818
s_016um_00251_00018-1,0.2926545
s_016um_00052_00246-1,-0.024964094
s_016um_00119_00143-1,1.7161497
s_016um_00202_00149-1,0.18047762
s_016um_00399_00121-1,0.10479314
s_016um_00358_00089-1,0.22936851
s_016um_00412_00102-1,0.21828635
s_016um_00130_00093-1,0.21537006
s_016um_00139_00076-1,0.13360384
s_016um_00099_00316-1,0.006304547
s_016um_00278_00045-1,0.04197082
s_016um_00276_00226-1,0.12670426
s_016um_00357_00090-1,0.3979056
s_016um_00135_00215-1,0.6464383
s_016um_00149_00394-1,0.11444325
s_016um_00031_00332-1,-0.0014078468
s_016um_00235_00188-1,0.06328947
s_016um_00096_00316-1,-0.10272388
s_016um_00276_00314-1,0.74713385
s_016um_00223_00334-1,0.0017233491
s_016um_00033_00098-1,0.17407198
s_016um_00068_00236-1,0.33283103
s_016um_00035_00103-1,0.14967164
s_016um_00075_00249-1,0.060740203
s_016um_00085_00066-1,-0.030196637
s_016um_00046_00212-1,0.034694895
s_016um_00042_00204-1,0.06121871
s_016um_00391_00339-1,0.11019627
s_016um_00327_00214-1,-0.05560766
s_016um_00036_00103-1,0.00660488
s_016um_00327_00212-1,0.22021571
s_016um_00084_00264-1,0.11529563
s_016um_00395_00357-1,0.9253619
s_016um_00014_00266-1,0.033818945
s_016um_00266_00035-1,0.056667514
s_016um_00353_00116-1,0.10112113
s_016um_00227_00248-1,-0.022379786
s_016um_00388_00338-1,0.106273375
s_016um_00275_00052-1,0.2060871
s_016um_00367_00094-1,0.091956384
s_016um_00159_00287-1,0.19128798
s_016um_00220_00028-1,0.4139635
s_016um_00271_00336-1,0.08048369
s_016um_00042_00042-1,0.0820845
s_016um_00260_00029-1,0.14773184
s_016um_00374_00146-1,0.26083267
s_016um_00387_00129-1,0.037049055
s_016um_00231_00362-1,-0.017071843
s_016um_00413_00104-1,0.067148216
s_016um_00075_00241-1,0.12718846
s_016um_00090_00071-1,0.028678343
s_016um_00327_00306-1,0.06557844
s_016um_00100_00385-1,0.62012696
s_016um_00145_00399-1,0.0262001
s_016um_00397_00258-1,0.07755973
s_016um_00140_00216-1,0.16308573
s_016um_00142_00054-1,0.2648899
s_016um_00325_00229-1,0.043703094
s_016um_00094_00340-1,0.06503252
s_016um_00355_00021-1,0.12103066
s_016um_00040_00177-1,-0.017618492
s_016um_00356_00291-1,0.1500145
s_016um_00327_00232-1,-0.018004432
s_016um_00194_00121-1,0.61672217
s_016um_00140_00021-1,0.112113774
s_016um_00370_00142-1,0.15731257
s_016um_00037_00043-1,0.07027871
s_016um_00266_00058-1,0.910131
s_016um_00012_00295-1,0.05390346
s_016um_00017_00268-1,0.023208365
s_016um_00257_00035-1,0.1735883
s_016um_00265_00135-1,0.6245294
s_016um_00221_00235-1,0.041690335
s_016um_00325_00162-1,-0.021616653
s_016um_00037_00008-1,0.2622967
s_016um_00143_00057-1,0.02824144
s_016um_00077_00242-1,0.029874578
s_016um_00136_00215-1,0.74353004
s_016um_00166_00374-1,0.13358736
s_016um_00398_00366-1,0.039922222
s_016um_00370_00141-1,-0.0036521107
s_016um_00237_00360-1,0.0057899803
s_016um_00008_00155-1,0.12940867
s_016um_00363_00227-1,0.03322646
s_016um_00384_00139-1,-0.050087243
s_016um_00396_00367-1,0.44434142
s_016um_00246_00085-1,0.27714044
s_016um_00221_00010-1,0.0053901672
s_016um_00249_00026-1,0.06474697
s_016um_00394_00342-1,0.10470076
s_016um_00392_00339-1,0.14394079
s_016um_00324_00304-1,0.008402497
s_016um_00394_00186-1,0.09676445
s_016um_00121_00147-1,0.17584611
s_016um_00272_00031-1,0.5401906
s_016um_00323_00304-1,-0.10005216
s_016um_00217_00233-1,0.17883934
s_016um_00377_00140-1,0.225599
s_016um_00270_00330-1,0.13394195
s_016um_00083_00035-1,0.2765538
s_016um_00406_00398-1,2.595075
s_016um_00352_00089-1,0.19827928
s_016um_00367_00101-1,0.30703205
s_016um_00066_00238-1,-0.074552104
s_016um_00221_00014-1,0.4926498
s_016um_00222_00030-1,0.40794477
s_016um_00272_00222-1,0.21248403
s_016um_00195_00095-1,0.058728836
s_016um_00217_00015-1,0.06319167
s_016um_00016_00266-1,0.08306907
s_016um_00226_00329-1,0.028749466
s_016um_00215_00297-1,-0.032618374
s_016um_00095_00271-1,0.25234255
s_016um_00236_00266-1,-0.03290668
s_016um_00188_00094-1,0.03857793
s_016um_00274_00333-1,-0.0081411
s_016um_00395_00369-1,0.48544395
s_016um_00163_00126-1,0.20191173
s_016um_00095_00339-1,0.11766886
s_016um_00076_00300-1,-0.04948154
s_016um_00234_00359-1,0.05602678
s_016um_00090_00067-1,-0.023001984
s_016um_00034_00008-1,0.08546655
s_016um_00040_00212-1,0.7351113
s_016um_00082_00240-1,-0.040065765
s_016um_00271_00231-1,0.040390342
s_016um_00271_00057-1,0.10527502
s_016um_00273_00133-1,0.057213604
s_016um_00330_00254-1,0.13556516
s_016um_00070_00248-1,0.14113438
s_016um_00062_00125-1,0.09353789
s_016um_00362_00228-1,-0.06455393
s_016um_00277_00313-1,0.09109216
s_016um_00126_00388-1,0.17225386
s_016um_00329_00123-1,0.17216273
s_016um_00358_00119-1,0.08544038
s_016um_00328_00225-1,0.095898226
s_016um_00373_00147-1,0.4979887
s_016um_00276_00203-1,-0.10778572
s_016um_00372_00147-1,0.5401314
s_016um_00006_00155-1,0.06760843
s_016um_00145_00057-1,0.02540344
s_016um_00326_00226-1,0.14913577
s_016um_00222_00172-1,0.31818873
s_016um_00057_00248-1,-0.018968984
s_016um_00083_00267-1,0.009271935
s_016um_00397_00216-1,0.09084022
s_016um_00341_00400-1,0.3945749
s_016um_00075_00299-1,0.011209458
s_016um_00236_00362-1,0.09696434
s_016um_00077_00240-1,0.04925619
s_016um_00365_00100-1,0.025291577
s_016um_00370_00117-1,-0.09356712
s_016um_00407_00102-1,0.41801792
s_016um_00401_00396-1,1.6390284
s_016um_00229_00332-1,0.0875515
s_016um_00120_00146-1,0.071805514
s_016um_00040_00174-1,0.18749017
s_016um_00340_00216-1,0.13059095
s_016um_00105_00383-1,0.15098798
s_016um_00410_00102-1,0.0832537
s_016um_00267_00059-1,0.34203652
s_016um_00338_00397-1,1.234069
s_016um_00134_00232-1,0.08103556
s_016um_00402_00126-1,0.31118262
s_016um_00254_00034-1,0.06943917
s_016um_00136_00318-1,0.9365963
s_016um_00131_00094-1,0.1190217
s_016um_00394_00338-1,0.17938375
s_016um_00222_00174-1,0.13517039
s_016um_00037_00103-1,0.050995246
s_016um_00376_00121-1,0.14646873
s_016um_00402_00398-1,1.961368
s_016um_00327_00228-1,0.0727936
s_016um_00041_00205-1,0.3201771
s_016um_00005_00211-1,0.056117773
s_016um_00271_00030-1,-0.023860142
s_016um_00324_00230-1,-0.038316727
s_016um_00394_00343-1,0.1856713
s_016um_00203_00146-1,0.18927424
s_016um_00067_00128-1,0.097386666
s_016um_00218_00281-1,0.21252131
s_016um_00014_00297-1,0.038730934
s_016um_00221_00226-1,-0.08786039
s_016um_00183_00025-1,0.12242843
s_016um_00075_00247-1,-0.03925833
s_016um_00035_00104-1,0.06693782
s_016um_00135_00218-1,0.03736022
s_016um_00396_00368-1,0.09127273
s_016um_00168_00127-1,0.63742596
s_016um_00216_00232-1,-0.0035903305
s_016um_00254_00029-1,0.2406622
s_016um_00263_00192-1,-0.049049556
s_016um_00264_00186-1,1.092117
s_016um_00084_00035-1,0.19997215
s_016um_00040_00205-1,0.10968114
s_016um_00372_00144-1,0.5233303
s_016um_00126_00389-1,0.05195029
s_016um_00128_00319-1,0.480079
s_016um_00008_00294-1,0.013918087
s_016um_00277_00052-1,1.061689
s_016um_00102_00065-1,0.2857215
s_016um_00092_00269-1,-0.17494978
s_016um_00262_00030-1,0.28347436
s_016um_00129_00315-1,0.14161944
s_016um_00338_00405-1,0.43280995
s_016um_00173_00375-1,-0.115274325
s_016um_00356_00121-1,0.24831726
s_016um_00269_00061-1,0.17284505
s_016um_00010_00300-1,0.09212715
s_016um_00093_00338-1,-0.08745022
s_016um_00006_00300-1,0.068446085
s_016um_00353_00026-1,0.33102757
s_016um_00330_00257-1,0.27330142
s_016um_00243_00090-1,0.09024359
s_016um_00082_00297-1,0.09541975
s_016um_00145_00058-1,0.29486483
s_016um_00399_00262-1,0.006058216
s_016um_00074_00250-1,0.14259747
s_016um_00337_00399-1,0.67289025
s_016um_00233_00091-1,0.289813
s_016um_00105_00390-1,0.14204535
s_016um_00141_00022-1,0.5049911
s_016um_00037_00041-1,0.015923217
s_016um_00239_00087-1,0.056175068
s_016um_00102_00071-1,0.31151155
s_016um_00174_00377-1,-0.041766584
s_016um_00338_00404-1,0.44993854
s_016um_00036_00007-1,0.14165932
s_016um_00171_00376-1,0.030209735
s_016um_00277_00134-1,-0.04289502
s_016um_00066_00131-1,0.043607205
s_016um_00150_00394-1,0.09918892
s_016um_00134_00233-1,-0.013035908
s_016um_00359_00411-1,0.9733096
s_016um_00276_00209-1,0.12181121
s_016um_00380_00136-1,0.041958436
s_016um_00039_00210-1,0.35164762
s_016um_00406_00144-1,0.06935644
s_016um_00339_00397-1,0.7926471
s_016um_00117_00145-1,0.40914446
s_016um_00139_00058-1,0.0004937947
s_016um_00341_00214-1,0.24782152
s_016um_00093_00321-1,0.01747708
s_016um_00037_00047-1,0.42846012
s_016um_00254_00032-1,0.16582596
s_016um_00034_00105-1,0.14546871
s_016um_00055_00250-1,-0.03719826
s_016um_00053_00243-1,0.083276175
s_016um_00009_00299-1,-0.040830314
s_016um_00367_00141-1,0.023224905
s_016um_00279_00047-1,0.18659061
s_016um_00094_00271-1,-0.01944448
s_016um_00207_00149-1,0.010006234
s_016um_00352_00024-1,0.12144672
s_016um_00416_00137-1,0.09622053
s_016um_00084_00195-1,0.89132255
s_016um_00270_00061-1,0.18262349
s_016um_00346_00219-1,0.042538717
s_016um_00236_00356-1,0.107918605
s_016um_00203_00144-1,0.34468392
s_016um_00161_00292-1,-0.06509304
s_016um_00128_00387-1,0.12562698
s_016um_00043_00203-1,0.05174367
s_016um_00407_00122-1,-0.032188892
s_016um_00072_00246-1,0.10954188
s_016um_00385_00136-1,0.1155759
s_016um_00348_00214-1,0.105354965
s_016um_00219_00230-1,-0.0029486269
s_016um_00331_00215-1,0.102205925
s_016um_00381_00126-1,0.051910095
s_016um_00218_00227-1,-0.023689479
s_016um_00045_00239-1,0.0017843097
s_016um_00154_00398-1,0.118039146
s_016um_00385_00131-1,0.096393056
s_016um_00385_00126-1,0.98419553
s_016um_00035_00007-1,0.036738127
s_016um_00233_00086-1,0.20627096
s_016um_00276_00043-1,0.12612438
s_016um_00234_00086-1,0.16203706
s_016um_00157_00286-1,0.2856081
s_016um_00079_00291-1,0.14292265
s_016um_00277_00323-1,-0.0065256804
s_016um_00072_00251-1,0.011948451
s_016um_00288_00097-1,0.15020691
s_016um_00415_00136-1,0.23748864
s_016um_00164_00128-1,0.08450479
s_016um_00130_00090-1,0.14247954
s_016um_00225_00331-1,0.07074134
s_016um_00397_00218-1,0.14356788
s_016um_00082_00242-1,-0.10731022
s_016um_00116_00147-1,0.25753498
s_016um_00227_00249-1,0.01108484
s_016um_00095_00279-1,-0.08641045
s_016um_00056_00246-1,0.1480394
s_016um_00334_00253-1,0.59339434
s_016um_00252_00019-1,0.51234394
s_016um_00139_00021-1,0.0292788
s_016um_00319_00164-1,-0.025881529
s_016um_00111_00313-1,-0.018881366
s_016um_00247_00022-1,0.20926937
s_016um_00150_00398-1,0.21831541
s_016um_00044_00218-1,0.2852968
s_016um_00057_00251-1,-0.023871064
s_016um_00132_00316-1,1.3081822
s_016um_00276_00329-1,0.068393216
s_016um_00109_00317-1,0.066679835
s_016um_00393_00340-1,0.109945945
s_016um_00218_00173-1,0.06205605
s_016um_00280_00048-1,0.2726465
s_016um_00246_00090-1,0.28197253
s_016um_00044_00175-1,0.21329543
s_016um_00045_00244-1,0.09567089
s_016um_00321_00300-1,0.182778
s_016um_00369_00144-1,0.11801013
s_016um_00086_00073-1,0.20145564
s_016um_00374_00118-1,0.4319502
s_016um_00326_00224-1,0.11174353
s_016um_00141_00015-1,0.16422638
s_016um_00081_00193-1,0.37367916
s_016um_00124_00386-1,0.8299538
s_016um_00011_00151-1,-0.027825117
s_016um_00107_00387-1,0.038657486
s_016um_00397_00374-1,0.39958078
s_016um_00241_00083-1,0.14702007
s_016um_00360_00418-1,0.51855564
s_016um_00092_00273-1,0.048412994
s_016um_00269_00030-1,0.14207533
s_016um_00359_00413-1,1.0520623
s_016um_00232_00362-1,0.017572954
s_016um_00233_00266-1,0.19475769
s_016um_00223_00239-1,0.056027263
s_016um_00136_00319-1,1.2232747
s_016um_00275_00209-1,-0.048735306
s_016um_00246_00023-1,0.1731909
s_016um_00405_00125-1,0.006535992
s_016um_00130_00230-1,0.03137268
s_016um_00234_00092-1,0.5598159
s_016um_00364_00230-1,0.13940221
s_016um_00147_00058-1,0.012392253
s_016um_00039_00009-1,0.09377129
s_016um_00148_00401-1,0.17269316
s_016um_00080_00292-1,0.14707257
s_016um_00393_00294-1,0.010819957
s_016um_00357_00415-1,1.5832623
s_016um_00248_00025-1,0.2295588
s_016um_00085_00073-1,0.20055358
s_016um_00397_00180-1,0.09184083
s_016um_00396_00180-1,0.001242876
s_016um_00096_00274-1,0.034019873
s_016um_00120_00143-1,1.6916562
s_016um_00246_00089-1,0.22655684
s_016um_00011_00157-1,0.060012758
s_016um_00264_00128-1,0.23597445
s_016um_00095_00029-1,0.22803526
s_016um_00036_00099-1,-0.017581448
s_016um_00097_00027-1,0.11413954
s_016um_00192_00094-1,0.1747856
s_016um_00171_00127-1,0.056131177
s_016um_00123_00150-1,0.07414486
s_016um_00213_00290-1,0.21188748
s_016um_00400_00398-1,1.8860532
s_016um_00394_00360-1,0.5383177
s_016um_00229_00235-1,-0.081257686
s_016um_00029_00336-1,-0.01819393
s_016um_00034_00010-1,0.17595394
s_016um_00145_00056-1,0.023364082
s_016um_00372_00125-1,0.05694312
s_016um_00216_00284-1,0.11025225
s_016um_00272_00202-1,0.064024426
s_016um_00036_00042-1,0.03218642
s_016um_00043_00217-1,0.05774434
s_016um_00272_00330-1,0.05998338
s_016um_00145_00396-1,-0.1266044
s_016um_00215_00029-1,0.06396007
s_016um_00100_00069-1,0.18343002
s_016um_00100_00067-1,-0.023276418
s_016um_00040_00204-1,0.094454944
s_016um_00013_00299-1,0.118820496
s_016um_00089_00065-1,0.06299092
s_016um_00279_00133-1,0.26241785
s_016um_00218_00229-1,-0.02664788
s_016um_00006_00152-1,0.06718976
s_016um_00326_00229-1,0.0080318
s_016um_00259_00031-1,0.26479474
s_016um_00396_00358-1,0.39244425
s_016um_00124_00090-1,0.0045558065
s_016um_00018_00270-1,0.037510216
s_016um_00269_00224-1,0.012100399
s_016um_00162_00293-1,-0.017879292
s_016um_00027_00333-1,0.20381285
s_016um_00403_00149-1,0.033553064
s_016um_00350_00019-1,0.42226672
s_016um_00406_00123-1,0.004775539
s_016um_00036_00100-1,0.15828964
s_016um_00102_00072-1,0.08453257
s_016um_00130_00387-1,0.06456467
s_016um_00267_00333-1,0.037273243
s_016um_00191_00128-1,0.39313352
s_016um_00359_00416-1,1.9117821
s_016um_00218_00017-1,0.17763638
s_016um_00388_00344-1,0.16575027
s_016um_00079_00301-1,0.14223027
s_016um_00287_00100-1,0.038002834
s_016um_00084_00031-1,0.03208612
s_016um_00221_00169-1,0.10203303
s_016um_00044_00042-1,0.21807446
s_016um_00229_00329-1,-0.05160342
s_016um_00343_00218-1,0.1936937
s_016um_00082_00196-1,0.6416382
s_016um_00270_00030-1,0.17822239
s_016um_00362_00416-1,1.127567
s_016um_00053_00244-1,0.06325752
s_016um_00390_00182-1,0.1218745
s_016um_00099_00028-1,0.1650939
s_016um_00386_00132-1,0.503832
s_016um_00328_00123-1,0.040883526
s_016um_00071_00235-1,-0.07020888
s_016um_00224_00335-1,0.014622942
s_016um_00108_00386-1,0.10852574
s_016um_00386_00127-1,0.5630338
s_016um_00138_00069-1,0.028021336
s_016um_00099_00024-1,0.4088415
s_016um_00286_00092-1,0.0029925555
s_016um_00238_00186-1,0.09740108
s_016um_00371_00096-1,0.025000304
s_016um_00043_00237-1,-0.04370211
s_016um_00189_00123-1,0.16816047
s_016um_00063_00126-1,0.02573131
s_016um_00084_00286-1,0.113171674
s_016um_00291_00094-1,0.28439185
s_016um_00128_00089-1,0.7466535
s_016um_00340_00397-1,0.88560814
s_016um_00267_00328-1,0.033046007
s_016um_00217_00280-1,0.053618245
s_016um_00269_00331-1,-0.023524046
s_016um_00393_00343-1,0.38568217
s_016um_00213_00297-1,0.11601815
s_016um_00276_00049-1,0.1179657
s_016um_00410_00152-1,0.05596385
s_016um_00254_00023-1,0.18099332
s_016um_00322_00230-1,0.4269014
s_016um_00397_00221-1,0.34057963
s_016um_00092_00322-1,0.2564199
s_016um_00039_00102-1,0.16532786
s_016um_00217_00018-1,0.095234826
s_016um_00232_00089-1,0.40223742
s_016um_00268_00058-1,0.48039562
s_016um_00341_00396-1,0.30238885
s_016um_00277_00209-1,-0.062339738
s_016um_00400_00257-1,0.22571157
s_016um_00278_00319-1,0.27938968
s_016um_00038_00097-1,0.2293753
s_016um_00084_00201-1,0.024545163
s_016um_00250_00024-1,0.17905146
s_016um_00404_00259-1,0.20020705
s_016um_00005_00295-1,0.12793401
s_016um_00142_00018-1,0.2571153
s_016um_00087_00272-1,-0.056254014
s_016um_00133_00093-1,0.34221202
s_016um_00130_00088-1,0.39096874
s_016um_00275_00311-1,0.3572579
s_016um_00256_00028-1,0.37639567
s_016um_00078_00248-1,0.21419948
s_016um_00098_00030-1,0.32724273
s_016um_00108_00316-1,0.2774046
s_016um_00234_00262-1,0.043113813
s_016um_00216_00282-1,-0.077381596
s_016um_00404_00395-1,2.5530117
s_016um_00220_00282-1,0.4066944
s_016um_00190_00126-1,0.36369315
s_016um_00309_00056-1,0.1989404
s_016um_00351_00115-1,0.46885318
s_016um_00370_00123-1,0.13471107
s_016um_00180_00032-1,0.072698
s_016um_00083_00195-1,0.80691713
s_016um_00244_00081-1,0.29926044
s_016um_00229_00263-1,0.031647444
s_016um_00259_00128-1,0.13542615
s_016um_00397_00219-1,0.12359457
s_016um_00065_00233-1,0.46897537
s_016um_00164_00125-1,0.14514199
s_016um_00019_00272-1,-0.023969352
s_016um_00357_00287-1,-0.04383351
s_016um_00403_00400-1,3.0833054
s_016um_00163_00287-1,0.39234155
s_016um_00374_00143-1,0.24760677
s_016um_00281_00327-1,0.043192
s_016um_00277_00202-1,-0.0268621
s_016um_00115_00317-1,0.029608369
s_016um_00233_00354-1,-0.06293747
s_016um_00379_00133-1,0.10951902
s_016um_00007_00299-1,-0.00847736
s_016um_00348_00020-1,0.35936308
s_016um_00086_00266-1,0.13039231
s_016um_00274_00138-1,0.28445685
s_016um_00039_00179-1,0.08661181
s_016um_00350_00025-1,0.09396189
s_016um_00082_00294-1,0.030538231
s_016um_00132_00093-1,0.16501367
s_016um_00163_00128-1,0.18421179
s_016um_00235_00187-1,0.02813913
s_016um_00040_00178-1,-0.045121685
s_016um_00262_00191-1,0.20496148
s_016um_00378_00134-1,0.1397889
s_016um_00261_00130-1,0.49309874
s_016um_00140_00058-1,0.020521343
s_016um_00392_00341-1,0.39122897
s_016um_00079_00294-1,0.010518029
s_016um_00237_00187-1,0.08710843
s_016um_00400_00128-1,0.11529134
s_016um_00403_00152-1,0.22620665
s_016um_00098_00031-1,0.27950293
s_016um_00238_00091-1,0.1639572
s_016um_00268_00223-1,0.110701166
s_016um_00267_00056-1,0.27931666
s_016um_00236_00264-1,0.07686135
s_016um_00240_00091-1,0.13221003
s_016um_00308_00060-1,0.14985688
s_016um_00350_00018-1,0.2496165
s_016um_00277_00317-1,0.22026514
s_016um_00218_00284-1,0.11044796
s_016um_00275_00323-1,0.036263555
s_016um_00146_00020-1,0.09093467
s_016um_00082_00269-1,-0.01529634
s_016um_00133_00231-1,0.059774578
s_016um_00043_00214-1,0.23118523
s_016um_00243_00188-1,0.07688124
s_016um_00368_00141-1,-0.079543605
s_016um_00218_00027-1,0.14114441
s_016um_00063_00129-1,0.054298
s_016um_00403_00121-1,-0.001370132
s_016um_00044_00048-1,-0.031223089
s_016um_00217_00027-1,0.10520468
s_016um_00007_00298-1,-0.10731898
s_016um_00265_00333-1,0.10765003
s_016um_00166_00121-1,0.3762598
s_016um_00359_00118-1,0.018436834
s_016um_00351_00120-1,0.23186174
s_016um_00139_00069-1,0.13801299
s_016um_00037_00175-1,0.13994005
s_016um_00043_00219-1,0.10940396
s_016um_00339_00401-1,0.67065823
s_016um_00391_00177-1,0.15166481
s_016um_00115_00145-1,1.0587571
s_016um_00110_00312-1,-0.045697868
s_016um_00353_00114-1,0.1906811
s_016um_00028_00330-1,0.21015622
s_016um_00393_00217-1,0.25378284
s_016um_00234_00357-1,-0.015071005
s_016um_00008_00298-1,0.098424986
s_016um_00239_00088-1,0.3771192
s_016um_00322_00231-1,0.32709432
s_016um_00080_00239-1,0.030320734
s_016um_00220_00165-1,0.3335491
s_016um_00268_00031-1,0.36775938
s_016um_00016_00270-1,0.034662455
s_016um_00038_00100-1,0.2956648
s_016um_00351_00090-1,0.14371796
s_016um_00045_00245-1,0.122800805
s_016um_00257_00030-1,0.25960028
s_016um_00277_00044-1,0.19891374
s_016um_00082_00031-1,0.24323446
s_016um_00358_00097-1,0.19577348
s_016um_00397_00360-1,0.32767865
s_016um_00220_00231-1,0.2363579
s_016um_00355_00287-1,0.1389189
s_016um_00086_00270-1,1.0997057e-05
s_016um_00379_00134-1,0.0992372
s_016um_00149_00393-1,0.16646758
s_016um_00264_00054-1,0.4071838
s_016um_00412_00103-1,0.12956503
s_016um_00262_00131-1,0.42025378
s_016um_00325_00167-1,0.11336552
s_016um_00048_00213-1,0.0033882558
s_016um_00227_00233-1,0.04761611
s_016um_00189_00125-1,0.17688726
s_016um_00067_00132-1,0.06123171
s_016um_00270_00229-1,-0.04316488
s_016um_00132_00317-1,1.1478937
s_016um_00407_00104-1,0.05344356
s_016um_00261_00032-1,0.07421821
s_016um_00222_00249-1,0.19678186
s_016um_00098_00318-1,0.059585802
s_016um_00128_00230-1,-0.046533227
s_016um_00220_00229-1,0.014529496
s_016um_00397_00363-1,0.11824973
s_016um_00100_00023-1,0.1756788
s_016um_00081_00236-1,0.34651136
s_016um_00216_00278-1,0.11754936
s_016um_00353_00024-1,0.20139046
s_016um_00076_00252-1,0.8061546
s_016um_00322_00169-1,0.06847211
s_016um_00121_00150-1,0.049115777
s_016um_00332_00212-1,-0.01889354
s_016um_00042_00237-1,0.030251622
s_016um_00382_00140-1,-0.011483908
s_016um_00354_00118-1,0.25223714
s_016um_00119_00142-1,0.67108256
s_016um_00128_00227-1,0.008859828
s_016um_00337_00402-1,0.11145233
s_016um_00079_00194-1,0.4597237
s_016um_00370_00146-1,0.17094539
s_016um_00183_00029-1,0.06609398
s_016um_00332_00121-1,0.3202511
s_016um_00086_00272-1,-0.04840438
s_016um_00047_00214-1,0.20973523
s_016um_00086_00267-1,0.08520396
s_016um_00166_00371-1,0.04919283
s_016um_00262_00134-1,0.43258315
s_016um_00403_00260-1,0.017318085
s_016um_00395_00185-1,0.16614649
s_016um_00085_00201-1,0.045231566
s_016um_00273_00222-1,0.1279124
s_016um_00274_00044-1,0.19209825
s_016um_00066_00130-1,0.059663847
s_016um_00250_00022-1,0.14236096
s_016um_00405_00151-1,0.2288677
s_016um_00083_00273-1,-0.024352595
s_016um_00324_00226-1,0.17226411
s_016um_00257_00025-1,0.16126154
s_016um_00236_00086-1,0.18954188
s_016um_00115_00148-1,0.32122186
s_016um_00354_00090-1,0.17759897
s_016um_00224_00327-1,0.6880565
s_016um_00161_00289-1,0.03373547
s_016um_00208_00296-1,0.0349077
s_016um_00034_00333-1,0.0380774
s_016um_00322_00301-1,-0.022925958
s_016um_00178_00031-1,0.037167728
s_016um_00375_00123-1,0.056223266
s_016um_00081_00278-1,-0.08220519
s_016um_00211_00296-1,0.20845877
s_016um_00066_00133-1,-0.0066004395
s_016um_00041_00174-1,-0.023223683
s_016um_00097_00071-1,0.15585299
s_016um_00145_00019-1,0.048763692
s_016um_00168_00125-1,0.2990236
s_016um_00057_00246-1,0.4753371
s_016um_00102_00389-1,0.11918095
s_016um_00269_00227-1,0.15629509
s_016um_00127_00089-1,0.4771533
s_016um_00113_00316-1,-0.008337349
s_016um_00392_00337-1,0.19815294
s_016um_00019_00266-1,0.12075409
s_016um_00147_00398-1,0.09040915
s_016um_00385_00132-1,0.017089307
s_016um_00353_00095-1,0.1537537
s_016um_00408_00145-1,-0.06571001
s_016um_00322_00170-1,0.14716123
s_016um_00372_00096-1,0.003119573
s_016um_00262_00187-1,-0.09210126
s_016um_00018_00266-1,0.15834081
s_016um_00046_00217-1,0.123569295
s_016um_00037_00044-1,-0.012990624
s_016um_00023_00268-1,0.0173693
s_016um_00028_00089-1,0.22028112
s_016um_00271_00061-1,0.019589007
s_016um_00399_00127-1,0.18199797
s_016um_00132_00229-1,0.25238165
s_016um_00324_00298-1,0.21302237
s_016um_00222_00011-1,0.19271824
s_016um_00040_00048-1,0.02151066
s_016um_00261_00331-1,0.03202632
s_016um_00258_00187-1,0.2200108
s_016um_00275_00314-1,0.3880117
s_016um_00267_00035-1,0.10500793
s_016um_00276_00207-1,0.021362633
s_016um_00263_00135-1,0.5225792
s_016um_00083_00065-1,0.253717
s_016um_00406_00147-1,0.004388228
s_016um_00414_00143-1,-0.030066714
s_016um_00399_00220-1,0.21429262
s_016um_00382_00128-1,0.18790166
s_016um_00096_00031-1,0.037706032
s_016um_00343_00212-1,0.14442727
s_016um_00055_00247-1,0.4264046
s_016um_00066_00129-1,0.014039859
s_016um_00397_00259-1,0.1390848
s_016um_00040_00099-1,0.115144625
s_016um_00366_00222-1,-0.012397602
s_016um_00218_00169-1,0.78262424
s_016um_00277_00129-1,0.08680384
s_016um_00069_00131-1,0.01426211
s_016um_00359_00094-1,0.084805384
s_016um_00352_00097-1,0.061188675
s_016um_00381_00132-1,0.043029383
s_016um_00077_00244-1,-0.050560817
s_016um_00359_00120-1,0.22122769
s_016um_00277_00319-1,0.10090422
s_016um_00406_00126-1,0.08262957
s_016um_00396_00341-1,0.15295136
s_016um_00341_00218-1,0.07349134
s_016um_00402_00151-1,0.097558066
s_016um_00285_00092-1,0.058613725
s_016um_00045_00208-1,-0.029148236
s_016um_00019_00267-1,0.09753916
s_016um_00355_00288-1,0.239696
s_016um_00396_00364-1,0.18975197
s_016um_00030_00336-1,0.09212658
s_016um_00369_00139-1,0.19622378
s_016um_00061_00245-1,0.22680785
s_016um_00222_00334-1,0.05656419
s_016um_00327_00119-1,0.68024784
s_016um_00272_00045-1,0.23971877
s_016um_00092_00318-1,0.39498854
s_016um_00261_00133-1,0.1787185
s_016um_00161_00290-1,0.1446593
s_016um_00224_00026-1,0.7393515
s_016um_00319_00302-1,0.06824671
s_016um_00211_00292-1,0.43123043
s_016um_00270_00054-1,0.46271563
s_016um_00280_00046-1,0.14219545
s_016um_00040_00101-1,-0.017812014
s_016um_00273_00336-1,0.2936304
s_016um_00399_00373-1,1.2064269
s_016um_00141_00217-1,0.303153
s_016um_00394_00344-1,0.8463842
s_016um_00327_00213-1,0.023960292
s_016um_00286_00095-1,0.25742006
s_016um_00272_00229-1,-0.038569346
s_016um_00355_00088-1,0.03422232
s_016um_00351_00018-1,0.029735148
s_016um_00271_00035-1,0.119503275
s_016um_00085_00197-1,0.02898942
s_016um_00141_00220-1,-0.01343511
s_016um_00372_00126-1,0.26454532
s_016um_00019_00271-1,0.041001663
s_016um_00388_00340-1,0.09327788
s_016um_00211_00291-1,0.48014873
s_016um_00220_00172-1,0.17721212
s_016um_00218_00226-1,0.060796306
s_016um_00328_00218-1,-0.015960157
s_016um_00330_00252-1,0.09700974
s_016um_00107_00389-1,0.14256662
s_016um_00074_00296-1,0.116218865
s_016um_00280_00045-1,0.019532382
s_016um_00273_00318-1,0.13029099
s_016um_00251_00023-1,0.15308076
s_016um_00349_00018-1,0.4097833
s_016um_00372_00143-1,1.081037
s_016um_00267_00132-1,0.09537855
s_016um_00219_00169-1,0.058628917
s_016um_00400_00220-1,0.050424308
s_016um_00268_00034-1,0.08541099
s_016um_00263_00329-1,0.006601751
s_016um_00222_00329-1,0.034055114
s_016um_00326_00298-1,0.024188966
s_016um_00351_00025-1,0.006143391
s_016um_00344_00218-1,0.30381674
s_016um_00369_00096-1,0.020653144
s_016um_00333_00256-1,0.11312334
s_016um_00134_00230-1,0.086053096
s_016um_00069_00127-1,0.04159558
s_016um_00324_00227-1,-0.058688074
s_016um_00326_00124-1,-0.02429755
s_016um_00392_00297-1,1.5191518
s_016um_00253_00032-1,0.11781668
s_016um_00278_00206-1,-0.086769536
s_016um_00055_00245-1,0.14453067
s_016um_00100_00388-1,0.34392816
s_016um_00224_00238-1,0.17540814
s_016um_00273_00030-1,0.24079579
s_016um_00394_00185-1,0.09769548
s_016um_00004_00297-1,0.22027768
s_016um_00329_00124-1,0.05357968
s_016um_00179_00033-1,0.10601536
s_016um_00398_00183-1,-0.18156524
s_016um_00010_00207-1,0.13537252
s_016um_00278_00327-1,0.13774928
s_016um_00088_00034-1,0.040083468
s_016um_00285_00095-1,0.21579458
s_016um_00239_00188-1,0.03723511
s_016um_00314_00056-1,0.088516794
s_016um_00262_00133-1,0.28726214
s_016um_00067_00238-1,0.14912173
s_016um_00040_00104-1,0.04074484
s_016um_00379_00132-1,0.29084894
s_016um_00379_00136-1,0.15520814
s_016um_00075_00242-1,0.14089149
s_016um_00127_00090-1,0.78001654
s_016um_00227_00332-1,-0.034238964
s_016um_00404_00397-1,2.2647254
s_016um_00046_00208-1,0.103644036
s_016um_00403_00397-1,2.46226
s_016um_00352_00090-1,0.061987974
s_016um_00391_00342-1,0.92920107
s_016um_00124_00147-1,0.1115522
s_016um_00222_00245-1,-0.034143493
s_016um_00040_00207-1,0.11681445
s_016um_00394_00364-1,0.18959498
s_016um_00249_00021-1,0.4238425
s_016um_00087_00071-1,0.27589762
s_016um_00025_00089-1,0.07387812
s_016um_00274_00323-1,0.037974194
s_016um_00130_00390-1,0.017930984
s_016um_00390_00178-1,-0.06258479
s_016um_00056_00244-1,0.1336377
s_016um_00404_00148-1,0.06904353
s_016um_00215_00027-1,0.04133977
s_016um_00405_00147-1,0.14342397
s_016um_00333_00213-1,0.22711897
s_016um_00403_00256-1,0.15914617
s_016um_00031_00329-1,0.2985815
s_016um_00015_00264-1,0.05621033
s_016um_00280_00315-1,0.122267954
s_016um_00062_00132-1,0.017381355
s_016um_00411_00100-1,0.30365014
s_016um_00058_00247-1,0.089605525
s_016um_00150_00400-1,0.1200625
s_016um_00265_00133-1,0.12093194
s_016um_00386_00128-1,-0.027254343
s_016um_00022_00270-1,0.0049829334
s_016um_00403_00261-1,0.21756727
s_016um_00362_00227-1,-0.030852005
s_016um_00195_00123-1,0.049990714
s_016um_00366_00100-1,0.3183918
s_016um_00352_00091-1,-0.024852663
s_016um_00261_00128-1,0.20040216
s_016um_00078_00285-1,0.20695788
s_016um_00266_00129-1,0.12696052
s_016um_00369_00228-1,0.024893269
s_016um_00030_00330-1,-0.045248896
s_016um_00209_00030-1,0.1267969
s_016um_00138_00217-1,0.29631385
s_016um_00144_00021-1,0.12875897
s_016um_00021_00272-1,0.15636879
s_016um_00324_00232-1,-0.06814304
s_016um_00077_00292-1,0.135915
s_016um_00035_00097-1,0.058953434
s_016um_00276_00315-1,0.983811
s_016um_00161_00293-1,-0.013489559
s_016um_00033_00330-1,0.091453634
s_016um_00113_00314-1,-0.09361075
s_016um_00114_00320-1,0.0825518
s_016um_00016_00264-1,0.039437145
s_016um_00270_00031-1,0.16294621
s_016um_00268_00056-1,0.9481419
s_016um_00277_00311-1,0.05469075
s_016um_00119_00152-1,0.09837051
s_016um_00079_00296-1,0.020605117
s_016um_00053_00247-1,0.27668977
s_016um_00280_00134-1,0.038740963
s_016um_00163_00127-1,0.24531195
s_016um_00276_00210-1,-0.099720165
s_016um_00109_00318-1,0.2836384
s_016um_00032_00089-1,0.06318687
s_016um_00320_00300-1,0.070596755
s_016um_00281_00312-1,-0.01615575
s_016um_00221_00229-1,-0.009269983
s_016um_00195_00091-1,0.07080337
s_016um_00232_00359-1,0.16325976
s_016um_00070_00235-1,-0.0029347837
s_016um_00069_00237-1,0.062710136
s_016um_00142_00059-1,0.10285464
s_016um_00182_00028-1,-0.045625597
s_016um_00218_00012-1,-0.014845908
s_016um_00073_00252-1,0.45287257
s_016um_00237_00091-1,0.14097844
s_016um_00010_00156-1,-0.031014472
s_016um_00042_00202-1,0.24805547
s_016um_00271_00205-1,0.14054556
s_016um_00094_00025-1,0.33007744
s_016um_00221_00234-1,-0.052138925
s_016um_00044_00206-1,0.16382656
s_016um_00127_00384-1,0.3132816
s_016um_00355_00292-1,0.037871808
s_016um_00027_00084-1,0.07643204
s_016um_00369_00095-1,0.008876756
s_016um_00041_00177-1,0.053404175
s_016um_00400_00399-1,3.0907028
s_016um_00111_00316-1,0.1287829
s_016um_00279_00206-1,0.059782557
s_016um_00284_00095-1,0.1921445
s_016um_00397_00357-1,1.035154
s_016um_00221_00028-1,0.29776362
s_016um_00167_00129-1,0.1665242
s_016um_00355_00413-1,1.7249869
s_016um_00165_00287-1,0.32040918
s_016um_00217_00031-1,0.02694276
s_016um_00084_00281-1,0.012619764
s_016um_00067_00237-1,0.15701216
s_016um_00286_00098-1,0.0749944
s_016um_00195_00126-1,0.14350712
s_016um_00400_00372-1,0.11560028
s_016um_00195_00127-1,0.22875637
s_016um_00153_00401-1,0.09522868
s_016um_00195_00125-1,0.19022925
s_016um_00268_00334-1,0.10191469
s_016um_00143_00059-1,0.15780295
s_016um_00214_00277-1,0.035670415
s_016um_00225_00234-1,0.042344794
s_016um_00135_00320-1,1.8127117
s_016um_00099_00026-1,0.35671562
s_016um_00325_00227-1,0.020364314
s_016um_00382_00136-1,0.1679104
s_016um_00266_00061-1,0.21093234
s_016um_00339_00402-1,0.34940547
s_016um_00268_00333-1,0.050424814
s_016um_00145_00395-1,0.06523687
s_016um_00177_00030-1,0.17051478
s_016um_00230_00355-1,-0.06053722
s_016um_00323_00168-1,0.13933451
s_016um_00323_00306-1,0.057290107
s_016um_00097_00276-1,0.20155714
s_016um_00094_00028-1,0.24644986
s_016um_00015_00269-1,0.26470503
s_016um_00277_00137-1,0.10312227
s_016um_00278_00202-1,-0.060191214
s_016um_00382_00131-1,0.025034785
s_016um_00221_00023-1,0.25786376
s_016um_00369_00147-1,0.15899703
s_016um_00128_00086-1,0.26235142
s_016um_00069_00238-1,0.22330117
s_016um_00183_00026-1,0.13203487
s_016um_00404_00147-1,0.12615058
s_016um_00221_00173-1,0.68468213
s_016um_00093_00272-1,0.05196491
s_016um_00189_00097-1,0.1427894
s_016um_00173_00374-1,0.057699047
s_016um_00278_00136-1,0.14740771
s_016um_00082_00239-1,0.07288193
s_016um_00116_00148-1,0.09037013
s_016um_00082_00071-1,0.094816945
s_016um_00224_00248-1,0.069218375
s_016um_00208_00290-1,0.080121696
s_016um_00276_00327-1,0.715755
s_016um_00340_00218-1,0.26586992
s_016um_00350_00020-1,0.37936142
s_016um_00127_00387-1,0.2292963
s_016um_00086_00201-1,0.049142092
s_016um_00044_00176-1,0.08262283
s_016um_00141_00016-1,0.08147348
s_016um_00218_00014-1,0.23910262
s_016um_00032_00337-1,-0.00083872676
s_016um_00392_00299-1,0.24663132
s_016um_00402_00397-1,1.8580717
s_016um_00395_00371-1,0.08935493
s_016um_00204_00151-1,0.39468855
s_016um_00380_00129-1,0.104206316
s_016um_00408_00399-1,3.1853049
s_016um_00211_00029-1,0.09243807
s_016um_00080_00267-1,-0.006023541
s_016um_00108_00314-1,0.11279532
s_016um_00041_00175-1,0.08301339
s_016um_00028_00336-1,0.043294013
s_016um_00132_00228-1,0.08312787
s_016um_00061_00126-1,0.062300272
s_016um_00271_00032-1,0.25804162
s_016um_00215_00277-1,0.58481854
s_016um_00100_00031-1,0.15180548
s_016um_00095_00275-1,-0.01092656
s_016um_00322_00299-1,0.24016795
s_016um_00320_00305-1,-0.023865014
s_016um_00272_00029-1,0.08822773
s_016um_00230_00260-1,0.07819633
s_016um_00358_00122-1,0.30852684
s_016um_00354_00289-1,0.015301198
s_016um_00097_00334-1,0.11900937
s_016um_00144_00058-1,0.31569535
s_016um_00391_00291-1,0.17664045
s_016um_00184_00032-1,0.09025483
s_016um_00135_00220-1,0.23506632
s_016um_00353_00021-1,0.5552297
s_016um_00279_00202-1,-0.1382265
s_016um_00280_00207-1,-0.076588914
s_016um_00204_00153-1,0.16943175
s_016um_00132_00091-1,0.43422455
s_016um_00139_00015-1,0.60904706
s_016um_00136_00223-1,0.3676751
s_016um_00026_00090-1,0.13000764
s_016um_00409_00105-1,0.03591445
s_016um_00395_00344-1,0.3311783
s_016um_00102_00384-1,0.30075756
s_016um_00129_00384-1,0.14912966
s_016um_00010_00295-1,0.10627988
s_016um_00226_00028-1,0.11471471
s_016um_00390_00364-1,0.1748192
s_016um_00360_00411-1,1.0327244
s_016um_00035_00099-1,0.35000214
s_016um_00137_00074-1,0.03510891
s_016um_00090_00274-1,0.019907385
s_016um_00132_00231-1,-0.036589622
s_016um_00274_00331-1,0.066464595
s_016um_00101_00074-1,0.038515523
s_016um_00370_00101-1,0.2854763
s_016um_00104_00388-1,0.03522654
s_016um_00126_00093-1,0.25098965
s_016um_00096_00341-1,-0.04566282
s_016um_00308_00053-1,0.09346594
s_016um_00355_00294-1,-0.023821682
s_016um_00323_00166-1,0.36293626
s_016um_00375_00122-1,-0.051872745
s_016um_00395_00259-1,0.17364898
s_016um_00388_00342-1,0.20808402
s_016um_00342_00397-1,0.71003157
s_016um_00086_00072-1,0.58217454
s_016um_00086_00067-1,0.06305434
s_016um_00307_00055-1,0.32898802
s_016um_00108_00319-1,1.1815847
s_016um_00125_00089-1,0.06990538
s_016um_00219_00232-1,0.13021547
s_016um_00217_00166-1,0.22126354
s_016um_00083_00268-1,0.09308848
s_016um_00074_00239-1,0.23558271
s_016um_00261_00189-1,0.17708054
s_016um_00181_00034-1,0.061378554
s_016um_00413_00100-1,0.27729264
s_016um_00048_00243-1,0.7183556
s_016um_00096_00024-1,0.13668656
s_016um_00033_00004-1,0.26004165
s_016um_00335_00400-1,1.4002074
s_016um_00271_00031-1,0.3923239
s_016um_00358_00289-1,0.0584945
s_016um_00083_00066-1,0.14890349
s_016um_00233_00084-1,0.6230929
s_016um_00042_00171-1,0.45860463
s_016um_00284_00093-1,0.025859505
s_016um_00280_00314-1,0.15946244
s_016um_00107_00390-1,0.18801118
s_016um_00391_00341-1,0.6908249
s_016um_00100_00321-1,-0.046562403
s_016um_00136_00071-1,0.27593765
s_016um_00319_00169-1,0.13698755
s_016um_00401_00125-1,0.11036494
s_016um_00324_00302-1,0.019568875
s_016um_00049_00241-1,0.2104255
s_016um_00120_00144-1,0.94276375
s_016um_00082_00194-1,0.45536387
s_016um_00143_00058-1,-0.04652679
s_016um_00248_00087-1,0.31836846
s_016um_00064_00236-1,0.24919492
s_016um_00292_00096-1,0.38968676
s_016um_00083_00072-1,0.5046675
s_016um_00326_00214-1,-0.006987974
s_016um_00194_00095-1,0.13103943
s_016um_00087_00035-1,0.15766412
s_016um_00104_00066-1,0.19422773
s_016um_00276_00312-1,0.13304178
s_016um_00274_00317-1,0.17045958
s_016um_00383_00136-1,0.12835746
s_016um_00268_00055-1,0.92827743
s_016um_00278_00209-1,-0.038013503
s_016um_00268_00337-1,0.17298768
s_016um_00128_00091-1,0.3151565
s_016um_00216_00028-1,0.06589873
s_016um_00159_00285-1,0.23236851
s_016um_00137_00070-1,0.13556682
s_016um_00277_00315-1,0.39404643
s_016um_00261_00033-1,0.1395621
s_016um_00401_00371-1,0.32627428
s_016um_00326_00228-1,0.1107856
s_016um_00120_00145-1,0.22782978
s_016um_00244_00088-1,0.41406912
s_016um_00332_00214-1,0.032556564
s_016um_00393_00371-1,0.28203106
s_016um_00394_00337-1,0.07142537
s_016um_00265_00332-1,-0.041389897
s_016um_00342_00212-1,0.29781294
s_016um_00275_00208-1,0.007456079
s_016um_00265_00134-1,0.1027306
s_016um_00027_00086-1,0.107910134
s_016um_00196_00121-1,0.12891652
s_016um_00290_00099-1,-0.02841559
s_016um_00229_00251-1,0.021082103
s_016um_00014_00214-1,0.12158884
s_016um_00234_00090-1,0.18774246
s_016um_00355_00118-1,0.22537513
s_016um_00245_00083-1,0.22524047
s_016um_00226_00238-1,0.049932435
s_016um_00399_00125-1,0.1923562
s_016um_00404_00149-1,0.16579087
s_016um_00045_00241-1,0.66949147
s_016um_00219_00010-1,0.19512217
s_016um_00361_00414-1,1.4522091
s_016um_00263_00188-1,0.1711571
s_016um_00159_00288-1,0.2024999
s_016um_00124_00389-1,0.035937488
s_016um_00133_00227-1,0.2909805
s_016um_00412_00100-1,0.093515314
s_016um_00060_00248-1,0.09124232
s_016um_00271_00028-1,0.31072205
s_016um_00240_00187-1,0.07289866
s_016um_00342_00214-1,0.026408404
s_016um_00350_00024-1,0.089038946
s_016um_00340_00404-1,0.3562587
s_016um_00098_00336-1,0.21171448
s_016um_00078_00293-1,0.045592383
s_016um_00268_00329-1,0.019206315
s_016um_00087_00269-1,0.10487884
s_016um_00235_00186-1,0.006711945
s_016um_00067_00129-1,0.07393662
s_016um_00223_00025-1,0.63658655
s_016um_00242_00183-1,0.103278436
s_016um_00126_00383-1,0.07308591
s_016um_00082_00198-1,0.26924136
s_016um_00105_00066-1,0.19795091
s_016um_00171_00371-1,0.19899309
s_016um_00332_00257-1,0.04058528
s_016um_00333_00252-1,0.08082361
s_016um_00263_00057-1,0.115314186
s_016um_00270_00334-1,0.11328888
s_016um_00103_00391-1,0.004350826
s_016um_00392_00344-1,0.8059752
s_016um_00400_00365-1,0.27433425
s_016um_00093_00280-1,0.063552916
s_016um_00409_00145-1,0.10327941
s_016um_00235_00265-1,0.34746367
s_016um_00172_00373-1,-0.009025514
s_016um_00089_00071-1,0.009444684
s_016um_00318_00163-1,0.14565852
s_016um_00085_00072-1,0.13899533
s_016um_00035_00330-1,0.051819444
s_016um_00268_00227-1,0.32210982
s_016um_00327_00225-1,0.054092817
s_016um_00272_00328-1,0.24048023
s_016um_00325_00169-1,-0.11439161
s_016um_00239_00092-1,0.06967902
s_016um_00029_00093-1,0.14482644
s_016um_00184_00031-1,0.041098505
s_016um_00268_00229-1,0.022882193
s_016um_00168_00378-1,-0.0010036975
s_016um_00237_00088-1,0.27432463
s_016um_00247_00088-1,0.13502386
s_016um_00044_00208-1,-0.07651688
s_016um_00371_00143-1,0.16454738
s_016um_00325_00303-1,0.27298275
s_016um_00097_00335-1,0.11556417
s_016um_00387_00343-1,0.2154399
s_016um_00341_00401-1,0.3209477
s_016um_00337_00252-1,-0.051878974
s_016um_00216_00167-1,0.1020969
s_016um_00064_00231-1,0.18464328
s_016um_00045_00246-1,0.06834546
s_016um_00059_00246-1,0.2120986
s_016um_00238_00355-1,0.36020818
s_016um_00071_00233-1,0.045417383
s_016um_00092_00272-1,0.062244594
s_016um_00140_00215-1,0.2268601
s_016um_00082_00201-1,0.14307578
s_016um_00056_00243-1,0.43704844
s_016um_00221_00015-1,0.29475653
s_016um_00213_00278-1,0.06108874
s_016um_00260_00031-1,0.46389145
s_016um_00354_00022-1,0.1957039
s_016um_00273_00314-1,0.093375675
s_016um_00404_00401-1,3.594016
s_016um_00039_00011-1,0.072846204
s_016um_00261_00135-1,-0.06597847
s_016um_00106_00384-1,0.14460333
s_016um_00133_00225-1,-0.07450952
s_016um_00010_00154-1,0.053885102
s_016um_00222_00230-1,0.14684603
s_016um_00239_00189-1,0.13045463
s_016um_00097_00339-1,0.027010545
s_016um_00102_00385-1,0.2538453
s_016um_00073_00250-1,0.09863105
s_016um_00238_00358-1,0.023751467
s_016um_00041_00010-1,0.05497607
s_016um_00181_00033-1,0.124309205
s_016um_00397_00368-1,0.1356397
s_016um_00016_00267-1,0.009321436
s_016um_00102_00069-1,0.08321214
s_016um_00220_00167-1,0.106325485
s_016um_00369_00099-1,0.3559968
s_016um_00040_00097-1,-0.031200781
s_016um_00121_00144-1,0.56085885
s_016um_00369_00141-1,0.0846352
s_016um_00197_00124-1,0.22357213
s_016um_00359_00095-1,-0.0006595701
s_016um_00236_00358-1,0.09321909
s_016um_00394_00217-1,-0.05593531
s_016um_00322_00162-1,0.4239654
s_016um_00215_00278-1,0.1071591
s_016um_00038_00207-1,0.17304617
s_016um_00409_00147-1,0.05834678
s_016um_00219_00016-1,0.16448893
s_016um_00276_00046-1,0.008974016
s_016um_00355_00116-1,0.15439142
s_016um_00224_00229-1,0.040216565
s_016um_00373_00143-1,0.7402152
s_016um_00216_00015-1,0.0459069
s_016um_00147_00057-1,0.13177383
s_016um_00355_00024-1,0.15917969
s_016um_00221_00166-1,0.71992725
s_016um_00219_00233-1,0.1486556
s_016um_00392_00184-1,0.29263505
s_016um_00401_00126-1,0.050134912
s_016um_00273_00227-1,-0.08905952
s_016um_00362_00223-1,0.27096733
s_016um_00310_00053-1,0.13189548
s_016um_00082_00193-1,0.41890895
s_016um_00406_00128-1,0.07123158
s_016um_00221_00232-1,0.31934297
s_016um_00142_00219-1,0.7793369
s_016um_00368_00122-1,0.19135337
s_016um_00065_00134-1,0.0860361
s_016um_00306_00059-1,0.16007692
s_016um_00359_00288-1,0.16629319
s_016um_00280_00328-1,0.008024558
s_016um_00365_00223-1,0.0876389
s_016um_00222_00168-1,0.0069313794
s_016um_00222_00171-1,0.3256024
s_016um_00392_00369-1,0.17365602
s_016um_00033_00086-1,0.07431544
s_016um_00189_00090-1,0.28236356
s_016um_00028_00084-1,0.21028888
s_016um_00224_00227-1,0.08107763
s_016um_00264_00185-1,0.61485386
s_016um_00088_00072-1,0.009634003
s_016um_00362_00412-1,1.0199126
s_016um_00383_00135-1,0.25290436
s_016um_00279_00135-1,-0.083514825
s_016um_00139_00018-1,0.13810402
s_016um_00143_00018-1,0.46850175
s_016um_00040_00011-1,0.28942838
s_016um_00074_00242-1,0.050795153
s_016um_00069_00132-1,0.14452764
s_016um_00324_00120-1,0.18517718
s_016um_00399_00213-1,0.11769321
s_016um_00007_00300-1,0.031135857
s_016um_00141_00021-1,0.9714322
s_016um_00167_00121-1,0.440818
s_016um_00100_00390-1,0.5799521
s_016um_00337_00398-1,0.7225917
s_016um_00086_00194-1,0.3283506
s_016um_00345_00219-1,0.22343872
s_016um_00325_00120-1,0.13046445
s_016um_00242_00083-1,0.5637195
s_016um_00329_00120-1,0.09629774
s_016um_00066_00132-1,0.04516481
s_016um_00173_00378-1,0.11179303
s_016um_00277_00130-1,0.19418353
s_016um_00329_00253-1,0.042812556
s_016um_00376_00122-1,0.44236857
s_016um_00106_00387-1,0.084300585
s_016um_00408_00146-1,0.06432221
s_016um_00416_00135-1,0.2523986
s_016um_00227_00330-1,0.15380901
s_016um_00350_00022-1,0.14811733
s_016um_00228_00267-1,-0.0676903
s_016um_00197_00127-1,0.08880933
s_016um_00049_00240-1,0.02920121
s_016um_00224_00243-1,0.08970631
s_016um_00283_00094-1,0.23801875
s_016um_00174_00372-1,0.06782679
s_016um_00414_00098-1,-0.064172134
s_016um_00345_00215-1,0.29981896
s_016um_00401_00395-1,1.4167721
s_016um_00254_00019-1,0.47099274
s_016um_00085_00264-1,0.06751209
s_016um_00397_00361-1,0.10138413
s_016um_00094_00321-1,-0.10685833
s_016um_00084_00069-1,0.2890811
s_016um_00271_00333-1,0.2702885
s_016um_00037_00207-1,0.06664202
s_016um_00129_00229-1,0.060886614
s_016um_00230_00358-1,0.17105742
s_016um_00146_00061-1,0.040126964
s_016um_00403_00262-1,0.038236797
s_016um_00361_00294-1,-0.06223704
s_016um_00193_00096-1,0.076095186
s_016um_00388_00132-1,0.07580035
s_016um_00397_00213-1,0.07904054
s_016um_00102_00066-1,0.16260117
s_016um_00266_00028-1,0.44457078
s_016um_00159_00293-1,0.044951007
s_016um_00392_00185-1,0.027479053
s_016um_00398_00363-1,0.31585675
s_016um_00330_00118-1,-0.015030012
s_016um_00044_00238-1,0.17365572
s_016um_00274_00048-1,0.24414769
s_016um_00006_00298-1,-0.024891496
s_016um_00035_00105-1,0.17284362
s_016um_00060_00242-1,0.14651695
s_016um_00319_00166-1,-0.110736296
s_016um_00365_00230-1,0.13446979
s_016um_00096_00278-1,0.12426056
s_016um_00147_00397-1,0.30917168
s_016um_00082_00034-1,0.23077348
s_016um_00313_00054-1,0.3369382
s_016um_00215_00028-1,0.31277052
s_016um_00168_00375-1,0.08409068
s_016um_00336_00252-1,0.06790521
s_016um_00129_00094-1,0.42144883
s_016um_00167_00377-1,0.27493346
s_016um_00310_00058-1,0.8387988
s_016um_00038_00105-1,0.20445566
s_016um_00276_00326-1,0.40743852
s_016um_00099_00070-1,0.051865414
s_016um_00402_00146-1,0.10047044
s_016um_00045_00238-1,0.1054396
s_016um_00101_00069-1,0.09714
s_016um_00352_00096-1,0.282355
s_016um_00250_00027-1,0.18507084
s_016um_00268_00224-1,-0.034263253
s_016um_00093_00270-1,0.07615943
s_016um_00119_00147-1,0.16146187
s_016um_00041_00047-1,0.14872016
s_016um_00127_00390-1,0.060005717
s_016um_00220_00237-1,0.17355707
s_016um_00219_00283-1,0.10774523
s_016um_00102_00024-1,0.22149585
s_016um_00399_00257-1,0.2559735
s_016um_00256_00191-1,0.01864466
s_016um_00383_00131-1,0.027595311
s_016um_00406_00403-1,3.2873704
s_016um_00034_00011-1,0.18112263
s_016um_00307_00060-1,0.13755442
s_016um_00164_00293-1,0.15604438
s_016um_00230_00267-1,-0.031791374
s_016um_00028_00088-1,0.06469925
s_016um_00233_00262-1,0.00037567317
s_016um_00402_00149-1,0.18985325
s_016um_00083_00197-1,0.33261552
s_016um_00170_00370-1,0.2885245
s_016um_00139_00022-1,0.03584528
s_016um_00235_00087-1,0.19202356
s_016um_00160_00291-1,0.037266612
s_016um_00364_00101-1,0.06384746
s_016um_00220_00013-1,-0.028948873
s_016um_00009_00210-1,0.020626292
s_016um_00142_00016-1,0.29472587
s_016um_00041_00217-1,0.20642835
s_016um_00247_00023-1,0.43734086
s_016um_00221_00230-1,0.047256485
s_016um_00035_00008-1,0.030618295
s_016um_00007_00212-1,0.2947064
s_016um_00359_00093-1,-0.008589491
s_016um_00093_00336-1,-0.06312224
s_016um_00194_00093-1,0.046390742
s_016um_00101_00027-1,0.09410694
s_016um_00319_00167-1,0.010060459
s_016um_00346_00220-1,0.017537132
s_016um_00411_00105-1,0.39541972
s_016um_00328_00303-1,0.27740338
s_016um_00169_00129-1,0.23723927
s_016um_00322_00168-1,0.14525625
s_016um_00334_00256-1,0.17734337
s_016um_00151_00395-1,0.20282984
s_016um_00134_00219-1,0.05065784
s_016um_00333_00122-1,0.17220894
s_016um_00041_00048-1,0.09969765
s_016um_00010_00208-1,0.5641561
s_016um_00385_00128-1,0.038559824
s_016um_00181_00026-1,0.14231429
s_016um_00273_00330-1,0.21223883
s_016um_00149_00396-1,0.11645096
s_016um_00182_00027-1,-0.0075144917
s_016um_00287_00098-1,0.13200697
s_016um_00344_00217-1,0.23424032
s_016um_00039_00043-1,0.24551235
s_016um_00100_00384-1,0.1749514
s_016um_00047_00218-1,0.34089378
s_016um_00097_00067-1,0.13521174
s_016um_00006_00301-1,0.007529497
s_016um_00061_00127-1,0.036801577
s_016um_00090_00068-1,-0.042805284
s_016um_00383_00126-1,0.09627217
s_016um_00208_00149-1,-0.015785828
s_016um_00401_00372-1,0.9261502
s_016um_00220_00017-1,0.06746507
s_016um_00351_00024-1,0.039863452
s_016um_00216_00290-1,0.1947599
s_016um_00340_00402-1,0.34203753
s_016um_00025_00090-1,0.22963445
s_016um_00146_00056-1,0.06710225
s_016um_00089_00265-1,0.06797282
s_016um_00006_00154-1,0.059396982
s_016um_00404_00400-1,3.7669299
s_016um_00327_00123-1,-0.011265948
s_016um_00259_00134-1,0.023344412
s_016um_00087_00271-1,-0.041725665
s_016um_00258_00131-1,0.25310156
s_016um_00129_00388-1,-0.01841648
s_016um_00149_00401-1,0.00778462
s_016um_00133_00072-1,-0.022845343
s_016um_00369_00226-1,0.017178178
s_016um_00139_00074-1,0.09211891
s_016um_00286_00094-1,0.2612876
s_016um_00260_00192-1,0.0745751
s_016um_00382_00126-1,-0.027293935
s_016um_00356_00415-1,1.4544139
s_016um_00005_00297-1,0.24261773
s_016um_00390_00296-1,0.09624958
s_016um_00359_00415-1,1.2812372
s_016um_00152_00394-1,0.116911925
s_016um_00225_00028-1,0.007853374
s_016um_00081_00069-1,0.10373368
s_016um_00276_00131-1,0.11194522
s_016um_00391_00338-1,0.13240501
s_016um_00279_00045-1,0.15620121
s_016um_00095_00342-1,0.034228817
s_016um_00220_00173-1,0.17997111
s_016um_00039_00211-1,0.012876257
s_016um_00037_00171-1,0.052629508
s_016um_00280_00132-1,0.114937246
s_016um_00356_00020-1,0.28111088
s_016um_00118_00150-1,0.30804044
s_016um_00393_00362-1,0.20499834
s_016um_00243_00088-1,0.15764484
s_016um_00075_00244-1,0.18911964
s_016um_00160_00290-1,0.013029754
s_016um_00357_00097-1,0.1956268
s_016um_00386_00293-1,0.11268762
s_016um_00016_00271-1,0.24014533
s_016um_00097_00026-1,0.0715125
s_016um_00036_00046-1,-0.0037058145
s_016um_00241_00082-1,0.2897935
s_016um_00278_00330-1,0.019561574
s_016um_00371_00098-1,0.08452012
s_016um_00395_00218-1,0.11981775
s_016um_00081_00242-1,0.062303573
s_016um_00214_00013-1,0.20298615
s_016um_00278_00324-1,0.030101448
s_016um_00270_00230-1,0.123259515
s_016um_00341_00212-1,0.15159759
s_016um_00096_00276-1,0.09969177
s_016um_00086_00033-1,0.24669005
s_016um_00162_00288-1,1.0339386
s_016um_00164_00286-1,-0.02812408
s_016um_00090_00269-1,-0.017423898
s_016um_00331_00218-1,0.01074253
s_016um_00265_00057-1,0.35725978
s_016um_00332_00213-1,0.08504029
s_016um_00394_00178-1,0.14670084
s_016um_00029_00334-1,0.053664975
s_016um_00274_00046-1,0.22133593
s_016um_00270_00329-1,0.16423012
s_016um_00097_00072-1,0.063239664
s_016um_00008_00157-1,0.038800716
s_016um_00095_00341-1,0.12334151
s_016um_00225_00030-1,0.1520738
s_016um_00080_00300-1,0.02471517
s_016um_00038_00173-1,0.11348539
s_016um_00357_00095-1,0.068926916
s_016um_00078_00247-1,0.19321981
s_016um_00266_00337-1,-0.03984484
s_016um_00082_00279-1,-0.019193932
s_016um_00363_00228-1,0.057272658
s_016um_00007_00293-1,0.19961105
s_016um_00272_00226-1,-0.093333796
s_016um_00094_00029-1,0.076065816
s_016um_00401_00398-1,1.7986761
s_016um_00370_00140-1,0.06828645
s_016um_00055_00248-1,0.8811073
s_016um_00047_00215-1,0.23218542
s_016um_00218_00167-1,0.11129984
s_016um_00272_00331-1,0.12626101
s_016um_00044_00207-1,0.043041527
s_016um_00344_00219-1,0.2907618
s_016um_00101_00388-1,0.4670807
s_016um_00134_00225-1,0.17874211
s_016um_00237_00092-1,0.29662102
s_016um_00217_00016-1,0.12097074
s_016um_00017_00270-1,0.16052541
s_016um_00094_00319-1,0.17737687
s_016um_00260_00183-1,-0.0063322634
s_016um_00095_00319-1,0.03476882
s_016um_00237_00354-1,0.10542611
s_016um_00120_00147-1,0.11257012
s_016um_00007_00157-1,0.1777656
s_016um_00078_00294-1,-0.02408807
s_016um_00217_00284-1,0.032920167
s_016um_00091_00265-1,0.07609287
s_016um_00165_00122-1,0.30218336
s_016um_00356_00292-1,0.13358417
s_016um_00353_00097-1,0.13574237
s_016um_00081_00199-1,0.22833103
s_016um_00130_00315-1,0.5022398
s_016um_00092_00335-1,-0.14767636
s_016um_00133_00090-1,0.45456183
s_016um_00406_00124-1,0.043202326
s_016um_00395_00220-1,0.11573329
s_016um_00045_00207-1,-0.080639526
s_016um_00028_00337-1,0.21649799
s_016um_00188_00095-1,0.054309897
s_016um_00081_00238-1,0.34166038
s_016um_00340_00403-1,0.34711137
s_016um_00220_00027-1,0.21711431
s_016um_00101_00070-1,0.07099822
s_016um_00046_00210-1,0.17888503
s_016um_00222_00170-1,0.13871318
s_016um_00087_00068-1,0.07695602
s_016um_00070_00234-1,0.34170175
s_016um_00273_00206-1,0.27151266
s_016um_00225_00243-1,-0.014908239
s_016um_00158_00292-1,0.11758336
s_016um_00209_00294-1,0.026567161
s_016um_00323_00299-1,0.08806264
s_016um_00211_00031-1,0.49886876
s_016um_00069_00129-1,0.043180496
s_016um_00324_00124-1,0.07054954
s_016um_00086_00280-1,0.037483618
s_016um_00332_00119-1,0.28510523
s_016um_00128_00389-1,0.037985712
s_016um_00323_00305-1,0.114058174
s_016um_00041_00213-1,0.9155038
s_016um_00226_00330-1,0.16367705
s_016um_00235_00355-1,0.11970056
s_016um_00217_00278-1,-0.011319891
s_016um_00082_00241-1,0.04053393
s_016um_00146_00394-1,0.08600796
s_016um_00174_00374-1,0.15735263
s_016um_00223_00330-1,0.044221386
s_016um_00215_00034-1,0.16163105
s_016um_00328_00210-1,0.103316516
s_016um_00037_00173-1,0.048555136
s_016um_00017_00271-1,0.12146503
s_016um_00253_00031-1,0.24010387
s_016um_00004_00154-1,0.0939267
s_016um_00212_00293-1,0.13071804
s_016um_00393_00360-1,0.6878123
s_016um_00033_00336-1,-0.066809446
s_016um_00043_00216-1,0.0635638
s_016um_00397_00364-1,0.08409365
s_016um_00368_00097-1,0.24084875
s_016um_00217_00029-1,0.040258035
s_016um_00388_00343-1,0.06189432
s_016um_00218_00283-1,0.052689306
s_016um_00271_00226-1,0.08613374
s_016um_00171_00373-1,0.096072346
s_016um_00225_00251-1,-0.009104565
s_016um_00081_00280-1,0.12680072
s_016um_00272_00035-1,0.20079356
s_016um_00416_00101-1,0.1287243
s_016um_00365_00226-1,0.051714107
s_016um_00418_00136-1,-0.06170416
s_016um_00216_00293-1,-0.007766634
s_016um_00400_00256-1,0.03437242
s_016um_00042_00179-1,0.21958692
s_016um_00239_00181-1,0.38240254
s_016um_00370_00100-1,0.2608784
s_016um_00047_00211-1,0.0077332854
s_016um_00130_00382-1,0.20728347
s_016um_00127_00091-1,0.22998443
s_016um_00273_00137-1,0.191098
