spot_id,predicted_protein_value
s_016um_00380_00137-1,2.2815087
s_016um_00037_00102-1,2.354666
s_016um_00328_00304-1,2.3907692
s_016um_00343_00400-1,2.117544
s_016um_00009_00155-1,2.5991106
s_016um_00009_00150-1,2.58294
s_016um_00109_00316-1,2.272912
s_016um_00330_00253-1,2.3941386
s_016um_00366_00225-1,2.488286
s_016um_00267_00058-1,1.9816432
s_016um_00274_00229-1,2.4314907
s_016um_00219_00167-1,2.539722
s_016um_00209_00032-1,2.4083729
s_016um_00112_00314-1,2.3654053
s_016um_00122_00145-1,2.5539637
s_016um_00201_00148-1,2.4397686
s_016um_00232_00085-1,2.2228785
s_016um_00034_00102-1,2.71014
s_016um_00080_00283-1,2.4545717
s_016um_00142_00062-1,2.6044323
s_016um_00242_00085-1,2.048224
s_016um_00382_00138-1,2.4473941
s_016um_00321_00227-1,2.3048062
s_016um_00081_00240-1,2.5820427
s_016um_00362_00411-1,1.9702173
s_016um_00323_00167-1,2.0175743
s_016um_00323_00162-1,2.3577805
s_016um_00394_00215-1,2.365741
s_016um_00219_00026-1,2.4606586
s_016um_00363_00414-1,1.9601494
s_016um_00233_00267-1,2.2401133
s_016um_00033_00089-1,2.5590045
s_016um_00082_00197-1,2.0586972
s_016um_00235_00090-1,2.1502924
s_016um_00127_00318-1,2.518082
s_016um_00040_00098-1,2.8683984
s_016um_00217_00172-1,2.3969567
s_016um_00259_00034-1,2.6162689
s_016um_00276_00133-1,2.3426955
s_016um_00325_00123-1,2.3326864
s_016um_00341_00399-1,2.3157039
s_016um_00191_00093-1,2.5928266
s_016um_00129_00321-1,2.2081013
s_016um_00263_00061-1,2.1334252
s_016um_00341_00215-1,2.429046
s_016um_00270_00034-1,2.5697565
s_016um_00395_00365-1,2.6765492
s_016um_00083_00278-1,2.4298444
s_016um_00134_00321-1,1.3115565
s_016um_00038_00098-1,2.479855
s_016um_00278_00048-1,2.2789311
s_016um_00120_00149-1,2.3099668
s_016um_00199_00149-1,2.485415
s_016um_00275_00229-1,2.457527
s_016um_00140_00022-1,2.5422513
s_016um_00080_00236-1,2.0494764
s_016um_00367_00099-1,1.9642606
s_016um_00232_00263-1,2.2656024
s_016um_00166_00129-1,2.516342
s_016um_00356_00115-1,2.4101543
s_016um_00230_00250-1,2.5020487
s_016um_00394_00181-1,2.2132566
s_016um_00137_00222-1,2.2024908
s_016um_00323_00228-1,2.3733466
s_016um_00343_00215-1,2.5061598
s_016um_00124_00383-1,2.196446
s_016um_00111_00320-1,1.8337555
s_016um_00199_00148-1,2.3672478
s_016um_00034_00336-1,2.209418
s_016um_00206_00149-1,2.275517
s_016um_00019_00265-1,2.2691784
s_016um_00026_00089-1,2.563937
s_016um_00205_00153-1,2.4132566
s_016um_00385_00292-1,1.9085408
s_016um_00390_00181-1,2.3511279
s_016um_00320_00166-1,2.393593
s_016um_00385_00293-1,2.3248582
s_016um_00142_00218-1,1.6928525
s_016um_00130_00233-1,2.4121106
s_016um_00101_00030-1,2.487273
s_016um_00216_00292-1,2.4638472
s_016um_00409_00101-1,2.4585161
s_016um_00028_00335-1,2.4925861
s_016um_00249_00020-1,2.1943104
s_016um_00260_00127-1,2.42234
s_016um_00217_00281-1,2.3915362
s_016um_00081_00296-1,2.4931695
s_016um_00368_00145-1,2.372735
s_016um_00128_00316-1,2.0974717
s_016um_00270_00058-1,2.4443827
s_016um_00138_00074-1,2.707734
s_016um_00236_00083-1,2.372542
s_016um_00266_00059-1,2.062495
s_016um_00076_00241-1,2.3969634
s_016um_00320_00162-1,2.30459
s_016um_00216_00295-1,2.4371762
s_016um_00043_00049-1,2.5368552
s_016um_00376_00119-1,2.1740148
s_016um_00099_00071-1,2.5281498
s_016um_00273_00132-1,2.293327
s_016um_00145_00021-1,2.7288888
s_016um_00356_00410-1,1.9163594
s_016um_00098_00340-1,2.290543
s_016um_00171_00128-1,2.421859
s_016um_00203_00149-1,2.4802213
s_016um_00195_00090-1,2.4965038
s_016um_00098_00073-1,2.4693742
s_016um_00337_00255-1,2.4401224
s_016um_00401_00259-1,2.4797373
s_016um_00211_00289-1,2.2850068
s_016um_00372_00121-1,2.6330607
s_016um_00087_00194-1,2.4645412
s_016um_00220_00226-1,2.6208272
s_016um_00066_00126-1,2.7215068
s_016um_00251_00020-1,2.584272
s_016um_00042_00044-1,2.5656157
s_016um_00098_00027-1,2.4026155
s_016um_00228_00249-1,2.4922457
s_016um_00038_00172-1,2.5252497
s_016um_00209_00296-1,2.433522
s_016um_00106_00385-1,2.23104
s_016um_00084_00266-1,2.5189538
s_016um_00147_00399-1,2.318333
s_016um_00398_00182-1,2.536221
s_016um_00273_00052-1,2.276268
s_016um_00101_00023-1,2.5453846
s_016um_00378_00137-1,2.447334
s_016um_00095_00277-1,2.4160728
s_016um_00141_00223-1,2.435517
s_016um_00260_00133-1,2.2196338
s_016um_00272_00058-1,2.42806
s_016um_00169_00370-1,2.4168477
s_016um_00353_00023-1,2.2645805
s_016um_00389_00292-1,2.311173
s_016um_00253_00026-1,2.4502287
s_016um_00362_00226-1,2.4349408
s_016um_00079_00236-1,2.0663774
s_016um_00403_00150-1,2.601268
s_016um_00046_00209-1,2.2486026
s_016um_00400_00402-1,0.42324984
s_016um_00219_00281-1,2.5281863
s_016um_00274_00225-1,2.4569523
s_016um_00053_00248-1,2.3170552
s_016um_00081_00292-1,2.2026882
s_016um_00361_00290-1,2.037727
s_016um_00277_00327-1,2.3989885
s_016um_00138_00215-1,1.8118436
s_016um_00074_00248-1,2.3569765
s_016um_00083_00200-1,2.4471421
s_016um_00329_00218-1,2.4090154
s_016um_00005_00296-1,2.5568075
s_016um_00276_00208-1,2.541446
s_016um_00039_00178-1,2.4504416
s_016um_00123_00386-1,2.3308454
s_016um_00143_00020-1,2.4719508
s_016um_00407_00401-1,0.95276535
s_016um_00391_00343-1,2.1271043
s_016um_00031_00331-1,2.386844
s_016um_00228_00237-1,2.5041354
s_016um_00218_00032-1,2.3525605
s_016um_00396_00220-1,2.3598423
s_016um_00215_00282-1,2.4033823
s_016um_00008_00153-1,2.5941203
s_016um_00102_00383-1,2.4662232
s_016um_00184_00028-1,2.3988805
s_016um_00266_00057-1,2.0828772
s_016um_00141_00060-1,2.5104377
s_016um_00193_00120-1,2.2365322
s_016um_00268_00332-1,2.3099818
s_016um_00209_00031-1,2.4098926
s_016um_00354_00416-1,1.8083057
s_016um_00365_00098-1,2.240824
s_016um_00041_00049-1,2.5481021
s_016um_00210_00296-1,2.57298
s_016um_00089_00068-1,2.573539
s_016um_00245_00086-1,2.2946434
s_016um_00193_00130-1,2.4559853
s_016um_00126_00089-1,2.1803045
s_016um_00083_00071-1,2.4945214
s_016um_00235_00268-1,2.4292264
s_016um_00219_00280-1,2.3362558
s_016um_00079_00241-1,2.4452775
s_016um_00133_00230-1,2.4971244
s_016um_00257_00034-1,2.4583814
s_016um_00263_00187-1,2.0711372
s_016um_00394_00358-1,1.7079654
s_016um_00105_00384-1,2.1364384
s_016um_00129_00386-1,2.211303
s_016um_00262_00186-1,1.9014173
s_016um_00417_00138-1,2.5878127
s_016um_00287_00092-1,2.3758187
s_016um_00177_00032-1,2.4232774
s_016um_00110_00318-1,2.4229403
s_016um_00218_00277-1,2.4655814
s_016um_00260_00033-1,2.473952
s_016um_00386_00295-1,2.5279815
s_016um_00360_00286-1,2.2559683
s_016um_00030_00331-1,2.369248
s_016um_00266_00332-1,2.325265
s_016um_00197_00123-1,2.2915728
s_016um_00271_00221-1,2.4359224
s_016um_00265_00033-1,2.3354037
s_016um_00273_00201-1,2.3395562
s_016um_00359_00096-1,2.2059026
s_016um_00220_00030-1,2.6081483
s_016um_00097_00317-1,2.142332
s_016um_00346_00212-1,2.1778026
s_016um_00389_00345-1,2.543425
s_016um_00067_00131-1,2.5596466
s_016um_00401_00403-1,0.53397346
s_016um_00214_00029-1,2.3174992
s_016um_00266_00036-1,2.4645793
s_016um_00065_00235-1,2.2697182
s_016um_00037_00045-1,2.5205438
s_016um_00084_00029-1,2.524755
s_016um_00265_00336-1,2.3590286
s_016um_00395_00217-1,2.3438127
s_016um_00214_00278-1,2.400406
s_016um_00077_00293-1,2.2964633
s_016um_00280_00130-1,2.0290902
s_016um_00088_00267-1,2.3578289
s_016um_00372_00120-1,2.3122897
s_016um_00109_00315-1,2.1772573
s_016um_00416_00142-1,2.4791505
s_016um_00282_00325-1,2.407539
s_016um_00384_00128-1,2.488179
s_016um_00102_00068-1,2.364729
s_016um_00005_00299-1,2.4578393
s_016um_00361_00415-1,1.2854333
s_016um_00330_00214-1,2.1644557
s_016um_00265_00058-1,1.9953799
s_016um_00222_00031-1,2.4812896
s_016um_00364_00228-1,2.3708963
s_016um_00381_00134-1,2.3641531
s_016um_00280_00204-1,2.4538794
s_016um_00146_00018-1,2.6227012
s_016um_00089_00067-1,2.4600227
s_016um_00130_00086-1,2.554457
s_016um_00408_00098-1,2.4523928
s_016um_00060_00249-1,2.3310828
s_016um_00334_00215-1,2.6190686
s_016um_00095_00276-1,2.5093355
s_016um_00403_00120-1,2.516395
s_016um_00267_00133-1,2.1322002
s_016um_00229_00267-1,2.549217
s_016um_00384_00130-1,2.4694989
s_016um_00029_00331-1,2.4467683
s_016um_00226_00332-1,2.3448575
s_016um_00409_00152-1,2.3870947
s_016um_00269_00037-1,2.3845131
s_016um_00281_00315-1,2.309868
s_016um_00205_00148-1,2.4680207
s_016um_00261_00190-1,2.4003181
s_016um_00083_00030-1,2.1727092
s_016um_00106_00320-1,2.2689188
s_016um_00031_00087-1,2.624731
s_016um_00040_00041-1,2.7729573
s_016um_00079_00268-1,2.468033
s_016um_00400_00123-1,2.3123758
s_016um_00218_00010-1,2.535439
s_016um_00270_00331-1,2.460919
s_016um_00140_00018-1,2.5413525
s_016um_00209_00033-1,2.330504
s_016um_00267_00063-1,1.9446305
s_016um_00041_00219-1,2.2771437
s_016um_00106_00389-1,2.273147
s_016um_00355_00290-1,2.213511
s_016um_00094_00337-1,2.463868
s_016um_00035_00005-1,2.6543314
s_016um_00220_00278-1,2.369345
s_016um_00275_00051-1,2.2029095
s_016um_00311_00054-1,2.2710166
s_016um_00402_00395-1,2.0165806
s_016um_00334_00402-1,2.2973936
s_016um_00125_00092-1,2.4625094
s_016um_00328_00121-1,2.2399454
s_016um_00219_00012-1,2.3873146
s_016um_00402_00216-1,2.6338866
s_016um_00136_00069-1,2.2126937
s_016um_00140_00014-1,2.6385632
s_016um_00266_00330-1,2.3758273
s_016um_00131_00315-1,2.1652079
s_016um_00333_00210-1,2.3967357
s_016um_00356_00090-1,2.348544
s_016um_00092_00320-1,2.7264025
s_016um_00120_00148-1,2.3789046
s_016um_00138_00076-1,2.807446
s_016um_00077_00236-1,2.434358
s_016um_00268_00230-1,2.579523
s_016um_00381_00139-1,2.4755275
s_016um_00235_00362-1,2.270265
s_016um_00223_00230-1,2.2489486
s_016um_00138_00221-1,2.1793654
s_016um_00390_00338-1,2.5015943
s_016um_00008_00295-1,2.3083432
s_016um_00079_00280-1,2.2427814
s_016um_00277_00201-1,2.511747
s_016um_00399_00122-1,2.2033522
s_016um_00308_00052-1,2.204192
s_016um_00357_00120-1,2.2968845
s_016um_00071_00236-1,2.4950526
s_016um_00367_00224-1,2.4805312
s_016um_00145_00062-1,2.3779945
s_016um_00085_00279-1,2.3482625
s_016um_00278_00138-1,2.4283419
s_016um_00044_00244-1,2.281948
s_016um_00261_00335-1,2.335771
s_016um_00180_00033-1,2.547559
s_016um_00088_00265-1,2.4534636
s_016um_00130_00317-1,2.0138588
s_016um_00323_00163-1,2.3683662
s_016um_00359_00294-1,2.4377031
s_016um_00219_00030-1,2.5516362
s_016um_00048_00217-1,2.061387
s_016um_00008_00214-1,2.4558778
s_016um_00098_00315-1,2.4801066
s_016um_00259_00189-1,2.4133573
s_016um_00278_00316-1,2.3019097
s_016um_00126_00088-1,2.5262725
s_016um_00261_00127-1,2.510544
s_016um_00402_00121-1,2.4207897
s_016um_00081_00271-1,2.5054677
s_016um_00236_00188-1,2.4124076
s_016um_00370_00228-1,2.4562626
s_016um_00129_00085-1,2.495389
s_016um_00030_00329-1,2.3754182
s_016um_00059_00244-1,2.5144653
s_016um_00040_00009-1,2.6389627
s_016um_00041_00178-1,2.336361
s_016um_00272_00033-1,2.312766
s_016um_00393_00363-1,2.141701
s_016um_00094_00272-1,2.7305145
s_016um_00353_00025-1,2.3646472
s_016um_00163_00123-1,2.725429
s_016um_00085_00286-1,2.2909815
s_016um_00033_00104-1,2.572721
s_016um_00146_00059-1,2.5974784
s_016um_00073_00249-1,2.5249119
s_016um_00144_00398-1,2.2974114
s_016um_00106_00388-1,2.2137492
s_016um_00095_00318-1,2.4495742
s_016um_00280_00329-1,2.4015565
s_016um_00383_00130-1,2.5142038
s_016um_00061_00130-1,2.2252917
s_016um_00396_00219-1,2.4743538
s_016um_00336_00251-1,2.5428417
s_016um_00086_00029-1,2.6370966
s_016um_00227_00251-1,2.471393
s_016um_00045_00210-1,2.5192242
s_016um_00145_00059-1,2.5110035
s_016um_00312_00059-1,2.2540572
s_016um_00376_00120-1,2.2997212
s_016um_00148_00396-1,2.4053683
s_016um_00168_00371-1,2.4574487
s_016um_00279_00325-1,2.4202683
s_016um_00273_00333-1,2.5629184
s_016um_00355_00123-1,2.3895497
s_016um_00325_00231-1,2.4954443
s_016um_00267_00130-1,2.339714
s_016um_00237_00188-1,2.4758782
s_016um_00384_00295-1,2.5175714
s_016um_00033_00088-1,2.5282056
s_016um_00076_00296-1,2.6290693
s_016um_00077_00299-1,2.3084388
s_016um_00131_00389-1,2.5865228
s_016um_00278_00130-1,2.0377398
s_016um_00040_00214-1,2.2077034
s_016um_00238_00188-1,2.2559712
s_016um_00128_00383-1,2.0365467
s_016um_00396_00363-1,2.5687244
s_016um_00011_00154-1,2.572283
s_016um_00262_00127-1,2.3958492
s_016um_00354_00024-1,2.566152
s_016um_00130_00232-1,2.3644605
s_016um_00265_00054-1,2.0920482
s_016um_00234_00260-1,2.4265463
s_016um_00392_00360-1,2.0822115
s_016um_00311_00056-1,2.3101728
s_016um_00127_00383-1,2.5520618
s_016um_00085_00278-1,2.480243
s_016um_00265_00335-1,2.2281713
s_016um_00133_00320-1,1.7887366
s_016um_00017_00272-1,2.3818781
s_016um_00046_00241-1,2.353318
s_016um_00216_00012-1,2.3969102
s_016um_00329_00228-1,2.3453536
s_016um_00042_00210-1,2.655182
s_016um_00093_00317-1,2.4747324
s_016um_00078_00252-1,2.377097
s_016um_00081_00243-1,2.2603116
s_016um_00259_00132-1,2.0028694
s_016um_00046_00219-1,2.0761478
s_016um_00351_00117-1,2.3342032
s_016um_00229_00331-1,2.0909204
s_016um_00241_00189-1,2.1842558
s_016um_00173_00371-1,2.3349736
s_016um_00028_00091-1,2.458074
s_016um_00220_00015-1,2.5280683
s_016um_00076_00249-1,2.396482
s_016um_00277_00136-1,2.680637
s_016um_00351_00019-1,2.3817194
s_016um_00358_00090-1,2.2918015
s_016um_00374_00121-1,2.186927
s_016um_00185_00030-1,2.7290938
s_016um_00346_00215-1,2.2561376
s_016um_00210_00030-1,2.2604437
s_016um_00399_00371-1,2.5094004
s_016um_00367_00227-1,2.330008
s_016um_00081_00195-1,1.8764191
s_016um_00014_00212-1,2.3763812
s_016um_00339_00400-1,2.4319336
s_016um_00086_00265-1,2.286556
s_016um_00277_00326-1,2.3263042
s_016um_00072_00245-1,2.460779
s_016um_00082_00238-1,2.4304495
s_016um_00183_00027-1,2.6274686
s_016um_00371_00120-1,2.4601817
s_016um_00220_00236-1,2.1875117
s_016um_00401_00368-1,2.6981027
s_016um_00136_00075-1,2.6319864
s_016um_00341_00219-1,2.2727268
s_016um_00264_00132-1,2.4027104
s_016um_00235_00185-1,2.3955314
s_016um_00334_00212-1,2.629397
s_016um_00092_00267-1,2.4081187
s_016um_00221_00168-1,2.4358559
s_016um_00197_00126-1,2.305958
s_016um_00221_00228-1,2.3415096
s_016um_00100_00071-1,2.4552138
s_016um_00259_00184-1,2.3127227
s_016um_00357_00414-1,1.8026054
s_016um_00078_00292-1,2.4079306
s_016um_00326_00231-1,2.4110425
s_016um_00090_00072-1,2.587738
s_016um_00183_00028-1,2.666604
s_016um_00265_00062-1,2.6676378
s_016um_00223_00251-1,2.506487
s_016um_00042_00214-1,2.2382374
s_016um_00234_00265-1,2.318077
s_016um_00093_00339-1,2.448647
s_016um_00328_00214-1,2.3655558
s_016um_00141_00018-1,2.3958783
s_016um_00221_00016-1,2.345665
s_016um_00134_00319-1,1.4681164
s_016um_00167_00372-1,2.031136
s_016um_00390_00298-1,2.3229752
s_016um_00270_00336-1,2.5191164
s_016um_00265_00029-1,2.5223868
s_016um_00141_00055-1,2.3716948
s_016um_00407_00402-1,0.50658417
s_016um_00265_00330-1,2.3345566
s_016um_00275_00050-1,2.2152
s_016um_00313_00060-1,2.0552535
s_016um_00229_00358-1,2.2069745
s_016um_00358_00292-1,2.3814373
s_016um_00402_00255-1,2.3526797
s_016um_00284_00094-1,2.3004823
s_016um_00273_00312-1,2.3689272
s_016um_00288_00100-1,2.1440444
s_016um_00081_00270-1,2.3809536
s_016um_00131_00226-1,2.3944345
s_016um_00396_00261-1,2.3128161
s_016um_00087_00265-1,2.4350708
s_016um_00336_00256-1,2.40871
s_016um_00102_00070-1,2.5047688
s_016um_00273_00048-1,2.438368
s_016um_00263_00332-1,2.4436471
s_016um_00275_00319-1,2.5311966
s_016um_00049_00215-1,2.451017
s_016um_00094_00342-1,2.3523493
s_016um_00369_00123-1,2.4304938
s_016um_00224_00168-1,2.3782406
s_016um_00331_00251-1,2.376268
s_016um_00388_00298-1,2.3434606
s_016um_00222_00332-1,2.3315039
s_016um_00080_00240-1,2.3635848
s_016um_00136_00315-1,1.8403988
s_016um_00280_00047-1,2.23265
s_016um_00217_00028-1,2.2676613
s_016um_00104_00071-1,2.4242115
s_016um_00132_00230-1,2.517796
s_016um_00221_00011-1,2.651122
s_016um_00237_00084-1,1.8612541
s_016um_00079_00292-1,2.388467
s_016um_00396_00362-1,2.3556616
s_016um_00079_00300-1,2.3011186
s_016um_00224_00328-1,2.389476
s_016um_00086_00279-1,2.4972026
s_016um_00263_00055-1,2.1627464
s_016um_00104_00384-1,2.3053992
s_016um_00396_00183-1,2.4707882
s_016um_00369_00225-1,2.2798183
s_016um_00404_00404-1,0.5738503
s_016um_00389_00299-1,2.2819319
s_016um_00040_00100-1,2.6250057
s_016um_00063_00133-1,2.709211
s_016um_00224_00029-1,2.5040576
s_016um_00140_00072-1,2.2487857
s_016um_00318_00168-1,2.3170626
s_016um_00250_00019-1,2.54669
s_016um_00332_00253-1,2.368031
s_016um_00351_00119-1,2.3499172
s_016um_00107_00385-1,2.1709156
s_016um_00044_00046-1,2.512807
s_016um_00261_00192-1,2.5016167
s_016um_00347_00214-1,2.289428
s_016um_00040_00176-1,2.6046035
s_016um_00134_00090-1,2.2748168
s_016um_00351_00093-1,2.3962777
s_016um_00243_00082-1,2.1504834
s_016um_00033_00329-1,2.387617
s_016um_00273_00208-1,2.4831576
s_016um_00238_00359-1,2.3948188
s_016um_00362_00292-1,2.4481893
s_016um_00143_00056-1,2.693258
s_016um_00122_00150-1,2.5226421
s_016um_00320_00168-1,2.1969604
s_016um_00006_00295-1,2.3940575
s_016um_00075_00250-1,2.5518045
s_016um_00398_00362-1,2.6371036
s_016um_00027_00335-1,2.3415306
s_016um_00339_00216-1,2.2498415
s_016um_00213_00292-1,2.2851777
s_016um_00334_00254-1,2.2318094
s_016um_00099_00031-1,2.5818386
s_016um_00269_00059-1,2.5673275
s_016um_00018_00272-1,2.3134904
s_016um_00228_00244-1,2.4179986
s_016um_00011_00214-1,2.2651658
s_016um_00164_00291-1,2.4185584
s_016um_00376_00143-1,2.4338593
s_016um_00243_00187-1,2.2291353
s_016um_00330_00210-1,2.4533522
s_016um_00169_00122-1,2.5654695
s_016um_00394_00176-1,2.2173238
s_016um_00254_00028-1,2.3394766
s_016um_00144_00054-1,2.5654638
s_016um_00084_00073-1,2.326877
s_016um_00225_00326-1,2.235025
s_016um_00134_00322-1,1.4749253
s_016um_00088_00266-1,2.44198
s_016um_00074_00240-1,2.4978063
s_016um_00179_00026-1,2.292497
s_016um_00217_00173-1,2.3010569
s_016um_00228_00250-1,2.3483608
s_016um_00026_00087-1,2.8361914
s_016um_00129_00233-1,2.5641048
s_016um_00091_00270-1,2.4298391
s_016um_00126_00091-1,2.4398785
s_016um_00135_00314-1,1.6487827
s_016um_00278_00132-1,2.3665812
s_016um_00368_00142-1,2.3168786
s_016um_00126_00094-1,2.4428277
s_016um_00230_00246-1,2.3194842
s_016um_00091_00319-1,2.4291105
s_016um_00044_00240-1,2.3524637
s_016um_00391_00184-1,2.5085385
s_016um_00267_00223-1,2.613046
s_016um_00036_00047-1,2.474882
s_016um_00143_00022-1,2.4654572
s_016um_00131_00319-1,1.724483
s_016um_00089_00275-1,2.3764386
s_016um_00272_00225-1,2.4394705
s_016um_00139_00219-1,2.5284164
s_016um_00222_00248-1,2.435184
s_016um_00087_00266-1,2.474794
s_016um_00371_00122-1,2.4309347
s_016um_00241_00183-1,2.239184
s_016um_00191_00094-1,2.5058382
s_016um_00269_00054-1,2.1160078
s_016um_00056_00245-1,2.531965
s_016um_00370_00144-1,2.4681506
s_016um_00153_00395-1,2.3436217
s_016um_00050_00241-1,2.4106872
s_016um_00224_00025-1,2.3616462
s_016um_00010_00299-1,2.2812164
s_016um_00087_00034-1,2.509998
s_016um_00321_00301-1,2.3562691
s_016um_00236_00357-1,2.405955
s_016um_00320_00229-1,2.5625696
s_016um_00143_00015-1,2.5795631
s_016um_00041_00208-1,2.4079802
s_016um_00079_00198-1,2.3006182
s_016um_00088_00066-1,2.6313596
s_016um_00086_00284-1,2.5581033
s_016um_00255_00025-1,2.5741186
s_016um_00393_00361-1,2.2435791
s_016um_00408_00396-1,1.4316775
s_016um_00062_00127-1,2.5128691
s_016um_00043_00175-1,2.4295037
s_016um_00274_00318-1,2.4266984
s_016um_00159_00291-1,2.2426772
s_016um_00289_00092-1,2.364779
s_016um_00106_00319-1,2.2907877
s_016um_00239_00187-1,2.266849
s_016um_00388_00297-1,2.631156
s_016um_00333_00250-1,2.5920465
s_016um_00141_00216-1,2.2139099
s_016um_00099_00027-1,2.192904
s_016um_00108_00317-1,1.8861089
s_016um_00250_00026-1,2.3026462
s_016um_00405_00122-1,2.4145262
s_016um_00116_00146-1,2.501305
s_016um_00368_00099-1,2.1293147
s_016um_00267_00226-1,2.5843253
s_016um_00103_00389-1,2.335734
s_016um_00403_00401-1,0.8549639
s_016um_00240_00184-1,2.3772974
s_016um_00021_00271-1,2.606741
s_016um_00127_00087-1,2.444215
s_016um_00275_00326-1,2.468881
s_016um_00082_00277-1,2.3995283
s_016um_00234_00263-1,2.653761
s_016um_00368_00143-1,2.3377645
s_016um_00412_00099-1,2.375935
s_016um_00048_00241-1,2.3504796
s_016um_00224_00031-1,2.4260662
s_016um_00395_00361-1,2.0224688
s_016um_00096_00028-1,2.3649764
s_016um_00266_00226-1,2.4042072
s_016um_00065_00231-1,2.457254
s_016um_00397_00256-1,2.3572648
s_016um_00404_00123-1,2.3300982
s_016um_00216_00294-1,2.487149
s_016um_00153_00396-1,2.4592967
s_016um_00217_00168-1,2.194071
s_016um_00390_00359-1,2.223332
s_016um_00091_00276-1,2.498732
s_016um_00333_00258-1,2.2821903
s_016um_00279_00315-1,2.2385862
s_016um_00277_00050-1,2.4834747
s_016um_00415_00101-1,2.4114308
s_016um_00210_00292-1,2.1802976
s_016um_00141_00218-1,2.418982
s_016um_00239_00185-1,2.5726624
s_016um_00254_00026-1,2.3434944
s_016um_00078_00236-1,2.2971265
s_016um_00364_00099-1,2.3888159
s_016um_00131_00390-1,2.4208329
s_016um_00257_00190-1,2.4421697
s_016um_00368_00229-1,2.09264
s_016um_00273_00228-1,2.3401456
s_016um_00142_00023-1,2.4187758
s_016um_00309_00060-1,2.1020038
s_016um_00166_00124-1,2.3441072
s_016um_00083_00036-1,2.6279116
s_016um_00227_00264-1,2.4062731
s_016um_00058_00249-1,1.9477056
s_016um_00368_00120-1,2.2562804
s_016um_00257_00188-1,2.161725
s_016um_00387_00338-1,2.471368
s_016um_00280_00321-1,2.4349654
s_016um_00108_00384-1,2.0397549
s_016um_00085_00069-1,2.5493298
s_016um_00189_00127-1,2.457417
s_016um_00086_00036-1,2.5325391
s_016um_00096_00277-1,2.3327646
s_016um_00098_00317-1,2.2222848
s_016um_00261_00131-1,2.2869232
s_016um_00095_00272-1,2.4124224
s_016um_00099_00068-1,2.542769
s_016um_00342_00213-1,2.2999706
s_016um_00013_00210-1,2.411264
s_016um_00009_00156-1,2.4426937
s_016um_00391_00357-1,2.227631
s_016um_00329_00211-1,2.444987
s_016um_00408_00124-1,2.5528336
s_016um_00119_00151-1,2.6547892
s_016um_00070_00129-1,2.6126504
s_016um_00351_00118-1,2.3289554
s_016um_00309_00052-1,2.2396843
s_016um_00305_00056-1,2.2453973
s_016um_00390_00343-1,2.0279274
s_016um_00026_00084-1,2.6385546
s_016um_00326_00121-1,2.5530875
s_016um_00239_00358-1,2.3975587
s_016um_00220_00012-1,2.8043766
s_016um_00165_00374-1,2.2780201
s_016um_00134_00070-1,2.4797053
s_016um_00280_00136-1,2.2226393
s_016um_00228_00246-1,2.7931607
s_016um_00077_00249-1,2.3649435
s_016um_00394_00214-1,2.4106338
s_016um_00375_00141-1,2.2630792
s_016um_00042_00176-1,2.5608091
s_016um_00222_00244-1,2.3443766
s_016um_00005_00151-1,2.5313787
s_016um_00071_00231-1,2.3396745
s_016um_00396_00359-1,2.5132785
s_016um_00141_00059-1,2.4644642
s_016um_00222_00280-1,2.343499
s_016um_00331_00120-1,2.3962255
s_016um_00224_00333-1,2.4486408
s_016um_00269_00034-1,2.1816914
s_016um_00403_00403-1,0.17786169
s_016um_00221_00013-1,2.5214713
s_016um_00145_00061-1,2.4994698
s_016um_00034_00009-1,2.5586116
s_016um_00095_00334-1,2.5242884
s_016um_00401_00370-1,2.4950778
s_016um_00360_00287-1,2.4619231
s_016um_00101_00391-1,2.2810807
s_016um_00279_00204-1,2.4757383
s_016um_00404_00396-1,1.5103143
s_016um_00082_00299-1,2.477415
s_016um_00388_00293-1,2.4921756
s_016um_00181_00031-1,2.6966913
s_016um_00107_00319-1,1.3614148
s_016um_00104_00382-1,2.1277897
s_016um_00286_00093-1,2.5912485
s_016um_00330_00215-1,1.8798022
s_016um_00065_00127-1,2.8029118
s_016um_00391_00299-1,2.3821044
s_016um_00245_00087-1,2.2274687
s_016um_00217_00034-1,2.5284128
s_016um_00273_00226-1,2.438338
s_016um_00368_00096-1,2.3974361
s_016um_00096_00336-1,2.474738
s_016um_00277_00045-1,2.3076499
s_016um_00086_00066-1,2.0691302
s_016um_00240_00185-1,2.5989382
s_016um_00277_00318-1,2.255446
s_016um_00139_00221-1,2.6191154
s_016um_00287_00091-1,2.4964046
s_016um_00222_00016-1,2.525852
s_016um_00226_00233-1,2.5409591
s_016um_00261_00134-1,2.4106898
s_016um_00405_00395-1,2.2810771
s_016um_00143_00063-1,2.656868
s_016um_00081_00283-1,2.5172892
s_016um_00232_00354-1,2.469084
s_016um_00168_00126-1,1.9810152
s_016um_00278_00311-1,2.2456448
s_016um_00399_00258-1,2.329676
s_016um_00271_00059-1,2.6070642
s_016um_00140_00074-1,2.355098
s_016um_00044_00043-1,2.4912798
s_016um_00216_00226-1,2.48887
s_016um_00319_00168-1,2.240266
s_016um_00132_00388-1,2.2486608
s_016um_00225_00332-1,2.5121877
s_016um_00390_00360-1,2.1149042
s_016um_00062_00128-1,2.4736774
s_016um_00320_00167-1,2.3552797
s_016um_00008_00207-1,2.5445395
s_016um_00132_00088-1,2.9769356
s_016um_00244_00089-1,2.129153
s_016um_00260_00193-1,2.342371
s_016um_00108_00313-1,2.3587322
s_016um_00066_00232-1,2.179025
s_016um_00336_00250-1,2.3735094
s_016um_00130_00385-1,2.337745
s_016um_00272_00336-1,2.3843367
s_016um_00074_00245-1,2.4922464
s_016um_00140_00062-1,2.6388566
s_016um_00402_00401-1,0.62525105
s_016um_00132_00389-1,2.351808
s_016um_00273_00317-1,2.1395605
s_016um_00389_00342-1,2.4984367
s_016um_00082_00281-1,2.257888
s_016um_00260_00131-1,2.203419
s_016um_00215_00281-1,2.5233846
s_016um_00097_00025-1,2.6279788
s_016um_00097_00028-1,2.940698
s_016um_00005_00298-1,2.668501
s_016um_00128_00231-1,2.402492
s_016um_00102_00028-1,2.415033
s_016um_00353_00092-1,2.4273493
s_016um_00360_00412-1,1.6082972
s_016um_00368_00123-1,2.5152066
s_016um_00397_00366-1,2.2441132
s_016um_00100_00389-1,2.3312478
s_016um_00264_00062-1,2.328199
s_016um_00371_00146-1,2.36237
s_016um_00241_00187-1,2.4829674
s_016um_00069_00233-1,2.5230794
s_016um_00403_00259-1,2.6605983
s_016um_00217_00232-1,2.3222704
s_016um_00087_00032-1,2.668508
s_016um_00100_00317-1,2.5067334
s_016um_00271_00334-1,2.2927866
s_016um_00358_00414-1,2.1295083
s_016um_00245_00085-1,2.256021
s_016um_00357_00118-1,2.5199645
s_016um_00068_00131-1,2.6245027
s_016um_00412_00101-1,2.423846
s_016um_00224_00024-1,2.5005739
s_016um_00097_00275-1,2.3649988
s_016um_00335_00212-1,2.367565
s_016um_00201_00150-1,2.3294575
s_016um_00393_00365-1,2.5274127
s_016um_00214_00295-1,2.4203935
s_016um_00138_00070-1,2.5147727
s_016um_00349_00019-1,2.3147566
s_016um_00227_00333-1,2.342457
s_016um_00233_00361-1,2.4065104
s_016um_00035_00003-1,2.5576189
s_016um_00165_00291-1,2.4392896
s_016um_00405_00400-1,0.5383202
s_016um_00333_00253-1,2.432472
s_016um_00045_00206-1,2.3489256
s_016um_00314_00057-1,2.3633564
s_016um_00400_00397-1,2.0396411
s_016um_00348_00019-1,2.281454
s_016um_00391_00178-1,2.3970237
s_016um_00346_00218-1,2.3934517
s_016um_00321_00166-1,2.5247622
s_016um_00094_00334-1,2.4276724
s_016um_00397_00212-1,2.183633
s_016um_00415_00098-1,2.6422493
s_016um_00398_00213-1,2.3475945
s_016um_00196_00129-1,2.6998513
s_016um_00261_00187-1,2.3700895
s_016um_00125_00389-1,2.4131563
s_016um_00009_00213-1,2.3148844
s_016um_00407_00149-1,2.476316
s_016um_00136_00217-1,2.314486
s_016um_00085_00283-1,2.451186
s_016um_00039_00103-1,2.5924015
s_016um_00250_00021-1,2.4669755
s_016um_00162_00290-1,2.3519292
s_016um_00243_00184-1,2.4618878
s_016um_00079_00237-1,2.2677686
s_016um_00132_00315-1,1.6263644
s_016um_00272_00028-1,2.233957
s_016um_00237_00184-1,2.493126
s_016um_00013_00296-1,2.4375107
s_016um_00127_00386-1,2.1100495
s_016um_00038_00041-1,2.7086368
s_016um_00368_00224-1,2.370313
s_016um_00145_00398-1,2.2516284
s_016um_00351_00022-1,2.1743808
s_016um_00246_00088-1,2.3928053
s_016um_00101_00067-1,2.4552286
s_016um_00394_00367-1,2.1924112
s_016um_00284_00098-1,2.2403355
s_016um_00330_00121-1,2.4947078
s_016um_00036_00043-1,2.5257752
s_016um_00268_00032-1,2.1954212
s_016um_00415_00104-1,2.5521965
s_016um_00084_00066-1,2.446364
s_016um_00098_00335-1,2.4535804
s_016um_00087_00268-1,2.2154365
s_016um_00404_00398-1,1.1553448
s_016um_00014_00209-1,2.3970878
s_016um_00215_00229-1,2.3560934
s_016um_00219_00227-1,2.216073
s_016um_00042_00215-1,2.0644984
s_016um_00271_00048-1,2.5002608
s_016um_00132_00322-1,1.7437475
s_016um_00130_00231-1,2.5197077
s_016um_00319_00228-1,2.4022298
s_016um_00326_00300-1,2.3312843
s_016um_00398_00216-1,2.4304032
s_016um_00280_00137-1,2.4528642
s_016um_00222_00173-1,1.9648855
s_016um_00393_00366-1,2.5811596
s_016um_00194_00129-1,2.3676195
s_016um_00137_00068-1,2.3847823
s_016um_00138_00017-1,2.4098246
s_016um_00035_00004-1,2.6203492
s_016um_00016_00269-1,2.3494208
s_016um_00349_00022-1,2.2973528
s_016um_00256_00026-1,3.1092427
s_016um_00011_00209-1,2.5908492
s_016um_00362_00293-1,2.5710874
s_016um_00400_00264-1,2.2978575
s_016um_00005_00150-1,2.485671
s_016um_00265_00055-1,1.8960769
s_016um_00356_00025-1,2.275339
s_016um_00032_00091-1,2.545462
s_016um_00082_00284-1,2.495262
s_016um_00121_00151-1,2.1185968
s_016um_00087_00067-1,2.3853009
s_016um_00037_00049-1,2.530227
s_016um_00364_00097-1,2.4723248
s_016um_00352_00118-1,2.2217746
s_016um_00241_00090-1,2.3664029
s_016um_00131_00322-1,2.1985478
s_016um_00055_00249-1,2.093674
s_016um_00220_00277-1,2.3841298
s_016um_00410_00146-1,2.4642715
s_016um_00355_00291-1,2.208779
s_016um_00099_00319-1,2.3741074
s_016um_00221_00277-1,2.260716
s_016um_00274_00314-1,2.236522
s_016um_00222_00250-1,2.3878148
s_016um_00130_00092-1,2.600032
s_016um_00038_00210-1,2.3899775
s_016um_00404_00257-1,2.4197652
s_016um_00392_00182-1,2.275395
s_016um_00182_00025-1,2.188788
s_016um_00408_00101-1,2.4935095
s_016um_00098_00022-1,2.4901066
s_016um_00392_00343-1,1.8779722
s_016um_00192_00124-1,2.317924
s_016um_00116_00145-1,2.1569452
s_016um_00116_00150-1,2.3902497
s_016um_00083_00295-1,2.4944854
s_016um_00214_00294-1,2.5990405
s_016um_00290_00097-1,2.333145
s_016um_00084_00267-1,2.493271
s_016um_00325_00230-1,2.5730004
s_016um_00353_00091-1,2.3915384
s_016um_00248_00019-1,2.3535683
s_016um_00029_00083-1,2.5700727
s_016um_00406_00152-1,2.3973775
s_016um_00135_00233-1,2.3475554
s_016um_00135_00225-1,2.3908503
s_016um_00099_00072-1,2.4362836
s_016um_00141_00054-1,2.6844337
s_016um_00087_00199-1,2.5368776
s_016um_00207_00152-1,2.5525568
s_016um_00324_00300-1,2.4104037
s_016um_00028_00092-1,2.529286
s_016um_00264_00330-1,2.3090796
s_016um_00089_00072-1,2.674675
s_016um_00101_00072-1,2.6865962
s_016um_00112_00319-1,2.3318696
s_016um_00325_00166-1,2.2919526
s_016um_00072_00247-1,2.3474114
s_016um_00084_00272-1,2.4769614
s_016um_00223_00332-1,2.3245068
s_016um_00047_00241-1,2.3629568
s_016um_00080_00195-1,2.0450854
s_016um_00333_00212-1,2.4152074
s_016um_00353_00090-1,2.2217052
s_016um_00394_00371-1,2.293626
s_016um_00032_00092-1,2.4218602
s_016um_00214_00283-1,2.4446955
s_016um_00356_00114-1,2.3187876
s_016um_00177_00028-1,2.6861534
s_016um_00252_00025-1,2.6192067
s_016um_00225_00249-1,2.30671
s_016um_00247_00090-1,2.2010975
s_016um_00080_00280-1,2.3657691
s_016um_00224_00233-1,2.3100128
s_016um_00280_00051-1,2.1892235
s_016um_00034_00098-1,2.3917646
s_016um_00406_00399-1,0.4443679
s_016um_00395_00338-1,2.4090865
s_016um_00406_00127-1,2.7518322
s_016um_00404_00153-1,2.3871002
s_016um_00042_00047-1,2.5537286
s_016um_00009_00212-1,2.4354432
s_016um_00383_00133-1,2.3337586
s_016um_00219_00011-1,2.5453427
s_016um_00011_00297-1,2.47558
s_016um_00388_00294-1,2.3662584
s_016um_00027_00091-1,2.4811475
s_016um_00212_00034-1,2.2590618
s_016um_00256_00190-1,2.3891678
s_016um_00329_00213-1,2.4741924
s_016um_00343_00214-1,2.4911652
s_016um_00224_00032-1,2.5477166
s_016um_00278_00050-1,2.0223076
s_016um_00377_00138-1,2.3735526
s_016um_00348_00213-1,2.05508
s_016um_00207_00146-1,2.3482118
s_016um_00321_00302-1,2.4680731
s_016um_00140_00020-1,2.642552
s_016um_00355_00115-1,2.363965
s_016um_00040_00170-1,2.2916844
s_016um_00405_00145-1,2.3738565
s_016um_00095_00315-1,2.5890498
s_016um_00265_00032-1,2.3846571
s_016um_00088_00032-1,2.5194137
s_016um_00216_00168-1,2.4190602
s_016um_00096_00320-1,2.381279
s_016um_00359_00117-1,2.4629097
s_016um_00092_00279-1,2.356546
s_016um_00402_00127-1,2.450811
s_016um_00415_00140-1,2.5478144
s_016um_00354_00290-1,2.2976289
s_016um_00139_00218-1,2.5801852
s_016um_00395_00373-1,2.3943033
s_016um_00217_00026-1,2.345554
s_016um_00321_00232-1,2.1129026
s_016um_00264_00130-1,2.1994627
s_016um_00313_00052-1,2.3724277
s_016um_00086_00268-1,2.3963804
s_016um_00169_00125-1,2.3459198
s_016um_00018_00263-1,2.341166
s_016um_00407_00123-1,2.296262
s_016um_00029_00087-1,2.4871788
s_016um_00085_00065-1,2.5658824
s_016um_00140_00076-1,2.2441866
s_016um_00014_00270-1,2.135123
s_016um_00266_00132-1,2.2695699
s_016um_00125_00093-1,2.452925
s_016um_00231_00263-1,2.322148
s_016um_00151_00401-1,2.3317504
s_016um_00071_00246-1,2.145662
s_016um_00263_00184-1,2.3282828
s_016um_00258_00031-1,2.5182865
s_016um_00099_00073-1,2.5798814
s_016um_00332_00216-1,2.5232842
s_016um_00152_00396-1,2.3560271
s_016um_00214_00281-1,2.4273317
s_016um_00083_00272-1,2.463549
s_016um_00212_00295-1,2.4965682
s_016um_00405_00149-1,2.5344462
s_016um_00279_00044-1,2.3940556
s_016um_00221_00330-1,2.5416603
s_016um_00081_00030-1,2.500392
s_016um_00414_00136-1,2.4564378
s_016um_00133_00076-1,2.4325438
s_016um_00360_00414-1,1.8569024
s_016um_00326_00166-1,2.4461987
s_016um_00403_00399-1,0.82471573
s_016um_00369_00223-1,2.2711442
s_016um_00237_00356-1,2.3705595
s_016um_00041_00210-1,2.6415312
s_016um_00008_00211-1,2.6707206
s_016um_00201_00145-1,2.3175974
s_016um_00230_00360-1,2.5470831
s_016um_00147_00394-1,2.2148812
s_016um_00146_00399-1,2.323479
s_016um_00360_00410-1,2.002388
s_016um_00080_00035-1,2.6395848
s_016um_00010_00214-1,2.1289027
s_016um_00383_00128-1,2.7370813
s_016um_00399_00126-1,2.3347473
s_016um_00324_00123-1,2.3921316
s_016um_00093_00319-1,2.441617
s_016um_00093_00274-1,2.4055505
s_016um_00280_00316-1,2.363644
s_016um_00327_00125-1,2.3786669
s_016um_00261_00191-1,2.3668284
s_016um_00111_00314-1,2.337524
s_016um_00049_00242-1,2.2157538
s_016um_00284_00096-1,2.3952692
s_016um_00041_00103-1,2.4498537
s_016um_00387_00298-1,2.3932936
s_016um_00144_00060-1,2.910014
s_016um_00320_00169-1,2.4706588
s_016um_00231_00266-1,2.4088006
s_016um_00171_00124-1,2.5943897
s_016um_00032_00330-1,2.6001844
s_016um_00227_00234-1,2.47675
s_016um_00136_00221-1,2.247658
s_016um_00059_00249-1,2.4498243
s_016um_00399_00367-1,2.5759377
s_016um_00396_00262-1,2.5961595
s_016um_00043_00245-1,2.4514642
s_016um_00167_00378-1,2.4775617
s_016um_00064_00127-1,2.689291
s_016um_00043_00179-1,2.5121996
s_016um_00114_00318-1,2.45727
s_016um_00213_00289-1,2.53957
s_016um_00328_00301-1,2.3638961
s_016um_00096_00322-1,2.3853858
s_016um_00279_00050-1,2.4152026
s_016um_00353_00093-1,2.2435381
s_016um_00041_00100-1,2.515005
s_016um_00398_00358-1,2.1818995
s_016um_00355_00092-1,2.4072921
s_016um_00280_00324-1,2.4698386
s_016um_00081_00272-1,2.2602623
s_016um_00113_00315-1,2.4687047
s_016um_00280_00312-1,2.3462377
s_016um_00039_00204-1,2.2433038
s_016um_00048_00242-1,1.9219217
s_016um_00035_00331-1,2.5433512
s_016um_00374_00120-1,2.3379927
s_016um_00176_00029-1,2.7890067
s_016um_00131_00384-1,2.1051197
s_016um_00058_00243-1,2.4426038
s_016um_00214_00282-1,2.6144724
s_016um_00289_00100-1,2.2718363
s_016um_00235_00261-1,2.4051206
s_016um_00372_00146-1,1.9826219
s_016um_00085_00070-1,2.1821344
s_016um_00132_00073-1,2.6159623
s_016um_00172_00376-1,2.3070765
s_016um_00268_00033-1,2.577961
s_016um_00253_00028-1,2.3278224
s_016um_00321_00305-1,2.5731606
s_016um_00097_00338-1,2.3785696
s_016um_00380_00128-1,2.409913
s_016um_00128_00388-1,2.4821332
s_016um_00232_00260-1,2.3915536
s_016um_00232_00087-1,2.183994
s_016um_00284_00099-1,2.2344725
s_016um_00184_00029-1,2.5480692
s_016um_00243_00189-1,2.601305
s_016um_00275_00045-1,2.307575
s_016um_00009_00209-1,2.3930821
s_016um_00046_00244-1,2.5573766
s_016um_00222_00233-1,2.388523
s_016um_00253_00022-1,2.466679
s_016um_00083_00283-1,2.4453707
s_016um_00374_00144-1,2.2341177
s_016um_00117_00151-1,2.3029518
s_016um_00078_00242-1,2.3993707
s_016um_00400_00216-1,2.2673383
s_016um_00094_00333-1,2.3574166
s_016um_00222_00331-1,2.2957094
s_016um_00130_00087-1,2.5869725
s_016um_00261_00129-1,2.095499
s_016um_00215_00280-1,2.4341793
s_016um_00226_00235-1,2.4085622
s_016um_00387_00296-1,2.4834495
s_016um_00338_00401-1,2.304189
s_016um_00394_00357-1,2.2558975
s_016um_00039_00174-1,2.356906
s_016um_00090_00069-1,2.4732876
s_016um_00213_00279-1,2.4475667
s_016um_00240_00084-1,2.2034206
s_016um_00266_00034-1,2.3951855
s_016um_00249_00019-1,2.4488373
s_016um_00216_00227-1,2.4547756
s_016um_00264_00188-1,2.150905
s_016um_00010_00298-1,2.2631395
s_016um_00118_00151-1,2.496833
s_016um_00027_00085-1,2.4141886
s_016um_00276_00201-1,2.3596656
s_016um_00174_00371-1,2.096785
s_016um_00355_00411-1,1.9146528
s_016um_00042_00240-1,2.5213618
s_016um_00084_00270-1,2.2977347
s_016um_00405_00396-1,1.9495527
s_016um_00402_00399-1,1.3784828
s_016um_00096_00026-1,2.523363
s_016um_00281_00205-1,2.1333404
s_016um_00168_00129-1,2.7181149
s_016um_00071_00250-1,2.297943
s_016um_00383_00138-1,2.475188
s_016um_00082_00066-1,2.4988043
s_016um_00371_00226-1,2.3403847
s_016um_00091_00069-1,2.4269829
s_016um_00229_00265-1,2.560292
s_016um_00238_00182-1,2.1053672
s_016um_00268_00225-1,2.528206
s_016um_00085_00280-1,2.4282947
s_016um_00372_00098-1,2.3060236
s_016um_00390_00295-1,2.392876
s_016um_00242_00086-1,2.130534
s_016um_00083_00067-1,2.417793
s_016um_00355_00094-1,2.2985399
s_016um_00393_00218-1,2.2551894
s_016um_00025_00085-1,2.4212177
s_016um_00010_00155-1,2.5297282
s_016um_00379_00137-1,2.4235375
s_016um_00264_00332-1,2.4057004
s_016um_00357_00122-1,2.2487335
s_016um_00072_00252-1,2.2969668
s_016um_00384_00131-1,2.353872
s_016um_00389_00339-1,2.4405742
s_016um_00225_00229-1,2.385403
s_016um_00217_00283-1,2.5186853
s_016um_00233_00356-1,2.400834
s_016um_00010_00152-1,2.5760775
s_016um_00257_00031-1,2.2259595
s_016um_00328_00227-1,2.262674
s_016um_00237_00086-1,2.1313002
s_016um_00034_00337-1,2.0960424
s_016um_00057_00241-1,2.3808455
s_016um_00222_00169-1,2.340385
s_016um_00063_00128-1,2.6247642
s_016um_00373_00145-1,1.8040421
s_016um_00039_00100-1,2.5997066
s_016um_00347_00218-1,2.367025
s_016um_00095_00028-1,2.4079108
s_016um_00357_00116-1,2.243127
s_016um_00140_00019-1,2.5575457
s_016um_00247_00089-1,2.3642712
s_016um_00279_00311-1,2.2297754
s_016um_00122_00144-1,2.1920612
s_016um_00415_00138-1,2.4707994
s_016um_00169_00121-1,2.4010239
s_016um_00273_00135-1,2.3872411
s_016um_00240_00190-1,2.2868633
s_016um_00089_00273-1,2.4173021
s_016um_00110_00316-1,2.2159142
s_016um_00096_00340-1,2.390452
s_016um_00324_00223-1,2.391783
s_016um_00252_00030-1,2.4395468
s_016um_00337_00404-1,2.1950371
s_016um_00086_00264-1,2.4124935
s_016um_00062_00131-1,2.695888
s_016um_00041_00207-1,2.3493202
s_016um_00215_00033-1,2.5622542
s_016um_00370_00096-1,2.4229317
s_016um_00084_00033-1,2.3220851
s_016um_00192_00123-1,2.115986
s_016um_00094_00323-1,2.13641
s_016um_00393_00184-1,2.4009018
s_016um_00015_00265-1,2.4649065
s_016um_00358_00293-1,2.2731764
s_016um_00275_00227-1,2.5730097
s_016um_00308_00057-1,2.4033792
s_016um_00399_00124-1,2.3742201
s_016um_00357_00289-1,2.3379166
s_016um_00248_00084-1,2.3628218
s_016um_00085_00036-1,2.5075133
s_016um_00371_00101-1,2.6047153
s_016um_00178_00028-1,2.5048685
s_016um_00397_00183-1,2.3471696
s_016um_00031_00338-1,2.2756813
s_016um_00135_00217-1,2.388986
s_016um_00306_00056-1,2.0355773
s_016um_00222_00335-1,2.6274333
s_016um_00035_00334-1,2.445645
s_016um_00034_00335-1,2.4139547
s_016um_00096_00334-1,2.4198515
s_016um_00264_00134-1,1.9795704
s_016um_00053_00249-1,2.1451974
s_016um_00394_00177-1,2.2531009
s_016um_00324_00306-1,2.4046025
s_016um_00342_00218-1,2.374265
s_016um_00131_00087-1,2.6931674
s_016um_00258_00185-1,1.9307861
s_016um_00095_00024-1,2.554185
s_016um_00189_00096-1,2.5262303
s_016um_00270_00036-1,2.286689
s_016um_00012_00300-1,2.4497812
s_016um_00104_00070-1,2.2509532
s_016um_00362_00287-1,2.2588656
s_016um_00391_00297-1,2.3129494
s_016um_00135_00069-1,1.8541037
s_016um_00099_00322-1,2.432356
s_016um_00272_00208-1,2.4924278
s_016um_00336_00403-1,2.0490608
s_016um_00129_00387-1,2.3953974
s_016um_00268_00062-1,2.3096752
s_016um_00096_00338-1,2.203631
s_016um_00140_00056-1,2.6604004
s_016um_00140_00217-1,2.4882052
s_016um_00264_00059-1,2.626856
s_016um_00356_00023-1,2.21131
s_016um_00106_00317-1,2.4094996
s_016um_00191_00090-1,2.3621364
s_016um_00284_00100-1,2.3376865
s_016um_00035_00100-1,2.4706242
s_016um_00105_00385-1,1.8495725
s_016um_00327_00230-1,2.4572372
s_016um_00262_00130-1,1.7998562
s_016um_00385_00129-1,2.4595761
s_016um_00083_00269-1,2.5117955
s_016um_00357_00121-1,2.4158902
s_016um_00390_00358-1,2.148568
s_016um_00401_00255-1,2.1496208
s_016um_00082_00032-1,2.4459155
s_016um_00226_00248-1,2.254883
s_016um_00022_00266-1,2.2897508
s_016um_00318_00169-1,2.2226698
s_016um_00246_00084-1,2.4023225
s_016um_00098_00029-1,2.6775813
s_016um_00279_00130-1,2.1843266
s_016um_00398_00178-1,2.5390875
s_016um_00080_00029-1,2.4287424
s_016um_00040_00179-1,2.5277233
s_016um_00030_00334-1,2.4300818
s_016um_00325_00225-1,2.5005121
s_016um_00079_00278-1,2.437172
s_016um_00082_00195-1,1.6742587
s_016um_00010_00216-1,1.9572673
s_016um_00336_00399-1,2.1391916
s_016um_00335_00215-1,2.406498
s_016um_00212_00297-1,2.3666787
s_016um_00227_00244-1,2.5714302
s_016um_00322_00161-1,1.8249493
s_016um_00139_00075-1,2.427822
s_016um_00385_00127-1,2.1159837
s_016um_00030_00087-1,2.5529177
s_016um_00092_00277-1,2.3928344
s_016um_00041_00244-1,2.4430416
s_016um_00024_00088-1,2.7794554
s_016um_00256_00185-1,2.1977403
s_016um_00391_00345-1,1.8400824
s_016um_00110_00317-1,2.1225157
s_016um_00218_00280-1,2.262864
s_016um_00314_00053-1,2.1232946
s_016um_00266_00056-1,2.283622
s_016um_00209_00297-1,2.4045327
s_016um_00142_00220-1,2.1167963
s_016um_00394_00212-1,2.2250125
s_016um_00203_00151-1,2.237732
s_016um_00112_00316-1,2.3404036
s_016um_00140_00219-1,2.4503787
s_016um_00372_00099-1,2.3429978
s_016um_00233_00092-1,1.9434828
s_016um_00045_00214-1,2.6218727
s_016um_00267_00060-1,2.2496665
s_016um_00208_00292-1,2.508561
s_016um_00188_00097-1,2.537406
s_016um_00325_00232-1,2.4683366
s_016um_00328_00122-1,2.443507
s_016um_00384_00137-1,2.402953
s_016um_00278_00201-1,2.2836554
s_016um_00323_00303-1,2.4331658
s_016um_00228_00233-1,2.2226753
s_016um_00267_00034-1,2.3886824
s_016um_00020_00268-1,2.1533518
s_016um_00380_00134-1,2.4551563
s_016um_00418_00141-1,2.578141
s_016um_00223_00027-1,2.7134476
s_016um_00275_00317-1,2.4088054
s_016um_00135_00317-1,1.4583578
s_016um_00136_00316-1,1.3927163
s_016um_00368_00146-1,2.3598583
s_016um_00232_00259-1,2.40965
s_016um_00225_00333-1,2.485972
s_016um_00190_00096-1,2.3546689
s_016um_00092_00276-1,2.406424
s_016um_00219_00166-1,2.2759643
s_016um_00102_00030-1,2.7971773
s_016um_00081_00033-1,2.574434
s_016um_00035_00335-1,2.3040237
s_016um_00407_00127-1,2.4022582
s_016um_00088_00070-1,2.718074
s_016um_00278_00314-1,2.1495774
s_016um_00100_00026-1,2.405112
s_016um_00170_00129-1,2.5240874
s_016um_00352_00095-1,2.2202725
s_016um_00085_00269-1,2.347157
s_016um_00288_00098-1,2.4563868
s_016um_00276_00137-1,2.2870057
s_016um_00008_00156-1,2.5175428
s_016um_00196_00091-1,2.6305482
s_016um_00313_00055-1,2.144939
s_016um_00276_00138-1,2.0141718
s_016um_00075_00246-1,2.5158777
s_016um_00083_00266-1,2.4577026
s_016um_00279_00132-1,2.0822017
s_016um_00355_00020-1,2.2486851
s_016um_00288_00099-1,2.293618
s_016um_00221_00033-1,2.2558532
s_016um_00103_00068-1,2.6739469
s_016um_00136_00227-1,2.465619
s_016um_00095_00278-1,2.4789457
s_016um_00265_00132-1,2.4233553
s_016um_00321_00230-1,2.4396667
s_016um_00028_00332-1,2.403648
s_016um_00383_00140-1,2.521016
s_016um_00404_00402-1,0.5894636
s_016um_00197_00094-1,2.2963126
s_016um_00011_00210-1,2.3146708
s_016um_00253_00021-1,2.4187512
s_016um_00341_00397-1,2.4681242
s_016um_00288_00093-1,2.1853242
s_016um_00401_00261-1,2.5615635
s_016um_00381_00135-1,2.4709845
s_016um_00045_00213-1,2.3782222
s_016um_00364_00225-1,2.0417266
s_016um_00291_00098-1,2.2893732
s_016um_00373_00117-1,2.0966933
s_016um_00167_00373-1,2.1854756
s_016um_00252_00024-1,2.3469539
s_016um_00344_00221-1,1.3068411
s_016um_00255_00023-1,2.333262
s_016um_00223_00169-1,2.0836592
s_016um_00277_00324-1,2.4251986
s_016um_00354_00094-1,2.2134285
s_016um_00244_00091-1,2.2794695
s_016um_00238_00357-1,2.3540182
s_016um_00033_00005-1,2.511249
s_016um_00356_00119-1,2.5347054
s_016um_00041_00209-1,2.2448113
s_016um_00075_00240-1,2.4575007
s_016um_00394_00220-1,2.4633718
s_016um_00406_00121-1,2.3942866
s_016um_00328_00230-1,2.4055123
s_016um_00149_00398-1,2.2330992
s_016um_00083_00264-1,2.447882
s_016um_00368_00228-1,2.2063804
s_016um_00393_00180-1,2.0811827
s_016um_00167_00126-1,1.8751061
s_016um_00277_00320-1,2.4540455
s_016um_00221_00239-1,2.381854
s_016um_00047_00213-1,2.5044475
s_016um_00070_00233-1,2.443238
s_016um_00101_00066-1,2.3714578
s_016um_00246_00087-1,2.285098
s_016um_00391_00180-1,2.055121
s_016um_00405_00153-1,2.5151193
s_016um_00351_00095-1,2.5870886
s_016um_00077_00252-1,2.224917
s_016um_00236_00359-1,2.5830257
s_016um_00013_00295-1,2.3917298
s_016um_00322_00224-1,2.3118904
s_016um_00397_00181-1,2.4063098
s_016um_00213_00293-1,2.4259245
s_016um_00282_00328-1,2.3885725
s_016um_00076_00292-1,2.2755702
s_016um_00148_00402-1,2.4529285
s_016um_00335_00250-1,2.437079
s_016um_00405_00123-1,2.4168925
s_016um_00195_00096-1,2.3584278
s_016um_00357_00117-1,2.4522924
s_016um_00008_00208-1,2.4153576
s_016um_00342_00219-1,2.1121552
s_016um_00354_00122-1,2.4312763
s_016um_00063_00130-1,2.6429496
s_016um_00330_00256-1,2.3969133
s_016um_00181_00027-1,2.5727715
s_016um_00133_00088-1,2.3415375
s_016um_00062_00129-1,2.5855875
s_016um_00224_00332-1,2.335766
s_016um_00369_00117-1,2.2139423
s_016um_00213_00014-1,2.4156322
s_016um_00364_00227-1,2.308422
s_016um_00084_00282-1,2.4109058
s_016um_00211_00290-1,2.1446488
s_016um_00371_00144-1,2.5013995
s_016um_00267_00030-1,2.3928168
s_016um_00241_00088-1,2.154074
s_016um_00222_00247-1,2.3991933
s_016um_00280_00325-1,2.3103676
s_016um_00040_00241-1,2.3539846
s_016um_00223_00032-1,2.4431968
s_016um_00324_00121-1,2.4310622
s_016um_00098_00322-1,2.461061
s_016um_00248_00089-1,2.3440177
s_016um_00045_00236-1,2.4578993
s_016um_00081_00265-1,2.335605
s_016um_00085_00272-1,2.386874
s_016um_00396_00184-1,2.359403
s_016um_00352_00092-1,2.3636353
s_016um_00362_00229-1,2.3474562
s_016um_00041_00176-1,2.4626288
s_016um_00146_00062-1,2.3916063
s_016um_00054_00242-1,2.4255538
s_016um_00037_00042-1,2.4722543
s_016um_00135_00076-1,2.448869
s_016um_00166_00377-1,2.094785
s_016um_00312_00055-1,2.3122475
s_016um_00216_00027-1,2.3918848
s_016um_00345_00213-1,2.2300906
s_016um_00277_00314-1,2.3231099
s_016um_00171_00123-1,2.123282
s_016um_00257_00185-1,2.0253792
s_016um_00261_00029-1,2.3276026
s_016um_00180_00030-1,2.682694
s_016um_00077_00296-1,2.44555
s_016um_00399_00399-1,1.2951173
s_016um_00328_00302-1,2.2806315
s_016um_00363_00226-1,2.4641109
s_016um_00080_00298-1,2.4254904
s_016um_00182_00030-1,2.656527
s_016um_00070_00237-1,2.4518673
s_016um_00243_00084-1,2.2450097
s_016um_00063_00127-1,2.5293164
s_016um_00263_00132-1,2.3319278
s_016um_00327_00126-1,2.2309923
s_016um_00083_00194-1,2.287589
s_016um_00403_00145-1,2.4272575
s_016um_00314_00058-1,2.050481
s_016um_00033_00009-1,2.4971068
s_016um_00328_00216-1,2.3912532
s_016um_00341_00403-1,2.260069
s_016um_00214_00284-1,2.3830497
s_016um_00394_00373-1,2.633147
s_016um_00415_00100-1,2.516604
s_016um_00398_00256-1,2.3641543
s_016um_00412_00098-1,2.6093285
s_016um_00089_00270-1,2.4756477
s_016um_00288_00092-1,2.218604
s_016um_00131_00316-1,2.1238062
s_016um_00141_00222-1,2.4631886
s_016um_00236_00182-1,2.027745
s_016um_00271_00224-1,2.4773076
s_016um_00385_00294-1,2.7671888
s_016um_00112_00320-1,1.7762966
s_016um_00402_00148-1,2.304637
s_016um_00269_00225-1,2.4777951
s_016um_00079_00245-1,2.434606
s_016um_00277_00132-1,2.3657112
s_016um_00129_00231-1,2.4104555
s_016um_00320_00231-1,2.435684
s_016um_00107_00320-1,2.0701106
s_016um_00329_00252-1,2.508972
s_016um_00198_00149-1,2.173976
s_016um_00264_00032-1,2.5481162
s_016um_00221_00333-1,2.4202983
s_016um_00081_00029-1,2.2502604
s_016um_00044_00047-1,2.6148765
s_016um_00281_00317-1,2.3956568
s_016um_00223_00329-1,2.6159954
s_016um_00006_00153-1,2.2292309
s_016um_00160_00292-1,2.4730396
s_016um_00365_00228-1,2.4694812
s_016um_00328_00212-1,2.4431503
s_016um_00276_00321-1,2.5399623
s_016um_00370_00125-1,2.4838686
s_016um_00118_00148-1,2.688203
s_016um_00274_00205-1,2.1748352
s_016um_00278_00317-1,2.3700085
s_016um_00271_00058-1,2.4133925
s_016um_00395_00213-1,2.3869
s_016um_00200_00151-1,2.2850711
s_016um_00141_00215-1,2.359256
s_016um_00333_00217-1,2.5136056
s_016um_00232_00361-1,2.2955754
s_016um_00338_00254-1,2.3893752
s_016um_00342_00402-1,2.277748
s_016um_00168_00124-1,2.558965
s_016um_00333_00214-1,2.3649023
s_016um_00404_00262-1,2.3518257
s_016um_00021_00268-1,2.4891298
s_016um_00078_00284-1,2.7146258
s_016um_00331_00121-1,2.5172973
s_016um_00115_00144-1,1.7366177
s_016um_00164_00285-1,2.1207085
s_016um_00236_00355-1,2.3702316
s_016um_00331_00124-1,2.414382
s_016um_00040_00103-1,2.402398
s_016um_00106_00386-1,2.2185822
s_016um_00268_00328-1,2.5518322
s_016um_00021_00264-1,2.4935632
s_016um_00067_00232-1,2.230621
s_016um_00392_00179-1,2.162123
s_016um_00210_00033-1,2.2355003
s_016um_00145_00054-1,2.4582965
s_016um_00272_00333-1,2.283233
s_016um_00365_00095-1,2.566449
s_016um_00371_00147-1,2.341549
s_016um_00286_00099-1,2.1376085
s_016um_00083_00298-1,2.3651738
s_016um_00263_00191-1,2.390424
s_016um_00272_00335-1,2.3271723
s_016um_00335_00401-1,2.0154836
s_016um_00043_00046-1,2.6692843
s_016um_00371_00141-1,2.3719957
s_016um_00370_00145-1,2.4525943
s_016um_00221_00032-1,2.4379945
s_016um_00259_00029-1,2.1338682
s_016um_00189_00092-1,2.4055932
s_016um_00271_00332-1,2.406423
s_016um_00276_00318-1,2.4078112
s_016um_00365_00096-1,2.396089
s_016um_00366_00101-1,2.3207853
s_016um_00402_00400-1,1.3882174
s_016um_00225_00329-1,2.334223
s_016um_00163_00292-1,2.3043988
s_016um_00274_00335-1,2.1624477
s_016um_00313_00056-1,2.387837
s_016um_00133_00317-1,1.5843054
s_016um_00202_00147-1,2.2988176
s_016um_00256_00027-1,2.3379397
s_016um_00340_00398-1,2.155352
s_016um_00357_00089-1,2.2969656
s_016um_00161_00286-1,2.0144572
s_016um_00137_00078-1,2.6759052
s_016um_00123_00145-1,2.383412
s_016um_00161_00294-1,2.55256
s_016um_00040_00049-1,2.5876048
s_016um_00389_00297-1,2.6047513
s_016um_00066_00230-1,2.2915745
s_016um_00103_00073-1,2.5763302
s_016um_00013_00297-1,2.2383876
s_016um_00043_00238-1,2.4851198
s_016um_00056_00242-1,2.5210674
s_016um_00270_00328-1,2.3808959
s_016um_00359_00410-1,2.029883
s_016um_00171_00377-1,2.4705021
s_016um_00395_00362-1,2.3822856
s_016um_00147_00055-1,2.3396223
s_016um_00232_00261-1,2.3147752
s_016um_00228_00234-1,2.5527344
s_016um_00415_00139-1,2.4455903
s_016um_00378_00140-1,2.4446743
s_016um_00038_00178-1,2.4350138
s_016um_00329_00210-1,2.52951
s_016um_00038_00175-1,2.51923
s_016um_00230_00263-1,2.3429163
s_016um_00091_00274-1,2.5870414
s_016um_00405_00402-1,0.08491874
s_016um_00259_00033-1,2.3985305
s_016um_00237_00359-1,2.538464
s_016um_00394_00219-1,2.4418821
s_016um_00079_00271-1,2.5448925
s_016um_00396_00182-1,2.3753743
s_016um_00230_00268-1,2.4416728
s_016um_00009_00154-1,2.790823
s_016um_00376_00133-1,2.2340353
s_016um_00325_00168-1,2.5146368
s_016um_00137_00018-1,2.31768
s_016um_00259_00190-1,2.457667
s_016um_00368_00140-1,2.434833
s_016um_00141_00014-1,2.5687742
s_016um_00126_00384-1,2.2641978
s_016um_00032_00335-1,2.493295
s_016um_00273_00225-1,2.542932
s_016um_00348_00025-1,2.1471004
s_016um_00080_00031-1,2.4771056
s_016um_00132_00232-1,2.3532975
s_016um_00222_00029-1,2.432285
s_016um_00165_00127-1,2.2562695
s_016um_00393_00216-1,2.4406958
s_016um_00217_00227-1,2.4512713
s_016um_00242_00088-1,2.3528457
s_016um_00080_00194-1,2.116278
s_016um_00010_00206-1,2.549386
s_016um_00200_00145-1,2.3047802
s_016um_00331_00210-1,2.3429923
s_016um_00068_00133-1,2.2663798
s_016um_00054_00246-1,2.2199008
s_016um_00248_00086-1,2.2363045
s_016um_00073_00251-1,2.292708
s_016um_00007_00155-1,2.546844
s_016um_00143_00014-1,2.6216664
s_016um_00013_00268-1,2.1393876
s_016um_00225_00248-1,2.347382
s_016um_00382_00135-1,2.4041445
s_016um_00332_00258-1,2.2776043
s_016um_00406_00400-1,0.4506731
s_016um_00054_00247-1,2.038577
s_016um_00164_00121-1,2.5981324
s_016um_00036_00172-1,2.551333
s_016um_00168_00121-1,2.405085
s_016um_00394_00368-1,2.312668
s_016um_00361_00413-1,1.5985065
s_016um_00190_00128-1,2.311674
s_016um_00392_00358-1,2.0306292
s_016um_00234_00089-1,2.2776442
s_016um_00325_00298-1,2.4181213
s_016um_00059_00245-1,2.1946037
s_016um_00386_00131-1,2.2545187
s_016um_00279_00203-1,2.4406853
s_016um_00132_00089-1,2.3752935
s_016um_00416_00139-1,2.5322237
s_016um_00041_00008-1,2.4672012
s_016um_00267_00329-1,2.4503975
s_016um_00322_00229-1,2.3388832
s_016um_00226_00243-1,2.4356847
s_016um_00082_00036-1,2.5995712
s_016um_00278_00134-1,2.406477
s_016um_00090_00337-1,2.5077827
s_016um_00240_00183-1,2.482905
s_016um_00081_00279-1,2.4266062
s_016um_00129_00320-1,1.974194
s_016um_00390_00293-1,2.275975
s_016um_00356_00293-1,2.5184982
s_016um_00278_00051-1,2.442176
s_016um_00224_00172-1,2.1201339
s_016um_00007_00153-1,2.4908464
s_016um_00318_00166-1,2.1569452
s_016um_00261_00030-1,2.1964636
s_016um_00339_00396-1,1.9302039
s_016um_00142_00014-1,2.3175502
s_016um_00395_00212-1,2.3926241
s_016um_00352_00022-1,2.2866573
s_016um_00168_00123-1,2.4224086
s_016um_00260_00034-1,2.252962
s_016um_00397_00214-1,2.5555565
s_016um_00328_00226-1,2.3554795
s_016um_00098_00069-1,2.5937893
s_016um_00276_00051-1,2.5318954
s_016um_00379_00139-1,2.3846357
s_016um_00086_00195-1,2.178215
s_016um_00356_00092-1,2.167977
s_016um_00332_00124-1,2.3696291
s_016um_00355_00117-1,2.5168788
s_016um_00202_00153-1,2.400498
s_016um_00400_00213-1,2.3420694
s_016um_00357_00093-1,2.3421102
s_016um_00373_00123-1,2.5652018
s_016um_00358_00413-1,2.2860098
s_016um_00068_00231-1,2.3943586
s_016um_00064_00237-1,2.315747
s_016um_00030_00333-1,2.5584912
s_016um_00136_00073-1,2.5923972
s_016um_00277_00206-1,2.3337226
s_016um_00322_00171-1,2.1172462
s_016um_00396_00373-1,2.5868764
s_016um_00209_00028-1,2.4632938
s_016um_00129_00319-1,1.6151567
s_016um_00084_00279-1,2.3958883
s_016um_00397_00261-1,2.2833388
s_016um_00238_00088-1,2.4059348
s_016um_00164_00122-1,2.470451
s_016um_00219_00276-1,2.2846906
s_016um_00095_00321-1,2.3473077
s_016um_00147_00396-1,2.1330523
s_016um_00385_00298-1,2.5103908
s_016um_00068_00126-1,2.5635817
s_016um_00213_00028-1,2.6325064
s_016um_00275_00133-1,2.1754825
s_016um_00091_00334-1,2.464856
s_016um_00315_00056-1,2.469777
s_016um_00272_00032-1,2.297316
s_016um_00272_00050-1,2.1582491
s_016um_00210_00290-1,2.1412556
s_016um_00406_00120-1,2.4448423
s_016um_00387_00293-1,2.3678865
s_016um_00390_00299-1,2.3388762
s_016um_00222_00226-1,2.463695
s_016um_00278_00044-1,2.3682396
s_016um_00201_00149-1,2.458162
s_016um_00038_00044-1,2.571791
s_016um_00322_00225-1,2.3214233
s_016um_00042_00208-1,2.499084
s_016um_00096_00335-1,2.2873933
s_016um_00029_00088-1,2.5308704
s_016um_00165_00290-1,2.4191444
s_016um_00222_00013-1,2.3275347
s_016um_00403_00153-1,2.551082
s_016um_00139_00220-1,2.551723
s_016um_00086_00031-1,2.5336788
s_016um_00329_00217-1,2.392376
s_016um_00078_00282-1,2.4222095
s_016um_00086_00032-1,2.6163485
s_016um_00029_00086-1,2.6239307
s_016um_00140_00071-1,2.9086623
s_016um_00269_00329-1,2.373927
s_016um_00253_00024-1,2.6309469
s_016um_00327_00300-1,2.2489698
s_016um_00169_00127-1,2.4503446
s_016um_00191_00092-1,2.4471211
s_016um_00271_00222-1,2.4924302
s_016um_00220_00010-1,2.166485
s_016um_00214_00279-1,2.4111884
s_016um_00355_00018-1,2.5417159
s_016um_00236_00190-1,2.4383614
s_016um_00126_00390-1,2.477272
s_016um_00410_00147-1,2.4024124
s_016um_00277_00312-1,2.5761025
s_016um_00074_00244-1,2.3955014
s_016um_00396_00218-1,2.3031585
s_016um_00034_00101-1,2.6147692
s_016um_00408_00103-1,2.3371692
s_016um_00354_00412-1,2.1459243
s_016um_00013_00208-1,2.3889074
s_016um_00042_00212-1,2.2009168
s_016um_00162_00286-1,2.3503125
s_016um_00192_00091-1,2.5191653
s_016um_00224_00234-1,2.3874326
s_016um_00267_00332-1,2.455898
s_016um_00232_00265-1,2.4327607
s_016um_00080_00286-1,2.7295468
s_016um_00030_00092-1,2.6613102
s_016um_00255_00033-1,2.1774511
s_016um_00396_00369-1,2.2385936
s_016um_00012_00213-1,2.3378036
s_016um_00200_00147-1,2.436616
s_016um_00047_00244-1,2.419732
s_016um_00040_00217-1,2.3410053
s_016um_00373_00140-1,2.1484013
s_016um_00270_00223-1,2.370688
s_016um_00089_00066-1,2.2849247
s_016um_00358_00115-1,2.2811491
s_016um_00274_00226-1,2.4981074
s_016um_00174_00375-1,2.4881494
s_016um_00228_00248-1,2.5152116
s_016um_00207_00150-1,2.3999724
s_016um_00094_00343-1,2.372134
s_016um_00224_00171-1,2.2558343
s_016um_00388_00345-1,2.5168653
s_016um_00133_00228-1,2.3679016
s_016um_00103_00383-1,2.3607726
s_016um_00030_00084-1,2.406883
s_016um_00122_00146-1,2.4395251
s_016um_00067_00230-1,2.2892
s_016um_00227_00335-1,2.3415167
s_016um_00135_00221-1,2.4857538
s_016um_00098_00066-1,2.37609
s_016um_00321_00229-1,2.4743853
s_016um_00267_00229-1,2.3447394
s_016um_00357_00417-1,1.7866606
s_016um_00249_00025-1,2.2595062
s_016um_00080_00293-1,2.4131455
s_016um_00356_00019-1,2.322141
s_016um_00413_00141-1,2.3360999
s_016um_00359_00121-1,2.3966427
s_016um_00386_00296-1,2.4659503
s_016um_00106_00316-1,2.3769937
s_016um_00320_00165-1,2.5516684
s_016um_00043_00043-1,2.430443
s_016um_00278_00328-1,2.4214082
s_016um_00129_00382-1,2.0931149
s_016um_00086_00030-1,2.5521936
s_016um_00368_00227-1,2.3364189
s_016um_00031_00088-1,2.3309863
s_016um_00140_00222-1,2.5021858
s_016um_00219_00028-1,2.2584164
s_016um_00418_00143-1,2.4200492
s_016um_00392_00292-1,2.3013117
s_016um_00010_00153-1,2.5653799
s_016um_00080_00199-1,2.3688893
s_016um_00165_00129-1,2.5919695
s_016um_00326_00227-1,2.2926676
s_016um_00370_00223-1,2.3091855
s_016um_00228_00264-1,2.247946
s_016um_00273_00313-1,2.3940673
s_016um_00331_00253-1,2.5349758
s_016um_00081_00032-1,2.551266
s_016um_00260_00130-1,2.2349055
s_016um_00091_00341-1,2.26992
s_016um_00140_00070-1,2.7237165
s_016um_00090_00268-1,2.5138025
s_016um_00227_00243-1,2.4468472
s_016um_00219_00170-1,2.2796912
s_016um_00323_00227-1,2.3637817
s_016um_00100_00073-1,2.4209075
s_016um_00152_00398-1,2.5458503
s_016um_00281_00326-1,2.4104033
s_016um_00063_00234-1,1.8099933
s_016um_00234_00361-1,2.36663
s_016um_00401_00124-1,2.424983
s_016um_00327_00224-1,2.5137393
s_016um_00266_00128-1,2.3277435
s_016um_00105_00071-1,2.3709788
s_016um_00028_00086-1,2.53811
s_016um_00138_00077-1,2.5559576
s_016um_00008_00300-1,2.5330825
s_016um_00150_00396-1,2.2545085
s_016um_00311_00060-1,2.260077
s_016um_00410_00151-1,2.4179025
s_016um_00337_00400-1,1.666129
s_016um_00042_00049-1,2.4327776
s_016um_00374_00119-1,2.1827943
s_016um_00326_00119-1,2.2002342
s_016um_00264_00334-1,2.2491627
s_016um_00418_00142-1,2.3686361
s_016um_00152_00397-1,2.3195074
s_016um_00201_00152-1,2.0235271
s_016um_00231_00267-1,2.5352614
s_016um_00100_00070-1,2.1539814
s_016um_00330_00125-1,2.494969
s_016um_00327_00121-1,2.5037172
s_016um_00358_00096-1,2.3273294
s_016um_00216_00291-1,2.1840446
s_016um_00326_00164-1,2.520183
s_016um_00145_00015-1,2.5275345
s_016um_00280_00131-1,2.3469245
s_016um_00076_00250-1,2.5340178
s_016um_00390_00363-1,2.4543264
s_016um_00043_00244-1,2.4221346
s_016um_00226_00331-1,2.4679737
s_016um_00088_00033-1,2.5770476
s_016um_00041_00239-1,2.4362454
s_016um_00012_00151-1,2.6491299
s_016um_00140_00059-1,2.4337711
s_016um_00324_00229-1,2.4708893
s_016um_00147_00060-1,2.4008868
s_016um_00335_00213-1,2.4572337
s_016um_00252_00023-1,2.428717
s_016um_00041_00098-1,2.7241924
s_016um_00214_00280-1,2.458087
s_016um_00108_00315-1,2.7011344
s_016um_00262_00329-1,2.6074703
s_016um_00248_00088-1,2.3293824
s_016um_00398_00262-1,2.3542998
s_016um_00224_00030-1,2.3853467
s_016um_00221_00280-1,2.4603913
s_016um_00096_00323-1,2.2728622
s_016um_00192_00121-1,2.197962
s_016um_00409_00148-1,2.4654803
s_016um_00058_00245-1,2.3428059
s_016um_00005_00294-1,2.495563
s_016um_00283_00093-1,2.4319649
s_016um_00417_00144-1,2.2320318
s_016um_00242_00084-1,2.0622647
s_016um_00279_00138-1,2.4516485
s_016um_00134_00071-1,2.5832176
s_016um_00037_00048-1,2.6794927
s_016um_00234_00363-1,2.3251915
s_016um_00275_00228-1,2.4400492
s_016um_00219_00027-1,2.4235716
s_016um_00354_00021-1,2.2953198
s_016um_00233_00357-1,2.309526
s_016um_00256_00186-1,2.4632835
s_016um_00322_00167-1,2.356978
s_016um_00232_00267-1,2.609151
s_016um_00322_00228-1,2.2772045
s_016um_00166_00289-1,2.342999
s_016um_00148_00394-1,2.2754304
s_016um_00036_00175-1,2.520778
s_016um_00126_00387-1,2.2607236
s_016um_00065_00125-1,2.648527
s_016um_00263_00127-1,2.350333
s_016um_00403_00125-1,2.3735743
s_016um_00180_00028-1,2.5326
s_016um_00080_00200-1,2.163629
s_016um_00411_00103-1,2.4188318
s_016um_00280_00206-1,2.3153498
s_016um_00011_00150-1,2.5457056
s_016um_00397_00178-1,2.1630602
s_016um_00117_00143-1,2.4566884
s_016um_00343_00219-1,1.528152
s_016um_00362_00224-1,2.5142617
s_016um_00060_00244-1,2.3500116
s_016um_00106_00314-1,2.3285048
s_016um_00333_00215-1,2.5163975
s_016um_00085_00068-1,2.5833836
s_016um_00259_00188-1,2.4171493
s_016um_00377_00132-1,2.371903
s_016um_00371_00124-1,2.7119107
s_016um_00233_00355-1,2.5475528
s_016um_00080_00297-1,2.3107202
s_016um_00079_00238-1,2.3945673
s_016um_00254_00024-1,2.8017771
s_016um_00216_00013-1,2.3295827
s_016um_00221_00331-1,2.1916664
s_016um_00367_00140-1,2.3948274
s_016um_00027_00331-1,2.4515824
s_016um_00225_00336-1,2.7630713
s_016um_00398_00359-1,2.414698
s_016um_00405_00399-1,0.72758615
s_016um_00135_00223-1,2.280728
s_016um_00070_00236-1,2.348211
s_016um_00352_00094-1,2.379609
s_016um_00097_00023-1,2.4198773
s_016um_00062_00126-1,2.6156828
s_016um_00365_00227-1,2.1836972
s_016um_00375_00117-1,2.0937212
s_016um_00143_00055-1,2.4955232
s_016um_00151_00396-1,2.3654819
s_016um_00389_00361-1,1.945353
s_016um_00159_00292-1,2.3790262
s_016um_00397_00263-1,2.3623576
s_016um_00130_00226-1,2.390513
s_016um_00073_00246-1,2.4055457
s_016um_00371_00094-1,2.5747142
s_016um_00249_00022-1,2.440385
s_016um_00267_00225-1,2.5159814
s_016um_00225_00235-1,2.4464166
s_016um_00268_00035-1,2.4425313
s_016um_00216_00296-1,2.3745213
s_016um_00329_00121-1,2.3750267
s_016um_00163_00288-1,1.9664552
s_016um_00321_00225-1,2.2567582
s_016um_00219_00279-1,2.5192688
s_016um_00240_00182-1,2.3830616
s_016um_00218_00171-1,2.1157422
s_016um_00273_00335-1,2.4186032
s_016um_00172_00370-1,2.2425952
s_016um_00215_00293-1,2.3615015
s_016um_00092_00316-1,2.3614736
s_016um_00225_00029-1,2.5077803
s_016um_00346_00216-1,2.406496
s_016um_00271_00223-1,2.255815
s_016um_00378_00138-1,2.3547907
s_016um_00278_00137-1,2.2931423
s_016um_00417_00134-1,2.3499882
s_016um_00210_00032-1,2.2660575
s_016um_00398_00184-1,2.4391775
s_016um_00368_00225-1,2.4560452
s_016um_00261_00184-1,2.443279
s_016um_00080_00264-1,2.6530085
s_016um_00224_00028-1,2.50208
s_016um_00331_00119-1,2.396838
s_016um_00398_00368-1,2.3972147
s_016um_00374_00122-1,2.2751365
s_016um_00327_00302-1,2.3533683
s_016um_00129_00317-1,2.059088
s_016um_00164_00290-1,2.3282428
s_016um_00038_00042-1,2.5140631
s_016um_00355_00418-1,1.1254611
s_016um_00132_00092-1,2.305214
s_016um_00232_00266-1,2.5488126
s_016um_00010_00296-1,2.4217324
s_016um_00221_00233-1,2.3858104
s_016um_00214_00292-1,2.392869
s_016um_00220_00283-1,2.1142316
s_016um_00222_00167-1,2.1980834
s_016um_00344_00212-1,2.2189238
s_016um_00084_00028-1,2.4352052
s_016um_00166_00375-1,2.3999524
s_016um_00194_00098-1,2.4458003
s_016um_00082_00271-1,2.3353403
s_016um_00122_00143-1,1.9348115
s_016um_00224_00329-1,2.4014366
s_016um_00401_00262-1,2.4092155
s_016um_00015_00267-1,2.4693184
s_016um_00090_00267-1,2.3794043
s_016um_00040_00206-1,2.5083156
s_016um_00097_00030-1,2.3900328
s_016um_00064_00130-1,2.440476
s_016um_00272_00203-1,2.4834156
s_016um_00139_00072-1,2.537083
s_016um_00409_00153-1,2.3690765
s_016um_00039_00177-1,2.4676995
s_016um_00232_00088-1,2.1117597
s_016um_00230_00357-1,2.3254616
s_016um_00414_00104-1,2.5078743
s_016um_00049_00244-1,2.367935
s_016um_00248_00020-1,2.5556095
s_016um_00358_00286-1,2.5263932
s_016um_00382_00134-1,2.2164965
s_016um_00416_00136-1,2.3352637
s_016um_00096_00337-1,2.5284824
s_016um_00289_00093-1,2.083984
s_016um_00100_00316-1,2.5758455
s_016um_00105_00391-1,2.2890153
s_016um_00026_00092-1,2.638293
s_016um_00037_00178-1,2.758278
s_016um_00405_00121-1,2.6257143
s_016um_00403_00128-1,2.1427414
s_016um_00384_00125-1,2.530684
s_016um_00153_00400-1,2.4742975
s_016um_00225_00335-1,2.501706
s_016um_00121_00149-1,2.3703926
s_016um_00330_00211-1,2.3992505
s_016um_00257_00029-1,2.095787
s_016um_00262_00129-1,2.2654533
s_016um_00081_00282-1,2.4442658
s_016um_00323_00302-1,2.38555
s_016um_00408_00151-1,2.5490336
s_016um_00031_00334-1,2.358749
s_016um_00029_00330-1,2.5345898
s_016um_00356_00414-1,1.2829903
s_016um_00399_00216-1,2.4167712
s_016um_00328_00125-1,2.2552927
s_016um_00167_00120-1,2.306598
s_016um_00321_00169-1,2.2646065
s_016um_00261_00332-1,2.455082
s_016um_00217_00275-1,2.323728
s_016um_00384_00136-1,2.42409
s_016um_00100_00386-1,2.4932659
s_016um_00110_00319-1,2.2056344
s_016um_00056_00248-1,2.615907
s_016um_00397_00260-1,2.2138999
s_016um_00117_00148-1,2.5422232
s_016um_00107_00313-1,2.3169622
s_016um_00251_00022-1,2.536778
s_016um_00278_00208-1,2.294993
s_016um_00411_00102-1,2.4659402
s_016um_00042_00048-1,2.5078342
s_016um_00171_00372-1,2.2085347
s_016um_00217_00170-1,2.1578867
s_016um_00080_00279-1,2.3320675
s_016um_00030_00086-1,2.4580078
s_016um_00193_00129-1,2.6166472
s_016um_00385_00130-1,2.289435
s_016um_00403_00146-1,2.4003892
s_016um_00342_00216-1,2.0263364
s_016um_00354_00411-1,1.8116782
s_016um_00257_00033-1,2.4294827
s_016um_00389_00300-1,2.254612
s_016um_00400_00259-1,2.1900568
s_016um_00253_00033-1,2.702111
s_016um_00221_00332-1,2.4289086
s_016um_00094_00273-1,2.647081
s_016um_00291_00097-1,2.2947497
s_016um_00136_00074-1,2.6688201
s_016um_00085_00029-1,2.5254195
s_016um_00332_00123-1,2.3867443
s_016um_00394_00180-1,2.3966784
s_016um_00367_00230-1,2.159324
s_016um_00401_00400-1,1.2069023
s_016um_00139_00073-1,2.4949846
s_016um_00274_00319-1,2.4570103
s_016um_00220_00234-1,2.5113358
s_016um_00369_00124-1,2.4064546
s_016um_00222_00024-1,2.044702
s_016um_00387_00291-1,2.3999639
s_016um_00142_00017-1,2.5543792
s_016um_00142_00217-1,1.7381742
s_016um_00339_00403-1,2.180281
s_016um_00021_00267-1,2.4350832
s_016um_00092_00275-1,2.396762
s_016um_00347_00215-1,2.4619782
s_016um_00139_00215-1,1.8821082
s_016um_00092_00334-1,2.5657513
s_016um_00082_00285-1,2.3344746
s_016um_00183_00030-1,2.501965
s_016um_00262_00189-1,2.181189
s_016um_00330_00212-1,2.2614205
s_016um_00397_00177-1,2.199031
s_016um_00030_00085-1,2.5839834
s_016um_00409_00100-1,2.3669376
s_016um_00360_00288-1,2.5378118
s_016um_00016_00268-1,2.438153
s_016um_00079_00247-1,2.0960474
s_016um_00191_00129-1,2.01152
s_016um_00131_00091-1,2.662876
s_016um_00133_00091-1,2.2239916
s_016um_00216_00030-1,2.5221784
s_016um_00268_00060-1,2.3098307
s_016um_00063_00232-1,2.3853028
s_016um_00238_00085-1,1.8766929
s_016um_00331_00217-1,2.3761458
s_016um_00277_00310-1,2.319013
s_016um_00405_00128-1,2.3813899
s_016um_00228_00335-1,2.5003996
s_016um_00278_00131-1,2.1520243
s_016um_00196_00124-1,2.176822
s_016um_00359_00418-1,1.8678086
s_016um_00273_00331-1,2.2640905
s_016um_00218_00025-1,2.5228376
s_016um_00408_00099-1,2.3671308
s_016um_00278_00135-1,2.5004215
s_016um_00409_00098-1,2.5022767
s_016um_00396_00366-1,2.5127337
s_016um_00238_00086-1,2.4632227
s_016um_00371_00139-1,2.307293
s_016um_00375_00145-1,2.5242906
s_016um_00368_00093-1,2.311205
s_016um_00397_00211-1,2.4460156
s_016um_00354_00288-1,2.0552163
s_016um_00334_00400-1,2.224624
s_016um_00219_00225-1,2.3870223
s_016um_00210_00029-1,2.282004
s_016um_00190_00098-1,2.4091654
s_016um_00219_00278-1,2.339501
s_016um_00226_00334-1,2.5211957
s_016um_00217_00025-1,2.8756309
s_016um_00088_00073-1,2.5582247
s_016um_00199_00150-1,2.222777
s_016um_00149_00400-1,2.4438813
s_016um_00310_00052-1,2.0049195
s_016um_00042_00177-1,2.5876253
s_016um_00209_00292-1,2.3603933
s_016um_00320_00230-1,2.4097528
s_016um_00272_00334-1,2.1769443
s_016um_00031_00085-1,2.7360144
s_016um_00084_00037-1,2.3854644
s_016um_00219_00029-1,2.761409
s_016um_00079_00281-1,2.3437648
s_016um_00215_00276-1,2.344952
s_016um_00212_00029-1,2.2518425
s_016um_00041_00211-1,2.332057
s_016um_00166_00373-1,2.1527395
s_016um_00265_00060-1,2.1800094
s_016um_00027_00089-1,2.6206882
s_016um_00170_00128-1,2.2572997
s_016um_00042_00173-1,2.485806
s_016um_00210_00289-1,2.4004173
s_016um_00218_00019-1,2.328092
s_016um_00376_00135-1,2.4334488
s_016um_00397_00359-1,2.2747543
s_016um_00014_00265-1,2.4837172
s_016um_00079_00246-1,2.4333918
s_016um_00117_00149-1,2.3288643
s_016um_00222_00231-1,2.5830572
s_016um_00262_00185-1,2.0526583
s_016um_00368_00101-1,2.336239
s_016um_00361_00288-1,2.2742538
s_016um_00238_00084-1,1.9303176
s_016um_00077_00282-1,2.5577374
s_016um_00227_00331-1,2.3714614
s_016um_00077_00247-1,2.333892
s_016um_00064_00233-1,2.0763814
s_016um_00021_00270-1,2.29858
s_016um_00081_00196-1,1.9938309
s_016um_00370_00094-1,2.5796711
s_016um_00330_00218-1,2.4742112
s_016um_00348_00021-1,2.4575708
s_016um_00387_00130-1,2.2714322
s_016um_00046_00218-1,2.3943481
s_016um_00326_00165-1,2.5225573
s_016um_00194_00124-1,2.298736
s_016um_00372_00101-1,2.4000468
s_016um_00353_00117-1,2.3642328
s_016um_00373_00125-1,2.3339937
s_016um_00393_00345-1,1.8231915
s_016um_00135_00077-1,2.5300617
s_016um_00148_00400-1,2.5330596
s_016um_00273_00329-1,2.0402117
s_016um_00279_00209-1,2.209291
s_016um_00185_00032-1,2.6048532
s_016um_00275_00131-1,2.2250228
s_016um_00080_00030-1,2.4487436
s_016um_00362_00417-1,1.8221335
s_016um_00289_00098-1,2.3383157
s_016um_00327_00229-1,2.5231853
s_016um_00183_00031-1,2.4661288
s_016um_00387_00299-1,2.4210684
s_016um_00193_00122-1,2.2638392
s_016um_00009_00293-1,2.297599
s_016um_00184_00030-1,2.368537
s_016um_00101_00385-1,2.110184
s_016um_00133_00229-1,2.3030393
s_016um_00132_00318-1,2.1808367
s_016um_00321_00298-1,2.3510573
s_016um_00381_00129-1,2.3818192
s_016um_00094_00339-1,2.376229
s_016um_00220_00016-1,2.5625238
s_016um_00326_00125-1,2.4805102
s_016um_00358_00094-1,2.3621864
s_016um_00203_00148-1,2.3353338
s_016um_00263_00128-1,2.4139662
s_016um_00354_00417-1,1.5057082
s_016um_00045_00045-1,2.4489753
s_016um_00367_00121-1,2.4291975
s_016um_00402_00259-1,2.2911363
s_016um_00401_00128-1,2.4197388
s_016um_00129_00316-1,2.2311125
s_016um_00330_00120-1,2.598064
s_016um_00357_00096-1,2.3382685
s_016um_00393_00367-1,2.5586796
s_016um_00218_00278-1,2.4428833
s_016um_00046_00240-1,2.4851189
s_016um_00390_00297-1,2.5073342
s_016um_00253_00027-1,2.4031208
s_016um_00280_00135-1,2.4308932
s_016um_00400_00258-1,2.4687877
s_016um_00094_00278-1,2.369458
s_016um_00389_00337-1,2.566279
s_016um_00355_00286-1,2.2629554
s_016um_00334_00214-1,2.298288
s_016um_00037_00100-1,2.4862185
s_016um_00045_00243-1,2.3144927
s_016um_00259_00032-1,2.2858486
s_016um_00244_00082-1,2.2084355
s_016um_00334_00397-1,2.3767269
s_016um_00399_00370-1,2.4344866
s_016um_00218_00029-1,2.6428611
s_016um_00167_00125-1,2.2628345
s_016um_00219_00032-1,2.491478
s_016um_00011_00213-1,2.5489385
s_016um_00235_00263-1,2.3439853
s_016um_00237_00183-1,2.3730595
s_016um_00412_00105-1,2.0615423
s_016um_00279_00137-1,2.529687
s_016um_00014_00213-1,2.5206873
s_016um_00391_00346-1,1.723861
s_016um_00389_00344-1,2.5158534
s_016um_00258_00032-1,2.3138912
s_016um_00085_00273-1,2.4181297
s_016um_00329_00118-1,2.412967
s_016um_00042_00239-1,2.5488636
s_016um_00091_00339-1,2.3711958
s_016um_00332_00256-1,2.4415736
s_016um_00136_00228-1,2.3127983
s_016um_00285_00094-1,2.304755
s_016um_00125_00390-1,2.4211962
s_016um_00226_00245-1,2.3527281
s_016um_00146_00016-1,2.4956343
s_016um_00406_00149-1,2.3082645
s_016um_00180_00025-1,2.8973503
s_016um_00009_00208-1,2.3380306
s_016um_00091_00340-1,2.300082
s_016um_00326_00120-1,2.2475185
s_016um_00019_00264-1,2.4191997
s_016um_00395_00182-1,2.4055722
s_016um_00277_00205-1,2.4620786
s_016um_00403_00147-1,2.3208218
s_016um_00181_00032-1,2.806737
s_016um_00082_00268-1,2.479272
s_016um_00177_00031-1,2.4243753
s_016um_00005_00154-1,2.3488529
s_016um_00397_00220-1,2.1991065
s_016um_00321_00163-1,2.1754348
s_016um_00357_00413-1,1.8221352
s_016um_00369_00146-1,2.5657365
s_016um_00038_00206-1,2.3208635
s_016um_00269_00223-1,2.4881296
s_016um_00313_00058-1,2.6732814
s_016um_00377_00134-1,2.3245144
s_016um_00042_00218-1,2.404374
s_016um_00139_00223-1,2.371644
s_016um_00015_00270-1,2.1212153
s_016um_00401_00402-1,0.9494655
s_016um_00381_00128-1,2.3509638
s_016um_00263_00129-1,2.2808204
s_016um_00099_00030-1,2.435553
s_016um_00413_00103-1,2.3340359
s_016um_00011_00211-1,2.4224622
s_016um_00262_00184-1,2.1643198
s_016um_00118_00149-1,2.631524
s_016um_00006_00213-1,2.4270663
s_016um_00033_00010-1,2.4698582
s_016um_00237_00087-1,2.112153
s_016um_00113_00317-1,2.4415438
s_016um_00242_00184-1,2.0191946
s_016um_00102_00026-1,2.1395144
s_016um_00390_00361-1,1.9643042
s_016um_00281_00325-1,2.2972946
s_016um_00281_00321-1,2.1756163
s_016um_00398_00365-1,2.3031335
s_016um_00235_00360-1,2.4424067
s_016um_00353_00414-1,1.3083824
s_016um_00088_00069-1,2.467611
s_016um_00136_00218-1,2.467264
s_016um_00075_00295-1,2.2660038
s_016um_00231_00360-1,2.5317347
s_016um_00406_00153-1,2.4467862
s_016um_00228_00330-1,2.4323077
s_016um_00368_00095-1,2.4695792
s_016um_00397_00184-1,2.100265
s_016um_00353_00022-1,2.4067183
s_016um_00182_00031-1,2.7499769
s_016um_00132_00323-1,2.3074567
s_016um_00317_00166-1,1.7895408
s_016um_00226_00234-1,2.2665763
s_016um_00263_00131-1,2.2647662
s_016um_00254_00021-1,2.354847
s_016um_00083_00284-1,2.4719815
s_016um_00103_00390-1,2.3205876
s_016um_00266_00055-1,1.8381073
s_016um_00142_00060-1,2.3376172
s_016um_00403_00124-1,2.1781726
s_016um_00076_00299-1,2.4925663
s_016um_00398_00180-1,2.3591118
s_016um_00011_00301-1,2.5175605
s_016um_00035_00009-1,2.4258096
s_016um_00324_00228-1,2.4410684
s_016um_00270_00226-1,2.2971168
s_016um_00363_00230-1,2.4993277
s_016um_00026_00085-1,2.4704158
s_016um_00356_00289-1,2.241012
s_016um_00270_00228-1,2.4087794
s_016um_00396_00360-1,2.5016131
s_016um_00277_00048-1,2.6372325
s_016um_00218_00233-1,2.5478678
s_016um_00280_00319-1,2.4605339
s_016um_00087_00028-1,2.5429573
s_016um_00042_00207-1,2.3801808
s_016um_00078_00235-1,2.4865165
s_016um_00169_00376-1,2.2940464
s_016um_00256_00034-1,2.2298434
s_016um_00082_00266-1,2.4398127
s_016um_00355_00121-1,2.4540758
s_016um_00223_00248-1,2.5131094
s_016um_00179_00028-1,2.5772889
s_016um_00075_00296-1,2.418588
s_016um_00261_00188-1,2.3100572
s_016um_00311_00059-1,2.1284065
s_016um_00119_00145-1,2.3110902
s_016um_00083_00029-1,2.2594247
s_016um_00030_00089-1,2.5042093
s_016um_00083_00069-1,2.4878156
s_016um_00291_00095-1,2.0059423
s_016um_00355_00414-1,1.465589
s_016um_00163_00290-1,2.4163737
s_016um_00229_00261-1,2.4278598
s_016um_00031_00089-1,2.334025
s_016um_00235_00358-1,2.4651186
s_016um_00273_00223-1,2.3380976
s_016um_00223_00250-1,2.3969064
s_016um_00030_00332-1,2.501843
s_016um_00403_00396-1,1.5622299
s_016um_00255_00024-1,2.6377342
s_016um_00389_00295-1,2.3695326
s_016um_00238_00360-1,2.4425242
s_016um_00403_00122-1,2.366647
s_016um_00401_00120-1,2.4237225
s_016um_00058_00242-1,2.452934
s_016um_00359_00091-1,2.3648005
s_016um_00043_00218-1,2.3717275
s_016um_00039_00045-1,2.3926141
s_016um_00137_00217-1,2.427837
s_016um_00078_00297-1,2.4415665
s_016um_00337_00403-1,2.2315223
s_016um_00323_00301-1,2.4527044
s_016um_00274_00311-1,2.608342
s_016um_00274_00133-1,2.264652
s_016um_00224_00228-1,2.4097893
s_016um_00025_00086-1,2.5494661
s_016um_00119_00144-1,1.6670463
s_016um_00223_00231-1,2.3596144
s_016um_00085_00284-1,2.4153135
s_016um_00197_00128-1,2.5819628
s_016um_00352_00025-1,2.5662248
s_016um_00067_00239-1,2.0554404
s_016um_00211_00030-1,2.4001951
s_016um_00355_00122-1,2.1682992
s_016um_00030_00337-1,2.5132136
s_016um_00078_00281-1,2.2445316
s_016um_00085_00265-1,2.4096553
s_016um_00046_00216-1,2.269329
s_016um_00222_00025-1,2.0105786
s_016um_00038_00103-1,2.6535068
s_016um_00403_00123-1,2.5405307
s_016um_00227_00334-1,2.522403
s_016um_00012_00153-1,2.4005818
s_016um_00405_00398-1,0.72292924
s_016um_00084_00032-1,2.6881053
s_016um_00101_00028-1,2.1519058
s_016um_00393_00337-1,2.5604563
s_016um_00147_00401-1,2.5317216
s_016um_00102_00029-1,2.568177
s_016um_00150_00402-1,2.282307
s_016um_00082_00033-1,2.468556
s_016um_00081_00200-1,2.448993
s_016um_00148_00397-1,2.2868547
s_016um_00277_00139-1,2.4709346
s_016um_00356_00021-1,2.265964
s_016um_00040_00043-1,2.5243783
s_016um_00195_00093-1,2.3712716
s_016um_00275_00328-1,2.0886254
s_016um_00082_00293-1,2.4809048
s_016um_00042_00216-1,2.1663945
s_016um_00209_00029-1,2.5585637
s_016um_00039_00203-1,2.1662264
s_016um_00414_00141-1,2.4839373
s_016um_00347_00212-1,2.131048
s_016um_00045_00209-1,2.4371543
s_016um_00093_00334-1,2.614557
s_016um_00275_00130-1,2.4182546
s_016um_00220_00026-1,2.545754
s_016um_00273_00035-1,2.3352058
s_016um_00407_00395-1,1.8760786
s_016um_00359_00291-1,2.4576657
s_016um_00167_00376-1,2.3571355
s_016um_00260_00134-1,2.3733037
s_016um_00078_00237-1,2.067051
s_016um_00392_00357-1,1.0511314
s_016um_00128_00384-1,2.118352
s_016um_00087_00029-1,2.520139
s_016um_00374_00140-1,2.3863385
s_016um_00243_00087-1,2.34761
s_016um_00082_00264-1,2.606464
s_016um_00271_00228-1,2.3094113
s_016um_00036_00006-1,2.548835
s_016um_00079_00282-1,2.4425256
s_016um_00045_00219-1,2.2988482
s_016um_00157_00292-1,2.266904
s_016um_00135_00219-1,2.3470109
s_016um_00268_00226-1,2.2965117
s_016um_00036_00005-1,2.43819
s_016um_00057_00247-1,2.379841
s_016um_00131_00231-1,2.4341831
s_016um_00207_00148-1,2.3921387
s_016um_00342_00220-1,2.0319397
s_016um_00266_00062-1,2.2232575
s_016um_00219_00171-1,2.6852903
s_016um_00267_00134-1,2.50734
s_016um_00136_00072-1,2.4240527
s_016um_00366_00143-1,2.400413
s_016um_00404_00121-1,2.4301827
s_016um_00230_00248-1,2.5820355
s_016um_00400_00367-1,2.5000455
s_016um_00248_00024-1,2.381299
s_016um_00401_00122-1,2.3463464
s_016um_00224_00331-1,2.405352
s_016um_00025_00091-1,2.4281178
s_016um_00237_00089-1,2.0965893
s_016um_00066_00127-1,2.4601102
s_016um_00140_00054-1,2.5387695
s_016um_00077_00298-1,2.4775288
s_016um_00214_00035-1,2.5041666
s_016um_00395_00341-1,2.445943
s_016um_00321_00165-1,2.4935153
s_016um_00010_00294-1,2.3034525
s_016um_00172_00125-1,2.3785508
s_016um_00148_00399-1,2.4213068
s_016um_00100_00028-1,2.4085765
s_016um_00329_00119-1,2.2122962
s_016um_00040_00044-1,2.4978728
s_016um_00353_00120-1,2.3265204
s_016um_00077_00294-1,2.2901652
s_016um_00122_00151-1,2.5272915
s_016um_00128_00093-1,2.3740304
s_016um_00130_00383-1,2.3372817
s_016um_00273_00316-1,2.0967727
s_016um_00388_00128-1,2.328963
s_016um_00324_00297-1,2.0884354
s_016um_00148_00058-1,2.7059858
s_016um_00060_00245-1,2.608729
s_016um_00250_00023-1,2.3673253
s_016um_00275_00207-1,2.6096158
s_016um_00212_00032-1,2.2179904
s_016um_00224_00247-1,2.633158
s_016um_00036_00105-1,2.1180773
s_016um_00376_00123-1,2.4210327
s_016um_00269_00029-1,2.4730442
s_016um_00394_00340-1,2.6126475
s_016um_00396_00365-1,2.3030548
s_016um_00139_00070-1,2.4952548
s_016um_00352_00018-1,2.4517605
s_016um_00032_00329-1,2.3554385
s_016um_00263_00330-1,2.47825
s_016um_00228_00329-1,2.3982494
s_016um_00364_00095-1,2.3127308
s_016um_00180_00026-1,2.5213094
s_016um_00189_00122-1,2.361613
s_016um_00134_00076-1,2.5253625
s_016um_00325_00121-1,2.4028535
s_016um_00093_00027-1,2.4768622
s_016um_00216_00033-1,2.4064474
s_016um_00079_00297-1,2.4226043
s_016um_00239_00184-1,2.439268
s_016um_00323_00164-1,2.3070354
s_016um_00410_00097-1,2.279707
s_016um_00102_00390-1,2.14241
s_016um_00281_00316-1,2.4117334
s_016um_00393_00342-1,2.4873288
s_016um_00122_00147-1,2.5694904
s_016um_00397_00257-1,2.4073036
s_016um_00357_00412-1,2.1009963
s_016um_00222_00232-1,2.2587206
s_016um_00285_00096-1,2.28357
s_016um_00273_00045-1,2.185015
s_016um_00022_00265-1,2.4862187
s_016um_00369_00122-1,2.5185735
s_016um_00044_00212-1,2.2015944
s_016um_00086_00273-1,2.630839
s_016um_00137_00318-1,2.1212628
s_016um_00400_00219-1,2.3591192
s_016um_00092_00268-1,2.3205085
s_016um_00042_00244-1,2.3585794
s_016um_00227_00237-1,2.2307754
s_016um_00178_00026-1,2.3038566
s_016um_00398_00212-1,2.4216096
s_016um_00273_00229-1,2.3681462
s_016um_00328_00305-1,2.4273942
s_016um_00044_00172-1,2.563959
s_016um_00064_00133-1,2.5309184
s_016um_00067_00130-1,2.5893438
s_016um_00356_00095-1,2.3075726
s_016um_00407_00098-1,2.4658346
s_016um_00230_00247-1,2.3573406
s_016um_00368_00226-1,2.3844237
s_016um_00361_00286-1,2.3008769
s_016um_00073_00245-1,2.2820833
s_016um_00286_00100-1,2.2750118
s_016um_00321_00167-1,1.9768245
s_016um_00092_00339-1,2.2315428
s_016um_00406_00148-1,2.2903426
s_016um_00223_00167-1,2.08651
s_016um_00324_00122-1,2.3699267
s_016um_00365_00222-1,2.3628218
s_016um_00340_00213-1,2.3221729
s_016um_00367_00228-1,2.5019648
s_016um_00259_00186-1,2.371508
s_016um_00219_00168-1,2.441093
s_016um_00152_00402-1,2.3110492
s_016um_00018_00264-1,2.406703
s_016um_00414_00105-1,2.403577
s_016um_00105_00068-1,2.4617288
s_016um_00041_00240-1,2.7216957
s_016um_00055_00242-1,2.502592
s_016um_00047_00207-1,2.4034135
s_016um_00371_00123-1,2.2500308
s_016um_00407_00399-1,0.5512042
s_016um_00080_00285-1,2.4797697
s_016um_00277_00322-1,2.3942733
s_016um_00037_00177-1,2.5280793
s_016um_00335_00403-1,2.069531
s_016um_00225_00237-1,2.4024642
s_016um_00325_00300-1,2.2889655
s_016um_00008_00212-1,2.5158155
s_016um_00358_00417-1,1.8922508
s_016um_00259_00192-1,2.3787503
s_016um_00036_00178-1,2.1850007
s_016um_00215_00011-1,2.7479663
s_016um_00365_00225-1,2.503672
s_016um_00028_00090-1,2.784686
s_016um_00083_00198-1,2.3850427
s_016um_00090_00270-1,2.3576276
s_016um_00038_00049-1,2.3775043
s_016um_00397_00217-1,2.4414332
s_016um_00012_00294-1,2.1219082
s_016um_00084_00071-1,2.2886946
s_016um_00017_00264-1,2.466284
s_016um_00105_00388-1,2.2083905
s_016um_00127_00385-1,1.8784921
s_016um_00169_00128-1,2.656896
s_016um_00207_00151-1,2.2360995
s_016um_00228_00236-1,2.443198
s_016um_00239_00191-1,2.185286
s_016um_00151_00402-1,2.5965037
s_016um_00408_00150-1,1.9773282
s_016um_00190_00125-1,2.2453663
s_016um_00353_00122-1,2.487769
s_016um_00398_00179-1,2.4023008
s_016um_00356_00089-1,2.4508731
s_016um_00090_00336-1,2.409953
s_016um_00079_00197-1,2.335976
s_016um_00314_00055-1,2.5053892
s_016um_00270_00060-1,2.2140057
s_016um_00201_00151-1,2.289872
s_016um_00097_00068-1,2.2550495
s_016um_00235_00088-1,2.28651
s_016um_00134_00073-1,2.6593637
s_016um_00045_00203-1,2.2524424
s_016um_00087_00273-1,2.4133124
s_016um_00336_00396-1,2.2858334
s_016um_00336_00404-1,2.2673986
s_016um_00272_00046-1,2.2894967
s_016um_00279_00205-1,2.430452
s_016um_00253_00029-1,2.4440665
s_016um_00133_00074-1,2.4697306
s_016um_00281_00329-1,2.4196942
s_016um_00348_00024-1,2.3052702
s_016um_00039_00208-1,2.388311
s_016um_00006_00208-1,2.2576196
s_016um_00041_00243-1,2.1958416
s_016um_00227_00327-1,2.450955
s_016um_00400_00368-1,2.4880676
s_016um_00383_00134-1,2.1088114
s_016um_00109_00387-1,2.1815085
s_016um_00134_00226-1,2.3661115
s_016um_00389_00130-1,2.4504435
s_016um_00272_00227-1,2.3616073
s_016um_00218_00282-1,2.4333735
s_016um_00369_00143-1,2.4015007
s_016um_00212_00292-1,2.178382
s_016um_00194_00127-1,2.2716722
s_016um_00220_00281-1,2.4670172
s_016um_00054_00248-1,2.1773446
s_016um_00195_00097-1,2.2914562
s_016um_00220_00279-1,2.3983011
s_016um_00087_00198-1,2.3866906
s_016um_00264_00189-1,2.4624233
s_016um_00060_00250-1,2.390221
s_016um_00133_00233-1,2.4653635
s_016um_00230_00359-1,2.3949518
s_016um_00079_00285-1,2.3816626
s_016um_00395_00216-1,2.322637
s_016um_00214_00031-1,2.278208
s_016um_00005_00156-1,2.4052377
s_016um_00392_00294-1,2.5777082
s_016um_00354_00287-1,2.4052598
s_016um_00279_00201-1,2.4582064
s_016um_00045_00217-1,2.3774946
s_016um_00226_00239-1,2.381737
s_016um_00366_00094-1,2.4120343
s_016um_00274_00329-1,1.9848042
s_016um_00413_00138-1,2.3402777
s_016um_00373_00124-1,2.551626
s_016um_00275_00223-1,2.6492925
s_016um_00128_00090-1,2.0074582
s_016um_00036_00009-1,2.568151
s_016um_00274_00131-1,2.2719598
s_016um_00131_00388-1,2.384468
s_016um_00230_00331-1,2.0321956
s_016um_00097_00341-1,2.3001966
s_016um_00079_00250-1,2.356266
s_016um_00320_00302-1,2.338533
s_016um_00015_00268-1,2.3016214
s_016um_00084_00269-1,2.4386609
s_016um_00275_00327-1,2.1837053
s_016um_00265_00329-1,2.3591237
s_016um_00046_00242-1,2.0297983
s_016um_00088_00270-1,2.3449435
s_016um_00263_00185-1,1.8264613
s_016um_00037_00097-1,2.380148
s_016um_00076_00297-1,2.6051152
s_016um_00068_00235-1,2.1030865
s_016um_00309_00058-1,2.54639
s_016um_00219_00031-1,2.4741778
s_016um_00261_00028-1,2.4814694
s_016um_00370_00122-1,2.4964545
s_016um_00227_00239-1,2.4439435
s_016um_00369_00102-1,2.429028
s_016um_00145_00014-1,2.3886979
s_016um_00354_00020-1,2.3739004
s_016um_00211_00032-1,2.0815444
s_016um_00089_00268-1,2.3857217
s_016um_00386_00297-1,2.5069082
s_016um_00081_00237-1,2.3346505
s_016um_00262_00058-1,2.0365083
s_016um_00123_00147-1,2.4851913
s_016um_00239_00086-1,2.1299157
s_016um_00080_00284-1,2.448791
s_016um_00220_00011-1,2.5017395
s_016um_00033_00085-1,2.560096
s_016um_00267_00029-1,2.7550123
s_016um_00080_00278-1,2.1510003
s_016um_00404_00122-1,2.4788291
s_016um_00220_00029-1,2.5017602
s_016um_00223_00335-1,2.4534447
s_016um_00235_00267-1,2.446489
s_016um_00091_00268-1,2.2036593
s_016um_00033_00007-1,2.4882557
s_016um_00010_00151-1,2.6083765
s_016um_00184_00026-1,2.417563
s_016um_00067_00127-1,2.6555195
s_016um_00090_00271-1,2.5265126
s_016um_00029_00085-1,2.5748882
s_016um_00022_00271-1,2.0948625
s_016um_00262_00334-1,2.2182508
s_016um_00358_00118-1,2.4045656
s_016um_00243_00086-1,2.3737247
s_016um_00325_00299-1,2.2238414
s_016um_00031_00092-1,2.5120766
s_016um_00229_00243-1,2.48134
s_016um_00355_00113-1,2.3871381
s_016um_00369_00230-1,2.330629
s_016um_00394_00356-1,1.8497386
s_016um_00074_00247-1,2.175351
s_016um_00079_00269-1,2.518297
s_016um_00278_00313-1,2.5076952
s_016um_00080_00299-1,2.3368335
s_016um_00394_00345-1,1.9110391
s_016um_00141_00219-1,2.385931
s_016um_00312_00053-1,2.4083464
s_016um_00266_00130-1,2.0529397
s_016um_00096_00271-1,2.5515742
s_016um_00089_00073-1,2.3233144
s_016um_00040_00102-1,2.557759
s_016um_00169_00375-1,2.399855
s_016um_00408_00397-1,0.77239513
s_016um_00034_00334-1,2.517819
s_016um_00342_00399-1,2.5179899
s_016um_00231_00361-1,2.4239914
s_016um_00142_00019-1,2.4175832
s_016um_00354_00091-1,2.451049
s_016um_00157_00291-1,2.2632115
s_016um_00357_00091-1,2.5462394
s_016um_00321_00168-1,2.3181243
s_016um_00191_00122-1,2.258258
s_016um_00137_00215-1,1.9873773
s_016um_00403_00127-1,2.3818889
s_016um_00258_00190-1,2.5353858
s_016um_00054_00245-1,2.5549214
s_016um_00351_00026-1,2.521436
s_016um_00347_00213-1,2.1397808
s_016um_00086_00068-1,2.5193489
s_016um_00351_00094-1,2.3520575
s_016um_00212_00033-1,2.36096
s_016um_00103_00387-1,2.2187183
s_016um_00263_00186-1,1.5110011
s_016um_00354_00119-1,2.590531
s_016um_00231_00359-1,2.5302958
s_016um_00020_00269-1,2.3220913
s_016um_00271_00034-1,2.2572963
s_016um_00339_00398-1,2.0643578
s_016um_00275_00205-1,2.3748746
s_016um_00361_00418-1,1.8096299
s_016um_00221_00231-1,2.3185
s_016um_00045_00212-1,2.3322737
s_016um_00048_00218-1,2.180998
s_016um_00248_00021-1,2.3753362
s_016um_00190_00094-1,2.524638
s_016um_00402_00258-1,2.495218
s_016um_00060_00247-1,2.566899
s_016um_00402_00403-1,0.27158165
s_016um_00196_00128-1,2.6628356
s_016um_00106_00315-1,2.0558183
s_016um_00149_00397-1,2.6884806
s_016um_00226_00242-1,2.5308223
s_016um_00075_00294-1,2.2443864
s_016um_00352_00023-1,2.42341
s_016um_00326_00167-1,2.3048167
s_016um_00223_00328-1,2.4192355
s_016um_00274_00228-1,2.2434793
s_016um_00192_00126-1,1.9993362
s_016um_00393_00295-1,2.28628
s_016um_00225_00250-1,2.4892015
s_016um_00381_00138-1,2.3230999
s_016um_00225_00026-1,2.1392956
s_016um_00402_00369-1,2.5151103
s_016um_00106_00318-1,2.4179568
s_016um_00220_00276-1,2.4797375
s_016um_00407_00146-1,2.4616997
s_016um_00382_00137-1,2.389363
s_016um_00329_00122-1,2.3145735
s_016um_00152_00395-1,2.2832158
s_016um_00387_00341-1,2.3449743
s_016um_00327_00215-1,2.2859898
s_016um_00273_00031-1,2.1681416
s_016um_00272_00049-1,2.0552564
s_016um_00100_00387-1,2.4675555
s_016um_00083_00293-1,2.3871439
s_016um_00407_00148-1,2.424563
s_016um_00263_00133-1,2.2845385
s_016um_00165_00123-1,2.5977457
s_016um_00086_00283-1,2.408782
s_016um_00407_00403-1,0.11522174
s_016um_00368_00102-1,2.3004854
s_016um_00066_00125-1,2.4903426
s_016um_00141_00062-1,2.4373572
s_016um_00040_00040-1,2.5289536
s_016um_00267_00129-1,2.1704872
s_016um_00215_00290-1,2.4492064
s_016um_00227_00236-1,2.3821568
s_016um_00157_00289-1,1.8011034
s_016um_00210_00297-1,2.6175747
s_016um_00207_00147-1,2.5200753
s_016um_00142_00021-1,2.3743074
s_016um_00196_00097-1,2.3957257
s_016um_00330_00122-1,2.718412
s_016um_00034_00330-1,2.451653
s_016um_00397_00182-1,2.4481175
s_016um_00081_00264-1,2.5704613
s_016um_00240_00083-1,2.1724067
s_016um_00127_00382-1,2.3473277
s_016um_00322_00304-1,2.1881812
s_016um_00185_00027-1,2.505096
s_016um_00062_00133-1,2.5777762
s_016um_00236_00360-1,2.4808457
s_016um_00265_00331-1,2.4644065
s_016um_00044_00173-1,2.4713922
s_016um_00027_00336-1,2.4991899
s_016um_00019_00268-1,2.3693876
s_016um_00034_00003-1,2.5537212
s_016um_00029_00084-1,2.4238226
s_016um_00061_00249-1,2.5222936
s_016um_00033_00335-1,2.4877117
s_016um_00007_00295-1,2.527924
s_016um_00418_00140-1,2.3856843
s_016um_00355_00412-1,2.156481
s_016um_00042_00211-1,2.5770192
s_016um_00130_00089-1,2.6750128
s_016um_00104_00385-1,2.1483483
s_016um_00401_00121-1,2.5008109
s_016um_00417_00139-1,2.5117202
s_016um_00132_00094-1,2.593429
s_016um_00269_00333-1,2.4086986
s_016um_00194_00122-1,2.5298162
s_016um_00279_00048-1,2.6033363
s_016um_00217_00032-1,2.2047668
s_016um_00211_00027-1,2.3944108
s_016um_00326_00169-1,2.2510433
s_016um_00096_00339-1,2.25813
s_016um_00010_00211-1,2.4379063
s_016um_00321_00228-1,2.4453652
s_016um_00312_00060-1,2.4201252
s_016um_00092_00338-1,2.3357205
s_016um_00134_00074-1,2.4622033
s_016um_00327_00217-1,2.3373327
s_016um_00164_00288-1,2.094424
s_016um_00046_00237-1,2.497217
s_016um_00083_00031-1,2.5803037
s_016um_00335_00258-1,2.2271883
s_016um_00388_00129-1,2.4083903
s_016um_00181_00024-1,2.8275132
s_016um_00390_00345-1,2.5682964
s_016um_00322_00298-1,2.4143202
s_016um_00219_00235-1,2.3959923
s_016um_00372_00142-1,1.9888651
s_016um_00372_00117-1,2.5269175
s_016um_00231_00261-1,2.444319
s_016um_00360_00294-1,2.4490054
s_016um_00390_00337-1,2.641613
s_016um_00045_00237-1,2.3103466
s_016um_00259_00185-1,2.1740487
s_016um_00395_00372-1,2.3494503
s_016um_00267_00062-1,2.2890258
s_016um_00151_00399-1,2.214976
s_016um_00153_00397-1,2.5333157
s_016um_00270_00335-1,2.380668
s_016um_00324_00166-1,2.3955271
s_016um_00224_00236-1,2.5709002
s_016um_00399_00361-1,2.2823796
s_016um_00354_00023-1,2.1273808
s_016um_00279_00329-1,2.3722193
s_016um_00221_00170-1,2.449227
s_016um_00233_00362-1,2.483017
s_016um_00222_00239-1,2.3995137
s_016um_00189_00091-1,2.4589756
s_016um_00078_00299-1,2.3048677
s_016um_00007_00301-1,2.141575
s_016um_00268_00330-1,2.4606948
s_016um_00289_00095-1,1.9391513
s_016um_00281_00136-1,2.6459818
s_016um_00410_00103-1,2.3870692
s_016um_00278_00326-1,2.3438509
s_016um_00137_00076-1,2.4402962
s_016um_00041_00215-1,1.4432582
s_016um_00193_00097-1,2.5133648
s_016um_00095_00336-1,2.3159382
s_016um_00095_00317-1,2.5326257
s_016um_00244_00084-1,2.1573193
s_016um_00393_00183-1,2.3851361
s_016um_00224_00170-1,2.2927191
s_016um_00341_00220-1,2.246998
s_016um_00036_00008-1,2.6524727
s_016um_00128_00385-1,2.226627
s_016um_00224_00232-1,2.606697
s_016um_00129_00232-1,2.4390774
s_016um_00138_00021-1,2.6333292
s_016um_00410_00104-1,2.4036114
s_016um_00122_00148-1,2.4882934
s_016um_00082_00282-1,2.5434005
s_016um_00094_00027-1,2.334422
s_016um_00235_00359-1,2.385351
s_016um_00325_00126-1,2.2189684
s_016um_00277_00138-1,2.4024525
s_016um_00171_00375-1,2.4991355
s_016um_00199_00151-1,2.2112288
s_016um_00356_00122-1,2.3641937
s_016um_00192_00096-1,2.459781
s_016um_00404_00150-1,2.5746422
s_016um_00266_00134-1,2.171854
s_016um_00224_00245-1,2.36689
s_016um_00347_00219-1,2.3900642
s_016um_00380_00131-1,2.4744925
s_016um_00091_00275-1,2.4197235
s_016um_00217_00010-1,2.4234178
s_016um_00220_00014-1,2.3814797
s_016um_00336_00402-1,2.2004745
s_016um_00352_00026-1,2.3286424
s_016um_00085_00195-1,2.2868478
s_016um_00399_00372-1,2.2091854
s_016um_00129_00226-1,2.474
s_016um_00394_00295-1,2.315183
s_016um_00054_00243-1,2.2601044
s_016um_00117_00146-1,2.1716514
s_016um_00275_00324-1,2.650142
s_016um_00326_00230-1,2.50971
s_016um_00335_00398-1,2.3424926
s_016um_00371_00138-1,2.360351
s_016um_00194_00094-1,2.3535068
s_016um_00037_00174-1,2.6591907
s_016um_00257_00187-1,2.3195286
s_016um_00096_00272-1,2.3206208
s_016um_00104_00383-1,2.2215087
s_016um_00400_00124-1,2.1653883
s_016um_00139_00222-1,2.8075154
s_016um_00273_00131-1,2.227331
s_016um_00220_00032-1,2.816872
s_016um_00079_00239-1,2.4028575
s_016um_00360_00416-1,1.3929553
s_016um_00011_00153-1,2.5828547
s_016um_00322_00163-1,1.986306
s_016um_00042_00242-1,1.9185183
s_016um_00413_00105-1,2.5530024
s_016um_00220_00224-1,2.3362885
s_016um_00369_00101-1,2.0501163
s_016um_00061_00246-1,2.3757734
s_016um_00043_00208-1,2.3848364
s_016um_00048_00214-1,2.5242863
s_016um_00179_00030-1,2.726612
s_016um_00193_00092-1,2.4766297
s_016um_00398_00370-1,2.435044
s_016um_00406_00397-1,1.266807
s_016um_00043_00215-1,2.4134846
s_016um_00408_00105-1,1.9727657
s_016um_00358_00411-1,2.1871526
s_016um_00246_00083-1,2.06449
s_016um_00080_00033-1,2.3707566
s_016um_00395_00366-1,2.438807
s_016um_00363_00224-1,2.1686552
s_016um_00225_00170-1,2.2319245
s_016um_00241_00089-1,2.3039243
s_016um_00028_00085-1,2.638624
s_016um_00194_00128-1,2.3469114
s_016um_00228_00245-1,2.6727972
s_016um_00413_00101-1,2.494169
s_016um_00393_00179-1,2.4010267
s_016um_00217_00231-1,2.4170818
s_016um_00262_00337-1,2.3509393
s_016um_00369_00142-1,2.5156326
s_016um_00233_00358-1,2.1350923
s_016um_00115_00146-1,2.126311
s_016um_00039_00172-1,2.4804037
s_016um_00108_00390-1,2.304015
s_016um_00270_00029-1,2.2627213
s_016um_00085_00200-1,2.4179013
s_016um_00370_00118-1,2.3981032
s_016um_00136_00222-1,1.8219836
s_016um_00089_00278-1,2.4424841
s_016um_00214_00011-1,2.5160682
s_016um_00267_00331-1,2.6049829
s_016um_00088_00065-1,2.63217
s_016um_00235_00189-1,2.4864323
s_016um_00236_00093-1,1.8784102
s_016um_00335_00404-1,2.2394438
s_016um_00192_00127-1,2.4317129
s_016um_00358_00294-1,2.462646
s_016um_00090_00276-1,2.505421
s_016um_00224_00226-1,2.4383698
s_016um_00147_00059-1,2.5261846
s_016um_00041_00041-1,2.4444857
s_016um_00116_00151-1,2.2205741
s_016um_00208_00291-1,2.3665972
s_016um_00097_00066-1,2.4965882
s_016um_00085_00032-1,2.570578
s_016um_00364_00226-1,2.4167247
s_016um_00104_00390-1,2.5107462
s_016um_00089_00272-1,2.4729185
s_016um_00098_00070-1,2.6336644
s_016um_00224_00235-1,2.5860095
s_016um_00168_00128-1,2.509503
s_016um_00223_00234-1,2.3731308
s_016um_00109_00321-1,1.6763047
s_016um_00067_00133-1,2.460931
s_016um_00067_00234-1,2.4835653
s_016um_00222_00327-1,2.3988202
s_016um_00097_00070-1,2.317911
s_016um_00366_00098-1,2.316057
s_016um_00396_00181-1,2.368943
s_016um_00133_00073-1,2.5056708
s_016um_00094_00315-1,2.400702
s_016um_00219_00282-1,2.403336
s_016um_00059_00243-1,2.4156485
s_016um_00403_00119-1,2.284253
s_016um_00321_00299-1,2.5271564
s_016um_00082_00243-1,2.3320045
s_016um_00415_00135-1,2.4852052
s_016um_00255_00029-1,2.3454196
s_016um_00321_00162-1,1.9735947
s_016um_00137_00229-1,2.550008
s_016um_00039_00044-1,2.578522
s_016um_00247_00087-1,2.3267443
s_016um_00368_00139-1,2.4257746
s_016um_00283_00325-1,2.33147
s_016um_00066_00237-1,2.2544603
s_016um_00325_00118-1,2.3209229
s_016um_00006_00299-1,2.387831
s_016um_00219_00024-1,2.4281163
s_016um_00266_00054-1,1.9691565
s_016um_00262_00135-1,1.8887783
s_016um_00117_00144-1,1.7578568
s_016um_00128_00087-1,2.1131148
s_016um_00239_00085-1,2.2467742
s_016um_00015_00271-1,2.585191
s_016um_00166_00125-1,2.4161067
s_016um_00334_00401-1,2.1714802
s_016um_00396_00215-1,2.5204778
s_016um_00404_00124-1,2.1403873
s_016um_00358_00290-1,2.2847655
s_016um_00338_00399-1,2.0182278
s_016um_00214_00015-1,2.5312529
s_016um_00035_00006-1,2.451833
s_016um_00399_00219-1,2.3992507
s_016um_00168_00374-1,2.1813495
s_016um_00344_00214-1,2.3569193
s_016um_00140_00060-1,2.4997265
s_016um_00231_00354-1,2.3398638
s_016um_00225_00246-1,2.1708999
s_016um_00216_00172-1,2.2690887
s_016um_00101_00026-1,2.473168
s_016um_00146_00395-1,2.3599327
s_016um_00401_00401-1,1.0327733
s_016um_00331_00250-1,2.4270995
s_016um_00395_00364-1,2.6968956
s_016um_00396_00256-1,2.1779344
s_016um_00242_00188-1,2.4394627
s_016um_00085_00266-1,2.3165512
s_016um_00274_00204-1,2.4290414
s_016um_00307_00059-1,2.336742
s_016um_00087_00270-1,2.4411104
s_016um_00345_00217-1,2.19454
s_016um_00278_00207-1,2.316942
s_016um_00272_00223-1,2.477078
s_016um_00397_00358-1,2.2525237
s_016um_00371_00097-1,2.4965189
s_016um_00083_00028-1,2.529364
s_016um_00080_00269-1,2.3669662
s_016um_00231_00088-1,2.2453647
s_016um_00031_00086-1,2.3580348
s_016um_00107_00391-1,2.2160487
s_016um_00337_00397-1,2.26824
s_016um_00170_00378-1,2.2731938
s_016um_00130_00225-1,2.3909588
s_016um_00259_00133-1,2.4780223
s_016um_00134_00231-1,2.2917023
s_016um_00082_00272-1,2.421314
s_016um_00053_00246-1,2.3832948
s_016um_00353_00121-1,2.439892
s_016um_00230_00262-1,2.3619165
s_016um_00083_00034-1,2.55552
s_016um_00275_00206-1,2.4693017
s_016um_00102_00073-1,2.5647938
s_016um_00007_00210-1,2.128155
s_016um_00200_00149-1,2.3086774
s_016um_00399_00366-1,2.367151
s_016um_00093_00340-1,2.2399817
s_016um_00281_00133-1,2.4080727
s_016um_00041_00099-1,2.454002
s_016um_00388_00337-1,2.6205676
s_016um_00264_00057-1,2.3218465
s_016um_00352_00114-1,2.4183874
s_016um_00013_00298-1,2.3913393
s_016um_00261_00333-1,2.4449918
s_016um_00265_00056-1,2.2180738
s_016um_00091_00272-1,2.4360116
s_016um_00166_00126-1,2.4611142
s_016um_00388_00130-1,2.2535057
s_016um_00335_00254-1,2.3360176
s_016um_00395_00179-1,2.3846998
s_016um_00411_00096-1,2.4647362
s_016um_00219_00277-1,2.288779
s_016um_00043_00206-1,2.3429682
s_016um_00128_00382-1,2.487441
s_016um_00139_00055-1,2.507868
s_016um_00263_00056-1,2.128056
s_016um_00222_00166-1,1.9911106
s_016um_00277_00208-1,2.3842254
s_016um_00159_00286-1,1.8833208
s_016um_00344_00220-1,2.070455
s_016um_00331_00211-1,2.2834175
s_016um_00407_00151-1,2.4340458
s_016um_00136_00317-1,1.7663279
s_016um_00370_00121-1,2.3480153
s_016um_00402_00122-1,2.2820716
s_016um_00375_00136-1,2.3011568
s_016um_00284_00092-1,2.386019
s_016um_00105_00389-1,2.2130437
s_016um_00282_00323-1,2.553713
s_016um_00212_00289-1,2.3513908
s_016um_00076_00248-1,2.4149413
s_016um_00040_00208-1,2.3836074
s_016um_00084_00285-1,2.5145216
s_016um_00194_00096-1,2.4009585
s_016um_00361_00226-1,2.433759
s_016um_00272_00230-1,2.369633
s_016um_00217_00277-1,2.6063342
s_016um_00012_00296-1,2.449476
s_016um_00223_00327-1,2.4556665
s_016um_00224_00250-1,2.466796
s_016um_00277_00131-1,2.1719034
s_016um_00274_00315-1,2.06558
s_016um_00218_00225-1,2.346108
s_016um_00153_00399-1,2.514329
s_016um_00150_00401-1,2.347104
s_016um_00413_00137-1,2.5836587
s_016um_00274_00136-1,2.3583155
s_016um_00322_00232-1,2.3162854
s_016um_00084_00027-1,2.511358
s_016um_00101_00024-1,2.4367454
s_016um_00218_00276-1,2.4964654
s_016um_00349_00024-1,1.9981692
s_016um_00272_00030-1,2.2415774
s_016um_00215_00018-1,2.4990394
s_016um_00258_00184-1,2.3198757
s_016um_00067_00126-1,2.5031412
s_016um_00386_00298-1,2.389469
s_016um_00217_00030-1,2.5378053
s_016um_00007_00209-1,2.2838104
s_016um_00095_00030-1,2.3355865
s_016um_00007_00294-1,2.4133003
s_016um_00252_00027-1,2.5452523
s_016um_00276_00136-1,2.2724965
s_016um_00357_00418-1,1.7180623
s_016um_00092_00317-1,2.4390748
s_016um_00398_00261-1,2.2318614
s_016um_00335_00216-1,2.2544317
s_016um_00398_00372-1,2.2930336
s_016um_00210_00031-1,2.5628724
s_016um_00211_00033-1,2.3312593
s_016um_00382_00133-1,2.4196339
s_016um_00165_00124-1,2.712471
s_016um_00321_00304-1,2.401189
s_016um_00078_00239-1,2.437738
s_016um_00039_00049-1,2.2498784
s_016um_00100_00066-1,2.4937437
s_016um_00065_00230-1,2.3477492
s_016um_00079_00267-1,2.3244677
s_016um_00039_00104-1,2.7058213
s_016um_00358_00095-1,2.3098876
s_016um_00358_00093-1,2.3021686
s_016um_00042_00209-1,2.5197713
s_016um_00117_00150-1,2.3623235
s_016um_00265_00034-1,2.4389315
s_016um_00044_00177-1,2.4899168
s_016um_00341_00216-1,2.160442
s_016um_00387_00339-1,2.5895274
s_016um_00146_00396-1,2.2589164
s_016um_00129_00087-1,2.4353414
s_016um_00368_00098-1,2.3776512
s_016um_00395_00177-1,2.2871206
s_016um_00274_00130-1,2.26461
s_016um_00355_00019-1,2.26365
s_016um_00367_00095-1,2.5745208
s_016um_00356_00116-1,2.38868
s_016um_00126_00092-1,2.4035037
s_016um_00367_00143-1,2.2961602
s_016um_00097_00024-1,2.5155106
s_016um_00080_00271-1,2.4994497
s_016um_00088_00071-1,2.3560085
s_016um_00057_00249-1,2.506979
s_016um_00039_00206-1,2.3603063
s_016um_00011_00207-1,2.3891644
s_016um_00267_00334-1,2.196257
s_016um_00236_00186-1,2.2482908
s_016um_00139_00017-1,2.666845
s_016um_00020_00267-1,2.4588923
s_016um_00092_00274-1,2.2905972
s_016um_00088_00035-1,2.567891
s_016um_00411_00098-1,2.4440298
s_016um_00354_00413-1,2.042653
s_016um_00239_00089-1,2.2686217
s_016um_00353_00094-1,2.247056
s_016um_00177_00026-1,2.4573352
s_016um_00405_00403-1,0.68570745
s_016um_00386_00133-1,2.1321194
s_016um_00215_00010-1,2.4085062
s_016um_00326_00168-1,2.440991
s_016um_00348_00217-1,2.338664
s_016um_00043_00243-1,2.5133944
s_016um_00240_00086-1,2.4409814
s_016um_00138_00019-1,2.5135062
s_016um_00210_00291-1,2.3453064
s_016um_00275_00315-1,1.4489865
s_016um_00368_00103-1,2.3616438
s_016um_00391_00364-1,2.4414852
s_016um_00267_00053-1,2.280559
s_016um_00354_00292-1,2.3982387
s_016um_00371_00118-1,2.4938703
s_016um_00081_00266-1,2.2004943
s_016um_00080_00244-1,2.2295876
s_016um_00323_00300-1,2.289403
s_016um_00004_00155-1,2.357198
s_016um_00036_00010-1,2.226972
s_016um_00275_00048-1,2.4357307
s_016um_00265_00188-1,2.2445672
s_016um_00276_00316-1,2.2184367
s_016um_00328_00211-1,2.5222158
s_016um_00161_00284-1,2.1021945
s_016um_00080_00237-1,2.2190287
s_016um_00014_00210-1,2.362357
s_016um_00033_00333-1,2.3843634
s_016um_00227_00231-1,2.483048
s_016um_00039_00207-1,2.6398783
s_016um_00243_00183-1,2.4015174
s_016um_00140_00075-1,2.369342
s_016um_00367_00098-1,2.1395483
s_016um_00042_00203-1,2.4450498
s_016um_00014_00267-1,2.4038064
s_016um_00285_00098-1,2.2585416
s_016um_00269_00060-1,2.346293
s_016um_00213_00280-1,2.444379
s_016um_00278_00318-1,2.3236809
s_016um_00375_00146-1,2.1837294
s_016um_00354_00293-1,2.3790112
s_016um_00038_00177-1,2.3081083
s_016um_00043_00044-1,2.5526814
s_016um_00160_00288-1,2.3596778
s_016um_00350_00026-1,2.5288703
s_016um_00328_00300-1,2.1157148
s_016um_00327_00166-1,2.3508358
s_016um_00273_00046-1,2.1007423
s_016um_00390_00362-1,2.4531155
s_016um_00263_00058-1,2.0256703
s_016um_00138_00073-1,2.5182853
s_016um_00022_00267-1,2.3742657
s_016um_00260_00135-1,2.392335
s_016um_00404_00120-1,2.4669747
s_016um_00039_00101-1,2.5407689
s_016um_00390_00339-1,2.4553504
s_016um_00363_00229-1,2.3341966
s_016um_00216_00032-1,2.4674573
s_016um_00054_00244-1,2.3317266
s_016um_00034_00329-1,2.4880588
s_016um_00231_00356-1,1.9659758
s_016um_00193_00127-1,1.9941981
s_016um_00282_00315-1,2.3916667
s_016um_00271_00060-1,2.311199
s_016um_00082_00287-1,2.4360738
s_016um_00158_00293-1,2.25376
s_016um_00354_00415-1,1.6261027
s_016um_00224_00240-1,2.3946917
s_016um_00276_00317-1,2.392309
s_016um_00015_00266-1,2.7365053
s_016um_00340_00215-1,2.5086954
s_016um_00146_00058-1,2.8393273
s_016um_00097_00316-1,2.1897185
s_016um_00271_00230-1,2.5511749
s_016um_00085_00198-1,2.4270914
s_016um_00235_00266-1,2.3712397
s_016um_00004_00153-1,2.3623438
s_016um_00242_00189-1,2.1084368
s_016um_00042_00219-1,2.4202192
s_016um_00415_00137-1,2.281579
s_016um_00086_00034-1,2.528885
s_016um_00226_00252-1,2.3554447
s_016um_00139_00056-1,2.7880135
s_016um_00374_00125-1,2.3862436
s_016um_00417_00135-1,2.326402
s_016um_00131_00230-1,2.4633272
s_016um_00169_00371-1,2.091505
s_016um_00402_00152-1,2.340412
s_016um_00276_00205-1,2.360897
s_016um_00040_00218-1,2.320783
s_016um_00131_00089-1,2.7211082
s_016um_00231_00355-1,2.4470077
s_016um_00242_00182-1,2.1640258
s_016um_00406_00125-1,2.445621
s_016um_00233_00090-1,2.1706545
s_016um_00099_00338-1,2.1841195
s_016um_00269_00056-1,2.0083082
s_016um_00225_00330-1,2.546181
s_016um_00251_00024-1,2.3437562
s_016um_00115_00150-1,2.3648984
s_016um_00339_00399-1,2.1175003
s_016um_00147_00056-1,2.31898
s_016um_00160_00289-1,2.4277163
s_016um_00279_00321-1,2.4891672
s_016um_00088_00264-1,2.2235472
s_016um_00237_00264-1,2.2852817
s_016um_00040_00215-1,1.8420588
s_016um_00040_00175-1,2.40558
s_016um_00362_00289-1,2.6075346
s_016um_00121_00146-1,2.3299868
s_016um_00387_00128-1,2.3302538
s_016um_00119_00146-1,2.5631456
s_016um_00042_00243-1,2.2225518
s_016um_00397_00179-1,2.3853831
s_016um_00037_00104-1,2.4306867
s_016um_00257_00192-1,2.408224
s_016um_00246_00082-1,2.3280807
s_016um_00237_00182-1,2.238149
s_016um_00090_00272-1,2.6414366
s_016um_00040_00046-1,2.4015057
s_016um_00235_00092-1,1.7747102
s_016um_00334_00398-1,2.3033247
s_016um_00399_00212-1,2.3095112
s_016um_00141_00017-1,2.375333
s_016um_00070_00232-1,2.4762828
s_016um_00337_00256-1,2.3872995
s_016um_00130_00229-1,2.224497
s_016um_00206_00145-1,2.459817
s_016um_00224_00230-1,2.2685704
s_016um_00141_00056-1,2.2724473
s_016um_00065_00133-1,2.6346498
s_016um_00142_00013-1,2.482485
s_016um_00367_00102-1,2.4629521
s_016um_00140_00077-1,2.331021
s_016um_00181_00029-1,2.4842978
s_016um_00281_00323-1,2.9149172
s_016um_00406_00151-1,2.3347917
s_016um_00390_00341-1,2.4973426
s_016um_00223_00030-1,2.31228
s_016um_00083_00281-1,2.4835315
s_016um_00260_00032-1,2.071146
s_016um_00098_00023-1,2.4282556
s_016um_00254_00020-1,2.0166745
s_016um_00310_00060-1,2.3725967
s_016um_00373_00118-1,2.1559575
s_016um_00278_00325-1,2.348443
s_016um_00355_00089-1,2.552539
s_016um_00270_00056-1,2.506839
s_016um_00098_00319-1,2.4868863
s_016um_00039_00097-1,2.6329076
s_016um_00236_00088-1,2.146139
s_016um_00043_00041-1,2.5512884
s_016um_00233_00264-1,2.280244
s_016um_00270_00033-1,2.6990607
s_016um_00171_00126-1,2.0729942
s_016um_00343_00220-1,1.6116147
s_016um_00170_00127-1,2.3601706
s_016um_00175_00374-1,2.3314228
s_016um_00236_00184-1,2.4562867
s_016um_00135_00232-1,2.4373622
s_016um_00239_00090-1,2.2976313
s_016um_00089_00069-1,2.604477
s_016um_00073_00247-1,2.195692
s_016um_00287_00093-1,2.417291
s_016um_00253_00020-1,2.5738518
s_016um_00274_00207-1,2.499177
s_016um_00375_00142-1,2.3708649
s_016um_00356_00117-1,2.3429136
s_016um_00103_00385-1,1.9980199
s_016um_00046_00214-1,2.4953086
s_016um_00355_00090-1,2.317803
s_016um_00391_00179-1,2.5258608
s_016um_00166_00122-1,2.1189287
s_016um_00361_00287-1,2.328903
s_016um_00340_00396-1,1.9460936
s_016um_00372_00123-1,2.3059883
s_016um_00276_00130-1,2.1874359
s_016um_00057_00243-1,2.413377
s_016um_00080_00282-1,2.558934
s_016um_00273_00230-1,2.3067346
s_016um_00309_00054-1,2.2560687
s_016um_00172_00371-1,2.2738304
s_016um_00196_00122-1,2.2391837
s_016um_00043_00171-1,2.5939646
s_016um_00341_00404-1,2.2961144
s_016um_00191_00125-1,2.4306772
s_016um_00084_00034-1,2.403186
s_016um_00356_00094-1,2.3609662
s_016um_00282_00327-1,2.4228613
s_016um_00407_00396-1,1.6483545
s_016um_00325_00119-1,2.493811
s_016um_00410_00098-1,2.3883493
s_016um_00387_00344-1,2.6102688
s_016um_00222_00330-1,2.4255338
s_016um_00167_00128-1,2.339292
s_016um_00400_00366-1,2.3307068
s_016um_00163_00285-1,2.2790709
s_016um_00265_00031-1,2.3950295
s_016um_00266_00029-1,2.4483972
s_016um_00338_00400-1,2.3301127
s_016um_00044_00245-1,2.5340097
s_016um_00080_00248-1,2.2990675
s_016um_00328_00228-1,2.4188373
s_016um_00358_00291-1,2.3079274
s_016um_00076_00239-1,2.465057
s_016um_00122_00149-1,2.26459
s_016um_00377_00135-1,2.5130982
s_016um_00331_00212-1,2.4877841
s_016um_00142_00015-1,2.4848764
s_016um_00099_00315-1,2.4951346
s_016um_00010_00158-1,2.3668203
s_016um_00268_00061-1,2.2393837
s_016um_00371_00148-1,2.0540848
s_016um_00220_00232-1,2.081925
s_016um_00333_00254-1,2.3224123
s_016um_00366_00099-1,2.5232906
s_016um_00280_00311-1,2.33972
s_016um_00216_00017-1,2.571929
s_016um_00064_00232-1,2.2882786
s_016um_00260_00132-1,2.455954
s_016um_00043_00242-1,1.9490322
s_016um_00361_00289-1,2.2867386
s_016um_00402_00256-1,2.5602143
s_016um_00100_00024-1,2.348248
s_016um_00034_00104-1,2.7079415
s_016um_00184_00025-1,2.52924
s_016um_00094_00026-1,2.3806446
s_016um_00223_00236-1,2.3585708
s_016um_00400_00254-1,2.1643689
s_016um_00048_00240-1,2.513424
s_016um_00046_00239-1,2.3821993
s_016um_00068_00237-1,2.2696724
s_016um_00147_00395-1,2.4627588
s_016um_00348_00219-1,2.499513
s_016um_00229_00330-1,2.308636
s_016um_00085_00281-1,2.5439508
s_016um_00325_00163-1,2.5142171
s_016um_00020_00265-1,2.2811005
s_016um_00354_00093-1,2.3322222
s_016um_00226_00250-1,2.3942964
s_016um_00245_00082-1,2.3942444
s_016um_00271_00229-1,2.3899164
s_016um_00190_00090-1,2.3819208
s_016um_00374_00147-1,1.9605069
s_016um_00220_00168-1,2.2627087
s_016um_00103_00072-1,2.4734216
s_016um_00280_00050-1,2.2926939
s_016um_00307_00056-1,2.314542
s_016um_00081_00284-1,2.5356188
s_016um_00012_00208-1,2.4061608
s_016um_00068_00132-1,2.5168839
s_016um_00097_00318-1,2.3925917
s_016um_00241_00086-1,2.1484342
s_016um_00336_00255-1,2.3708565
s_016um_00289_00094-1,2.0836358
s_016um_00064_00129-1,2.4814942
s_016um_00264_00061-1,2.1369598
s_016um_00006_00158-1,2.6261733
s_016um_00086_00035-1,2.5504203
s_016um_00144_00062-1,2.9133742
s_016um_00038_00179-1,2.4537475
s_016um_00269_00028-1,2.602549
s_016um_00136_00232-1,2.377178
s_016um_00307_00054-1,2.4147441
s_016um_00027_00092-1,2.4874208
s_016um_00085_00031-1,2.4508166
s_016um_00283_00096-1,2.2701352
s_016um_00056_00249-1,2.230918
s_016um_00354_00092-1,2.24863
s_016um_00128_00092-1,2.4564757
s_016um_00408_00153-1,2.3134403
s_016um_00260_00190-1,2.4592748
s_016um_00228_00261-1,2.4811697
s_016um_00329_00256-1,2.5658097
s_016um_00134_00315-1,1.5193939
s_016um_00278_00205-1,2.6260684
s_016um_00346_00214-1,2.3420532
s_016um_00073_00248-1,2.3267996
s_016um_00213_00034-1,2.4818048
s_016um_00220_00169-1,2.3564668
s_016um_00144_00016-1,2.5186384
s_016um_00132_00225-1,2.499734
s_016um_00394_00370-1,2.613895
s_016um_00217_00017-1,2.4925442
s_016um_00091_00337-1,2.122915
s_016um_00088_00067-1,2.449052
s_016um_00084_00070-1,2.5872788
s_016um_00229_00249-1,2.3013003
s_016um_00242_00090-1,2.1841497
s_016um_00384_00134-1,2.1887295
s_016um_00114_00319-1,2.4523556
s_016um_00225_00027-1,2.453442
s_016um_00172_00378-1,2.4741113
s_016um_00264_00190-1,2.491617
s_016um_00035_00101-1,2.8335264
s_016um_00356_00417-1,1.5158645
s_016um_00212_00280-1,2.5056543
s_016um_00274_00209-1,2.3317337
s_016um_00107_00321-1,2.3073041
s_016um_00136_00320-1,1.4418784
s_016um_00123_00148-1,2.5672462
s_016um_00014_00208-1,2.5969894
s_016um_00068_00128-1,2.5361419
s_016um_00083_00294-1,2.2932627
s_016um_00319_00163-1,2.5160098
s_016um_00059_00247-1,2.5186985
s_016um_00037_00101-1,2.5115058
s_016um_00355_00417-1,1.9700315
s_016um_00086_00071-1,2.516314
s_016um_00331_00126-1,2.3690197
s_016um_00378_00135-1,2.3778677
s_016um_00404_00394-1,1.6637925
s_016um_00068_00238-1,2.4067106
s_016um_00335_00251-1,2.4155974
s_016um_00110_00315-1,2.1433787
s_016um_00043_00177-1,2.3992805
s_016um_00325_00125-1,2.1901772
s_016um_00351_00092-1,2.3608854
s_016um_00255_00034-1,2.74681
s_016um_00365_00229-1,2.3436718
s_016um_00042_00213-1,2.247589
s_016um_00344_00211-1,2.4769504
s_016um_00373_00146-1,2.006505
s_016um_00041_00042-1,2.448077
s_016um_00235_00262-1,2.446821
s_016um_00273_00332-1,2.3766658
s_016um_00044_00214-1,2.5375464
s_016um_00206_00148-1,2.2766976
s_016um_00287_00097-1,2.099625
s_016um_00118_00144-1,2.2621648
s_016um_00221_00283-1,2.2180479
s_016um_00280_00326-1,2.4320514
s_016um_00372_00139-1,2.0984576
s_016um_00387_00133-1,2.4300556
s_016um_00029_00335-1,2.4523594
s_016um_00097_00320-1,2.412688
s_016um_00263_00335-1,2.4269128
s_016um_00133_00314-1,1.762714
s_016um_00358_00285-1,2.3900864
s_016um_00416_00138-1,2.5249996
s_016um_00348_00023-1,2.2899084
s_016um_00358_00418-1,1.7516649
s_016um_00225_00231-1,2.4327664
s_016um_00366_00226-1,2.2753003
s_016um_00270_00062-1,2.206803
s_016um_00219_00174-1,2.4048824
s_016um_00393_00341-1,2.3145897
s_016um_00363_00290-1,2.387397
s_016um_00070_00231-1,2.4885652
s_016um_00228_00328-1,2.3312964
s_016um_00213_00281-1,2.4137812
s_016um_00170_00372-1,2.2379637
s_016um_00089_00277-1,2.442394
s_016um_00080_00281-1,2.4491286
s_016um_00085_00071-1,2.4223256
s_016um_00237_00085-1,1.933164
s_016um_00061_00131-1,2.568402
s_016um_00089_00266-1,2.5113482
s_016um_00136_00077-1,2.5540583
s_016um_00338_00396-1,1.9277531
s_016um_00092_00266-1,2.4349816
s_016um_00257_00184-1,2.1456857
s_016um_00218_00031-1,2.6696627
s_016um_00173_00373-1,2.5499332
s_016um_00087_00069-1,2.5969787
s_016um_00213_00029-1,2.322895
s_016um_00327_00303-1,2.1175466
s_016um_00344_00215-1,2.4516878
s_016um_00107_00388-1,2.24578
s_016um_00126_00090-1,2.6222744
s_016um_00320_00301-1,2.392999
s_016um_00267_00228-1,2.3958838
s_016um_00259_00028-1,2.278485
s_016um_00009_00295-1,2.5635278
s_016um_00328_00254-1,2.3751576
s_016um_00038_00099-1,2.5629141
s_016um_00222_00237-1,2.4361918
s_016um_00328_00229-1,2.4984148
s_016um_00337_00401-1,2.1953232
s_016um_00369_00227-1,2.3463385
s_016um_00036_00044-1,2.4597185
s_016um_00275_00134-1,2.461972
s_016um_00139_00061-1,2.6538556
s_016um_00327_00231-1,2.4119716
s_016um_00330_00255-1,2.423608
s_016um_00326_00122-1,2.3934805
s_016um_00048_00245-1,2.4121222
s_016um_00273_00205-1,2.3508096
s_016um_00322_00300-1,2.1578228
s_016um_00334_00251-1,2.3867218
s_016um_00133_00089-1,2.543617
s_016um_00336_00214-1,2.286969
s_016um_00006_00211-1,2.3632584
s_016um_00081_00298-1,2.4184241
s_016um_00238_00356-1,2.40568
s_016um_00138_00218-1,2.3101442
s_016um_00218_00168-1,2.216875
s_016um_00265_00338-1,2.19068
s_016um_00271_00331-1,2.2965784
s_016um_00390_00294-1,2.4283926
s_016um_00039_00048-1,2.3748646
s_016um_00352_00119-1,2.3396704
s_016um_00100_00322-1,2.4575517
s_016um_00369_00098-1,2.2056768
s_016um_00067_00229-1,2.3882582
s_016um_00146_00017-1,2.7363908
s_016um_00223_00173-1,2.0452738
s_016um_00098_00341-1,2.5040627
s_016um_00402_00402-1,0.85504234
s_016um_00241_00087-1,1.9994755
s_016um_00266_00331-1,2.470349
s_016um_00262_00332-1,2.40375
s_016um_00372_00100-1,2.3579826
s_016um_00255_00028-1,2.468179
s_016um_00209_00290-1,2.4363525
s_016um_00103_00070-1,2.3568804
s_016um_00363_00223-1,2.2144644
s_016um_00355_00415-1,1.4463301
s_016um_00033_00332-1,2.5721982
s_016um_00336_00401-1,2.3598814
s_016um_00083_00068-1,2.4677997
s_016um_00407_00153-1,2.4027083
s_016um_00346_00213-1,2.229094
s_016um_00017_00269-1,2.3799062
s_016um_00387_00134-1,2.2499278
s_016um_00359_00412-1,2.339266
s_016um_00249_00023-1,2.2857842
s_016um_00334_00213-1,2.4446902
s_016um_00135_00229-1,2.3941786
s_016um_00232_00090-1,2.3517063
s_016um_00352_00021-1,2.2576857
s_016um_00367_00100-1,2.469162
s_016um_00381_00130-1,2.425008
s_016um_00248_00026-1,2.3268297
s_016um_00097_00029-1,2.4413126
s_016um_00132_00226-1,2.3861158
s_016um_00393_00292-1,2.381257
s_016um_00135_00231-1,2.5796802
s_016um_00140_00220-1,2.5606585
s_016um_00368_00124-1,2.3770237
s_016um_00170_00376-1,2.4095638
s_016um_00357_00293-1,2.5905213
s_016um_00377_00139-1,2.5165727
s_016um_00130_00316-1,1.7983667
s_016um_00226_00333-1,2.5043163
s_016um_00226_00231-1,2.4578352
s_016um_00240_00186-1,2.4168952
s_016um_00042_00101-1,2.3441343
s_016um_00225_00245-1,2.4827878
s_016um_00008_00154-1,2.7102072
s_016um_00167_00374-1,2.168108
s_016um_00079_00032-1,2.4864266
s_016um_00370_00102-1,2.3578403
s_016um_00330_00217-1,2.4823358
s_016um_00215_00035-1,2.3964558
s_016um_00190_00093-1,2.5785027
s_016um_00339_00404-1,2.2873054
s_016um_00236_00262-1,2.2956522
s_016um_00083_00299-1,2.442771
s_016um_00010_00293-1,2.1207304
s_016um_00288_00096-1,2.3948932
s_016um_00290_00100-1,2.4796877
s_016um_00074_00238-1,2.3676178
s_016um_00228_00243-1,2.6181812
s_016um_00383_00127-1,2.2865903
s_016um_00076_00236-1,2.295032
s_016um_00089_00267-1,2.3878222
s_016um_00240_00189-1,2.0820549
s_016um_00359_00119-1,2.4101722
s_016um_00009_00300-1,2.2800026
s_016um_00005_00153-1,2.4559207
s_016um_00140_00221-1,2.3716586
s_016um_00370_00225-1,2.4423707
s_016um_00269_00228-1,2.4677968
s_016um_00141_00076-1,2.319847
s_016um_00163_00286-1,2.3887725
s_016um_00319_00162-1,2.4857967
s_016um_00071_00237-1,2.5066895
s_016um_00279_00314-1,1.9904536
s_016um_00274_00202-1,2.404671
s_016um_00017_00267-1,2.2795599
s_016um_00229_00247-1,2.5044105
s_016um_00077_00246-1,2.4233553
s_016um_00224_00330-1,2.5200403
s_016um_00106_00390-1,2.2311623
s_016um_00324_00233-1,2.4609542
s_016um_00355_00093-1,2.3236752
s_016um_00270_00057-1,2.359989
s_016um_00274_00223-1,2.2694418
s_016um_00227_00329-1,2.4805408
s_016um_00131_00228-1,2.474995
s_016um_00068_00233-1,2.5826292
s_016um_00275_00312-1,2.554686
s_016um_00080_00201-1,2.521498
s_016um_00091_00273-1,2.392657
s_016um_00073_00244-1,2.4659765
s_016um_00040_00045-1,2.5754006
s_016um_00170_00374-1,2.228942
s_016um_00218_00009-1,2.6969156
s_016um_00195_00094-1,2.3958163
s_016um_00276_00328-1,2.244725
s_016um_00032_00334-1,2.3962939
s_016um_00075_00293-1,2.2065547
s_016um_00078_00245-1,2.3799846
s_016um_00267_00336-1,2.3836298
s_016um_00230_00244-1,2.4687166
s_016um_00096_00273-1,2.4636366
s_016um_00325_00302-1,2.2690732
s_016um_00231_00357-1,2.468115
s_016um_00373_00121-1,2.4228573
s_016um_00336_00400-1,1.9099857
s_016um_00357_00291-1,2.3678963
s_016um_00400_00126-1,2.539537
s_016um_00095_00335-1,2.6325383
s_016um_00267_00227-1,2.542336
s_016um_00066_00235-1,2.447651
s_016um_00183_00033-1,2.6647382
s_016um_00236_00267-1,2.3984847
s_016um_00202_00152-1,2.1026835
s_016um_00324_00224-1,2.535546
s_016um_00268_00335-1,2.5369818
s_016um_00415_00099-1,2.8091917
s_016um_00097_00340-1,2.3268561
s_016um_00077_00241-1,2.5252337
s_016um_00258_00192-1,2.354482
s_016um_00093_00322-1,2.4000096
s_016um_00216_00229-1,2.4145129
s_016um_00029_00092-1,2.5716403
s_016um_00278_00312-1,2.3960445
s_016um_00106_00069-1,2.6257691
s_016um_00266_00133-1,2.1907616
s_016um_00218_00172-1,2.2830079
s_016um_00267_00224-1,2.5183637
s_016um_00334_00218-1,2.4330065
s_016um_00031_00335-1,2.3076513
s_016um_00251_00027-1,2.5382981
s_016um_00107_00315-1,2.279691
s_016um_00040_00050-1,2.7417538
s_016um_00236_00183-1,2.1340754
s_016um_00236_00087-1,2.24763
s_016um_00136_00219-1,2.4739282
s_016um_00224_00027-1,2.2446346
s_016um_00324_00167-1,2.379352
s_016um_00408_00402-1,0.2997284
s_016um_00401_00399-1,0.7991122
s_016um_00391_00358-1,1.8457193
s_016um_00137_00071-1,2.6409152
s_016um_00189_00098-1,2.2743552
s_016um_00218_00024-1,2.6693726
s_016um_00048_00212-1,2.3947983
s_016um_00280_00327-1,2.3778822
s_016um_00372_00140-1,2.3133078
s_016um_00356_00412-1,2.2515326
s_016um_00407_00100-1,2.316793
s_016um_00244_00086-1,2.2968206
s_016um_00310_00059-1,2.3489814
s_016um_00137_00069-1,2.2480464
s_016um_00044_00237-1,2.406418
s_016um_00096_00318-1,2.4529583
s_016um_00083_00240-1,2.38959
s_016um_00093_00269-1,2.5506916
s_016um_00146_00401-1,2.2557225
s_016um_00400_00120-1,2.3709915
s_016um_00039_00042-1,2.4878733
s_016um_00067_00235-1,2.3229024
s_016um_00088_00269-1,2.369572
s_016um_00196_00123-1,2.435923
s_016um_00270_00337-1,2.4051404
s_016um_00360_00415-1,1.6907082
s_016um_00272_00051-1,2.1036525
s_016um_00216_00170-1,2.2210462
s_016um_00369_00140-1,2.4208283
s_016um_00128_00229-1,2.5472457
s_016um_00126_00385-1,1.8914309
s_016um_00321_00224-1,2.195568
s_016um_00166_00127-1,2.2076
s_016um_00352_00115-1,2.4324965
s_016um_00030_00335-1,2.482272
s_016um_00395_00367-1,2.4604743
s_016um_00267_00128-1,2.3062017
s_016um_00032_00336-1,2.6009018
s_016um_00356_00096-1,2.3946292
s_016um_00266_00135-1,2.1832159
s_016um_00395_00343-1,2.49857
s_016um_00011_00299-1,2.2177608
s_016um_00262_00188-1,2.3268213
s_016um_00158_00288-1,2.3791788
s_016um_00111_00318-1,2.532601
s_016um_00179_00025-1,2.8007615
s_016um_00147_00018-1,2.4986596
s_016um_00268_00036-1,2.482872
s_016um_00216_00231-1,2.588045
s_016um_00358_00412-1,2.0815868
s_016um_00233_00087-1,2.2282166
s_016um_00289_00099-1,2.4310467
s_016um_00199_00147-1,2.2958438
s_016um_00330_00258-1,2.3493977
s_016um_00248_00085-1,2.3800013
s_016um_00038_00047-1,2.1996431
s_016um_00190_00123-1,2.5426953
s_016um_00268_00222-1,2.2415936
s_016um_00048_00239-1,2.3550613
s_016um_00045_00216-1,2.3692458
s_016um_00274_00135-1,2.3134713
s_016um_00264_00187-1,1.5569645
s_016um_00144_00022-1,2.6442807
s_016um_00372_00097-1,2.5062976
s_016um_00355_00114-1,2.4911163
s_016um_00371_00099-1,2.4580889
s_016um_00132_00234-1,2.5286145
s_016um_00280_00049-1,1.9004648
s_016um_00264_00135-1,1.882843
s_016um_00241_00085-1,2.0315943
s_016um_00359_00417-1,2.1430376
s_016um_00101_00073-1,2.8118072
s_016um_00240_00087-1,2.4040384
s_016um_00407_00397-1,0.8427162
s_016um_00276_00322-1,2.4232826
s_016um_00071_00232-1,2.3363008
s_016um_00231_00260-1,2.5141065
s_016um_00139_00071-1,2.5863535
s_016um_00358_00117-1,2.626607
s_016um_00196_00127-1,2.3539636
s_016um_00308_00054-1,2.3378413
s_016um_00389_00343-1,2.5918095
s_016um_00228_00238-1,2.4301977
s_016um_00327_00299-1,2.3763738
s_016um_00061_00244-1,2.4826274
s_016um_00403_00263-1,2.1786447
s_016um_00101_00383-1,2.4618294
s_016um_00223_00232-1,2.4934652
s_016um_00128_00320-1,2.19861
s_016um_00269_00027-1,2.356295
s_016um_00027_00087-1,2.5818777
s_016um_00006_00293-1,2.5615215
s_016um_00224_00231-1,2.2662272
s_016um_00327_00304-1,2.3873463
s_016um_00178_00025-1,2.615152
s_016um_00036_00104-1,2.5437653
s_016um_00380_00132-1,2.3010583
s_016um_00367_00222-1,2.375307
s_016um_00272_00204-1,2.3409264
s_016um_00068_00127-1,2.6045377
s_016um_00350_00093-1,2.176161
s_016um_00087_00267-1,2.4197567
s_016um_00331_00219-1,2.3531406
s_016um_00321_00231-1,2.2503102
s_016um_00395_00181-1,2.0792634
s_016um_00076_00238-1,2.378254
s_016um_00407_00150-1,2.4940479
s_016um_00078_00244-1,2.2288704
s_016um_00252_00021-1,2.4348142
s_016um_00353_00118-1,2.49684
s_016um_00345_00216-1,2.380259
s_016um_00417_00137-1,2.5657442
s_016um_00276_00313-1,2.5929434
s_016um_00039_00099-1,2.7955601
s_016um_00237_00358-1,2.4367893
s_016um_00159_00290-1,2.487232
s_016um_00098_00065-1,2.5135574
s_016um_00223_00246-1,2.4402673
s_016um_00142_00061-1,2.4811049
s_016um_00061_00247-1,2.4473767
s_016um_00032_00085-1,2.3518138
s_016um_00149_00402-1,2.4478579
s_016um_00220_00171-1,2.2116663
s_016um_00229_00248-1,2.4915428
s_016um_00187_00094-1,2.4616947
s_016um_00389_00341-1,2.01813
s_016um_00390_00342-1,2.154788
s_016um_00231_00265-1,2.5920904
s_016um_00308_00055-1,2.075966
s_016um_00188_00091-1,2.6445954
s_016um_00045_00175-1,2.4349208
s_016um_00406_00154-1,2.4361377
s_016um_00125_00388-1,2.4583642
s_016um_00372_00116-1,2.1600657
s_016um_00280_00203-1,2.4599628
s_016um_00357_00294-1,2.465539
s_016um_00331_00118-1,2.3220267
s_016um_00202_00145-1,2.2565475
s_016um_00012_00209-1,2.4314888
s_016um_00262_00192-1,2.2405045
s_016um_00216_00228-1,2.572674
s_016um_00206_00150-1,2.569321
s_016um_00095_00273-1,2.377828
s_016um_00269_00033-1,2.6290221
s_016um_00274_00137-1,2.1426404
s_016um_00133_00092-1,2.399189
s_016um_00185_00031-1,2.39962
s_016um_00330_00124-1,2.3872645
s_016um_00401_00260-1,2.373504
s_016um_00228_00265-1,2.3990512
s_016um_00205_00152-1,2.1495256
s_016um_00401_00213-1,2.2686303
s_016um_00086_00198-1,2.196988
s_016um_00234_00354-1,2.4548671
s_016um_00215_00032-1,2.4087954
s_016um_00029_00333-1,2.4496925
s_016um_00207_00293-1,2.5110385
s_016um_00034_00007-1,2.6500702
s_016um_00124_00388-1,2.438741
s_016um_00090_00066-1,2.763109
s_016um_00037_00172-1,2.6233363
s_016um_00169_00378-1,2.3132186
s_016um_00255_00026-1,2.4576123
s_016um_00132_00086-1,2.635693
s_016um_00393_00344-1,2.2331374
s_016um_00277_00316-1,2.221901
s_016um_00163_00293-1,2.381483
s_016um_00065_00131-1,2.4823565
s_016um_00213_00277-1,2.638743
s_016um_00106_00383-1,2.2230272
s_016um_00103_00388-1,2.3309937
s_016um_00060_00129-1,2.8263574
s_016um_00228_00334-1,2.472513
s_016um_00136_00226-1,2.3767338
s_016um_00173_00370-1,2.1528225
s_016um_00393_00177-1,2.2234256
s_016um_00211_00297-1,2.526041
s_016um_00366_00223-1,2.4725823
s_016um_00015_00272-1,2.4056618
s_016um_00235_00089-1,2.489469
s_016um_00163_00124-1,2.5237648
s_016um_00085_00028-1,2.3927307
s_016um_00119_00149-1,2.3653655
s_016um_00046_00243-1,2.5146718
s_016um_00158_00289-1,2.176433
s_016um_00131_00383-1,2.2173054
s_016um_00232_00086-1,2.4552412
s_016um_00069_00230-1,2.4034832
s_016um_00274_00032-1,2.1422803
s_016um_00409_00102-1,2.5145857
s_016um_00097_00274-1,2.3335936
s_016um_00380_00141-1,2.1636896
s_016um_00038_00043-1,2.7528512
s_016um_00413_00102-1,2.4680128
s_016um_00081_00297-1,2.4370704
s_016um_00273_00051-1,2.175517
s_016um_00238_00090-1,2.2241507
s_016um_00218_00232-1,2.588459
s_016um_00112_00321-1,1.2676355
s_016um_00094_00279-1,2.3270836
s_016um_00391_00337-1,2.5139723
s_016um_00101_00319-1,2.26246
s_016um_00181_00025-1,2.754619
s_016um_00007_00297-1,2.2983394
s_016um_00215_00295-1,2.4719987
s_016um_00136_00231-1,2.353817
s_016um_00033_00087-1,2.8322406
s_016um_00146_00021-1,2.5565295
s_016um_00193_00126-1,1.980783
s_016um_00067_00125-1,2.680278
s_016um_00065_00129-1,2.4700725
s_016um_00396_00179-1,2.329478
s_016um_00223_00168-1,1.9968781
s_016um_00099_00067-1,2.4945633
s_016um_00081_00269-1,2.4325378
s_016um_00326_00232-1,2.409864
s_016um_00405_00259-1,2.367982
s_016um_00041_00204-1,2.483665
s_016um_00412_00104-1,2.4862523
s_016um_00084_00278-1,2.431143
s_016um_00403_00151-1,2.3304791
s_016um_00406_00401-1,1.0086429
s_016um_00366_00095-1,2.44084
s_016um_00080_00193-1,2.373977
s_016um_00038_00171-1,2.4059613
s_016um_00381_00133-1,2.4021091
s_016um_00401_00256-1,2.411354
s_016um_00226_00328-1,2.5259488
s_016um_00036_00176-1,2.5025527
s_016um_00084_00197-1,2.2864003
s_016um_00230_00265-1,2.5061083
s_016um_00347_00022-1,2.4137843
s_016um_00357_00411-1,2.2844818
s_016um_00033_00008-1,2.4836307
s_016um_00179_00032-1,2.4091215
s_016um_00369_00118-1,2.4995966
s_016um_00237_00190-1,2.4118652
s_016um_00368_00230-1,2.2238941
s_016um_00075_00237-1,2.3741682
s_016um_00016_00272-1,2.3323276
s_016um_00099_00387-1,2.2670588
s_016um_00216_00018-1,2.5161228
s_016um_00348_00218-1,2.4094203
s_016um_00131_00314-1,1.7090114
s_016um_00398_00371-1,2.3382702
s_016um_00142_00222-1,2.321186
s_016um_00013_00154-1,2.524547
s_016um_00128_00088-1,2.1300845
s_016um_00214_00014-1,2.5368772
s_016um_00095_00026-1,2.5491972
s_016um_00262_00128-1,2.426094
s_016um_00408_00400-1,0.07020116
s_016um_00065_00238-1,2.4249969
s_016um_00327_00227-1,2.2346816
s_016um_00047_00242-1,1.9181372
s_016um_00255_00021-1,2.3579898
s_016um_00322_00306-1,2.3604434
s_016um_00389_00298-1,2.470504
s_016um_00090_00340-1,2.5385556
s_016um_00355_00289-1,2.2165291
s_016um_00128_00381-1,2.2765193
s_016um_00349_00020-1,2.4902751
s_016um_00075_00238-1,2.4236827
s_016um_00263_00130-1,2.1921418
s_016um_00008_00151-1,2.5405238
s_016um_00405_00148-1,2.445631
s_016um_00241_00182-1,2.444981
s_016um_00137_00220-1,2.3776324
s_016um_00245_00090-1,2.456251
s_016um_00217_00012-1,2.3871915
s_016um_00278_00329-1,2.4273322
s_016um_00141_00221-1,2.488124
s_016um_00098_00321-1,2.423605
s_016um_00076_00247-1,2.543634
s_016um_00007_00156-1,2.6134832
s_016um_00029_00091-1,2.5896094
s_016um_00098_00337-1,2.2180154
s_016um_00101_00071-1,2.4789088
s_016um_00039_00205-1,2.464433
s_016um_00320_00299-1,2.3094122
s_016um_00012_00156-1,2.5203898
s_016um_00397_00373-1,2.1846225
s_016um_00380_00127-1,2.3539538
s_016um_00382_00130-1,2.4561324
s_016um_00142_00221-1,2.5620728
s_016um_00134_00316-1,1.9856471
s_016um_00131_00387-1,2.4114287
s_016um_00081_00286-1,2.6465802
s_016um_00369_00094-1,2.3809063
s_016um_00099_00317-1,2.2999272
s_016um_00237_00362-1,2.344876
s_016um_00228_00251-1,2.4843392
s_016um_00141_00070-1,2.4893508
s_016um_00351_00023-1,2.3482034
s_016um_00133_00322-1,1.2347623
s_016um_00372_00122-1,2.388656
s_016um_00216_00173-1,2.3626683
s_016um_00329_00126-1,2.462451
s_016um_00359_00293-1,2.2050576
s_016um_00275_00202-1,2.223076
s_016um_00133_00071-1,2.4434068
s_016um_00332_00217-1,2.4850771
s_016um_00325_00301-1,2.1249533
s_016um_00192_00092-1,2.443441
s_016um_00138_00224-1,2.325553
s_016um_00151_00397-1,2.4279802
s_016um_00272_00047-1,2.2866518
s_016um_00069_00232-1,2.4968033
s_016um_00088_00275-1,2.3448696
s_016um_00330_00213-1,2.3473825
s_016um_00233_00085-1,2.2401912
s_016um_00104_00389-1,2.294982
s_016um_00217_00011-1,2.4557805
s_016um_00351_00116-1,2.2902749
s_016um_00069_00231-1,2.420649
s_016um_00320_00226-1,2.0823042
s_016um_00214_00293-1,2.4716282
s_016um_00165_00126-1,2.5348363
s_016um_00031_00328-1,2.5182586
s_016um_00076_00243-1,2.42273
s_016um_00273_00224-1,2.4939
s_016um_00347_00220-1,2.3365624
s_016um_00374_00124-1,2.5029998
s_016um_00213_00035-1,2.265221
s_016um_00217_00167-1,2.3691456
s_016um_00323_00231-1,2.4709346
s_016um_00239_00084-1,2.221262
s_016um_00214_00034-1,2.3015304
s_016um_00161_00287-1,1.9029039
s_016um_00374_00142-1,2.3522594
s_016um_00275_00329-1,2.3904483
s_016um_00006_00296-1,2.236696
s_016um_00236_00091-1,2.1216917
s_016um_00374_00141-1,2.4520628
s_016um_00281_00318-1,2.3028047
s_016um_00082_00283-1,2.4195993
s_016um_00324_00162-1,2.3514674
s_016um_00191_00124-1,2.2371128
s_016um_00371_00095-1,2.3478825
s_016um_00215_00284-1,2.419448
s_016um_00326_00163-1,2.6228645
s_016um_00118_00145-1,2.4646664
s_016um_00160_00287-1,2.0811617
s_016um_00069_00130-1,2.6397004
s_016um_00336_00253-1,2.343264
s_016um_00418_00138-1,2.2509704
s_016um_00225_00334-1,2.442659
s_016um_00325_00122-1,2.4699032
s_016um_00358_00091-1,2.3509996
s_016um_00095_00025-1,2.5067165
s_016um_00083_00297-1,2.453165
s_016um_00047_00240-1,2.3418663
s_016um_00200_00152-1,2.3543475
s_016um_00282_00322-1,2.4375513
s_016um_00063_00125-1,2.4346535
s_016um_00357_00286-1,2.287231
s_016um_00351_00091-1,2.3708115
s_016um_00388_00295-1,2.3188524
s_016um_00358_00410-1,1.8662095
s_016um_00392_00293-1,2.3095932
s_016um_00324_00299-1,2.2358747
s_016um_00042_00206-1,2.2413096
s_016um_00082_00295-1,2.4606361
s_016um_00369_00145-1,2.4872222
s_016um_00223_00014-1,2.48338
s_016um_00004_00156-1,2.5093594
s_016um_00392_00365-1,2.8484688
s_016um_00097_00031-1,2.260485
s_016um_00327_00118-1,2.259317
s_016um_00388_00341-1,2.366642
s_016um_00237_00357-1,2.5048678
s_016um_00275_00225-1,2.4666283
s_016um_00216_00011-1,2.5217
s_016um_00260_00189-1,2.3098533
s_016um_00100_00318-1,2.3082294
s_016um_00223_00233-1,2.2555022
s_016um_00277_00049-1,2.5708158
s_016um_00195_00092-1,2.3749173
s_016um_00220_00233-1,2.2650187
s_016um_00324_00165-1,2.498896
s_016um_00218_00015-1,2.5093663
s_016um_00069_00236-1,2.3999798
s_016um_00095_00031-1,2.4217606
s_016um_00214_00291-1,2.4615006
s_016um_00401_00149-1,2.5060544
s_016um_00135_00073-1,2.4852707
s_016um_00368_00222-1,2.309174
s_016um_00264_00056-1,2.265876
s_016um_00355_00098-1,2.4591796
s_016um_00267_00335-1,2.4315088
s_016um_00355_00023-1,2.5240488
s_016um_00118_00147-1,2.311777
s_016um_00104_00391-1,2.3877647
s_016um_00258_00191-1,2.5069537
s_016um_00212_00035-1,2.278901
s_016um_00011_00296-1,2.3155718
s_016um_00045_00204-1,2.4287739
s_016um_00006_00210-1,2.5497196
s_016um_00258_00188-1,2.5811427
s_016um_00090_00339-1,2.6325934
s_016um_00131_00086-1,2.516078
s_016um_00032_00090-1,2.5964737
s_016um_00258_00030-1,2.3450918
s_016um_00083_00193-1,1.7377112
s_016um_00395_00183-1,2.272957
s_016um_00257_00026-1,2.6427934
s_016um_00042_00175-1,2.627058
s_016um_00322_00302-1,2.2838366
s_016um_00323_00230-1,2.3514915
s_016um_00234_00186-1,2.5032618
s_016um_00134_00218-1,2.471439
s_016um_00227_00328-1,2.460497
s_016um_00268_00228-1,2.4866202
s_016um_00391_00344-1,1.591918
s_016um_00137_00218-1,2.3209894
s_016um_00128_00321-1,2.115034
s_016um_00212_00030-1,2.42941
s_016um_00131_00088-1,2.2418275
s_016um_00191_00127-1,2.287863
s_016um_00270_00333-1,2.5344884
s_016um_00274_00334-1,2.4779465
s_016um_00387_00294-1,2.371024
s_016um_00083_00196-1,1.8864655
s_016um_00133_00318-1,1.6092534
s_016um_00048_00215-1,2.6358247
s_016um_00213_00026-1,2.45832
s_016um_00279_00131-1,2.0349245
s_016um_00168_00376-1,2.1960387
s_016um_00014_00271-1,2.3946733
s_016um_00097_00336-1,2.1794376
s_016um_00133_00316-1,1.3803502
s_016um_00104_00386-1,2.1344628
s_016um_00137_00073-1,2.7609606
s_016um_00081_00201-1,2.4284012
s_016um_00281_00313-1,2.4295707
s_016um_00354_00097-1,2.2442203
s_016um_00149_00403-1,2.3752382
s_016um_00247_00024-1,2.713093
s_016um_00011_00155-1,2.383961
s_016um_00260_00129-1,2.2245417
s_016um_00033_00100-1,2.677029
s_016um_00032_00101-1,2.75416
s_016um_00028_00334-1,2.306321
s_016um_00405_00397-1,1.3157754
s_016um_00386_00126-1,2.2447155
s_016um_00085_00268-1,2.253815
s_016um_00043_00241-1,2.293791
s_016um_00038_00048-1,2.3950899
s_016um_00376_00137-1,2.558467
s_016um_00391_00183-1,2.3491523
s_016um_00271_00029-1,2.3452413
s_016um_00094_00318-1,2.3902667
s_016um_00097_00315-1,2.6009364
s_016um_00273_00328-1,2.1779964
s_016um_00032_00331-1,2.491776
s_016um_00097_00337-1,2.3998036
s_016um_00009_00214-1,2.1692562
s_016um_00386_00299-1,2.5565937
s_016um_00146_00398-1,2.353153
s_016um_00216_00034-1,2.555076
s_016um_00344_00216-1,2.3355663
s_016um_00216_00169-1,2.4468794
s_016um_00281_00134-1,2.560294
s_016um_00133_00386-1,2.414546
s_016um_00354_00120-1,2.3095422
s_016um_00113_00313-1,2.5659838
s_016um_00329_00257-1,2.5851786
s_016um_00143_00061-1,2.6342137
s_016um_00368_00094-1,2.3294907
s_016um_00407_00400-1,0.02463293
s_016um_00277_00204-1,2.4477992
s_016um_00064_00235-1,2.2034032
s_016um_00009_00207-1,2.6454759
s_016um_00273_00334-1,2.3601253
s_016um_00041_00203-1,2.5330083
s_016um_00177_00027-1,2.482802
s_016um_00137_00223-1,2.30194
s_016um_00072_00250-1,2.3278086
s_016um_00265_00131-1,2.2793279
s_016um_00414_00102-1,2.4337218
s_016um_00231_00262-1,2.4257445
s_016um_00055_00246-1,2.4153643
s_016um_00280_00318-1,2.2781403
s_016um_00146_00015-1,2.605513
s_016um_00364_00100-1,2.5775194
s_016um_00270_00032-1,2.3008082
s_016um_00377_00121-1,2.3126292
s_016um_00066_00234-1,2.3684099
s_016um_00139_00014-1,2.457268
s_016um_00098_00275-1,2.3972178
s_016um_00185_00028-1,2.540456
s_016um_00276_00050-1,2.287095
s_016um_00394_00213-1,2.2899363
s_016um_00251_00019-1,2.1569214
s_016um_00078_00197-1,1.9307331
s_016um_00358_00288-1,2.3903694
s_016um_00406_00150-1,2.3444273
s_016um_00220_00280-1,2.4706714
s_016um_00263_00134-1,2.0768886
s_016um_00083_00279-1,2.4776022
s_016um_00158_00285-1,2.2367387
s_016um_00221_00247-1,2.269706
s_016um_00352_00122-1,2.4674573
s_016um_00065_00130-1,2.7014308
s_016um_00366_00229-1,2.358214
s_016um_00074_00251-1,2.3844383
s_016um_00088_00268-1,2.227793
s_016um_00080_00268-1,2.3874662
s_016um_00285_00099-1,2.2863655
s_016um_00121_00145-1,2.3216667
s_016um_00076_00245-1,2.332265
s_016um_00332_00218-1,2.5072808
s_016um_00210_00293-1,2.1218286
s_016um_00220_00238-1,2.2538846
s_016um_00367_00144-1,2.203463
s_016um_00332_00122-1,2.2988796
s_016um_00320_00227-1,2.2126546
s_016um_00136_00321-1,1.1143758
s_016um_00256_00030-1,2.1710627
s_016um_00089_00338-1,2.4107807
s_016um_00146_00060-1,2.6285431
s_016um_00012_00157-1,2.355329
s_016um_00007_00214-1,2.383996
s_016um_00084_00198-1,2.515383
s_016um_00088_00197-1,2.4849212
s_016um_00399_00123-1,2.3598475
s_016um_00392_00177-1,2.1155808
s_016um_00192_00090-1,2.571175
s_016um_00110_00322-1,1.8750108
s_016um_00381_00131-1,2.527603
s_016um_00038_00204-1,2.5325744
s_016um_00375_00140-1,2.3746629
s_016um_00370_00120-1,2.285619
s_016um_00323_00298-1,2.2873802
s_016um_00263_00337-1,2.2738352
s_016um_00079_00295-1,2.5433276
s_016um_00352_00019-1,2.4193325
s_016um_00009_00298-1,2.2284086
s_016um_00393_00182-1,2.3037343
s_016um_00006_00212-1,2.3086162
s_016um_00213_00030-1,2.2052596
s_016um_00201_00153-1,2.200062
s_016um_00354_00095-1,2.2207313
s_016um_00402_00123-1,2.4832857
s_016um_00130_00388-1,2.4678388
s_016um_00131_00229-1,2.5319765
s_016um_00074_00252-1,2.3541424
s_016um_00362_00414-1,1.3603765
s_016um_00373_00120-1,2.4875205
s_016um_00240_00085-1,2.2498379
s_016um_00086_00269-1,2.5036142
s_016um_00223_00227-1,2.3533263
s_016um_00190_00129-1,2.3251114
s_016um_00233_00088-1,2.0158849
s_016um_00139_00059-1,2.3841143
s_016um_00038_00101-1,2.6259456
s_016um_00258_00034-1,2.3902447
s_016um_00393_00293-1,2.3587055
s_016um_00076_00237-1,2.2874649
s_016um_00370_00227-1,2.182144
s_016um_00287_00101-1,2.177506
s_016um_00044_00220-1,2.3467958
s_016um_00400_00121-1,2.1646936
s_016um_00410_00150-1,2.7684107
s_016um_00157_00290-1,2.1561158
s_016um_00076_00298-1,2.528734
s_016um_00204_00150-1,2.281352
s_016um_00320_00163-1,2.5255134
s_016um_00391_00359-1,1.3526736
s_016um_00289_00096-1,2.3100266
s_016um_00159_00289-1,2.4713063
s_016um_00369_00125-1,2.0907588
s_016um_00048_00216-1,2.6199486
s_016um_00328_00127-1,2.2780957
s_016um_00242_00082-1,2.260147
s_016um_00221_00027-1,2.4538426
s_016um_00369_00224-1,2.1739995
s_016um_00086_00285-1,2.2396932
s_016um_00097_00277-1,2.2442296
s_016um_00115_00147-1,2.3755918
s_016um_00361_00416-1,1.4120034
s_016um_00085_00267-1,2.5143497
s_016um_00006_00294-1,2.3916702
s_016um_00131_00321-1,1.781541
s_016um_00327_00216-1,2.3974457
s_016um_00129_00092-1,2.5251195
s_016um_00399_00369-1,2.6241214
s_016um_00394_00366-1,2.5218215
s_016um_00124_00384-1,2.4011378
s_016um_00053_00245-1,2.553922
s_016um_00257_00027-1,2.4587173
s_016um_00080_00265-1,2.4634936
s_016um_00129_00228-1,2.561827
s_016um_00226_00249-1,2.4528852
s_016um_00190_00127-1,2.6384294
s_016um_00100_00027-1,2.3845618
s_016um_00325_00228-1,2.4046905
s_016um_00045_00211-1,2.1798844
s_016um_00225_00233-1,2.3376274
s_016um_00228_00331-1,2.4841254
s_016um_00277_00325-1,2.37221
s_016um_00309_00059-1,2.3564568
s_016um_00266_00335-1,2.285966
s_016um_00390_00180-1,2.3427894
s_016um_00076_00251-1,2.183203
s_016um_00082_00270-1,2.3832436
s_016um_00079_00284-1,2.4686325
s_016um_00366_00096-1,2.430722
s_016um_00036_00048-1,2.5143886
s_016um_00254_00022-1,2.492542
s_016um_00398_00257-1,2.149257
s_016um_00406_00145-1,2.460593
s_016um_00273_00325-1,2.211348
s_016um_00077_00250-1,2.4129205
s_016um_00275_00203-1,2.474674
s_016um_00410_00099-1,2.568917
s_016um_00098_00068-1,2.4239542
s_016um_00411_00097-1,2.3084257
s_016um_00138_00220-1,2.4368684
s_016um_00400_00214-1,2.481676
s_016um_00087_00033-1,2.8219528
s_016um_00007_00211-1,2.3156106
s_016um_00011_00156-1,2.4711056
s_016um_00367_00229-1,2.4173567
s_016um_00138_00222-1,2.4091916
s_016um_00331_00252-1,2.5982096
s_016um_00401_00258-1,2.5518796
s_016um_00007_00150-1,2.5274434
s_016um_00085_00282-1,2.4441156
s_016um_00360_00289-1,2.2241683
s_016um_00263_00331-1,2.586177
s_016um_00032_00007-1,2.5219991
s_016um_00165_00128-1,2.2374678
s_016um_00141_00058-1,2.4458697
s_016um_00214_00017-1,2.3899612
s_016um_00090_00277-1,2.5331547
s_016um_00061_00129-1,2.639995
s_016um_00093_00341-1,2.152951
s_016um_00264_00336-1,2.0428555
s_016um_00097_00322-1,2.3192325
s_016um_00325_00165-1,2.532887
s_016um_00256_00031-1,2.493399
s_016um_00060_00243-1,2.4549997
s_016um_00217_00230-1,2.2196577
s_016um_00260_00188-1,2.340539
s_016um_00057_00244-1,2.5429366
s_016um_00236_00090-1,2.4273524
s_016um_00407_00125-1,2.5723686
s_016um_00396_00177-1,2.5777948
s_016um_00401_00218-1,2.367903
s_016um_00126_00382-1,2.4015732
s_016um_00400_00215-1,2.3794987
s_016um_00354_00115-1,2.4823976
s_016um_00364_00098-1,2.6146667
s_016um_00260_00186-1,2.433175
s_016um_00392_00178-1,2.2648585
s_016um_00132_00383-1,2.1452456
s_016um_00236_00189-1,2.36394
s_016um_00354_00019-1,2.4090772
s_016um_00082_00067-1,2.1836982
s_016um_00283_00095-1,2.5247767
s_016um_00062_00234-1,1.9669087
s_016um_00090_00279-1,2.4630806
s_016um_00324_00163-1,2.415606
s_016um_00396_00357-1,1.719005
s_016um_00255_00022-1,2.444841
s_016um_00008_00159-1,2.522605
s_016um_00269_00035-1,2.3810842
s_016um_00034_00103-1,2.7195075
s_016um_00331_00255-1,2.4439316
s_016um_00080_00243-1,2.4251578
s_016um_00169_00124-1,2.3304815
s_016um_00218_00030-1,2.4259377
s_016um_00261_00132-1,2.4385257
s_016um_00095_00027-1,2.3366642
s_016um_00330_00119-1,2.4930804
s_016um_00040_00213-1,1.8315053
s_016um_00019_00269-1,2.4169226
s_016um_00096_00315-1,2.3112411
s_016um_00338_00398-1,2.065745
s_016um_00402_00396-1,1.8988316
s_016um_00393_00357-1,2.102554
s_016um_00105_00067-1,2.5309434
s_016um_00171_00370-1,2.2488153
s_016um_00246_00086-1,2.2653735
s_016um_00131_00090-1,2.4742117
s_016um_00044_00213-1,2.4715066
s_016um_00044_00217-1,2.3767333
s_016um_00380_00135-1,2.2773528
s_016um_00402_00263-1,2.240936
s_016um_00138_00020-1,2.5851552
s_016um_00357_00114-1,2.3341696
s_016um_00265_00030-1,2.3107383
s_016um_00370_00139-1,2.215084
s_016um_00099_00323-1,2.3958695
s_016um_00022_00269-1,2.4103725
s_016um_00337_00253-1,2.450118
s_016um_00076_00295-1,2.5777037
s_016um_00105_00387-1,2.2719553
s_016um_00093_00323-1,2.453677
s_016um_00145_00400-1,2.4884286
s_016um_00264_00133-1,2.459908
s_016um_00194_00091-1,2.4930437
s_016um_00226_00251-1,2.4420521
s_016um_00011_00215-1,2.0674398
s_016um_00172_00372-1,2.4119775
s_016um_00324_00225-1,2.3636825
s_016um_00199_00146-1,2.266277
s_016um_00214_00032-1,2.5667222
s_016um_00397_00369-1,2.3992167
s_016um_00241_00190-1,2.3682303
s_016um_00373_00144-1,1.6234572
s_016um_00368_00119-1,2.5485404
s_016um_00137_00221-1,2.3374407
s_016um_00323_00169-1,2.3602097
s_016um_00012_00298-1,2.4380322
s_016um_00182_00026-1,2.6872222
s_016um_00312_00052-1,1.9828198
s_016um_00192_00128-1,2.1963446
s_016um_00046_00204-1,2.3587298
s_016um_00398_00364-1,2.4132638
s_016um_00265_00061-1,1.721642
s_016um_00276_00206-1,2.4586937
s_016um_00272_00036-1,2.325321
s_016um_00371_00145-1,2.3931332
s_016um_00108_00320-1,1.739254
s_016um_00391_00361-1,1.6387899
s_016um_00228_00247-1,2.6581726
s_016um_00130_00386-1,2.4562342
s_016um_00367_00146-1,2.3146274
s_016um_00377_00136-1,2.5874014
s_016um_00076_00246-1,2.2972758
s_016um_00399_00218-1,2.4608984
s_016um_00274_00047-1,2.3069005
s_016um_00409_00149-1,2.3766057
s_016um_00213_00294-1,2.4982984
s_016um_00133_00319-1,1.7562026
s_016um_00257_00028-1,2.4154966
s_016um_00090_00341-1,2.5453663
s_016um_00134_00228-1,2.2621512
s_016um_00407_00103-1,2.4318836
s_016um_00078_00250-1,2.4225726
s_016um_00357_00115-1,2.4201894
s_016um_00143_00062-1,2.6034813
s_016um_00274_00322-1,2.3219075
s_016um_00199_00152-1,2.0316987
s_016um_00205_00151-1,2.2507827
s_016um_00093_00318-1,2.3533084
s_016um_00144_00015-1,2.5725744
s_016um_00226_00232-1,2.3063674
s_016um_00211_00034-1,2.3319466
s_016um_00166_00372-1,2.1566348
s_016um_00354_00025-1,2.477285
s_016um_00306_00058-1,2.3502076
s_016um_00269_00222-1,2.5058482
s_016um_00351_00096-1,2.4675992
s_016um_00278_00204-1,2.6542797
s_016um_00368_00223-1,2.140817
s_016um_00039_00098-1,2.7590163
s_016um_00105_00070-1,2.8400795
s_016um_00243_00186-1,2.3363347
s_016um_00268_00059-1,2.2505286
s_016um_00196_00093-1,1.9818772
s_016um_00206_00146-1,2.41474
s_016um_00280_00313-1,2.3749664
s_016um_00413_00098-1,2.393003
s_016um_00038_00205-1,2.4777443
s_016um_00133_00070-1,2.5069385
s_016um_00044_00044-1,2.8284454
s_016um_00387_00131-1,2.247849
s_016um_00389_00294-1,2.3715992
s_016um_00173_00377-1,2.4639685
s_016um_00217_00014-1,2.4709718
s_016um_00139_00019-1,2.672795
s_016um_00072_00248-1,2.318098
s_016um_00164_00289-1,2.6440058
s_016um_00256_00023-1,2.640219
s_016um_00080_00034-1,2.627936
s_016um_00219_00018-1,2.413596
s_016um_00132_00319-1,1.921126
s_016um_00393_00372-1,2.5294964
s_016um_00225_00236-1,2.5551426
s_016um_00373_00139-1,2.2765434
s_016um_00111_00317-1,2.3176286
s_016um_00401_00214-1,2.2324991
s_016um_00398_00255-1,2.3720226
s_016um_00133_00321-1,1.5796051
s_016um_00153_00398-1,2.2762127
s_016um_00273_00050-1,2.0506504
s_016um_00006_00156-1,2.410913
s_016um_00212_00027-1,2.248786
s_016um_00329_00216-1,2.1696074
s_016um_00169_00123-1,2.3126087
s_016um_00262_00132-1,2.4870775
s_016um_00216_00279-1,2.4109313
s_016um_00089_00276-1,2.512467
s_016um_00323_00170-1,2.444522
s_016um_00132_00233-1,2.4162655
s_016um_00012_00214-1,2.3746426
s_016um_00348_00022-1,2.1779141
s_016um_00325_00164-1,2.5665805
s_016um_00221_00167-1,2.2162054
s_016um_00229_00268-1,2.4230678
s_016um_00280_00317-1,2.4261808
s_016um_00165_00292-1,2.1673703
s_016um_00414_00140-1,2.4001174
s_016um_00235_00086-1,2.2943656
s_016um_00400_00260-1,2.2793489
s_016um_00223_00249-1,2.3612077
s_016um_00397_00262-1,2.3404224
s_016um_00404_00258-1,2.3188846
s_016um_00400_00261-1,2.3392522
s_016um_00280_00322-1,2.2958798
s_016um_00270_00224-1,2.6015787
s_016um_00138_00058-1,2.5800865
s_016um_00340_00400-1,2.367543
s_016um_00108_00389-1,2.3402693
s_016um_00090_00278-1,2.4390264
s_016um_00351_00121-1,2.4163835
s_016um_00276_00324-1,2.3215501
s_016um_00328_00119-1,2.3139112
s_016um_00008_00149-1,2.416016
s_016um_00393_00364-1,2.52981
s_016um_00095_00337-1,2.4230015
s_016um_00084_00265-1,2.4512875
s_016um_00364_00223-1,2.2451222
s_016um_00396_00361-1,2.1728811
s_016um_00075_00298-1,2.371872
s_016um_00236_00187-1,2.2358391
s_016um_00035_00175-1,2.4713573
s_016um_00264_00329-1,2.3577852
s_016um_00094_00024-1,2.6043293
s_016um_00385_00295-1,2.5260682
s_016um_00031_00337-1,2.5111203
s_016um_00131_00386-1,2.1358707
s_016um_00391_00296-1,2.2569098
s_016um_00041_00102-1,2.4759233
s_016um_00145_00018-1,2.5686257
s_016um_00041_00212-1,2.3218057
s_016um_00094_00322-1,2.2476065
s_016um_00366_00224-1,2.4004445
s_016um_00020_00270-1,2.1872232
s_016um_00038_00209-1,2.3573291
s_016um_00219_00013-1,2.8607554
s_016um_00089_00274-1,2.35182
s_016um_00064_00128-1,2.5562851
s_016um_00335_00255-1,2.2325952
s_016um_00044_00216-1,2.5233493
s_016um_00216_00281-1,2.5212443
s_016um_00032_00332-1,2.4152374
s_016um_00132_00313-1,1.6047518
s_016um_00358_00092-1,2.4834187
s_016um_00108_00388-1,2.2608507
s_016um_00032_00086-1,2.6393328
s_016um_00372_00141-1,2.0667496
s_016um_00396_00217-1,2.4024236
s_016um_00362_00290-1,2.3481464
s_016um_00193_00121-1,1.8948021
s_016um_00275_00132-1,2.3061147
s_016um_00234_00267-1,2.2189388
s_016um_00226_00236-1,2.246436
s_016um_00129_00230-1,2.4596865
s_016um_00355_00091-1,2.3835948
s_016um_00044_00174-1,2.1796515
s_016um_00351_00020-1,2.3451445
s_016um_00037_00099-1,2.6081028
s_016um_00370_00229-1,2.3206325
s_016um_00086_00282-1,2.4527109
s_016um_00144_00014-1,2.7150311
s_016um_00167_00123-1,2.2618265
s_016um_00232_00262-1,2.384174
s_016um_00085_00035-1,2.5164366
s_016um_00414_00103-1,2.484545
s_016um_00221_00329-1,2.4367003
s_016um_00343_00213-1,2.381621
s_016um_00079_00283-1,2.461781
s_016um_00047_00219-1,2.2897613
s_016um_00398_00124-1,2.2669387
s_016um_00080_00272-1,2.3130252
s_016um_00270_00222-1,2.40075
s_016um_00097_00272-1,2.4675677
s_016um_00079_00286-1,2.4795644
s_016um_00064_00132-1,2.6721935
s_016um_00306_00055-1,2.1991205
s_016um_00222_00014-1,2.4755318
s_016um_00226_00237-1,2.412522
s_016um_00218_00230-1,2.374674
s_016um_00210_00027-1,2.3019521
s_016um_00223_00247-1,2.414443
s_016um_00275_00046-1,2.429332
s_016um_00138_00018-1,2.5610044
s_016um_00145_00020-1,2.7773674
s_016um_00013_00214-1,2.3992927
s_016um_00217_00225-1,2.5399206
s_016um_00125_00382-1,2.3257933
s_016um_00192_00099-1,2.4342012
s_016um_00063_00231-1,2.344333
s_016um_00393_00338-1,2.6113403
s_016um_00107_00316-1,2.4244568
s_016um_00350_00118-1,2.4026449
s_016um_00413_00140-1,2.332345
s_016um_00281_00131-1,2.4725502
s_016um_00132_00386-1,2.3203897
s_016um_00355_00120-1,2.4057379
s_016um_00125_00087-1,2.4388824
s_016um_00078_00268-1,2.3965716
s_016um_00144_00019-1,2.536081
s_016um_00086_00199-1,2.3038723
s_016um_00408_00398-1,0.62089515
s_016um_00096_00324-1,2.1928098
s_016um_00202_00148-1,2.2264352
s_016um_00260_00185-1,2.3384862
s_016um_00094_00336-1,2.478018
s_016um_00128_00232-1,2.3916361
s_016um_00404_00399-1,1.0469887
s_016um_00188_00092-1,2.5153213
s_016um_00391_00294-1,2.6290486
s_016um_00325_00124-1,2.2299817
s_016um_00212_00028-1,2.2212682
s_016um_00092_00342-1,2.3477168
s_016um_00266_00127-1,2.3781269
s_016um_00227_00232-1,2.263018
s_016um_00036_00102-1,2.5666068
s_016um_00212_00290-1,1.9333339
s_016um_00011_00300-1,2.327591
s_016um_00359_00414-1,2.3212566
s_016um_00135_00072-1,2.438721
s_016um_00082_00292-1,2.1588206
s_016um_00152_00399-1,2.537282
s_016um_00274_00230-1,2.4529605
s_016um_00194_00126-1,2.2825682
s_016um_00355_00022-1,2.178194
s_016um_00402_00124-1,2.1877267
s_016um_00229_00250-1,2.4567144
s_016um_00218_00026-1,2.3304725
s_016um_00179_00027-1,2.3731008
s_016um_00213_00031-1,2.1622176
s_016um_00014_00269-1,2.2581809
s_016um_00398_00220-1,2.2760017
s_016um_00129_00385-1,2.48223
s_016um_00352_00116-1,2.5545676
s_016um_00215_00012-1,2.4326432
s_016um_00221_00025-1,2.5213466
s_016um_00235_00356-1,2.529106
s_016um_00380_00130-1,2.3544724
s_016um_00084_00280-1,2.5354633
s_016um_00204_00148-1,2.3952618
s_016um_00309_00057-1,2.063729
s_016um_00358_00120-1,2.3758304
s_016um_00275_00138-1,2.379589
s_016um_00033_00099-1,2.6480486
s_016um_00080_00238-1,2.2479136
s_016um_00010_00209-1,2.4851413
s_016um_00281_00322-1,2.218547
s_016um_00078_00283-1,2.3838909
s_016um_00262_00333-1,2.4159312
s_016um_00237_00090-1,2.0989342
s_016um_00083_00032-1,2.4585552
s_016um_00324_00164-1,2.3353126
s_016um_00321_00226-1,2.4520886
s_016um_00048_00244-1,2.2762816
s_016um_00326_00123-1,2.3298807
s_016um_00268_00029-1,2.341704
s_016um_00243_00185-1,2.4382374
s_016um_00322_00164-1,2.4969049
s_016um_00387_00297-1,2.489763
s_016um_00080_00242-1,2.3906195
s_016um_00226_00246-1,2.3769104
s_016um_00392_00345-1,1.8393073
s_016um_00142_00058-1,2.6201177
s_016um_00012_00155-1,2.3833778
s_016um_00404_00151-1,2.3482182
s_016um_00214_00027-1,2.4748838
s_016um_00088_00030-1,2.6203923
s_016um_00234_00085-1,2.5022085
s_016um_00254_00027-1,2.3434432
s_016um_00145_00055-1,2.4965339
s_016um_00338_00403-1,2.232387
s_016um_00222_00026-1,2.2134256
s_016um_00397_00371-1,2.478458
s_016um_00248_00083-1,2.2697423
s_016um_00093_00315-1,2.5306983
s_016um_00278_00320-1,2.4848897
s_016um_00035_00011-1,2.4639473
s_016um_00221_00171-1,2.5076163
s_016um_00235_00354-1,2.5546257
s_016um_00143_00053-1,2.5580726
s_016um_00171_00122-1,2.3027668
s_016um_00354_00291-1,2.4815469
s_016um_00042_00046-1,2.5737326
s_016um_00006_00297-1,2.442564
s_016um_00269_00036-1,2.4897342
s_016um_00225_00328-1,2.45289
s_016um_00232_00091-1,2.3490875
s_016um_00135_00227-1,2.3827314
s_016um_00333_00249-1,2.485063
s_016um_00003_00154-1,2.533792
s_016um_00215_00283-1,2.3961442
s_016um_00047_00239-1,2.486326
s_016um_00393_00369-1,2.4956424
s_016um_00358_00114-1,2.3633332
s_016um_00265_00129-1,2.3726919
s_016um_00359_00290-1,2.4183776
s_016um_00220_00174-1,2.4268785
s_016um_00341_00217-1,2.3001845
s_016um_00211_00028-1,2.5218217
s_016um_00086_00070-1,2.5671272
s_016um_00036_00174-1,2.603534
s_016um_00374_00117-1,2.091359
s_016um_00196_00092-1,2.1212811
s_016um_00366_00227-1,2.2900705
s_016um_00418_00135-1,2.485937
s_016um_00222_00228-1,2.4503229
s_016um_00091_00279-1,2.5080159
s_016um_00390_00292-1,2.464255
s_016um_00043_00213-1,2.3365629
s_016um_00335_00257-1,2.2344837
s_016um_00400_00255-1,2.446258
s_016um_00135_00318-1,1.7670648
s_016um_00033_00102-1,2.7428226
s_016um_00013_00213-1,2.3995879
s_016um_00367_00142-1,2.454129
s_016um_00168_00373-1,2.367151
s_016um_00331_00125-1,2.4937298
s_016um_00143_00054-1,2.6545565
s_016um_00358_00416-1,1.8459079
s_016um_00239_00190-1,2.1823802
s_016um_00132_00227-1,2.2459545
s_016um_00005_00300-1,2.4105713
s_016um_00030_00090-1,2.4511104
s_016um_00129_00088-1,2.3017058
s_016um_00399_00181-1,2.5205383
s_016um_00401_00127-1,2.2663689
s_016um_00360_00290-1,2.083073
s_016um_00007_00208-1,2.3601625
s_016um_00396_00212-1,2.0728514
s_016um_00222_00229-1,2.4803398
s_016um_00326_00301-1,2.4338908
s_016um_00405_00152-1,2.4883208
s_016um_00382_00127-1,2.4338696
s_016um_00143_00017-1,2.6076162
s_016um_00382_00132-1,2.3944402
s_016um_00336_00398-1,2.0313952
s_016um_00270_00059-1,2.4767272
s_016um_00334_00210-1,2.50047
s_016um_00142_00056-1,2.4220057
s_016um_00004_00151-1,2.5693781
s_016um_00223_00166-1,2.1979914
s_016um_00277_00051-1,2.2250373
s_016um_00043_00211-1,2.4511552
s_016um_00249_00086-1,2.3765938
s_016um_00221_00282-1,2.4475906
s_016um_00071_00251-1,2.430396
s_016um_00204_00145-1,2.3877754
s_016um_00267_00330-1,2.4731443
s_016um_00390_00340-1,2.5635548
s_016um_00274_00051-1,2.1499357
s_016um_00256_00189-1,2.1993048
s_016um_00279_00316-1,2.182513
s_016um_00224_00167-1,2.1424365
s_016um_00086_00197-1,2.246418
s_016um_00209_00034-1,2.3310037
s_016um_00170_00371-1,2.6113439
s_016um_00128_00386-1,2.2713435
s_016um_00103_00071-1,2.6304812
s_016um_00046_00215-1,2.313997
s_016um_00355_00095-1,2.3095686
s_016um_00393_00297-1,2.2289705
s_016um_00081_00036-1,2.6639316
s_016um_00157_00287-1,2.1708043
s_016um_00139_00217-1,2.3633885
s_016um_00269_00332-1,2.5154521
s_016um_00068_00230-1,2.0522923
s_016um_00219_00231-1,2.4298804
s_016um_00105_00386-1,2.334217
s_016um_00272_00048-1,2.5822537
s_016um_00392_00183-1,2.490686
s_016um_00037_00105-1,2.3642101
s_016um_00235_00183-1,2.1726725
s_016um_00392_00359-1,1.9853371
s_016um_00242_00187-1,2.0400147
s_016um_00130_00389-1,2.3744874
s_016um_00047_00237-1,2.554345
s_016um_00131_00318-1,1.8296692
s_016um_00230_00356-1,2.4200041
s_016um_00196_00125-1,2.1205285
s_016um_00171_00374-1,1.9379445
s_016um_00103_00067-1,2.0797596
s_016um_00358_00295-1,2.352849
s_016um_00011_00293-1,2.2070372
s_016um_00106_00391-1,2.3035095
s_016um_00078_00243-1,2.4515123
s_016um_00081_00194-1,2.4000258
s_016um_00147_00402-1,2.4310265
s_016um_00068_00232-1,2.3823202
s_016um_00390_00291-1,2.396106
s_016um_00009_00152-1,2.4487145
s_016um_00041_00101-1,2.4294503
s_016um_00200_00146-1,2.2894034
s_016um_00381_00140-1,2.2175784
s_016um_00268_00131-1,2.23037
s_016um_00195_00128-1,2.2689278
s_016um_00131_00233-1,2.4122615
s_016um_00040_00042-1,2.442107
s_016um_00275_00137-1,2.2605696
s_016um_00065_00236-1,2.3325596
s_016um_00337_00257-1,2.345126
s_016um_00072_00234-1,2.4564528
s_016um_00398_00214-1,2.571183
s_016um_00311_00058-1,2.18155
s_016um_00258_00033-1,2.382384
s_016um_00091_00267-1,2.4725778
s_016um_00221_00029-1,2.6232018
s_016um_00225_00031-1,2.4210794
s_016um_00116_00149-1,2.6449802
s_016um_00234_00362-1,2.3230665
s_016um_00233_00263-1,2.4052558
s_016um_00125_00088-1,2.402651
s_016um_00224_00169-1,2.334691
s_016um_00366_00097-1,2.5663571
s_016um_00061_00128-1,2.5265722
s_016um_00021_00269-1,2.146306
s_016um_00261_00185-1,2.3964858
s_016um_00385_00296-1,2.386261
s_016um_00130_00320-1,1.7364998
s_016um_00255_00027-1,2.3610601
s_016um_00331_00209-1,2.5015173
s_016um_00005_00155-1,2.316428
s_016um_00211_00293-1,2.4890797
s_016um_00330_00126-1,2.3370457
s_016um_00174_00373-1,2.3584168
s_016um_00084_00284-1,2.868887
s_016um_00239_00186-1,2.4032218
s_016um_00278_00049-1,2.401787
s_016um_00098_00320-1,2.332129
s_016um_00047_00243-1,2.161571
s_016um_00107_00386-1,2.2072861
s_016um_00336_00254-1,2.1788287
s_016um_00266_00031-1,2.3325047
s_016um_00233_00261-1,2.2997952
s_016um_00410_00105-1,2.1919153
s_016um_00266_00033-1,2.4493077
s_016um_00189_00126-1,1.9205207
s_016um_00078_00295-1,2.4046612
s_016um_00047_00245-1,2.488688
s_016um_00274_00132-1,2.529341
s_016um_00225_00239-1,2.4192672
s_016um_00215_00279-1,2.3728619
s_016um_00092_00278-1,2.495032
s_016um_00399_00215-1,2.2570653
s_016um_00394_00362-1,2.3988202
s_016um_00374_00139-1,2.2829561
s_016um_00225_00244-1,2.4101853
s_016um_00219_00025-1,2.6122375
s_016um_00079_00249-1,2.4454086
s_016um_00327_00211-1,2.6316633
s_016um_00010_00215-1,2.2717152
s_016um_00412_00139-1,2.23156
s_016um_00096_00317-1,2.3807855
s_016um_00130_00384-1,2.4598663
s_016um_00039_00175-1,2.3264794
s_016um_00215_00016-1,2.363414
s_016um_00167_00127-1,2.1518552
s_016um_00077_00245-1,2.4141717
s_016um_00371_00125-1,2.5703378
s_016um_00240_00088-1,2.2034514
s_016um_00280_00323-1,2.444616
s_016um_00223_00028-1,2.4390256
s_016um_00139_00216-1,2.2029245
s_016um_00133_00226-1,2.3886604
s_016um_00389_00338-1,2.4354606
s_016um_00365_00097-1,2.5649028
s_016um_00073_00240-1,2.3971694
s_016um_00129_00390-1,2.3697906
s_016um_00214_00016-1,2.1765428
s_016um_00071_00248-1,2.3132014
s_016um_00044_00204-1,2.3544593
s_016um_00101_00068-1,2.5506845
s_016um_00184_00033-1,2.4915977
s_016um_00126_00086-1,2.6502538
s_016um_00098_00025-1,2.7917213
s_016um_00080_00198-1,2.1132643
s_016um_00067_00236-1,2.113338
s_016um_00320_00303-1,2.5330281
s_016um_00169_00377-1,2.2387109
s_016um_00391_00295-1,2.5434918
s_016um_00043_00210-1,2.3091185
s_016um_00401_00123-1,2.2375429
s_016um_00081_00028-1,2.409793
s_016um_00277_00047-1,2.4620056
s_016um_00290_00098-1,2.2244134
s_016um_00233_00359-1,2.3561456
s_016um_00232_00357-1,2.3050535
s_016um_00228_00235-1,2.4551184
s_016um_00101_00064-1,2.7306473
s_016um_00370_00097-1,2.693814
s_016um_00032_00088-1,2.3052738
s_016um_00388_00127-1,2.4858892
s_016um_00135_00322-1,1.4319818
s_016um_00288_00095-1,2.200103
s_016um_00041_00179-1,2.4452672
s_016um_00146_00057-1,2.653733
s_016um_00234_00264-1,2.255538
s_016um_00044_00045-1,2.5874412
s_016um_00055_00243-1,2.2015448
s_016um_00334_00211-1,2.4003243
s_016um_00201_00147-1,2.314739
s_016um_00414_00135-1,2.2383137
s_016um_00221_00026-1,2.4600427
s_016um_00269_00031-1,2.2608502
s_016um_00127_00229-1,2.41505
s_016um_00139_00077-1,2.3527434
s_016um_00046_00206-1,2.2278652
s_016um_00212_00031-1,1.9641742
s_016um_00253_00023-1,2.4405503
s_016um_00102_00388-1,2.4338746
s_016um_00306_00053-1,2.4115822
s_016um_00215_00292-1,2.364271
s_016um_00103_00065-1,2.5009346
s_016um_00090_00273-1,2.2747931
s_016um_00409_00103-1,2.202843
s_016um_00098_00024-1,2.3108017
s_016um_00043_00172-1,2.744346
s_016um_00353_00089-1,2.2704167
s_016um_00118_00146-1,2.454134
s_016um_00399_00217-1,2.269219
s_016um_00193_00124-1,2.2535613
s_016um_00125_00091-1,2.4745822
s_016um_00014_00268-1,2.3152208
s_016um_00206_00153-1,2.525203
s_016um_00096_00319-1,2.3860433
s_016um_00363_00098-1,2.6269767
s_016um_00114_00315-1,2.237061
s_016um_00055_00244-1,2.1866162
s_016um_00329_00254-1,2.2231886
s_016um_00087_00196-1,2.7141294
s_016um_00009_00157-1,2.4204788
s_016um_00074_00246-1,2.472699
s_016um_00200_00150-1,2.3001368
s_016um_00009_00301-1,2.534845
s_016um_00151_00394-1,2.4394894
s_016um_00393_00368-1,2.5399876
s_016um_00081_00198-1,2.393943
s_016um_00277_00328-1,2.3668702
s_016um_00038_00045-1,2.554415
s_016um_00397_00365-1,2.477139
s_016um_00132_00385-1,2.197939
s_016um_00399_00365-1,2.4508264
s_016um_00101_00386-1,2.281393
s_016um_00409_00146-1,2.310622
s_016um_00123_00146-1,2.3839655
s_016um_00379_00138-1,2.3581502
s_016um_00265_00334-1,2.0781376
s_016um_00075_00253-1,2.4856677
s_016um_00372_00145-1,1.7160748
s_016um_00245_00084-1,2.3395855
s_016um_00266_00329-1,2.220972
s_016um_00404_00127-1,2.2100265
s_016um_00143_00021-1,2.6729765
s_016um_00037_00096-1,2.8297942
s_016um_00215_00017-1,2.2108219
s_016um_00417_00136-1,2.4418564
s_016um_00192_00122-1,2.0951803
s_016um_00077_00237-1,2.2773154
s_016um_00329_00214-1,2.19349
s_016um_00220_00228-1,2.4621377
s_016um_00027_00334-1,2.3867497
s_016um_00356_00294-1,2.350495
s_016um_00373_00141-1,2.582154
s_016um_00276_00053-1,2.269007
s_016um_00098_00032-1,2.5953498
s_016um_00345_00214-1,2.2811084
s_016um_00130_00322-1,2.4260125
s_016um_00093_00276-1,2.4655614
s_016um_00036_00045-1,2.4593463
s_016um_00215_00294-1,1.9749386
s_016um_00285_00100-1,2.6628978
s_016um_00404_00145-1,2.571019
s_016um_00224_00334-1,2.323502
s_016um_00083_00263-1,2.368602
s_016um_00395_00359-1,2.2931285
s_016um_00044_00219-1,2.4030209
s_016um_00265_00059-1,2.0558186
s_016um_00116_00144-1,1.9223819
s_016um_00194_00125-1,2.0954704
s_016um_00308_00056-1,2.413554
s_016um_00008_00209-1,2.3849747
s_016um_00125_00090-1,2.520798
s_016um_00031_00090-1,2.4536307
s_016um_00219_00014-1,2.3375924
s_016um_00415_00143-1,2.4631076
s_016um_00038_00174-1,2.27163
s_016um_00279_00328-1,2.3140652
s_016um_00227_00246-1,2.5754673
s_016um_00132_00321-1,1.6618309
s_016um_00151_00400-1,2.469362
s_016um_00382_00139-1,2.3103588
s_016um_00162_00291-1,2.2944396
s_016um_00111_00319-1,2.1183906
s_016um_00263_00060-1,2.1375384
s_016um_00170_00375-1,2.246272
s_016um_00406_00402-1,0.6512151
s_016um_00328_00215-1,2.5593174
s_016um_00080_00296-1,2.525285
s_016um_00075_00251-1,2.5066357
s_016um_00241_00188-1,2.2640533
s_016um_00263_00333-1,2.139272
s_016um_00017_00266-1,2.5023947
s_016um_00131_00225-1,2.419322
s_016um_00181_00028-1,2.4639804
s_016um_00217_00013-1,2.290731
s_016um_00221_00017-1,2.6666422
s_016um_00083_00192-1,2.3167763
s_016um_00079_00200-1,2.387453
s_016um_00071_00249-1,2.462968
s_016um_00264_00335-1,2.2709243
s_016um_00152_00401-1,2.480008
s_016um_00275_00325-1,2.3730464
s_016um_00279_00136-1,2.1987295
s_016um_00042_00174-1,2.4184206
s_016um_00217_00228-1,2.493959
s_016um_00164_00292-1,2.3310328
s_016um_00414_00139-1,2.3710601
s_016um_00287_00099-1,2.5654094
s_016um_00392_00291-1,2.3682513
s_016um_00105_00317-1,2.204994
s_016um_00267_00031-1,2.485584
s_016um_00033_00337-1,2.3920913
s_016um_00033_00006-1,2.4409971
s_016um_00146_00019-1,2.5504966
s_016um_00376_00124-1,2.3476033
s_016um_00144_00056-1,2.8533058
s_016um_00041_00238-1,2.348622
s_016um_00330_00250-1,2.453625
s_016um_00276_00135-1,2.388432
s_016um_00387_00340-1,2.4968147
s_016um_00100_00068-1,2.4819098
s_016um_00279_00323-1,2.308847
s_016um_00229_00246-1,2.4730303
s_016um_00307_00057-1,2.4069693
s_016um_00395_00342-1,2.47673
s_016um_00270_00028-1,2.2776198
s_016um_00345_00212-1,2.2313175
s_016um_00394_00183-1,2.2765388
s_016um_00079_00243-1,2.325219
s_016um_00341_00402-1,2.2700207
s_016um_00009_00215-1,2.3871925
s_016um_00414_00101-1,2.1770499
s_016um_00121_00143-1,1.2054235
s_016um_00009_00292-1,2.3121285
s_016um_00235_00260-1,2.418018
s_016um_00082_00237-1,2.3961558
s_016um_00165_00125-1,2.351054
s_016um_00152_00400-1,2.4180987
s_016um_00102_00387-1,2.5716777
s_016um_00025_00088-1,2.5924048
s_016um_00079_00251-1,2.3207695
s_016um_00216_00171-1,2.2259448
s_016um_00265_00328-1,2.5131478
s_016um_00011_00298-1,2.4926915
s_016um_00010_00301-1,2.389342
s_016um_00276_00202-1,2.15812
s_016um_00167_00130-1,2.1830897
s_016um_00356_00288-1,2.4975224
s_016um_00128_00094-1,2.6098897
s_016um_00094_00030-1,2.2871935
s_016um_00098_00323-1,2.540227
s_016um_00063_00132-1,2.5264888
s_016um_00145_00401-1,2.3193328
s_016um_00387_00292-1,2.2461536
s_016um_00242_00087-1,2.489283
s_016um_00087_00065-1,1.8944153
s_016um_00059_00242-1,2.4452915
s_016um_00326_00118-1,2.353402
s_016um_00407_00145-1,2.4865186
s_016um_00112_00318-1,2.3264506
s_016um_00011_00294-1,2.168921
s_016um_00370_00095-1,2.2903829
s_016um_00007_00207-1,2.5497353
s_016um_00162_00292-1,2.5735114
s_016um_00139_00020-1,2.5719433
s_016um_00384_00135-1,2.3473158
s_016um_00090_00265-1,2.5779307
s_016um_00332_00255-1,2.3082552
s_016um_00270_00327-1,2.5077372
s_016um_00388_00131-1,2.4164882
s_016um_00004_00152-1,2.5231414
s_016um_00204_00149-1,2.416164
s_016um_00196_00094-1,2.0504138
s_016um_00273_00315-1,2.4058337
s_016um_00036_00097-1,2.7708914
s_016um_00036_00173-1,2.352381
s_016um_00215_00296-1,2.4023476
s_016um_00257_00189-1,2.3860688
s_016um_00380_00133-1,2.4261558
s_016um_00129_00090-1,2.5060682
s_016um_00354_00116-1,2.3259177
s_016um_00063_00233-1,2.3093712
s_016um_00234_00091-1,2.2259464
s_016um_00213_00291-1,2.3250778
s_016um_00044_00205-1,2.2229383
s_016um_00133_00315-1,1.8619297
s_016um_00034_00006-1,2.5295913
s_016um_00365_00094-1,2.4738746
s_016um_00334_00250-1,2.3513494
s_016um_00259_00130-1,2.1057734
s_016um_00253_00019-1,2.274782
s_016um_00236_00089-1,2.2908838
s_016um_00096_00027-1,2.399238
s_016um_00265_00130-1,2.3069232
s_016um_00330_00251-1,2.246635
s_016um_00098_00026-1,2.2060735
s_016um_00395_00368-1,2.5406263
s_016um_00337_00251-1,2.3181865
s_016um_00366_00228-1,2.386191
s_016um_00279_00049-1,2.2406788
s_016um_00276_00044-1,2.438384
s_016um_00008_00301-1,2.4817991
s_016um_00279_00322-1,2.479202
s_016um_00096_00314-1,2.493703
s_016um_00324_00125-1,2.2878153
s_016um_00401_00216-1,2.31678
s_016um_00223_00243-1,2.149932
s_016um_00222_00017-1,2.111936
s_016um_00134_00320-1,1.5075567
s_016um_00309_00053-1,2.3538988
s_016um_00263_00336-1,2.4367046
s_016um_00104_00392-1,2.4608479
s_016um_00364_00224-1,2.21026
s_016um_00394_00341-1,2.5389783
s_016um_00034_00100-1,2.5375798
s_016um_00070_00230-1,2.5103772
s_016um_00396_00260-1,2.3639333
s_016um_00411_00106-1,2.5716925
s_016um_00029_00329-1,2.3551261
s_016um_00143_00019-1,2.4280975
s_016um_00326_00304-1,2.3652494
s_016um_00263_00126-1,2.3587441
s_016um_00281_00137-1,2.5185153
s_016um_00370_00124-1,2.5227754
s_016um_00081_00241-1,2.2830865
s_016um_00375_00120-1,2.3334684
s_016um_00223_00237-1,2.2430747
s_016um_00329_00255-1,2.316063
s_016um_00355_00096-1,2.3548067
s_016um_00193_00093-1,2.4066582
s_016um_00349_00216-1,2.471263
s_016um_00019_00270-1,2.3413403
s_016um_00094_00335-1,2.3156693
s_016um_00146_00402-1,2.376804
s_016um_00058_00246-1,2.3030832
s_016um_00235_00264-1,2.4942532
s_016um_00268_00054-1,1.865566
s_016um_00041_00171-1,2.4148118
s_016um_00409_00104-1,2.0682218
s_016um_00400_00371-1,2.181767
s_016um_00377_00133-1,2.3637006
s_016um_00373_00142-1,2.2430255
s_016um_00269_00058-1,2.5333114
s_016um_00149_00399-1,2.4566672
s_016um_00264_00337-1,1.7894983
s_016um_00099_00065-1,2.3953626
s_016um_00164_00127-1,2.2540615
s_016um_00272_00315-1,2.5648935
s_016um_00386_00291-1,2.4530416
s_016um_00142_00055-1,2.488175
s_016um_00226_00247-1,2.5315738
s_016um_00012_00152-1,2.4993281
s_016um_00279_00327-1,2.2472453
s_016um_00036_00333-1,2.0596163
s_016um_00044_00203-1,2.2930377
s_016um_00165_00289-1,2.2993999
s_016um_00095_00274-1,2.4309337
s_016um_00276_00319-1,2.1885483
s_016um_00398_00219-1,2.0873487
s_016um_00087_00036-1,2.4508507
s_016um_00130_00228-1,2.4846802
s_016um_00170_00377-1,2.4673402
s_016um_00334_00216-1,2.4479768
s_016um_00040_00173-1,2.5501437
s_016um_00282_00134-1,2.3904507
s_016um_00261_00031-1,2.2451725
s_016um_00103_00069-1,2.6177824
s_016um_00372_00095-1,2.3994074
s_016um_00396_00259-1,2.4291737
s_016um_00165_00288-1,1.8761914
s_016um_00167_00122-1,2.2489653
s_016um_00103_00384-1,2.4260757
s_016um_00324_00119-1,2.4454625
s_016um_00079_00279-1,2.245676
s_016um_00404_00125-1,2.2534018
s_016um_00388_00292-1,2.480058
s_016um_00260_00030-1,2.414204
s_016um_00180_00031-1,2.692681
s_016um_00327_00226-1,2.318978
s_016um_00350_00023-1,2.2352026
s_016um_00203_00147-1,2.545535
s_016um_00263_00059-1,2.4122615
s_016um_00236_00263-1,2.402969
s_016um_00228_00262-1,2.4387367
s_016um_00393_00178-1,2.2068326
s_016um_00135_00316-1,1.8341745
s_016um_00408_00149-1,2.541997
s_016um_00395_00219-1,2.3463094
s_016um_00100_00319-1,2.3456414
s_016um_00098_00028-1,2.6477034
s_016um_00385_00134-1,2.0121803
s_016um_00373_00098-1,2.4649963
s_016um_00278_00323-1,2.5101376
s_016um_00097_00323-1,2.2897718
s_016um_00141_00074-1,2.553404
s_016um_00021_00265-1,2.401088
s_016um_00091_00336-1,2.4417834
s_016um_00092_00336-1,2.1774027
s_016um_00407_00126-1,2.4443023
s_016um_00392_00364-1,2.5190127
s_016um_00100_00030-1,2.4406211
s_016um_00081_00295-1,2.338923
s_016um_00416_00143-1,2.3740575
s_016um_00328_00124-1,2.580636
s_016um_00247_00085-1,2.3680196
s_016um_00058_00248-1,2.470874
s_016um_00274_00203-1,2.3733017
s_016um_00082_00068-1,2.6069276
s_016um_00335_00217-1,2.5748792
s_016um_00006_00157-1,2.3052633
s_016um_00406_00122-1,2.3468456
s_016um_00143_00060-1,2.3619494
s_016um_00226_00244-1,2.417265
s_016um_00217_00276-1,2.47994
s_016um_00233_00268-1,2.1878657
s_016um_00275_00226-1,2.253054
s_016um_00217_00229-1,2.3922215
s_016um_00256_00033-1,2.2950644
s_016um_00231_00264-1,2.305463
s_016um_00204_00146-1,2.2149727
s_016um_00065_00124-1,2.7529545
s_016um_00394_00363-1,2.5069282
s_016um_00356_00413-1,1.4133996
s_016um_00035_00336-1,2.3613605
s_016um_00083_00270-1,2.3711085
s_016um_00389_00181-1,2.5028188
s_016um_00399_00255-1,2.43732
s_016um_00409_00151-1,2.5573585
s_016um_00079_00199-1,2.4122818
s_016um_00047_00238-1,2.5786397
s_016um_00395_00340-1,2.4641516
s_016um_00188_00093-1,2.3685286
s_016um_00233_00360-1,2.4146855
s_016um_00018_00267-1,2.337037
s_016um_00239_00182-1,2.1795292
s_016um_00214_00297-1,2.4062362
s_016um_00131_00320-1,1.7808926
s_016um_00283_00098-1,2.243803
s_016um_00041_00046-1,2.4942977
s_016um_00229_00333-1,2.3888414
s_016um_00100_00320-1,2.4474597
s_016um_00074_00241-1,2.5220299
s_016um_00145_00022-1,2.6107585
s_016um_00202_00150-1,2.2526035
s_016um_00397_00372-1,2.5478916
s_016um_00170_00124-1,2.5094957
s_016um_00221_00012-1,2.5438068
s_016um_00273_00032-1,2.5731318
s_016um_00006_00151-1,2.6532972
s_016um_00075_00245-1,2.1007156
s_016um_00080_00196-1,2.0809648
s_016um_00158_00286-1,2.3654225
s_016um_00148_00398-1,2.341317
s_016um_00268_00028-1,2.4537861
s_016um_00322_00305-1,2.2948413
s_016um_00088_00029-1,2.3437436
s_016um_00012_00210-1,2.5687957
s_016um_00212_00294-1,2.44375
s_016um_00063_00235-1,1.9245368
s_016um_00149_00395-1,2.3739045
s_016um_00164_00129-1,2.6791103
s_016um_00377_00137-1,2.5650628
s_016um_00139_00016-1,2.4456975
s_016um_00369_00120-1,2.398353
s_016um_00267_00055-1,1.8854566
s_016um_00408_00148-1,2.4079962
s_016um_00275_00321-1,2.4469912
s_016um_00362_00288-1,2.190514
s_016um_00236_00265-1,2.2557325
s_016um_00039_00209-1,2.3298333
s_016um_00282_00096-1,2.4586844
s_016um_00096_00321-1,2.162262
s_016um_00218_00016-1,2.6114771
s_016um_00414_00138-1,2.067601
s_016um_00156_00289-1,2.1984432
s_016um_00135_00321-1,1.2393298
s_016um_00270_00225-1,2.5105453
s_016um_00401_00217-1,2.3640618
s_016um_00133_00232-1,2.4427602
s_016um_00310_00055-1,2.1261687
s_016um_00079_00299-1,2.3363502
s_016um_00267_00057-1,1.78141
s_016um_00332_00211-1,2.442848
s_016um_00243_00085-1,2.191525
s_016um_00030_00091-1,2.648219
s_016um_00392_00362-1,1.9875255
s_016um_00323_00224-1,2.5931
s_016um_00065_00132-1,2.5586
s_016um_00354_00026-1,2.3677084
s_016um_00325_00305-1,2.037789
s_016um_00361_00292-1,2.5303152
s_016um_00219_00172-1,2.426265
s_016um_00279_00051-1,2.3159678
s_016um_00408_00102-1,2.103908
s_016um_00044_00243-1,2.1725945
s_016um_00400_00262-1,2.5263407
s_016um_00267_00028-1,2.3635838
s_016um_00223_00172-1,2.137174
s_016um_00087_00073-1,2.398436
s_016um_00039_00171-1,2.411647
s_016um_00136_00070-1,1.9905262
s_016um_00270_00035-1,2.2042441
s_016um_00328_00217-1,2.3683026
s_016um_00247_00020-1,2.3925526
s_016um_00269_00334-1,2.4437737
s_016um_00398_00263-1,2.2014432
s_016um_00270_00227-1,2.3765316
s_016um_00077_00251-1,2.1930206
s_016um_00335_00256-1,2.3468425
s_016um_00062_00130-1,2.4312384
s_016um_00269_00226-1,2.3376396
s_016um_00362_00225-1,2.358876
s_016um_00364_00096-1,2.2753112
s_016um_00216_00277-1,2.4159162
s_016um_00093_00275-1,2.272662
s_016um_00043_00176-1,2.4249277
s_016um_00277_00133-1,2.3592012
s_016um_00138_00072-1,2.462151
s_016um_00130_00318-1,1.7426763
s_016um_00323_00122-1,2.1925695
s_016um_00082_00286-1,2.4327717
s_016um_00411_00101-1,2.4194624
s_016um_00068_00125-1,2.4455328
s_016um_00096_00030-1,2.5863733
s_016um_00036_00101-1,2.7592049
s_016um_00273_00033-1,2.2840703
s_016um_00063_00236-1,2.131091
s_016um_00144_00057-1,2.5102153
s_016um_00375_00143-1,2.3842294
s_016um_00037_00179-1,2.185427
s_016um_00080_00197-1,2.142395
s_016um_00334_00399-1,2.338485
s_016um_00378_00132-1,2.369545
s_016um_00335_00397-1,2.319151
s_016um_00198_00125-1,2.3916962
s_016um_00236_00084-1,2.3448675
s_016um_00383_00129-1,2.5683389
s_016um_00393_00185-1,2.4133441
s_016um_00224_00244-1,2.437827
s_016um_00226_00335-1,2.304494
s_016um_00274_00208-1,2.3949192
s_016um_00082_00280-1,2.419026
s_016um_00078_00279-1,2.4355323
s_016um_00255_00188-1,2.208828
s_016um_00395_00215-1,2.4497213
s_016um_00135_00222-1,1.9493484
s_016um_00162_00287-1,1.629229
s_016um_00084_00072-1,2.1863854
s_016um_00079_00248-1,2.4138434
s_016um_00089_00269-1,2.37318
s_016um_00399_00259-1,2.2679229
s_016um_00072_00249-1,2.2009249
s_016um_00135_00315-1,1.1699623
s_016um_00329_00302-1,2.5068867
s_016um_00396_00372-1,2.5244308
s_016um_00041_00242-1,2.0644913
s_016um_00014_00211-1,2.2617638
s_016um_00326_00302-1,2.4143937
s_016um_00058_00244-1,2.383608
s_016um_00182_00032-1,2.7589579
s_016um_00241_00186-1,2.2683892
s_016um_00204_00147-1,2.3433232
s_016um_00406_00396-1,1.4644868
s_016um_00087_00072-1,2.479396
s_016um_00218_00028-1,2.3778157
s_016um_00143_00016-1,2.4675806
s_016um_00248_00027-1,2.3987346
s_016um_00008_00210-1,2.1989512
s_016um_00408_00104-1,2.464214
s_016um_00006_00150-1,2.60149
s_016um_00076_00242-1,2.3976681
s_016um_00238_00092-1,2.0320904
s_016um_00236_00092-1,1.9372303
s_016um_00417_00143-1,2.2649806
s_016um_00042_00178-1,2.2325811
s_016um_00389_00296-1,2.5655158
s_016um_00384_00127-1,2.3995547
s_016um_00272_00207-1,2.3822157
s_016um_00386_00294-1,2.3720345
s_016um_00110_00313-1,2.3936965
s_016um_00211_00294-1,2.519268
s_016um_00057_00245-1,2.3374715
s_016um_00170_00121-1,2.2797372
s_016um_00045_00218-1,2.3232915
s_016um_00376_00134-1,2.3263905
s_016um_00040_00209-1,2.2510355
s_016um_00356_00286-1,2.3603177
s_016um_00376_00139-1,2.3132133
s_016um_00144_00061-1,2.7182932
s_016um_00394_00339-1,2.4496994
s_016um_00327_00120-1,2.4629285
s_016um_00208_00294-1,2.5713503
s_016um_00320_00164-1,2.4657938
s_016um_00354_00114-1,2.333922
s_016um_00221_00024-1,2.3980782
s_016um_00192_00098-1,2.3555794
s_016um_00337_00254-1,2.4090648
s_016um_00223_00171-1,2.2561893
s_016um_00247_00021-1,2.4545808
s_016um_00085_00067-1,2.5588336
s_016um_00054_00249-1,2.2607925
s_016um_00272_00228-1,2.3231578
s_016um_00043_00042-1,2.4983478
s_016um_00289_00097-1,2.0938478
s_016um_00311_00057-1,2.0197403
s_016um_00275_00224-1,2.4273007
s_016um_00141_00020-1,2.4860675
s_016um_00235_00091-1,2.1295347
s_016um_00367_00145-1,2.2142062
s_016um_00418_00139-1,2.25144
s_016um_00059_00248-1,2.4119904
s_016um_00088_00274-1,2.5499127
s_016um_00141_00075-1,2.5613136
s_016um_00224_00173-1,2.02573
s_016um_00275_00332-1,2.4367635
s_016um_00077_00248-1,2.242427
s_016um_00221_00281-1,2.2362008
s_016um_00332_00210-1,2.2754061
s_016um_00085_00270-1,2.4386675
s_016um_00370_00098-1,2.209072
s_016um_00359_00090-1,2.320966
s_016um_00410_00148-1,2.4777281
s_016um_00081_00300-1,2.406488
s_016um_00143_00219-1,2.0039046
s_016um_00043_00174-1,1.9674205
s_016um_00219_00226-1,2.442473
s_016um_00068_00234-1,2.3276143
s_016um_00368_00144-1,2.2692618
s_016um_00137_00219-1,2.3170202
s_016um_00114_00314-1,2.33555
s_016um_00222_00333-1,2.4405584
s_016um_00041_00044-1,2.772032
s_016um_00253_00030-1,2.460673
s_016um_00100_00065-1,2.5231109
s_016um_00012_00297-1,2.4113069
s_016um_00005_00158-1,2.2987638
s_016um_00140_00069-1,2.5814664
s_016um_00093_00271-1,2.5474274
s_016um_00040_00172-1,2.2328582
s_016um_00220_00175-1,2.2789774
s_016um_00393_00181-1,2.3922763
s_016um_00012_00215-1,2.0956693
s_016um_00218_00279-1,2.3083282
s_016um_00286_00096-1,2.0550356
s_016um_00112_00315-1,2.414641
s_016um_00135_00228-1,2.3789718
s_016um_00133_00087-1,2.5187435
s_016um_00059_00250-1,2.2266073
s_016um_00323_00226-1,2.4807975
s_016um_00244_00090-1,2.28294
s_016um_00178_00027-1,2.6607032
s_016um_00342_00215-1,2.302222
s_016um_00191_00096-1,2.254686
s_016um_00213_00036-1,2.5531785
s_016um_00115_00149-1,2.589825
s_016um_00393_00215-1,2.7409425
s_016um_00342_00400-1,2.186345
s_016um_00365_00224-1,2.4381707
s_016um_00045_00242-1,1.8614923
s_016um_00318_00164-1,2.285928
s_016um_00079_00270-1,2.3034523
s_016um_00134_00227-1,2.2810817
s_016um_00085_00199-1,2.3933077
s_016um_00128_00317-1,1.8458698
s_016um_00082_00029-1,2.2649162
s_016um_00325_00170-1,2.4656708
s_016um_00087_00195-1,2.4625564
s_016um_00206_00147-1,2.30452
s_016um_00128_00228-1,2.4925985
s_016um_00328_00118-1,2.1599462
s_016um_00020_00264-1,2.491584
s_016um_00253_00025-1,2.3809683
s_016um_00103_00027-1,2.3069458
s_016um_00131_00093-1,2.3749375
s_016um_00132_00090-1,2.28843
s_016um_00323_00225-1,2.4256442
s_016um_00283_00099-1,2.0658689
s_016um_00221_00328-1,2.480059
s_016um_00324_00301-1,2.147921
s_016um_00085_00194-1,2.0927508
s_016um_00407_00121-1,2.4480453
s_016um_00169_00373-1,2.141012
s_016um_00324_00170-1,2.422076
s_016um_00322_00303-1,2.520775
s_016um_00170_00379-1,2.4074078
s_016um_00394_00218-1,2.4545634
s_016um_00221_00174-1,2.4951217
s_016um_00340_00217-1,2.3144257
s_016um_00223_00031-1,2.3069808
s_016um_00140_00061-1,2.6466136
s_016um_00378_00133-1,2.6705055
s_016um_00029_00337-1,2.2358067
s_016um_00215_00289-1,2.4229856
s_016um_00089_00070-1,2.4394014
s_016um_00078_00296-1,2.1928077
s_016um_00013_00209-1,2.2305567
s_016um_00357_00292-1,2.2029345
s_016um_00130_00094-1,2.8732924
s_016um_00401_00367-1,2.5102844
s_016um_00216_00276-1,2.3544807
s_016um_00135_00071-1,2.3635507
s_016um_00269_00062-1,2.4786162
s_016um_00309_00055-1,2.4485142
s_016um_00269_00328-1,2.5173848
s_016um_00235_00085-1,2.2086227
s_016um_00201_00146-1,2.3579047
s_016um_00400_00125-1,2.2580116
s_016um_00043_00173-1,2.6470919
s_016um_00136_00229-1,2.3559012
s_016um_00217_00226-1,2.4174452
s_016um_00081_00239-1,2.3136792
s_016um_00413_00136-1,2.3513432
s_016um_00079_00293-1,2.5607984
s_016um_00273_00044-1,2.2936168
s_016um_00359_00289-1,2.4280775
s_016um_00151_00398-1,2.4310887
s_016um_00218_00170-1,2.1876173
s_016um_00223_00024-1,1.7253435
s_016um_00043_00239-1,2.4162543
s_016um_00271_00036-1,2.3111145
s_016um_00404_00261-1,2.53602
s_016um_00035_00102-1,2.419297
s_016um_00078_00280-1,2.339873
s_016um_00276_00323-1,2.488245
s_016um_00266_00336-1,2.4378767
s_016um_00369_00119-1,2.4361176
s_016um_00252_00020-1,2.201654
s_016um_00356_00022-1,2.0999413
s_016um_00396_00185-1,2.4514775
s_016um_00071_00245-1,2.5150476
s_016um_00222_00028-1,2.285917
s_016um_00410_00100-1,2.3680003
s_016um_00360_00417-1,1.6382906
s_016um_00075_00252-1,1.8978933
s_016um_00223_00225-1,2.4582858
s_016um_00331_00256-1,2.2320547
s_016um_00348_00215-1,2.4884558
s_016um_00281_00132-1,2.690342
s_016um_00071_00247-1,2.2703812
s_016um_00078_00249-1,2.2928045
s_016um_00070_00238-1,2.374465
s_016um_00093_00279-1,2.454271
s_016um_00219_00229-1,2.3992329
s_016um_00403_00129-1,2.3523943
s_016um_00389_00340-1,2.3081126
s_016um_00041_00043-1,2.4368982
s_016um_00020_00271-1,2.3905444
s_016um_00395_00180-1,2.472847
s_016um_00395_00358-1,2.4143248
s_016um_00085_00030-1,2.5419664
s_016um_00044_00210-1,2.3908947
s_016um_00200_00153-1,2.278727
s_016um_00373_00122-1,2.3513498
s_016um_00363_00222-1,2.2532854
s_016um_00191_00098-1,2.364999
s_016um_00080_00270-1,2.3936923
s_016um_00272_00206-1,2.5362067
s_016um_00150_00399-1,2.2783413
s_016um_00093_00277-1,2.4333053
s_016um_00158_00287-1,2.0316045
s_016um_00166_00376-1,2.4015372
s_016um_00379_00135-1,2.3146577
s_016um_00403_00258-1,2.239069
s_016um_00081_00299-1,2.409167
s_016um_00013_00211-1,2.3325756
s_016um_00085_00034-1,2.553913
s_016um_00405_00126-1,2.380083
s_016um_00163_00125-1,2.3489213
s_016um_00361_00293-1,2.3308966
s_016um_00229_00244-1,2.3517082
s_016um_00393_00359-1,2.1098304
s_016um_00271_00033-1,2.4347167
s_016um_00320_00225-1,2.2563508
s_016um_00102_00386-1,2.1581306
s_016um_00032_00087-1,2.4952152
s_016um_00357_00288-1,2.5167418
s_016um_00333_00218-1,2.421319
s_016um_00390_00179-1,2.63379
s_016um_00394_00372-1,2.1631734
s_016um_00012_00211-1,2.4428198
s_016um_00180_00029-1,2.740482
s_016um_00164_00123-1,2.1229722
s_016um_00095_00322-1,2.5701065
s_016um_00026_00088-1,2.6006172
s_016um_00165_00121-1,2.434717
s_016um_00360_00413-1,1.6221614
s_016um_00400_00263-1,2.264493
s_016um_00274_00332-1,2.3439977
s_016um_00264_00131-1,2.2365875
s_016um_00044_00239-1,2.4150383
s_016um_00008_00215-1,2.3276207
s_016um_00049_00238-1,2.7091932
s_016um_00376_00136-1,2.3591144
s_016um_00109_00320-1,1.9556656
s_016um_00396_00370-1,2.4542484
s_016um_00387_00342-1,2.555291
s_016um_00141_00019-1,2.504039
s_016um_00390_00183-1,2.4599078
s_016um_00202_00146-1,2.1951728
s_016um_00393_00358-1,1.4659772
s_016um_00086_00069-1,2.655367
s_016um_00216_00016-1,2.3461456
s_016um_00138_00214-1,2.2083933
s_016um_00241_00184-1,2.2272997
s_016um_00386_00130-1,2.3729463
s_016um_00220_00024-1,2.4901674
s_016um_00094_00320-1,2.3759062
s_016um_00093_00342-1,2.4376588
s_016um_00373_00119-1,2.1974583
s_016um_00407_00101-1,2.402282
s_016um_00278_00047-1,2.6659513
s_016um_00215_00030-1,2.3700407
s_016um_00015_00211-1,2.3761144
s_016um_00135_00319-1,1.839575
s_016um_00221_00334-1,2.4266105
s_016um_00274_00324-1,2.4045894
s_016um_00271_00056-1,2.5833135
s_016um_00137_00072-1,2.4819417
s_016um_00035_00045-1,2.5319815
s_016um_00108_00385-1,2.1864011
s_016um_00010_00150-1,2.6007032
s_016um_00194_00097-1,2.4345505
s_016um_00409_00399-1,0.49466527
s_016um_00041_00241-1,1.9959671
s_016um_00278_00133-1,2.502679
s_016um_00108_00318-1,1.7725744
s_016um_00210_00295-1,2.481686
s_016um_00173_00372-1,2.4465215
s_016um_00138_00223-1,2.624371
s_016um_00093_00273-1,2.455125
s_016um_00018_00269-1,2.4624286
s_016um_00039_00041-1,2.3593242
s_016um_00134_00317-1,1.1944548
s_016um_00111_00321-1,1.070748
s_016um_00065_00128-1,2.6774707
s_016um_00216_00035-1,2.3147466
s_016um_00094_00274-1,2.469329
s_016um_00415_00142-1,2.5094173
s_016um_00170_00369-1,2.1819916
s_016um_00138_00015-1,2.5213885
s_016um_00403_00395-1,2.1668475
s_016um_00080_00241-1,2.2348583
s_016um_00266_00333-1,2.3937795
s_016um_00230_00249-1,2.504317
s_016um_00081_00268-1,2.3774197
s_016um_00331_00216-1,2.2695105
s_016um_00400_00370-1,2.4314125
s_016um_00131_00317-1,2.1387658
s_016um_00125_00385-1,2.0730438
s_016um_00356_00093-1,2.3004067
s_016um_00323_00165-1,2.3585806
s_016um_00268_00030-1,2.2432516
s_016um_00267_00032-1,2.4922028
s_016um_00132_00224-1,2.364567
s_016um_00392_00296-1,2.012071
s_016um_00133_00219-1,2.3862817
s_016um_00034_00088-1,2.632525
s_016um_00223_00238-1,2.479452
s_016um_00378_00136-1,2.5046258
s_016um_00128_00226-1,2.343558
s_016um_00108_00387-1,2.44545
s_016um_00393_00214-1,2.3022316
s_016um_00080_00266-1,2.466717
s_016um_00263_00136-1,1.8903779
s_016um_00141_00057-1,2.4806404
s_016um_00095_00316-1,2.3205123
s_016um_00040_00211-1,2.3880858
s_016um_00275_00322-1,2.410767
s_016um_00046_00207-1,2.9438214
s_016um_00092_00340-1,2.0078506
s_016um_00090_00266-1,2.4071264
s_016um_00181_00030-1,2.7790437
s_016um_00042_00245-1,2.5066605
s_016um_00408_00097-1,2.5087802
s_016um_00418_00137-1,2.496991
s_016um_00132_00314-1,1.6441656
s_016um_00365_00101-1,2.4915202
s_016um_00266_00032-1,2.6614118
s_016um_00083_00201-1,2.5537431
s_016um_00231_00358-1,2.4953797
s_016um_00227_00235-1,2.472975
s_016um_00008_00296-1,2.4888878
s_016um_00241_00185-1,2.4730148
s_016um_00081_00293-1,2.3777156
s_016um_00170_00122-1,2.6040595
s_016um_00349_00021-1,2.4247527
s_016um_00011_00152-1,2.5958993
s_016um_00404_00403-1,1.0443227
s_016um_00099_00025-1,2.37852
s_016um_00127_00094-1,2.4275997
s_016um_00395_00214-1,2.4680421
s_016um_00009_00151-1,2.6973522
s_016um_00195_00124-1,2.1121843
s_016um_00275_00047-1,2.4585092
s_016um_00386_00292-1,2.2363508
s_016um_00241_00084-1,1.822055
s_016um_00328_00120-1,2.2431455
s_016um_00210_00028-1,2.5626576
s_016um_00228_00232-1,1.7026051
s_016um_00394_00179-1,2.2768505
s_016um_00210_00034-1,2.308431
s_016um_00356_00118-1,2.5993993
s_016um_00251_00025-1,2.3991864
s_016um_00205_00150-1,2.2287605
s_016um_00026_00091-1,2.4344807
s_016um_00140_00218-1,2.461694
s_016um_00375_00121-1,2.2572618
s_016um_00040_00203-1,2.2485054
s_016um_00280_00202-1,2.4992874
s_016um_00338_00402-1,2.537143
s_016um_00369_00121-1,2.3742733
s_016um_00351_00021-1,1.9539155
s_016um_00083_00286-1,2.7079704
s_016um_00082_00278-1,2.29066
s_016um_00167_00371-1,2.2902217
s_016um_00252_00022-1,2.242236
s_016um_00078_00238-1,2.2541208
s_016um_00400_00212-1,2.32589
s_016um_00403_00398-1,1.3574427
s_016um_00134_00221-1,2.3829598
s_016um_00079_00240-1,2.5220947
s_016um_00401_00257-1,2.6101844
s_016um_00314_00059-1,2.297793
s_016um_00025_00087-1,2.5323753
s_016um_00335_00402-1,2.2145913
s_016um_00388_00339-1,2.5766788
s_016um_00273_00134-1,2.3523297
s_016um_00392_00216-1,2.4081116
s_016um_00395_00178-1,2.124347
s_016um_00157_00288-1,2.0537655
s_016um_00087_00066-1,2.468587
s_016um_00384_00133-1,2.2103934
s_016um_00082_00267-1,2.3178258
s_016um_00232_00356-1,2.4199991
s_016um_00355_00293-1,2.3858094
s_016um_00041_00009-1,2.6358404
s_016um_00145_00017-1,2.522195
s_016um_00144_00020-1,2.5118191
s_016um_00381_00136-1,2.3795395
s_016um_00078_00251-1,2.2536175
s_016um_00104_00067-1,2.4730637
s_016um_00290_00096-1,2.2732327
s_016um_00221_00172-1,2.178914
s_016um_00247_00025-1,2.5041163
s_016um_00083_00202-1,2.420297
s_016um_00190_00091-1,2.4773495
s_016um_00220_00227-1,2.5697818
s_016um_00326_00126-1,2.2189457
s_016um_00091_00269-1,2.354257
s_016um_00375_00125-1,2.3262339
s_016um_00312_00058-1,2.2360454
s_016um_00225_00232-1,2.4253068
s_016um_00066_00236-1,2.3489523
s_016um_00229_00262-1,2.27357
s_016um_00111_00315-1,2.2904792
s_016um_00193_00090-1,2.3819299
s_016um_00061_00248-1,2.5231144
s_016um_00082_00199-1,2.3251674
s_016um_00046_00245-1,2.6178453
s_016um_00047_00217-1,2.4106178
s_016um_00091_00342-1,2.2567692
s_016um_00265_00127-1,2.3350732
s_016um_00127_00086-1,2.7074513
s_016um_00245_00089-1,2.3167756
s_016um_00058_00250-1,2.2859423
s_016um_00101_00025-1,2.4839659
s_016um_00221_00225-1,2.4394276
s_016um_00271_00328-1,2.3436472
s_016um_00395_00339-1,2.6269283
s_016um_00131_00382-1,2.3869057
s_016um_00264_00331-1,2.3793976
s_016um_00331_00258-1,2.1790688
s_016um_00095_00338-1,2.3439157
s_016um_00139_00060-1,2.4256277
s_016um_00409_00150-1,2.4281578
s_016um_00393_00296-1,2.4588904
s_016um_00325_00304-1,2.129543
s_016um_00286_00097-1,2.1568384
s_016um_00078_00240-1,2.6260817
s_016um_00130_00227-1,2.434721
s_016um_00013_00294-1,2.3249261
s_016um_00404_00146-1,2.447415
s_016um_00356_00120-1,2.376981
s_016um_00036_00098-1,2.1877785
s_016um_00066_00231-1,2.4718344
s_016um_00234_00087-1,2.44923
s_016um_00099_00029-1,2.665975
s_016um_00238_00183-1,2.2181494
s_016um_00042_00217-1,2.537831
s_016um_00366_00221-1,2.4054573
s_016um_00191_00123-1,2.2785814
s_016um_00197_00125-1,2.5332463
s_016um_00397_00367-1,2.3933148
s_016um_00063_00131-1,2.5186908
s_016um_00141_00061-1,2.7611272
s_016um_00213_00032-1,2.470121
s_016um_00041_00218-1,2.5066876
s_016um_00076_00240-1,2.5287874
s_016um_00206_00151-1,2.4749827
s_016um_00274_00328-1,2.1144774
s_016um_00121_00148-1,2.4003532
s_016um_00396_00214-1,2.4214053
s_016um_00276_00204-1,2.2735353
s_016um_00417_00142-1,2.5357018
s_016um_00172_00377-1,2.6424546
s_016um_00328_00299-1,2.3385735
s_016um_00356_00287-1,2.372148
s_016um_00013_00300-1,2.560153
s_016um_00127_00092-1,2.6825411
s_016um_00278_00322-1,2.521409
s_016um_00264_00060-1,2.2721646
s_016um_00109_00313-1,2.314647
s_016um_00039_00105-1,2.7365913
s_016um_00088_00272-1,2.4504163
s_016um_00414_00137-1,2.3674698
s_016um_00401_00397-1,1.687315
s_016um_00042_00043-1,2.4696586
s_016um_00268_00331-1,2.5016096
s_016um_00110_00321-1,1.7121111
s_016um_00009_00302-1,2.4920478
s_016um_00230_00245-1,2.3940694
s_016um_00222_00012-1,2.6005034
s_016um_00130_00091-1,2.4301164
s_016um_00363_00225-1,2.521331
s_016um_00352_00093-1,2.4114666
s_016um_00097_00278-1,2.2616377
s_016um_00076_00244-1,2.5799844
s_016um_00281_00314-1,2.2213855
s_016um_00261_00186-1,2.119567
s_016um_00307_00052-1,2.17317
s_016um_00087_00197-1,2.7227921
s_016um_00086_00028-1,2.5172017
s_016um_00044_00178-1,2.4591904
s_016um_00402_00147-1,2.5474865
s_016um_00061_00243-1,2.3562186
s_016um_00347_00217-1,2.4515603
s_016um_00212_00296-1,2.3938107
s_016um_00310_00061-1,2.2890127
s_016um_00209_00291-1,2.3917127
s_016um_00371_00117-1,1.9515318
s_016um_00261_00027-1,2.3270388
s_016um_00034_00099-1,2.4004571
s_016um_00368_00121-1,2.427636
s_016um_00340_00214-1,2.3622975
s_016um_00081_00281-1,2.407841
s_016um_00411_00104-1,2.2872114
s_016um_00078_00300-1,2.6484032
s_016um_00088_00273-1,2.2720442
s_016um_00145_00060-1,2.651271
s_016um_00272_00205-1,2.2805824
s_016um_00334_00257-1,2.2968886
s_016um_00332_00251-1,2.3784304
s_016um_00278_00321-1,2.3664813
s_016um_00350_00021-1,2.092562
s_016um_00189_00128-1,2.305914
s_016um_00130_00319-1,1.2668132
s_016um_00190_00121-1,2.4000952
s_016um_00167_00370-1,2.343135
s_016um_00234_00088-1,2.3970976
s_016um_00203_00152-1,2.3498034
s_016um_00343_00216-1,2.3595183
s_016um_00282_00326-1,2.3933437
s_016um_00266_00060-1,1.8002398
s_016um_00011_00208-1,2.4464424
s_016um_00280_00138-1,2.279476
s_016um_00234_00268-1,2.4691944
s_016um_00403_00402-1,0.61876225
s_016um_00164_00287-1,1.8634379
s_016um_00134_00229-1,2.3497002
s_016um_00213_00033-1,2.3865836
s_016um_00232_00264-1,2.5170722
s_016um_00240_00090-1,2.5435996
s_016um_00142_00216-1,2.0097256
s_016um_00134_00217-1,2.3967912
s_016um_00341_00213-1,2.2647126
s_016um_00236_00185-1,2.2674265
s_016um_00221_00279-1,2.4849856
s_016um_00321_00164-1,2.4626021
s_016um_00272_00329-1,2.4170935
s_016um_00414_00097-1,2.5516207
s_016um_00357_00119-1,2.5110655
s_016um_00259_00026-1,2.4414706
s_016um_00145_00397-1,2.4005768
s_016um_00144_00059-1,2.1114044
s_016um_00358_00287-1,2.4844532
s_016um_00092_00270-1,2.4369435
s_016um_00366_00230-1,2.3863666
s_016um_00358_00409-1,2.2891088
s_016um_00078_00246-1,2.3526566
s_016um_00237_00355-1,2.4471748
s_016um_00047_00212-1,2.4367454
s_016um_00040_00216-1,2.3195162
s_016um_00335_00252-1,2.355645
s_016um_00037_00176-1,2.4259882
s_016um_00079_00195-1,2.2730985
s_016um_00217_00169-1,2.3029692
s_016um_00096_00279-1,2.4355278
s_016um_00007_00213-1,2.5547318
s_016um_00335_00399-1,1.9458938
s_016um_00237_00361-1,2.3999288
s_016um_00395_00370-1,2.454883
s_016um_00092_00337-1,2.309145
s_016um_00087_00070-1,2.5624356
s_016um_00039_00010-1,2.4346366
s_016um_00217_00171-1,2.2934165
s_016um_00009_00153-1,2.4699168
s_016um_00216_00010-1,2.8785322
s_016um_00136_00216-1,2.186075
s_016um_00017_00265-1,2.5589662
s_016um_00098_00067-1,2.58036
s_016um_00343_00217-1,2.2347176
s_016um_00022_00268-1,2.4301052
s_016um_00018_00273-1,2.2515674
s_016um_00242_00089-1,2.0265622
s_016um_00383_00132-1,2.5151534
s_016um_00222_00328-1,2.473284
s_016um_00349_00023-1,2.2286704
s_016um_00091_00277-1,2.5728357
s_016um_00135_00074-1,2.4089787
s_016um_00413_00097-1,2.4518175
s_016um_00086_00200-1,2.4100358
s_016um_00250_00020-1,2.4425316
s_016um_00218_00166-1,2.080916
s_016um_00367_00225-1,2.3760903
s_016um_00209_00295-1,2.4593234
s_016um_00090_00335-1,2.1164129
s_016um_00219_00173-1,2.4138029
s_016um_00077_00297-1,2.3951867
s_016um_00379_00140-1,2.296586
s_016um_00041_00045-1,2.5890493
s_016um_00392_00361-1,1.7008483
s_016um_00391_00365-1,2.4139247
s_016um_00258_00029-1,2.3497844
s_016um_00145_00016-1,2.5763626
s_016um_00356_00411-1,2.1647217
s_016um_00331_00214-1,2.6016874
s_016um_00085_00196-1,2.143466
s_016um_00038_00176-1,2.485087
s_016um_00090_00275-1,2.4122562
s_016um_00409_00097-1,2.5282896
s_016um_00405_00401-1,0.7930286
s_016um_00402_00125-1,2.32452
s_016um_00221_00237-1,2.425273
s_016um_00083_00280-1,2.3314123
s_016um_00104_00073-1,2.4655955
s_016um_00267_00061-1,2.3447347
s_016um_00359_00115-1,2.2351952
s_016um_00094_00277-1,2.4675195
s_016um_00079_00298-1,2.3791542
s_016um_00082_00028-1,2.4919062
s_016um_00262_00336-1,2.38689
s_016um_00215_00031-1,2.2682285
s_016um_00259_00131-1,2.4181032
s_016um_00279_00324-1,2.4372635
s_016um_00397_00362-1,2.245565
s_016um_00259_00030-1,2.295814
s_016um_00291_00096-1,2.443462
s_016um_00142_00057-1,2.4232066
s_016um_00353_00119-1,2.4269364
s_016um_00205_00145-1,2.0127943
s_016um_00375_00119-1,2.0965536
s_016um_00086_00065-1,2.539375
s_016um_00114_00317-1,2.450576
s_016um_00083_00282-1,2.4686344
s_016um_00079_00244-1,2.4074285
s_016um_00093_00337-1,2.5673172
s_016um_00281_00135-1,2.349053
s_016um_00216_00280-1,2.5064015
s_016um_00163_00289-1,2.375308
s_016um_00358_00121-1,2.3160632
s_016um_00277_00203-1,2.5570538
s_016um_00340_00401-1,2.576356
s_016um_00064_00125-1,2.6949515
s_016um_00096_00069-1,2.4366376
s_016um_00010_00297-1,2.3588955
s_016um_00324_00168-1,2.4176342
s_016um_00291_00099-1,2.424688
s_016um_00402_00261-1,2.466724
s_016um_00068_00129-1,2.3820853
s_016um_00037_00106-1,2.3855
s_016um_00329_00215-1,2.1656477
s_016um_00394_00361-1,2.0876899
s_016um_00398_00373-1,1.7505267
s_016um_00102_00027-1,2.3078797
s_016um_00400_00122-1,2.3589256
s_016um_00402_00120-1,2.509006
s_016um_00043_00204-1,2.5181181
s_016um_00062_00246-1,2.433621
s_016um_00278_00315-1,1.9740782
s_016um_00367_00226-1,2.459261
s_016um_00182_00029-1,2.5825715
s_016um_00132_00087-1,2.323489
s_016um_00135_00226-1,2.4779673
s_016um_00325_00306-1,2.4523435
s_016um_00077_00243-1,2.40792
s_016um_00332_00254-1,2.2553196
s_016um_00275_00136-1,2.2197053
s_016um_00272_00034-1,2.5223424
s_016um_00214_00030-1,2.115554
s_016um_00160_00293-1,2.3709288
s_016um_00135_00230-1,2.473733
s_016um_00039_00046-1,2.4573503
s_016um_00236_00354-1,2.2801225
s_016um_00134_00314-1,1.4092779
s_016um_00105_00072-1,2.595258
s_016um_00227_00245-1,2.4713392
s_016um_00129_00389-1,2.3148131
s_016um_00409_00099-1,2.5939014
s_016um_00205_00146-1,1.9075341
s_016um_00034_00004-1,2.3488202
s_016um_00031_00336-1,2.4041152
s_016um_00222_00235-1,2.4531705
s_016um_00406_00395-1,1.924963
s_016um_00129_00095-1,2.203215
s_016um_00144_00018-1,2.5174065
s_016um_00393_00298-1,2.3378046
s_016um_00389_00291-1,2.6281018
s_016um_00186_00029-1,2.6823754
s_016um_00400_00369-1,2.4630644
s_016um_00221_00238-1,2.3734019
s_016um_00232_00269-1,2.2479794
s_016um_00265_00337-1,2.4852207
s_016um_00082_00296-1,2.467823
s_016um_00140_00223-1,2.4416008
s_016um_00334_00217-1,2.3730261
s_016um_00128_00315-1,2.3655875
s_016um_00197_00122-1,2.3629875
s_016um_00333_00259-1,2.302201
s_016um_00407_00124-1,2.4382968
s_016um_00042_00172-1,2.4852405
s_016um_00394_00365-1,2.219714
s_016um_00184_00027-1,2.5220952
s_016um_00007_00154-1,2.4863234
s_016um_00183_00032-1,2.3807416
s_016um_00069_00126-1,2.4803615
s_016um_00329_00212-1,2.3164954
s_016um_00082_00072-1,2.474915
s_016um_00191_00126-1,2.243257
s_016um_00178_00033-1,2.6901326
s_016um_00222_00236-1,2.437815
s_016um_00178_00030-1,2.5094948
s_016um_00124_00385-1,2.1481533
s_016um_00097_00321-1,2.2185688
s_016um_00222_00246-1,2.4452446
s_016um_00324_00305-1,2.4048088
s_016um_00287_00096-1,2.1261277
s_016um_00256_00188-1,2.1474075
s_016um_00313_00057-1,2.3504546
s_016um_00407_00152-1,2.492158
s_016um_00172_00375-1,2.2177513
s_016um_00265_00128-1,2.6794431
s_016um_00076_00293-1,2.2005432
s_016um_00138_00075-1,2.566547
s_016um_00230_00264-1,2.4808507
s_016um_00223_00333-1,2.4776595
s_016um_00335_00253-1,2.2624938
s_016um_00254_00030-1,2.461831
s_016um_00163_00122-1,2.4658577
s_016um_00193_00091-1,2.2913787
s_016um_00262_00335-1,2.6823852
s_016um_00007_00152-1,2.4533563
s_016um_00140_00017-1,2.432203
s_016um_00325_00224-1,2.5766704
s_016um_00306_00054-1,2.3396392
s_016um_00261_00330-1,2.39178
s_016um_00388_00299-1,2.3585896
s_016um_00223_00226-1,2.2372093
s_016um_00124_00387-1,2.1680129
s_016um_00085_00193-1,2.1892958
s_016um_00357_00416-1,1.8474853
s_016um_00222_00227-1,2.5226092
s_016um_00077_00295-1,2.4039898
s_016um_00218_00228-1,2.3082337
s_016um_00274_00313-1,2.1898232
s_016um_00091_00335-1,2.497109
s_016um_00271_00329-1,2.2914035
s_016um_00391_00340-1,2.458758
s_016um_00391_00362-1,2.0951355
s_016um_00322_00166-1,2.392371
s_016um_00393_00370-1,2.550018
s_016um_00361_00417-1,1.7634078
s_016um_00213_00283-1,2.425722
s_016um_00162_00289-1,2.290966
s_016um_00131_00385-1,2.192637
s_016um_00077_00239-1,2.44579
s_016um_00031_00091-1,2.4797983
s_016um_00342_00398-1,2.178988
s_016um_00091_00271-1,2.469094
s_016um_00277_00135-1,2.3179162
s_016um_00394_00182-1,2.280529
s_016um_00353_00096-1,2.2972155
s_016um_00313_00053-1,2.0254278
s_016um_00031_00333-1,2.4511251
s_016um_00404_00256-1,2.413068
s_016um_00007_00296-1,2.3741133
s_016um_00269_00229-1,2.4932888
s_016um_00324_00231-1,2.4089901
s_016um_00033_00101-1,2.4473398
s_016um_00043_00048-1,2.4926767
s_016um_00029_00089-1,2.7827063
s_016um_00264_00129-1,2.4743805
s_016um_00074_00243-1,2.469191
s_016um_00096_00025-1,2.4672978
s_016um_00218_00011-1,2.3903568
s_016um_00401_00366-1,2.598696
s_016um_00260_00026-1,2.2269802
s_016um_00084_00199-1,2.528403
s_016um_00208_00295-1,2.528979
s_016um_00195_00121-1,2.4981441
s_016um_00238_00089-1,1.8882873
s_016um_00392_00295-1,2.328487
s_016um_00180_00027-1,2.384019
s_016um_00380_00138-1,2.4251034
s_016um_00190_00097-1,2.447621
s_016um_00042_00238-1,2.3552175
s_016um_00333_00211-1,2.542702
s_016um_00237_00189-1,2.1687322
s_016um_00274_00227-1,2.5529351
s_016um_00099_00318-1,2.1571295
s_016um_00134_00222-1,2.2995627
s_016um_00405_00150-1,2.4147909
s_016um_00402_00262-1,2.46809
s_016um_00236_00261-1,2.1614747
s_016um_00356_00024-1,2.2376323
s_016um_00140_00016-1,2.4526405
s_016um_00116_00143-1,1.9484534
s_016um_00399_00260-1,2.258348
s_016um_00238_00361-1,2.421083
s_016um_00214_00012-1,2.1686494
s_016um_00276_00134-1,2.3876138
s_016um_00049_00243-1,2.1584976
s_016um_00222_00225-1,2.1705134
s_016um_00031_00330-1,2.1265984
s_016um_00321_00306-1,2.5168586
s_016um_00400_00217-1,2.4898086
s_016um_00082_00200-1,2.5106685
s_016um_00134_00216-1,2.0790193
s_016um_00137_00075-1,2.7606404
s_016um_00079_00242-1,2.43478
s_016um_00357_00410-1,2.3356323
s_016um_00194_00123-1,2.3253264
s_016um_00359_00286-1,2.401457
s_016um_00233_00260-1,2.3565183
s_016um_00279_00317-1,2.4187236
s_016um_00170_00123-1,2.2665832
s_016um_00290_00094-1,1.8418934
s_016um_00056_00250-1,2.3912005
s_016um_00268_00057-1,1.9927664
s_016um_00400_00401-1,0.9544654
s_016um_00414_00099-1,2.2801294
s_016um_00354_00117-1,2.4971647
s_016um_00396_00216-1,2.4781978
s_016um_00274_00326-1,2.402388
s_016um_00224_00246-1,2.248127
s_016um_00371_00119-1,2.3309128
s_016um_00413_00142-1,2.2975721
s_016um_00234_00356-1,2.4222548
s_016um_00336_00258-1,2.1779618
s_016um_00254_00025-1,2.4664824
s_016um_00230_00266-1,2.5638409
s_016um_00101_00065-1,2.506882
s_016um_00221_00018-1,2.4691908
s_016um_00220_00031-1,2.6500819
s_016um_00131_00232-1,2.4184904
s_016um_00398_00181-1,2.440495
s_016um_00131_00227-1,2.427966
s_016um_00322_00227-1,2.4402833
s_016um_00416_00141-1,2.351253
s_016um_00214_00290-1,2.1249306
s_016um_00096_00275-1,2.3661554
s_016um_00110_00314-1,2.4251466
s_016um_00353_00018-1,2.579287
s_016um_00400_00396-1,1.9298849
s_016um_00064_00238-1,2.4897485
s_016um_00093_00278-1,2.3185627
s_016um_00083_00271-1,2.504888
s_016um_00203_00153-1,2.1726623
s_016um_00277_00046-1,2.4769688
s_016um_00040_00047-1,2.421902
s_016um_00234_00360-1,2.404286
s_016um_00229_00266-1,2.545308
s_016um_00279_00207-1,2.430318
s_016um_00400_00218-1,2.4876387
s_016um_00150_00395-1,2.1063688
s_016um_00387_00127-1,2.1782405
s_016um_00391_00363-1,2.3802702
s_016um_00375_00124-1,2.3964796
s_016um_00210_00294-1,2.4172008
s_016um_00169_00126-1,2.3740516
s_016um_00224_00249-1,2.5844667
s_016um_00006_00214-1,2.4049292
s_016um_00307_00058-1,2.1304634
s_016um_00269_00032-1,2.337571
s_016um_00261_00336-1,2.4612596
s_016um_00354_00414-1,1.492146
s_016um_00352_00120-1,2.3608165
s_016um_00258_00186-1,2.1801991
s_016um_00027_00332-1,2.3219666
s_016um_00067_00231-1,2.3546793
s_016um_00362_00291-1,2.5156586
s_016um_00382_00129-1,2.479778
s_016um_00318_00165-1,2.2320385
s_016um_00386_00134-1,2.176224
s_016um_00264_00191-1,2.4620368
s_016um_00361_00412-1,1.7138901
s_016um_00096_00029-1,2.3106606
s_016um_00213_00027-1,2.3485599
s_016um_00258_00189-1,2.465033
s_016um_00392_00298-1,2.2272997
s_016um_00361_00411-1,2.129634
s_016um_00266_00334-1,2.3147645
s_016um_00368_00100-1,2.0864518
s_016um_00353_00290-1,2.0641844
s_016um_00344_00213-1,2.3373659
s_016um_00369_00100-1,2.4344964
s_016um_00079_00196-1,2.3407743
s_016um_00388_00133-1,2.474962
s_016um_00357_00290-1,2.1144004
s_016um_00370_00119-1,2.6914907
s_016um_00148_00395-1,2.2621753
s_016um_00372_00119-1,2.5565062
s_016um_00193_00098-1,2.7062702
s_016um_00168_00122-1,2.4537501
s_016um_00107_00314-1,2.291401
s_016um_00244_00085-1,2.3963518
s_016um_00101_00031-1,2.4325132
s_016um_00035_00332-1,2.4069593
s_016um_00134_00072-1,2.8426692
s_016um_00243_00089-1,2.3988965
s_016um_00353_00019-1,2.3454008
s_016um_00194_00092-1,2.4962392
s_016um_00263_00334-1,2.4353049
s_016um_00410_00101-1,2.3646855
s_016um_00084_00067-1,2.5450168
s_016um_00146_00397-1,2.430259
s_016um_00132_00320-1,1.9175174
s_016um_00233_00089-1,2.4491622
s_016um_00042_00205-1,2.2070677
s_016um_00262_00331-1,2.5127296
s_016um_00043_00045-1,2.434991
s_016um_00220_00235-1,2.4114726
s_016um_00330_00123-1,2.515026
s_016um_00222_00238-1,2.5030499
s_016um_00013_00215-1,2.3564231
s_016um_00222_00032-1,2.3515596
s_016um_00041_00173-1,2.4126973
s_016um_00140_00055-1,2.3860204
s_016um_00254_00031-1,2.2499113
s_016um_00064_00230-1,2.4422033
s_016um_00333_00255-1,2.0150137
s_016um_00401_00263-1,2.6430705
s_016um_00390_00184-1,2.3928113
s_016um_00385_00133-1,2.2690074
s_016um_00273_00049-1,2.2169495
s_016um_00082_00070-1,2.5445728
s_016um_00269_00055-1,1.4522045
s_016um_00271_00227-1,2.6489031
s_016um_00322_00226-1,2.5146132
s_016um_00333_00257-1,2.434873
s_016um_00255_00031-1,2.3797266
s_016um_00389_00293-1,2.3034034
s_016um_00012_00207-1,2.1484003
s_016um_00044_00241-1,2.343407
s_016um_00327_00298-1,2.4055593
s_016um_00027_00090-1,2.59245
s_016um_00248_00023-1,2.415431
s_016um_00094_00275-1,2.305741
s_016um_00098_00316-1,2.3348248
s_016um_00087_00031-1,2.5155935
s_016um_00194_00090-1,2.5763786
s_016um_00203_00154-1,2.4743533
s_016um_00362_00413-1,1.8512416
s_016um_00196_00126-1,2.5598986
s_016um_00357_00092-1,2.2867303
s_016um_00228_00327-1,2.385107
s_016um_00168_00377-1,2.2820532
s_016um_00088_00271-1,2.4926748
s_016um_00413_00139-1,2.3682442
s_016um_00092_00319-1,2.490767
s_016um_00067_00233-1,2.4740045
s_016um_00188_00125-1,2.2563584
s_016um_00216_00230-1,2.4464371
s_016um_00340_00219-1,2.398942
s_016um_00255_00032-1,2.1663635
s_016um_00105_00069-1,2.5811133
s_016um_00069_00128-1,2.373926
s_016um_00266_00030-1,2.4839888
s_016um_00095_00320-1,2.341488
s_016um_00038_00046-1,2.5169919
s_016um_00268_00336-1,2.3622208
s_016um_00269_00057-1,2.4053807
s_016um_00385_00297-1,2.5051734
s_016um_00033_00091-1,2.432832
s_016um_00043_00207-1,2.4052787
s_016um_00355_00416-1,1.7056742
s_016um_00232_00355-1,2.3160217
s_016um_00213_00295-1,2.3244896
s_016um_00074_00237-1,2.4763625
s_016um_00276_00132-1,2.2117143
s_016um_00209_00293-1,2.3278768
s_016um_00084_00065-1,2.60173
s_016um_00262_00190-1,2.139125
s_016um_00006_00209-1,2.360735
s_016um_00161_00291-1,2.3539014
s_016um_00099_00320-1,2.5589929
s_016um_00079_00265-1,2.333582
s_016um_00402_00257-1,2.4935706
s_016um_00238_00187-1,2.29481
s_016um_00191_00121-1,2.1828609
s_016um_00136_00076-1,2.584136
s_016um_00192_00093-1,2.586275
s_016um_00311_00053-1,2.2271104
s_016um_00274_00134-1,2.224601
s_016um_00054_00250-1,2.1486473
s_016um_00211_00035-1,2.4609149
s_016um_00360_00292-1,2.384648
s_016um_00086_00281-1,2.5798318
s_016um_00170_00373-1,2.363976
s_016um_00142_00022-1,2.5147712
s_016um_00308_00058-1,2.6491246
s_016um_00028_00333-1,2.3252792
s_016um_00189_00093-1,2.5413663
s_016um_00160_00286-1,2.1535554
s_016um_00360_00118-1,2.2827935
s_016um_00318_00167-1,1.9227637
s_016um_00141_00072-1,2.626476
s_016um_00223_00229-1,2.2872894
s_016um_00216_00031-1,2.5585835
s_016um_00128_00391-1,2.381549
s_016um_00228_00266-1,2.4644587
s_016um_00332_00120-1,2.350134
s_016um_00223_00235-1,2.4115672
s_016um_00380_00139-1,2.3110025
s_016um_00247_00082-1,2.2993062
s_016um_00082_00298-1,2.3782504
s_016um_00376_00118-1,1.967968
s_016um_00039_00176-1,2.3070972
s_016um_00223_00026-1,2.0033789
s_016um_00034_00097-1,2.7575085
s_016um_00220_00284-1,2.2917936
s_016um_00081_00197-1,1.9425747
s_016um_00035_00010-1,2.3919163
s_016um_00260_00191-1,2.4294248
s_016um_00018_00268-1,2.349956
s_016um_00142_00073-1,2.4347808
s_016um_00306_00057-1,2.2136798
s_016um_00342_00217-1,2.22682
s_016um_00085_00033-1,2.5451598
s_016um_00125_00384-1,2.451248
s_016um_00129_00091-1,2.6037977
s_016um_00028_00087-1,2.5257266
s_016um_00279_00319-1,2.332929
s_016um_00086_00064-1,2.590472
s_016um_00336_00257-1,2.3163476
s_016um_00264_00127-1,2.274349
s_016um_00196_00095-1,2.3144011
s_016um_00098_00338-1,2.168999
s_016um_00395_00184-1,2.1894813
s_016um_00335_00214-1,2.369603
s_016um_00244_00083-1,2.162089
s_016um_00388_00291-1,2.5891979
s_016um_00279_00318-1,2.1718302
s_016um_00018_00265-1,2.450367
s_016um_00008_00158-1,2.3646023
s_016um_00384_00138-1,2.266028
s_016um_00275_00316-1,1.9409815
s_016um_00216_00029-1,2.4332936
s_016um_00202_00151-1,2.2919028
s_016um_00037_00007-1,2.6222324
s_016um_00129_00225-1,2.5755246
s_016um_00334_00258-1,2.4972286
s_016um_00260_00028-1,2.3225226
s_016um_00225_00238-1,2.4164035
s_016um_00150_00397-1,2.5943317
s_016um_00414_00142-1,2.412176
s_016um_00134_00075-1,2.669723
s_016um_00392_00180-1,2.4237125
s_016um_00290_00092-1,1.8297231
s_016um_00273_00207-1,2.1975298
s_016um_00271_00055-1,2.1578412
s_016um_00221_00236-1,2.3215632
s_016um_00335_00396-1,2.400687
s_016um_00028_00331-1,2.5121212
s_016um_00090_00070-1,2.5391943
s_016um_00095_00023-1,2.5301213
s_016um_00280_00208-1,2.2896638
s_016um_00094_00341-1,2.2813644
s_016um_00325_00226-1,2.3710501
s_016um_00228_00333-1,2.3364282
s_016um_00266_00131-1,2.142063
s_016um_00112_00313-1,2.4827113
s_016um_00251_00028-1,2.2834072
s_016um_00077_00300-1,2.3231263
s_016um_00372_00124-1,2.369734
s_016um_00191_00095-1,2.6489863
s_016um_00119_00150-1,2.2215416
s_016um_00134_00077-1,2.6209712
s_016um_00127_00093-1,2.346604
s_016um_00334_00252-1,2.3273246
s_016um_00260_00184-1,2.2947292
s_016um_00196_00096-1,2.2783928
s_016um_00078_00241-1,2.4058316
s_016um_00161_00285-1,2.5260751
s_016um_00249_00024-1,2.121326
s_016um_00274_00224-1,2.4905994
s_016um_00012_00301-1,2.4033744
s_016um_00192_00089-1,2.5393176
s_016um_00097_00069-1,2.3912237
s_016um_00033_00090-1,2.6897779
s_016um_00092_00271-1,2.5228684
s_016um_00412_00097-1,2.3009417
s_016um_00169_00374-1,2.1856227
s_016um_00273_00136-1,2.3027349
s_016um_00012_00212-1,2.350024
s_016um_00331_00213-1,2.2773294
s_016um_00223_00228-1,2.460229
s_016um_00251_00026-1,2.399696
s_016um_00087_00200-1,2.2589324
s_016um_00005_00157-1,2.5022237
s_016um_00238_00184-1,2.3182218
s_016um_00410_00149-1,2.3164227
s_016um_00340_00399-1,2.3316658
s_016um_00258_00027-1,2.39993
s_016um_00342_00403-1,2.3933024
s_016um_00398_00218-1,2.4329095
s_016um_00323_00232-1,2.5852468
s_016um_00101_00384-1,2.2008278
s_016um_00218_00174-1,2.215826
s_016um_00075_00297-1,2.3683362
s_016um_00120_00150-1,2.4444861
s_016um_00278_00052-1,2.3793132
s_016um_00242_00190-1,2.3058128
s_016um_00360_00093-1,2.4965599
s_016um_00274_00049-1,2.3893223
s_016um_00393_00339-1,2.450939
s_016um_00386_00341-1,2.4131582
s_016um_00404_00260-1,2.1208096
s_016um_00113_00318-1,2.2930076
s_016um_00128_00318-1,2.0228212
s_016um_00228_00332-1,2.340207
s_016um_00331_00122-1,2.4911282
s_016um_00097_00319-1,2.6165433
s_016um_00168_00372-1,2.2136075
s_016um_00352_00027-1,2.127276
s_016um_00388_00296-1,2.3973238
s_016um_00324_00303-1,2.26039
s_016um_00354_00089-1,2.525355
s_016um_00045_00215-1,2.3799746
s_016um_00092_00321-1,2.3993294
s_016um_00374_00123-1,2.6351125
s_016um_00359_00292-1,2.3102927
s_016um_00349_00026-1,2.460545
s_016um_00083_00033-1,2.5992785
s_016um_00269_00336-1,2.512836
s_016um_00104_00069-1,2.517658
s_016um_00310_00054-1,2.4066179
s_016um_00291_00093-1,2.1622694
s_016um_00223_00244-1,2.43655
s_016um_00171_00125-1,2.457223
s_016um_00033_00103-1,2.5556767
s_016um_00165_00286-1,2.2325408
s_016um_00383_00137-1,2.4443147
s_016um_00334_00255-1,2.0858307
s_016um_00078_00298-1,2.4735873
s_016um_00398_00369-1,2.5220294
s_016um_00263_00189-1,2.325118
s_016um_00189_00095-1,2.5738845
s_016um_00398_00367-1,2.3206787
s_016um_00169_00372-1,2.101372
s_016um_00326_00299-1,2.3875024
s_016um_00084_00068-1,2.6069922
s_016um_00279_00312-1,2.300478
s_016um_00333_00400-1,2.2099316
s_016um_00277_00321-1,2.5396554
s_016um_00267_00131-1,2.415297
s_016um_00005_00152-1,2.4727807
s_016um_00094_00317-1,2.2463512
s_016um_00311_00055-1,2.3530905
s_016um_00060_00246-1,2.3694956
s_016um_00009_00211-1,2.3331463
s_016um_00190_00095-1,2.5675793
s_016um_00372_00118-1,2.3039076
s_016um_00138_00219-1,2.4989405
s_016um_00009_00294-1,2.325784
s_016um_00404_00152-1,2.1088386
s_016um_00136_00220-1,2.3591805
s_016um_00274_00327-1,2.290374
s_016um_00220_00018-1,2.53035
s_016um_00133_00075-1,2.4494586
s_016um_00040_00180-1,2.2974846
s_016um_00258_00028-1,2.3445144
s_016um_00327_00305-1,2.373334
s_016um_00251_00021-1,2.4952972
s_016um_00358_00116-1,2.4820004
s_016um_00320_00170-1,2.3160682
s_016um_00214_00033-1,2.5472658
s_016um_00279_00134-1,2.3426533
s_016um_00264_00058-1,2.0113266
s_016um_00095_00323-1,2.3728676
s_016um_00352_00117-1,2.4826179
s_016um_00393_00219-1,2.3387437
s_016um_00040_00210-1,2.1801777
s_016um_00044_00211-1,2.1475446
s_016um_00328_00231-1,2.525036
s_016um_00324_00169-1,2.5255482
s_016um_00401_00369-1,2.4456816
s_016um_00328_00117-1,2.1874738
s_016um_00272_00134-1,2.434781
s_016um_00329_00251-1,2.78904
s_016um_00043_00178-1,2.357958
s_016um_00235_00084-1,1.9674697
s_016um_00222_00234-1,2.415604
s_016um_00362_00415-1,1.7353066
s_016um_00160_00285-1,1.9179823
s_016um_00195_00098-1,2.5171113
s_016um_00089_00271-1,2.4440968
s_016um_00273_00204-1,2.5648077
s_016um_00107_00318-1,1.9494603
s_016um_00332_00252-1,2.5206857
s_016um_00405_00124-1,2.5860934
s_016um_00235_00184-1,2.406933
s_016um_00271_00335-1,2.2545793
s_016um_00042_00041-1,2.6276283
s_016um_00397_00255-1,2.3719943
s_016um_00223_00331-1,2.5436924
s_016um_00321_00303-1,2.433284
s_016um_00360_00291-1,2.4737282
s_016um_00279_00046-1,2.3486679
s_016um_00177_00029-1,2.7354765
s_016um_00387_00126-1,2.2733486
s_016um_00274_00325-1,2.2532651
s_016um_00040_00010-1,2.5064664
s_016um_00114_00316-1,2.533467
s_016um_00010_00213-1,2.1898093
s_016um_00144_00017-1,2.678252
s_016um_00405_00146-1,2.4084337
s_016um_00275_00313-1,2.445977
s_016um_00396_00371-1,2.5244768
s_016um_00417_00141-1,2.5063217
s_016um_00098_00071-1,2.5741408
s_016um_00193_00125-1,2.3414886
s_016um_00193_00128-1,2.4049718
s_016um_00342_00401-1,2.3914385
s_016um_00215_00014-1,2.7742329
s_016um_00224_00239-1,2.4980595
s_016um_00087_00282-1,2.4070947
s_016um_00407_00099-1,2.2738805
s_016um_00331_00123-1,2.4542632
s_016um_00393_00213-1,2.5507927
s_016um_00083_00265-1,2.3377376
s_016um_00104_00068-1,2.6823356
s_016um_00366_00231-1,2.251375
s_016um_00009_00296-1,2.4961665
s_016um_00027_00330-1,2.4745238
s_016um_00068_00130-1,2.5314145
s_016um_00392_00342-1,2.3751884
s_016um_00274_00050-1,2.3924978
s_016um_00390_00344-1,2.1337516
s_016um_00191_00091-1,2.4944327
s_016um_00229_00264-1,2.2229445
s_016um_00387_00295-1,2.4128096
s_016um_00356_00091-1,2.2811403
s_016um_00065_00126-1,2.4693522
s_016um_00221_00278-1,2.3498423
s_016um_00320_00228-1,2.4953692
s_016um_00274_00316-1,1.9501463
s_016um_00139_00057-1,2.4463634
s_016um_00330_00216-1,2.2852278
s_016um_00258_00026-1,2.4480863
s_016um_00010_00210-1,2.3633294
s_016um_00101_00387-1,2.4644182
s_016um_00273_00209-1,2.3447127
s_016um_00044_00215-1,2.414024
s_016um_00320_00304-1,2.4565187
s_016um_00041_00172-1,2.3946779
s_016um_00371_00140-1,2.3192456
s_016um_00276_00325-1,2.2237937
s_016um_00071_00234-1,2.37516
s_016um_00084_00296-1,2.4627476
s_016um_00264_00055-1,2.1830366
s_016um_00215_00170-1,2.113942
s_016um_00192_00129-1,2.2895942
s_016um_00274_00330-1,2.3693357
s_016um_00394_00216-1,2.3975465
s_016um_00255_00030-1,2.310986
s_016um_00281_00048-1,1.7878524
s_016um_00138_00216-1,2.2579317
s_016um_00391_00182-1,2.0908074
s_016um_00038_00208-1,2.2742486
s_016um_00331_00257-1,2.1361187
s_016um_00039_00047-1,2.5330849
s_016um_00360_00293-1,2.284908
s_016um_00243_00083-1,2.310989
s_016um_00215_00013-1,2.578434
s_016um_00036_00177-1,2.3093886
s_016um_00034_00005-1,2.5360978
s_016um_00141_00071-1,2.5216627
s_016um_00267_00054-1,2.3727026
s_016um_00391_00336-1,2.5353913
s_016um_00375_00144-1,2.4886243
s_016um_00007_00158-1,2.4700377
s_016um_00182_00033-1,2.409803
s_016um_00020_00272-1,2.3575697
s_016um_00265_00035-1,2.460959
s_016um_00231_00247-1,2.438177
s_016um_00219_00017-1,2.4285989
s_016um_00276_00048-1,2.8992405
s_016um_00252_00026-1,2.6013489
s_016um_00279_00208-1,2.3414433
s_016um_00404_00126-1,2.1225986
s_016um_00378_00139-1,2.546123
s_016um_00223_00245-1,2.5055687
s_016um_00267_00337-1,2.3930454
s_016um_00279_00052-1,2.491404
s_016um_00328_00213-1,2.3443391
s_016um_00356_00097-1,2.314936
s_016um_00012_00299-1,2.4985905
s_016um_00162_00285-1,2.1383555
s_016um_00371_00142-1,2.4466136
s_016um_00035_00333-1,2.3099072
s_016um_00235_00361-1,2.349827
s_016um_00242_00185-1,2.449213
s_016um_00088_00031-1,2.4581487
s_016um_00368_00147-1,2.3599117
s_016um_00386_00129-1,2.3162415
s_016um_00127_00388-1,2.4631479
s_016um_00041_00104-1,2.6825294
s_016um_00075_00236-1,2.4909828
s_016um_00404_00128-1,2.4909596
s_016um_00391_00360-1,1.813907
s_016um_00100_00029-1,2.446776
s_016um_00009_00297-1,2.4817538
s_016um_00238_00189-1,2.2990823
s_016um_00227_00250-1,2.4441855
s_016um_00394_00359-1,1.9955386
s_016um_00225_00327-1,2.3210778
s_016um_00414_00100-1,2.478608
s_016um_00039_00173-1,2.4292414
s_016um_00367_00223-1,2.561704
s_016um_00057_00250-1,2.3490138
s_016um_00142_00020-1,2.3828807
s_016um_00140_00073-1,2.5684686
s_016um_00193_00094-1,2.3606324
s_016um_00371_00102-1,2.6686735
s_016um_00264_00333-1,2.3016534
s_016um_00234_00355-1,2.4945347
s_016um_00026_00086-1,2.7595148
s_016um_00368_00118-1,2.4409137
s_016um_00273_00202-1,2.422948
s_016um_00084_00196-1,2.2928126
s_016um_00092_00341-1,2.2485538
s_016um_00034_00331-1,2.630404
s_016um_00103_00386-1,2.4256835
s_016um_00135_00216-1,1.9250542
s_016um_00208_00293-1,2.3832994
s_016um_00010_00157-1,2.426589
s_016um_00259_00191-1,2.6464844
s_016um_00038_00104-1,2.420282
s_016um_00061_00132-1,2.6909888
s_016um_00406_00146-1,2.477113
s_016um_00214_00296-1,2.470135
s_016um_00256_00029-1,2.2230616
s_016um_00396_00258-1,2.4672198
s_016um_00273_00203-1,2.4386435
s_016um_00065_00234-1,1.9393005
s_016um_00371_00121-1,2.502344
s_016um_00370_00099-1,2.5753078
s_016um_00397_00185-1,2.3331008
s_016um_00046_00238-1,2.3938107
s_016um_00230_00261-1,2.4493532
s_016um_00212_00291-1,2.4191418
s_016um_00123_00144-1,2.1828501
s_016um_00332_00125-1,2.396044
s_016um_00391_00185-1,2.2807739
s_016um_00178_00032-1,2.6371565
s_016um_00290_00095-1,1.8505427
s_016um_00030_00088-1,2.5275533
s_016um_00275_00044-1,2.2703629
s_016um_00113_00320-1,2.3698883
s_016um_00046_00211-1,2.332481
s_016um_00007_00215-1,2.259597
s_016um_00147_00400-1,2.391327
s_016um_00392_00340-1,2.4705095
s_016um_00099_00023-1,2.5920148
s_016um_00039_00215-1,2.2688677
s_016um_00086_00193-1,2.432594
s_016um_00256_00187-1,2.3463004
s_016um_00037_00046-1,2.5511563
s_016um_00232_00360-1,2.182943
s_016um_00041_00214-1,1.7254041
s_016um_00285_00093-1,2.5175028
s_016um_00200_00148-1,2.4514225
s_016um_00217_00279-1,2.4684289
s_016um_00132_00387-1,2.4888296
s_016um_00125_00386-1,1.8399715
s_016um_00112_00317-1,2.2928271
s_016um_00037_00098-1,2.8028607
s_016um_00048_00238-1,2.606835
s_016um_00322_00165-1,2.4904935
s_016um_00355_00026-1,2.2080412
s_016um_00083_00073-1,2.30097
s_016um_00028_00329-1,2.2394423
s_016um_00234_00266-1,2.5270462
s_016um_00222_00027-1,2.310742
s_016um_00259_00129-1,2.3676932
s_016um_00007_00151-1,2.5667686
s_016um_00217_00033-1,2.5626016
s_016um_00081_00285-1,2.5089536
s_016um_00392_00338-1,2.2750125
s_016um_00214_00289-1,2.40142
s_016um_00275_00204-1,2.4586651
s_016um_00238_00190-1,2.2687964
s_016um_00326_00225-1,2.3419912
s_016um_00118_00143-1,2.1587305
s_016um_00064_00126-1,2.601173
s_016um_00367_00096-1,2.4914303
s_016um_00218_00013-1,2.436376
s_016um_00033_00331-1,2.3957422
s_016um_00214_00028-1,2.5512812
s_016um_00100_00072-1,2.5551367
s_016um_00356_00416-1,2.0089557
s_016um_00257_00032-1,2.4962816
s_016um_00099_00321-1,2.5084815
s_016um_00383_00139-1,2.529243
s_016um_00314_00054-1,2.4735918
s_016um_00033_00334-1,2.3809195
s_016um_00063_00237-1,2.6665423
s_016um_00239_00091-1,2.721308
s_016um_00307_00053-1,2.3032432
s_016um_00195_00122-1,2.3883426
s_016um_00101_00389-1,2.1661441
s_016um_00219_00284-1,2.512976
s_016um_00080_00294-1,2.398638
s_016um_00329_00125-1,2.5159616
s_016um_00250_00025-1,2.3517938
s_016um_00232_00268-1,2.3488111
s_016um_00079_00266-1,2.5035703
s_016um_00210_00035-1,2.4516032
s_016um_00355_00097-1,2.4068525
s_016um_00185_00029-1,2.302186
s_016um_00173_00376-1,2.3104286
s_016um_00236_00085-1,2.2259371
s_016um_00123_00149-1,2.3163216
s_016um_00008_00297-1,2.546368
s_016um_00225_00247-1,2.3818111
s_016um_00277_00207-1,2.355838
s_016um_00211_00295-1,2.5517468
s_016um_00081_00267-1,2.266922
s_016um_00399_00263-1,2.3033879
s_016um_00411_00099-1,2.4158437
s_016um_00387_00132-1,2.349111
s_016um_00369_00222-1,2.2999883
s_016um_00413_00099-1,2.3907096
s_016um_00096_00023-1,2.3411748
s_016um_00192_00097-1,2.5766242
s_016um_00288_00094-1,2.2798193
s_016um_00205_00147-1,2.5417197
s_016um_00224_00237-1,2.3638046
s_016um_00400_00400-1,0.7879751
s_016um_00332_00215-1,2.5337474
s_016um_00117_00147-1,2.3578308
s_016um_00164_00126-1,2.063359
s_016um_00166_00128-1,2.3954482
s_016um_00084_00194-1,2.150109
s_016um_00280_00133-1,2.5666513
s_016um_00284_00097-1,2.3785331
s_016um_00287_00095-1,2.006139
s_016um_00415_00103-1,2.5012577
s_016um_00269_00335-1,2.416609
s_016um_00397_00215-1,2.3407001
s_016um_00337_00396-1,2.510829
s_016um_00263_00190-1,2.3094606
s_016um_00016_00265-1,2.4769666
s_016um_00260_00128-1,2.4541476
s_016um_00220_00230-1,2.5499072
s_016um_00219_00228-1,2.4002504
s_016um_00076_00294-1,2.5056987
s_016um_00400_00127-1,2.5177617
s_016um_00075_00239-1,2.7456532
s_016um_00093_00316-1,2.7046263
s_016um_00221_00031-1,2.605432
s_016um_00274_00222-1,2.3981044
s_016um_00308_00059-1,2.0106645
s_016um_00129_00086-1,2.3829675
s_016um_00066_00128-1,2.5590692
s_016um_00221_00030-1,2.339284
s_016um_00237_00185-1,2.4447381
s_016um_00408_00147-1,2.2559361
s_016um_00276_00045-1,2.442939
s_016um_00356_00418-1,2.0688343
s_016um_00327_00301-1,2.1614816
s_016um_00290_00093-1,1.994511
s_016um_00206_00152-1,2.2554274
s_016um_00140_00015-1,2.3730092
s_016um_00370_00147-1,2.440694
s_016um_00353_00020-1,2.555055
s_016um_00130_00314-1,1.7639434
s_016um_00375_00118-1,1.9222597
s_016um_00034_00332-1,2.3478966
s_016um_00081_00294-1,2.4203157
s_016um_00089_00032-1,2.5387554
s_016um_00260_00333-1,2.5802941
s_016um_00147_00061-1,2.473628
s_016um_00082_00035-1,2.8303506
s_016um_00104_00072-1,2.5043135
s_016um_00354_00096-1,2.4546602
s_016um_00310_00051-1,2.0824282
s_016um_00232_00358-1,2.454165
s_016um_00217_00293-1,2.4340587
s_016um_00273_00047-1,2.236243
s_016um_00192_00125-1,1.9083618
s_016um_00397_00370-1,2.340348
s_016um_00274_00206-1,2.4495628
s_016um_00074_00249-1,2.498615
s_016um_00167_00124-1,2.4176986
s_016um_00403_00257-1,2.4704936
s_016um_00109_00314-1,2.049161
s_016um_00041_00216-1,2.0361161
s_016um_00313_00059-1,2.3780425
s_016um_00282_00324-1,2.5716107
s_016um_00240_00089-1,2.4979932
s_016um_00220_00331-1,2.3110878
s_016um_00274_00201-1,2.1999571
s_016um_00345_00220-1,2.2007098
s_016um_00274_00045-1,2.2566981
s_016um_00075_00243-1,2.2466307
s_016um_00129_00227-1,2.726469
s_016um_00047_00216-1,2.3841527
s_016um_00167_00375-1,2.3806455
s_016um_00137_00216-1,2.4331703
s_016um_00398_00361-1,2.3309782
s_016um_00126_00087-1,2.4584973
s_016um_00049_00239-1,2.4274611
s_016um_00274_00312-1,2.3867948
s_016um_00080_00032-1,2.6583428
s_016um_00043_00209-1,2.2482462
s_016um_00013_00212-1,2.3238187
s_016um_00134_00220-1,2.3612754
s_016um_00272_00332-1,2.286171
s_016um_00083_00296-1,2.3394053
s_016um_00361_00410-1,1.8988099
s_016um_00045_00205-1,2.0793324
s_016um_00214_00276-1,2.4743438
s_016um_00082_00265-1,2.4664078
s_016um_00352_00121-1,2.3404806
s_016um_00244_00186-1,2.1990712
s_016um_00395_00360-1,2.5629478
s_016um_00056_00247-1,2.5057712
s_016um_00120_00151-1,2.4377165
s_016um_00310_00057-1,2.186178
s_016um_00324_00307-1,2.5084116
s_016um_00045_00240-1,2.2994068
s_016um_00257_00191-1,2.3603232
s_016um_00035_00098-1,1.9955819
s_016um_00144_00055-1,2.568116
s_016um_00247_00083-1,2.1948187
s_016um_00104_00065-1,2.2765234
s_016um_00094_00338-1,2.4246695
s_016um_00134_00318-1,1.5991473
s_016um_00407_00147-1,2.3879712
s_016um_00369_00097-1,2.4737093
s_016um_00361_00291-1,2.3390973
s_016um_00008_00293-1,2.44694
s_016um_00172_00374-1,2.0475924
s_016um_00217_00174-1,2.3367283
s_016um_00366_00102-1,2.3558526
s_016um_00277_00329-1,2.62332
s_016um_00237_00186-1,2.306733
s_016um_00261_00334-1,2.3735507
s_016um_00229_00334-1,2.5351453
s_016um_00083_00070-1,2.525184
s_016um_00229_00328-1,2.478179
s_016um_00247_00026-1,2.5114024
s_016um_00072_00244-1,2.583131
s_016um_00348_00216-1,2.6500814
s_016um_00227_00238-1,2.5101593
s_016um_00274_00052-1,2.3369005
s_016um_00275_00318-1,2.2884622
s_016um_00091_00338-1,2.5319498
s_016um_00405_00120-1,2.647414
s_016um_00012_00293-1,2.5216813
s_016um_00334_00403-1,2.226756
s_016um_00254_00033-1,2.2634592
s_016um_00043_00047-1,2.4448264
s_016um_00193_00095-1,2.515428
s_016um_00226_00327-1,2.2693055
s_016um_00109_00319-1,2.1214561
s_016um_00356_00290-1,2.3944707
s_016um_00240_00188-1,2.460821
s_016um_00357_00094-1,2.5193217
s_016um_00279_00313-1,2.3170872
s_016um_00389_00290-1,2.2013216
s_016um_00326_00303-1,2.2457426
s_016um_00026_00333-1,2.4640024
s_016um_00082_00300-1,2.5807238
s_016um_00328_00126-1,2.355928
s_016um_00012_00154-1,2.5090039
s_016um_00010_00212-1,2.317031
s_016um_00046_00213-1,2.4662678
s_016um_00212_00298-1,2.221537
s_016um_00398_00260-1,2.1651738
s_016um_00043_00240-1,2.267009
s_016um_00094_00316-1,2.6121113
s_016um_00080_00295-1,2.4278104
s_016um_00238_00087-1,2.3027573
s_016um_00401_00219-1,2.2465098
s_016um_00038_00102-1,2.4716702
s_016um_00384_00126-1,2.397081
s_016um_00365_00099-1,2.4721384
s_016um_00327_00122-1,2.4625342
s_016um_00099_00069-1,2.471775
s_016um_00352_00020-1,2.0788958
s_016um_00008_00299-1,2.2888105
s_016um_00093_00320-1,2.4834146
s_016um_00312_00056-1,2.0502343
s_016um_00349_00025-1,2.3822544
s_016um_00272_00224-1,2.5746422
s_016um_00394_00184-1,2.4155688
s_016um_00234_00353-1,2.4233413
s_016um_00042_00045-1,2.500473
s_016um_00379_00130-1,2.3851812
s_016um_00247_00086-1,2.5208204
s_016um_00403_00126-1,2.3738654
s_016um_00331_00254-1,2.3509793
s_016um_00218_00231-1,2.4132123
s_016um_00248_00022-1,2.4724584
s_016um_00096_00342-1,2.2897303
s_016um_00396_00213-1,2.421619
s_016um_00223_00174-1,2.2768078
s_016um_00018_00271-1,2.5808902
s_016um_00075_00248-1,2.2478828
s_016um_00392_00363-1,2.419545
s_016um_00380_00140-1,2.3968825
s_016um_00084_00271-1,2.5228198
s_016um_00384_00129-1,2.4412665
s_016um_00090_00338-1,2.4169884
s_016um_00011_00158-1,2.2219238
s_016um_00188_00096-1,1.9626691
s_016um_00138_00016-1,2.231656
s_016um_00364_00229-1,2.267168
s_016um_00225_00025-1,2.5512848
s_016um_00095_00340-1,2.0946033
s_016um_00066_00233-1,2.2763586
s_016um_00212_00288-1,2.3647668
s_016um_00357_00022-1,2.3857818
s_016um_00267_00033-1,2.4349875
s_016um_00189_00124-1,2.294472
s_016um_00370_00224-1,2.2301831
s_016um_00369_00229-1,2.3640704
s_016um_00370_00226-1,2.383767
s_016um_00217_00282-1,2.4399736
s_016um_00081_00034-1,2.9193642
s_016um_00129_00322-1,2.4177287
s_016um_00401_00215-1,2.2601466
s_016um_00319_00170-1,2.2652442
s_016um_00406_00101-1,2.4799569
s_016um_00354_00121-1,2.4174929
s_016um_00097_00342-1,2.4098835
s_016um_00031_00084-1,2.3815691
s_016um_00166_00123-1,2.411114
s_016um_00102_00067-1,2.3310945
s_016um_00354_00018-1,2.1531332
s_016um_00008_00152-1,2.5926232
s_016um_00270_00055-1,1.850308
s_016um_00279_00326-1,2.5139127
s_016um_00091_00266-1,2.5675166
s_016um_00244_00087-1,2.392612
s_016um_00168_00370-1,2.389194
s_016um_00276_00047-1,2.4255414
s_016um_00392_00181-1,2.2668061
s_016um_00101_00029-1,2.2753406
s_016um_00234_00084-1,2.239345
s_016um_00141_00073-1,2.326642
s_016um_00127_00389-1,2.4813588
s_016um_00209_00289-1,2.3842459
s_016um_00170_00126-1,2.3620658
s_016um_00223_00029-1,2.381826
s_016um_00275_00201-1,2.5608
s_016um_00129_00318-1,1.2903974
s_016um_00311_00052-1,2.0170858
s_016um_00381_00137-1,2.3689933
s_016um_00415_00141-1,2.254661
s_016um_00335_00211-1,2.4578252
s_016um_00222_00015-1,2.6354969
s_016um_00255_00020-1,2.0239012
s_016um_00043_00205-1,2.322429
s_016um_00359_00116-1,2.4375656
s_016um_00270_00332-1,2.384826
s_016um_00084_00030-1,2.5499988
s_016um_00399_00368-1,2.3918757
s_016um_00403_00148-1,2.454388
s_016um_00276_00311-1,2.2241635
s_016um_00171_00378-1,2.3925092
s_016um_00402_00150-1,2.350036
s_016um_00032_00333-1,2.456211
s_016um_00216_00283-1,2.4448707
s_016um_00084_00283-1,2.4401019
s_016um_00069_00235-1,2.2415135
s_016um_00312_00057-1,2.5468626
s_016um_00326_00306-1,2.3559325
s_016um_00333_00251-1,2.3562076
s_016um_00130_00321-1,2.3288538
s_016um_00285_00097-1,2.3065782
s_016um_00040_00105-1,2.4960692
s_016um_00224_00251-1,2.498933
s_016um_00191_00097-1,2.3665247
s_016um_00128_00390-1,2.3439217
s_016um_00046_00205-1,2.4321957
s_016um_00234_00261-1,2.2086084
s_016um_00276_00200-1,2.5225317
s_016um_00287_00094-1,2.3376057
s_016um_00189_00094-1,2.5300486
s_016um_00044_00242-1,1.8026896
s_016um_00008_00213-1,2.5360508
s_016um_00213_00296-1,2.6448169
s_016um_00102_00025-1,2.426285
s_016um_00398_00259-1,2.3255463
s_016um_00391_00292-1,2.2767842
s_016um_00336_00397-1,1.9793718
s_016um_00381_00127-1,2.473797
s_016um_00203_00145-1,2.2888215
s_016um_00131_00092-1,2.42651
s_016um_00037_00006-1,2.4552507
s_016um_00138_00071-1,2.7239926
s_016um_00399_00261-1,2.6301997
s_016um_00281_00328-1,2.5132327
s_016um_00088_00068-1,2.426659
s_016um_00170_00125-1,2.3000464
s_016um_00276_00052-1,2.1502628
s_016um_00082_00030-1,2.4541395
s_016um_00321_00170-1,2.279235
s_016um_00217_00285-1,2.3835418
s_016um_00190_00092-1,2.46948
s_016um_00098_00072-1,2.659671
s_016um_00192_00095-1,2.3958092
s_016um_00114_00147-1,2.395451
s_016um_00185_00026-1,2.1808798
s_016um_00081_00244-1,2.3064694
s_016um_00107_00384-1,2.048654
s_016um_00203_00150-1,2.2563405
s_016um_00323_00229-1,2.2625096
s_016um_00094_00276-1,2.3745494
s_016um_00273_00029-1,2.0094628
s_016um_00338_00395-1,2.1865993
s_016um_00400_00373-1,2.5617046
s_016um_00085_00271-1,2.2685504
s_016um_00077_00238-1,2.4139676
s_016um_00100_00025-1,2.3318927
s_016um_00032_00084-1,2.680378
s_016um_00215_00015-1,2.3420334
s_016um_00195_00129-1,2.4375193
s_016um_00283_00097-1,2.3363733
s_016um_00228_00263-1,2.4095855
s_016um_00327_00124-1,2.3352044
s_016um_00326_00305-1,2.4711819
s_016um_00273_00034-1,2.265883
s_016um_00069_00234-1,2.4019299
s_016um_00009_00158-1,2.5416567
s_016um_00179_00031-1,2.6105118
s_016um_00310_00056-1,2.461612
s_016um_00353_00115-1,2.5086808
s_016um_00011_00212-1,1.9949496
s_016um_00332_00250-1,2.2877128
s_016um_00359_00092-1,2.3820274
s_016um_00405_00127-1,2.2449849
s_016um_00312_00054-1,2.4151585
s_016um_00081_00031-1,2.324948
s_016um_00208_00031-1,2.1761413
s_016um_00004_00157-1,2.6089118
s_016um_00359_00287-1,2.4443886
s_016um_00126_00386-1,2.2240188
s_016um_00146_00054-1,2.4935288
s_016um_00333_00216-1,2.4574213
s_016um_00146_00055-1,2.450089
s_016um_00093_00335-1,2.307042
s_016um_00259_00187-1,2.4066956
s_016um_00398_00258-1,2.3797636
s_016um_00205_00149-1,2.3874347
s_016um_00174_00376-1,2.169875
s_016um_00110_00320-1,1.7389929
s_016um_00081_00035-1,2.791166
s_016um_00113_00321-1,2.133213
s_016um_00098_00339-1,2.5120726
s_016um_00229_00245-1,2.5217378
s_016um_00269_00230-1,2.5756626
s_016um_00236_00361-1,2.4941137
s_016um_00158_00290-1,2.4135861
s_016um_00280_00205-1,2.264197
s_016um_00319_00165-1,2.250992
s_016um_00085_00285-1,2.4251523
s_016um_00099_00066-1,2.4666796
s_016um_00242_00186-1,2.2876668
s_016um_00364_00222-1,2.2542577
s_016um_00101_00390-1,1.9927921
s_016um_00398_00360-1,2.23663
s_016um_00408_00152-1,2.260656
s_016um_00346_00217-1,2.1658373
s_016um_00220_00166-1,1.9620302
s_016um_00267_00036-1,2.4935932
s_016um_00259_00027-1,2.3499405
s_016um_00281_00324-1,2.4622965
s_016um_00102_00391-1,2.1961977
s_016um_00084_00036-1,2.5900407
s_016um_00087_00030-1,2.633795
s_016um_00220_00025-1,2.3497815
s_016um_00082_00069-1,2.5649781
s_016um_00278_00046-1,2.3957496
s_016um_00129_00089-1,2.5663116
s_016um_00384_00132-1,2.4276528
s_016um_00223_00170-1,2.1048646
s_016um_00084_00268-1,2.2668397
s_016um_00245_00088-1,2.3150802
s_016um_00065_00237-1,2.1993046
s_016um_00091_00278-1,2.347917
s_016um_00008_00150-1,2.4880366
s_016um_00216_00014-1,2.4030545
s_016um_00256_00032-1,2.411751
s_016um_00358_00415-1,2.318028
s_016um_00231_00268-1,2.167076
s_016um_00134_00069-1,2.3294215
s_016um_00257_00186-1,2.1789489
s_016um_00215_00291-1,2.413192
s_016um_00219_00015-1,2.2998023
s_016um_00396_00257-1,2.2296717
s_016um_00408_00401-1,0.6166527
s_016um_00127_00088-1,2.4953966
s_016um_00086_00271-1,2.3439927
s_016um_00129_00383-1,2.17956
s_016um_00365_00102-1,2.3083827
s_016um_00341_00398-1,2.1995854
s_016um_00190_00124-1,2.247034
s_016um_00135_00075-1,2.5044537
s_016um_00234_00358-1,2.35764
s_016um_00125_00383-1,2.5026183
s_016um_00371_00100-1,2.4062462
s_016um_00140_00057-1,2.316838
s_016um_00395_00363-1,2.5025396
s_016um_00041_00206-1,2.2562582
s_016um_00065_00232-1,2.2850158
s_016um_00271_00330-1,2.33051
s_016um_00271_00225-1,2.3923655
s_016um_00044_00209-1,2.4301982
s_016um_00119_00148-1,2.4670286
s_016um_00347_00216-1,2.5927713
s_016um_00227_00247-1,2.4807928
s_016um_00104_00387-1,2.3023868
s_016um_00229_00260-1,2.3410232
s_016um_00399_00214-1,2.470094
s_016um_00391_00293-1,2.4094222
s_016um_00162_00125-1,2.3499217
s_016um_00239_00183-1,2.4878564
s_016um_00396_00178-1,2.4534063
s_016um_00247_00084-1,2.5529518
s_016um_00136_00230-1,2.499662
s_016um_00086_00074-1,2.7854257
s_016um_00021_00266-1,2.4764302
s_016um_00402_00260-1,2.2618234
s_016um_00230_00361-1,2.4541626
s_016um_00374_00145-1,2.2473443
s_016um_00083_00285-1,2.489827
s_016um_00113_00319-1,2.1571634
s_016um_00011_00295-1,2.2756195
s_016um_00260_00027-1,2.2264903
s_016um_00108_00321-1,2.183169
s_016um_00233_00265-1,2.3145142
s_016um_00415_00102-1,2.4565094
s_016um_00275_00049-1,2.424827
s_016um_00048_00237-1,2.4622111
s_016um_00107_00383-1,2.397732
s_016um_00398_00215-1,2.36663
s_016um_00235_00357-1,2.2559283
s_016um_00394_00369-1,2.534266
s_016um_00129_00314-1,2.4875076
s_016um_00398_00217-1,2.3922453
s_016um_00407_00398-1,1.2204156
s_016um_00391_00298-1,1.9180906
s_016um_00402_00128-1,2.4166882
s_016um_00103_00066-1,2.3913107
s_016um_00040_00171-1,2.2574098
s_016um_00408_00100-1,2.4988387
s_016um_00020_00266-1,2.6538649
s_016um_00086_00196-1,2.0766964
s_016um_00204_00152-1,2.3892531
s_016um_00220_00225-1,2.5092826
s_016um_00129_00093-1,2.7513232
s_016um_00190_00122-1,2.1267395
s_016um_00269_00330-1,2.4440832
s_016um_00097_00273-1,2.289623
s_016um_00275_00135-1,2.3986385
s_016um_00213_00282-1,2.3957577
s_016um_00161_00288-1,2.0429518
s_016um_00179_00029-1,2.5534902
s_016um_00355_00119-1,2.3603814
s_016um_00376_00138-1,2.497684
s_016um_00221_00227-1,2.4015234
s_016um_00135_00070-1,2.0557709
s_016um_00355_00025-1,2.034266
s_016um_00029_00332-1,2.5504043
s_016um_00158_00291-1,2.1203449
s_016um_00218_00018-1,2.495202
s_016um_00417_00140-1,2.4398978
s_016um_00146_00400-1,2.3019807
s_016um_00370_00143-1,2.1018302
s_016um_00163_00291-1,2.6239958
s_016um_00029_00090-1,2.5581806
s_016um_00411_00149-1,2.6120784
s_016um_00164_00124-1,2.3768818
s_016um_00043_00212-1,2.3415058
s_016um_00193_00123-1,2.3306768
s_016um_00064_00234-1,1.5877825
s_016um_00262_00330-1,2.4535222
s_016um_00064_00131-1,2.509624
s_016um_00391_00181-1,2.1681862
s_016um_00260_00187-1,2.3950753
s_016um_00220_00170-1,2.5809534
s_016um_00403_00255-1,2.5013752
s_016um_00416_00140-1,2.3889785
s_016um_00084_00200-1,2.6005075
s_016um_00084_00193-1,2.305772
s_016um_00238_00185-1,2.2995155
s_016um_00027_00088-1,2.5592353
s_016um_00132_00384-1,2.469653
s_016um_00013_00207-1,2.4855406
s_016um_00249_00027-1,2.4060109
s_016um_00367_00097-1,2.3650897
s_016um_00352_00017-1,2.2126274
s_016um_00137_00077-1,2.4494503
s_016um_00083_00199-1,2.357073
s_016um_00399_00256-1,2.2532647
s_016um_00178_00029-1,2.5793123
s_016um_00125_00387-1,2.2477183
s_016um_00107_00317-1,2.1637158
s_016um_00345_00218-1,2.242993
s_016um_00057_00242-1,2.447277
s_016um_00278_00203-1,2.5204628
s_016um_00042_00241-1,2.264725
s_016um_00251_00018-1,2.365011
s_016um_00052_00246-1,2.3313937
s_016um_00119_00143-1,1.0791668
s_016um_00202_00149-1,2.2950296
s_016um_00399_00121-1,2.3212585
s_016um_00358_00089-1,2.2123091
s_016um_00412_00102-1,2.3586457
s_016um_00130_00093-1,2.8593097
s_016um_00139_00076-1,2.3770034
s_016um_00099_00316-1,2.579866
s_016um_00278_00045-1,2.7730443
s_016um_00276_00226-1,2.327519
s_016um_00357_00090-1,2.4704769
s_016um_00135_00215-1,1.7824805
s_016um_00149_00394-1,2.3322437
s_016um_00031_00332-1,2.4338963
s_016um_00235_00188-1,2.4695063
s_016um_00096_00316-1,2.4325538
s_016um_00276_00314-1,2.191454
s_016um_00223_00334-1,2.3991258
s_016um_00033_00098-1,2.6504133
s_016um_00068_00236-1,2.3221345
s_016um_00035_00103-1,2.4125745
s_016um_00075_00249-1,2.5087638
s_016um_00085_00066-1,2.4866545
s_016um_00046_00212-1,2.3948479
s_016um_00042_00204-1,2.4809215
s_016um_00391_00339-1,2.4563124
s_016um_00327_00214-1,2.603548
s_016um_00036_00103-1,2.4840717
s_016um_00327_00212-1,2.1260014
s_016um_00084_00264-1,2.2723825
s_016um_00395_00357-1,1.9792216
s_016um_00014_00266-1,2.4352522
s_016um_00266_00035-1,2.4534993
s_016um_00353_00116-1,2.3869872
s_016um_00227_00248-1,2.4061399
s_016um_00388_00338-1,2.4689574
s_016um_00275_00052-1,2.4915416
s_016um_00367_00094-1,2.5861924
s_016um_00159_00287-1,2.1925685
s_016um_00220_00028-1,2.4887285
s_016um_00271_00336-1,2.4782596
s_016um_00042_00042-1,2.4945805
s_016um_00260_00029-1,2.542923
s_016um_00374_00146-1,2.184045
s_016um_00387_00129-1,2.3769531
s_016um_00231_00362-1,2.4781957
s_016um_00413_00104-1,2.4338162
s_016um_00075_00241-1,2.5183377
s_016um_00090_00071-1,2.4411123
s_016um_00327_00306-1,2.2750964
s_016um_00100_00385-1,2.2282836
s_016um_00145_00399-1,2.299253
s_016um_00397_00258-1,2.5823638
s_016um_00140_00216-1,2.3156857
s_016um_00142_00054-1,2.4093103
s_016um_00325_00229-1,2.3750725
s_016um_00094_00340-1,2.389839
s_016um_00355_00021-1,2.259994
s_016um_00040_00177-1,2.4052627
s_016um_00356_00291-1,2.3447585
s_016um_00327_00232-1,2.355554
s_016um_00194_00121-1,2.0260346
s_016um_00140_00021-1,2.5056174
s_016um_00370_00142-1,2.1443179
s_016um_00037_00043-1,2.5454857
s_016um_00266_00058-1,2.0643754
s_016um_00012_00295-1,2.274533
s_016um_00017_00268-1,2.4814694
s_016um_00257_00035-1,2.2324524
s_016um_00265_00135-1,2.0739396
s_016um_00221_00235-1,2.1811767
s_016um_00325_00162-1,2.490029
s_016um_00037_00008-1,2.300018
s_016um_00143_00057-1,2.6546896
s_016um_00077_00242-1,2.4835274
s_016um_00136_00215-1,1.7582555
s_016um_00166_00374-1,2.3384554
s_016um_00398_00366-1,2.5631337
s_016um_00370_00141-1,2.4448762
s_016um_00237_00360-1,2.435515
s_016um_00008_00155-1,2.465919
s_016um_00363_00227-1,2.4491298
s_016um_00384_00139-1,2.268015
s_016um_00396_00367-1,2.2003133
s_016um_00246_00085-1,2.2970555
s_016um_00221_00010-1,2.6471453
s_016um_00249_00026-1,2.5878892
s_016um_00394_00342-1,2.6116648
s_016um_00392_00339-1,2.449176
s_016um_00324_00304-1,2.1997466
s_016um_00394_00186-1,2.4462507
s_016um_00121_00147-1,2.5858123
s_016um_00272_00031-1,2.2142422
s_016um_00323_00304-1,2.2967265
s_016um_00217_00233-1,2.238857
s_016um_00377_00140-1,2.398562
s_016um_00270_00330-1,2.520253
s_016um_00083_00035-1,2.3207839
s_016um_00406_00398-1,1.0993408
s_016um_00352_00089-1,2.3707998
s_016um_00367_00101-1,2.2454653
s_016um_00066_00238-1,2.2291205
s_016um_00221_00014-1,2.2463686
s_016um_00222_00030-1,2.4001942
s_016um_00272_00222-1,2.3580587
s_016um_00195_00095-1,2.5019562
s_016um_00217_00015-1,2.8359938
s_016um_00016_00266-1,2.2713532
s_016um_00226_00329-1,2.3983126
s_016um_00215_00297-1,2.5006177
s_016um_00095_00271-1,2.361325
s_016um_00236_00266-1,2.4628913
s_016um_00188_00094-1,2.5418906
s_016um_00274_00333-1,2.3569238
s_016um_00395_00369-1,2.4967833
s_016um_00163_00126-1,2.3387775
s_016um_00095_00339-1,2.434302
s_016um_00076_00300-1,2.4039109
s_016um_00234_00359-1,2.4786682
s_016um_00090_00067-1,2.5099175
s_016um_00034_00008-1,2.44387
s_016um_00040_00212-1,2.0107875
s_016um_00082_00240-1,2.501999
s_016um_00271_00231-1,2.4451387
s_016um_00271_00057-1,2.5100641
s_016um_00273_00133-1,2.3694696
s_016um_00330_00254-1,2.4141948
s_016um_00070_00248-1,2.380196
s_016um_00062_00125-1,2.4982903
s_016um_00362_00228-1,2.4742956
s_016um_00277_00313-1,2.4159355
s_016um_00126_00388-1,2.0627482
s_016um_00329_00123-1,2.3086169
s_016um_00358_00119-1,2.5255263
s_016um_00328_00225-1,2.4745698
s_016um_00373_00147-1,1.8099434
s_016um_00276_00203-1,2.3856337
s_016um_00372_00147-1,1.8597813
s_016um_00006_00155-1,2.4031887
s_016um_00145_00057-1,2.5743735
s_016um_00326_00226-1,2.2412515
s_016um_00222_00172-1,2.2506068
s_016um_00057_00248-1,2.3508127
s_016um_00083_00267-1,2.387926
s_016um_00397_00216-1,2.5468338
s_016um_00341_00400-1,2.0784447
s_016um_00075_00299-1,2.4570963
s_016um_00236_00362-1,2.388016
s_016um_00077_00240-1,2.6339073
s_016um_00365_00100-1,2.5159667
s_016um_00370_00117-1,2.5303059
s_016um_00407_00102-1,2.1061168
s_016um_00401_00396-1,2.1735544
s_016um_00229_00332-1,2.1860635
s_016um_00120_00146-1,2.4597385
s_016um_00040_00174-1,2.3983066
s_016um_00340_00216-1,2.4142783
s_016um_00105_00383-1,2.2698426
s_016um_00410_00102-1,2.406645
s_016um_00267_00059-1,2.4357598
s_016um_00338_00397-1,1.9082525
s_016um_00134_00232-1,2.449941
s_016um_00402_00126-1,2.4686036
s_016um_00254_00034-1,2.4792628
s_016um_00136_00318-1,1.3479402
s_016um_00131_00094-1,2.7026725
s_016um_00394_00338-1,2.5939488
s_016um_00222_00174-1,2.3994665
s_016um_00037_00103-1,2.459371
s_016um_00376_00121-1,2.255509
s_016um_00402_00398-1,1.0374516
s_016um_00327_00228-1,2.497043
s_016um_00041_00205-1,2.434134
s_016um_00005_00211-1,2.4290783
s_016um_00271_00030-1,2.46519
s_016um_00324_00230-1,2.3522515
s_016um_00394_00343-1,2.6081793
s_016um_00203_00146-1,2.159335
s_016um_00067_00128-1,2.6477854
s_016um_00218_00281-1,2.10468
s_016um_00014_00297-1,2.2725558
s_016um_00221_00226-1,2.5654917
s_016um_00183_00025-1,2.94118
s_016um_00075_00247-1,2.4053285
s_016um_00035_00104-1,2.394267
s_016um_00135_00218-1,2.352634
s_016um_00396_00368-1,2.4792895
s_016um_00168_00127-1,2.2759104
s_016um_00216_00232-1,2.4862158
s_016um_00254_00029-1,2.3199542
s_016um_00263_00192-1,2.4450634
s_016um_00264_00186-1,1.4883996
s_016um_00084_00035-1,2.401883
s_016um_00040_00205-1,2.4391527
s_016um_00372_00144-1,2.0638962
s_016um_00126_00389-1,2.333001
s_016um_00128_00319-1,2.1900864
s_016um_00008_00294-1,2.414058
s_016um_00277_00052-1,2.2459457
s_016um_00102_00065-1,2.462837
s_016um_00092_00269-1,2.472867
s_016um_00262_00030-1,2.3226688
s_016um_00129_00315-1,2.0951793
s_016um_00338_00405-1,2.2926266
s_016um_00173_00375-1,2.4207711
s_016um_00356_00121-1,2.4229913
s_016um_00269_00061-1,2.161132
s_016um_00010_00300-1,2.378575
s_016um_00093_00338-1,2.443342
s_016um_00006_00300-1,2.4704905
s_016um_00353_00026-1,2.2702444
s_016um_00330_00257-1,2.1969059
s_016um_00243_00090-1,2.2226334
s_016um_00082_00297-1,2.5744631
s_016um_00145_00058-1,2.4934359
s_016um_00399_00262-1,2.3891206
s_016um_00074_00250-1,2.3797605
s_016um_00337_00399-1,2.3742032
s_016um_00233_00091-1,2.3652697
s_016um_00105_00390-1,2.1999996
s_016um_00141_00022-1,2.1693072
s_016um_00037_00041-1,2.5760655
s_016um_00239_00087-1,2.2492774
s_016um_00102_00071-1,2.5356822
s_016um_00174_00377-1,2.3146768
s_016um_00338_00404-1,2.3083904
s_016um_00036_00007-1,2.530489
s_016um_00171_00376-1,2.3315203
s_016um_00277_00134-1,2.4278843
s_016um_00066_00131-1,2.3683305
s_016um_00150_00394-1,2.5363019
s_016um_00134_00233-1,2.5689564
s_016um_00359_00411-1,1.7772379
s_016um_00276_00209-1,2.2517943
s_016um_00380_00136-1,2.507768
s_016um_00039_00210-1,2.1401296
s_016um_00406_00144-1,2.4446597
s_016um_00339_00397-1,2.0875177
s_016um_00117_00145-1,2.334704
s_016um_00139_00058-1,2.3609047
s_016um_00341_00214-1,2.3881986
s_016um_00093_00321-1,2.454855
s_016um_00037_00047-1,2.4071128
s_016um_00254_00032-1,2.4157474
s_016um_00034_00105-1,2.7033525
s_016um_00055_00250-1,2.6666434
s_016um_00053_00243-1,2.5426223
s_016um_00009_00299-1,2.5040505
s_016um_00367_00141-1,2.4325047
s_016um_00279_00047-1,2.3873084
s_016um_00094_00271-1,2.5521455
s_016um_00207_00149-1,2.4810886
s_016um_00352_00024-1,2.2756135
s_016um_00416_00137-1,2.4661713
s_016um_00084_00195-1,1.6204935
s_016um_00270_00061-1,2.6086
s_016um_00346_00219-1,2.476893
s_016um_00236_00356-1,2.513133
s_016um_00203_00144-1,2.188308
s_016um_00161_00292-1,2.4484084
s_016um_00128_00387-1,2.2835574
s_016um_00043_00203-1,2.2584434
s_016um_00407_00122-1,2.5245042
s_016um_00072_00246-1,2.2891126
s_016um_00385_00136-1,2.4191837
s_016um_00348_00214-1,2.5607452
s_016um_00219_00230-1,2.3565352
s_016um_00331_00215-1,2.4814122
s_016um_00381_00126-1,2.354357
s_016um_00218_00227-1,2.3964672
s_016um_00045_00239-1,2.6739488
s_016um_00154_00398-1,2.3938656
s_016um_00385_00131-1,2.4276233
s_016um_00385_00126-1,2.1276078
s_016um_00035_00007-1,2.3780463
s_016um_00233_00086-1,2.4675837
s_016um_00276_00043-1,2.3497493
s_016um_00234_00086-1,2.4562218
s_016um_00157_00286-1,2.0497801
s_016um_00079_00291-1,2.3295507
s_016um_00277_00323-1,2.5124214
s_016um_00072_00251-1,2.32979
s_016um_00288_00097-1,2.4850159
s_016um_00415_00136-1,2.4086752
s_016um_00164_00128-1,2.329341
s_016um_00130_00090-1,2.6450157
s_016um_00225_00331-1,2.448392
s_016um_00397_00218-1,2.2382896
s_016um_00082_00242-1,2.4546773
s_016um_00116_00147-1,2.2525797
s_016um_00227_00249-1,2.4349906
s_016um_00095_00279-1,2.171751
s_016um_00056_00246-1,2.285687
s_016um_00334_00253-1,2.187876
s_016um_00252_00019-1,2.5220068
s_016um_00139_00021-1,2.5652173
s_016um_00319_00164-1,2.2810774
s_016um_00111_00313-1,2.6308026
s_016um_00247_00022-1,2.4949515
s_016um_00150_00398-1,2.6617296
s_016um_00044_00218-1,2.3360198
s_016um_00057_00251-1,2.560736
s_016um_00132_00316-1,1.4402604
s_016um_00276_00329-1,2.3486521
s_016um_00109_00317-1,2.25461
s_016um_00393_00340-1,2.40596
s_016um_00218_00173-1,2.3322103
s_016um_00280_00048-1,1.8213532
s_016um_00246_00090-1,2.227868
s_016um_00044_00175-1,2.5329394
s_016um_00045_00244-1,2.5376515
s_016um_00321_00300-1,2.1689441
s_016um_00369_00144-1,2.2262778
s_016um_00086_00073-1,2.3117466
s_016um_00374_00118-1,1.921565
s_016um_00326_00224-1,2.5883389
s_016um_00141_00015-1,2.354247
s_016um_00081_00193-1,2.0355883
s_016um_00124_00386-1,2.2660427
s_016um_00011_00151-1,2.5057716
s_016um_00107_00387-1,2.4460192
s_016um_00397_00374-1,2.5734832
s_016um_00241_00083-1,2.2576632
s_016um_00360_00418-1,2.0028956
s_016um_00092_00273-1,2.422522
s_016um_00269_00030-1,2.4306562
s_016um_00359_00413-1,2.072844
s_016um_00232_00362-1,2.4556737
s_016um_00233_00266-1,2.4092767
s_016um_00223_00239-1,2.131161
s_016um_00136_00319-1,1.5004027
s_016um_00275_00209-1,2.3722234
s_016um_00246_00023-1,2.4565887
s_016um_00405_00125-1,2.394018
s_016um_00130_00230-1,2.4225588
s_016um_00234_00092-1,1.9641869
s_016um_00364_00230-1,2.394933
s_016um_00147_00058-1,2.4423432
s_016um_00039_00009-1,2.4592206
s_016um_00148_00401-1,2.085197
s_016um_00080_00292-1,2.359434
s_016um_00393_00294-1,2.5062199
s_016um_00357_00415-1,1.9547892
s_016um_00248_00025-1,2.5245714
s_016um_00085_00073-1,2.2671657
s_016um_00397_00180-1,2.35487
s_016um_00396_00180-1,2.3536446
s_016um_00096_00274-1,2.4454703
s_016um_00120_00143-1,1.6551089
s_016um_00246_00089-1,2.432533
s_016um_00011_00157-1,2.542551
s_016um_00264_00128-1,2.2966821
s_016um_00095_00029-1,2.2617624
s_016um_00036_00099-1,2.4908607
s_016um_00097_00027-1,2.5203135
s_016um_00192_00094-1,2.4611797
s_016um_00171_00127-1,2.4494956
s_016um_00123_00150-1,2.521052
s_016um_00213_00290-1,2.382412
s_016um_00400_00398-1,1.5806817
s_016um_00394_00360-1,1.9706045
s_016um_00229_00235-1,2.4790254
s_016um_00029_00336-1,2.5101442
s_016um_00034_00010-1,2.425786
s_016um_00145_00056-1,2.7567832
s_016um_00372_00125-1,2.5819361
s_016um_00216_00284-1,2.3186364
s_016um_00272_00202-1,2.355798
s_016um_00036_00042-1,2.5781944
s_016um_00043_00217-1,2.457991
s_016um_00272_00330-1,2.4252403
s_016um_00145_00396-1,2.3544059
s_016um_00215_00029-1,2.3759208
s_016um_00100_00069-1,2.3142684
s_016um_00100_00067-1,2.5018823
s_016um_00040_00204-1,2.4287372
s_016um_00013_00299-1,2.4284396
s_016um_00089_00065-1,2.7311327
s_016um_00279_00133-1,2.4661896
s_016um_00218_00229-1,2.521135
s_016um_00006_00152-1,2.545766
s_016um_00326_00229-1,2.3898842
s_016um_00259_00031-1,2.44786
s_016um_00396_00358-1,2.4512022
s_016um_00124_00090-1,2.5665474
s_016um_00018_00270-1,2.5217373
s_016um_00269_00224-1,2.4751635
s_016um_00162_00293-1,2.50458
s_016um_00027_00333-1,2.402269
s_016um_00403_00149-1,2.362791
s_016um_00350_00019-1,2.0592594
s_016um_00406_00123-1,2.1904569
s_016um_00036_00100-1,2.4562423
s_016um_00102_00072-1,2.6034462
s_016um_00130_00387-1,2.3403382
s_016um_00267_00333-1,2.0731938
s_016um_00191_00128-1,2.386596
s_016um_00359_00416-1,1.7040657
s_016um_00218_00017-1,2.438152
s_016um_00388_00344-1,2.4541807
s_016um_00079_00301-1,2.3720984
s_016um_00287_00100-1,2.486645
s_016um_00084_00031-1,2.406583
s_016um_00221_00169-1,2.3240795
s_016um_00044_00042-1,2.421938
s_016um_00229_00329-1,2.4535737
s_016um_00343_00218-1,2.28001
s_016um_00082_00196-1,1.9360085
s_016um_00270_00030-1,2.2301946
s_016um_00362_00416-1,1.730727
s_016um_00053_00244-1,2.3695874
s_016um_00390_00182-1,2.4475172
s_016um_00099_00028-1,2.5172067
s_016um_00386_00132-1,2.435991
s_016um_00328_00123-1,2.4990692
s_016um_00071_00235-1,2.3881927
s_016um_00224_00335-1,2.3567493
s_016um_00108_00386-1,2.1812863
s_016um_00386_00127-1,2.4008086
s_016um_00138_00069-1,2.443023
s_016um_00099_00024-1,2.3587627
s_016um_00286_00092-1,2.3420117
s_016um_00238_00186-1,2.5022469
s_016um_00371_00096-1,2.4348114
s_016um_00043_00237-1,2.327611
s_016um_00189_00123-1,2.21565
s_016um_00063_00126-1,2.6776545
s_016um_00084_00286-1,2.578546
s_016um_00291_00094-1,2.2028441
s_016um_00128_00089-1,2.127359
s_016um_00340_00397-1,2.2429042
s_016um_00267_00328-1,2.4570386
s_016um_00217_00280-1,2.346117
s_016um_00269_00331-1,2.4003487
s_016um_00393_00343-1,2.3449366
s_016um_00213_00297-1,2.5636852
s_016um_00276_00049-1,2.4800556
s_016um_00410_00152-1,2.386924
s_016um_00254_00023-1,2.7969577
s_016um_00322_00230-1,2.2762682
s_016um_00397_00221-1,2.2840247
s_016um_00092_00322-1,2.3767831
s_016um_00039_00102-1,2.4841814
s_016um_00217_00018-1,2.3713176
s_016um_00232_00089-1,2.4704163
s_016um_00268_00058-1,2.046408
s_016um_00341_00396-1,2.3396893
s_016um_00277_00209-1,2.2960753
s_016um_00400_00257-1,2.2390294
s_016um_00278_00319-1,2.350024
s_016um_00038_00097-1,2.442769
s_016um_00084_00201-1,2.4738529
s_016um_00250_00024-1,2.5494528
s_016um_00404_00259-1,2.2126534
s_016um_00005_00295-1,2.3551943
s_016um_00142_00018-1,2.5757952
s_016um_00087_00272-1,2.4378176
s_016um_00133_00093-1,2.616416
s_016um_00130_00088-1,2.4885151
s_016um_00275_00311-1,2.525766
s_016um_00256_00028-1,2.1807876
s_016um_00078_00248-1,2.011264
s_016um_00098_00030-1,2.3944721
s_016um_00108_00316-1,2.4250495
s_016um_00234_00262-1,2.3749146
s_016um_00216_00282-1,2.3974462
s_016um_00404_00395-1,1.7998552
s_016um_00220_00282-1,2.3266318
s_016um_00190_00126-1,2.1095405
s_016um_00309_00056-1,2.362906
s_016um_00351_00115-1,2.2855196
s_016um_00370_00123-1,2.3270922
s_016um_00180_00032-1,2.6860814
s_016um_00083_00195-1,1.9856999
s_016um_00244_00081-1,2.2271268
s_016um_00229_00263-1,2.277966
s_016um_00259_00128-1,2.3769615
s_016um_00397_00219-1,2.435854
s_016um_00065_00233-1,2.1058402
s_016um_00164_00125-1,2.362331
s_016um_00019_00272-1,2.6438205
s_016um_00357_00287-1,2.3957772
s_016um_00403_00400-1,0.21361756
s_016um_00163_00287-1,2.4174185
s_016um_00374_00143-1,2.184113
s_016um_00281_00327-1,2.599368
s_016um_00277_00202-1,2.324576
s_016um_00115_00317-1,2.4651096
s_016um_00233_00354-1,2.302679
s_016um_00379_00133-1,2.6619341
s_016um_00007_00299-1,2.39875
s_016um_00348_00020-1,2.4524403
s_016um_00086_00266-1,2.5227418
s_016um_00274_00138-1,2.2626004
s_016um_00039_00179-1,2.4052117
s_016um_00350_00025-1,2.4148834
s_016um_00082_00294-1,2.519505
s_016um_00132_00093-1,2.4398162
s_016um_00163_00128-1,2.4769468
s_016um_00235_00187-1,2.3696887
s_016um_00040_00178-1,2.5931964
s_016um_00262_00191-1,2.2561574
s_016um_00378_00134-1,2.315638
s_016um_00261_00130-1,1.9622211
s_016um_00140_00058-1,2.4505866
s_016um_00392_00341-1,2.2059565
s_016um_00079_00294-1,2.373215
s_016um_00237_00187-1,2.5119295
s_016um_00400_00128-1,2.3568714
s_016um_00403_00152-1,2.4767284
s_016um_00098_00031-1,2.501131
s_016um_00238_00091-1,2.104262
s_016um_00268_00223-1,2.2137403
s_016um_00267_00056-1,1.9964631
s_016um_00236_00264-1,2.5862515
s_016um_00240_00091-1,2.6510425
s_016um_00308_00060-1,2.3916595
s_016um_00350_00018-1,2.3640673
s_016um_00277_00317-1,2.4847713
s_016um_00218_00284-1,2.3788874
s_016um_00275_00323-1,2.4879725
s_016um_00146_00020-1,2.6315522
s_016um_00082_00269-1,2.3534508
s_016um_00133_00231-1,2.5371573
s_016um_00043_00214-1,2.257551
s_016um_00243_00188-1,2.259375
s_016um_00368_00141-1,2.4366026
s_016um_00218_00027-1,2.3342156
s_016um_00063_00129-1,2.5183392
s_016um_00403_00121-1,2.285032
s_016um_00044_00048-1,2.5307488
s_016um_00217_00027-1,2.2812412
s_016um_00007_00298-1,2.3781395
s_016um_00265_00333-1,2.4695115
s_016um_00166_00121-1,2.1519156
s_016um_00359_00118-1,2.4635336
s_016um_00351_00120-1,2.5639021
s_016um_00139_00069-1,2.684994
s_016um_00037_00175-1,2.687628
s_016um_00043_00219-1,2.4414268
s_016um_00339_00401-1,2.397856
s_016um_00391_00177-1,2.3993435
s_016um_00115_00145-1,2.004394
s_016um_00110_00312-1,2.5018559
s_016um_00353_00114-1,2.3368776
s_016um_00028_00330-1,2.5419374
s_016um_00393_00217-1,2.3111432
s_016um_00234_00357-1,2.5593817
s_016um_00008_00298-1,2.3684552
s_016um_00239_00088-1,2.1046846
s_016um_00322_00231-1,2.226285
s_016um_00080_00239-1,2.4106798
s_016um_00220_00165-1,2.2272594
s_016um_00268_00031-1,2.2548172
s_016um_00016_00270-1,2.2842994
s_016um_00038_00100-1,2.548693
s_016um_00351_00090-1,2.406905
s_016um_00045_00245-1,2.5338328
s_016um_00257_00030-1,2.5777411
s_016um_00277_00044-1,2.6285543
s_016um_00082_00031-1,2.444058
s_016um_00358_00097-1,2.3830512
s_016um_00397_00360-1,2.2837412
s_016um_00220_00231-1,2.316228
s_016um_00355_00287-1,2.1328204
s_016um_00086_00270-1,2.4222338
s_016um_00379_00134-1,2.2486138
s_016um_00149_00393-1,2.3838665
s_016um_00264_00054-1,2.1416724
s_016um_00412_00103-1,2.5781252
s_016um_00262_00131-1,2.3775694
s_016um_00325_00167-1,2.3714404
s_016um_00048_00213-1,2.5038831
s_016um_00227_00233-1,2.3957794
s_016um_00189_00125-1,2.13901
s_016um_00067_00132-1,2.5357997
s_016um_00270_00229-1,2.482121
s_016um_00132_00317-1,1.379061
s_016um_00407_00104-1,2.4887881
s_016um_00261_00032-1,2.3745768
s_016um_00222_00249-1,2.2985766
s_016um_00098_00318-1,2.4281235
s_016um_00128_00230-1,2.3064969
s_016um_00220_00229-1,2.4244263
s_016um_00397_00363-1,2.4241722
s_016um_00100_00023-1,2.3681712
s_016um_00081_00236-1,2.1871076
s_016um_00216_00278-1,2.4367275
s_016um_00353_00024-1,2.183106
s_016um_00076_00252-1,2.1303532
s_016um_00322_00169-1,2.1891513
s_016um_00121_00150-1,2.5560877
s_016um_00332_00212-1,2.4877274
s_016um_00042_00237-1,2.5422187
s_016um_00382_00140-1,2.3654149
s_016um_00354_00118-1,2.3228595
s_016um_00119_00142-1,2.1228187
s_016um_00128_00227-1,2.5232658
s_016um_00337_00402-1,2.425082
s_016um_00079_00194-1,2.050417
s_016um_00370_00146-1,2.2949662
s_016um_00183_00029-1,2.8843045
s_016um_00332_00121-1,2.2489192
s_016um_00086_00272-1,2.5256023
s_016um_00047_00214-1,2.640232
s_016um_00086_00267-1,2.3023345
s_016um_00166_00371-1,2.3071234
s_016um_00262_00134-1,2.0651553
s_016um_00403_00260-1,2.403528
s_016um_00395_00185-1,2.3071454
s_016um_00085_00201-1,2.5635276
s_016um_00273_00222-1,2.291847
s_016um_00274_00044-1,2.3438232
s_016um_00066_00130-1,2.736683
s_016um_00250_00022-1,2.4737883
s_016um_00405_00151-1,2.2950366
s_016um_00083_00273-1,2.3431697
s_016um_00324_00226-1,2.3245254
s_016um_00257_00025-1,2.4447706
s_016um_00236_00086-1,2.2039032
s_016um_00115_00148-1,2.328334
s_016um_00354_00090-1,2.4493556
s_016um_00224_00327-1,2.134636
s_016um_00161_00289-1,2.3594556
s_016um_00208_00296-1,2.2710674
s_016um_00034_00333-1,2.3914742
s_016um_00322_00301-1,2.3511481
s_016um_00178_00031-1,2.7854664
s_016um_00375_00123-1,2.3774211
s_016um_00081_00278-1,2.362508
s_016um_00211_00296-1,2.2376494
s_016um_00066_00133-1,2.5772073
s_016um_00041_00174-1,2.460196
s_016um_00097_00071-1,2.4878979
s_016um_00145_00019-1,2.4768884
s_016um_00168_00125-1,2.190391
s_016um_00057_00246-1,2.0991921
s_016um_00102_00389-1,2.2540114
s_016um_00269_00227-1,2.3779268
s_016um_00127_00089-1,2.3360245
s_016um_00113_00316-1,2.4407933
s_016um_00392_00337-1,2.443468
s_016um_00019_00266-1,2.410633
s_016um_00147_00398-1,2.4420834
s_016um_00385_00132-1,2.5030668
s_016um_00353_00095-1,2.2981439
s_016um_00408_00145-1,2.3796573
s_016um_00322_00170-1,2.3067162
s_016um_00372_00096-1,2.397755
s_016um_00262_00187-1,2.4432783
s_016um_00018_00266-1,2.356204
s_016um_00046_00217-1,2.338404
s_016um_00037_00044-1,2.5260806
s_016um_00023_00268-1,2.4249659
s_016um_00028_00089-1,2.7178407
s_016um_00271_00061-1,2.5067034
s_016um_00399_00127-1,2.4411306
s_016um_00132_00229-1,2.4320083
s_016um_00324_00298-1,2.355606
s_016um_00222_00011-1,2.729226
s_016um_00040_00048-1,2.4838874
s_016um_00261_00331-1,2.3123937
s_016um_00258_00187-1,2.1183002
s_016um_00275_00314-1,2.092002
s_016um_00267_00035-1,2.437513
s_016um_00276_00207-1,2.5934389
s_016um_00263_00135-1,2.1731675
s_016um_00083_00065-1,2.8447387
s_016um_00406_00147-1,2.3931744
s_016um_00414_00143-1,2.4951503
s_016um_00399_00220-1,2.370761
s_016um_00382_00128-1,2.3268397
s_016um_00096_00031-1,2.537308
s_016um_00343_00212-1,2.2854433
s_016um_00055_00247-1,2.1839826
s_016um_00066_00129-1,2.5411944
s_016um_00397_00259-1,2.3288753
s_016um_00040_00099-1,2.5074015
s_016um_00366_00222-1,2.341169
s_016um_00218_00169-1,2.0119262
s_016um_00277_00129-1,2.3090632
s_016um_00069_00131-1,2.485955
s_016um_00359_00094-1,2.43895
s_016um_00352_00097-1,2.3733475
s_016um_00381_00132-1,2.2580888
s_016um_00077_00244-1,2.406279
s_016um_00359_00120-1,2.4981847
s_016um_00277_00319-1,2.47197
s_016um_00406_00126-1,2.4357948
s_016um_00396_00341-1,2.6650372
s_016um_00341_00218-1,2.2014022
s_016um_00402_00151-1,2.4481966
s_016um_00285_00092-1,2.5093472
s_016um_00045_00208-1,2.4829988
s_016um_00019_00267-1,2.4834561
s_016um_00355_00288-1,2.4556417
s_016um_00396_00364-1,2.4816175
s_016um_00030_00336-1,2.5586672
s_016um_00369_00139-1,2.40895
s_016um_00061_00245-1,2.1684513
s_016um_00222_00334-1,2.602148
s_016um_00327_00119-1,2.0661147
s_016um_00272_00045-1,2.233259
s_016um_00092_00318-1,2.2240016
s_016um_00261_00133-1,2.3992682
s_016um_00161_00290-1,2.383462
s_016um_00224_00026-1,2.3282082
s_016um_00319_00302-1,2.5371454
s_016um_00211_00292-1,2.0312147
s_016um_00270_00054-1,2.2195747
s_016um_00280_00046-1,2.3911037
s_016um_00040_00101-1,2.3689446
s_016um_00273_00336-1,2.4447198
s_016um_00399_00373-1,2.058024
s_016um_00141_00217-1,2.2784271
s_016um_00394_00344-1,2.2629135
s_016um_00327_00213-1,2.440656
s_016um_00286_00095-1,2.280324
s_016um_00272_00229-1,2.5589175
s_016um_00355_00088-1,2.247349
s_016um_00351_00018-1,2.4502602
s_016um_00271_00035-1,2.43841
s_016um_00085_00197-1,2.3132048
s_016um_00141_00220-1,2.35814
s_016um_00372_00126-1,2.4805388
s_016um_00019_00271-1,2.2649052
s_016um_00388_00340-1,2.5871918
s_016um_00211_00291-1,1.9490163
s_016um_00220_00172-1,2.2772424
s_016um_00218_00226-1,2.3329842
s_016um_00328_00218-1,2.418263
s_016um_00330_00252-1,2.5081532
s_016um_00107_00389-1,2.22972
s_016um_00074_00296-1,2.3422694
s_016um_00280_00045-1,2.3150744
s_016um_00273_00318-1,2.2384102
s_016um_00251_00023-1,2.248101
s_016um_00349_00018-1,2.4510815
s_016um_00372_00143-1,1.5096786
s_016um_00267_00132-1,2.4896314
s_016um_00219_00169-1,2.3224955
s_016um_00400_00220-1,2.491023
s_016um_00268_00034-1,2.3059993
s_016um_00263_00329-1,2.4891026
s_016um_00222_00329-1,2.5265176
s_016um_00326_00298-1,2.4328172
s_016um_00351_00025-1,2.632899
s_016um_00344_00218-1,2.0514324
s_016um_00369_00096-1,2.4622698
s_016um_00333_00256-1,2.2468207
s_016um_00134_00230-1,2.5569563
s_016um_00069_00127-1,2.679093
s_016um_00324_00227-1,2.391658
s_016um_00326_00124-1,2.2670858
s_016um_00392_00297-1,1.6836699
s_016um_00253_00032-1,2.57364
s_016um_00278_00206-1,2.4101968
s_016um_00055_00245-1,2.2688057
s_016um_00100_00388-1,2.2314534
s_016um_00224_00238-1,2.4848962
s_016um_00273_00030-1,2.25744
s_016um_00394_00185-1,2.4260392
s_016um_00004_00297-1,2.4987512
s_016um_00329_00124-1,2.4065762
s_016um_00179_00033-1,2.5457757
s_016um_00398_00183-1,2.4486322
s_016um_00010_00207-1,2.521866
s_016um_00278_00327-1,2.7939205
s_016um_00088_00034-1,2.5139709
s_016um_00285_00095-1,2.290659
s_016um_00239_00188-1,2.3743942
s_016um_00314_00056-1,2.3427417
s_016um_00262_00133-1,2.5261502
s_016um_00067_00238-1,2.3623714
s_016um_00040_00104-1,2.4886556
s_016um_00379_00132-1,2.4773843
s_016um_00379_00136-1,2.4473164
s_016um_00075_00242-1,2.2852783
s_016um_00127_00090-1,2.5566113
s_016um_00227_00332-1,2.4403157
s_016um_00404_00397-1,1.5057399
s_016um_00046_00208-1,2.5515919
s_016um_00403_00397-1,1.5304619
s_016um_00352_00090-1,2.4192739
s_016um_00391_00342-1,1.9259539
s_016um_00124_00147-1,2.514597
s_016um_00222_00245-1,2.5270681
s_016um_00040_00207-1,2.4461007
s_016um_00394_00364-1,2.5211508
s_016um_00249_00021-1,2.4364214
s_016um_00087_00071-1,2.4949574
s_016um_00025_00089-1,2.7670217
s_016um_00274_00323-1,2.5546827
s_016um_00130_00390-1,2.444838
s_016um_00390_00178-1,2.403466
s_016um_00056_00244-1,2.1554074
s_016um_00404_00148-1,2.4038265
s_016um_00215_00027-1,2.5260448
s_016um_00405_00147-1,2.3760805
s_016um_00333_00213-1,2.6107862
s_016um_00403_00256-1,2.3773391
s_016um_00031_00329-1,2.342759
s_016um_00015_00264-1,2.479251
s_016um_00280_00315-1,2.4222276
s_016um_00062_00132-1,2.6522646
s_016um_00411_00100-1,2.4848275
s_016um_00058_00247-1,2.349668
s_016um_00150_00400-1,2.4826114
s_016um_00265_00133-1,2.3466985
s_016um_00386_00128-1,2.4808588
s_016um_00022_00270-1,2.5012298
s_016um_00403_00261-1,2.3996177
s_016um_00362_00227-1,2.3995376
s_016um_00195_00123-1,2.4323266
s_016um_00366_00100-1,2.3617034
s_016um_00352_00091-1,2.6093888
s_016um_00261_00128-1,2.3629909
s_016um_00078_00285-1,2.3524883
s_016um_00266_00129-1,2.5290952
s_016um_00369_00228-1,2.3645704
s_016um_00030_00330-1,2.5326262
s_016um_00209_00030-1,2.3216918
s_016um_00138_00217-1,2.4208684
s_016um_00144_00021-1,2.4993038
s_016um_00021_00272-1,2.2190948
s_016um_00324_00232-1,2.3350277
s_016um_00077_00292-1,2.3203845
s_016um_00035_00097-1,2.6305845
s_016um_00276_00315-1,1.7427881
s_016um_00161_00293-1,2.5434463
s_016um_00033_00330-1,2.5508077
s_016um_00113_00314-1,2.3965862
s_016um_00114_00320-1,2.411557
s_016um_00016_00264-1,2.3925667
s_016um_00270_00031-1,2.4373665
s_016um_00268_00056-1,1.7559458
s_016um_00277_00311-1,2.4185293
s_016um_00119_00152-1,2.647759
s_016um_00079_00296-1,2.5054717
s_016um_00053_00247-1,2.3656168
s_016um_00280_00134-1,2.5171616
s_016um_00163_00127-1,2.1574388
s_016um_00276_00210-1,2.4129412
s_016um_00109_00318-1,2.1673737
s_016um_00032_00089-1,2.5282364
s_016um_00320_00300-1,2.3814669
s_016um_00281_00312-1,2.3651643
s_016um_00221_00229-1,2.4694154
s_016um_00195_00091-1,2.542635
s_016um_00232_00359-1,2.2595384
s_016um_00070_00235-1,2.4655204
s_016um_00069_00237-1,2.16489
s_016um_00142_00059-1,2.6195545
s_016um_00182_00028-1,2.5503101
s_016um_00218_00012-1,2.446598
s_016um_00073_00252-1,1.9870223
s_016um_00237_00091-1,2.0551903
s_016um_00010_00156-1,2.597732
s_016um_00042_00202-1,2.3079507
s_016um_00271_00205-1,2.471299
s_016um_00094_00025-1,2.723331
s_016um_00221_00234-1,2.154779
s_016um_00044_00206-1,2.3661735
s_016um_00127_00384-1,2.2843337
s_016um_00355_00292-1,2.397168
s_016um_00027_00084-1,2.4456837
s_016um_00369_00095-1,2.4056122
s_016um_00041_00177-1,2.6474738
s_016um_00400_00399-1,0.612875
s_016um_00111_00316-1,2.4461436
s_016um_00279_00206-1,2.4632616
s_016um_00284_00095-1,2.2844453
s_016um_00397_00357-1,2.2119834
s_016um_00221_00028-1,2.4227483
s_016um_00167_00129-1,2.2807107
s_016um_00355_00413-1,1.9184934
s_016um_00165_00287-1,2.2238233
s_016um_00217_00031-1,2.4532456
s_016um_00084_00281-1,2.565816
s_016um_00067_00237-1,2.2566738
s_016um_00286_00098-1,2.4128861
s_016um_00195_00126-1,2.3379512
s_016um_00400_00372-1,2.31935
s_016um_00195_00127-1,2.425767
s_016um_00153_00401-1,2.700106
s_016um_00195_00125-1,2.2311366
s_016um_00268_00334-1,2.2997434
s_016um_00143_00059-1,2.4270473
s_016um_00214_00277-1,2.6476674
s_016um_00225_00234-1,2.4995453
s_016um_00135_00320-1,1.0722102
s_016um_00099_00026-1,2.4702897
s_016um_00325_00227-1,2.2695572
s_016um_00382_00136-1,2.4161792
s_016um_00266_00061-1,1.9923418
s_016um_00339_00402-1,2.0589795
s_016um_00268_00333-1,2.4348311
s_016um_00145_00395-1,2.3859105
s_016um_00177_00030-1,2.8146896
s_016um_00230_00355-1,2.4456873
s_016um_00323_00168-1,2.267089
s_016um_00323_00306-1,2.4203193
s_016um_00097_00276-1,2.3264022
s_016um_00094_00028-1,2.3957374
s_016um_00015_00269-1,2.5413973
s_016um_00277_00137-1,2.3028274
s_016um_00278_00202-1,2.4590364
s_016um_00382_00131-1,2.22757
s_016um_00221_00023-1,2.38138
s_016um_00369_00147-1,2.2281232
s_016um_00128_00086-1,2.3276436
s_016um_00069_00238-1,2.3295882
s_016um_00183_00026-1,2.5739422
s_016um_00404_00147-1,2.3958106
s_016um_00221_00173-1,2.262732
s_016um_00093_00272-1,2.4454556
s_016um_00189_00097-1,2.242573
s_016um_00173_00374-1,2.3543222
s_016um_00278_00136-1,2.3897483
s_016um_00082_00239-1,2.3184862
s_016um_00116_00148-1,2.3304338
s_016um_00082_00071-1,2.7024643
s_016um_00224_00248-1,2.3234954
s_016um_00208_00290-1,2.3845215
s_016um_00276_00327-1,2.2468495
s_016um_00340_00218-1,2.0609262
s_016um_00350_00020-1,2.2284222
s_016um_00127_00387-1,2.504636
s_016um_00086_00201-1,2.4268222
s_016um_00044_00176-1,2.5577502
s_016um_00141_00016-1,2.3920105
s_016um_00218_00014-1,2.2574506
s_016um_00032_00337-1,2.5010855
s_016um_00392_00299-1,2.3018074
s_016um_00402_00397-1,1.3893826
s_016um_00395_00371-1,2.3362913
s_016um_00204_00151-1,2.0739386
s_016um_00380_00129-1,2.2918558
s_016um_00408_00399-1,0.0097334385
s_016um_00211_00029-1,2.4835093
s_016um_00080_00267-1,2.4137626
s_016um_00108_00314-1,2.09835
s_016um_00041_00175-1,2.4386415
s_016um_00028_00336-1,2.4446774
s_016um_00132_00228-1,2.4156003
s_016um_00061_00126-1,2.6073956
s_016um_00271_00032-1,2.2985864
s_016um_00215_00277-1,2.1781447
s_016um_00100_00031-1,2.5780501
s_016um_00095_00275-1,2.4089165
s_016um_00322_00299-1,1.9547441
s_016um_00320_00305-1,2.318998
s_016um_00272_00029-1,2.4112775
s_016um_00230_00260-1,2.489403
s_016um_00358_00122-1,1.9892169
s_016um_00354_00289-1,2.2296321
s_016um_00097_00334-1,2.4009364
s_016um_00144_00058-1,2.7916026
s_016um_00391_00291-1,2.2368486
s_016um_00184_00032-1,2.4729974
s_016um_00135_00220-1,2.4522223
s_016um_00353_00021-1,2.193889
s_016um_00279_00202-1,2.415016
s_016um_00280_00207-1,2.4694889
s_016um_00204_00153-1,2.4349408
s_016um_00132_00091-1,2.5341263
s_016um_00139_00015-1,2.3067133
s_016um_00136_00223-1,2.0786796
s_016um_00026_00090-1,2.719839
s_016um_00409_00105-1,2.4372535
s_016um_00395_00344-1,2.4759858
s_016um_00102_00384-1,2.3655632
s_016um_00129_00384-1,2.4653037
s_016um_00010_00295-1,2.338093
s_016um_00226_00028-1,2.6012735
s_016um_00390_00364-1,2.4406197
s_016um_00360_00411-1,1.6148031
s_016um_00035_00099-1,2.4547617
s_016um_00137_00074-1,2.5462027
s_016um_00090_00274-1,2.4521506
s_016um_00132_00231-1,2.4451435
s_016um_00274_00331-1,2.4440727
s_016um_00101_00074-1,2.5795941
s_016um_00370_00101-1,2.3554494
s_016um_00104_00388-1,2.13498
s_016um_00126_00093-1,2.4587126
s_016um_00096_00341-1,2.4542818
s_016um_00308_00053-1,2.3425026
s_016um_00355_00294-1,2.4208379
s_016um_00323_00166-1,2.146003
s_016um_00375_00122-1,2.557373
s_016um_00395_00259-1,2.291186
s_016um_00388_00342-1,2.5615358
s_016um_00342_00397-1,2.3045197
s_016um_00086_00072-1,2.259746
s_016um_00086_00067-1,2.690312
s_016um_00307_00055-1,2.2625043
s_016um_00108_00319-1,1.5225384
s_016um_00125_00089-1,2.4433
s_016um_00219_00232-1,2.253158
s_016um_00217_00166-1,1.9080685
s_016um_00083_00268-1,2.5327404
s_016um_00074_00239-1,2.2654805
s_016um_00261_00189-1,2.5446973
s_016um_00181_00034-1,2.517739
s_016um_00413_00100-1,2.2978191
s_016um_00048_00243-1,2.1546783
s_016um_00096_00024-1,2.6152873
s_016um_00033_00004-1,2.3626492
s_016um_00335_00400-1,1.8978425
s_016um_00271_00031-1,2.376325
s_016um_00358_00289-1,2.4683964
s_016um_00083_00066-1,2.463431
s_016um_00233_00084-1,2.217236
s_016um_00042_00171-1,2.2693305
s_016um_00284_00093-1,2.4132502
s_016um_00280_00314-1,2.430414
s_016um_00107_00390-1,2.403997
s_016um_00391_00341-1,2.4139283
s_016um_00100_00321-1,2.674384
s_016um_00136_00071-1,2.3586771
s_016um_00319_00169-1,2.3341491
s_016um_00401_00125-1,2.491137
s_016um_00324_00302-1,2.4700706
s_016um_00049_00241-1,2.2638843
s_016um_00120_00144-1,2.0418053
s_016um_00082_00194-1,2.352559
s_016um_00143_00058-1,2.5179849
s_016um_00248_00087-1,2.347687
s_016um_00064_00236-1,2.296302
s_016um_00292_00096-1,2.2246623
s_016um_00083_00072-1,2.0810254
s_016um_00326_00214-1,2.5007763
s_016um_00194_00095-1,2.4422035
s_016um_00087_00035-1,2.459921
s_016um_00104_00066-1,2.4476812
s_016um_00276_00312-1,2.4832263
s_016um_00274_00317-1,2.3570526
s_016um_00383_00136-1,2.5206137
s_016um_00268_00055-1,1.708112
s_016um_00278_00209-1,2.4429338
s_016um_00268_00337-1,2.3816838
s_016um_00128_00091-1,2.8195794
s_016um_00216_00028-1,2.5950015
s_016um_00159_00285-1,2.301265
s_016um_00137_00070-1,2.6396663
s_016um_00277_00315-1,2.142988
s_016um_00261_00033-1,2.414917
s_016um_00401_00371-1,2.2750988
s_016um_00326_00228-1,2.3738863
s_016um_00120_00145-1,2.6286216
s_016um_00244_00088-1,2.2238538
s_016um_00332_00214-1,2.4284103
s_016um_00393_00371-1,2.3844926
s_016um_00394_00337-1,2.4820635
s_016um_00265_00332-1,2.4614108
s_016um_00342_00212-1,2.2803478
s_016um_00275_00208-1,2.4249237
s_016um_00265_00134-1,1.9846396
s_016um_00027_00086-1,2.5817618
s_016um_00196_00121-1,2.5842786
s_016um_00290_00099-1,2.5414534
s_016um_00229_00251-1,2.426643
s_016um_00014_00214-1,2.196493
s_016um_00234_00090-1,2.1365042
s_016um_00355_00118-1,2.3997023
s_016um_00245_00083-1,2.5412176
s_016um_00226_00238-1,2.3944325
s_016um_00399_00125-1,2.5454443
s_016um_00404_00149-1,2.5048478
s_016um_00045_00241-1,2.1548874
s_016um_00219_00010-1,2.1829596
s_016um_00361_00414-1,2.202079
s_016um_00263_00188-1,2.4094462
s_016um_00159_00288-1,2.1394744
s_016um_00124_00389-1,2.429013
s_016um_00133_00227-1,2.5097117
s_016um_00412_00100-1,2.301154
s_016um_00060_00248-1,2.299296
s_016um_00271_00028-1,2.2456424
s_016um_00240_00187-1,2.3520477
s_016um_00342_00214-1,2.4830568
s_016um_00350_00024-1,2.448524
s_016um_00340_00404-1,2.0390642
s_016um_00098_00336-1,2.2406106
s_016um_00078_00293-1,2.5273786
s_016um_00268_00329-1,2.5061202
s_016um_00087_00269-1,2.3325894
s_016um_00235_00186-1,2.4678302
s_016um_00067_00129-1,2.6616225
s_016um_00223_00025-1,2.1733227
s_016um_00242_00183-1,2.2686086
s_016um_00126_00383-1,2.4328263
s_016um_00082_00198-1,2.4184637
s_016um_00105_00066-1,2.5203357
s_016um_00171_00371-1,2.4564438
s_016um_00332_00257-1,2.3282502
s_016um_00333_00252-1,2.270894
s_016um_00263_00057-1,2.2883928
s_016um_00270_00334-1,2.4291885
s_016um_00103_00391-1,2.496938
s_016um_00392_00344-1,2.2258773
s_016um_00400_00365-1,2.5210207
s_016um_00093_00280-1,2.4536893
s_016um_00409_00145-1,2.2770348
s_016um_00235_00265-1,2.2033644
s_016um_00172_00373-1,2.4699214
s_016um_00089_00071-1,2.7222717
s_016um_00318_00163-1,2.480481
s_016um_00085_00072-1,2.509709
s_016um_00035_00330-1,2.441971
s_016um_00268_00227-1,2.4690173
s_016um_00327_00225-1,2.4839375
s_016um_00272_00328-1,2.5004807
s_016um_00325_00169-1,2.443358
s_016um_00239_00092-1,2.4191153
s_016um_00029_00093-1,2.666778
s_016um_00184_00031-1,2.4751606
s_016um_00268_00229-1,2.4246855
s_016um_00168_00378-1,2.688572
s_016um_00237_00088-1,2.1712017
s_016um_00247_00088-1,2.6168408
s_016um_00044_00208-1,2.6737742
s_016um_00371_00143-1,2.413884
s_016um_00325_00303-1,2.1186917
s_016um_00097_00335-1,2.35834
s_016um_00387_00343-1,2.6272736
s_016um_00341_00401-1,2.3669944
s_016um_00337_00252-1,2.3244376
s_016um_00216_00167-1,2.3311532
s_016um_00064_00231-1,2.3337972
s_016um_00045_00246-1,2.4943128
s_016um_00059_00246-1,2.3167727
s_016um_00238_00355-1,2.1649587
s_016um_00071_00233-1,2.3078754
s_016um_00092_00272-1,2.5672667
s_016um_00140_00215-1,2.3439748
s_016um_00082_00201-1,2.5354488
s_016um_00056_00243-1,2.4173782
s_016um_00221_00015-1,2.484648
s_016um_00213_00278-1,2.5479908
s_016um_00260_00031-1,2.2106457
s_016um_00354_00022-1,2.389872
s_016um_00273_00314-1,2.46656
s_016um_00404_00401-1,0.5291184
s_016um_00039_00011-1,2.6208441
s_016um_00261_00135-1,2.3184652
s_016um_00106_00384-1,2.0245378
s_016um_00133_00225-1,2.3512971
s_016um_00010_00154-1,2.3595169
s_016um_00222_00230-1,2.566404
s_016um_00239_00189-1,2.2111588
s_016um_00097_00339-1,2.3175
s_016um_00102_00385-1,2.2818217
s_016um_00073_00250-1,2.2989717
s_016um_00238_00358-1,2.5464275
s_016um_00041_00010-1,2.4923162
s_016um_00181_00033-1,2.4815454
s_016um_00397_00368-1,2.422225
s_016um_00016_00267-1,2.5572443
s_016um_00102_00069-1,2.5004406
s_016um_00220_00167-1,2.289644
s_016um_00369_00099-1,2.4196596
s_016um_00040_00097-1,2.435611
s_016um_00121_00144-1,2.1731203
s_016um_00369_00141-1,2.4025393
s_016um_00197_00124-1,2.2263958
s_016um_00359_00095-1,2.377686
s_016um_00236_00358-1,2.2972884
s_016um_00394_00217-1,2.3927023
s_016um_00322_00162-1,2.138137
s_016um_00215_00278-1,2.3604412
s_016um_00038_00207-1,2.4674757
s_016um_00409_00147-1,2.5515811
s_016um_00219_00016-1,2.4026349
s_016um_00276_00046-1,2.3852801
s_016um_00355_00116-1,2.33115
s_016um_00224_00229-1,2.39691
s_016um_00373_00143-1,2.0722399
s_016um_00216_00015-1,2.2637863
s_016um_00147_00057-1,2.8047156
s_016um_00355_00024-1,2.218974
s_016um_00221_00166-1,2.0946128
s_016um_00219_00233-1,2.4040697
s_016um_00392_00184-1,2.2277339
s_016um_00401_00126-1,2.6342504
s_016um_00273_00227-1,2.4708796
s_016um_00362_00223-1,2.4162846
s_016um_00310_00053-1,2.1893358
s_016um_00082_00193-1,2.054131
s_016um_00406_00128-1,2.3434277
s_016um_00221_00232-1,2.5301733
s_016um_00142_00219-1,2.1054857
s_016um_00368_00122-1,2.5322149
s_016um_00065_00134-1,2.6712072
s_016um_00306_00059-1,2.3896022
s_016um_00359_00288-1,2.4559526
s_016um_00280_00328-1,2.4052308
s_016um_00365_00223-1,2.4849637
s_016um_00222_00168-1,2.223998
s_016um_00222_00171-1,2.314538
s_016um_00392_00369-1,2.489223
s_016um_00033_00086-1,2.52273
s_016um_00189_00090-1,2.2806005
s_016um_00028_00084-1,2.4295876
s_016um_00224_00227-1,2.3749053
s_016um_00264_00185-1,2.052633
s_016um_00088_00072-1,2.5634916
s_016um_00362_00412-1,1.9736327
s_016um_00383_00135-1,2.1322424
s_016um_00279_00135-1,2.477778
s_016um_00139_00018-1,2.587188
s_016um_00143_00018-1,2.1999316
s_016um_00040_00011-1,2.4902778
s_016um_00074_00242-1,2.4459121
s_016um_00069_00132-1,2.5364656
s_016um_00324_00120-1,2.2355132
s_016um_00399_00213-1,2.4996953
s_016um_00007_00300-1,2.396993
s_016um_00141_00021-1,2.3129194
s_016um_00167_00121-1,2.3391924
s_016um_00100_00390-1,2.2973979
s_016um_00337_00398-1,2.0366924
s_016um_00086_00194-1,2.0944564
s_016um_00345_00219-1,2.3826163
s_016um_00325_00120-1,2.3386707
s_016um_00242_00083-1,2.0810142
s_016um_00329_00120-1,2.2389097
s_016um_00066_00132-1,2.4365675
s_016um_00173_00378-1,2.3495338
s_016um_00277_00130-1,2.1951861
s_016um_00329_00253-1,2.6175897
s_016um_00376_00122-1,2.327895
s_016um_00106_00387-1,2.414253
s_016um_00408_00146-1,2.4485736
s_016um_00416_00135-1,2.417669
s_016um_00227_00330-1,2.3435035
s_016um_00350_00022-1,2.3039143
s_016um_00228_00267-1,2.4897728
s_016um_00197_00127-1,2.620711
s_016um_00049_00240-1,2.343342
s_016um_00224_00243-1,2.4197273
s_016um_00283_00094-1,2.2586699
s_016um_00174_00372-1,2.4287817
s_016um_00414_00098-1,2.4083164
s_016um_00345_00215-1,2.208879
s_016um_00401_00395-1,1.8122973
s_016um_00254_00019-1,2.436076
s_016um_00085_00264-1,2.3991492
s_016um_00397_00361-1,2.1561842
s_016um_00094_00321-1,2.2968168
s_016um_00084_00069-1,2.252506
s_016um_00271_00333-1,2.3700047
s_016um_00037_00207-1,2.176408
s_016um_00129_00229-1,2.532409
s_016um_00230_00358-1,2.2393029
s_016um_00146_00061-1,2.4759147
s_016um_00403_00262-1,2.3564367
s_016um_00361_00294-1,2.35424
s_016um_00193_00096-1,2.4712832
s_016um_00388_00132-1,2.2942867
s_016um_00397_00213-1,2.47243
s_016um_00102_00066-1,2.5423937
s_016um_00266_00028-1,1.7292013
s_016um_00159_00293-1,2.4013643
s_016um_00392_00185-1,2.5207157
s_016um_00398_00363-1,2.57248
s_016um_00330_00118-1,2.4629753
s_016um_00044_00238-1,2.2611046
s_016um_00274_00048-1,2.2194512
s_016um_00006_00298-1,2.387367
s_016um_00035_00105-1,2.4743826
s_016um_00060_00242-1,2.3578935
s_016um_00319_00166-1,2.4395137
s_016um_00365_00230-1,2.0367856
s_016um_00096_00278-1,2.4687858
s_016um_00147_00397-1,2.1643813
s_016um_00082_00034-1,2.6478257
s_016um_00313_00054-1,2.356971
s_016um_00215_00028-1,2.4094784
s_016um_00168_00375-1,2.2808633
s_016um_00336_00252-1,2.3430398
s_016um_00129_00094-1,2.273748
s_016um_00167_00377-1,2.3667772
s_016um_00310_00058-1,2.0279884
s_016um_00038_00105-1,2.4595428
s_016um_00276_00326-1,2.1634595
s_016um_00099_00070-1,2.524926
s_016um_00402_00146-1,2.3826883
s_016um_00045_00238-1,2.4798024
s_016um_00101_00069-1,2.352165
s_016um_00352_00096-1,2.1281877
s_016um_00250_00027-1,2.472317
s_016um_00268_00224-1,2.3565557
s_016um_00093_00270-1,2.6105645
s_016um_00119_00147-1,2.265766
s_016um_00041_00047-1,2.5755422
s_016um_00127_00390-1,2.276515
s_016um_00220_00237-1,2.1872315
s_016um_00219_00283-1,2.463358
s_016um_00102_00024-1,2.5461268
s_016um_00399_00257-1,2.3286335
s_016um_00256_00191-1,2.4612415
s_016um_00383_00131-1,2.375579
s_016um_00406_00403-1,0.34490657
s_016um_00034_00011-1,2.4342122
s_016um_00307_00060-1,2.2515924
s_016um_00164_00293-1,2.450173
s_016um_00230_00267-1,2.5849977
s_016um_00028_00088-1,2.4309618
s_016um_00233_00262-1,2.5150871
s_016um_00402_00149-1,2.3702886
s_016um_00083_00197-1,2.2247005
s_016um_00170_00370-1,2.2381248
s_016um_00139_00022-1,2.5157206
s_016um_00235_00087-1,2.5166323
s_016um_00160_00291-1,2.4544876
s_016um_00364_00101-1,2.4979868
s_016um_00220_00013-1,2.4432921
s_016um_00009_00210-1,2.4356217
s_016um_00142_00016-1,2.6153975
s_016um_00041_00217-1,2.546719
s_016um_00247_00023-1,1.9502381
s_016um_00221_00230-1,2.2594001
s_016um_00035_00008-1,2.6828456
s_016um_00007_00212-1,2.2325351
s_016um_00359_00093-1,2.3144717
s_016um_00093_00336-1,2.3805027
s_016um_00194_00093-1,2.5296106
s_016um_00101_00027-1,2.4086785
s_016um_00319_00167-1,2.592045
s_016um_00346_00220-1,2.3204744
s_016um_00411_00105-1,2.5002196
s_016um_00328_00303-1,2.3528624
s_016um_00169_00129-1,2.4301803
s_016um_00322_00168-1,2.3975556
s_016um_00334_00256-1,2.146992
s_016um_00151_00395-1,2.2038612
s_016um_00134_00219-1,2.4373212
s_016um_00333_00122-1,2.2247868
s_016um_00041_00048-1,2.3873348
s_016um_00010_00208-1,2.3952224
s_016um_00385_00128-1,2.3480484
s_016um_00181_00026-1,2.5675137
s_016um_00273_00330-1,2.4160886
s_016um_00149_00396-1,2.4143548
s_016um_00182_00027-1,2.542375
s_016um_00287_00098-1,2.5945904
s_016um_00344_00217-1,2.3520234
s_016um_00039_00043-1,2.599972
s_016um_00100_00384-1,2.355479
s_016um_00047_00218-1,2.2492123
s_016um_00097_00067-1,2.3872573
s_016um_00006_00301-1,2.4366388
s_016um_00061_00127-1,2.600468
s_016um_00090_00068-1,2.4395275
s_016um_00383_00126-1,2.5552511
s_016um_00208_00149-1,2.728424
s_016um_00401_00372-1,2.0697575
s_016um_00220_00017-1,2.3833556
s_016um_00351_00024-1,2.5292516
s_016um_00216_00290-1,2.1705146
s_016um_00340_00402-1,2.0805297
s_016um_00025_00090-1,2.6059031
s_016um_00146_00056-1,2.6284473
s_016um_00089_00265-1,2.3806286
s_016um_00006_00154-1,2.5832171
s_016um_00404_00400-1,0.42539752
s_016um_00327_00123-1,2.3633597
s_016um_00259_00134-1,2.3600771
s_016um_00087_00271-1,2.4374812
s_016um_00258_00131-1,2.281771
s_016um_00129_00388-1,2.4112594
s_016um_00149_00401-1,2.4317372
s_016um_00133_00072-1,2.574078
s_016um_00369_00226-1,2.3201334
s_016um_00139_00074-1,2.2983513
s_016um_00286_00094-1,2.1704507
s_016um_00260_00192-1,2.4442594
s_016um_00382_00126-1,2.4008014
s_016um_00356_00415-1,2.2825327
s_016um_00005_00297-1,2.3549745
s_016um_00390_00296-1,2.435637
s_016um_00359_00415-1,2.0652
s_016um_00152_00394-1,2.3869605
s_016um_00225_00028-1,2.4583035
s_016um_00081_00069-1,2.7515795
s_016um_00276_00131-1,2.0955317
s_016um_00391_00338-1,2.3315382
s_016um_00279_00045-1,2.498815
s_016um_00095_00342-1,2.3927507
s_016um_00220_00173-1,2.4170449
s_016um_00039_00211-1,2.408641
s_016um_00037_00171-1,2.5584729
s_016um_00280_00132-1,2.4228635
s_016um_00356_00020-1,2.2543616
s_016um_00118_00150-1,2.3730083
s_016um_00393_00362-1,2.3324282
s_016um_00243_00088-1,2.3991401
s_016um_00075_00244-1,2.403636
s_016um_00160_00290-1,2.379161
s_016um_00357_00097-1,2.2232218
s_016um_00386_00293-1,2.363827
s_016um_00016_00271-1,2.5017896
s_016um_00097_00026-1,2.517179
s_016um_00036_00046-1,2.426411
s_016um_00241_00082-1,2.3288536
s_016um_00278_00330-1,2.3053463
s_016um_00371_00098-1,2.4374301
s_016um_00395_00218-1,2.2984424
s_016um_00081_00242-1,2.4080026
s_016um_00214_00013-1,2.8501244
s_016um_00278_00324-1,2.3065336
s_016um_00270_00230-1,2.496858
s_016um_00341_00212-1,2.2111175
s_016um_00096_00276-1,2.2952592
s_016um_00086_00033-1,2.6774232
s_016um_00162_00288-1,1.6186194
s_016um_00164_00286-1,2.421556
s_016um_00090_00269-1,2.343242
s_016um_00331_00218-1,2.6378434
s_016um_00265_00057-1,1.7901183
s_016um_00332_00213-1,2.5708318
s_016um_00394_00178-1,2.3738127
s_016um_00029_00334-1,2.359325
s_016um_00274_00046-1,2.3955822
s_016um_00270_00329-1,2.3678324
s_016um_00097_00072-1,2.691095
s_016um_00008_00157-1,2.4347918
s_016um_00095_00341-1,2.215693
s_016um_00225_00030-1,2.4637482
s_016um_00080_00300-1,2.4296339
s_016um_00038_00173-1,2.331518
s_016um_00357_00095-1,2.3694952
s_016um_00078_00247-1,2.2554946
s_016um_00266_00337-1,2.517936
s_016um_00082_00279-1,2.3205855
s_016um_00363_00228-1,2.6117108
s_016um_00007_00293-1,2.4024644
s_016um_00272_00226-1,2.5026882
s_016um_00094_00029-1,2.5849895
s_016um_00401_00398-1,1.1135439
s_016um_00370_00140-1,2.2561605
s_016um_00055_00248-1,1.9698403
s_016um_00047_00215-1,2.3839865
s_016um_00218_00167-1,2.2750587
s_016um_00272_00331-1,2.4683497
s_016um_00044_00207-1,2.5390308
s_016um_00344_00219-1,1.7418458
s_016um_00101_00388-1,2.2890823
s_016um_00134_00225-1,2.174091
s_016um_00237_00092-1,2.2135978
s_016um_00217_00016-1,2.6251452
s_016um_00017_00270-1,2.4904552
s_016um_00094_00319-1,2.2584817
s_016um_00260_00183-1,2.5018725
s_016um_00095_00319-1,2.4370422
s_016um_00237_00354-1,2.5419998
s_016um_00120_00147-1,2.1752977
s_016um_00007_00157-1,2.2583723
s_016um_00078_00294-1,2.435879
s_016um_00217_00284-1,2.4186795
s_016um_00091_00265-1,2.2625072
s_016um_00165_00122-1,2.240975
s_016um_00356_00292-1,2.3125966
s_016um_00353_00097-1,2.4656532
s_016um_00081_00199-1,2.3839478
s_016um_00130_00315-1,2.200652
s_016um_00092_00335-1,2.4690945
s_016um_00133_00090-1,2.0085716
s_016um_00406_00124-1,2.4660501
s_016um_00395_00220-1,2.4778721
s_016um_00045_00207-1,2.5055566
s_016um_00028_00337-1,2.419708
s_016um_00188_00095-1,2.428395
s_016um_00081_00238-1,2.395978
s_016um_00340_00403-1,2.3142822
s_016um_00220_00027-1,2.2965038
s_016um_00101_00070-1,2.6441746
s_016um_00046_00210-1,2.3351119
s_016um_00222_00170-1,2.352314
s_016um_00087_00068-1,2.397679
s_016um_00070_00234-1,2.4252934
s_016um_00273_00206-1,2.36208
s_016um_00225_00243-1,2.4541326
s_016um_00158_00292-1,2.2460117
s_016um_00209_00294-1,2.3828726
s_016um_00323_00299-1,2.3196433
s_016um_00211_00031-1,2.065239
s_016um_00069_00129-1,2.6227736
s_016um_00324_00124-1,2.431553
s_016um_00086_00280-1,2.4740815
s_016um_00332_00119-1,2.33729
s_016um_00128_00389-1,2.3544955
s_016um_00323_00305-1,2.3925776
s_016um_00041_00213-1,2.0817323
s_016um_00226_00330-1,2.4793713
s_016um_00235_00355-1,2.370197
s_016um_00217_00278-1,2.519087
s_016um_00082_00241-1,2.539454
s_016um_00146_00394-1,2.4008946
s_016um_00174_00374-1,2.412752
s_016um_00223_00330-1,2.4171693
s_016um_00215_00034-1,2.5724602
s_016um_00328_00210-1,2.4139462
s_016um_00037_00173-1,2.4732265
s_016um_00017_00271-1,2.360511
s_016um_00253_00031-1,2.2765954
s_016um_00004_00154-1,2.4125397
s_016um_00212_00293-1,2.3820107
s_016um_00393_00360-1,1.8655989
s_016um_00033_00336-1,2.4339833
s_016um_00043_00216-1,2.3392699
s_016um_00397_00364-1,2.5021667
s_016um_00368_00097-1,2.428636
s_016um_00217_00029-1,2.391886
s_016um_00388_00343-1,2.5787706
s_016um_00218_00283-1,2.3450246
s_016um_00271_00226-1,2.4454608
s_016um_00171_00373-1,1.9991224
s_016um_00225_00251-1,2.381435
s_016um_00081_00280-1,2.4947436
s_016um_00272_00035-1,2.421541
s_016um_00416_00101-1,2.4925733
s_016um_00365_00226-1,2.2386248
s_016um_00418_00136-1,2.4360125
s_016um_00216_00293-1,2.4649842
s_016um_00400_00256-1,2.4771776
s_016um_00042_00179-1,2.2556515
s_016um_00239_00181-1,2.456546
s_016um_00370_00100-1,2.341305
s_016um_00047_00211-1,2.3476367
s_016um_00130_00382-1,2.2260344
s_016um_00127_00091-1,2.872563
s_016um_00273_00137-1,2.2790802
