spot_id,predicted_protein_value
s_016um_00380_00137-1,-1.2169299
s_016um_00037_00102-1,-1.1443115
s_016um_00328_00304-1,-1.1990677
s_016um_00343_00400-1,-1.7037373
s_016um_00009_00155-1,-1.1055039
s_016um_00009_00150-1,-1.2010615
s_016um_00109_00316-1,-1.133917
s_016um_00330_00253-1,-1.3207422
s_016um_00366_00225-1,-1.1619016
s_016um_00267_00058-1,-1.3002362
s_016um_00274_00229-1,-1.1728665
s_016um_00219_00167-1,-1.1700728
s_016um_00209_00032-1,-1.1181531
s_016um_00112_00314-1,-1.1307122
s_016um_00122_00145-1,-1.132158
s_016um_00201_00148-1,-1.133958
s_016um_00232_00085-1,-1.1766458
s_016um_00034_00102-1,-1.121147
s_016um_00080_00283-1,-1.1129957
s_016um_00142_00062-1,-1.1032332
s_016um_00242_00085-1,-1.238723
s_016um_00382_00138-1,-1.1411029
s_016um_00321_00227-1,-1.2531149
s_016um_00081_00240-1,-1.1506028
s_016um_00362_00411-1,-1.7054465
s_016um_00323_00167-1,-1.182386
s_016um_00323_00162-1,-1.2773802
s_016um_00394_00215-1,-1.3626385
s_016um_00219_00026-1,-1.184593
s_016um_00363_00414-1,-2.4007044
s_016um_00233_00267-1,-1.265134
s_016um_00033_00089-1,-1.1177896
s_016um_00082_00197-1,-1.2437023
s_016um_00235_00090-1,-1.4938204
s_016um_00127_00318-1,-1.343523
s_016um_00040_00098-1,-1.1515402
s_016um_00217_00172-1,-1.116901
s_016um_00259_00034-1,-1.1083596
s_016um_00276_00133-1,-1.220126
s_016um_00325_00123-1,-1.1829284
s_016um_00341_00399-1,-1.2725997
s_016um_00191_00093-1,-1.0799677
s_016um_00129_00321-1,-1.1170112
s_016um_00263_00061-1,-1.2211623
s_016um_00341_00215-1,-1.1282018
s_016um_00270_00034-1,-1.067037
s_016um_00395_00365-1,-1.2118552
s_016um_00083_00278-1,-1.1333511
s_016um_00134_00321-1,-1.8097359
s_016um_00038_00098-1,-1.1379782
s_016um_00278_00048-1,-1.148302
s_016um_00120_00149-1,-1.1166353
s_016um_00199_00149-1,-1.1041366
s_016um_00275_00229-1,-1.1063873
s_016um_00140_00022-1,-1.0818006
s_016um_00080_00236-1,-1.1274168
s_016um_00367_00099-1,-1.1625371
s_016um_00232_00263-1,-1.1426513
s_016um_00166_00129-1,-1.2672952
s_016um_00356_00115-1,-1.2212262
s_016um_00230_00250-1,-1.1639388
s_016um_00394_00181-1,-1.1431339
s_016um_00137_00222-1,-1.1957506
s_016um_00323_00228-1,-1.2165686
s_016um_00343_00215-1,-1.0577242
s_016um_00124_00383-1,-1.0967965
s_016um_00111_00320-1,-1.2661183
s_016um_00199_00148-1,-1.0499818
s_016um_00034_00336-1,-1.1744522
s_016um_00206_00149-1,-1.1247863
s_016um_00019_00265-1,-1.1761739
s_016um_00026_00089-1,-1.1219105
s_016um_00205_00153-1,-1.1681784
s_016um_00385_00292-1,-1.3778657
s_016um_00390_00181-1,-1.1318731
s_016um_00320_00166-1,-1.1029797
s_016um_00385_00293-1,-1.0956235
s_016um_00142_00218-1,-1.2220371
s_016um_00130_00233-1,-1.1166885
s_016um_00101_00030-1,-1.2474463
s_016um_00216_00292-1,-1.1148179
s_016um_00409_00101-1,-1.2446942
s_016um_00028_00335-1,-1.1528783
s_016um_00249_00020-1,-1.0174434
s_016um_00260_00127-1,-1.1387471
s_016um_00217_00281-1,-1.156202
s_016um_00081_00296-1,-1.0948181
s_016um_00368_00145-1,-1.134289
s_016um_00128_00316-1,-1.4905103
s_016um_00270_00058-1,-1.184654
s_016um_00138_00074-1,-1.1051722
s_016um_00236_00083-1,-1.1633183
s_016um_00266_00059-1,-1.2753594
s_016um_00076_00241-1,-1.1301261
s_016um_00320_00162-1,-1.1813227
s_016um_00216_00295-1,-1.1312647
s_016um_00043_00049-1,-1.1501424
s_016um_00376_00119-1,-1.2643722
s_016um_00099_00071-1,-1.1319634
s_016um_00273_00132-1,-1.15159
s_016um_00145_00021-1,-1.1313095
s_016um_00356_00410-1,-2.124341
s_016um_00098_00340-1,-1.2036675
s_016um_00171_00128-1,-1.1034782
s_016um_00203_00149-1,-1.1947284
s_016um_00195_00090-1,-1.1160433
s_016um_00098_00073-1,-1.0828296
s_016um_00337_00255-1,-1.1101626
s_016um_00401_00259-1,-1.1072279
s_016um_00211_00289-1,-1.1581492
s_016um_00372_00121-1,-1.1166523
s_016um_00087_00194-1,-1.141395
s_016um_00220_00226-1,-1.2135637
s_016um_00066_00126-1,-1.0521598
s_016um_00251_00020-1,-1.1471734
s_016um_00042_00044-1,-1.0111736
s_016um_00098_00027-1,-1.1064551
s_016um_00228_00249-1,-1.0850362
s_016um_00038_00172-1,-1.1468313
s_016um_00209_00296-1,-1.1193445
s_016um_00106_00385-1,-1.156121
s_016um_00084_00266-1,-1.1742493
s_016um_00147_00399-1,-1.1491119
s_016um_00398_00182-1,-1.1054525
s_016um_00273_00052-1,-1.189086
s_016um_00101_00023-1,-1.1161919
s_016um_00378_00137-1,-1.0932143
s_016um_00095_00277-1,-1.1152102
s_016um_00141_00223-1,-1.352351
s_016um_00260_00133-1,-1.1868438
s_016um_00272_00058-1,-1.139213
s_016um_00169_00370-1,-1.1804737
s_016um_00353_00023-1,-1.361823
s_016um_00389_00292-1,-1.1728425
s_016um_00253_00026-1,-1.2199743
s_016um_00362_00226-1,-1.1329885
s_016um_00079_00236-1,-1.2762791
s_016um_00403_00150-1,-1.1398791
s_016um_00046_00209-1,-1.2081416
s_016um_00400_00402-1,-4.8171415
s_016um_00219_00281-1,-1.0952529
s_016um_00274_00225-1,-1.1547914
s_016um_00053_00248-1,-1.3621699
s_016um_00081_00292-1,-1.15307
s_016um_00361_00290-1,-1.1743951
s_016um_00277_00327-1,-1.1871598
s_016um_00138_00215-1,-1.1636516
s_016um_00074_00248-1,-1.1030611
s_016um_00083_00200-1,-1.143538
s_016um_00329_00218-1,-1.1300663
s_016um_00005_00296-1,-1.1594659
s_016um_00276_00208-1,-1.0614718
s_016um_00039_00178-1,-1.1625935
s_016um_00123_00386-1,-1.1837364
s_016um_00143_00020-1,-1.1712842
s_016um_00407_00401-1,-3.5415468
s_016um_00391_00343-1,-1.7039603
s_016um_00031_00331-1,-1.1439399
s_016um_00228_00237-1,-1.0883615
s_016um_00218_00032-1,-1.0881202
s_016um_00396_00220-1,-1.0787407
s_016um_00215_00282-1,-1.2440249
s_016um_00008_00153-1,-1.1221726
s_016um_00102_00383-1,-1.1036863
s_016um_00184_00028-1,-1.163722
s_016um_00266_00057-1,-1.1750771
s_016um_00141_00060-1,-1.1784464
s_016um_00193_00120-1,-1.1854211
s_016um_00268_00332-1,-1.1200458
s_016um_00209_00031-1,-1.1554717
s_016um_00354_00416-1,-3.2004309
s_016um_00365_00098-1,-1.4228088
s_016um_00041_00049-1,-1.1613505
s_016um_00210_00296-1,-1.0848099
s_016um_00089_00068-1,-1.0591149
s_016um_00245_00086-1,-1.112742
s_016um_00193_00130-1,-1.1647501
s_016um_00126_00089-1,-1.2074692
s_016um_00083_00071-1,-1.1033508
s_016um_00235_00268-1,-1.0952002
s_016um_00219_00280-1,-1.2032212
s_016um_00079_00241-1,-1.1642705
s_016um_00133_00230-1,-1.1535405
s_016um_00257_00034-1,-1.1270034
s_016um_00263_00187-1,-1.141946
s_016um_00394_00358-1,-1.4498267
s_016um_00105_00384-1,-1.1381009
s_016um_00129_00386-1,-1.2127764
s_016um_00262_00186-1,-1.4764565
s_016um_00417_00138-1,-1.1336083
s_016um_00287_00092-1,-1.1749194
s_016um_00177_00032-1,-1.1421206
s_016um_00110_00318-1,-1.1556623
s_016um_00218_00277-1,-1.14901
s_016um_00260_00033-1,-1.1082168
s_016um_00386_00295-1,-1.1592147
s_016um_00360_00286-1,-1.2830422
s_016um_00030_00331-1,-1.1266606
s_016um_00266_00332-1,-1.1237464
s_016um_00197_00123-1,-1.1327733
s_016um_00271_00221-1,-1.0965068
s_016um_00265_00033-1,-1.1588458
s_016um_00273_00201-1,-1.1079228
s_016um_00359_00096-1,-1.1701759
s_016um_00220_00030-1,-1.0761212
s_016um_00097_00317-1,-1.1912001
s_016um_00346_00212-1,-1.1839144
s_016um_00389_00345-1,-1.1296606
s_016um_00067_00131-1,-1.1141269
s_016um_00401_00403-1,-3.8491726
s_016um_00214_00029-1,-1.2106626
s_016um_00266_00036-1,-1.1240557
s_016um_00065_00235-1,-1.1613871
s_016um_00037_00045-1,-1.1691102
s_016um_00084_00029-1,-1.2946942
s_016um_00265_00336-1,-1.1439602
s_016um_00395_00217-1,-1.2240307
s_016um_00214_00278-1,-1.0956485
s_016um_00077_00293-1,-1.273112
s_016um_00280_00130-1,-1.1967494
s_016um_00088_00267-1,-1.1609105
s_016um_00372_00120-1,-1.1479236
s_016um_00109_00315-1,-1.1374466
s_016um_00416_00142-1,-1.128846
s_016um_00282_00325-1,-1.1547292
s_016um_00384_00128-1,-1.1383442
s_016um_00102_00068-1,-1.2040582
s_016um_00005_00299-1,-1.033958
s_016um_00361_00415-1,-3.3580055
s_016um_00330_00214-1,-1.2437416
s_016um_00265_00058-1,-1.3858253
s_016um_00222_00031-1,-1.1156294
s_016um_00364_00228-1,-1.107937
s_016um_00381_00134-1,-1.168814
s_016um_00280_00204-1,-1.1538397
s_016um_00146_00018-1,-1.145713
s_016um_00089_00067-1,-1.1113014
s_016um_00130_00086-1,-1.136485
s_016um_00408_00098-1,-1.0971699
s_016um_00060_00249-1,-1.2262387
s_016um_00334_00215-1,-1.1532873
s_016um_00095_00276-1,-1.1005585
s_016um_00403_00120-1,-1.1532493
s_016um_00267_00133-1,-1.1887943
s_016um_00229_00267-1,-1.0882262
s_016um_00384_00130-1,-1.1119395
s_016um_00029_00331-1,-1.118359
s_016um_00226_00332-1,-1.1970303
s_016um_00409_00152-1,-1.158741
s_016um_00269_00037-1,-1.1191363
s_016um_00281_00315-1,-1.1260078
s_016um_00205_00148-1,-1.0648715
s_016um_00261_00190-1,-1.2007912
s_016um_00083_00030-1,-1.3247435
s_016um_00106_00320-1,-1.1144457
s_016um_00031_00087-1,-1.1009258
s_016um_00040_00041-1,-1.0667837
s_016um_00079_00268-1,-1.0752488
s_016um_00400_00123-1,-1.1114401
s_016um_00218_00010-1,-1.088194
s_016um_00270_00331-1,-1.1949387
s_016um_00140_00018-1,-1.1147786
s_016um_00209_00033-1,-1.2012596
s_016um_00267_00063-1,-1.2974759
s_016um_00041_00219-1,-1.1599016
s_016um_00106_00389-1,-1.1459787
s_016um_00355_00290-1,-1.0468079
s_016um_00094_00337-1,-1.1287344
s_016um_00035_00005-1,-1.2687058
s_016um_00220_00278-1,-1.1160337
s_016um_00275_00051-1,-1.1815995
s_016um_00311_00054-1,-1.1975642
s_016um_00402_00395-1,-2.8956401
s_016um_00334_00402-1,-1.3269639
s_016um_00125_00092-1,-1.2572392
s_016um_00328_00121-1,-1.1347104
s_016um_00219_00012-1,-1.1292492
s_016um_00402_00216-1,-1.1962563
s_016um_00136_00069-1,-1.2588997
s_016um_00140_00014-1,-1.0936856
s_016um_00266_00330-1,-1.1836194
s_016um_00131_00315-1,-1.4506886
s_016um_00333_00210-1,-1.1666034
s_016um_00356_00090-1,-1.2306947
s_016um_00092_00320-1,-1.1028384
s_016um_00120_00148-1,-1.1376989
s_016um_00138_00076-1,-1.1458545
s_016um_00077_00236-1,-1.1113667
s_016um_00268_00230-1,-1.1001382
s_016um_00381_00139-1,-1.0891573
s_016um_00235_00362-1,-1.2087777
s_016um_00223_00230-1,-1.1706656
s_016um_00138_00221-1,-1.3478584
s_016um_00390_00338-1,-1.3010536
s_016um_00008_00295-1,-1.1904293
s_016um_00079_00280-1,-1.2875307
s_016um_00277_00201-1,-1.1326494
s_016um_00399_00122-1,-1.140801
s_016um_00308_00052-1,-1.1233051
s_016um_00357_00120-1,-1.2596612
s_016um_00071_00236-1,-1.1942651
s_016um_00367_00224-1,-1.0874709
s_016um_00145_00062-1,-1.1522274
s_016um_00085_00279-1,-1.2451967
s_016um_00278_00138-1,-1.162356
s_016um_00044_00244-1,-1.1474125
s_016um_00261_00335-1,-1.165434
s_016um_00180_00033-1,-1.1186767
s_016um_00088_00265-1,-1.0900815
s_016um_00130_00317-1,-1.5934242
s_016um_00323_00163-1,-1.1736217
s_016um_00359_00294-1,-1.1991727
s_016um_00219_00030-1,-1.0808976
s_016um_00048_00217-1,-1.263935
s_016um_00008_00214-1,-1.1124152
s_016um_00098_00315-1,-1.107204
s_016um_00259_00189-1,-1.1302915
s_016um_00278_00316-1,-1.1062553
s_016um_00126_00088-1,-1.2480291
s_016um_00261_00127-1,-1.1018059
s_016um_00402_00121-1,-1.163455
s_016um_00081_00271-1,-1.1000807
s_016um_00236_00188-1,-1.1132977
s_016um_00370_00228-1,-1.1171753
s_016um_00129_00085-1,-1.1567017
s_016um_00030_00329-1,-1.1118603
s_016um_00059_00244-1,-1.2369215
s_016um_00040_00009-1,-1.063216
s_016um_00041_00178-1,-1.1619037
s_016um_00272_00033-1,-1.2311181
s_016um_00393_00363-1,-1.4436197
s_016um_00094_00272-1,-1.1679451
s_016um_00353_00025-1,-1.1840572
s_016um_00163_00123-1,-1.1001227
s_016um_00085_00286-1,-1.0915195
s_016um_00033_00104-1,-1.0791914
s_016um_00146_00059-1,-1.2598026
s_016um_00073_00249-1,-1.1319935
s_016um_00144_00398-1,-1.2013466
s_016um_00106_00388-1,-1.3260351
s_016um_00095_00318-1,-1.1502112
s_016um_00280_00329-1,-1.0897033
s_016um_00383_00130-1,-1.116284
s_016um_00061_00130-1,-1.3408507
s_016um_00396_00219-1,-1.0952698
s_016um_00336_00251-1,-1.1305465
s_016um_00086_00029-1,-1.085658
s_016um_00227_00251-1,-1.1237947
s_016um_00045_00210-1,-1.1034895
s_016um_00145_00059-1,-1.115925
s_016um_00312_00059-1,-1.1480942
s_016um_00376_00120-1,-1.2209548
s_016um_00148_00396-1,-1.190194
s_016um_00168_00371-1,-1.080841
s_016um_00279_00325-1,-1.1873584
s_016um_00273_00333-1,-1.1027001
s_016um_00355_00123-1,-1.1975238
s_016um_00325_00231-1,-1.1141402
s_016um_00267_00130-1,-1.1983361
s_016um_00237_00188-1,-1.0844896
s_016um_00384_00295-1,-1.0561798
s_016um_00033_00088-1,-1.1666429
s_016um_00076_00296-1,-1.1374379
s_016um_00077_00299-1,-1.2002176
s_016um_00131_00389-1,-1.1174088
s_016um_00278_00130-1,-1.1555483
s_016um_00040_00214-1,-1.0843765
s_016um_00238_00188-1,-1.2521569
s_016um_00128_00383-1,-1.2773955
s_016um_00396_00363-1,-1.0822173
s_016um_00011_00154-1,-1.1657909
s_016um_00262_00127-1,-1.0928288
s_016um_00354_00024-1,-1.1146494
s_016um_00130_00232-1,-1.1017091
s_016um_00265_00054-1,-1.1993371
s_016um_00234_00260-1,-1.0952666
s_016um_00392_00360-1,-1.1347666
s_016um_00311_00056-1,-1.1556814
s_016um_00127_00383-1,-1.1637485
s_016um_00085_00278-1,-1.1419482
s_016um_00265_00335-1,-1.1750621
s_016um_00133_00320-1,-1.6729755
s_016um_00017_00272-1,-1.1662863
s_016um_00046_00241-1,-1.0883721
s_016um_00216_00012-1,-1.1952752
s_016um_00329_00228-1,-1.1693915
s_016um_00042_00210-1,-1.1333983
s_016um_00093_00317-1,-1.0831218
s_016um_00078_00252-1,-1.0980767
s_016um_00081_00243-1,-1.1454102
s_016um_00259_00132-1,-1.130989
s_016um_00046_00219-1,-1.1822773
s_016um_00351_00117-1,-1.1582282
s_016um_00229_00331-1,-1.2247273
s_016um_00241_00189-1,-1.1284637
s_016um_00173_00371-1,-1.3045555
s_016um_00028_00091-1,-1.1753919
s_016um_00220_00015-1,-1.1783081
s_016um_00076_00249-1,-1.1367171
s_016um_00277_00136-1,-1.1221385
s_016um_00351_00019-1,-1.1313765
s_016um_00358_00090-1,-1.2088423
s_016um_00374_00121-1,-1.2683461
s_016um_00185_00030-1,-1.0952507
s_016um_00346_00215-1,-1.134011
s_016um_00210_00030-1,-1.1916332
s_016um_00399_00371-1,-1.1542805
s_016um_00367_00227-1,-1.2363538
s_016um_00081_00195-1,-1.4512115
s_016um_00014_00212-1,-1.5001853
s_016um_00339_00400-1,-1.269333
s_016um_00086_00265-1,-1.1988355
s_016um_00277_00326-1,-1.2360243
s_016um_00072_00245-1,-1.1616514
s_016um_00082_00238-1,-1.2283373
s_016um_00183_00027-1,-1.1124948
s_016um_00371_00120-1,-1.2529702
s_016um_00220_00236-1,-1.2329482
s_016um_00401_00368-1,-1.0543976
s_016um_00136_00075-1,-1.120742
s_016um_00341_00219-1,-1.1559192
s_016um_00264_00132-1,-1.1352545
s_016um_00235_00185-1,-1.1821353
s_016um_00334_00212-1,-1.1160965
s_016um_00092_00267-1,-1.1336652
s_016um_00221_00168-1,-1.1545905
s_016um_00197_00126-1,-1.0897064
s_016um_00221_00228-1,-1.1591651
s_016um_00100_00071-1,-1.0954467
s_016um_00259_00184-1,-1.2567768
s_016um_00357_00414-1,-2.6186914
s_016um_00078_00292-1,-1.104106
s_016um_00326_00231-1,-1.1514544
s_016um_00090_00072-1,-1.0449526
s_016um_00183_00028-1,-1.1203039
s_016um_00265_00062-1,-1.1269367
s_016um_00223_00251-1,-1.1037375
s_016um_00042_00214-1,-1.255278
s_016um_00234_00265-1,-1.2342917
s_016um_00093_00339-1,-1.1049861
s_016um_00328_00214-1,-1.1987214
s_016um_00141_00018-1,-1.139575
s_016um_00221_00016-1,-1.0595424
s_016um_00134_00319-1,-1.5498247
s_016um_00167_00372-1,-1.3292919
s_016um_00390_00298-1,-1.2629328
s_016um_00270_00336-1,-1.1715887
s_016um_00265_00029-1,-1.105149
s_016um_00141_00055-1,-1.1081724
s_016um_00407_00402-1,-4.206138
s_016um_00265_00330-1,-1.1030545
s_016um_00275_00050-1,-1.1246138
s_016um_00313_00060-1,-1.3244286
s_016um_00229_00358-1,-1.0934128
s_016um_00358_00292-1,-1.1332042
s_016um_00402_00255-1,-1.1269069
s_016um_00284_00094-1,-1.1076552
s_016um_00273_00312-1,-1.1709927
s_016um_00288_00100-1,-1.1524363
s_016um_00081_00270-1,-1.1379334
s_016um_00131_00226-1,-1.1217793
s_016um_00396_00261-1,-1.6556011
s_016um_00087_00265-1,-1.1185333
s_016um_00336_00256-1,-1.2264602
s_016um_00102_00070-1,-1.0411574
s_016um_00273_00048-1,-1.1501682
s_016um_00263_00332-1,-1.1171783
s_016um_00275_00319-1,-1.147641
s_016um_00049_00215-1,-1.1247501
s_016um_00094_00342-1,-1.1408017
s_016um_00369_00123-1,-1.1256707
s_016um_00224_00168-1,-1.0868316
s_016um_00331_00251-1,-1.1003512
s_016um_00388_00298-1,-1.198
s_016um_00222_00332-1,-1.1454324
s_016um_00080_00240-1,-1.1139637
s_016um_00136_00315-1,-1.3050554
s_016um_00280_00047-1,-1.2055812
s_016um_00217_00028-1,-1.0830587
s_016um_00104_00071-1,-1.1314371
s_016um_00132_00230-1,-1.1074985
s_016um_00221_00011-1,-1.0614147
s_016um_00237_00084-1,-1.4906381
s_016um_00079_00292-1,-1.1007617
s_016um_00396_00362-1,-1.1637989
s_016um_00079_00300-1,-1.1906621
s_016um_00224_00328-1,-1.1532801
s_016um_00086_00279-1,-1.0888628
s_016um_00263_00055-1,-1.1440629
s_016um_00104_00384-1,-1.1279471
s_016um_00396_00183-1,-1.1153288
s_016um_00369_00225-1,-1.2120306
s_016um_00404_00404-1,-3.8810024
s_016um_00389_00299-1,-1.1705658
s_016um_00040_00100-1,-1.0896086
s_016um_00063_00133-1,-1.1613617
s_016um_00224_00029-1,-1.1608816
s_016um_00140_00072-1,-1.325421
s_016um_00318_00168-1,-1.141593
s_016um_00250_00019-1,-1.1999054
s_016um_00332_00253-1,-1.1501949
s_016um_00351_00119-1,-1.0891663
s_016um_00107_00385-1,-1.1594133
s_016um_00044_00046-1,-1.1261216
s_016um_00261_00192-1,-1.1078725
s_016um_00347_00214-1,-1.1131879
s_016um_00040_00176-1,-1.1103543
s_016um_00134_00090-1,-1.1083212
s_016um_00351_00093-1,-1.2329574
s_016um_00243_00082-1,-1.2492971
s_016um_00033_00329-1,-1.110183
s_016um_00273_00208-1,-1.1947304
s_016um_00238_00359-1,-1.1964576
s_016um_00362_00292-1,-1.3583573
s_016um_00143_00056-1,-1.0801826
s_016um_00122_00150-1,-1.1005552
s_016um_00320_00168-1,-1.1880146
s_016um_00006_00295-1,-1.1419848
s_016um_00075_00250-1,-1.1037129
s_016um_00398_00362-1,-1.4198529
s_016um_00027_00335-1,-1.112049
s_016um_00339_00216-1,-1.180609
s_016um_00213_00292-1,-1.1588657
s_016um_00334_00254-1,-1.1718167
s_016um_00099_00031-1,-1.0721312
s_016um_00269_00059-1,-1.1891686
s_016um_00018_00272-1,-1.1568782
s_016um_00228_00244-1,-1.1090828
s_016um_00011_00214-1,-1.1352938
s_016um_00164_00291-1,-1.2040079
s_016um_00376_00143-1,-1.1665175
s_016um_00243_00187-1,-1.1698313
s_016um_00330_00210-1,-1.132507
s_016um_00169_00122-1,-1.1147362
s_016um_00394_00176-1,-1.1468335
s_016um_00254_00028-1,-1.1718559
s_016um_00144_00054-1,-1.1365589
s_016um_00084_00073-1,-1.3208447
s_016um_00225_00326-1,-1.380904
s_016um_00134_00322-1,-1.4767225
s_016um_00088_00266-1,-1.1006457
s_016um_00074_00240-1,-1.1783109
s_016um_00179_00026-1,-0.9871826
s_016um_00217_00173-1,-1.2089995
s_016um_00228_00250-1,-1.1170875
s_016um_00026_00087-1,-1.1103609
s_016um_00129_00233-1,-1.0475953
s_016um_00091_00270-1,-1.1181519
s_016um_00126_00091-1,-1.1583785
s_016um_00135_00314-1,-1.5677787
s_016um_00278_00132-1,-1.2515087
s_016um_00368_00142-1,-1.1059089
s_016um_00126_00094-1,-1.0809994
s_016um_00230_00246-1,-1.1176594
s_016um_00091_00319-1,-1.0342561
s_016um_00044_00240-1,-1.0788085
s_016um_00391_00184-1,-1.136068
s_016um_00267_00223-1,-1.0656865
s_016um_00036_00047-1,-1.1831354
s_016um_00143_00022-1,-1.1044519
s_016um_00131_00319-1,-1.27245
s_016um_00089_00275-1,-1.1461185
s_016um_00272_00225-1,-1.1692538
s_016um_00139_00219-1,-1.1161191
s_016um_00222_00248-1,-1.2898307
s_016um_00087_00266-1,-1.184878
s_016um_00371_00122-1,-1.161461
s_016um_00241_00183-1,-1.2765476
s_016um_00191_00094-1,-1.5405495
s_016um_00269_00054-1,-1.3077388
s_016um_00056_00245-1,-1.2475282
s_016um_00370_00144-1,-1.1037815
s_016um_00153_00395-1,-1.1863645
s_016um_00050_00241-1,-1.3995434
s_016um_00224_00025-1,-1.2216246
s_016um_00010_00299-1,-1.0345923
s_016um_00087_00034-1,-1.1288766
s_016um_00321_00301-1,-1.1055802
s_016um_00236_00357-1,-1.1934234
s_016um_00320_00229-1,-1.1038654
s_016um_00143_00015-1,-1.1706345
s_016um_00041_00208-1,-1.1833923
s_016um_00079_00198-1,-1.2755561
s_016um_00088_00066-1,-1.0643611
s_016um_00086_00284-1,-1.0588698
s_016um_00255_00025-1,-1.1599106
s_016um_00393_00361-1,-1.13763
s_016um_00408_00396-1,-3.389503
s_016um_00062_00127-1,-1.1087047
s_016um_00043_00175-1,-1.0973097
s_016um_00274_00318-1,-1.190454
s_016um_00159_00291-1,-1.2974031
s_016um_00289_00092-1,-1.1340222
s_016um_00106_00319-1,-1.2735833
s_016um_00239_00187-1,-1.0693729
s_016um_00388_00297-1,-1.0780458
s_016um_00333_00250-1,-1.0986613
s_016um_00141_00216-1,-1.123305
s_016um_00099_00027-1,-1.2213142
s_016um_00108_00317-1,-1.2731827
s_016um_00250_00026-1,-1.1201351
s_016um_00405_00122-1,-1.1301765
s_016um_00116_00146-1,-1.1971958
s_016um_00368_00099-1,-1.4334522
s_016um_00267_00226-1,-1.0840867
s_016um_00103_00389-1,-1.1427006
s_016um_00403_00401-1,-3.9710603
s_016um_00240_00184-1,-1.1106117
s_016um_00021_00271-1,-1.2132168
s_016um_00127_00087-1,-1.1380643
s_016um_00275_00326-1,-1.0637192
s_016um_00082_00277-1,-1.2789111
s_016um_00234_00263-1,-1.0956964
s_016um_00368_00143-1,-1.0737776
s_016um_00412_00099-1,-1.1365676
s_016um_00048_00241-1,-1.2183076
s_016um_00224_00031-1,-1.153752
s_016um_00395_00361-1,-1.5484575
s_016um_00096_00028-1,-1.109454
s_016um_00266_00226-1,-1.0818412
s_016um_00065_00231-1,-1.1721184
s_016um_00397_00256-1,-1.0776597
s_016um_00404_00123-1,-1.182569
s_016um_00216_00294-1,-1.1097722
s_016um_00153_00396-1,-1.1444492
s_016um_00217_00168-1,-1.1668607
s_016um_00390_00359-1,-1.6309752
s_016um_00091_00276-1,-1.1598889
s_016um_00333_00258-1,-1.2049484
s_016um_00279_00315-1,-1.3642116
s_016um_00277_00050-1,-1.2125591
s_016um_00415_00101-1,-1.1819109
s_016um_00210_00292-1,-1.1131344
s_016um_00141_00218-1,-1.1293691
s_016um_00239_00185-1,-1.1163347
s_016um_00254_00026-1,-1.0894368
s_016um_00078_00236-1,-1.3138598
s_016um_00364_00099-1,-1.3234518
s_016um_00131_00390-1,-1.0455415
s_016um_00257_00190-1,-1.1238565
s_016um_00368_00229-1,-1.3373747
s_016um_00273_00228-1,-1.1565107
s_016um_00142_00023-1,-1.1530191
s_016um_00309_00060-1,-1.287
s_016um_00166_00124-1,-1.1281594
s_016um_00083_00036-1,-1.00448
s_016um_00227_00264-1,-1.1279963
s_016um_00058_00249-1,-1.1488011
s_016um_00368_00120-1,-1.5527283
s_016um_00257_00188-1,-1.0968702
s_016um_00387_00338-1,-1.1501182
s_016um_00280_00321-1,-1.1331791
s_016um_00108_00384-1,-1.167584
s_016um_00085_00069-1,-1.1039026
s_016um_00189_00127-1,-1.0429552
s_016um_00086_00036-1,-1.112703
s_016um_00096_00277-1,-1.1158397
s_016um_00098_00317-1,-1.1922507
s_016um_00261_00131-1,-1.1700485
s_016um_00095_00272-1,-1.2636553
s_016um_00099_00068-1,-1.107111
s_016um_00342_00213-1,-1.1183357
s_016um_00013_00210-1,-1.1587619
s_016um_00009_00156-1,-1.0999829
s_016um_00391_00357-1,-1.7786143
s_016um_00329_00211-1,-1.15845
s_016um_00408_00124-1,-1.0859169
s_016um_00119_00151-1,-1.1617421
s_016um_00070_00129-1,-1.1160173
s_016um_00351_00118-1,-1.2731841
s_016um_00309_00052-1,-1.3555843
s_016um_00305_00056-1,-1.2069118
s_016um_00390_00343-1,-1.5100017
s_016um_00026_00084-1,-1.0973253
s_016um_00326_00121-1,-1.1014295
s_016um_00239_00358-1,-1.1403989
s_016um_00220_00012-1,-1.1072602
s_016um_00165_00374-1,-1.1465822
s_016um_00134_00070-1,-1.1138346
s_016um_00280_00136-1,-1.173457
s_016um_00228_00246-1,-1.1419752
s_016um_00077_00249-1,-1.1116654
s_016um_00394_00214-1,-1.2124898
s_016um_00375_00141-1,-1.1382408
s_016um_00042_00176-1,-1.0494571
s_016um_00222_00244-1,-0.96794736
s_016um_00005_00151-1,-1.2391771
s_016um_00071_00231-1,-1.0369817
s_016um_00396_00359-1,-1.7059009
s_016um_00141_00059-1,-1.1709148
s_016um_00222_00280-1,-1.218975
s_016um_00331_00120-1,-1.1154578
s_016um_00224_00333-1,-1.1341083
s_016um_00269_00034-1,-1.1615785
s_016um_00403_00403-1,-4.13835
s_016um_00221_00013-1,-1.118297
s_016um_00145_00061-1,-1.0981578
s_016um_00034_00009-1,-1.0990542
s_016um_00095_00334-1,-1.0939484
s_016um_00401_00370-1,-1.120063
s_016um_00360_00287-1,-1.1024909
s_016um_00101_00391-1,-1.1334581
s_016um_00279_00204-1,-1.116809
s_016um_00404_00396-1,-3.4345922
s_016um_00082_00299-1,-1.0906471
s_016um_00388_00293-1,-1.1424525
s_016um_00181_00031-1,-1.1161925
s_016um_00107_00319-1,-1.4048599
s_016um_00104_00382-1,-1.196024
s_016um_00286_00093-1,-1.0717609
s_016um_00330_00215-1,-1.3500283
s_016um_00065_00127-1,-1.2315905
s_016um_00391_00299-1,-1.0602945
s_016um_00245_00087-1,-1.2001001
s_016um_00217_00034-1,-1.0677019
s_016um_00273_00226-1,-1.2471824
s_016um_00368_00096-1,-1.1345012
s_016um_00096_00336-1,-1.1565075
s_016um_00277_00045-1,-1.1309884
s_016um_00086_00066-1,-1.4292654
s_016um_00240_00185-1,-1.1310722
s_016um_00277_00318-1,-1.1153668
s_016um_00139_00221-1,-1.1261846
s_016um_00287_00091-1,-1.1134039
s_016um_00222_00016-1,-1.1455103
s_016um_00226_00233-1,-1.2187425
s_016um_00261_00134-1,-1.156935
s_016um_00405_00395-1,-3.2507324
s_016um_00143_00063-1,-1.0898446
s_016um_00081_00283-1,-1.2103856
s_016um_00232_00354-1,-1.1964808
s_016um_00168_00126-1,-1.2124633
s_016um_00278_00311-1,-1.2542434
s_016um_00399_00258-1,-1.0999389
s_016um_00271_00059-1,-1.0845386
s_016um_00140_00074-1,-1.1156886
s_016um_00044_00043-1,-1.127641
s_016um_00216_00226-1,-1.1244849
s_016um_00319_00168-1,-1.1972282
s_016um_00132_00388-1,-1.2329063
s_016um_00225_00332-1,-1.1050555
s_016um_00390_00360-1,-1.5584819
s_016um_00062_00128-1,-1.1689318
s_016um_00320_00167-1,-1.1431888
s_016um_00008_00207-1,-1.1527574
s_016um_00132_00088-1,-1.1197913
s_016um_00244_00089-1,-1.0761123
s_016um_00260_00193-1,-1.1495129
s_016um_00108_00313-1,-1.1477983
s_016um_00066_00232-1,-1.20101
s_016um_00336_00250-1,-1.1978283
s_016um_00130_00385-1,-1.1156421
s_016um_00272_00336-1,-1.1222802
s_016um_00074_00245-1,-1.3079922
s_016um_00140_00062-1,-1.0994596
s_016um_00402_00401-1,-3.8203254
s_016um_00132_00389-1,-1.2438086
s_016um_00273_00317-1,-1.3463534
s_016um_00389_00342-1,-1.1860089
s_016um_00082_00281-1,-1.0637472
s_016um_00260_00131-1,-1.1737022
s_016um_00215_00281-1,-1.104639
s_016um_00097_00025-1,-1.1803516
s_016um_00097_00028-1,-1.0598471
s_016um_00005_00298-1,-1.0863767
s_016um_00128_00231-1,-1.1405166
s_016um_00102_00028-1,-1.2095916
s_016um_00353_00092-1,-1.1179732
s_016um_00360_00412-1,-1.9439478
s_016um_00368_00123-1,-1.1545671
s_016um_00397_00366-1,-1.242447
s_016um_00100_00389-1,-1.694483
s_016um_00264_00062-1,-1.1454523
s_016um_00371_00146-1,-1.1672125
s_016um_00241_00187-1,-1.1095195
s_016um_00069_00233-1,-1.118866
s_016um_00403_00259-1,-1.4847268
s_016um_00217_00232-1,-1.1153696
s_016um_00087_00032-1,-1.2838106
s_016um_00100_00317-1,-1.1378484
s_016um_00271_00334-1,-1.1421711
s_016um_00358_00414-1,-2.646213
s_016um_00245_00085-1,-1.0628694
s_016um_00357_00118-1,-1.1558297
s_016um_00068_00131-1,-1.084774
s_016um_00412_00101-1,-1.2924813
s_016um_00224_00024-1,-1.2460598
s_016um_00097_00275-1,-1.1484044
s_016um_00335_00212-1,-1.1325207
s_016um_00201_00150-1,-1.1100897
s_016um_00393_00365-1,-1.2226985
s_016um_00214_00295-1,-1.1215999
s_016um_00138_00070-1,-1.1826389
s_016um_00349_00019-1,-1.2402227
s_016um_00227_00333-1,-1.1148162
s_016um_00233_00361-1,-1.1140218
s_016um_00035_00003-1,-1.1162232
s_016um_00165_00291-1,-1.1228104
s_016um_00405_00400-1,-3.7859578
s_016um_00333_00253-1,-1.1436893
s_016um_00045_00206-1,-1.2284715
s_016um_00314_00057-1,-1.1834332
s_016um_00400_00397-1,-2.3290105
s_016um_00348_00019-1,-1.1556932
s_016um_00391_00178-1,-1.0687066
s_016um_00346_00218-1,-1.1262299
s_016um_00321_00166-1,-1.1335577
s_016um_00094_00334-1,-1.1299666
s_016um_00397_00212-1,-1.1891005
s_016um_00415_00098-1,-1.0771486
s_016um_00398_00213-1,-1.1040395
s_016um_00196_00129-1,-1.0539591
s_016um_00261_00187-1,-1.1250991
s_016um_00125_00389-1,-1.1374466
s_016um_00009_00213-1,-1.1418942
s_016um_00407_00149-1,-1.1651757
s_016um_00136_00217-1,-1.1424056
s_016um_00085_00283-1,-1.1248515
s_016um_00039_00103-1,-1.0959767
s_016um_00250_00021-1,-1.1668538
s_016um_00162_00290-1,-1.1466553
s_016um_00243_00184-1,-1.1582373
s_016um_00079_00237-1,-1.1474061
s_016um_00132_00315-1,-1.9632404
s_016um_00272_00028-1,-1.1323569
s_016um_00237_00184-1,-1.1879784
s_016um_00013_00296-1,-1.1027291
s_016um_00127_00386-1,-1.2091684
s_016um_00038_00041-1,-1.1457256
s_016um_00368_00224-1,-1.1397979
s_016um_00145_00398-1,-1.1654538
s_016um_00351_00022-1,-1.3638498
s_016um_00246_00088-1,-1.0911708
s_016um_00101_00067-1,-1.1129826
s_016um_00394_00367-1,-1.2092835
s_016um_00284_00098-1,-1.1869581
s_016um_00330_00121-1,-1.1467386
s_016um_00036_00043-1,-1.150382
s_016um_00268_00032-1,-1.3045396
s_016um_00415_00104-1,-1.1330407
s_016um_00084_00066-1,-1.191632
s_016um_00098_00335-1,-1.104728
s_016um_00087_00268-1,-1.206156
s_016um_00404_00398-1,-2.9274538
s_016um_00014_00209-1,-1.1113389
s_016um_00215_00229-1,-1.129947
s_016um_00219_00227-1,-1.111376
s_016um_00042_00215-1,-1.5832615
s_016um_00271_00048-1,-1.1438679
s_016um_00132_00322-1,-1.4054947
s_016um_00130_00231-1,-1.126122
s_016um_00319_00228-1,-1.2408899
s_016um_00326_00300-1,-1.245208
s_016um_00398_00216-1,-1.1028603
s_016um_00280_00137-1,-1.2450135
s_016um_00222_00173-1,-1.2001241
s_016um_00393_00366-1,-1.1746516
s_016um_00194_00129-1,-1.1610299
s_016um_00137_00068-1,-1.0664338
s_016um_00138_00017-1,-1.0049572
s_016um_00035_00004-1,-1.2879456
s_016um_00016_00269-1,-1.1112494
s_016um_00349_00022-1,-1.2159626
s_016um_00256_00026-1,-1.0860717
s_016um_00011_00209-1,-1.1006405
s_016um_00362_00293-1,-1.4140378
s_016um_00400_00264-1,-1.1818138
s_016um_00005_00150-1,-1.0782262
s_016um_00265_00055-1,-1.2059644
s_016um_00356_00025-1,-1.1400574
s_016um_00032_00091-1,-1.1216285
s_016um_00082_00284-1,-1.0985162
s_016um_00121_00151-1,-1.1544828
s_016um_00087_00067-1,-1.048484
s_016um_00037_00049-1,-1.0621635
s_016um_00364_00097-1,-1.1009308
s_016um_00352_00118-1,-1.1435202
s_016um_00241_00090-1,-1.1495986
s_016um_00131_00322-1,-1.4033598
s_016um_00055_00249-1,-1.2415994
s_016um_00220_00277-1,-1.1413976
s_016um_00410_00146-1,-1.1698692
s_016um_00355_00291-1,-1.161452
s_016um_00099_00319-1,-1.1540622
s_016um_00221_00277-1,-1.0673406
s_016um_00274_00314-1,-1.2366825
s_016um_00222_00250-1,-1.1486115
s_016um_00130_00092-1,-1.0761671
s_016um_00038_00210-1,-1.1422063
s_016um_00404_00257-1,-1.1392854
s_016um_00392_00182-1,-1.1581995
s_016um_00182_00025-1,-1.2975869
s_016um_00408_00101-1,-1.1184722
s_016um_00098_00022-1,-1.0947099
s_016um_00392_00343-1,-1.716263
s_016um_00192_00124-1,-1.082636
s_016um_00116_00145-1,-1.4473021
s_016um_00116_00150-1,-1.209429
s_016um_00083_00295-1,-1.0900435
s_016um_00214_00294-1,-1.1992295
s_016um_00290_00097-1,-1.1268322
s_016um_00084_00267-1,-1.1003282
s_016um_00325_00230-1,-1.1330518
s_016um_00353_00091-1,-1.1110016
s_016um_00248_00019-1,-1.139572
s_016um_00029_00083-1,-1.0717355
s_016um_00406_00152-1,-1.1022378
s_016um_00135_00233-1,-1.1308659
s_016um_00135_00225-1,-1.1103659
s_016um_00099_00072-1,-1.192744
s_016um_00141_00054-1,-1.1252519
s_016um_00087_00199-1,-1.1146262
s_016um_00207_00152-1,-1.1151135
s_016um_00324_00300-1,-1.1273421
s_016um_00028_00092-1,-1.1210321
s_016um_00264_00330-1,-1.1764928
s_016um_00089_00072-1,-1.1485574
s_016um_00101_00072-1,-1.1316344
s_016um_00112_00319-1,-1.0673702
s_016um_00325_00166-1,-1.109945
s_016um_00072_00247-1,-1.1142519
s_016um_00084_00272-1,-1.130619
s_016um_00223_00332-1,-1.2406116
s_016um_00047_00241-1,-1.1748538
s_016um_00080_00195-1,-1.3517528
s_016um_00333_00212-1,-1.1608604
s_016um_00353_00090-1,-1.2279046
s_016um_00394_00371-1,-1.4047827
s_016um_00032_00092-1,-1.1006725
s_016um_00214_00283-1,-1.1368821
s_016um_00356_00114-1,-1.3695437
s_016um_00177_00028-1,-1.0758332
s_016um_00252_00025-1,-1.0920439
s_016um_00225_00249-1,-1.1614928
s_016um_00247_00090-1,-1.2664601
s_016um_00080_00280-1,-1.1613613
s_016um_00224_00233-1,-1.2231174
s_016um_00280_00051-1,-1.2011114
s_016um_00034_00098-1,-1.4379685
s_016um_00406_00399-1,-3.6236558
s_016um_00395_00338-1,-1.178174
s_016um_00406_00127-1,-1.022061
s_016um_00404_00153-1,-1.226813
s_016um_00042_00047-1,-1.158786
s_016um_00009_00212-1,-1.1686325
s_016um_00383_00133-1,-1.2264113
s_016um_00219_00011-1,-1.1187612
s_016um_00011_00297-1,-1.1102531
s_016um_00388_00294-1,-1.1045727
s_016um_00027_00091-1,-1.2068902
s_016um_00212_00034-1,-1.1497731
s_016um_00256_00190-1,-1.1699204
s_016um_00329_00213-1,-1.1353188
s_016um_00343_00214-1,-1.1522998
s_016um_00224_00032-1,-1.1034864
s_016um_00278_00050-1,-1.4765652
s_016um_00377_00138-1,-1.4758134
s_016um_00348_00213-1,-1.2313657
s_016um_00207_00146-1,-1.0318488
s_016um_00321_00302-1,-1.1023895
s_016um_00140_00020-1,-1.0489717
s_016um_00355_00115-1,-1.1481452
s_016um_00040_00170-1,-1.4394512
s_016um_00405_00145-1,-1.1878245
s_016um_00095_00315-1,-1.0927716
s_016um_00265_00032-1,-1.1328279
s_016um_00088_00032-1,-1.1533778
s_016um_00216_00168-1,-1.1252689
s_016um_00096_00320-1,-1.228713
s_016um_00359_00117-1,-1.1396089
s_016um_00092_00279-1,-1.1563071
s_016um_00402_00127-1,-1.1744897
s_016um_00415_00140-1,-1.1321859
s_016um_00354_00290-1,-1.1494935
s_016um_00139_00218-1,-1.1439092
s_016um_00395_00373-1,-1.2794311
s_016um_00217_00026-1,-1.1934747
s_016um_00321_00232-1,-1.1073095
s_016um_00264_00130-1,-1.1734531
s_016um_00313_00052-1,-1.2029489
s_016um_00086_00268-1,-1.1099048
s_016um_00169_00125-1,-1.136915
s_016um_00018_00263-1,-1.1128274
s_016um_00407_00123-1,-1.1486325
s_016um_00029_00087-1,-1.077886
s_016um_00085_00065-1,-1.302046
s_016um_00140_00076-1,-1.3848057
s_016um_00014_00270-1,-1.1908133
s_016um_00266_00132-1,-1.1907719
s_016um_00125_00093-1,-1.1442477
s_016um_00231_00263-1,-1.265605
s_016um_00151_00401-1,-1.1409966
s_016um_00071_00246-1,-1.1801633
s_016um_00263_00184-1,-1.164063
s_016um_00258_00031-1,-1.1793598
s_016um_00099_00073-1,-1.0942348
s_016um_00332_00216-1,-1.1142138
s_016um_00152_00396-1,-1.1211855
s_016um_00214_00281-1,-1.1815673
s_016um_00083_00272-1,-1.1362433
s_016um_00212_00295-1,-1.1358557
s_016um_00405_00149-1,-1.1092675
s_016um_00279_00044-1,-1.1687019
s_016um_00221_00330-1,-1.0714691
s_016um_00081_00030-1,-1.117356
s_016um_00414_00136-1,-1.1398234
s_016um_00133_00076-1,-1.2339144
s_016um_00360_00414-1,-2.086617
s_016um_00326_00166-1,-1.1379298
s_016um_00403_00399-1,-3.2787151
s_016um_00369_00223-1,-1.1561052
s_016um_00237_00356-1,-1.1142339
s_016um_00041_00210-1,-1.2101431
s_016um_00008_00211-1,-1.042483
s_016um_00201_00145-1,-1.1826867
s_016um_00230_00360-1,-1.1283897
s_016um_00147_00394-1,-1.1236948
s_016um_00146_00399-1,-1.324495
s_016um_00360_00410-1,-1.5138847
s_016um_00080_00035-1,-1.0844017
s_016um_00010_00214-1,-1.2638739
s_016um_00383_00128-1,-1.1111934
s_016um_00399_00126-1,-1.1420403
s_016um_00324_00123-1,-1.1810716
s_016um_00093_00319-1,-1.1548326
s_016um_00093_00274-1,-1.104155
s_016um_00280_00316-1,-1.1509078
s_016um_00327_00125-1,-1.1449282
s_016um_00261_00191-1,-1.1070179
s_016um_00111_00314-1,-1.1173102
s_016um_00049_00242-1,-1.085564
s_016um_00284_00096-1,-1.150829
s_016um_00041_00103-1,-1.2541202
s_016um_00387_00298-1,-1.0230103
s_016um_00144_00060-1,-1.0934252
s_016um_00320_00169-1,-1.134512
s_016um_00231_00266-1,-1.0959064
s_016um_00171_00124-1,-1.1246465
s_016um_00032_00330-1,-1.0615581
s_016um_00227_00234-1,-1.1276978
s_016um_00136_00221-1,-1.2466248
s_016um_00059_00249-1,-1.0823538
s_016um_00399_00367-1,-1.6876762
s_016um_00396_00262-1,-1.1226308
s_016um_00043_00245-1,-1.174758
s_016um_00167_00378-1,-1.1421738
s_016um_00064_00127-1,-1.1027334
s_016um_00043_00179-1,-1.2484516
s_016um_00114_00318-1,-1.022559
s_016um_00213_00289-1,-1.1477478
s_016um_00328_00301-1,-1.2217742
s_016um_00096_00322-1,-1.1474481
s_016um_00279_00050-1,-1.2447513
s_016um_00353_00093-1,-1.1040783
s_016um_00041_00100-1,-1.0942432
s_016um_00398_00358-1,-1.4410207
s_016um_00355_00092-1,-1.2030293
s_016um_00280_00324-1,-1.133547
s_016um_00081_00272-1,-1.1912615
s_016um_00113_00315-1,-1.1037041
s_016um_00280_00312-1,-1.1746932
s_016um_00039_00204-1,-1.3396204
s_016um_00048_00242-1,-1.4100734
s_016um_00035_00331-1,-1.0834143
s_016um_00374_00120-1,-1.2078294
s_016um_00176_00029-1,-1.057072
s_016um_00131_00384-1,-1.2146904
s_016um_00058_00243-1,-1.1336088
s_016um_00214_00282-1,-1.3198586
s_016um_00289_00100-1,-1.0727961
s_016um_00235_00261-1,-1.118694
s_016um_00372_00146-1,-1.1135992
s_016um_00085_00070-1,-1.2222943
s_016um_00132_00073-1,-1.106702
s_016um_00172_00376-1,-1.0729743
s_016um_00268_00033-1,-1.0938486
s_016um_00253_00028-1,-1.1737391
s_016um_00321_00305-1,-1.1086161
s_016um_00097_00338-1,-1.1418618
s_016um_00380_00128-1,-1.1373377
s_016um_00128_00388-1,-1.1061826
s_016um_00232_00260-1,-1.1743169
s_016um_00232_00087-1,-1.2164233
s_016um_00284_00099-1,-1.2751255
s_016um_00184_00029-1,-1.1218711
s_016um_00243_00189-1,-1.1390878
s_016um_00275_00045-1,-1.257566
s_016um_00009_00209-1,-1.1961799
s_016um_00046_00244-1,-1.1433581
s_016um_00222_00233-1,-1.1584116
s_016um_00253_00022-1,-1.1509628
s_016um_00083_00283-1,-1.1548301
s_016um_00374_00144-1,-1.1713148
s_016um_00117_00151-1,-1.1305062
s_016um_00078_00242-1,-1.1214933
s_016um_00400_00216-1,-1.298644
s_016um_00094_00333-1,-1.206701
s_016um_00222_00331-1,-1.1473987
s_016um_00130_00087-1,-1.2866845
s_016um_00261_00129-1,-1.3956598
s_016um_00215_00280-1,-1.0884625
s_016um_00226_00235-1,-1.0886437
s_016um_00387_00296-1,-1.1110629
s_016um_00338_00401-1,-1.3317848
s_016um_00394_00357-1,-1.1458325
s_016um_00039_00174-1,-1.1694728
s_016um_00090_00069-1,-1.1266595
s_016um_00213_00279-1,-1.1484343
s_016um_00240_00084-1,-1.1573564
s_016um_00266_00034-1,-1.1388488
s_016um_00249_00019-1,-1.1683533
s_016um_00216_00227-1,-1.1210494
s_016um_00264_00188-1,-1.2934985
s_016um_00010_00298-1,-1.1381054
s_016um_00118_00151-1,-1.1239535
s_016um_00027_00085-1,-1.113641
s_016um_00276_00201-1,-1.0283544
s_016um_00174_00371-1,-1.2980418
s_016um_00355_00411-1,-1.8126084
s_016um_00042_00240-1,-1.118494
s_016um_00084_00270-1,-1.1155088
s_016um_00405_00396-1,-2.634767
s_016um_00402_00399-1,-2.5639668
s_016um_00096_00026-1,-1.1768727
s_016um_00281_00205-1,-1.1997437
s_016um_00168_00129-1,-1.1457629
s_016um_00071_00250-1,-1.1204473
s_016um_00383_00138-1,-1.1433951
s_016um_00082_00066-1,-1.113473
s_016um_00371_00226-1,-1.1932486
s_016um_00091_00069-1,-1.1095047
s_016um_00229_00265-1,-1.1093384
s_016um_00238_00182-1,-1.1230737
s_016um_00268_00225-1,-1.1353841
s_016um_00085_00280-1,-0.94368553
s_016um_00372_00098-1,-1.1267464
s_016um_00390_00295-1,-1.1564761
s_016um_00242_00086-1,-1.2424803
s_016um_00083_00067-1,-1.1027011
s_016um_00355_00094-1,-1.1751052
s_016um_00393_00218-1,-1.193143
s_016um_00025_00085-1,-1.1494119
s_016um_00010_00155-1,-1.1744598
s_016um_00379_00137-1,-1.1297112
s_016um_00264_00332-1,-1.1101894
s_016um_00357_00122-1,-1.220609
s_016um_00072_00252-1,-1.2242731
s_016um_00384_00131-1,-1.126016
s_016um_00389_00339-1,-1.1710267
s_016um_00225_00229-1,-1.1670662
s_016um_00217_00283-1,-1.0966313
s_016um_00233_00356-1,-1.1078691
s_016um_00010_00152-1,-1.0753429
s_016um_00257_00031-1,-1.2319732
s_016um_00328_00227-1,-1.206069
s_016um_00237_00086-1,-1.1868469
s_016um_00034_00337-1,-1.192825
s_016um_00057_00241-1,-1.125814
s_016um_00222_00169-1,-1.1241084
s_016um_00063_00128-1,-1.0505058
s_016um_00373_00145-1,-0.99031615
s_016um_00039_00100-1,-1.1290455
s_016um_00347_00218-1,-1.1932722
s_016um_00095_00028-1,-1.1319196
s_016um_00357_00116-1,-1.2288916
s_016um_00140_00019-1,-1.0403097
s_016um_00247_00089-1,-1.1768775
s_016um_00279_00311-1,-1.2110441
s_016um_00122_00144-1,-1.0533947
s_016um_00415_00138-1,-1.1296797
s_016um_00169_00121-1,-1.1776099
s_016um_00273_00135-1,-1.1235514
s_016um_00240_00190-1,-1.1742052
s_016um_00089_00273-1,-1.085901
s_016um_00110_00316-1,-1.1674806
s_016um_00096_00340-1,-1.1081688
s_016um_00324_00223-1,-1.1391327
s_016um_00252_00030-1,-1.1538216
s_016um_00337_00404-1,-1.404321
s_016um_00086_00264-1,-1.1033368
s_016um_00062_00131-1,-1.1052425
s_016um_00041_00207-1,-1.1581315
s_016um_00215_00033-1,-1.2976676
s_016um_00370_00096-1,-1.1299095
s_016um_00084_00033-1,-1.11106
s_016um_00192_00123-1,-0.9875994
s_016um_00094_00323-1,-1.5525235
s_016um_00393_00184-1,-1.1450763
s_016um_00015_00265-1,-1.1541793
s_016um_00358_00293-1,-1.130638
s_016um_00275_00227-1,-1.1006445
s_016um_00308_00057-1,-1.0988873
s_016um_00399_00124-1,-1.1677012
s_016um_00357_00289-1,-1.10498
s_016um_00248_00084-1,-1.1159756
s_016um_00085_00036-1,-1.0934029
s_016um_00371_00101-1,-1.1421384
s_016um_00178_00028-1,-1.1434675
s_016um_00397_00183-1,-1.1324222
s_016um_00031_00338-1,-1.13595
s_016um_00135_00217-1,-1.1446625
s_016um_00306_00056-1,-1.0022207
s_016um_00222_00335-1,-1.186692
s_016um_00035_00334-1,-1.1122458
s_016um_00034_00335-1,-1.1133583
s_016um_00096_00334-1,-1.1488492
s_016um_00264_00134-1,-1.256223
s_016um_00053_00249-1,-1.2008423
s_016um_00394_00177-1,-1.0975449
s_016um_00324_00306-1,-1.1274081
s_016um_00342_00218-1,-1.1172343
s_016um_00131_00087-1,-1.0329665
s_016um_00258_00185-1,-1.5606511
s_016um_00095_00024-1,-1.097932
s_016um_00189_00096-1,-1.1433809
s_016um_00270_00036-1,-1.1081077
s_016um_00012_00300-1,-1.1669482
s_016um_00104_00070-1,-1.1516798
s_016um_00362_00287-1,-1.3171185
s_016um_00391_00297-1,-1.2464017
s_016um_00135_00069-1,-1.2457043
s_016um_00099_00322-1,-1.2151607
s_016um_00272_00208-1,-1.2257571
s_016um_00336_00403-1,-1.3190546
s_016um_00129_00387-1,-1.1313179
s_016um_00268_00062-1,-1.0991715
s_016um_00096_00338-1,-1.2827692
s_016um_00140_00056-1,-1.1060036
s_016um_00140_00217-1,-1.1184733
s_016um_00264_00059-1,-1.3081481
s_016um_00356_00023-1,-1.2839508
s_016um_00106_00317-1,-1.1427042
s_016um_00191_00090-1,-1.1858182
s_016um_00284_00100-1,-1.1149079
s_016um_00035_00100-1,-1.1392388
s_016um_00105_00385-1,-1.1946083
s_016um_00327_00230-1,-1.1577585
s_016um_00262_00130-1,-1.2299666
s_016um_00385_00129-1,-1.0758973
s_016um_00083_00269-1,-1.1202142
s_016um_00357_00121-1,-1.1358457
s_016um_00390_00358-1,-2.2373867
s_016um_00401_00255-1,-1.4214462
s_016um_00082_00032-1,-1.2281958
s_016um_00226_00248-1,-1.1260127
s_016um_00022_00266-1,-1.1597658
s_016um_00318_00169-1,-1.0894561
s_016um_00246_00084-1,-1.1165086
s_016um_00098_00029-1,-1.0929518
s_016um_00279_00130-1,-1.1696537
s_016um_00398_00178-1,-1.174107
s_016um_00080_00029-1,-1.165725
s_016um_00040_00179-1,-1.2346693
s_016um_00030_00334-1,-1.1332536
s_016um_00325_00225-1,-1.1600182
s_016um_00079_00278-1,-1.1160638
s_016um_00082_00195-1,-1.4591165
s_016um_00010_00216-1,-1.4003773
s_016um_00336_00399-1,-1.2003237
s_016um_00335_00215-1,-1.1140559
s_016um_00212_00297-1,-1.1316448
s_016um_00227_00244-1,-1.1070691
s_016um_00322_00161-1,-1.5898019
s_016um_00139_00075-1,-1.1292245
s_016um_00385_00127-1,-1.2117407
s_016um_00030_00087-1,-1.0757971
s_016um_00092_00277-1,-1.0825609
s_016um_00041_00244-1,-1.1531755
s_016um_00024_00088-1,-1.0945532
s_016um_00256_00185-1,-1.2064503
s_016um_00391_00345-1,-2.2112246
s_016um_00110_00317-1,-1.0474851
s_016um_00218_00280-1,-1.1341124
s_016um_00314_00053-1,-1.2015159
s_016um_00266_00056-1,-1.1598905
s_016um_00209_00297-1,-1.1465548
s_016um_00142_00220-1,-1.1589779
s_016um_00394_00212-1,-1.2438793
s_016um_00203_00151-1,-1.1479017
s_016um_00112_00316-1,-1.1413398
s_016um_00140_00219-1,-1.1294338
s_016um_00372_00099-1,-1.1019635
s_016um_00233_00092-1,-1.2155792
s_016um_00045_00214-1,-1.0878533
s_016um_00267_00060-1,-1.1813142
s_016um_00208_00292-1,-1.1209785
s_016um_00188_00097-1,-1.2040617
s_016um_00325_00232-1,-1.0450158
s_016um_00328_00122-1,-1.0764409
s_016um_00384_00137-1,-1.1648427
s_016um_00278_00201-1,-1.1450291
s_016um_00323_00303-1,-1.111967
s_016um_00228_00233-1,-1.1136323
s_016um_00267_00034-1,-1.1853675
s_016um_00020_00268-1,-1.1309772
s_016um_00380_00134-1,-1.1355987
s_016um_00418_00141-1,-1.1166362
s_016um_00223_00027-1,-1.1228423
s_016um_00275_00317-1,-1.1525896
s_016um_00135_00317-1,-1.406089
s_016um_00136_00316-1,-1.7450352
s_016um_00368_00146-1,-1.1450979
s_016um_00232_00259-1,-1.2070043
s_016um_00225_00333-1,-1.0811429
s_016um_00190_00096-1,-1.413542
s_016um_00092_00276-1,-1.1221838
s_016um_00219_00166-1,-1.1344749
s_016um_00102_00030-1,-1.0814176
s_016um_00081_00033-1,-1.1063404
s_016um_00035_00335-1,-1.0932456
s_016um_00407_00127-1,-1.1045303
s_016um_00088_00070-1,-1.0968647
s_016um_00278_00314-1,-1.1118252
s_016um_00100_00026-1,-1.1134527
s_016um_00170_00129-1,-1.157911
s_016um_00352_00095-1,-1.1680125
s_016um_00085_00269-1,-1.1534252
s_016um_00288_00098-1,-1.3519617
s_016um_00276_00137-1,-1.157785
s_016um_00008_00156-1,-1.1943173
s_016um_00196_00091-1,-1.2076284
s_016um_00313_00055-1,-1.3033947
s_016um_00276_00138-1,-1.7090707
s_016um_00075_00246-1,-1.1215844
s_016um_00083_00266-1,-1.122778
s_016um_00279_00132-1,-1.2554985
s_016um_00355_00020-1,-1.3035624
s_016um_00288_00099-1,-1.1371404
s_016um_00221_00033-1,-1.148431
s_016um_00103_00068-1,-1.1603571
s_016um_00136_00227-1,-1.1586604
s_016um_00095_00278-1,-1.1122401
s_016um_00265_00132-1,-1.108248
s_016um_00321_00230-1,-1.1054862
s_016um_00028_00332-1,-1.1007077
s_016um_00383_00140-1,-1.1548023
s_016um_00404_00402-1,-3.9514356
s_016um_00197_00094-1,-1.1882747
s_016um_00011_00210-1,-1.0434088
s_016um_00253_00021-1,-1.1408215
s_016um_00341_00397-1,-1.2530318
s_016um_00288_00093-1,-1.1781062
s_016um_00401_00261-1,-1.1808847
s_016um_00381_00135-1,-1.1130253
s_016um_00045_00213-1,-1.231195
s_016um_00364_00225-1,-1.1181366
s_016um_00291_00098-1,-1.0943807
s_016um_00373_00117-1,-1.2042084
s_016um_00167_00373-1,-1.1786505
s_016um_00252_00024-1,-1.1459515
s_016um_00344_00221-1,-1.4417207
s_016um_00255_00023-1,-1.137198
s_016um_00223_00169-1,-1.1655285
s_016um_00277_00324-1,-1.5452334
s_016um_00354_00094-1,-1.1684393
s_016um_00244_00091-1,-1.162842
s_016um_00238_00357-1,-1.1019409
s_016um_00033_00005-1,-1.1841636
s_016um_00356_00119-1,-1.1094298
s_016um_00041_00209-1,-1.1444322
s_016um_00075_00240-1,-1.1529139
s_016um_00394_00220-1,-1.3213685
s_016um_00406_00121-1,-1.1388541
s_016um_00328_00230-1,-1.1391385
s_016um_00149_00398-1,-1.201714
s_016um_00083_00264-1,-1.1093239
s_016um_00368_00228-1,-1.4091647
s_016um_00393_00180-1,-1.1420085
s_016um_00167_00126-1,-1.2712297
s_016um_00277_00320-1,-1.3081251
s_016um_00221_00239-1,-1.172035
s_016um_00047_00213-1,-1.1641275
s_016um_00070_00233-1,-1.1362008
s_016um_00101_00066-1,-1.107115
s_016um_00246_00087-1,-1.1891041
s_016um_00391_00180-1,-1.5719309
s_016um_00405_00153-1,-1.1638978
s_016um_00351_00095-1,-1.0973251
s_016um_00077_00252-1,-1.0029495
s_016um_00236_00359-1,-1.1095917
s_016um_00013_00295-1,-1.1301895
s_016um_00322_00224-1,-1.1049923
s_016um_00397_00181-1,-1.1015263
s_016um_00213_00293-1,-1.1001
s_016um_00282_00328-1,-1.1625884
s_016um_00076_00292-1,-1.1981204
s_016um_00148_00402-1,-1.1509815
s_016um_00335_00250-1,-1.1154411
s_016um_00405_00123-1,-1.1338718
s_016um_00195_00096-1,-1.0727434
s_016um_00357_00117-1,-1.1349654
s_016um_00008_00208-1,-1.1634085
s_016um_00342_00219-1,-1.2444388
s_016um_00354_00122-1,-1.1072086
s_016um_00063_00130-1,-1.0960996
s_016um_00330_00256-1,-1.1058544
s_016um_00181_00027-1,-1.1307067
s_016um_00133_00088-1,-1.2531319
s_016um_00062_00129-1,-1.0707593
s_016um_00224_00332-1,-1.0462325
s_016um_00369_00117-1,-1.1858566
s_016um_00213_00014-1,-1.1514245
s_016um_00364_00227-1,-1.1620857
s_016um_00084_00282-1,-1.1291578
s_016um_00211_00290-1,-1.1862282
s_016um_00371_00144-1,-1.1112007
s_016um_00267_00030-1,-1.2520669
s_016um_00241_00088-1,-1.2964469
s_016um_00222_00247-1,-1.1436676
s_016um_00280_00325-1,-1.1694103
s_016um_00040_00241-1,-1.1952752
s_016um_00223_00032-1,-1.1411642
s_016um_00324_00121-1,-1.1799994
s_016um_00098_00322-1,-1.1459898
s_016um_00248_00089-1,-1.273674
s_016um_00045_00236-1,-1.0961015
s_016um_00081_00265-1,-1.1364592
s_016um_00085_00272-1,-1.1440744
s_016um_00396_00184-1,-1.0836327
s_016um_00352_00092-1,-1.1338419
s_016um_00362_00229-1,-1.1538647
s_016um_00041_00176-1,-1.2180501
s_016um_00146_00062-1,-1.2410065
s_016um_00054_00242-1,-1.1285241
s_016um_00037_00042-1,-1.1508453
s_016um_00135_00076-1,-1.1872153
s_016um_00166_00377-1,-1.2888321
s_016um_00312_00055-1,-1.1060609
s_016um_00216_00027-1,-1.279618
s_016um_00345_00213-1,-1.1346703
s_016um_00277_00314-1,-1.4544781
s_016um_00171_00123-1,-1.1540442
s_016um_00257_00185-1,-1.3323228
s_016um_00261_00029-1,-1.2059416
s_016um_00180_00030-1,-1.088338
s_016um_00077_00296-1,-1.111139
s_016um_00399_00399-1,-2.1881711
s_016um_00328_00302-1,-1.254051
s_016um_00363_00226-1,-1.0882852
s_016um_00080_00298-1,-1.170668
s_016um_00182_00030-1,-1.1206006
s_016um_00070_00237-1,-1.1601926
s_016um_00243_00084-1,-1.2038382
s_016um_00063_00127-1,-1.1798146
s_016um_00263_00132-1,-1.0923996
s_016um_00327_00126-1,-1.1465298
s_016um_00083_00194-1,-1.2037764
s_016um_00403_00145-1,-1.1100882
s_016um_00314_00058-1,-1.187431
s_016um_00033_00009-1,-1.1072724
s_016um_00328_00216-1,-1.1244998
s_016um_00341_00403-1,-1.2541624
s_016um_00214_00284-1,-1.3099867
s_016um_00394_00373-1,-1.1347021
s_016um_00415_00100-1,-1.1274024
s_016um_00398_00256-1,-1.3392363
s_016um_00412_00098-1,-1.1079754
s_016um_00089_00270-1,-1.1262373
s_016um_00288_00092-1,-1.1071907
s_016um_00131_00316-1,-1.3846434
s_016um_00141_00222-1,-1.1316406
s_016um_00236_00182-1,-1.1988854
s_016um_00271_00224-1,-1.2087935
s_016um_00385_00294-1,-1.1079406
s_016um_00112_00320-1,-1.5617743
s_016um_00402_00148-1,-1.132736
s_016um_00269_00225-1,-1.1806256
s_016um_00079_00245-1,-1.1355677
s_016um_00277_00132-1,-1.1673188
s_016um_00129_00231-1,-1.1694766
s_016um_00320_00231-1,-1.1232022
s_016um_00107_00320-1,-1.9107181
s_016um_00329_00252-1,-1.1298306
s_016um_00198_00149-1,-1.2883272
s_016um_00264_00032-1,-1.1521633
s_016um_00221_00333-1,-1.2085369
s_016um_00081_00029-1,-1.2732967
s_016um_00044_00047-1,-1.0929008
s_016um_00281_00317-1,-1.1291184
s_016um_00223_00329-1,-1.0974247
s_016um_00006_00153-1,-1.2746683
s_016um_00160_00292-1,-1.1366577
s_016um_00365_00228-1,-1.1431038
s_016um_00328_00212-1,-1.1654756
s_016um_00276_00321-1,-1.2229328
s_016um_00370_00125-1,-1.1203189
s_016um_00118_00148-1,-1.0946101
s_016um_00274_00205-1,-1.1684788
s_016um_00278_00317-1,-1.159027
s_016um_00271_00058-1,-1.1394501
s_016um_00395_00213-1,-1.1716286
s_016um_00200_00151-1,-1.1960949
s_016um_00141_00215-1,-1.1563281
s_016um_00333_00217-1,-1.294236
s_016um_00232_00361-1,-1.4111761
s_016um_00338_00254-1,-1.1378691
s_016um_00342_00402-1,-1.6663398
s_016um_00168_00124-1,-1.1171039
s_016um_00333_00214-1,-1.2195077
s_016um_00404_00262-1,-1.3063866
s_016um_00021_00268-1,-1.1713271
s_016um_00078_00284-1,-1.1388366
s_016um_00331_00121-1,-1.1350442
s_016um_00115_00144-1,-1.1805148
s_016um_00164_00285-1,-1.3412206
s_016um_00236_00355-1,-1.0914975
s_016um_00331_00124-1,-1.4917803
s_016um_00040_00103-1,-1.079904
s_016um_00106_00386-1,-1.1278644
s_016um_00268_00328-1,-1.0831149
s_016um_00021_00264-1,-1.1896362
s_016um_00067_00232-1,-1.2078629
s_016um_00392_00179-1,-1.3075988
s_016um_00210_00033-1,-1.1434951
s_016um_00145_00054-1,-1.2068876
s_016um_00272_00333-1,-1.1196212
s_016um_00365_00095-1,-1.2094247
s_016um_00371_00147-1,-1.2200961
s_016um_00286_00099-1,-1.4783456
s_016um_00083_00298-1,-1.1186992
s_016um_00263_00191-1,-1.1268601
s_016um_00272_00335-1,-1.1807835
s_016um_00335_00401-1,-1.1820847
s_016um_00043_00046-1,-1.1014537
s_016um_00371_00141-1,-1.1544398
s_016um_00370_00145-1,-1.1223379
s_016um_00221_00032-1,-1.1943029
s_016um_00259_00029-1,-1.312564
s_016um_00189_00092-1,-1.0712321
s_016um_00271_00332-1,-1.1464244
s_016um_00276_00318-1,-1.1319717
s_016um_00365_00096-1,-1.0446756
s_016um_00366_00101-1,-1.1436669
s_016um_00402_00400-1,-3.7924829
s_016um_00225_00329-1,-1.1764026
s_016um_00163_00292-1,-1.117541
s_016um_00274_00335-1,-1.268781
s_016um_00313_00056-1,-1.1474417
s_016um_00133_00317-1,-1.7246454
s_016um_00202_00147-1,-1.1641184
s_016um_00256_00027-1,-1.283747
s_016um_00340_00398-1,-1.3485668
s_016um_00357_00089-1,-1.1337866
s_016um_00161_00286-1,-1.432248
s_016um_00137_00078-1,-1.0891231
s_016um_00123_00145-1,-1.123566
s_016um_00161_00294-1,-1.1103803
s_016um_00040_00049-1,-1.1510537
s_016um_00389_00297-1,-1.1077553
s_016um_00066_00230-1,-1.1219786
s_016um_00103_00073-1,-1.1452247
s_016um_00013_00297-1,-1.0880623
s_016um_00043_00238-1,-1.0852873
s_016um_00056_00242-1,-1.1003013
s_016um_00270_00328-1,-1.2463634
s_016um_00359_00410-1,-1.5969136
s_016um_00171_00377-1,-1.1275795
s_016um_00395_00362-1,-1.4412107
s_016um_00147_00055-1,-1.1966738
s_016um_00232_00261-1,-1.1865244
s_016um_00228_00234-1,-1.1189928
s_016um_00415_00139-1,-1.1566108
s_016um_00378_00140-1,-1.0878465
s_016um_00038_00178-1,-1.0721074
s_016um_00329_00210-1,-1.1450899
s_016um_00038_00175-1,-1.1342981
s_016um_00230_00263-1,-1.25615
s_016um_00091_00274-1,-1.1257025
s_016um_00405_00402-1,-4.6968694
s_016um_00259_00033-1,-1.1009544
s_016um_00237_00359-1,-1.1751407
s_016um_00394_00219-1,-1.0919473
s_016um_00079_00271-1,-1.0626583
s_016um_00396_00182-1,-1.1492686
s_016um_00230_00268-1,-1.1767488
s_016um_00009_00154-1,-1.0925821
s_016um_00376_00133-1,-1.1510373
s_016um_00325_00168-1,-1.1422567
s_016um_00137_00018-1,-1.1252449
s_016um_00259_00190-1,-1.146739
s_016um_00368_00140-1,-1.1798354
s_016um_00141_00014-1,-1.1747143
s_016um_00126_00384-1,-1.2027562
s_016um_00032_00335-1,-1.1319059
s_016um_00273_00225-1,-1.154935
s_016um_00348_00025-1,-1.1454844
s_016um_00080_00031-1,-1.4048241
s_016um_00132_00232-1,-1.10405
s_016um_00222_00029-1,-1.1256531
s_016um_00165_00127-1,-1.1824383
s_016um_00393_00216-1,-1.1945884
s_016um_00217_00227-1,-1.1803854
s_016um_00242_00088-1,-1.1569101
s_016um_00080_00194-1,-1.305778
s_016um_00010_00206-1,-1.123643
s_016um_00200_00145-1,-1.2168698
s_016um_00331_00210-1,-1.1564559
s_016um_00068_00133-1,-1.2237906
s_016um_00054_00246-1,-1.2275492
s_016um_00248_00086-1,-1.1350698
s_016um_00073_00251-1,-1.181516
s_016um_00007_00155-1,-1.1159612
s_016um_00143_00014-1,-1.1734467
s_016um_00013_00268-1,-1.25997
s_016um_00225_00248-1,-1.1664525
s_016um_00382_00135-1,-1.1378505
s_016um_00332_00258-1,-1.2504114
s_016um_00406_00400-1,-4.008322
s_016um_00054_00247-1,-1.0673306
s_016um_00164_00121-1,-1.1247084
s_016um_00036_00172-1,-1.1517456
s_016um_00168_00121-1,-1.082479
s_016um_00394_00368-1,-1.1414177
s_016um_00361_00413-1,-2.585401
s_016um_00190_00128-1,-1.1271707
s_016um_00392_00358-1,-1.6321974
s_016um_00234_00089-1,-1.1802425
s_016um_00325_00298-1,-1.2476002
s_016um_00059_00245-1,-1.2414262
s_016um_00386_00131-1,-1.1181779
s_016um_00279_00203-1,-1.1141937
s_016um_00132_00089-1,-1.2128706
s_016um_00416_00139-1,-1.1028498
s_016um_00041_00008-1,-1.136957
s_016um_00267_00329-1,-1.1215786
s_016um_00322_00229-1,-1.1229391
s_016um_00226_00243-1,-1.123081
s_016um_00082_00036-1,-1.194686
s_016um_00278_00134-1,-1.0984435
s_016um_00090_00337-1,-1.0617418
s_016um_00240_00183-1,-1.1173829
s_016um_00081_00279-1,-1.1230392
s_016um_00129_00320-1,-1.3233464
s_016um_00390_00293-1,-1.1535503
s_016um_00356_00293-1,-1.151151
s_016um_00278_00051-1,-1.1642096
s_016um_00224_00172-1,-1.2050016
s_016um_00007_00153-1,-1.1352421
s_016um_00318_00166-1,-1.2214676
s_016um_00261_00030-1,-1.255965
s_016um_00339_00396-1,-1.601302
s_016um_00142_00014-1,-1.2004791
s_016um_00395_00212-1,-1.096421
s_016um_00352_00022-1,-1.2164356
s_016um_00168_00123-1,-1.1118721
s_016um_00260_00034-1,-1.1664544
s_016um_00397_00214-1,-1.1386076
s_016um_00328_00226-1,-1.1013815
s_016um_00098_00069-1,-1.1481651
s_016um_00276_00051-1,-1.1498005
s_016um_00379_00139-1,-1.1166676
s_016um_00086_00195-1,-1.3060459
s_016um_00356_00092-1,-1.6328266
s_016um_00332_00124-1,-1.1780496
s_016um_00355_00117-1,-1.123298
s_016um_00202_00153-1,-1.0929488
s_016um_00400_00213-1,-1.1337484
s_016um_00357_00093-1,-1.2227179
s_016um_00373_00123-1,-1.1474553
s_016um_00358_00413-1,-1.7486231
s_016um_00068_00231-1,-1.147614
s_016um_00064_00237-1,-1.1785089
s_016um_00030_00333-1,-1.1030947
s_016um_00136_00073-1,-1.0932266
s_016um_00277_00206-1,-1.1337951
s_016um_00322_00171-1,-1.1015197
s_016um_00396_00373-1,-1.1792372
s_016um_00209_00028-1,-1.1438673
s_016um_00129_00319-1,-1.6363747
s_016um_00084_00279-1,-1.1002582
s_016um_00397_00261-1,-1.1855086
s_016um_00238_00088-1,-1.236311
s_016um_00164_00122-1,-1.201049
s_016um_00219_00276-1,-1.2087042
s_016um_00095_00321-1,-1.2949907
s_016um_00147_00396-1,-1.2189028
s_016um_00385_00298-1,-1.3676091
s_016um_00068_00126-1,-1.0854597
s_016um_00213_00028-1,-1.1639891
s_016um_00275_00133-1,-1.2056975
s_016um_00091_00334-1,-1.0961987
s_016um_00315_00056-1,-1.0686579
s_016um_00272_00032-1,-1.1946838
s_016um_00272_00050-1,-1.454969
s_016um_00210_00290-1,-1.1411803
s_016um_00406_00120-1,-1.1536138
s_016um_00387_00293-1,-1.0639935
s_016um_00390_00299-1,-1.2994616
s_016um_00222_00226-1,-1.1111671
s_016um_00278_00044-1,-1.1064503
s_016um_00201_00149-1,-1.0827743
s_016um_00038_00044-1,-1.1589528
s_016um_00322_00225-1,-1.1171873
s_016um_00042_00208-1,-1.094708
s_016um_00096_00335-1,-1.1179457
s_016um_00029_00088-1,-1.1082995
s_016um_00165_00290-1,-1.1174124
s_016um_00222_00013-1,-1.2169273
s_016um_00403_00153-1,-1.1665001
s_016um_00139_00220-1,-1.1908307
s_016um_00086_00031-1,-1.1732198
s_016um_00329_00217-1,-1.185583
s_016um_00078_00282-1,-1.1971974
s_016um_00086_00032-1,-1.1644733
s_016um_00029_00086-1,-1.1342424
s_016um_00140_00071-1,-1.0415657
s_016um_00269_00329-1,-1.167444
s_016um_00253_00024-1,-1.1371385
s_016um_00327_00300-1,-1.1309878
s_016um_00169_00127-1,-1.1307285
s_016um_00191_00092-1,-1.1481103
s_016um_00271_00222-1,-1.0843284
s_016um_00220_00010-1,-1.2247112
s_016um_00214_00279-1,-1.166014
s_016um_00355_00018-1,-1.2507875
s_016um_00236_00190-1,-1.1700068
s_016um_00126_00390-1,-1.1426333
s_016um_00410_00147-1,-1.1409974
s_016um_00277_00312-1,-1.0820962
s_016um_00074_00244-1,-1.1371477
s_016um_00396_00218-1,-1.1944308
s_016um_00034_00101-1,-1.1708164
s_016um_00408_00103-1,-1.1505681
s_016um_00354_00412-1,-1.2657752
s_016um_00013_00208-1,-1.0924956
s_016um_00042_00212-1,-1.2446135
s_016um_00162_00286-1,-1.2268597
s_016um_00192_00091-1,-1.1404681
s_016um_00224_00234-1,-1.1341704
s_016um_00267_00332-1,-1.1369023
s_016um_00232_00265-1,-1.0898645
s_016um_00080_00286-1,-1.1401039
s_016um_00030_00092-1,-1.1074727
s_016um_00255_00033-1,-1.1617967
s_016um_00396_00369-1,-1.3075216
s_016um_00012_00213-1,-1.0957243
s_016um_00200_00147-1,-1.1052452
s_016um_00047_00244-1,-1.0977439
s_016um_00040_00217-1,-1.1261604
s_016um_00373_00140-1,-1.3107157
s_016um_00270_00223-1,-1.1518228
s_016um_00089_00066-1,-1.1625856
s_016um_00358_00115-1,-1.2159857
s_016um_00274_00226-1,-1.1519281
s_016um_00174_00375-1,-1.1244769
s_016um_00228_00248-1,-1.1273643
s_016um_00207_00150-1,-1.10656
s_016um_00094_00343-1,-1.1894273
s_016um_00224_00171-1,-1.2404244
s_016um_00388_00345-1,-1.1475598
s_016um_00133_00228-1,-1.2000133
s_016um_00103_00383-1,-1.2996404
s_016um_00030_00084-1,-1.1189742
s_016um_00122_00146-1,-1.1452945
s_016um_00067_00230-1,-1.1463087
s_016um_00227_00335-1,-1.2437017
s_016um_00135_00221-1,-1.1038145
s_016um_00098_00066-1,-1.1166124
s_016um_00321_00229-1,-1.1265098
s_016um_00267_00229-1,-1.1180961
s_016um_00357_00417-1,-1.7893599
s_016um_00249_00025-1,-1.5988824
s_016um_00080_00293-1,-1.1113539
s_016um_00356_00019-1,-1.2395103
s_016um_00413_00141-1,-1.1338899
s_016um_00359_00121-1,-1.1316955
s_016um_00386_00296-1,-1.1665218
s_016um_00106_00316-1,-1.0100927
s_016um_00320_00165-1,-1.1871212
s_016um_00043_00043-1,-1.1127772
s_016um_00278_00328-1,-1.1029404
s_016um_00129_00382-1,-1.1210678
s_016um_00086_00030-1,-1.0983536
s_016um_00368_00227-1,-1.1506355
s_016um_00031_00088-1,-1.168529
s_016um_00140_00222-1,-1.1890221
s_016um_00219_00028-1,-1.109566
s_016um_00418_00143-1,-1.0981596
s_016um_00392_00292-1,-1.15015
s_016um_00010_00153-1,-1.0853162
s_016um_00080_00199-1,-1.1880884
s_016um_00165_00129-1,-1.1099948
s_016um_00326_00227-1,-1.123671
s_016um_00370_00223-1,-1.2809241
s_016um_00228_00264-1,-1.1428275
s_016um_00273_00313-1,-1.1024225
s_016um_00331_00253-1,-1.0906442
s_016um_00081_00032-1,-1.2239829
s_016um_00260_00130-1,-1.1667756
s_016um_00091_00341-1,-1.143446
s_016um_00140_00070-1,-1.1294855
s_016um_00090_00268-1,-1.1235173
s_016um_00227_00243-1,-1.1145775
s_016um_00219_00170-1,-1.1982017
s_016um_00323_00227-1,-1.0844191
s_016um_00100_00073-1,-1.0722663
s_016um_00152_00398-1,-1.205849
s_016um_00281_00326-1,-1.1006941
s_016um_00063_00234-1,-1.1383471
s_016um_00234_00361-1,-1.1144716
s_016um_00401_00124-1,-1.1424876
s_016um_00327_00224-1,-1.1133889
s_016um_00266_00128-1,-1.356636
s_016um_00105_00071-1,-1.1990256
s_016um_00028_00086-1,-1.1378723
s_016um_00138_00077-1,-1.0292256
s_016um_00008_00300-1,-1.1117533
s_016um_00150_00396-1,-1.3332795
s_016um_00311_00060-1,-1.2262764
s_016um_00410_00151-1,-1.206092
s_016um_00337_00400-1,-1.5992314
s_016um_00042_00049-1,-1.1081995
s_016um_00374_00119-1,-1.3475128
s_016um_00326_00119-1,-1.0980747
s_016um_00264_00334-1,-1.0883943
s_016um_00418_00142-1,-1.1395152
s_016um_00152_00397-1,-1.1363808
s_016um_00201_00152-1,-1.2521061
s_016um_00231_00267-1,-1.1270443
s_016um_00100_00070-1,-1.3728285
s_016um_00330_00125-1,-1.1739762
s_016um_00327_00121-1,-1.1012725
s_016um_00358_00096-1,-1.3253666
s_016um_00216_00291-1,-1.2665465
s_016um_00326_00164-1,-1.1628354
s_016um_00145_00015-1,-1.2346475
s_016um_00280_00131-1,-1.1887027
s_016um_00076_00250-1,-1.1252326
s_016um_00390_00363-1,-1.3194047
s_016um_00043_00244-1,-1.1396023
s_016um_00226_00331-1,-1.1762497
s_016um_00088_00033-1,-1.1613224
s_016um_00041_00239-1,-1.1387135
s_016um_00012_00151-1,-1.1896409
s_016um_00140_00059-1,-1.1264431
s_016um_00324_00229-1,-1.1895229
s_016um_00147_00060-1,-1.119838
s_016um_00335_00213-1,-1.1221573
s_016um_00252_00023-1,-1.1213523
s_016um_00041_00098-1,-1.178491
s_016um_00214_00280-1,-1.1477818
s_016um_00108_00315-1,-1.1205305
s_016um_00262_00329-1,-1.0613441
s_016um_00248_00088-1,-1.1896982
s_016um_00398_00262-1,-1.152357
s_016um_00224_00030-1,-1.1086361
s_016um_00221_00280-1,-1.1218086
s_016um_00096_00323-1,-1.2081728
s_016um_00192_00121-1,-1.1773754
s_016um_00409_00148-1,-1.0800289
s_016um_00058_00245-1,-1.0504638
s_016um_00005_00294-1,-1.1374687
s_016um_00283_00093-1,-1.1724852
s_016um_00417_00144-1,-1.2376778
s_016um_00242_00084-1,-1.105884
s_016um_00279_00138-1,-1.1706965
s_016um_00134_00071-1,-1.1542181
s_016um_00037_00048-1,-1.0952485
s_016um_00234_00363-1,-1.198758
s_016um_00275_00228-1,-1.0719495
s_016um_00219_00027-1,-1.1807743
s_016um_00354_00021-1,-1.2249191
s_016um_00233_00357-1,-1.1573462
s_016um_00256_00186-1,-1.0908262
s_016um_00322_00167-1,-1.0984951
s_016um_00232_00267-1,-1.053469
s_016um_00322_00228-1,-1.171022
s_016um_00166_00289-1,-1.1344624
s_016um_00148_00394-1,-1.2422857
s_016um_00036_00175-1,-1.0982199
s_016um_00126_00387-1,-1.2625471
s_016um_00065_00125-1,-1.2239302
s_016um_00263_00127-1,-1.1129969
s_016um_00403_00125-1,-1.1169817
s_016um_00180_00028-1,-1.134668
s_016um_00080_00200-1,-1.3396927
s_016um_00411_00103-1,-1.112234
s_016um_00280_00206-1,-1.1846154
s_016um_00011_00150-1,-1.095555
s_016um_00397_00178-1,-1.2778949
s_016um_00117_00143-1,-1.4748489
s_016um_00343_00219-1,-1.4087584
s_016um_00362_00224-1,-1.0833237
s_016um_00060_00244-1,-1.1856502
s_016um_00106_00314-1,-1.1163532
s_016um_00333_00215-1,-1.116046
s_016um_00085_00068-1,-1.0747991
s_016um_00259_00188-1,-1.0918975
s_016um_00377_00132-1,-1.1414533
s_016um_00371_00124-1,-1.1496205
s_016um_00233_00355-1,-1.1706656
s_016um_00080_00297-1,-1.1573441
s_016um_00079_00238-1,-1.136706
s_016um_00254_00024-1,-1.0979506
s_016um_00216_00013-1,-1.2549739
s_016um_00221_00331-1,-1.2061356
s_016um_00367_00140-1,-1.1380126
s_016um_00027_00331-1,-1.2007036
s_016um_00225_00336-1,-1.1145366
s_016um_00398_00359-1,-1.2071937
s_016um_00405_00399-1,-3.0082254
s_016um_00135_00223-1,-1.2718205
s_016um_00070_00236-1,-1.0855161
s_016um_00352_00094-1,-1.157609
s_016um_00097_00023-1,-1.1079061
s_016um_00062_00126-1,-1.145006
s_016um_00365_00227-1,-1.1389375
s_016um_00375_00117-1,-1.1359719
s_016um_00143_00055-1,-1.0754733
s_016um_00151_00396-1,-1.1991721
s_016um_00389_00361-1,-1.4221642
s_016um_00159_00292-1,-1.1147476
s_016um_00397_00263-1,-1.205772
s_016um_00130_00226-1,-1.1036619
s_016um_00073_00246-1,-1.1873137
s_016um_00371_00094-1,-1.0855808
s_016um_00249_00022-1,-1.1434447
s_016um_00267_00225-1,-1.151078
s_016um_00225_00235-1,-1.0951527
s_016um_00268_00035-1,-1.1788101
s_016um_00216_00296-1,-1.2460512
s_016um_00329_00121-1,-1.1844314
s_016um_00163_00288-1,-1.5080084
s_016um_00321_00225-1,-1.1190345
s_016um_00219_00279-1,-1.1234267
s_016um_00240_00182-1,-1.1416638
s_016um_00218_00171-1,-1.2342341
s_016um_00273_00335-1,-1.1652033
s_016um_00172_00370-1,-1.0345553
s_016um_00215_00293-1,-1.1713761
s_016um_00092_00316-1,-1.2013748
s_016um_00225_00029-1,-1.1762308
s_016um_00346_00216-1,-1.1290337
s_016um_00271_00223-1,-1.1635773
s_016um_00378_00138-1,-1.1767976
s_016um_00278_00137-1,-1.18213
s_016um_00417_00134-1,-1.0613143
s_016um_00210_00032-1,-1.1436054
s_016um_00398_00184-1,-1.1391706
s_016um_00368_00225-1,-1.2339956
s_016um_00261_00184-1,-1.2244664
s_016um_00080_00264-1,-1.0844527
s_016um_00224_00028-1,-1.1123714
s_016um_00331_00119-1,-1.1371173
s_016um_00398_00368-1,-1.194023
s_016um_00374_00122-1,-1.1133304
s_016um_00327_00302-1,-1.1225204
s_016um_00129_00317-1,-1.5197904
s_016um_00164_00290-1,-1.1421181
s_016um_00038_00042-1,-1.1333541
s_016um_00355_00418-1,-3.220242
s_016um_00132_00092-1,-1.185953
s_016um_00232_00266-1,-1.1202513
s_016um_00010_00296-1,-1.1121752
s_016um_00221_00233-1,-1.1285102
s_016um_00214_00292-1,-1.1475866
s_016um_00220_00283-1,-1.1284255
s_016um_00222_00167-1,-1.1933471
s_016um_00344_00212-1,-1.1743803
s_016um_00084_00028-1,-1.1370004
s_016um_00166_00375-1,-1.1222997
s_016um_00194_00098-1,-1.1498972
s_016um_00082_00271-1,-1.1808865
s_016um_00122_00143-1,-1.2128261
s_016um_00224_00329-1,-1.1470076
s_016um_00401_00262-1,-1.2288194
s_016um_00015_00267-1,-1.1281142
s_016um_00090_00267-1,-1.2105956
s_016um_00040_00206-1,-1.0675932
s_016um_00097_00030-1,-1.1651242
s_016um_00064_00130-1,-1.1429412
s_016um_00272_00203-1,-1.1447195
s_016um_00139_00072-1,-1.1290885
s_016um_00409_00153-1,-1.1904417
s_016um_00039_00177-1,-1.0913332
s_016um_00232_00088-1,-1.1644093
s_016um_00230_00357-1,-1.1658704
s_016um_00414_00104-1,-1.1431414
s_016um_00049_00244-1,-1.1568053
s_016um_00248_00020-1,-1.1083196
s_016um_00358_00286-1,-1.0987786
s_016um_00382_00134-1,-1.1902062
s_016um_00416_00136-1,-1.0699675
s_016um_00096_00337-1,-1.1284595
s_016um_00289_00093-1,-1.1573285
s_016um_00100_00316-1,-1.5016266
s_016um_00105_00391-1,-1.2104801
s_016um_00026_00092-1,-1.116412
s_016um_00037_00178-1,-1.0527415
s_016um_00405_00121-1,-1.100306
s_016um_00403_00128-1,-1.288798
s_016um_00384_00125-1,-1.1745137
s_016um_00153_00400-1,-1.1238028
s_016um_00225_00335-1,-1.0803955
s_016um_00121_00149-1,-1.1559678
s_016um_00330_00211-1,-1.1800209
s_016um_00257_00029-1,-1.3340592
s_016um_00262_00129-1,-1.1326209
s_016um_00081_00282-1,-1.1315755
s_016um_00323_00302-1,-1.0812993
s_016um_00408_00151-1,-1.1459824
s_016um_00031_00334-1,-1.072752
s_016um_00029_00330-1,-1.0947747
s_016um_00356_00414-1,-2.630846
s_016um_00399_00216-1,-1.1434261
s_016um_00328_00125-1,-1.1432093
s_016um_00167_00120-1,-1.1278453
s_016um_00321_00169-1,-1.2090639
s_016um_00261_00332-1,-1.083838
s_016um_00217_00275-1,-1.1266912
s_016um_00384_00136-1,-1.1133949
s_016um_00100_00386-1,-1.1028233
s_016um_00110_00319-1,-1.2269679
s_016um_00056_00248-1,-1.1132748
s_016um_00397_00260-1,-1.180302
s_016um_00117_00148-1,-1.1740975
s_016um_00107_00313-1,-1.1247814
s_016um_00251_00022-1,-1.1402183
s_016um_00278_00208-1,-1.1539326
s_016um_00411_00102-1,-1.1118888
s_016um_00042_00048-1,-1.1603587
s_016um_00171_00372-1,-1.1809373
s_016um_00217_00170-1,-1.167973
s_016um_00080_00279-1,-1.141302
s_016um_00030_00086-1,-1.0781128
s_016um_00193_00129-1,-1.1132033
s_016um_00385_00130-1,-1.2223305
s_016um_00403_00146-1,-1.1180305
s_016um_00342_00216-1,-1.2233139
s_016um_00354_00411-1,-2.4869535
s_016um_00257_00033-1,-1.1208528
s_016um_00389_00300-1,-1.0748348
s_016um_00400_00259-1,-1.1592795
s_016um_00253_00033-1,-1.170494
s_016um_00221_00332-1,-1.0919114
s_016um_00094_00273-1,-1.1222548
s_016um_00291_00097-1,-1.1634576
s_016um_00136_00074-1,-1.102017
s_016um_00085_00029-1,-1.1936786
s_016um_00332_00123-1,-1.08684
s_016um_00394_00180-1,-1.1841974
s_016um_00367_00230-1,-1.1335875
s_016um_00401_00400-1,-3.491465
s_016um_00139_00073-1,-1.1358947
s_016um_00274_00319-1,-1.1042304
s_016um_00220_00234-1,-1.1389581
s_016um_00369_00124-1,-1.1287055
s_016um_00222_00024-1,-1.5822936
s_016um_00387_00291-1,-1.12656
s_016um_00142_00017-1,-1.131941
s_016um_00142_00217-1,-1.3474746
s_016um_00339_00403-1,-1.3005103
s_016um_00021_00267-1,-1.2342046
s_016um_00092_00275-1,-1.1168032
s_016um_00347_00215-1,-1.1066581
s_016um_00139_00215-1,-1.2457906
s_016um_00092_00334-1,-1.0922993
s_016um_00082_00285-1,-1.157444
s_016um_00183_00030-1,-1.1828609
s_016um_00262_00189-1,-1.1975521
s_016um_00330_00212-1,-1.1939627
s_016um_00397_00177-1,-1.2733363
s_016um_00030_00085-1,-1.0960326
s_016um_00409_00100-1,-1.1372677
s_016um_00360_00288-1,-1.0922455
s_016um_00016_00268-1,-1.1262226
s_016um_00079_00247-1,-1.183805
s_016um_00191_00129-1,-1.1734818
s_016um_00131_00091-1,-1.111364
s_016um_00133_00091-1,-1.1801898
s_016um_00216_00030-1,-1.1785687
s_016um_00268_00060-1,-1.2285887
s_016um_00063_00232-1,-1.1864188
s_016um_00238_00085-1,-1.193763
s_016um_00331_00217-1,-1.1624755
s_016um_00277_00310-1,-1.0973492
s_016um_00405_00128-1,-1.2405468
s_016um_00228_00335-1,-1.0410998
s_016um_00278_00131-1,-1.5496953
s_016um_00196_00124-1,-1.1411759
s_016um_00359_00418-1,-2.4441123
s_016um_00273_00331-1,-1.2127216
s_016um_00218_00025-1,-1.15314
s_016um_00408_00099-1,-1.1503545
s_016um_00278_00135-1,-1.123042
s_016um_00409_00098-1,-1.1241744
s_016um_00396_00366-1,-1.2496355
s_016um_00238_00086-1,-1.0934502
s_016um_00371_00139-1,-1.1301026
s_016um_00375_00145-1,-1.1433938
s_016um_00368_00093-1,-1.0827245
s_016um_00397_00211-1,-1.136636
s_016um_00354_00288-1,-1.461998
s_016um_00334_00400-1,-1.0793799
s_016um_00219_00225-1,-1.143905
s_016um_00210_00029-1,-1.1593449
s_016um_00190_00098-1,-1.1683996
s_016um_00219_00278-1,-1.1639458
s_016um_00226_00334-1,-1.0509723
s_016um_00217_00025-1,-1.0973301
s_016um_00088_00073-1,-1.0835439
s_016um_00199_00150-1,-1.1657244
s_016um_00149_00400-1,-1.0975683
s_016um_00310_00052-1,-1.6439493
s_016um_00042_00177-1,-1.1964082
s_016um_00209_00292-1,-1.0841057
s_016um_00320_00230-1,-1.1295582
s_016um_00272_00334-1,-1.1242553
s_016um_00031_00085-1,-1.0844073
s_016um_00084_00037-1,-1.2010063
s_016um_00219_00029-1,-1.0898877
s_016um_00079_00281-1,-1.3063128
s_016um_00215_00276-1,-1.2572536
s_016um_00212_00029-1,-1.2099949
s_016um_00041_00211-1,-1.1604921
s_016um_00166_00373-1,-1.1961815
s_016um_00265_00060-1,-1.2216458
s_016um_00027_00089-1,-1.0443695
s_016um_00170_00128-1,-1.1637485
s_016um_00042_00173-1,-1.1223345
s_016um_00210_00289-1,-1.1139284
s_016um_00218_00019-1,-1.1763133
s_016um_00376_00135-1,-1.1773257
s_016um_00397_00359-1,-1.235994
s_016um_00014_00265-1,-1.1095138
s_016um_00079_00246-1,-1.0954983
s_016um_00117_00149-1,-1.1750232
s_016um_00222_00231-1,-1.1295002
s_016um_00262_00185-1,-1.4123412
s_016um_00368_00101-1,-1.1020846
s_016um_00361_00288-1,-1.1567308
s_016um_00238_00084-1,-1.2093909
s_016um_00077_00282-1,-1.0923835
s_016um_00227_00331-1,-1.1293474
s_016um_00077_00247-1,-1.1666077
s_016um_00064_00233-1,-1.3402865
s_016um_00021_00270-1,-1.1834325
s_016um_00081_00196-1,-1.3298218
s_016um_00370_00094-1,-1.1294258
s_016um_00330_00218-1,-1.0909386
s_016um_00348_00021-1,-1.1265376
s_016um_00387_00130-1,-1.1743957
s_016um_00046_00218-1,-1.1441606
s_016um_00326_00165-1,-1.1715103
s_016um_00194_00124-1,-1.134458
s_016um_00372_00101-1,-1.1402714
s_016um_00353_00117-1,-1.1771704
s_016um_00373_00125-1,-1.2073854
s_016um_00393_00345-1,-1.2880865
s_016um_00135_00077-1,-1.1163836
s_016um_00148_00400-1,-1.1137754
s_016um_00273_00329-1,-1.1939578
s_016um_00279_00209-1,-1.050586
s_016um_00185_00032-1,-1.053461
s_016um_00275_00131-1,-1.1209092
s_016um_00080_00030-1,-1.1358347
s_016um_00362_00417-1,-2.9105415
s_016um_00289_00098-1,-1.1448137
s_016um_00327_00229-1,-1.1868887
s_016um_00183_00031-1,-1.1504313
s_016um_00387_00299-1,-1.1683139
s_016um_00193_00122-1,-1.2921989
s_016um_00009_00293-1,-1.0971205
s_016um_00184_00030-1,-1.0881044
s_016um_00101_00385-1,-1.2198021
s_016um_00133_00229-1,-1.0970321
s_016um_00132_00318-1,-1.3171437
s_016um_00321_00298-1,-1.1365994
s_016um_00381_00129-1,-1.1525061
s_016um_00094_00339-1,-1.0935799
s_016um_00220_00016-1,-1.0902667
s_016um_00326_00125-1,-1.0713356
s_016um_00358_00094-1,-1.1729285
s_016um_00203_00148-1,-1.264288
s_016um_00263_00128-1,-1.1619529
s_016um_00354_00417-1,-2.796712
s_016um_00045_00045-1,-1.109926
s_016um_00367_00121-1,-1.0846039
s_016um_00402_00259-1,-1.1538713
s_016um_00401_00128-1,-1.1346292
s_016um_00129_00316-1,-1.3649724
s_016um_00330_00120-1,-1.1169301
s_016um_00357_00096-1,-1.0991989
s_016um_00393_00367-1,-1.1647327
s_016um_00218_00278-1,-1.1170204
s_016um_00046_00240-1,-1.1651068
s_016um_00390_00297-1,-1.2170278
s_016um_00253_00027-1,-1.0996426
s_016um_00280_00135-1,-1.1404351
s_016um_00400_00258-1,-1.1885538
s_016um_00094_00278-1,-1.1526023
s_016um_00389_00337-1,-1.1163188
s_016um_00355_00286-1,-1.0886636
s_016um_00334_00214-1,-1.1882046
s_016um_00037_00100-1,-1.2374085
s_016um_00045_00243-1,-1.2306398
s_016um_00259_00032-1,-1.1420301
s_016um_00244_00082-1,-1.1049958
s_016um_00334_00397-1,-1.2658801
s_016um_00399_00370-1,-1.3047457
s_016um_00218_00029-1,-1.1093149
s_016um_00167_00125-1,-1.2429626
s_016um_00219_00032-1,-1.1004536
s_016um_00011_00213-1,-1.1265005
s_016um_00235_00263-1,-1.1950865
s_016um_00237_00183-1,-1.1455654
s_016um_00412_00105-1,-1.2691017
s_016um_00279_00137-1,-1.1491278
s_016um_00014_00213-1,-1.1401792
s_016um_00391_00346-1,-1.6424813
s_016um_00389_00344-1,-1.2471628
s_016um_00258_00032-1,-1.191058
s_016um_00085_00273-1,-1.180325
s_016um_00329_00118-1,-1.0841895
s_016um_00042_00239-1,-1.1747271
s_016um_00091_00339-1,-1.0862138
s_016um_00332_00256-1,-1.1540909
s_016um_00136_00228-1,-1.1620471
s_016um_00285_00094-1,-1.1358631
s_016um_00125_00390-1,-1.1668553
s_016um_00226_00245-1,-1.1342517
s_016um_00146_00016-1,-1.171028
s_016um_00406_00149-1,-1.160462
s_016um_00180_00025-1,-1.1381534
s_016um_00009_00208-1,-1.2211959
s_016um_00091_00340-1,-1.1602952
s_016um_00326_00120-1,-1.4802608
s_016um_00019_00264-1,-1.136328
s_016um_00395_00182-1,-1.0814576
s_016um_00277_00205-1,-1.2127875
s_016um_00403_00147-1,-1.2126131
s_016um_00181_00032-1,-1.1527438
s_016um_00082_00268-1,-1.1338413
s_016um_00177_00031-1,-1.1247736
s_016um_00005_00154-1,-1.2216146
s_016um_00397_00220-1,-1.4515148
s_016um_00321_00163-1,-1.1001549
s_016um_00357_00413-1,-2.4713545
s_016um_00369_00146-1,-1.1196753
s_016um_00038_00206-1,-1.0488063
s_016um_00269_00223-1,-1.0775814
s_016um_00313_00058-1,-1.1272525
s_016um_00377_00134-1,-1.2236311
s_016um_00042_00218-1,-1.151085
s_016um_00139_00223-1,-1.1132946
s_016um_00015_00270-1,-1.1999742
s_016um_00401_00402-1,-4.005592
s_016um_00381_00128-1,-1.0461448
s_016um_00263_00129-1,-1.1237686
s_016um_00099_00030-1,-1.0897841
s_016um_00413_00103-1,-1.136548
s_016um_00011_00211-1,-1.1325336
s_016um_00262_00184-1,-1.3128068
s_016um_00118_00149-1,-1.0809836
s_016um_00006_00213-1,-1.1725608
s_016um_00033_00010-1,-1.1186943
s_016um_00237_00087-1,-1.2273606
s_016um_00113_00317-1,-1.1301984
s_016um_00242_00184-1,-1.2995769
s_016um_00102_00026-1,-1.1495616
s_016um_00390_00361-1,-1.4977614
s_016um_00281_00325-1,-1.0981793
s_016um_00281_00321-1,-1.1256998
s_016um_00398_00365-1,-1.1540486
s_016um_00235_00360-1,-1.1421624
s_016um_00353_00414-1,-2.3497672
s_016um_00088_00069-1,-1.1596746
s_016um_00136_00218-1,-1.0768448
s_016um_00075_00295-1,-1.2730163
s_016um_00231_00360-1,-1.1330559
s_016um_00406_00153-1,-1.1247554
s_016um_00228_00330-1,-1.087434
s_016um_00368_00095-1,-1.0967109
s_016um_00397_00184-1,-1.3670614
s_016um_00353_00022-1,-1.2356809
s_016um_00182_00031-1,-1.1119673
s_016um_00132_00323-1,-1.1970248
s_016um_00317_00166-1,-1.4999874
s_016um_00226_00234-1,-1.1436834
s_016um_00263_00131-1,-1.16395
s_016um_00254_00021-1,-1.1551522
s_016um_00083_00284-1,-1.1544195
s_016um_00103_00390-1,-1.1828451
s_016um_00266_00055-1,-1.1983435
s_016um_00142_00060-1,-1.1235217
s_016um_00403_00124-1,-1.085382
s_016um_00076_00299-1,-1.1598381
s_016um_00398_00180-1,-1.1105385
s_016um_00011_00301-1,-1.1864641
s_016um_00035_00009-1,-1.1135103
s_016um_00324_00228-1,-1.142439
s_016um_00270_00226-1,-1.114723
s_016um_00363_00230-1,-1.1020625
s_016um_00026_00085-1,-1.1629362
s_016um_00356_00289-1,-1.1517147
s_016um_00270_00228-1,-1.1222941
s_016um_00396_00360-1,-1.8212328
s_016um_00277_00048-1,-1.1516023
s_016um_00218_00233-1,-1.08106
s_016um_00280_00319-1,-1.0916685
s_016um_00087_00028-1,-1.1290156
s_016um_00042_00207-1,-1.109071
s_016um_00078_00235-1,-1.1575366
s_016um_00169_00376-1,-1.1579431
s_016um_00256_00034-1,-1.052452
s_016um_00082_00266-1,-1.1157839
s_016um_00355_00121-1,-1.028145
s_016um_00223_00248-1,-1.0947958
s_016um_00179_00028-1,-1.1654247
s_016um_00075_00296-1,-1.1214309
s_016um_00261_00188-1,-1.1594251
s_016um_00311_00059-1,-1.1321057
s_016um_00119_00145-1,-1.1883833
s_016um_00083_00029-1,-1.2356406
s_016um_00030_00089-1,-1.2156136
s_016um_00083_00069-1,-1.1115891
s_016um_00291_00095-1,-1.246356
s_016um_00355_00414-1,-2.1392906
s_016um_00163_00290-1,-1.1218538
s_016um_00229_00261-1,-1.1903269
s_016um_00031_00089-1,-1.2114888
s_016um_00235_00358-1,-1.1558412
s_016um_00273_00223-1,-1.1111774
s_016um_00223_00250-1,-1.1959324
s_016um_00030_00332-1,-1.0875113
s_016um_00403_00396-1,-3.1275635
s_016um_00255_00024-1,-1.0940217
s_016um_00389_00295-1,-1.1784159
s_016um_00238_00360-1,-1.1142457
s_016um_00403_00122-1,-1.0398912
s_016um_00401_00120-1,-1.0730659
s_016um_00058_00242-1,-1.0805308
s_016um_00359_00091-1,-1.1362011
s_016um_00043_00218-1,-1.1517222
s_016um_00039_00045-1,-1.1635001
s_016um_00137_00217-1,-1.1050259
s_016um_00078_00297-1,-1.1399114
s_016um_00337_00403-1,-1.1890103
s_016um_00323_00301-1,-1.1068295
s_016um_00274_00311-1,-1.0802684
s_016um_00274_00133-1,-1.1956543
s_016um_00224_00228-1,-1.1363763
s_016um_00025_00086-1,-1.0791217
s_016um_00119_00144-1,-1.5443335
s_016um_00223_00231-1,-1.1940405
s_016um_00085_00284-1,-1.1102864
s_016um_00197_00128-1,-1.083931
s_016um_00352_00025-1,-1.077585
s_016um_00067_00239-1,-1.3136077
s_016um_00211_00030-1,-1.1154246
s_016um_00355_00122-1,-1.092076
s_016um_00030_00337-1,-1.1396164
s_016um_00078_00281-1,-1.1709473
s_016um_00085_00265-1,-1.1417632
s_016um_00046_00216-1,-1.1258221
s_016um_00222_00025-1,-1.2854275
s_016um_00038_00103-1,-1.1024554
s_016um_00403_00123-1,-1.175339
s_016um_00227_00334-1,-1.1001298
s_016um_00012_00153-1,-1.095901
s_016um_00405_00398-1,-3.603263
s_016um_00084_00032-1,-1.0981131
s_016um_00101_00028-1,-1.2405176
s_016um_00393_00337-1,-1.1700251
s_016um_00147_00401-1,-1.1157755
s_016um_00102_00029-1,-1.0736217
s_016um_00150_00402-1,-1.2846452
s_016um_00082_00033-1,-1.119617
s_016um_00081_00200-1,-1.1399288
s_016um_00148_00397-1,-1.1227283
s_016um_00277_00139-1,-1.0949743
s_016um_00356_00021-1,-1.2799742
s_016um_00040_00043-1,-1.0784163
s_016um_00195_00093-1,-1.0703056
s_016um_00275_00328-1,-1.4898555
s_016um_00082_00293-1,-1.0234149
s_016um_00042_00216-1,-1.1160903
s_016um_00209_00029-1,-1.095874
s_016um_00039_00203-1,-1.1920059
s_016um_00414_00141-1,-1.2631506
s_016um_00347_00212-1,-1.1323357
s_016um_00045_00209-1,-1.2046332
s_016um_00093_00334-1,-1.1065114
s_016um_00275_00130-1,-1.1196401
s_016um_00220_00026-1,-1.1292013
s_016um_00273_00035-1,-1.1593057
s_016um_00407_00395-1,-2.525449
s_016um_00359_00291-1,-1.1568618
s_016um_00167_00376-1,-1.1832509
s_016um_00260_00134-1,-1.1699873
s_016um_00078_00237-1,-1.2601943
s_016um_00392_00357-1,-2.1430867
s_016um_00128_00384-1,-1.1822256
s_016um_00087_00029-1,-1.1128689
s_016um_00374_00140-1,-1.1082723
s_016um_00243_00087-1,-1.1408012
s_016um_00082_00264-1,-1.1044662
s_016um_00271_00228-1,-1.0969254
s_016um_00036_00006-1,-1.1544158
s_016um_00079_00282-1,-1.1215492
s_016um_00045_00219-1,-1.2000424
s_016um_00157_00292-1,-1.1275644
s_016um_00135_00219-1,-1.2037253
s_016um_00268_00226-1,-1.1706723
s_016um_00036_00005-1,-1.1124508
s_016um_00057_00247-1,-1.1226974
s_016um_00131_00231-1,-1.1162566
s_016um_00207_00148-1,-1.0328163
s_016um_00342_00220-1,-1.2575142
s_016um_00266_00062-1,-1.1238985
s_016um_00219_00171-1,-1.123015
s_016um_00267_00134-1,-1.1242411
s_016um_00136_00072-1,-1.2132115
s_016um_00366_00143-1,-1.0852854
s_016um_00404_00121-1,-1.1536261
s_016um_00230_00248-1,-1.1080614
s_016um_00400_00367-1,-1.109357
s_016um_00248_00024-1,-1.174868
s_016um_00401_00122-1,-1.2471931
s_016um_00224_00331-1,-1.0938805
s_016um_00025_00091-1,-1.0897664
s_016um_00237_00089-1,-1.3262361
s_016um_00066_00127-1,-1.1563802
s_016um_00140_00054-1,-1.1774869
s_016um_00077_00298-1,-1.3016015
s_016um_00214_00035-1,-1.1290793
s_016um_00395_00341-1,-1.2681893
s_016um_00321_00165-1,-1.0802724
s_016um_00010_00294-1,-1.1848005
s_016um_00172_00125-1,-1.1943341
s_016um_00148_00399-1,-1.1650352
s_016um_00100_00028-1,-1.1481628
s_016um_00329_00119-1,-1.2094244
s_016um_00040_00044-1,-1.1317223
s_016um_00353_00120-1,-1.1658379
s_016um_00077_00294-1,-1.1386173
s_016um_00122_00151-1,-1.1168675
s_016um_00128_00093-1,-1.1029481
s_016um_00130_00383-1,-1.0933245
s_016um_00273_00316-1,-1.386948
s_016um_00388_00128-1,-1.298137
s_016um_00324_00297-1,-1.147308
s_016um_00148_00058-1,-1.1096494
s_016um_00060_00245-1,-1.2341473
s_016um_00250_00023-1,-1.2932941
s_016um_00275_00207-1,-1.1698737
s_016um_00212_00032-1,-1.1354954
s_016um_00224_00247-1,-1.1248457
s_016um_00036_00105-1,-1.1991016
s_016um_00376_00123-1,-1.1743113
s_016um_00269_00029-1,-1.1187459
s_016um_00394_00340-1,-1.0931091
s_016um_00396_00365-1,-1.5104883
s_016um_00139_00070-1,-1.178101
s_016um_00352_00018-1,-1.1155114
s_016um_00032_00329-1,-1.0637194
s_016um_00263_00330-1,-1.1079564
s_016um_00228_00329-1,-1.1177906
s_016um_00364_00095-1,-1.130945
s_016um_00180_00026-1,-1.0922877
s_016um_00189_00122-1,-1.1186892
s_016um_00134_00076-1,-1.1501105
s_016um_00325_00121-1,-1.1288334
s_016um_00093_00027-1,-1.0761654
s_016um_00216_00033-1,-1.2280247
s_016um_00079_00297-1,-1.1312644
s_016um_00239_00184-1,-1.1515323
s_016um_00323_00164-1,-1.1366389
s_016um_00410_00097-1,-1.184618
s_016um_00102_00390-1,-1.17761
s_016um_00281_00316-1,-1.1040673
s_016um_00393_00342-1,-1.1883167
s_016um_00122_00147-1,-1.0807647
s_016um_00397_00257-1,-1.2042526
s_016um_00357_00412-1,-2.0400524
s_016um_00222_00232-1,-1.1477777
s_016um_00285_00096-1,-1.1585082
s_016um_00273_00045-1,-1.1391532
s_016um_00022_00265-1,-1.1145624
s_016um_00369_00122-1,-1.1616305
s_016um_00044_00212-1,-1.1459249
s_016um_00086_00273-1,-1.1262176
s_016um_00137_00318-1,-1.1120816
s_016um_00400_00219-1,-1.0769272
s_016um_00092_00268-1,-1.1161724
s_016um_00042_00244-1,-1.135549
s_016um_00227_00237-1,-1.1677816
s_016um_00178_00026-1,-1.1570603
s_016um_00398_00212-1,-1.2747535
s_016um_00273_00229-1,-1.1423484
s_016um_00328_00305-1,-1.1686953
s_016um_00044_00172-1,-1.2823417
s_016um_00064_00133-1,-1.0603123
s_016um_00067_00130-1,-1.0752034
s_016um_00356_00095-1,-1.059352
s_016um_00407_00098-1,-1.1548778
s_016um_00230_00247-1,-1.2441297
s_016um_00368_00226-1,-1.1628937
s_016um_00361_00286-1,-1.2639524
s_016um_00073_00245-1,-1.105518
s_016um_00286_00100-1,-1.3309901
s_016um_00321_00167-1,-1.2518997
s_016um_00092_00339-1,-1.1422302
s_016um_00406_00148-1,-1.1907178
s_016um_00223_00167-1,-1.3267672
s_016um_00324_00122-1,-1.1630032
s_016um_00365_00222-1,-1.1344455
s_016um_00340_00213-1,-1.1415642
s_016um_00367_00228-1,-1.2259655
s_016um_00259_00186-1,-1.1597795
s_016um_00219_00168-1,-1.1157833
s_016um_00152_00402-1,-1.209966
s_016um_00018_00264-1,-1.1800791
s_016um_00414_00105-1,-1.123578
s_016um_00105_00068-1,-1.3438789
s_016um_00041_00240-1,-1.1682396
s_016um_00055_00242-1,-1.0862002
s_016um_00047_00207-1,-1.1435205
s_016um_00371_00123-1,-1.120631
s_016um_00407_00399-1,-3.5855665
s_016um_00080_00285-1,-1.0945271
s_016um_00277_00322-1,-1.2262162
s_016um_00037_00177-1,-1.144138
s_016um_00335_00403-1,-1.089969
s_016um_00225_00237-1,-1.1347544
s_016um_00325_00300-1,-1.1511842
s_016um_00008_00212-1,-1.1465096
s_016um_00358_00417-1,-2.3863835
s_016um_00259_00192-1,-1.314974
s_016um_00036_00178-1,-1.2011213
s_016um_00215_00011-1,-1.1529276
s_016um_00365_00225-1,-1.1060272
s_016um_00028_00090-1,-1.1543659
s_016um_00083_00198-1,-1.2321973
s_016um_00090_00270-1,-1.1050858
s_016um_00038_00049-1,-1.2101645
s_016um_00397_00217-1,-1.1957543
s_016um_00012_00294-1,-1.1185356
s_016um_00084_00071-1,-1.1556941
s_016um_00017_00264-1,-1.131348
s_016um_00105_00388-1,-1.1840734
s_016um_00127_00385-1,-1.4012967
s_016um_00169_00128-1,-1.1969956
s_016um_00207_00151-1,-1.1212015
s_016um_00228_00236-1,-1.0764908
s_016um_00239_00191-1,-1.153698
s_016um_00151_00402-1,-1.0419359
s_016um_00408_00150-1,-1.3074354
s_016um_00190_00125-1,-1.1738693
s_016um_00353_00122-1,-1.1113597
s_016um_00398_00179-1,-1.0670447
s_016um_00356_00089-1,-1.0722761
s_016um_00090_00336-1,-1.2621343
s_016um_00079_00197-1,-1.3298339
s_016um_00314_00055-1,-1.1132541
s_016um_00270_00060-1,-1.1734071
s_016um_00201_00151-1,-1.1976396
s_016um_00097_00068-1,-1.433879
s_016um_00235_00088-1,-1.211332
s_016um_00134_00073-1,-1.6693171
s_016um_00045_00203-1,-1.1447322
s_016um_00087_00273-1,-1.1194341
s_016um_00336_00396-1,-1.1263455
s_016um_00336_00404-1,-1.2818211
s_016um_00272_00046-1,-1.151963
s_016um_00279_00205-1,-1.1209775
s_016um_00253_00029-1,-1.1396745
s_016um_00133_00074-1,-1.1296394
s_016um_00281_00329-1,-1.0833566
s_016um_00348_00024-1,-1.1137578
s_016um_00039_00208-1,-1.1112638
s_016um_00006_00208-1,-1.0996473
s_016um_00041_00243-1,-1.2783816
s_016um_00227_00327-1,-1.1162506
s_016um_00400_00368-1,-1.2170424
s_016um_00383_00134-1,-1.2084154
s_016um_00109_00387-1,-1.1180845
s_016um_00134_00226-1,-1.1832199
s_016um_00389_00130-1,-1.1391771
s_016um_00272_00227-1,-1.1245304
s_016um_00218_00282-1,-1.1226766
s_016um_00369_00143-1,-1.1443083
s_016um_00212_00292-1,-1.1141118
s_016um_00194_00127-1,-1.2051901
s_016um_00220_00281-1,-1.0750448
s_016um_00054_00248-1,-1.369097
s_016um_00195_00097-1,-1.1938518
s_016um_00220_00279-1,-1.1360779
s_016um_00087_00198-1,-1.1792809
s_016um_00264_00189-1,-1.2343745
s_016um_00060_00250-1,-1.146311
s_016um_00133_00233-1,-1.2212486
s_016um_00230_00359-1,-1.0900506
s_016um_00079_00285-1,-1.1426342
s_016um_00395_00216-1,-1.1397477
s_016um_00214_00031-1,-1.2229654
s_016um_00005_00156-1,-1.1710919
s_016um_00392_00294-1,-1.1021767
s_016um_00354_00287-1,-1.2058613
s_016um_00279_00201-1,-1.1561731
s_016um_00045_00217-1,-1.0742129
s_016um_00226_00239-1,-1.1586306
s_016um_00366_00094-1,-1.1197143
s_016um_00274_00329-1,-1.3323443
s_016um_00413_00138-1,-1.3187561
s_016um_00373_00124-1,-1.1620018
s_016um_00275_00223-1,-1.1271297
s_016um_00128_00090-1,-1.1185961
s_016um_00036_00009-1,-1.1865797
s_016um_00274_00131-1,-1.0965703
s_016um_00131_00388-1,-1.1113459
s_016um_00230_00331-1,-1.0125222
s_016um_00097_00341-1,-1.1286861
s_016um_00079_00250-1,-1.1960354
s_016um_00320_00302-1,-1.1220014
s_016um_00015_00268-1,-1.162707
s_016um_00084_00269-1,-1.2154001
s_016um_00275_00327-1,-1.3215449
s_016um_00265_00329-1,-1.3745099
s_016um_00046_00242-1,-1.0935103
s_016um_00088_00270-1,-1.0869119
s_016um_00263_00185-1,-1.3911507
s_016um_00037_00097-1,-1.0844988
s_016um_00076_00297-1,-1.0941385
s_016um_00068_00235-1,-1.1645768
s_016um_00309_00058-1,-1.2038257
s_016um_00219_00031-1,-1.1425214
s_016um_00261_00028-1,-1.1378294
s_016um_00370_00122-1,-1.180934
s_016um_00227_00239-1,-1.1456869
s_016um_00369_00102-1,-1.197052
s_016um_00145_00014-1,-1.1251624
s_016um_00354_00020-1,-1.3889827
s_016um_00211_00032-1,-1.2218198
s_016um_00089_00268-1,-1.1791854
s_016um_00386_00297-1,-1.1598704
s_016um_00081_00237-1,-1.1394318
s_016um_00262_00058-1,-1.1703221
s_016um_00123_00147-1,-1.1450086
s_016um_00239_00086-1,-1.1356789
s_016um_00080_00284-1,-1.1140096
s_016um_00220_00011-1,-1.0987785
s_016um_00033_00085-1,-1.1001974
s_016um_00267_00029-1,-1.2117074
s_016um_00080_00278-1,-1.1491698
s_016um_00404_00122-1,-1.1624161
s_016um_00220_00029-1,-1.143722
s_016um_00223_00335-1,-1.1292416
s_016um_00235_00267-1,-1.1769723
s_016um_00091_00268-1,-1.1071557
s_016um_00033_00007-1,-1.0928608
s_016um_00010_00151-1,-1.083315
s_016um_00184_00026-1,-1.182919
s_016um_00067_00127-1,-1.1442715
s_016um_00090_00271-1,-1.1334707
s_016um_00029_00085-1,-1.0925688
s_016um_00022_00271-1,-1.4558066
s_016um_00262_00334-1,-1.1819583
s_016um_00358_00118-1,-1.133932
s_016um_00243_00086-1,-1.1113158
s_016um_00325_00299-1,-1.2929409
s_016um_00031_00092-1,-1.0861948
s_016um_00229_00243-1,-1.1055077
s_016um_00355_00113-1,-1.1385977
s_016um_00369_00230-1,-1.1304201
s_016um_00394_00356-1,-1.6641417
s_016um_00074_00247-1,-1.1772733
s_016um_00079_00269-1,-1.1321484
s_016um_00278_00313-1,-1.1190319
s_016um_00080_00299-1,-1.1299282
s_016um_00394_00345-1,-1.4655721
s_016um_00141_00219-1,-1.1063797
s_016um_00312_00053-1,-1.1135693
s_016um_00266_00130-1,-1.3733879
s_016um_00096_00271-1,-1.1574959
s_016um_00089_00073-1,-1.1714323
s_016um_00040_00102-1,-1.1468852
s_016um_00169_00375-1,-1.1902953
s_016um_00408_00397-1,-4.1043754
s_016um_00034_00334-1,-1.1179917
s_016um_00342_00399-1,-1.678638
s_016um_00231_00361-1,-1.1087692
s_016um_00142_00019-1,-1.189549
s_016um_00354_00091-1,-1.1056396
s_016um_00157_00291-1,-1.1368132
s_016um_00357_00091-1,-1.103292
s_016um_00321_00168-1,-1.1666913
s_016um_00191_00122-1,-1.1575066
s_016um_00137_00215-1,-1.156192
s_016um_00403_00127-1,-1.2161642
s_016um_00258_00190-1,-1.1192613
s_016um_00054_00245-1,-1.099026
s_016um_00351_00026-1,-1.036658
s_016um_00347_00213-1,-1.1620152
s_016um_00086_00068-1,-1.0621582
s_016um_00351_00094-1,-1.1544089
s_016um_00212_00033-1,-1.1913942
s_016um_00103_00387-1,-1.1994721
s_016um_00263_00186-1,-1.3939729
s_016um_00354_00119-1,-1.0596052
s_016um_00231_00359-1,-1.138001
s_016um_00020_00269-1,-1.1048084
s_016um_00271_00034-1,-1.2132003
s_016um_00339_00398-1,-1.3350496
s_016um_00275_00205-1,-1.0601599
s_016um_00361_00418-1,-2.1904316
s_016um_00221_00231-1,-1.344664
s_016um_00045_00212-1,-1.2043163
s_016um_00048_00218-1,-1.1741375
s_016um_00248_00021-1,-1.0810002
s_016um_00190_00094-1,-1.1548283
s_016um_00402_00258-1,-1.1109042
s_016um_00060_00247-1,-1.1408656
s_016um_00402_00403-1,-4.02126
s_016um_00196_00128-1,-1.0890852
s_016um_00106_00315-1,-1.1903411
s_016um_00149_00397-1,-1.0933216
s_016um_00226_00242-1,-1.1883537
s_016um_00075_00294-1,-1.1235498
s_016um_00352_00023-1,-1.1885971
s_016um_00326_00167-1,-1.1702366
s_016um_00223_00328-1,-1.0672021
s_016um_00274_00228-1,-1.3976834
s_016um_00192_00126-1,-1.1803827
s_016um_00393_00295-1,-1.1257442
s_016um_00225_00250-1,-1.1087043
s_016um_00381_00138-1,-1.2146473
s_016um_00225_00026-1,-1.4029078
s_016um_00402_00369-1,-1.6408731
s_016um_00106_00318-1,-1.1970336
s_016um_00220_00276-1,-1.171401
s_016um_00407_00146-1,-1.1395102
s_016um_00382_00137-1,-1.1266114
s_016um_00329_00122-1,-1.1369913
s_016um_00152_00395-1,-1.1803381
s_016um_00387_00341-1,-1.1365242
s_016um_00327_00215-1,-1.1139848
s_016um_00273_00031-1,-1.1813213
s_016um_00272_00049-1,-1.1611972
s_016um_00100_00387-1,-1.1927314
s_016um_00083_00293-1,-1.1639097
s_016um_00407_00148-1,-1.1433569
s_016um_00263_00133-1,-1.1242802
s_016um_00165_00123-1,-1.08511
s_016um_00086_00283-1,-1.1924269
s_016um_00407_00403-1,-3.7142777
s_016um_00368_00102-1,-1.1301628
s_016um_00066_00125-1,-1.1031238
s_016um_00141_00062-1,-1.1291095
s_016um_00040_00040-1,-1.140134
s_016um_00267_00129-1,-1.1024905
s_016um_00215_00290-1,-1.1648207
s_016um_00227_00236-1,-1.1445334
s_016um_00157_00289-1,-1.1567382
s_016um_00210_00297-1,-1.1070461
s_016um_00207_00147-1,-1.1359439
s_016um_00142_00021-1,-1.1897699
s_016um_00196_00097-1,-1.1809492
s_016um_00330_00122-1,-1.185678
s_016um_00034_00330-1,-1.0667508
s_016um_00397_00182-1,-1.1553633
s_016um_00081_00264-1,-1.1170964
s_016um_00240_00083-1,-1.1500592
s_016um_00127_00382-1,-1.1141443
s_016um_00322_00304-1,-1.3128529
s_016um_00185_00027-1,-1.1675521
s_016um_00062_00133-1,-1.1435205
s_016um_00236_00360-1,-1.1359652
s_016um_00265_00331-1,-1.103163
s_016um_00044_00173-1,-1.1071004
s_016um_00027_00336-1,-1.1299824
s_016um_00019_00268-1,-1.1409365
s_016um_00034_00003-1,-1.0880947
s_016um_00029_00084-1,-1.2358013
s_016um_00061_00249-1,-1.060848
s_016um_00033_00335-1,-1.1767732
s_016um_00007_00295-1,-1.1236641
s_016um_00418_00140-1,-1.1393129
s_016um_00355_00412-1,-1.5237972
s_016um_00042_00211-1,-1.1126502
s_016um_00130_00089-1,-1.1176497
s_016um_00104_00385-1,-1.1700991
s_016um_00401_00121-1,-1.1007745
s_016um_00417_00139-1,-1.108089
s_016um_00132_00094-1,-1.1157595
s_016um_00269_00333-1,-1.0992247
s_016um_00194_00122-1,-1.1965295
s_016um_00279_00048-1,-1.0712037
s_016um_00217_00032-1,-1.0746964
s_016um_00211_00027-1,-1.102699
s_016um_00326_00169-1,-1.1554317
s_016um_00096_00339-1,-1.1370661
s_016um_00010_00211-1,-1.1454514
s_016um_00321_00228-1,-1.1392585
s_016um_00312_00060-1,-1.1212611
s_016um_00092_00338-1,-1.1041738
s_016um_00134_00074-1,-1.0787935
s_016um_00327_00217-1,-1.1271249
s_016um_00164_00288-1,-1.3694851
s_016um_00046_00237-1,-1.1849887
s_016um_00083_00031-1,-1.0693718
s_016um_00335_00258-1,-1.1048245
s_016um_00388_00129-1,-1.2068079
s_016um_00181_00024-1,-1.1065876
s_016um_00390_00345-1,-1.2784066
s_016um_00322_00298-1,-1.1418309
s_016um_00219_00235-1,-1.271496
s_016um_00372_00142-1,-1.3464226
s_016um_00372_00117-1,-1.1306604
s_016um_00231_00261-1,-1.1305263
s_016um_00360_00294-1,-1.1196008
s_016um_00390_00337-1,-1.13113
s_016um_00045_00237-1,-1.3697368
s_016um_00259_00185-1,-1.3287772
s_016um_00395_00372-1,-1.2754251
s_016um_00267_00062-1,-1.1500303
s_016um_00151_00399-1,-1.2210788
s_016um_00153_00397-1,-1.1104977
s_016um_00270_00335-1,-1.163844
s_016um_00324_00166-1,-1.1501799
s_016um_00224_00236-1,-1.0663091
s_016um_00399_00361-1,-1.2898266
s_016um_00354_00023-1,-1.3880795
s_016um_00279_00329-1,-1.1371299
s_016um_00221_00170-1,-1.0956893
s_016um_00233_00362-1,-1.1321102
s_016um_00222_00239-1,-1.1803825
s_016um_00189_00091-1,-1.1481214
s_016um_00078_00299-1,-1.1399015
s_016um_00007_00301-1,-1.1824169
s_016um_00268_00330-1,-1.1924384
s_016um_00289_00095-1,-1.2066907
s_016um_00281_00136-1,-1.0812
s_016um_00410_00103-1,-1.1949881
s_016um_00278_00326-1,-1.1595166
s_016um_00137_00076-1,-1.1829808
s_016um_00041_00215-1,-1.4101921
s_016um_00193_00097-1,-1.1394769
s_016um_00095_00336-1,-1.1078489
s_016um_00095_00317-1,-1.1676958
s_016um_00244_00084-1,-1.238973
s_016um_00393_00183-1,-1.124425
s_016um_00224_00170-1,-1.1178354
s_016um_00341_00220-1,-1.1217399
s_016um_00036_00008-1,-1.1708283
s_016um_00128_00385-1,-1.194108
s_016um_00224_00232-1,-1.172998
s_016um_00129_00232-1,-1.2137029
s_016um_00138_00021-1,-1.1311222
s_016um_00410_00104-1,-1.1805241
s_016um_00122_00148-1,-1.1449215
s_016um_00082_00282-1,-1.1030642
s_016um_00094_00027-1,-1.1752881
s_016um_00235_00359-1,-1.1990557
s_016um_00325_00126-1,-1.139275
s_016um_00277_00138-1,-1.169833
s_016um_00171_00375-1,-1.0873923
s_016um_00199_00151-1,-1.071922
s_016um_00356_00122-1,-1.1952711
s_016um_00192_00096-1,-1.2211891
s_016um_00404_00150-1,-1.1035924
s_016um_00266_00134-1,-1.1995513
s_016um_00224_00245-1,-1.1090164
s_016um_00347_00219-1,-1.1881311
s_016um_00380_00131-1,-1.1489147
s_016um_00091_00275-1,-1.1301086
s_016um_00217_00010-1,-1.1362321
s_016um_00220_00014-1,-1.1341915
s_016um_00336_00402-1,-1.253011
s_016um_00352_00026-1,-1.147387
s_016um_00085_00195-1,-1.3060886
s_016um_00399_00372-1,-1.3113958
s_016um_00129_00226-1,-1.1491892
s_016um_00394_00295-1,-1.1237535
s_016um_00054_00243-1,-1.1827998
s_016um_00117_00146-1,-1.0858569
s_016um_00275_00324-1,-1.0860846
s_016um_00326_00230-1,-1.0925951
s_016um_00335_00398-1,-1.3799396
s_016um_00371_00138-1,-1.1225468
s_016um_00194_00094-1,-1.1791406
s_016um_00037_00174-1,-1.1249907
s_016um_00257_00187-1,-1.1779283
s_016um_00096_00272-1,-1.1597244
s_016um_00104_00383-1,-1.1970425
s_016um_00400_00124-1,-1.2785704
s_016um_00139_00222-1,-1.0735102
s_016um_00273_00131-1,-1.1102922
s_016um_00220_00032-1,-1.0803936
s_016um_00079_00239-1,-1.1311011
s_016um_00360_00416-1,-2.370582
s_016um_00011_00153-1,-1.2204599
s_016um_00322_00163-1,-1.3490622
s_016um_00042_00242-1,-1.3128129
s_016um_00413_00105-1,-1.0597587
s_016um_00220_00224-1,-1.078875
s_016um_00369_00101-1,-1.0908568
s_016um_00061_00246-1,-1.1083615
s_016um_00043_00208-1,-1.141757
s_016um_00048_00214-1,-1.0609074
s_016um_00179_00030-1,-1.111474
s_016um_00193_00092-1,-1.1331595
s_016um_00398_00370-1,-1.289135
s_016um_00406_00397-1,-3.901536
s_016um_00043_00215-1,-1.1609093
s_016um_00408_00105-1,-1.2497637
s_016um_00358_00411-1,-1.612736
s_016um_00246_00083-1,-1.1606851
s_016um_00080_00033-1,-1.2379001
s_016um_00395_00366-1,-1.2535517
s_016um_00363_00224-1,-1.180904
s_016um_00225_00170-1,-1.1160095
s_016um_00241_00089-1,-1.1196716
s_016um_00028_00085-1,-1.144757
s_016um_00194_00128-1,-1.1311407
s_016um_00228_00245-1,-1.079454
s_016um_00413_00101-1,-1.3767074
s_016um_00393_00179-1,-1.1576699
s_016um_00217_00231-1,-1.1571422
s_016um_00262_00337-1,-1.0965631
s_016um_00369_00142-1,-1.1062624
s_016um_00233_00358-1,-1.4370673
s_016um_00115_00146-1,-1.3624213
s_016um_00039_00172-1,-1.1258913
s_016um_00108_00390-1,-1.1552203
s_016um_00270_00029-1,-1.2310979
s_016um_00085_00200-1,-1.1337633
s_016um_00370_00118-1,-1.1151168
s_016um_00136_00222-1,-1.4616214
s_016um_00089_00278-1,-1.059031
s_016um_00214_00011-1,-1.0821315
s_016um_00267_00331-1,-1.0942438
s_016um_00088_00065-1,-1.1622436
s_016um_00235_00189-1,-1.091387
s_016um_00236_00093-1,-1.150471
s_016um_00335_00404-1,-1.4448478
s_016um_00192_00127-1,-1.0636108
s_016um_00358_00294-1,-1.1269382
s_016um_00090_00276-1,-1.1166525
s_016um_00224_00226-1,-1.125785
s_016um_00147_00059-1,-1.1239557
s_016um_00041_00041-1,-1.1580876
s_016um_00116_00151-1,-1.1488484
s_016um_00208_00291-1,-1.1538109
s_016um_00097_00066-1,-1.1335803
s_016um_00085_00032-1,-1.1075407
s_016um_00364_00226-1,-1.1623216
s_016um_00104_00390-1,-1.1208457
s_016um_00089_00272-1,-1.0760616
s_016um_00098_00070-1,-1.0711743
s_016um_00224_00235-1,-1.0887945
s_016um_00168_00128-1,-1.1723967
s_016um_00223_00234-1,-1.1297046
s_016um_00109_00321-1,-1.6320305
s_016um_00067_00133-1,-1.1519899
s_016um_00067_00234-1,-1.2185565
s_016um_00222_00327-1,-1.1933748
s_016um_00097_00070-1,-1.3940094
s_016um_00366_00098-1,-1.1335739
s_016um_00396_00181-1,-1.1016444
s_016um_00133_00073-1,-1.1140712
s_016um_00094_00315-1,-1.1959096
s_016um_00219_00282-1,-1.1671314
s_016um_00059_00243-1,-1.2038296
s_016um_00403_00119-1,-1.1511065
s_016um_00321_00299-1,-1.1726881
s_016um_00082_00243-1,-1.1810286
s_016um_00415_00135-1,-1.0249128
s_016um_00255_00029-1,-1.1992526
s_016um_00321_00162-1,-1.3036257
s_016um_00137_00229-1,-1.2031058
s_016um_00039_00044-1,-1.0838089
s_016um_00247_00087-1,-1.1017115
s_016um_00368_00139-1,-1.1304477
s_016um_00283_00325-1,-1.2891376
s_016um_00066_00237-1,-1.1931927
s_016um_00325_00118-1,-1.2160109
s_016um_00006_00299-1,-1.0875767
s_016um_00219_00024-1,-1.115815
s_016um_00266_00054-1,-1.2446903
s_016um_00262_00135-1,-1.1864694
s_016um_00117_00144-1,-1.7084591
s_016um_00128_00087-1,-1.102072
s_016um_00239_00085-1,-1.1863545
s_016um_00015_00271-1,-1.2673919
s_016um_00166_00125-1,-1.1746773
s_016um_00334_00401-1,-1.3921795
s_016um_00396_00215-1,-1.165462
s_016um_00404_00124-1,-1.1356105
s_016um_00358_00290-1,-1.1102942
s_016um_00338_00399-1,-1.4965788
s_016um_00214_00015-1,-1.0871168
s_016um_00035_00006-1,-1.1356379
s_016um_00399_00219-1,-1.1208448
s_016um_00168_00374-1,-1.1448303
s_016um_00344_00214-1,-1.158008
s_016um_00140_00060-1,-1.101738
s_016um_00231_00354-1,-1.1507812
s_016um_00225_00246-1,-1.344379
s_016um_00216_00172-1,-1.1589625
s_016um_00101_00026-1,-1.1498383
s_016um_00146_00395-1,-1.1611592
s_016um_00401_00401-1,-3.3149042
s_016um_00331_00250-1,-1.1268295
s_016um_00395_00364-1,-1.1280117
s_016um_00396_00256-1,-1.2240508
s_016um_00242_00188-1,-1.1281016
s_016um_00085_00266-1,-1.1241752
s_016um_00274_00204-1,-1.1686859
s_016um_00307_00059-1,-1.2651846
s_016um_00087_00270-1,-1.1711314
s_016um_00345_00217-1,-1.0993172
s_016um_00278_00207-1,-1.1467153
s_016um_00272_00223-1,-1.2003732
s_016um_00397_00358-1,-1.2437004
s_016um_00371_00097-1,-1.1462548
s_016um_00083_00028-1,-1.1550487
s_016um_00080_00269-1,-1.1567293
s_016um_00231_00088-1,-1.1814762
s_016um_00031_00086-1,-1.2125515
s_016um_00107_00391-1,-1.1812931
s_016um_00337_00397-1,-1.4291682
s_016um_00170_00378-1,-1.3480043
s_016um_00130_00225-1,-1.1240532
s_016um_00259_00133-1,-1.1293924
s_016um_00134_00231-1,-1.2446297
s_016um_00082_00272-1,-1.1572533
s_016um_00053_00246-1,-1.1739186
s_016um_00353_00121-1,-1.2226523
s_016um_00230_00262-1,-1.1580484
s_016um_00083_00034-1,-1.1880507
s_016um_00275_00206-1,-1.1162529
s_016um_00102_00073-1,-1.1910139
s_016um_00007_00210-1,-1.1231362
s_016um_00200_00149-1,-1.1903783
s_016um_00399_00366-1,-1.2534534
s_016um_00093_00340-1,-1.1328983
s_016um_00281_00133-1,-1.1103863
s_016um_00041_00099-1,-1.1375313
s_016um_00388_00337-1,-1.111036
s_016um_00264_00057-1,-1.1962545
s_016um_00352_00114-1,-1.1377441
s_016um_00013_00298-1,-1.0685358
s_016um_00261_00333-1,-1.120682
s_016um_00265_00056-1,-1.1502274
s_016um_00091_00272-1,-1.1414458
s_016um_00166_00126-1,-1.1031673
s_016um_00388_00130-1,-1.1524101
s_016um_00335_00254-1,-1.2339822
s_016um_00395_00179-1,-1.1170225
s_016um_00411_00096-1,-1.2162117
s_016um_00219_00277-1,-1.1617534
s_016um_00043_00206-1,-1.1465557
s_016um_00128_00382-1,-1.0763948
s_016um_00139_00055-1,-1.2246234
s_016um_00263_00056-1,-1.171135
s_016um_00222_00166-1,-1.1636709
s_016um_00277_00208-1,-1.1687379
s_016um_00159_00286-1,-1.2524734
s_016um_00344_00220-1,-1.3025299
s_016um_00331_00211-1,-1.2602607
s_016um_00407_00151-1,-1.1198847
s_016um_00136_00317-1,-1.5576024
s_016um_00370_00121-1,-1.1524506
s_016um_00402_00122-1,-1.2359488
s_016um_00375_00136-1,-1.1536034
s_016um_00284_00092-1,-1.1378349
s_016um_00105_00389-1,-1.1417865
s_016um_00282_00323-1,-1.1207554
s_016um_00212_00289-1,-1.0801494
s_016um_00076_00248-1,-1.1014867
s_016um_00040_00208-1,-1.3567032
s_016um_00084_00285-1,-1.0127673
s_016um_00194_00096-1,-1.1148098
s_016um_00361_00226-1,-1.1001275
s_016um_00272_00230-1,-1.162906
s_016um_00217_00277-1,-1.1025115
s_016um_00012_00296-1,-1.0860397
s_016um_00223_00327-1,-1.1416448
s_016um_00224_00250-1,-1.0991638
s_016um_00277_00131-1,-1.1814451
s_016um_00274_00315-1,-1.4354814
s_016um_00218_00225-1,-1.2206324
s_016um_00153_00399-1,-1.0916822
s_016um_00150_00401-1,-1.1693767
s_016um_00413_00137-1,-1.0542697
s_016um_00274_00136-1,-1.0225183
s_016um_00322_00232-1,-1.1387243
s_016um_00084_00027-1,-1.1384888
s_016um_00101_00024-1,-1.1250359
s_016um_00218_00276-1,-1.1721088
s_016um_00349_00024-1,-1.1653525
s_016um_00272_00030-1,-1.1939508
s_016um_00215_00018-1,-1.1269082
s_016um_00258_00184-1,-1.051062
s_016um_00067_00126-1,-1.1369739
s_016um_00386_00298-1,-1.0923879
s_016um_00217_00030-1,-1.1072433
s_016um_00007_00209-1,-1.2943115
s_016um_00095_00030-1,-1.2318807
s_016um_00007_00294-1,-1.1146997
s_016um_00252_00027-1,-1.1336321
s_016um_00276_00136-1,-1.115049
s_016um_00357_00418-1,-2.7708614
s_016um_00092_00317-1,-1.1797667
s_016um_00398_00261-1,-1.1600151
s_016um_00335_00216-1,-1.1021534
s_016um_00398_00372-1,-1.3627036
s_016um_00210_00031-1,-1.2233741
s_016um_00211_00033-1,-1.121516
s_016um_00382_00133-1,-1.1588085
s_016um_00165_00124-1,-1.1253628
s_016um_00321_00304-1,-1.1375889
s_016um_00078_00239-1,-1.0935347
s_016um_00039_00049-1,-1.3145452
s_016um_00100_00066-1,-1.050437
s_016um_00065_00230-1,-1.1207714
s_016um_00079_00267-1,-1.1678298
s_016um_00039_00104-1,-1.1185914
s_016um_00358_00095-1,-1.2243019
s_016um_00358_00093-1,-1.2202097
s_016um_00042_00209-1,-1.1947709
s_016um_00117_00150-1,-1.1810416
s_016um_00265_00034-1,-1.1848981
s_016um_00044_00177-1,-1.151183
s_016um_00341_00216-1,-1.1883106
s_016um_00387_00339-1,-1.1436559
s_016um_00146_00396-1,-1.1922479
s_016um_00129_00087-1,-1.2086215
s_016um_00368_00098-1,-1.3493357
s_016um_00395_00177-1,-1.1496086
s_016um_00274_00130-1,-1.1180263
s_016um_00355_00019-1,-1.1549275
s_016um_00367_00095-1,-1.1672385
s_016um_00356_00116-1,-1.0946052
s_016um_00126_00092-1,-1.2697506
s_016um_00367_00143-1,-1.2007412
s_016um_00097_00024-1,-1.0911579
s_016um_00080_00271-1,-1.1259542
s_016um_00088_00071-1,-1.3163035
s_016um_00057_00249-1,-1.144477
s_016um_00039_00206-1,-1.1504244
s_016um_00011_00207-1,-1.1468301
s_016um_00267_00334-1,-1.2804812
s_016um_00236_00186-1,-1.2155898
s_016um_00139_00017-1,-1.1576567
s_016um_00020_00267-1,-1.112696
s_016um_00092_00274-1,-1.1518762
s_016um_00088_00035-1,-1.1124188
s_016um_00411_00098-1,-1.0756037
s_016um_00354_00413-1,-1.7049282
s_016um_00239_00089-1,-1.1709719
s_016um_00353_00094-1,-1.1805565
s_016um_00177_00026-1,-1.114848
s_016um_00405_00403-1,-3.6265569
s_016um_00386_00133-1,-0.936401
s_016um_00215_00010-1,-1.5525019
s_016um_00326_00168-1,-1.086572
s_016um_00348_00217-1,-1.3213503
s_016um_00043_00243-1,-1.0780593
s_016um_00240_00086-1,-1.1212312
s_016um_00138_00019-1,-1.1988347
s_016um_00210_00291-1,-1.0683268
s_016um_00275_00315-1,-1.7115662
s_016um_00368_00103-1,-1.1917157
s_016um_00391_00364-1,-1.5520203
s_016um_00267_00053-1,-1.1599222
s_016um_00354_00292-1,-1.1132312
s_016um_00371_00118-1,-1.123196
s_016um_00081_00266-1,-1.3717378
s_016um_00080_00244-1,-1.1372334
s_016um_00323_00300-1,-1.1544423
s_016um_00004_00155-1,-1.1787664
s_016um_00036_00010-1,-1.4108996
s_016um_00275_00048-1,-1.1245933
s_016um_00265_00188-1,-1.2224702
s_016um_00276_00316-1,-1.3879286
s_016um_00328_00211-1,-1.1365622
s_016um_00161_00284-1,-1.1821014
s_016um_00080_00237-1,-1.1791184
s_016um_00014_00210-1,-1.2841027
s_016um_00033_00333-1,-1.1110698
s_016um_00227_00231-1,-1.1613995
s_016um_00039_00207-1,-1.0706598
s_016um_00243_00183-1,-1.0913254
s_016um_00140_00075-1,-1.1070817
s_016um_00367_00098-1,-1.2091163
s_016um_00042_00203-1,-1.1449255
s_016um_00014_00267-1,-1.1984987
s_016um_00285_00098-1,-1.1109296
s_016um_00269_00060-1,-1.2522081
s_016um_00213_00280-1,-1.0970838
s_016um_00278_00318-1,-1.1833682
s_016um_00375_00146-1,-1.1389508
s_016um_00354_00293-1,-1.1363872
s_016um_00038_00177-1,-1.109705
s_016um_00043_00044-1,-1.166792
s_016um_00160_00288-1,-1.1737891
s_016um_00350_00026-1,-1.1282138
s_016um_00328_00300-1,-1.1993859
s_016um_00327_00166-1,-1.1352109
s_016um_00273_00046-1,-1.1308154
s_016um_00390_00362-1,-1.3740414
s_016um_00263_00058-1,-1.2176453
s_016um_00138_00073-1,-1.2399237
s_016um_00022_00267-1,-1.217141
s_016um_00260_00135-1,-1.1192863
s_016um_00404_00120-1,-1.1033282
s_016um_00039_00101-1,-1.2522569
s_016um_00390_00339-1,-1.1546429
s_016um_00363_00229-1,-1.102751
s_016um_00216_00032-1,-1.1503649
s_016um_00054_00244-1,-0.9648011
s_016um_00034_00329-1,-1.111351
s_016um_00231_00356-1,-1.2634867
s_016um_00193_00127-1,-1.167055
s_016um_00282_00315-1,-1.0942547
s_016um_00271_00060-1,-1.1226646
s_016um_00082_00287-1,-1.1969775
s_016um_00158_00293-1,-1.1365165
s_016um_00354_00415-1,-2.0218296
s_016um_00224_00240-1,-1.1100206
s_016um_00276_00317-1,-1.1429743
s_016um_00015_00266-1,-1.1329767
s_016um_00340_00215-1,-1.1042513
s_016um_00146_00058-1,-1.1345893
s_016um_00097_00316-1,-1.4003793
s_016um_00271_00230-1,-1.1205559
s_016um_00085_00198-1,-1.0959736
s_016um_00235_00266-1,-1.1015297
s_016um_00004_00153-1,-1.2283261
s_016um_00242_00189-1,-1.3299468
s_016um_00042_00219-1,-1.0762322
s_016um_00415_00137-1,-1.276742
s_016um_00086_00034-1,-1.1179931
s_016um_00226_00252-1,-1.108001
s_016um_00139_00056-1,-1.1328839
s_016um_00374_00125-1,-1.1927139
s_016um_00417_00135-1,-1.1227803
s_016um_00131_00230-1,-1.2303746
s_016um_00169_00371-1,-1.1665516
s_016um_00402_00152-1,-1.2974539
s_016um_00276_00205-1,-1.0785863
s_016um_00040_00218-1,-1.1558449
s_016um_00131_00089-1,-1.0357428
s_016um_00231_00355-1,-1.08962
s_016um_00242_00182-1,-1.2247728
s_016um_00406_00125-1,-1.107677
s_016um_00233_00090-1,-1.388337
s_016um_00099_00338-1,-1.2454026
s_016um_00269_00056-1,-1.0728056
s_016um_00225_00330-1,-1.0647227
s_016um_00251_00024-1,-1.1530858
s_016um_00115_00150-1,-1.2297273
s_016um_00339_00399-1,-1.7290044
s_016um_00147_00056-1,-1.1803173
s_016um_00160_00289-1,-1.0997643
s_016um_00279_00321-1,-1.1346807
s_016um_00088_00264-1,-1.140903
s_016um_00237_00264-1,-1.1380398
s_016um_00040_00215-1,-1.3257151
s_016um_00040_00175-1,-1.1839442
s_016um_00362_00289-1,-1.105807
s_016um_00121_00146-1,-1.1828606
s_016um_00387_00128-1,-1.085529
s_016um_00119_00146-1,-1.0782458
s_016um_00042_00243-1,-1.2237514
s_016um_00397_00179-1,-1.2369647
s_016um_00037_00104-1,-1.129482
s_016um_00257_00192-1,-1.246145
s_016um_00246_00082-1,-1.1445512
s_016um_00237_00182-1,-1.1005113
s_016um_00090_00272-1,-1.4414482
s_016um_00040_00046-1,-1.1949703
s_016um_00235_00092-1,-1.2543267
s_016um_00334_00398-1,-1.2047075
s_016um_00399_00212-1,-1.1874413
s_016um_00141_00017-1,-1.0969942
s_016um_00070_00232-1,-1.1100986
s_016um_00337_00256-1,-1.190373
s_016um_00130_00229-1,-1.043364
s_016um_00206_00145-1,-1.1756841
s_016um_00224_00230-1,-1.3368222
s_016um_00141_00056-1,-1.1251507
s_016um_00065_00133-1,-1.112834
s_016um_00142_00013-1,-1.1927327
s_016um_00367_00102-1,-1.1076459
s_016um_00140_00077-1,-1.1308362
s_016um_00181_00029-1,-1.1852908
s_016um_00281_00323-1,-1.0895753
s_016um_00406_00151-1,-1.23614
s_016um_00390_00341-1,-1.588102
s_016um_00223_00030-1,-1.4313871
s_016um_00083_00281-1,-1.1257411
s_016um_00260_00032-1,-1.3166955
s_016um_00098_00023-1,-1.1816709
s_016um_00254_00020-1,-1.297993
s_016um_00310_00060-1,-1.2246714
s_016um_00373_00118-1,-1.1215214
s_016um_00278_00325-1,-1.1520665
s_016um_00355_00089-1,-1.3372501
s_016um_00270_00056-1,-1.1122376
s_016um_00098_00319-1,-1.174324
s_016um_00039_00097-1,-1.1203908
s_016um_00236_00088-1,-1.0999594
s_016um_00043_00041-1,-1.2469633
s_016um_00233_00264-1,-1.1816107
s_016um_00270_00033-1,-1.120181
s_016um_00171_00126-1,-1.1745746
s_016um_00343_00220-1,-1.3661797
s_016um_00170_00127-1,-1.195755
s_016um_00175_00374-1,-1.2239172
s_016um_00236_00184-1,-1.1286873
s_016um_00135_00232-1,-1.1525382
s_016um_00239_00090-1,-1.2545271
s_016um_00089_00069-1,-1.0974429
s_016um_00073_00247-1,-1.1141014
s_016um_00287_00093-1,-1.1224773
s_016um_00253_00020-1,-1.1081482
s_016um_00274_00207-1,-1.1246347
s_016um_00375_00142-1,-1.2007104
s_016um_00356_00117-1,-1.2776052
s_016um_00103_00385-1,-1.3210433
s_016um_00046_00214-1,-1.1832585
s_016um_00355_00090-1,-1.2975416
s_016um_00391_00179-1,-1.0886781
s_016um_00166_00122-1,-1.0859495
s_016um_00361_00287-1,-1.2143015
s_016um_00340_00396-1,-1.5273833
s_016um_00372_00123-1,-1.1546912
s_016um_00276_00130-1,-1.1348437
s_016um_00057_00243-1,-1.1249235
s_016um_00080_00282-1,-1.1457483
s_016um_00273_00230-1,-1.2428325
s_016um_00309_00054-1,-1.1219333
s_016um_00172_00371-1,-1.1842854
s_016um_00196_00122-1,-1.1773189
s_016um_00043_00171-1,-1.1225874
s_016um_00341_00404-1,-1.2415211
s_016um_00191_00125-1,-1.1089629
s_016um_00084_00034-1,-1.1505227
s_016um_00356_00094-1,-1.1150442
s_016um_00282_00327-1,-1.2223661
s_016um_00407_00396-1,-3.3114147
s_016um_00325_00119-1,-1.2397717
s_016um_00410_00098-1,-1.1064706
s_016um_00387_00344-1,-1.1611515
s_016um_00222_00330-1,-1.0831883
s_016um_00167_00128-1,-1.1390765
s_016um_00400_00366-1,-1.2524557
s_016um_00163_00285-1,-1.1419146
s_016um_00265_00031-1,-1.1800739
s_016um_00266_00029-1,-1.1688206
s_016um_00338_00400-1,-1.3300426
s_016um_00044_00245-1,-1.127777
s_016um_00080_00248-1,-1.1219413
s_016um_00328_00228-1,-1.067932
s_016um_00358_00291-1,-1.1395524
s_016um_00076_00239-1,-1.0890292
s_016um_00122_00149-1,-1.1479189
s_016um_00377_00135-1,-1.179123
s_016um_00331_00212-1,-1.1560187
s_016um_00142_00015-1,-1.1224607
s_016um_00099_00315-1,-1.244123
s_016um_00010_00158-1,-1.1405904
s_016um_00268_00061-1,-1.1745328
s_016um_00371_00148-1,-1.2723184
s_016um_00220_00232-1,-1.2408006
s_016um_00333_00254-1,-1.2870777
s_016um_00366_00099-1,-1.076012
s_016um_00280_00311-1,-1.3380853
s_016um_00216_00017-1,-1.2056311
s_016um_00064_00232-1,-1.1986666
s_016um_00260_00132-1,-1.0916167
s_016um_00043_00242-1,-1.5399063
s_016um_00361_00289-1,-1.1486386
s_016um_00402_00256-1,-1.138161
s_016um_00100_00024-1,-1.1343273
s_016um_00034_00104-1,-1.0507411
s_016um_00184_00025-1,-1.1179488
s_016um_00094_00026-1,-1.0962858
s_016um_00223_00236-1,-1.117415
s_016um_00400_00254-1,-1.0798557
s_016um_00048_00240-1,-1.1113323
s_016um_00046_00239-1,-1.143354
s_016um_00068_00237-1,-1.1233814
s_016um_00147_00395-1,-1.1477516
s_016um_00348_00219-1,-1.1188911
s_016um_00229_00330-1,-1.2788857
s_016um_00085_00281-1,-1.0873268
s_016um_00325_00163-1,-1.1439538
s_016um_00020_00265-1,-1.0821121
s_016um_00354_00093-1,-1.2389661
s_016um_00226_00250-1,-1.1610992
s_016um_00245_00082-1,-1.1203738
s_016um_00271_00229-1,-1.1706456
s_016um_00190_00090-1,-1.1392796
s_016um_00374_00147-1,-1.3014911
s_016um_00220_00168-1,-1.2738316
s_016um_00103_00072-1,-1.1492811
s_016um_00280_00050-1,-1.1388588
s_016um_00307_00056-1,-1.3156842
s_016um_00081_00284-1,-1.1253691
s_016um_00012_00208-1,-1.1337835
s_016um_00068_00132-1,-1.1133676
s_016um_00097_00318-1,-1.1225755
s_016um_00241_00086-1,-1.2489341
s_016um_00336_00255-1,-1.1390705
s_016um_00289_00094-1,-1.3305144
s_016um_00064_00129-1,-1.1399808
s_016um_00264_00061-1,-1.2638279
s_016um_00006_00158-1,-1.1697034
s_016um_00086_00035-1,-1.2035124
s_016um_00144_00062-1,-1.041041
s_016um_00038_00179-1,-1.1808681
s_016um_00269_00028-1,-1.1517546
s_016um_00136_00232-1,-1.203522
s_016um_00307_00054-1,-1.1685777
s_016um_00027_00092-1,-1.1713201
s_016um_00085_00031-1,-1.1062099
s_016um_00283_00096-1,-1.1634191
s_016um_00056_00249-1,-1.1914221
s_016um_00354_00092-1,-1.1732635
s_016um_00128_00092-1,-1.0587765
s_016um_00408_00153-1,-1.1567675
s_016um_00260_00190-1,-1.1392989
s_016um_00228_00261-1,-1.1535299
s_016um_00329_00256-1,-1.1357337
s_016um_00134_00315-1,-1.4252076
s_016um_00278_00205-1,-1.133398
s_016um_00346_00214-1,-1.117713
s_016um_00073_00248-1,-1.1062319
s_016um_00213_00034-1,-1.1407077
s_016um_00220_00169-1,-1.0784713
s_016um_00144_00016-1,-1.1584235
s_016um_00132_00225-1,-1.085376
s_016um_00394_00370-1,-1.155203
s_016um_00217_00017-1,-1.1689368
s_016um_00091_00337-1,-1.1594421
s_016um_00088_00067-1,-1.2578532
s_016um_00084_00070-1,-1.1472478
s_016um_00229_00249-1,-1.1451406
s_016um_00242_00090-1,-1.1757507
s_016um_00384_00134-1,-1.2451283
s_016um_00114_00319-1,-1.1839184
s_016um_00225_00027-1,-1.1923832
s_016um_00172_00378-1,-1.1397772
s_016um_00264_00190-1,-1.1437613
s_016um_00035_00101-1,-1.0789392
s_016um_00356_00417-1,-2.5077763
s_016um_00212_00280-1,-1.1252809
s_016um_00274_00209-1,-1.1550789
s_016um_00107_00321-1,-1.2870604
s_016um_00136_00320-1,-1.6240311
s_016um_00123_00148-1,-1.3293915
s_016um_00014_00208-1,-1.1113735
s_016um_00068_00128-1,-1.1354709
s_016um_00083_00294-1,-1.1082004
s_016um_00319_00163-1,-1.2191229
s_016um_00059_00247-1,-1.1477711
s_016um_00037_00101-1,-1.1966059
s_016um_00355_00417-1,-2.3080683
s_016um_00086_00071-1,-1.1692554
s_016um_00331_00126-1,-1.1090115
s_016um_00378_00135-1,-1.1788208
s_016um_00404_00394-1,-3.2407107
s_016um_00068_00238-1,-1.1331984
s_016um_00335_00251-1,-1.2181704
s_016um_00110_00315-1,-1.2703643
s_016um_00043_00177-1,-1.0506737
s_016um_00325_00125-1,-1.1493058
s_016um_00351_00092-1,-1.245875
s_016um_00255_00034-1,-1.032634
s_016um_00365_00229-1,-1.1067108
s_016um_00042_00213-1,-1.1698238
s_016um_00344_00211-1,-1.0718194
s_016um_00373_00146-1,-1.236951
s_016um_00041_00042-1,-1.2273307
s_016um_00235_00262-1,-1.1291709
s_016um_00273_00332-1,-1.1421031
s_016um_00044_00214-1,-1.129253
s_016um_00206_00148-1,-1.1967839
s_016um_00287_00097-1,-1.1786013
s_016um_00118_00144-1,-1.1510512
s_016um_00221_00283-1,-1.1404551
s_016um_00280_00326-1,-1.0250214
s_016um_00372_00139-1,-1.731079
s_016um_00387_00133-1,-1.2113554
s_016um_00029_00335-1,-1.1229655
s_016um_00097_00320-1,-1.1284797
s_016um_00263_00335-1,-1.142895
s_016um_00133_00314-1,-1.3159409
s_016um_00358_00285-1,-1.1535863
s_016um_00416_00138-1,-1.2309903
s_016um_00348_00023-1,-1.1439717
s_016um_00358_00418-1,-3.2251081
s_016um_00225_00231-1,-1.177131
s_016um_00366_00226-1,-1.2576756
s_016um_00270_00062-1,-1.1155298
s_016um_00219_00174-1,-1.1562235
s_016um_00393_00341-1,-1.1527243
s_016um_00363_00290-1,-1.09511
s_016um_00070_00231-1,-1.1171592
s_016um_00228_00328-1,-1.1178683
s_016um_00213_00281-1,-1.1434311
s_016um_00170_00372-1,-1.1312891
s_016um_00089_00277-1,-1.1115649
s_016um_00080_00281-1,-1.1280801
s_016um_00085_00071-1,-1.1826327
s_016um_00237_00085-1,-1.2288569
s_016um_00061_00131-1,-1.190034
s_016um_00089_00266-1,-1.102724
s_016um_00136_00077-1,-1.0685792
s_016um_00338_00396-1,-1.3442297
s_016um_00092_00266-1,-1.1282648
s_016um_00257_00184-1,-1.2897478
s_016um_00218_00031-1,-1.1862788
s_016um_00173_00373-1,-1.1303742
s_016um_00087_00069-1,-1.1174532
s_016um_00213_00029-1,-1.1071341
s_016um_00327_00303-1,-1.1498636
s_016um_00344_00215-1,-1.0977578
s_016um_00107_00388-1,-1.1426016
s_016um_00126_00090-1,-1.1131647
s_016um_00320_00301-1,-1.1510165
s_016um_00267_00228-1,-1.1699584
s_016um_00259_00028-1,-1.2920775
s_016um_00009_00295-1,-1.1247089
s_016um_00328_00254-1,-1.1455758
s_016um_00038_00099-1,-1.1812912
s_016um_00222_00237-1,-1.1161765
s_016um_00328_00229-1,-1.0979578
s_016um_00337_00401-1,-1.3628561
s_016um_00369_00227-1,-1.3579566
s_016um_00036_00044-1,-1.1369641
s_016um_00275_00134-1,-1.1197807
s_016um_00139_00061-1,-1.0608487
s_016um_00327_00231-1,-1.1043626
s_016um_00330_00255-1,-1.1608273
s_016um_00326_00122-1,-1.1440252
s_016um_00048_00245-1,-1.1298559
s_016um_00273_00205-1,-1.1077943
s_016um_00322_00300-1,-1.2223047
s_016um_00334_00251-1,-1.1981267
s_016um_00133_00089-1,-1.1911331
s_016um_00336_00214-1,-1.2055881
s_016um_00006_00211-1,-1.159044
s_016um_00081_00298-1,-1.1096826
s_016um_00238_00356-1,-1.0640341
s_016um_00138_00218-1,-1.2470845
s_016um_00218_00168-1,-1.165874
s_016um_00265_00338-1,-1.2141824
s_016um_00271_00331-1,-1.1021917
s_016um_00390_00294-1,-1.1271883
s_016um_00039_00048-1,-1.4257115
s_016um_00352_00119-1,-1.1731304
s_016um_00100_00322-1,-1.1959037
s_016um_00369_00098-1,-1.1556125
s_016um_00067_00229-1,-1.167068
s_016um_00146_00017-1,-1.0825038
s_016um_00223_00173-1,-1.2577931
s_016um_00098_00341-1,-1.0962616
s_016um_00402_00402-1,-3.9447594
s_016um_00241_00087-1,-1.6944579
s_016um_00266_00331-1,-1.1109492
s_016um_00262_00332-1,-1.1400614
s_016um_00372_00100-1,-1.1396129
s_016um_00255_00028-1,-1.1876842
s_016um_00209_00290-1,-1.151616
s_016um_00103_00070-1,-1.2170622
s_016um_00363_00223-1,-1.2176293
s_016um_00355_00415-1,-2.889975
s_016um_00033_00332-1,-1.1254802
s_016um_00336_00401-1,-1.1021594
s_016um_00083_00068-1,-1.2305964
s_016um_00407_00153-1,-1.1867627
s_016um_00346_00213-1,-1.2157409
s_016um_00017_00269-1,-1.1425178
s_016um_00387_00134-1,-1.0980947
s_016um_00359_00412-1,-1.7027665
s_016um_00249_00023-1,-1.0824314
s_016um_00334_00213-1,-1.1085037
s_016um_00135_00229-1,-1.2163343
s_016um_00232_00090-1,-1.1199788
s_016um_00352_00021-1,-1.1550584
s_016um_00367_00100-1,-1.085626
s_016um_00381_00130-1,-1.1096244
s_016um_00248_00026-1,-1.1274662
s_016um_00097_00029-1,-1.0663862
s_016um_00132_00226-1,-1.107029
s_016um_00393_00292-1,-1.1472117
s_016um_00135_00231-1,-1.1608537
s_016um_00140_00220-1,-1.1125845
s_016um_00368_00124-1,-1.188303
s_016um_00170_00376-1,-1.2227573
s_016um_00357_00293-1,-1.3071381
s_016um_00377_00139-1,-1.1751041
s_016um_00130_00316-1,-1.4490914
s_016um_00226_00333-1,-1.1069441
s_016um_00226_00231-1,-1.1454681
s_016um_00240_00186-1,-1.0965215
s_016um_00042_00101-1,-1.1704391
s_016um_00225_00245-1,-1.1081043
s_016um_00008_00154-1,-1.1631602
s_016um_00167_00374-1,-1.1439565
s_016um_00079_00032-1,-1.211236
s_016um_00370_00102-1,-1.0441991
s_016um_00330_00217-1,-1.2198112
s_016um_00215_00035-1,-1.0916303
s_016um_00190_00093-1,-1.1377088
s_016um_00339_00404-1,-1.1530029
s_016um_00236_00262-1,-1.1785309
s_016um_00083_00299-1,-1.147074
s_016um_00010_00293-1,-1.0768137
s_016um_00288_00096-1,-1.0903127
s_016um_00290_00100-1,-1.1971018
s_016um_00074_00238-1,-1.1177739
s_016um_00228_00243-1,-1.112246
s_016um_00383_00127-1,-1.1894284
s_016um_00076_00236-1,-1.151292
s_016um_00089_00267-1,-1.2036734
s_016um_00240_00189-1,-1.1456019
s_016um_00359_00119-1,-1.1433383
s_016um_00009_00300-1,-1.1844562
s_016um_00005_00153-1,-1.10659
s_016um_00140_00221-1,-1.1473192
s_016um_00370_00225-1,-1.0973688
s_016um_00269_00228-1,-1.104459
s_016um_00141_00076-1,-1.1404843
s_016um_00163_00286-1,-1.1188914
s_016um_00319_00162-1,-1.1503317
s_016um_00071_00237-1,-1.0741067
s_016um_00279_00314-1,-1.138746
s_016um_00274_00202-1,-1.2024556
s_016um_00017_00267-1,-1.2124131
s_016um_00229_00247-1,-1.0760261
s_016um_00077_00246-1,-1.0974697
s_016um_00224_00330-1,-1.1174542
s_016um_00106_00390-1,-1.1660011
s_016um_00324_00233-1,-1.2809827
s_016um_00355_00093-1,-1.2496904
s_016um_00270_00057-1,-1.1131757
s_016um_00274_00223-1,-1.2105498
s_016um_00227_00329-1,-1.1253282
s_016um_00131_00228-1,-1.1468365
s_016um_00068_00233-1,-1.1225601
s_016um_00275_00312-1,-1.1633012
s_016um_00080_00201-1,-1.1425445
s_016um_00091_00273-1,-1.1072036
s_016um_00073_00244-1,-1.1130495
s_016um_00040_00045-1,-1.1946851
s_016um_00170_00374-1,-1.1414094
s_016um_00218_00009-1,-1.0739415
s_016um_00195_00094-1,-1.0973392
s_016um_00276_00328-1,-1.2910309
s_016um_00032_00334-1,-1.1023285
s_016um_00075_00293-1,-1.232222
s_016um_00078_00245-1,-1.0913624
s_016um_00267_00336-1,-1.111477
s_016um_00230_00244-1,-1.1566604
s_016um_00096_00273-1,-1.1242771
s_016um_00325_00302-1,-1.1246445
s_016um_00231_00357-1,-1.1926683
s_016um_00373_00121-1,-1.1435052
s_016um_00336_00400-1,-1.6195859
s_016um_00357_00291-1,-1.1907568
s_016um_00400_00126-1,-1.0840292
s_016um_00095_00335-1,-1.1082276
s_016um_00267_00227-1,-1.1568341
s_016um_00066_00235-1,-1.2021693
s_016um_00183_00033-1,-1.1022782
s_016um_00236_00267-1,-1.1017764
s_016um_00202_00152-1,-1.1660463
s_016um_00324_00224-1,-1.480651
s_016um_00268_00335-1,-1.1040316
s_016um_00415_00099-1,-1.1059697
s_016um_00097_00340-1,-1.1598963
s_016um_00077_00241-1,-1.1089557
s_016um_00258_00192-1,-1.073596
s_016um_00093_00322-1,-1.0642031
s_016um_00216_00229-1,-1.1877658
s_016um_00029_00092-1,-1.062147
s_016um_00278_00312-1,-1.0858705
s_016um_00106_00069-1,-1.0851727
s_016um_00266_00133-1,-1.2723536
s_016um_00218_00172-1,-1.1841595
s_016um_00267_00224-1,-1.1120962
s_016um_00334_00218-1,-1.0941819
s_016um_00031_00335-1,-1.0843505
s_016um_00251_00027-1,-1.198745
s_016um_00107_00315-1,-1.1560214
s_016um_00040_00050-1,-1.1529962
s_016um_00236_00183-1,-1.1316069
s_016um_00236_00087-1,-1.1714281
s_016um_00136_00219-1,-1.2037805
s_016um_00224_00027-1,-1.2838714
s_016um_00324_00167-1,-1.1882042
s_016um_00408_00402-1,-3.4497685
s_016um_00401_00399-1,-2.9326305
s_016um_00391_00358-1,-2.0062432
s_016um_00137_00071-1,-1.1226933
s_016um_00189_00098-1,-1.1681238
s_016um_00218_00024-1,-1.1094673
s_016um_00048_00212-1,-1.1042747
s_016um_00280_00327-1,-1.1169152
s_016um_00372_00140-1,-1.2713509
s_016um_00356_00412-1,-1.6548333
s_016um_00407_00100-1,-1.1116606
s_016um_00244_00086-1,-1.1242499
s_016um_00310_00059-1,-1.2040201
s_016um_00137_00069-1,-1.1506588
s_016um_00044_00237-1,-1.1243796
s_016um_00096_00318-1,-1.1669137
s_016um_00083_00240-1,-1.1204387
s_016um_00093_00269-1,-1.1230576
s_016um_00146_00401-1,-1.1358788
s_016um_00400_00120-1,-1.2043141
s_016um_00039_00042-1,-1.1064167
s_016um_00067_00235-1,-1.1138248
s_016um_00088_00269-1,-1.132611
s_016um_00196_00123-1,-1.1775693
s_016um_00270_00337-1,-1.1215878
s_016um_00360_00415-1,-2.7072544
s_016um_00272_00051-1,-1.1173346
s_016um_00216_00170-1,-1.1521313
s_016um_00369_00140-1,-1.1218833
s_016um_00128_00229-1,-1.1153611
s_016um_00126_00385-1,-1.2908132
s_016um_00321_00224-1,-1.1369002
s_016um_00166_00127-1,-1.1044345
s_016um_00352_00115-1,-1.0459409
s_016um_00030_00335-1,-1.198615
s_016um_00395_00367-1,-1.2335072
s_016um_00267_00128-1,-1.2102216
s_016um_00032_00336-1,-1.1407754
s_016um_00356_00096-1,-1.1327431
s_016um_00266_00135-1,-1.2289257
s_016um_00395_00343-1,-1.2988424
s_016um_00011_00299-1,-1.117981
s_016um_00262_00188-1,-1.1575562
s_016um_00158_00288-1,-1.137882
s_016um_00111_00318-1,-1.1219332
s_016um_00179_00025-1,-1.0887827
s_016um_00147_00018-1,-1.1739992
s_016um_00268_00036-1,-1.113605
s_016um_00216_00231-1,-1.0590748
s_016um_00358_00412-1,-2.486284
s_016um_00233_00087-1,-1.1519109
s_016um_00289_00099-1,-1.1116794
s_016um_00199_00147-1,-1.1227145
s_016um_00330_00258-1,-1.1729944
s_016um_00248_00085-1,-1.1441097
s_016um_00038_00047-1,-1.4983503
s_016um_00190_00123-1,-1.1646692
s_016um_00268_00222-1,-1.1009609
s_016um_00048_00239-1,-1.1376258
s_016um_00045_00216-1,-1.1425521
s_016um_00274_00135-1,-1.1341988
s_016um_00264_00187-1,-1.485042
s_016um_00144_00022-1,-1.1875312
s_016um_00372_00097-1,-1.115903
s_016um_00355_00114-1,-1.1211177
s_016um_00371_00099-1,-1.1399506
s_016um_00132_00234-1,-1.1280853
s_016um_00280_00049-1,-1.1951334
s_016um_00264_00135-1,-1.1906635
s_016um_00241_00085-1,-1.169091
s_016um_00359_00417-1,-2.2687895
s_016um_00101_00073-1,-1.097549
s_016um_00240_00087-1,-1.0976713
s_016um_00407_00397-1,-3.1252208
s_016um_00276_00322-1,-1.0909911
s_016um_00071_00232-1,-1.1341745
s_016um_00231_00260-1,-1.1076977
s_016um_00139_00071-1,-1.1145847
s_016um_00358_00117-1,-1.0876638
s_016um_00196_00127-1,-1.1287882
s_016um_00308_00054-1,-1.2960784
s_016um_00389_00343-1,-1.2007661
s_016um_00228_00238-1,-1.1564754
s_016um_00327_00299-1,-1.1527321
s_016um_00061_00244-1,-1.1169174
s_016um_00403_00263-1,-1.2985854
s_016um_00101_00383-1,-1.0682862
s_016um_00223_00232-1,-1.1679974
s_016um_00128_00320-1,-1.1001111
s_016um_00269_00027-1,-1.1362935
s_016um_00027_00087-1,-1.171567
s_016um_00006_00293-1,-1.0630505
s_016um_00224_00231-1,-1.2259518
s_016um_00327_00304-1,-1.161367
s_016um_00178_00025-1,-1.0998548
s_016um_00036_00104-1,-1.1188691
s_016um_00380_00132-1,-1.2363802
s_016um_00367_00222-1,-1.1354868
s_016um_00272_00204-1,-1.1944833
s_016um_00068_00127-1,-1.1138139
s_016um_00350_00093-1,-1.2105951
s_016um_00087_00267-1,-1.21259
s_016um_00331_00219-1,-1.1401404
s_016um_00321_00231-1,-1.100558
s_016um_00395_00181-1,-1.5445224
s_016um_00076_00238-1,-1.1469377
s_016um_00407_00150-1,-1.5336875
s_016um_00078_00244-1,-1.2751362
s_016um_00252_00021-1,-1.1474859
s_016um_00353_00118-1,-1.1180308
s_016um_00345_00216-1,-1.1164348
s_016um_00417_00137-1,-1.2123535
s_016um_00276_00313-1,-1.0984471
s_016um_00039_00099-1,-1.1291139
s_016um_00237_00358-1,-1.1437148
s_016um_00159_00290-1,-1.119541
s_016um_00098_00065-1,-1.1117139
s_016um_00223_00246-1,-1.1238759
s_016um_00142_00061-1,-1.1325433
s_016um_00061_00247-1,-1.1429226
s_016um_00032_00085-1,-1.1675735
s_016um_00149_00402-1,-1.1365765
s_016um_00220_00171-1,-1.1543638
s_016um_00229_00248-1,-1.1118618
s_016um_00187_00094-1,-1.1505342
s_016um_00389_00341-1,-1.618231
s_016um_00390_00342-1,-1.5276601
s_016um_00231_00265-1,-1.0989338
s_016um_00308_00055-1,-1.0993438
s_016um_00188_00091-1,-1.1664034
s_016um_00045_00175-1,-1.1578387
s_016um_00406_00154-1,-1.2986162
s_016um_00125_00388-1,-1.2158872
s_016um_00372_00116-1,-1.181527
s_016um_00280_00203-1,-1.0868537
s_016um_00357_00294-1,-1.2301946
s_016um_00331_00118-1,-1.1657573
s_016um_00202_00145-1,-1.2158228
s_016um_00012_00209-1,-1.1231947
s_016um_00262_00192-1,-1.1981018
s_016um_00216_00228-1,-1.1037943
s_016um_00206_00150-1,-1.0997572
s_016um_00095_00273-1,-1.1378976
s_016um_00269_00033-1,-1.0704795
s_016um_00274_00137-1,-1.208495
s_016um_00133_00092-1,-1.2398787
s_016um_00185_00031-1,-1.1184369
s_016um_00330_00124-1,-1.0751424
s_016um_00401_00260-1,-1.1857893
s_016um_00228_00265-1,-1.1912185
s_016um_00205_00152-1,-1.3205693
s_016um_00401_00213-1,-1.1140032
s_016um_00086_00198-1,-1.2547696
s_016um_00234_00354-1,-1.5473362
s_016um_00215_00032-1,-1.2199072
s_016um_00029_00333-1,-1.144189
s_016um_00207_00293-1,-1.1121534
s_016um_00034_00007-1,-1.0938857
s_016um_00124_00388-1,-1.1253749
s_016um_00090_00066-1,-1.1107839
s_016um_00037_00172-1,-1.0707796
s_016um_00169_00378-1,-1.1013343
s_016um_00255_00026-1,-1.1219482
s_016um_00132_00086-1,-1.0531564
s_016um_00393_00344-1,-1.4430945
s_016um_00277_00316-1,-1.1631267
s_016um_00163_00293-1,-1.2203566
s_016um_00065_00131-1,-1.1901091
s_016um_00213_00277-1,-1.0860409
s_016um_00106_00383-1,-1.1789635
s_016um_00103_00388-1,-1.1507201
s_016um_00060_00129-1,-1.1147563
s_016um_00228_00334-1,-1.1330172
s_016um_00136_00226-1,-1.1828479
s_016um_00173_00370-1,-1.3339651
s_016um_00393_00177-1,-1.3676096
s_016um_00211_00297-1,-1.1161216
s_016um_00366_00223-1,-1.1457065
s_016um_00015_00272-1,-1.2012638
s_016um_00235_00089-1,-1.2370131
s_016um_00163_00124-1,-1.1163952
s_016um_00085_00028-1,-1.2684892
s_016um_00119_00149-1,-1.1463103
s_016um_00046_00243-1,-1.1479893
s_016um_00158_00289-1,-1.1835458
s_016um_00131_00383-1,-1.2313493
s_016um_00232_00086-1,-1.1350952
s_016um_00069_00230-1,-1.179545
s_016um_00274_00032-1,-1.3205918
s_016um_00409_00102-1,-1.1335032
s_016um_00097_00274-1,-1.2691733
s_016um_00380_00141-1,-1.1943928
s_016um_00038_00043-1,-1.0820655
s_016um_00413_00102-1,-1.255952
s_016um_00081_00297-1,-1.2296736
s_016um_00273_00051-1,-1.1770259
s_016um_00238_00090-1,-1.2149702
s_016um_00218_00232-1,-1.1114805
s_016um_00112_00321-1,-1.80509
s_016um_00094_00279-1,-1.1988438
s_016um_00391_00337-1,-1.1051162
s_016um_00101_00319-1,-1.1162657
s_016um_00181_00025-1,-1.1379988
s_016um_00007_00297-1,-1.1102319
s_016um_00215_00295-1,-1.3924307
s_016um_00136_00231-1,-1.1189826
s_016um_00033_00087-1,-1.084542
s_016um_00146_00021-1,-1.0334859
s_016um_00193_00126-1,-1.1569178
s_016um_00067_00125-1,-1.0443867
s_016um_00065_00129-1,-1.1689982
s_016um_00396_00179-1,-1.1582279
s_016um_00223_00168-1,-1.3596679
s_016um_00099_00067-1,-1.1393167
s_016um_00081_00269-1,-1.1024132
s_016um_00326_00232-1,-1.1245114
s_016um_00405_00259-1,-1.2142112
s_016um_00041_00204-1,-1.1696744
s_016um_00412_00104-1,-1.0433075
s_016um_00084_00278-1,-1.152447
s_016um_00403_00151-1,-1.1844462
s_016um_00406_00401-1,-4.5416665
s_016um_00366_00095-1,-1.0823578
s_016um_00080_00193-1,-1.1587083
s_016um_00038_00171-1,-1.22626
s_016um_00381_00133-1,-1.0394262
s_016um_00401_00256-1,-1.1388884
s_016um_00226_00328-1,-1.0925169
s_016um_00036_00176-1,-1.1190882
s_016um_00084_00197-1,-1.1646274
s_016um_00230_00265-1,-1.0976355
s_016um_00347_00022-1,-1.0925395
s_016um_00357_00411-1,-1.8061697
s_016um_00033_00008-1,-1.109828
s_016um_00179_00032-1,-1.11819
s_016um_00369_00118-1,-1.1316622
s_016um_00237_00190-1,-1.1681855
s_016um_00368_00230-1,-1.09972
s_016um_00075_00237-1,-1.115761
s_016um_00016_00272-1,-1.1315137
s_016um_00099_00387-1,-1.1678373
s_016um_00216_00018-1,-1.1446319
s_016um_00348_00218-1,-1.1188731
s_016um_00131_00314-1,-1.1510882
s_016um_00398_00371-1,-1.4372241
s_016um_00142_00222-1,-1.1197705
s_016um_00013_00154-1,-1.1065854
s_016um_00128_00088-1,-1.234041
s_016um_00214_00014-1,-1.0868938
s_016um_00095_00026-1,-1.2946976
s_016um_00262_00128-1,-1.2928793
s_016um_00408_00400-1,-4.423299
s_016um_00065_00238-1,-1.1494149
s_016um_00327_00227-1,-1.3218479
s_016um_00047_00242-1,-1.3793688
s_016um_00255_00021-1,-1.1275911
s_016um_00322_00306-1,-1.1364921
s_016um_00389_00298-1,-1.2179139
s_016um_00090_00340-1,-1.1914579
s_016um_00355_00289-1,-1.1996405
s_016um_00128_00381-1,-1.1502318
s_016um_00349_00020-1,-1.1415908
s_016um_00075_00238-1,-1.1049564
s_016um_00263_00130-1,-1.1793166
s_016um_00008_00151-1,-1.1386526
s_016um_00405_00148-1,-1.0687499
s_016um_00241_00182-1,-1.1239183
s_016um_00137_00220-1,-1.1469538
s_016um_00245_00090-1,-1.1256883
s_016um_00217_00012-1,-1.5685735
s_016um_00278_00329-1,-1.147127
s_016um_00141_00221-1,-1.1347278
s_016um_00098_00321-1,-1.1937182
s_016um_00076_00247-1,-1.3527482
s_016um_00007_00156-1,-1.1105883
s_016um_00029_00091-1,-1.1271161
s_016um_00098_00337-1,-1.2343755
s_016um_00101_00071-1,-1.1633635
s_016um_00039_00205-1,-1.2453932
s_016um_00320_00299-1,-1.1389705
s_016um_00012_00156-1,-1.1479938
s_016um_00397_00373-1,-1.1908367
s_016um_00380_00127-1,-1.3117127
s_016um_00382_00130-1,-1.1745523
s_016um_00142_00221-1,-1.2006809
s_016um_00134_00316-1,-1.549084
s_016um_00131_00387-1,-1.106485
s_016um_00081_00286-1,-1.05857
s_016um_00369_00094-1,-1.1098669
s_016um_00099_00317-1,-1.1228633
s_016um_00237_00362-1,-1.1574395
s_016um_00228_00251-1,-1.1296569
s_016um_00141_00070-1,-1.1914049
s_016um_00351_00023-1,-1.161732
s_016um_00133_00322-1,-1.5356197
s_016um_00372_00122-1,-1.6763066
s_016um_00216_00173-1,-1.2319661
s_016um_00329_00126-1,-1.1263092
s_016um_00359_00293-1,-1.1299326
s_016um_00275_00202-1,-1.2094183
s_016um_00133_00071-1,-1.1692973
s_016um_00332_00217-1,-1.1850091
s_016um_00325_00301-1,-1.5350072
s_016um_00192_00092-1,-1.1637692
s_016um_00138_00224-1,-1.0941281
s_016um_00151_00397-1,-1.1680627
s_016um_00272_00047-1,-1.1393774
s_016um_00069_00232-1,-1.1454401
s_016um_00088_00275-1,-1.151039
s_016um_00330_00213-1,-1.2233541
s_016um_00233_00085-1,-1.1337538
s_016um_00104_00389-1,-1.2201886
s_016um_00217_00011-1,-1.1566837
s_016um_00351_00116-1,-1.1552849
s_016um_00069_00231-1,-1.0907999
s_016um_00320_00226-1,-1.2412122
s_016um_00214_00293-1,-1.129788
s_016um_00165_00126-1,-1.643639
s_016um_00031_00328-1,-1.1421956
s_016um_00076_00243-1,-1.1051599
s_016um_00273_00224-1,-1.1061819
s_016um_00347_00220-1,-1.1267843
s_016um_00374_00124-1,-1.1351109
s_016um_00213_00035-1,-1.1450516
s_016um_00217_00167-1,-1.1708442
s_016um_00323_00231-1,-1.1273806
s_016um_00239_00084-1,-1.2578145
s_016um_00214_00034-1,-1.1228666
s_016um_00161_00287-1,-1.5896633
s_016um_00374_00142-1,-1.0904944
s_016um_00275_00329-1,-1.2023634
s_016um_00006_00296-1,-1.1593224
s_016um_00236_00091-1,-1.3140738
s_016um_00374_00141-1,-1.2759686
s_016um_00281_00318-1,-1.1870025
s_016um_00082_00283-1,-1.1784736
s_016um_00324_00162-1,-1.1532923
s_016um_00191_00124-1,-1.2437786
s_016um_00371_00095-1,-1.1329083
s_016um_00215_00284-1,-1.1814883
s_016um_00326_00163-1,-1.1174022
s_016um_00118_00145-1,-1.1329945
s_016um_00160_00287-1,-1.2561721
s_016um_00069_00130-1,-1.108797
s_016um_00336_00253-1,-1.1144586
s_016um_00418_00138-1,-1.2076486
s_016um_00225_00334-1,-1.1531918
s_016um_00325_00122-1,-1.1340322
s_016um_00358_00091-1,-1.1247401
s_016um_00095_00025-1,-1.0860355
s_016um_00083_00297-1,-1.1040492
s_016um_00047_00240-1,-1.1663032
s_016um_00200_00152-1,-1.1051103
s_016um_00282_00322-1,-1.1622466
s_016um_00063_00125-1,-1.1454608
s_016um_00357_00286-1,-1.2040926
s_016um_00351_00091-1,-1.2627224
s_016um_00388_00295-1,-1.1709144
s_016um_00358_00410-1,-1.8435615
s_016um_00392_00293-1,-1.081305
s_016um_00324_00299-1,-1.1035391
s_016um_00042_00206-1,-1.353574
s_016um_00082_00295-1,-1.1443319
s_016um_00369_00145-1,-1.0981826
s_016um_00223_00014-1,-1.1153247
s_016um_00004_00156-1,-1.1217225
s_016um_00392_00365-1,-1.1118014
s_016um_00097_00031-1,-1.3574679
s_016um_00327_00118-1,-1.2796487
s_016um_00388_00341-1,-1.1669892
s_016um_00237_00357-1,-1.1118784
s_016um_00275_00225-1,-1.1474218
s_016um_00216_00011-1,-1.1398529
s_016um_00260_00189-1,-1.1586183
s_016um_00100_00318-1,-1.1094404
s_016um_00223_00233-1,-1.1420765
s_016um_00277_00049-1,-1.1113846
s_016um_00195_00092-1,-1.1033466
s_016um_00220_00233-1,-1.2296479
s_016um_00324_00165-1,-1.1903901
s_016um_00218_00015-1,-1.1178226
s_016um_00069_00236-1,-1.1014683
s_016um_00095_00031-1,-1.157986
s_016um_00214_00291-1,-1.1458026
s_016um_00401_00149-1,-1.1568288
s_016um_00135_00073-1,-1.1722722
s_016um_00368_00222-1,-1.1361468
s_016um_00264_00056-1,-1.1418114
s_016um_00355_00098-1,-1.102521
s_016um_00267_00335-1,-1.1276621
s_016um_00355_00023-1,-1.2252774
s_016um_00118_00147-1,-1.1846257
s_016um_00104_00391-1,-1.1178213
s_016um_00258_00191-1,-1.0727768
s_016um_00212_00035-1,-1.1316612
s_016um_00011_00296-1,-1.1741452
s_016um_00045_00204-1,-1.3123289
s_016um_00006_00210-1,-1.1324916
s_016um_00258_00188-1,-1.0931013
s_016um_00090_00339-1,-1.1490868
s_016um_00131_00086-1,-1.2273453
s_016um_00032_00090-1,-1.1346722
s_016um_00258_00030-1,-1.1391044
s_016um_00083_00193-1,-1.2413484
s_016um_00395_00183-1,-1.0932795
s_016um_00257_00026-1,-1.1182783
s_016um_00042_00175-1,-1.140546
s_016um_00322_00302-1,-1.2555726
s_016um_00323_00230-1,-1.1611729
s_016um_00234_00186-1,-1.1731528
s_016um_00134_00218-1,-1.0931923
s_016um_00227_00328-1,-1.1248223
s_016um_00268_00228-1,-1.1179782
s_016um_00391_00344-1,-1.802021
s_016um_00137_00218-1,-1.1472483
s_016um_00128_00321-1,-1.3227789
s_016um_00212_00030-1,-1.1756573
s_016um_00131_00088-1,-1.242777
s_016um_00191_00127-1,-1.1768295
s_016um_00270_00333-1,-1.1293218
s_016um_00274_00334-1,-1.1452439
s_016um_00387_00294-1,-1.2058884
s_016um_00083_00196-1,-1.3069038
s_016um_00133_00318-1,-1.4731588
s_016um_00048_00215-1,-1.092461
s_016um_00213_00026-1,-1.0994756
s_016um_00279_00131-1,-1.1898935
s_016um_00168_00376-1,-1.1495916
s_016um_00014_00271-1,-1.1325921
s_016um_00097_00336-1,-1.1520323
s_016um_00133_00316-1,-1.484875
s_016um_00104_00386-1,-1.1891204
s_016um_00137_00073-1,-1.0928903
s_016um_00081_00201-1,-1.2145478
s_016um_00281_00313-1,-1.0924098
s_016um_00354_00097-1,-1.1801466
s_016um_00149_00403-1,-1.1189723
s_016um_00247_00024-1,-1.0951093
s_016um_00011_00155-1,-1.1387255
s_016um_00260_00129-1,-1.1041543
s_016um_00033_00100-1,-1.0636952
s_016um_00032_00101-1,-1.0656347
s_016um_00028_00334-1,-1.1187873
s_016um_00405_00397-1,-3.6912441
s_016um_00386_00126-1,-1.0681335
s_016um_00085_00268-1,-1.1537012
s_016um_00043_00241-1,-1.5897883
s_016um_00038_00048-1,-1.1894065
s_016um_00376_00137-1,-1.2886177
s_016um_00391_00183-1,-1.1618248
s_016um_00271_00029-1,-1.0817702
s_016um_00094_00318-1,-1.3211135
s_016um_00097_00315-1,-1.1296141
s_016um_00273_00328-1,-1.4331361
s_016um_00032_00331-1,-1.1510682
s_016um_00097_00337-1,-1.1051015
s_016um_00009_00214-1,-1.1508988
s_016um_00386_00299-1,-1.1776799
s_016um_00146_00398-1,-1.1305927
s_016um_00216_00034-1,-1.0419221
s_016um_00344_00216-1,-1.1842207
s_016um_00216_00169-1,-1.0795227
s_016um_00281_00134-1,-1.1544453
s_016um_00133_00386-1,-1.1315525
s_016um_00354_00120-1,-1.1141702
s_016um_00113_00313-1,-1.068021
s_016um_00329_00257-1,-1.0733879
s_016um_00143_00061-1,-1.0991746
s_016um_00368_00094-1,-1.2080896
s_016um_00407_00400-1,-4.878095
s_016um_00277_00204-1,-1.1007979
s_016um_00064_00235-1,-1.2822505
s_016um_00009_00207-1,-1.1652238
s_016um_00273_00334-1,-1.17107
s_016um_00041_00203-1,-1.302308
s_016um_00177_00027-1,-1.0886687
s_016um_00137_00223-1,-1.1674193
s_016um_00072_00250-1,-1.1326016
s_016um_00265_00131-1,-1.1582198
s_016um_00414_00102-1,-1.1334462
s_016um_00231_00262-1,-1.1716684
s_016um_00055_00246-1,-1.1692783
s_016um_00280_00318-1,-1.115604
s_016um_00146_00015-1,-1.1871743
s_016um_00364_00100-1,-1.3636018
s_016um_00270_00032-1,-1.1760612
s_016um_00377_00121-1,-1.1583242
s_016um_00066_00234-1,-1.2297282
s_016um_00139_00014-1,-1.1395152
s_016um_00098_00275-1,-1.1151733
s_016um_00185_00028-1,-1.2025616
s_016um_00276_00050-1,-1.1324959
s_016um_00394_00213-1,-1.0972944
s_016um_00251_00019-1,-1.1516311
s_016um_00078_00197-1,-1.5217851
s_016um_00358_00288-1,-1.1727244
s_016um_00406_00150-1,-1.2771937
s_016um_00220_00280-1,-1.1588441
s_016um_00263_00134-1,-1.2837737
s_016um_00083_00279-1,-1.1530876
s_016um_00158_00285-1,-1.3285993
s_016um_00221_00247-1,-1.1203852
s_016um_00352_00122-1,-1.1931138
s_016um_00065_00130-1,-1.1574851
s_016um_00366_00229-1,-1.1814568
s_016um_00074_00251-1,-1.2697868
s_016um_00088_00268-1,-1.1076317
s_016um_00080_00268-1,-1.119051
s_016um_00285_00099-1,-1.1693306
s_016um_00121_00145-1,-1.1549602
s_016um_00076_00245-1,-1.1839702
s_016um_00332_00218-1,-1.1437589
s_016um_00210_00293-1,-1.1572132
s_016um_00220_00238-1,-1.1738207
s_016um_00367_00144-1,-1.0782135
s_016um_00332_00122-1,-1.1649278
s_016um_00320_00227-1,-1.4015117
s_016um_00136_00321-1,-1.9295695
s_016um_00256_00030-1,-1.1896902
s_016um_00089_00338-1,-1.1330811
s_016um_00146_00060-1,-1.0708851
s_016um_00012_00157-1,-1.1533874
s_016um_00007_00214-1,-1.1498013
s_016um_00084_00198-1,-1.0911479
s_016um_00088_00197-1,-1.1578579
s_016um_00399_00123-1,-1.7319431
s_016um_00392_00177-1,-1.1755911
s_016um_00192_00090-1,-1.0938194
s_016um_00110_00322-1,-1.0380853
s_016um_00381_00131-1,-1.3001338
s_016um_00038_00204-1,-1.180129
s_016um_00375_00140-1,-1.1383328
s_016um_00370_00120-1,-1.2051957
s_016um_00323_00298-1,-1.1580404
s_016um_00263_00337-1,-1.0974972
s_016um_00079_00295-1,-1.1121389
s_016um_00352_00019-1,-1.1522528
s_016um_00009_00298-1,-1.1244594
s_016um_00393_00182-1,-1.1323813
s_016um_00006_00212-1,-1.1813666
s_016um_00213_00030-1,-1.2587699
s_016um_00201_00153-1,-1.1693776
s_016um_00354_00095-1,-1.1253408
s_016um_00402_00123-1,-1.1983193
s_016um_00130_00388-1,-1.1494375
s_016um_00131_00229-1,-1.1193388
s_016um_00074_00252-1,-1.0163437
s_016um_00362_00414-1,-2.5144515
s_016um_00373_00120-1,-1.1776295
s_016um_00240_00085-1,-1.2028459
s_016um_00086_00269-1,-1.1424328
s_016um_00223_00227-1,-1.1636475
s_016um_00190_00129-1,-1.1341559
s_016um_00233_00088-1,-1.1466058
s_016um_00139_00059-1,-1.1390688
s_016um_00038_00101-1,-1.0711644
s_016um_00258_00034-1,-1.2068561
s_016um_00393_00293-1,-1.1026689
s_016um_00076_00237-1,-1.1216011
s_016um_00370_00227-1,-1.1944553
s_016um_00287_00101-1,-1.1077105
s_016um_00044_00220-1,-1.1305764
s_016um_00400_00121-1,-1.0746078
s_016um_00410_00150-1,-1.17817
s_016um_00157_00290-1,-1.1532316
s_016um_00076_00298-1,-1.2765856
s_016um_00204_00150-1,-1.1790328
s_016um_00320_00163-1,-1.0991085
s_016um_00391_00359-1,-1.5401427
s_016um_00289_00096-1,-1.1357948
s_016um_00159_00289-1,-1.0742592
s_016um_00369_00125-1,-1.2061344
s_016um_00048_00216-1,-1.1540416
s_016um_00328_00127-1,-1.1212561
s_016um_00242_00082-1,-1.2098194
s_016um_00221_00027-1,-1.1299299
s_016um_00369_00224-1,-1.2617022
s_016um_00086_00285-1,-1.4106647
s_016um_00097_00277-1,-1.1612586
s_016um_00115_00147-1,-1.1516204
s_016um_00361_00416-1,-2.5028696
s_016um_00085_00267-1,-1.1272118
s_016um_00006_00294-1,-1.2808567
s_016um_00131_00321-1,-1.0808266
s_016um_00327_00216-1,-1.122932
s_016um_00129_00092-1,-1.1229419
s_016um_00399_00369-1,-1.2467992
s_016um_00394_00366-1,-1.11187
s_016um_00124_00384-1,-1.0513214
s_016um_00053_00245-1,-1.081117
s_016um_00257_00027-1,-1.1775589
s_016um_00080_00265-1,-1.1264062
s_016um_00129_00228-1,-1.185681
s_016um_00226_00249-1,-1.0543056
s_016um_00190_00127-1,-1.1031826
s_016um_00100_00027-1,-1.142865
s_016um_00325_00228-1,-1.1438836
s_016um_00045_00211-1,-1.1159981
s_016um_00225_00233-1,-1.1659904
s_016um_00228_00331-1,-1.1879692
s_016um_00277_00325-1,-1.104015
s_016um_00309_00059-1,-1.145446
s_016um_00266_00335-1,-1.2093414
s_016um_00390_00180-1,-1.1663382
s_016um_00076_00251-1,-1.2164682
s_016um_00082_00270-1,-1.1315105
s_016um_00079_00284-1,-1.1116171
s_016um_00366_00096-1,-1.1072459
s_016um_00036_00048-1,-1.1553618
s_016um_00254_00022-1,-1.1299105
s_016um_00398_00257-1,-1.2709875
s_016um_00406_00145-1,-1.1349119
s_016um_00273_00325-1,-1.1157942
s_016um_00077_00250-1,-1.2459368
s_016um_00275_00203-1,-1.0967098
s_016um_00410_00099-1,-1.1776353
s_016um_00098_00068-1,-1.167082
s_016um_00411_00097-1,-1.0900027
s_016um_00138_00220-1,-1.1142906
s_016um_00400_00214-1,-1.1457573
s_016um_00087_00033-1,-1.1310358
s_016um_00007_00211-1,-1.2399641
s_016um_00011_00156-1,-1.1404176
s_016um_00367_00229-1,-1.2390707
s_016um_00138_00222-1,-1.1776183
s_016um_00331_00252-1,-1.1694664
s_016um_00401_00258-1,-1.147196
s_016um_00007_00150-1,-1.0817794
s_016um_00085_00282-1,-1.1011617
s_016um_00360_00289-1,-1.1394953
s_016um_00263_00331-1,-1.1932446
s_016um_00032_00007-1,-1.2078966
s_016um_00165_00128-1,-1.1671664
s_016um_00141_00058-1,-1.1057583
s_016um_00214_00017-1,-1.3635643
s_016um_00090_00277-1,-1.0849594
s_016um_00061_00129-1,-1.1392738
s_016um_00093_00341-1,-1.2472652
s_016um_00264_00336-1,-1.161443
s_016um_00097_00322-1,-1.0829952
s_016um_00325_00165-1,-1.1107079
s_016um_00256_00031-1,-1.1150603
s_016um_00060_00243-1,-1.1375787
s_016um_00217_00230-1,-1.0864694
s_016um_00260_00188-1,-1.0950369
s_016um_00057_00244-1,-1.1540579
s_016um_00236_00090-1,-1.1455736
s_016um_00407_00125-1,-1.089092
s_016um_00396_00177-1,-1.2509092
s_016um_00401_00218-1,-1.19751
s_016um_00126_00382-1,-1.1459286
s_016um_00400_00215-1,-1.2189208
s_016um_00354_00115-1,-1.0248122
s_016um_00364_00098-1,-1.221246
s_016um_00260_00186-1,-1.2266442
s_016um_00392_00178-1,-1.1852303
s_016um_00132_00383-1,-1.1250936
s_016um_00236_00189-1,-1.1355395
s_016um_00354_00019-1,-1.339642
s_016um_00082_00067-1,-1.3921707
s_016um_00283_00095-1,-1.1197289
s_016um_00062_00234-1,-1.4009094
s_016um_00090_00279-1,-1.103823
s_016um_00324_00163-1,-1.1363472
s_016um_00396_00357-1,-1.9875395
s_016um_00255_00022-1,-1.1208584
s_016um_00008_00159-1,-1.2034695
s_016um_00269_00035-1,-1.1624577
s_016um_00034_00103-1,-1.0937661
s_016um_00331_00255-1,-1.0628619
s_016um_00080_00243-1,-1.117548
s_016um_00169_00124-1,-1.1025472
s_016um_00218_00030-1,-1.1998801
s_016um_00261_00132-1,-1.1608495
s_016um_00095_00027-1,-1.2600476
s_016um_00330_00119-1,-1.1185118
s_016um_00040_00213-1,-1.3680484
s_016um_00019_00269-1,-1.2206427
s_016um_00096_00315-1,-1.0528197
s_016um_00338_00398-1,-1.3663253
s_016um_00402_00396-1,-2.7242947
s_016um_00393_00357-1,-1.6622074
s_016um_00105_00067-1,-1.0915098
s_016um_00171_00370-1,-1.3022425
s_016um_00246_00086-1,-1.1820579
s_016um_00131_00090-1,-1.1185446
s_016um_00044_00213-1,-1.1889198
s_016um_00044_00217-1,-1.0810771
s_016um_00380_00135-1,-1.1712099
s_016um_00402_00263-1,-1.1728176
s_016um_00138_00020-1,-1.1431711
s_016um_00357_00114-1,-1.1283399
s_016um_00265_00030-1,-1.2808607
s_016um_00370_00139-1,-1.1927735
s_016um_00099_00323-1,-1.1156029
s_016um_00022_00269-1,-1.1270986
s_016um_00337_00253-1,-1.1272877
s_016um_00076_00295-1,-1.1185335
s_016um_00105_00387-1,-1.1185843
s_016um_00093_00323-1,-1.2271788
s_016um_00145_00400-1,-1.1350454
s_016um_00264_00133-1,-1.1443709
s_016um_00194_00091-1,-1.0938156
s_016um_00226_00251-1,-1.1293644
s_016um_00011_00215-1,-1.2174522
s_016um_00172_00372-1,-1.1404275
s_016um_00324_00225-1,-1.1100172
s_016um_00199_00146-1,-1.130487
s_016um_00214_00032-1,-1.1745172
s_016um_00397_00369-1,-1.1577176
s_016um_00241_00190-1,-1.1159885
s_016um_00373_00144-1,-1.4881561
s_016um_00368_00119-1,-1.1146898
s_016um_00137_00221-1,-1.0853133
s_016um_00323_00169-1,-1.1871338
s_016um_00012_00298-1,-1.1473203
s_016um_00182_00026-1,-1.0675883
s_016um_00312_00052-1,-1.2624798
s_016um_00192_00128-1,-1.1415819
s_016um_00046_00204-1,-1.1573454
s_016um_00398_00364-1,-1.2135274
s_016um_00265_00061-1,-1.2752885
s_016um_00276_00206-1,-1.2148595
s_016um_00272_00036-1,-1.3137491
s_016um_00371_00145-1,-1.2092882
s_016um_00108_00320-1,-1.6899967
s_016um_00391_00361-1,-1.3072039
s_016um_00228_00247-1,-1.1118809
s_016um_00130_00386-1,-1.1424255
s_016um_00367_00146-1,-1.1579895
s_016um_00377_00136-1,-1.1996658
s_016um_00076_00246-1,-1.1436529
s_016um_00399_00218-1,-1.1012414
s_016um_00274_00047-1,-1.1823835
s_016um_00409_00149-1,-1.0783409
s_016um_00213_00294-1,-1.1311065
s_016um_00133_00319-1,-1.2924484
s_016um_00257_00028-1,-1.1043774
s_016um_00090_00341-1,-1.1757439
s_016um_00134_00228-1,-1.1545084
s_016um_00407_00103-1,-1.1355978
s_016um_00078_00250-1,-1.3107617
s_016um_00357_00115-1,-1.1992328
s_016um_00143_00062-1,-1.1259165
s_016um_00274_00322-1,-1.2449799
s_016um_00199_00152-1,-1.0501258
s_016um_00205_00151-1,-1.1069847
s_016um_00093_00318-1,-1.1289779
s_016um_00144_00015-1,-1.136911
s_016um_00226_00232-1,-1.1831155
s_016um_00211_00034-1,-1.2230258
s_016um_00166_00372-1,-1.162767
s_016um_00354_00025-1,-1.1292678
s_016um_00306_00058-1,-1.1868895
s_016um_00269_00222-1,-1.1445388
s_016um_00351_00096-1,-1.1258698
s_016um_00278_00204-1,-1.0949013
s_016um_00368_00223-1,-1.1902481
s_016um_00039_00098-1,-1.1327872
s_016um_00105_00070-1,-1.0590775
s_016um_00243_00186-1,-1.196168
s_016um_00268_00059-1,-1.2176342
s_016um_00196_00093-1,-1.10919
s_016um_00206_00146-1,-1.1214079
s_016um_00280_00313-1,-1.1465635
s_016um_00413_00098-1,-1.0606235
s_016um_00038_00205-1,-1.1633492
s_016um_00133_00070-1,-1.1731253
s_016um_00044_00044-1,-1.1215947
s_016um_00387_00131-1,-1.1178862
s_016um_00389_00294-1,-1.1633658
s_016um_00173_00377-1,-1.1831806
s_016um_00217_00014-1,-1.1225402
s_016um_00139_00019-1,-1.1022227
s_016um_00072_00248-1,-1.1053661
s_016um_00164_00289-1,-1.0291523
s_016um_00256_00023-1,-1.1460967
s_016um_00080_00034-1,-1.099845
s_016um_00219_00018-1,-1.1750393
s_016um_00132_00319-1,-1.3934236
s_016um_00393_00372-1,-1.135749
s_016um_00225_00236-1,-1.1251533
s_016um_00373_00139-1,-1.1378427
s_016um_00111_00317-1,-1.1801974
s_016um_00401_00214-1,-1.2795947
s_016um_00398_00255-1,-1.0934674
s_016um_00133_00321-1,-1.5577452
s_016um_00153_00398-1,-1.1473848
s_016um_00273_00050-1,-1.2470219
s_016um_00006_00156-1,-1.1207056
s_016um_00212_00027-1,-1.1547879
s_016um_00329_00216-1,-1.0509063
s_016um_00169_00123-1,-1.1372248
s_016um_00262_00132-1,-1.2106657
s_016um_00216_00279-1,-1.1281736
s_016um_00089_00276-1,-1.1151859
s_016um_00323_00170-1,-1.0993757
s_016um_00132_00233-1,-1.1046764
s_016um_00012_00214-1,-1.1066991
s_016um_00348_00022-1,-1.1402256
s_016um_00325_00164-1,-1.0759724
s_016um_00221_00167-1,-1.2556658
s_016um_00229_00268-1,-1.1017077
s_016um_00280_00317-1,-1.175824
s_016um_00165_00292-1,-1.2268283
s_016um_00414_00140-1,-1.1423801
s_016um_00235_00086-1,-1.1198893
s_016um_00400_00260-1,-1.207091
s_016um_00223_00249-1,-1.1697459
s_016um_00397_00262-1,-1.2205727
s_016um_00404_00258-1,-1.1516145
s_016um_00400_00261-1,-1.1554343
s_016um_00280_00322-1,-1.2174532
s_016um_00270_00224-1,-1.2148336
s_016um_00138_00058-1,-1.0109408
s_016um_00340_00400-1,-1.1819457
s_016um_00108_00389-1,-1.064787
s_016um_00090_00278-1,-1.1698508
s_016um_00351_00121-1,-1.1459686
s_016um_00276_00324-1,-1.1647798
s_016um_00328_00119-1,-1.153826
s_016um_00008_00149-1,-1.1287695
s_016um_00393_00364-1,-1.1247853
s_016um_00095_00337-1,-1.1717008
s_016um_00084_00265-1,-1.1016679
s_016um_00364_00223-1,-1.1621695
s_016um_00396_00361-1,-1.216455
s_016um_00075_00298-1,-1.0990165
s_016um_00236_00187-1,-1.1111668
s_016um_00035_00175-1,-1.1316433
s_016um_00264_00329-1,-1.2110454
s_016um_00094_00024-1,-1.1442101
s_016um_00385_00295-1,-1.136658
s_016um_00031_00337-1,-1.1363465
s_016um_00131_00386-1,-1.3369634
s_016um_00391_00296-1,-1.2027376
s_016um_00041_00102-1,-1.1528234
s_016um_00145_00018-1,-1.0907999
s_016um_00041_00212-1,-1.2658464
s_016um_00094_00322-1,-1.3415607
s_016um_00366_00224-1,-1.1443688
s_016um_00020_00270-1,-1.2092967
s_016um_00038_00209-1,-1.14265
s_016um_00219_00013-1,-1.0347234
s_016um_00089_00274-1,-1.1249365
s_016um_00064_00128-1,-1.1645151
s_016um_00335_00255-1,-1.0604926
s_016um_00044_00216-1,-1.1050618
s_016um_00216_00281-1,-1.1545998
s_016um_00032_00332-1,-1.1515578
s_016um_00132_00313-1,-1.4409723
s_016um_00358_00092-1,-1.196362
s_016um_00108_00388-1,-1.1298018
s_016um_00032_00086-1,-1.0264839
s_016um_00372_00141-1,-1.1415399
s_016um_00396_00217-1,-1.1337398
s_016um_00362_00290-1,-1.0677708
s_016um_00193_00121-1,-1.2580283
s_016um_00275_00132-1,-1.168528
s_016um_00234_00267-1,-1.1473305
s_016um_00226_00236-1,-1.1454988
s_016um_00129_00230-1,-1.1598867
s_016um_00355_00091-1,-1.109224
s_016um_00044_00174-1,-0.9931287
s_016um_00351_00020-1,-1.1456064
s_016um_00037_00099-1,-1.1280868
s_016um_00370_00229-1,-1.2631234
s_016um_00086_00282-1,-1.145834
s_016um_00144_00014-1,-1.0217531
s_016um_00167_00123-1,-1.1424327
s_016um_00232_00262-1,-1.1177682
s_016um_00085_00035-1,-1.1019311
s_016um_00414_00103-1,-1.0562043
s_016um_00221_00329-1,-1.0930126
s_016um_00343_00213-1,-1.0993073
s_016um_00079_00283-1,-1.1283299
s_016um_00047_00219-1,-1.1906447
s_016um_00398_00124-1,-1.2426931
s_016um_00080_00272-1,-1.2185801
s_016um_00270_00222-1,-1.1313527
s_016um_00097_00272-1,-1.0889612
s_016um_00079_00286-1,-1.1371634
s_016um_00064_00132-1,-1.1133466
s_016um_00306_00055-1,-1.1526568
s_016um_00222_00014-1,-1.1669824
s_016um_00226_00237-1,-1.0199202
s_016um_00218_00230-1,-1.1066365
s_016um_00210_00027-1,-1.1668508
s_016um_00223_00247-1,-1.125518
s_016um_00275_00046-1,-1.2244376
s_016um_00138_00018-1,-1.2144625
s_016um_00145_00020-1,-1.0794243
s_016um_00013_00214-1,-1.1404595
s_016um_00217_00225-1,-1.1005741
s_016um_00125_00382-1,-1.1858199
s_016um_00192_00099-1,-1.1110356
s_016um_00063_00231-1,-1.1415248
s_016um_00393_00338-1,-1.1082548
s_016um_00107_00316-1,-1.1363853
s_016um_00350_00118-1,-1.1164291
s_016um_00413_00140-1,-1.171072
s_016um_00281_00131-1,-1.1891456
s_016um_00132_00386-1,-1.1456664
s_016um_00355_00120-1,-1.1074044
s_016um_00125_00087-1,-1.2996373
s_016um_00078_00268-1,-1.130328
s_016um_00144_00019-1,-1.1505648
s_016um_00086_00199-1,-1.1294223
s_016um_00408_00398-1,-4.2233787
s_016um_00096_00324-1,-1.2367268
s_016um_00202_00148-1,-1.1881974
s_016um_00260_00185-1,-1.0793195
s_016um_00094_00336-1,-1.2097448
s_016um_00128_00232-1,-1.1544719
s_016um_00404_00399-1,-3.3556337
s_016um_00188_00092-1,-1.1337107
s_016um_00391_00294-1,-1.1160914
s_016um_00325_00124-1,-1.2381692
s_016um_00212_00028-1,-1.125162
s_016um_00092_00342-1,-1.1007391
s_016um_00266_00127-1,-1.1991937
s_016um_00227_00232-1,-1.1538898
s_016um_00036_00102-1,-1.07809
s_016um_00212_00290-1,-1.1525114
s_016um_00011_00300-1,-1.1610389
s_016um_00359_00414-1,-1.9898033
s_016um_00135_00072-1,-1.1307683
s_016um_00082_00292-1,-1.1285152
s_016um_00152_00399-1,-1.144634
s_016um_00274_00230-1,-1.1793172
s_016um_00194_00126-1,-1.1770252
s_016um_00355_00022-1,-1.1552559
s_016um_00402_00124-1,-1.1463764
s_016um_00229_00250-1,-1.0859221
s_016um_00218_00026-1,-1.1260525
s_016um_00179_00027-1,-1.1531283
s_016um_00213_00031-1,-1.1323395
s_016um_00014_00269-1,-1.1964483
s_016um_00398_00220-1,-1.1237075
s_016um_00129_00385-1,-1.1275011
s_016um_00352_00116-1,-1.1907965
s_016um_00215_00012-1,-1.1538287
s_016um_00221_00025-1,-1.1596792
s_016um_00235_00356-1,-1.1141407
s_016um_00380_00130-1,-1.0831683
s_016um_00084_00280-1,-1.109728
s_016um_00204_00148-1,-1.1653436
s_016um_00309_00057-1,-1.3484081
s_016um_00358_00120-1,-1.2394015
s_016um_00275_00138-1,-1.1494917
s_016um_00033_00099-1,-1.2928755
s_016um_00080_00238-1,-1.1459502
s_016um_00010_00209-1,-1.0867773
s_016um_00281_00322-1,-0.975874
s_016um_00078_00283-1,-1.0808307
s_016um_00262_00333-1,-1.1428088
s_016um_00237_00090-1,-1.3762081
s_016um_00083_00032-1,-1.1646167
s_016um_00324_00164-1,-1.147158
s_016um_00321_00226-1,-1.1313756
s_016um_00048_00244-1,-1.1170382
s_016um_00326_00123-1,-1.0597523
s_016um_00268_00029-1,-1.0834948
s_016um_00243_00185-1,-1.2054098
s_016um_00322_00164-1,-1.1639781
s_016um_00387_00297-1,-1.0927308
s_016um_00080_00242-1,-1.1266336
s_016um_00226_00246-1,-1.2490734
s_016um_00392_00345-1,-1.6286378
s_016um_00142_00058-1,-1.1354109
s_016um_00012_00155-1,-1.1113569
s_016um_00404_00151-1,-1.2306788
s_016um_00214_00027-1,-1.128223
s_016um_00088_00030-1,-1.1205198
s_016um_00234_00085-1,-1.1333387
s_016um_00254_00027-1,-1.2050217
s_016um_00145_00055-1,-1.1234132
s_016um_00338_00403-1,-1.237824
s_016um_00222_00026-1,-1.1258421
s_016um_00397_00371-1,-1.2556728
s_016um_00248_00083-1,-1.234669
s_016um_00093_00315-1,-1.1140075
s_016um_00278_00320-1,-1.1258379
s_016um_00035_00011-1,-1.1626127
s_016um_00221_00171-1,-1.1244773
s_016um_00235_00354-1,-1.1242539
s_016um_00143_00053-1,-1.0864272
s_016um_00171_00122-1,-1.2147304
s_016um_00354_00291-1,-1.1106422
s_016um_00042_00046-1,-1.1051521
s_016um_00006_00297-1,-1.1367319
s_016um_00269_00036-1,-1.1307478
s_016um_00225_00328-1,-1.1289675
s_016um_00232_00091-1,-1.2658352
s_016um_00135_00227-1,-1.329906
s_016um_00333_00249-1,-1.1461226
s_016um_00003_00154-1,-1.1320583
s_016um_00215_00283-1,-1.1354197
s_016um_00047_00239-1,-1.1146147
s_016um_00393_00369-1,-1.1170719
s_016um_00358_00114-1,-1.1866784
s_016um_00265_00129-1,-1.2117442
s_016um_00359_00290-1,-1.169562
s_016um_00220_00174-1,-1.1615704
s_016um_00341_00217-1,-1.2098306
s_016um_00211_00028-1,-1.1514395
s_016um_00086_00070-1,-1.093891
s_016um_00036_00174-1,-1.1379516
s_016um_00374_00117-1,-1.235466
s_016um_00196_00092-1,-1.0599271
s_016um_00366_00227-1,-1.1277624
s_016um_00418_00135-1,-1.1435359
s_016um_00222_00228-1,-1.1106886
s_016um_00091_00279-1,-1.1658583
s_016um_00390_00292-1,-1.1181315
s_016um_00043_00213-1,-1.1802312
s_016um_00335_00257-1,-1.1555036
s_016um_00400_00255-1,-1.0448368
s_016um_00135_00318-1,-1.3649523
s_016um_00033_00102-1,-1.0508058
s_016um_00013_00213-1,-1.1223584
s_016um_00367_00142-1,-1.1018026
s_016um_00168_00373-1,-1.2189908
s_016um_00331_00125-1,-1.0699303
s_016um_00143_00054-1,-1.1572123
s_016um_00358_00416-1,-2.2545953
s_016um_00239_00190-1,-1.1934243
s_016um_00132_00227-1,-1.1674193
s_016um_00005_00300-1,-1.125788
s_016um_00030_00090-1,-1.1741102
s_016um_00129_00088-1,-1.3102114
s_016um_00399_00181-1,-1.1597805
s_016um_00401_00127-1,-1.1552042
s_016um_00360_00290-1,-1.259427
s_016um_00007_00208-1,-1.1269895
s_016um_00396_00212-1,-1.2239377
s_016um_00222_00229-1,-1.1236477
s_016um_00326_00301-1,-1.1132472
s_016um_00405_00152-1,-1.3752791
s_016um_00382_00127-1,-1.1125797
s_016um_00143_00017-1,-1.1552126
s_016um_00382_00132-1,-1.239667
s_016um_00336_00398-1,-1.4554102
s_016um_00270_00059-1,-1.2524656
s_016um_00334_00210-1,-1.1764079
s_016um_00142_00056-1,-1.1149304
s_016um_00004_00151-1,-1.1053101
s_016um_00223_00166-1,-1.1375031
s_016um_00277_00051-1,-1.1784962
s_016um_00043_00211-1,-1.1284804
s_016um_00249_00086-1,-1.147951
s_016um_00221_00282-1,-1.1721032
s_016um_00071_00251-1,-1.1019505
s_016um_00204_00145-1,-1.2390604
s_016um_00267_00330-1,-1.1619833
s_016um_00390_00340-1,-1.6642218
s_016um_00274_00051-1,-1.0200646
s_016um_00256_00189-1,-1.161029
s_016um_00279_00316-1,-1.0770727
s_016um_00224_00167-1,-1.270753
s_016um_00086_00197-1,-1.1568995
s_016um_00209_00034-1,-1.1163497
s_016um_00170_00371-1,-1.119506
s_016um_00128_00386-1,-1.2270368
s_016um_00103_00071-1,-1.1663507
s_016um_00046_00215-1,-1.1520782
s_016um_00355_00095-1,-1.1115255
s_016um_00393_00297-1,-1.2171748
s_016um_00081_00036-1,-1.1291147
s_016um_00157_00287-1,-1.1187656
s_016um_00139_00217-1,-1.1208439
s_016um_00269_00332-1,-1.0867264
s_016um_00068_00230-1,-1.2096801
s_016um_00219_00231-1,-1.1752088
s_016um_00105_00386-1,-1.2812684
s_016um_00272_00048-1,-1.1329377
s_016um_00392_00183-1,-1.2415243
s_016um_00037_00105-1,-1.1203375
s_016um_00235_00183-1,-1.1830727
s_016um_00392_00359-1,-1.3778586
s_016um_00242_00187-1,-1.226211
s_016um_00130_00389-1,-1.1454946
s_016um_00047_00237-1,-1.1243417
s_016um_00131_00318-1,-1.4936483
s_016um_00230_00356-1,-1.1953771
s_016um_00196_00125-1,-1.3635569
s_016um_00171_00374-1,-1.2347338
s_016um_00103_00067-1,-1.3834238
s_016um_00358_00295-1,-1.1577568
s_016um_00011_00293-1,-1.1551838
s_016um_00106_00391-1,-1.1041931
s_016um_00078_00243-1,-1.1473231
s_016um_00081_00194-1,-1.3156816
s_016um_00147_00402-1,-1.180921
s_016um_00068_00232-1,-1.2428067
s_016um_00390_00291-1,-1.0446806
s_016um_00009_00152-1,-1.096223
s_016um_00041_00101-1,-1.0272458
s_016um_00200_00146-1,-1.2264566
s_016um_00381_00140-1,-1.3502412
s_016um_00268_00131-1,-1.1883209
s_016um_00195_00128-1,-1.077635
s_016um_00131_00233-1,-1.1614308
s_016um_00040_00042-1,-1.2294154
s_016um_00275_00137-1,-1.1816134
s_016um_00065_00236-1,-1.1297984
s_016um_00337_00257-1,-1.1327827
s_016um_00072_00234-1,-1.128497
s_016um_00398_00214-1,-1.2206295
s_016um_00311_00058-1,-1.0990595
s_016um_00258_00033-1,-1.3815627
s_016um_00091_00267-1,-1.0835327
s_016um_00221_00029-1,-1.1257002
s_016um_00225_00031-1,-1.1538957
s_016um_00116_00149-1,-1.0911924
s_016um_00234_00362-1,-1.2051693
s_016um_00233_00263-1,-1.1233153
s_016um_00125_00088-1,-1.1729417
s_016um_00224_00169-1,-1.1061767
s_016um_00366_00097-1,-1.1058761
s_016um_00061_00128-1,-1.0981923
s_016um_00021_00269-1,-1.2216372
s_016um_00261_00185-1,-1.3984015
s_016um_00385_00296-1,-1.1435764
s_016um_00130_00320-1,-1.5308545
s_016um_00255_00027-1,-1.3836915
s_016um_00331_00209-1,-1.2323983
s_016um_00005_00155-1,-1.1705822
s_016um_00211_00293-1,-1.2356408
s_016um_00330_00126-1,-1.1221763
s_016um_00174_00373-1,-1.1888031
s_016um_00084_00284-1,-1.1615088
s_016um_00239_00186-1,-1.1418144
s_016um_00278_00049-1,-1.1788123
s_016um_00098_00320-1,-1.1394666
s_016um_00047_00243-1,-1.1944442
s_016um_00107_00386-1,-1.2165527
s_016um_00336_00254-1,-1.151858
s_016um_00266_00031-1,-1.0969405
s_016um_00233_00261-1,-1.0912403
s_016um_00410_00105-1,-1.191915
s_016um_00266_00033-1,-1.0854356
s_016um_00189_00126-1,-1.1444123
s_016um_00078_00295-1,-1.1217119
s_016um_00047_00245-1,-1.1446315
s_016um_00274_00132-1,-1.1431673
s_016um_00225_00239-1,-1.1111944
s_016um_00215_00279-1,-1.165878
s_016um_00092_00278-1,-1.1022666
s_016um_00399_00215-1,-1.3362164
s_016um_00394_00362-1,-1.2667788
s_016um_00374_00139-1,-1.131029
s_016um_00225_00244-1,-1.0509382
s_016um_00219_00025-1,-1.0783156
s_016um_00079_00249-1,-1.1066856
s_016um_00327_00211-1,-1.0798622
s_016um_00010_00215-1,-1.2227595
s_016um_00412_00139-1,-1.177709
s_016um_00096_00317-1,-1.0801827
s_016um_00130_00384-1,-1.1556089
s_016um_00039_00175-1,-1.1185665
s_016um_00215_00016-1,-1.221904
s_016um_00167_00127-1,-1.1680216
s_016um_00077_00245-1,-1.129524
s_016um_00371_00125-1,-1.1300673
s_016um_00240_00088-1,-1.1764066
s_016um_00280_00323-1,-1.044122
s_016um_00223_00028-1,-1.2068866
s_016um_00139_00216-1,-1.0900447
s_016um_00133_00226-1,-1.1232551
s_016um_00389_00338-1,-1.1785449
s_016um_00365_00097-1,-1.1270775
s_016um_00073_00240-1,-1.1609589
s_016um_00129_00390-1,-1.123233
s_016um_00214_00016-1,-1.2809987
s_016um_00071_00248-1,-1.1105748
s_016um_00044_00204-1,-1.1337459
s_016um_00101_00068-1,-1.1202285
s_016um_00184_00033-1,-0.99482954
s_016um_00126_00086-1,-1.1467774
s_016um_00098_00025-1,-1.3376857
s_016um_00080_00198-1,-1.2798755
s_016um_00067_00236-1,-1.2479546
s_016um_00320_00303-1,-1.2504625
s_016um_00169_00377-1,-1.2376214
s_016um_00391_00295-1,-1.1153848
s_016um_00043_00210-1,-1.1170362
s_016um_00401_00123-1,-1.2659407
s_016um_00081_00028-1,-1.1965619
s_016um_00277_00047-1,-1.1145126
s_016um_00290_00098-1,-1.1476789
s_016um_00233_00359-1,-1.167838
s_016um_00232_00357-1,-1.0440023
s_016um_00228_00235-1,-1.1182828
s_016um_00101_00064-1,-1.0851133
s_016um_00370_00097-1,-1.0892708
s_016um_00032_00088-1,-1.2035182
s_016um_00388_00127-1,-1.0655304
s_016um_00135_00322-1,-1.8383145
s_016um_00288_00095-1,-1.1962739
s_016um_00041_00179-1,-1.3002889
s_016um_00146_00057-1,-1.054687
s_016um_00234_00264-1,-1.1792892
s_016um_00044_00045-1,-1.1177942
s_016um_00055_00243-1,-1.3274688
s_016um_00334_00211-1,-1.1252203
s_016um_00201_00147-1,-1.131196
s_016um_00414_00135-1,-1.1490116
s_016um_00221_00026-1,-1.1327891
s_016um_00269_00031-1,-1.2680988
s_016um_00127_00229-1,-1.1364877
s_016um_00139_00077-1,-1.1455646
s_016um_00046_00206-1,-1.1463608
s_016um_00212_00031-1,-1.2489964
s_016um_00253_00023-1,-1.1663146
s_016um_00102_00388-1,-1.0867158
s_016um_00306_00053-1,-1.1083868
s_016um_00215_00292-1,-1.1460508
s_016um_00103_00065-1,-1.1004336
s_016um_00090_00273-1,-1.1874353
s_016um_00409_00103-1,-1.328701
s_016um_00098_00024-1,-1.1046859
s_016um_00043_00172-1,-1.1111712
s_016um_00353_00089-1,-1.2886616
s_016um_00118_00146-1,-1.1414148
s_016um_00399_00217-1,-1.1073707
s_016um_00193_00124-1,-1.1530222
s_016um_00125_00091-1,-1.1065303
s_016um_00014_00268-1,-1.2579238
s_016um_00206_00153-1,-1.0830605
s_016um_00096_00319-1,-1.1334238
s_016um_00363_00098-1,-1.2281833
s_016um_00114_00315-1,-1.1148504
s_016um_00055_00244-1,-1.1387297
s_016um_00329_00254-1,-1.1287582
s_016um_00087_00196-1,-1.1251836
s_016um_00009_00157-1,-1.1168684
s_016um_00074_00246-1,-1.1171899
s_016um_00200_00150-1,-1.1322322
s_016um_00009_00301-1,-1.123688
s_016um_00151_00394-1,-1.1668851
s_016um_00393_00368-1,-1.102796
s_016um_00081_00198-1,-1.1427222
s_016um_00277_00328-1,-1.1712044
s_016um_00038_00045-1,-1.2074323
s_016um_00397_00365-1,-1.2476519
s_016um_00132_00385-1,-1.18373
s_016um_00399_00365-1,-1.231355
s_016um_00101_00386-1,-1.1710099
s_016um_00409_00146-1,-1.1159881
s_016um_00123_00146-1,-1.1536826
s_016um_00379_00138-1,-1.1437066
s_016um_00265_00334-1,-1.1448807
s_016um_00075_00253-1,-1.0772731
s_016um_00372_00145-1,-1.4670627
s_016um_00245_00084-1,-1.244314
s_016um_00266_00329-1,-1.1910783
s_016um_00404_00127-1,-1.5733037
s_016um_00143_00021-1,-1.1008903
s_016um_00037_00096-1,-1.0713551
s_016um_00215_00017-1,-1.3140249
s_016um_00417_00136-1,-1.0469403
s_016um_00192_00122-1,-1.2467837
s_016um_00077_00237-1,-1.1300892
s_016um_00329_00214-1,-1.1492349
s_016um_00220_00228-1,-1.1925068
s_016um_00027_00334-1,-1.3309469
s_016um_00356_00294-1,-1.1186603
s_016um_00373_00141-1,-1.0402083
s_016um_00276_00053-1,-1.1902654
s_016um_00098_00032-1,-1.0758028
s_016um_00345_00214-1,-1.0874894
s_016um_00130_00322-1,-1.105519
s_016um_00093_00276-1,-1.125756
s_016um_00036_00045-1,-1.2209156
s_016um_00215_00294-1,-1.1973126
s_016um_00285_00100-1,-1.0799094
s_016um_00404_00145-1,-1.1324571
s_016um_00224_00334-1,-1.1364859
s_016um_00083_00263-1,-1.1657255
s_016um_00395_00359-1,-1.3648793
s_016um_00044_00219-1,-1.0379674
s_016um_00265_00059-1,-1.1374795
s_016um_00116_00144-1,-1.4362872
s_016um_00194_00125-1,-1.2084328
s_016um_00308_00056-1,-1.1497207
s_016um_00008_00209-1,-1.1703428
s_016um_00125_00090-1,-1.157097
s_016um_00031_00090-1,-1.1284765
s_016um_00219_00014-1,-1.1642898
s_016um_00415_00143-1,-1.1726602
s_016um_00038_00174-1,-1.064011
s_016um_00279_00328-1,-1.1218282
s_016um_00227_00246-1,-1.0833025
s_016um_00132_00321-1,-1.5531025
s_016um_00151_00400-1,-1.1532795
s_016um_00382_00139-1,-1.2262285
s_016um_00162_00291-1,-1.2667996
s_016um_00111_00319-1,-1.2985915
s_016um_00263_00060-1,-1.1873773
s_016um_00170_00375-1,-1.2014055
s_016um_00406_00402-1,-3.7057662
s_016um_00328_00215-1,-1.053115
s_016um_00080_00296-1,-1.187968
s_016um_00075_00251-1,-1.1201832
s_016um_00241_00188-1,-1.1586362
s_016um_00263_00333-1,-1.1623145
s_016um_00017_00266-1,-1.2112947
s_016um_00131_00225-1,-1.0700849
s_016um_00181_00028-1,-1.1443226
s_016um_00217_00013-1,-1.1397436
s_016um_00221_00017-1,-1.1999816
s_016um_00083_00192-1,-1.1405717
s_016um_00079_00200-1,-1.2915612
s_016um_00071_00249-1,-1.126207
s_016um_00264_00335-1,-1.1024579
s_016um_00152_00401-1,-1.1857446
s_016um_00275_00325-1,-1.1371592
s_016um_00279_00136-1,-1.1967552
s_016um_00042_00174-1,-1.2140365
s_016um_00217_00228-1,-1.0928515
s_016um_00164_00292-1,-1.1305956
s_016um_00414_00139-1,-1.136987
s_016um_00287_00099-1,-1.0972263
s_016um_00392_00291-1,-1.0540949
s_016um_00105_00317-1,-1.1446997
s_016um_00267_00031-1,-1.2505372
s_016um_00033_00337-1,-1.1054826
s_016um_00033_00006-1,-1.1922545
s_016um_00146_00019-1,-1.1886781
s_016um_00376_00124-1,-1.1606421
s_016um_00144_00056-1,-1.0200732
s_016um_00041_00238-1,-1.1995094
s_016um_00330_00250-1,-1.1059563
s_016um_00276_00135-1,-1.1890321
s_016um_00387_00340-1,-1.1970946
s_016um_00100_00068-1,-1.1293845
s_016um_00279_00323-1,-1.2937468
s_016um_00229_00246-1,-1.1314163
s_016um_00307_00057-1,-1.2709565
s_016um_00395_00342-1,-1.2295924
s_016um_00270_00028-1,-1.1249852
s_016um_00345_00212-1,-1.2891266
s_016um_00394_00183-1,-1.1220062
s_016um_00079_00243-1,-1.1223276
s_016um_00341_00402-1,-1.2277765
s_016um_00009_00215-1,-1.2129753
s_016um_00414_00101-1,-1.1307241
s_016um_00121_00143-1,-1.7192142
s_016um_00009_00292-1,-1.1927207
s_016um_00235_00260-1,-1.1183009
s_016um_00082_00237-1,-1.1221447
s_016um_00165_00125-1,-1.624811
s_016um_00152_00400-1,-1.1537184
s_016um_00102_00387-1,-1.0869079
s_016um_00025_00088-1,-1.0459756
s_016um_00079_00251-1,-1.1017921
s_016um_00216_00171-1,-1.2679899
s_016um_00265_00328-1,-1.1293386
s_016um_00011_00298-1,-1.1650037
s_016um_00010_00301-1,-1.134427
s_016um_00276_00202-1,-1.1304041
s_016um_00167_00130-1,-1.1609414
s_016um_00356_00288-1,-1.1976616
s_016um_00128_00094-1,-1.0498948
s_016um_00094_00030-1,-1.259805
s_016um_00098_00323-1,-1.1206365
s_016um_00063_00132-1,-1.0929921
s_016um_00145_00401-1,-1.0928288
s_016um_00387_00292-1,-1.2670622
s_016um_00242_00087-1,-1.1073918
s_016um_00087_00065-1,-1.4845738
s_016um_00059_00242-1,-1.2198575
s_016um_00326_00118-1,-1.1608962
s_016um_00407_00145-1,-1.1617736
s_016um_00112_00318-1,-1.1955601
s_016um_00011_00294-1,-1.1969602
s_016um_00370_00095-1,-1.1802051
s_016um_00007_00207-1,-1.0894232
s_016um_00162_00292-1,-1.087461
s_016um_00139_00020-1,-1.1001185
s_016um_00384_00135-1,-1.2541519
s_016um_00090_00265-1,-1.0877992
s_016um_00332_00255-1,-1.2031133
s_016um_00270_00327-1,-1.2523407
s_016um_00388_00131-1,-1.0966783
s_016um_00004_00152-1,-1.0919305
s_016um_00204_00149-1,-1.2552123
s_016um_00196_00094-1,-1.2988505
s_016um_00273_00315-1,-1.4580257
s_016um_00036_00097-1,-1.0721995
s_016um_00036_00173-1,-1.1355829
s_016um_00215_00296-1,-1.2754458
s_016um_00257_00189-1,-1.1724446
s_016um_00380_00133-1,-1.1689992
s_016um_00129_00090-1,-1.099204
s_016um_00354_00116-1,-1.2840294
s_016um_00063_00233-1,-1.181078
s_016um_00234_00091-1,-1.1700926
s_016um_00213_00291-1,-1.1070296
s_016um_00044_00205-1,-1.3125623
s_016um_00133_00315-1,-1.3836884
s_016um_00034_00006-1,-1.1487712
s_016um_00365_00094-1,-1.1791359
s_016um_00334_00250-1,-1.2608649
s_016um_00259_00130-1,-1.2383169
s_016um_00253_00019-1,-1.2585444
s_016um_00236_00089-1,-1.1352159
s_016um_00096_00027-1,-1.1851984
s_016um_00265_00130-1,-1.2149601
s_016um_00330_00251-1,-1.2805706
s_016um_00098_00026-1,-1.2063322
s_016um_00395_00368-1,-1.8035245
s_016um_00337_00251-1,-1.1363367
s_016um_00366_00228-1,-1.1743251
s_016um_00279_00049-1,-1.2379391
s_016um_00276_00044-1,-1.1188476
s_016um_00008_00301-1,-1.1196665
s_016um_00279_00322-1,-1.02318
s_016um_00096_00314-1,-1.1130685
s_016um_00324_00125-1,-1.156248
s_016um_00401_00216-1,-1.2378434
s_016um_00223_00243-1,-1.2155446
s_016um_00222_00017-1,-1.145721
s_016um_00134_00320-1,-1.7007012
s_016um_00309_00053-1,-1.1135855
s_016um_00263_00336-1,-1.1672952
s_016um_00104_00392-1,-1.0954978
s_016um_00364_00224-1,-1.1839619
s_016um_00394_00341-1,-1.1227984
s_016um_00034_00100-1,-1.0874022
s_016um_00070_00230-1,-1.1108059
s_016um_00396_00260-1,-1.4913884
s_016um_00411_00106-1,-1.1308626
s_016um_00029_00329-1,-1.1764385
s_016um_00143_00019-1,-1.1649041
s_016um_00326_00304-1,-1.2811886
s_016um_00263_00126-1,-1.1317457
s_016um_00281_00137-1,-1.136811
s_016um_00370_00124-1,-1.1274451
s_016um_00081_00241-1,-1.1041261
s_016um_00375_00120-1,-1.1409343
s_016um_00223_00237-1,-1.1629869
s_016um_00329_00255-1,-1.123466
s_016um_00355_00096-1,-1.1983182
s_016um_00193_00093-1,-1.1788437
s_016um_00349_00216-1,-1.1098629
s_016um_00019_00270-1,-1.2096348
s_016um_00094_00335-1,-1.1379933
s_016um_00146_00402-1,-1.0215935
s_016um_00058_00246-1,-1.0597776
s_016um_00235_00264-1,-1.122365
s_016um_00268_00054-1,-1.2104352
s_016um_00041_00171-1,-1.2028751
s_016um_00409_00104-1,-1.1555629
s_016um_00400_00371-1,-1.5387421
s_016um_00377_00133-1,-1.1407856
s_016um_00373_00142-1,-1.3473263
s_016um_00269_00058-1,-1.1665766
s_016um_00149_00399-1,-1.2197615
s_016um_00264_00337-1,-1.2042474
s_016um_00099_00065-1,-1.1747441
s_016um_00164_00127-1,-1.0915327
s_016um_00272_00315-1,-1.1056992
s_016um_00386_00291-1,-1.1592507
s_016um_00142_00055-1,-1.0896623
s_016um_00226_00247-1,-1.1076455
s_016um_00012_00152-1,-1.1016643
s_016um_00279_00327-1,-1.3300028
s_016um_00036_00333-1,-1.1493871
s_016um_00044_00203-1,-1.1862665
s_016um_00165_00289-1,-1.1504791
s_016um_00095_00274-1,-1.2309586
s_016um_00276_00319-1,-1.1798711
s_016um_00398_00219-1,-1.4135256
s_016um_00087_00036-1,-1.0858619
s_016um_00130_00228-1,-1.1601852
s_016um_00170_00377-1,-1.233233
s_016um_00334_00216-1,-1.2269021
s_016um_00040_00173-1,-1.0974234
s_016um_00282_00134-1,-1.080428
s_016um_00261_00031-1,-1.1860412
s_016um_00103_00069-1,-1.1547698
s_016um_00372_00095-1,-1.0642502
s_016um_00396_00259-1,-1.0958989
s_016um_00165_00288-1,-1.3590183
s_016um_00167_00122-1,-1.3433653
s_016um_00103_00384-1,-1.2059665
s_016um_00324_00119-1,-1.2527972
s_016um_00079_00279-1,-1.1582385
s_016um_00404_00125-1,-1.3839724
s_016um_00388_00292-1,-1.1755041
s_016um_00260_00030-1,-1.1676533
s_016um_00180_00031-1,-1.1493161
s_016um_00327_00226-1,-1.5280782
s_016um_00350_00023-1,-1.2518334
s_016um_00203_00147-1,-1.0927448
s_016um_00263_00059-1,-1.1224778
s_016um_00236_00263-1,-1.0790789
s_016um_00228_00262-1,-1.1120086
s_016um_00393_00178-1,-1.2806904
s_016um_00135_00316-1,-1.4860466
s_016um_00408_00149-1,-1.1292464
s_016um_00395_00219-1,-1.132842
s_016um_00100_00319-1,-1.1225936
s_016um_00098_00028-1,-1.1818863
s_016um_00385_00134-1,-1.2923055
s_016um_00373_00098-1,-1.6454952
s_016um_00278_00323-1,-1.1489627
s_016um_00097_00323-1,-1.1287781
s_016um_00141_00074-1,-1.098289
s_016um_00021_00265-1,-1.1319988
s_016um_00091_00336-1,-1.1787128
s_016um_00092_00336-1,-1.1622005
s_016um_00407_00126-1,-1.1117733
s_016um_00392_00364-1,-1.2102938
s_016um_00100_00030-1,-1.1074965
s_016um_00081_00295-1,-1.2121243
s_016um_00416_00143-1,-1.3047681
s_016um_00328_00124-1,-1.4377918
s_016um_00247_00085-1,-1.1068805
s_016um_00058_00248-1,-1.0598184
s_016um_00274_00203-1,-1.1251487
s_016um_00082_00068-1,-1.1101127
s_016um_00335_00217-1,-1.0628383
s_016um_00006_00157-1,-1.1773589
s_016um_00406_00122-1,-1.1315275
s_016um_00143_00060-1,-1.1137286
s_016um_00226_00244-1,-1.107211
s_016um_00217_00276-1,-1.0905292
s_016um_00233_00268-1,-1.181695
s_016um_00275_00226-1,-1.1849867
s_016um_00217_00229-1,-1.0850692
s_016um_00256_00033-1,-1.1445272
s_016um_00231_00264-1,-1.2922527
s_016um_00204_00146-1,-1.2125348
s_016um_00065_00124-1,-1.1018926
s_016um_00394_00363-1,-1.6510924
s_016um_00356_00413-1,-2.2880807
s_016um_00035_00336-1,-1.1141653
s_016um_00083_00270-1,-1.1588166
s_016um_00389_00181-1,-1.0799145
s_016um_00399_00255-1,-1.1516783
s_016um_00409_00151-1,-1.1652981
s_016um_00079_00199-1,-1.1021861
s_016um_00047_00238-1,-1.1054198
s_016um_00395_00340-1,-1.1391855
s_016um_00188_00093-1,-1.0675772
s_016um_00233_00360-1,-1.111579
s_016um_00018_00267-1,-1.1222087
s_016um_00239_00182-1,-1.3362815
s_016um_00214_00297-1,-1.1181674
s_016um_00131_00320-1,-1.1046642
s_016um_00283_00098-1,-1.1629603
s_016um_00041_00046-1,-1.1089195
s_016um_00229_00333-1,-1.0633048
s_016um_00100_00320-1,-1.1723273
s_016um_00074_00241-1,-1.1698155
s_016um_00145_00022-1,-1.1226214
s_016um_00202_00150-1,-1.212
s_016um_00397_00372-1,-1.3544604
s_016um_00170_00124-1,-1.1358333
s_016um_00221_00012-1,-1.0843189
s_016um_00273_00032-1,-1.1025507
s_016um_00006_00151-1,-1.07517
s_016um_00075_00245-1,-1.4225168
s_016um_00080_00196-1,-1.29404
s_016um_00158_00286-1,-1.1636151
s_016um_00148_00398-1,-1.1217879
s_016um_00268_00028-1,-1.1699716
s_016um_00322_00305-1,-1.1599089
s_016um_00088_00029-1,-1.1708875
s_016um_00012_00210-1,-1.1964362
s_016um_00212_00294-1,-1.1687435
s_016um_00063_00235-1,-1.2709808
s_016um_00149_00395-1,-1.1858321
s_016um_00164_00129-1,-1.0792578
s_016um_00377_00137-1,-1.2178967
s_016um_00139_00016-1,-1.2562007
s_016um_00369_00120-1,-1.1769303
s_016um_00267_00055-1,-1.1539886
s_016um_00408_00148-1,-1.1702571
s_016um_00275_00321-1,-1.126904
s_016um_00362_00288-1,-1.2209035
s_016um_00236_00265-1,-1.1972352
s_016um_00039_00209-1,-1.1215651
s_016um_00282_00096-1,-1.1274581
s_016um_00096_00321-1,-1.2035923
s_016um_00218_00016-1,-1.2361388
s_016um_00414_00138-1,-1.0920483
s_016um_00156_00289-1,-1.1045399
s_016um_00135_00321-1,-1.6601708
s_016um_00270_00225-1,-1.0854412
s_016um_00401_00217-1,-1.1767662
s_016um_00133_00232-1,-1.1063048
s_016um_00310_00055-1,-1.2496276
s_016um_00079_00299-1,-1.1154841
s_016um_00267_00057-1,-1.2100506
s_016um_00332_00211-1,-1.1251816
s_016um_00243_00085-1,-1.1582346
s_016um_00030_00091-1,-1.0565065
s_016um_00392_00362-1,-1.510784
s_016um_00323_00224-1,-1.1146704
s_016um_00065_00132-1,-1.0671824
s_016um_00354_00026-1,-1.147222
s_016um_00325_00305-1,-1.1527674
s_016um_00361_00292-1,-1.1125841
s_016um_00219_00172-1,-1.1606207
s_016um_00279_00051-1,-1.1787007
s_016um_00408_00102-1,-1.2373778
s_016um_00044_00243-1,-1.1799947
s_016um_00400_00262-1,-1.200887
s_016um_00267_00028-1,-1.3050776
s_016um_00223_00172-1,-1.1680167
s_016um_00087_00073-1,-1.144217
s_016um_00039_00171-1,-1.1116335
s_016um_00136_00070-1,-1.0673355
s_016um_00270_00035-1,-1.1132991
s_016um_00328_00217-1,-1.1794229
s_016um_00247_00020-1,-1.1303626
s_016um_00269_00334-1,-1.1447109
s_016um_00398_00263-1,-1.1718712
s_016um_00270_00227-1,-1.1023792
s_016um_00077_00251-1,-1.3115112
s_016um_00335_00256-1,-1.1345898
s_016um_00062_00130-1,-1.1650522
s_016um_00269_00226-1,-1.1390228
s_016um_00362_00225-1,-1.1791946
s_016um_00364_00096-1,-1.2070678
s_016um_00216_00277-1,-1.270985
s_016um_00093_00275-1,-1.1211603
s_016um_00043_00176-1,-1.1368648
s_016um_00277_00133-1,-1.1699915
s_016um_00138_00072-1,-1.1156901
s_016um_00130_00318-1,-1.4473625
s_016um_00323_00122-1,-1.2143233
s_016um_00082_00286-1,-1.1412747
s_016um_00411_00101-1,-1.1122541
s_016um_00068_00125-1,-1.128926
s_016um_00096_00030-1,-1.1046652
s_016um_00036_00101-1,-1.0801308
s_016um_00273_00033-1,-1.1730174
s_016um_00063_00236-1,-1.2385985
s_016um_00144_00057-1,-1.0089372
s_016um_00375_00143-1,-1.0199838
s_016um_00037_00179-1,-1.3726016
s_016um_00080_00197-1,-1.3070191
s_016um_00334_00399-1,-1.4128081
s_016um_00378_00132-1,-1.2385122
s_016um_00335_00397-1,-1.1675116
s_016um_00198_00125-1,-1.1567974
s_016um_00236_00084-1,-1.1479337
s_016um_00383_00129-1,-1.1333945
s_016um_00393_00185-1,-1.1896648
s_016um_00224_00244-1,-1.2092218
s_016um_00226_00335-1,-1.1351526
s_016um_00274_00208-1,-1.1420449
s_016um_00082_00280-1,-1.116092
s_016um_00078_00279-1,-1.1142892
s_016um_00255_00188-1,-1.128219
s_016um_00395_00215-1,-1.131091
s_016um_00135_00222-1,-1.257986
s_016um_00162_00287-1,-1.2339231
s_016um_00084_00072-1,-1.2266079
s_016um_00079_00248-1,-1.0994878
s_016um_00089_00269-1,-1.3332515
s_016um_00399_00259-1,-1.2167093
s_016um_00072_00249-1,-1.1839464
s_016um_00135_00315-1,-1.8212829
s_016um_00329_00302-1,-1.1386833
s_016um_00396_00372-1,-1.1475681
s_016um_00041_00242-1,-1.1233277
s_016um_00014_00211-1,-1.304718
s_016um_00326_00302-1,-1.141819
s_016um_00058_00244-1,-1.1378545
s_016um_00182_00032-1,-1.075844
s_016um_00241_00186-1,-1.1474336
s_016um_00204_00147-1,-1.1294503
s_016um_00406_00396-1,-2.5673285
s_016um_00087_00072-1,-1.1342493
s_016um_00218_00028-1,-1.2192854
s_016um_00143_00016-1,-1.1657383
s_016um_00248_00027-1,-1.1093273
s_016um_00008_00210-1,-1.1316677
s_016um_00408_00104-1,-1.2327105
s_016um_00006_00150-1,-1.1118424
s_016um_00076_00242-1,-1.1406084
s_016um_00238_00092-1,-1.2113024
s_016um_00236_00092-1,-1.2714738
s_016um_00417_00143-1,-1.1491114
s_016um_00042_00178-1,-1.129321
s_016um_00389_00296-1,-1.1864203
s_016um_00384_00127-1,-1.0507221
s_016um_00272_00207-1,-1.257077
s_016um_00386_00294-1,-1.1501727
s_016um_00110_00313-1,-1.1241663
s_016um_00211_00294-1,-1.1058366
s_016um_00057_00245-1,-1.1704885
s_016um_00170_00121-1,-1.3057349
s_016um_00045_00218-1,-1.1208291
s_016um_00376_00134-1,-1.1602314
s_016um_00040_00209-1,-1.0950025
s_016um_00356_00286-1,-1.1438289
s_016um_00376_00139-1,-1.201114
s_016um_00144_00061-1,-1.0984178
s_016um_00394_00339-1,-1.1598246
s_016um_00327_00120-1,-1.176343
s_016um_00208_00294-1,-1.1058825
s_016um_00320_00164-1,-1.1254568
s_016um_00354_00114-1,-1.2031555
s_016um_00221_00024-1,-1.0955338
s_016um_00192_00098-1,-1.2089401
s_016um_00337_00254-1,-1.0754486
s_016um_00223_00171-1,-1.1608949
s_016um_00247_00021-1,-1.1391556
s_016um_00085_00067-1,-1.098447
s_016um_00054_00249-1,-1.3356092
s_016um_00272_00228-1,-1.1124486
s_016um_00043_00042-1,-1.0493839
s_016um_00289_00097-1,-1.079211
s_016um_00311_00057-1,-1.1916981
s_016um_00275_00224-1,-1.15732
s_016um_00141_00020-1,-1.1710403
s_016um_00235_00091-1,-1.1861055
s_016um_00367_00145-1,-1.1870233
s_016um_00418_00139-1,-1.2260294
s_016um_00059_00248-1,-1.1227798
s_016um_00088_00274-1,-1.116659
s_016um_00141_00075-1,-1.2207676
s_016um_00224_00173-1,-1.179203
s_016um_00275_00332-1,-1.1165137
s_016um_00077_00248-1,-1.0980277
s_016um_00221_00281-1,-1.1188546
s_016um_00332_00210-1,-1.1960666
s_016um_00085_00270-1,-1.0871192
s_016um_00370_00098-1,-1.2534187
s_016um_00359_00090-1,-1.173532
s_016um_00410_00148-1,-1.147957
s_016um_00081_00300-1,-1.105914
s_016um_00143_00219-1,-1.3860328
s_016um_00043_00174-1,-1.2698182
s_016um_00219_00226-1,-1.1860963
s_016um_00068_00234-1,-1.2107729
s_016um_00368_00144-1,-1.1309346
s_016um_00137_00219-1,-1.156587
s_016um_00114_00314-1,-1.2639108
s_016um_00222_00333-1,-1.1268696
s_016um_00041_00044-1,-1.1196084
s_016um_00253_00030-1,-1.1188526
s_016um_00100_00065-1,-1.1838855
s_016um_00012_00297-1,-1.1190377
s_016um_00005_00158-1,-1.070717
s_016um_00140_00069-1,-1.1234077
s_016um_00093_00271-1,-1.0969228
s_016um_00040_00172-1,-1.415754
s_016um_00220_00175-1,-1.1657987
s_016um_00393_00181-1,-1.1353228
s_016um_00012_00215-1,-1.4242988
s_016um_00218_00279-1,-1.1002864
s_016um_00286_00096-1,-1.0963207
s_016um_00112_00315-1,-1.1251719
s_016um_00135_00228-1,-1.1278713
s_016um_00133_00087-1,-1.1125885
s_016um_00059_00250-1,-1.1580203
s_016um_00323_00226-1,-1.1656029
s_016um_00244_00090-1,-1.1219474
s_016um_00178_00027-1,-1.0772626
s_016um_00342_00215-1,-1.2259774
s_016um_00191_00096-1,-1.1685983
s_016um_00213_00036-1,-1.1625103
s_016um_00115_00149-1,-1.1358818
s_016um_00393_00215-1,-1.0924141
s_016um_00342_00400-1,-1.332042
s_016um_00365_00224-1,-1.1399369
s_016um_00045_00242-1,-1.2569191
s_016um_00318_00164-1,-1.171762
s_016um_00079_00270-1,-1.087153
s_016um_00134_00227-1,-1.1184443
s_016um_00085_00199-1,-1.1331995
s_016um_00128_00317-1,-1.5402728
s_016um_00082_00029-1,-1.1157383
s_016um_00325_00170-1,-1.1314638
s_016um_00087_00195-1,-1.1737252
s_016um_00206_00147-1,-1.0997815
s_016um_00128_00228-1,-1.1023849
s_016um_00328_00118-1,-1.1637241
s_016um_00020_00264-1,-1.1080308
s_016um_00253_00025-1,-1.1458731
s_016um_00103_00027-1,-1.1392745
s_016um_00131_00093-1,-1.0662237
s_016um_00132_00090-1,-1.1753212
s_016um_00323_00225-1,-1.1570468
s_016um_00283_00099-1,-1.1920356
s_016um_00221_00328-1,-1.0796256
s_016um_00324_00301-1,-1.533783
s_016um_00085_00194-1,-1.272376
s_016um_00407_00121-1,-1.0709106
s_016um_00169_00373-1,-1.1382523
s_016um_00324_00170-1,-1.0980184
s_016um_00322_00303-1,-1.0972488
s_016um_00170_00379-1,-1.1236749
s_016um_00394_00218-1,-1.3494687
s_016um_00221_00174-1,-1.0647199
s_016um_00340_00217-1,-1.1340877
s_016um_00223_00031-1,-1.1319778
s_016um_00140_00061-1,-1.1110569
s_016um_00378_00133-1,-1.1592263
s_016um_00029_00337-1,-1.2434453
s_016um_00215_00289-1,-1.1409777
s_016um_00089_00070-1,-1.1314396
s_016um_00078_00296-1,-1.075145
s_016um_00013_00209-1,-1.0848898
s_016um_00357_00292-1,-1.1378793
s_016um_00130_00094-1,-1.064158
s_016um_00401_00367-1,-1.1537272
s_016um_00216_00276-1,-1.200667
s_016um_00135_00071-1,-1.2134188
s_016um_00269_00062-1,-1.2236528
s_016um_00309_00055-1,-1.1374091
s_016um_00269_00328-1,-1.2584087
s_016um_00235_00085-1,-1.086513
s_016um_00201_00146-1,-1.1411796
s_016um_00400_00125-1,-1.2234111
s_016um_00043_00173-1,-1.099432
s_016um_00136_00229-1,-1.1391094
s_016um_00217_00226-1,-1.1145883
s_016um_00081_00239-1,-1.1326178
s_016um_00413_00136-1,-1.2083851
s_016um_00079_00293-1,-1.0592357
s_016um_00273_00044-1,-1.1723745
s_016um_00359_00289-1,-1.0994431
s_016um_00151_00398-1,-1.1843835
s_016um_00218_00170-1,-1.1126573
s_016um_00223_00024-1,-1.9530535
s_016um_00043_00239-1,-1.0627064
s_016um_00271_00036-1,-1.4754639
s_016um_00404_00261-1,-1.4637872
s_016um_00035_00102-1,-1.1421525
s_016um_00078_00280-1,-1.2041928
s_016um_00276_00323-1,-1.136669
s_016um_00266_00336-1,-1.0901119
s_016um_00369_00119-1,-1.2034894
s_016um_00252_00020-1,-1.1246792
s_016um_00356_00022-1,-1.359855
s_016um_00396_00185-1,-1.1244388
s_016um_00071_00245-1,-1.1155126
s_016um_00222_00028-1,-1.338517
s_016um_00410_00100-1,-1.2044157
s_016um_00360_00417-1,-2.8738625
s_016um_00075_00252-1,-1.3011994
s_016um_00223_00225-1,-1.1243579
s_016um_00331_00256-1,-1.1922855
s_016um_00348_00215-1,-1.2015187
s_016um_00281_00132-1,-1.1304386
s_016um_00071_00247-1,-1.1420285
s_016um_00078_00249-1,-1.2765903
s_016um_00070_00238-1,-1.0970504
s_016um_00093_00279-1,-1.1338024
s_016um_00219_00229-1,-1.1031222
s_016um_00403_00129-1,-1.1368247
s_016um_00389_00340-1,-1.2813907
s_016um_00041_00043-1,-1.1731577
s_016um_00020_00271-1,-1.1515288
s_016um_00395_00180-1,-1.1263723
s_016um_00395_00358-1,-1.3101429
s_016um_00085_00030-1,-1.0818883
s_016um_00044_00210-1,-1.1151477
s_016um_00200_00153-1,-1.152474
s_016um_00373_00122-1,-1.1424332
s_016um_00363_00222-1,-1.159565
s_016um_00191_00098-1,-1.112265
s_016um_00080_00270-1,-1.1128005
s_016um_00272_00206-1,-1.050644
s_016um_00150_00399-1,-1.1951581
s_016um_00093_00277-1,-1.1174947
s_016um_00158_00287-1,-1.1908747
s_016um_00166_00376-1,-1.1327677
s_016um_00379_00135-1,-1.6906288
s_016um_00403_00258-1,-1.1396974
s_016um_00081_00299-1,-1.1419713
s_016um_00013_00211-1,-1.1220561
s_016um_00085_00034-1,-1.2565972
s_016um_00405_00126-1,-1.577896
s_016um_00163_00125-1,-1.200555
s_016um_00361_00293-1,-1.2946049
s_016um_00229_00244-1,-1.1169845
s_016um_00393_00359-1,-1.4119554
s_016um_00271_00033-1,-1.135176
s_016um_00320_00225-1,-1.1381215
s_016um_00102_00386-1,-1.3762085
s_016um_00032_00087-1,-1.1135954
s_016um_00357_00288-1,-1.096453
s_016um_00333_00218-1,-1.1621249
s_016um_00390_00179-1,-1.1210111
s_016um_00394_00372-1,-1.300875
s_016um_00012_00211-1,-1.136859
s_016um_00180_00029-1,-1.0592759
s_016um_00164_00123-1,-1.1488764
s_016um_00095_00322-1,-1.1128293
s_016um_00026_00088-1,-1.0775115
s_016um_00165_00121-1,-1.1732038
s_016um_00360_00413-1,-1.905088
s_016um_00400_00263-1,-1.1584048
s_016um_00274_00332-1,-1.1544334
s_016um_00264_00131-1,-1.213126
s_016um_00044_00239-1,-1.115639
s_016um_00008_00215-1,-1.1878258
s_016um_00049_00238-1,-1.0704165
s_016um_00376_00136-1,-1.1455554
s_016um_00109_00320-1,-1.2632805
s_016um_00396_00370-1,-1.1564951
s_016um_00387_00342-1,-1.0556574
s_016um_00141_00019-1,-1.1292927
s_016um_00390_00183-1,-1.1327763
s_016um_00202_00146-1,-1.1754357
s_016um_00393_00358-1,-2.2531166
s_016um_00086_00069-1,-1.1645017
s_016um_00216_00016-1,-1.1445023
s_016um_00138_00214-1,-1.0847813
s_016um_00241_00184-1,-1.1800085
s_016um_00386_00130-1,-1.0999432
s_016um_00220_00024-1,-1.2014912
s_016um_00094_00320-1,-1.1215639
s_016um_00093_00342-1,-1.1550323
s_016um_00373_00119-1,-1.1524751
s_016um_00407_00101-1,-1.1912197
s_016um_00278_00047-1,-1.094524
s_016um_00215_00030-1,-1.1504873
s_016um_00015_00211-1,-1.1993576
s_016um_00135_00319-1,-1.3094611
s_016um_00221_00334-1,-1.1251976
s_016um_00274_00324-1,-1.1391411
s_016um_00271_00056-1,-1.1238936
s_016um_00137_00072-1,-1.1074562
s_016um_00035_00045-1,-1.0408388
s_016um_00108_00385-1,-1.2288058
s_016um_00010_00150-1,-1.0855876
s_016um_00194_00097-1,-1.1242577
s_016um_00409_00399-1,-3.963447
s_016um_00041_00241-1,-1.2189523
s_016um_00278_00133-1,-1.132373
s_016um_00108_00318-1,-1.3721364
s_016um_00210_00295-1,-1.1820483
s_016um_00173_00372-1,-1.0729078
s_016um_00138_00223-1,-1.1481019
s_016um_00093_00273-1,-1.0810069
s_016um_00018_00269-1,-1.1587607
s_016um_00039_00041-1,-1.1421769
s_016um_00134_00317-1,-1.6356939
s_016um_00111_00321-1,-1.6454723
s_016um_00065_00128-1,-1.1845821
s_016um_00216_00035-1,-1.1780568
s_016um_00094_00274-1,-1.1456279
s_016um_00415_00142-1,-1.143329
s_016um_00170_00369-1,-1.1388854
s_016um_00138_00015-1,-1.163212
s_016um_00403_00395-1,-3.12329
s_016um_00080_00241-1,-1.1726619
s_016um_00266_00333-1,-1.112388
s_016um_00230_00249-1,-1.136289
s_016um_00081_00268-1,-1.1384708
s_016um_00331_00216-1,-1.251728
s_016um_00400_00370-1,-1.2507206
s_016um_00131_00317-1,-1.3660396
s_016um_00125_00385-1,-1.1705645
s_016um_00356_00093-1,-1.0475479
s_016um_00323_00165-1,-1.1607101
s_016um_00268_00030-1,-1.3041947
s_016um_00267_00032-1,-1.1582538
s_016um_00132_00224-1,-1.2383821
s_016um_00392_00296-1,-1.2865793
s_016um_00133_00219-1,-1.1921291
s_016um_00034_00088-1,-1.1353643
s_016um_00223_00238-1,-1.097166
s_016um_00378_00136-1,-1.1841683
s_016um_00128_00226-1,-1.1492326
s_016um_00108_00387-1,-1.2417598
s_016um_00393_00214-1,-1.3183533
s_016um_00080_00266-1,-1.1041962
s_016um_00263_00136-1,-1.2827392
s_016um_00141_00057-1,-1.1306361
s_016um_00095_00316-1,-1.1810067
s_016um_00040_00211-1,-1.2102549
s_016um_00275_00322-1,-1.2378249
s_016um_00046_00207-1,-1.0972742
s_016um_00092_00340-1,-1.1566379
s_016um_00090_00266-1,-1.1679478
s_016um_00181_00030-1,-1.0986265
s_016um_00042_00245-1,-1.1343673
s_016um_00408_00097-1,-1.2029076
s_016um_00418_00137-1,-1.1023502
s_016um_00132_00314-1,-1.0506928
s_016um_00365_00101-1,-1.1371816
s_016um_00266_00032-1,-1.1064183
s_016um_00083_00201-1,-1.2046272
s_016um_00231_00358-1,-1.0613523
s_016um_00227_00235-1,-1.1611935
s_016um_00008_00296-1,-1.0762272
s_016um_00241_00185-1,-1.1076696
s_016um_00081_00293-1,-1.1192588
s_016um_00170_00122-1,-1.1469846
s_016um_00349_00021-1,-1.1991943
s_016um_00011_00152-1,-1.1111315
s_016um_00404_00403-1,-3.721189
s_016um_00099_00025-1,-1.1722054
s_016um_00127_00094-1,-1.1618909
s_016um_00395_00214-1,-1.1315352
s_016um_00009_00151-1,-1.0930512
s_016um_00195_00124-1,-1.2317095
s_016um_00275_00047-1,-1.10037
s_016um_00386_00292-1,-1.0939016
s_016um_00241_00084-1,-1.1921753
s_016um_00328_00120-1,-1.1305983
s_016um_00210_00028-1,-1.3212327
s_016um_00228_00232-1,-1.4549959
s_016um_00394_00179-1,-1.1985469
s_016um_00210_00034-1,-1.2107527
s_016um_00356_00118-1,-1.1280404
s_016um_00251_00025-1,-1.1866525
s_016um_00205_00150-1,-1.1927702
s_016um_00026_00091-1,-1.2177886
s_016um_00140_00218-1,-1.1349423
s_016um_00375_00121-1,-1.1324857
s_016um_00040_00203-1,-1.4452387
s_016um_00280_00202-1,-1.0932492
s_016um_00338_00402-1,-1.1102028
s_016um_00369_00121-1,-1.1884538
s_016um_00351_00021-1,-1.1797777
s_016um_00083_00286-1,-1.0892602
s_016um_00082_00278-1,-1.1466143
s_016um_00167_00371-1,-1.1323969
s_016um_00252_00022-1,-1.2587101
s_016um_00078_00238-1,-1.0900743
s_016um_00400_00212-1,-1.1589763
s_016um_00403_00398-1,-2.4928334
s_016um_00134_00221-1,-1.1532052
s_016um_00079_00240-1,-1.1224375
s_016um_00401_00257-1,-1.1354613
s_016um_00314_00059-1,-1.1146512
s_016um_00025_00087-1,-1.1201068
s_016um_00335_00402-1,-1.3628651
s_016um_00388_00339-1,-1.1627258
s_016um_00273_00134-1,-1.0877049
s_016um_00392_00216-1,-1.136775
s_016um_00395_00178-1,-1.1369549
s_016um_00157_00288-1,-1.1209903
s_016um_00087_00066-1,-1.29861
s_016um_00384_00133-1,-1.154715
s_016um_00082_00267-1,-1.0742086
s_016um_00232_00356-1,-1.0975038
s_016um_00355_00293-1,-1.1374387
s_016um_00041_00009-1,-1.1141804
s_016um_00145_00017-1,-1.1726238
s_016um_00144_00020-1,-1.0818069
s_016um_00381_00136-1,-1.1885247
s_016um_00078_00251-1,-1.1416256
s_016um_00104_00067-1,-1.1309481
s_016um_00290_00096-1,-1.1765027
s_016um_00221_00172-1,-1.176087
s_016um_00247_00025-1,-1.1028513
s_016um_00083_00202-1,-1.141555
s_016um_00190_00091-1,-1.2863537
s_016um_00220_00227-1,-1.0902365
s_016um_00326_00126-1,-1.3262427
s_016um_00091_00269-1,-1.0686837
s_016um_00375_00125-1,-1.1673994
s_016um_00312_00058-1,-1.1608552
s_016um_00225_00232-1,-1.1191925
s_016um_00066_00236-1,-1.16813
s_016um_00229_00262-1,-1.1795617
s_016um_00111_00315-1,-1.1106385
s_016um_00193_00090-1,-1.1587926
s_016um_00061_00248-1,-1.1042354
s_016um_00082_00199-1,-1.2052269
s_016um_00046_00245-1,-1.1201267
s_016um_00047_00217-1,-1.1908883
s_016um_00091_00342-1,-1.1839505
s_016um_00265_00127-1,-1.0955256
s_016um_00127_00086-1,-1.1490628
s_016um_00245_00089-1,-1.1929998
s_016um_00058_00250-1,-1.2404794
s_016um_00101_00025-1,-1.0651052
s_016um_00221_00225-1,-1.1067978
s_016um_00271_00328-1,-1.2674516
s_016um_00395_00339-1,-1.3037019
s_016um_00131_00382-1,-1.1781346
s_016um_00264_00331-1,-1.1863517
s_016um_00331_00258-1,-1.143561
s_016um_00095_00338-1,-1.1135747
s_016um_00139_00060-1,-1.1162878
s_016um_00409_00150-1,-1.2212089
s_016um_00393_00296-1,-1.3125622
s_016um_00325_00304-1,-1.1928186
s_016um_00286_00097-1,-1.1635411
s_016um_00078_00240-1,-1.0869235
s_016um_00130_00227-1,-1.1312926
s_016um_00013_00294-1,-1.0976489
s_016um_00404_00146-1,-1.0889544
s_016um_00356_00120-1,-1.0910892
s_016um_00036_00098-1,-1.3718815
s_016um_00066_00231-1,-1.1744817
s_016um_00234_00087-1,-1.2107618
s_016um_00099_00029-1,-1.1388794
s_016um_00238_00183-1,-1.1564852
s_016um_00042_00217-1,-1.105302
s_016um_00366_00221-1,-1.085354
s_016um_00191_00123-1,-1.1468258
s_016um_00197_00125-1,-1.0957885
s_016um_00397_00367-1,-1.2658598
s_016um_00063_00131-1,-1.094857
s_016um_00141_00061-1,-1.0981697
s_016um_00213_00032-1,-1.2806239
s_016um_00041_00218-1,-1.150884
s_016um_00076_00240-1,-1.1040249
s_016um_00206_00151-1,-1.1158967
s_016um_00274_00328-1,-1.4014441
s_016um_00121_00148-1,-1.1308043
s_016um_00396_00214-1,-1.101269
s_016um_00276_00204-1,-1.1353946
s_016um_00417_00142-1,-1.1340611
s_016um_00172_00377-1,-1.1979142
s_016um_00328_00299-1,-1.1233332
s_016um_00356_00287-1,-1.1097299
s_016um_00013_00300-1,-1.1807692
s_016um_00127_00092-1,-1.1108083
s_016um_00278_00322-1,-1.0837235
s_016um_00264_00060-1,-1.2129586
s_016um_00109_00313-1,-1.0733709
s_016um_00039_00105-1,-1.1839811
s_016um_00088_00272-1,-1.0940722
s_016um_00414_00137-1,-1.0559176
s_016um_00401_00397-1,-3.077167
s_016um_00042_00043-1,-1.1249678
s_016um_00268_00331-1,-1.111016
s_016um_00110_00321-1,-1.1469259
s_016um_00009_00302-1,-1.2836051
s_016um_00230_00245-1,-1.1482946
s_016um_00222_00012-1,-1.2116423
s_016um_00130_00091-1,-1.1525462
s_016um_00363_00225-1,-1.1368831
s_016um_00352_00093-1,-1.1302427
s_016um_00097_00278-1,-1.1257198
s_016um_00076_00244-1,-1.1048045
s_016um_00281_00314-1,-1.1557211
s_016um_00261_00186-1,-1.3968656
s_016um_00307_00052-1,-1.1390945
s_016um_00087_00197-1,-1.042129
s_016um_00086_00028-1,-1.1382703
s_016um_00044_00178-1,-1.1775112
s_016um_00402_00147-1,-1.1044383
s_016um_00061_00243-1,-1.1525922
s_016um_00347_00217-1,-1.0894926
s_016um_00212_00296-1,-1.1055595
s_016um_00310_00061-1,-1.2313821
s_016um_00209_00291-1,-1.1306319
s_016um_00371_00117-1,-1.6001352
s_016um_00261_00027-1,-1.0964359
s_016um_00034_00099-1,-1.1873657
s_016um_00368_00121-1,-1.2613448
s_016um_00340_00214-1,-1.1548828
s_016um_00081_00281-1,-1.1497246
s_016um_00411_00104-1,-1.1509845
s_016um_00078_00300-1,-1.1076838
s_016um_00088_00273-1,-1.1445115
s_016um_00145_00060-1,-1.1085398
s_016um_00272_00205-1,-1.3928311
s_016um_00334_00257-1,-1.1707271
s_016um_00332_00251-1,-1.2300849
s_016um_00278_00321-1,-1.1900113
s_016um_00350_00021-1,-1.1950155
s_016um_00189_00128-1,-1.1920472
s_016um_00130_00319-1,-1.6650825
s_016um_00190_00121-1,-1.1070907
s_016um_00167_00370-1,-1.1567773
s_016um_00234_00088-1,-1.1246233
s_016um_00203_00152-1,-1.2029107
s_016um_00343_00216-1,-1.1160752
s_016um_00282_00326-1,-1.1517184
s_016um_00266_00060-1,-1.2589269
s_016um_00011_00208-1,-1.1767602
s_016um_00280_00138-1,-1.2244403
s_016um_00234_00268-1,-1.0594065
s_016um_00403_00402-1,-3.8173323
s_016um_00164_00287-1,-1.3968322
s_016um_00134_00229-1,-1.1497152
s_016um_00213_00033-1,-1.2530265
s_016um_00232_00264-1,-1.1000472
s_016um_00240_00090-1,-1.1744493
s_016um_00142_00216-1,-0.99794656
s_016um_00134_00217-1,-1.2038968
s_016um_00341_00213-1,-1.2367015
s_016um_00236_00185-1,-1.3249657
s_016um_00221_00279-1,-1.1190733
s_016um_00321_00164-1,-1.1420182
s_016um_00272_00329-1,-1.3113178
s_016um_00414_00097-1,-1.1261799
s_016um_00357_00119-1,-1.097083
s_016um_00259_00026-1,-1.112626
s_016um_00145_00397-1,-1.1750163
s_016um_00144_00059-1,-1.2024349
s_016um_00358_00287-1,-1.1216667
s_016um_00092_00270-1,-1.1309321
s_016um_00366_00230-1,-1.0861048
s_016um_00358_00409-1,-1.4628325
s_016um_00078_00246-1,-1.124196
s_016um_00237_00355-1,-1.1033914
s_016um_00047_00212-1,-1.1331052
s_016um_00040_00216-1,-1.1181939
s_016um_00335_00252-1,-1.2447383
s_016um_00037_00176-1,-1.1231545
s_016um_00079_00195-1,-1.2449656
s_016um_00217_00169-1,-1.0916625
s_016um_00096_00279-1,-1.1354496
s_016um_00007_00213-1,-1.1492201
s_016um_00335_00399-1,-1.3648878
s_016um_00237_00361-1,-1.1381546
s_016um_00395_00370-1,-1.1436598
s_016um_00092_00337-1,-1.1101668
s_016um_00087_00070-1,-1.1529155
s_016um_00039_00010-1,-1.1894925
s_016um_00217_00171-1,-1.1428431
s_016um_00009_00153-1,-1.1483042
s_016um_00216_00010-1,-1.107371
s_016um_00136_00216-1,-1.1668624
s_016um_00017_00265-1,-1.1182435
s_016um_00098_00067-1,-1.1139787
s_016um_00343_00217-1,-1.1044216
s_016um_00022_00268-1,-1.1069349
s_016um_00018_00273-1,-1.0896896
s_016um_00242_00089-1,-1.1898203
s_016um_00383_00132-1,-1.147691
s_016um_00222_00328-1,-1.2899208
s_016um_00349_00023-1,-1.1652758
s_016um_00091_00277-1,-1.1435103
s_016um_00135_00074-1,-1.1578023
s_016um_00413_00097-1,-1.0872667
s_016um_00086_00200-1,-1.102658
s_016um_00250_00020-1,-1.2180597
s_016um_00218_00166-1,-1.2596197
s_016um_00367_00225-1,-1.1321974
s_016um_00209_00295-1,-1.1156666
s_016um_00090_00335-1,-1.1775489
s_016um_00219_00173-1,-1.161571
s_016um_00077_00297-1,-1.1328077
s_016um_00379_00140-1,-1.2604378
s_016um_00041_00045-1,-1.0905278
s_016um_00392_00361-1,-2.0432396
s_016um_00391_00365-1,-1.2141864
s_016um_00258_00029-1,-1.1735632
s_016um_00145_00016-1,-1.1212729
s_016um_00356_00411-1,-1.7068621
s_016um_00331_00214-1,-1.0667946
s_016um_00085_00196-1,-1.187911
s_016um_00038_00176-1,-1.1119548
s_016um_00090_00275-1,-1.1163404
s_016um_00409_00097-1,-1.1647412
s_016um_00405_00401-1,-3.765624
s_016um_00402_00125-1,-1.1567826
s_016um_00221_00237-1,-1.1375016
s_016um_00083_00280-1,-1.2112097
s_016um_00104_00073-1,-1.1420252
s_016um_00267_00061-1,-1.104332
s_016um_00359_00115-1,-1.1854054
s_016um_00094_00277-1,-1.134542
s_016um_00079_00298-1,-1.140524
s_016um_00082_00028-1,-1.1457757
s_016um_00262_00336-1,-1.1240468
s_016um_00215_00031-1,-1.1354616
s_016um_00259_00131-1,-1.114335
s_016um_00279_00324-1,-1.1435422
s_016um_00397_00362-1,-1.225953
s_016um_00259_00030-1,-1.1990134
s_016um_00291_00096-1,-1.1640238
s_016um_00142_00057-1,-1.1483203
s_016um_00353_00119-1,-1.112803
s_016um_00205_00145-1,-1.1487284
s_016um_00375_00119-1,-1.2499602
s_016um_00086_00065-1,-1.3637477
s_016um_00114_00317-1,-1.1162992
s_016um_00083_00282-1,-1.0935144
s_016um_00079_00244-1,-1.1538724
s_016um_00093_00337-1,-1.1523043
s_016um_00281_00135-1,-1.1133635
s_016um_00216_00280-1,-1.084475
s_016um_00163_00289-1,-1.1551636
s_016um_00358_00121-1,-1.2345939
s_016um_00277_00203-1,-1.1136757
s_016um_00340_00401-1,-1.1627922
s_016um_00064_00125-1,-1.1153839
s_016um_00096_00069-1,-1.135946
s_016um_00010_00297-1,-1.1981341
s_016um_00324_00168-1,-1.1510204
s_016um_00291_00099-1,-1.1749352
s_016um_00402_00261-1,-1.1323484
s_016um_00068_00129-1,-1.1447928
s_016um_00037_00106-1,-1.0494274
s_016um_00329_00215-1,-1.0721713
s_016um_00394_00361-1,-1.1945163
s_016um_00398_00373-1,-1.5512019
s_016um_00102_00027-1,-1.3435395
s_016um_00400_00122-1,-1.1469934
s_016um_00402_00120-1,-1.1152565
s_016um_00043_00204-1,-1.1470895
s_016um_00062_00246-1,-1.1052294
s_016um_00278_00315-1,-1.2370304
s_016um_00367_00226-1,-1.1492126
s_016um_00182_00029-1,-1.1276253
s_016um_00132_00087-1,-1.1169177
s_016um_00135_00226-1,-1.1530994
s_016um_00325_00306-1,-1.162449
s_016um_00077_00243-1,-1.1372405
s_016um_00332_00254-1,-1.2874607
s_016um_00275_00136-1,-1.1043314
s_016um_00272_00034-1,-1.0157707
s_016um_00214_00030-1,-1.1678613
s_016um_00160_00293-1,-1.2408186
s_016um_00135_00230-1,-1.1044214
s_016um_00039_00046-1,-1.0918225
s_016um_00236_00354-1,-1.2193552
s_016um_00134_00314-1,-2.1957228
s_016um_00105_00072-1,-1.1279814
s_016um_00227_00245-1,-1.091003
s_016um_00129_00389-1,-1.1709337
s_016um_00409_00099-1,-1.0861733
s_016um_00205_00146-1,-1.2248452
s_016um_00034_00004-1,-1.1913953
s_016um_00031_00336-1,-1.1640974
s_016um_00222_00235-1,-1.2100396
s_016um_00406_00395-1,-2.5440946
s_016um_00129_00095-1,-1.3772651
s_016um_00144_00018-1,-1.14409
s_016um_00393_00298-1,-1.2436067
s_016um_00389_00291-1,-1.1794623
s_016um_00186_00029-1,-1.0572071
s_016um_00400_00369-1,-1.3947386
s_016um_00221_00238-1,-1.1609069
s_016um_00232_00269-1,-1.1423962
s_016um_00265_00337-1,-1.1405109
s_016um_00082_00296-1,-1.1231394
s_016um_00140_00223-1,-1.2178447
s_016um_00334_00217-1,-1.1752911
s_016um_00128_00315-1,-1.1277511
s_016um_00197_00122-1,-1.2085662
s_016um_00333_00259-1,-1.2411025
s_016um_00407_00124-1,-1.0960048
s_016um_00042_00172-1,-1.1841708
s_016um_00394_00365-1,-1.2686105
s_016um_00184_00027-1,-1.1198274
s_016um_00007_00154-1,-1.1214775
s_016um_00183_00032-1,-1.156369
s_016um_00069_00126-1,-1.1884667
s_016um_00329_00212-1,-1.1027607
s_016um_00082_00072-1,-1.0636623
s_016um_00191_00126-1,-1.3544412
s_016um_00178_00033-1,-1.1155243
s_016um_00222_00236-1,-1.2462664
s_016um_00178_00030-1,-1.0979551
s_016um_00124_00385-1,-1.1143924
s_016um_00097_00321-1,-1.1589739
s_016um_00222_00246-1,-1.1035094
s_016um_00324_00305-1,-1.084435
s_016um_00287_00096-1,-1.1728919
s_016um_00256_00188-1,-1.110521
s_016um_00313_00057-1,-1.1264642
s_016um_00407_00152-1,-1.1345962
s_016um_00172_00375-1,-1.2924254
s_016um_00265_00128-1,-1.1766555
s_016um_00076_00293-1,-1.1757268
s_016um_00138_00075-1,-1.1102674
s_016um_00230_00264-1,-1.0936534
s_016um_00223_00333-1,-1.1263094
s_016um_00335_00253-1,-1.2758844
s_016um_00254_00030-1,-1.126974
s_016um_00163_00122-1,-1.1063443
s_016um_00193_00091-1,-1.1972747
s_016um_00262_00335-1,-1.084247
s_016um_00007_00152-1,-1.1369028
s_016um_00140_00017-1,-1.1318374
s_016um_00325_00224-1,-1.1033059
s_016um_00306_00054-1,-1.2366103
s_016um_00261_00330-1,-1.2756509
s_016um_00388_00299-1,-1.138538
s_016um_00223_00226-1,-1.1869617
s_016um_00124_00387-1,-1.1556863
s_016um_00085_00193-1,-1.1830819
s_016um_00357_00416-1,-2.726514
s_016um_00222_00227-1,-1.2975143
s_016um_00077_00295-1,-1.1856275
s_016um_00218_00228-1,-1.2397218
s_016um_00274_00313-1,-1.1157334
s_016um_00091_00335-1,-1.1215014
s_016um_00271_00329-1,-1.127915
s_016um_00391_00340-1,-1.1568758
s_016um_00391_00362-1,-1.2683222
s_016um_00322_00166-1,-1.1653293
s_016um_00393_00370-1,-1.1305976
s_016um_00361_00417-1,-2.5834355
s_016um_00213_00283-1,-1.120152
s_016um_00162_00289-1,-1.2938747
s_016um_00131_00385-1,-1.1336279
s_016um_00077_00239-1,-1.1221756
s_016um_00031_00091-1,-1.1211705
s_016um_00342_00398-1,-1.2651534
s_016um_00091_00271-1,-1.1016388
s_016um_00277_00135-1,-1.1615508
s_016um_00394_00182-1,-1.2225465
s_016um_00353_00096-1,-1.0985974
s_016um_00313_00053-1,-1.1628237
s_016um_00031_00333-1,-1.1637813
s_016um_00404_00256-1,-1.2596272
s_016um_00007_00296-1,-1.1399972
s_016um_00269_00229-1,-1.1796923
s_016um_00324_00231-1,-1.1814553
s_016um_00033_00101-1,-1.1902754
s_016um_00043_00048-1,-1.1314704
s_016um_00029_00089-1,-1.189802
s_016um_00264_00129-1,-1.1086774
s_016um_00074_00243-1,-1.1445608
s_016um_00096_00025-1,-1.2005552
s_016um_00218_00011-1,-1.0789887
s_016um_00401_00366-1,-1.1576797
s_016um_00260_00026-1,-1.1420412
s_016um_00084_00199-1,-1.1226264
s_016um_00208_00295-1,-1.1173861
s_016um_00195_00121-1,-1.1285634
s_016um_00238_00089-1,-1.2334211
s_016um_00392_00295-1,-1.0344892
s_016um_00180_00027-1,-1.1020637
s_016um_00380_00138-1,-1.1392267
s_016um_00190_00097-1,-1.1096488
s_016um_00042_00238-1,-1.2381631
s_016um_00333_00211-1,-1.0817802
s_016um_00237_00189-1,-1.1586453
s_016um_00274_00227-1,-1.1441326
s_016um_00099_00318-1,-1.1712575
s_016um_00134_00222-1,-1.0872709
s_016um_00405_00150-1,-1.3241243
s_016um_00402_00262-1,-1.1346629
s_016um_00236_00261-1,-1.171413
s_016um_00356_00024-1,-1.128059
s_016um_00140_00016-1,-1.2323308
s_016um_00116_00143-1,-1.394284
s_016um_00399_00260-1,-1.1018869
s_016um_00238_00361-1,-1.1448423
s_016um_00214_00012-1,-1.0924569
s_016um_00276_00134-1,-1.1823902
s_016um_00049_00243-1,-1.6640351
s_016um_00222_00225-1,-1.4537671
s_016um_00031_00330-1,-1.1935283
s_016um_00321_00306-1,-1.1016527
s_016um_00400_00217-1,-1.1604453
s_016um_00082_00200-1,-1.1587447
s_016um_00134_00216-1,-1.0990038
s_016um_00137_00075-1,-1.1171691
s_016um_00079_00242-1,-1.1398144
s_016um_00357_00410-1,-1.5357777
s_016um_00194_00123-1,-1.0780658
s_016um_00359_00286-1,-1.1005099
s_016um_00233_00260-1,-1.1115539
s_016um_00279_00317-1,-1.1446701
s_016um_00170_00123-1,-1.123802
s_016um_00290_00094-1,-1.2392769
s_016um_00056_00250-1,-1.0916098
s_016um_00268_00057-1,-1.4513887
s_016um_00400_00401-1,-4.1809154
s_016um_00414_00099-1,-1.1490215
s_016um_00354_00117-1,-1.1898309
s_016um_00396_00216-1,-1.1265304
s_016um_00274_00326-1,-1.1227257
s_016um_00224_00246-1,-1.1239184
s_016um_00371_00119-1,-1.1415902
s_016um_00413_00142-1,-1.1347495
s_016um_00234_00356-1,-1.0814892
s_016um_00336_00258-1,-1.1097051
s_016um_00254_00025-1,-1.1030523
s_016um_00230_00266-1,-1.10219
s_016um_00101_00065-1,-1.0876458
s_016um_00221_00018-1,-1.3253051
s_016um_00220_00031-1,-1.1881012
s_016um_00131_00232-1,-1.1211573
s_016um_00398_00181-1,-1.0814592
s_016um_00131_00227-1,-1.1637483
s_016um_00322_00227-1,-1.1462382
s_016um_00416_00141-1,-1.1895032
s_016um_00214_00290-1,-1.1691774
s_016um_00096_00275-1,-1.1274545
s_016um_00110_00314-1,-1.083445
s_016um_00353_00018-1,-1.1188934
s_016um_00400_00396-1,-2.7929912
s_016um_00064_00238-1,-1.1644912
s_016um_00093_00278-1,-1.0978255
s_016um_00083_00271-1,-1.117598
s_016um_00203_00153-1,-1.2760841
s_016um_00277_00046-1,-1.1711602
s_016um_00040_00047-1,-1.1097987
s_016um_00234_00360-1,-1.07407
s_016um_00229_00266-1,-1.083298
s_016um_00279_00207-1,-1.1470058
s_016um_00400_00218-1,-1.1242352
s_016um_00150_00395-1,-1.270469
s_016um_00387_00127-1,-1.7149451
s_016um_00391_00363-1,-1.3363565
s_016um_00375_00124-1,-1.0945883
s_016um_00210_00294-1,-1.1335046
s_016um_00169_00126-1,-1.1120065
s_016um_00224_00249-1,-1.0734763
s_016um_00006_00214-1,-1.1897271
s_016um_00307_00058-1,-1.152597
s_016um_00269_00032-1,-1.1918383
s_016um_00261_00336-1,-1.1239623
s_016um_00354_00414-1,-2.373704
s_016um_00352_00120-1,-1.1719391
s_016um_00258_00186-1,-1.2023321
s_016um_00027_00332-1,-1.1430005
s_016um_00067_00231-1,-1.1338558
s_016um_00362_00291-1,-1.0642135
s_016um_00382_00129-1,-1.1740175
s_016um_00318_00165-1,-1.275644
s_016um_00386_00134-1,-1.2461075
s_016um_00264_00191-1,-1.1247939
s_016um_00361_00412-1,-2.4629061
s_016um_00096_00029-1,-1.229868
s_016um_00213_00027-1,-1.0741788
s_016um_00258_00189-1,-1.18374
s_016um_00392_00298-1,-1.3074404
s_016um_00361_00411-1,-1.9942622
s_016um_00266_00334-1,-1.1321614
s_016um_00368_00100-1,-1.2155445
s_016um_00353_00290-1,-1.2674514
s_016um_00344_00213-1,-1.1259513
s_016um_00369_00100-1,-1.0918386
s_016um_00079_00196-1,-1.1400404
s_016um_00388_00133-1,-1.130045
s_016um_00357_00290-1,-1.2452238
s_016um_00370_00119-1,-1.4332732
s_016um_00148_00395-1,-1.2816044
s_016um_00372_00119-1,-1.1016854
s_016um_00193_00098-1,-1.0928423
s_016um_00168_00122-1,-1.1483454
s_016um_00107_00314-1,-1.1695073
s_016um_00244_00085-1,-1.1932118
s_016um_00101_00031-1,-1.1363903
s_016um_00035_00332-1,-1.1017027
s_016um_00134_00072-1,-1.1078081
s_016um_00243_00089-1,-1.13501
s_016um_00353_00019-1,-1.2439625
s_016um_00194_00092-1,-1.0450153
s_016um_00263_00334-1,-1.1527016
s_016um_00410_00101-1,-1.1084367
s_016um_00084_00067-1,-1.0942333
s_016um_00146_00397-1,-1.142023
s_016um_00132_00320-1,-1.2687291
s_016um_00233_00089-1,-1.1789917
s_016um_00042_00205-1,-1.4160877
s_016um_00262_00331-1,-1.1204032
s_016um_00043_00045-1,-1.1812911
s_016um_00220_00235-1,-1.071269
s_016um_00330_00123-1,-1.109323
s_016um_00222_00238-1,-1.1105638
s_016um_00013_00215-1,-1.1520215
s_016um_00222_00032-1,-1.1133987
s_016um_00041_00173-1,-1.2074766
s_016um_00140_00055-1,-1.1297208
s_016um_00254_00031-1,-1.2895074
s_016um_00064_00230-1,-1.2303904
s_016um_00333_00255-1,-1.2120216
s_016um_00401_00263-1,-1.2192013
s_016um_00390_00184-1,-1.2703274
s_016um_00385_00133-1,-1.2875413
s_016um_00273_00049-1,-1.1795102
s_016um_00082_00070-1,-1.1269923
s_016um_00269_00055-1,-1.78953
s_016um_00271_00227-1,-1.1327612
s_016um_00322_00226-1,-1.1093304
s_016um_00333_00257-1,-1.1128331
s_016um_00255_00031-1,-1.1817554
s_016um_00389_00293-1,-1.1229959
s_016um_00012_00207-1,-1.0787065
s_016um_00044_00241-1,-1.199769
s_016um_00327_00298-1,-1.2413793
s_016um_00027_00090-1,-1.1594219
s_016um_00248_00023-1,-1.1425041
s_016um_00094_00275-1,-1.1354872
s_016um_00098_00316-1,-1.1059463
s_016um_00087_00031-1,-1.1424108
s_016um_00194_00090-1,-1.2184883
s_016um_00203_00154-1,-1.1773385
s_016um_00362_00413-1,-2.4884276
s_016um_00196_00126-1,-1.1189495
s_016um_00357_00092-1,-1.1565009
s_016um_00228_00327-1,-1.1110696
s_016um_00168_00377-1,-1.2060286
s_016um_00088_00271-1,-1.0963736
s_016um_00413_00139-1,-1.1735935
s_016um_00092_00319-1,-1.0561764
s_016um_00067_00233-1,-1.1221846
s_016um_00188_00125-1,-1.1177876
s_016um_00216_00230-1,-1.1021106
s_016um_00340_00219-1,-1.1744514
s_016um_00255_00032-1,-1.1114218
s_016um_00105_00069-1,-1.0498979
s_016um_00069_00128-1,-1.1498108
s_016um_00266_00030-1,-1.1319667
s_016um_00095_00320-1,-1.0796552
s_016um_00038_00046-1,-0.9831483
s_016um_00268_00336-1,-1.1017753
s_016um_00269_00057-1,-1.1128569
s_016um_00385_00297-1,-1.1626029
s_016um_00033_00091-1,-1.1186496
s_016um_00043_00207-1,-1.215272
s_016um_00355_00416-1,-2.2307417
s_016um_00232_00355-1,-1.1728226
s_016um_00213_00295-1,-1.1312168
s_016um_00074_00237-1,-1.0734519
s_016um_00276_00132-1,-1.0840883
s_016um_00209_00293-1,-1.0830206
s_016um_00084_00065-1,-1.1737853
s_016um_00262_00190-1,-1.1832683
s_016um_00006_00209-1,-1.2007025
s_016um_00161_00291-1,-1.1695077
s_016um_00099_00320-1,-1.1455091
s_016um_00079_00265-1,-1.154587
s_016um_00402_00257-1,-1.109052
s_016um_00238_00187-1,-1.177549
s_016um_00191_00121-1,-1.1350813
s_016um_00136_00076-1,-1.2511258
s_016um_00192_00093-1,-1.1223662
s_016um_00311_00053-1,-1.0988408
s_016um_00274_00134-1,-1.1147577
s_016um_00054_00250-1,-1.1623985
s_016um_00211_00035-1,-1.155991
s_016um_00360_00292-1,-1.0951203
s_016um_00086_00281-1,-1.0980916
s_016um_00170_00373-1,-1.1792833
s_016um_00142_00022-1,-1.1322825
s_016um_00308_00058-1,-1.0592178
s_016um_00028_00333-1,-1.1209514
s_016um_00189_00093-1,-1.1391717
s_016um_00160_00286-1,-1.2885224
s_016um_00360_00118-1,-1.1238378
s_016um_00318_00167-1,-1.4092864
s_016um_00141_00072-1,-1.1220546
s_016um_00223_00229-1,-1.1535707
s_016um_00216_00031-1,-1.1649531
s_016um_00128_00391-1,-1.1805114
s_016um_00228_00266-1,-1.0703969
s_016um_00332_00120-1,-1.1960034
s_016um_00223_00235-1,-1.1345047
s_016um_00380_00139-1,-1.129902
s_016um_00247_00082-1,-1.1154778
s_016um_00082_00298-1,-1.1283904
s_016um_00376_00118-1,-1.2722363
s_016um_00039_00176-1,-1.1145146
s_016um_00223_00026-1,-1.7200828
s_016um_00034_00097-1,-1.1180478
s_016um_00220_00284-1,-1.1423168
s_016um_00081_00197-1,-1.466121
s_016um_00035_00010-1,-1.229309
s_016um_00260_00191-1,-1.1079746
s_016um_00018_00268-1,-1.3222935
s_016um_00142_00073-1,-1.2118102
s_016um_00306_00057-1,-1.0800291
s_016um_00342_00217-1,-1.3179818
s_016um_00085_00033-1,-1.0922835
s_016um_00125_00384-1,-1.095672
s_016um_00129_00091-1,-1.1894042
s_016um_00028_00087-1,-1.0994384
s_016um_00279_00319-1,-1.1035559
s_016um_00086_00064-1,-1.2138574
s_016um_00336_00257-1,-1.1522784
s_016um_00264_00127-1,-1.0329249
s_016um_00196_00095-1,-1.1440815
s_016um_00098_00338-1,-1.249243
s_016um_00395_00184-1,-1.1659888
s_016um_00335_00214-1,-1.1897194
s_016um_00244_00083-1,-1.1765174
s_016um_00388_00291-1,-1.1578096
s_016um_00279_00318-1,-1.3030431
s_016um_00018_00265-1,-1.1152598
s_016um_00008_00158-1,-1.0314054
s_016um_00384_00138-1,-1.2443795
s_016um_00275_00316-1,-1.4172261
s_016um_00216_00029-1,-1.1037712
s_016um_00202_00151-1,-1.1915077
s_016um_00037_00007-1,-1.1418787
s_016um_00129_00225-1,-1.1325774
s_016um_00334_00258-1,-1.1049132
s_016um_00260_00028-1,-1.1512129
s_016um_00225_00238-1,-1.113713
s_016um_00150_00397-1,-1.123025
s_016um_00414_00142-1,-1.177091
s_016um_00134_00075-1,-1.1547749
s_016um_00392_00180-1,-1.0777063
s_016um_00290_00092-1,-1.3083079
s_016um_00273_00207-1,-1.2267505
s_016um_00271_00055-1,-1.0657287
s_016um_00221_00236-1,-1.2417979
s_016um_00335_00396-1,-1.1010046
s_016um_00028_00331-1,-1.1261052
s_016um_00090_00070-1,-1.0861056
s_016um_00095_00023-1,-1.1528229
s_016um_00280_00208-1,-1.1159928
s_016um_00094_00341-1,-1.1181228
s_016um_00325_00226-1,-1.1859708
s_016um_00228_00333-1,-1.1450016
s_016um_00266_00131-1,-1.3075684
s_016um_00112_00313-1,-1.1216487
s_016um_00251_00028-1,-1.1982816
s_016um_00077_00300-1,-1.2855195
s_016um_00372_00124-1,-1.0969795
s_016um_00191_00095-1,-1.1043353
s_016um_00119_00150-1,-1.1033347
s_016um_00134_00077-1,-1.1395826
s_016um_00127_00093-1,-1.3163298
s_016um_00334_00252-1,-1.1226858
s_016um_00260_00184-1,-1.1509988
s_016um_00196_00096-1,-1.1511486
s_016um_00078_00241-1,-1.1403947
s_016um_00161_00285-1,-0.88332427
s_016um_00249_00024-1,-1.2039113
s_016um_00274_00224-1,-1.1278821
s_016um_00012_00301-1,-1.152856
s_016um_00192_00089-1,-1.1844629
s_016um_00097_00069-1,-1.1312602
s_016um_00033_00090-1,-1.10528
s_016um_00092_00271-1,-1.1013772
s_016um_00412_00097-1,-1.1636218
s_016um_00169_00374-1,-1.2069819
s_016um_00273_00136-1,-1.1174283
s_016um_00012_00212-1,-1.1385163
s_016um_00331_00213-1,-1.1663316
s_016um_00223_00228-1,-1.1148084
s_016um_00251_00026-1,-1.1935935
s_016um_00087_00200-1,-1.1821235
s_016um_00005_00157-1,-1.1059504
s_016um_00238_00184-1,-1.0817496
s_016um_00410_00149-1,-1.2160398
s_016um_00340_00399-1,-1.2289451
s_016um_00258_00027-1,-1.0934116
s_016um_00342_00403-1,-1.2552153
s_016um_00398_00218-1,-1.198991
s_016um_00323_00232-1,-1.1134155
s_016um_00101_00384-1,-1.1159304
s_016um_00218_00174-1,-1.2441105
s_016um_00075_00297-1,-1.1380466
s_016um_00120_00150-1,-1.2180634
s_016um_00278_00052-1,-1.2543411
s_016um_00242_00190-1,-1.1223396
s_016um_00360_00093-1,-1.1442949
s_016um_00274_00049-1,-1.1077749
s_016um_00393_00339-1,-1.182376
s_016um_00386_00341-1,-1.2955611
s_016um_00404_00260-1,-1.2111207
s_016um_00113_00318-1,-1.163986
s_016um_00128_00318-1,-1.8702371
s_016um_00228_00332-1,-1.2064332
s_016um_00331_00122-1,-1.4746479
s_016um_00097_00319-1,-1.1504161
s_016um_00168_00372-1,-1.0643038
s_016um_00352_00027-1,-1.2564039
s_016um_00388_00296-1,-1.1245711
s_016um_00324_00303-1,-1.088664
s_016um_00354_00089-1,-1.1210904
s_016um_00045_00215-1,-1.126327
s_016um_00092_00321-1,-1.1049184
s_016um_00374_00123-1,-1.1304574
s_016um_00359_00292-1,-1.2720808
s_016um_00349_00026-1,-1.1185935
s_016um_00083_00033-1,-1.090642
s_016um_00269_00336-1,-1.1501349
s_016um_00104_00069-1,-1.1380528
s_016um_00310_00054-1,-1.1486455
s_016um_00291_00093-1,-1.1824706
s_016um_00223_00244-1,-1.0864438
s_016um_00171_00125-1,-1.143817
s_016um_00033_00103-1,-1.1500353
s_016um_00165_00286-1,-1.1256372
s_016um_00383_00137-1,-1.1450092
s_016um_00334_00255-1,-1.1126986
s_016um_00078_00298-1,-1.1247323
s_016um_00398_00369-1,-1.1641418
s_016um_00263_00189-1,-1.1179343
s_016um_00189_00095-1,-1.074372
s_016um_00398_00367-1,-1.2683649
s_016um_00169_00372-1,-1.151792
s_016um_00326_00299-1,-1.2273792
s_016um_00084_00068-1,-1.2980866
s_016um_00279_00312-1,-1.1454296
s_016um_00333_00400-1,-1.6198516
s_016um_00277_00321-1,-1.2377318
s_016um_00267_00131-1,-1.1045132
s_016um_00005_00152-1,-1.1005177
s_016um_00094_00317-1,-1.1535451
s_016um_00311_00055-1,-1.1490248
s_016um_00060_00246-1,-1.1802042
s_016um_00009_00211-1,-1.2107366
s_016um_00190_00095-1,-1.0923425
s_016um_00372_00118-1,-1.1164824
s_016um_00138_00219-1,-1.1445768
s_016um_00009_00294-1,-1.1678233
s_016um_00404_00152-1,-1.258844
s_016um_00136_00220-1,-1.2265368
s_016um_00274_00327-1,-1.1765627
s_016um_00220_00018-1,-1.2030766
s_016um_00133_00075-1,-1.1247226
s_016um_00040_00180-1,-1.1226587
s_016um_00258_00028-1,-1.2180051
s_016um_00327_00305-1,-1.0898799
s_016um_00251_00021-1,-1.1436905
s_016um_00358_00116-1,-1.1476301
s_016um_00320_00170-1,-1.0987531
s_016um_00214_00033-1,-1.2415988
s_016um_00279_00134-1,-1.1336783
s_016um_00264_00058-1,-1.1491332
s_016um_00095_00323-1,-1.4133116
s_016um_00352_00117-1,-1.1295391
s_016um_00393_00219-1,-1.2246435
s_016um_00040_00210-1,-1.167768
s_016um_00044_00211-1,-1.1655267
s_016um_00328_00231-1,-1.1155317
s_016um_00324_00169-1,-1.121062
s_016um_00401_00369-1,-1.2646468
s_016um_00328_00117-1,-1.101783
s_016um_00272_00134-1,-1.0922922
s_016um_00329_00251-1,-1.082115
s_016um_00043_00178-1,-1.1515495
s_016um_00235_00084-1,-1.1773295
s_016um_00222_00234-1,-1.1064581
s_016um_00362_00415-1,-2.5153725
s_016um_00160_00285-1,-1.3676962
s_016um_00195_00098-1,-1.1519341
s_016um_00089_00271-1,-1.1367314
s_016um_00273_00204-1,-1.0798306
s_016um_00107_00318-1,-1.3051733
s_016um_00332_00252-1,-1.2818431
s_016um_00405_00124-1,-1.1273082
s_016um_00235_00184-1,-1.1183273
s_016um_00271_00335-1,-1.23614
s_016um_00042_00041-1,-1.0958292
s_016um_00397_00255-1,-1.0927159
s_016um_00223_00331-1,-1.15321
s_016um_00321_00303-1,-1.3038647
s_016um_00360_00291-1,-1.1354591
s_016um_00279_00046-1,-1.236357
s_016um_00177_00029-1,-1.0644515
s_016um_00387_00126-1,-1.1055322
s_016um_00274_00325-1,-1.3108028
s_016um_00040_00010-1,-1.1289648
s_016um_00114_00316-1,-1.069843
s_016um_00010_00213-1,-1.2437668
s_016um_00144_00017-1,-1.1039174
s_016um_00405_00146-1,-1.099809
s_016um_00275_00313-1,-1.1479945
s_016um_00396_00371-1,-1.1842433
s_016um_00417_00141-1,-1.2589613
s_016um_00098_00071-1,-1.1226591
s_016um_00193_00125-1,-1.1438649
s_016um_00193_00128-1,-1.112768
s_016um_00342_00401-1,-1.3484062
s_016um_00215_00014-1,-1.0956277
s_016um_00224_00239-1,-1.1272515
s_016um_00087_00282-1,-1.137538
s_016um_00407_00099-1,-1.2344898
s_016um_00331_00123-1,-1.1278026
s_016um_00393_00213-1,-1.1436614
s_016um_00083_00265-1,-1.2146252
s_016um_00104_00068-1,-1.1048383
s_016um_00366_00231-1,-1.1749879
s_016um_00009_00296-1,-1.1122531
s_016um_00027_00330-1,-1.1265215
s_016um_00068_00130-1,-1.1259708
s_016um_00392_00342-1,-1.3451266
s_016um_00274_00050-1,-1.2810539
s_016um_00390_00344-1,-1.6026003
s_016um_00191_00091-1,-1.1359364
s_016um_00229_00264-1,-1.2793713
s_016um_00387_00295-1,-1.1835189
s_016um_00356_00091-1,-1.2212231
s_016um_00065_00126-1,-1.1165946
s_016um_00221_00278-1,-1.0997846
s_016um_00320_00228-1,-1.0928432
s_016um_00274_00316-1,-1.4699229
s_016um_00139_00057-1,-1.4478582
s_016um_00330_00216-1,-1.1753759
s_016um_00258_00026-1,-1.025037
s_016um_00010_00210-1,-1.1631222
s_016um_00101_00387-1,-1.2083013
s_016um_00273_00209-1,-1.1407008
s_016um_00044_00215-1,-1.1411078
s_016um_00320_00304-1,-1.1085716
s_016um_00041_00172-1,-1.1107843
s_016um_00371_00140-1,-1.1653436
s_016um_00276_00325-1,-1.1566426
s_016um_00071_00234-1,-1.155549
s_016um_00084_00296-1,-1.0848999
s_016um_00264_00055-1,-1.1855757
s_016um_00215_00170-1,-1.3317342
s_016um_00192_00129-1,-1.1600547
s_016um_00274_00330-1,-1.237869
s_016um_00394_00216-1,-1.1782137
s_016um_00255_00030-1,-1.1975045
s_016um_00281_00048-1,-1.0954595
s_016um_00138_00216-1,-1.147287
s_016um_00391_00182-1,-1.1864619
s_016um_00038_00208-1,-1.3216246
s_016um_00331_00257-1,-1.1837078
s_016um_00039_00047-1,-1.0883756
s_016um_00360_00293-1,-1.1056718
s_016um_00243_00083-1,-1.2409619
s_016um_00215_00013-1,-1.1301153
s_016um_00036_00177-1,-1.2967848
s_016um_00034_00005-1,-1.1101404
s_016um_00141_00071-1,-1.1014538
s_016um_00267_00054-1,-1.1443937
s_016um_00391_00336-1,-1.1438224
s_016um_00375_00144-1,-1.1247408
s_016um_00007_00158-1,-1.1082822
s_016um_00182_00033-1,-1.1067855
s_016um_00020_00272-1,-1.1417257
s_016um_00265_00035-1,-1.1743554
s_016um_00231_00247-1,-1.08333
s_016um_00219_00017-1,-1.1066178
s_016um_00276_00048-1,-1.1169343
s_016um_00252_00026-1,-1.8963084
s_016um_00279_00208-1,-1.1164372
s_016um_00404_00126-1,-1.2155213
s_016um_00378_00139-1,-1.132649
s_016um_00223_00245-1,-1.1007503
s_016um_00267_00337-1,-1.099861
s_016um_00279_00052-1,-1.1646917
s_016um_00328_00213-1,-1.1543454
s_016um_00356_00097-1,-1.0879186
s_016um_00012_00299-1,-1.0172213
s_016um_00162_00285-1,-1.1809319
s_016um_00371_00142-1,-1.0990502
s_016um_00035_00333-1,-1.1977578
s_016um_00235_00361-1,-1.1243485
s_016um_00242_00185-1,-1.1066067
s_016um_00088_00031-1,-1.1112324
s_016um_00368_00147-1,-1.1986258
s_016um_00386_00129-1,-1.2207242
s_016um_00127_00388-1,-1.0874085
s_016um_00041_00104-1,-1.1013983
s_016um_00075_00236-1,-1.1297733
s_016um_00404_00128-1,-1.139156
s_016um_00391_00360-1,-1.4485097
s_016um_00100_00029-1,-1.2597426
s_016um_00009_00297-1,-1.2452108
s_016um_00238_00189-1,-1.2731285
s_016um_00227_00250-1,-1.1093066
s_016um_00394_00359-1,-1.6564586
s_016um_00225_00327-1,-1.1530024
s_016um_00414_00100-1,-1.1063505
s_016um_00039_00173-1,-1.1395544
s_016um_00367_00223-1,-1.113477
s_016um_00057_00250-1,-1.1776459
s_016um_00142_00020-1,-1.1696645
s_016um_00140_00073-1,-1.1931477
s_016um_00193_00094-1,-1.2039616
s_016um_00371_00102-1,-1.0664637
s_016um_00264_00333-1,-1.1038312
s_016um_00234_00355-1,-1.0944778
s_016um_00026_00086-1,-1.0557407
s_016um_00368_00118-1,-1.0692693
s_016um_00273_00202-1,-1.1567359
s_016um_00084_00196-1,-1.2446712
s_016um_00092_00341-1,-1.1813688
s_016um_00034_00331-1,-1.1432275
s_016um_00103_00386-1,-1.3358247
s_016um_00135_00216-1,-1.2778946
s_016um_00208_00293-1,-1.0897253
s_016um_00010_00157-1,-1.1664484
s_016um_00259_00191-1,-1.1554772
s_016um_00038_00104-1,-1.1594502
s_016um_00061_00132-1,-1.0656409
s_016um_00406_00146-1,-1.2235646
s_016um_00214_00296-1,-1.1184788
s_016um_00256_00029-1,-1.2126348
s_016um_00396_00258-1,-1.1302977
s_016um_00273_00203-1,-1.1337426
s_016um_00065_00234-1,-1.3712401
s_016um_00371_00121-1,-1.1407723
s_016um_00370_00099-1,-1.1371694
s_016um_00397_00185-1,-1.1461717
s_016um_00046_00238-1,-1.1482522
s_016um_00230_00261-1,-1.1259369
s_016um_00212_00291-1,-1.1393862
s_016um_00123_00144-1,-1.2382585
s_016um_00332_00125-1,-1.1635771
s_016um_00391_00185-1,-1.3289917
s_016um_00178_00032-1,-1.1043055
s_016um_00290_00095-1,-1.18182
s_016um_00030_00088-1,-1.1016846
s_016um_00275_00044-1,-1.20086
s_016um_00113_00320-1,-1.1080717
s_016um_00046_00211-1,-1.1653359
s_016um_00007_00215-1,-1.1533273
s_016um_00147_00400-1,-1.145391
s_016um_00392_00340-1,-1.2326709
s_016um_00099_00023-1,-1.0350306
s_016um_00039_00215-1,-1.086481
s_016um_00086_00193-1,-1.1133876
s_016um_00256_00187-1,-1.1033673
s_016um_00037_00046-1,-1.0740299
s_016um_00232_00360-1,-1.1474711
s_016um_00041_00214-1,-1.6380721
s_016um_00285_00093-1,-1.2597631
s_016um_00200_00148-1,-1.1248119
s_016um_00217_00279-1,-1.1496176
s_016um_00132_00387-1,-1.1625682
s_016um_00125_00386-1,-1.1651747
s_016um_00112_00317-1,-1.1149768
s_016um_00037_00098-1,-1.0449724
s_016um_00048_00238-1,-1.1432953
s_016um_00322_00165-1,-1.0951595
s_016um_00355_00026-1,-1.3216751
s_016um_00083_00073-1,-1.3317286
s_016um_00028_00329-1,-1.1760632
s_016um_00234_00266-1,-1.2422944
s_016um_00222_00027-1,-1.2244252
s_016um_00259_00129-1,-1.0808501
s_016um_00007_00151-1,-1.0735857
s_016um_00217_00033-1,-1.2978816
s_016um_00081_00285-1,-1.1150614
s_016um_00392_00338-1,-1.1509513
s_016um_00214_00289-1,-1.1835043
s_016um_00275_00204-1,-1.1372772
s_016um_00238_00190-1,-1.1510485
s_016um_00326_00225-1,-1.2406739
s_016um_00118_00143-1,-1.1806145
s_016um_00064_00126-1,-1.0904734
s_016um_00367_00096-1,-1.1429764
s_016um_00218_00013-1,-1.0808911
s_016um_00033_00331-1,-1.0864329
s_016um_00214_00028-1,-1.222401
s_016um_00100_00072-1,-1.1324294
s_016um_00356_00416-1,-2.40523
s_016um_00257_00032-1,-1.0947721
s_016um_00099_00321-1,-1.1161138
s_016um_00383_00139-1,-1.1266967
s_016um_00314_00054-1,-1.210024
s_016um_00033_00334-1,-1.1116596
s_016um_00063_00237-1,-1.0775864
s_016um_00239_00091-1,-1.2616087
s_016um_00307_00053-1,-1.3076938
s_016um_00195_00122-1,-1.1139412
s_016um_00101_00389-1,-1.1776153
s_016um_00219_00284-1,-1.0942651
s_016um_00080_00294-1,-1.089705
s_016um_00329_00125-1,-1.1419971
s_016um_00250_00025-1,-1.2004704
s_016um_00232_00268-1,-1.2064738
s_016um_00079_00266-1,-1.0952679
s_016um_00210_00035-1,-1.1689086
s_016um_00355_00097-1,-1.5160648
s_016um_00185_00029-1,-1.1700481
s_016um_00173_00376-1,-1.1567655
s_016um_00236_00085-1,-1.1860342
s_016um_00123_00149-1,-1.1695756
s_016um_00008_00297-1,-1.2418352
s_016um_00225_00247-1,-1.2118633
s_016um_00277_00207-1,-1.2353581
s_016um_00211_00295-1,-1.0714904
s_016um_00081_00267-1,-1.1619529
s_016um_00399_00263-1,-1.2032348
s_016um_00411_00099-1,-1.1154605
s_016um_00387_00132-1,-1.2529188
s_016um_00369_00222-1,-1.2565075
s_016um_00413_00099-1,-1.3035893
s_016um_00096_00023-1,-1.1172276
s_016um_00192_00097-1,-1.1577456
s_016um_00288_00094-1,-1.1624411
s_016um_00205_00147-1,-1.1303557
s_016um_00224_00237-1,-1.0966868
s_016um_00400_00400-1,-3.319025
s_016um_00332_00215-1,-1.1051126
s_016um_00117_00147-1,-1.1904584
s_016um_00164_00126-1,-1.1910025
s_016um_00166_00128-1,-1.1867276
s_016um_00084_00194-1,-1.3162286
s_016um_00280_00133-1,-1.140073
s_016um_00284_00097-1,-1.1926413
s_016um_00287_00095-1,-1.29539
s_016um_00415_00103-1,-1.0583187
s_016um_00269_00335-1,-1.1315745
s_016um_00397_00215-1,-1.1939371
s_016um_00337_00396-1,-1.3877591
s_016um_00263_00190-1,-1.1524079
s_016um_00016_00265-1,-1.0853333
s_016um_00260_00128-1,-1.1161311
s_016um_00220_00230-1,-1.1220572
s_016um_00219_00228-1,-1.1556333
s_016um_00076_00294-1,-1.0954392
s_016um_00400_00127-1,-1.1373712
s_016um_00075_00239-1,-1.1159796
s_016um_00093_00316-1,-1.1135457
s_016um_00221_00031-1,-1.1903228
s_016um_00274_00222-1,-1.1452609
s_016um_00308_00059-1,-1.4625027
s_016um_00129_00086-1,-1.1286918
s_016um_00066_00128-1,-1.1507401
s_016um_00221_00030-1,-1.2373458
s_016um_00237_00185-1,-1.1999874
s_016um_00408_00147-1,-1.1439265
s_016um_00276_00045-1,-1.1676708
s_016um_00356_00418-1,-2.6818337
s_016um_00327_00301-1,-1.1418736
s_016um_00290_00093-1,-1.1609128
s_016um_00206_00152-1,-1.2090627
s_016um_00140_00015-1,-1.2815071
s_016um_00370_00147-1,-1.1658787
s_016um_00353_00020-1,-1.1406844
s_016um_00130_00314-1,-1.4854882
s_016um_00375_00118-1,-1.1385267
s_016um_00034_00332-1,-1.0911736
s_016um_00081_00294-1,-1.1393669
s_016um_00089_00032-1,-1.0634125
s_016um_00260_00333-1,-1.1649275
s_016um_00147_00061-1,-1.0684283
s_016um_00082_00035-1,-1.0211196
s_016um_00104_00072-1,-1.115353
s_016um_00354_00096-1,-1.1061352
s_016um_00310_00051-1,-1.1191806
s_016um_00232_00358-1,-1.1340255
s_016um_00217_00293-1,-1.1409011
s_016um_00273_00047-1,-1.2817405
s_016um_00192_00125-1,-1.3164414
s_016um_00397_00370-1,-1.3043208
s_016um_00274_00206-1,-1.1562598
s_016um_00074_00249-1,-1.1119037
s_016um_00167_00124-1,-1.1835716
s_016um_00403_00257-1,-1.1463302
s_016um_00109_00314-1,-1.1670116
s_016um_00041_00216-1,-1.1520422
s_016um_00313_00059-1,-1.1117454
s_016um_00282_00324-1,-1.1117032
s_016um_00240_00089-1,-1.1306466
s_016um_00220_00331-1,-1.1475961
s_016um_00274_00201-1,-1.3056748
s_016um_00345_00220-1,-1.2853682
s_016um_00274_00045-1,-1.3035136
s_016um_00075_00243-1,-1.1497463
s_016um_00129_00227-1,-1.1012672
s_016um_00047_00216-1,-1.1985134
s_016um_00167_00375-1,-1.1215901
s_016um_00137_00216-1,-1.0469707
s_016um_00398_00361-1,-1.3174539
s_016um_00126_00087-1,-1.1653305
s_016um_00049_00239-1,-1.1086413
s_016um_00274_00312-1,-1.1635596
s_016um_00080_00032-1,-1.2343675
s_016um_00043_00209-1,-1.2133634
s_016um_00013_00212-1,-1.184637
s_016um_00134_00220-1,-1.1549432
s_016um_00272_00332-1,-1.1723284
s_016um_00083_00296-1,-1.2230444
s_016um_00361_00410-1,-1.8279341
s_016um_00045_00205-1,-1.1846844
s_016um_00214_00276-1,-1.0890052
s_016um_00082_00265-1,-1.1493032
s_016um_00352_00121-1,-1.1728536
s_016um_00244_00186-1,-1.1127194
s_016um_00395_00360-1,-1.7332683
s_016um_00056_00247-1,-1.1310493
s_016um_00120_00151-1,-1.1327541
s_016um_00310_00057-1,-1.1725076
s_016um_00324_00307-1,-1.2014614
s_016um_00045_00240-1,-1.2121769
s_016um_00257_00191-1,-1.2209404
s_016um_00035_00098-1,-1.4046957
s_016um_00144_00055-1,-1.1177449
s_016um_00247_00083-1,-1.1550927
s_016um_00104_00065-1,-1.0871787
s_016um_00094_00338-1,-1.1090649
s_016um_00134_00318-1,-1.325327
s_016um_00407_00147-1,-1.0981983
s_016um_00369_00097-1,-1.1909403
s_016um_00361_00291-1,-1.129941
s_016um_00008_00293-1,-1.151844
s_016um_00172_00374-1,-1.3158841
s_016um_00217_00174-1,-1.2193359
s_016um_00366_00102-1,-1.1715672
s_016um_00277_00329-1,-1.1758794
s_016um_00237_00186-1,-1.2191087
s_016um_00261_00334-1,-1.100525
s_016um_00229_00334-1,-1.153906
s_016um_00083_00070-1,-1.0943527
s_016um_00229_00328-1,-1.1061499
s_016um_00247_00026-1,-1.0933576
s_016um_00072_00244-1,-1.0818828
s_016um_00348_00216-1,-1.0934854
s_016um_00227_00238-1,-1.1222329
s_016um_00274_00052-1,-1.1769211
s_016um_00275_00318-1,-1.1162245
s_016um_00091_00338-1,-1.1324283
s_016um_00405_00120-1,-1.0898727
s_016um_00012_00293-1,-1.2481723
s_016um_00334_00403-1,-1.1425319
s_016um_00254_00033-1,-1.2005464
s_016um_00043_00047-1,-1.1491238
s_016um_00193_00095-1,-1.1903045
s_016um_00226_00327-1,-1.185871
s_016um_00109_00319-1,-1.1379113
s_016um_00356_00290-1,-1.1432041
s_016um_00240_00188-1,-1.1123011
s_016um_00357_00094-1,-1.1188415
s_016um_00279_00313-1,-1.1828882
s_016um_00389_00290-1,-1.2454894
s_016um_00326_00303-1,-1.353153
s_016um_00026_00333-1,-1.1448348
s_016um_00082_00300-1,-1.2749482
s_016um_00328_00126-1,-1.1291293
s_016um_00012_00154-1,-1.098479
s_016um_00010_00212-1,-1.1283381
s_016um_00046_00213-1,-1.1540132
s_016um_00212_00298-1,-1.1238321
s_016um_00398_00260-1,-1.7488568
s_016um_00043_00240-1,-1.2348161
s_016um_00094_00316-1,-1.1025875
s_016um_00080_00295-1,-1.1066129
s_016um_00238_00087-1,-1.1978766
s_016um_00401_00219-1,-1.1410033
s_016um_00038_00102-1,-1.2538733
s_016um_00384_00126-1,-1.1520042
s_016um_00365_00099-1,-1.1355914
s_016um_00327_00122-1,-1.0457846
s_016um_00099_00069-1,-1.0823729
s_016um_00352_00020-1,-1.2406136
s_016um_00008_00299-1,-1.1470265
s_016um_00093_00320-1,-1.1536329
s_016um_00312_00056-1,-1.2358379
s_016um_00349_00025-1,-1.2468777
s_016um_00272_00224-1,-1.1405157
s_016um_00394_00184-1,-1.0600531
s_016um_00234_00353-1,-1.0892929
s_016um_00042_00045-1,-1.2052431
s_016um_00379_00130-1,-1.1958566
s_016um_00247_00086-1,-1.1273828
s_016um_00403_00126-1,-1.1660764
s_016um_00331_00254-1,-1.1139303
s_016um_00218_00231-1,-1.0806814
s_016um_00248_00022-1,-1.1619401
s_016um_00096_00342-1,-1.1608601
s_016um_00396_00213-1,-1.2666183
s_016um_00223_00174-1,-1.2003607
s_016um_00018_00271-1,-1.1192306
s_016um_00075_00248-1,-1.0991352
s_016um_00392_00363-1,-1.1827695
s_016um_00380_00140-1,-1.1571146
s_016um_00084_00271-1,-1.1221161
s_016um_00384_00129-1,-1.2423908
s_016um_00090_00338-1,-1.1310397
s_016um_00011_00158-1,-1.2475196
s_016um_00188_00096-1,-1.2905804
s_016um_00138_00016-1,-1.4285946
s_016um_00364_00229-1,-1.1795737
s_016um_00225_00025-1,-1.1102126
s_016um_00095_00340-1,-1.1705074
s_016um_00066_00233-1,-1.2109393
s_016um_00212_00288-1,-1.144564
s_016um_00357_00022-1,-1.1620612
s_016um_00267_00033-1,-1.1195182
s_016um_00189_00124-1,-1.0959873
s_016um_00370_00224-1,-1.1365551
s_016um_00369_00229-1,-1.1423476
s_016um_00370_00226-1,-1.207496
s_016um_00217_00282-1,-1.1023247
s_016um_00081_00034-1,-1.1232424
s_016um_00129_00322-1,-1.1509547
s_016um_00401_00215-1,-1.3688505
s_016um_00319_00170-1,-1.1687248
s_016um_00406_00101-1,-1.1232535
s_016um_00354_00121-1,-1.1918497
s_016um_00097_00342-1,-1.0931096
s_016um_00031_00084-1,-1.0983063
s_016um_00166_00123-1,-1.1230353
s_016um_00102_00067-1,-1.0999116
s_016um_00354_00018-1,-1.1988264
s_016um_00008_00152-1,-1.1035494
s_016um_00270_00055-1,-1.3864796
s_016um_00279_00326-1,-1.1230247
s_016um_00091_00266-1,-1.1073046
s_016um_00244_00087-1,-1.2279115
s_016um_00168_00370-1,-1.1416769
s_016um_00276_00047-1,-1.1194326
s_016um_00392_00181-1,-1.154834
s_016um_00101_00029-1,-1.3051238
s_016um_00234_00084-1,-1.1123667
s_016um_00141_00073-1,-1.0864723
s_016um_00127_00389-1,-1.1455243
s_016um_00209_00289-1,-1.20029
s_016um_00170_00126-1,-1.1555631
s_016um_00223_00029-1,-1.2114425
s_016um_00275_00201-1,-1.0867896
s_016um_00129_00318-1,-1.3400892
s_016um_00311_00052-1,-1.5204847
s_016um_00381_00137-1,-1.1549276
s_016um_00415_00141-1,-1.1574945
s_016um_00335_00211-1,-1.1412642
s_016um_00222_00015-1,-1.139933
s_016um_00255_00020-1,-1.2498286
s_016um_00043_00205-1,-1.2570931
s_016um_00359_00116-1,-1.1552582
s_016um_00270_00332-1,-1.3181634
s_016um_00084_00030-1,-1.2122461
s_016um_00399_00368-1,-1.241435
s_016um_00403_00148-1,-1.1668187
s_016um_00276_00311-1,-1.1864321
s_016um_00171_00378-1,-1.1427407
s_016um_00402_00150-1,-1.1301098
s_016um_00032_00333-1,-1.2507018
s_016um_00216_00283-1,-1.1994905
s_016um_00084_00283-1,-1.1091597
s_016um_00069_00235-1,-1.2113361
s_016um_00312_00057-1,-1.1008223
s_016um_00326_00306-1,-1.160171
s_016um_00333_00251-1,-1.1624063
s_016um_00130_00321-1,-1.1409637
s_016um_00285_00097-1,-1.2065915
s_016um_00040_00105-1,-1.1503814
s_016um_00224_00251-1,-1.1001517
s_016um_00191_00097-1,-1.1193444
s_016um_00128_00390-1,-1.1839566
s_016um_00046_00205-1,-1.2157238
s_016um_00234_00261-1,-1.1536906
s_016um_00276_00200-1,-1.1717793
s_016um_00287_00094-1,-1.1126726
s_016um_00189_00094-1,-1.0385686
s_016um_00044_00242-1,-1.1469973
s_016um_00008_00213-1,-1.1152139
s_016um_00213_00296-1,-1.0906081
s_016um_00102_00025-1,-1.1082605
s_016um_00398_00259-1,-1.2056221
s_016um_00391_00292-1,-1.1395926
s_016um_00336_00397-1,-1.7062445
s_016um_00381_00127-1,-1.100627
s_016um_00203_00145-1,-1.4940085
s_016um_00131_00092-1,-1.082892
s_016um_00037_00006-1,-1.1210043
s_016um_00138_00071-1,-1.155433
s_016um_00399_00261-1,-1.0586607
s_016um_00281_00328-1,-1.1076655
s_016um_00088_00068-1,-1.1984392
s_016um_00170_00125-1,-1.13185
s_016um_00276_00052-1,-1.1049111
s_016um_00082_00030-1,-1.1392641
s_016um_00321_00170-1,-1.158015
s_016um_00217_00285-1,-1.1357722
s_016um_00190_00092-1,-1.1054313
s_016um_00098_00072-1,-1.1795473
s_016um_00192_00095-1,-1.1127138
s_016um_00114_00147-1,-1.2436559
s_016um_00185_00026-1,-1.2525076
s_016um_00081_00244-1,-1.1427104
s_016um_00107_00384-1,-1.2736824
s_016um_00203_00150-1,-1.2098347
s_016um_00323_00229-1,-1.1089982
s_016um_00094_00276-1,-1.1407783
s_016um_00273_00029-1,-1.2239138
s_016um_00338_00395-1,-1.2783667
s_016um_00400_00373-1,-1.7543926
s_016um_00085_00271-1,-1.1507672
s_016um_00077_00238-1,-1.0669425
s_016um_00100_00025-1,-1.1544781
s_016um_00032_00084-1,-1.1486514
s_016um_00215_00015-1,-1.1847476
s_016um_00195_00129-1,-1.145741
s_016um_00283_00097-1,-1.142391
s_016um_00228_00263-1,-1.086383
s_016um_00327_00124-1,-1.1115602
s_016um_00326_00305-1,-1.1293542
s_016um_00273_00034-1,-1.1658317
s_016um_00069_00234-1,-1.0976262
s_016um_00009_00158-1,-1.1128328
s_016um_00179_00031-1,-1.0773823
s_016um_00310_00056-1,-1.1033658
s_016um_00353_00115-1,-1.1009853
s_016um_00011_00212-1,-1.1942856
s_016um_00332_00250-1,-1.1420505
s_016um_00359_00092-1,-1.131793
s_016um_00405_00127-1,-1.1377984
s_016um_00312_00054-1,-1.1211984
s_016um_00081_00031-1,-1.1953688
s_016um_00208_00031-1,-1.2496231
s_016um_00004_00157-1,-1.0814945
s_016um_00359_00287-1,-1.0841128
s_016um_00126_00386-1,-1.2762288
s_016um_00146_00054-1,-1.1423595
s_016um_00333_00216-1,-1.1149936
s_016um_00146_00055-1,-1.1141869
s_016um_00093_00335-1,-1.161035
s_016um_00259_00187-1,-1.1181973
s_016um_00398_00258-1,-1.1664215
s_016um_00205_00149-1,-1.2497778
s_016um_00174_00376-1,-1.2168972
s_016um_00110_00320-1,-1.3203937
s_016um_00081_00035-1,-1.0627663
s_016um_00113_00321-1,-1.397216
s_016um_00098_00339-1,-1.1042598
s_016um_00229_00245-1,-1.1196316
s_016um_00269_00230-1,-1.1421199
s_016um_00236_00361-1,-1.0939274
s_016um_00158_00290-1,-1.140686
s_016um_00280_00205-1,-1.1321688
s_016um_00319_00165-1,-1.1395546
s_016um_00085_00285-1,-1.1991864
s_016um_00099_00066-1,-1.1627029
s_016um_00242_00186-1,-1.1063286
s_016um_00364_00222-1,-1.1464353
s_016um_00101_00390-1,-1.09008
s_016um_00398_00360-1,-1.4584483
s_016um_00408_00152-1,-1.0901377
s_016um_00346_00217-1,-1.1250855
s_016um_00220_00166-1,-1.3066341
s_016um_00267_00036-1,-1.1471094
s_016um_00259_00027-1,-1.1343642
s_016um_00281_00324-1,-1.0953326
s_016um_00102_00391-1,-1.2033397
s_016um_00084_00036-1,-1.2052752
s_016um_00087_00030-1,-1.1028123
s_016um_00220_00025-1,-1.094263
s_016um_00082_00069-1,-1.1032156
s_016um_00278_00046-1,-1.1790371
s_016um_00129_00089-1,-1.100627
s_016um_00384_00132-1,-1.1476625
s_016um_00223_00170-1,-1.2322373
s_016um_00084_00268-1,-1.1503233
s_016um_00245_00088-1,-1.2909055
s_016um_00065_00237-1,-1.2987643
s_016um_00091_00278-1,-1.289037
s_016um_00008_00150-1,-1.2080667
s_016um_00216_00014-1,-1.1503128
s_016um_00256_00032-1,-1.1260641
s_016um_00358_00415-1,-1.9676858
s_016um_00231_00268-1,-1.3271903
s_016um_00134_00069-1,-1.146795
s_016um_00257_00186-1,-1.1668321
s_016um_00215_00291-1,-1.0732671
s_016um_00219_00015-1,-1.1910928
s_016um_00396_00257-1,-1.2226124
s_016um_00408_00401-1,-4.4088855
s_016um_00127_00088-1,-1.2032647
s_016um_00086_00271-1,-1.1264096
s_016um_00129_00383-1,-1.1575505
s_016um_00365_00102-1,-1.1694708
s_016um_00341_00398-1,-1.2275957
s_016um_00190_00124-1,-1.1708462
s_016um_00135_00075-1,-1.1837455
s_016um_00234_00358-1,-1.1078635
s_016um_00125_00383-1,-1.1270167
s_016um_00371_00100-1,-1.0981064
s_016um_00140_00057-1,-1.2298623
s_016um_00395_00363-1,-1.224592
s_016um_00041_00206-1,-1.0941914
s_016um_00065_00232-1,-1.1910696
s_016um_00271_00330-1,-1.2482198
s_016um_00271_00225-1,-1.0922148
s_016um_00044_00209-1,-1.1160678
s_016um_00119_00148-1,-1.1218251
s_016um_00347_00216-1,-1.1016859
s_016um_00227_00247-1,-1.1426119
s_016um_00104_00387-1,-1.1640269
s_016um_00229_00260-1,-1.1432992
s_016um_00399_00214-1,-1.1896317
s_016um_00391_00293-1,-1.1472702
s_016um_00162_00125-1,-1.2563863
s_016um_00239_00183-1,-1.1592519
s_016um_00396_00178-1,-1.1110718
s_016um_00247_00084-1,-1.1367165
s_016um_00136_00230-1,-1.1010852
s_016um_00086_00074-1,-1.0679815
s_016um_00021_00266-1,-1.0916792
s_016um_00402_00260-1,-1.1280936
s_016um_00230_00361-1,-1.0574993
s_016um_00374_00145-1,-1.0011698
s_016um_00083_00285-1,-1.1293391
s_016um_00113_00319-1,-1.2337023
s_016um_00011_00295-1,-1.1387969
s_016um_00260_00027-1,-1.1891171
s_016um_00108_00321-1,-1.111074
s_016um_00233_00265-1,-1.1855271
s_016um_00415_00102-1,-1.1602286
s_016um_00275_00049-1,-1.1964318
s_016um_00048_00237-1,-1.1062953
s_016um_00107_00383-1,-1.1700233
s_016um_00398_00215-1,-1.1316906
s_016um_00235_00357-1,-1.1474712
s_016um_00394_00369-1,-1.2276094
s_016um_00129_00314-1,-1.0821459
s_016um_00398_00217-1,-1.1754154
s_016um_00407_00398-1,-3.8176603
s_016um_00391_00298-1,-1.2967719
s_016um_00402_00128-1,-1.1051399
s_016um_00103_00066-1,-1.0330554
s_016um_00040_00171-1,-1.1279616
s_016um_00408_00100-1,-1.0764534
s_016um_00020_00266-1,-1.1061046
s_016um_00086_00196-1,-1.1970763
s_016um_00204_00152-1,-1.0770824
s_016um_00220_00225-1,-1.1681285
s_016um_00129_00093-1,-1.0376383
s_016um_00190_00122-1,-1.2221551
s_016um_00269_00330-1,-1.0996401
s_016um_00097_00273-1,-1.2045711
s_016um_00275_00135-1,-1.089766
s_016um_00213_00282-1,-1.1538643
s_016um_00161_00288-1,-1.2729963
s_016um_00179_00029-1,-1.1051757
s_016um_00355_00119-1,-1.123705
s_016um_00376_00138-1,-1.1635054
s_016um_00221_00227-1,-1.0995363
s_016um_00135_00070-1,-1.1597652
s_016um_00355_00025-1,-1.370387
s_016um_00029_00332-1,-1.1342146
s_016um_00158_00291-1,-1.1696568
s_016um_00218_00018-1,-1.1429172
s_016um_00417_00140-1,-1.1638184
s_016um_00146_00400-1,-1.1307081
s_016um_00370_00143-1,-1.1600754
s_016um_00163_00291-1,-1.1266932
s_016um_00029_00090-1,-1.1329862
s_016um_00411_00149-1,-1.1819823
s_016um_00164_00124-1,-1.006826
s_016um_00043_00212-1,-1.171273
s_016um_00193_00123-1,-1.1651253
s_016um_00064_00234-1,-1.6578283
s_016um_00262_00330-1,-1.1005346
s_016um_00064_00131-1,-1.17666
s_016um_00391_00181-1,-1.1382997
s_016um_00260_00187-1,-1.2011765
s_016um_00220_00170-1,-1.2040168
s_016um_00403_00255-1,-1.0991874
s_016um_00416_00140-1,-1.1075826
s_016um_00084_00200-1,-1.1228429
s_016um_00084_00193-1,-1.1437026
s_016um_00238_00185-1,-1.1136776
s_016um_00027_00088-1,-1.1257674
s_016um_00132_00384-1,-1.0467467
s_016um_00013_00207-1,-1.2017326
s_016um_00249_00027-1,-1.1552395
s_016um_00367_00097-1,-1.1646066
s_016um_00352_00017-1,-1.1858296
s_016um_00137_00077-1,-1.1913296
s_016um_00083_00199-1,-1.1186551
s_016um_00399_00256-1,-1.1916326
s_016um_00178_00029-1,-1.0994568
s_016um_00125_00387-1,-1.1654665
s_016um_00107_00317-1,-1.2675942
s_016um_00345_00218-1,-1.134637
s_016um_00057_00242-1,-1.1609421
s_016um_00278_00203-1,-1.1347828
s_016um_00042_00241-1,-1.1589121
s_016um_00251_00018-1,-1.10843
s_016um_00052_00246-1,-1.1259483
s_016um_00119_00143-1,-1.9517562
s_016um_00202_00149-1,-1.1702383
s_016um_00399_00121-1,-1.175376
s_016um_00358_00089-1,-1.1470542
s_016um_00412_00102-1,-1.228035
s_016um_00130_00093-1,-1.0689797
s_016um_00139_00076-1,-1.0914316
s_016um_00099_00316-1,-1.0823729
s_016um_00278_00045-1,-1.1079686
s_016um_00276_00226-1,-1.1685021
s_016um_00357_00090-1,-1.5687062
s_016um_00135_00215-1,-1.4930279
s_016um_00149_00394-1,-1.2414879
s_016um_00031_00332-1,-1.1167657
s_016um_00235_00188-1,-1.0753338
s_016um_00096_00316-1,-1.1148896
s_016um_00276_00314-1,-1.4217689
s_016um_00223_00334-1,-1.139708
s_016um_00033_00098-1,-1.2580081
s_016um_00068_00236-1,-1.2312803
s_016um_00035_00103-1,-1.1441953
s_016um_00075_00249-1,-1.1166993
s_016um_00085_00066-1,-1.1089829
s_016um_00046_00212-1,-1.0972774
s_016um_00042_00204-1,-1.1462146
s_016um_00391_00339-1,-1.2044629
s_016um_00327_00214-1,-1.0899298
s_016um_00036_00103-1,-1.1140366
s_016um_00327_00212-1,-1.2522748
s_016um_00084_00264-1,-1.1496496
s_016um_00395_00357-1,-1.5930779
s_016um_00014_00266-1,-1.174917
s_016um_00266_00035-1,-1.1506909
s_016um_00353_00116-1,-1.2232056
s_016um_00227_00248-1,-1.1109686
s_016um_00388_00338-1,-1.1501672
s_016um_00275_00052-1,-1.139821
s_016um_00367_00094-1,-1.1440032
s_016um_00159_00287-1,-1.2271256
s_016um_00220_00028-1,-1.1644882
s_016um_00271_00336-1,-1.0790952
s_016um_00042_00042-1,-1.1885871
s_016um_00260_00029-1,-1.2200587
s_016um_00374_00146-1,-1.1647494
s_016um_00387_00129-1,-1.149686
s_016um_00231_00362-1,-1.1008376
s_016um_00413_00104-1,-1.1467571
s_016um_00075_00241-1,-1.0886713
s_016um_00090_00071-1,-1.1032779
s_016um_00327_00306-1,-1.076568
s_016um_00100_00385-1,-1.410496
s_016um_00145_00399-1,-1.2069281
s_016um_00397_00258-1,-1.1322978
s_016um_00140_00216-1,-1.1160545
s_016um_00142_00054-1,-1.147537
s_016um_00325_00229-1,-1.1352719
s_016um_00094_00340-1,-1.1642355
s_016um_00355_00021-1,-1.1306199
s_016um_00040_00177-1,-1.0742242
s_016um_00356_00291-1,-1.1793709
s_016um_00327_00232-1,-1.1050282
s_016um_00194_00121-1,-1.3431177
s_016um_00140_00021-1,-1.1467229
s_016um_00370_00142-1,-1.2807425
s_016um_00037_00043-1,-1.1488835
s_016um_00266_00058-1,-1.1753868
s_016um_00012_00295-1,-1.1059844
s_016um_00017_00268-1,-1.1423901
s_016um_00257_00035-1,-1.1267432
s_016um_00265_00135-1,-1.2377673
s_016um_00221_00235-1,-1.1619825
s_016um_00325_00162-1,-1.1086096
s_016um_00037_00008-1,-1.3303608
s_016um_00143_00057-1,-1.1029155
s_016um_00077_00242-1,-1.1305045
s_016um_00136_00215-1,-1.3706396
s_016um_00166_00374-1,-1.2132367
s_016um_00398_00366-1,-1.1091267
s_016um_00370_00141-1,-1.107418
s_016um_00237_00360-1,-1.0966377
s_016um_00008_00155-1,-1.1090713
s_016um_00363_00227-1,-1.1482799
s_016um_00384_00139-1,-1.1283649
s_016um_00396_00367-1,-1.462344
s_016um_00246_00085-1,-1.1588831
s_016um_00221_00010-1,-1.1025724
s_016um_00249_00026-1,-1.1125666
s_016um_00394_00342-1,-1.1360434
s_016um_00392_00339-1,-1.1342314
s_016um_00324_00304-1,-1.1214429
s_016um_00394_00186-1,-1.1128933
s_016um_00121_00147-1,-1.098701
s_016um_00272_00031-1,-1.2505473
s_016um_00323_00304-1,-1.120886
s_016um_00217_00233-1,-1.2152168
s_016um_00377_00140-1,-1.1317879
s_016um_00270_00330-1,-1.2294267
s_016um_00083_00035-1,-1.1640859
s_016um_00406_00398-1,-3.5911818
s_016um_00352_00089-1,-1.1972494
s_016um_00367_00101-1,-1.1825002
s_016um_00066_00238-1,-1.0602123
s_016um_00221_00014-1,-1.1547061
s_016um_00222_00030-1,-1.3273894
s_016um_00272_00222-1,-1.1745749
s_016um_00195_00095-1,-1.181591
s_016um_00217_00015-1,-1.1377711
s_016um_00016_00266-1,-1.1142268
s_016um_00226_00329-1,-1.110709
s_016um_00215_00297-1,-1.1147472
s_016um_00095_00271-1,-1.281958
s_016um_00236_00266-1,-1.1383578
s_016um_00188_00094-1,-1.0868194
s_016um_00274_00333-1,-1.2504697
s_016um_00395_00369-1,-1.3575486
s_016um_00163_00126-1,-1.1631635
s_016um_00095_00339-1,-1.143346
s_016um_00076_00300-1,-1.1029409
s_016um_00234_00359-1,-1.1278387
s_016um_00090_00067-1,-1.163556
s_016um_00034_00008-1,-1.1643867
s_016um_00040_00212-1,-1.2921759
s_016um_00082_00240-1,-1.1120385
s_016um_00271_00231-1,-1.1165706
s_016um_00271_00057-1,-1.162902
s_016um_00273_00133-1,-1.131441
s_016um_00330_00254-1,-1.2466255
s_016um_00070_00248-1,-1.1228349
s_016um_00062_00125-1,-1.1688216
s_016um_00362_00228-1,-1.0957711
s_016um_00277_00313-1,-1.1644503
s_016um_00126_00388-1,-1.1985307
s_016um_00329_00123-1,-1.1649643
s_016um_00358_00119-1,-1.092724
s_016um_00328_00225-1,-1.0830864
s_016um_00373_00147-1,-1.2439201
s_016um_00276_00203-1,-1.1312941
s_016um_00372_00147-1,-1.1374971
s_016um_00006_00155-1,-1.1355442
s_016um_00145_00057-1,-1.1053821
s_016um_00326_00226-1,-1.1774504
s_016um_00222_00172-1,-1.1532478
s_016um_00057_00248-1,-1.1146779
s_016um_00083_00267-1,-1.1357418
s_016um_00397_00216-1,-1.167526
s_016um_00341_00400-1,-1.4247354
s_016um_00075_00299-1,-1.1131036
s_016um_00236_00362-1,-1.128055
s_016um_00077_00240-1,-1.1565859
s_016um_00365_00100-1,-1.1249777
s_016um_00370_00117-1,-1.0871073
s_016um_00407_00102-1,-1.5443991
s_016um_00401_00396-1,-2.9365249
s_016um_00229_00332-1,-1.0705867
s_016um_00120_00146-1,-1.0727376
s_016um_00040_00174-1,-1.1062785
s_016um_00340_00216-1,-1.1309115
s_016um_00105_00383-1,-1.2153183
s_016um_00410_00102-1,-1.1142666
s_016um_00267_00059-1,-1.2506492
s_016um_00338_00397-1,-1.6592145
s_016um_00134_00232-1,-1.1540041
s_016um_00402_00126-1,-1.2604405
s_016um_00254_00034-1,-1.0851952
s_016um_00136_00318-1,-1.3019509
s_016um_00131_00094-1,-1.0961765
s_016um_00394_00338-1,-1.1195908
s_016um_00222_00174-1,-1.0602095
s_016um_00037_00103-1,-1.1142731
s_016um_00376_00121-1,-1.0796402
s_016um_00402_00398-1,-2.3572645
s_016um_00327_00228-1,-1.092508
s_016um_00041_00205-1,-1.2230207
s_016um_00005_00211-1,-1.0987443
s_016um_00271_00030-1,-1.1127795
s_016um_00324_00230-1,-1.1166565
s_016um_00394_00343-1,-1.1408945
s_016um_00203_00146-1,-1.192618
s_016um_00067_00128-1,-1.2096999
s_016um_00218_00281-1,-1.2069532
s_016um_00014_00297-1,-1.1641703
s_016um_00221_00226-1,-1.0943118
s_016um_00183_00025-1,-1.112953
s_016um_00075_00247-1,-1.0710553
s_016um_00035_00104-1,-1.1329533
s_016um_00135_00218-1,-1.1375746
s_016um_00396_00368-1,-1.1441836
s_016um_00168_00127-1,-1.2878785
s_016um_00216_00232-1,-1.1895752
s_016um_00254_00029-1,-1.1821147
s_016um_00263_00192-1,-1.0908293
s_016um_00264_00186-1,-1.3474153
s_016um_00084_00035-1,-1.1661848
s_016um_00040_00205-1,-1.1231596
s_016um_00372_00144-1,-1.308517
s_016um_00126_00389-1,-1.0844942
s_016um_00128_00319-1,-1.3961099
s_016um_00008_00294-1,-1.1248724
s_016um_00277_00052-1,-1.7244601
s_016um_00102_00065-1,-1.2385807
s_016um_00092_00269-1,-1.1176226
s_016um_00262_00030-1,-1.2130228
s_016um_00129_00315-1,-1.380272
s_016um_00338_00405-1,-1.5144458
s_016um_00173_00375-1,-1.0771004
s_016um_00356_00121-1,-1.1186757
s_016um_00269_00061-1,-1.1359084
s_016um_00010_00300-1,-1.0513977
s_016um_00093_00338-1,-1.0585926
s_016um_00006_00300-1,-1.1380775
s_016um_00353_00026-1,-1.1976606
s_016um_00330_00257-1,-1.1807141
s_016um_00243_00090-1,-1.0640421
s_016um_00082_00297-1,-1.1033505
s_016um_00145_00058-1,-1.1333708
s_016um_00399_00262-1,-1.15413
s_016um_00074_00250-1,-1.1684917
s_016um_00337_00399-1,-1.6900637
s_016um_00233_00091-1,-1.1512854
s_016um_00105_00390-1,-1.2122426
s_016um_00141_00022-1,-1.2048746
s_016um_00037_00041-1,-1.1413407
s_016um_00239_00087-1,-1.1226813
s_016um_00102_00071-1,-1.1264
s_016um_00174_00377-1,-1.154665
s_016um_00338_00404-1,-1.2321328
s_016um_00036_00007-1,-1.0779291
s_016um_00171_00376-1,-1.1166855
s_016um_00277_00134-1,-1.0897135
s_016um_00066_00131-1,-1.1067725
s_016um_00150_00394-1,-1.0793774
s_016um_00134_00233-1,-1.117098
s_016um_00359_00411-1,-1.819703
s_016um_00276_00209-1,-1.2893096
s_016um_00380_00136-1,-1.1494538
s_016um_00039_00210-1,-1.1899573
s_016um_00406_00144-1,-1.1160115
s_016um_00339_00397-1,-1.4755148
s_016um_00117_00145-1,-1.216291
s_016um_00139_00058-1,-1.1134728
s_016um_00341_00214-1,-1.2552682
s_016um_00093_00321-1,-1.1036603
s_016um_00037_00047-1,-1.1563705
s_016um_00254_00032-1,-1.2214485
s_016um_00034_00105-1,-1.1146139
s_016um_00055_00250-1,-1.0828619
s_016um_00053_00243-1,-1.1540165
s_016um_00009_00299-1,-1.059524
s_016um_00367_00141-1,-1.1111767
s_016um_00279_00047-1,-1.192761
s_016um_00094_00271-1,-1.1750176
s_016um_00207_00149-1,-1.1000158
s_016um_00352_00024-1,-1.1850652
s_016um_00416_00137-1,-1.1226989
s_016um_00084_00195-1,-1.6674377
s_016um_00270_00061-1,-1.0796622
s_016um_00346_00219-1,-1.1018931
s_016um_00236_00356-1,-1.1190631
s_016um_00203_00144-1,-1.2909845
s_016um_00161_00292-1,-1.1232693
s_016um_00128_00387-1,-1.2204885
s_016um_00043_00203-1,-1.1673119
s_016um_00407_00122-1,-1.1688024
s_016um_00072_00246-1,-1.1604145
s_016um_00385_00136-1,-1.1496596
s_016um_00348_00214-1,-1.1386267
s_016um_00219_00230-1,-1.1318177
s_016um_00331_00215-1,-1.0705117
s_016um_00381_00126-1,-1.2233969
s_016um_00218_00227-1,-1.1333772
s_016um_00045_00239-1,-1.0945488
s_016um_00154_00398-1,-1.1394957
s_016um_00385_00131-1,-1.2167672
s_016um_00385_00126-1,-1.373095
s_016um_00035_00007-1,-1.1361887
s_016um_00233_00086-1,-1.1362134
s_016um_00276_00043-1,-1.1150023
s_016um_00234_00086-1,-1.1964194
s_016um_00157_00286-1,-1.3020388
s_016um_00079_00291-1,-1.1660991
s_016um_00277_00323-1,-1.1575464
s_016um_00072_00251-1,-1.068482
s_016um_00288_00097-1,-1.1286237
s_016um_00415_00136-1,-1.1686761
s_016um_00164_00128-1,-1.164433
s_016um_00130_00090-1,-1.1458606
s_016um_00225_00331-1,-1.1341271
s_016um_00397_00218-1,-1.1237068
s_016um_00082_00242-1,-1.1021938
s_016um_00116_00147-1,-1.2007009
s_016um_00227_00249-1,-1.1346467
s_016um_00095_00279-1,-1.1165516
s_016um_00056_00246-1,-1.185328
s_016um_00334_00253-1,-1.3665386
s_016um_00252_00019-1,-1.456453
s_016um_00139_00021-1,-1.1010014
s_016um_00319_00164-1,-1.0813144
s_016um_00111_00313-1,-1.093696
s_016um_00247_00022-1,-1.1073143
s_016um_00150_00398-1,-1.0921824
s_016um_00044_00218-1,-1.2070396
s_016um_00057_00251-1,-1.0925581
s_016um_00132_00316-1,-1.8087589
s_016um_00276_00329-1,-1.1161133
s_016um_00109_00317-1,-1.1010015
s_016um_00393_00340-1,-1.1385022
s_016um_00218_00173-1,-1.131706
s_016um_00280_00048-1,-1.1500723
s_016um_00246_00090-1,-1.1448313
s_016um_00044_00175-1,-1.1490797
s_016um_00045_00244-1,-1.1209792
s_016um_00321_00300-1,-1.2091255
s_016um_00369_00144-1,-1.1202121
s_016um_00086_00073-1,-1.1518834
s_016um_00374_00118-1,-1.234637
s_016um_00326_00224-1,-1.1379864
s_016um_00141_00015-1,-1.1859998
s_016um_00081_00193-1,-1.2023708
s_016um_00124_00386-1,-1.2861322
s_016um_00011_00151-1,-1.1309592
s_016um_00107_00387-1,-1.182102
s_016um_00397_00374-1,-1.3315791
s_016um_00241_00083-1,-1.1914346
s_016um_00360_00418-1,-1.722645
s_016um_00092_00273-1,-1.1166124
s_016um_00269_00030-1,-1.1532974
s_016um_00359_00413-1,-2.0934143
s_016um_00232_00362-1,-1.1228138
s_016um_00233_00266-1,-1.3020738
s_016um_00223_00239-1,-1.2784653
s_016um_00136_00319-1,-1.4259694
s_016um_00275_00209-1,-1.111977
s_016um_00246_00023-1,-1.1571019
s_016um_00405_00125-1,-1.175649
s_016um_00130_00230-1,-1.1096177
s_016um_00234_00092-1,-1.1701838
s_016um_00364_00230-1,-1.1509845
s_016um_00147_00058-1,-1.1686088
s_016um_00039_00009-1,-1.1401579
s_016um_00148_00401-1,-1.2299169
s_016um_00080_00292-1,-1.2097052
s_016um_00393_00294-1,-1.1722654
s_016um_00357_00415-1,-2.863573
s_016um_00248_00025-1,-1.1321971
s_016um_00085_00073-1,-1.2233359
s_016um_00397_00180-1,-1.1303701
s_016um_00396_00180-1,-1.1676582
s_016um_00096_00274-1,-1.1635616
s_016um_00120_00143-1,-1.4623103
s_016um_00246_00089-1,-1.1319395
s_016um_00011_00157-1,-1.0498205
s_016um_00264_00128-1,-1.2035112
s_016um_00095_00029-1,-1.1023804
s_016um_00036_00099-1,-1.0724312
s_016um_00097_00027-1,-1.037292
s_016um_00192_00094-1,-1.0761073
s_016um_00171_00127-1,-1.0357976
s_016um_00123_00150-1,-1.1324146
s_016um_00213_00290-1,-1.1240429
s_016um_00400_00398-1,-2.1495929
s_016um_00394_00360-1,-1.2928665
s_016um_00229_00235-1,-1.096498
s_016um_00029_00336-1,-1.111906
s_016um_00034_00010-1,-1.2560422
s_016um_00145_00056-1,-1.0958041
s_016um_00372_00125-1,-1.0985395
s_016um_00216_00284-1,-1.1574988
s_016um_00272_00202-1,-1.2316055
s_016um_00036_00042-1,-1.127305
s_016um_00043_00217-1,-1.1434176
s_016um_00272_00330-1,-1.1614562
s_016um_00145_00396-1,-1.1900591
s_016um_00215_00029-1,-1.1111033
s_016um_00100_00069-1,-1.1131167
s_016um_00100_00067-1,-1.1213506
s_016um_00040_00204-1,-1.1448383
s_016um_00013_00299-1,-1.1476784
s_016um_00089_00065-1,-1.0642737
s_016um_00279_00133-1,-1.1364886
s_016um_00218_00229-1,-1.1126274
s_016um_00006_00152-1,-1.1103048
s_016um_00326_00229-1,-1.1241608
s_016um_00259_00031-1,-1.2368232
s_016um_00396_00358-1,-1.3577733
s_016um_00124_00090-1,-1.0828592
s_016um_00018_00270-1,-1.1704645
s_016um_00269_00224-1,-1.1216993
s_016um_00162_00293-1,-1.1413138
s_016um_00027_00333-1,-1.079174
s_016um_00403_00149-1,-1.1061566
s_016um_00350_00019-1,-1.1583942
s_016um_00406_00123-1,-1.3592726
s_016um_00036_00100-1,-1.2943377
s_016um_00102_00072-1,-1.1465733
s_016um_00130_00387-1,-1.1468868
s_016um_00267_00333-1,-1.1655023
s_016um_00191_00128-1,-1.1580355
s_016um_00359_00416-1,-3.0709856
s_016um_00218_00017-1,-1.1188115
s_016um_00388_00344-1,-1.1433954
s_016um_00079_00301-1,-1.1204138
s_016um_00287_00100-1,-1.1100203
s_016um_00084_00031-1,-1.1089364
s_016um_00221_00169-1,-1.1078836
s_016um_00044_00042-1,-1.1580834
s_016um_00229_00329-1,-1.0503286
s_016um_00343_00218-1,-1.149749
s_016um_00082_00196-1,-1.2374582
s_016um_00270_00030-1,-1.1554275
s_016um_00362_00416-1,-2.1870198
s_016um_00053_00244-1,-1.0804217
s_016um_00390_00182-1,-1.2208037
s_016um_00099_00028-1,-1.1833608
s_016um_00386_00132-1,-1.3532453
s_016um_00328_00123-1,-1.119363
s_016um_00071_00235-1,-1.1003606
s_016um_00224_00335-1,-1.1472796
s_016um_00108_00386-1,-1.1919216
s_016um_00386_00127-1,-1.2549914
s_016um_00138_00069-1,-1.133055
s_016um_00099_00024-1,-1.1959764
s_016um_00286_00092-1,-1.1384435
s_016um_00238_00186-1,-1.0948541
s_016um_00371_00096-1,-1.1168798
s_016um_00043_00237-1,-1.1468378
s_016um_00189_00123-1,-1.1220664
s_016um_00063_00126-1,-1.143309
s_016um_00084_00286-1,-1.131796
s_016um_00291_00094-1,-1.0729256
s_016um_00128_00089-1,-1.0777134
s_016um_00340_00397-1,-1.620734
s_016um_00267_00328-1,-1.1657088
s_016um_00217_00280-1,-1.2080235
s_016um_00269_00331-1,-1.1478384
s_016um_00393_00343-1,-1.3855743
s_016um_00213_00297-1,-1.075225
s_016um_00276_00049-1,-1.1161413
s_016um_00410_00152-1,-1.1347897
s_016um_00254_00023-1,-1.0875783
s_016um_00322_00230-1,-1.2143769
s_016um_00397_00221-1,-1.158499
s_016um_00092_00322-1,-1.2435414
s_016um_00039_00102-1,-1.16977
s_016um_00217_00018-1,-1.1627741
s_016um_00232_00089-1,-1.2208627
s_016um_00268_00058-1,-1.2986027
s_016um_00341_00396-1,-1.2093321
s_016um_00277_00209-1,-1.0703638
s_016um_00400_00257-1,-1.3177872
s_016um_00278_00319-1,-1.3266582
s_016um_00038_00097-1,-1.1840777
s_016um_00084_00201-1,-1.1112517
s_016um_00250_00024-1,-1.1573763
s_016um_00404_00259-1,-1.1511582
s_016um_00005_00295-1,-1.2221783
s_016um_00142_00018-1,-1.1005381
s_016um_00087_00272-1,-1.1210657
s_016um_00133_00093-1,-1.2547985
s_016um_00130_00088-1,-1.1033417
s_016um_00275_00311-1,-1.3820394
s_016um_00256_00028-1,-1.3713281
s_016um_00078_00248-1,-1.1448156
s_016um_00098_00030-1,-1.1466222
s_016um_00108_00316-1,-1.2220068
s_016um_00234_00262-1,-1.1799879
s_016um_00216_00282-1,-1.0843959
s_016um_00404_00395-1,-3.6264462
s_016um_00220_00282-1,-1.3602475
s_016um_00190_00126-1,-1.245823
s_016um_00309_00056-1,-1.1870555
s_016um_00351_00115-1,-1.2176287
s_016um_00370_00123-1,-1.194552
s_016um_00180_00032-1,-1.0959612
s_016um_00083_00195-1,-1.1455488
s_016um_00244_00081-1,-1.0849097
s_016um_00229_00263-1,-1.1552026
s_016um_00259_00128-1,-1.1515328
s_016um_00397_00219-1,-1.1111526
s_016um_00065_00233-1,-1.2493517
s_016um_00164_00125-1,-1.1563995
s_016um_00019_00272-1,-1.0769529
s_016um_00357_00287-1,-1.0979935
s_016um_00403_00400-1,-3.4363022
s_016um_00163_00287-1,-1.2696294
s_016um_00374_00143-1,-1.2060221
s_016um_00281_00327-1,-1.1267967
s_016um_00277_00202-1,-1.1843922
s_016um_00115_00317-1,-1.1130377
s_016um_00233_00354-1,-1.1151859
s_016um_00379_00133-1,-1.0582205
s_016um_00007_00299-1,-1.1262796
s_016um_00348_00020-1,-1.1354454
s_016um_00086_00266-1,-1.1917813
s_016um_00274_00138-1,-1.2168868
s_016um_00039_00179-1,-1.1378037
s_016um_00350_00025-1,-1.1354136
s_016um_00082_00294-1,-1.2191379
s_016um_00132_00093-1,-1.1150689
s_016um_00163_00128-1,-1.10676
s_016um_00235_00187-1,-1.0961385
s_016um_00040_00178-1,-1.0824435
s_016um_00262_00191-1,-1.1964481
s_016um_00378_00134-1,-1.2523047
s_016um_00261_00130-1,-1.4720712
s_016um_00140_00058-1,-1.1505747
s_016um_00392_00341-1,-1.260824
s_016um_00079_00294-1,-1.1294678
s_016um_00237_00187-1,-1.114014
s_016um_00400_00128-1,-1.0837626
s_016um_00403_00152-1,-1.2489208
s_016um_00098_00031-1,-1.1103534
s_016um_00238_00091-1,-1.2399693
s_016um_00268_00223-1,-1.161295
s_016um_00267_00056-1,-1.0952418
s_016um_00236_00264-1,-1.1501321
s_016um_00240_00091-1,-1.0895568
s_016um_00308_00060-1,-1.1570874
s_016um_00350_00018-1,-1.1925725
s_016um_00277_00317-1,-1.2250221
s_016um_00218_00284-1,-1.155303
s_016um_00275_00323-1,-1.1551731
s_016um_00146_00020-1,-1.1420239
s_016um_00082_00269-1,-1.1546854
s_016um_00133_00231-1,-1.1496329
s_016um_00043_00214-1,-1.1531419
s_016um_00243_00188-1,-1.1333429
s_016um_00368_00141-1,-1.0950906
s_016um_00218_00027-1,-1.0928726
s_016um_00063_00129-1,-1.248524
s_016um_00403_00121-1,-1.1143365
s_016um_00044_00048-1,-1.0998526
s_016um_00217_00027-1,-1.2120391
s_016um_00007_00298-1,-1.0828764
s_016um_00265_00333-1,-1.1489023
s_016um_00166_00121-1,-1.1882677
s_016um_00359_00118-1,-1.1212767
s_016um_00351_00120-1,-1.1362168
s_016um_00139_00069-1,-1.1157831
s_016um_00037_00175-1,-1.0659299
s_016um_00043_00219-1,-1.0928739
s_016um_00339_00401-1,-1.7773262
s_016um_00391_00177-1,-1.1860456
s_016um_00115_00145-1,-1.8373812
s_016um_00110_00312-1,-1.0950547
s_016um_00353_00114-1,-1.1016929
s_016um_00028_00330-1,-1.1672685
s_016um_00393_00217-1,-1.3707575
s_016um_00234_00357-1,-1.1327426
s_016um_00008_00298-1,-1.1439342
s_016um_00239_00088-1,-1.2297909
s_016um_00322_00231-1,-1.1526699
s_016um_00080_00239-1,-1.099779
s_016um_00220_00165-1,-1.1980362
s_016um_00268_00031-1,-1.2835428
s_016um_00016_00270-1,-1.1159828
s_016um_00038_00100-1,-1.1128509
s_016um_00351_00090-1,-1.2746128
s_016um_00045_00245-1,-1.1100674
s_016um_00257_00030-1,-1.1231227
s_016um_00277_00044-1,-1.1049147
s_016um_00082_00031-1,-1.0491123
s_016um_00358_00097-1,-1.1580708
s_016um_00397_00360-1,-1.2228264
s_016um_00220_00231-1,-1.1990247
s_016um_00355_00287-1,-1.1944867
s_016um_00086_00270-1,-1.1469082
s_016um_00379_00134-1,-1.2347995
s_016um_00149_00393-1,-1.2415249
s_016um_00264_00054-1,-1.2727885
s_016um_00412_00103-1,-1.174506
s_016um_00262_00131-1,-1.2470163
s_016um_00325_00167-1,-1.1805675
s_016um_00048_00213-1,-1.1496418
s_016um_00227_00233-1,-1.1285546
s_016um_00189_00125-1,-1.1258186
s_016um_00067_00132-1,-1.1817484
s_016um_00270_00229-1,-1.1495838
s_016um_00132_00317-1,-1.6651773
s_016um_00407_00104-1,-1.1372433
s_016um_00261_00032-1,-1.1021978
s_016um_00222_00249-1,-1.1332773
s_016um_00098_00318-1,-1.152527
s_016um_00128_00230-1,-1.0964922
s_016um_00220_00229-1,-1.141382
s_016um_00397_00363-1,-1.0067809
s_016um_00100_00023-1,-1.1659462
s_016um_00081_00236-1,-1.0751098
s_016um_00216_00278-1,-1.2488319
s_016um_00353_00024-1,-1.1576422
s_016um_00076_00252-1,-1.4936521
s_016um_00322_00169-1,-1.1991911
s_016um_00121_00150-1,-1.1504856
s_016um_00332_00212-1,-1.114658
s_016um_00042_00237-1,-1.124987
s_016um_00382_00140-1,-1.1094254
s_016um_00354_00118-1,-1.1837996
s_016um_00119_00142-1,-1.2050894
s_016um_00128_00227-1,-1.1384894
s_016um_00337_00402-1,-1.1297703
s_016um_00079_00194-1,-1.260061
s_016um_00370_00146-1,-1.11971
s_016um_00183_00029-1,-1.0585805
s_016um_00332_00121-1,-1.4314135
s_016um_00086_00272-1,-1.0816259
s_016um_00047_00214-1,-1.0976771
s_016um_00086_00267-1,-1.1627744
s_016um_00166_00371-1,-1.1274244
s_016um_00262_00134-1,-1.327766
s_016um_00403_00260-1,-1.1433592
s_016um_00395_00185-1,-1.2004461
s_016um_00085_00201-1,-1.1129739
s_016um_00273_00222-1,-1.0870631
s_016um_00274_00044-1,-1.1939414
s_016um_00066_00130-1,-1.0885602
s_016um_00250_00022-1,-1.0697286
s_016um_00405_00151-1,-1.2597888
s_016um_00083_00273-1,-1.134135
s_016um_00324_00226-1,-1.2585073
s_016um_00257_00025-1,-1.2715734
s_016um_00236_00086-1,-1.1693268
s_016um_00115_00148-1,-1.2664675
s_016um_00354_00090-1,-1.1493129
s_016um_00224_00327-1,-1.429168
s_016um_00161_00289-1,-1.1596152
s_016um_00208_00296-1,-1.1399721
s_016um_00034_00333-1,-1.1410422
s_016um_00322_00301-1,-1.1117654
s_016um_00178_00031-1,-1.1444514
s_016um_00375_00123-1,-1.1590809
s_016um_00081_00278-1,-1.1064371
s_016um_00211_00296-1,-1.3916965
s_016um_00066_00133-1,-1.0820373
s_016um_00041_00174-1,-1.111733
s_016um_00097_00071-1,-1.1564916
s_016um_00145_00019-1,-1.134736
s_016um_00168_00125-1,-1.1650887
s_016um_00057_00246-1,-1.3076046
s_016um_00102_00389-1,-1.1650846
s_016um_00269_00227-1,-1.13212
s_016um_00127_00089-1,-1.2656744
s_016um_00113_00316-1,-1.223299
s_016um_00392_00337-1,-1.2669376
s_016um_00019_00266-1,-1.1088971
s_016um_00147_00398-1,-1.149845
s_016um_00385_00132-1,-1.1833632
s_016um_00353_00095-1,-1.1384296
s_016um_00408_00145-1,-0.9966361
s_016um_00322_00170-1,-1.1601837
s_016um_00372_00096-1,-1.1433939
s_016um_00262_00187-1,-1.081538
s_016um_00018_00266-1,-1.2034566
s_016um_00046_00217-1,-1.2511058
s_016um_00037_00044-1,-1.1180992
s_016um_00023_00268-1,-1.0622793
s_016um_00028_00089-1,-1.1630219
s_016um_00271_00061-1,-1.089365
s_016um_00399_00127-1,-1.1503197
s_016um_00132_00229-1,-1.2475859
s_016um_00324_00298-1,-1.133408
s_016um_00222_00011-1,-1.1913685
s_016um_00040_00048-1,-1.1227427
s_016um_00261_00331-1,-1.1009638
s_016um_00258_00187-1,-1.4489542
s_016um_00275_00314-1,-1.2227677
s_016um_00267_00035-1,-1.1759062
s_016um_00276_00207-1,-1.1470302
s_016um_00263_00135-1,-1.3285894
s_016um_00083_00065-1,-1.1663405
s_016um_00406_00147-1,-1.1031842
s_016um_00414_00143-1,-1.0941957
s_016um_00399_00220-1,-1.2444459
s_016um_00382_00128-1,-1.2901022
s_016um_00096_00031-1,-1.1674066
s_016um_00343_00212-1,-1.1946623
s_016um_00055_00247-1,-1.2943757
s_016um_00066_00129-1,-1.1387868
s_016um_00397_00259-1,-1.1945957
s_016um_00040_00099-1,-1.1804109
s_016um_00366_00222-1,-1.1184678
s_016um_00218_00169-1,-1.3550205
s_016um_00277_00129-1,-1.1377465
s_016um_00069_00131-1,-1.099598
s_016um_00359_00094-1,-1.1727424
s_016um_00352_00097-1,-1.1056914
s_016um_00381_00132-1,-1.1486083
s_016um_00077_00244-1,-1.1207868
s_016um_00359_00120-1,-1.1668923
s_016um_00277_00319-1,-1.1221371
s_016um_00406_00126-1,-1.1133864
s_016um_00396_00341-1,-1.19017
s_016um_00341_00218-1,-1.1212081
s_016um_00402_00151-1,-1.1539383
s_016um_00285_00092-1,-1.1501334
s_016um_00045_00208-1,-1.1161112
s_016um_00019_00267-1,-1.1219078
s_016um_00355_00288-1,-1.357799
s_016um_00396_00364-1,-1.2321717
s_016um_00030_00336-1,-1.094053
s_016um_00369_00139-1,-1.103521
s_016um_00061_00245-1,-1.2092551
s_016um_00222_00334-1,-1.1179588
s_016um_00327_00119-1,-1.4213562
s_016um_00272_00045-1,-1.2233746
s_016um_00092_00318-1,-1.2066163
s_016um_00261_00133-1,-1.1719126
s_016um_00161_00290-1,-1.1268581
s_016um_00224_00026-1,-1.4829986
s_016um_00319_00302-1,-1.1598483
s_016um_00211_00292-1,-1.3693117
s_016um_00270_00054-1,-1.157015
s_016um_00280_00046-1,-1.1140361
s_016um_00040_00101-1,-1.121998
s_016um_00273_00336-1,-1.3098581
s_016um_00399_00373-1,-2.155558
s_016um_00141_00217-1,-1.1867759
s_016um_00394_00344-1,-1.6873648
s_016um_00327_00213-1,-1.1464568
s_016um_00286_00095-1,-1.1321747
s_016um_00272_00229-1,-1.1182395
s_016um_00355_00088-1,-1.1452022
s_016um_00351_00018-1,-1.0980636
s_016um_00271_00035-1,-1.128246
s_016um_00085_00197-1,-1.1797839
s_016um_00141_00220-1,-1.1855322
s_016um_00372_00126-1,-1.2425876
s_016um_00019_00271-1,-1.1129142
s_016um_00388_00340-1,-1.133927
s_016um_00211_00291-1,-1.185142
s_016um_00220_00172-1,-1.2098479
s_016um_00218_00226-1,-1.0999099
s_016um_00328_00218-1,-1.0883176
s_016um_00330_00252-1,-1.1282253
s_016um_00107_00389-1,-1.2214054
s_016um_00074_00296-1,-1.1118608
s_016um_00280_00045-1,-1.1527734
s_016um_00273_00318-1,-1.1383014
s_016um_00251_00023-1,-1.2097827
s_016um_00349_00018-1,-1.2738657
s_016um_00372_00143-1,-1.6072409
s_016um_00267_00132-1,-1.1424316
s_016um_00219_00169-1,-1.1524966
s_016um_00400_00220-1,-1.1067786
s_016um_00268_00034-1,-1.165615
s_016um_00263_00329-1,-1.1206796
s_016um_00222_00329-1,-1.112928
s_016um_00326_00298-1,-1.1233014
s_016um_00351_00025-1,-1.1113601
s_016um_00344_00218-1,-1.2098892
s_016um_00369_00096-1,-1.1148218
s_016um_00333_00256-1,-1.1333168
s_016um_00134_00230-1,-1.1275158
s_016um_00069_00127-1,-1.0997673
s_016um_00324_00227-1,-1.1007935
s_016um_00326_00124-1,-1.0973167
s_016um_00392_00297-1,-1.5799936
s_016um_00253_00032-1,-1.0834763
s_016um_00278_00206-1,-1.0898069
s_016um_00055_00245-1,-1.1542486
s_016um_00100_00388-1,-1.1067538
s_016um_00224_00238-1,-1.2301685
s_016um_00273_00030-1,-1.236372
s_016um_00394_00185-1,-1.1471269
s_016um_00004_00297-1,-1.359511
s_016um_00329_00124-1,-1.1234809
s_016um_00179_00033-1,-1.0691001
s_016um_00398_00183-1,-1.0959821
s_016um_00010_00207-1,-1.0884671
s_016um_00278_00327-1,-1.1633973
s_016um_00088_00034-1,-1.1256647
s_016um_00285_00095-1,-1.1024319
s_016um_00239_00188-1,-1.1035995
s_016um_00314_00056-1,-1.1591192
s_016um_00262_00133-1,-1.1510415
s_016um_00067_00238-1,-1.2269254
s_016um_00040_00104-1,-1.0958159
s_016um_00379_00132-1,-1.1887759
s_016um_00379_00136-1,-1.1545589
s_016um_00075_00242-1,-1.1309849
s_016um_00127_00090-1,-1.1305645
s_016um_00227_00332-1,-1.1174828
s_016um_00404_00397-1,-3.4248977
s_016um_00046_00208-1,-1.0790844
s_016um_00403_00397-1,-2.7700706
s_016um_00352_00090-1,-1.1390346
s_016um_00391_00342-1,-1.6813846
s_016um_00124_00147-1,-1.1263915
s_016um_00222_00245-1,-1.0690864
s_016um_00040_00207-1,-1.1294645
s_016um_00394_00364-1,-1.1584511
s_016um_00249_00021-1,-1.0882993
s_016um_00087_00071-1,-1.2093666
s_016um_00025_00089-1,-1.0154306
s_016um_00274_00323-1,-1.1007395
s_016um_00130_00390-1,-1.156241
s_016um_00390_00178-1,-1.1190301
s_016um_00056_00244-1,-1.1545442
s_016um_00404_00148-1,-1.1070755
s_016um_00215_00027-1,-1.0555043
s_016um_00405_00147-1,-1.2245739
s_016um_00333_00213-1,-1.2086811
s_016um_00403_00256-1,-1.2524018
s_016um_00031_00329-1,-1.2025813
s_016um_00015_00264-1,-1.1410081
s_016um_00280_00315-1,-1.1374273
s_016um_00062_00132-1,-1.1576262
s_016um_00411_00100-1,-1.2188818
s_016um_00058_00247-1,-1.07427
s_016um_00150_00400-1,-1.1461034
s_016um_00265_00133-1,-1.1196135
s_016um_00386_00128-1,-1.1072085
s_016um_00022_00270-1,-1.1181909
s_016um_00403_00261-1,-1.2323849
s_016um_00362_00227-1,-1.1213593
s_016um_00195_00123-1,-1.1949713
s_016um_00366_00100-1,-1.3265774
s_016um_00352_00091-1,-1.113722
s_016um_00261_00128-1,-1.1723295
s_016um_00078_00285-1,-1.2544445
s_016um_00266_00129-1,-1.1313334
s_016um_00369_00228-1,-1.1630719
s_016um_00030_00330-1,-1.0921372
s_016um_00209_00030-1,-1.1350292
s_016um_00138_00217-1,-1.1686033
s_016um_00144_00021-1,-1.120085
s_016um_00021_00272-1,-1.1071799
s_016um_00324_00232-1,-1.0971138
s_016um_00077_00292-1,-1.2357492
s_016um_00035_00097-1,-1.0466803
s_016um_00276_00315-1,-1.6791017
s_016um_00161_00293-1,-1.0709162
s_016um_00033_00330-1,-1.1938921
s_016um_00113_00314-1,-0.98153174
s_016um_00114_00320-1,-1.0788924
s_016um_00016_00264-1,-1.1310232
s_016um_00270_00031-1,-1.1038184
s_016um_00268_00056-1,-1.3530744
s_016um_00277_00311-1,-1.0986379
s_016um_00119_00152-1,-1.105582
s_016um_00079_00296-1,-1.1072466
s_016um_00053_00247-1,-1.2447274
s_016um_00280_00134-1,-1.1212047
s_016um_00163_00127-1,-1.1803128
s_016um_00276_00210-1,-1.0959764
s_016um_00109_00318-1,-1.2054662
s_016um_00032_00089-1,-1.1741261
s_016um_00320_00300-1,-1.1399556
s_016um_00281_00312-1,-1.098804
s_016um_00221_00229-1,-1.133726
s_016um_00195_00091-1,-1.1136233
s_016um_00232_00359-1,-1.1913681
s_016um_00070_00235-1,-1.1091686
s_016um_00069_00237-1,-1.1344112
s_016um_00142_00059-1,-1.1090639
s_016um_00182_00028-1,-1.1629885
s_016um_00218_00012-1,-1.0434285
s_016um_00073_00252-1,-1.0557444
s_016um_00237_00091-1,-1.1319277
s_016um_00010_00156-1,-1.0487672
s_016um_00042_00202-1,-1.3176318
s_016um_00271_00205-1,-1.0148042
s_016um_00094_00025-1,-1.1356467
s_016um_00221_00234-1,-1.115536
s_016um_00044_00206-1,-1.087038
s_016um_00127_00384-1,-1.294934
s_016um_00355_00292-1,-1.2074723
s_016um_00027_00084-1,-1.1280375
s_016um_00369_00095-1,-1.0676913
s_016um_00041_00177-1,-1.1083719
s_016um_00400_00399-1,-3.659246
s_016um_00111_00316-1,-1.1554612
s_016um_00279_00206-1,-1.1438466
s_016um_00284_00095-1,-1.1446403
s_016um_00397_00357-1,-1.5915005
s_016um_00221_00028-1,-1.1745698
s_016um_00167_00129-1,-1.1971558
s_016um_00355_00413-1,-2.443156
s_016um_00165_00287-1,-1.1645414
s_016um_00217_00031-1,-1.1666418
s_016um_00084_00281-1,-1.1437243
s_016um_00067_00237-1,-1.1288571
s_016um_00286_00098-1,-1.1640613
s_016um_00195_00126-1,-1.1449388
s_016um_00400_00372-1,-1.1793133
s_016um_00195_00127-1,-1.1367462
s_016um_00153_00401-1,-1.1572431
s_016um_00195_00125-1,-1.1193727
s_016um_00268_00334-1,-1.1678894
s_016um_00143_00059-1,-1.2410841
s_016um_00214_00277-1,-1.0666264
s_016um_00225_00234-1,-1.1619968
s_016um_00135_00320-1,-1.8419306
s_016um_00099_00026-1,-1.1301029
s_016um_00325_00227-1,-1.1316901
s_016um_00382_00136-1,-1.2018127
s_016um_00266_00061-1,-1.1773627
s_016um_00339_00402-1,-1.3395826
s_016um_00268_00333-1,-1.1459186
s_016um_00145_00395-1,-1.1584816
s_016um_00177_00030-1,-1.1332304
s_016um_00230_00355-1,-1.0140024
s_016um_00323_00168-1,-1.2049252
s_016um_00323_00306-1,-1.1452119
s_016um_00097_00276-1,-1.1284643
s_016um_00094_00028-1,-1.2852042
s_016um_00015_00269-1,-1.1434634
s_016um_00277_00137-1,-1.1118345
s_016um_00278_00202-1,-1.1017902
s_016um_00382_00131-1,-1.1770976
s_016um_00221_00023-1,-1.1862645
s_016um_00369_00147-1,-1.1698531
s_016um_00128_00086-1,-1.1803907
s_016um_00069_00238-1,-1.162318
s_016um_00183_00026-1,-1.2513809
s_016um_00404_00147-1,-1.1401211
s_016um_00221_00173-1,-1.435455
s_016um_00093_00272-1,-1.1882256
s_016um_00189_00097-1,-1.0892249
s_016um_00173_00374-1,-1.1046805
s_016um_00278_00136-1,-1.1391985
s_016um_00082_00239-1,-1.1853799
s_016um_00116_00148-1,-1.1267481
s_016um_00082_00071-1,-1.135108
s_016um_00224_00248-1,-1.0269705
s_016um_00208_00290-1,-1.2585667
s_016um_00276_00327-1,-1.2206497
s_016um_00340_00218-1,-1.3476048
s_016um_00350_00020-1,-1.1629573
s_016um_00127_00387-1,-1.2220147
s_016um_00086_00201-1,-1.071795
s_016um_00044_00176-1,-1.0789266
s_016um_00141_00016-1,-1.149058
s_016um_00218_00014-1,-1.1368908
s_016um_00032_00337-1,-1.1076199
s_016um_00392_00299-1,-1.1664864
s_016um_00402_00397-1,-2.4090986
s_016um_00395_00371-1,-1.1639082
s_016um_00204_00151-1,-1.1627951
s_016um_00380_00129-1,-1.2010484
s_016um_00408_00399-1,-4.05891
s_016um_00211_00029-1,-1.1147916
s_016um_00080_00267-1,-1.1286856
s_016um_00108_00314-1,-1.1248981
s_016um_00041_00175-1,-1.181891
s_016um_00028_00336-1,-1.0880827
s_016um_00132_00228-1,-1.1400274
s_016um_00061_00126-1,-1.2028949
s_016um_00271_00032-1,-1.2858706
s_016um_00215_00277-1,-1.2418399
s_016um_00100_00031-1,-1.095532
s_016um_00095_00275-1,-1.1215532
s_016um_00322_00299-1,-1.1556655
s_016um_00320_00305-1,-1.0836062
s_016um_00272_00029-1,-1.1196253
s_016um_00230_00260-1,-1.1199875
s_016um_00358_00122-1,-1.4149511
s_016um_00354_00289-1,-1.1341724
s_016um_00097_00334-1,-1.1550629
s_016um_00144_00058-1,-1.1639608
s_016um_00391_00291-1,-1.2141746
s_016um_00184_00032-1,-1.111995
s_016um_00135_00220-1,-1.157233
s_016um_00353_00021-1,-1.3634981
s_016um_00279_00202-1,-1.0886923
s_016um_00280_00207-1,-1.1016563
s_016um_00204_00153-1,-1.1387899
s_016um_00132_00091-1,-1.1927015
s_016um_00139_00015-1,-1.3423038
s_016um_00136_00223-1,-1.0822178
s_016um_00026_00090-1,-1.0853397
s_016um_00409_00105-1,-1.1548538
s_016um_00395_00344-1,-1.2411461
s_016um_00102_00384-1,-1.1730403
s_016um_00129_00384-1,-1.1778618
s_016um_00010_00295-1,-1.1583414
s_016um_00226_00028-1,-1.1178536
s_016um_00390_00364-1,-1.2026181
s_016um_00360_00411-1,-1.8721151
s_016um_00035_00099-1,-1.2273219
s_016um_00137_00074-1,-1.131334
s_016um_00090_00274-1,-1.0973134
s_016um_00132_00231-1,-1.1128784
s_016um_00274_00331-1,-1.1659852
s_016um_00101_00074-1,-1.1136386
s_016um_00370_00101-1,-1.1489192
s_016um_00104_00388-1,-1.1413462
s_016um_00126_00093-1,-1.131773
s_016um_00096_00341-1,-1.1108097
s_016um_00308_00053-1,-1.1356255
s_016um_00355_00294-1,-1.1044533
s_016um_00323_00166-1,-1.1581987
s_016um_00375_00122-1,-1.0883366
s_016um_00395_00259-1,-1.2260506
s_016um_00388_00342-1,-1.1998676
s_016um_00342_00397-1,-1.6509637
s_016um_00086_00072-1,-1.3712115
s_016um_00086_00067-1,-1.0981559
s_016um_00307_00055-1,-1.1706895
s_016um_00108_00319-1,-1.903833
s_016um_00125_00089-1,-1.1096395
s_016um_00219_00232-1,-1.2452786
s_016um_00217_00166-1,-1.1546189
s_016um_00083_00268-1,-1.1773746
s_016um_00074_00239-1,-1.2484086
s_016um_00261_00189-1,-1.0972977
s_016um_00181_00034-1,-1.1816387
s_016um_00413_00100-1,-1.3061364
s_016um_00048_00243-1,-1.302103
s_016um_00096_00024-1,-1.2149963
s_016um_00033_00004-1,-1.1754496
s_016um_00335_00400-1,-1.8267789
s_016um_00271_00031-1,-1.1938792
s_016um_00358_00289-1,-1.0805793
s_016um_00083_00066-1,-1.1923215
s_016um_00233_00084-1,-1.3040515
s_016um_00042_00171-1,-1.4404746
s_016um_00284_00093-1,-1.1379156
s_016um_00280_00314-1,-1.1989799
s_016um_00107_00390-1,-1.1583186
s_016um_00391_00341-1,-1.6326126
s_016um_00100_00321-1,-1.0884484
s_016um_00136_00071-1,-1.2037443
s_016um_00319_00169-1,-1.1142038
s_016um_00401_00125-1,-1.1912056
s_016um_00324_00302-1,-1.1667967
s_016um_00049_00241-1,-1.3333038
s_016um_00120_00144-1,-1.3578414
s_016um_00082_00194-1,-1.1363666
s_016um_00143_00058-1,-1.1218086
s_016um_00248_00087-1,-1.1728854
s_016um_00064_00236-1,-1.1376482
s_016um_00292_00096-1,-1.3195982
s_016um_00083_00072-1,-1.2042801
s_016um_00326_00214-1,-1.1254256
s_016um_00194_00095-1,-1.1737934
s_016um_00087_00035-1,-1.133554
s_016um_00104_00066-1,-1.1607356
s_016um_00276_00312-1,-1.1821455
s_016um_00274_00317-1,-1.1999505
s_016um_00383_00136-1,-1.1857893
s_016um_00268_00055-1,-1.4255179
s_016um_00278_00209-1,-1.1469783
s_016um_00268_00337-1,-1.1739267
s_016um_00128_00091-1,-1.1909974
s_016um_00216_00028-1,-1.0773942
s_016um_00159_00285-1,-1.2581748
s_016um_00137_00070-1,-1.0873111
s_016um_00277_00315-1,-1.2510098
s_016um_00261_00033-1,-1.1932838
s_016um_00401_00371-1,-1.2748468
s_016um_00326_00228-1,-1.1148052
s_016um_00120_00145-1,-1.1782843
s_016um_00244_00088-1,-1.3598427
s_016um_00332_00214-1,-1.1885376
s_016um_00393_00371-1,-1.2524266
s_016um_00394_00337-1,-1.1197357
s_016um_00265_00332-1,-1.1282282
s_016um_00342_00212-1,-1.2530503
s_016um_00275_00208-1,-1.1030232
s_016um_00265_00134-1,-1.1540493
s_016um_00027_00086-1,-1.1354892
s_016um_00196_00121-1,-1.1175478
s_016um_00290_00099-1,-1.0680912
s_016um_00229_00251-1,-1.1443857
s_016um_00014_00214-1,-1.1843885
s_016um_00234_00090-1,-1.1353922
s_016um_00355_00118-1,-1.1430051
s_016um_00245_00083-1,-1.1319736
s_016um_00226_00238-1,-1.1539967
s_016um_00399_00125-1,-1.1446763
s_016um_00404_00149-1,-1.1414421
s_016um_00045_00241-1,-1.1948661
s_016um_00219_00010-1,-1.1410726
s_016um_00361_00414-1,-2.2881083
s_016um_00263_00188-1,-1.183955
s_016um_00159_00288-1,-1.2523239
s_016um_00124_00389-1,-1.175946
s_016um_00133_00227-1,-1.2568924
s_016um_00412_00100-1,-1.1582427
s_016um_00060_00248-1,-1.1518428
s_016um_00271_00028-1,-1.1803554
s_016um_00240_00187-1,-1.1296581
s_016um_00342_00214-1,-1.122479
s_016um_00350_00024-1,-1.0847955
s_016um_00340_00404-1,-1.4560205
s_016um_00098_00336-1,-1.2417763
s_016um_00078_00293-1,-1.0855387
s_016um_00268_00329-1,-1.0976131
s_016um_00087_00269-1,-1.1489118
s_016um_00235_00186-1,-1.0885546
s_016um_00067_00129-1,-1.1036273
s_016um_00223_00025-1,-1.3407466
s_016um_00242_00183-1,-1.1483943
s_016um_00126_00383-1,-1.1255683
s_016um_00082_00198-1,-1.2166629
s_016um_00105_00066-1,-1.0692611
s_016um_00171_00371-1,-1.197579
s_016um_00332_00257-1,-1.1773138
s_016um_00333_00252-1,-1.2220794
s_016um_00263_00057-1,-1.1775638
s_016um_00270_00334-1,-1.1132537
s_016um_00103_00391-1,-1.1117002
s_016um_00392_00344-1,-1.1716886
s_016um_00400_00365-1,-1.3148807
s_016um_00093_00280-1,-1.1836677
s_016um_00409_00145-1,-1.1573349
s_016um_00235_00265-1,-1.3064054
s_016um_00172_00373-1,-1.0633786
s_016um_00089_00071-1,-1.0558469
s_016um_00318_00163-1,-1.2143352
s_016um_00085_00072-1,-1.1909952
s_016um_00035_00330-1,-1.1117522
s_016um_00268_00227-1,-1.2413778
s_016um_00327_00225-1,-1.1753633
s_016um_00272_00328-1,-1.1383876
s_016um_00325_00169-1,-1.0874435
s_016um_00239_00092-1,-1.1507804
s_016um_00029_00093-1,-1.1505034
s_016um_00184_00031-1,-1.0871063
s_016um_00268_00229-1,-1.0677944
s_016um_00168_00378-1,-1.089028
s_016um_00237_00088-1,-1.2064453
s_016um_00247_00088-1,-1.1764352
s_016um_00044_00208-1,-1.0811554
s_016um_00371_00143-1,-1.0823631
s_016um_00325_00303-1,-1.1558886
s_016um_00097_00335-1,-1.1273034
s_016um_00387_00343-1,-1.0984395
s_016um_00341_00401-1,-1.1920592
s_016um_00337_00252-1,-1.1408325
s_016um_00216_00167-1,-1.1083666
s_016um_00064_00231-1,-1.1784986
s_016um_00045_00246-1,-0.96376455
s_016um_00059_00246-1,-1.132828
s_016um_00238_00355-1,-1.3248683
s_016um_00071_00233-1,-1.0808764
s_016um_00092_00272-1,-1.0929328
s_016um_00140_00215-1,-1.1771519
s_016um_00082_00201-1,-1.1162342
s_016um_00056_00243-1,-1.2380904
s_016um_00221_00015-1,-1.1799098
s_016um_00213_00278-1,-1.1546265
s_016um_00260_00031-1,-1.1544601
s_016um_00354_00022-1,-1.1689879
s_016um_00273_00314-1,-1.1285101
s_016um_00404_00401-1,-3.9767013
s_016um_00039_00011-1,-1.1006658
s_016um_00261_00135-1,-1.1057804
s_016um_00106_00384-1,-1.1582509
s_016um_00133_00225-1,-1.1113254
s_016um_00010_00154-1,-1.1611056
s_016um_00222_00230-1,-1.1647912
s_016um_00239_00189-1,-1.1963218
s_016um_00097_00339-1,-1.135966
s_016um_00102_00385-1,-1.294291
s_016um_00073_00250-1,-1.170566
s_016um_00238_00358-1,-1.1227324
s_016um_00041_00010-1,-1.1933465
s_016um_00181_00033-1,-1.1241846
s_016um_00397_00368-1,-1.122117
s_016um_00016_00267-1,-1.0890032
s_016um_00102_00069-1,-1.1246337
s_016um_00220_00167-1,-1.205436
s_016um_00369_00099-1,-1.2057866
s_016um_00040_00097-1,-1.1204529
s_016um_00121_00144-1,-1.2410872
s_016um_00369_00141-1,-1.1521635
s_016um_00197_00124-1,-1.2095797
s_016um_00359_00095-1,-1.1526716
s_016um_00236_00358-1,-1.1272155
s_016um_00394_00217-1,-1.0962145
s_016um_00322_00162-1,-1.2313339
s_016um_00215_00278-1,-1.1732306
s_016um_00038_00207-1,-1.2465904
s_016um_00409_00147-1,-1.1203269
s_016um_00219_00016-1,-1.1412891
s_016um_00276_00046-1,-1.1354737
s_016um_00355_00116-1,-1.1064068
s_016um_00224_00229-1,-1.110723
s_016um_00373_00143-1,-1.3248487
s_016um_00216_00015-1,-1.0989517
s_016um_00147_00057-1,-1.0943067
s_016um_00355_00024-1,-1.1513112
s_016um_00221_00166-1,-1.2347734
s_016um_00219_00233-1,-1.1268018
s_016um_00392_00184-1,-1.1985593
s_016um_00401_00126-1,-1.0543824
s_016um_00273_00227-1,-1.0545624
s_016um_00362_00223-1,-1.1004989
s_016um_00310_00053-1,-1.1769274
s_016um_00082_00193-1,-1.3641102
s_016um_00406_00128-1,-1.1456914
s_016um_00221_00232-1,-1.1642991
s_016um_00142_00219-1,-1.3425317
s_016um_00368_00122-1,-1.1006411
s_016um_00065_00134-1,-1.1024052
s_016um_00306_00059-1,-1.1489795
s_016um_00359_00288-1,-1.1636791
s_016um_00280_00328-1,-1.154482
s_016um_00365_00223-1,-1.091468
s_016um_00222_00168-1,-1.1182244
s_016um_00222_00171-1,-1.1963637
s_016um_00392_00369-1,-1.1397047
s_016um_00033_00086-1,-1.1198721
s_016um_00189_00090-1,-1.2374831
s_016um_00028_00084-1,-1.1630799
s_016um_00224_00227-1,-1.1804159
s_016um_00264_00185-1,-1.1403558
s_016um_00088_00072-1,-1.0847836
s_016um_00362_00412-1,-2.044813
s_016um_00383_00135-1,-1.4222406
s_016um_00279_00135-1,-1.0837964
s_016um_00139_00018-1,-1.1795713
s_016um_00143_00018-1,-1.2174488
s_016um_00040_00011-1,-1.2202766
s_016um_00074_00242-1,-1.1177056
s_016um_00069_00132-1,-1.1567365
s_016um_00324_00120-1,-1.1822755
s_016um_00399_00213-1,-1.1056446
s_016um_00007_00300-1,-1.1206939
s_016um_00141_00021-1,-1.7575481
s_016um_00167_00121-1,-1.239188
s_016um_00100_00390-1,-1.2364697
s_016um_00337_00398-1,-1.6824244
s_016um_00086_00194-1,-1.2645286
s_016um_00345_00219-1,-1.2068112
s_016um_00325_00120-1,-1.1606262
s_016um_00242_00083-1,-1.242027
s_016um_00329_00120-1,-1.119663
s_016um_00066_00132-1,-1.1747035
s_016um_00173_00378-1,-1.2008309
s_016um_00277_00130-1,-1.1564277
s_016um_00329_00253-1,-1.0859814
s_016um_00376_00122-1,-1.6528914
s_016um_00106_00387-1,-1.1656933
s_016um_00408_00146-1,-1.1560341
s_016um_00416_00135-1,-1.1798593
s_016um_00227_00330-1,-1.2028803
s_016um_00350_00022-1,-1.1192235
s_016um_00228_00267-1,-1.1280181
s_016um_00197_00127-1,-1.0824186
s_016um_00049_00240-1,-1.1662494
s_016um_00224_00243-1,-1.1826738
s_016um_00283_00094-1,-1.2047637
s_016um_00174_00372-1,-1.1525612
s_016um_00414_00098-1,-1.0808353
s_016um_00345_00215-1,-1.2659938
s_016um_00401_00395-1,-2.431124
s_016um_00254_00019-1,-1.1471401
s_016um_00085_00264-1,-1.1510013
s_016um_00397_00361-1,-1.1926712
s_016um_00094_00321-1,-1.0714291
s_016um_00084_00069-1,-1.292568
s_016um_00271_00333-1,-1.1863302
s_016um_00037_00207-1,-1.158096
s_016um_00129_00229-1,-1.0981214
s_016um_00230_00358-1,-1.1735114
s_016um_00146_00061-1,-1.1062677
s_016um_00403_00262-1,-1.1280916
s_016um_00361_00294-1,-1.1118374
s_016um_00193_00096-1,-1.1406672
s_016um_00388_00132-1,-1.1191015
s_016um_00397_00213-1,-1.0991896
s_016um_00102_00066-1,-1.1069168
s_016um_00266_00028-1,-1.4352857
s_016um_00159_00293-1,-1.1045673
s_016um_00392_00185-1,-1.0232873
s_016um_00398_00363-1,-1.1798277
s_016um_00330_00118-1,-1.1267942
s_016um_00044_00238-1,-1.190749
s_016um_00274_00048-1,-1.2946432
s_016um_00006_00298-1,-1.0991492
s_016um_00035_00105-1,-1.1769025
s_016um_00060_00242-1,-1.2072643
s_016um_00319_00166-1,-1.1269354
s_016um_00365_00230-1,-1.2433752
s_016um_00096_00278-1,-1.1331329
s_016um_00147_00397-1,-1.2209268
s_016um_00082_00034-1,-1.1410048
s_016um_00313_00054-1,-1.2149009
s_016um_00215_00028-1,-1.2013866
s_016um_00168_00375-1,-1.19688
s_016um_00336_00252-1,-1.0441616
s_016um_00129_00094-1,-1.322397
s_016um_00167_00377-1,-1.2829194
s_016um_00310_00058-1,-1.5749675
s_016um_00038_00105-1,-1.1229254
s_016um_00276_00326-1,-1.2189075
s_016um_00099_00070-1,-1.0981697
s_016um_00402_00146-1,-1.1089334
s_016um_00045_00238-1,-1.1660702
s_016um_00101_00069-1,-1.1770012
s_016um_00352_00096-1,-1.3988364
s_016um_00250_00027-1,-1.1414535
s_016um_00268_00224-1,-1.0973898
s_016um_00093_00270-1,-1.0936875
s_016um_00119_00147-1,-1.1702977
s_016um_00041_00047-1,-1.2445644
s_016um_00127_00390-1,-1.1532228
s_016um_00220_00237-1,-1.2481683
s_016um_00219_00283-1,-1.180908
s_016um_00102_00024-1,-1.1314918
s_016um_00399_00257-1,-1.2807716
s_016um_00256_00191-1,-1.094915
s_016um_00383_00131-1,-1.1426736
s_016um_00406_00403-1,-4.1078386
s_016um_00034_00011-1,-1.1848948
s_016um_00307_00060-1,-1.2530963
s_016um_00164_00293-1,-1.2071908
s_016um_00230_00267-1,-1.0825444
s_016um_00028_00088-1,-1.1394982
s_016um_00233_00262-1,-1.1046729
s_016um_00402_00149-1,-1.2049968
s_016um_00083_00197-1,-1.1775881
s_016um_00170_00370-1,-1.2461189
s_016um_00139_00022-1,-1.1174618
s_016um_00235_00087-1,-1.1891938
s_016um_00160_00291-1,-1.1489149
s_016um_00364_00101-1,-1.1218504
s_016um_00220_00013-1,-1.0718768
s_016um_00009_00210-1,-1.1307198
s_016um_00142_00016-1,-1.2291021
s_016um_00041_00217-1,-1.1698505
s_016um_00247_00023-1,-1.0977881
s_016um_00221_00230-1,-1.1214709
s_016um_00035_00008-1,-1.1717435
s_016um_00007_00212-1,-1.2383856
s_016um_00359_00093-1,-1.0893043
s_016um_00093_00336-1,-1.0846865
s_016um_00194_00093-1,-1.1038226
s_016um_00101_00027-1,-1.1381614
s_016um_00319_00167-1,-1.0774939
s_016um_00346_00220-1,-1.2223254
s_016um_00411_00105-1,-1.2007072
s_016um_00328_00303-1,-1.1766156
s_016um_00169_00129-1,-1.1713532
s_016um_00322_00168-1,-1.1642023
s_016um_00334_00256-1,-1.1757679
s_016um_00151_00395-1,-1.2616667
s_016um_00134_00219-1,-1.129398
s_016um_00333_00122-1,-1.1194236
s_016um_00041_00048-1,-1.1278017
s_016um_00010_00208-1,-1.2647601
s_016um_00385_00128-1,-1.1043932
s_016um_00181_00026-1,-1.1249578
s_016um_00273_00330-1,-1.1885179
s_016um_00149_00396-1,-1.2537814
s_016um_00182_00027-1,-1.1092597
s_016um_00287_00098-1,-1.0995364
s_016um_00344_00217-1,-1.2292876
s_016um_00039_00043-1,-1.2635409
s_016um_00100_00384-1,-1.1790092
s_016um_00047_00218-1,-1.1928097
s_016um_00097_00067-1,-1.1225531
s_016um_00006_00301-1,-1.1133224
s_016um_00061_00127-1,-1.108375
s_016um_00090_00068-1,-1.1042242
s_016um_00383_00126-1,-1.1001697
s_016um_00208_00149-1,-1.0610492
s_016um_00401_00372-1,-1.8337336
s_016um_00220_00017-1,-1.1556408
s_016um_00351_00024-1,-1.128679
s_016um_00216_00290-1,-1.1948504
s_016um_00340_00402-1,-1.2655977
s_016um_00025_00090-1,-1.1949584
s_016um_00146_00056-1,-1.0536224
s_016um_00089_00265-1,-1.105217
s_016um_00006_00154-1,-1.1181504
s_016um_00404_00400-1,-4.4627376
s_016um_00327_00123-1,-1.1041667
s_016um_00259_00134-1,-1.1681104
s_016um_00087_00271-1,-1.0823429
s_016um_00258_00131-1,-1.1387532
s_016um_00129_00388-1,-1.1363369
s_016um_00149_00401-1,-1.1371266
s_016um_00133_00072-1,-1.097153
s_016um_00369_00226-1,-1.1257656
s_016um_00139_00074-1,-1.1500537
s_016um_00286_00094-1,-1.199364
s_016um_00260_00192-1,-1.1378789
s_016um_00382_00126-1,-1.1122193
s_016um_00356_00415-1,-2.3850698
s_016um_00005_00297-1,-1.3530159
s_016um_00390_00296-1,-1.1762962
s_016um_00359_00415-1,-2.206542
s_016um_00152_00394-1,-1.1248072
s_016um_00225_00028-1,-1.0139942
s_016um_00081_00069-1,-1.148238
s_016um_00276_00131-1,-1.1487496
s_016um_00391_00338-1,-1.184044
s_016um_00279_00045-1,-1.1744375
s_016um_00095_00342-1,-1.1191523
s_016um_00220_00173-1,-1.2196997
s_016um_00039_00211-1,-1.0958107
s_016um_00037_00171-1,-1.0830008
s_016um_00280_00132-1,-1.1727564
s_016um_00356_00020-1,-1.2196343
s_016um_00118_00150-1,-1.1920632
s_016um_00393_00362-1,-1.1774468
s_016um_00243_00088-1,-1.1438175
s_016um_00075_00244-1,-1.1641009
s_016um_00160_00290-1,-1.2329532
s_016um_00357_00097-1,-1.1652981
s_016um_00386_00293-1,-1.2502141
s_016um_00016_00271-1,-1.1916672
s_016um_00097_00026-1,-1.104979
s_016um_00036_00046-1,-1.2063614
s_016um_00241_00082-1,-1.109965
s_016um_00278_00330-1,-1.2843128
s_016um_00371_00098-1,-1.1320747
s_016um_00395_00218-1,-1.1372173
s_016um_00081_00242-1,-1.1527852
s_016um_00214_00013-1,-1.0942799
s_016um_00278_00324-1,-1.1559954
s_016um_00270_00230-1,-1.170828
s_016um_00341_00212-1,-1.1287899
s_016um_00096_00276-1,-1.2422135
s_016um_00086_00033-1,-1.2360857
s_016um_00162_00288-1,-1.5356731
s_016um_00164_00286-1,-1.1130126
s_016um_00090_00269-1,-1.0996743
s_016um_00331_00218-1,-1.0934575
s_016um_00265_00057-1,-1.3811492
s_016um_00332_00213-1,-1.1111964
s_016um_00394_00178-1,-1.2209061
s_016um_00029_00334-1,-1.1627226
s_016um_00274_00046-1,-1.1638327
s_016um_00270_00329-1,-1.2027303
s_016um_00097_00072-1,-1.0915416
s_016um_00008_00157-1,-1.0853456
s_016um_00095_00341-1,-1.1826413
s_016um_00225_00030-1,-1.1540701
s_016um_00080_00300-1,-1.0746295
s_016um_00038_00173-1,-1.1228806
s_016um_00357_00095-1,-1.2445983
s_016um_00078_00247-1,-1.1233951
s_016um_00266_00337-1,-1.1282592
s_016um_00082_00279-1,-1.101937
s_016um_00363_00228-1,-1.0785474
s_016um_00007_00293-1,-1.2305207
s_016um_00272_00226-1,-1.0883518
s_016um_00094_00029-1,-1.1593804
s_016um_00401_00398-1,-1.9120735
s_016um_00370_00140-1,-1.0879295
s_016um_00055_00248-1,-1.3765844
s_016um_00047_00215-1,-1.1507031
s_016um_00218_00167-1,-1.1507965
s_016um_00272_00331-1,-1.1533042
s_016um_00044_00207-1,-1.1885214
s_016um_00344_00219-1,-1.0457276
s_016um_00101_00388-1,-1.1932358
s_016um_00134_00225-1,-1.1730287
s_016um_00237_00092-1,-1.2760952
s_016um_00217_00016-1,-1.1057507
s_016um_00017_00270-1,-1.2560103
s_016um_00094_00319-1,-1.1718541
s_016um_00260_00183-1,-1.1251869
s_016um_00095_00319-1,-1.1365721
s_016um_00237_00354-1,-1.1189084
s_016um_00120_00147-1,-1.1680074
s_016um_00007_00157-1,-1.1972021
s_016um_00078_00294-1,-1.0909365
s_016um_00217_00284-1,-1.1707075
s_016um_00091_00265-1,-1.1468596
s_016um_00165_00122-1,-1.1740866
s_016um_00356_00292-1,-1.2331938
s_016um_00353_00097-1,-1.1206707
s_016um_00081_00199-1,-1.1463383
s_016um_00130_00315-1,-1.254971
s_016um_00092_00335-1,-1.048246
s_016um_00133_00090-1,-1.3247461
s_016um_00406_00124-1,-1.137693
s_016um_00395_00220-1,-1.1545303
s_016um_00045_00207-1,-1.1019022
s_016um_00028_00337-1,-1.1688435
s_016um_00188_00095-1,-1.0633816
s_016um_00081_00238-1,-1.2687249
s_016um_00340_00403-1,-1.2705748
s_016um_00220_00027-1,-1.1177914
s_016um_00101_00070-1,-1.0858234
s_016um_00046_00210-1,-1.1500108
s_016um_00222_00170-1,-1.130005
s_016um_00087_00068-1,-1.1101247
s_016um_00070_00234-1,-1.1953725
s_016um_00273_00206-1,-1.2184501
s_016um_00225_00243-1,-1.1273333
s_016um_00158_00292-1,-1.1996131
s_016um_00209_00294-1,-1.1221613
s_016um_00323_00299-1,-1.1393973
s_016um_00211_00031-1,-1.1200778
s_016um_00069_00129-1,-1.1185316
s_016um_00324_00124-1,-1.142181
s_016um_00086_00280-1,-1.1023394
s_016um_00332_00119-1,-1.3640445
s_016um_00128_00389-1,-1.1462874
s_016um_00323_00305-1,-1.2863529
s_016um_00041_00213-1,-1.3122021
s_016um_00226_00330-1,-1.1735052
s_016um_00235_00355-1,-1.1931442
s_016um_00217_00278-1,-1.0934422
s_016um_00082_00241-1,-1.1239114
s_016um_00146_00394-1,-1.1860615
s_016um_00174_00374-1,-1.1673894
s_016um_00223_00330-1,-1.146973
s_016um_00215_00034-1,-1.232883
s_016um_00328_00210-1,-1.1169322
s_016um_00037_00173-1,-1.0956262
s_016um_00017_00271-1,-1.2239056
s_016um_00253_00031-1,-1.218158
s_016um_00004_00154-1,-1.1731464
s_016um_00212_00293-1,-1.1798356
s_016um_00393_00360-1,-1.700541
s_016um_00033_00336-1,-1.1534302
s_016um_00043_00216-1,-1.1408212
s_016um_00397_00364-1,-1.1413753
s_016um_00368_00097-1,-1.1754159
s_016um_00217_00029-1,-1.2030597
s_016um_00388_00343-1,-1.180083
s_016um_00218_00283-1,-1.1513509
s_016um_00271_00226-1,-1.1474851
s_016um_00171_00373-1,-1.1170707
s_016um_00225_00251-1,-1.1487294
s_016um_00081_00280-1,-1.1378249
s_016um_00272_00035-1,-1.1331692
s_016um_00416_00101-1,-1.2001233
s_016um_00365_00226-1,-1.1637939
s_016um_00418_00136-1,-1.1069801
s_016um_00216_00293-1,-1.1174443
s_016um_00400_00256-1,-1.1290432
s_016um_00042_00179-1,-1.3759747
s_016um_00239_00181-1,-1.3145041
s_016um_00370_00100-1,-1.1019838
s_016um_00047_00211-1,-1.1195092
s_016um_00130_00382-1,-1.2901553
s_016um_00127_00091-1,-1.1281834
s_016um_00273_00137-1,-1.1493565
