spot_id,predicted_protein_value
s_016um_00380_00137-1,0.2944889
s_016um_00037_00102-1,0.23472694
s_016um_00328_00304-1,0.2723437
s_016um_00343_00400-1,0.46355018
s_016um_00009_00155-1,0.23878427
s_016um_00009_00150-1,0.26531348
s_016um_00109_00316-1,0.1829949
s_016um_00330_00253-1,0.2791949
s_016um_00366_00225-1,0.28656492
s_016um_00267_00058-1,0.38204283
s_016um_00274_00229-1,0.23824085
s_016um_00219_00167-1,0.24542537
s_016um_00209_00032-1,0.24877572
s_016um_00112_00314-1,0.2164949
s_016um_00122_00145-1,0.25724816
s_016um_00201_00148-1,0.214289
s_016um_00232_00085-1,0.21229917
s_016um_00034_00102-1,0.28792828
s_016um_00080_00283-1,0.23900892
s_016um_00142_00062-1,0.27167076
s_016um_00242_00085-1,0.1654183
s_016um_00382_00138-1,0.25487933
s_016um_00321_00227-1,0.26647204
s_016um_00081_00240-1,0.26237974
s_016um_00362_00411-1,0.5171815
s_016um_00323_00167-1,0.21512212
s_016um_00323_00162-1,0.2934202
s_016um_00394_00215-1,0.2606875
s_016um_00219_00026-1,0.29483813
s_016um_00363_00414-1,0.6588054
s_016um_00233_00267-1,0.23718366
s_016um_00033_00089-1,0.26039243
s_016um_00082_00197-1,0.27001327
s_016um_00235_00090-1,0.23686442
s_016um_00127_00318-1,0.3210358
s_016um_00040_00098-1,0.28023216
s_016um_00217_00172-1,0.24160433
s_016um_00259_00034-1,0.24207361
s_016um_00276_00133-1,0.26368627
s_016um_00325_00123-1,0.2300981
s_016um_00341_00399-1,0.27794817
s_016um_00191_00093-1,0.26765487
s_016um_00129_00321-1,0.14399758
s_016um_00263_00061-1,0.2774235
s_016um_00341_00215-1,0.25271362
s_016um_00270_00034-1,0.2714266
s_016um_00395_00365-1,0.37303978
s_016um_00083_00278-1,0.24024598
s_016um_00134_00321-1,0.26950875
s_016um_00038_00098-1,0.25404945
s_016um_00278_00048-1,0.2348414
s_016um_00120_00149-1,0.19795531
s_016um_00199_00149-1,0.20622355
s_016um_00275_00229-1,0.2229092
s_016um_00140_00022-1,0.26508543
s_016um_00080_00236-1,0.17444038
s_016um_00367_00099-1,0.23455572
s_016um_00232_00263-1,0.25489926
s_016um_00166_00129-1,0.29539245
s_016um_00356_00115-1,0.25786296
s_016um_00230_00250-1,0.2662005
s_016um_00394_00181-1,0.21843687
s_016um_00137_00222-1,0.236472
s_016um_00323_00228-1,0.21197814
s_016um_00343_00215-1,0.22498567
s_016um_00124_00383-1,0.18420452
s_016um_00111_00320-1,0.21024351
s_016um_00199_00148-1,0.24664144
s_016um_00034_00336-1,0.19994706
s_016um_00206_00149-1,0.22936995
s_016um_00019_00265-1,0.19772005
s_016um_00026_00089-1,0.2483464
s_016um_00205_00153-1,0.30211386
s_016um_00385_00292-1,0.23314866
s_016um_00390_00181-1,0.22813123
s_016um_00320_00166-1,0.24120095
s_016um_00385_00293-1,0.17163002
s_016um_00142_00218-1,0.20686664
s_016um_00130_00233-1,0.24377467
s_016um_00101_00030-1,0.2751993
s_016um_00216_00292-1,0.22226109
s_016um_00409_00101-1,0.2759422
s_016um_00028_00335-1,0.22238663
s_016um_00249_00020-1,0.23144692
s_016um_00260_00127-1,0.25876963
s_016um_00217_00281-1,0.21838883
s_016um_00081_00296-1,0.21116343
s_016um_00368_00145-1,0.25999585
s_016um_00128_00316-1,0.33485585
s_016um_00270_00058-1,0.27992892
s_016um_00138_00074-1,0.27819285
s_016um_00236_00083-1,0.2461562
s_016um_00266_00059-1,0.31282318
s_016um_00076_00241-1,0.20302325
s_016um_00320_00162-1,0.25600496
s_016um_00216_00295-1,0.22204332
s_016um_00043_00049-1,0.2578921
s_016um_00376_00119-1,0.25997424
s_016um_00099_00071-1,0.26240897
s_016um_00273_00132-1,0.21027957
s_016um_00145_00021-1,0.2967559
s_016um_00356_00410-1,0.62732244
s_016um_00098_00340-1,0.25944868
s_016um_00171_00128-1,0.2338383
s_016um_00203_00149-1,0.23672481
s_016um_00195_00090-1,0.24058497
s_016um_00098_00073-1,0.24655361
s_016um_00337_00255-1,0.26222876
s_016um_00401_00259-1,0.2254489
s_016um_00211_00289-1,0.23107362
s_016um_00372_00121-1,0.22600359
s_016um_00087_00194-1,0.23205525
s_016um_00220_00226-1,0.23162875
s_016um_00066_00126-1,0.22863612
s_016um_00251_00020-1,0.24003632
s_016um_00042_00044-1,0.25549176
s_016um_00098_00027-1,0.2005911
s_016um_00228_00249-1,0.1937261
s_016um_00038_00172-1,0.23898438
s_016um_00209_00296-1,0.24154688
s_016um_00106_00385-1,0.16443439
s_016um_00084_00266-1,0.22683494
s_016um_00147_00399-1,0.20324808
s_016um_00398_00182-1,0.3133992
s_016um_00273_00052-1,0.20667182
s_016um_00101_00023-1,0.24200606
s_016um_00378_00137-1,0.28505427
s_016um_00095_00277-1,0.20914266
s_016um_00141_00223-1,0.2836572
s_016um_00260_00133-1,0.24573371
s_016um_00272_00058-1,0.2465125
s_016um_00169_00370-1,0.26260325
s_016um_00353_00023-1,0.36432943
s_016um_00389_00292-1,0.22435556
s_016um_00253_00026-1,0.23996863
s_016um_00362_00226-1,0.2453875
s_016um_00079_00236-1,0.20332593
s_016um_00403_00150-1,0.25149485
s_016um_00046_00209-1,0.224258
s_016um_00400_00402-1,1.4702932
s_016um_00219_00281-1,0.24663605
s_016um_00274_00225-1,0.26155886
s_016um_00053_00248-1,0.22515297
s_016um_00081_00292-1,0.19209526
s_016um_00361_00290-1,0.20003204
s_016um_00277_00327-1,0.24150406
s_016um_00138_00215-1,0.13218993
s_016um_00074_00248-1,0.18168297
s_016um_00083_00200-1,0.22862034
s_016um_00329_00218-1,0.2540307
s_016um_00005_00296-1,0.24288647
s_016um_00276_00208-1,0.24009068
s_016um_00039_00178-1,0.24498107
s_016um_00123_00386-1,0.20409183
s_016um_00143_00020-1,0.21409455
s_016um_00407_00401-1,1.2260286
s_016um_00391_00343-1,0.5725741
s_016um_00031_00331-1,0.22276933
s_016um_00228_00237-1,0.23823032
s_016um_00218_00032-1,0.18818253
s_016um_00396_00220-1,0.22392769
s_016um_00215_00282-1,0.26685604
s_016um_00008_00153-1,0.26184803
s_016um_00102_00383-1,0.22481078
s_016um_00184_00028-1,0.28327155
s_016um_00266_00057-1,0.25997305
s_016um_00141_00060-1,0.28874275
s_016um_00193_00120-1,0.26699263
s_016um_00268_00332-1,0.22969425
s_016um_00209_00031-1,0.26865
s_016um_00354_00416-1,0.92416555
s_016um_00365_00098-1,0.35408434
s_016um_00041_00049-1,0.30272382
s_016um_00210_00296-1,0.29635707
s_016um_00089_00068-1,0.21708335
s_016um_00245_00086-1,0.23638356
s_016um_00193_00130-1,0.24024117
s_016um_00126_00089-1,0.21935979
s_016um_00083_00071-1,0.30284464
s_016um_00235_00268-1,0.20079874
s_016um_00219_00280-1,0.22883399
s_016um_00079_00241-1,0.26466075
s_016um_00133_00230-1,0.21300133
s_016um_00257_00034-1,0.27608284
s_016um_00263_00187-1,0.22678822
s_016um_00394_00358-1,0.4991041
s_016um_00105_00384-1,0.18747814
s_016um_00129_00386-1,0.2071507
s_016um_00262_00186-1,0.21654175
s_016um_00417_00138-1,0.22177796
s_016um_00287_00092-1,0.26961535
s_016um_00177_00032-1,0.30970675
s_016um_00110_00318-1,0.22827876
s_016um_00218_00277-1,0.23425479
s_016um_00260_00033-1,0.20235887
s_016um_00386_00295-1,0.25387466
s_016um_00360_00286-1,0.25957826
s_016um_00030_00331-1,0.20635828
s_016um_00266_00332-1,0.22901614
s_016um_00197_00123-1,0.20973837
s_016um_00271_00221-1,0.23575206
s_016um_00265_00033-1,0.24356289
s_016um_00273_00201-1,0.17936362
s_016um_00359_00096-1,0.22090404
s_016um_00220_00030-1,0.23786123
s_016um_00097_00317-1,0.1685938
s_016um_00346_00212-1,0.21636781
s_016um_00389_00345-1,0.23247313
s_016um_00067_00131-1,0.27170676
s_016um_00401_00403-1,1.355802
s_016um_00214_00029-1,0.25745478
s_016um_00266_00036-1,0.25011
s_016um_00065_00235-1,0.2901931
s_016um_00037_00045-1,0.25969294
s_016um_00084_00029-1,0.36423707
s_016um_00265_00336-1,0.2652874
s_016um_00395_00217-1,0.24879621
s_016um_00214_00278-1,0.18183282
s_016um_00077_00293-1,0.259554
s_016um_00280_00130-1,0.17453006
s_016um_00088_00267-1,0.29120615
s_016um_00372_00120-1,0.22874564
s_016um_00109_00315-1,0.19581494
s_016um_00416_00142-1,0.25073612
s_016um_00282_00325-1,0.2431622
s_016um_00384_00128-1,0.22136459
s_016um_00102_00068-1,0.23415765
s_016um_00005_00299-1,0.18657765
s_016um_00361_00415-1,0.87315035
s_016um_00330_00214-1,0.26184407
s_016um_00265_00058-1,0.29165894
s_016um_00222_00031-1,0.2587509
s_016um_00364_00228-1,0.21445137
s_016um_00381_00134-1,0.2152512
s_016um_00280_00204-1,0.24287891
s_016um_00146_00018-1,0.23866017
s_016um_00089_00067-1,0.28525192
s_016um_00130_00086-1,0.2626391
s_016um_00408_00098-1,0.2621345
s_016um_00060_00249-1,0.25367066
s_016um_00334_00215-1,0.24999733
s_016um_00095_00276-1,0.22019714
s_016um_00403_00120-1,0.26551205
s_016um_00267_00133-1,0.20866843
s_016um_00229_00267-1,0.2821444
s_016um_00384_00130-1,0.24341518
s_016um_00029_00331-1,0.19633225
s_016um_00226_00332-1,0.22389853
s_016um_00409_00152-1,0.23651752
s_016um_00269_00037-1,0.24411418
s_016um_00281_00315-1,0.22040062
s_016um_00205_00148-1,0.32196116
s_016um_00261_00190-1,0.24882193
s_016um_00083_00030-1,0.2629113
s_016um_00106_00320-1,0.21608323
s_016um_00031_00087-1,0.2396257
s_016um_00040_00041-1,0.23674795
s_016um_00079_00268-1,0.22994453
s_016um_00400_00123-1,0.2694732
s_016um_00218_00010-1,0.23009077
s_016um_00270_00331-1,0.29036447
s_016um_00140_00018-1,0.2616299
s_016um_00209_00033-1,0.30869588
s_016um_00267_00063-1,0.17643464
s_016um_00041_00219-1,0.22620808
s_016um_00106_00389-1,0.2646013
s_016um_00355_00290-1,0.14331993
s_016um_00094_00337-1,0.2521779
s_016um_00035_00005-1,0.28104177
s_016um_00220_00278-1,0.20928647
s_016um_00275_00051-1,0.25990105
s_016um_00311_00054-1,0.22664769
s_016um_00402_00395-1,0.8880191
s_016um_00334_00402-1,0.30179536
s_016um_00125_00092-1,0.28766382
s_016um_00328_00121-1,0.20282507
s_016um_00219_00012-1,0.20866343
s_016um_00402_00216-1,0.2155201
s_016um_00136_00069-1,0.23717101
s_016um_00140_00014-1,0.25351796
s_016um_00266_00330-1,0.25613832
s_016um_00131_00315-1,0.33352676
s_016um_00333_00210-1,0.19677244
s_016um_00356_00090-1,0.27225396
s_016um_00092_00320-1,0.28769484
s_016um_00120_00148-1,0.22884049
s_016um_00138_00076-1,0.29623175
s_016um_00077_00236-1,0.1915544
s_016um_00268_00230-1,0.27293307
s_016um_00381_00139-1,0.22164215
s_016um_00235_00362-1,0.29412848
s_016um_00223_00230-1,0.23209496
s_016um_00138_00221-1,0.35442662
s_016um_00390_00338-1,0.40391225
s_016um_00008_00295-1,0.24213871
s_016um_00079_00280-1,0.24486037
s_016um_00277_00201-1,0.23920785
s_016um_00399_00122-1,0.22621799
s_016um_00308_00052-1,0.23420143
s_016um_00357_00120-1,0.24897079
s_016um_00071_00236-1,0.29125
s_016um_00367_00224-1,0.2236529
s_016um_00145_00062-1,0.22983564
s_016um_00085_00279-1,0.24511603
s_016um_00278_00138-1,0.23575273
s_016um_00044_00244-1,0.19496566
s_016um_00261_00335-1,0.26677337
s_016um_00180_00033-1,0.25138608
s_016um_00088_00265-1,0.19764006
s_016um_00130_00317-1,0.37474975
s_016um_00323_00163-1,0.20051694
s_016um_00359_00294-1,0.2714324
s_016um_00219_00030-1,0.21141604
s_016um_00048_00217-1,0.25052243
s_016um_00008_00214-1,0.2036439
s_016um_00098_00315-1,0.23055226
s_016um_00259_00189-1,0.2370469
s_016um_00278_00316-1,0.15930083
s_016um_00126_00088-1,0.28974524
s_016um_00261_00127-1,0.25751472
s_016um_00402_00121-1,0.22334582
s_016um_00081_00271-1,0.23893313
s_016um_00236_00188-1,0.22707365
s_016um_00370_00228-1,0.22572021
s_016um_00129_00085-1,0.1984734
s_016um_00030_00329-1,0.22812527
s_016um_00059_00244-1,0.3145637
s_016um_00040_00009-1,0.22111386
s_016um_00041_00178-1,0.23038277
s_016um_00272_00033-1,0.29471403
s_016um_00393_00363-1,0.40658563
s_016um_00094_00272-1,0.2938577
s_016um_00353_00025-1,0.24484463
s_016um_00163_00123-1,0.26949173
s_016um_00085_00286-1,0.18879291
s_016um_00033_00104-1,0.22472987
s_016um_00146_00059-1,0.2884663
s_016um_00073_00249-1,0.24970923
s_016um_00144_00398-1,0.254625
s_016um_00106_00388-1,0.28235924
s_016um_00095_00318-1,0.26424938
s_016um_00280_00329-1,0.21490479
s_016um_00383_00130-1,0.24048062
s_016um_00061_00130-1,0.21728545
s_016um_00396_00219-1,0.25703374
s_016um_00336_00251-1,0.2941389
s_016um_00086_00029-1,0.20946822
s_016um_00227_00251-1,0.24844547
s_016um_00045_00210-1,0.27309024
s_016um_00145_00059-1,0.22561844
s_016um_00312_00059-1,0.1677853
s_016um_00376_00120-1,0.2554729
s_016um_00148_00396-1,0.28635547
s_016um_00168_00371-1,0.21501929
s_016um_00279_00325-1,0.24577126
s_016um_00273_00333-1,0.2724829
s_016um_00355_00123-1,0.26197618
s_016um_00325_00231-1,0.20966685
s_016um_00267_00130-1,0.23368512
s_016um_00237_00188-1,0.26582736
s_016um_00384_00295-1,0.22030412
s_016um_00033_00088-1,0.27272847
s_016um_00076_00296-1,0.26788387
s_016um_00077_00299-1,0.22850716
s_016um_00131_00389-1,0.24683784
s_016um_00278_00130-1,0.19805802
s_016um_00040_00214-1,0.25353384
s_016um_00238_00188-1,0.25176376
s_016um_00128_00383-1,0.1868763
s_016um_00396_00363-1,0.30872792
s_016um_00011_00154-1,0.27406883
s_016um_00262_00127-1,0.21652353
s_016um_00354_00024-1,0.25722006
s_016um_00130_00232-1,0.16898769
s_016um_00265_00054-1,0.19049963
s_016um_00234_00260-1,0.20278773
s_016um_00392_00360-1,0.29518202
s_016um_00311_00056-1,0.28936243
s_016um_00127_00383-1,0.25459343
s_016um_00085_00278-1,0.26614964
s_016um_00265_00335-1,0.19315629
s_016um_00133_00320-1,0.37420556
s_016um_00017_00272-1,0.2183611
s_016um_00046_00241-1,0.20534697
s_016um_00216_00012-1,0.2862681
s_016um_00329_00228-1,0.21367028
s_016um_00042_00210-1,0.28064698
s_016um_00093_00317-1,0.21472703
s_016um_00078_00252-1,0.19164218
s_016um_00081_00243-1,0.19995591
s_016um_00259_00132-1,0.18842217
s_016um_00046_00219-1,0.22251031
s_016um_00351_00117-1,0.20903516
s_016um_00229_00331-1,0.26064333
s_016um_00241_00189-1,0.20253372
s_016um_00173_00371-1,0.33487424
s_016um_00028_00091-1,0.237043
s_016um_00220_00015-1,0.2811386
s_016um_00076_00249-1,0.19306104
s_016um_00277_00136-1,0.27007994
s_016um_00351_00019-1,0.26211873
s_016um_00358_00090-1,0.23639333
s_016um_00374_00121-1,0.26600516
s_016um_00185_00030-1,0.27431324
s_016um_00346_00215-1,0.24188715
s_016um_00210_00030-1,0.25009665
s_016um_00399_00371-1,0.23766014
s_016um_00367_00227-1,0.27380925
s_016um_00081_00195-1,0.36576408
s_016um_00014_00212-1,0.35248595
s_016um_00339_00400-1,0.29635012
s_016um_00086_00265-1,0.24324688
s_016um_00277_00326-1,0.25733867
s_016um_00072_00245-1,0.18839604
s_016um_00082_00238-1,0.23931889
s_016um_00183_00027-1,0.29366258
s_016um_00371_00120-1,0.2619355
s_016um_00220_00236-1,0.25774634
s_016um_00401_00368-1,0.3305008
s_016um_00136_00075-1,0.24416201
s_016um_00341_00219-1,0.19620587
s_016um_00264_00132-1,0.23693164
s_016um_00235_00185-1,0.26326305
s_016um_00334_00212-1,0.25301403
s_016um_00092_00267-1,0.23888129
s_016um_00221_00168-1,0.22167365
s_016um_00197_00126-1,0.22706631
s_016um_00221_00228-1,0.22846885
s_016um_00100_00071-1,0.23294738
s_016um_00259_00184-1,0.2678906
s_016um_00357_00414-1,0.81006896
s_016um_00078_00292-1,0.20593138
s_016um_00326_00231-1,0.23927827
s_016um_00090_00072-1,0.20724592
s_016um_00183_00028-1,0.26934603
s_016um_00265_00062-1,0.31104326
s_016um_00223_00251-1,0.21061777
s_016um_00042_00214-1,0.25525102
s_016um_00234_00265-1,0.20693287
s_016um_00093_00339-1,0.20619786
s_016um_00328_00214-1,0.24948342
s_016um_00141_00018-1,0.25632608
s_016um_00221_00016-1,0.22955781
s_016um_00134_00319-1,0.36779118
s_016um_00167_00372-1,0.25754252
s_016um_00390_00298-1,0.2988502
s_016um_00270_00336-1,0.31335506
s_016um_00265_00029-1,0.22505687
s_016um_00141_00055-1,0.21473983
s_016um_00407_00402-1,1.4926026
s_016um_00265_00330-1,0.2298089
s_016um_00275_00050-1,0.19754052
s_016um_00313_00060-1,0.252879
s_016um_00229_00358-1,0.21687064
s_016um_00358_00292-1,0.24631761
s_016um_00402_00255-1,0.17419223
s_016um_00284_00094-1,0.26776567
s_016um_00273_00312-1,0.26301146
s_016um_00288_00100-1,0.18338199
s_016um_00081_00270-1,0.24458332
s_016um_00131_00226-1,0.2201471
s_016um_00396_00261-1,0.4831487
s_016um_00087_00265-1,0.2118339
s_016um_00336_00256-1,0.2280848
s_016um_00102_00070-1,0.33696935
s_016um_00273_00048-1,0.25317624
s_016um_00263_00332-1,0.20294692
s_016um_00275_00319-1,0.29836988
s_016um_00049_00215-1,0.29001743
s_016um_00094_00342-1,0.2053164
s_016um_00369_00123-1,0.2512012
s_016um_00224_00168-1,0.25397766
s_016um_00331_00251-1,0.23237316
s_016um_00388_00298-1,0.22112645
s_016um_00222_00332-1,0.2236685
s_016um_00080_00240-1,0.21889853
s_016um_00136_00315-1,0.2731478
s_016um_00280_00047-1,0.27659798
s_016um_00217_00028-1,0.18436122
s_016um_00104_00071-1,0.2099484
s_016um_00132_00230-1,0.21728452
s_016um_00221_00011-1,0.23163757
s_016um_00237_00084-1,0.39443973
s_016um_00079_00292-1,0.20628831
s_016um_00396_00362-1,0.30582696
s_016um_00079_00300-1,0.24605168
s_016um_00224_00328-1,0.21381089
s_016um_00086_00279-1,0.24559005
s_016um_00263_00055-1,0.18926233
s_016um_00104_00384-1,0.24010338
s_016um_00396_00183-1,0.23600417
s_016um_00369_00225-1,0.2048007
s_016um_00404_00404-1,1.2798848
s_016um_00389_00299-1,0.24117255
s_016um_00040_00100-1,0.25008577
s_016um_00063_00133-1,0.29071543
s_016um_00224_00029-1,0.24949422
s_016um_00140_00072-1,0.24488173
s_016um_00318_00168-1,0.28881565
s_016um_00250_00019-1,0.21561442
s_016um_00332_00253-1,0.2616981
s_016um_00351_00119-1,0.17472492
s_016um_00107_00385-1,0.16731502
s_016um_00044_00046-1,0.2291327
s_016um_00261_00192-1,0.23136023
s_016um_00347_00214-1,0.18499468
s_016um_00040_00176-1,0.23456644
s_016um_00134_00090-1,0.23783968
s_016um_00351_00093-1,0.3030936
s_016um_00243_00082-1,0.24944524
s_016um_00033_00329-1,0.18068363
s_016um_00273_00208-1,0.26365745
s_016um_00238_00359-1,0.2670024
s_016um_00362_00292-1,0.32323727
s_016um_00143_00056-1,0.27467477
s_016um_00122_00150-1,0.24019766
s_016um_00320_00168-1,0.2204492
s_016um_00006_00295-1,0.20266235
s_016um_00075_00250-1,0.22126639
s_016um_00398_00362-1,0.45942798
s_016um_00027_00335-1,0.21139234
s_016um_00339_00216-1,0.25268963
s_016um_00213_00292-1,0.22623944
s_016um_00334_00254-1,0.26737344
s_016um_00099_00031-1,0.22265682
s_016um_00269_00059-1,0.24430782
s_016um_00018_00272-1,0.23432493
s_016um_00228_00244-1,0.21373488
s_016um_00011_00214-1,0.19191867
s_016um_00164_00291-1,0.26840404
s_016um_00376_00143-1,0.26217842
s_016um_00243_00187-1,0.26664156
s_016um_00330_00210-1,0.23841012
s_016um_00169_00122-1,0.22016191
s_016um_00394_00176-1,0.25081885
s_016um_00254_00028-1,0.30978954
s_016um_00144_00054-1,0.24123423
s_016um_00084_00073-1,0.31530505
s_016um_00225_00326-1,0.3087749
s_016um_00134_00322-1,0.4418239
s_016um_00088_00266-1,0.21593022
s_016um_00074_00240-1,0.268559
s_016um_00179_00026-1,0.15114927
s_016um_00217_00173-1,0.2654956
s_016um_00228_00250-1,0.23194537
s_016um_00026_00087-1,0.32439485
s_016um_00129_00233-1,0.23988573
s_016um_00091_00270-1,0.25411686
s_016um_00126_00091-1,0.23858176
s_016um_00135_00314-1,0.35092854
s_016um_00278_00132-1,0.24536349
s_016um_00368_00142-1,0.19962297
s_016um_00126_00094-1,0.22347331
s_016um_00230_00246-1,0.23942035
s_016um_00091_00319-1,0.19768177
s_016um_00044_00240-1,0.24526818
s_016um_00391_00184-1,0.2472253
s_016um_00267_00223-1,0.25850555
s_016um_00036_00047-1,0.27778083
s_016um_00143_00022-1,0.2848102
s_016um_00131_00319-1,0.36328638
s_016um_00089_00275-1,0.19223647
s_016um_00272_00225-1,0.21644044
s_016um_00139_00219-1,0.26815605
s_016um_00222_00248-1,0.23243964
s_016um_00087_00266-1,0.23652652
s_016um_00371_00122-1,0.22360718
s_016um_00241_00183-1,0.26316658
s_016um_00191_00094-1,0.37552854
s_016um_00269_00054-1,0.24573493
s_016um_00056_00245-1,0.27091736
s_016um_00370_00144-1,0.23456706
s_016um_00153_00395-1,0.2584281
s_016um_00050_00241-1,0.307605
s_016um_00224_00025-1,0.21991526
s_016um_00010_00299-1,0.18904382
s_016um_00087_00034-1,0.29038268
s_016um_00321_00301-1,0.22638679
s_016um_00236_00357-1,0.27486765
s_016um_00320_00229-1,0.23928058
s_016um_00143_00015-1,0.2696207
s_016um_00041_00208-1,0.27453005
s_016um_00079_00198-1,0.2622657
s_016um_00088_00066-1,0.24742112
s_016um_00086_00284-1,0.19147974
s_016um_00255_00025-1,0.22697869
s_016um_00393_00361-1,0.3105064
s_016um_00408_00396-1,1.0065541
s_016um_00062_00127-1,0.25082973
s_016um_00043_00175-1,0.23081659
s_016um_00274_00318-1,0.29270726
s_016um_00159_00291-1,0.23277809
s_016um_00289_00092-1,0.25525704
s_016um_00106_00319-1,0.23820958
s_016um_00239_00187-1,0.20825131
s_016um_00388_00297-1,0.26805186
s_016um_00333_00250-1,0.26780796
s_016um_00141_00216-1,0.1811696
s_016um_00099_00027-1,0.28727007
s_016um_00108_00317-1,0.20227556
s_016um_00250_00026-1,0.20706926
s_016um_00405_00122-1,0.24618383
s_016um_00116_00146-1,0.24985592
s_016um_00368_00099-1,0.4616279
s_016um_00267_00226-1,0.27372745
s_016um_00103_00389-1,0.22477967
s_016um_00403_00401-1,1.2488401
s_016um_00240_00184-1,0.19677117
s_016um_00021_00271-1,0.34838495
s_016um_00127_00087-1,0.23983206
s_016um_00275_00326-1,0.26052645
s_016um_00082_00277-1,0.2340725
s_016um_00234_00263-1,0.28253132
s_016um_00368_00143-1,0.17537718
s_016um_00412_00099-1,0.19701447
s_016um_00048_00241-1,0.26246113
s_016um_00224_00031-1,0.28260848
s_016um_00395_00361-1,0.42950982
s_016um_00096_00028-1,0.2953825
s_016um_00266_00226-1,0.1948825
s_016um_00065_00231-1,0.27441376
s_016um_00397_00256-1,0.19393277
s_016um_00404_00123-1,0.20356935
s_016um_00216_00294-1,0.24219218
s_016um_00153_00396-1,0.2363498
s_016um_00217_00168-1,0.23918366
s_016um_00390_00359-1,0.4559793
s_016um_00091_00276-1,0.2478409
s_016um_00333_00258-1,0.2221633
s_016um_00279_00315-1,0.22411649
s_016um_00277_00050-1,0.29738843
s_016um_00415_00101-1,0.24638082
s_016um_00210_00292-1,0.20918284
s_016um_00141_00218-1,0.21400309
s_016um_00239_00185-1,0.25206253
s_016um_00254_00026-1,0.25548247
s_016um_00078_00236-1,0.25030658
s_016um_00364_00099-1,0.26611593
s_016um_00131_00390-1,0.23067126
s_016um_00257_00190-1,0.23295183
s_016um_00368_00229-1,0.22322555
s_016um_00273_00228-1,0.24483268
s_016um_00142_00023-1,0.22352715
s_016um_00309_00060-1,0.27448872
s_016um_00166_00124-1,0.21846552
s_016um_00083_00036-1,0.2888296
s_016um_00227_00264-1,0.22071797
s_016um_00058_00249-1,0.1838344
s_016um_00368_00120-1,0.33273712
s_016um_00257_00188-1,0.17071737
s_016um_00387_00338-1,0.24324566
s_016um_00280_00321-1,0.22538954
s_016um_00108_00384-1,0.18472897
s_016um_00085_00069-1,0.30662143
s_016um_00189_00127-1,0.24385715
s_016um_00086_00036-1,0.21827497
s_016um_00096_00277-1,0.1934235
s_016um_00098_00317-1,0.23624258
s_016um_00261_00131-1,0.22792725
s_016um_00095_00272-1,0.20734134
s_016um_00099_00068-1,0.23465608
s_016um_00342_00213-1,0.21146809
s_016um_00013_00210-1,0.24071999
s_016um_00009_00156-1,0.23396271
s_016um_00391_00357-1,0.5447951
s_016um_00329_00211-1,0.2330302
s_016um_00408_00124-1,0.20562094
s_016um_00119_00151-1,0.25111806
s_016um_00070_00129-1,0.25525686
s_016um_00351_00118-1,0.2432997
s_016um_00309_00052-1,0.35258797
s_016um_00305_00056-1,0.25319862
s_016um_00390_00343-1,0.40056002
s_016um_00026_00084-1,0.20205492
s_016um_00326_00121-1,0.27738276
s_016um_00239_00358-1,0.20941943
s_016um_00220_00012-1,0.2671637
s_016um_00165_00374-1,0.21786952
s_016um_00134_00070-1,0.20863684
s_016um_00280_00136-1,0.28192267
s_016um_00228_00246-1,0.220754
s_016um_00077_00249-1,0.18396337
s_016um_00394_00214-1,0.29628354
s_016um_00375_00141-1,0.2259644
s_016um_00042_00176-1,0.24633566
s_016um_00222_00244-1,0.14666593
s_016um_00005_00151-1,0.3326509
s_016um_00071_00231-1,0.17842717
s_016um_00396_00359-1,0.49428463
s_016um_00141_00059-1,0.28025573
s_016um_00222_00280-1,0.26639453
s_016um_00331_00120-1,0.258698
s_016um_00224_00333-1,0.24593505
s_016um_00269_00034-1,0.20636365
s_016um_00403_00403-1,1.2745271
s_016um_00221_00013-1,0.2581458
s_016um_00145_00061-1,0.2315333
s_016um_00034_00009-1,0.22010118
s_016um_00095_00334-1,0.23063147
s_016um_00401_00370-1,0.24601091
s_016um_00360_00287-1,0.23947833
s_016um_00101_00391-1,0.21371607
s_016um_00279_00204-1,0.23716912
s_016um_00404_00396-1,0.8922735
s_016um_00082_00299-1,0.20982435
s_016um_00388_00293-1,0.2966499
s_016um_00181_00031-1,0.28520867
s_016um_00107_00319-1,0.3013698
s_016um_00104_00382-1,0.21708967
s_016um_00286_00093-1,0.26825118
s_016um_00330_00215-1,0.30021173
s_016um_00065_00127-1,0.2793555
s_016um_00391_00299-1,0.2541429
s_016um_00245_00087-1,0.2611955
s_016um_00217_00034-1,0.22344573
s_016um_00273_00226-1,0.26037416
s_016um_00368_00096-1,0.22329822
s_016um_00096_00336-1,0.23521374
s_016um_00277_00045-1,0.21130323
s_016um_00086_00066-1,0.30958265
s_016um_00240_00185-1,0.26842287
s_016um_00277_00318-1,0.21880667
s_016um_00139_00221-1,0.2448243
s_016um_00287_00091-1,0.28183162
s_016um_00222_00016-1,0.2501754
s_016um_00226_00233-1,0.30890137
s_016um_00261_00134-1,0.17889814
s_016um_00405_00395-1,1.0140069
s_016um_00143_00063-1,0.34473535
s_016um_00081_00283-1,0.2648644
s_016um_00232_00354-1,0.2874944
s_016um_00168_00126-1,0.19257623
s_016um_00278_00311-1,0.26901963
s_016um_00399_00258-1,0.27779502
s_016um_00271_00059-1,0.26241982
s_016um_00140_00074-1,0.22182764
s_016um_00044_00043-1,0.2703172
s_016um_00216_00226-1,0.28962782
s_016um_00319_00168-1,0.24190664
s_016um_00132_00388-1,0.28988287
s_016um_00225_00332-1,0.25757626
s_016um_00390_00360-1,0.40690047
s_016um_00062_00128-1,0.24307714
s_016um_00320_00167-1,0.23529427
s_016um_00008_00207-1,0.25714132
s_016um_00132_00088-1,0.29934064
s_016um_00244_00089-1,0.20196554
s_016um_00260_00193-1,0.23830375
s_016um_00108_00313-1,0.20999771
s_016um_00066_00232-1,0.21851987
s_016um_00336_00250-1,0.2637937
s_016um_00130_00385-1,0.2546778
s_016um_00272_00336-1,0.22055912
s_016um_00074_00245-1,0.29756242
s_016um_00140_00062-1,0.27180198
s_016um_00402_00401-1,1.2627589
s_016um_00132_00389-1,0.23431252
s_016um_00273_00317-1,0.297142
s_016um_00389_00342-1,0.28266996
s_016um_00082_00281-1,0.17105913
s_016um_00260_00131-1,0.26537263
s_016um_00215_00281-1,0.2269607
s_016um_00097_00025-1,0.33898076
s_016um_00097_00028-1,0.27157158
s_016um_00005_00298-1,0.25502276
s_016um_00128_00231-1,0.1893684
s_016um_00102_00028-1,0.27289498
s_016um_00353_00092-1,0.23858516
s_016um_00360_00412-1,0.5824797
s_016um_00368_00123-1,0.27818745
s_016um_00397_00366-1,0.27425328
s_016um_00100_00389-1,0.44008076
s_016um_00264_00062-1,0.28966433
s_016um_00371_00146-1,0.26195574
s_016um_00241_00187-1,0.25015342
s_016um_00069_00233-1,0.24274418
s_016um_00403_00259-1,0.41273475
s_016um_00217_00232-1,0.21838103
s_016um_00087_00032-1,0.31240568
s_016um_00100_00317-1,0.24304411
s_016um_00271_00334-1,0.22682823
s_016um_00358_00414-1,0.74166465
s_016um_00245_00085-1,0.20248877
s_016um_00357_00118-1,0.23901431
s_016um_00068_00131-1,0.23842837
s_016um_00412_00101-1,0.28300145
s_016um_00224_00024-1,0.31491965
s_016um_00097_00275-1,0.20035024
s_016um_00335_00212-1,0.21276388
s_016um_00201_00150-1,0.19988385
s_016um_00393_00365-1,0.33056122
s_016um_00214_00295-1,0.23491485
s_016um_00138_00070-1,0.26325876
s_016um_00349_00019-1,0.2680864
s_016um_00227_00333-1,0.21015537
s_016um_00233_00361-1,0.23138651
s_016um_00035_00003-1,0.26552814
s_016um_00165_00291-1,0.20284598
s_016um_00405_00400-1,1.4306185
s_016um_00333_00253-1,0.2500307
s_016um_00045_00206-1,0.24190491
s_016um_00314_00057-1,0.27899757
s_016um_00400_00397-1,0.65976393
s_016um_00348_00019-1,0.24603857
s_016um_00391_00178-1,0.29931593
s_016um_00346_00218-1,0.2627862
s_016um_00321_00166-1,0.2360933
s_016um_00094_00334-1,0.16882469
s_016um_00397_00212-1,0.2601853
s_016um_00415_00098-1,0.22689445
s_016um_00398_00213-1,0.20538199
s_016um_00196_00129-1,0.2837989
s_016um_00261_00187-1,0.21711393
s_016um_00125_00389-1,0.24476486
s_016um_00009_00213-1,0.21847296
s_016um_00407_00149-1,0.2596988
s_016um_00136_00217-1,0.20843107
s_016um_00085_00283-1,0.20706114
s_016um_00039_00103-1,0.23121308
s_016um_00250_00021-1,0.22051305
s_016um_00162_00290-1,0.16449839
s_016um_00243_00184-1,0.26563466
s_016um_00079_00237-1,0.16168688
s_016um_00132_00315-1,0.36701906
s_016um_00272_00028-1,0.2175879
s_016um_00237_00184-1,0.23117447
s_016um_00013_00296-1,0.24484164
s_016um_00127_00386-1,0.22510813
s_016um_00038_00041-1,0.2975794
s_016um_00368_00224-1,0.24217056
s_016um_00145_00398-1,0.22664492
s_016um_00351_00022-1,0.31522632
s_016um_00246_00088-1,0.26608393
s_016um_00101_00067-1,0.24278164
s_016um_00394_00367-1,0.2279492
s_016um_00284_00098-1,0.24101983
s_016um_00330_00121-1,0.22534451
s_016um_00036_00043-1,0.2661948
s_016um_00268_00032-1,0.35478842
s_016um_00415_00104-1,0.25620684
s_016um_00084_00066-1,0.23647949
s_016um_00098_00335-1,0.19578806
s_016um_00087_00268-1,0.19451265
s_016um_00404_00398-1,1.163958
s_016um_00014_00209-1,0.2177104
s_016um_00215_00229-1,0.21596241
s_016um_00219_00227-1,0.21337175
s_016um_00042_00215-1,0.35473776
s_016um_00271_00048-1,0.24470562
s_016um_00132_00322-1,0.34462166
s_016um_00130_00231-1,0.2556145
s_016um_00319_00228-1,0.2305326
s_016um_00326_00300-1,0.2459811
s_016um_00398_00216-1,0.2219542
s_016um_00280_00137-1,0.25997853
s_016um_00222_00173-1,0.31217772
s_016um_00393_00366-1,0.32116646
s_016um_00194_00129-1,0.28803307
s_016um_00137_00068-1,0.20640637
s_016um_00138_00017-1,0.18792772
s_016um_00035_00004-1,0.28816253
s_016um_00016_00269-1,0.22994912
s_016um_00349_00022-1,0.20972037
s_016um_00256_00026-1,0.37587327
s_016um_00011_00209-1,0.23561528
s_016um_00362_00293-1,0.27925235
s_016um_00400_00264-1,0.21702097
s_016um_00005_00150-1,0.25525814
s_016um_00265_00055-1,0.15514427
s_016um_00356_00025-1,0.23711203
s_016um_00032_00091-1,0.24844924
s_016um_00082_00284-1,0.2328999
s_016um_00121_00151-1,0.1799373
s_016um_00087_00067-1,0.19562417
s_016um_00037_00049-1,0.22145097
s_016um_00364_00097-1,0.25193724
s_016um_00352_00118-1,0.18646434
s_016um_00241_00090-1,0.21308748
s_016um_00131_00322-1,0.30007908
s_016um_00055_00249-1,0.1828979
s_016um_00220_00277-1,0.24204513
s_016um_00410_00146-1,0.24886018
s_016um_00355_00291-1,0.20523709
s_016um_00099_00319-1,0.21716857
s_016um_00221_00277-1,0.27891424
s_016um_00274_00314-1,0.2749904
s_016um_00222_00250-1,0.2002696
s_016um_00130_00092-1,0.23208894
s_016um_00038_00210-1,0.24981886
s_016um_00404_00257-1,0.22378229
s_016um_00392_00182-1,0.23128663
s_016um_00182_00025-1,0.26835504
s_016um_00408_00101-1,0.2919287
s_016um_00098_00022-1,0.27805367
s_016um_00392_00343-1,0.26334426
s_016um_00192_00124-1,0.19196844
s_016um_00116_00145-1,0.25692746
s_016um_00116_00150-1,0.2837004
s_016um_00083_00295-1,0.21761611
s_016um_00214_00294-1,0.24645266
s_016um_00290_00097-1,0.21917209
s_016um_00084_00267-1,0.22846375
s_016um_00325_00230-1,0.2439912
s_016um_00353_00091-1,0.20876312
s_016um_00248_00019-1,0.20828462
s_016um_00029_00083-1,0.21519685
s_016um_00406_00152-1,0.19631504
s_016um_00135_00233-1,0.20093949
s_016um_00135_00225-1,0.24393386
s_016um_00099_00072-1,0.20855066
s_016um_00141_00054-1,0.2902822
s_016um_00087_00199-1,0.2548121
s_016um_00207_00152-1,0.21682748
s_016um_00324_00300-1,0.222001
s_016um_00028_00092-1,0.25489107
s_016um_00264_00330-1,0.23682986
s_016um_00089_00072-1,0.29170874
s_016um_00101_00072-1,0.27682772
s_016um_00112_00319-1,0.18277802
s_016um_00325_00166-1,0.22692923
s_016um_00072_00247-1,0.18844928
s_016um_00084_00272-1,0.2202164
s_016um_00223_00332-1,0.24528456
s_016um_00047_00241-1,0.22440368
s_016um_00080_00195-1,0.25888208
s_016um_00333_00212-1,0.21600866
s_016um_00353_00090-1,0.16908202
s_016um_00394_00371-1,0.40490717
s_016um_00032_00092-1,0.21641237
s_016um_00214_00283-1,0.24246933
s_016um_00356_00114-1,0.35345566
s_016um_00177_00028-1,0.24083759
s_016um_00252_00025-1,0.25705615
s_016um_00225_00249-1,0.23156446
s_016um_00247_00090-1,0.21896634
s_016um_00080_00280-1,0.22119239
s_016um_00224_00233-1,0.2526942
s_016um_00280_00051-1,0.25299022
s_016um_00034_00098-1,0.39958948
s_016um_00406_00399-1,1.2637794
s_016um_00395_00338-1,0.2566367
s_016um_00406_00127-1,0.21855745
s_016um_00404_00153-1,0.29544705
s_016um_00042_00047-1,0.2599414
s_016um_00009_00212-1,0.24681927
s_016um_00383_00133-1,0.293378
s_016um_00219_00011-1,0.26697344
s_016um_00011_00297-1,0.23731947
s_016um_00388_00294-1,0.21552405
s_016um_00027_00091-1,0.22404192
s_016um_00212_00034-1,0.19680357
s_016um_00256_00190-1,0.24013518
s_016um_00329_00213-1,0.23253411
s_016um_00343_00214-1,0.21839738
s_016um_00224_00032-1,0.2816382
s_016um_00278_00050-1,0.22271511
s_016um_00377_00138-1,0.30375028
s_016um_00348_00213-1,0.1792768
s_016um_00207_00146-1,0.19564973
s_016um_00321_00302-1,0.23227349
s_016um_00140_00020-1,0.2914162
s_016um_00355_00115-1,0.24081405
s_016um_00040_00170-1,0.34686825
s_016um_00405_00145-1,0.23125291
s_016um_00095_00315-1,0.25792056
s_016um_00265_00032-1,0.2330766
s_016um_00088_00032-1,0.22476996
s_016um_00216_00168-1,0.26202
s_016um_00096_00320-1,0.27581313
s_016um_00359_00117-1,0.2586045
s_016um_00092_00279-1,0.22368756
s_016um_00402_00127-1,0.2319679
s_016um_00415_00140-1,0.24877149
s_016um_00354_00290-1,0.23234965
s_016um_00139_00218-1,0.2352198
s_016um_00395_00373-1,0.3157025
s_016um_00217_00026-1,0.28331023
s_016um_00321_00232-1,0.18342175
s_016um_00264_00130-1,0.17858046
s_016um_00313_00052-1,0.247906
s_016um_00086_00268-1,0.20860246
s_016um_00169_00125-1,0.2618675
s_016um_00018_00263-1,0.22802942
s_016um_00407_00123-1,0.2259405
s_016um_00029_00087-1,0.18616644
s_016um_00085_00065-1,0.26226878
s_016um_00140_00076-1,0.37491667
s_016um_00014_00270-1,0.2371334
s_016um_00266_00132-1,0.22852047
s_016um_00125_00093-1,0.22205107
s_016um_00231_00263-1,0.22812496
s_016um_00151_00401-1,0.23833096
s_016um_00071_00246-1,0.22039323
s_016um_00263_00184-1,0.2066844
s_016um_00258_00031-1,0.26188472
s_016um_00099_00073-1,0.22963984
s_016um_00332_00216-1,0.23177221
s_016um_00152_00396-1,0.20185308
s_016um_00214_00281-1,0.23390628
s_016um_00083_00272-1,0.22467618
s_016um_00212_00295-1,0.21300572
s_016um_00405_00149-1,0.24134506
s_016um_00279_00044-1,0.25219402
s_016um_00221_00330-1,0.21692356
s_016um_00081_00030-1,0.25404805
s_016um_00414_00136-1,0.23389767
s_016um_00133_00076-1,0.2661815
s_016um_00360_00414-1,0.4933967
s_016um_00326_00166-1,0.23738627
s_016um_00403_00399-1,1.069279
s_016um_00369_00223-1,0.26513076
s_016um_00237_00356-1,0.24825606
s_016um_00041_00210-1,0.32088333
s_016um_00008_00211-1,0.33326226
s_016um_00201_00145-1,0.21224532
s_016um_00230_00360-1,0.24511124
s_016um_00147_00394-1,0.21140477
s_016um_00146_00399-1,0.2872733
s_016um_00360_00410-1,0.29928184
s_016um_00080_00035-1,0.24030724
s_016um_00010_00214-1,0.2604934
s_016um_00383_00128-1,0.25273582
s_016um_00399_00126-1,0.2062451
s_016um_00324_00123-1,0.23683006
s_016um_00093_00319-1,0.26509252
s_016um_00093_00274-1,0.232939
s_016um_00280_00316-1,0.20569116
s_016um_00327_00125-1,0.21550038
s_016um_00261_00191-1,0.22358054
s_016um_00111_00314-1,0.21285535
s_016um_00049_00242-1,0.19872352
s_016um_00284_00096-1,0.22064787
s_016um_00041_00103-1,0.25494266
s_016um_00387_00298-1,0.20437258
s_016um_00144_00060-1,0.32744855
s_016um_00320_00169-1,0.24497433
s_016um_00231_00266-1,0.2017061
s_016um_00171_00124-1,0.34333232
s_016um_00032_00330-1,0.23862934
s_016um_00227_00234-1,0.3251207
s_016um_00136_00221-1,0.24247287
s_016um_00059_00249-1,0.21371146
s_016um_00399_00367-1,0.46126294
s_016um_00396_00262-1,0.26454985
s_016um_00043_00245-1,0.27620727
s_016um_00167_00378-1,0.24406637
s_016um_00064_00127-1,0.25588238
s_016um_00043_00179-1,0.28132328
s_016um_00114_00318-1,0.21156168
s_016um_00213_00289-1,0.26811522
s_016um_00328_00301-1,0.26074678
s_016um_00096_00322-1,0.26309687
s_016um_00279_00050-1,0.26223168
s_016um_00353_00093-1,0.15211084
s_016um_00041_00100-1,0.23027965
s_016um_00398_00358-1,0.38755175
s_016um_00355_00092-1,0.24580078
s_016um_00280_00324-1,0.26844007
s_016um_00081_00272-1,0.22733168
s_016um_00113_00315-1,0.20505543
s_016um_00280_00312-1,0.24014303
s_016um_00039_00204-1,0.21617664
s_016um_00048_00242-1,0.33646894
s_016um_00035_00331-1,0.26590326
s_016um_00374_00120-1,0.26878682
s_016um_00176_00029-1,0.2563388
s_016um_00131_00384-1,0.202261
s_016um_00058_00243-1,0.24972148
s_016um_00214_00282-1,0.34716025
s_016um_00289_00100-1,0.24344231
s_016um_00235_00261-1,0.23308586
s_016um_00372_00146-1,0.25291088
s_016um_00085_00070-1,0.22508639
s_016um_00132_00073-1,0.2780813
s_016um_00172_00376-1,0.2012193
s_016um_00268_00033-1,0.23795374
s_016um_00253_00028-1,0.28846928
s_016um_00321_00305-1,0.22551295
s_016um_00097_00338-1,0.2714422
s_016um_00380_00128-1,0.24231006
s_016um_00128_00388-1,0.22345263
s_016um_00232_00260-1,0.22652487
s_016um_00232_00087-1,0.24301264
s_016um_00284_00099-1,0.2575857
s_016um_00184_00029-1,0.2620771
s_016um_00243_00189-1,0.25679064
s_016um_00275_00045-1,0.26137236
s_016um_00009_00209-1,0.24777383
s_016um_00046_00244-1,0.2410417
s_016um_00222_00233-1,0.28657553
s_016um_00253_00022-1,0.24335335
s_016um_00083_00283-1,0.21758798
s_016um_00374_00144-1,0.20557272
s_016um_00117_00151-1,0.24711026
s_016um_00078_00242-1,0.23630786
s_016um_00400_00216-1,0.2924325
s_016um_00094_00333-1,0.21154773
s_016um_00222_00331-1,0.24653476
s_016um_00130_00087-1,0.32991487
s_016um_00261_00129-1,0.23892999
s_016um_00215_00280-1,0.2184528
s_016um_00226_00235-1,0.22729415
s_016um_00387_00296-1,0.27036923
s_016um_00338_00401-1,0.31367832
s_016um_00394_00357-1,0.34167078
s_016um_00039_00174-1,0.2591612
s_016um_00090_00069-1,0.2508882
s_016um_00213_00279-1,0.24140683
s_016um_00240_00084-1,0.24043359
s_016um_00266_00034-1,0.24724692
s_016um_00249_00019-1,0.23773214
s_016um_00216_00227-1,0.22883023
s_016um_00264_00188-1,0.18138444
s_016um_00010_00298-1,0.21941073
s_016um_00118_00151-1,0.2434039
s_016um_00027_00085-1,0.21562429
s_016um_00276_00201-1,0.21597087
s_016um_00174_00371-1,0.2761395
s_016um_00355_00411-1,0.54356515
s_016um_00042_00240-1,0.2606454
s_016um_00084_00270-1,0.20914026
s_016um_00405_00396-1,0.68186915
s_016um_00402_00399-1,0.8411441
s_016um_00096_00026-1,0.26717484
s_016um_00281_00205-1,0.2083438
s_016um_00168_00129-1,0.30316165
s_016um_00071_00250-1,0.19944465
s_016um_00383_00138-1,0.23146223
s_016um_00082_00066-1,0.2550109
s_016um_00371_00226-1,0.19843334
s_016um_00091_00069-1,0.25799814
s_016um_00229_00265-1,0.21953185
s_016um_00238_00182-1,0.18710971
s_016um_00268_00225-1,0.27668378
s_016um_00085_00280-1,0.17862925
s_016um_00372_00098-1,0.21241191
s_016um_00390_00295-1,0.21428226
s_016um_00242_00086-1,0.15873507
s_016um_00083_00067-1,0.19707823
s_016um_00355_00094-1,0.23874465
s_016um_00393_00218-1,0.23285599
s_016um_00025_00085-1,0.23197615
s_016um_00010_00155-1,0.2592984
s_016um_00379_00137-1,0.25081795
s_016um_00264_00332-1,0.21948025
s_016um_00357_00122-1,0.26104817
s_016um_00072_00252-1,0.24927954
s_016um_00384_00131-1,0.2788992
s_016um_00389_00339-1,0.26063046
s_016um_00225_00229-1,0.2103243
s_016um_00217_00283-1,0.22708423
s_016um_00233_00356-1,0.22452518
s_016um_00010_00152-1,0.26721492
s_016um_00257_00031-1,0.24953613
s_016um_00328_00227-1,0.25546578
s_016um_00237_00086-1,0.22324443
s_016um_00034_00337-1,0.16785182
s_016um_00057_00241-1,0.22102077
s_016um_00222_00169-1,0.21984906
s_016um_00063_00128-1,0.23878132
s_016um_00373_00145-1,0.31434953
s_016um_00039_00100-1,0.23666395
s_016um_00347_00218-1,0.23294137
s_016um_00095_00028-1,0.23492028
s_016um_00357_00116-1,0.27378744
s_016um_00140_00019-1,0.21555853
s_016um_00247_00089-1,0.23702963
s_016um_00279_00311-1,0.2662207
s_016um_00122_00144-1,0.20173885
s_016um_00415_00138-1,0.22310947
s_016um_00169_00121-1,0.19180897
s_016um_00273_00135-1,0.23033965
s_016um_00240_00190-1,0.2381757
s_016um_00089_00273-1,0.21863316
s_016um_00110_00316-1,0.23019426
s_016um_00096_00340-1,0.2382289
s_016um_00324_00223-1,0.23864315
s_016um_00252_00030-1,0.25667086
s_016um_00337_00404-1,0.38007092
s_016um_00086_00264-1,0.2633636
s_016um_00062_00131-1,0.26067907
s_016um_00041_00207-1,0.22581656
s_016um_00215_00033-1,0.23595904
s_016um_00370_00096-1,0.21431479
s_016um_00084_00033-1,0.21437104
s_016um_00192_00123-1,0.10767141
s_016um_00094_00323-1,0.30508578
s_016um_00393_00184-1,0.22842665
s_016um_00015_00265-1,0.24630217
s_016um_00358_00293-1,0.20072415
s_016um_00275_00227-1,0.22948097
s_016um_00308_00057-1,0.20864509
s_016um_00399_00124-1,0.24766408
s_016um_00357_00289-1,0.22025305
s_016um_00248_00084-1,0.19193603
s_016um_00085_00036-1,0.24678895
s_016um_00371_00101-1,0.29381928
s_016um_00178_00028-1,0.21953572
s_016um_00397_00183-1,0.25728747
s_016um_00031_00338-1,0.25410673
s_016um_00135_00217-1,0.23012868
s_016um_00306_00056-1,0.19204268
s_016um_00222_00335-1,0.24716084
s_016um_00035_00334-1,0.25277275
s_016um_00034_00335-1,0.2527192
s_016um_00096_00334-1,0.24032561
s_016um_00264_00134-1,0.21894002
s_016um_00053_00249-1,0.17780416
s_016um_00394_00177-1,0.16698462
s_016um_00324_00306-1,0.21553335
s_016um_00342_00218-1,0.23253676
s_016um_00131_00087-1,0.20482713
s_016um_00258_00185-1,0.3299281
s_016um_00095_00024-1,0.22389352
s_016um_00189_00096-1,0.28713232
s_016um_00270_00036-1,0.22509328
s_016um_00012_00300-1,0.21531439
s_016um_00104_00070-1,0.21498156
s_016um_00362_00287-1,0.25253588
s_016um_00391_00297-1,0.3295086
s_016um_00135_00069-1,0.28480992
s_016um_00099_00322-1,0.25299492
s_016um_00272_00208-1,0.26184094
s_016um_00336_00403-1,0.3516038
s_016um_00129_00387-1,0.23478295
s_016um_00268_00062-1,0.22719982
s_016um_00096_00338-1,0.29451346
s_016um_00140_00056-1,0.24644431
s_016um_00140_00217-1,0.25018924
s_016um_00264_00059-1,0.36037996
s_016um_00356_00023-1,0.27957407
s_016um_00106_00317-1,0.21353437
s_016um_00191_00090-1,0.25086334
s_016um_00284_00100-1,0.22274762
s_016um_00035_00100-1,0.21996756
s_016um_00105_00385-1,0.21117584
s_016um_00327_00230-1,0.24968353
s_016um_00262_00130-1,0.20676935
s_016um_00385_00129-1,0.24478917
s_016um_00083_00269-1,0.23272164
s_016um_00357_00121-1,0.27108106
s_016um_00390_00358-1,0.7448437
s_016um_00401_00255-1,0.3533402
s_016um_00082_00032-1,0.23587967
s_016um_00226_00248-1,0.22618368
s_016um_00022_00266-1,0.22313821
s_016um_00318_00169-1,0.17484626
s_016um_00246_00084-1,0.23729847
s_016um_00098_00029-1,0.23580077
s_016um_00279_00130-1,0.22576374
s_016um_00398_00178-1,0.33869988
s_016um_00080_00029-1,0.2573277
s_016um_00040_00179-1,0.3578597
s_016um_00030_00334-1,0.24624777
s_016um_00325_00225-1,0.2617136
s_016um_00079_00278-1,0.2623038
s_016um_00082_00195-1,0.35433772
s_016um_00010_00216-1,0.22432351
s_016um_00336_00399-1,0.26947856
s_016um_00335_00215-1,0.25010732
s_016um_00212_00297-1,0.2068078
s_016um_00227_00244-1,0.23097774
s_016um_00322_00161-1,0.30221337
s_016um_00139_00075-1,0.23530819
s_016um_00385_00127-1,0.23175266
s_016um_00030_00087-1,0.24398476
s_016um_00092_00277-1,0.19025865
s_016um_00041_00244-1,0.27985695
s_016um_00024_00088-1,0.2887177
s_016um_00256_00185-1,0.2421105
s_016um_00391_00345-1,0.6002945
s_016um_00110_00317-1,0.24557826
s_016um_00218_00280-1,0.19073364
s_016um_00314_00053-1,0.1641447
s_016um_00266_00056-1,0.22746105
s_016um_00209_00297-1,0.24196324
s_016um_00142_00220-1,0.20804895
s_016um_00394_00212-1,0.25148225
s_016um_00203_00151-1,0.2192208
s_016um_00112_00316-1,0.26484123
s_016um_00140_00219-1,0.14931136
s_016um_00372_00099-1,0.23470047
s_016um_00233_00092-1,0.17459081
s_016um_00045_00214-1,0.24629752
s_016um_00267_00060-1,0.21928029
s_016um_00208_00292-1,0.25852537
s_016um_00188_00097-1,0.2695009
s_016um_00325_00232-1,0.2153002
s_016um_00328_00122-1,0.18086654
s_016um_00384_00137-1,0.23468825
s_016um_00278_00201-1,0.2059176
s_016um_00323_00303-1,0.19847421
s_016um_00228_00233-1,0.12520045
s_016um_00267_00034-1,0.2388659
s_016um_00020_00268-1,0.34706587
s_016um_00380_00134-1,0.24468978
s_016um_00418_00141-1,0.2185179
s_016um_00223_00027-1,0.28789485
s_016um_00275_00317-1,0.27960777
s_016um_00135_00317-1,0.23578686
s_016um_00136_00316-1,0.35923445
s_016um_00368_00146-1,0.2861933
s_016um_00232_00259-1,0.2610036
s_016um_00225_00333-1,0.21899226
s_016um_00190_00096-1,0.31315523
s_016um_00092_00276-1,0.19950788
s_016um_00219_00166-1,0.19205377
s_016um_00102_00030-1,0.2571818
s_016um_00081_00033-1,0.27703667
s_016um_00035_00335-1,0.20599905
s_016um_00407_00127-1,0.19638619
s_016um_00088_00070-1,0.31272528
s_016um_00278_00314-1,0.15836468
s_016um_00100_00026-1,0.23123318
s_016um_00170_00129-1,0.22834101
s_016um_00352_00095-1,0.2005698
s_016um_00085_00269-1,0.1966246
s_016um_00288_00098-1,0.3652507
s_016um_00276_00137-1,0.19464594
s_016um_00008_00156-1,0.25488353
s_016um_00196_00091-1,0.37569824
s_016um_00313_00055-1,0.225273
s_016um_00276_00138-1,0.3682449
s_016um_00075_00246-1,0.23037544
s_016um_00083_00266-1,0.23430847
s_016um_00279_00132-1,0.25208324
s_016um_00355_00020-1,0.29402167
s_016um_00288_00099-1,0.24681878
s_016um_00221_00033-1,0.19024241
s_016um_00103_00068-1,0.28240672
s_016um_00136_00227-1,0.24970357
s_016um_00095_00278-1,0.21413094
s_016um_00265_00132-1,0.22836216
s_016um_00321_00230-1,0.2298596
s_016um_00028_00332-1,0.23495579
s_016um_00383_00140-1,0.27896094
s_016um_00404_00402-1,1.3839803
s_016um_00197_00094-1,0.24018535
s_016um_00011_00210-1,0.22993694
s_016um_00253_00021-1,0.27460113
s_016um_00341_00397-1,0.33803803
s_016um_00288_00093-1,0.22497469
s_016um_00401_00261-1,0.27643
s_016um_00381_00135-1,0.21351653
s_016um_00045_00213-1,0.25162715
s_016um_00364_00225-1,0.1167877
s_016um_00291_00098-1,0.21602365
s_016um_00373_00117-1,0.23906933
s_016um_00167_00373-1,0.17778432
s_016um_00252_00024-1,0.23611906
s_016um_00344_00221-1,0.31607234
s_016um_00255_00023-1,0.20022981
s_016um_00223_00169-1,0.17198923
s_016um_00277_00324-1,0.4072851
s_016um_00354_00094-1,0.20998496
s_016um_00244_00091-1,0.20123217
s_016um_00238_00357-1,0.21833132
s_016um_00033_00005-1,0.30502316
s_016um_00356_00119-1,0.2526508
s_016um_00041_00209-1,0.3101131
s_016um_00075_00240-1,0.23952812
s_016um_00394_00220-1,0.32096004
s_016um_00406_00121-1,0.24491572
s_016um_00328_00230-1,0.22943747
s_016um_00149_00398-1,0.22942224
s_016um_00083_00264-1,0.22762907
s_016um_00368_00228-1,0.25659043
s_016um_00393_00180-1,0.19749463
s_016um_00167_00126-1,0.23281077
s_016um_00277_00320-1,0.23200807
s_016um_00221_00239-1,0.18289664
s_016um_00047_00213-1,0.29398632
s_016um_00070_00233-1,0.23106022
s_016um_00101_00066-1,0.2318619
s_016um_00246_00087-1,0.2579722
s_016um_00391_00180-1,0.39614552
s_016um_00405_00153-1,0.2403438
s_016um_00351_00095-1,0.25616848
s_016um_00077_00252-1,0.16922921
s_016um_00236_00359-1,0.28346223
s_016um_00013_00295-1,0.25667745
s_016um_00322_00224-1,0.1893841
s_016um_00397_00181-1,0.22212717
s_016um_00213_00293-1,0.2268921
s_016um_00282_00328-1,0.23479865
s_016um_00076_00292-1,0.24537079
s_016um_00148_00402-1,0.26296523
s_016um_00335_00250-1,0.2577328
s_016um_00405_00123-1,0.2449811
s_016um_00195_00096-1,0.2277119
s_016um_00357_00117-1,0.25937873
s_016um_00008_00208-1,0.28535953
s_016um_00342_00219-1,0.1810097
s_016um_00354_00122-1,0.21873543
s_016um_00063_00130-1,0.2905666
s_016um_00330_00256-1,0.24951452
s_016um_00181_00027-1,0.26090327
s_016um_00133_00088-1,0.29816562
s_016um_00062_00129-1,0.23952897
s_016um_00224_00332-1,0.19670933
s_016um_00369_00117-1,0.19893955
s_016um_00213_00014-1,0.26580083
s_016um_00364_00227-1,0.20809445
s_016um_00084_00282-1,0.19465289
s_016um_00211_00290-1,0.22884679
s_016um_00371_00144-1,0.22470036
s_016um_00267_00030-1,0.29664284
s_016um_00241_00088-1,0.2926762
s_016um_00222_00247-1,0.24920064
s_016um_00280_00325-1,0.27102312
s_016um_00040_00241-1,0.27001947
s_016um_00223_00032-1,0.25468564
s_016um_00324_00121-1,0.24076152
s_016um_00098_00322-1,0.24702236
s_016um_00248_00089-1,0.2297747
s_016um_00045_00236-1,0.22759777
s_016um_00081_00265-1,0.22528003
s_016um_00085_00272-1,0.22963393
s_016um_00396_00184-1,0.2315629
s_016um_00352_00092-1,0.2069785
s_016um_00362_00229-1,0.21775597
s_016um_00041_00176-1,0.2870953
s_016um_00146_00062-1,0.30035368
s_016um_00054_00242-1,0.30191332
s_016um_00037_00042-1,0.23608688
s_016um_00135_00076-1,0.2397753
s_016um_00166_00377-1,0.275557
s_016um_00312_00055-1,0.24175388
s_016um_00216_00027-1,0.24402335
s_016um_00345_00213-1,0.24126735
s_016um_00277_00314-1,0.38194203
s_016um_00171_00123-1,0.19388394
s_016um_00257_00185-1,0.2264108
s_016um_00261_00029-1,0.29130277
s_016um_00180_00030-1,0.20047632
s_016um_00077_00296-1,0.24327224
s_016um_00399_00399-1,0.6834573
s_016um_00328_00302-1,0.30798763
s_016um_00363_00226-1,0.2548864
s_016um_00080_00298-1,0.2415461
s_016um_00182_00030-1,0.23364839
s_016um_00070_00237-1,0.21068199
s_016um_00243_00084-1,0.22500144
s_016um_00063_00127-1,0.22887328
s_016um_00263_00132-1,0.2122032
s_016um_00327_00126-1,0.19358304
s_016um_00083_00194-1,0.27332658
s_016um_00403_00145-1,0.22143391
s_016um_00314_00058-1,0.15578714
s_016um_00033_00009-1,0.22475576
s_016um_00328_00216-1,0.21994178
s_016um_00341_00403-1,0.2884357
s_016um_00214_00284-1,0.30471805
s_016um_00394_00373-1,0.298059
s_016um_00415_00100-1,0.26865187
s_016um_00398_00256-1,0.3194536
s_016um_00412_00098-1,0.25027367
s_016um_00089_00270-1,0.2226593
s_016um_00288_00092-1,0.1774374
s_016um_00131_00316-1,0.311869
s_016um_00141_00222-1,0.23895636
s_016um_00236_00182-1,0.22156721
s_016um_00271_00224-1,0.23156957
s_016um_00385_00294-1,0.2470521
s_016um_00112_00320-1,0.20254007
s_016um_00402_00148-1,0.24557288
s_016um_00269_00225-1,0.27979213
s_016um_00079_00245-1,0.24795587
s_016um_00277_00132-1,0.23631665
s_016um_00129_00231-1,0.24179271
s_016um_00320_00231-1,0.24488862
s_016um_00107_00320-1,0.3498785
s_016um_00329_00252-1,0.2656188
s_016um_00198_00149-1,0.25689247
s_016um_00264_00032-1,0.27652264
s_016um_00221_00333-1,0.21695888
s_016um_00081_00029-1,0.28109646
s_016um_00044_00047-1,0.26370493
s_016um_00281_00317-1,0.19653133
s_016um_00223_00329-1,0.27307415
s_016um_00006_00153-1,0.25258628
s_016um_00160_00292-1,0.25312483
s_016um_00365_00228-1,0.2217844
s_016um_00328_00212-1,0.26216477
s_016um_00276_00321-1,0.32920557
s_016um_00370_00125-1,0.2338952
s_016um_00118_00148-1,0.2643054
s_016um_00274_00205-1,0.24753009
s_016um_00278_00317-1,0.23212546
s_016um_00271_00058-1,0.25912336
s_016um_00395_00213-1,0.23863196
s_016um_00200_00151-1,0.21794386
s_016um_00141_00215-1,0.2982584
s_016um_00333_00217-1,0.292553
s_016um_00232_00361-1,0.2683615
s_016um_00338_00254-1,0.29768527
s_016um_00342_00402-1,0.44340155
s_016um_00168_00124-1,0.26706725
s_016um_00333_00214-1,0.25837693
s_016um_00404_00262-1,0.31035632
s_016um_00021_00268-1,0.22570226
s_016um_00078_00284-1,0.306925
s_016um_00331_00121-1,0.21264583
s_016um_00115_00144-1,0.31688994
s_016um_00164_00285-1,0.21234393
s_016um_00236_00355-1,0.20364226
s_016um_00331_00124-1,0.3814439
s_016um_00040_00103-1,0.176692
s_016um_00106_00386-1,0.21832001
s_016um_00268_00328-1,0.24743235
s_016um_00021_00264-1,0.28729856
s_016um_00067_00232-1,0.2286208
s_016um_00392_00179-1,0.2656572
s_016um_00210_00033-1,0.24715443
s_016um_00145_00054-1,0.30614763
s_016um_00272_00333-1,0.18581194
s_016um_00365_00095-1,0.27646962
s_016um_00371_00147-1,0.23777856
s_016um_00286_00099-1,0.23751642
s_016um_00083_00298-1,0.24748622
s_016um_00263_00191-1,0.2266538
s_016um_00272_00335-1,0.20599008
s_016um_00335_00401-1,0.30008525
s_016um_00043_00046-1,0.28852683
s_016um_00371_00141-1,0.24776366
s_016um_00370_00145-1,0.26611978
s_016um_00221_00032-1,0.24069352
s_016um_00259_00029-1,0.23948045
s_016um_00189_00092-1,0.2522078
s_016um_00271_00332-1,0.27282578
s_016um_00276_00318-1,0.24674545
s_016um_00365_00096-1,0.21622147
s_016um_00366_00101-1,0.24457514
s_016um_00402_00400-1,1.1495924
s_016um_00225_00329-1,0.24466579
s_016um_00163_00292-1,0.19915569
s_016um_00274_00335-1,0.21945406
s_016um_00313_00056-1,0.28282487
s_016um_00133_00317-1,0.45659328
s_016um_00202_00147-1,0.20299467
s_016um_00256_00027-1,0.29650086
s_016um_00340_00398-1,0.38456476
s_016um_00357_00089-1,0.20200728
s_016um_00161_00286-1,0.33705035
s_016um_00137_00078-1,0.2602556
s_016um_00123_00145-1,0.23555687
s_016um_00161_00294-1,0.25662035
s_016um_00040_00049-1,0.30773264
s_016um_00389_00297-1,0.26428872
s_016um_00066_00230-1,0.197781
s_016um_00103_00073-1,0.3108479
s_016um_00013_00297-1,0.16383296
s_016um_00043_00238-1,0.224668
s_016um_00056_00242-1,0.26495904
s_016um_00270_00328-1,0.3002557
s_016um_00359_00410-1,0.43293488
s_016um_00171_00377-1,0.24553862
s_016um_00395_00362-1,0.43684945
s_016um_00147_00055-1,0.2153551
s_016um_00232_00261-1,0.22680598
s_016um_00228_00234-1,0.2518446
s_016um_00415_00139-1,0.24093555
s_016um_00378_00140-1,0.19303943
s_016um_00038_00178-1,0.20565136
s_016um_00329_00210-1,0.25521934
s_016um_00038_00175-1,0.24756156
s_016um_00230_00263-1,0.22011368
s_016um_00091_00274-1,0.25565898
s_016um_00405_00402-1,1.6391081
s_016um_00259_00033-1,0.21901359
s_016um_00237_00359-1,0.3072099
s_016um_00394_00219-1,0.20547742
s_016um_00079_00271-1,0.21627347
s_016um_00396_00182-1,0.23500088
s_016um_00230_00268-1,0.23806642
s_016um_00009_00154-1,0.2719136
s_016um_00376_00133-1,0.21874899
s_016um_00325_00168-1,0.27286533
s_016um_00137_00018-1,0.2372305
s_016um_00259_00190-1,0.21746348
s_016um_00368_00140-1,0.22910123
s_016um_00141_00014-1,0.28394827
s_016um_00126_00384-1,0.22737448
s_016um_00032_00335-1,0.21208566
s_016um_00273_00225-1,0.2737503
s_016um_00348_00025-1,0.23561752
s_016um_00080_00031-1,0.37312979
s_016um_00132_00232-1,0.20605184
s_016um_00222_00029-1,0.22991659
s_016um_00165_00127-1,0.21448237
s_016um_00393_00216-1,0.24043112
s_016um_00217_00227-1,0.226079
s_016um_00242_00088-1,0.22821882
s_016um_00080_00194-1,0.27903828
s_016um_00010_00206-1,0.2981478
s_016um_00200_00145-1,0.23885393
s_016um_00331_00210-1,0.22428532
s_016um_00068_00133-1,0.26150772
s_016um_00054_00246-1,0.25023618
s_016um_00248_00086-1,0.22641122
s_016um_00073_00251-1,0.23066701
s_016um_00007_00155-1,0.27834964
s_016um_00143_00014-1,0.33415323
s_016um_00013_00268-1,0.23567261
s_016um_00225_00248-1,0.23075747
s_016um_00382_00135-1,0.24112734
s_016um_00332_00258-1,0.2696546
s_016um_00406_00400-1,1.5398977
s_016um_00054_00247-1,0.19633837
s_016um_00164_00121-1,0.2773974
s_016um_00036_00172-1,0.28168276
s_016um_00168_00121-1,0.18578234
s_016um_00394_00368-1,0.22882435
s_016um_00361_00413-1,0.73861516
s_016um_00190_00128-1,0.2576865
s_016um_00392_00358-1,0.5041653
s_016um_00234_00089-1,0.2868598
s_016um_00325_00298-1,0.24912407
s_016um_00059_00245-1,0.2310063
s_016um_00386_00131-1,0.23985824
s_016um_00279_00203-1,0.25671858
s_016um_00132_00089-1,0.27982485
s_016um_00416_00139-1,0.23941164
s_016um_00041_00008-1,0.24811472
s_016um_00267_00329-1,0.19649698
s_016um_00322_00229-1,0.2199822
s_016um_00226_00243-1,0.19152805
s_016um_00082_00036-1,0.27974388
s_016um_00278_00134-1,0.22089028
s_016um_00090_00337-1,0.2100052
s_016um_00240_00183-1,0.22590747
s_016um_00081_00279-1,0.24073493
s_016um_00129_00320-1,0.31800717
s_016um_00390_00293-1,0.23131813
s_016um_00356_00293-1,0.27327535
s_016um_00278_00051-1,0.2582148
s_016um_00224_00172-1,0.2151826
s_016um_00007_00153-1,0.23650447
s_016um_00318_00166-1,0.30182663
s_016um_00261_00030-1,0.2828742
s_016um_00339_00396-1,0.32312208
s_016um_00142_00014-1,0.28169554
s_016um_00395_00212-1,0.20491637
s_016um_00352_00022-1,0.23137648
s_016um_00168_00123-1,0.22096682
s_016um_00260_00034-1,0.26557413
s_016um_00397_00214-1,0.21193475
s_016um_00328_00226-1,0.20492125
s_016um_00098_00069-1,0.2905927
s_016um_00276_00051-1,0.23978797
s_016um_00379_00139-1,0.20969674
s_016um_00086_00195-1,0.27530563
s_016um_00356_00092-1,0.40685093
s_016um_00332_00124-1,0.2588354
s_016um_00355_00117-1,0.21801648
s_016um_00202_00153-1,0.23431528
s_016um_00400_00213-1,0.22138685
s_016um_00357_00093-1,0.23047815
s_016um_00373_00123-1,0.24472325
s_016um_00358_00413-1,0.4614565
s_016um_00068_00231-1,0.2007604
s_016um_00064_00237-1,0.2153151
s_016um_00030_00333-1,0.23628767
s_016um_00136_00073-1,0.24702556
s_016um_00277_00206-1,0.18623716
s_016um_00322_00171-1,0.18269667
s_016um_00396_00373-1,0.34049273
s_016um_00209_00028-1,0.19908763
s_016um_00129_00319-1,0.38400155
s_016um_00084_00279-1,0.199036
s_016um_00397_00261-1,0.2142432
s_016um_00238_00088-1,0.29545003
s_016um_00164_00122-1,0.3270063
s_016um_00219_00276-1,0.20842941
s_016um_00095_00321-1,0.24714033
s_016um_00147_00396-1,0.24140011
s_016um_00385_00298-1,0.31530464
s_016um_00068_00126-1,0.21359956
s_016um_00213_00028-1,0.2690414
s_016um_00275_00133-1,0.25214472
s_016um_00091_00334-1,0.21708651
s_016um_00315_00056-1,0.21857975
s_016um_00272_00032-1,0.2882614
s_016um_00272_00050-1,0.2676441
s_016um_00210_00290-1,0.1893989
s_016um_00406_00120-1,0.24654727
s_016um_00387_00293-1,0.22255576
s_016um_00390_00299-1,0.35979173
s_016um_00222_00226-1,0.22651768
s_016um_00278_00044-1,0.24741298
s_016um_00201_00149-1,0.20134747
s_016um_00038_00044-1,0.2913572
s_016um_00322_00225-1,0.2363666
s_016um_00042_00208-1,0.2526087
s_016um_00096_00335-1,0.23370479
s_016um_00029_00088-1,0.21564576
s_016um_00165_00290-1,0.23622817
s_016um_00222_00013-1,0.20691943
s_016um_00403_00153-1,0.19952443
s_016um_00139_00220-1,0.27418038
s_016um_00086_00031-1,0.2682088
s_016um_00329_00217-1,0.22259751
s_016um_00078_00282-1,0.2783797
s_016um_00086_00032-1,0.2365293
s_016um_00029_00086-1,0.25133803
s_016um_00140_00071-1,0.28271392
s_016um_00269_00329-1,0.23650019
s_016um_00253_00024-1,0.2984897
s_016um_00327_00300-1,0.17762846
s_016um_00169_00127-1,0.27043903
s_016um_00191_00092-1,0.23283255
s_016um_00271_00222-1,0.2262848
s_016um_00220_00010-1,0.26776326
s_016um_00214_00279-1,0.18726432
s_016um_00355_00018-1,0.30047235
s_016um_00236_00190-1,0.24629644
s_016um_00126_00390-1,0.27135786
s_016um_00410_00147-1,0.21046941
s_016um_00277_00312-1,0.24141157
s_016um_00074_00244-1,0.23572418
s_016um_00396_00218-1,0.24890402
s_016um_00034_00101-1,0.2895281
s_016um_00408_00103-1,0.22163314
s_016um_00354_00412-1,0.30286893
s_016um_00013_00208-1,0.20345178
s_016um_00042_00212-1,0.25093684
s_016um_00162_00286-1,0.31397453
s_016um_00192_00091-1,0.24323152
s_016um_00224_00234-1,0.21869126
s_016um_00267_00332-1,0.2759688
s_016um_00232_00265-1,0.16411087
s_016um_00080_00286-1,0.2632784
s_016um_00030_00092-1,0.26719686
s_016um_00255_00033-1,0.23108011
s_016um_00396_00369-1,0.29959774
s_016um_00012_00213-1,0.24117796
s_016um_00200_00147-1,0.24684072
s_016um_00047_00244-1,0.22398579
s_016um_00040_00217-1,0.22239342
s_016um_00373_00140-1,0.31531373
s_016um_00270_00223-1,0.23881873
s_016um_00089_00066-1,0.2546613
s_016um_00358_00115-1,0.24407461
s_016um_00274_00226-1,0.23529297
s_016um_00174_00375-1,0.24374853
s_016um_00228_00248-1,0.25565943
s_016um_00207_00150-1,0.21208917
s_016um_00094_00343-1,0.24680944
s_016um_00224_00171-1,0.24607149
s_016um_00388_00345-1,0.3185589
s_016um_00133_00228-1,0.2503993
s_016um_00103_00383-1,0.28672335
s_016um_00030_00084-1,0.24750796
s_016um_00122_00146-1,0.22312166
s_016um_00067_00230-1,0.2285012
s_016um_00227_00335-1,0.24083221
s_016um_00135_00221-1,0.26677343
s_016um_00098_00066-1,0.23335455
s_016um_00321_00229-1,0.2704464
s_016um_00267_00229-1,0.1758667
s_016um_00357_00417-1,0.45579094
s_016um_00249_00025-1,0.43564528
s_016um_00080_00293-1,0.20959774
s_016um_00356_00019-1,0.2838162
s_016um_00413_00141-1,0.2038471
s_016um_00359_00121-1,0.23700637
s_016um_00386_00296-1,0.25549567
s_016um_00106_00316-1,0.19012716
s_016um_00320_00165-1,0.2840728
s_016um_00043_00043-1,0.22544394
s_016um_00278_00328-1,0.22959816
s_016um_00129_00382-1,0.13324425
s_016um_00086_00030-1,0.24755068
s_016um_00368_00227-1,0.22768915
s_016um_00031_00088-1,0.15094817
s_016um_00140_00222-1,0.22450241
s_016um_00219_00028-1,0.19755891
s_016um_00418_00143-1,0.19441147
s_016um_00392_00292-1,0.17511465
s_016um_00010_00153-1,0.23223881
s_016um_00080_00199-1,0.28002083
s_016um_00165_00129-1,0.21875107
s_016um_00326_00227-1,0.22769624
s_016um_00370_00223-1,0.29840747
s_016um_00228_00264-1,0.20175876
s_016um_00273_00313-1,0.23011222
s_016um_00331_00253-1,0.2464643
s_016um_00081_00032-1,0.22628723
s_016um_00260_00130-1,0.22167063
s_016um_00091_00341-1,0.19308618
s_016um_00140_00070-1,0.28322846
s_016um_00090_00268-1,0.25318843
s_016um_00227_00243-1,0.2081093
s_016um_00219_00170-1,0.23630396
s_016um_00323_00227-1,0.1831649
s_016um_00100_00073-1,0.2412632
s_016um_00152_00398-1,0.302881
s_016um_00281_00326-1,0.23232879
s_016um_00063_00234-1,0.14606112
s_016um_00234_00361-1,0.22505657
s_016um_00401_00124-1,0.2983297
s_016um_00327_00224-1,0.2265513
s_016um_00266_00128-1,0.27273
s_016um_00105_00071-1,0.21313912
s_016um_00028_00086-1,0.26200163
s_016um_00138_00077-1,0.2259061
s_016um_00008_00300-1,0.23864678
s_016um_00150_00396-1,0.26406017
s_016um_00311_00060-1,0.2565765
s_016um_00410_00151-1,0.2547216
s_016um_00337_00400-1,0.25912404
s_016um_00042_00049-1,0.21759938
s_016um_00374_00119-1,0.2713148
s_016um_00326_00119-1,0.2537951
s_016um_00264_00334-1,0.20960449
s_016um_00418_00142-1,0.24839908
s_016um_00152_00397-1,0.25002047
s_016um_00201_00152-1,0.23749675
s_016um_00231_00267-1,0.22224022
s_016um_00100_00070-1,0.1951898
s_016um_00330_00125-1,0.24545623
s_016um_00327_00121-1,0.22627826
s_016um_00358_00096-1,0.3448642
s_016um_00216_00291-1,0.22963278
s_016um_00326_00164-1,0.24828279
s_016um_00145_00015-1,0.31865203
s_016um_00280_00131-1,0.22715628
s_016um_00076_00250-1,0.26365307
s_016um_00390_00363-1,0.34861666
s_016um_00043_00244-1,0.23851787
s_016um_00226_00331-1,0.23286456
s_016um_00088_00033-1,0.3070962
s_016um_00041_00239-1,0.24630742
s_016um_00012_00151-1,0.32450464
s_016um_00140_00059-1,0.2718034
s_016um_00324_00229-1,0.29706237
s_016um_00147_00060-1,0.23601948
s_016um_00335_00213-1,0.22367589
s_016um_00252_00023-1,0.2586332
s_016um_00041_00098-1,0.27408773
s_016um_00214_00280-1,0.2654099
s_016um_00108_00315-1,0.31341058
s_016um_00262_00329-1,0.25187382
s_016um_00248_00088-1,0.24016389
s_016um_00398_00262-1,0.24602088
s_016um_00224_00030-1,0.21694046
s_016um_00221_00280-1,0.24477372
s_016um_00096_00323-1,0.23803747
s_016um_00192_00121-1,0.20986462
s_016um_00409_00148-1,0.22768757
s_016um_00058_00245-1,0.21649617
s_016um_00005_00294-1,0.24220951
s_016um_00283_00093-1,0.23729526
s_016um_00417_00144-1,0.24152939
s_016um_00242_00084-1,0.2031152
s_016um_00279_00138-1,0.24147382
s_016um_00134_00071-1,0.25929907
s_016um_00037_00048-1,0.2569391
s_016um_00234_00363-1,0.34404603
s_016um_00275_00228-1,0.19664921
s_016um_00219_00027-1,0.24130955
s_016um_00354_00021-1,0.26854274
s_016um_00233_00357-1,0.20450914
s_016um_00256_00186-1,0.21119767
s_016um_00322_00167-1,0.19365191
s_016um_00232_00267-1,0.2345587
s_016um_00322_00228-1,0.200641
s_016um_00166_00289-1,0.23282357
s_016um_00148_00394-1,0.2539273
s_016um_00036_00175-1,0.22323793
s_016um_00126_00387-1,0.26714504
s_016um_00065_00125-1,0.2925755
s_016um_00263_00127-1,0.22269699
s_016um_00403_00125-1,0.22150528
s_016um_00180_00028-1,0.25379995
s_016um_00080_00200-1,0.2944238
s_016um_00411_00103-1,0.22777939
s_016um_00280_00206-1,0.22899786
s_016um_00011_00150-1,0.22478446
s_016um_00397_00178-1,0.22321734
s_016um_00117_00143-1,0.29451984
s_016um_00343_00219-1,0.21321492
s_016um_00362_00224-1,0.21689151
s_016um_00060_00244-1,0.24577789
s_016um_00106_00314-1,0.15618527
s_016um_00333_00215-1,0.20820254
s_016um_00085_00068-1,0.2570358
s_016um_00259_00188-1,0.24288459
s_016um_00377_00132-1,0.23778029
s_016um_00371_00124-1,0.2519317
s_016um_00233_00355-1,0.26836118
s_016um_00080_00297-1,0.2270371
s_016um_00079_00238-1,0.23253512
s_016um_00254_00024-1,0.23763905
s_016um_00216_00013-1,0.29690352
s_016um_00221_00331-1,0.20741093
s_016um_00367_00140-1,0.23065947
s_016um_00027_00331-1,0.2754901
s_016um_00225_00336-1,0.2843051
s_016um_00398_00359-1,0.3941702
s_016um_00405_00399-1,1.2368615
s_016um_00135_00223-1,0.3025546
s_016um_00070_00236-1,0.20179483
s_016um_00352_00094-1,0.2588456
s_016um_00097_00023-1,0.21690595
s_016um_00062_00126-1,0.27134162
s_016um_00365_00227-1,0.19502063
s_016um_00375_00117-1,0.12652834
s_016um_00143_00055-1,0.19547544
s_016um_00151_00396-1,0.27622974
s_016um_00389_00361-1,0.6154362
s_016um_00159_00292-1,0.1980207
s_016um_00397_00263-1,0.24618372
s_016um_00130_00226-1,0.2466545
s_016um_00073_00246-1,0.26596922
s_016um_00371_00094-1,0.22788005
s_016um_00249_00022-1,0.3132606
s_016um_00267_00225-1,0.29808378
s_016um_00225_00235-1,0.22533517
s_016um_00268_00035-1,0.2784869
s_016um_00216_00296-1,0.2759747
s_016um_00329_00121-1,0.23002233
s_016um_00163_00288-1,0.3057114
s_016um_00321_00225-1,0.2092848
s_016um_00219_00279-1,0.24669766
s_016um_00240_00182-1,0.19855101
s_016um_00218_00171-1,0.24114014
s_016um_00273_00335-1,0.27092636
s_016um_00172_00370-1,0.22119589
s_016um_00215_00293-1,0.2006861
s_016um_00092_00316-1,0.23494539
s_016um_00225_00029-1,0.2582655
s_016um_00346_00216-1,0.26157817
s_016um_00271_00223-1,0.20585531
s_016um_00378_00138-1,0.18925053
s_016um_00278_00137-1,0.1978596
s_016um_00417_00134-1,0.18743333
s_016um_00210_00032-1,0.21043673
s_016um_00398_00184-1,0.22405766
s_016um_00368_00225-1,0.26686963
s_016um_00261_00184-1,0.25759703
s_016um_00080_00264-1,0.25860807
s_016um_00224_00028-1,0.25151327
s_016um_00331_00119-1,0.24171658
s_016um_00398_00368-1,0.25891283
s_016um_00374_00122-1,0.19929053
s_016um_00327_00302-1,0.20415744
s_016um_00129_00317-1,0.32394236
s_016um_00164_00290-1,0.24647555
s_016um_00038_00042-1,0.24472667
s_016um_00355_00418-1,0.8361422
s_016um_00132_00092-1,0.25178397
s_016um_00232_00266-1,0.25924334
s_016um_00010_00296-1,0.1976479
s_016um_00221_00233-1,0.205551
s_016um_00214_00292-1,0.23403075
s_016um_00220_00283-1,0.27779523
s_016um_00222_00167-1,0.19412468
s_016um_00344_00212-1,0.20982987
s_016um_00084_00028-1,0.25382853
s_016um_00166_00375-1,0.2204857
s_016um_00194_00098-1,0.2528757
s_016um_00082_00271-1,0.22623903
s_016um_00122_00143-1,0.34150428
s_016um_00224_00329-1,0.21109766
s_016um_00401_00262-1,0.31159768
s_016um_00015_00267-1,0.24154384
s_016um_00090_00267-1,0.2151427
s_016um_00040_00206-1,0.18799296
s_016um_00097_00030-1,0.23394047
s_016um_00064_00130-1,0.24788308
s_016um_00272_00203-1,0.2676301
s_016um_00139_00072-1,0.23420219
s_016um_00409_00153-1,0.20369215
s_016um_00039_00177-1,0.20189175
s_016um_00232_00088-1,0.20296212
s_016um_00230_00357-1,0.2614154
s_016um_00414_00104-1,0.2473626
s_016um_00049_00244-1,0.22943215
s_016um_00248_00020-1,0.30944866
s_016um_00358_00286-1,0.23479936
s_016um_00382_00134-1,0.26304218
s_016um_00416_00136-1,0.18813598
s_016um_00096_00337-1,0.25431892
s_016um_00289_00093-1,0.15932764
s_016um_00100_00316-1,0.43899035
s_016um_00105_00391-1,0.22522293
s_016um_00026_00092-1,0.28324133
s_016um_00037_00178-1,0.2781832
s_016um_00405_00121-1,0.2707587
s_016um_00403_00128-1,0.23749045
s_016um_00384_00125-1,0.24015053
s_016um_00153_00400-1,0.23853621
s_016um_00225_00335-1,0.23206767
s_016um_00121_00149-1,0.25391975
s_016um_00330_00211-1,0.24249624
s_016um_00257_00029-1,0.25273988
s_016um_00262_00129-1,0.24469693
s_016um_00081_00282-1,0.19801793
s_016um_00323_00302-1,0.24140762
s_016um_00408_00151-1,0.25078344
s_016um_00031_00334-1,0.20276093
s_016um_00029_00330-1,0.22160213
s_016um_00356_00414-1,0.7404795
s_016um_00399_00216-1,0.22421527
s_016um_00328_00125-1,0.19315854
s_016um_00167_00120-1,0.23697118
s_016um_00321_00169-1,0.26767623
s_016um_00261_00332-1,0.23513663
s_016um_00217_00275-1,0.21063715
s_016um_00384_00136-1,0.23687747
s_016um_00100_00386-1,0.22320002
s_016um_00110_00319-1,0.27015352
s_016um_00056_00248-1,0.24188745
s_016um_00397_00260-1,0.21249634
s_016um_00117_00148-1,0.23589814
s_016um_00107_00313-1,0.24313578
s_016um_00251_00022-1,0.24022764
s_016um_00278_00208-1,0.20525773
s_016um_00411_00102-1,0.27619773
s_016um_00042_00048-1,0.26022077
s_016um_00171_00372-1,0.23764989
s_016um_00217_00170-1,0.19990659
s_016um_00080_00279-1,0.22810969
s_016um_00030_00086-1,0.19855314
s_016um_00193_00129-1,0.27038494
s_016um_00385_00130-1,0.21063493
s_016um_00403_00146-1,0.23978059
s_016um_00342_00216-1,0.24484353
s_016um_00354_00411-1,0.79986656
s_016um_00257_00033-1,0.21190628
s_016um_00389_00300-1,0.2877397
s_016um_00400_00259-1,0.20815842
s_016um_00253_00033-1,0.2704933
s_016um_00221_00332-1,0.19265145
s_016um_00094_00273-1,0.2658872
s_016um_00291_00097-1,0.17028168
s_016um_00136_00074-1,0.30872726
s_016um_00085_00029-1,0.27705607
s_016um_00332_00123-1,0.22972062
s_016um_00394_00180-1,0.24992305
s_016um_00367_00230-1,0.22719209
s_016um_00401_00400-1,1.0288883
s_016um_00139_00073-1,0.26468343
s_016um_00274_00319-1,0.25196484
s_016um_00220_00234-1,0.211312
s_016um_00369_00124-1,0.24794628
s_016um_00222_00024-1,0.39045697
s_016um_00387_00291-1,0.25948793
s_016um_00142_00017-1,0.30645114
s_016um_00142_00217-1,0.2506763
s_016um_00339_00403-1,0.30093116
s_016um_00021_00267-1,0.27505332
s_016um_00092_00275-1,0.22187214
s_016um_00347_00215-1,0.2248722
s_016um_00139_00215-1,0.18196627
s_016um_00092_00334-1,0.21986574
s_016um_00082_00285-1,0.21363905
s_016um_00183_00030-1,0.2383896
s_016um_00262_00189-1,0.1860188
s_016um_00330_00212-1,0.2338278
s_016um_00397_00177-1,0.28350496
s_016um_00030_00085-1,0.24682379
s_016um_00409_00100-1,0.26147348
s_016um_00360_00288-1,0.2431711
s_016um_00016_00268-1,0.25404644
s_016um_00079_00247-1,0.17261635
s_016um_00191_00129-1,0.1966415
s_016um_00131_00091-1,0.23400739
s_016um_00133_00091-1,0.2138709
s_016um_00216_00030-1,0.29152465
s_016um_00268_00060-1,0.21316996
s_016um_00063_00232-1,0.23971443
s_016um_00238_00085-1,0.22232595
s_016um_00331_00217-1,0.27663878
s_016um_00277_00310-1,0.24748139
s_016um_00405_00128-1,0.30107445
s_016um_00228_00335-1,0.20895636
s_016um_00278_00131-1,0.35014832
s_016um_00196_00124-1,0.17404729
s_016um_00359_00418-1,0.7296154
s_016um_00273_00331-1,0.25181293
s_016um_00218_00025-1,0.2568992
s_016um_00408_00099-1,0.21371281
s_016um_00278_00135-1,0.26083788
s_016um_00409_00098-1,0.2626609
s_016um_00396_00366-1,0.28324905
s_016um_00238_00086-1,0.2590492
s_016um_00371_00139-1,0.20676476
s_016um_00375_00145-1,0.2722607
s_016um_00368_00093-1,0.21090385
s_016um_00397_00211-1,0.2264114
s_016um_00354_00288-1,0.24014434
s_016um_00334_00400-1,0.2014259
s_016um_00219_00225-1,0.26649576
s_016um_00210_00029-1,0.23511116
s_016um_00190_00098-1,0.23378722
s_016um_00219_00278-1,0.22620036
s_016um_00226_00334-1,0.2337084
s_016um_00217_00025-1,0.31503528
s_016um_00088_00073-1,0.21566102
s_016um_00199_00150-1,0.24447657
s_016um_00149_00400-1,0.21170712
s_016um_00310_00052-1,0.34901798
s_016um_00042_00177-1,0.25444844
s_016um_00209_00292-1,0.25203228
s_016um_00320_00230-1,0.22323823
s_016um_00272_00334-1,0.19073367
s_016um_00031_00085-1,0.24647047
s_016um_00084_00037-1,0.28344437
s_016um_00219_00029-1,0.27329442
s_016um_00079_00281-1,0.24704415
s_016um_00215_00276-1,0.29995912
s_016um_00212_00029-1,0.2498969
s_016um_00041_00211-1,0.26187605
s_016um_00166_00373-1,0.1962593
s_016um_00265_00060-1,0.26250032
s_016um_00027_00089-1,0.21912313
s_016um_00170_00128-1,0.21714291
s_016um_00042_00173-1,0.28016385
s_016um_00210_00289-1,0.26145354
s_016um_00218_00019-1,0.24671502
s_016um_00376_00135-1,0.26111045
s_016um_00397_00359-1,0.3346031
s_016um_00014_00265-1,0.22893126
s_016um_00079_00246-1,0.19606486
s_016um_00117_00149-1,0.22863507
s_016um_00222_00231-1,0.26527643
s_016um_00262_00185-1,0.26715782
s_016um_00368_00101-1,0.20216975
s_016um_00361_00288-1,0.18519485
s_016um_00238_00084-1,0.22683445
s_016um_00077_00282-1,0.21984398
s_016um_00227_00331-1,0.238474
s_016um_00077_00247-1,0.24885222
s_016um_00064_00233-1,0.2203815
s_016um_00021_00270-1,0.22526428
s_016um_00081_00196-1,0.33706608
s_016um_00370_00094-1,0.27866796
s_016um_00330_00218-1,0.24029286
s_016um_00348_00021-1,0.26017544
s_016um_00387_00130-1,0.25916713
s_016um_00046_00218-1,0.2560795
s_016um_00326_00165-1,0.21701595
s_016um_00194_00124-1,0.25979292
s_016um_00372_00101-1,0.2547063
s_016um_00353_00117-1,0.2133585
s_016um_00373_00125-1,0.23798984
s_016um_00393_00345-1,0.35460538
s_016um_00135_00077-1,0.22965544
s_016um_00148_00400-1,0.20443691
s_016um_00273_00329-1,0.17788854
s_016um_00279_00209-1,0.35007706
s_016um_00185_00032-1,0.22111738
s_016um_00275_00131-1,0.2101147
s_016um_00080_00030-1,0.26847157
s_016um_00362_00417-1,0.8609568
s_016um_00289_00098-1,0.2197401
s_016um_00327_00229-1,0.23238981
s_016um_00183_00031-1,0.25562635
s_016um_00387_00299-1,0.25643253
s_016um_00193_00122-1,0.2774335
s_016um_00009_00293-1,0.18152013
s_016um_00184_00030-1,0.2285909
s_016um_00101_00385-1,0.1600569
s_016um_00133_00229-1,0.17942888
s_016um_00132_00318-1,0.33372122
s_016um_00321_00298-1,0.23599151
s_016um_00381_00129-1,0.2131058
s_016um_00094_00339-1,0.19954155
s_016um_00220_00016-1,0.2678207
s_016um_00326_00125-1,0.19195607
s_016um_00358_00094-1,0.23275714
s_016um_00203_00148-1,0.24346645
s_016um_00263_00128-1,0.23809177
s_016um_00354_00417-1,0.795057
s_016um_00045_00045-1,0.22705854
s_016um_00367_00121-1,0.17890628
s_016um_00402_00259-1,0.25143537
s_016um_00401_00128-1,0.25085518
s_016um_00129_00316-1,0.35804778
s_016um_00330_00120-1,0.23776627
s_016um_00357_00096-1,0.23056394
s_016um_00393_00367-1,0.28119162
s_016um_00218_00278-1,0.25128257
s_016um_00046_00240-1,0.26247895
s_016um_00390_00297-1,0.26163596
s_016um_00253_00027-1,0.20423657
s_016um_00280_00135-1,0.23190244
s_016um_00400_00258-1,0.27071962
s_016um_00094_00278-1,0.23946491
s_016um_00389_00337-1,0.27751592
s_016um_00355_00286-1,0.20395452
s_016um_00334_00214-1,0.25198588
s_016um_00037_00100-1,0.34631395
s_016um_00045_00243-1,0.23481122
s_016um_00259_00032-1,0.2406807
s_016um_00244_00082-1,0.18489838
s_016um_00334_00397-1,0.27156058
s_016um_00399_00370-1,0.37111205
s_016um_00218_00029-1,0.26189268
s_016um_00167_00125-1,0.2790306
s_016um_00219_00032-1,0.1857337
s_016um_00011_00213-1,0.273522
s_016um_00235_00263-1,0.21284202
s_016um_00237_00183-1,0.21238743
s_016um_00412_00105-1,0.25324902
s_016um_00279_00137-1,0.25953335
s_016um_00014_00213-1,0.29275864
s_016um_00391_00346-1,0.53043795
s_016um_00389_00344-1,0.35057685
s_016um_00258_00032-1,0.23678766
s_016um_00085_00273-1,0.22661854
s_016um_00329_00118-1,0.23134218
s_016um_00042_00239-1,0.2948673
s_016um_00091_00339-1,0.21673653
s_016um_00332_00256-1,0.26327467
s_016um_00136_00228-1,0.25998408
s_016um_00285_00094-1,0.20015019
s_016um_00125_00390-1,0.23605339
s_016um_00226_00245-1,0.1860447
s_016um_00146_00016-1,0.24891812
s_016um_00406_00149-1,0.20200408
s_016um_00180_00025-1,0.3102649
s_016um_00009_00208-1,0.24154289
s_016um_00091_00340-1,0.23539196
s_016um_00326_00120-1,0.30459756
s_016um_00019_00264-1,0.20868754
s_016um_00395_00182-1,0.23305875
s_016um_00277_00205-1,0.22736296
s_016um_00403_00147-1,0.26954204
s_016um_00181_00032-1,0.3812493
s_016um_00082_00268-1,0.24455407
s_016um_00177_00031-1,0.2487665
s_016um_00005_00154-1,0.21823874
s_016um_00397_00220-1,0.3737345
s_016um_00321_00163-1,0.19655286
s_016um_00357_00413-1,0.59473
s_016um_00369_00146-1,0.24142005
s_016um_00038_00206-1,0.21386942
s_016um_00269_00223-1,0.19575956
s_016um_00313_00058-1,0.25803277
s_016um_00377_00134-1,0.21888071
s_016um_00042_00218-1,0.25797814
s_016um_00139_00223-1,0.22525336
s_016um_00015_00270-1,0.22434986
s_016um_00401_00402-1,1.147822
s_016um_00381_00128-1,0.19906092
s_016um_00263_00129-1,0.23050594
s_016um_00099_00030-1,0.22361809
s_016um_00413_00103-1,0.19385558
s_016um_00011_00211-1,0.22293288
s_016um_00262_00184-1,0.18942386
s_016um_00118_00149-1,0.25327274
s_016um_00006_00213-1,0.2562899
s_016um_00033_00010-1,0.24310204
s_016um_00237_00087-1,0.28935176
s_016um_00113_00317-1,0.20743978
s_016um_00242_00184-1,0.2125364
s_016um_00102_00026-1,0.2848038
s_016um_00390_00361-1,0.3956927
s_016um_00281_00325-1,0.17682388
s_016um_00281_00321-1,0.14675957
s_016um_00398_00365-1,0.20115146
s_016um_00235_00360-1,0.25193992
s_016um_00353_00414-1,0.825742
s_016um_00088_00069-1,0.2636302
s_016um_00136_00218-1,0.22361414
s_016um_00075_00295-1,0.24843307
s_016um_00231_00360-1,0.2745696
s_016um_00406_00153-1,0.2261307
s_016um_00228_00330-1,0.22711828
s_016um_00368_00095-1,0.20727827
s_016um_00397_00184-1,0.2667407
s_016um_00353_00022-1,0.272346
s_016um_00182_00031-1,0.29667318
s_016um_00132_00323-1,0.2688957
s_016um_00317_00166-1,0.32434967
s_016um_00226_00234-1,0.22095673
s_016um_00263_00131-1,0.2205302
s_016um_00254_00021-1,0.27148578
s_016um_00083_00284-1,0.26891
s_016um_00103_00390-1,0.24410985
s_016um_00266_00055-1,0.22518367
s_016um_00142_00060-1,0.20975643
s_016um_00403_00124-1,0.24213324
s_016um_00076_00299-1,0.2259393
s_016um_00398_00180-1,0.21693371
s_016um_00011_00301-1,0.2779021
s_016um_00035_00009-1,0.27451962
s_016um_00324_00228-1,0.20489335
s_016um_00270_00226-1,0.201398
s_016um_00363_00230-1,0.23737812
s_016um_00026_00085-1,0.26473704
s_016um_00356_00289-1,0.24474132
s_016um_00270_00228-1,0.24014437
s_016um_00396_00360-1,0.57265496
s_016um_00277_00048-1,0.29410166
s_016um_00218_00233-1,0.22315899
s_016um_00280_00319-1,0.2376465
s_016um_00087_00028-1,0.2377994
s_016um_00042_00207-1,0.25078487
s_016um_00078_00235-1,0.24799661
s_016um_00169_00376-1,0.22101237
s_016um_00256_00034-1,0.19225855
s_016um_00082_00266-1,0.241388
s_016um_00355_00121-1,0.24923162
s_016um_00223_00248-1,0.22937168
s_016um_00179_00028-1,0.2332622
s_016um_00075_00296-1,0.21674363
s_016um_00261_00188-1,0.22823983
s_016um_00311_00059-1,0.17663711
s_016um_00119_00145-1,0.2677485
s_016um_00083_00029-1,0.2603563
s_016um_00030_00089-1,0.31226203
s_016um_00083_00069-1,0.22517394
s_016um_00291_00095-1,0.22325213
s_016um_00355_00414-1,0.6073527
s_016um_00163_00290-1,0.2491629
s_016um_00229_00261-1,0.23878677
s_016um_00031_00089-1,0.26417732
s_016um_00235_00358-1,0.27848777
s_016um_00273_00223-1,0.19745536
s_016um_00223_00250-1,0.22400016
s_016um_00030_00332-1,0.23330757
s_016um_00403_00396-1,0.9020922
s_016um_00255_00024-1,0.22178763
s_016um_00389_00295-1,0.2573227
s_016um_00238_00360-1,0.26218855
s_016um_00403_00122-1,0.23180103
s_016um_00401_00120-1,0.17333212
s_016um_00058_00242-1,0.26105398
s_016um_00359_00091-1,0.22172657
s_016um_00043_00218-1,0.25636217
s_016um_00039_00045-1,0.287399
s_016um_00137_00217-1,0.24628125
s_016um_00078_00297-1,0.24219234
s_016um_00337_00403-1,0.29997808
s_016um_00323_00301-1,0.21507493
s_016um_00274_00311-1,0.2725548
s_016um_00274_00133-1,0.24224602
s_016um_00224_00228-1,0.2431023
s_016um_00025_00086-1,0.24357417
s_016um_00119_00144-1,0.31679994
s_016um_00223_00231-1,0.25441653
s_016um_00085_00284-1,0.22675684
s_016um_00197_00128-1,0.22867891
s_016um_00352_00025-1,0.17862412
s_016um_00067_00239-1,0.21203786
s_016um_00211_00030-1,0.2700726
s_016um_00355_00122-1,0.17879117
s_016um_00030_00337-1,0.24161118
s_016um_00078_00281-1,0.19724017
s_016um_00085_00265-1,0.2605447
s_016um_00046_00216-1,0.23916295
s_016um_00222_00025-1,0.22926241
s_016um_00038_00103-1,0.26357165
s_016um_00403_00123-1,0.25595975
s_016um_00227_00334-1,0.2417224
s_016um_00012_00153-1,0.23642455
s_016um_00405_00398-1,0.95293206
s_016um_00084_00032-1,0.26696628
s_016um_00101_00028-1,0.2625784
s_016um_00393_00337-1,0.30126452
s_016um_00147_00401-1,0.26207158
s_016um_00102_00029-1,0.23784389
s_016um_00150_00402-1,0.28051227
s_016um_00082_00033-1,0.21899879
s_016um_00081_00200-1,0.245048
s_016um_00148_00397-1,0.21976307
s_016um_00277_00139-1,0.20239422
s_016um_00356_00021-1,0.25159842
s_016um_00040_00043-1,0.21021213
s_016um_00195_00093-1,0.25299448
s_016um_00275_00328-1,0.327368
s_016um_00082_00293-1,0.19835868
s_016um_00042_00216-1,0.2605145
s_016um_00209_00029-1,0.2422748
s_016um_00039_00203-1,0.22547823
s_016um_00414_00141-1,0.301816
s_016um_00347_00212-1,0.19998899
s_016um_00045_00209-1,0.27707985
s_016um_00093_00334-1,0.23520571
s_016um_00275_00130-1,0.28221408
s_016um_00220_00026-1,0.23579226
s_016um_00273_00035-1,0.2548763
s_016um_00407_00395-1,0.58890134
s_016um_00359_00291-1,0.28618678
s_016um_00167_00376-1,0.21826915
s_016um_00260_00134-1,0.24381
s_016um_00078_00237-1,0.18650681
s_016um_00392_00357-1,0.54521847
s_016um_00128_00384-1,0.19799757
s_016um_00087_00029-1,0.23298755
s_016um_00374_00140-1,0.2326988
s_016um_00243_00087-1,0.25968564
s_016um_00082_00264-1,0.24110949
s_016um_00271_00228-1,0.21378525
s_016um_00036_00006-1,0.257634
s_016um_00079_00282-1,0.24073228
s_016um_00045_00219-1,0.25563034
s_016um_00157_00292-1,0.19791368
s_016um_00135_00219-1,0.22832984
s_016um_00268_00226-1,0.24286085
s_016um_00036_00005-1,0.24568275
s_016um_00057_00247-1,0.2264558
s_016um_00131_00231-1,0.21485262
s_016um_00207_00148-1,0.22004075
s_016um_00342_00220-1,0.22127567
s_016um_00266_00062-1,0.18215188
s_016um_00219_00171-1,0.2861461
s_016um_00267_00134-1,0.21672663
s_016um_00136_00072-1,0.29845297
s_016um_00366_00143-1,0.1811132
s_016um_00404_00121-1,0.2316271
s_016um_00230_00248-1,0.24508068
s_016um_00400_00367-1,0.28150326
s_016um_00248_00024-1,0.27119312
s_016um_00401_00122-1,0.28451115
s_016um_00224_00331-1,0.25669312
s_016um_00025_00091-1,0.27766138
s_016um_00237_00089-1,0.2744911
s_016um_00066_00127-1,0.25192076
s_016um_00140_00054-1,0.29615426
s_016um_00077_00298-1,0.29619548
s_016um_00214_00035-1,0.22389938
s_016um_00395_00341-1,0.28316134
s_016um_00321_00165-1,0.23380826
s_016um_00010_00294-1,0.21611494
s_016um_00172_00125-1,0.31721538
s_016um_00148_00399-1,0.21397397
s_016um_00100_00028-1,0.22325723
s_016um_00329_00119-1,0.1960835
s_016um_00040_00044-1,0.23361729
s_016um_00353_00120-1,0.26762745
s_016um_00077_00294-1,0.3478102
s_016um_00122_00151-1,0.22802436
s_016um_00128_00093-1,0.20673959
s_016um_00130_00383-1,0.23356214
s_016um_00273_00316-1,0.24315703
s_016um_00388_00128-1,0.36193627
s_016um_00324_00297-1,0.20207414
s_016um_00148_00058-1,0.26921228
s_016um_00060_00245-1,0.30475175
s_016um_00250_00023-1,0.22060294
s_016um_00275_00207-1,0.27937144
s_016um_00212_00032-1,0.2284057
s_016um_00224_00247-1,0.232802
s_016um_00036_00105-1,0.19842352
s_016um_00376_00123-1,0.2401952
s_016um_00269_00029-1,0.22288851
s_016um_00394_00340-1,0.3190114
s_016um_00396_00365-1,0.31311575
s_016um_00139_00070-1,0.26237974
s_016um_00352_00018-1,0.19412175
s_016um_00032_00329-1,0.19628859
s_016um_00263_00330-1,0.20535165
s_016um_00228_00329-1,0.22554153
s_016um_00364_00095-1,0.1932249
s_016um_00180_00026-1,0.20502089
s_016um_00189_00122-1,0.22547618
s_016um_00134_00076-1,0.24718998
s_016um_00325_00121-1,0.25989267
s_016um_00093_00027-1,0.22550963
s_016um_00216_00033-1,0.2484966
s_016um_00079_00297-1,0.24572703
s_016um_00239_00184-1,0.23996888
s_016um_00323_00164-1,0.16228959
s_016um_00410_00097-1,0.2571098
s_016um_00102_00390-1,0.2149338
s_016um_00281_00316-1,0.23063833
s_016um_00393_00342-1,0.33060518
s_016um_00122_00147-1,0.21676505
s_016um_00397_00257-1,0.26493382
s_016um_00357_00412-1,0.5410148
s_016um_00222_00232-1,0.3065474
s_016um_00285_00096-1,0.21384038
s_016um_00273_00045-1,0.21483034
s_016um_00022_00265-1,0.24265513
s_016um_00369_00122-1,0.3052042
s_016um_00044_00212-1,0.20908058
s_016um_00086_00273-1,0.20268758
s_016um_00137_00318-1,0.21070115
s_016um_00400_00219-1,0.19148526
s_016um_00092_00268-1,0.20607702
s_016um_00042_00244-1,0.22657484
s_016um_00227_00237-1,0.20506118
s_016um_00178_00026-1,0.23673913
s_016um_00398_00212-1,0.2774003
s_016um_00273_00229-1,0.18977407
s_016um_00328_00305-1,0.24208498
s_016um_00044_00172-1,0.29839307
s_016um_00064_00133-1,0.27206412
s_016um_00067_00130-1,0.30361348
s_016um_00356_00095-1,0.19507703
s_016um_00407_00098-1,0.24496979
s_016um_00230_00247-1,0.26146057
s_016um_00368_00226-1,0.24426672
s_016um_00361_00286-1,0.23817311
s_016um_00073_00245-1,0.19501227
s_016um_00286_00100-1,0.27949327
s_016um_00321_00167-1,0.1899911
s_016um_00092_00339-1,0.19430123
s_016um_00406_00148-1,0.21420884
s_016um_00223_00167-1,0.25623116
s_016um_00324_00122-1,0.18511793
s_016um_00365_00222-1,0.2547124
s_016um_00340_00213-1,0.24071546
s_016um_00367_00228-1,0.28697762
s_016um_00259_00186-1,0.2379685
s_016um_00219_00168-1,0.23064387
s_016um_00152_00402-1,0.2696196
s_016um_00018_00264-1,0.24713463
s_016um_00414_00105-1,0.23672721
s_016um_00105_00068-1,0.27642706
s_016um_00041_00240-1,0.30747166
s_016um_00055_00242-1,0.23617479
s_016um_00047_00207-1,0.23644388
s_016um_00371_00123-1,0.21494934
s_016um_00407_00399-1,1.1392591
s_016um_00080_00285-1,0.21648331
s_016um_00277_00322-1,0.2564754
s_016um_00037_00177-1,0.24274816
s_016um_00335_00403-1,0.20840678
s_016um_00225_00237-1,0.21505195
s_016um_00325_00300-1,0.20285377
s_016um_00008_00212-1,0.32357973
s_016um_00358_00417-1,0.6263108
s_016um_00259_00192-1,0.23518339
s_016um_00036_00178-1,0.22175077
s_016um_00215_00011-1,0.28270963
s_016um_00365_00225-1,0.24992295
s_016um_00028_00090-1,0.353605
s_016um_00083_00198-1,0.2720528
s_016um_00090_00270-1,0.2127792
s_016um_00038_00049-1,0.27880207
s_016um_00397_00217-1,0.2281663
s_016um_00012_00294-1,0.20597452
s_016um_00084_00071-1,0.25802347
s_016um_00017_00264-1,0.22386786
s_016um_00105_00388-1,0.21809274
s_016um_00127_00385-1,0.37447023
s_016um_00169_00128-1,0.29941285
s_016um_00207_00151-1,0.21420258
s_016um_00228_00236-1,0.19022082
s_016um_00239_00191-1,0.17318903
s_016um_00151_00402-1,0.2384324
s_016um_00408_00150-1,0.23393719
s_016um_00190_00125-1,0.20408769
s_016um_00353_00122-1,0.27294073
s_016um_00398_00179-1,0.20500027
s_016um_00356_00089-1,0.2423625
s_016um_00090_00336-1,0.30926812
s_016um_00079_00197-1,0.28735378
s_016um_00314_00055-1,0.25717208
s_016um_00270_00060-1,0.23449637
s_016um_00201_00151-1,0.22898613
s_016um_00097_00068-1,0.22103043
s_016um_00235_00088-1,0.2011964
s_016um_00134_00073-1,0.47889477
s_016um_00045_00203-1,0.22739491
s_016um_00087_00273-1,0.15144622
s_016um_00336_00396-1,0.2818452
s_016um_00336_00404-1,0.32428735
s_016um_00272_00046-1,0.21696281
s_016um_00279_00205-1,0.22042538
s_016um_00253_00029-1,0.24726841
s_016um_00133_00074-1,0.24886753
s_016um_00281_00329-1,0.22892898
s_016um_00348_00024-1,0.19981991
s_016um_00039_00208-1,0.2243032
s_016um_00006_00208-1,0.2172952
s_016um_00041_00243-1,0.22764242
s_016um_00227_00327-1,0.21745628
s_016um_00400_00368-1,0.3140525
s_016um_00383_00134-1,0.16947234
s_016um_00109_00387-1,0.22084981
s_016um_00134_00226-1,0.21366513
s_016um_00389_00130-1,0.21359247
s_016um_00272_00227-1,0.24526532
s_016um_00218_00282-1,0.22963355
s_016um_00369_00143-1,0.2041055
s_016um_00212_00292-1,0.24807546
s_016um_00194_00127-1,0.1902324
s_016um_00220_00281-1,0.19769154
s_016um_00054_00248-1,0.25912684
s_016um_00195_00097-1,0.2248775
s_016um_00220_00279-1,0.23010777
s_016um_00087_00198-1,0.26630297
s_016um_00264_00189-1,0.28721
s_016um_00060_00250-1,0.22538683
s_016um_00133_00233-1,0.25260192
s_016um_00230_00359-1,0.24133097
s_016um_00079_00285-1,0.24541685
s_016um_00395_00216-1,0.20310336
s_016um_00214_00031-1,0.23576829
s_016um_00005_00156-1,0.21885125
s_016um_00392_00294-1,0.2596618
s_016um_00354_00287-1,0.2424786
s_016um_00279_00201-1,0.22571768
s_016um_00045_00217-1,0.21091911
s_016um_00226_00239-1,0.24570894
s_016um_00366_00094-1,0.242737
s_016um_00274_00329-1,0.24750324
s_016um_00413_00138-1,0.21402873
s_016um_00373_00124-1,0.26713073
s_016um_00275_00223-1,0.3198055
s_016um_00128_00090-1,0.37266535
s_016um_00036_00009-1,0.32874203
s_016um_00274_00131-1,0.16292539
s_016um_00131_00388-1,0.1864102
s_016um_00230_00331-1,0.21131334
s_016um_00097_00341-1,0.18705723
s_016um_00079_00250-1,0.2504991
s_016um_00320_00302-1,0.20187265
s_016um_00015_00268-1,0.212162
s_016um_00084_00269-1,0.2415737
s_016um_00275_00327-1,0.29792026
s_016um_00265_00329-1,0.22126292
s_016um_00046_00242-1,0.16222306
s_016um_00088_00270-1,0.2093889
s_016um_00263_00185-1,0.33953607
s_016um_00037_00097-1,0.21765132
s_016um_00076_00297-1,0.2346337
s_016um_00068_00235-1,0.21856646
s_016um_00309_00058-1,0.2939167
s_016um_00219_00031-1,0.22380203
s_016um_00261_00028-1,0.25555876
s_016um_00370_00122-1,0.27052587
s_016um_00227_00239-1,0.26302207
s_016um_00369_00102-1,0.24137431
s_016um_00145_00014-1,0.19673938
s_016um_00354_00020-1,0.29148173
s_016um_00211_00032-1,0.24366705
s_016um_00089_00268-1,0.19713941
s_016um_00386_00297-1,0.21796599
s_016um_00081_00237-1,0.26767445
s_016um_00262_00058-1,0.21502087
s_016um_00123_00147-1,0.23303446
s_016um_00239_00086-1,0.1968708
s_016um_00080_00284-1,0.20848098
s_016um_00220_00011-1,0.3044642
s_016um_00033_00085-1,0.25819182
s_016um_00267_00029-1,0.32561052
s_016um_00080_00278-1,0.20652232
s_016um_00404_00122-1,0.2722662
s_016um_00220_00029-1,0.2305034
s_016um_00223_00335-1,0.23861761
s_016um_00235_00267-1,0.2852276
s_016um_00091_00268-1,0.17783004
s_016um_00033_00007-1,0.21366148
s_016um_00010_00151-1,0.24995919
s_016um_00184_00026-1,0.24068472
s_016um_00067_00127-1,0.26883325
s_016um_00090_00271-1,0.25020793
s_016um_00029_00085-1,0.28921083
s_016um_00022_00271-1,0.22230823
s_016um_00262_00334-1,0.19365026
s_016um_00358_00118-1,0.2594525
s_016um_00243_00086-1,0.2350951
s_016um_00325_00299-1,0.19145438
s_016um_00031_00092-1,0.22244737
s_016um_00229_00243-1,0.2577616
s_016um_00355_00113-1,0.22757493
s_016um_00369_00230-1,0.20840394
s_016um_00394_00356-1,0.5098217
s_016um_00074_00247-1,0.2005777
s_016um_00079_00269-1,0.23968227
s_016um_00278_00313-1,0.23377816
s_016um_00080_00299-1,0.23222819
s_016um_00394_00345-1,0.38985854
s_016um_00141_00219-1,0.19841449
s_016um_00312_00053-1,0.23387827
s_016um_00266_00130-1,0.2874683
s_016um_00096_00271-1,0.23937011
s_016um_00089_00073-1,0.25455663
s_016um_00040_00102-1,0.2983639
s_016um_00169_00375-1,0.22805795
s_016um_00408_00397-1,1.2889388
s_016um_00034_00334-1,0.24251954
s_016um_00342_00399-1,0.4320033
s_016um_00231_00361-1,0.20862848
s_016um_00142_00019-1,0.28601533
s_016um_00354_00091-1,0.20814353
s_016um_00157_00291-1,0.23316008
s_016um_00357_00091-1,0.19627209
s_016um_00321_00168-1,0.24569875
s_016um_00191_00122-1,0.26096758
s_016um_00137_00215-1,0.22900021
s_016um_00403_00127-1,0.28113464
s_016um_00258_00190-1,0.2391995
s_016um_00054_00245-1,0.22957532
s_016um_00351_00026-1,0.22321215
s_016um_00347_00213-1,0.17120638
s_016um_00086_00068-1,0.24336699
s_016um_00351_00094-1,0.26220506
s_016um_00212_00033-1,0.27105775
s_016um_00103_00387-1,0.20919052
s_016um_00263_00186-1,0.19787619
s_016um_00354_00119-1,0.25254396
s_016um_00231_00359-1,0.25456977
s_016um_00020_00269-1,0.21183652
s_016um_00271_00034-1,0.22483204
s_016um_00339_00398-1,0.26960412
s_016um_00275_00205-1,0.25108206
s_016um_00361_00418-1,0.5876018
s_016um_00221_00231-1,0.36768126
s_016um_00045_00212-1,0.2530661
s_016um_00048_00218-1,0.22668532
s_016um_00248_00021-1,0.23570517
s_016um_00190_00094-1,0.2591648
s_016um_00402_00258-1,0.22669163
s_016um_00060_00247-1,0.23868306
s_016um_00402_00403-1,1.4068214
s_016um_00196_00128-1,0.23738305
s_016um_00106_00315-1,0.16041225
s_016um_00149_00397-1,0.27076918
s_016um_00226_00242-1,0.29660887
s_016um_00075_00294-1,0.23536077
s_016um_00352_00023-1,0.23214845
s_016um_00326_00167-1,0.2313894
s_016um_00223_00328-1,0.18680653
s_016um_00274_00228-1,0.3298614
s_016um_00192_00126-1,0.21732968
s_016um_00393_00295-1,0.17698686
s_016um_00225_00250-1,0.25151554
s_016um_00381_00138-1,0.2284606
s_016um_00225_00026-1,0.22119363
s_016um_00402_00369-1,0.48447365
s_016um_00106_00318-1,0.23256342
s_016um_00220_00276-1,0.27698216
s_016um_00407_00146-1,0.24119453
s_016um_00382_00137-1,0.27413404
s_016um_00329_00122-1,0.19052625
s_016um_00152_00395-1,0.23347841
s_016um_00387_00341-1,0.25945655
s_016um_00327_00215-1,0.22937495
s_016um_00273_00031-1,0.21805574
s_016um_00272_00049-1,0.21314718
s_016um_00100_00387-1,0.23562154
s_016um_00083_00293-1,0.27398908
s_016um_00407_00148-1,0.22430764
s_016um_00263_00133-1,0.27203792
s_016um_00165_00123-1,0.2187143
s_016um_00086_00283-1,0.2799404
s_016um_00407_00403-1,1.0585301
s_016um_00368_00102-1,0.18713658
s_016um_00066_00125-1,0.24287464
s_016um_00141_00062-1,0.17418297
s_016um_00040_00040-1,0.32170677
s_016um_00267_00129-1,0.37528357
s_016um_00215_00290-1,0.23666924
s_016um_00227_00236-1,0.20355262
s_016um_00157_00289-1,0.11635545
s_016um_00210_00297-1,0.26624194
s_016um_00207_00147-1,0.23248829
s_016um_00142_00021-1,0.19288787
s_016um_00196_00097-1,0.24397662
s_016um_00330_00122-1,0.26801896
s_016um_00034_00330-1,0.20121112
s_016um_00397_00182-1,0.23152792
s_016um_00081_00264-1,0.2549005
s_016um_00240_00083-1,0.18442534
s_016um_00127_00382-1,0.2271972
s_016um_00322_00304-1,0.22581492
s_016um_00185_00027-1,0.3371348
s_016um_00062_00133-1,0.30669603
s_016um_00236_00360-1,0.24886806
s_016um_00265_00331-1,0.23171891
s_016um_00044_00173-1,0.14391741
s_016um_00027_00336-1,0.2584508
s_016um_00019_00268-1,0.22465558
s_016um_00034_00003-1,0.22320722
s_016um_00029_00084-1,0.2849857
s_016um_00061_00249-1,0.20412645
s_016um_00033_00335-1,0.25256485
s_016um_00007_00295-1,0.24623021
s_016um_00418_00140-1,0.24173176
s_016um_00355_00412-1,0.49444875
s_016um_00042_00211-1,0.24119535
s_016um_00130_00089-1,0.3049988
s_016um_00104_00385-1,0.2483022
s_016um_00401_00121-1,0.23020984
s_016um_00417_00139-1,0.24066707
s_016um_00132_00094-1,0.27726036
s_016um_00269_00333-1,0.21194792
s_016um_00194_00122-1,0.31644237
s_016um_00279_00048-1,0.27044517
s_016um_00217_00032-1,0.20344712
s_016um_00211_00027-1,0.22532986
s_016um_00326_00169-1,0.24342962
s_016um_00096_00339-1,0.1808405
s_016um_00010_00211-1,0.23207806
s_016um_00321_00228-1,0.25055677
s_016um_00312_00060-1,0.33366054
s_016um_00092_00338-1,0.23853816
s_016um_00134_00074-1,0.21644801
s_016um_00327_00217-1,0.22418278
s_016um_00164_00288-1,0.23635396
s_016um_00046_00237-1,0.23867
s_016um_00083_00031-1,0.26398423
s_016um_00335_00258-1,0.22410399
s_016um_00388_00129-1,0.26076835
s_016um_00181_00024-1,0.27863595
s_016um_00390_00345-1,0.35588282
s_016um_00322_00298-1,0.28330362
s_016um_00219_00235-1,0.26421377
s_016um_00372_00142-1,0.24820888
s_016um_00372_00117-1,0.2500836
s_016um_00231_00261-1,0.22209069
s_016um_00360_00294-1,0.23758681
s_016um_00390_00337-1,0.2602342
s_016um_00045_00237-1,0.25436985
s_016um_00259_00185-1,0.32558092
s_016um_00395_00372-1,0.27668518
s_016um_00267_00062-1,0.23347966
s_016um_00151_00399-1,0.2343314
s_016um_00153_00397-1,0.25780493
s_016um_00270_00335-1,0.28680348
s_016um_00324_00166-1,0.26131392
s_016um_00224_00236-1,0.25473198
s_016um_00399_00361-1,0.31562328
s_016um_00354_00023-1,0.26291174
s_016um_00279_00329-1,0.24279973
s_016um_00221_00170-1,0.22712664
s_016um_00233_00362-1,0.2471032
s_016um_00222_00239-1,0.24226585
s_016um_00189_00091-1,0.22767432
s_016um_00078_00299-1,0.17348136
s_016um_00007_00301-1,0.2275986
s_016um_00268_00330-1,0.28334293
s_016um_00289_00095-1,0.18307072
s_016um_00281_00136-1,0.23588935
s_016um_00410_00103-1,0.24454407
s_016um_00278_00326-1,0.226382
s_016um_00137_00076-1,0.2504968
s_016um_00041_00215-1,0.2542975
s_016um_00193_00097-1,0.27932146
s_016um_00095_00336-1,0.21889845
s_016um_00095_00317-1,0.2277514
s_016um_00244_00084-1,0.22041321
s_016um_00393_00183-1,0.25822738
s_016um_00224_00170-1,0.21897754
s_016um_00341_00220-1,0.17944384
s_016um_00036_00008-1,0.2794547
s_016um_00128_00385-1,0.2630297
s_016um_00224_00232-1,0.30218154
s_016um_00129_00232-1,0.24762589
s_016um_00138_00021-1,0.26959464
s_016um_00410_00104-1,0.28342777
s_016um_00122_00148-1,0.25712168
s_016um_00082_00282-1,0.24983072
s_016um_00094_00027-1,0.20025717
s_016um_00235_00359-1,0.2798966
s_016um_00325_00126-1,0.15310445
s_016um_00277_00138-1,0.21098538
s_016um_00171_00375-1,0.2632188
s_016um_00199_00151-1,0.1682508
s_016um_00356_00122-1,0.26809165
s_016um_00192_00096-1,0.26665863
s_016um_00404_00150-1,0.25533012
s_016um_00266_00134-1,0.19310576
s_016um_00224_00245-1,0.20691767
s_016um_00347_00219-1,0.26177028
s_016um_00380_00131-1,0.23228537
s_016um_00091_00275-1,0.22681391
s_016um_00217_00010-1,0.25003025
s_016um_00220_00014-1,0.24823526
s_016um_00336_00402-1,0.31641012
s_016um_00352_00026-1,0.22887462
s_016um_00085_00195-1,0.36104745
s_016um_00399_00372-1,0.30500633
s_016um_00129_00226-1,0.23524678
s_016um_00394_00295-1,0.20434748
s_016um_00054_00243-1,0.24883786
s_016um_00117_00146-1,0.21240047
s_016um_00275_00324-1,0.28420886
s_016um_00326_00230-1,0.23923951
s_016um_00335_00398-1,0.3930754
s_016um_00371_00138-1,0.22363156
s_016um_00194_00094-1,0.24590936
s_016um_00037_00174-1,0.27350864
s_016um_00257_00187-1,0.2149396
s_016um_00096_00272-1,0.24174193
s_016um_00104_00383-1,0.24406803
s_016um_00400_00124-1,0.26519242
s_016um_00139_00222-1,0.25318387
s_016um_00273_00131-1,0.17761502
s_016um_00220_00032-1,0.27926132
s_016um_00079_00239-1,0.24833381
s_016um_00360_00416-1,0.54419625
s_016um_00011_00153-1,0.2985378
s_016um_00322_00163-1,0.20275494
s_016um_00042_00242-1,0.15156257
s_016um_00413_00105-1,0.2763145
s_016um_00220_00224-1,0.21403359
s_016um_00369_00101-1,0.2026797
s_016um_00061_00246-1,0.19910118
s_016um_00043_00208-1,0.18096396
s_016um_00048_00214-1,0.22856773
s_016um_00179_00030-1,0.27588612
s_016um_00193_00092-1,0.22379564
s_016um_00398_00370-1,0.30286825
s_016um_00406_00397-1,1.0103043
s_016um_00043_00215-1,0.24215943
s_016um_00408_00105-1,0.22359484
s_016um_00358_00411-1,0.3248966
s_016um_00246_00083-1,0.18789607
s_016um_00080_00033-1,0.28231674
s_016um_00395_00366-1,0.30692175
s_016um_00363_00224-1,0.21397635
s_016um_00225_00170-1,0.21616846
s_016um_00241_00089-1,0.19221795
s_016um_00028_00085-1,0.2931238
s_016um_00194_00128-1,0.1967705
s_016um_00228_00245-1,0.2510067
s_016um_00413_00101-1,0.33658132
s_016um_00393_00179-1,0.27577722
s_016um_00217_00231-1,0.19010031
s_016um_00262_00337-1,0.20916072
s_016um_00369_00142-1,0.2710795
s_016um_00233_00358-1,0.28792048
s_016um_00115_00146-1,0.2546936
s_016um_00039_00172-1,0.25692308
s_016um_00108_00390-1,0.2327726
s_016um_00270_00029-1,0.28248808
s_016um_00085_00200-1,0.23803125
s_016um_00370_00118-1,0.22901946
s_016um_00136_00222-1,0.2356983
s_016um_00089_00278-1,0.20198557
s_016um_00214_00011-1,0.22731549
s_016um_00267_00331-1,0.25801557
s_016um_00088_00065-1,0.32185978
s_016um_00235_00189-1,0.24449602
s_016um_00236_00093-1,0.1717458
s_016um_00335_00404-1,0.40604448
s_016um_00192_00127-1,0.19813952
s_016um_00358_00294-1,0.21878943
s_016um_00090_00276-1,0.22819963
s_016um_00224_00226-1,0.24986069
s_016um_00147_00059-1,0.28262278
s_016um_00041_00041-1,0.26129094
s_016um_00116_00151-1,0.24579003
s_016um_00208_00291-1,0.23095448
s_016um_00097_00066-1,0.28971446
s_016um_00085_00032-1,0.23199417
s_016um_00364_00226-1,0.21826771
s_016um_00104_00390-1,0.25726807
s_016um_00089_00272-1,0.20406862
s_016um_00098_00070-1,0.22881272
s_016um_00224_00235-1,0.24449572
s_016um_00168_00128-1,0.24384722
s_016um_00223_00234-1,0.24813862
s_016um_00109_00321-1,0.39140123
s_016um_00067_00133-1,0.2646029
s_016um_00067_00234-1,0.25345102
s_016um_00222_00327-1,0.22373384
s_016um_00097_00070-1,0.2525308
s_016um_00366_00098-1,0.22727828
s_016um_00396_00181-1,0.19266339
s_016um_00133_00073-1,0.23857649
s_016um_00094_00315-1,0.25432187
s_016um_00219_00282-1,0.2515051
s_016um_00059_00243-1,0.2750575
s_016um_00403_00119-1,0.2529613
s_016um_00321_00299-1,0.28394756
s_016um_00082_00243-1,0.22081065
s_016um_00415_00135-1,0.29098523
s_016um_00255_00029-1,0.2501198
s_016um_00321_00162-1,0.25755826
s_016um_00137_00229-1,0.30741048
s_016um_00039_00044-1,0.24311054
s_016um_00247_00087-1,0.22730832
s_016um_00368_00139-1,0.21650732
s_016um_00283_00325-1,0.3117256
s_016um_00066_00237-1,0.28712246
s_016um_00325_00118-1,0.27221853
s_016um_00006_00299-1,0.20418824
s_016um_00219_00024-1,0.21256259
s_016um_00266_00054-1,0.1946457
s_016um_00262_00135-1,0.12277685
s_016um_00117_00144-1,0.27201977
s_016um_00128_00087-1,0.19251874
s_016um_00239_00085-1,0.18796363
s_016um_00015_00271-1,0.33736503
s_016um_00166_00125-1,0.22884251
s_016um_00334_00401-1,0.33107832
s_016um_00396_00215-1,0.27260548
s_016um_00404_00124-1,0.20531406
s_016um_00358_00290-1,0.15549538
s_016um_00338_00399-1,0.39147922
s_016um_00214_00015-1,0.22231732
s_016um_00035_00006-1,0.27602836
s_016um_00399_00219-1,0.23115812
s_016um_00168_00374-1,0.15686917
s_016um_00344_00214-1,0.22680329
s_016um_00140_00060-1,0.23839499
s_016um_00231_00354-1,0.24190918
s_016um_00225_00246-1,0.25830635
s_016um_00216_00172-1,0.18456072
s_016um_00101_00026-1,0.22956175
s_016um_00146_00395-1,0.2630427
s_016um_00401_00401-1,1.354582
s_016um_00331_00250-1,0.2143777
s_016um_00395_00364-1,0.3795842
s_016um_00396_00256-1,0.2524114
s_016um_00242_00188-1,0.26960883
s_016um_00085_00266-1,0.21606642
s_016um_00274_00204-1,0.30677146
s_016um_00307_00059-1,0.25176853
s_016um_00087_00270-1,0.24649116
s_016um_00345_00217-1,0.20985799
s_016um_00278_00207-1,0.19278905
s_016um_00272_00223-1,0.2756988
s_016um_00397_00358-1,0.25835422
s_016um_00371_00097-1,0.2226699
s_016um_00083_00028-1,0.27767742
s_016um_00080_00269-1,0.21355242
s_016um_00231_00088-1,0.25413284
s_016um_00031_00086-1,0.24259235
s_016um_00107_00391-1,0.22941248
s_016um_00337_00397-1,0.33422625
s_016um_00170_00378-1,0.30872366
s_016um_00130_00225-1,0.20839183
s_016um_00259_00133-1,0.25080886
s_016um_00134_00231-1,0.2064971
s_016um_00082_00272-1,0.22800013
s_016um_00053_00246-1,0.280126
s_016um_00353_00121-1,0.26585627
s_016um_00230_00262-1,0.20925567
s_016um_00083_00034-1,0.3227343
s_016um_00275_00206-1,0.2622137
s_016um_00102_00073-1,0.31137243
s_016um_00007_00210-1,0.19151701
s_016um_00200_00149-1,0.26437828
s_016um_00399_00366-1,0.3005082
s_016um_00093_00340-1,0.2091784
s_016um_00281_00133-1,0.19834372
s_016um_00041_00099-1,0.23123804
s_016um_00388_00337-1,0.3016444
s_016um_00264_00057-1,0.2524261
s_016um_00352_00114-1,0.24753214
s_016um_00013_00298-1,0.20593008
s_016um_00261_00333-1,0.24518506
s_016um_00265_00056-1,0.21386632
s_016um_00091_00272-1,0.24396187
s_016um_00166_00126-1,0.22762021
s_016um_00388_00130-1,0.2450639
s_016um_00335_00254-1,0.26571772
s_016um_00395_00179-1,0.22624703
s_016um_00411_00096-1,0.31201327
s_016um_00219_00277-1,0.21461378
s_016um_00043_00206-1,0.20961154
s_016um_00128_00382-1,0.17755854
s_016um_00139_00055-1,0.26994655
s_016um_00263_00056-1,0.24998857
s_016um_00222_00166-1,0.18350351
s_016um_00277_00208-1,0.22561505
s_016um_00159_00286-1,0.19672172
s_016um_00344_00220-1,0.3348131
s_016um_00331_00211-1,0.2477057
s_016um_00407_00151-1,0.25273454
s_016um_00136_00317-1,0.28317302
s_016um_00370_00121-1,0.2015533
s_016um_00402_00122-1,0.27706796
s_016um_00375_00136-1,0.21700738
s_016um_00284_00092-1,0.19800958
s_016um_00105_00389-1,0.21372621
s_016um_00282_00323-1,0.26978928
s_016um_00212_00289-1,0.20541665
s_016um_00076_00248-1,0.20524922
s_016um_00040_00208-1,0.31065184
s_016um_00084_00285-1,0.21289429
s_016um_00194_00096-1,0.23126048
s_016um_00361_00226-1,0.25756457
s_016um_00272_00230-1,0.25063297
s_016um_00217_00277-1,0.25242874
s_016um_00012_00296-1,0.19964793
s_016um_00223_00327-1,0.23747763
s_016um_00224_00250-1,0.19828762
s_016um_00277_00131-1,0.18340242
s_016um_00274_00315-1,0.29986817
s_016um_00218_00225-1,0.20903802
s_016um_00153_00399-1,0.25499836
s_016um_00150_00401-1,0.23764981
s_016um_00413_00137-1,0.20799407
s_016um_00274_00136-1,0.25107124
s_016um_00322_00232-1,0.20196682
s_016um_00084_00027-1,0.24107242
s_016um_00101_00024-1,0.2266081
s_016um_00218_00276-1,0.24914058
s_016um_00349_00024-1,0.11887193
s_016um_00272_00030-1,0.23437135
s_016um_00215_00018-1,0.27165207
s_016um_00258_00184-1,0.1768648
s_016um_00067_00126-1,0.24558298
s_016um_00386_00298-1,0.19757134
s_016um_00217_00030-1,0.26475984
s_016um_00007_00209-1,0.30974245
s_016um_00095_00030-1,0.22504272
s_016um_00007_00294-1,0.22704671
s_016um_00252_00027-1,0.26711914
s_016um_00276_00136-1,0.22888029
s_016um_00357_00418-1,1.0479813
s_016um_00092_00317-1,0.27012262
s_016um_00398_00261-1,0.22545111
s_016um_00335_00216-1,0.19890268
s_016um_00398_00372-1,0.42833352
s_016um_00210_00031-1,0.3318989
s_016um_00211_00033-1,0.22832485
s_016um_00382_00133-1,0.3279146
s_016um_00165_00124-1,0.2822208
s_016um_00321_00304-1,0.2505762
s_016um_00078_00239-1,0.24126826
s_016um_00039_00049-1,0.25541836
s_016um_00100_00066-1,0.23214513
s_016um_00065_00230-1,0.21787137
s_016um_00079_00267-1,0.23648931
s_016um_00039_00104-1,0.25568667
s_016um_00358_00095-1,0.24870716
s_016um_00358_00093-1,0.23375563
s_016um_00042_00209-1,0.29512405
s_016um_00117_00150-1,0.26276726
s_016um_00265_00034-1,0.24422185
s_016um_00044_00177-1,0.25416395
s_016um_00341_00216-1,0.29005265
s_016um_00387_00339-1,0.30051124
s_016um_00146_00396-1,0.22262307
s_016um_00129_00087-1,0.24339879
s_016um_00368_00098-1,0.2819692
s_016um_00395_00177-1,0.27238724
s_016um_00274_00130-1,0.17855112
s_016um_00355_00019-1,0.2532765
s_016um_00367_00095-1,0.263659
s_016um_00356_00116-1,0.26841602
s_016um_00126_00092-1,0.29886177
s_016um_00367_00143-1,0.2429684
s_016um_00097_00024-1,0.22143264
s_016um_00080_00271-1,0.22123222
s_016um_00088_00071-1,0.33194274
s_016um_00057_00249-1,0.27001995
s_016um_00039_00206-1,0.22596379
s_016um_00011_00207-1,0.22887903
s_016um_00267_00334-1,0.27994758
s_016um_00236_00186-1,0.27478963
s_016um_00139_00017-1,0.30617362
s_016um_00020_00267-1,0.1867941
s_016um_00092_00274-1,0.22817211
s_016um_00088_00035-1,0.24774274
s_016um_00411_00098-1,0.21207578
s_016um_00354_00413-1,0.4588334
s_016um_00239_00089-1,0.2816443
s_016um_00353_00094-1,0.22285749
s_016um_00177_00026-1,0.24739121
s_016um_00405_00403-1,1.1951399
s_016um_00386_00133-1,0.16797431
s_016um_00215_00010-1,0.35609898
s_016um_00326_00168-1,0.20357515
s_016um_00348_00217-1,0.265452
s_016um_00043_00243-1,0.24292263
s_016um_00240_00086-1,0.29910573
s_016um_00138_00019-1,0.25939977
s_016um_00210_00291-1,0.23850693
s_016um_00275_00315-1,0.38010162
s_016um_00368_00103-1,0.24061443
s_016um_00391_00364-1,0.43234777
s_016um_00267_00053-1,0.22690469
s_016um_00354_00292-1,0.23707841
s_016um_00371_00118-1,0.23141448
s_016um_00081_00266-1,0.21094844
s_016um_00080_00244-1,0.19501665
s_016um_00323_00300-1,0.24656266
s_016um_00004_00155-1,0.22487254
s_016um_00036_00010-1,0.32535854
s_016um_00275_00048-1,0.24694948
s_016um_00265_00188-1,0.1731981
s_016um_00276_00316-1,0.29412326
s_016um_00328_00211-1,0.23268872
s_016um_00161_00284-1,0.16723639
s_016um_00080_00237-1,0.191119
s_016um_00014_00210-1,0.3135197
s_016um_00033_00333-1,0.2354321
s_016um_00227_00231-1,0.21180189
s_016um_00039_00207-1,0.2231585
s_016um_00243_00183-1,0.22835532
s_016um_00140_00075-1,0.21230152
s_016um_00367_00098-1,0.21099193
s_016um_00042_00203-1,0.2555394
s_016um_00014_00267-1,0.2792363
s_016um_00285_00098-1,0.18069725
s_016um_00269_00060-1,0.28563523
s_016um_00213_00280-1,0.20719175
s_016um_00278_00318-1,0.23372489
s_016um_00375_00146-1,0.24493855
s_016um_00354_00293-1,0.2271906
s_016um_00038_00177-1,0.20906697
s_016um_00043_00044-1,0.30306005
s_016um_00160_00288-1,0.24009554
s_016um_00350_00026-1,0.23802562
s_016um_00328_00300-1,0.20981374
s_016um_00327_00166-1,0.20060074
s_016um_00273_00046-1,0.18049437
s_016um_00390_00362-1,0.34553874
s_016um_00263_00058-1,0.21705247
s_016um_00138_00073-1,0.24347803
s_016um_00022_00267-1,0.23329188
s_016um_00260_00135-1,0.21502349
s_016um_00404_00120-1,0.21232587
s_016um_00039_00101-1,0.293754
s_016um_00390_00339-1,0.24386576
s_016um_00363_00229-1,0.2078822
s_016um_00216_00032-1,0.2317556
s_016um_00054_00244-1,0.2097896
s_016um_00034_00329-1,0.23773308
s_016um_00231_00356-1,0.2230911
s_016um_00193_00127-1,0.20281388
s_016um_00282_00315-1,0.21774545
s_016um_00271_00060-1,0.24289188
s_016um_00082_00287-1,0.2340084
s_016um_00158_00293-1,0.22296363
s_016um_00354_00415-1,0.49177653
s_016um_00224_00240-1,0.22698273
s_016um_00276_00317-1,0.24641539
s_016um_00015_00266-1,0.31281343
s_016um_00340_00215-1,0.2529966
s_016um_00146_00058-1,0.3359943
s_016um_00097_00316-1,0.22706851
s_016um_00271_00230-1,0.25734136
s_016um_00085_00198-1,0.24909812
s_016um_00235_00266-1,0.20965526
s_016um_00004_00153-1,0.31420514
s_016um_00242_00189-1,0.26644117
s_016um_00042_00219-1,0.21749108
s_016um_00415_00137-1,0.27008182
s_016um_00086_00034-1,0.22341743
s_016um_00226_00252-1,0.21231297
s_016um_00139_00056-1,0.32219785
s_016um_00374_00125-1,0.21548253
s_016um_00417_00135-1,0.18901733
s_016um_00131_00230-1,0.28183806
s_016um_00169_00371-1,0.2145222
s_016um_00402_00152-1,0.24275492
s_016um_00276_00205-1,0.19150664
s_016um_00040_00218-1,0.2408527
s_016um_00131_00089-1,0.23137343
s_016um_00231_00355-1,0.23422778
s_016um_00242_00182-1,0.21090305
s_016um_00406_00125-1,0.22173715
s_016um_00233_00090-1,0.29494107
s_016um_00099_00338-1,0.26533854
s_016um_00269_00056-1,0.19331443
s_016um_00225_00330-1,0.21769671
s_016um_00251_00024-1,0.24581878
s_016um_00115_00150-1,0.28730577
s_016um_00339_00399-1,0.4835847
s_016um_00147_00056-1,0.22861123
s_016um_00160_00289-1,0.2434087
s_016um_00279_00321-1,0.25887764
s_016um_00088_00264-1,0.1978888
s_016um_00237_00264-1,0.2336437
s_016um_00040_00215-1,0.22118247
s_016um_00040_00175-1,0.27532774
s_016um_00362_00289-1,0.22165658
s_016um_00121_00146-1,0.25522697
s_016um_00387_00128-1,0.18816417
s_016um_00119_00146-1,0.23780707
s_016um_00042_00243-1,0.24216767
s_016um_00397_00179-1,0.25870383
s_016um_00037_00104-1,0.2658314
s_016um_00257_00192-1,0.2757064
s_016um_00246_00082-1,0.29398733
s_016um_00237_00182-1,0.19767134
s_016um_00090_00272-1,0.37718323
s_016um_00040_00046-1,0.27536827
s_016um_00235_00092-1,0.19863103
s_016um_00334_00398-1,0.27514684
s_016um_00399_00212-1,0.24457578
s_016um_00141_00017-1,0.24963093
s_016um_00070_00232-1,0.24764167
s_016um_00337_00256-1,0.23412682
s_016um_00130_00229-1,0.18222773
s_016um_00206_00145-1,0.22126603
s_016um_00224_00230-1,0.33357602
s_016um_00141_00056-1,0.25041893
s_016um_00065_00133-1,0.25901812
s_016um_00142_00013-1,0.27299643
s_016um_00367_00102-1,0.20704946
s_016um_00140_00077-1,0.2427101
s_016um_00181_00029-1,0.24406074
s_016um_00281_00323-1,0.33085626
s_016um_00406_00151-1,0.23512393
s_016um_00390_00341-1,0.5029777
s_016um_00223_00030-1,0.3123698
s_016um_00083_00281-1,0.23314
s_016um_00260_00032-1,0.3164194
s_016um_00098_00023-1,0.22401853
s_016um_00254_00020-1,0.3272132
s_016um_00310_00060-1,0.287582
s_016um_00373_00118-1,0.1544033
s_016um_00278_00325-1,0.2186304
s_016um_00355_00089-1,0.3072569
s_016um_00270_00056-1,0.18669769
s_016um_00098_00319-1,0.24145879
s_016um_00039_00097-1,0.28854224
s_016um_00236_00088-1,0.21783188
s_016um_00043_00041-1,0.2486846
s_016um_00233_00264-1,0.25496092
s_016um_00270_00033-1,0.25515833
s_016um_00171_00126-1,0.24479772
s_016um_00343_00220-1,0.36345997
s_016um_00170_00127-1,0.26571244
s_016um_00175_00374-1,0.24073151
s_016um_00236_00184-1,0.27038497
s_016um_00135_00232-1,0.19837826
s_016um_00239_00090-1,0.20454094
s_016um_00089_00069-1,0.26518306
s_016um_00073_00247-1,0.19368298
s_016um_00287_00093-1,0.25877583
s_016um_00253_00020-1,0.29398608
s_016um_00274_00207-1,0.22281197
s_016um_00375_00142-1,0.22597985
s_016um_00356_00117-1,0.29699063
s_016um_00103_00385-1,0.2720719
s_016um_00046_00214-1,0.27334982
s_016um_00355_00090-1,0.3360605
s_016um_00391_00179-1,0.23454612
s_016um_00166_00122-1,0.16253462
s_016um_00361_00287-1,0.22047693
s_016um_00340_00396-1,0.3186893
s_016um_00372_00123-1,0.23418866
s_016um_00276_00130-1,0.2433365
s_016um_00057_00243-1,0.20718609
s_016um_00080_00282-1,0.2818008
s_016um_00273_00230-1,0.2294364
s_016um_00309_00054-1,0.2621265
s_016um_00172_00371-1,0.2697477
s_016um_00196_00122-1,0.20841783
s_016um_00043_00171-1,0.27311254
s_016um_00341_00404-1,0.28906292
s_016um_00191_00125-1,0.23160422
s_016um_00084_00034-1,0.25313073
s_016um_00356_00094-1,0.22012341
s_016um_00282_00327-1,0.23556015
s_016um_00407_00396-1,1.0137274
s_016um_00325_00119-1,0.2849711
s_016um_00410_00098-1,0.20836388
s_016um_00387_00344-1,0.38261342
s_016um_00222_00330-1,0.23464292
s_016um_00167_00128-1,0.18386975
s_016um_00400_00366-1,0.20527518
s_016um_00163_00285-1,0.2434714
s_016um_00265_00031-1,0.27133113
s_016um_00266_00029-1,0.28536424
s_016um_00338_00400-1,0.30363175
s_016um_00044_00245-1,0.26214832
s_016um_00080_00248-1,0.22843146
s_016um_00328_00228-1,0.2070933
s_016um_00358_00291-1,0.22743699
s_016um_00076_00239-1,0.2297864
s_016um_00122_00149-1,0.28594884
s_016um_00377_00135-1,0.22771133
s_016um_00331_00212-1,0.2561744
s_016um_00142_00015-1,0.22457987
s_016um_00099_00315-1,0.30862308
s_016um_00010_00158-1,0.23075554
s_016um_00268_00061-1,0.24984306
s_016um_00371_00148-1,0.27487874
s_016um_00220_00232-1,0.19246864
s_016um_00333_00254-1,0.2945504
s_016um_00366_00099-1,0.2290106
s_016um_00280_00311-1,0.2536032
s_016um_00216_00017-1,0.2709728
s_016um_00064_00232-1,0.23640373
s_016um_00260_00132-1,0.22272557
s_016um_00043_00242-1,0.3010344
s_016um_00361_00289-1,0.22391911
s_016um_00402_00256-1,0.24285306
s_016um_00100_00024-1,0.21801132
s_016um_00034_00104-1,0.254194
s_016um_00184_00025-1,0.24748035
s_016um_00094_00026-1,0.25200027
s_016um_00223_00236-1,0.20469846
s_016um_00400_00254-1,0.2114347
s_016um_00048_00240-1,0.21165583
s_016um_00046_00239-1,0.25097457
s_016um_00068_00237-1,0.17416885
s_016um_00147_00395-1,0.2642921
s_016um_00348_00219-1,0.25255027
s_016um_00229_00330-1,0.2554825
s_016um_00085_00281-1,0.23491304
s_016um_00325_00163-1,0.256607
s_016um_00020_00265-1,0.16007829
s_016um_00354_00093-1,0.25340956
s_016um_00226_00250-1,0.21555454
s_016um_00245_00082-1,0.23583183
s_016um_00271_00229-1,0.28503066
s_016um_00190_00090-1,0.2586521
s_016um_00374_00147-1,0.26023358
s_016um_00220_00168-1,0.24417827
s_016um_00103_00072-1,0.27209127
s_016um_00280_00050-1,0.2550921
s_016um_00307_00056-1,0.250953
s_016um_00081_00284-1,0.22359799
s_016um_00012_00208-1,0.26661435
s_016um_00068_00132-1,0.23455353
s_016um_00097_00318-1,0.22952427
s_016um_00241_00086-1,0.25553778
s_016um_00336_00255-1,0.21132746
s_016um_00289_00094-1,0.23296057
s_016um_00064_00129-1,0.22457695
s_016um_00264_00061-1,0.298433
s_016um_00006_00158-1,0.35330763
s_016um_00086_00035-1,0.31200406
s_016um_00144_00062-1,0.2687532
s_016um_00038_00179-1,0.33811688
s_016um_00269_00028-1,0.23853697
s_016um_00136_00232-1,0.24553022
s_016um_00307_00054-1,0.24655603
s_016um_00027_00092-1,0.26668486
s_016um_00085_00031-1,0.2224902
s_016um_00283_00096-1,0.25983354
s_016um_00056_00249-1,0.25444922
s_016um_00354_00092-1,0.19947866
s_016um_00128_00092-1,0.22744139
s_016um_00408_00153-1,0.240809
s_016um_00260_00190-1,0.25590143
s_016um_00228_00261-1,0.25216162
s_016um_00329_00256-1,0.28246725
s_016um_00134_00315-1,0.47456124
s_016um_00278_00205-1,0.28248718
s_016um_00346_00214-1,0.2051324
s_016um_00073_00248-1,0.20808238
s_016um_00213_00034-1,0.24233542
s_016um_00220_00169-1,0.20041558
s_016um_00144_00016-1,0.27541292
s_016um_00132_00225-1,0.21942572
s_016um_00394_00370-1,0.3046521
s_016um_00217_00017-1,0.26937073
s_016um_00091_00337-1,0.1706718
s_016um_00088_00067-1,0.25119716
s_016um_00084_00070-1,0.30697843
s_016um_00229_00249-1,0.20183982
s_016um_00242_00090-1,0.22474883
s_016um_00384_00134-1,0.20900059
s_016um_00114_00319-1,0.25594017
s_016um_00225_00027-1,0.28572667
s_016um_00172_00378-1,0.24975188
s_016um_00264_00190-1,0.2725067
s_016um_00035_00101-1,0.26977074
s_016um_00356_00417-1,0.71174985
s_016um_00212_00280-1,0.23767954
s_016um_00274_00209-1,0.18831307
s_016um_00107_00321-1,0.16187644
s_016um_00136_00320-1,0.37310117
s_016um_00123_00148-1,0.37195766
s_016um_00014_00208-1,0.25251755
s_016um_00068_00128-1,0.26844558
s_016um_00083_00294-1,0.22097403
s_016um_00319_00163-1,0.256557
s_016um_00059_00247-1,0.29078713
s_016um_00037_00101-1,0.25827247
s_016um_00355_00417-1,0.67524946
s_016um_00086_00071-1,0.27114877
s_016um_00331_00126-1,0.22603424
s_016um_00378_00135-1,0.22260144
s_016um_00404_00394-1,1.1208705
s_016um_00068_00238-1,0.23370084
s_016um_00335_00251-1,0.28440526
s_016um_00110_00315-1,0.2630154
s_016um_00043_00177-1,0.20889123
s_016um_00325_00125-1,0.17667729
s_016um_00351_00092-1,0.2649484
s_016um_00255_00034-1,0.29671478
s_016um_00365_00229-1,0.20576574
s_016um_00042_00213-1,0.25874484
s_016um_00344_00211-1,0.21520147
s_016um_00373_00146-1,0.20483375
s_016um_00041_00042-1,0.21980554
s_016um_00235_00262-1,0.2504572
s_016um_00273_00332-1,0.2832085
s_016um_00044_00214-1,0.23918484
s_016um_00206_00148-1,0.23443685
s_016um_00287_00097-1,0.25658423
s_016um_00118_00144-1,0.19918339
s_016um_00221_00283-1,0.22140849
s_016um_00280_00326-1,0.2036305
s_016um_00372_00139-1,0.43301392
s_016um_00387_00133-1,0.24986184
s_016um_00029_00335-1,0.23103926
s_016um_00097_00320-1,0.24493793
s_016um_00263_00335-1,0.25726607
s_016um_00133_00314-1,0.42085582
s_016um_00358_00285-1,0.25944155
s_016um_00416_00138-1,0.26249152
s_016um_00348_00023-1,0.2277736
s_016um_00358_00418-1,0.87102246
s_016um_00225_00231-1,0.23690107
s_016um_00366_00226-1,0.2775052
s_016um_00270_00062-1,0.23356383
s_016um_00219_00174-1,0.2538705
s_016um_00393_00341-1,0.29480046
s_016um_00363_00290-1,0.19922076
s_016um_00070_00231-1,0.2669785
s_016um_00228_00328-1,0.21218666
s_016um_00213_00281-1,0.23170482
s_016um_00170_00372-1,0.23817816
s_016um_00089_00277-1,0.22915472
s_016um_00080_00281-1,0.24384147
s_016um_00085_00071-1,0.26466227
s_016um_00237_00085-1,0.24264818
s_016um_00061_00131-1,0.26573697
s_016um_00089_00266-1,0.22553289
s_016um_00136_00077-1,0.24785955
s_016um_00338_00396-1,0.23640302
s_016um_00092_00266-1,0.23932691
s_016um_00257_00184-1,0.26819822
s_016um_00218_00031-1,0.2862753
s_016um_00173_00373-1,0.2031898
s_016um_00087_00069-1,0.26635966
s_016um_00213_00029-1,0.23191005
s_016um_00327_00303-1,0.23116478
s_016um_00344_00215-1,0.21572953
s_016um_00107_00388-1,0.19094539
s_016um_00126_00090-1,0.24754111
s_016um_00320_00301-1,0.24433519
s_016um_00267_00228-1,0.17632799
s_016um_00259_00028-1,0.27067667
s_016um_00009_00295-1,0.28727546
s_016um_00328_00254-1,0.25872275
s_016um_00038_00099-1,0.3040492
s_016um_00222_00237-1,0.2453685
s_016um_00328_00229-1,0.2289465
s_016um_00337_00401-1,0.29838073
s_016um_00369_00227-1,0.33356386
s_016um_00036_00044-1,0.2673679
s_016um_00275_00134-1,0.26795602
s_016um_00139_00061-1,0.25431347
s_016um_00327_00231-1,0.22114041
s_016um_00330_00255-1,0.267682
s_016um_00326_00122-1,0.18683895
s_016um_00048_00245-1,0.24250837
s_016um_00273_00205-1,0.21598062
s_016um_00322_00300-1,0.23596925
s_016um_00334_00251-1,0.2420532
s_016um_00133_00089-1,0.3265979
s_016um_00336_00214-1,0.21470934
s_016um_00006_00211-1,0.29858333
s_016um_00081_00298-1,0.23869428
s_016um_00238_00356-1,0.20689262
s_016um_00138_00218-1,0.23053515
s_016um_00218_00168-1,0.2178945
s_016um_00265_00338-1,0.2381179
s_016um_00271_00331-1,0.20741479
s_016um_00390_00294-1,0.20914501
s_016um_00039_00048-1,0.3054561
s_016um_00352_00119-1,0.23426826
s_016um_00100_00322-1,0.255007
s_016um_00369_00098-1,0.206132
s_016um_00067_00229-1,0.24228287
s_016um_00146_00017-1,0.26511186
s_016um_00223_00173-1,0.25016028
s_016um_00098_00341-1,0.20720214
s_016um_00402_00402-1,1.4825824
s_016um_00241_00087-1,0.37546676
s_016um_00266_00331-1,0.24324206
s_016um_00262_00332-1,0.2396251
s_016um_00372_00100-1,0.2865411
s_016um_00255_00028-1,0.2382674
s_016um_00209_00290-1,0.23024204
s_016um_00103_00070-1,0.25757116
s_016um_00363_00223-1,0.25804004
s_016um_00355_00415-1,0.8059618
s_016um_00033_00332-1,0.24198951
s_016um_00336_00401-1,0.2713142
s_016um_00083_00068-1,0.25392696
s_016um_00407_00153-1,0.25106812
s_016um_00346_00213-1,0.15394686
s_016um_00017_00269-1,0.2474518
s_016um_00387_00134-1,0.22986425
s_016um_00359_00412-1,0.5175649
s_016um_00249_00023-1,0.23662744
s_016um_00334_00213-1,0.24084237
s_016um_00135_00229-1,0.28872627
s_016um_00232_00090-1,0.18604633
s_016um_00352_00021-1,0.22795334
s_016um_00367_00100-1,0.28247637
s_016um_00381_00130-1,0.23457655
s_016um_00248_00026-1,0.2416774
s_016um_00097_00029-1,0.29481047
s_016um_00132_00226-1,0.19072606
s_016um_00393_00292-1,0.2512382
s_016um_00135_00231-1,0.21234271
s_016um_00140_00220-1,0.23641516
s_016um_00368_00124-1,0.23966368
s_016um_00170_00376-1,0.25247946
s_016um_00357_00293-1,0.2836893
s_016um_00377_00139-1,0.3149738
s_016um_00130_00316-1,0.2642434
s_016um_00226_00333-1,0.21334678
s_016um_00226_00231-1,0.21094331
s_016um_00240_00186-1,0.18731645
s_016um_00042_00101-1,0.21685368
s_016um_00225_00245-1,0.2413829
s_016um_00008_00154-1,0.31162968
s_016um_00167_00374-1,0.18955712
s_016um_00079_00032-1,0.27180645
s_016um_00370_00102-1,0.22648701
s_016um_00330_00217-1,0.2557823
s_016um_00215_00035-1,0.19828093
s_016um_00190_00093-1,0.2551032
s_016um_00339_00404-1,0.29612634
s_016um_00236_00262-1,0.25061443
s_016um_00083_00299-1,0.24732664
s_016um_00010_00293-1,0.23433113
s_016um_00288_00096-1,0.23353969
s_016um_00290_00100-1,0.24512626
s_016um_00074_00238-1,0.20993114
s_016um_00228_00243-1,0.2727366
s_016um_00383_00127-1,0.18239522
s_016um_00076_00236-1,0.20620547
s_016um_00089_00267-1,0.20837645
s_016um_00240_00189-1,0.16946802
s_016um_00359_00119-1,0.24777375
s_016um_00009_00300-1,0.24624804
s_016um_00005_00153-1,0.20365247
s_016um_00140_00221-1,0.24015512
s_016um_00370_00225-1,0.21295457
s_016um_00269_00228-1,0.20283085
s_016um_00141_00076-1,0.26952612
s_016um_00163_00286-1,0.22291683
s_016um_00319_00162-1,0.27718005
s_016um_00071_00237-1,0.2528792
s_016um_00279_00314-1,0.15606949
s_016um_00274_00202-1,0.24557221
s_016um_00017_00267-1,0.25637627
s_016um_00229_00247-1,0.2107403
s_016um_00077_00246-1,0.2277867
s_016um_00224_00330-1,0.2443943
s_016um_00106_00390-1,0.19454196
s_016um_00324_00233-1,0.27988493
s_016um_00355_00093-1,0.22777039
s_016um_00270_00057-1,0.18558457
s_016um_00274_00223-1,0.25570595
s_016um_00227_00329-1,0.22534084
s_016um_00131_00228-1,0.21478206
s_016um_00068_00233-1,0.26532486
s_016um_00275_00312-1,0.24557327
s_016um_00080_00201-1,0.26877767
s_016um_00091_00273-1,0.20942608
s_016um_00073_00244-1,0.24197641
s_016um_00040_00045-1,0.2953639
s_016um_00170_00374-1,0.20345883
s_016um_00218_00009-1,0.22303107
s_016um_00195_00094-1,0.20039976
s_016um_00276_00328-1,0.28352365
s_016um_00032_00334-1,0.2218786
s_016um_00075_00293-1,0.23735131
s_016um_00078_00245-1,0.21679363
s_016um_00267_00336-1,0.18733707
s_016um_00230_00244-1,0.25809222
s_016um_00096_00273-1,0.22311237
s_016um_00325_00302-1,0.20868017
s_016um_00231_00357-1,0.27040306
s_016um_00373_00121-1,0.2537516
s_016um_00336_00400-1,0.44055527
s_016um_00357_00291-1,0.28132766
s_016um_00400_00126-1,0.23655218
s_016um_00095_00335-1,0.23459521
s_016um_00267_00227-1,0.22983898
s_016um_00066_00235-1,0.26723534
s_016um_00183_00033-1,0.26093712
s_016um_00236_00267-1,0.25151902
s_016um_00202_00152-1,0.25239584
s_016um_00324_00224-1,0.37603077
s_016um_00268_00335-1,0.2330346
s_016um_00415_00099-1,0.25279388
s_016um_00097_00340-1,0.24496615
s_016um_00077_00241-1,0.21564418
s_016um_00258_00192-1,0.20639703
s_016um_00093_00322-1,0.23006485
s_016um_00216_00229-1,0.23007469
s_016um_00029_00092-1,0.2150232
s_016um_00278_00312-1,0.2286637
s_016um_00106_00069-1,0.23438959
s_016um_00266_00133-1,0.22288387
s_016um_00218_00172-1,0.2425023
s_016um_00267_00224-1,0.26216766
s_016um_00334_00218-1,0.20154855
s_016um_00031_00335-1,0.18864359
s_016um_00251_00027-1,0.27604148
s_016um_00107_00315-1,0.21429953
s_016um_00040_00050-1,0.24584721
s_016um_00236_00183-1,0.18953809
s_016um_00236_00087-1,0.28653073
s_016um_00136_00219-1,0.23660062
s_016um_00224_00027-1,0.31737658
s_016um_00324_00167-1,0.32118273
s_016um_00408_00402-1,1.2644993
s_016um_00401_00399-1,0.87181216
s_016um_00391_00358-1,0.40534326
s_016um_00137_00071-1,0.29049698
s_016um_00189_00098-1,0.20580666
s_016um_00218_00024-1,0.2829696
s_016um_00048_00212-1,0.23786704
s_016um_00280_00327-1,0.2499373
s_016um_00372_00140-1,0.2634869
s_016um_00356_00412-1,0.53001344
s_016um_00407_00100-1,0.24139506
s_016um_00244_00086-1,0.20452738
s_016um_00310_00059-1,0.24427126
s_016um_00137_00069-1,0.2084691
s_016um_00044_00237-1,0.2185657
s_016um_00096_00318-1,0.21682085
s_016um_00083_00240-1,0.22775167
s_016um_00093_00269-1,0.22509904
s_016um_00146_00401-1,0.21367577
s_016um_00400_00120-1,0.25891387
s_016um_00039_00042-1,0.24594155
s_016um_00067_00235-1,0.17249504
s_016um_00088_00269-1,0.1868141
s_016um_00196_00123-1,0.2826325
s_016um_00270_00337-1,0.19065899
s_016um_00360_00415-1,0.73453975
s_016um_00272_00051-1,0.21425894
s_016um_00216_00170-1,0.22784746
s_016um_00369_00140-1,0.24083024
s_016um_00128_00229-1,0.24080044
s_016um_00126_00385-1,0.2701734
s_016um_00321_00224-1,0.17925929
s_016um_00166_00127-1,0.20174217
s_016um_00352_00115-1,0.19883479
s_016um_00030_00335-1,0.2857976
s_016um_00395_00367-1,0.26686725
s_016um_00267_00128-1,0.24297452
s_016um_00032_00336-1,0.2665545
s_016um_00356_00096-1,0.21276695
s_016um_00266_00135-1,0.19242433
s_016um_00395_00343-1,0.2911296
s_016um_00011_00299-1,0.203421
s_016um_00262_00188-1,0.23129863
s_016um_00158_00288-1,0.2104407
s_016um_00111_00318-1,0.2587676
s_016um_00179_00025-1,0.26863006
s_016um_00147_00018-1,0.2459238
s_016um_00268_00036-1,0.22330076
s_016um_00216_00231-1,0.22824302
s_016um_00358_00412-1,0.52571774
s_016um_00233_00087-1,0.20469597
s_016um_00289_00099-1,0.2718178
s_016um_00199_00147-1,0.19930488
s_016um_00330_00258-1,0.27080798
s_016um_00248_00085-1,0.22077784
s_016um_00038_00047-1,0.24537016
s_016um_00190_00123-1,0.33098286
s_016um_00268_00222-1,0.09271732
s_016um_00048_00239-1,0.24444205
s_016um_00045_00216-1,0.24722813
s_016um_00274_00135-1,0.17988294
s_016um_00264_00187-1,0.20513703
s_016um_00144_00022-1,0.35484517
s_016um_00372_00097-1,0.2098356
s_016um_00355_00114-1,0.25651792
s_016um_00371_00099-1,0.2323184
s_016um_00132_00234-1,0.25631166
s_016um_00280_00049-1,0.30268428
s_016um_00264_00135-1,0.28115103
s_016um_00241_00085-1,0.19158171
s_016um_00359_00417-1,0.68681264
s_016um_00101_00073-1,0.27753004
s_016um_00240_00087-1,0.2541867
s_016um_00407_00397-1,1.0530107
s_016um_00276_00322-1,0.23029858
s_016um_00071_00232-1,0.18789114
s_016um_00231_00260-1,0.2154479
s_016um_00139_00071-1,0.25596714
s_016um_00358_00117-1,0.27052164
s_016um_00196_00127-1,0.2213231
s_016um_00308_00054-1,0.2610184
s_016um_00389_00343-1,0.40910804
s_016um_00228_00238-1,0.25479627
s_016um_00327_00299-1,0.2149401
s_016um_00061_00244-1,0.2234286
s_016um_00403_00263-1,0.27477035
s_016um_00101_00383-1,0.28274143
s_016um_00223_00232-1,0.24413458
s_016um_00128_00320-1,0.17738545
s_016um_00269_00027-1,0.23281272
s_016um_00027_00087-1,0.29987687
s_016um_00006_00293-1,0.21567528
s_016um_00224_00231-1,0.24224085
s_016um_00327_00304-1,0.26579893
s_016um_00178_00025-1,0.2635437
s_016um_00036_00104-1,0.2093446
s_016um_00380_00132-1,0.27480137
s_016um_00367_00222-1,0.2138291
s_016um_00272_00204-1,0.22622687
s_016um_00068_00127-1,0.25595114
s_016um_00350_00093-1,0.26587433
s_016um_00087_00267-1,0.29144928
s_016um_00331_00219-1,0.23405577
s_016um_00321_00231-1,0.18485928
s_016um_00395_00181-1,0.2785156
s_016um_00076_00238-1,0.2846406
s_016um_00407_00150-1,0.41220716
s_016um_00078_00244-1,0.22299768
s_016um_00252_00021-1,0.22968848
s_016um_00353_00118-1,0.2628386
s_016um_00345_00216-1,0.22670406
s_016um_00417_00137-1,0.3120662
s_016um_00276_00313-1,0.26557547
s_016um_00039_00099-1,0.32929412
s_016um_00237_00358-1,0.25845405
s_016um_00159_00290-1,0.24097793
s_016um_00098_00065-1,0.2503806
s_016um_00223_00246-1,0.19241399
s_016um_00142_00061-1,0.26625794
s_016um_00061_00247-1,0.23948573
s_016um_00032_00085-1,0.25733283
s_016um_00149_00402-1,0.27546352
s_016um_00220_00171-1,0.21143483
s_016um_00229_00248-1,0.22139499
s_016um_00187_00094-1,0.21230303
s_016um_00389_00341-1,0.40608037
s_016um_00390_00342-1,0.39504826
s_016um_00231_00265-1,0.24647655
s_016um_00308_00055-1,0.21250117
s_016um_00188_00091-1,0.29825956
s_016um_00045_00175-1,0.23675998
s_016um_00406_00154-1,0.23488402
s_016um_00125_00388-1,0.23330383
s_016um_00372_00116-1,0.2163165
s_016um_00280_00203-1,0.2256768
s_016um_00357_00294-1,0.22089882
s_016um_00331_00118-1,0.2481289
s_016um_00202_00145-1,0.29713735
s_016um_00012_00209-1,0.27544022
s_016um_00262_00192-1,0.2245578
s_016um_00216_00228-1,0.26196167
s_016um_00206_00150-1,0.20783763
s_016um_00095_00273-1,0.21628936
s_016um_00269_00033-1,0.21042141
s_016um_00274_00137-1,0.23893657
s_016um_00133_00092-1,0.231689
s_016um_00185_00031-1,0.23469733
s_016um_00330_00124-1,0.19902563
s_016um_00401_00260-1,0.2612498
s_016um_00228_00265-1,0.25559434
s_016um_00205_00152-1,0.2776505
s_016um_00401_00213-1,0.2179497
s_016um_00086_00198-1,0.24428198
s_016um_00234_00354-1,0.41225266
s_016um_00215_00032-1,0.2674615
s_016um_00029_00333-1,0.2706488
s_016um_00207_00293-1,0.24275464
s_016um_00034_00007-1,0.2877023
s_016um_00124_00388-1,0.23593973
s_016um_00090_00066-1,0.3234427
s_016um_00037_00172-1,0.24829221
s_016um_00169_00378-1,0.1929811
s_016um_00255_00026-1,0.31770283
s_016um_00132_00086-1,0.24929723
s_016um_00393_00344-1,0.3551398
s_016um_00277_00316-1,0.19961771
s_016um_00163_00293-1,0.24974824
s_016um_00065_00131-1,0.25992978
s_016um_00213_00277-1,0.2306639
s_016um_00106_00383-1,0.24194396
s_016um_00103_00388-1,0.22456478
s_016um_00060_00129-1,0.24952525
s_016um_00228_00334-1,0.21645918
s_016um_00136_00226-1,0.22589798
s_016um_00173_00370-1,0.32682008
s_016um_00393_00177-1,0.30877942
s_016um_00211_00297-1,0.23972389
s_016um_00366_00223-1,0.23825918
s_016um_00015_00272-1,0.2715436
s_016um_00235_00089-1,0.25145954
s_016um_00163_00124-1,0.27025712
s_016um_00085_00028-1,0.35239214
s_016um_00119_00149-1,0.20312423
s_016um_00046_00243-1,0.23437746
s_016um_00158_00289-1,0.20974383
s_016um_00131_00383-1,0.22595711
s_016um_00232_00086-1,0.2503525
s_016um_00069_00230-1,0.2710602
s_016um_00274_00032-1,0.14972727
s_016um_00409_00102-1,0.25629342
s_016um_00097_00274-1,0.29189348
s_016um_00380_00141-1,0.24028574
s_016um_00038_00043-1,0.30478662
s_016um_00413_00102-1,0.2841572
s_016um_00081_00297-1,0.25516424
s_016um_00273_00051-1,0.15799493
s_016um_00238_00090-1,0.27212653
s_016um_00218_00232-1,0.26244268
s_016um_00112_00321-1,0.343831
s_016um_00094_00279-1,0.23134999
s_016um_00391_00337-1,0.26242036
s_016um_00101_00319-1,0.21962486
s_016um_00181_00025-1,0.27887806
s_016um_00007_00297-1,0.20975122
s_016um_00215_00295-1,0.32545012
s_016um_00136_00231-1,0.19821371
s_016um_00033_00087-1,0.30661023
s_016um_00146_00021-1,0.22762498
s_016um_00193_00126-1,0.21205208
s_016um_00067_00125-1,0.28733608
s_016um_00065_00129-1,0.23714666
s_016um_00396_00179-1,0.20768686
s_016um_00223_00168-1,0.2875423
s_016um_00099_00067-1,0.22746538
s_016um_00081_00269-1,0.23773673
s_016um_00326_00232-1,0.23028003
s_016um_00405_00259-1,0.2508175
s_016um_00041_00204-1,0.2733824
s_016um_00412_00104-1,0.21045342
s_016um_00084_00278-1,0.2515178
s_016um_00403_00151-1,0.20466849
s_016um_00406_00401-1,1.5892917
s_016um_00366_00095-1,0.22532526
s_016um_00080_00193-1,0.2419598
s_016um_00038_00171-1,0.25637257
s_016um_00381_00133-1,0.26220307
s_016um_00401_00256-1,0.24546087
s_016um_00226_00328-1,0.23787218
s_016um_00036_00176-1,0.24586828
s_016um_00084_00197-1,0.23794778
s_016um_00230_00265-1,0.20649898
s_016um_00347_00022-1,0.24209242
s_016um_00357_00411-1,0.5416862
s_016um_00033_00008-1,0.28550628
s_016um_00179_00032-1,0.22025204
s_016um_00369_00118-1,0.24955152
s_016um_00237_00190-1,0.24995917
s_016um_00368_00230-1,0.16475421
s_016um_00075_00237-1,0.2077237
s_016um_00016_00272-1,0.22329816
s_016um_00099_00387-1,0.22776309
s_016um_00216_00018-1,0.23689137
s_016um_00348_00218-1,0.20445305
s_016um_00131_00314-1,0.19276872
s_016um_00398_00371-1,0.4020214
s_016um_00142_00222-1,0.22087054
s_016um_00013_00154-1,0.21797293
s_016um_00128_00088-1,0.27679595
s_016um_00214_00014-1,0.25028685
s_016um_00095_00026-1,0.29690012
s_016um_00262_00128-1,0.2975924
s_016um_00408_00400-1,1.465163
s_016um_00065_00238-1,0.22084713
s_016um_00327_00227-1,0.31126568
s_016um_00047_00242-1,0.28700188
s_016um_00255_00021-1,0.21685332
s_016um_00322_00306-1,0.24394985
s_016um_00389_00298-1,0.26227826
s_016um_00090_00340-1,0.25027367
s_016um_00355_00289-1,0.24296856
s_016um_00128_00381-1,0.2236696
s_016um_00349_00020-1,0.2691043
s_016um_00075_00238-1,0.20923199
s_016um_00263_00130-1,0.22352028
s_016um_00008_00151-1,0.24694186
s_016um_00405_00148-1,0.21682423
s_016um_00241_00182-1,0.21438538
s_016um_00137_00220-1,0.18305972
s_016um_00245_00090-1,0.20553944
s_016um_00217_00012-1,0.3974226
s_016um_00278_00329-1,0.22689982
s_016um_00141_00221-1,0.24741507
s_016um_00098_00321-1,0.25517693
s_016um_00076_00247-1,0.31680244
s_016um_00007_00156-1,0.26181635
s_016um_00029_00091-1,0.26790252
s_016um_00098_00337-1,0.22626396
s_016um_00101_00071-1,0.26916435
s_016um_00039_00205-1,0.30988634
s_016um_00320_00299-1,0.22916731
s_016um_00012_00156-1,0.25803822
s_016um_00397_00373-1,0.2794678
s_016um_00380_00127-1,0.32733437
s_016um_00382_00130-1,0.2659901
s_016um_00142_00221-1,0.28845802
s_016um_00134_00316-1,0.28480428
s_016um_00131_00387-1,0.29216406
s_016um_00081_00286-1,0.2473114
s_016um_00369_00094-1,0.17923835
s_016um_00099_00317-1,0.19821174
s_016um_00237_00362-1,0.2371729
s_016um_00228_00251-1,0.25184423
s_016um_00141_00070-1,0.2840732
s_016um_00351_00023-1,0.21745946
s_016um_00133_00322-1,0.37381807
s_016um_00372_00122-1,0.4302014
s_016um_00216_00173-1,0.2700032
s_016um_00329_00126-1,0.24107106
s_016um_00359_00293-1,0.24335667
s_016um_00275_00202-1,0.23724365
s_016um_00133_00071-1,0.27999988
s_016um_00332_00217-1,0.23946097
s_016um_00325_00301-1,0.26027262
s_016um_00192_00092-1,0.22500801
s_016um_00138_00224-1,0.19245368
s_016um_00151_00397-1,0.20649327
s_016um_00272_00047-1,0.22300449
s_016um_00069_00232-1,0.2849798
s_016um_00088_00275-1,0.20362914
s_016um_00330_00213-1,0.2943835
s_016um_00233_00085-1,0.23533444
s_016um_00104_00389-1,0.27252182
s_016um_00217_00011-1,0.2449474
s_016um_00351_00116-1,0.2348786
s_016um_00069_00231-1,0.27917567
s_016um_00320_00226-1,0.22784008
s_016um_00214_00293-1,0.19221142
s_016um_00165_00126-1,0.45729923
s_016um_00031_00328-1,0.21678902
s_016um_00076_00243-1,0.22087342
s_016um_00273_00224-1,0.22511187
s_016um_00347_00220-1,0.19391242
s_016um_00374_00124-1,0.234844
s_016um_00213_00035-1,0.22147554
s_016um_00217_00167-1,0.2544288
s_016um_00323_00231-1,0.24142922
s_016um_00239_00084-1,0.2936583
s_016um_00214_00034-1,0.21126501
s_016um_00161_00287-1,0.34236637
s_016um_00374_00142-1,0.20369758
s_016um_00275_00329-1,0.3165969
s_016um_00006_00296-1,0.18610731
s_016um_00236_00091-1,0.2286356
s_016um_00374_00141-1,0.26831725
s_016um_00281_00318-1,0.24948822
s_016um_00082_00283-1,0.20098084
s_016um_00324_00162-1,0.22144005
s_016um_00191_00124-1,0.22283465
s_016um_00371_00095-1,0.21394332
s_016um_00215_00284-1,0.23988764
s_016um_00326_00163-1,0.26326922
s_016um_00118_00145-1,0.24923971
s_016um_00160_00287-1,0.32376462
s_016um_00069_00130-1,0.2933436
s_016um_00336_00253-1,0.24433127
s_016um_00418_00138-1,0.22582728
s_016um_00225_00334-1,0.22425023
s_016um_00325_00122-1,0.22442454
s_016um_00358_00091-1,0.2394806
s_016um_00095_00025-1,0.24080282
s_016um_00083_00297-1,0.2791803
s_016um_00047_00240-1,0.19950342
s_016um_00200_00152-1,0.26028153
s_016um_00282_00322-1,0.25431922
s_016um_00063_00125-1,0.260982
s_016um_00357_00286-1,0.19671921
s_016um_00351_00091-1,0.2629072
s_016um_00388_00295-1,0.2348884
s_016um_00358_00410-1,0.5574486
s_016um_00392_00293-1,0.16574329
s_016um_00324_00299-1,0.20715164
s_016um_00042_00206-1,0.26312134
s_016um_00082_00295-1,0.2766992
s_016um_00369_00145-1,0.2254779
s_016um_00223_00014-1,0.2309857
s_016um_00004_00156-1,0.2529326
s_016um_00392_00365-1,0.32482433
s_016um_00097_00031-1,0.33482713
s_016um_00327_00118-1,0.24894473
s_016um_00388_00341-1,0.34745428
s_016um_00237_00357-1,0.18122232
s_016um_00275_00225-1,0.25813964
s_016um_00216_00011-1,0.30579707
s_016um_00260_00189-1,0.22196154
s_016um_00100_00318-1,0.20897774
s_016um_00223_00233-1,0.20638064
s_016um_00277_00049-1,0.2339662
s_016um_00195_00092-1,0.2622661
s_016um_00220_00233-1,0.2457136
s_016um_00324_00165-1,0.2297575
s_016um_00218_00015-1,0.23612235
s_016um_00069_00236-1,0.27520627
s_016um_00095_00031-1,0.25147954
s_016um_00214_00291-1,0.24741876
s_016um_00401_00149-1,0.24183331
s_016um_00135_00073-1,0.27481148
s_016um_00368_00222-1,0.23202142
s_016um_00264_00056-1,0.19305065
s_016um_00355_00098-1,0.22758798
s_016um_00267_00335-1,0.24455692
s_016um_00355_00023-1,0.3172609
s_016um_00118_00147-1,0.23255533
s_016um_00104_00391-1,0.20455897
s_016um_00258_00191-1,0.24931529
s_016um_00212_00035-1,0.19045633
s_016um_00011_00296-1,0.26702407
s_016um_00045_00204-1,0.22592969
s_016um_00006_00210-1,0.25977847
s_016um_00258_00188-1,0.25700656
s_016um_00090_00339-1,0.2857011
s_016um_00131_00086-1,0.29140145
s_016um_00032_00090-1,0.27954456
s_016um_00258_00030-1,0.25005907
s_016um_00083_00193-1,0.18350902
s_016um_00395_00183-1,0.18730533
s_016um_00257_00026-1,0.293957
s_016um_00042_00175-1,0.22836706
s_016um_00322_00302-1,0.23800534
s_016um_00323_00230-1,0.24989678
s_016um_00234_00186-1,0.23980841
s_016um_00134_00218-1,0.22645657
s_016um_00227_00328-1,0.23968588
s_016um_00268_00228-1,0.26039097
s_016um_00391_00344-1,0.4546559
s_016um_00137_00218-1,0.22574192
s_016um_00128_00321-1,0.28867838
s_016um_00212_00030-1,0.22243588
s_016um_00131_00088-1,0.2357836
s_016um_00191_00127-1,0.24884278
s_016um_00270_00333-1,0.22829017
s_016um_00274_00334-1,0.25564238
s_016um_00387_00294-1,0.26404792
s_016um_00083_00196-1,0.2849908
s_016um_00133_00318-1,0.23579544
s_016um_00048_00215-1,0.264063
s_016um_00213_00026-1,0.22150467
s_016um_00279_00131-1,0.18559334
s_016um_00168_00376-1,0.18844216
s_016um_00014_00271-1,0.23401326
s_016um_00097_00336-1,0.26090404
s_016um_00133_00316-1,0.21327305
s_016um_00104_00386-1,0.17345311
s_016um_00137_00073-1,0.26681906
s_016um_00081_00201-1,0.27246127
s_016um_00281_00313-1,0.21618026
s_016um_00354_00097-1,0.21998137
s_016um_00149_00403-1,0.2568515
s_016um_00247_00024-1,0.2708006
s_016um_00011_00155-1,0.25259402
s_016um_00260_00129-1,0.2360595
s_016um_00033_00100-1,0.24428867
s_016um_00032_00101-1,0.2676047
s_016um_00028_00334-1,0.18854654
s_016um_00405_00397-1,1.1123016
s_016um_00386_00126-1,0.1948482
s_016um_00085_00268-1,0.18057944
s_016um_00043_00241-1,0.42851198
s_016um_00038_00048-1,0.2956987
s_016um_00376_00137-1,0.32315928
s_016um_00391_00183-1,0.20919293
s_016um_00271_00029-1,0.17827567
s_016um_00094_00318-1,0.30343258
s_016um_00097_00315-1,0.24812052
s_016um_00273_00328-1,0.3905046
s_016um_00032_00331-1,0.30721873
s_016um_00097_00337-1,0.26628473
s_016um_00009_00214-1,0.15693575
s_016um_00386_00299-1,0.2743997
s_016um_00146_00398-1,0.24038966
s_016um_00216_00034-1,0.24511914
s_016um_00344_00216-1,0.23457676
s_016um_00216_00169-1,0.25117925
s_016um_00281_00134-1,0.23089845
s_016um_00133_00386-1,0.23828417
s_016um_00354_00120-1,0.20784569
s_016um_00113_00313-1,0.24083638
s_016um_00329_00257-1,0.23013441
s_016um_00143_00061-1,0.26603925
s_016um_00368_00094-1,0.22928719
s_016um_00407_00400-1,1.4324808
s_016um_00277_00204-1,0.22840458
s_016um_00064_00235-1,0.32417947
s_016um_00009_00207-1,0.2778525
s_016um_00273_00334-1,0.27258888
s_016um_00041_00203-1,0.28181994
s_016um_00177_00027-1,0.22958472
s_016um_00137_00223-1,0.24887331
s_016um_00072_00250-1,0.21674755
s_016um_00265_00131-1,0.21823838
s_016um_00414_00102-1,0.24538775
s_016um_00231_00262-1,0.21812978
s_016um_00055_00246-1,0.2765286
s_016um_00280_00318-1,0.20917508
s_016um_00146_00015-1,0.2783908
s_016um_00364_00100-1,0.32333565
s_016um_00270_00032-1,0.18079388
s_016um_00377_00121-1,0.19273178
s_016um_00066_00234-1,0.3135257
s_016um_00139_00014-1,0.24105117
s_016um_00098_00275-1,0.21403258
s_016um_00185_00028-1,0.29062432
s_016um_00276_00050-1,0.21115154
s_016um_00394_00213-1,0.20448111
s_016um_00251_00019-1,0.22201914
s_016um_00078_00197-1,0.34959334
s_016um_00358_00288-1,0.22633885
s_016um_00406_00150-1,0.34484032
s_016um_00220_00280-1,0.2340748
s_016um_00263_00134-1,0.24598718
s_016um_00083_00279-1,0.23389922
s_016um_00158_00285-1,0.22976127
s_016um_00221_00247-1,0.2230696
s_016um_00352_00122-1,0.23636997
s_016um_00065_00130-1,0.32097661
s_016um_00366_00229-1,0.28515846
s_016um_00074_00251-1,0.27695584
s_016um_00088_00268-1,0.16276756
s_016um_00080_00268-1,0.23794863
s_016um_00285_00099-1,0.23633906
s_016um_00121_00145-1,0.23530604
s_016um_00076_00245-1,0.20249861
s_016um_00332_00218-1,0.2640048
s_016um_00210_00293-1,0.20318675
s_016um_00220_00238-1,0.24340214
s_016um_00367_00144-1,0.19280894
s_016um_00332_00122-1,0.30786857
s_016um_00320_00227-1,0.26752976
s_016um_00136_00321-1,0.47025433
s_016um_00256_00030-1,0.19395196
s_016um_00089_00338-1,0.26020646
s_016um_00146_00060-1,0.259592
s_016um_00012_00157-1,0.2480158
s_016um_00007_00214-1,0.25038853
s_016um_00084_00198-1,0.18871075
s_016um_00088_00197-1,0.2452881
s_016um_00399_00123-1,0.4072647
s_016um_00392_00177-1,0.16326198
s_016um_00192_00090-1,0.26862553
s_016um_00110_00322-1,0.3576244
s_016um_00381_00131-1,0.31933093
s_016um_00038_00204-1,0.23321164
s_016um_00375_00140-1,0.18961504
s_016um_00370_00120-1,0.22254954
s_016um_00323_00298-1,0.21706328
s_016um_00263_00337-1,0.18891108
s_016um_00079_00295-1,0.23376574
s_016um_00352_00019-1,0.24234849
s_016um_00009_00298-1,0.17284858
s_016um_00393_00182-1,0.2396695
s_016um_00006_00212-1,0.20203042
s_016um_00213_00030-1,0.25997463
s_016um_00201_00153-1,0.24935979
s_016um_00354_00095-1,0.16233197
s_016um_00402_00123-1,0.253809
s_016um_00130_00388-1,0.25702924
s_016um_00131_00229-1,0.23132956
s_016um_00074_00252-1,0.21586496
s_016um_00362_00414-1,0.66937655
s_016um_00373_00120-1,0.24786034
s_016um_00240_00085-1,0.23027
s_016um_00086_00269-1,0.25086373
s_016um_00223_00227-1,0.263412
s_016um_00190_00129-1,0.2265345
s_016um_00233_00088-1,0.19867775
s_016um_00139_00059-1,0.22155696
s_016um_00038_00101-1,0.22397529
s_016um_00258_00034-1,0.29112595
s_016um_00393_00293-1,0.20883222
s_016um_00076_00237-1,0.20974283
s_016um_00370_00227-1,0.21465784
s_016um_00287_00101-1,0.1542236
s_016um_00044_00220-1,0.24559462
s_016um_00400_00121-1,0.20951152
s_016um_00410_00150-1,0.2874784
s_016um_00157_00290-1,0.18420416
s_016um_00076_00298-1,0.25762853
s_016um_00204_00150-1,0.20157585
s_016um_00320_00163-1,0.253066
s_016um_00391_00359-1,0.4178544
s_016um_00289_00096-1,0.24530311
s_016um_00159_00289-1,0.22774518
s_016um_00369_00125-1,0.2323206
s_016um_00048_00216-1,0.31750914
s_016um_00328_00127-1,0.19739811
s_016um_00242_00082-1,0.2283245
s_016um_00221_00027-1,0.2621699
s_016um_00369_00224-1,0.26087657
s_016um_00086_00285-1,0.21714087
s_016um_00097_00277-1,0.19698891
s_016um_00115_00147-1,0.21743475
s_016um_00361_00416-1,0.57245505
s_016um_00085_00267-1,0.23271047
s_016um_00006_00294-1,0.29942298
s_016um_00131_00321-1,0.30213454
s_016um_00327_00216-1,0.24061584
s_016um_00129_00092-1,0.24616082
s_016um_00399_00369-1,0.29134488
s_016um_00394_00366-1,0.29701242
s_016um_00124_00384-1,0.1608796
s_016um_00053_00245-1,0.21321899
s_016um_00257_00027-1,0.28817105
s_016um_00080_00265-1,0.22552228
s_016um_00129_00228-1,0.24824664
s_016um_00226_00249-1,0.21104378
s_016um_00190_00127-1,0.28350994
s_016um_00100_00027-1,0.25489113
s_016um_00325_00228-1,0.23255622
s_016um_00045_00211-1,0.21589653
s_016um_00225_00233-1,0.23719786
s_016um_00228_00331-1,0.2544317
s_016um_00277_00325-1,0.27950433
s_016um_00309_00059-1,0.23504053
s_016um_00266_00335-1,0.29257548
s_016um_00390_00180-1,0.19055413
s_016um_00076_00251-1,0.23684931
s_016um_00082_00270-1,0.19919659
s_016um_00079_00284-1,0.24619904
s_016um_00366_00096-1,0.18880156
s_016um_00036_00048-1,0.24720322
s_016um_00254_00022-1,0.29132217
s_016um_00398_00257-1,0.27199414
s_016um_00406_00145-1,0.19643699
s_016um_00273_00325-1,0.19669932
s_016um_00077_00250-1,0.28390113
s_016um_00275_00203-1,0.2106575
s_016um_00410_00099-1,0.2382558
s_016um_00098_00068-1,0.23522995
s_016um_00411_00097-1,0.3397128
s_016um_00138_00220-1,0.20828104
s_016um_00400_00214-1,0.2405217
s_016um_00087_00033-1,0.30967775
s_016um_00007_00211-1,0.2305826
s_016um_00011_00156-1,0.27632636
s_016um_00367_00229-1,0.22444162
s_016um_00138_00222-1,0.23341848
s_016um_00331_00252-1,0.24057826
s_016um_00401_00258-1,0.25776803
s_016um_00007_00150-1,0.28568
s_016um_00085_00282-1,0.17874248
s_016um_00360_00289-1,0.20674546
s_016um_00263_00331-1,0.3255961
s_016um_00032_00007-1,0.28741533
s_016um_00165_00128-1,0.19256908
s_016um_00141_00058-1,0.25993058
s_016um_00214_00017-1,0.31957737
s_016um_00090_00277-1,0.21247585
s_016um_00061_00129-1,0.2713897
s_016um_00093_00341-1,0.25134745
s_016um_00264_00336-1,0.19802295
s_016um_00097_00322-1,0.18743247
s_016um_00325_00165-1,0.22936858
s_016um_00256_00031-1,0.22565328
s_016um_00060_00243-1,0.22503646
s_016um_00217_00230-1,0.22619332
s_016um_00260_00188-1,0.19360729
s_016um_00057_00244-1,0.21048619
s_016um_00236_00090-1,0.28216895
s_016um_00407_00125-1,0.2599427
s_016um_00396_00177-1,0.28864828
s_016um_00401_00218-1,0.27818328
s_016um_00126_00382-1,0.20419085
s_016um_00400_00215-1,0.25928015
s_016um_00354_00115-1,0.18377054
s_016um_00364_00098-1,0.31807196
s_016um_00260_00186-1,0.27951142
s_016um_00392_00178-1,0.26503253
s_016um_00132_00383-1,0.19919771
s_016um_00236_00189-1,0.21187975
s_016um_00354_00019-1,0.34679377
s_016um_00082_00067-1,0.27859744
s_016um_00283_00095-1,0.25677782
s_016um_00062_00234-1,0.19912407
s_016um_00090_00279-1,0.20313437
s_016um_00324_00163-1,0.22180784
s_016um_00396_00357-1,0.52498144
s_016um_00255_00022-1,0.24670796
s_016um_00008_00159-1,0.29064173
s_016um_00269_00035-1,0.2251606
s_016um_00034_00103-1,0.3168435
s_016um_00331_00255-1,0.19842541
s_016um_00080_00243-1,0.2884214
s_016um_00169_00124-1,0.22852129
s_016um_00218_00030-1,0.31161782
s_016um_00261_00132-1,0.26253572
s_016um_00095_00027-1,0.31508112
s_016um_00330_00119-1,0.24090767
s_016um_00040_00213-1,0.2829982
s_016um_00019_00269-1,0.3296212
s_016um_00096_00315-1,0.2111904
s_016um_00338_00398-1,0.32950968
s_016um_00402_00396-1,0.92530143
s_016um_00393_00357-1,0.5975094
s_016um_00105_00067-1,0.23673134
s_016um_00171_00370-1,0.33494234
s_016um_00246_00086-1,0.26609576
s_016um_00131_00090-1,0.21485887
s_016um_00044_00213-1,0.3045442
s_016um_00044_00217-1,0.222715
s_016um_00380_00135-1,0.23253608
s_016um_00402_00263-1,0.2561663
s_016um_00138_00020-1,0.25365686
s_016um_00357_00114-1,0.2070854
s_016um_00265_00030-1,0.25109538
s_016um_00370_00139-1,0.22640371
s_016um_00099_00323-1,0.21039382
s_016um_00022_00269-1,0.21794754
s_016um_00337_00253-1,0.20415872
s_016um_00076_00295-1,0.25879353
s_016um_00105_00387-1,0.21082559
s_016um_00093_00323-1,0.22206706
s_016um_00145_00400-1,0.27886832
s_016um_00264_00133-1,0.2621134
s_016um_00194_00091-1,0.26278305
s_016um_00226_00251-1,0.2333334
s_016um_00011_00215-1,0.20606247
s_016um_00172_00372-1,0.24597248
s_016um_00324_00225-1,0.22312608
s_016um_00199_00146-1,0.22957826
s_016um_00214_00032-1,0.34453195
s_016um_00397_00369-1,0.25913703
s_016um_00241_00190-1,0.20822616
s_016um_00373_00144-1,0.29917
s_016um_00368_00119-1,0.25410593
s_016um_00137_00221-1,0.15219492
s_016um_00323_00169-1,0.24583413
s_016um_00012_00298-1,0.23990212
s_016um_00182_00026-1,0.2781088
s_016um_00312_00052-1,0.21070683
s_016um_00192_00128-1,0.21491784
s_016um_00046_00204-1,0.2774964
s_016um_00398_00364-1,0.25461048
s_016um_00265_00061-1,0.14572732
s_016um_00276_00206-1,0.23596077
s_016um_00272_00036-1,0.2801548
s_016um_00371_00145-1,0.27398372
s_016um_00108_00320-1,0.2976898
s_016um_00391_00361-1,0.3993708
s_016um_00228_00247-1,0.23925568
s_016um_00130_00386-1,0.25165796
s_016um_00367_00146-1,0.24466346
s_016um_00377_00136-1,0.3003149
s_016um_00076_00246-1,0.2390244
s_016um_00399_00218-1,0.21620429
s_016um_00274_00047-1,0.2307308
s_016um_00409_00149-1,0.17054802
s_016um_00213_00294-1,0.24158359
s_016um_00133_00319-1,0.35910985
s_016um_00257_00028-1,0.19755657
s_016um_00090_00341-1,0.30146706
s_016um_00134_00228-1,0.16293871
s_016um_00407_00103-1,0.23215173
s_016um_00078_00250-1,0.27706176
s_016um_00357_00115-1,0.24306275
s_016um_00143_00062-1,0.29435676
s_016um_00274_00322-1,0.24424377
s_016um_00199_00152-1,0.1925146
s_016um_00205_00151-1,0.18930376
s_016um_00093_00318-1,0.22636718
s_016um_00144_00015-1,0.21595824
s_016um_00226_00232-1,0.22089061
s_016um_00211_00034-1,0.24946895
s_016um_00166_00372-1,0.19051816
s_016um_00354_00025-1,0.24566329
s_016um_00306_00058-1,0.24476023
s_016um_00269_00222-1,0.26139
s_016um_00351_00096-1,0.24254958
s_016um_00278_00204-1,0.2866353
s_016um_00368_00223-1,0.28055248
s_016um_00039_00098-1,0.2675906
s_016um_00105_00070-1,0.26923463
s_016um_00243_00186-1,0.26822513
s_016um_00268_00059-1,0.23017956
s_016um_00196_00093-1,0.37777305
s_016um_00206_00146-1,0.22540188
s_016um_00280_00313-1,0.22828032
s_016um_00413_00098-1,0.20635954
s_016um_00038_00205-1,0.30446017
s_016um_00133_00070-1,0.2762668
s_016um_00044_00044-1,0.3390033
s_016um_00387_00131-1,0.22852758
s_016um_00389_00294-1,0.25899503
s_016um_00173_00377-1,0.22828224
s_016um_00217_00014-1,0.24097197
s_016um_00139_00019-1,0.31365344
s_016um_00072_00248-1,0.1922105
s_016um_00164_00289-1,0.20451862
s_016um_00256_00023-1,0.2850329
s_016um_00080_00034-1,0.2821613
s_016um_00219_00018-1,0.23932675
s_016um_00132_00319-1,0.2970114
s_016um_00393_00372-1,0.19823626
s_016um_00225_00236-1,0.20829982
s_016um_00373_00139-1,0.20132984
s_016um_00111_00317-1,0.21453008
s_016um_00401_00214-1,0.26233658
s_016um_00398_00255-1,0.18566065
s_016um_00133_00321-1,0.39888412
s_016um_00153_00398-1,0.23330161
s_016um_00273_00050-1,0.23767625
s_016um_00006_00156-1,0.2435895
s_016um_00212_00027-1,0.2696825
s_016um_00329_00216-1,0.2317885
s_016um_00169_00123-1,0.20641261
s_016um_00262_00132-1,0.26947805
s_016um_00216_00279-1,0.21660265
s_016um_00089_00276-1,0.24030304
s_016um_00323_00170-1,0.20893419
s_016um_00132_00233-1,0.24646772
s_016um_00012_00214-1,0.24095014
s_016um_00348_00022-1,0.2056771
s_016um_00325_00164-1,0.23727132
s_016um_00221_00167-1,0.2414657
s_016um_00229_00268-1,0.20509693
s_016um_00280_00317-1,0.2487978
s_016um_00165_00292-1,0.19620278
s_016um_00414_00140-1,0.22047165
s_016um_00235_00086-1,0.18180473
s_016um_00400_00260-1,0.256779
s_016um_00223_00249-1,0.23670319
s_016um_00397_00262-1,0.23880346
s_016um_00404_00258-1,0.24534883
s_016um_00400_00261-1,0.21284936
s_016um_00280_00322-1,0.2361443
s_016um_00270_00224-1,0.254976
s_016um_00138_00058-1,0.24921425
s_016um_00340_00400-1,0.294689
s_016um_00108_00389-1,0.23793183
s_016um_00090_00278-1,0.22208038
s_016um_00351_00121-1,0.2648345
s_016um_00276_00324-1,0.2540058
s_016um_00328_00119-1,0.24440487
s_016um_00008_00149-1,0.2344232
s_016um_00393_00364-1,0.2994201
s_016um_00095_00337-1,0.23342952
s_016um_00084_00265-1,0.21105179
s_016um_00364_00223-1,0.2242664
s_016um_00396_00361-1,0.26400092
s_016um_00075_00298-1,0.1958338
s_016um_00236_00187-1,0.19894199
s_016um_00035_00175-1,0.27643833
s_016um_00264_00329-1,0.25537145
s_016um_00094_00024-1,0.2624438
s_016um_00385_00295-1,0.26891157
s_016um_00031_00337-1,0.24058789
s_016um_00131_00386-1,0.16728976
s_016um_00391_00296-1,0.19048643
s_016um_00041_00102-1,0.22143742
s_016um_00145_00018-1,0.21232846
s_016um_00041_00212-1,0.26298234
s_016um_00094_00322-1,0.2273264
s_016um_00366_00224-1,0.22967684
s_016um_00020_00270-1,0.1930635
s_016um_00038_00209-1,0.23747317
s_016um_00219_00013-1,0.28117225
s_016um_00089_00274-1,0.20299639
s_016um_00064_00128-1,0.2476958
s_016um_00335_00255-1,0.19995853
s_016um_00044_00216-1,0.22359377
s_016um_00216_00281-1,0.22770768
s_016um_00032_00332-1,0.24651706
s_016um_00132_00313-1,0.39925003
s_016um_00358_00092-1,0.26990786
s_016um_00108_00388-1,0.21989755
s_016um_00032_00086-1,0.23302
s_016um_00372_00141-1,0.18094055
s_016um_00396_00217-1,0.20490354
s_016um_00362_00290-1,0.2182874
s_016um_00193_00121-1,0.23564686
s_016um_00275_00132-1,0.22820371
s_016um_00234_00267-1,0.1895941
s_016um_00226_00236-1,0.1822778
s_016um_00129_00230-1,0.2489114
s_016um_00355_00091-1,0.20206614
s_016um_00044_00174-1,0.24206822
s_016um_00351_00020-1,0.25055584
s_016um_00037_00099-1,0.25692335
s_016um_00370_00229-1,0.29124066
s_016um_00086_00282-1,0.22623138
s_016um_00144_00014-1,0.2457661
s_016um_00167_00123-1,0.21954015
s_016um_00232_00262-1,0.22653455
s_016um_00085_00035-1,0.25720894
s_016um_00414_00103-1,0.21400134
s_016um_00221_00329-1,0.23051807
s_016um_00343_00213-1,0.20975032
s_016um_00079_00283-1,0.26057792
s_016um_00047_00219-1,0.2663782
s_016um_00398_00124-1,0.2436031
s_016um_00080_00272-1,0.25852713
s_016um_00270_00222-1,0.22973543
s_016um_00097_00272-1,0.23521507
s_016um_00079_00286-1,0.2842018
s_016um_00064_00132-1,0.28408667
s_016um_00306_00055-1,0.16960448
s_016um_00222_00014-1,0.26391682
s_016um_00226_00237-1,0.21437466
s_016um_00218_00230-1,0.2247976
s_016um_00210_00027-1,0.24945341
s_016um_00223_00247-1,0.19501561
s_016um_00275_00046-1,0.26930016
s_016um_00138_00018-1,0.2675631
s_016um_00145_00020-1,0.2867604
s_016um_00013_00214-1,0.25096652
s_016um_00217_00225-1,0.22894497
s_016um_00125_00382-1,0.19740275
s_016um_00192_00099-1,0.23462698
s_016um_00063_00231-1,0.24176773
s_016um_00393_00338-1,0.24949256
s_016um_00107_00316-1,0.23202471
s_016um_00350_00118-1,0.23218235
s_016um_00413_00140-1,0.29863122
s_016um_00281_00131-1,0.2654129
s_016um_00132_00386-1,0.20030041
s_016um_00355_00120-1,0.25463927
s_016um_00125_00087-1,0.30062488
s_016um_00078_00268-1,0.18942145
s_016um_00144_00019-1,0.27186555
s_016um_00086_00199-1,0.1793865
s_016um_00408_00398-1,1.3802327
s_016um_00096_00324-1,0.21952319
s_016um_00202_00148-1,0.21276401
s_016um_00260_00185-1,0.16342898
s_016um_00094_00336-1,0.27249873
s_016um_00128_00232-1,0.20731302
s_016um_00404_00399-1,1.268024
s_016um_00188_00092-1,0.26466057
s_016um_00391_00294-1,0.25327694
s_016um_00325_00124-1,0.24408817
s_016um_00212_00028-1,0.2635574
s_016um_00092_00342-1,0.22475341
s_016um_00266_00127-1,0.2953278
s_016um_00227_00232-1,0.19272767
s_016um_00036_00102-1,0.22529069
s_016um_00212_00290-1,0.22617087
s_016um_00011_00300-1,0.2167129
s_016um_00359_00414-1,0.60303485
s_016um_00135_00072-1,0.23874839
s_016um_00082_00292-1,0.17139083
s_016um_00152_00399-1,0.265533
s_016um_00274_00230-1,0.22044142
s_016um_00194_00126-1,0.21259487
s_016um_00355_00022-1,0.19226769
s_016um_00402_00124-1,0.2239879
s_016um_00229_00250-1,0.22109939
s_016um_00218_00026-1,0.19644263
s_016um_00179_00027-1,0.24812944
s_016um_00213_00031-1,0.23807517
s_016um_00014_00269-1,0.23455976
s_016um_00398_00220-1,0.23806718
s_016um_00129_00385-1,0.25312093
s_016um_00352_00116-1,0.28421587
s_016um_00215_00012-1,0.26767376
s_016um_00221_00025-1,0.3130331
s_016um_00235_00356-1,0.24831253
s_016um_00380_00130-1,0.23273012
s_016um_00084_00280-1,0.22176632
s_016um_00204_00148-1,0.24872576
s_016um_00309_00057-1,0.29246593
s_016um_00358_00120-1,0.28763664
s_016um_00275_00138-1,0.230894
s_016um_00033_00099-1,0.31050995
s_016um_00080_00238-1,0.24569628
s_016um_00010_00209-1,0.25027788
s_016um_00281_00322-1,0.3061995
s_016um_00078_00283-1,0.21540055
s_016um_00262_00333-1,0.30002683
s_016um_00237_00090-1,0.30278656
s_016um_00083_00032-1,0.25084764
s_016um_00324_00164-1,0.25944558
s_016um_00321_00226-1,0.2646606
s_016um_00048_00244-1,0.20227498
s_016um_00326_00123-1,0.2139322
s_016um_00268_00029-1,0.18135741
s_016um_00243_00185-1,0.2585102
s_016um_00322_00164-1,0.26238367
s_016um_00387_00297-1,0.23786509
s_016um_00080_00242-1,0.2041898
s_016um_00226_00246-1,0.23480901
s_016um_00392_00345-1,0.4832784
s_016um_00142_00058-1,0.28903633
s_016um_00012_00155-1,0.19461034
s_016um_00404_00151-1,0.24368852
s_016um_00214_00027-1,0.26268655
s_016um_00088_00030-1,0.26479337
s_016um_00234_00085-1,0.2674007
s_016um_00254_00027-1,0.22524013
s_016um_00145_00055-1,0.22274987
s_016um_00338_00403-1,0.26643014
s_016um_00222_00026-1,0.24761178
s_016um_00397_00371-1,0.3437426
s_016um_00248_00083-1,0.23743507
s_016um_00093_00315-1,0.23559766
s_016um_00278_00320-1,0.26265198
s_016um_00035_00011-1,0.2639942
s_016um_00221_00171-1,0.2708471
s_016um_00235_00354-1,0.2704094
s_016um_00143_00053-1,0.2306772
s_016um_00171_00122-1,0.23481052
s_016um_00354_00291-1,0.22974575
s_016um_00042_00046-1,0.2515526
s_016um_00006_00297-1,0.20760086
s_016um_00269_00036-1,0.22472717
s_016um_00225_00328-1,0.19492613
s_016um_00232_00091-1,0.27571008
s_016um_00135_00227-1,0.2022712
s_016um_00333_00249-1,0.21566859
s_016um_00003_00154-1,0.26172096
s_016um_00215_00283-1,0.2693034
s_016um_00047_00239-1,0.2428938
s_016um_00393_00369-1,0.28551498
s_016um_00358_00114-1,0.25264078
s_016um_00265_00129-1,0.20242433
s_016um_00359_00290-1,0.26367489
s_016um_00220_00174-1,0.20785013
s_016um_00341_00217-1,0.28841895
s_016um_00211_00028-1,0.26168036
s_016um_00086_00070-1,0.2297922
s_016um_00036_00174-1,0.23999053
s_016um_00374_00117-1,0.19262084
s_016um_00196_00092-1,0.38878456
s_016um_00366_00227-1,0.22597528
s_016um_00418_00135-1,0.24858487
s_016um_00222_00228-1,0.23762546
s_016um_00091_00279-1,0.25289816
s_016um_00390_00292-1,0.28524357
s_016um_00043_00213-1,0.23450638
s_016um_00335_00257-1,0.23606062
s_016um_00400_00255-1,0.24651152
s_016um_00135_00318-1,0.3554494
s_016um_00033_00102-1,0.28749686
s_016um_00013_00213-1,0.21992594
s_016um_00367_00142-1,0.24722815
s_016um_00168_00373-1,0.19309503
s_016um_00331_00125-1,0.22148092
s_016um_00143_00054-1,0.33470327
s_016um_00358_00416-1,0.51729214
s_016um_00239_00190-1,0.16969997
s_016um_00132_00227-1,0.19892313
s_016um_00005_00300-1,0.22037868
s_016um_00030_00090-1,0.25314277
s_016um_00129_00088-1,0.28904152
s_016um_00399_00181-1,0.26771414
s_016um_00401_00127-1,0.20367488
s_016um_00360_00290-1,0.2551158
s_016um_00007_00208-1,0.20410642
s_016um_00396_00212-1,0.23240146
s_016um_00222_00229-1,0.26061237
s_016um_00326_00301-1,0.24404137
s_016um_00405_00152-1,0.34265822
s_016um_00382_00127-1,0.20140338
s_016um_00143_00017-1,0.30936882
s_016um_00382_00132-1,0.22097129
s_016um_00336_00398-1,0.3542194
s_016um_00270_00059-1,0.29990482
s_016um_00334_00210-1,0.29275677
s_016um_00142_00056-1,0.21578084
s_016um_00004_00151-1,0.23553205
s_016um_00223_00166-1,0.18518332
s_016um_00277_00051-1,0.24605642
s_016um_00043_00211-1,0.23269017
s_016um_00249_00086-1,0.23283635
s_016um_00221_00282-1,0.24446942
s_016um_00071_00251-1,0.23422489
s_016um_00204_00145-1,0.25300157
s_016um_00267_00330-1,0.260223
s_016um_00390_00340-1,0.45300135
s_016um_00274_00051-1,0.22665812
s_016um_00256_00189-1,0.16338587
s_016um_00279_00316-1,0.17942992
s_016um_00224_00167-1,0.24154742
s_016um_00086_00197-1,0.21739852
s_016um_00209_00034-1,0.26268637
s_016um_00170_00371-1,0.26576155
s_016um_00128_00386-1,0.23570603
s_016um_00103_00071-1,0.32892722
s_016um_00046_00215-1,0.27283898
s_016um_00355_00095-1,0.21067889
s_016um_00393_00297-1,0.23890817
s_016um_00081_00036-1,0.24658865
s_016um_00157_00287-1,0.2030992
s_016um_00139_00217-1,0.19012912
s_016um_00269_00332-1,0.22133067
s_016um_00068_00230-1,0.2351832
s_016um_00219_00231-1,0.23551632
s_016um_00105_00386-1,0.34138536
s_016um_00272_00048-1,0.26919803
s_016um_00392_00183-1,0.2725653
s_016um_00037_00105-1,0.19516662
s_016um_00235_00183-1,0.18969779
s_016um_00392_00359-1,0.30928832
s_016um_00242_00187-1,0.22824481
s_016um_00130_00389-1,0.23601688
s_016um_00047_00237-1,0.24780856
s_016um_00131_00318-1,0.33012503
s_016um_00230_00356-1,0.28651533
s_016um_00196_00125-1,0.23139153
s_016um_00171_00374-1,0.20042431
s_016um_00103_00067-1,0.33319426
s_016um_00358_00295-1,0.21887144
s_016um_00011_00293-1,0.22915857
s_016um_00106_00391-1,0.20196268
s_016um_00078_00243-1,0.2623872
s_016um_00081_00194-1,0.3407347
s_016um_00147_00402-1,0.22670875
s_016um_00068_00232-1,0.22910386
s_016um_00390_00291-1,0.19259778
s_016um_00009_00152-1,0.2297474
s_016um_00041_00101-1,0.2830414
s_016um_00200_00146-1,0.200881
s_016um_00381_00140-1,0.31221586
s_016um_00268_00131-1,0.25962013
s_016um_00195_00128-1,0.19877227
s_016um_00131_00233-1,0.21219447
s_016um_00040_00042-1,0.28364217
s_016um_00275_00137-1,0.22927913
s_016um_00065_00236-1,0.25206786
s_016um_00337_00257-1,0.21209937
s_016um_00072_00234-1,0.24548374
s_016um_00398_00214-1,0.23636763
s_016um_00311_00058-1,0.19576378
s_016um_00258_00033-1,0.32267296
s_016um_00091_00267-1,0.20650552
s_016um_00221_00029-1,0.24953756
s_016um_00225_00031-1,0.22150685
s_016um_00116_00149-1,0.2532974
s_016um_00234_00362-1,0.21926577
s_016um_00233_00263-1,0.20114817
s_016um_00125_00088-1,0.27134025
s_016um_00224_00169-1,0.2360145
s_016um_00366_00097-1,0.2533731
s_016um_00061_00128-1,0.24016969
s_016um_00021_00269-1,0.20442799
s_016um_00261_00185-1,0.31748652
s_016um_00385_00296-1,0.25099352
s_016um_00130_00320-1,0.26713562
s_016um_00255_00027-1,0.36792976
s_016um_00331_00209-1,0.28536344
s_016um_00005_00155-1,0.27471033
s_016um_00211_00293-1,0.2692454
s_016um_00330_00126-1,0.20638023
s_016um_00174_00373-1,0.24674776
s_016um_00084_00284-1,0.29947197
s_016um_00239_00186-1,0.21020359
s_016um_00278_00049-1,0.26869917
s_016um_00098_00320-1,0.15565488
s_016um_00047_00243-1,0.1612637
s_016um_00107_00386-1,0.23680672
s_016um_00336_00254-1,0.21275681
s_016um_00266_00031-1,0.22692485
s_016um_00233_00261-1,0.22141981
s_016um_00410_00105-1,0.21479686
s_016um_00266_00033-1,0.26863846
s_016um_00189_00126-1,0.17427135
s_016um_00078_00295-1,0.23059767
s_016um_00047_00245-1,0.24063182
s_016um_00274_00132-1,0.26236933
s_016um_00225_00239-1,0.23696125
s_016um_00215_00279-1,0.19262329
s_016um_00092_00278-1,0.22349767
s_016um_00399_00215-1,0.33733305
s_016um_00394_00362-1,0.29374984
s_016um_00374_00139-1,0.22747102
s_016um_00225_00244-1,0.17697127
s_016um_00219_00025-1,0.21196094
s_016um_00079_00249-1,0.22394922
s_016um_00327_00211-1,0.2373727
s_016um_00010_00215-1,0.29265526
s_016um_00412_00139-1,0.19163065
s_016um_00096_00317-1,0.15508318
s_016um_00130_00384-1,0.24861632
s_016um_00039_00175-1,0.21338272
s_016um_00215_00016-1,0.2488189
s_016um_00167_00127-1,0.19444093
s_016um_00077_00245-1,0.23021498
s_016um_00371_00125-1,0.28829002
s_016um_00240_00088-1,0.24623518
s_016um_00280_00323-1,0.21061528
s_016um_00223_00028-1,0.24820271
s_016um_00139_00216-1,0.20395973
s_016um_00133_00226-1,0.21373406
s_016um_00389_00338-1,0.26483735
s_016um_00365_00097-1,0.2404626
s_016um_00073_00240-1,0.23970714
s_016um_00129_00390-1,0.23439631
s_016um_00214_00016-1,0.25186044
s_016um_00071_00248-1,0.24634074
s_016um_00044_00204-1,0.23925531
s_016um_00101_00068-1,0.28341016
s_016um_00184_00033-1,0.19159769
s_016um_00126_00086-1,0.2607432
s_016um_00098_00025-1,0.39786658
s_016um_00080_00198-1,0.24464169
s_016um_00067_00236-1,0.23092587
s_016um_00320_00303-1,0.30145282
s_016um_00169_00377-1,0.24472883
s_016um_00391_00295-1,0.2504158
s_016um_00043_00210-1,0.20491274
s_016um_00401_00123-1,0.2370536
s_016um_00081_00028-1,0.2659866
s_016um_00277_00047-1,0.23616195
s_016um_00290_00098-1,0.21517253
s_016um_00233_00359-1,0.23620132
s_016um_00232_00357-1,0.26409703
s_016um_00228_00235-1,0.22436133
s_016um_00101_00064-1,0.27707964
s_016um_00370_00097-1,0.2633853
s_016um_00032_00088-1,0.19870627
s_016um_00388_00127-1,0.19209522
s_016um_00135_00322-1,0.32983324
s_016um_00288_00095-1,0.21671611
s_016um_00041_00179-1,0.29754236
s_016um_00146_00057-1,0.23755202
s_016um_00234_00264-1,0.22608815
s_016um_00044_00045-1,0.22602597
s_016um_00055_00243-1,0.19414465
s_016um_00334_00211-1,0.22580798
s_016um_00201_00147-1,0.24987821
s_016um_00414_00135-1,0.20875591
s_016um_00221_00026-1,0.2586678
s_016um_00269_00031-1,0.27386916
s_016um_00127_00229-1,0.20319983
s_016um_00139_00077-1,0.31175122
s_016um_00046_00206-1,0.24481046
s_016um_00212_00031-1,0.23663771
s_016um_00253_00023-1,0.24450406
s_016um_00102_00388-1,0.2287024
s_016um_00306_00053-1,0.25763696
s_016um_00215_00292-1,0.19964376
s_016um_00103_00065-1,0.24388301
s_016um_00090_00273-1,0.21618892
s_016um_00409_00103-1,0.35161197
s_016um_00098_00024-1,0.23120658
s_016um_00043_00172-1,0.27900174
s_016um_00353_00089-1,0.27773228
s_016um_00118_00146-1,0.24242191
s_016um_00399_00217-1,0.20911558
s_016um_00193_00124-1,0.23201762
s_016um_00125_00091-1,0.25148794
s_016um_00014_00268-1,0.25063968
s_016um_00206_00153-1,0.24878533
s_016um_00096_00319-1,0.2215515
s_016um_00363_00098-1,0.31668937
s_016um_00114_00315-1,0.20807165
s_016um_00055_00244-1,0.30640367
s_016um_00329_00254-1,0.20537664
s_016um_00087_00196-1,0.2701473
s_016um_00009_00157-1,0.23748504
s_016um_00074_00246-1,0.2323237
s_016um_00200_00150-1,0.32692227
s_016um_00009_00301-1,0.25614405
s_016um_00151_00394-1,0.2852218
s_016um_00393_00368-1,0.26650855
s_016um_00081_00198-1,0.22876784
s_016um_00277_00328-1,0.23269486
s_016um_00038_00045-1,0.35021514
s_016um_00397_00365-1,0.29828036
s_016um_00132_00385-1,0.21038704
s_016um_00399_00365-1,0.34144002
s_016um_00101_00386-1,0.19060908
s_016um_00409_00146-1,0.21861823
s_016um_00123_00146-1,0.20265806
s_016um_00379_00138-1,0.18818466
s_016um_00265_00334-1,0.2290564
s_016um_00075_00253-1,0.29450172
s_016um_00372_00145-1,0.28336436
s_016um_00245_00084-1,0.23105803
s_016um_00266_00329-1,0.21286944
s_016um_00404_00127-1,0.38421756
s_016um_00143_00021-1,0.25765675
s_016um_00037_00096-1,0.2640831
s_016um_00215_00017-1,0.29880226
s_016um_00417_00136-1,0.23662871
s_016um_00192_00122-1,0.2115373
s_016um_00077_00237-1,0.23148134
s_016um_00329_00214-1,0.22092032
s_016um_00220_00228-1,0.23835273
s_016um_00027_00334-1,0.26050884
s_016um_00356_00294-1,0.24458385
s_016um_00373_00141-1,0.23009592
s_016um_00276_00053-1,0.22155352
s_016um_00098_00032-1,0.22132352
s_016um_00345_00214-1,0.20629221
s_016um_00130_00322-1,0.21383443
s_016um_00093_00276-1,0.22831765
s_016um_00036_00045-1,0.250235
s_016um_00215_00294-1,0.2555948
s_016um_00285_00100-1,0.24112484
s_016um_00404_00145-1,0.2730702
s_016um_00224_00334-1,0.24560586
s_016um_00083_00263-1,0.218838
s_016um_00395_00359-1,0.3220564
s_016um_00044_00219-1,0.25222167
s_016um_00265_00059-1,0.27620292
s_016um_00116_00144-1,0.3115293
s_016um_00194_00125-1,0.21292016
s_016um_00308_00056-1,0.27271852
s_016um_00008_00209-1,0.27389705
s_016um_00125_00090-1,0.26671293
s_016um_00031_00090-1,0.23870009
s_016um_00219_00014-1,0.21038178
s_016um_00415_00143-1,0.2103377
s_016um_00038_00174-1,0.18672895
s_016um_00279_00328-1,0.21138036
s_016um_00227_00246-1,0.21775779
s_016um_00132_00321-1,0.3336302
s_016um_00151_00400-1,0.19564825
s_016um_00382_00139-1,0.2338822
s_016um_00162_00291-1,0.24998003
s_016um_00111_00319-1,0.25163996
s_016um_00263_00060-1,0.22966984
s_016um_00170_00375-1,0.24310216
s_016um_00406_00402-1,1.3777106
s_016um_00328_00215-1,0.2505214
s_016um_00080_00296-1,0.2635558
s_016um_00075_00251-1,0.2531989
s_016um_00241_00188-1,0.23500428
s_016um_00263_00333-1,0.22028889
s_016um_00017_00266-1,0.24654618
s_016um_00131_00225-1,0.23840263
s_016um_00181_00028-1,0.2306432
s_016um_00217_00013-1,0.26712117
s_016um_00221_00017-1,0.2782439
s_016um_00083_00192-1,0.259769
s_016um_00079_00200-1,0.34660214
s_016um_00071_00249-1,0.2512471
s_016um_00264_00335-1,0.22821002
s_016um_00152_00401-1,0.29229376
s_016um_00275_00325-1,0.27449661
s_016um_00279_00136-1,0.213845
s_016um_00042_00174-1,0.2912431
s_016um_00217_00228-1,0.21654376
s_016um_00164_00292-1,0.2022833
s_016um_00414_00139-1,0.20718417
s_016um_00287_00099-1,0.2462991
s_016um_00392_00291-1,0.20902617
s_016um_00105_00317-1,0.2412239
s_016um_00267_00031-1,0.24418513
s_016um_00033_00337-1,0.22039519
s_016um_00033_00006-1,0.24193104
s_016um_00146_00019-1,0.2812869
s_016um_00376_00124-1,0.24599902
s_016um_00144_00056-1,0.27448595
s_016um_00041_00238-1,0.23872074
s_016um_00330_00250-1,0.21471836
s_016um_00276_00135-1,0.30299488
s_016um_00387_00340-1,0.29435986
s_016um_00100_00068-1,0.25757235
s_016um_00279_00323-1,0.24689685
s_016um_00229_00246-1,0.23901665
s_016um_00307_00057-1,0.25588566
s_016um_00395_00342-1,0.33694407
s_016um_00270_00028-1,0.23128365
s_016um_00345_00212-1,0.28992066
s_016um_00394_00183-1,0.2066205
s_016um_00079_00243-1,0.21802235
s_016um_00341_00402-1,0.3070805
s_016um_00009_00215-1,0.27202907
s_016um_00414_00101-1,0.2175267
s_016um_00121_00143-1,0.30221996
s_016um_00009_00292-1,0.23851624
s_016um_00235_00260-1,0.20557925
s_016um_00082_00237-1,0.24239853
s_016um_00165_00125-1,0.40559492
s_016um_00152_00400-1,0.22159266
s_016um_00102_00387-1,0.23941174
s_016um_00025_00088-1,0.2573533
s_016um_00079_00251-1,0.23851246
s_016um_00216_00171-1,0.20034435
s_016um_00265_00328-1,0.24303211
s_016um_00011_00298-1,0.2559634
s_016um_00010_00301-1,0.23777595
s_016um_00276_00202-1,0.19392183
s_016um_00167_00130-1,0.19093023
s_016um_00356_00288-1,0.29672027
s_016um_00128_00094-1,0.24427202
s_016um_00094_00030-1,0.22977206
s_016um_00098_00323-1,0.22561945
s_016um_00063_00132-1,0.20921068
s_016um_00145_00401-1,0.1689285
s_016um_00387_00292-1,0.25878823
s_016um_00242_00087-1,0.23793703
s_016um_00087_00065-1,0.36551273
s_016um_00059_00242-1,0.2393109
s_016um_00326_00118-1,0.23766722
s_016um_00407_00145-1,0.24284196
s_016um_00112_00318-1,0.2069687
s_016um_00011_00294-1,0.25037763
s_016um_00370_00095-1,0.21018443
s_016um_00007_00207-1,0.2719464
s_016um_00162_00292-1,0.25694913
s_016um_00139_00020-1,0.25463387
s_016um_00384_00135-1,0.30585358
s_016um_00090_00265-1,0.24309836
s_016um_00332_00255-1,0.27428392
s_016um_00270_00327-1,0.31178558
s_016um_00388_00131-1,0.23020467
s_016um_00004_00152-1,0.25124085
s_016um_00204_00149-1,0.25552022
s_016um_00196_00094-1,0.24117886
s_016um_00273_00315-1,0.26756623
s_016um_00036_00097-1,0.2897451
s_016um_00036_00173-1,0.23227403
s_016um_00215_00296-1,0.28416112
s_016um_00257_00189-1,0.23621239
s_016um_00380_00133-1,0.24358779
s_016um_00129_00090-1,0.2637414
s_016um_00354_00116-1,0.24265221
s_016um_00063_00233-1,0.22683011
s_016um_00234_00091-1,0.23705363
s_016um_00213_00291-1,0.19780391
s_016um_00044_00205-1,0.28977478
s_016um_00133_00315-1,0.4268912
s_016um_00034_00006-1,0.28018835
s_016um_00365_00094-1,0.24664533
s_016um_00334_00250-1,0.21982253
s_016um_00259_00130-1,0.1924041
s_016um_00253_00019-1,0.24369903
s_016um_00236_00089-1,0.22808185
s_016um_00096_00027-1,0.26673755
s_016um_00265_00130-1,0.26654044
s_016um_00330_00251-1,0.28777453
s_016um_00098_00026-1,0.2447784
s_016um_00395_00368-1,0.55169505
s_016um_00337_00251-1,0.26757127
s_016um_00366_00228-1,0.25124487
s_016um_00279_00049-1,0.26369283
s_016um_00276_00044-1,0.22356907
s_016um_00008_00301-1,0.24412453
s_016um_00279_00322-1,0.2762296
s_016um_00096_00314-1,0.21131015
s_016um_00324_00125-1,0.22514017
s_016um_00401_00216-1,0.26600605
s_016um_00223_00243-1,0.21335162
s_016um_00222_00017-1,0.20379505
s_016um_00134_00320-1,0.38840097
s_016um_00309_00053-1,0.23675127
s_016um_00263_00336-1,0.32092458
s_016um_00104_00392-1,0.22408678
s_016um_00364_00224-1,0.20436275
s_016um_00394_00341-1,0.29418933
s_016um_00034_00100-1,0.24028996
s_016um_00070_00230-1,0.25244775
s_016um_00396_00260-1,0.335738
s_016um_00411_00106-1,0.2727609
s_016um_00029_00329-1,0.2550063
s_016um_00143_00019-1,0.22090365
s_016um_00326_00304-1,0.2589589
s_016um_00263_00126-1,0.22215709
s_016um_00281_00137-1,0.25060582
s_016um_00370_00124-1,0.2807853
s_016um_00081_00241-1,0.19919437
s_016um_00375_00120-1,0.21723822
s_016um_00223_00237-1,0.22092104
s_016um_00329_00255-1,0.21412106
s_016um_00355_00096-1,0.28498536
s_016um_00193_00093-1,0.2459662
s_016um_00349_00216-1,0.26230207
s_016um_00019_00270-1,0.20805663
s_016um_00094_00335-1,0.19239862
s_016um_00146_00402-1,0.17993523
s_016um_00058_00246-1,0.18677694
s_016um_00235_00264-1,0.22075401
s_016um_00268_00054-1,0.19293272
s_016um_00041_00171-1,0.26868722
s_016um_00409_00104-1,0.17450553
s_016um_00400_00371-1,0.35989445
s_016um_00377_00133-1,0.24432841
s_016um_00373_00142-1,0.33995533
s_016um_00269_00058-1,0.27305973
s_016um_00149_00399-1,0.27844274
s_016um_00264_00337-1,0.14689481
s_016um_00099_00065-1,0.23072809
s_016um_00164_00127-1,0.21195565
s_016um_00272_00315-1,0.2629013
s_016um_00386_00291-1,0.20708029
s_016um_00142_00055-1,0.22893526
s_016um_00226_00247-1,0.23801516
s_016um_00012_00152-1,0.24234638
s_016um_00279_00327-1,0.21746781
s_016um_00036_00333-1,0.20916171
s_016um_00044_00203-1,0.26654756
s_016um_00165_00289-1,0.25417188
s_016um_00095_00274-1,0.24262783
s_016um_00276_00319-1,0.23792809
s_016um_00398_00219-1,0.31673136
s_016um_00087_00036-1,0.23774192
s_016um_00130_00228-1,0.2139334
s_016um_00170_00377-1,0.24539723
s_016um_00334_00216-1,0.2578949
s_016um_00040_00173-1,0.22490902
s_016um_00282_00134-1,0.20748535
s_016um_00261_00031-1,0.16218767
s_016um_00103_00069-1,0.32495478
s_016um_00372_00095-1,0.20930353
s_016um_00396_00259-1,0.1777508
s_016um_00165_00288-1,0.21516228
s_016um_00167_00122-1,0.22456838
s_016um_00103_00384-1,0.27054787
s_016um_00324_00119-1,0.32305777
s_016um_00079_00279-1,0.22991765
s_016um_00404_00125-1,0.28801796
s_016um_00388_00292-1,0.24795865
s_016um_00260_00030-1,0.2579566
s_016um_00180_00031-1,0.2891833
s_016um_00327_00226-1,0.31199482
s_016um_00350_00023-1,0.1913015
s_016um_00203_00147-1,0.25390315
s_016um_00263_00059-1,0.22429767
s_016um_00236_00263-1,0.23405033
s_016um_00228_00262-1,0.24745555
s_016um_00393_00178-1,0.26381052
s_016um_00135_00316-1,0.28354704
s_016um_00408_00149-1,0.2592911
s_016um_00395_00219-1,0.23587102
s_016um_00100_00319-1,0.23505464
s_016um_00098_00028-1,0.30493206
s_016um_00385_00134-1,0.20405523
s_016um_00373_00098-1,0.4199934
s_016um_00278_00323-1,0.26840448
s_016um_00097_00323-1,0.22323649
s_016um_00141_00074-1,0.24866441
s_016um_00021_00265-1,0.23081617
s_016um_00091_00336-1,0.21449605
s_016um_00092_00336-1,0.20390542
s_016um_00407_00126-1,0.26409042
s_016um_00392_00364-1,0.30965132
s_016um_00100_00030-1,0.22197293
s_016um_00081_00295-1,0.254012
s_016um_00416_00143-1,0.20926219
s_016um_00328_00124-1,0.34663066
s_016um_00247_00085-1,0.22996388
s_016um_00058_00248-1,0.20701827
s_016um_00274_00203-1,0.20363852
s_016um_00082_00068-1,0.24065676
s_016um_00335_00217-1,0.21469808
s_016um_00006_00157-1,0.2542126
s_016um_00406_00122-1,0.23046961
s_016um_00143_00060-1,0.27598864
s_016um_00226_00244-1,0.20666029
s_016um_00217_00276-1,0.21443678
s_016um_00233_00268-1,0.19743258
s_016um_00275_00226-1,0.205563
s_016um_00217_00229-1,0.18486765
s_016um_00256_00033-1,0.21168774
s_016um_00231_00264-1,0.27664518
s_016um_00204_00146-1,0.21541606
s_016um_00065_00124-1,0.29177734
s_016um_00394_00363-1,0.53157455
s_016um_00356_00413-1,0.5216106
s_016um_00035_00336-1,0.2058816
s_016um_00083_00270-1,0.18091962
s_016um_00389_00181-1,0.2934368
s_016um_00399_00255-1,0.28762978
s_016um_00409_00151-1,0.23209682
s_016um_00079_00199-1,0.19416441
s_016um_00047_00238-1,0.2705004
s_016um_00395_00340-1,0.2731593
s_016um_00188_00093-1,0.21259579
s_016um_00233_00360-1,0.19639118
s_016um_00018_00267-1,0.22059605
s_016um_00239_00182-1,0.2423306
s_016um_00214_00297-1,0.22035518
s_016um_00131_00320-1,0.3276982
s_016um_00283_00098-1,0.2180281
s_016um_00041_00046-1,0.24197106
s_016um_00229_00333-1,0.20411804
s_016um_00100_00320-1,0.23577628
s_016um_00074_00241-1,0.29026467
s_016um_00145_00022-1,0.25514174
s_016um_00202_00150-1,0.25789052
s_016um_00397_00372-1,0.43921137
s_016um_00170_00124-1,0.25539678
s_016um_00221_00012-1,0.2247124
s_016um_00273_00032-1,0.30919182
s_016um_00006_00151-1,0.31494004
s_016um_00075_00245-1,0.1951294
s_016um_00080_00196-1,0.2793897
s_016um_00158_00286-1,0.26185623
s_016um_00148_00398-1,0.20313823
s_016um_00268_00028-1,0.24581006
s_016um_00322_00305-1,0.24988236
s_016um_00088_00029-1,0.26222304
s_016um_00012_00210-1,0.29860348
s_016um_00212_00294-1,0.2789321
s_016um_00063_00235-1,0.09833962
s_016um_00149_00395-1,0.23129411
s_016um_00164_00129-1,0.280591
s_016um_00377_00137-1,0.26301172
s_016um_00139_00016-1,0.24505621
s_016um_00369_00120-1,0.23441195
s_016um_00267_00055-1,0.18219173
s_016um_00408_00148-1,0.23061895
s_016um_00275_00321-1,0.25816485
s_016um_00362_00288-1,0.22574121
s_016um_00236_00265-1,0.24129671
s_016um_00039_00209-1,0.1806211
s_016um_00282_00096-1,0.26658836
s_016um_00096_00321-1,0.18624341
s_016um_00218_00016-1,0.33472377
s_016um_00414_00138-1,0.16818604
s_016um_00156_00289-1,0.16533786
s_016um_00135_00321-1,0.44244054
s_016um_00270_00225-1,0.26227665
s_016um_00401_00217-1,0.27130312
s_016um_00133_00232-1,0.22620419
s_016um_00310_00055-1,0.24945472
s_016um_00079_00299-1,0.21086633
s_016um_00267_00057-1,0.2268581
s_016um_00332_00211-1,0.23047832
s_016um_00243_00085-1,0.24279322
s_016um_00030_00091-1,0.21013795
s_016um_00392_00362-1,0.64918387
s_016um_00323_00224-1,0.22549532
s_016um_00065_00132-1,0.250305
s_016um_00354_00026-1,0.23365119
s_016um_00325_00305-1,0.16237167
s_016um_00361_00292-1,0.25168473
s_016um_00219_00172-1,0.25814137
s_016um_00279_00051-1,0.2847403
s_016um_00408_00102-1,0.20147675
s_016um_00044_00243-1,0.18574649
s_016um_00400_00262-1,0.27331537
s_016um_00267_00028-1,0.29720125
s_016um_00223_00172-1,0.19587174
s_016um_00087_00073-1,0.23337047
s_016um_00039_00171-1,0.21037677
s_016um_00136_00070-1,0.08210535
s_016um_00270_00035-1,0.21061084
s_016um_00328_00217-1,0.26811603
s_016um_00247_00020-1,0.24656579
s_016um_00269_00334-1,0.24670027
s_016um_00398_00263-1,0.18558964
s_016um_00270_00227-1,0.2083991
s_016um_00077_00251-1,0.21035004
s_016um_00335_00256-1,0.2554442
s_016um_00062_00130-1,0.25525987
s_016um_00269_00226-1,0.24208224
s_016um_00362_00225-1,0.2337454
s_016um_00364_00096-1,0.21926574
s_016um_00216_00277-1,0.26935282
s_016um_00093_00275-1,0.17232168
s_016um_00043_00176-1,0.23669939
s_016um_00277_00133-1,0.22439314
s_016um_00138_00072-1,0.21318716
s_016um_00130_00318-1,0.3204591
s_016um_00323_00122-1,0.19055927
s_016um_00082_00286-1,0.22834148
s_016um_00411_00101-1,0.21732508
s_016um_00068_00125-1,0.25500107
s_016um_00096_00030-1,0.26185584
s_016um_00036_00101-1,0.2935895
s_016um_00273_00033-1,0.24224102
s_016um_00063_00236-1,0.29263172
s_016um_00144_00057-1,0.22634733
s_016um_00375_00143-1,0.23406684
s_016um_00037_00179-1,0.28854448
s_016um_00080_00197-1,0.25157323
s_016um_00334_00399-1,0.4229679
s_016um_00378_00132-1,0.26714408
s_016um_00335_00397-1,0.27116978
s_016um_00198_00125-1,0.21833873
s_016um_00236_00084-1,0.2421681
s_016um_00383_00129-1,0.22432473
s_016um_00393_00185-1,0.31507576
s_016um_00224_00244-1,0.2615377
s_016um_00226_00335-1,0.23027886
s_016um_00274_00208-1,0.23275942
s_016um_00082_00280-1,0.22759256
s_016um_00078_00279-1,0.19952057
s_016um_00255_00188-1,0.15124887
s_016um_00395_00215-1,0.24219118
s_016um_00135_00222-1,0.25312006
s_016um_00162_00287-1,0.23828456
s_016um_00084_00072-1,0.264891
s_016um_00079_00248-1,0.22559786
s_016um_00089_00269-1,0.35920286
s_016um_00399_00259-1,0.28895548
s_016um_00072_00249-1,0.17985804
s_016um_00135_00315-1,0.40851074
s_016um_00329_00302-1,0.26558635
s_016um_00396_00372-1,0.3544954
s_016um_00041_00242-1,0.15022466
s_016um_00014_00211-1,0.24361303
s_016um_00326_00302-1,0.2231981
s_016um_00058_00244-1,0.22138077
s_016um_00182_00032-1,0.30755484
s_016um_00241_00186-1,0.22488068
s_016um_00204_00147-1,0.2075029
s_016um_00406_00396-1,0.70772463
s_016um_00087_00072-1,0.25902417
s_016um_00218_00028-1,0.25818342
s_016um_00143_00016-1,0.2675036
s_016um_00248_00027-1,0.20967613
s_016um_00008_00210-1,0.22075082
s_016um_00408_00104-1,0.26266745
s_016um_00006_00150-1,0.26342884
s_016um_00076_00242-1,0.25878304
s_016um_00238_00092-1,0.23193632
s_016um_00236_00092-1,0.22078547
s_016um_00417_00143-1,0.21075253
s_016um_00042_00178-1,0.25682622
s_016um_00389_00296-1,0.25011328
s_016um_00384_00127-1,0.21086553
s_016um_00272_00207-1,0.26675284
s_016um_00386_00294-1,0.26373857
s_016um_00110_00313-1,0.2636272
s_016um_00211_00294-1,0.2270963
s_016um_00057_00245-1,0.22738881
s_016um_00170_00121-1,0.2512426
s_016um_00045_00218-1,0.21692717
s_016um_00376_00134-1,0.3045128
s_016um_00040_00209-1,0.17910671
s_016um_00356_00286-1,0.21488415
s_016um_00376_00139-1,0.2664672
s_016um_00144_00061-1,0.24111715
s_016um_00394_00339-1,0.29019356
s_016um_00327_00120-1,0.25946105
s_016um_00208_00294-1,0.24520408
s_016um_00320_00164-1,0.2394783
s_016um_00354_00114-1,0.16296129
s_016um_00221_00024-1,0.19743069
s_016um_00192_00098-1,0.22502913
s_016um_00337_00254-1,0.18430316
s_016um_00223_00171-1,0.1923886
s_016um_00247_00021-1,0.22589636
s_016um_00085_00067-1,0.22169012
s_016um_00054_00249-1,0.3253209
s_016um_00272_00228-1,0.20966844
s_016um_00043_00042-1,0.23512061
s_016um_00289_00097-1,0.17918915
s_016um_00311_00057-1,0.18202415
s_016um_00275_00224-1,0.28350297
s_016um_00141_00020-1,0.24284492
s_016um_00235_00091-1,0.16338298
s_016um_00367_00145-1,0.2584768
s_016um_00418_00139-1,0.25134805
s_016um_00059_00248-1,0.21906114
s_016um_00088_00274-1,0.2076535
s_016um_00141_00075-1,0.29810408
s_016um_00224_00173-1,0.20915295
s_016um_00275_00332-1,0.2175636
s_016um_00077_00248-1,0.1686707
s_016um_00221_00281-1,0.18164536
s_016um_00332_00210-1,0.23566818
s_016um_00085_00270-1,0.2523343
s_016um_00370_00098-1,0.22658098
s_016um_00359_00090-1,0.20347247
s_016um_00410_00148-1,0.24835701
s_016um_00081_00300-1,0.22142439
s_016um_00143_00219-1,0.26248226
s_016um_00043_00174-1,0.22618514
s_016um_00219_00226-1,0.22201532
s_016um_00068_00234-1,0.23127422
s_016um_00368_00144-1,0.26550177
s_016um_00137_00219-1,0.22783285
s_016um_00114_00314-1,0.22933622
s_016um_00222_00333-1,0.22789365
s_016um_00041_00044-1,0.28535515
s_016um_00253_00030-1,0.23624955
s_016um_00100_00065-1,0.24010995
s_016um_00012_00297-1,0.19685444
s_016um_00005_00158-1,0.25821507
s_016um_00140_00069-1,0.29909933
s_016um_00093_00271-1,0.20132676
s_016um_00040_00172-1,0.25745308
s_016um_00220_00175-1,0.2235583
s_016um_00393_00181-1,0.29026568
s_016um_00012_00215-1,0.30248508
s_016um_00218_00279-1,0.19843489
s_016um_00286_00096-1,0.19440582
s_016um_00112_00315-1,0.2198693
s_016um_00135_00228-1,0.16665578
s_016um_00133_00087-1,0.24024537
s_016um_00059_00250-1,0.19348852
s_016um_00323_00226-1,0.27951857
s_016um_00244_00090-1,0.17778942
s_016um_00178_00027-1,0.23595096
s_016um_00342_00215-1,0.2746387
s_016um_00191_00096-1,0.2678272
s_016um_00213_00036-1,0.27739668
s_016um_00115_00149-1,0.319942
s_016um_00393_00215-1,0.2710968
s_016um_00342_00400-1,0.3239993
s_016um_00365_00224-1,0.24681826
s_016um_00045_00242-1,0.19880262
s_016um_00318_00164-1,0.19845769
s_016um_00079_00270-1,0.19562176
s_016um_00134_00227-1,0.19344884
s_016um_00085_00199-1,0.26343182
s_016um_00128_00317-1,0.38375157
s_016um_00082_00029-1,0.22068024
s_016um_00325_00170-1,0.24056013
s_016um_00087_00195-1,0.25373372
s_016um_00206_00147-1,0.23131894
s_016um_00128_00228-1,0.25765422
s_016um_00328_00118-1,0.18524061
s_016um_00020_00264-1,0.20545453
s_016um_00253_00025-1,0.24713069
s_016um_00103_00027-1,0.22115694
s_016um_00131_00093-1,0.20263131
s_016um_00132_00090-1,0.20400573
s_016um_00323_00225-1,0.2696501
s_016um_00283_00099-1,0.19953907
s_016um_00221_00328-1,0.2224731
s_016um_00324_00301-1,0.2726884
s_016um_00085_00194-1,0.23365463
s_016um_00407_00121-1,0.1868048
s_016um_00169_00373-1,0.19295199
s_016um_00324_00170-1,0.26512513
s_016um_00322_00303-1,0.26118392
s_016um_00170_00379-1,0.24628897
s_016um_00394_00218-1,0.24745925
s_016um_00221_00174-1,0.2538053
s_016um_00340_00217-1,0.2252609
s_016um_00223_00031-1,0.22289386
s_016um_00140_00061-1,0.28399035
s_016um_00378_00133-1,0.2590916
s_016um_00029_00337-1,0.24918032
s_016um_00215_00289-1,0.22912084
s_016um_00089_00070-1,0.21588613
s_016um_00078_00296-1,0.183502
s_016um_00013_00209-1,0.14982578
s_016um_00357_00292-1,0.18190564
s_016um_00130_00094-1,0.2939876
s_016um_00401_00367-1,0.28410465
s_016um_00216_00276-1,0.23724538
s_016um_00135_00071-1,0.26229155
s_016um_00269_00062-1,0.272424
s_016um_00309_00055-1,0.24248166
s_016um_00269_00328-1,0.3176536
s_016um_00235_00085-1,0.24635167
s_016um_00201_00146-1,0.21327677
s_016um_00400_00125-1,0.22192535
s_016um_00043_00173-1,0.27831557
s_016um_00136_00229-1,0.24403255
s_016um_00217_00226-1,0.21576452
s_016um_00081_00239-1,0.23067117
s_016um_00413_00136-1,0.22946388
s_016um_00079_00293-1,0.18369609
s_016um_00273_00044-1,0.23643363
s_016um_00359_00289-1,0.19932207
s_016um_00151_00398-1,0.22582799
s_016um_00218_00170-1,0.20328489
s_016um_00223_00024-1,0.4982326
s_016um_00043_00239-1,0.20158353
s_016um_00271_00036-1,0.34766117
s_016um_00404_00261-1,0.40814704
s_016um_00035_00102-1,0.27692264
s_016um_00078_00280-1,0.22876045
s_016um_00276_00323-1,0.24181074
s_016um_00266_00336-1,0.23952556
s_016um_00369_00119-1,0.2954707
s_016um_00252_00020-1,0.22063628
s_016um_00356_00022-1,0.21082623
s_016um_00396_00185-1,0.23356204
s_016um_00071_00245-1,0.18983202
s_016um_00222_00028-1,0.2960846
s_016um_00410_00100-1,0.25417343
s_016um_00360_00417-1,0.7312747
s_016um_00075_00252-1,0.3233272
s_016um_00223_00225-1,0.21570165
s_016um_00331_00256-1,0.21287581
s_016um_00348_00215-1,0.25914726
s_016um_00281_00132-1,0.2994459
s_016um_00071_00247-1,0.22387265
s_016um_00078_00249-1,0.24605905
s_016um_00070_00238-1,0.2123982
s_016um_00093_00279-1,0.2625876
s_016um_00219_00229-1,0.19849017
s_016um_00403_00129-1,0.26392958
s_016um_00389_00340-1,0.38464576
s_016um_00041_00043-1,0.2767459
s_016um_00020_00271-1,0.20603116
s_016um_00395_00180-1,0.22658405
s_016um_00395_00358-1,0.35750163
s_016um_00085_00030-1,0.21554466
s_016um_00044_00210-1,0.22693276
s_016um_00200_00153-1,0.24333803
s_016um_00373_00122-1,0.18281549
s_016um_00363_00222-1,0.22384599
s_016um_00191_00098-1,0.1929049
s_016um_00080_00270-1,0.21250902
s_016um_00272_00206-1,0.26193848
s_016um_00150_00399-1,0.22774571
s_016um_00093_00277-1,0.20779894
s_016um_00158_00287-1,0.20782241
s_016um_00166_00376-1,0.23431543
s_016um_00379_00135-1,0.3799919
s_016um_00403_00258-1,0.26223287
s_016um_00081_00299-1,0.23227757
s_016um_00013_00211-1,0.22521105
s_016um_00085_00034-1,0.330562
s_016um_00405_00126-1,0.38482362
s_016um_00163_00125-1,0.2666151
s_016um_00361_00293-1,0.22513738
s_016um_00229_00244-1,0.1990204
s_016um_00393_00359-1,0.36005193
s_016um_00271_00033-1,0.20229954
s_016um_00320_00225-1,0.20393749
s_016um_00102_00386-1,0.21687494
s_016um_00032_00087-1,0.22083783
s_016um_00357_00288-1,0.23540096
s_016um_00333_00218-1,0.23632784
s_016um_00390_00179-1,0.2565501
s_016um_00394_00372-1,0.3215133
s_016um_00012_00211-1,0.2603334
s_016um_00180_00029-1,0.2467934
s_016um_00164_00123-1,0.19919172
s_016um_00095_00322-1,0.23046176
s_016um_00026_00088-1,0.2630837
s_016um_00165_00121-1,0.24582487
s_016um_00360_00413-1,0.4188769
s_016um_00400_00263-1,0.2276953
s_016um_00274_00332-1,0.2379612
s_016um_00264_00131-1,0.24637891
s_016um_00044_00239-1,0.20663056
s_016um_00008_00215-1,0.24401364
s_016um_00049_00238-1,0.25275496
s_016um_00376_00136-1,0.23917054
s_016um_00109_00320-1,0.3174934
s_016um_00396_00370-1,0.24307033
s_016um_00387_00342-1,0.26477206
s_016um_00141_00019-1,0.34284022
s_016um_00390_00183-1,0.25180507
s_016um_00202_00146-1,0.2398262
s_016um_00393_00358-1,0.95025355
s_016um_00086_00069-1,0.286563
s_016um_00216_00016-1,0.24218327
s_016um_00138_00214-1,0.15708955
s_016um_00241_00184-1,0.2115745
s_016um_00386_00130-1,0.17562419
s_016um_00220_00024-1,0.26388553
s_016um_00094_00320-1,0.21080579
s_016um_00093_00342-1,0.2535116
s_016um_00373_00119-1,0.20560585
s_016um_00407_00101-1,0.28187668
s_016um_00278_00047-1,0.2912338
s_016um_00215_00030-1,0.27870193
s_016um_00015_00211-1,0.265647
s_016um_00135_00319-1,0.31436518
s_016um_00221_00334-1,0.21097401
s_016um_00274_00324-1,0.2334742
s_016um_00271_00056-1,0.26074195
s_016um_00137_00072-1,0.22189453
s_016um_00035_00045-1,0.23404334
s_016um_00108_00385-1,0.26094794
s_016um_00010_00150-1,0.24746923
s_016um_00194_00097-1,0.22355628
s_016um_00409_00399-1,1.1184101
s_016um_00041_00241-1,0.21216488
s_016um_00278_00133-1,0.24357158
s_016um_00108_00318-1,0.23649317
s_016um_00210_00295-1,0.24012993
s_016um_00173_00372-1,0.24327059
s_016um_00138_00223-1,0.2612621
s_016um_00093_00273-1,0.2513766
s_016um_00018_00269-1,0.2590959
s_016um_00039_00041-1,0.23765594
s_016um_00134_00317-1,0.16824761
s_016um_00111_00321-1,0.43612078
s_016um_00065_00128-1,0.2490667
s_016um_00216_00035-1,0.2295482
s_016um_00094_00274-1,0.2116221
s_016um_00415_00142-1,0.21535534
s_016um_00170_00369-1,0.21961206
s_016um_00138_00015-1,0.32834893
s_016um_00403_00395-1,0.9695253
s_016um_00080_00241-1,0.173455
s_016um_00266_00333-1,0.23673823
s_016um_00230_00249-1,0.2604536
s_016um_00081_00268-1,0.21840273
s_016um_00331_00216-1,0.22418721
s_016um_00400_00370-1,0.2958891
s_016um_00131_00317-1,0.30092886
s_016um_00125_00385-1,0.2586669
s_016um_00356_00093-1,0.20824476
s_016um_00323_00165-1,0.24786742
s_016um_00268_00030-1,0.2508936
s_016um_00267_00032-1,0.24425994
s_016um_00132_00224-1,0.25250554
s_016um_00392_00296-1,0.2604083
s_016um_00133_00219-1,0.26112685
s_016um_00034_00088-1,0.23492932
s_016um_00223_00238-1,0.2514982
s_016um_00378_00136-1,0.23459761
s_016um_00128_00226-1,0.23443949
s_016um_00108_00387-1,0.27694666
s_016um_00393_00214-1,0.3030184
s_016um_00080_00266-1,0.22397347
s_016um_00263_00136-1,0.22401582
s_016um_00141_00057-1,0.24193527
s_016um_00095_00316-1,0.23094712
s_016um_00040_00211-1,0.2672365
s_016um_00275_00322-1,0.2725873
s_016um_00046_00207-1,0.3242945
s_016um_00092_00340-1,0.17470342
s_016um_00090_00266-1,0.22484697
s_016um_00181_00030-1,0.26387274
s_016um_00042_00245-1,0.27972353
s_016um_00408_00097-1,0.23245391
s_016um_00418_00137-1,0.22199571
s_016um_00132_00314-1,0.16810447
s_016um_00365_00101-1,0.25121188
s_016um_00266_00032-1,0.26053968
s_016um_00083_00201-1,0.2180287
s_016um_00231_00358-1,0.20922284
s_016um_00227_00235-1,0.27838722
s_016um_00008_00296-1,0.22695245
s_016um_00241_00185-1,0.20409787
s_016um_00081_00293-1,0.18927169
s_016um_00170_00122-1,0.28543243
s_016um_00349_00021-1,0.2852174
s_016um_00011_00152-1,0.2534057
s_016um_00404_00403-1,1.2567828
s_016um_00099_00025-1,0.24031611
s_016um_00127_00094-1,0.29064482
s_016um_00395_00214-1,0.23597027
s_016um_00009_00151-1,0.2826556
s_016um_00195_00124-1,0.19256045
s_016um_00275_00047-1,0.20699775
s_016um_00386_00292-1,0.17173624
s_016um_00241_00084-1,0.14863229
s_016um_00328_00120-1,0.22066374
s_016um_00210_00028-1,0.2960942
s_016um_00228_00232-1,0.30647895
s_016um_00394_00179-1,0.22901286
s_016um_00210_00034-1,0.20765662
s_016um_00356_00118-1,0.2994807
s_016um_00251_00025-1,0.21558493
s_016um_00205_00150-1,0.22798508
s_016um_00026_00091-1,0.29526645
s_016um_00140_00218-1,0.18773319
s_016um_00375_00121-1,0.22856373
s_016um_00040_00203-1,0.2617639
s_016um_00280_00202-1,0.22013533
s_016um_00338_00402-1,0.24655563
s_016um_00369_00121-1,0.29848313
s_016um_00351_00021-1,0.20790699
s_016um_00083_00286-1,0.2611816
s_016um_00082_00278-1,0.22812033
s_016um_00167_00371-1,0.19530122
s_016um_00252_00022-1,0.25538704
s_016um_00078_00238-1,0.21363156
s_016um_00400_00212-1,0.2585595
s_016um_00403_00398-1,0.80255973
s_016um_00134_00221-1,0.27266344
s_016um_00079_00240-1,0.23675172
s_016um_00401_00257-1,0.28890103
s_016um_00314_00059-1,0.21379176
s_016um_00025_00087-1,0.24795724
s_016um_00335_00402-1,0.2681825
s_016um_00388_00339-1,0.35147196
s_016um_00273_00134-1,0.16928414
s_016um_00392_00216-1,0.2324411
s_016um_00395_00178-1,0.24357578
s_016um_00157_00288-1,0.1833835
s_016um_00087_00066-1,0.25925076
s_016um_00384_00133-1,0.17582782
s_016um_00082_00267-1,0.17292476
s_016um_00232_00356-1,0.27770048
s_016um_00355_00293-1,0.23358354
s_016um_00041_00009-1,0.2443097
s_016um_00145_00017-1,0.25797474
s_016um_00144_00020-1,0.25695392
s_016um_00381_00136-1,0.22218053
s_016um_00078_00251-1,0.25346425
s_016um_00104_00067-1,0.2819612
s_016um_00290_00096-1,0.2222555
s_016um_00221_00172-1,0.22368336
s_016um_00247_00025-1,0.2542635
s_016um_00083_00202-1,0.21895947
s_016um_00190_00091-1,0.2605727
s_016um_00220_00227-1,0.23983666
s_016um_00326_00126-1,0.3796115
s_016um_00091_00269-1,0.1659028
s_016um_00375_00125-1,0.22886533
s_016um_00312_00058-1,0.21053645
s_016um_00225_00232-1,0.21623376
s_016um_00066_00236-1,0.22745356
s_016um_00229_00262-1,0.21247672
s_016um_00111_00315-1,0.19846421
s_016um_00193_00090-1,0.21184589
s_016um_00061_00248-1,0.23413119
s_016um_00082_00199-1,0.2583698
s_016um_00046_00245-1,0.25030288
s_016um_00047_00217-1,0.25193557
s_016um_00091_00342-1,0.23097387
s_016um_00265_00127-1,0.22781748
s_016um_00127_00086-1,0.26878247
s_016um_00245_00089-1,0.23351245
s_016um_00058_00250-1,0.25411484
s_016um_00101_00025-1,0.25497204
s_016um_00221_00225-1,0.23783605
s_016um_00271_00328-1,0.23465045
s_016um_00395_00339-1,0.43403724
s_016um_00131_00382-1,0.2517914
s_016um_00264_00331-1,0.24345194
s_016um_00331_00258-1,0.20474647
s_016um_00095_00338-1,0.19779432
s_016um_00139_00060-1,0.21760945
s_016um_00409_00150-1,0.25468686
s_016um_00393_00296-1,0.29469758
s_016um_00325_00304-1,0.2414212
s_016um_00286_00097-1,0.2321572
s_016um_00078_00240-1,0.22358076
s_016um_00130_00227-1,0.17806318
s_016um_00013_00294-1,0.18181956
s_016um_00404_00146-1,0.22486866
s_016um_00356_00120-1,0.25936562
s_016um_00036_00098-1,0.2974187
s_016um_00066_00231-1,0.2457179
s_016um_00234_00087-1,0.26683253
s_016um_00099_00029-1,0.31626844
s_016um_00238_00183-1,0.20316246
s_016um_00042_00217-1,0.22636023
s_016um_00366_00221-1,0.19515277
s_016um_00191_00123-1,0.22350375
s_016um_00197_00125-1,0.2149871
s_016um_00397_00367-1,0.33749998
s_016um_00063_00131-1,0.23780808
s_016um_00141_00061-1,0.2870399
s_016um_00213_00032-1,0.25397742
s_016um_00041_00218-1,0.24530756
s_016um_00076_00240-1,0.25856644
s_016um_00206_00151-1,0.2375692
s_016um_00274_00328-1,0.28821355
s_016um_00121_00148-1,0.23635599
s_016um_00396_00214-1,0.21358821
s_016um_00276_00204-1,0.20691767
s_016um_00417_00142-1,0.21709232
s_016um_00172_00377-1,0.263579
s_016um_00328_00299-1,0.22508432
s_016um_00356_00287-1,0.2102724
s_016um_00013_00300-1,0.2893751
s_016um_00127_00092-1,0.2977038
s_016um_00278_00322-1,0.23869963
s_016um_00264_00060-1,0.31663397
s_016um_00109_00313-1,0.2049352
s_016um_00039_00105-1,0.31812406
s_016um_00088_00272-1,0.22176696
s_016um_00414_00137-1,0.15905729
s_016um_00401_00397-1,0.78453034
s_016um_00042_00043-1,0.23334621
s_016um_00268_00331-1,0.26039088
s_016um_00110_00321-1,0.2770803
s_016um_00009_00302-1,0.2864404
s_016um_00230_00245-1,0.22351822
s_016um_00222_00012-1,0.2710242
s_016um_00130_00091-1,0.27043915
s_016um_00363_00225-1,0.2347376
s_016um_00352_00093-1,0.20219028
s_016um_00097_00278-1,0.20248973
s_016um_00076_00244-1,0.23744091
s_016um_00281_00314-1,0.20478421
s_016um_00261_00186-1,0.27912247
s_016um_00307_00052-1,0.22514257
s_016um_00087_00197-1,0.23731898
s_016um_00086_00028-1,0.26553723
s_016um_00044_00178-1,0.25716355
s_016um_00402_00147-1,0.1933335
s_016um_00061_00243-1,0.2212644
s_016um_00347_00217-1,0.24564911
s_016um_00212_00296-1,0.2499153
s_016um_00310_00061-1,0.28568652
s_016um_00209_00291-1,0.2536657
s_016um_00371_00117-1,0.31445488
s_016um_00261_00027-1,0.22601944
s_016um_00034_00099-1,0.2536334
s_016um_00368_00121-1,0.2617081
s_016um_00340_00214-1,0.23564059
s_016um_00081_00281-1,0.2327733
s_016um_00411_00104-1,0.21989322
s_016um_00078_00300-1,0.2745281
s_016um_00088_00273-1,0.19627388
s_016um_00145_00060-1,0.2493205
s_016um_00272_00205-1,0.29015034
s_016um_00334_00257-1,0.23403037
s_016um_00332_00251-1,0.18186939
s_016um_00278_00321-1,0.22042125
s_016um_00350_00021-1,0.24759726
s_016um_00189_00128-1,0.24247578
s_016um_00130_00319-1,0.41798174
s_016um_00190_00121-1,0.25693214
s_016um_00167_00370-1,0.2713513
s_016um_00234_00088-1,0.27197158
s_016um_00203_00152-1,0.2748304
s_016um_00343_00216-1,0.23380108
s_016um_00282_00326-1,0.21613863
s_016um_00266_00060-1,0.17285408
s_016um_00011_00208-1,0.3082773
s_016um_00280_00138-1,0.24349385
s_016um_00234_00268-1,0.24284863
s_016um_00403_00402-1,1.3177351
s_016um_00164_00287-1,0.27141917
s_016um_00134_00229-1,0.21309176
s_016um_00213_00033-1,0.3322975
s_016um_00232_00264-1,0.23802243
s_016um_00240_00090-1,0.23640455
s_016um_00142_00216-1,0.16081527
s_016um_00134_00217-1,0.23900191
s_016um_00341_00213-1,0.26180544
s_016um_00236_00185-1,0.19965859
s_016um_00221_00279-1,0.22701976
s_016um_00321_00164-1,0.22436212
s_016um_00272_00329-1,0.33803064
s_016um_00414_00097-1,0.2384035
s_016um_00357_00119-1,0.25955126
s_016um_00259_00026-1,0.18988395
s_016um_00145_00397-1,0.25716436
s_016um_00144_00059-1,0.20251822
s_016um_00358_00287-1,0.22124605
s_016um_00092_00270-1,0.24251994
s_016um_00366_00230-1,0.20758048
s_016um_00358_00409-1,0.40969014
s_016um_00078_00246-1,0.20590384
s_016um_00237_00355-1,0.24333331
s_016um_00047_00212-1,0.24630693
s_016um_00040_00216-1,0.32653832
s_016um_00335_00252-1,0.24148849
s_016um_00037_00176-1,0.25350288
s_016um_00079_00195-1,0.2475229
s_016um_00217_00169-1,0.26867542
s_016um_00096_00279-1,0.23920418
s_016um_00007_00213-1,0.2531636
s_016um_00335_00399-1,0.38996777
s_016um_00237_00361-1,0.22069412
s_016um_00395_00370-1,0.20994
s_016um_00092_00337-1,0.20168735
s_016um_00087_00070-1,0.22730586
s_016um_00039_00010-1,0.23803945
s_016um_00217_00171-1,0.2560268
s_016um_00009_00153-1,0.22583349
s_016um_00216_00010-1,0.33553642
s_016um_00136_00216-1,0.25334626
s_016um_00017_00265-1,0.24278565
s_016um_00098_00067-1,0.27564302
s_016um_00343_00217-1,0.2190574
s_016um_00022_00268-1,0.2213364
s_016um_00018_00273-1,0.21894912
s_016um_00242_00089-1,0.16363674
s_016um_00383_00132-1,0.2572923
s_016um_00222_00328-1,0.23662524
s_016um_00349_00023-1,0.25959677
s_016um_00091_00277-1,0.2801772
s_016um_00135_00074-1,0.28314197
s_016um_00413_00097-1,0.21581854
s_016um_00086_00200-1,0.24943909
s_016um_00250_00020-1,0.26137495
s_016um_00218_00166-1,0.24072433
s_016um_00367_00225-1,0.2002576
s_016um_00209_00295-1,0.23218773
s_016um_00090_00335-1,0.16259377
s_016um_00219_00173-1,0.26537928
s_016um_00077_00297-1,0.23439428
s_016um_00379_00140-1,0.28858405
s_016um_00041_00045-1,0.24609748
s_016um_00392_00361-1,0.37562013
s_016um_00391_00365-1,0.27792418
s_016um_00258_00029-1,0.28598472
s_016um_00145_00016-1,0.27627847
s_016um_00356_00411-1,0.48207742
s_016um_00331_00214-1,0.18682256
s_016um_00085_00196-1,0.21779652
s_016um_00038_00176-1,0.28396285
s_016um_00090_00275-1,0.24863556
s_016um_00409_00097-1,0.2393168
s_016um_00405_00401-1,1.3054605
s_016um_00402_00125-1,0.26215276
s_016um_00221_00237-1,0.26553807
s_016um_00083_00280-1,0.24142395
s_016um_00104_00073-1,0.22087175
s_016um_00267_00061-1,0.23648249
s_016um_00359_00115-1,0.20088255
s_016um_00094_00277-1,0.21276367
s_016um_00079_00298-1,0.23291944
s_016um_00082_00028-1,0.23640215
s_016um_00262_00336-1,0.23151067
s_016um_00215_00031-1,0.20731586
s_016um_00259_00131-1,0.23162991
s_016um_00279_00324-1,0.24000964
s_016um_00397_00362-1,0.25973427
s_016um_00259_00030-1,0.24946108
s_016um_00291_00096-1,0.303905
s_016um_00142_00057-1,0.25747475
s_016um_00353_00119-1,0.260457
s_016um_00205_00145-1,0.139977
s_016um_00375_00119-1,0.20956907
s_016um_00086_00065-1,0.39691773
s_016um_00114_00317-1,0.2103767
s_016um_00083_00282-1,0.21592946
s_016um_00079_00244-1,0.21373723
s_016um_00093_00337-1,0.33194035
s_016um_00281_00135-1,0.19308193
s_016um_00216_00280-1,0.19623032
s_016um_00163_00289-1,0.25664958
s_016um_00358_00121-1,0.18746105
s_016um_00277_00203-1,0.2419879
s_016um_00340_00401-1,0.31264216
s_016um_00064_00125-1,0.24397703
s_016um_00096_00069-1,0.27391028
s_016um_00010_00297-1,0.2711994
s_016um_00324_00168-1,0.19637479
s_016um_00291_00099-1,0.278265
s_016um_00402_00261-1,0.24392894
s_016um_00068_00129-1,0.23861963
s_016um_00037_00106-1,0.31739512
s_016um_00329_00215-1,0.23688324
s_016um_00394_00361-1,0.27378613
s_016um_00398_00373-1,0.45646653
s_016um_00102_00027-1,0.337371
s_016um_00400_00122-1,0.19975477
s_016um_00402_00120-1,0.23241541
s_016um_00043_00204-1,0.24494523
s_016um_00062_00246-1,0.22053757
s_016um_00278_00315-1,0.30873945
s_016um_00367_00226-1,0.2592907
s_016um_00182_00029-1,0.29258376
s_016um_00132_00087-1,0.22709483
s_016um_00135_00226-1,0.23900849
s_016um_00325_00306-1,0.23057562
s_016um_00077_00243-1,0.24151045
s_016um_00332_00254-1,0.28243342
s_016um_00275_00136-1,0.24929196
s_016um_00272_00034-1,0.31079513
s_016um_00214_00030-1,0.17467692
s_016um_00160_00293-1,0.24604195
s_016um_00135_00230-1,0.2318719
s_016um_00039_00046-1,0.28412795
s_016um_00236_00354-1,0.2484027
s_016um_00134_00314-1,0.6146235
s_016um_00105_00072-1,0.27961537
s_016um_00227_00245-1,0.20138775
s_016um_00129_00389-1,0.23336464
s_016um_00409_00099-1,0.25594595
s_016um_00205_00146-1,0.15453015
s_016um_00034_00004-1,0.27845103
s_016um_00031_00336-1,0.24260184
s_016um_00222_00235-1,0.28158978
s_016um_00406_00395-1,0.69696134
s_016um_00129_00095-1,0.27381915
s_016um_00144_00018-1,0.25633696
s_016um_00393_00298-1,0.23283955
s_016um_00389_00291-1,0.30446213
s_016um_00186_00029-1,0.29202253
s_016um_00400_00369-1,0.40809098
s_016um_00221_00238-1,0.23342864
s_016um_00232_00269-1,0.22974886
s_016um_00265_00337-1,0.27694145
s_016um_00082_00296-1,0.2186743
s_016um_00140_00223-1,0.2370125
s_016um_00334_00217-1,0.19933325
s_016um_00128_00315-1,0.22754413
s_016um_00197_00122-1,0.25893548
s_016um_00333_00259-1,0.26898292
s_016um_00407_00124-1,0.2588409
s_016um_00042_00172-1,0.25728658
s_016um_00394_00365-1,0.2799983
s_016um_00184_00027-1,0.23375337
s_016um_00007_00154-1,0.23804177
s_016um_00183_00032-1,0.23796752
s_016um_00069_00126-1,0.29091614
s_016um_00329_00212-1,0.20071413
s_016um_00082_00072-1,0.23991051
s_016um_00191_00126-1,0.30144882
s_016um_00178_00033-1,0.29584736
s_016um_00222_00236-1,0.29823574
s_016um_00178_00030-1,0.28337228
s_016um_00124_00385-1,0.2021167
s_016um_00097_00321-1,0.23781528
s_016um_00222_00246-1,0.18096209
s_016um_00324_00305-1,0.24071187
s_016um_00287_00096-1,0.22618273
s_016um_00256_00188-1,0.19175373
s_016um_00313_00057-1,0.15641415
s_016um_00407_00152-1,0.24115863
s_016um_00172_00375-1,0.25347868
s_016um_00265_00128-1,0.27993706
s_016um_00076_00293-1,0.2196253
s_016um_00138_00075-1,0.2414015
s_016um_00230_00264-1,0.22022398
s_016um_00223_00333-1,0.2558471
s_016um_00335_00253-1,0.24805072
s_016um_00254_00030-1,0.25389886
s_016um_00163_00122-1,0.2644627
s_016um_00193_00091-1,0.23895027
s_016um_00262_00335-1,0.28890446
s_016um_00007_00152-1,0.23642287
s_016um_00140_00017-1,0.22960411
s_016um_00325_00224-1,0.23683035
s_016um_00306_00054-1,0.2545835
s_016um_00261_00330-1,0.3313301
s_016um_00388_00299-1,0.254171
s_016um_00223_00226-1,0.22511964
s_016um_00124_00387-1,0.19544071
s_016um_00085_00193-1,0.19617747
s_016um_00357_00416-1,0.8868196
s_016um_00222_00227-1,0.28701147
s_016um_00077_00295-1,0.2327646
s_016um_00218_00228-1,0.2647696
s_016um_00274_00313-1,0.14088872
s_016um_00091_00335-1,0.21255605
s_016um_00271_00329-1,0.22303708
s_016um_00391_00340-1,0.25342554
s_016um_00391_00362-1,0.28892076
s_016um_00322_00166-1,0.25400153
s_016um_00393_00370-1,0.27012944
s_016um_00361_00417-1,0.6844418
s_016um_00213_00283-1,0.25595266
s_016um_00162_00289-1,0.25818166
s_016um_00131_00385-1,0.17223734
s_016um_00077_00239-1,0.21981266
s_016um_00031_00091-1,0.23734012
s_016um_00342_00398-1,0.34199697
s_016um_00091_00271-1,0.23088416
s_016um_00277_00135-1,0.23006576
s_016um_00394_00182-1,0.25491446
s_016um_00353_00096-1,0.21081102
s_016um_00313_00053-1,0.16814324
s_016um_00031_00333-1,0.20190749
s_016um_00404_00256-1,0.27944112
s_016um_00007_00296-1,0.19426808
s_016um_00269_00229-1,0.26180953
s_016um_00324_00231-1,0.29164764
s_016um_00033_00101-1,0.25873435
s_016um_00043_00048-1,0.24449198
s_016um_00029_00089-1,0.3308789
s_016um_00264_00129-1,0.2390033
s_016um_00074_00243-1,0.254905
s_016um_00096_00025-1,0.27479887
s_016um_00218_00011-1,0.2115058
s_016um_00401_00366-1,0.35170302
s_016um_00260_00026-1,0.19501294
s_016um_00084_00199-1,0.24013506
s_016um_00208_00295-1,0.2209192
s_016um_00195_00121-1,0.25433952
s_016um_00238_00089-1,0.2509367
s_016um_00392_00295-1,0.18942854
s_016um_00180_00027-1,0.21821076
s_016um_00380_00138-1,0.2348795
s_016um_00190_00097-1,0.25235057
s_016um_00042_00238-1,0.24498414
s_016um_00333_00211-1,0.21285558
s_016um_00237_00189-1,0.19729306
s_016um_00274_00227-1,0.24973385
s_016um_00099_00318-1,0.18823439
s_016um_00134_00222-1,0.22545524
s_016um_00405_00150-1,0.33011657
s_016um_00402_00262-1,0.28988326
s_016um_00236_00261-1,0.22650734
s_016um_00356_00024-1,0.22592825
s_016um_00140_00016-1,0.25929826
s_016um_00116_00143-1,0.25276825
s_016um_00399_00260-1,0.21991782
s_016um_00238_00361-1,0.271494
s_016um_00214_00012-1,0.27793562
s_016um_00276_00134-1,0.25413027
s_016um_00049_00243-1,0.3397111
s_016um_00222_00225-1,0.21285857
s_016um_00031_00330-1,0.2056487
s_016um_00321_00306-1,0.24395396
s_016um_00400_00217-1,0.23884922
s_016um_00082_00200-1,0.28816795
s_016um_00134_00216-1,0.23256895
s_016um_00137_00075-1,0.2572871
s_016um_00079_00242-1,0.21977206
s_016um_00357_00410-1,0.3685882
s_016um_00194_00123-1,0.1790498
s_016um_00359_00286-1,0.26290116
s_016um_00233_00260-1,0.21726695
s_016um_00279_00317-1,0.25959983
s_016um_00170_00123-1,0.23501648
s_016um_00290_00094-1,0.20522736
s_016um_00056_00250-1,0.21137369
s_016um_00268_00057-1,0.37821078
s_016um_00400_00401-1,1.2245219
s_016um_00414_00099-1,0.25437126
s_016um_00354_00117-1,0.2711913
s_016um_00396_00216-1,0.23187761
s_016um_00274_00326-1,0.21745662
s_016um_00224_00246-1,0.24767429
s_016um_00371_00119-1,0.20384094
s_016um_00413_00142-1,0.22152089
s_016um_00234_00356-1,0.22545166
s_016um_00336_00258-1,0.21490173
s_016um_00254_00025-1,0.21381144
s_016um_00230_00266-1,0.24420264
s_016um_00101_00065-1,0.2516265
s_016um_00221_00018-1,0.3402642
s_016um_00220_00031-1,0.29040974
s_016um_00131_00232-1,0.24767956
s_016um_00398_00181-1,0.29183
s_016um_00131_00227-1,0.24833225
s_016um_00322_00227-1,0.2593134
s_016um_00416_00141-1,0.24986671
s_016um_00214_00290-1,0.16000666
s_016um_00096_00275-1,0.19372287
s_016um_00110_00314-1,0.21007612
s_016um_00353_00018-1,0.18024658
s_016um_00400_00396-1,0.86392146
s_016um_00064_00238-1,0.27876264
s_016um_00093_00278-1,0.18185091
s_016um_00083_00271-1,0.22032532
s_016um_00203_00153-1,0.24432008
s_016um_00277_00046-1,0.22660679
s_016um_00040_00047-1,0.249271
s_016um_00234_00360-1,0.22121273
s_016um_00229_00266-1,0.26668933
s_016um_00279_00207-1,0.23400457
s_016um_00400_00218-1,0.2650811
s_016um_00150_00395-1,0.26869574
s_016um_00387_00127-1,0.42270595
s_016um_00391_00363-1,0.3405578
s_016um_00375_00124-1,0.2273738
s_016um_00210_00294-1,0.23269418
s_016um_00169_00126-1,0.26823714
s_016um_00224_00249-1,0.22011572
s_016um_00006_00214-1,0.258739
s_016um_00307_00058-1,0.18908823
s_016um_00269_00032-1,0.26789948
s_016um_00261_00336-1,0.25640598
s_016um_00354_00414-1,0.60828185
s_016um_00352_00120-1,0.22717093
s_016um_00258_00186-1,0.26495612
s_016um_00027_00332-1,0.23482874
s_016um_00067_00231-1,0.20357002
s_016um_00362_00291-1,0.2736467
s_016um_00382_00129-1,0.25571537
s_016um_00318_00165-1,0.26407164
s_016um_00386_00134-1,0.20489778
s_016um_00264_00191-1,0.24288127
s_016um_00361_00412-1,0.6966049
s_016um_00096_00029-1,0.3292103
s_016um_00213_00027-1,0.24938229
s_016um_00258_00189-1,0.28972438
s_016um_00392_00298-1,0.2971813
s_016um_00361_00411-1,0.44981486
s_016um_00266_00334-1,0.22778362
s_016um_00368_00100-1,0.17906281
s_016um_00353_00290-1,0.22565632
s_016um_00344_00213-1,0.25394335
s_016um_00369_00100-1,0.27659434
s_016um_00079_00196-1,0.27612886
s_016um_00388_00133-1,0.22973956
s_016um_00357_00290-1,0.2580573
s_016um_00370_00119-1,0.3907947
s_016um_00148_00395-1,0.24623659
s_016um_00372_00119-1,0.30516198
s_016um_00193_00098-1,0.27928692
s_016um_00168_00122-1,0.23729941
s_016um_00107_00314-1,0.15729076
s_016um_00244_00085-1,0.2514676
s_016um_00101_00031-1,0.23187862
s_016um_00035_00332-1,0.22942184
s_016um_00134_00072-1,0.24425724
s_016um_00243_00089-1,0.28251278
s_016um_00353_00019-1,0.26440266
s_016um_00194_00092-1,0.23200531
s_016um_00263_00334-1,0.30131134
s_016um_00410_00101-1,0.22375923
s_016um_00084_00067-1,0.23633859
s_016um_00146_00397-1,0.24858788
s_016um_00132_00320-1,0.3363712
s_016um_00233_00089-1,0.25221542
s_016um_00042_00205-1,0.26930952
s_016um_00262_00331-1,0.23735198
s_016um_00043_00045-1,0.23674473
s_016um_00220_00235-1,0.28547645
s_016um_00330_00123-1,0.25470215
s_016um_00222_00238-1,0.23423944
s_016um_00013_00215-1,0.24513118
s_016um_00222_00032-1,0.25384444
s_016um_00041_00173-1,0.25886792
s_016um_00140_00055-1,0.21846548
s_016um_00254_00031-1,0.21597631
s_016um_00064_00230-1,0.27837726
s_016um_00333_00255-1,0.1917851
s_016um_00401_00263-1,0.30534598
s_016um_00390_00184-1,0.29417747
s_016um_00385_00133-1,0.24266264
s_016um_00273_00049-1,0.22947414
s_016um_00082_00070-1,0.24788168
s_016um_00269_00055-1,0.35143965
s_016um_00271_00227-1,0.3140234
s_016um_00322_00226-1,0.2550946
s_016um_00333_00257-1,0.22988191
s_016um_00255_00031-1,0.25461712
s_016um_00389_00293-1,0.21921718
s_016um_00012_00207-1,0.16960399
s_016um_00044_00241-1,0.25499156
s_016um_00327_00298-1,0.25949615
s_016um_00027_00090-1,0.2885169
s_016um_00248_00023-1,0.32771945
s_016um_00094_00275-1,0.20555802
s_016um_00098_00316-1,0.22079524
s_016um_00087_00031-1,0.21167366
s_016um_00194_00090-1,0.26224083
s_016um_00203_00154-1,0.2733177
s_016um_00362_00413-1,0.77309823
s_016um_00196_00126-1,0.23576735
s_016um_00357_00092-1,0.20714524
s_016um_00228_00327-1,0.20757557
s_016um_00168_00377-1,0.2364113
s_016um_00088_00271-1,0.20076318
s_016um_00413_00139-1,0.26827583
s_016um_00092_00319-1,0.21839407
s_016um_00067_00233-1,0.24436446
s_016um_00188_00125-1,0.21667865
s_016um_00216_00230-1,0.21148437
s_016um_00340_00219-1,0.2505155
s_016um_00255_00032-1,0.21094333
s_016um_00105_00069-1,0.22473967
s_016um_00069_00128-1,0.19647595
s_016um_00266_00030-1,0.23846406
s_016um_00095_00320-1,0.21089506
s_016um_00038_00046-1,0.21997875
s_016um_00268_00336-1,0.20766309
s_016um_00269_00057-1,0.2206589
s_016um_00385_00297-1,0.25423384
s_016um_00033_00091-1,0.23938684
s_016um_00043_00207-1,0.24721672
s_016um_00355_00416-1,0.65694034
s_016um_00232_00355-1,0.24823663
s_016um_00213_00295-1,0.23548947
s_016um_00074_00237-1,0.19322675
s_016um_00276_00132-1,0.15206584
s_016um_00209_00293-1,0.19205862
s_016um_00084_00065-1,0.25251356
s_016um_00262_00190-1,0.21547225
s_016um_00006_00209-1,0.2637
s_016um_00161_00291-1,0.22671938
s_016um_00099_00320-1,0.24195927
s_016um_00079_00265-1,0.22341506
s_016um_00402_00257-1,0.28455117
s_016um_00238_00187-1,0.22776581
s_016um_00191_00121-1,0.24027072
s_016um_00136_00076-1,0.28864557
s_016um_00192_00093-1,0.25266722
s_016um_00311_00053-1,0.18894723
s_016um_00274_00134-1,0.18538564
s_016um_00054_00250-1,0.21821046
s_016um_00211_00035-1,0.22582887
s_016um_00360_00292-1,0.20901966
s_016um_00086_00281-1,0.2476408
s_016um_00170_00373-1,0.2684156
s_016um_00142_00022-1,0.18633729
s_016um_00308_00058-1,0.23367675
s_016um_00028_00333-1,0.1935299
s_016um_00189_00093-1,0.2833733
s_016um_00160_00286-1,0.27740157
s_016um_00360_00118-1,0.22273801
s_016um_00318_00167-1,0.29639563
s_016um_00141_00072-1,0.2872302
s_016um_00223_00229-1,0.24057746
s_016um_00216_00031-1,0.25894967
s_016um_00128_00391-1,0.18941185
s_016um_00228_00266-1,0.20917194
s_016um_00332_00120-1,0.24539281
s_016um_00223_00235-1,0.25845936
s_016um_00380_00139-1,0.22150001
s_016um_00247_00082-1,0.18884449
s_016um_00082_00298-1,0.19447324
s_016um_00376_00118-1,0.2028868
s_016um_00039_00176-1,0.1832903
s_016um_00223_00026-1,0.3246718
s_016um_00034_00097-1,0.3015091
s_016um_00220_00284-1,0.20725524
s_016um_00081_00197-1,0.30685768
s_016um_00035_00010-1,0.39146876
s_016um_00260_00191-1,0.23156643
s_016um_00018_00268-1,0.31944638
s_016um_00142_00073-1,0.25319678
s_016um_00306_00057-1,0.22248232
s_016um_00342_00217-1,0.31870702
s_016um_00085_00033-1,0.26672098
s_016um_00125_00384-1,0.21368134
s_016um_00129_00091-1,0.28317004
s_016um_00028_00087-1,0.22476923
s_016um_00279_00319-1,0.24433179
s_016um_00086_00064-1,0.3158658
s_016um_00336_00257-1,0.2375116
s_016um_00264_00127-1,0.19652194
s_016um_00196_00095-1,0.2004675
s_016um_00098_00338-1,0.24282062
s_016um_00395_00184-1,0.23879959
s_016um_00335_00214-1,0.22143355
s_016um_00244_00083-1,0.19663492
s_016um_00388_00291-1,0.23630475
s_016um_00279_00318-1,0.28881198
s_016um_00018_00265-1,0.20640124
s_016um_00008_00158-1,0.17575373
s_016um_00384_00138-1,0.22366476
s_016um_00275_00316-1,0.291602
s_016um_00216_00029-1,0.2325762
s_016um_00202_00151-1,0.24803562
s_016um_00037_00007-1,0.263756
s_016um_00129_00225-1,0.22833654
s_016um_00334_00258-1,0.23429789
s_016um_00260_00028-1,0.27096993
s_016um_00225_00238-1,0.193774
s_016um_00150_00397-1,0.25300545
s_016um_00414_00142-1,0.24070735
s_016um_00134_00075-1,0.2442539
s_016um_00392_00180-1,0.22074096
s_016um_00290_00092-1,0.2553938
s_016um_00273_00207-1,0.21136296
s_016um_00271_00055-1,0.14180031
s_016um_00221_00236-1,0.2374498
s_016um_00335_00396-1,0.25463378
s_016um_00028_00331-1,0.24219175
s_016um_00090_00070-1,0.2553897
s_016um_00095_00023-1,0.25389534
s_016um_00280_00208-1,0.22401685
s_016um_00094_00341-1,0.20068528
s_016um_00325_00226-1,0.27717224
s_016um_00228_00333-1,0.21165428
s_016um_00266_00131-1,0.25765327
s_016um_00112_00313-1,0.2384713
s_016um_00251_00028-1,0.19970062
s_016um_00077_00300-1,0.2553006
s_016um_00372_00124-1,0.22160901
s_016um_00191_00095-1,0.2492272
s_016um_00119_00150-1,0.20787007
s_016um_00134_00077-1,0.25055477
s_016um_00127_00093-1,0.34191123
s_016um_00334_00252-1,0.25209245
s_016um_00260_00184-1,0.24629402
s_016um_00196_00096-1,0.19583473
s_016um_00078_00241-1,0.2649238
s_016um_00161_00285-1,0.17282566
s_016um_00249_00024-1,0.2329809
s_016um_00274_00224-1,0.22702113
s_016um_00012_00301-1,0.19696051
s_016um_00192_00089-1,0.26662
s_016um_00097_00069-1,0.2169082
s_016um_00033_00090-1,0.269694
s_016um_00092_00271-1,0.25229883
s_016um_00412_00097-1,0.1843048
s_016um_00169_00374-1,0.23333722
s_016um_00273_00136-1,0.19310987
s_016um_00012_00212-1,0.24033827
s_016um_00331_00213-1,0.23076183
s_016um_00223_00228-1,0.22243457
s_016um_00251_00026-1,0.25123355
s_016um_00087_00200-1,0.2415303
s_016um_00005_00157-1,0.22167984
s_016um_00238_00184-1,0.23548807
s_016um_00410_00149-1,0.25464222
s_016um_00340_00399-1,0.29909313
s_016um_00258_00027-1,0.19241028
s_016um_00342_00403-1,0.30554652
s_016um_00398_00218-1,0.23750499
s_016um_00323_00232-1,0.25729993
s_016um_00101_00384-1,0.1882911
s_016um_00218_00174-1,0.19409247
s_016um_00075_00297-1,0.20547397
s_016um_00120_00150-1,0.2618419
s_016um_00278_00052-1,0.38119203
s_016um_00242_00190-1,0.22833128
s_016um_00360_00093-1,0.20178947
s_016um_00274_00049-1,0.18726641
s_016um_00393_00339-1,0.30217186
s_016um_00386_00341-1,0.33874118
s_016um_00404_00260-1,0.2195107
s_016um_00113_00318-1,0.23084354
s_016um_00128_00318-1,0.5648044
s_016um_00228_00332-1,0.2076183
s_016um_00331_00122-1,0.3647102
s_016um_00097_00319-1,0.26828265
s_016um_00168_00372-1,0.1541497
s_016um_00352_00027-1,0.29240173
s_016um_00388_00296-1,0.23245963
s_016um_00324_00303-1,0.1868827
s_016um_00354_00089-1,0.23220383
s_016um_00045_00215-1,0.22324574
s_016um_00092_00321-1,0.2093212
s_016um_00374_00123-1,0.28359762
s_016um_00359_00292-1,0.24436025
s_016um_00349_00026-1,0.23077074
s_016um_00083_00033-1,0.285929
s_016um_00269_00336-1,0.2856969
s_016um_00104_00069-1,0.25326866
s_016um_00310_00054-1,0.1833348
s_016um_00291_00093-1,0.251393
s_016um_00223_00244-1,0.21065745
s_016um_00171_00125-1,0.23376034
s_016um_00033_00103-1,0.2816176
s_016um_00165_00286-1,0.18142672
s_016um_00383_00137-1,0.21268046
s_016um_00334_00255-1,0.18897766
s_016um_00078_00298-1,0.22313467
s_016um_00398_00369-1,0.29035476
s_016um_00263_00189-1,0.22843349
s_016um_00189_00095-1,0.27406037
s_016um_00398_00367-1,0.29426846
s_016um_00169_00372-1,0.2043303
s_016um_00326_00299-1,0.29811192
s_016um_00084_00068-1,0.28391895
s_016um_00279_00312-1,0.22658122
s_016um_00333_00400-1,0.39487666
s_016um_00277_00321-1,0.27470508
s_016um_00267_00131-1,0.22850533
s_016um_00005_00152-1,0.25177887
s_016um_00094_00317-1,0.22048654
s_016um_00311_00055-1,0.24678127
s_016um_00060_00246-1,0.27113733
s_016um_00009_00211-1,0.20609543
s_016um_00190_00095-1,0.21253079
s_016um_00372_00118-1,0.20785849
s_016um_00138_00219-1,0.24446283
s_016um_00009_00294-1,0.24051474
s_016um_00404_00152-1,0.21002324
s_016um_00136_00220-1,0.20614019
s_016um_00274_00327-1,0.27435103
s_016um_00220_00018-1,0.30790275
s_016um_00133_00075-1,0.21110786
s_016um_00040_00180-1,0.22662653
s_016um_00258_00028-1,0.22492945
s_016um_00327_00305-1,0.24119267
s_016um_00251_00021-1,0.27940908
s_016um_00358_00116-1,0.22547758
s_016um_00320_00170-1,0.206556
s_016um_00214_00033-1,0.24970223
s_016um_00279_00134-1,0.19737896
s_016um_00264_00058-1,0.18503603
s_016um_00095_00323-1,0.33160496
s_016um_00352_00117-1,0.2735949
s_016um_00393_00219-1,0.28555608
s_016um_00040_00210-1,0.22447936
s_016um_00044_00211-1,0.26957247
s_016um_00328_00231-1,0.23515168
s_016um_00324_00169-1,0.23012292
s_016um_00401_00369-1,0.3718854
s_016um_00328_00117-1,0.17808086
s_016um_00272_00134-1,0.22887255
s_016um_00329_00251-1,0.2803593
s_016um_00043_00178-1,0.20846923
s_016um_00235_00084-1,0.21438164
s_016um_00222_00234-1,0.27065498
s_016um_00362_00415-1,0.7004849
s_016um_00160_00285-1,0.22502819
s_016um_00195_00098-1,0.29400504
s_016um_00089_00271-1,0.19657767
s_016um_00273_00204-1,0.20973101
s_016um_00107_00318-1,0.27696168
s_016um_00332_00252-1,0.27192318
s_016um_00405_00124-1,0.2547073
s_016um_00235_00184-1,0.18903819
s_016um_00271_00335-1,0.20588185
s_016um_00042_00041-1,0.2682782
s_016um_00397_00255-1,0.31907022
s_016um_00223_00331-1,0.28375533
s_016um_00321_00303-1,0.32906693
s_016um_00360_00291-1,0.23656467
s_016um_00279_00046-1,0.25782892
s_016um_00177_00029-1,0.23373166
s_016um_00387_00126-1,0.22683555
s_016um_00274_00325-1,0.35055926
s_016um_00040_00010-1,0.22494614
s_016um_00114_00316-1,0.22888944
s_016um_00010_00213-1,0.26387066
s_016um_00144_00017-1,0.24606387
s_016um_00405_00146-1,0.18787993
s_016um_00275_00313-1,0.22362584
s_016um_00396_00371-1,0.32630205
s_016um_00417_00141-1,0.24573666
s_016um_00098_00071-1,0.27160487
s_016um_00193_00125-1,0.20671247
s_016um_00193_00128-1,0.2608354
s_016um_00342_00401-1,0.4185121
s_016um_00215_00014-1,0.29645413
s_016um_00224_00239-1,0.23812108
s_016um_00087_00282-1,0.23382235
s_016um_00407_00099-1,0.28329143
s_016um_00331_00123-1,0.23136449
s_016um_00393_00213-1,0.24472664
s_016um_00083_00265-1,0.28012776
s_016um_00104_00068-1,0.28638083
s_016um_00366_00231-1,0.22893687
s_016um_00009_00296-1,0.25218615
s_016um_00027_00330-1,0.2345311
s_016um_00068_00130-1,0.27034745
s_016um_00392_00342-1,0.30753323
s_016um_00274_00050-1,0.31161284
s_016um_00390_00344-1,0.43401697
s_016um_00191_00091-1,0.22305045
s_016um_00229_00264-1,0.20197041
s_016um_00387_00295-1,0.2622968
s_016um_00356_00091-1,0.23899104
s_016um_00065_00126-1,0.28624296
s_016um_00221_00278-1,0.18212469
s_016um_00320_00228-1,0.24769196
s_016um_00274_00316-1,0.33697316
s_016um_00139_00057-1,0.3724267
s_016um_00330_00216-1,0.23529536
s_016um_00258_00026-1,0.29694766
s_016um_00010_00210-1,0.27505687
s_016um_00101_00387-1,0.24378525
s_016um_00273_00209-1,0.24202727
s_016um_00044_00215-1,0.27729195
s_016um_00320_00304-1,0.27009323
s_016um_00041_00172-1,0.24340841
s_016um_00371_00140-1,0.25980887
s_016um_00276_00325-1,0.24355265
s_016um_00071_00234-1,0.22919913
s_016um_00084_00296-1,0.20126978
s_016um_00264_00055-1,0.27374497
s_016um_00215_00170-1,0.31134367
s_016um_00192_00129-1,0.20897907
s_016um_00274_00330-1,0.25833648
s_016um_00394_00216-1,0.22922349
s_016um_00255_00030-1,0.24685237
s_016um_00281_00048-1,0.21219221
s_016um_00138_00216-1,0.21335089
s_016um_00391_00182-1,0.26665774
s_016um_00038_00208-1,0.30986774
s_016um_00331_00257-1,0.1973943
s_016um_00039_00047-1,0.28248405
s_016um_00360_00293-1,0.18448153
s_016um_00243_00083-1,0.31470105
s_016um_00215_00013-1,0.24084756
s_016um_00036_00177-1,0.26876763
s_016um_00034_00005-1,0.22688921
s_016um_00141_00071-1,0.24877535
s_016um_00267_00054-1,0.2748814
s_016um_00391_00336-1,0.26364562
s_016um_00375_00144-1,0.24847053
s_016um_00007_00158-1,0.2277016
s_016um_00182_00033-1,0.21057212
s_016um_00020_00272-1,0.23364778
s_016um_00265_00035-1,0.28314054
s_016um_00231_00247-1,0.22559606
s_016um_00219_00017-1,0.1515531
s_016um_00276_00048-1,0.33090517
s_016um_00252_00026-1,0.50140655
s_016um_00279_00208-1,0.19385584
s_016um_00404_00126-1,0.19631225
s_016um_00378_00139-1,0.24716085
s_016um_00223_00245-1,0.2205505
s_016um_00267_00337-1,0.2080756
s_016um_00279_00052-1,0.26218665
s_016um_00328_00213-1,0.2752093
s_016um_00356_00097-1,0.21359101
s_016um_00012_00299-1,0.20954159
s_016um_00162_00285-1,0.23991942
s_016um_00371_00142-1,0.19420525
s_016um_00035_00333-1,0.24123985
s_016um_00235_00361-1,0.22905715
s_016um_00242_00185-1,0.24937281
s_016um_00088_00031-1,0.20216176
s_016um_00368_00147-1,0.26925454
s_016um_00386_00129-1,0.23339863
s_016um_00127_00388-1,0.24590613
s_016um_00041_00104-1,0.25579134
s_016um_00075_00236-1,0.22804971
s_016um_00404_00128-1,0.2875568
s_016um_00391_00360-1,0.2079887
s_016um_00100_00029-1,0.29143962
s_016um_00009_00297-1,0.23629205
s_016um_00238_00189-1,0.29361817
s_016um_00227_00250-1,0.21181075
s_016um_00394_00359-1,0.49967045
s_016um_00225_00327-1,0.25253457
s_016um_00414_00100-1,0.2599082
s_016um_00039_00173-1,0.27382997
s_016um_00367_00223-1,0.26202098
s_016um_00057_00250-1,0.21453762
s_016um_00142_00020-1,0.25662646
s_016um_00140_00073-1,0.2628618
s_016um_00193_00094-1,0.23068917
s_016um_00371_00102-1,0.2933027
s_016um_00264_00333-1,0.23422767
s_016um_00234_00355-1,0.28857803
s_016um_00026_00086-1,0.23717982
s_016um_00368_00118-1,0.2577972
s_016um_00273_00202-1,0.24168015
s_016um_00084_00196-1,0.26685774
s_016um_00092_00341-1,0.23602788
s_016um_00034_00331-1,0.26560596
s_016um_00103_00386-1,0.3380879
s_016um_00135_00216-1,0.21890324
s_016um_00208_00293-1,0.24838498
s_016um_00010_00157-1,0.23235047
s_016um_00259_00191-1,0.23943475
s_016um_00038_00104-1,0.2181475
s_016um_00061_00132-1,0.27133435
s_016um_00406_00146-1,0.2646733
s_016um_00214_00296-1,0.20882681
s_016um_00256_00029-1,0.18355227
s_016um_00396_00258-1,0.2822327
s_016um_00273_00203-1,0.21088377
s_016um_00065_00234-1,0.18870483
s_016um_00371_00121-1,0.2626753
s_016um_00370_00099-1,0.2597758
s_016um_00397_00185-1,0.28572214
s_016um_00046_00238-1,0.22889048
s_016um_00230_00261-1,0.20656197
s_016um_00212_00291-1,0.22177628
s_016um_00123_00144-1,0.27552825
s_016um_00332_00125-1,0.22246595
s_016um_00391_00185-1,0.32944918
s_016um_00178_00032-1,0.24722843
s_016um_00290_00095-1,0.18639988
s_016um_00030_00088-1,0.19949019
s_016um_00275_00044-1,0.23570348
s_016um_00113_00320-1,0.21507958
s_016um_00046_00211-1,0.2180665
s_016um_00007_00215-1,0.25086525
s_016um_00147_00400-1,0.26379016
s_016um_00392_00340-1,0.4341845
s_016um_00099_00023-1,0.22308785
s_016um_00039_00215-1,0.16914001
s_016um_00086_00193-1,0.18951613
s_016um_00256_00187-1,0.18081924
s_016um_00037_00046-1,0.21795788
s_016um_00232_00360-1,0.32178414
s_016um_00041_00214-1,0.3921034
s_016um_00285_00093-1,0.272529
s_016um_00200_00148-1,0.22270346
s_016um_00217_00279-1,0.25335413
s_016um_00132_00387-1,0.24544534
s_016um_00125_00386-1,0.11800112
s_016um_00112_00317-1,0.19311726
s_016um_00037_00098-1,0.2690969
s_016um_00048_00238-1,0.26522717
s_016um_00322_00165-1,0.2136209
s_016um_00355_00026-1,0.30201778
s_016um_00083_00073-1,0.31142062
s_016um_00028_00329-1,0.22288743
s_016um_00234_00266-1,0.28990495
s_016um_00222_00027-1,0.24273476
s_016um_00259_00129-1,0.23890667
s_016um_00007_00151-1,0.23139636
s_016um_00217_00033-1,0.2623812
s_016um_00081_00285-1,0.22127473
s_016um_00392_00338-1,0.21383211
s_016um_00214_00289-1,0.22123648
s_016um_00275_00204-1,0.24791916
s_016um_00238_00190-1,0.2012307
s_016um_00326_00225-1,0.32818592
s_016um_00118_00143-1,0.25691593
s_016um_00064_00126-1,0.2903262
s_016um_00367_00096-1,0.26608977
s_016um_00218_00013-1,0.24657285
s_016um_00033_00331-1,0.21650122
s_016um_00214_00028-1,0.28781343
s_016um_00100_00072-1,0.2782618
s_016um_00356_00416-1,0.65070957
s_016um_00257_00032-1,0.18482986
s_016um_00099_00321-1,0.21980594
s_016um_00383_00139-1,0.23996747
s_016um_00314_00054-1,0.25166297
s_016um_00033_00334-1,0.18655926
s_016um_00063_00237-1,0.26016217
s_016um_00239_00091-1,0.35944438
s_016um_00307_00053-1,0.3033137
s_016um_00195_00122-1,0.2523878
s_016um_00101_00389-1,0.2548949
s_016um_00219_00284-1,0.22924908
s_016um_00080_00294-1,0.21342099
s_016um_00329_00125-1,0.2676214
s_016um_00250_00025-1,0.2356637
s_016um_00232_00268-1,0.26630378
s_016um_00079_00266-1,0.21183102
s_016um_00210_00035-1,0.29184055
s_016um_00355_00097-1,0.43170965
s_016um_00185_00029-1,0.25386322
s_016um_00173_00376-1,0.27295572
s_016um_00236_00085-1,0.24006112
s_016um_00123_00149-1,0.22158185
s_016um_00008_00297-1,0.28156862
s_016um_00225_00247-1,0.2544631
s_016um_00277_00207-1,0.29117328
s_016um_00211_00295-1,0.1895499
s_016um_00081_00267-1,0.22149038
s_016um_00399_00263-1,0.25068524
s_016um_00411_00099-1,0.22423719
s_016um_00387_00132-1,0.23811173
s_016um_00369_00222-1,0.23512813
s_016um_00413_00099-1,0.2824513
s_016um_00096_00023-1,0.21169586
s_016um_00192_00097-1,0.27251592
s_016um_00288_00094-1,0.22875391
s_016um_00205_00147-1,0.26182306
s_016um_00224_00237-1,0.21666151
s_016um_00400_00400-1,1.1145891
s_016um_00332_00215-1,0.2261432
s_016um_00117_00147-1,0.25595957
s_016um_00164_00126-1,0.18442029
s_016um_00166_00128-1,0.23256373
s_016um_00084_00194-1,0.28780675
s_016um_00280_00133-1,0.30715933
s_016um_00284_00097-1,0.24731065
s_016um_00287_00095-1,0.2645448
s_016um_00415_00103-1,0.20873696
s_016um_00269_00335-1,0.27828214
s_016um_00397_00215-1,0.22840826
s_016um_00337_00396-1,0.43543792
s_016um_00263_00190-1,0.21437174
s_016um_00016_00265-1,0.24092925
s_016um_00260_00128-1,0.23258683
s_016um_00220_00230-1,0.25401628
s_016um_00219_00228-1,0.26093543
s_016um_00076_00294-1,0.20530261
s_016um_00400_00127-1,0.2558947
s_016um_00075_00239-1,0.28771904
s_016um_00093_00316-1,0.23974857
s_016um_00221_00031-1,0.27432084
s_016um_00274_00222-1,0.2605039
s_016um_00308_00059-1,0.3253026
s_016um_00129_00086-1,0.23480318
s_016um_00066_00128-1,0.23807873
s_016um_00221_00030-1,0.26931497
s_016um_00237_00185-1,0.27523613
s_016um_00408_00147-1,0.24396324
s_016um_00276_00045-1,0.21704468
s_016um_00356_00418-1,0.9025905
s_016um_00327_00301-1,0.2891827
s_016um_00290_00093-1,0.19317712
s_016um_00206_00152-1,0.26470104
s_016um_00140_00015-1,0.24804093
s_016um_00370_00147-1,0.3288772
s_016um_00353_00020-1,0.26427108
s_016um_00130_00314-1,0.36130688
s_016um_00375_00118-1,0.12020588
s_016um_00034_00332-1,0.17677915
s_016um_00081_00294-1,0.22101027
s_016um_00089_00032-1,0.22760667
s_016um_00260_00333-1,0.29267102
s_016um_00147_00061-1,0.2555921
s_016um_00082_00035-1,0.32027048
s_016um_00104_00072-1,0.26402777
s_016um_00354_00096-1,0.23375162
s_016um_00310_00051-1,0.21772885
s_016um_00232_00358-1,0.24493939
s_016um_00217_00293-1,0.19965574
s_016um_00273_00047-1,0.25362024
s_016um_00192_00125-1,0.19880325
s_016um_00397_00370-1,0.30758092
s_016um_00274_00206-1,0.26384202
s_016um_00074_00249-1,0.20212355
s_016um_00167_00124-1,0.26852885
s_016um_00403_00257-1,0.24562289
s_016um_00109_00314-1,0.18980655
s_016um_00041_00216-1,0.2505957
s_016um_00313_00059-1,0.31153214
s_016um_00282_00324-1,0.249523
s_016um_00240_00089-1,0.22974926
s_016um_00220_00331-1,0.24017583
s_016um_00274_00201-1,0.27188826
s_016um_00345_00220-1,0.3183148
s_016um_00274_00045-1,0.2756139
s_016um_00075_00243-1,0.21287292
s_016um_00129_00227-1,0.27737194
s_016um_00047_00216-1,0.2819165
s_016um_00167_00375-1,0.22949079
s_016um_00137_00216-1,0.17731246
s_016um_00398_00361-1,0.3001672
s_016um_00126_00087-1,0.26298025
s_016um_00049_00239-1,0.22693273
s_016um_00274_00312-1,0.2731711
s_016um_00080_00032-1,0.32290304
s_016um_00043_00209-1,0.2453357
s_016um_00013_00212-1,0.27159792
s_016um_00134_00220-1,0.21379335
s_016um_00272_00332-1,0.15954575
s_016um_00083_00296-1,0.20232688
s_016um_00361_00410-1,0.58479404
s_016um_00045_00205-1,0.21613406
s_016um_00214_00276-1,0.22786783
s_016um_00082_00265-1,0.26035613
s_016um_00352_00121-1,0.22052093
s_016um_00244_00186-1,0.18362278
s_016um_00395_00360-1,0.46633053
s_016um_00056_00247-1,0.26735622
s_016um_00120_00151-1,0.2509845
s_016um_00310_00057-1,0.21175249
s_016um_00324_00307-1,0.30757156
s_016um_00045_00240-1,0.2326098
s_016um_00257_00191-1,0.29210463
s_016um_00035_00098-1,0.283902
s_016um_00144_00055-1,0.22304246
s_016um_00247_00083-1,0.26338762
s_016um_00104_00065-1,0.19847074
s_016um_00094_00338-1,0.22790726
s_016um_00134_00318-1,0.18670896
s_016um_00407_00147-1,0.18811971
s_016um_00369_00097-1,0.24061675
s_016um_00361_00291-1,0.2262393
s_016um_00008_00293-1,0.26605776
s_016um_00172_00374-1,0.20398892
s_016um_00217_00174-1,0.24617852
s_016um_00366_00102-1,0.22480711
s_016um_00277_00329-1,0.31952268
s_016um_00237_00186-1,0.2556972
s_016um_00261_00334-1,0.22373801
s_016um_00229_00334-1,0.2386819
s_016um_00083_00070-1,0.20715097
s_016um_00229_00328-1,0.2180078
s_016um_00247_00026-1,0.22352743
s_016um_00072_00244-1,0.20205677
s_016um_00348_00216-1,0.24600072
s_016um_00227_00238-1,0.25721148
s_016um_00274_00052-1,0.26584274
s_016um_00275_00318-1,0.23572686
s_016um_00091_00338-1,0.2520356
s_016um_00405_00120-1,0.245732
s_016um_00012_00293-1,0.31660572
s_016um_00334_00403-1,0.2699711
s_016um_00254_00033-1,0.2385003
s_016um_00043_00047-1,0.26509982
s_016um_00193_00095-1,0.28214696
s_016um_00226_00327-1,0.24912255
s_016um_00109_00319-1,0.31472176
s_016um_00356_00290-1,0.20690905
s_016um_00240_00188-1,0.23663428
s_016um_00357_00094-1,0.2548248
s_016um_00279_00313-1,0.21744677
s_016um_00389_00290-1,0.23584682
s_016um_00326_00303-1,0.29216617
s_016um_00026_00333-1,0.2692975
s_016um_00082_00300-1,0.27955875
s_016um_00328_00126-1,0.21213536
s_016um_00012_00154-1,0.23032571
s_016um_00010_00212-1,0.190727
s_016um_00046_00213-1,0.25339258
s_016um_00212_00298-1,0.2024338
s_016um_00398_00260-1,0.45030412
s_016um_00043_00240-1,0.25222158
s_016um_00094_00316-1,0.23254788
s_016um_00080_00295-1,0.1424237
s_016um_00238_00087-1,0.26040536
s_016um_00401_00219-1,0.19555962
s_016um_00038_00102-1,0.31195366
s_016um_00384_00126-1,0.23616461
s_016um_00365_00099-1,0.25207877
s_016um_00327_00122-1,0.18589838
s_016um_00099_00069-1,0.16415024
s_016um_00352_00020-1,0.26841402
s_016um_00008_00299-1,0.21981819
s_016um_00093_00320-1,0.2237636
s_016um_00312_00056-1,0.22607607
s_016um_00349_00025-1,0.23896722
s_016um_00272_00224-1,0.25665703
s_016um_00394_00184-1,0.2439463
s_016um_00234_00353-1,0.2030873
s_016um_00042_00045-1,0.2822777
s_016um_00379_00130-1,0.27402663
s_016um_00247_00086-1,0.2679969
s_016um_00403_00126-1,0.2569575
s_016um_00331_00254-1,0.17498386
s_016um_00218_00231-1,0.2525413
s_016um_00248_00022-1,0.2902168
s_016um_00096_00342-1,0.22457436
s_016um_00396_00213-1,0.28032312
s_016um_00223_00174-1,0.21543504
s_016um_00018_00271-1,0.27730536
s_016um_00075_00248-1,0.14408116
s_016um_00392_00363-1,0.30041814
s_016um_00380_00140-1,0.23664248
s_016um_00084_00271-1,0.2524029
s_016um_00384_00129-1,0.24062908
s_016um_00090_00338-1,0.2458512
s_016um_00011_00158-1,0.24843997
s_016um_00188_00096-1,0.21559393
s_016um_00138_00016-1,0.3493891
s_016um_00364_00229-1,0.23320197
s_016um_00225_00025-1,0.23186073
s_016um_00095_00340-1,0.21292503
s_016um_00066_00233-1,0.25429145
s_016um_00212_00288-1,0.2326492
s_016um_00357_00022-1,0.23131534
s_016um_00267_00033-1,0.20118248
s_016um_00189_00124-1,0.19183457
s_016um_00370_00224-1,0.18859959
s_016um_00369_00229-1,0.18259026
s_016um_00370_00226-1,0.23450199
s_016um_00217_00282-1,0.21727028
s_016um_00081_00034-1,0.39489275
s_016um_00129_00322-1,0.24293558
s_016um_00401_00215-1,0.34835017
s_016um_00319_00170-1,0.24724211
s_016um_00406_00101-1,0.24856436
s_016um_00354_00121-1,0.22614294
s_016um_00097_00342-1,0.23594606
s_016um_00031_00084-1,0.23755427
s_016um_00166_00123-1,0.23884527
s_016um_00102_00067-1,0.20439881
s_016um_00354_00018-1,0.21180123
s_016um_00008_00152-1,0.23555139
s_016um_00270_00055-1,0.2723367
s_016um_00279_00326-1,0.22798198
s_016um_00091_00266-1,0.2307429
s_016um_00244_00087-1,0.28018567
s_016um_00168_00370-1,0.21901006
s_016um_00276_00047-1,0.23032804
s_016um_00392_00181-1,0.19398046
s_016um_00101_00029-1,0.27456954
s_016um_00234_00084-1,0.19999391
s_016um_00141_00073-1,0.224955
s_016um_00127_00389-1,0.20442815
s_016um_00209_00289-1,0.26018828
s_016um_00170_00126-1,0.25602087
s_016um_00223_00029-1,0.2660806
s_016um_00275_00201-1,0.21610981
s_016um_00129_00318-1,0.370746
s_016um_00311_00052-1,0.35767698
s_016um_00381_00137-1,0.20250635
s_016um_00415_00141-1,0.233018
s_016um_00335_00211-1,0.2423218
s_016um_00222_00015-1,0.26467645
s_016um_00255_00020-1,0.26219893
s_016um_00043_00205-1,0.31162933
s_016um_00359_00116-1,0.25471196
s_016um_00270_00332-1,0.3033986
s_016um_00084_00030-1,0.3228576
s_016um_00399_00368-1,0.34499812
s_016um_00403_00148-1,0.26805788
s_016um_00276_00311-1,0.21371686
s_016um_00171_00378-1,0.2682559
s_016um_00402_00150-1,0.22179559
s_016um_00032_00333-1,0.30758685
s_016um_00216_00283-1,0.26438892
s_016um_00084_00283-1,0.19546549
s_016um_00069_00235-1,0.2527599
s_016um_00312_00057-1,0.21686384
s_016um_00326_00306-1,0.22100577
s_016um_00333_00251-1,0.2147626
s_016um_00130_00321-1,0.26267448
s_016um_00285_00097-1,0.25366506
s_016um_00040_00105-1,0.21493056
s_016um_00224_00251-1,0.20866226
s_016um_00191_00097-1,0.22942623
s_016um_00128_00390-1,0.2356823
s_016um_00046_00205-1,0.29972905
s_016um_00234_00261-1,0.21337764
s_016um_00276_00200-1,0.24936412
s_016um_00287_00094-1,0.19957542
s_016um_00189_00094-1,0.26666847
s_016um_00044_00242-1,0.21938083
s_016um_00008_00213-1,0.24857625
s_016um_00213_00296-1,0.24893449
s_016um_00102_00025-1,0.27393788
s_016um_00398_00259-1,0.30611923
s_016um_00391_00292-1,0.25233403
s_016um_00336_00397-1,0.4943927
s_016um_00381_00127-1,0.20965233
s_016um_00203_00145-1,0.26226506
s_016um_00131_00092-1,0.26933056
s_016um_00037_00006-1,0.25346562
s_016um_00138_00071-1,0.33168155
s_016um_00399_00261-1,0.22625957
s_016um_00281_00328-1,0.23427823
s_016um_00088_00068-1,0.21800643
s_016um_00170_00125-1,0.24117365
s_016um_00276_00052-1,0.20175731
s_016um_00082_00030-1,0.2956662
s_016um_00321_00170-1,0.22024149
s_016um_00217_00285-1,0.22510214
s_016um_00190_00092-1,0.19469799
s_016um_00098_00072-1,0.29001868
s_016um_00192_00095-1,0.20759517
s_016um_00114_00147-1,0.2747395
s_016um_00185_00026-1,0.22767003
s_016um_00081_00244-1,0.2095599
s_016um_00107_00384-1,0.23031503
s_016um_00203_00150-1,0.22835808
s_016um_00323_00229-1,0.21722236
s_016um_00094_00276-1,0.21546954
s_016um_00273_00029-1,0.18009874
s_016um_00338_00395-1,0.25144657
s_016um_00400_00373-1,0.5010318
s_016um_00085_00271-1,0.20979251
s_016um_00077_00238-1,0.2120892
s_016um_00100_00025-1,0.22241881
s_016um_00032_00084-1,0.325307
s_016um_00215_00015-1,0.23034798
s_016um_00195_00129-1,0.30456084
s_016um_00283_00097-1,0.29207787
s_016um_00228_00263-1,0.19966966
s_016um_00327_00124-1,0.24801403
s_016um_00326_00305-1,0.24324201
s_016um_00273_00034-1,0.2361561
s_016um_00069_00234-1,0.24428453
s_016um_00009_00158-1,0.23518574
s_016um_00179_00031-1,0.22070457
s_016um_00310_00056-1,0.19571094
s_016um_00353_00115-1,0.23963112
s_016um_00011_00212-1,0.23599078
s_016um_00332_00250-1,0.20988046
s_016um_00359_00092-1,0.22628903
s_016um_00405_00127-1,0.18161489
s_016um_00312_00054-1,0.21636403
s_016um_00081_00031-1,0.26917514
s_016um_00208_00031-1,0.2126363
s_016um_00004_00157-1,0.2456759
s_016um_00359_00287-1,0.25031105
s_016um_00126_00386-1,0.28403872
s_016um_00146_00054-1,0.26222005
s_016um_00333_00216-1,0.20794825
s_016um_00146_00055-1,0.24442087
s_016um_00093_00335-1,0.23100197
s_016um_00259_00187-1,0.22007984
s_016um_00398_00258-1,0.21812586
s_016um_00205_00149-1,0.26480842
s_016um_00174_00376-1,0.25532532
s_016um_00110_00320-1,0.19973889
s_016um_00081_00035-1,0.26751265
s_016um_00113_00321-1,0.26066154
s_016um_00098_00339-1,0.2465865
s_016um_00229_00245-1,0.26114327
s_016um_00269_00230-1,0.2722327
s_016um_00236_00361-1,0.24700773
s_016um_00158_00290-1,0.22573663
s_016um_00280_00205-1,0.20941499
s_016um_00319_00165-1,0.23394465
s_016um_00085_00285-1,0.24794582
s_016um_00099_00066-1,0.24863896
s_016um_00242_00186-1,0.1915879
s_016um_00364_00222-1,0.21938622
s_016um_00101_00390-1,0.19380482
s_016um_00398_00360-1,0.46109283
s_016um_00408_00152-1,0.22511676
s_016um_00346_00217-1,0.22606787
s_016um_00220_00166-1,0.25099838
s_016um_00267_00036-1,0.22565362
s_016um_00259_00027-1,0.23371229
s_016um_00281_00324-1,0.2506448
s_016um_00102_00391-1,0.19106182
s_016um_00084_00036-1,0.30447578
s_016um_00087_00030-1,0.2624185
s_016um_00220_00025-1,0.18899915
s_016um_00082_00069-1,0.258896
s_016um_00278_00046-1,0.22164834
s_016um_00129_00089-1,0.2979011
s_016um_00384_00132-1,0.2575222
s_016um_00223_00170-1,0.23325685
s_016um_00084_00268-1,0.21314454
s_016um_00245_00088-1,0.2732764
s_016um_00065_00237-1,0.2592468
s_016um_00091_00278-1,0.30036
s_016um_00008_00150-1,0.27357188
s_016um_00216_00014-1,0.24115531
s_016um_00256_00032-1,0.21092495
s_016um_00358_00415-1,0.5782864
s_016um_00231_00268-1,0.21922252
s_016um_00134_00069-1,0.2818126
s_016um_00257_00186-1,0.2134125
s_016um_00215_00291-1,0.20013481
s_016um_00219_00015-1,0.283717
s_016um_00396_00257-1,0.21952662
s_016um_00408_00401-1,1.5532718
s_016um_00127_00088-1,0.25583082
s_016um_00086_00271-1,0.23134227
s_016um_00129_00383-1,0.21856461
s_016um_00365_00102-1,0.23970105
s_016um_00341_00398-1,0.24617594
s_016um_00190_00124-1,0.22850521
s_016um_00135_00075-1,0.2520324
s_016um_00234_00358-1,0.2048752
s_016um_00125_00383-1,0.19137454
s_016um_00371_00100-1,0.24199295
s_016um_00140_00057-1,0.29946393
s_016um_00395_00363-1,0.33085468
s_016um_00041_00206-1,0.22036296
s_016um_00065_00232-1,0.23253816
s_016um_00271_00330-1,0.27198058
s_016um_00271_00225-1,0.19795181
s_016um_00044_00209-1,0.25803435
s_016um_00119_00148-1,0.2685476
s_016um_00347_00216-1,0.25780407
s_016um_00227_00247-1,0.20343995
s_016um_00104_00387-1,0.2470836
s_016um_00229_00260-1,0.1977664
s_016um_00399_00214-1,0.25363418
s_016um_00391_00293-1,0.25823838
s_016um_00162_00125-1,0.2550143
s_016um_00239_00183-1,0.22108124
s_016um_00396_00178-1,0.23479348
s_016um_00247_00084-1,0.2696917
s_016um_00136_00230-1,0.24040781
s_016um_00086_00074-1,0.27961528
s_016um_00021_00266-1,0.18822885
s_016um_00402_00260-1,0.23913911
s_016um_00230_00361-1,0.21355101
s_016um_00374_00145-1,0.17455816
s_016um_00083_00285-1,0.24599768
s_016um_00113_00319-1,0.24296533
s_016um_00011_00295-1,0.21234515
s_016um_00260_00027-1,0.23261903
s_016um_00108_00321-1,0.2513157
s_016um_00233_00265-1,0.24547382
s_016um_00415_00102-1,0.26665345
s_016um_00275_00049-1,0.21136628
s_016um_00048_00237-1,0.19330686
s_016um_00107_00383-1,0.2693611
s_016um_00398_00215-1,0.24390443
s_016um_00235_00357-1,0.19387057
s_016um_00394_00369-1,0.34218282
s_016um_00129_00314-1,0.23275241
s_016um_00398_00217-1,0.20590253
s_016um_00407_00398-1,1.2375925
s_016um_00391_00298-1,0.21712302
s_016um_00402_00128-1,0.20031334
s_016um_00103_00066-1,0.19058141
s_016um_00040_00171-1,0.22595869
s_016um_00408_00100-1,0.25745454
s_016um_00020_00266-1,0.31584394
s_016um_00086_00196-1,0.17466858
s_016um_00204_00152-1,0.2249503
s_016um_00220_00225-1,0.24435103
s_016um_00129_00093-1,0.236493
s_016um_00190_00122-1,0.27461323
s_016um_00269_00330-1,0.27295944
s_016um_00097_00273-1,0.20602119
s_016um_00275_00135-1,0.24580197
s_016um_00213_00282-1,0.22187749
s_016um_00161_00288-1,0.28159165
s_016um_00179_00029-1,0.2086274
s_016um_00355_00119-1,0.22034307
s_016um_00376_00138-1,0.2960591
s_016um_00221_00227-1,0.21817866
s_016um_00135_00070-1,0.2228279
s_016um_00355_00025-1,0.23351029
s_016um_00029_00332-1,0.22845449
s_016um_00158_00291-1,0.18089747
s_016um_00218_00018-1,0.21577841
s_016um_00417_00140-1,0.26082614
s_016um_00146_00400-1,0.20178357
s_016um_00370_00143-1,0.18247029
s_016um_00163_00291-1,0.31551817
s_016um_00029_00090-1,0.25870585
s_016um_00411_00149-1,0.29698414
s_016um_00164_00124-1,0.20987514
s_016um_00043_00212-1,0.27277344
s_016um_00193_00123-1,0.15562509
s_016um_00064_00234-1,0.10074523
s_016um_00262_00330-1,0.20833346
s_016um_00064_00131-1,0.21275216
s_016um_00391_00181-1,0.22817531
s_016um_00260_00187-1,0.25854692
s_016um_00220_00170-1,0.2711804
s_016um_00403_00255-1,0.2518037
s_016um_00416_00140-1,0.19324127
s_016um_00084_00200-1,0.27882618
s_016um_00084_00193-1,0.21532221
s_016um_00238_00185-1,0.17620686
s_016um_00027_00088-1,0.2321516
s_016um_00132_00384-1,0.22089928
s_016um_00013_00207-1,0.31588912
s_016um_00249_00027-1,0.23646963
s_016um_00367_00097-1,0.2291961
s_016um_00352_00017-1,0.25715053
s_016um_00137_00077-1,0.22884402
s_016um_00083_00199-1,0.23098518
s_016um_00399_00256-1,0.24154878
s_016um_00178_00029-1,0.2567109
s_016um_00125_00387-1,0.22616272
s_016um_00107_00317-1,0.2745013
s_016um_00345_00218-1,0.21676515
s_016um_00057_00242-1,0.28889826
s_016um_00278_00203-1,0.27365464
s_016um_00042_00241-1,0.23583174
s_016um_00251_00018-1,0.24140146
s_016um_00052_00246-1,0.18075135
s_016um_00119_00143-1,0.4652689
s_016um_00202_00149-1,0.2307955
s_016um_00399_00121-1,0.22498362
s_016um_00358_00089-1,0.153878
s_016um_00412_00102-1,0.33156765
s_016um_00130_00093-1,0.3088037
s_016um_00139_00076-1,0.23475981
s_016um_00099_00316-1,0.26331812
s_016um_00278_00045-1,0.24780442
s_016um_00276_00226-1,0.24041474
s_016um_00357_00090-1,0.3833717
s_016um_00135_00215-1,0.2767844
s_016um_00149_00394-1,0.20026627
s_016um_00031_00332-1,0.22619693
s_016um_00235_00188-1,0.25623125
s_016um_00096_00316-1,0.2192023
s_016um_00276_00314-1,0.3356517
s_016um_00223_00334-1,0.21512789
s_016um_00033_00098-1,0.29728577
s_016um_00068_00236-1,0.23882808
s_016um_00035_00103-1,0.24481864
s_016um_00075_00249-1,0.25710863
s_016um_00085_00066-1,0.21847557
s_016um_00046_00212-1,0.20345671
s_016um_00042_00204-1,0.24024606
s_016um_00391_00339-1,0.26887372
s_016um_00327_00214-1,0.25238034
s_016um_00036_00103-1,0.24338347
s_016um_00327_00212-1,0.2718428
s_016um_00084_00264-1,0.20859332
s_016um_00395_00357-1,0.4271488
s_016um_00014_00266-1,0.24560939
s_016um_00266_00035-1,0.24212298
s_016um_00353_00116-1,0.29020265
s_016um_00227_00248-1,0.20003283
s_016um_00388_00338-1,0.2773009
s_016um_00275_00052-1,0.26421824
s_016um_00367_00094-1,0.2622575
s_016um_00159_00287-1,0.21843381
s_016um_00220_00028-1,0.31870455
s_016um_00271_00336-1,0.26007745
s_016um_00042_00042-1,0.23560686
s_016um_00260_00029-1,0.258827
s_016um_00374_00146-1,0.23789282
s_016um_00387_00129-1,0.21872756
s_016um_00231_00362-1,0.2394842
s_016um_00413_00104-1,0.22783524
s_016um_00075_00241-1,0.27003032
s_016um_00090_00071-1,0.23842245
s_016um_00327_00306-1,0.2070729
s_016um_00100_00385-1,0.25757477
s_016um_00145_00399-1,0.20205158
s_016um_00397_00258-1,0.25617227
s_016um_00140_00216-1,0.1348173
s_016um_00142_00054-1,0.24426931
s_016um_00325_00229-1,0.22231053
s_016um_00094_00340-1,0.25493276
s_016um_00355_00021-1,0.16966316
s_016um_00040_00177-1,0.20535162
s_016um_00356_00291-1,0.26384142
s_016um_00327_00232-1,0.2102669
s_016um_00194_00121-1,0.27213985
s_016um_00140_00021-1,0.27293444
s_016um_00370_00142-1,0.23442371
s_016um_00037_00043-1,0.2526633
s_016um_00266_00058-1,0.29793608
s_016um_00012_00295-1,0.2277314
s_016um_00017_00268-1,0.24698816
s_016um_00257_00035-1,0.21231298
s_016um_00265_00135-1,0.17162792
s_016um_00221_00235-1,0.22294159
s_016um_00325_00162-1,0.2247975
s_016um_00037_00008-1,0.2988077
s_016um_00143_00057-1,0.26424095
s_016um_00077_00242-1,0.22010903
s_016um_00136_00215-1,0.26022437
s_016um_00166_00374-1,0.22136903
s_016um_00398_00366-1,0.29071113
s_016um_00370_00141-1,0.22118449
s_016um_00237_00360-1,0.23099393
s_016um_00008_00155-1,0.28836405
s_016um_00363_00227-1,0.23848517
s_016um_00384_00139-1,0.20215277
s_016um_00396_00367-1,0.41911042
s_016um_00246_00085-1,0.22330396
s_016um_00221_00010-1,0.2565984
s_016um_00249_00026-1,0.24664474
s_016um_00394_00342-1,0.2840735
s_016um_00392_00339-1,0.26965606
s_016um_00324_00304-1,0.1920496
s_016um_00394_00186-1,0.24442238
s_016um_00121_00147-1,0.2587456
s_016um_00272_00031-1,0.3015873
s_016um_00323_00304-1,0.15365405
s_016um_00217_00233-1,0.27002212
s_016um_00377_00140-1,0.24645421
s_016um_00270_00330-1,0.3230393
s_016um_00083_00035-1,0.28169852
s_016um_00406_00398-1,1.2176726
s_016um_00352_00089-1,0.28528923
s_016um_00367_00101-1,0.24518599
s_016um_00066_00238-1,0.16346769
s_016um_00221_00014-1,0.22716893
s_016um_00222_00030-1,0.31287462
s_016um_00272_00222-1,0.2892246
s_016um_00195_00095-1,0.23394397
s_016um_00217_00015-1,0.25348386
s_016um_00016_00266-1,0.2319157
s_016um_00226_00329-1,0.23115268
s_016um_00215_00297-1,0.2523009
s_016um_00095_00271-1,0.27921873
s_016um_00236_00266-1,0.2468841
s_016um_00188_00094-1,0.25267547
s_016um_00274_00333-1,0.28991896
s_016um_00395_00369-1,0.44167346
s_016um_00163_00126-1,0.21793854
s_016um_00095_00339-1,0.26309726
s_016um_00076_00300-1,0.2071613
s_016um_00234_00359-1,0.277136
s_016um_00090_00067-1,0.19960897
s_016um_00034_00008-1,0.26216495
s_016um_00040_00212-1,0.19831729
s_016um_00082_00240-1,0.23810056
s_016um_00271_00231-1,0.236805
s_016um_00271_00057-1,0.2734546
s_016um_00273_00133-1,0.23376402
s_016um_00330_00254-1,0.2522734
s_016um_00070_00248-1,0.2186354
s_016um_00062_00125-1,0.26985818
s_016um_00362_00228-1,0.22633554
s_016um_00277_00313-1,0.2463778
s_016um_00126_00388-1,0.23134263
s_016um_00329_00123-1,0.22968975
s_016um_00358_00119-1,0.22049102
s_016um_00328_00225-1,0.23054242
s_016um_00373_00147-1,0.12871757
s_016um_00276_00203-1,0.19707766
s_016um_00372_00147-1,0.21651265
s_016um_00006_00155-1,0.23519336
s_016um_00145_00057-1,0.26956013
s_016um_00326_00226-1,0.2316436
s_016um_00222_00172-1,0.24637717
s_016um_00057_00248-1,0.20081255
s_016um_00083_00267-1,0.21654233
s_016um_00397_00216-1,0.25300708
s_016um_00341_00400-1,0.37997866
s_016um_00075_00299-1,0.20010073
s_016um_00236_00362-1,0.22794954
s_016um_00077_00240-1,0.23350629
s_016um_00365_00100-1,0.21971197
s_016um_00370_00117-1,0.23934744
s_016um_00407_00102-1,0.4563328
s_016um_00401_00396-1,0.73832834
s_016um_00229_00332-1,0.20516273
s_016um_00120_00146-1,0.2679434
s_016um_00040_00174-1,0.20832054
s_016um_00340_00216-1,0.26738757
s_016um_00105_00383-1,0.23122762
s_016um_00410_00102-1,0.26324275
s_016um_00267_00059-1,0.27844077
s_016um_00338_00397-1,0.5555426
s_016um_00134_00232-1,0.22164983
s_016um_00402_00126-1,0.2866378
s_016um_00254_00034-1,0.24406731
s_016um_00136_00318-1,0.27280447
s_016um_00131_00094-1,0.26556212
s_016um_00394_00338-1,0.27511585
s_016um_00222_00174-1,0.20563298
s_016um_00037_00103-1,0.23636289
s_016um_00376_00121-1,0.14615063
s_016um_00402_00398-1,0.69918305
s_016um_00327_00228-1,0.26057756
s_016um_00041_00205-1,0.30385447
s_016um_00005_00211-1,0.21493891
s_016um_00271_00030-1,0.24049376
s_016um_00324_00230-1,0.18460819
s_016um_00394_00343-1,0.31292853
s_016um_00203_00146-1,0.18272015
s_016um_00067_00128-1,0.27304786
s_016um_00218_00281-1,0.18669833
s_016um_00014_00297-1,0.2496436
s_016um_00221_00226-1,0.22501208
s_016um_00183_00025-1,0.2895457
s_016um_00075_00247-1,0.18119009
s_016um_00035_00104-1,0.23027664
s_016um_00135_00218-1,0.23640445
s_016um_00396_00368-1,0.24384491
s_016um_00168_00127-1,0.31049263
s_016um_00216_00232-1,0.25999162
s_016um_00254_00029-1,0.24245986
s_016um_00263_00192-1,0.20473462
s_016um_00264_00186-1,0.18977539
s_016um_00084_00035-1,0.300034
s_016um_00040_00205-1,0.22727814
s_016um_00372_00144-1,0.2728132
s_016um_00126_00389-1,0.19577432
s_016um_00128_00319-1,0.30549932
s_016um_00008_00294-1,0.2165372
s_016um_00277_00052-1,0.49612975
s_016um_00102_00065-1,0.2606056
s_016um_00092_00269-1,0.21688
s_016um_00262_00030-1,0.2542607
s_016um_00129_00315-1,0.27271298
s_016um_00338_00405-1,0.35755754
s_016um_00173_00375-1,0.18802911
s_016um_00356_00121-1,0.25069258
s_016um_00269_00061-1,0.22509341
s_016um_00010_00300-1,0.2598493
s_016um_00093_00338-1,0.22467515
s_016um_00006_00300-1,0.26324552
s_016um_00353_00026-1,0.29508054
s_016um_00330_00257-1,0.29638237
s_016um_00243_00090-1,0.21690667
s_016um_00082_00297-1,0.27435476
s_016um_00145_00058-1,0.33743834
s_016um_00399_00262-1,0.22728725
s_016um_00074_00250-1,0.22175808
s_016um_00337_00399-1,0.38514858
s_016um_00233_00091-1,0.21462029
s_016um_00105_00390-1,0.24905181
s_016um_00141_00022-1,0.23990333
s_016um_00037_00041-1,0.26591402
s_016um_00239_00087-1,0.18368468
s_016um_00102_00071-1,0.2848267
s_016um_00174_00377-1,0.23598716
s_016um_00338_00404-1,0.3020681
s_016um_00036_00007-1,0.23835231
s_016um_00171_00376-1,0.21716446
s_016um_00277_00134-1,0.18490018
s_016um_00066_00131-1,0.19860983
s_016um_00150_00394-1,0.23451641
s_016um_00134_00233-1,0.20601399
s_016um_00359_00411-1,0.54821825
s_016um_00276_00209-1,0.28478852
s_016um_00380_00136-1,0.26338917
s_016um_00039_00210-1,0.2931912
s_016um_00406_00144-1,0.23887321
s_016um_00339_00397-1,0.267146
s_016um_00117_00145-1,0.27548888
s_016um_00139_00058-1,0.20542851
s_016um_00341_00214-1,0.3001413
s_016um_00093_00321-1,0.25937915
s_016um_00037_00047-1,0.29721808
s_016um_00254_00032-1,0.25795877
s_016um_00034_00105-1,0.2983235
s_016um_00055_00250-1,0.2526881
s_016um_00053_00243-1,0.25562358
s_016um_00009_00299-1,0.20473087
s_016um_00367_00141-1,0.22673145
s_016um_00279_00047-1,0.259311
s_016um_00094_00271-1,0.25265396
s_016um_00207_00149-1,0.2174279
s_016um_00352_00024-1,0.23837526
s_016um_00416_00137-1,0.25784457
s_016um_00084_00195-1,0.18722156
s_016um_00270_00061-1,0.22845845
s_016um_00346_00219-1,0.20687963
s_016um_00236_00356-1,0.25099784
s_016um_00203_00144-1,0.2328846
s_016um_00161_00292-1,0.20752694
s_016um_00128_00387-1,0.23734133
s_016um_00043_00203-1,0.22242866
s_016um_00407_00122-1,0.22762573
s_016um_00072_00246-1,0.20740014
s_016um_00385_00136-1,0.214291
s_016um_00348_00214-1,0.3037637
s_016um_00219_00230-1,0.22433667
s_016um_00331_00215-1,0.20587195
s_016um_00381_00126-1,0.23123235
s_016um_00218_00227-1,0.21566083
s_016um_00045_00239-1,0.25544888
s_016um_00154_00398-1,0.2568021
s_016um_00385_00131-1,0.23201631
s_016um_00385_00126-1,0.2977496
s_016um_00035_00007-1,0.2180137
s_016um_00233_00086-1,0.25731552
s_016um_00276_00043-1,0.23115245
s_016um_00234_00086-1,0.2473973
s_016um_00157_00286-1,0.26976836
s_016um_00079_00291-1,0.23665279
s_016um_00277_00323-1,0.22135212
s_016um_00072_00251-1,0.20847958
s_016um_00288_00097-1,0.27565756
s_016um_00415_00136-1,0.31536627
s_016um_00164_00128-1,0.20116642
s_016um_00130_00090-1,0.26827344
s_016um_00225_00331-1,0.26128432
s_016um_00397_00218-1,0.2348176
s_016um_00082_00242-1,0.20372187
s_016um_00116_00147-1,0.20323633
s_016um_00227_00249-1,0.2322842
s_016um_00095_00279-1,0.16535506
s_016um_00056_00246-1,0.2493498
s_016um_00334_00253-1,0.3524992
s_016um_00252_00019-1,0.42792186
s_016um_00139_00021-1,0.254684
s_016um_00319_00164-1,0.20952938
s_016um_00111_00313-1,0.22017488
s_016um_00247_00022-1,0.2619248
s_016um_00150_00398-1,0.30981508
s_016um_00044_00218-1,0.271064
s_016um_00057_00251-1,0.223287
s_016um_00132_00316-1,0.38260543
s_016um_00276_00329-1,0.24133494
s_016um_00109_00317-1,0.194068
s_016um_00393_00340-1,0.3038722
s_016um_00218_00173-1,0.24013603
s_016um_00280_00048-1,0.15201381
s_016um_00246_00090-1,0.24953094
s_016um_00044_00175-1,0.28140447
s_016um_00045_00244-1,0.25896457
s_016um_00321_00300-1,0.21893333
s_016um_00369_00144-1,0.23519765
s_016um_00086_00073-1,0.26384324
s_016um_00374_00118-1,0.1983603
s_016um_00326_00224-1,0.32836774
s_016um_00141_00015-1,0.26080486
s_016um_00081_00193-1,0.18239585
s_016um_00124_00386-1,0.24043696
s_016um_00011_00151-1,0.25023922
s_016um_00107_00387-1,0.23380423
s_016um_00397_00374-1,0.35055715
s_016um_00241_00083-1,0.23116751
s_016um_00360_00418-1,0.4024339
s_016um_00092_00273-1,0.23170294
s_016um_00269_00030-1,0.26440892
s_016um_00359_00413-1,0.59270895
s_016um_00232_00362-1,0.22386314
s_016um_00233_00266-1,0.276035
s_016um_00223_00239-1,0.2774884
s_016um_00136_00319-1,0.4060896
s_016um_00275_00209-1,0.23674291
s_016um_00246_00023-1,0.22723553
s_016um_00405_00125-1,0.2265333
s_016um_00130_00230-1,0.23910545
s_016um_00234_00092-1,0.21303238
s_016um_00364_00230-1,0.2718428
s_016um_00147_00058-1,0.21359727
s_016um_00039_00009-1,0.24312893
s_016um_00148_00401-1,0.23161599
s_016um_00080_00292-1,0.22553092
s_016um_00393_00294-1,0.2523488
s_016um_00357_00415-1,0.84589195
s_016um_00248_00025-1,0.30368775
s_016um_00085_00073-1,0.24790108
s_016um_00397_00180-1,0.2180102
s_016um_00396_00180-1,0.24315414
s_016um_00096_00274-1,0.2386848
s_016um_00120_00143-1,0.5864004
s_016um_00246_00089-1,0.22910441
s_016um_00011_00157-1,0.25340927
s_016um_00264_00128-1,0.21839258
s_016um_00095_00029-1,0.272834
s_016um_00036_00099-1,0.22156145
s_016um_00097_00027-1,0.23578002
s_016um_00192_00094-1,0.24702384
s_016um_00171_00127-1,0.20625189
s_016um_00123_00150-1,0.2658838
s_016um_00213_00290-1,0.24282834
s_016um_00400_00398-1,0.7215295
s_016um_00394_00360-1,0.42647052
s_016um_00229_00235-1,0.23020633
s_016um_00029_00336-1,0.24790147
s_016um_00034_00010-1,0.30265635
s_016um_00145_00056-1,0.26356792
s_016um_00372_00125-1,0.24620104
s_016um_00216_00284-1,0.25002486
s_016um_00272_00202-1,0.2073305
s_016um_00036_00042-1,0.25754613
s_016um_00043_00217-1,0.2220144
s_016um_00272_00330-1,0.23727913
s_016um_00145_00396-1,0.1910066
s_016um_00215_00029-1,0.23539457
s_016um_00100_00069-1,0.254571
s_016um_00100_00067-1,0.21491036
s_016um_00040_00204-1,0.19809276
s_016um_00013_00299-1,0.24720046
s_016um_00089_00065-1,0.2725252
s_016um_00279_00133-1,0.26912862
s_016um_00218_00229-1,0.2617537
s_016um_00006_00152-1,0.23490046
s_016um_00326_00229-1,0.21090041
s_016um_00259_00031-1,0.27077052
s_016um_00396_00358-1,0.39813966
s_016um_00124_00090-1,0.23319885
s_016um_00018_00270-1,0.26758432
s_016um_00269_00224-1,0.21316053
s_016um_00162_00293-1,0.2592124
s_016um_00027_00333-1,0.2470377
s_016um_00403_00149-1,0.2104979
s_016um_00350_00019-1,0.14359647
s_016um_00406_00123-1,0.35939586
s_016um_00036_00100-1,0.28789598
s_016um_00102_00072-1,0.2810121
s_016um_00130_00387-1,0.23975438
s_016um_00267_00333-1,0.17727098
s_016um_00191_00128-1,0.2851448
s_016um_00359_00416-1,0.8790264
s_016um_00218_00017-1,0.2475059
s_016um_00388_00344-1,0.2343282
s_016um_00079_00301-1,0.25690198
s_016um_00287_00100-1,0.23406753
s_016um_00084_00031-1,0.24205838
s_016um_00221_00169-1,0.20054254
s_016um_00044_00042-1,0.2581612
s_016um_00229_00329-1,0.20236503
s_016um_00343_00218-1,0.2242279
s_016um_00082_00196-1,0.34589416
s_016um_00270_00030-1,0.19431202
s_016um_00362_00416-1,0.45073467
s_016um_00053_00244-1,0.2120239
s_016um_00390_00182-1,0.2324612
s_016um_00099_00028-1,0.27673897
s_016um_00386_00132-1,0.34977224
s_016um_00328_00123-1,0.22094783
s_016um_00071_00235-1,0.19834796
s_016um_00224_00335-1,0.17861667
s_016um_00108_00386-1,0.18471995
s_016um_00386_00127-1,0.30069754
s_016um_00138_00069-1,0.23654714
s_016um_00099_00024-1,0.27987817
s_016um_00286_00092-1,0.22183022
s_016um_00238_00186-1,0.28625304
s_016um_00371_00096-1,0.19324183
s_016um_00043_00237-1,0.21299577
s_016um_00189_00123-1,0.21488251
s_016um_00063_00126-1,0.28565738
s_016um_00084_00286-1,0.25122416
s_016um_00291_00094-1,0.15050557
s_016um_00128_00089-1,0.30514115
s_016um_00340_00397-1,0.51270676
s_016um_00267_00328-1,0.24424696
s_016um_00217_00280-1,0.24585302
s_016um_00269_00331-1,0.23098116
s_016um_00393_00343-1,0.32774422
s_016um_00213_00297-1,0.27085802
s_016um_00276_00049-1,0.225269
s_016um_00410_00152-1,0.23700126
s_016um_00254_00023-1,0.3116036
s_016um_00322_00230-1,0.26153064
s_016um_00397_00221-1,0.2605973
s_016um_00092_00322-1,0.22594196
s_016um_00039_00102-1,0.31778908
s_016um_00217_00018-1,0.24729775
s_016um_00232_00089-1,0.35700607
s_016um_00268_00058-1,0.24141344
s_016um_00341_00396-1,0.24405088
s_016um_00277_00209-1,0.1862239
s_016um_00400_00257-1,0.28248757
s_016um_00278_00319-1,0.25317156
s_016um_00038_00097-1,0.30967283
s_016um_00084_00201-1,0.22152995
s_016um_00250_00024-1,0.2953118
s_016um_00404_00259-1,0.20049272
s_016um_00005_00295-1,0.2278854
s_016um_00142_00018-1,0.28917482
s_016um_00087_00272-1,0.24368472
s_016um_00133_00093-1,0.33139747
s_016um_00130_00088-1,0.26524252
s_016um_00275_00311-1,0.35223544
s_016um_00256_00028-1,0.24759653
s_016um_00078_00248-1,0.2514099
s_016um_00098_00030-1,0.2650918
s_016um_00108_00316-1,0.28560305
s_016um_00234_00262-1,0.22120628
s_016um_00216_00282-1,0.2084389
s_016um_00404_00395-1,1.128515
s_016um_00220_00282-1,0.28007543
s_016um_00190_00126-1,0.24259572
s_016um_00309_00056-1,0.25170267
s_016um_00351_00115-1,0.29532576
s_016um_00370_00123-1,0.23889945
s_016um_00180_00032-1,0.22941582
s_016um_00083_00195-1,0.2538253
s_016um_00244_00081-1,0.21429762
s_016um_00229_00263-1,0.22992814
s_016um_00259_00128-1,0.27129257
s_016um_00397_00219-1,0.20073768
s_016um_00065_00233-1,0.24434859
s_016um_00164_00125-1,0.23219639
s_016um_00019_00272-1,0.25367552
s_016um_00357_00287-1,0.22413585
s_016um_00403_00400-1,1.0000991
s_016um_00163_00287-1,0.29435208
s_016um_00374_00143-1,0.19968912
s_016um_00281_00327-1,0.28200728
s_016um_00277_00202-1,0.20276433
s_016um_00115_00317-1,0.2256284
s_016um_00233_00354-1,0.17184487
s_016um_00379_00133-1,0.266501
s_016um_00007_00299-1,0.23240146
s_016um_00348_00020-1,0.21603148
s_016um_00086_00266-1,0.25721267
s_016um_00274_00138-1,0.28173915
s_016um_00039_00179-1,0.24030936
s_016um_00350_00025-1,0.25549805
s_016um_00082_00294-1,0.246355
s_016um_00132_00093-1,0.23908795
s_016um_00163_00128-1,0.23744413
s_016um_00235_00187-1,0.22795795
s_016um_00040_00178-1,0.23288178
s_016um_00262_00191-1,0.25576806
s_016um_00378_00134-1,0.27275398
s_016um_00261_00130-1,0.25918475
s_016um_00140_00058-1,0.25554755
s_016um_00392_00341-1,0.3092609
s_016um_00079_00294-1,0.23628338
s_016um_00237_00187-1,0.22754134
s_016um_00400_00128-1,0.21649896
s_016um_00403_00152-1,0.25345597
s_016um_00098_00031-1,0.30969062
s_016um_00238_00091-1,0.18220176
s_016um_00268_00223-1,0.25060877
s_016um_00267_00056-1,0.18796086
s_016um_00236_00264-1,0.29642925
s_016um_00240_00091-1,0.25644806
s_016um_00308_00060-1,0.26806116
s_016um_00350_00018-1,0.26944503
s_016um_00277_00317-1,0.27540067
s_016um_00218_00284-1,0.245832
s_016um_00275_00323-1,0.22911954
s_016um_00146_00020-1,0.26764995
s_016um_00082_00269-1,0.23135062
s_016um_00133_00231-1,0.27225482
s_016um_00043_00214-1,0.23346113
s_016um_00243_00188-1,0.21158499
s_016um_00368_00141-1,0.18640944
s_016um_00218_00027-1,0.28525585
s_016um_00063_00129-1,0.23435363
s_016um_00403_00121-1,0.22933817
s_016um_00044_00048-1,0.21614052
s_016um_00217_00027-1,0.20665249
s_016um_00007_00298-1,0.17144552
s_016um_00265_00333-1,0.2594669
s_016um_00166_00121-1,0.21862957
s_016um_00359_00118-1,0.25662553
s_016um_00351_00120-1,0.30544263
s_016um_00139_00069-1,0.30929938
s_016um_00037_00175-1,0.29355782
s_016um_00043_00219-1,0.21682385
s_016um_00339_00401-1,0.50124526
s_016um_00391_00177-1,0.24140711
s_016um_00115_00145-1,0.36675662
s_016um_00110_00312-1,0.20968899
s_016um_00353_00114-1,0.24457276
s_016um_00028_00330-1,0.30005997
s_016um_00393_00217-1,0.30758432
s_016um_00234_00357-1,0.27439705
s_016um_00008_00298-1,0.21637382
s_016um_00239_00088-1,0.26293457
s_016um_00322_00231-1,0.21851052
s_016um_00080_00239-1,0.20543468
s_016um_00220_00165-1,0.2449973
s_016um_00268_00031-1,0.22069275
s_016um_00016_00270-1,0.18993469
s_016um_00038_00100-1,0.22509633
s_016um_00351_00090-1,0.27691612
s_016um_00045_00245-1,0.25495064
s_016um_00257_00030-1,0.2633289
s_016um_00277_00044-1,0.2972486
s_016um_00082_00031-1,0.26538992
s_016um_00358_00097-1,0.24598838
s_016um_00397_00360-1,0.2561909
s_016um_00220_00231-1,0.22166596
s_016um_00355_00287-1,0.17661175
s_016um_00086_00270-1,0.23948362
s_016um_00379_00134-1,0.16524771
s_016um_00149_00393-1,0.30013606
s_016um_00264_00054-1,0.25456506
s_016um_00412_00103-1,0.2877825
s_016um_00262_00131-1,0.30298996
s_016um_00325_00167-1,0.24060223
s_016um_00048_00213-1,0.26181236
s_016um_00227_00233-1,0.26098236
s_016um_00189_00125-1,0.19323193
s_016um_00067_00132-1,0.26574546
s_016um_00270_00229-1,0.23863038
s_016um_00132_00317-1,0.31035995
s_016um_00407_00104-1,0.2355497
s_016um_00261_00032-1,0.24230641
s_016um_00222_00249-1,0.16893676
s_016um_00098_00318-1,0.23394798
s_016um_00128_00230-1,0.19398183
s_016um_00220_00229-1,0.21749966
s_016um_00397_00363-1,0.23078673
s_016um_00100_00023-1,0.2845387
s_016um_00081_00236-1,0.2278226
s_016um_00216_00278-1,0.2798833
s_016um_00353_00024-1,0.20317549
s_016um_00076_00252-1,0.2935054
s_016um_00322_00169-1,0.22913697
s_016um_00121_00150-1,0.24277316
s_016um_00332_00212-1,0.22444567
s_016um_00042_00237-1,0.25164092
s_016um_00382_00140-1,0.20037062
s_016um_00354_00118-1,0.26388
s_016um_00119_00142-1,0.4000112
s_016um_00128_00227-1,0.24775337
s_016um_00337_00402-1,0.24843958
s_016um_00079_00194-1,0.23914659
s_016um_00370_00146-1,0.25062987
s_016um_00183_00029-1,0.26283327
s_016um_00332_00121-1,0.26862496
s_016um_00086_00272-1,0.22242664
s_016um_00047_00214-1,0.2442099
s_016um_00086_00267-1,0.252682
s_016um_00166_00371-1,0.23496796
s_016um_00262_00134-1,0.23766473
s_016um_00403_00260-1,0.23840685
s_016um_00395_00185-1,0.22951788
s_016um_00085_00201-1,0.25302875
s_016um_00273_00222-1,0.25024447
s_016um_00274_00044-1,0.21657184
s_016um_00066_00130-1,0.2869838
s_016um_00250_00022-1,0.21872845
s_016um_00405_00151-1,0.22812366
s_016um_00083_00273-1,0.18345398
s_016um_00324_00226-1,0.30307955
s_016um_00257_00025-1,0.27107272
s_016um_00236_00086-1,0.24920122
s_016um_00115_00148-1,0.26567236
s_016um_00354_00090-1,0.25381112
s_016um_00224_00327-1,0.32616612
s_016um_00161_00289-1,0.24097714
s_016um_00208_00296-1,0.2181037
s_016um_00034_00333-1,0.22958921
s_016um_00322_00301-1,0.21173555
s_016um_00178_00031-1,0.26438576
s_016um_00375_00123-1,0.21788222
s_016um_00081_00278-1,0.2070468
s_016um_00211_00296-1,0.2254155
s_016um_00066_00133-1,0.24938232
s_016um_00041_00174-1,0.23739228
s_016um_00097_00071-1,0.27123165
s_016um_00145_00019-1,0.2592938
s_016um_00168_00125-1,0.24241008
s_016um_00057_00246-1,0.22816843
s_016um_00102_00389-1,0.20522654
s_016um_00269_00227-1,0.25388518
s_016um_00127_00089-1,0.2595613
s_016um_00113_00316-1,0.21889022
s_016um_00392_00337-1,0.309377
s_016um_00019_00266-1,0.23153383
s_016um_00147_00398-1,0.24833116
s_016um_00385_00132-1,0.23271567
s_016um_00353_00095-1,0.22046417
s_016um_00408_00145-1,0.21399656
s_016um_00322_00170-1,0.2096603
s_016um_00372_00096-1,0.2021412
s_016um_00262_00187-1,0.20904474
s_016um_00018_00266-1,0.2591311
s_016um_00046_00217-1,0.23221275
s_016um_00037_00044-1,0.2294055
s_016um_00023_00268-1,0.21430941
s_016um_00028_00089-1,0.33863425
s_016um_00271_00061-1,0.23374814
s_016um_00399_00127-1,0.21991459
s_016um_00132_00229-1,0.25553578
s_016um_00324_00298-1,0.22535576
s_016um_00222_00011-1,0.28468734
s_016um_00040_00048-1,0.24719048
s_016um_00261_00331-1,0.22703604
s_016um_00258_00187-1,0.21311042
s_016um_00275_00314-1,0.2364223
s_016um_00267_00035-1,0.28398493
s_016um_00276_00207-1,0.28871554
s_016um_00263_00135-1,0.31451973
s_016um_00083_00065-1,0.34016636
s_016um_00406_00147-1,0.2348776
s_016um_00414_00143-1,0.21852595
s_016um_00399_00220-1,0.25963816
s_016um_00382_00128-1,0.22078604
s_016um_00096_00031-1,0.22578572
s_016um_00343_00212-1,0.2627665
s_016um_00055_00247-1,0.24197535
s_016um_00066_00129-1,0.25005242
s_016um_00397_00259-1,0.25529104
s_016um_00040_00099-1,0.27643916
s_016um_00366_00222-1,0.23405503
s_016um_00218_00169-1,0.25841874
s_016um_00277_00129-1,0.20902364
s_016um_00069_00131-1,0.2475169
s_016um_00359_00094-1,0.24701981
s_016um_00352_00097-1,0.24650061
s_016um_00381_00132-1,0.18863656
s_016um_00077_00244-1,0.18902625
s_016um_00359_00120-1,0.25378805
s_016um_00277_00319-1,0.27983695
s_016um_00406_00126-1,0.23005766
s_016um_00396_00341-1,0.325446
s_016um_00341_00218-1,0.18422493
s_016um_00402_00151-1,0.2553289
s_016um_00285_00092-1,0.22649668
s_016um_00045_00208-1,0.23242457
s_016um_00019_00267-1,0.21383333
s_016um_00355_00288-1,0.26588526
s_016um_00396_00364-1,0.2727829
s_016um_00030_00336-1,0.29287976
s_016um_00369_00139-1,0.2514291
s_016um_00061_00245-1,0.20587526
s_016um_00222_00334-1,0.2544428
s_016um_00327_00119-1,0.37079436
s_016um_00272_00045-1,0.1979225
s_016um_00092_00318-1,0.2002518
s_016um_00261_00133-1,0.2268582
s_016um_00161_00290-1,0.24590419
s_016um_00224_00026-1,0.33524835
s_016um_00319_00302-1,0.25369552
s_016um_00211_00292-1,0.2981863
s_016um_00270_00054-1,0.28828186
s_016um_00280_00046-1,0.21844837
s_016um_00040_00101-1,0.21536899
s_016um_00273_00336-1,0.24934763
s_016um_00399_00373-1,0.7144081
s_016um_00141_00217-1,0.21551198
s_016um_00394_00344-1,0.5236016
s_016um_00327_00213-1,0.2304667
s_016um_00286_00095-1,0.24062414
s_016um_00272_00229-1,0.23391862
s_016um_00355_00088-1,0.20334622
s_016um_00351_00018-1,0.27552825
s_016um_00271_00035-1,0.22694938
s_016um_00085_00197-1,0.19846466
s_016um_00141_00220-1,0.2123451
s_016um_00372_00126-1,0.34697363
s_016um_00019_00271-1,0.2013308
s_016um_00388_00340-1,0.31055325
s_016um_00211_00291-1,0.1929678
s_016um_00220_00172-1,0.23454343
s_016um_00218_00226-1,0.22619766
s_016um_00328_00218-1,0.22949195
s_016um_00330_00252-1,0.2931497
s_016um_00107_00389-1,0.27009842
s_016um_00074_00296-1,0.24038878
s_016um_00280_00045-1,0.18972138
s_016um_00273_00318-1,0.21736208
s_016um_00251_00023-1,0.25882292
s_016um_00349_00018-1,0.2924459
s_016um_00372_00143-1,0.34533492
s_016um_00267_00132-1,0.25717267
s_016um_00219_00169-1,0.20218329
s_016um_00400_00220-1,0.24491754
s_016um_00268_00034-1,0.21116462
s_016um_00263_00329-1,0.22399671
s_016um_00222_00329-1,0.2416716
s_016um_00326_00298-1,0.2570049
s_016um_00351_00025-1,0.26458272
s_016um_00344_00218-1,0.22249675
s_016um_00369_00096-1,0.22567424
s_016um_00333_00256-1,0.23011172
s_016um_00134_00230-1,0.2756582
s_016um_00069_00127-1,0.2399108
s_016um_00324_00227-1,0.20946029
s_016um_00326_00124-1,0.1824992
s_016um_00392_00297-1,0.28482068
s_016um_00253_00032-1,0.23505868
s_016um_00278_00206-1,0.19269927
s_016um_00055_00245-1,0.19112955
s_016um_00100_00388-1,0.1751011
s_016um_00224_00238-1,0.27536
s_016um_00273_00030-1,0.23460189
s_016um_00394_00185-1,0.22660932
s_016um_00004_00297-1,0.27780202
s_016um_00329_00124-1,0.2177365
s_016um_00179_00033-1,0.25406188
s_016um_00398_00183-1,0.1885441
s_016um_00010_00207-1,0.22024539
s_016um_00278_00327-1,0.2754654
s_016um_00088_00034-1,0.23380972
s_016um_00285_00095-1,0.22983167
s_016um_00239_00188-1,0.19449618
s_016um_00314_00056-1,0.24718703
s_016um_00262_00133-1,0.28375602
s_016um_00067_00238-1,0.25999507
s_016um_00040_00104-1,0.24752967
s_016um_00379_00132-1,0.2736186
s_016um_00379_00136-1,0.31447908
s_016um_00075_00242-1,0.23839356
s_016um_00127_00090-1,0.3845241
s_016um_00227_00332-1,0.23541687
s_016um_00404_00397-1,1.0287892
s_016um_00046_00208-1,0.26651007
s_016um_00403_00397-1,1.0655787
s_016um_00352_00090-1,0.23188888
s_016um_00391_00342-1,0.40929657
s_016um_00124_00147-1,0.28264448
s_016um_00222_00245-1,0.21498896
s_016um_00040_00207-1,0.23154145
s_016um_00394_00364-1,0.29910535
s_016um_00249_00021-1,0.24788135
s_016um_00087_00071-1,0.27182475
s_016um_00025_00089-1,0.258432
s_016um_00274_00323-1,0.286844
s_016um_00130_00390-1,0.23303637
s_016um_00390_00178-1,0.20103908
s_016um_00056_00244-1,0.13718434
s_016um_00404_00148-1,0.2216474
s_016um_00215_00027-1,0.29121393
s_016um_00405_00147-1,0.259498
s_016um_00333_00213-1,0.27206266
s_016um_00403_00256-1,0.31280893
s_016um_00031_00329-1,0.21013397
s_016um_00015_00264-1,0.25094402
s_016um_00280_00315-1,0.21017256
s_016um_00062_00132-1,0.25954166
s_016um_00411_00100-1,0.26763833
s_016um_00058_00247-1,0.20624225
s_016um_00150_00400-1,0.21033545
s_016um_00265_00133-1,0.21346328
s_016um_00386_00128-1,0.22526275
s_016um_00022_00270-1,0.22038773
s_016um_00403_00261-1,0.29102388
s_016um_00362_00227-1,0.20482531
s_016um_00195_00123-1,0.2422836
s_016um_00366_00100-1,0.29216236
s_016um_00352_00091-1,0.23102275
s_016um_00261_00128-1,0.22444804
s_016um_00078_00285-1,0.28816465
s_016um_00266_00129-1,0.26197818
s_016um_00369_00228-1,0.22469822
s_016um_00030_00330-1,0.23350316
s_016um_00209_00030-1,0.23039201
s_016um_00138_00217-1,0.24893996
s_016um_00144_00021-1,0.22684626
s_016um_00021_00272-1,0.17091256
s_016um_00324_00232-1,0.20190579
s_016um_00077_00292-1,0.23814653
s_016um_00035_00097-1,0.27608052
s_016um_00276_00315-1,0.34493813
s_016um_00161_00293-1,0.23250356
s_016um_00033_00330-1,0.25918546
s_016um_00113_00314-1,0.1844716
s_016um_00114_00320-1,0.20984307
s_016um_00016_00264-1,0.2191904
s_016um_00270_00031-1,0.23959401
s_016um_00268_00056-1,0.30696416
s_016um_00277_00311-1,0.240035
s_016um_00119_00152-1,0.2841645
s_016um_00079_00296-1,0.2369823
s_016um_00053_00247-1,0.24144727
s_016um_00280_00134-1,0.24727143
s_016um_00163_00127-1,0.21645938
s_016um_00276_00210-1,0.19251327
s_016um_00109_00318-1,0.24128285
s_016um_00032_00089-1,0.2475352
s_016um_00320_00300-1,0.25661775
s_016um_00281_00312-1,0.2054816
s_016um_00221_00229-1,0.2528949
s_016um_00195_00091-1,0.24680677
s_016um_00232_00359-1,0.25845602
s_016um_00070_00235-1,0.22392711
s_016um_00069_00237-1,0.1717411
s_016um_00142_00059-1,0.26961222
s_016um_00182_00028-1,0.23016141
s_016um_00218_00012-1,0.21441486
s_016um_00073_00252-1,0.09341417
s_016um_00237_00091-1,0.17150304
s_016um_00010_00156-1,0.2308619
s_016um_00042_00202-1,0.34407505
s_016um_00271_00205-1,0.24207747
s_016um_00094_00025-1,0.30243707
s_016um_00221_00234-1,0.15979925
s_016um_00044_00206-1,0.2304204
s_016um_00127_00384-1,0.30397654
s_016um_00355_00292-1,0.23585631
s_016um_00027_00084-1,0.2565919
s_016um_00369_00095-1,0.17293727
s_016um_00041_00177-1,0.28350115
s_016um_00400_00399-1,1.3169591
s_016um_00111_00316-1,0.24472232
s_016um_00279_00206-1,0.2481417
s_016um_00284_00095-1,0.2190359
s_016um_00397_00357-1,0.44544923
s_016um_00221_00028-1,0.25405064
s_016um_00167_00129-1,0.2553058
s_016um_00355_00413-1,0.7796912
s_016um_00165_00287-1,0.21071401
s_016um_00217_00031-1,0.23898265
s_016um_00084_00281-1,0.25938633
s_016um_00067_00237-1,0.22895811
s_016um_00286_00098-1,0.262035
s_016um_00195_00126-1,0.2214283
s_016um_00400_00372-1,0.21725416
s_016um_00195_00127-1,0.24442698
s_016um_00153_00401-1,0.29951605
s_016um_00195_00125-1,0.237416
s_016um_00268_00334-1,0.23802674
s_016um_00143_00059-1,0.28859162
s_016um_00214_00277-1,0.23258746
s_016um_00225_00234-1,0.23815438
s_016um_00135_00320-1,0.46419966
s_016um_00099_00026-1,0.33024812
s_016um_00325_00227-1,0.2056372
s_016um_00382_00136-1,0.24170625
s_016um_00266_00061-1,0.17952797
s_016um_00339_00402-1,0.2815273
s_016um_00268_00333-1,0.23015966
s_016um_00145_00395-1,0.25113177
s_016um_00177_00030-1,0.3406764
s_016um_00230_00355-1,0.2179403
s_016um_00323_00168-1,0.29753503
s_016um_00323_00306-1,0.23842674
s_016um_00097_00276-1,0.21449542
s_016um_00094_00028-1,0.27705446
s_016um_00015_00269-1,0.28522006
s_016um_00277_00137-1,0.19931088
s_016um_00278_00202-1,0.24334297
s_016um_00382_00131-1,0.22072846
s_016um_00221_00023-1,0.2659206
s_016um_00369_00147-1,0.23788096
s_016um_00128_00086-1,0.2565284
s_016um_00069_00238-1,0.24490629
s_016um_00183_00026-1,0.2726596
s_016um_00404_00147-1,0.247925
s_016um_00221_00173-1,0.36623308
s_016um_00093_00272-1,0.25182232
s_016um_00189_00097-1,0.20744786
s_016um_00173_00374-1,0.17967647
s_016um_00278_00136-1,0.269339
s_016um_00082_00239-1,0.21613815
s_016um_00116_00148-1,0.2106604
s_016um_00082_00071-1,0.2894317
s_016um_00224_00248-1,0.21727628
s_016um_00208_00290-1,0.26560143
s_016um_00276_00327-1,0.31885275
s_016um_00340_00218-1,0.2073124
s_016um_00350_00020-1,0.22517116
s_016um_00127_00387-1,0.31777716
s_016um_00086_00201-1,0.18290871
s_016um_00044_00176-1,0.28572503
s_016um_00141_00016-1,0.22241765
s_016um_00218_00014-1,0.22780398
s_016um_00032_00337-1,0.23524685
s_016um_00392_00299-1,0.28034636
s_016um_00402_00397-1,0.8853742
s_016um_00395_00371-1,0.2574753
s_016um_00204_00151-1,0.22039393
s_016um_00380_00129-1,0.23431638
s_016um_00408_00399-1,1.3046116
s_016um_00211_00029-1,0.20950906
s_016um_00080_00267-1,0.21598001
s_016um_00108_00314-1,0.16496399
s_016um_00041_00175-1,0.28139785
s_016um_00028_00336-1,0.19097856
s_016um_00132_00228-1,0.2243404
s_016um_00061_00126-1,0.26077464
s_016um_00271_00032-1,0.2705838
s_016um_00215_00277-1,0.2515855
s_016um_00100_00031-1,0.27809197
s_016um_00095_00275-1,0.1981461
s_016um_00322_00299-1,0.2542563
s_016um_00320_00305-1,0.2484859
s_016um_00272_00029-1,0.20367292
s_016um_00230_00260-1,0.2528741
s_016um_00358_00122-1,0.2087133
s_016um_00354_00289-1,0.16574779
s_016um_00097_00334-1,0.25663495
s_016um_00144_00058-1,0.32991073
s_016um_00391_00291-1,0.2614769
s_016um_00184_00032-1,0.2564514
s_016um_00135_00220-1,0.24051434
s_016um_00353_00021-1,0.24779873
s_016um_00279_00202-1,0.17782068
s_016um_00280_00207-1,0.22636747
s_016um_00204_00153-1,0.27173266
s_016um_00132_00091-1,0.28077585
s_016um_00139_00015-1,0.3404715
s_016um_00136_00223-1,0.22533621
s_016um_00026_00090-1,0.27964965
s_016um_00409_00105-1,0.23997672
s_016um_00395_00344-1,0.33243865
s_016um_00102_00384-1,0.27998093
s_016um_00129_00384-1,0.25929153
s_016um_00010_00295-1,0.26598936
s_016um_00226_00028-1,0.21963508
s_016um_00390_00364-1,0.27843562
s_016um_00360_00411-1,0.49732542
s_016um_00035_00099-1,0.3059275
s_016um_00137_00074-1,0.27066478
s_016um_00090_00274-1,0.21778768
s_016um_00132_00231-1,0.21540712
s_016um_00274_00331-1,0.26142856
s_016um_00101_00074-1,0.2193857
s_016um_00370_00101-1,0.2592456
s_016um_00104_00388-1,0.19143789
s_016um_00126_00093-1,0.24750076
s_016um_00096_00341-1,0.2111184
s_016um_00308_00053-1,0.2214044
s_016um_00355_00294-1,0.21418305
s_016um_00323_00166-1,0.23047942
s_016um_00375_00122-1,0.23712637
s_016um_00395_00259-1,0.30382752
s_016um_00388_00342-1,0.36626527
s_016um_00342_00397-1,0.5248225
s_016um_00086_00072-1,0.31083053
s_016um_00086_00067-1,0.2610083
s_016um_00307_00055-1,0.24502638
s_016um_00108_00319-1,0.52921176
s_016um_00125_00089-1,0.23544288
s_016um_00219_00232-1,0.22689617
s_016um_00217_00166-1,0.11934064
s_016um_00083_00268-1,0.27876318
s_016um_00074_00239-1,0.21372965
s_016um_00261_00189-1,0.22788942
s_016um_00181_00034-1,0.21045637
s_016um_00413_00100-1,0.2524267
s_016um_00048_00243-1,0.33769402
s_016um_00096_00024-1,0.2799936
s_016um_00033_00004-1,0.2477778
s_016um_00335_00400-1,0.44940898
s_016um_00271_00031-1,0.2662841
s_016um_00358_00289-1,0.1892013
s_016um_00083_00066-1,0.27807984
s_016um_00233_00084-1,0.23989011
s_016um_00042_00171-1,0.25392228
s_016um_00284_00093-1,0.21071978
s_016um_00280_00314-1,0.28441513
s_016um_00107_00390-1,0.28293866
s_016um_00391_00341-1,0.45176622
s_016um_00100_00321-1,0.24966724
s_016um_00136_00071-1,0.28429076
s_016um_00319_00169-1,0.23921846
s_016um_00401_00125-1,0.20109701
s_016um_00324_00302-1,0.24678747
s_016um_00049_00241-1,0.27515638
s_016um_00120_00144-1,0.3911451
s_016um_00082_00194-1,0.31272197
s_016um_00143_00058-1,0.20673794
s_016um_00248_00087-1,0.29079196
s_016um_00064_00236-1,0.2177506
s_016um_00292_00096-1,0.26464298
s_016um_00083_00072-1,0.23800063
s_016um_00326_00214-1,0.24794903
s_016um_00194_00095-1,0.2437813
s_016um_00087_00035-1,0.21547836
s_016um_00104_00066-1,0.24368554
s_016um_00276_00312-1,0.26451966
s_016um_00274_00317-1,0.2808711
s_016um_00383_00136-1,0.2185096
s_016um_00268_00055-1,0.31689087
s_016um_00278_00209-1,0.23947029
s_016um_00268_00337-1,0.27482376
s_016um_00128_00091-1,0.29772106
s_016um_00216_00028-1,0.21126279
s_016um_00159_00285-1,0.24502842
s_016um_00137_00070-1,0.28708553
s_016um_00277_00315-1,0.2364953
s_016um_00261_00033-1,0.24878542
s_016um_00401_00371-1,0.3408206
s_016um_00326_00228-1,0.20786917
s_016um_00120_00145-1,0.2772147
s_016um_00244_00088-1,0.2421587
s_016um_00332_00214-1,0.2338953
s_016um_00393_00371-1,0.33399472
s_016um_00394_00337-1,0.26532805
s_016um_00265_00332-1,0.23056842
s_016um_00342_00212-1,0.24904965
s_016um_00275_00208-1,0.22520502
s_016um_00265_00134-1,0.15826358
s_016um_00027_00086-1,0.25096333
s_016um_00196_00121-1,0.24278083
s_016um_00290_00099-1,0.26479638
s_016um_00229_00251-1,0.23948155
s_016um_00014_00214-1,0.23347405
s_016um_00234_00090-1,0.20234455
s_016um_00355_00118-1,0.23409377
s_016um_00245_00083-1,0.2343558
s_016um_00226_00238-1,0.22822484
s_016um_00399_00125-1,0.27070066
s_016um_00404_00149-1,0.25225422
s_016um_00045_00241-1,0.23294981
s_016um_00219_00010-1,0.21149129
s_016um_00361_00414-1,0.68405753
s_016um_00263_00188-1,0.25848362
s_016um_00159_00288-1,0.2276035
s_016um_00124_00389-1,0.2324843
s_016um_00133_00227-1,0.29558408
s_016um_00412_00100-1,0.2128448
s_016um_00060_00248-1,0.21814916
s_016um_00271_00028-1,0.21656549
s_016um_00240_00187-1,0.22484241
s_016um_00342_00214-1,0.23094086
s_016um_00350_00024-1,0.22228576
s_016um_00340_00404-1,0.31502435
s_016um_00098_00336-1,0.23342925
s_016um_00078_00293-1,0.22405456
s_016um_00268_00329-1,0.27329376
s_016um_00087_00269-1,0.21357489
s_016um_00235_00186-1,0.20869692
s_016um_00067_00129-1,0.2720263
s_016um_00223_00025-1,0.25693077
s_016um_00242_00183-1,0.16817947
s_016um_00126_00383-1,0.22496662
s_016um_00082_00198-1,0.31485856
s_016um_00105_00066-1,0.2374966
s_016um_00171_00371-1,0.26960316
s_016um_00332_00257-1,0.30707353
s_016um_00333_00252-1,0.23845525
s_016um_00263_00057-1,0.25098318
s_016um_00270_00334-1,0.26226467
s_016um_00103_00391-1,0.20680833
s_016um_00392_00344-1,0.3273121
s_016um_00400_00365-1,0.31571126
s_016um_00093_00280-1,0.26811665
s_016um_00409_00145-1,0.23295453
s_016um_00235_00265-1,0.29117763
s_016um_00172_00373-1,0.22995688
s_016um_00089_00071-1,0.27722237
s_016um_00318_00163-1,0.2578582
s_016um_00085_00072-1,0.24096924
s_016um_00035_00330-1,0.26488176
s_016um_00268_00227-1,0.27376726
s_016um_00327_00225-1,0.23383859
s_016um_00272_00328-1,0.26957327
s_016um_00325_00169-1,0.16354492
s_016um_00239_00092-1,0.22404423
s_016um_00029_00093-1,0.27523264
s_016um_00184_00031-1,0.19098349
s_016um_00268_00229-1,0.2242254
s_016um_00168_00378-1,0.26001322
s_016um_00237_00088-1,0.26756388
s_016um_00247_00088-1,0.2327849
s_016um_00044_00208-1,0.24991858
s_016um_00371_00143-1,0.2508485
s_016um_00325_00303-1,0.24919929
s_016um_00097_00335-1,0.22313538
s_016um_00387_00343-1,0.29823565
s_016um_00341_00401-1,0.25918475
s_016um_00337_00252-1,0.16907057
s_016um_00216_00167-1,0.24144611
s_016um_00064_00231-1,0.23625372
s_016um_00045_00246-1,0.21054734
s_016um_00059_00246-1,0.21681666
s_016um_00238_00355-1,0.21614075
s_016um_00071_00233-1,0.18871649
s_016um_00092_00272-1,0.25170448
s_016um_00140_00215-1,0.25308055
s_016um_00082_00201-1,0.2770721
s_016um_00056_00243-1,0.297342
s_016um_00221_00015-1,0.2782671
s_016um_00213_00278-1,0.24517174
s_016um_00260_00031-1,0.19888538
s_016um_00354_00022-1,0.26424623
s_016um_00273_00314-1,0.21075769
s_016um_00404_00401-1,1.2928928
s_016um_00039_00011-1,0.26013815
s_016um_00261_00135-1,0.18441665
s_016um_00106_00384-1,0.20715648
s_016um_00133_00225-1,0.21566057
s_016um_00010_00154-1,0.23132385
s_016um_00222_00230-1,0.30053878
s_016um_00239_00189-1,0.22331741
s_016um_00097_00339-1,0.20959973
s_016um_00102_00385-1,0.27342728
s_016um_00073_00250-1,0.20826958
s_016um_00238_00358-1,0.24164772
s_016um_00041_00010-1,0.253422
s_016um_00181_00033-1,0.28938922
s_016um_00397_00368-1,0.28856274
s_016um_00016_00267-1,0.23857062
s_016um_00102_00069-1,0.24987228
s_016um_00220_00167-1,0.16402975
s_016um_00369_00099-1,0.27411485
s_016um_00040_00097-1,0.19861658
s_016um_00121_00144-1,0.27624196
s_016um_00369_00141-1,0.23545669
s_016um_00197_00124-1,0.23062412
s_016um_00359_00095-1,0.21811107
s_016um_00236_00358-1,0.23824854
s_016um_00394_00217-1,0.2167679
s_016um_00322_00162-1,0.24080259
s_016um_00215_00278-1,0.21218865
s_016um_00038_00207-1,0.2952631
s_016um_00409_00147-1,0.2663963
s_016um_00219_00016-1,0.25098336
s_016um_00276_00046-1,0.22369924
s_016um_00355_00116-1,0.20921236
s_016um_00224_00229-1,0.23343325
s_016um_00373_00143-1,0.28186703
s_016um_00216_00015-1,0.20941631
s_016um_00147_00057-1,0.27548507
s_016um_00355_00024-1,0.24140815
s_016um_00221_00166-1,0.24106185
s_016um_00219_00233-1,0.24101189
s_016um_00392_00184-1,0.28632873
s_016um_00401_00126-1,0.2406158
s_016um_00273_00227-1,0.17656854
s_016um_00362_00223-1,0.23334862
s_016um_00310_00053-1,0.17574391
s_016um_00082_00193-1,0.2734817
s_016um_00406_00128-1,0.21576531
s_016um_00221_00232-1,0.2700834
s_016um_00142_00219-1,0.26163226
s_016um_00368_00122-1,0.2539325
s_016um_00065_00134-1,0.29237136
s_016um_00306_00059-1,0.23621152
s_016um_00359_00288-1,0.2586562
s_016um_00280_00328-1,0.23208925
s_016um_00365_00223-1,0.24658506
s_016um_00222_00168-1,0.16569108
s_016um_00222_00171-1,0.21150374
s_016um_00392_00369-1,0.30839536
s_016um_00033_00086-1,0.24083036
s_016um_00189_00090-1,0.21332595
s_016um_00028_00084-1,0.26852193
s_016um_00224_00227-1,0.24755326
s_016um_00264_00185-1,0.25034595
s_016um_00088_00072-1,0.2412147
s_016um_00362_00412-1,0.4798227
s_016um_00383_00135-1,0.114112034
s_016um_00279_00135-1,0.19440305
s_016um_00139_00018-1,0.25216827
s_016um_00143_00018-1,0.28154767
s_016um_00040_00011-1,0.30023324
s_016um_00074_00242-1,0.21435449
s_016um_00069_00132-1,0.26435313
s_016um_00324_00120-1,0.17955375
s_016um_00399_00213-1,0.31007084
s_016um_00007_00300-1,0.21626636
s_016um_00141_00021-1,0.48003754
s_016um_00167_00121-1,0.322373
s_016um_00100_00390-1,0.23193961
s_016um_00337_00398-1,0.41942257
s_016um_00086_00194-1,0.24328157
s_016um_00345_00219-1,0.27336755
s_016um_00325_00120-1,0.24472791
s_016um_00242_00083-1,0.27112234
s_016um_00329_00120-1,0.20162967
s_016um_00066_00132-1,0.2406991
s_016um_00173_00378-1,0.2534254
s_016um_00277_00130-1,0.2154675
s_016um_00329_00253-1,0.23082775
s_016um_00376_00122-1,0.42248338
s_016um_00106_00387-1,0.24920504
s_016um_00408_00146-1,0.235542
s_016um_00416_00135-1,0.2426224
s_016um_00227_00330-1,0.23011313
s_016um_00350_00022-1,0.23405151
s_016um_00228_00267-1,0.22072251
s_016um_00197_00127-1,0.27382755
s_016um_00049_00240-1,0.20387605
s_016um_00224_00243-1,0.24014239
s_016um_00283_00094-1,0.25070834
s_016um_00174_00372-1,0.23673894
s_016um_00414_00098-1,0.21506816
s_016um_00345_00215-1,0.3040508
s_016um_00401_00395-1,0.6592981
s_016um_00254_00019-1,0.30240095
s_016um_00085_00264-1,0.22750498
s_016um_00397_00361-1,0.21468976
s_016um_00094_00321-1,0.16336238
s_016um_00084_00069-1,0.33254692
s_016um_00271_00333-1,0.27540693
s_016um_00037_00207-1,0.23149748
s_016um_00129_00229-1,0.29181403
s_016um_00230_00358-1,0.21945012
s_016um_00146_00061-1,0.2443061
s_016um_00403_00262-1,0.23568317
s_016um_00361_00294-1,0.21384306
s_016um_00193_00096-1,0.25458354
s_016um_00388_00132-1,0.2236958
s_016um_00397_00213-1,0.28264695
s_016um_00102_00066-1,0.29951215
s_016um_00266_00028-1,0.27072853
s_016um_00159_00293-1,0.2151311
s_016um_00392_00185-1,0.27569962
s_016um_00398_00363-1,0.3265397
s_016um_00330_00118-1,0.22616114
s_016um_00044_00238-1,0.23966455
s_016um_00274_00048-1,0.2163818
s_016um_00006_00298-1,0.1986104
s_016um_00035_00105-1,0.2508872
s_016um_00060_00242-1,0.24063787
s_016um_00319_00166-1,0.2458961
s_016um_00365_00230-1,0.20942374
s_016um_00096_00278-1,0.28149775
s_016um_00147_00397-1,0.24713612
s_016um_00082_00034-1,0.2527477
s_016um_00313_00054-1,0.23559661
s_016um_00215_00028-1,0.22519611
s_016um_00168_00375-1,0.24819146
s_016um_00336_00252-1,0.20979087
s_016um_00129_00094-1,0.25032803
s_016um_00167_00377-1,0.2603699
s_016um_00310_00058-1,0.29578167
s_016um_00038_00105-1,0.2723746
s_016um_00276_00326-1,0.21120036
s_016um_00099_00070-1,0.23354504
s_016um_00402_00146-1,0.22581819
s_016um_00045_00238-1,0.2644662
s_016um_00101_00069-1,0.22889517
s_016um_00352_00096-1,0.22582771
s_016um_00250_00027-1,0.26882857
s_016um_00268_00224-1,0.164988
s_016um_00093_00270-1,0.31259623
s_016um_00119_00147-1,0.23229067
s_016um_00041_00047-1,0.29484248
s_016um_00127_00390-1,0.23047343
s_016um_00220_00237-1,0.25195664
s_016um_00219_00283-1,0.2523465
s_016um_00102_00024-1,0.25819486
s_016um_00399_00257-1,0.29384753
s_016um_00256_00191-1,0.19041371
s_016um_00383_00131-1,0.21227635
s_016um_00406_00403-1,1.4344476
s_016um_00034_00011-1,0.26872203
s_016um_00307_00060-1,0.18294038
s_016um_00164_00293-1,0.23241091
s_016um_00230_00267-1,0.20630778
s_016um_00028_00088-1,0.24148017
s_016um_00233_00262-1,0.23363775
s_016um_00402_00149-1,0.26023397
s_016um_00083_00197-1,0.28185496
s_016um_00170_00370-1,0.29550856
s_016um_00139_00022-1,0.24642228
s_016um_00235_00087-1,0.2886193
s_016um_00160_00291-1,0.23042744
s_016um_00364_00101-1,0.23412229
s_016um_00220_00013-1,0.2227638
s_016um_00009_00210-1,0.22715588
s_016um_00142_00016-1,0.33560818
s_016um_00041_00217-1,0.28244898
s_016um_00247_00023-1,0.17297888
s_016um_00221_00230-1,0.19475509
s_016um_00035_00008-1,0.29153556
s_016um_00007_00212-1,0.28167525
s_016um_00359_00093-1,0.19306065
s_016um_00093_00336-1,0.19311926
s_016um_00194_00093-1,0.26265264
s_016um_00101_00027-1,0.22354873
s_016um_00319_00167-1,0.23947959
s_016um_00346_00220-1,0.23031306
s_016um_00411_00105-1,0.34664738
s_016um_00328_00303-1,0.24306667
s_016um_00169_00129-1,0.3042091
s_016um_00322_00168-1,0.27122396
s_016um_00334_00256-1,0.23645677
s_016um_00151_00395-1,0.25633612
s_016um_00134_00219-1,0.2759948
s_016um_00333_00122-1,0.21040186
s_016um_00041_00048-1,0.23476015
s_016um_00010_00208-1,0.27194414
s_016um_00385_00128-1,0.1767137
s_016um_00181_00026-1,0.29071933
s_016um_00273_00330-1,0.24464966
s_016um_00149_00396-1,0.23811354
s_016um_00182_00027-1,0.24631909
s_016um_00287_00098-1,0.23568094
s_016um_00344_00217-1,0.22073779
s_016um_00039_00043-1,0.32710254
s_016um_00100_00384-1,0.2213287
s_016um_00047_00218-1,0.22938697
s_016um_00097_00067-1,0.2638663
s_016um_00006_00301-1,0.21213418
s_016um_00061_00127-1,0.25983083
s_016um_00090_00068-1,0.21428737
s_016um_00383_00126-1,0.21362701
s_016um_00208_00149-1,0.24804229
s_016um_00401_00372-1,0.5663756
s_016um_00220_00017-1,0.23473535
s_016um_00351_00024-1,0.2223467
s_016um_00216_00290-1,0.2126886
s_016um_00340_00402-1,0.2776548
s_016um_00025_00090-1,0.3034523
s_016um_00146_00056-1,0.25945976
s_016um_00089_00265-1,0.21584131
s_016um_00006_00154-1,0.2846228
s_016um_00404_00400-1,1.3362612
s_016um_00327_00123-1,0.18891706
s_016um_00259_00134-1,0.2335515
s_016um_00087_00271-1,0.19460495
s_016um_00258_00131-1,0.19038774
s_016um_00129_00388-1,0.22550717
s_016um_00149_00401-1,0.21566483
s_016um_00133_00072-1,0.23898035
s_016um_00369_00226-1,0.21867935
s_016um_00139_00074-1,0.21730801
s_016um_00286_00094-1,0.22622614
s_016um_00260_00192-1,0.22078696
s_016um_00382_00126-1,0.21005759
s_016um_00356_00415-1,0.70615077
s_016um_00005_00297-1,0.32771415
s_016um_00390_00296-1,0.25319186
s_016um_00359_00415-1,0.67620957
s_016um_00152_00394-1,0.27771616
s_016um_00225_00028-1,0.20841792
s_016um_00081_00069-1,0.27687258
s_016um_00276_00131-1,0.13876748
s_016um_00391_00338-1,0.29848507
s_016um_00279_00045-1,0.26332015
s_016um_00095_00342-1,0.23782802
s_016um_00220_00173-1,0.27546632
s_016um_00039_00211-1,0.21979144
s_016um_00037_00171-1,0.28765327
s_016um_00280_00132-1,0.26171112
s_016um_00356_00020-1,0.30107224
s_016um_00118_00150-1,0.2260459
s_016um_00393_00362-1,0.28484672
s_016um_00243_00088-1,0.27980477
s_016um_00075_00244-1,0.24688089
s_016um_00160_00290-1,0.24747118
s_016um_00357_00097-1,0.20128429
s_016um_00386_00293-1,0.24308187
s_016um_00016_00271-1,0.30263057
s_016um_00097_00026-1,0.25323108
s_016um_00036_00046-1,0.22498232
s_016um_00241_00082-1,0.24823773
s_016um_00278_00330-1,0.21455632
s_016um_00371_00098-1,0.23874538
s_016um_00395_00218-1,0.21757177
s_016um_00081_00242-1,0.24079064
s_016um_00214_00013-1,0.27423322
s_016um_00278_00324-1,0.17589453
s_016um_00270_00230-1,0.29172435
s_016um_00341_00212-1,0.2079323
s_016um_00096_00276-1,0.2287482
s_016um_00086_00033-1,0.3276408
s_016um_00162_00288-1,0.2907148
s_016um_00164_00286-1,0.21133035
s_016um_00090_00269-1,0.22712305
s_016um_00331_00218-1,0.27326587
s_016um_00265_00057-1,0.22035086
s_016um_00332_00213-1,0.2743245
s_016um_00394_00178-1,0.23604222
s_016um_00029_00334-1,0.2346767
s_016um_00274_00046-1,0.24134798
s_016um_00270_00329-1,0.27204067
s_016um_00097_00072-1,0.26668152
s_016um_00008_00157-1,0.23526682
s_016um_00095_00341-1,0.21569026
s_016um_00225_00030-1,0.24623215
s_016um_00080_00300-1,0.20940123
s_016um_00038_00173-1,0.2585215
s_016um_00357_00095-1,0.24130738
s_016um_00078_00247-1,0.22358046
s_016um_00266_00337-1,0.26094925
s_016um_00082_00279-1,0.20462441
s_016um_00363_00228-1,0.25492918
s_016um_00007_00293-1,0.29387164
s_016um_00272_00226-1,0.18969128
s_016um_00094_00029-1,0.28046763
s_016um_00401_00398-1,0.87989205
s_016um_00370_00140-1,0.23717012
s_016um_00055_00248-1,0.30908412
s_016um_00047_00215-1,0.20454127
s_016um_00218_00167-1,0.203094
s_016um_00272_00331-1,0.24227473
s_016um_00044_00207-1,0.27430347
s_016um_00344_00219-1,0.1791423
s_016um_00101_00388-1,0.27606118
s_016um_00134_00225-1,0.1902691
s_016um_00237_00092-1,0.22657208
s_016um_00217_00016-1,0.25816485
s_016um_00017_00270-1,0.25968844
s_016um_00094_00319-1,0.23998658
s_016um_00260_00183-1,0.23893261
s_016um_00095_00319-1,0.23082443
s_016um_00237_00354-1,0.2317388
s_016um_00120_00147-1,0.20013963
s_016um_00007_00157-1,0.24221317
s_016um_00078_00294-1,0.21296524
s_016um_00217_00284-1,0.2507843
s_016um_00091_00265-1,0.20259243
s_016um_00165_00122-1,0.19683087
s_016um_00356_00292-1,0.23108368
s_016um_00353_00097-1,0.26339722
s_016um_00081_00199-1,0.23807439
s_016um_00130_00315-1,0.22608155
s_016um_00092_00335-1,0.2069927
s_016um_00133_00090-1,0.23504429
s_016um_00406_00124-1,0.20252508
s_016um_00395_00220-1,0.23620877
s_016um_00045_00207-1,0.22445078
s_016um_00028_00337-1,0.2315376
s_016um_00188_00095-1,0.19651729
s_016um_00081_00238-1,0.33903852
s_016um_00340_00403-1,0.2703161
s_016um_00220_00027-1,0.28906474
s_016um_00101_00070-1,0.27095032
s_016um_00046_00210-1,0.2884684
s_016um_00222_00170-1,0.2213025
s_016um_00087_00068-1,0.20841566
s_016um_00070_00234-1,0.2817281
s_016um_00273_00206-1,0.27372292
s_016um_00225_00243-1,0.19901308
s_016um_00158_00292-1,0.23731168
s_016um_00209_00294-1,0.21022731
s_016um_00323_00299-1,0.24712032
s_016um_00211_00031-1,0.21476981
s_016um_00069_00129-1,0.2506794
s_016um_00324_00124-1,0.21961522
s_016um_00086_00280-1,0.23423699
s_016um_00332_00119-1,0.24508241
s_016um_00128_00389-1,0.16515514
s_016um_00323_00305-1,0.29120374
s_016um_00041_00213-1,0.29637536
s_016um_00226_00330-1,0.2609228
s_016um_00235_00355-1,0.25748602
s_016um_00217_00278-1,0.24394251
s_016um_00082_00241-1,0.26807305
s_016um_00146_00394-1,0.24220315
s_016um_00174_00374-1,0.19949774
s_016um_00223_00330-1,0.22329703
s_016um_00215_00034-1,0.2436996
s_016um_00328_00210-1,0.22259454
s_016um_00037_00173-1,0.23156048
s_016um_00017_00271-1,0.18756926
s_016um_00253_00031-1,0.29425982
s_016um_00004_00154-1,0.24839331
s_016um_00212_00293-1,0.21116202
s_016um_00393_00360-1,0.3214313
s_016um_00033_00336-1,0.24508685
s_016um_00043_00216-1,0.25279328
s_016um_00397_00364-1,0.25048634
s_016um_00368_00097-1,0.26927024
s_016um_00217_00029-1,0.21163908
s_016um_00388_00343-1,0.320059
s_016um_00218_00283-1,0.22989635
s_016um_00271_00226-1,0.2337124
s_016um_00171_00373-1,0.15224619
s_016um_00225_00251-1,0.23687531
s_016um_00081_00280-1,0.27897227
s_016um_00272_00035-1,0.25198466
s_016um_00416_00101-1,0.28534228
s_016um_00365_00226-1,0.20011783
s_016um_00418_00136-1,0.210873
s_016um_00216_00293-1,0.24673449
s_016um_00400_00256-1,0.2568543
s_016um_00042_00179-1,0.31566507
s_016um_00239_00181-1,0.29961085
s_016um_00370_00100-1,0.25139385
s_016um_00047_00211-1,0.22648275
s_016um_00130_00382-1,0.2252323
s_016um_00127_00091-1,0.27415553
s_016um_00273_00137-1,0.21726823
