spot_id,predicted_protein_value
s_016um_00380_00137-1,-2.354486
s_016um_00037_00102-1,-2.2168267
s_016um_00328_00304-1,-2.3641877
s_016um_00343_00400-1,-2.997805
s_016um_00009_00155-1,-2.0721703
s_016um_00009_00150-1,-2.1941924
s_016um_00109_00316-1,-1.8981755
s_016um_00330_00253-1,-2.4694011
s_016um_00366_00225-1,-2.3516314
s_016um_00267_00058-1,-2.7523496
s_016um_00274_00229-1,-2.2700312
s_016um_00219_00167-1,-2.2528358
s_016um_00209_00032-1,-2.2185397
s_016um_00112_00314-1,-1.9604616
s_016um_00122_00145-1,-2.2499726
s_016um_00201_00148-1,-2.0622466
s_016um_00232_00085-1,-2.033296
s_016um_00034_00102-1,-2.268267
s_016um_00080_00283-1,-2.125986
s_016um_00142_00062-1,-2.1898456
s_016um_00242_00085-1,-2.0154755
s_016um_00382_00138-1,-2.2148514
s_016um_00321_00227-1,-2.234427
s_016um_00081_00240-1,-2.371251
s_016um_00362_00411-1,-3.4926372
s_016um_00323_00167-1,-2.1682737
s_016um_00323_00162-1,-2.4840896
s_016um_00394_00215-1,-2.4489708
s_016um_00219_00026-1,-2.4338877
s_016um_00363_00414-1,-4.2098217
s_016um_00233_00267-1,-2.1426845
s_016um_00033_00089-1,-2.1356194
s_016um_00082_00197-1,-2.561729
s_016um_00235_00090-1,-2.544805
s_016um_00127_00318-1,-2.4830673
s_016um_00040_00098-1,-2.1513443
s_016um_00217_00172-1,-2.1569836
s_016um_00259_00034-1,-2.1333313
s_016um_00276_00133-1,-2.2931938
s_016um_00325_00123-1,-2.105435
s_016um_00341_00399-1,-2.3551078
s_016um_00191_00093-1,-2.0555813
s_016um_00129_00321-1,-1.8192022
s_016um_00263_00061-1,-2.2976286
s_016um_00341_00215-1,-2.230554
s_016um_00270_00034-1,-2.264246
s_016um_00395_00365-1,-2.7524054
s_016um_00083_00278-1,-2.1500473
s_016um_00134_00321-1,-3.4375687
s_016um_00038_00098-1,-2.3098338
s_016um_00278_00048-1,-2.2308877
s_016um_00120_00149-1,-1.8632089
s_016um_00199_00149-1,-1.9532931
s_016um_00275_00229-1,-2.0809624
s_016um_00140_00022-1,-2.4213393
s_016um_00080_00236-1,-2.2644787
s_016um_00367_00099-1,-2.9304552
s_016um_00232_00263-1,-2.3960342
s_016um_00166_00129-1,-2.3984246
s_016um_00356_00115-1,-2.3216019
s_016um_00230_00250-1,-2.3345196
s_016um_00394_00181-1,-2.1684182
s_016um_00137_00222-1,-2.328189
s_016um_00323_00228-1,-2.2534492
s_016um_00343_00215-1,-2.0540972
s_016um_00124_00383-1,-1.9914107
s_016um_00111_00320-1,-2.8913403
s_016um_00199_00148-1,-2.1738818
s_016um_00034_00336-1,-2.1228416
s_016um_00206_00149-1,-2.1721108
s_016um_00019_00265-1,-2.3765378
s_016um_00026_00089-1,-2.2185423
s_016um_00205_00153-1,-2.4145584
s_016um_00385_00292-1,-2.5137827
s_016um_00390_00181-1,-2.0458772
s_016um_00320_00166-1,-2.2067506
s_016um_00385_00293-1,-1.9217024
s_016um_00142_00218-1,-2.309419
s_016um_00130_00233-1,-2.1402855
s_016um_00101_00030-1,-2.4044921
s_016um_00216_00292-1,-2.1013796
s_016um_00409_00101-1,-2.343499
s_016um_00028_00335-1,-2.1643562
s_016um_00249_00020-1,-2.4846215
s_016um_00260_00127-1,-2.214387
s_016um_00217_00281-1,-2.2161639
s_016um_00081_00296-1,-2.0036957
s_016um_00368_00145-1,-2.3090615
s_016um_00128_00316-1,-2.5704184
s_016um_00270_00058-1,-2.5627768
s_016um_00138_00074-1,-2.1351166
s_016um_00236_00083-1,-2.192653
s_016um_00266_00059-1,-2.463459
s_016um_00076_00241-1,-1.9386894
s_016um_00320_00162-1,-2.1794658
s_016um_00216_00295-1,-2.153992
s_016um_00043_00049-1,-2.2526536
s_016um_00376_00119-1,-2.4786134
s_016um_00099_00071-1,-2.1882136
s_016um_00273_00132-1,-2.141884
s_016um_00145_00021-1,-2.3396122
s_016um_00356_00410-1,-3.5644763
s_016um_00098_00340-1,-2.3752837
s_016um_00171_00128-1,-2.0320907
s_016um_00203_00149-1,-2.1371818
s_016um_00195_00090-1,-2.0569804
s_016um_00098_00073-1,-2.0665522
s_016um_00337_00255-1,-2.3940403
s_016um_00401_00259-1,-2.1585312
s_016um_00211_00289-1,-2.1535306
s_016um_00372_00121-1,-2.1049182
s_016um_00087_00194-1,-2.1253436
s_016um_00220_00226-1,-2.084967
s_016um_00066_00126-1,-2.0280051
s_016um_00251_00020-1,-2.1860292
s_016um_00042_00044-1,-2.122664
s_016um_00098_00027-1,-2.161029
s_016um_00228_00249-1,-2.0216231
s_016um_00038_00172-1,-2.185561
s_016um_00209_00296-1,-2.109654
s_016um_00106_00385-1,-1.8387539
s_016um_00084_00266-1,-2.0645301
s_016um_00147_00399-1,-2.0545433
s_016um_00398_00182-1,-2.379721
s_016um_00273_00052-1,-2.1170435
s_016um_00101_00023-1,-2.1538663
s_016um_00378_00137-1,-2.321052
s_016um_00095_00277-1,-2.120191
s_016um_00141_00223-1,-2.307614
s_016um_00260_00133-1,-2.235792
s_016um_00272_00058-1,-2.178776
s_016um_00169_00370-1,-2.3382804
s_016um_00353_00023-1,-2.527585
s_016um_00389_00292-1,-2.2932665
s_016um_00253_00026-1,-2.109513
s_016um_00362_00226-1,-2.2564871
s_016um_00079_00236-1,-2.2357883
s_016um_00403_00150-1,-2.178153
s_016um_00046_00209-1,-2.2179737
s_016um_00400_00402-1,-7.574046
s_016um_00219_00281-1,-2.0985904
s_016um_00274_00225-1,-2.2518811
s_016um_00053_00248-1,-2.7216725
s_016um_00081_00292-1,-1.9443598
s_016um_00361_00290-1,-2.204126
s_016um_00277_00327-1,-2.1993074
s_016um_00138_00215-1,-2.3803778
s_016um_00074_00248-1,-1.9258739
s_016um_00083_00200-1,-2.193634
s_016um_00329_00218-1,-2.2576828
s_016um_00005_00296-1,-2.3377476
s_016um_00276_00208-1,-2.1246972
s_016um_00039_00178-1,-2.1207542
s_016um_00123_00386-1,-2.0603507
s_016um_00143_00020-1,-2.3132358
s_016um_00407_00401-1,-6.3039837
s_016um_00391_00343-1,-4.2788024
s_016um_00031_00331-1,-2.1930044
s_016um_00228_00237-1,-2.1030793
s_016um_00218_00032-1,-1.9089564
s_016um_00396_00220-1,-2.036868
s_016um_00215_00282-1,-2.3562815
s_016um_00008_00153-1,-2.2511704
s_016um_00102_00383-1,-2.0024922
s_016um_00184_00028-1,-2.27111
s_016um_00266_00057-1,-2.570779
s_016um_00141_00060-1,-2.380374
s_016um_00193_00120-1,-2.155791
s_016um_00268_00332-1,-2.1613307
s_016um_00209_00031-1,-2.3354084
s_016um_00354_00416-1,-4.979873
s_016um_00365_00098-1,-2.5345535
s_016um_00041_00049-1,-2.4147015
s_016um_00210_00296-1,-2.4017804
s_016um_00089_00068-1,-2.0298781
s_016um_00245_00086-1,-2.2019255
s_016um_00193_00130-1,-2.0391583
s_016um_00126_00089-1,-2.2968223
s_016um_00083_00071-1,-2.617836
s_016um_00235_00268-1,-2.1873708
s_016um_00219_00280-1,-2.2225697
s_016um_00079_00241-1,-2.2741563
s_016um_00133_00230-1,-2.0876207
s_016um_00257_00034-1,-2.3496864
s_016um_00263_00187-1,-2.4695845
s_016um_00394_00358-1,-3.5912585
s_016um_00105_00384-1,-2.1343126
s_016um_00129_00386-1,-2.1383104
s_016um_00262_00186-1,-2.5431902
s_016um_00417_00138-1,-2.018848
s_016um_00287_00092-1,-2.2371042
s_016um_00177_00032-1,-2.7087405
s_016um_00110_00318-1,-2.1677272
s_016um_00218_00277-1,-2.0550375
s_016um_00260_00033-1,-1.959877
s_016um_00386_00295-1,-2.1751304
s_016um_00360_00286-1,-2.311425
s_016um_00030_00331-1,-2.005755
s_016um_00266_00332-1,-2.2683625
s_016um_00197_00123-1,-1.9938011
s_016um_00271_00221-1,-2.2270818
s_016um_00265_00033-1,-2.2011344
s_016um_00273_00201-1,-1.900565
s_016um_00359_00096-1,-2.1647956
s_016um_00220_00030-1,-2.1584804
s_016um_00097_00317-1,-1.9292169
s_016um_00346_00212-1,-2.1915147
s_016um_00389_00345-1,-2.322922
s_016um_00067_00131-1,-2.3109825
s_016um_00401_00403-1,-6.34727
s_016um_00214_00029-1,-2.4567573
s_016um_00266_00036-1,-2.2379074
s_016um_00065_00235-1,-2.5054188
s_016um_00037_00045-1,-2.3169522
s_016um_00084_00029-1,-2.5592716
s_016um_00265_00336-1,-2.2508059
s_016um_00395_00217-1,-2.4028807
s_016um_00214_00278-1,-1.9265348
s_016um_00077_00293-1,-2.5350034
s_016um_00280_00130-1,-1.9907601
s_016um_00088_00267-1,-2.5115807
s_016um_00372_00120-1,-2.2074685
s_016um_00109_00315-1,-2.1950355
s_016um_00416_00142-1,-2.2000923
s_016um_00282_00325-1,-2.3581438
s_016um_00384_00128-1,-2.1511884
s_016um_00102_00068-1,-2.1783054
s_016um_00005_00299-1,-1.9653332
s_016um_00361_00415-1,-5.2197504
s_016um_00330_00214-1,-2.471293
s_016um_00265_00058-1,-2.5078225
s_016um_00222_00031-1,-2.2376778
s_016um_00364_00228-1,-2.1358175
s_016um_00381_00134-1,-2.062504
s_016um_00280_00204-1,-2.1187742
s_016um_00146_00018-1,-2.1020453
s_016um_00089_00067-1,-2.2643387
s_016um_00130_00086-1,-2.2225513
s_016um_00408_00098-1,-2.203839
s_016um_00060_00249-1,-2.4090095
s_016um_00334_00215-1,-2.12695
s_016um_00095_00276-1,-2.1586363
s_016um_00403_00120-1,-2.303902
s_016um_00267_00133-1,-2.1889732
s_016um_00229_00267-1,-2.1964285
s_016um_00384_00130-1,-2.1909385
s_016um_00029_00331-1,-1.9793972
s_016um_00226_00332-1,-2.09822
s_016um_00409_00152-1,-2.1960425
s_016um_00269_00037-1,-2.1202157
s_016um_00281_00315-1,-2.1932323
s_016um_00205_00148-1,-2.3576808
s_016um_00261_00190-1,-2.203269
s_016um_00083_00030-1,-2.3214705
s_016um_00106_00320-1,-2.136263
s_016um_00031_00087-1,-2.1829343
s_016um_00040_00041-1,-1.999326
s_016um_00079_00268-1,-2.044222
s_016um_00400_00123-1,-2.3418612
s_016um_00218_00010-1,-2.0707936
s_016um_00270_00331-1,-2.4409328
s_016um_00140_00018-1,-2.2391346
s_016um_00209_00033-1,-2.273685
s_016um_00267_00063-1,-2.1042705
s_016um_00041_00219-1,-2.276106
s_016um_00106_00389-1,-2.2590742
s_016um_00355_00290-1,-1.9267526
s_016um_00094_00337-1,-2.1296554
s_016um_00035_00005-1,-2.5104027
s_016um_00220_00278-1,-1.9561219
s_016um_00275_00051-1,-2.2745621
s_016um_00311_00054-1,-2.1923099
s_016um_00402_00395-1,-4.771928
s_016um_00334_00402-1,-2.6991506
s_016um_00125_00092-1,-2.3904274
s_016um_00328_00121-1,-2.331411
s_016um_00219_00012-1,-2.0458755
s_016um_00402_00216-1,-2.143176
s_016um_00136_00069-1,-2.6076818
s_016um_00140_00014-1,-2.176094
s_016um_00266_00330-1,-2.3161275
s_016um_00131_00315-1,-2.8583624
s_016um_00333_00210-1,-1.994672
s_016um_00356_00090-1,-2.3047829
s_016um_00092_00320-1,-2.3405437
s_016um_00120_00148-1,-2.143935
s_016um_00138_00076-1,-2.2297814
s_016um_00077_00236-1,-1.9768442
s_016um_00268_00230-1,-2.2426467
s_016um_00381_00139-1,-1.9334188
s_016um_00235_00362-1,-2.5855591
s_016um_00223_00230-1,-2.2074192
s_016um_00138_00221-1,-2.4875264
s_016um_00390_00338-1,-2.7159235
s_016um_00008_00295-1,-2.1602268
s_016um_00079_00280-1,-2.1822155
s_016um_00277_00201-1,-2.0777254
s_016um_00399_00122-1,-2.066963
s_016um_00308_00052-1,-2.1535203
s_016um_00357_00120-1,-2.3579206
s_016um_00071_00236-1,-2.3731093
s_016um_00367_00224-1,-2.127635
s_016um_00145_00062-1,-2.0567203
s_016um_00085_00279-1,-2.3383877
s_016um_00278_00138-1,-2.2495213
s_016um_00044_00244-1,-2.0696678
s_016um_00261_00335-1,-2.3475277
s_016um_00180_00033-1,-2.2454495
s_016um_00088_00265-1,-1.9575796
s_016um_00130_00317-1,-3.195539
s_016um_00323_00163-1,-2.0647771
s_016um_00359_00294-1,-2.3255162
s_016um_00219_00030-1,-2.0609925
s_016um_00048_00217-1,-2.3251464
s_016um_00008_00214-1,-1.9758806
s_016um_00098_00315-1,-2.1163435
s_016um_00259_00189-1,-2.1641126
s_016um_00278_00316-1,-1.9406754
s_016um_00126_00088-1,-2.4036667
s_016um_00261_00127-1,-2.2402759
s_016um_00402_00121-1,-2.2159595
s_016um_00081_00271-1,-2.136477
s_016um_00236_00188-1,-2.123559
s_016um_00370_00228-1,-2.141426
s_016um_00129_00085-1,-2.0886798
s_016um_00030_00329-1,-2.104157
s_016um_00059_00244-1,-2.5707374
s_016um_00040_00009-1,-2.0441585
s_016um_00041_00178-1,-2.1441393
s_016um_00272_00033-1,-2.5590749
s_016um_00393_00363-1,-2.9418116
s_016um_00094_00272-1,-2.371073
s_016um_00353_00025-1,-2.2131467
s_016um_00163_00123-1,-2.269461
s_016um_00085_00286-1,-2.0357263
s_016um_00033_00104-1,-2.085645
s_016um_00146_00059-1,-2.4730575
s_016um_00073_00249-1,-2.095048
s_016um_00144_00398-1,-2.3149133
s_016um_00106_00388-1,-2.4255335
s_016um_00095_00318-1,-2.2962935
s_016um_00280_00329-1,-1.9840308
s_016um_00383_00130-1,-2.1103556
s_016um_00061_00130-1,-2.4200246
s_016um_00396_00219-1,-2.3697796
s_016um_00336_00251-1,-2.4234686
s_016um_00086_00029-1,-1.9642376
s_016um_00227_00251-1,-2.1671903
s_016um_00045_00210-1,-2.2312014
s_016um_00145_00059-1,-2.0515668
s_016um_00312_00059-1,-2.045627
s_016um_00376_00120-1,-2.2264297
s_016um_00148_00396-1,-2.3685303
s_016um_00168_00371-1,-1.9500693
s_016um_00279_00325-1,-2.2802339
s_016um_00273_00333-1,-2.292909
s_016um_00355_00123-1,-2.4551804
s_016um_00325_00231-1,-1.9758885
s_016um_00267_00130-1,-2.311487
s_016um_00237_00188-1,-2.3409152
s_016um_00384_00295-1,-1.9794598
s_016um_00033_00088-1,-2.3099606
s_016um_00076_00296-1,-2.0862086
s_016um_00077_00299-1,-2.4236813
s_016um_00131_00389-1,-2.2696269
s_016um_00278_00130-1,-2.263801
s_016um_00040_00214-1,-2.401197
s_016um_00238_00188-1,-2.3659658
s_016um_00128_00383-1,-2.1386824
s_016um_00396_00363-1,-2.7561734
s_016um_00011_00154-1,-2.218804
s_016um_00262_00127-1,-2.1506667
s_016um_00354_00024-1,-2.1221938
s_016um_00130_00232-1,-1.987648
s_016um_00265_00054-1,-2.0093896
s_016um_00234_00260-1,-2.0889835
s_016um_00392_00360-1,-2.9486196
s_016um_00311_00056-1,-2.2860205
s_016um_00127_00383-1,-2.13805
s_016um_00085_00278-1,-2.2865667
s_016um_00265_00335-1,-2.068211
s_016um_00133_00320-1,-3.6020086
s_016um_00017_00272-1,-2.1173143
s_016um_00046_00241-1,-2.282498
s_016um_00216_00012-1,-2.5355456
s_016um_00329_00228-1,-2.1205254
s_016um_00042_00210-1,-2.2285278
s_016um_00093_00317-1,-2.104696
s_016um_00078_00252-1,-1.965091
s_016um_00081_00243-1,-2.0155854
s_016um_00259_00132-1,-2.0200813
s_016um_00046_00219-1,-2.34629
s_016um_00351_00117-1,-2.2238626
s_016um_00229_00331-1,-2.602685
s_016um_00241_00189-1,-2.1124544
s_016um_00173_00371-1,-3.2870002
s_016um_00028_00091-1,-2.250528
s_016um_00220_00015-1,-2.306421
s_016um_00076_00249-1,-2.0481017
s_016um_00277_00136-1,-2.26503
s_016um_00351_00019-1,-2.2129457
s_016um_00358_00090-1,-2.3068712
s_016um_00374_00121-1,-2.2560894
s_016um_00185_00030-1,-2.1910174
s_016um_00346_00215-1,-2.155685
s_016um_00210_00030-1,-2.132308
s_016um_00399_00371-1,-2.1992621
s_016um_00367_00227-1,-2.2052255
s_016um_00081_00195-1,-3.042076
s_016um_00014_00212-1,-2.7030215
s_016um_00339_00400-1,-2.435966
s_016um_00086_00265-1,-2.4194543
s_016um_00277_00326-1,-2.496998
s_016um_00072_00245-1,-1.9721174
s_016um_00082_00238-1,-2.2182896
s_016um_00183_00027-1,-2.2299278
s_016um_00371_00120-1,-2.30979
s_016um_00220_00236-1,-2.3332183
s_016um_00401_00368-1,-2.5493093
s_016um_00136_00075-1,-2.1328683
s_016um_00341_00219-1,-2.1492646
s_016um_00264_00132-1,-2.12788
s_016um_00235_00185-1,-2.342585
s_016um_00334_00212-1,-2.1642497
s_016um_00092_00267-1,-2.1953278
s_016um_00221_00168-1,-2.0104737
s_016um_00197_00126-1,-2.1303024
s_016um_00221_00228-1,-2.205177
s_016um_00100_00071-1,-2.0909488
s_016um_00259_00184-1,-2.4527543
s_016um_00357_00414-1,-4.3058863
s_016um_00078_00292-1,-2.0125988
s_016um_00326_00231-1,-2.1217675
s_016um_00090_00072-1,-1.798484
s_016um_00183_00028-1,-2.178604
s_016um_00265_00062-1,-2.5630496
s_016um_00223_00251-1,-2.0441017
s_016um_00042_00214-1,-2.829334
s_016um_00234_00265-1,-2.0541387
s_016um_00093_00339-1,-1.9838188
s_016um_00328_00214-1,-2.2221017
s_016um_00141_00018-1,-2.2597492
s_016um_00221_00016-1,-2.290197
s_016um_00134_00319-1,-3.274723
s_016um_00167_00372-1,-2.499803
s_016um_00390_00298-1,-2.3536868
s_016um_00270_00336-1,-2.3659644
s_016um_00265_00029-1,-2.0695505
s_016um_00141_00055-1,-2.0029428
s_016um_00407_00402-1,-7.1848145
s_016um_00265_00330-1,-2.1412363
s_016um_00275_00050-1,-1.9531652
s_016um_00313_00060-1,-2.3776035
s_016um_00229_00358-1,-2.1539085
s_016um_00358_00292-1,-2.189788
s_016um_00402_00255-1,-1.9580704
s_016um_00284_00094-1,-2.0873907
s_016um_00273_00312-1,-2.3278716
s_016um_00288_00100-1,-2.0768256
s_016um_00081_00270-1,-2.1927514
s_016um_00131_00226-1,-2.1216404
s_016um_00396_00261-1,-2.9725504
s_016um_00087_00265-1,-2.0378034
s_016um_00336_00256-1,-2.190362
s_016um_00102_00070-1,-2.5910075
s_016um_00273_00048-1,-2.236415
s_016um_00263_00332-1,-2.0986505
s_016um_00275_00319-1,-2.456293
s_016um_00049_00215-1,-2.4207926
s_016um_00094_00342-1,-2.1318038
s_016um_00369_00123-1,-2.3685157
s_016um_00224_00168-1,-2.3751674
s_016um_00331_00251-1,-2.1940365
s_016um_00388_00298-1,-2.1905591
s_016um_00222_00332-1,-2.0725138
s_016um_00080_00240-1,-2.1023414
s_016um_00136_00315-1,-2.8988905
s_016um_00280_00047-1,-2.373199
s_016um_00217_00028-1,-2.090312
s_016um_00104_00071-1,-2.079062
s_016um_00132_00230-1,-1.957654
s_016um_00221_00011-1,-2.0714586
s_016um_00237_00084-1,-2.5815647
s_016um_00079_00292-1,-1.9816011
s_016um_00396_00362-1,-2.6010053
s_016um_00079_00300-1,-2.130735
s_016um_00224_00328-1,-2.189802
s_016um_00086_00279-1,-2.121528
s_016um_00263_00055-1,-2.0285804
s_016um_00104_00384-1,-2.2607267
s_016um_00396_00183-1,-2.0474536
s_016um_00369_00225-1,-2.0546622
s_016um_00404_00404-1,-5.8888416
s_016um_00389_00299-1,-2.2339354
s_016um_00040_00100-1,-2.0752673
s_016um_00063_00133-1,-2.2605772
s_016um_00224_00029-1,-2.288439
s_016um_00140_00072-1,-2.4302926
s_016um_00318_00168-1,-2.393574
s_016um_00250_00019-1,-2.542055
s_016um_00332_00253-1,-2.349932
s_016um_00351_00119-1,-1.9280283
s_016um_00107_00385-1,-1.9927728
s_016um_00044_00046-1,-2.0880067
s_016um_00261_00192-1,-2.1185179
s_016um_00347_00214-1,-2.0037365
s_016um_00040_00176-1,-1.9321141
s_016um_00134_00090-1,-2.183235
s_016um_00351_00093-1,-2.3361883
s_016um_00243_00082-1,-2.4085624
s_016um_00033_00329-1,-1.944618
s_016um_00273_00208-1,-2.3644953
s_016um_00238_00359-1,-2.3365192
s_016um_00362_00292-1,-2.6033785
s_016um_00143_00056-1,-2.195595
s_016um_00122_00150-1,-2.041291
s_016um_00320_00168-1,-2.1520014
s_016um_00006_00295-1,-2.0288005
s_016um_00075_00250-1,-2.2372787
s_016um_00398_00362-1,-3.136128
s_016um_00027_00335-1,-2.1423569
s_016um_00339_00216-1,-2.1586013
s_016um_00213_00292-1,-2.1610246
s_016um_00334_00254-1,-2.7432761
s_016um_00099_00031-1,-2.251734
s_016um_00269_00059-1,-2.10622
s_016um_00018_00272-1,-2.1381967
s_016um_00228_00244-1,-2.070948
s_016um_00011_00214-1,-2.015437
s_016um_00164_00291-1,-2.265721
s_016um_00376_00143-1,-2.24268
s_016um_00243_00187-1,-2.4435418
s_016um_00330_00210-1,-2.114266
s_016um_00169_00122-1,-2.203495
s_016um_00394_00176-1,-2.300102
s_016um_00254_00028-1,-2.5233288
s_016um_00144_00054-1,-2.2969534
s_016um_00084_00073-1,-2.686363
s_016um_00225_00326-1,-2.8336864
s_016um_00134_00322-1,-3.7297864
s_016um_00088_00266-1,-2.0073848
s_016um_00074_00240-1,-2.221754
s_016um_00179_00026-1,-1.9314203
s_016um_00217_00173-1,-2.2755556
s_016um_00228_00250-1,-2.1567543
s_016um_00026_00087-1,-2.3676248
s_016um_00129_00233-1,-2.073455
s_016um_00091_00270-1,-2.244446
s_016um_00126_00091-1,-2.3160982
s_016um_00135_00314-1,-3.1762524
s_016um_00278_00132-1,-2.4775577
s_016um_00368_00142-1,-1.9712498
s_016um_00126_00094-1,-2.0460463
s_016um_00230_00246-1,-2.2089026
s_016um_00091_00319-1,-2.0521264
s_016um_00044_00240-1,-2.1793664
s_016um_00391_00184-1,-2.29383
s_016um_00267_00223-1,-2.2453918
s_016um_00036_00047-1,-2.3794641
s_016um_00143_00022-1,-2.2619715
s_016um_00131_00319-1,-3.3825622
s_016um_00089_00275-1,-1.9670981
s_016um_00272_00225-1,-2.1184459
s_016um_00139_00219-1,-2.3912132
s_016um_00222_00248-1,-2.3298874
s_016um_00087_00266-1,-2.1626058
s_016um_00371_00122-1,-2.0754092
s_016um_00241_00183-1,-2.418996
s_016um_00191_00094-1,-2.5900807
s_016um_00269_00054-1,-2.4634194
s_016um_00056_00245-1,-2.2080195
s_016um_00370_00144-1,-2.1537886
s_016um_00153_00395-1,-2.2280471
s_016um_00050_00241-1,-2.3977704
s_016um_00224_00025-1,-2.0170689
s_016um_00010_00299-1,-1.8609362
s_016um_00087_00034-1,-2.2464051
s_016um_00321_00301-1,-2.1169164
s_016um_00236_00357-1,-2.4450715
s_016um_00320_00229-1,-2.1454844
s_016um_00143_00015-1,-2.2752812
s_016um_00041_00208-1,-2.4124825
s_016um_00079_00198-1,-2.4498086
s_016um_00088_00066-1,-2.2002773
s_016um_00086_00284-1,-1.8841035
s_016um_00255_00025-1,-2.0513752
s_016um_00393_00361-1,-2.6114547
s_016um_00408_00396-1,-5.879616
s_016um_00062_00127-1,-2.1983554
s_016um_00043_00175-1,-2.0505667
s_016um_00274_00318-1,-2.4056096
s_016um_00159_00291-1,-2.1601045
s_016um_00289_00092-1,-2.2315507
s_016um_00106_00319-1,-2.2010732
s_016um_00239_00187-1,-2.0732117
s_016um_00388_00297-1,-2.318115
s_016um_00333_00250-1,-2.1796062
s_016um_00141_00216-1,-2.1511054
s_016um_00099_00027-1,-2.5428314
s_016um_00108_00317-1,-2.4178839
s_016um_00250_00026-1,-1.9346321
s_016um_00405_00122-1,-2.0852797
s_016um_00116_00146-1,-2.4712276
s_016um_00368_00099-1,-3.891982
s_016um_00267_00226-1,-2.1881406
s_016um_00103_00389-1,-2.119847
s_016um_00403_00401-1,-6.422572
s_016um_00240_00184-1,-2.1771052
s_016um_00021_00271-1,-2.5810962
s_016um_00127_00087-1,-2.179053
s_016um_00275_00326-1,-2.258036
s_016um_00082_00277-1,-2.1112688
s_016um_00234_00263-1,-2.2189875
s_016um_00368_00143-1,-1.9355344
s_016um_00412_00099-1,-2.031783
s_016um_00048_00241-1,-2.4135315
s_016um_00224_00031-1,-2.3714721
s_016um_00395_00361-1,-2.9746385
s_016um_00096_00028-1,-2.190354
s_016um_00266_00226-1,-2.054116
s_016um_00065_00231-1,-2.3882308
s_016um_00397_00256-1,-2.1006413
s_016um_00404_00123-1,-2.1713443
s_016um_00216_00294-1,-2.1026227
s_016um_00153_00396-1,-2.2827938
s_016um_00217_00168-1,-2.1204135
s_016um_00390_00359-1,-3.1974216
s_016um_00091_00276-1,-2.1832542
s_016um_00333_00258-1,-2.2341683
s_016um_00279_00315-1,-2.5473976
s_016um_00277_00050-1,-2.333253
s_016um_00415_00101-1,-2.2455356
s_016um_00210_00292-1,-2.2433093
s_016um_00141_00218-1,-2.0864267
s_016um_00239_00185-1,-2.2073088
s_016um_00254_00026-1,-2.2571714
s_016um_00078_00236-1,-2.2200997
s_016um_00364_00099-1,-2.4331198
s_016um_00131_00390-1,-2.180974
s_016um_00257_00190-1,-2.1637766
s_016um_00368_00229-1,-2.153571
s_016um_00273_00228-1,-2.1204338
s_016um_00142_00023-1,-2.0570784
s_016um_00309_00060-1,-2.4393237
s_016um_00166_00124-1,-2.210021
s_016um_00083_00036-1,-2.4150445
s_016um_00227_00264-1,-2.0952117
s_016um_00058_00249-1,-2.0418067
s_016um_00368_00120-1,-2.635471
s_016um_00257_00188-1,-1.9732289
s_016um_00387_00338-1,-2.241019
s_016um_00280_00321-1,-2.3343544
s_016um_00108_00384-1,-2.061199
s_016um_00085_00069-1,-2.4326599
s_016um_00189_00127-1,-2.3346238
s_016um_00086_00036-1,-2.0360858
s_016um_00096_00277-1,-1.9696214
s_016um_00098_00317-1,-2.1553087
s_016um_00261_00131-1,-2.230979
s_016um_00095_00272-1,-2.0851266
s_016um_00099_00068-1,-2.0205798
s_016um_00342_00213-1,-2.141164
s_016um_00013_00210-1,-2.2680058
s_016um_00009_00156-1,-2.2212687
s_016um_00391_00357-1,-3.723639
s_016um_00329_00211-1,-2.2332926
s_016um_00408_00124-1,-1.9617343
s_016um_00119_00151-1,-2.1386724
s_016um_00070_00129-1,-2.0745072
s_016um_00351_00118-1,-2.4144814
s_016um_00309_00052-1,-2.4678473
s_016um_00305_00056-1,-2.3339503
s_016um_00390_00343-1,-3.34553
s_016um_00026_00084-1,-1.949476
s_016um_00326_00121-1,-2.2394352
s_016um_00239_00358-1,-2.017887
s_016um_00220_00012-1,-2.0947595
s_016um_00165_00374-1,-2.0184388
s_016um_00134_00070-1,-2.0814795
s_016um_00280_00136-1,-2.2699597
s_016um_00228_00246-1,-2.0268831
s_016um_00077_00249-1,-2.0507593
s_016um_00394_00214-1,-2.4231472
s_016um_00375_00141-1,-2.0649302
s_016um_00042_00176-1,-2.1823044
s_016um_00222_00244-1,-1.7802992
s_016um_00005_00151-1,-2.5165026
s_016um_00071_00231-1,-1.8739831
s_016um_00396_00359-1,-3.2093368
s_016um_00141_00059-1,-2.2727492
s_016um_00222_00280-1,-2.3364432
s_016um_00331_00120-1,-2.2724705
s_016um_00224_00333-1,-2.0734274
s_016um_00269_00034-1,-2.091618
s_016um_00403_00403-1,-6.7340746
s_016um_00221_00013-1,-2.2063606
s_016um_00145_00061-1,-2.0885425
s_016um_00034_00009-1,-2.0560875
s_016um_00095_00334-1,-2.143735
s_016um_00401_00370-1,-2.2387865
s_016um_00360_00287-1,-2.1456394
s_016um_00101_00391-1,-2.1364756
s_016um_00279_00204-1,-2.1716952
s_016um_00404_00396-1,-5.3483133
s_016um_00082_00299-1,-1.9660857
s_016um_00388_00293-1,-2.5285878
s_016um_00181_00031-1,-2.3921483
s_016um_00107_00319-1,-2.8665783
s_016um_00104_00382-1,-2.1145895
s_016um_00286_00093-1,-2.2995663
s_016um_00330_00215-1,-3.2045088
s_016um_00065_00127-1,-2.3263628
s_016um_00391_00299-1,-2.6242137
s_016um_00245_00087-1,-2.2440891
s_016um_00217_00034-1,-2.007306
s_016um_00273_00226-1,-2.2956913
s_016um_00368_00096-1,-1.9979416
s_016um_00096_00336-1,-2.222664
s_016um_00277_00045-1,-1.9863144
s_016um_00086_00066-1,-2.6807358
s_016um_00240_00185-1,-2.2683954
s_016um_00277_00318-1,-2.1712503
s_016um_00139_00221-1,-2.1469696
s_016um_00287_00091-1,-2.2820683
s_016um_00222_00016-1,-2.230581
s_016um_00226_00233-1,-2.5694926
s_016um_00261_00134-1,-2.0618286
s_016um_00405_00395-1,-5.2022066
s_016um_00143_00063-1,-2.6336267
s_016um_00081_00283-1,-2.2553024
s_016um_00232_00354-1,-2.3966167
s_016um_00168_00126-1,-2.396295
s_016um_00278_00311-1,-2.3521645
s_016um_00399_00258-1,-2.3976858
s_016um_00271_00059-1,-2.2006216
s_016um_00140_00074-1,-2.0359418
s_016um_00044_00043-1,-2.2992952
s_016um_00216_00226-1,-2.2796247
s_016um_00319_00168-1,-2.1950822
s_016um_00132_00388-1,-2.330933
s_016um_00225_00332-1,-2.2782454
s_016um_00390_00360-1,-3.19992
s_016um_00062_00128-1,-2.382694
s_016um_00320_00167-1,-2.1842773
s_016um_00008_00207-1,-2.2446384
s_016um_00132_00088-1,-2.2443419
s_016um_00244_00089-1,-2.1291957
s_016um_00260_00193-1,-2.1478255
s_016um_00108_00313-1,-2.0651422
s_016um_00066_00232-1,-2.2554722
s_016um_00336_00250-1,-2.3920302
s_016um_00130_00385-1,-2.2488475
s_016um_00272_00336-1,-2.3564942
s_016um_00074_00245-1,-2.497728
s_016um_00140_00062-1,-2.248125
s_016um_00402_00401-1,-6.294511
s_016um_00132_00389-1,-2.2647352
s_016um_00273_00317-1,-2.6894023
s_016um_00389_00342-1,-2.6269383
s_016um_00082_00281-1,-1.9036697
s_016um_00260_00131-1,-2.1840708
s_016um_00215_00281-1,-2.1540768
s_016um_00097_00025-1,-2.5597296
s_016um_00097_00028-1,-2.5560215
s_016um_00005_00298-1,-2.1684875
s_016um_00128_00231-1,-1.929475
s_016um_00102_00028-1,-2.32733
s_016um_00353_00092-1,-2.0926387
s_016um_00360_00412-1,-3.68371
s_016um_00368_00123-1,-2.3424833
s_016um_00397_00366-1,-2.3194966
s_016um_00100_00389-1,-3.1855874
s_016um_00264_00062-1,-2.4879854
s_016um_00371_00146-1,-2.284629
s_016um_00241_00187-1,-2.1718695
s_016um_00069_00233-1,-2.0474262
s_016um_00403_00259-1,-2.7988381
s_016um_00217_00232-1,-2.1390421
s_016um_00087_00032-1,-2.4829454
s_016um_00100_00317-1,-2.3136704
s_016um_00271_00334-1,-2.2733257
s_016um_00358_00414-1,-4.185117
s_016um_00245_00085-1,-1.9873507
s_016um_00357_00118-1,-2.2339456
s_016um_00068_00131-1,-2.0762477
s_016um_00412_00101-1,-2.5768251
s_016um_00224_00024-1,-2.4275897
s_016um_00097_00275-1,-2.0986543
s_016um_00335_00212-1,-2.0386074
s_016um_00201_00150-1,-1.8777574
s_016um_00393_00365-1,-2.7283924
s_016um_00214_00295-1,-2.1261058
s_016um_00138_00070-1,-2.167368
s_016um_00349_00019-1,-2.250932
s_016um_00227_00333-1,-2.014564
s_016um_00233_00361-1,-2.1928792
s_016um_00035_00003-1,-2.2036374
s_016um_00165_00291-1,-2.0855055
s_016um_00405_00400-1,-6.9372606
s_016um_00333_00253-1,-2.3968022
s_016um_00045_00206-1,-2.1383083
s_016um_00314_00057-1,-2.3321102
s_016um_00400_00397-1,-4.23092
s_016um_00348_00019-1,-2.387987
s_016um_00391_00178-1,-2.5323074
s_016um_00346_00218-1,-2.2331553
s_016um_00321_00166-1,-2.194397
s_016um_00094_00334-1,-1.9959862
s_016um_00397_00212-1,-2.294292
s_016um_00415_00098-1,-2.0107012
s_016um_00398_00213-1,-2.0385013
s_016um_00196_00129-1,-2.2035022
s_016um_00261_00187-1,-2.298127
s_016um_00125_00389-1,-2.2174273
s_016um_00009_00213-1,-2.2243583
s_016um_00407_00149-1,-2.3225775
s_016um_00136_00217-1,-2.046094
s_016um_00085_00283-1,-2.0293224
s_016um_00039_00103-1,-2.1187487
s_016um_00250_00021-1,-2.2832284
s_016um_00162_00290-1,-2.0357661
s_016um_00243_00184-1,-2.2351267
s_016um_00079_00237-1,-1.9067414
s_016um_00132_00315-1,-2.9723182
s_016um_00272_00028-1,-2.167638
s_016um_00237_00184-1,-2.1640124
s_016um_00013_00296-1,-2.1092038
s_016um_00127_00386-1,-2.3377483
s_016um_00038_00041-1,-2.391191
s_016um_00368_00224-1,-2.172417
s_016um_00145_00398-1,-2.205945
s_016um_00351_00022-1,-2.560339
s_016um_00246_00088-1,-2.4082484
s_016um_00101_00067-1,-2.1566975
s_016um_00394_00367-1,-2.23648
s_016um_00284_00098-1,-2.1894124
s_016um_00330_00121-1,-2.097394
s_016um_00036_00043-1,-2.230895
s_016um_00268_00032-1,-2.7175748
s_016um_00415_00104-1,-2.136301
s_016um_00084_00066-1,-2.1943545
s_016um_00098_00335-1,-1.9899224
s_016um_00087_00268-1,-2.2843301
s_016um_00404_00398-1,-5.8705893
s_016um_00014_00209-1,-2.0801067
s_016um_00215_00229-1,-1.9968847
s_016um_00219_00227-1,-1.9864345
s_016um_00042_00215-1,-2.9737015
s_016um_00271_00048-1,-2.2708547
s_016um_00132_00322-1,-3.1307046
s_016um_00130_00231-1,-2.2010927
s_016um_00319_00228-1,-2.09682
s_016um_00326_00300-1,-2.1770153
s_016um_00398_00216-1,-2.0409849
s_016um_00280_00137-1,-2.1306403
s_016um_00222_00173-1,-2.8289118
s_016um_00393_00366-1,-2.5253978
s_016um_00194_00129-1,-2.4078043
s_016um_00137_00068-1,-2.175918
s_016um_00138_00017-1,-1.9116323
s_016um_00035_00004-1,-2.480974
s_016um_00016_00269-1,-2.1131833
s_016um_00349_00022-1,-2.1684582
s_016um_00256_00026-1,-2.6125987
s_016um_00011_00209-1,-2.114149
s_016um_00362_00293-1,-2.466487
s_016um_00400_00264-1,-2.1440654
s_016um_00005_00150-1,-2.1346467
s_016um_00265_00055-1,-2.0102875
s_016um_00356_00025-1,-2.3855605
s_016um_00032_00091-1,-2.1259665
s_016um_00082_00284-1,-2.1515298
s_016um_00121_00151-1,-2.153007
s_016um_00087_00067-1,-2.0353866
s_016um_00037_00049-1,-2.0296383
s_016um_00364_00097-1,-2.2464597
s_016um_00352_00118-1,-2.1152463
s_016um_00241_00090-1,-2.0813503
s_016um_00131_00322-1,-2.7580726
s_016um_00055_00249-1,-2.1314154
s_016um_00220_00277-1,-2.116937
s_016um_00410_00146-1,-2.2638032
s_016um_00355_00291-1,-2.22154
s_016um_00099_00319-1,-2.2231328
s_016um_00221_00277-1,-2.3272097
s_016um_00274_00314-1,-2.3329403
s_016um_00222_00250-1,-2.0824842
s_016um_00130_00092-1,-1.9969279
s_016um_00038_00210-1,-2.1861084
s_016um_00404_00257-1,-2.0557935
s_016um_00392_00182-1,-2.173395
s_016um_00182_00025-1,-2.529671
s_016um_00408_00101-1,-2.3932233
s_016um_00098_00022-1,-2.3005183
s_016um_00392_00343-1,-2.9911642
s_016um_00192_00124-1,-2.4012458
s_016um_00116_00145-1,-2.6448193
s_016um_00116_00150-1,-2.259287
s_016um_00083_00295-1,-2.0089345
s_016um_00214_00294-1,-2.2081046
s_016um_00290_00097-1,-2.053518
s_016um_00084_00267-1,-2.1759238
s_016um_00325_00230-1,-2.072575
s_016um_00353_00091-1,-2.08036
s_016um_00248_00019-1,-2.0909872
s_016um_00029_00083-1,-1.9590164
s_016um_00406_00152-1,-2.0140398
s_016um_00135_00233-1,-2.0762863
s_016um_00135_00225-1,-2.1890547
s_016um_00099_00072-1,-2.2466447
s_016um_00141_00054-1,-2.3126686
s_016um_00087_00199-1,-2.1733863
s_016um_00207_00152-1,-2.1952696
s_016um_00324_00300-1,-2.1229987
s_016um_00028_00092-1,-2.2509732
s_016um_00264_00330-1,-2.0015094
s_016um_00089_00072-1,-2.3554635
s_016um_00101_00072-1,-2.2557855
s_016um_00112_00319-1,-2.0495925
s_016um_00325_00166-1,-2.1615875
s_016um_00072_00247-1,-2.0101
s_016um_00084_00272-1,-2.088259
s_016um_00223_00332-1,-2.3556414
s_016um_00047_00241-1,-2.4668205
s_016um_00080_00195-1,-2.5919092
s_016um_00333_00212-1,-2.0741868
s_016um_00353_00090-1,-2.314433
s_016um_00394_00371-1,-2.8883884
s_016um_00032_00092-1,-2.0585785
s_016um_00214_00283-1,-2.161373
s_016um_00356_00114-1,-2.5116875
s_016um_00177_00028-1,-2.0473862
s_016um_00252_00025-1,-2.1277387
s_016um_00225_00249-1,-2.1398685
s_016um_00247_00090-1,-2.20271
s_016um_00080_00280-1,-2.0766919
s_016um_00224_00233-1,-2.1478307
s_016um_00280_00051-1,-2.2951214
s_016um_00034_00098-1,-2.7713504
s_016um_00406_00399-1,-6.2509413
s_016um_00395_00338-1,-2.284729
s_016um_00406_00127-1,-2.102673
s_016um_00404_00153-1,-2.5602345
s_016um_00042_00047-1,-2.1282444
s_016um_00009_00212-1,-2.5409462
s_016um_00383_00133-1,-2.4329355
s_016um_00219_00011-1,-2.1738
s_016um_00011_00297-1,-2.0990522
s_016um_00388_00294-1,-2.2576935
s_016um_00027_00091-1,-2.2741213
s_016um_00212_00034-1,-2.1264706
s_016um_00256_00190-1,-2.2401125
s_016um_00329_00213-1,-2.108979
s_016um_00343_00214-1,-2.0325422
s_016um_00224_00032-1,-2.220523
s_016um_00278_00050-1,-2.710928
s_016um_00377_00138-1,-2.5812626
s_016um_00348_00213-1,-2.2306957
s_016um_00207_00146-1,-2.2039688
s_016um_00321_00302-1,-2.2117913
s_016um_00140_00020-1,-2.3809729
s_016um_00355_00115-1,-2.2696419
s_016um_00040_00170-1,-2.9637275
s_016um_00405_00145-1,-2.126542
s_016um_00095_00315-1,-2.1841161
s_016um_00265_00032-1,-2.0793626
s_016um_00088_00032-1,-2.1385531
s_016um_00216_00168-1,-2.3891935
s_016um_00096_00320-1,-2.1427565
s_016um_00359_00117-1,-2.268578
s_016um_00092_00279-1,-2.1306152
s_016um_00402_00127-1,-2.1627095
s_016um_00415_00140-1,-2.1828897
s_016um_00354_00290-1,-2.2867572
s_016um_00139_00218-1,-2.0773067
s_016um_00395_00373-1,-2.4545932
s_016um_00217_00026-1,-2.399481
s_016um_00321_00232-1,-2.027829
s_016um_00264_00130-1,-2.1811256
s_016um_00313_00052-1,-2.101977
s_016um_00086_00268-1,-2.1169462
s_016um_00169_00125-1,-2.397884
s_016um_00018_00263-1,-2.2414432
s_016um_00407_00123-1,-2.0678883
s_016um_00029_00087-1,-1.8994973
s_016um_00085_00065-1,-2.20261
s_016um_00140_00076-1,-3.2517555
s_016um_00014_00270-1,-2.3372161
s_016um_00266_00132-1,-2.4014323
s_016um_00125_00093-1,-2.1021216
s_016um_00231_00263-1,-2.3756514
s_016um_00151_00401-1,-2.1266105
s_016um_00071_00246-1,-2.3067179
s_016um_00263_00184-1,-2.1228876
s_016um_00258_00031-1,-2.2810225
s_016um_00099_00073-1,-2.0875304
s_016um_00332_00216-1,-2.0646784
s_016um_00152_00396-1,-2.1010847
s_016um_00214_00281-1,-2.2759697
s_016um_00083_00272-1,-2.1980858
s_016um_00212_00295-1,-2.0594814
s_016um_00405_00149-1,-2.1431806
s_016um_00279_00044-1,-2.1708224
s_016um_00221_00330-1,-2.0286214
s_016um_00081_00030-1,-2.240911
s_016um_00414_00136-1,-2.076872
s_016um_00133_00076-1,-2.2647054
s_016um_00360_00414-1,-3.5706737
s_016um_00326_00166-1,-2.252806
s_016um_00403_00399-1,-5.7646966
s_016um_00369_00223-1,-2.3561473
s_016um_00237_00356-1,-2.2481902
s_016um_00041_00210-1,-2.5710938
s_016um_00008_00211-1,-2.5442274
s_016um_00201_00145-1,-2.1764214
s_016um_00230_00360-1,-2.1447198
s_016um_00147_00394-1,-2.1426203
s_016um_00146_00399-1,-2.445555
s_016um_00360_00410-1,-2.7478685
s_016um_00080_00035-1,-2.1964645
s_016um_00010_00214-1,-2.4869847
s_016um_00383_00128-1,-2.0294528
s_016um_00399_00126-1,-2.1213522
s_016um_00324_00123-1,-2.2444026
s_016um_00093_00319-1,-2.287885
s_016um_00093_00274-1,-2.0480485
s_016um_00280_00316-1,-2.1611664
s_016um_00327_00125-1,-2.1150455
s_016um_00261_00191-1,-2.0604
s_016um_00111_00314-1,-2.0944412
s_016um_00049_00242-1,-2.604464
s_016um_00284_00096-1,-2.0306396
s_016um_00041_00103-1,-2.4795985
s_016um_00387_00298-1,-2.3441963
s_016um_00144_00060-1,-2.267093
s_016um_00320_00169-1,-2.2689412
s_016um_00231_00266-1,-2.029074
s_016um_00171_00124-1,-2.4411695
s_016um_00032_00330-1,-2.1580384
s_016um_00227_00234-1,-2.6425261
s_016um_00136_00221-1,-2.4417953
s_016um_00059_00249-1,-2.1841326
s_016um_00399_00367-1,-3.0074058
s_016um_00396_00262-1,-2.3242075
s_016um_00043_00245-1,-2.2326114
s_016um_00167_00378-1,-2.2262597
s_016um_00064_00127-1,-2.2161462
s_016um_00043_00179-1,-2.5839972
s_016um_00114_00318-1,-2.0610342
s_016um_00213_00289-1,-2.2740123
s_016um_00328_00301-1,-2.5366256
s_016um_00096_00322-1,-2.2917128
s_016um_00279_00050-1,-2.2349198
s_016um_00353_00093-1,-1.8832855
s_016um_00041_00100-1,-1.9676481
s_016um_00398_00358-1,-3.2628517
s_016um_00355_00092-1,-2.3128514
s_016um_00280_00324-1,-2.4434607
s_016um_00081_00272-1,-2.1678975
s_016um_00113_00315-1,-1.9924355
s_016um_00280_00312-1,-2.1564527
s_016um_00039_00204-1,-2.1886053
s_016um_00048_00242-1,-3.3900912
s_016um_00035_00331-1,-2.2547355
s_016um_00374_00120-1,-2.3112926
s_016um_00176_00029-1,-2.0632243
s_016um_00131_00384-1,-2.316453
s_016um_00058_00243-1,-2.1599414
s_016um_00214_00282-1,-2.427308
s_016um_00289_00100-1,-2.2694101
s_016um_00235_00261-1,-2.1876214
s_016um_00372_00146-1,-2.5408342
s_016um_00085_00070-1,-2.2208843
s_016um_00132_00073-1,-2.2203672
s_016um_00172_00376-1,-2.0876744
s_016um_00268_00033-1,-2.1056323
s_016um_00253_00028-1,-2.3571138
s_016um_00321_00305-1,-2.017655
s_016um_00097_00338-1,-2.2846901
s_016um_00380_00128-1,-2.1716967
s_016um_00128_00388-1,-2.0400329
s_016um_00232_00260-1,-2.1218693
s_016um_00232_00087-1,-2.3844407
s_016um_00284_00099-1,-2.2554233
s_016um_00184_00029-1,-2.2501836
s_016um_00243_00189-1,-2.1804278
s_016um_00275_00045-1,-2.2577686
s_016um_00009_00209-1,-2.2880466
s_016um_00046_00244-1,-2.2175531
s_016um_00222_00233-1,-2.273758
s_016um_00253_00022-1,-2.1024408
s_016um_00083_00283-1,-2.0659814
s_016um_00374_00144-1,-2.106508
s_016um_00117_00151-1,-2.1778593
s_016um_00078_00242-1,-2.129146
s_016um_00400_00216-1,-2.4538236
s_016um_00094_00333-1,-2.2692578
s_016um_00222_00331-1,-2.258042
s_016um_00130_00087-1,-2.4882104
s_016um_00261_00129-1,-2.4087718
s_016um_00215_00280-1,-2.225751
s_016um_00226_00235-1,-2.1721501
s_016um_00387_00296-1,-2.4268599
s_016um_00338_00401-1,-2.6820514
s_016um_00394_00357-1,-2.6652226
s_016um_00039_00174-1,-2.292913
s_016um_00090_00069-1,-2.1898508
s_016um_00213_00279-1,-2.1884766
s_016um_00240_00084-1,-2.3223689
s_016um_00266_00034-1,-2.2459674
s_016um_00249_00019-1,-2.3117316
s_016um_00216_00227-1,-2.0937195
s_016um_00264_00188-1,-2.1139712
s_016um_00010_00298-1,-2.2177656
s_016um_00118_00151-1,-2.073694
s_016um_00027_00085-1,-2.075891
s_016um_00276_00201-1,-2.0341635
s_016um_00174_00371-1,-2.662635
s_016um_00355_00411-1,-3.1312504
s_016um_00042_00240-1,-2.2332003
s_016um_00084_00270-1,-2.047334
s_016um_00405_00396-1,-4.3101063
s_016um_00402_00399-1,-4.9775105
s_016um_00096_00026-1,-2.1424966
s_016um_00281_00205-1,-2.147381
s_016um_00168_00129-1,-2.363777
s_016um_00071_00250-1,-2.1705987
s_016um_00383_00138-1,-2.1468382
s_016um_00082_00066-1,-2.2727118
s_016um_00371_00226-1,-2.1664228
s_016um_00091_00069-1,-2.3097584
s_016um_00229_00265-1,-1.9951953
s_016um_00238_00182-1,-2.3496413
s_016um_00268_00225-1,-2.293462
s_016um_00085_00280-1,-1.9085898
s_016um_00372_00098-1,-1.9074835
s_016um_00390_00295-1,-2.0509405
s_016um_00242_00086-1,-2.048537
s_016um_00083_00067-1,-1.8419781
s_016um_00355_00094-1,-2.233906
s_016um_00393_00218-1,-2.3524323
s_016um_00025_00085-1,-1.9869128
s_016um_00010_00155-1,-2.2497516
s_016um_00379_00137-1,-2.3748126
s_016um_00264_00332-1,-2.141087
s_016um_00357_00122-1,-2.3135638
s_016um_00072_00252-1,-2.3545244
s_016um_00384_00131-1,-2.2739785
s_016um_00389_00339-1,-2.1969604
s_016um_00225_00229-1,-2.158918
s_016um_00217_00283-1,-2.2030137
s_016um_00233_00356-1,-2.0720499
s_016um_00010_00152-1,-2.179988
s_016um_00257_00031-1,-2.246153
s_016um_00328_00227-1,-2.3029995
s_016um_00237_00086-1,-2.243706
s_016um_00034_00337-1,-2.1042023
s_016um_00057_00241-1,-2.0394404
s_016um_00222_00169-1,-2.0972316
s_016um_00063_00128-1,-2.1715062
s_016um_00373_00145-1,-2.929538
s_016um_00039_00100-1,-2.0502844
s_016um_00347_00218-1,-2.1509714
s_016um_00095_00028-1,-2.1608748
s_016um_00357_00116-1,-2.4734602
s_016um_00140_00019-1,-1.9682069
s_016um_00247_00089-1,-2.1836042
s_016um_00279_00311-1,-2.368143
s_016um_00122_00144-1,-2.121125
s_016um_00415_00138-1,-2.1461673
s_016um_00169_00121-1,-2.0346193
s_016um_00273_00135-1,-2.1918242
s_016um_00240_00190-1,-2.2071838
s_016um_00089_00273-1,-2.0235634
s_016um_00110_00316-1,-2.2331848
s_016um_00096_00340-1,-2.141163
s_016um_00324_00223-1,-2.2171278
s_016um_00252_00030-1,-2.2642996
s_016um_00337_00404-1,-3.1477194
s_016um_00086_00264-1,-2.2764091
s_016um_00062_00131-1,-2.1694763
s_016um_00041_00207-1,-2.146681
s_016um_00215_00033-1,-2.3181987
s_016um_00370_00096-1,-2.0600216
s_016um_00084_00033-1,-2.084766
s_016um_00192_00123-1,-2.2875173
s_016um_00094_00323-1,-2.7846427
s_016um_00393_00184-1,-2.2808726
s_016um_00015_00265-1,-2.1765769
s_016um_00358_00293-1,-2.0476499
s_016um_00275_00227-1,-2.351175
s_016um_00308_00057-1,-2.2368882
s_016um_00399_00124-1,-2.052226
s_016um_00357_00289-1,-2.1861918
s_016um_00248_00084-1,-2.0001097
s_016um_00085_00036-1,-2.3367093
s_016um_00371_00101-1,-2.4907591
s_016um_00178_00028-1,-2.0878448
s_016um_00397_00183-1,-2.2231033
s_016um_00031_00338-1,-2.4550405
s_016um_00135_00217-1,-2.0635388
s_016um_00306_00056-1,-1.8337966
s_016um_00222_00335-1,-2.0898213
s_016um_00035_00334-1,-2.25975
s_016um_00034_00335-1,-2.3498728
s_016um_00096_00334-1,-2.1095858
s_016um_00264_00134-1,-2.1980596
s_016um_00053_00249-1,-2.3541925
s_016um_00394_00177-1,-2.0187716
s_016um_00324_00306-1,-1.9692615
s_016um_00342_00218-1,-2.2140815
s_016um_00131_00087-1,-2.1798286
s_016um_00258_00185-1,-2.7607636
s_016um_00095_00024-1,-2.0124335
s_016um_00189_00096-1,-2.4228144
s_016um_00270_00036-1,-2.2729788
s_016um_00012_00300-1,-2.2137039
s_016um_00104_00070-1,-2.1825252
s_016um_00362_00287-1,-2.2029312
s_016um_00391_00297-1,-2.88362
s_016um_00135_00069-1,-2.92275
s_016um_00099_00322-1,-2.2825577
s_016um_00272_00208-1,-2.2616673
s_016um_00336_00403-1,-2.865683
s_016um_00129_00387-1,-2.1380203
s_016um_00268_00062-1,-2.0498195
s_016um_00096_00338-1,-2.4676886
s_016um_00140_00056-1,-2.2146876
s_016um_00140_00217-1,-2.158843
s_016um_00264_00059-1,-2.525465
s_016um_00356_00023-1,-2.5838883
s_016um_00106_00317-1,-2.0433495
s_016um_00191_00090-1,-2.2239597
s_016um_00284_00100-1,-2.003241
s_016um_00035_00100-1,-2.0626605
s_016um_00105_00385-1,-2.1535468
s_016um_00327_00230-1,-2.20505
s_016um_00262_00130-1,-2.498936
s_016um_00385_00129-1,-2.0797431
s_016um_00083_00269-1,-2.0779612
s_016um_00357_00121-1,-2.1967223
s_016um_00390_00358-1,-4.6459002
s_016um_00401_00255-1,-2.7351155
s_016um_00082_00032-1,-2.12393
s_016um_00226_00248-1,-2.1649384
s_016um_00022_00266-1,-2.0502124
s_016um_00318_00169-1,-2.0023518
s_016um_00246_00084-1,-2.1243913
s_016um_00098_00029-1,-2.3428166
s_016um_00279_00130-1,-2.2259934
s_016um_00398_00178-1,-2.518236
s_016um_00080_00029-1,-2.2863758
s_016um_00040_00179-1,-2.5980816
s_016um_00030_00334-1,-2.2505522
s_016um_00325_00225-1,-2.1782978
s_016um_00079_00278-1,-2.1950617
s_016um_00082_00195-1,-2.8987458
s_016um_00010_00216-1,-2.6508608
s_016um_00336_00399-1,-2.9496517
s_016um_00335_00215-1,-2.1361096
s_016um_00212_00297-1,-2.008338
s_016um_00227_00244-1,-2.078771
s_016um_00322_00161-1,-3.0663958
s_016um_00139_00075-1,-2.1094077
s_016um_00385_00127-1,-2.2909472
s_016um_00030_00087-1,-2.0699492
s_016um_00092_00277-1,-1.9587543
s_016um_00041_00244-1,-2.2964892
s_016um_00024_00088-1,-2.2310228
s_016um_00256_00185-1,-2.2832036
s_016um_00391_00345-1,-4.7400675
s_016um_00110_00317-1,-2.2091217
s_016um_00218_00280-1,-2.0831602
s_016um_00314_00053-1,-2.1778748
s_016um_00266_00056-1,-2.3004549
s_016um_00209_00297-1,-2.1513834
s_016um_00142_00220-1,-2.5427372
s_016um_00394_00212-1,-2.2021794
s_016um_00203_00151-1,-2.1830382
s_016um_00112_00316-1,-2.2953432
s_016um_00140_00219-1,-1.9556863
s_016um_00372_00099-1,-2.1204052
s_016um_00233_00092-1,-2.2929974
s_016um_00045_00214-1,-2.0661633
s_016um_00267_00060-1,-2.1179776
s_016um_00208_00292-1,-2.1624265
s_016um_00188_00097-1,-2.4388664
s_016um_00325_00232-1,-1.9637944
s_016um_00328_00122-1,-2.0047386
s_016um_00384_00137-1,-2.1772516
s_016um_00278_00201-1,-2.0242252
s_016um_00323_00303-1,-1.9480584
s_016um_00228_00233-1,-1.8216913
s_016um_00267_00034-1,-2.1905656
s_016um_00020_00268-1,-2.423908
s_016um_00380_00134-1,-2.233317
s_016um_00418_00141-1,-2.0302682
s_016um_00223_00027-1,-2.1945057
s_016um_00275_00317-1,-2.3371923
s_016um_00135_00317-1,-3.4702563
s_016um_00136_00316-1,-3.398169
s_016um_00368_00146-1,-2.3506317
s_016um_00232_00259-1,-2.2745838
s_016um_00225_00333-1,-1.9884502
s_016um_00190_00096-1,-2.4783783
s_016um_00092_00276-1,-2.0593662
s_016um_00219_00166-1,-2.1042392
s_016um_00102_00030-1,-2.075042
s_016um_00081_00033-1,-2.3622355
s_016um_00035_00335-1,-2.1952314
s_016um_00407_00127-1,-2.0076187
s_016um_00088_00070-1,-2.5092475
s_016um_00278_00314-1,-2.0791886
s_016um_00100_00026-1,-2.1145544
s_016um_00170_00129-1,-2.0067658
s_016um_00352_00095-1,-2.0251162
s_016um_00085_00269-1,-2.0018983
s_016um_00288_00098-1,-2.456236
s_016um_00276_00137-1,-1.9885805
s_016um_00008_00156-1,-2.2036452
s_016um_00196_00091-1,-2.4447618
s_016um_00313_00055-1,-2.1069922
s_016um_00276_00138-1,-2.5557015
s_016um_00075_00246-1,-2.1063325
s_016um_00083_00266-1,-2.129037
s_016um_00279_00132-1,-2.390705
s_016um_00355_00020-1,-2.442693
s_016um_00288_00099-1,-2.107461
s_016um_00221_00033-1,-1.9432764
s_016um_00103_00068-1,-2.304913
s_016um_00136_00227-1,-2.173759
s_016um_00095_00278-1,-2.0789778
s_016um_00265_00132-1,-2.1586041
s_016um_00321_00230-1,-2.2087455
s_016um_00028_00332-1,-2.1321483
s_016um_00383_00140-1,-2.3027446
s_016um_00404_00402-1,-7.002841
s_016um_00197_00094-1,-2.2847202
s_016um_00011_00210-1,-2.258125
s_016um_00253_00021-1,-2.2647374
s_016um_00341_00397-1,-2.6762972
s_016um_00288_00093-1,-2.2428095
s_016um_00401_00261-1,-2.310565
s_016um_00381_00135-1,-1.9825258
s_016um_00045_00213-1,-2.34832
s_016um_00364_00225-1,-1.9339375
s_016um_00291_00098-1,-2.065401
s_016um_00373_00117-1,-2.3174694
s_016um_00167_00373-1,-2.1084666
s_016um_00252_00024-1,-2.1799064
s_016um_00344_00221-1,-3.5895221
s_016um_00255_00023-1,-1.9935194
s_016um_00223_00169-1,-2.1311674
s_016um_00277_00324-1,-2.7783859
s_016um_00354_00094-1,-2.2371018
s_016um_00244_00091-1,-2.05095
s_016um_00238_00357-1,-2.0680966
s_016um_00033_00005-1,-2.4338934
s_016um_00356_00119-1,-2.1607697
s_016um_00041_00209-1,-2.4937851
s_016um_00075_00240-1,-2.3122904
s_016um_00394_00220-1,-2.4641883
s_016um_00406_00121-1,-2.234563
s_016um_00328_00230-1,-2.0690267
s_016um_00149_00398-1,-2.1325514
s_016um_00083_00264-1,-1.9559159
s_016um_00368_00228-1,-2.3099644
s_016um_00393_00180-1,-2.0465152
s_016um_00167_00126-1,-2.4640217
s_016um_00277_00320-1,-2.2679863
s_016um_00221_00239-1,-2.034132
s_016um_00047_00213-1,-2.3204339
s_016um_00070_00233-1,-2.133709
s_016um_00101_00066-1,-2.2029173
s_016um_00246_00087-1,-2.3486235
s_016um_00391_00180-1,-2.9539163
s_016um_00405_00153-1,-2.3068547
s_016um_00351_00095-1,-2.212327
s_016um_00077_00252-1,-2.2520354
s_016um_00236_00359-1,-2.3777325
s_016um_00013_00295-1,-2.446921
s_016um_00322_00224-1,-1.9831028
s_016um_00397_00181-1,-1.9509952
s_016um_00213_00293-1,-2.0571933
s_016um_00282_00328-1,-2.1935956
s_016um_00076_00292-1,-2.2228637
s_016um_00148_00402-1,-2.2013597
s_016um_00335_00250-1,-2.3866267
s_016um_00405_00123-1,-2.2858696
s_016um_00195_00096-1,-2.2530336
s_016um_00357_00117-1,-2.3962827
s_016um_00008_00208-1,-2.4443033
s_016um_00342_00219-1,-2.1964803
s_016um_00354_00122-1,-2.1194673
s_016um_00063_00130-1,-2.2373242
s_016um_00330_00256-1,-2.3874137
s_016um_00181_00027-1,-2.15452
s_016um_00133_00088-1,-2.494172
s_016um_00062_00129-1,-2.3848352
s_016um_00224_00332-1,-2.1091585
s_016um_00369_00117-1,-2.2532763
s_016um_00213_00014-1,-2.2365227
s_016um_00364_00227-1,-2.0138826
s_016um_00084_00282-1,-1.9561827
s_016um_00211_00290-1,-2.3623102
s_016um_00371_00144-1,-2.069951
s_016um_00267_00030-1,-2.364356
s_016um_00241_00088-1,-2.4462967
s_016um_00222_00247-1,-2.2216597
s_016um_00280_00325-1,-2.3510842
s_016um_00040_00241-1,-2.3434236
s_016um_00223_00032-1,-2.2463315
s_016um_00324_00121-1,-2.380001
s_016um_00098_00322-1,-2.177366
s_016um_00248_00089-1,-2.4081933
s_016um_00045_00236-1,-2.099429
s_016um_00081_00265-1,-2.0550454
s_016um_00085_00272-1,-2.211633
s_016um_00396_00184-1,-2.1139894
s_016um_00352_00092-1,-2.0559244
s_016um_00362_00229-1,-2.0844865
s_016um_00041_00176-1,-2.3998797
s_016um_00146_00062-1,-2.4791512
s_016um_00054_00242-1,-2.3744118
s_016um_00037_00042-1,-2.1314595
s_016um_00135_00076-1,-2.2437055
s_016um_00166_00377-1,-2.5372114
s_016um_00312_00055-1,-2.180391
s_016um_00216_00027-1,-2.4453907
s_016um_00345_00213-1,-2.1849084
s_016um_00277_00314-1,-2.9216187
s_016um_00171_00123-1,-2.1225328
s_016um_00257_00185-1,-2.342975
s_016um_00261_00029-1,-2.3429062
s_016um_00180_00030-1,-2.0941749
s_016um_00077_00296-1,-2.1651177
s_016um_00399_00399-1,-4.4112234
s_016um_00328_00302-1,-2.4946017
s_016um_00363_00226-1,-2.1260364
s_016um_00080_00298-1,-2.2084284
s_016um_00182_00030-1,-2.1812634
s_016um_00070_00237-1,-2.215175
s_016um_00243_00084-1,-2.193763
s_016um_00063_00127-1,-2.3025613
s_016um_00263_00132-1,-2.0511692
s_016um_00327_00126-1,-2.1231554
s_016um_00083_00194-1,-2.349989
s_016um_00403_00145-1,-2.0689888
s_016um_00314_00058-1,-1.94984
s_016um_00033_00009-1,-2.1333575
s_016um_00328_00216-1,-2.2861009
s_016um_00341_00403-1,-2.5025496
s_016um_00214_00284-1,-2.562291
s_016um_00394_00373-1,-2.297905
s_016um_00415_00100-1,-2.1413136
s_016um_00398_00256-1,-2.4555416
s_016um_00412_00098-1,-2.062093
s_016um_00089_00270-1,-2.100512
s_016um_00288_00092-1,-1.9694769
s_016um_00131_00316-1,-2.7244272
s_016um_00141_00222-1,-2.2301521
s_016um_00236_00182-1,-2.4164276
s_016um_00271_00224-1,-2.158893
s_016um_00385_00294-1,-2.2247217
s_016um_00112_00320-1,-2.6051974
s_016um_00402_00148-1,-2.2482178
s_016um_00269_00225-1,-2.301587
s_016um_00079_00245-1,-2.1575422
s_016um_00277_00132-1,-2.2409942
s_016um_00129_00231-1,-2.1951723
s_016um_00320_00231-1,-2.183866
s_016um_00107_00320-1,-3.1482344
s_016um_00329_00252-1,-2.2153337
s_016um_00198_00149-1,-2.3875508
s_016um_00264_00032-1,-2.238133
s_016um_00221_00333-1,-2.039015
s_016um_00081_00029-1,-2.4909742
s_016um_00044_00047-1,-2.2425048
s_016um_00281_00317-1,-2.2088456
s_016um_00223_00329-1,-2.1300702
s_016um_00006_00153-1,-2.3069956
s_016um_00160_00292-1,-2.1792924
s_016um_00365_00228-1,-1.9900575
s_016um_00328_00212-1,-2.1932645
s_016um_00276_00321-1,-2.7270539
s_016um_00370_00125-1,-2.0939105
s_016um_00118_00148-1,-2.313661
s_016um_00274_00205-1,-2.1994941
s_016um_00278_00317-1,-2.1671474
s_016um_00271_00058-1,-2.3791296
s_016um_00395_00213-1,-2.1015236
s_016um_00200_00151-1,-2.3309631
s_016um_00141_00215-1,-2.543103
s_016um_00333_00217-1,-2.494369
s_016um_00232_00361-1,-2.4155726
s_016um_00338_00254-1,-2.2214944
s_016um_00342_00402-1,-3.0453014
s_016um_00168_00124-1,-2.083585
s_016um_00333_00214-1,-2.3808594
s_016um_00404_00262-1,-2.6035542
s_016um_00021_00268-1,-2.1403193
s_016um_00078_00284-1,-2.4125493
s_016um_00331_00121-1,-2.039867
s_016um_00115_00144-1,-2.8772392
s_016um_00164_00285-1,-2.31027
s_016um_00236_00355-1,-1.9924366
s_016um_00331_00124-1,-2.641244
s_016um_00040_00103-1,-2.0657098
s_016um_00106_00386-1,-2.178438
s_016um_00268_00328-1,-2.1816964
s_016um_00021_00264-1,-2.2770526
s_016um_00067_00232-1,-2.1930919
s_016um_00392_00179-1,-2.403829
s_016um_00210_00033-1,-2.3878117
s_016um_00145_00054-1,-2.568448
s_016um_00272_00333-1,-2.0672822
s_016um_00365_00095-1,-2.3391936
s_016um_00371_00147-1,-2.40232
s_016um_00286_00099-1,-2.296041
s_016um_00083_00298-1,-2.0454092
s_016um_00263_00191-1,-2.0616128
s_016um_00272_00335-1,-2.2082233
s_016um_00335_00401-1,-2.819737
s_016um_00043_00046-1,-2.2129774
s_016um_00371_00141-1,-2.2054834
s_016um_00370_00145-1,-2.2971792
s_016um_00221_00032-1,-2.2910001
s_016um_00259_00029-1,-2.3895943
s_016um_00189_00092-1,-2.2168622
s_016um_00271_00332-1,-2.3233025
s_016um_00276_00318-1,-2.1273522
s_016um_00365_00096-1,-1.9589953
s_016um_00366_00101-1,-2.316484
s_016um_00402_00400-1,-6.6710873
s_016um_00225_00329-1,-2.146281
s_016um_00163_00292-1,-2.0670516
s_016um_00274_00335-1,-2.25566
s_016um_00313_00056-1,-2.2211294
s_016um_00133_00317-1,-3.4122543
s_016um_00202_00147-1,-2.042567
s_016um_00256_00027-1,-2.380356
s_016um_00340_00398-1,-2.823251
s_016um_00357_00089-1,-2.0466776
s_016um_00161_00286-1,-2.700036
s_016um_00137_00078-1,-2.1481886
s_016um_00123_00145-1,-2.0690174
s_016um_00161_00294-1,-2.1101031
s_016um_00040_00049-1,-2.3325856
s_016um_00389_00297-1,-2.346191
s_016um_00066_00230-1,-2.0269578
s_016um_00103_00073-1,-2.4053133
s_016um_00013_00297-1,-1.9650289
s_016um_00043_00238-1,-2.0212007
s_016um_00056_00242-1,-2.2492518
s_016um_00270_00328-1,-2.5014894
s_016um_00359_00410-1,-3.2523255
s_016um_00171_00377-1,-2.2180724
s_016um_00395_00362-1,-2.7571833
s_016um_00147_00055-1,-2.3240902
s_016um_00232_00261-1,-2.0927272
s_016um_00228_00234-1,-2.0836747
s_016um_00415_00139-1,-2.1961048
s_016um_00378_00140-1,-1.9914597
s_016um_00038_00178-1,-2.0223274
s_016um_00329_00210-1,-2.1989498
s_016um_00038_00175-1,-2.224837
s_016um_00230_00263-1,-2.1912231
s_016um_00091_00274-1,-2.15478
s_016um_00405_00402-1,-7.2824936
s_016um_00259_00033-1,-2.0125163
s_016um_00237_00359-1,-2.4805343
s_016um_00394_00219-1,-1.9796307
s_016um_00079_00271-1,-2.045468
s_016um_00396_00182-1,-2.2288737
s_016um_00230_00268-1,-2.225175
s_016um_00009_00154-1,-2.1336052
s_016um_00376_00133-1,-2.2140756
s_016um_00325_00168-1,-2.3680165
s_016um_00137_00018-1,-2.0483298
s_016um_00259_00190-1,-2.078242
s_016um_00368_00140-1,-2.1307383
s_016um_00141_00014-1,-2.4914873
s_016um_00126_00384-1,-2.061646
s_016um_00032_00335-1,-1.9815248
s_016um_00273_00225-1,-2.3118117
s_016um_00348_00025-1,-2.308299
s_016um_00080_00031-1,-2.3197088
s_016um_00132_00232-1,-2.0253055
s_016um_00222_00029-1,-2.1933107
s_016um_00165_00127-1,-2.1454775
s_016um_00393_00216-1,-2.2383733
s_016um_00217_00227-1,-2.0878148
s_016um_00242_00088-1,-2.126452
s_016um_00080_00194-1,-2.5124068
s_016um_00010_00206-1,-2.2503145
s_016um_00200_00145-1,-2.169136
s_016um_00331_00210-1,-2.11951
s_016um_00068_00133-1,-2.6026783
s_016um_00054_00246-1,-2.2986314
s_016um_00248_00086-1,-2.0874584
s_016um_00073_00251-1,-2.2299492
s_016um_00007_00155-1,-2.1834142
s_016um_00143_00014-1,-2.5693572
s_016um_00013_00268-1,-2.3704224
s_016um_00225_00248-1,-2.2140484
s_016um_00382_00135-1,-2.2465296
s_016um_00332_00258-1,-2.3230746
s_016um_00406_00400-1,-6.683585
s_016um_00054_00247-1,-2.3225846
s_016um_00164_00121-1,-2.2347565
s_016um_00036_00172-1,-2.2668285
s_016um_00168_00121-1,-1.9755006
s_016um_00394_00368-1,-2.2532673
s_016um_00361_00413-1,-4.494354
s_016um_00190_00128-1,-2.3940327
s_016um_00392_00358-1,-3.6021671
s_016um_00234_00089-1,-2.3322725
s_016um_00325_00298-1,-2.4390664
s_016um_00059_00245-1,-2.28009
s_016um_00386_00131-1,-2.0741398
s_016um_00279_00203-1,-2.2361023
s_016um_00132_00089-1,-2.517107
s_016um_00416_00139-1,-2.2028112
s_016um_00041_00008-1,-2.1871495
s_016um_00267_00329-1,-2.0581057
s_016um_00322_00229-1,-2.0908518
s_016um_00226_00243-1,-2.0075321
s_016um_00082_00036-1,-2.3184836
s_016um_00278_00134-1,-2.1461477
s_016um_00090_00337-1,-1.9933949
s_016um_00240_00183-1,-2.0018318
s_016um_00081_00279-1,-2.1318233
s_016um_00129_00320-1,-2.486859
s_016um_00390_00293-1,-2.2199705
s_016um_00356_00293-1,-2.325317
s_016um_00278_00051-1,-2.4490628
s_016um_00224_00172-1,-2.1445699
s_016um_00007_00153-1,-2.191935
s_016um_00318_00166-1,-2.5349255
s_016um_00261_00030-1,-2.3241796
s_016um_00339_00396-1,-3.2183073
s_016um_00142_00014-1,-2.3685343
s_016um_00395_00212-1,-1.9824101
s_016um_00352_00022-1,-2.2804563
s_016um_00168_00123-1,-2.1044865
s_016um_00260_00034-1,-2.2698865
s_016um_00397_00214-1,-2.152064
s_016um_00328_00226-1,-2.1061914
s_016um_00098_00069-1,-2.3963685
s_016um_00276_00051-1,-2.4079993
s_016um_00379_00139-1,-2.0451126
s_016um_00086_00195-1,-2.4693294
s_016um_00356_00092-1,-2.9871497
s_016um_00332_00124-1,-2.2215753
s_016um_00355_00117-1,-2.0670552
s_016um_00202_00153-1,-2.1144745
s_016um_00400_00213-1,-2.064279
s_016um_00357_00093-1,-2.37041
s_016um_00373_00123-1,-2.229332
s_016um_00358_00413-1,-3.1219501
s_016um_00068_00231-1,-1.9752278
s_016um_00064_00237-1,-1.992351
s_016um_00030_00333-1,-2.0637445
s_016um_00136_00073-1,-1.9873712
s_016um_00277_00206-1,-1.9706775
s_016um_00322_00171-1,-2.1084495
s_016um_00396_00373-1,-2.6717205
s_016um_00209_00028-1,-2.1051893
s_016um_00129_00319-1,-3.618495
s_016um_00084_00279-1,-2.025569
s_016um_00397_00261-1,-2.0988975
s_016um_00238_00088-1,-2.5745842
s_016um_00164_00122-1,-2.499129
s_016um_00219_00276-1,-2.3137233
s_016um_00095_00321-1,-2.2465649
s_016um_00147_00396-1,-2.2294297
s_016um_00385_00298-1,-2.5759134
s_016um_00068_00126-1,-2.0632675
s_016um_00213_00028-1,-2.3244448
s_016um_00275_00133-1,-2.441943
s_016um_00091_00334-1,-2.079549
s_016um_00315_00056-1,-1.9724102
s_016um_00272_00032-1,-2.2514915
s_016um_00272_00050-1,-2.2840488
s_016um_00210_00290-1,-2.1507487
s_016um_00406_00120-1,-2.148255
s_016um_00387_00293-1,-2.1942403
s_016um_00390_00299-1,-3.0865808
s_016um_00222_00226-1,-2.0739686
s_016um_00278_00044-1,-2.327336
s_016um_00201_00149-1,-1.9695919
s_016um_00038_00044-1,-2.354079
s_016um_00322_00225-1,-2.190726
s_016um_00042_00208-1,-2.2582335
s_016um_00096_00335-1,-2.093923
s_016um_00029_00088-1,-2.0247269
s_016um_00165_00290-1,-2.1534803
s_016um_00222_00013-1,-2.177896
s_016um_00403_00153-1,-2.1818247
s_016um_00139_00220-1,-2.3191104
s_016um_00086_00031-1,-2.2584946
s_016um_00329_00217-1,-2.1292098
s_016um_00078_00282-1,-2.2637305
s_016um_00086_00032-1,-2.149952
s_016um_00029_00086-1,-2.051233
s_016um_00140_00071-1,-2.2151184
s_016um_00269_00329-1,-2.1722772
s_016um_00253_00024-1,-2.2184067
s_016um_00327_00300-1,-2.0311818
s_016um_00169_00127-1,-2.2941248
s_016um_00191_00092-1,-2.0868893
s_016um_00271_00222-1,-2.086076
s_016um_00220_00010-1,-2.349246
s_016um_00214_00279-1,-2.0391004
s_016um_00355_00018-1,-2.3061144
s_016um_00236_00190-1,-2.2767053
s_016um_00126_00390-1,-2.3169563
s_016um_00410_00147-1,-2.1471984
s_016um_00277_00312-1,-2.0098758
s_016um_00074_00244-1,-2.0849626
s_016um_00396_00218-1,-2.3213904
s_016um_00034_00101-1,-2.3153985
s_016um_00408_00103-1,-2.2359612
s_016um_00354_00412-1,-2.730166
s_016um_00013_00208-1,-2.0111153
s_016um_00042_00212-1,-2.3837705
s_016um_00162_00286-1,-2.4775734
s_016um_00192_00091-1,-2.2109942
s_016um_00224_00234-1,-1.9785179
s_016um_00267_00332-1,-2.3599098
s_016um_00232_00265-1,-1.9526066
s_016um_00080_00286-1,-2.1896982
s_016um_00030_00092-1,-2.152525
s_016um_00255_00033-1,-2.1132262
s_016um_00396_00369-1,-2.4800177
s_016um_00012_00213-1,-2.162077
s_016um_00200_00147-1,-2.087468
s_016um_00047_00244-1,-2.0406651
s_016um_00040_00217-1,-2.1227138
s_016um_00373_00140-1,-2.4211626
s_016um_00270_00223-1,-2.2459514
s_016um_00089_00066-1,-2.195802
s_016um_00358_00115-1,-2.327129
s_016um_00274_00226-1,-2.1473002
s_016um_00174_00375-1,-2.2810585
s_016um_00228_00248-1,-2.2322657
s_016um_00207_00150-1,-2.0386899
s_016um_00094_00343-1,-2.1760058
s_016um_00224_00171-1,-2.2348132
s_016um_00388_00345-1,-2.5834718
s_016um_00133_00228-1,-2.2369413
s_016um_00103_00383-1,-2.435228
s_016um_00030_00084-1,-2.0886586
s_016um_00122_00146-1,-2.0761697
s_016um_00067_00230-1,-2.1170766
s_016um_00227_00335-1,-2.1505182
s_016um_00135_00221-1,-2.3005383
s_016um_00098_00066-1,-2.0801585
s_016um_00321_00229-1,-2.3185318
s_016um_00267_00229-1,-1.8750907
s_016um_00357_00417-1,-3.448844
s_016um_00249_00025-1,-2.8757958
s_016um_00080_00293-1,-1.9693463
s_016um_00356_00019-1,-2.444733
s_016um_00413_00141-1,-2.1876874
s_016um_00359_00121-1,-2.2052958
s_016um_00386_00296-1,-2.1844194
s_016um_00106_00316-1,-1.8409294
s_016um_00320_00165-1,-2.3591197
s_016um_00043_00043-1,-2.1227098
s_016um_00278_00328-1,-2.0944562
s_016um_00129_00382-1,-1.8173711
s_016um_00086_00030-1,-2.1260357
s_016um_00368_00227-1,-2.222845
s_016um_00031_00088-1,-2.0090368
s_016um_00140_00222-1,-2.0790493
s_016um_00219_00028-1,-1.9882591
s_016um_00418_00143-1,-2.214902
s_016um_00392_00292-1,-1.9361274
s_016um_00010_00153-1,-2.0020533
s_016um_00080_00199-1,-2.5563278
s_016um_00165_00129-1,-2.127009
s_016um_00326_00227-1,-2.0498676
s_016um_00370_00223-1,-2.493645
s_016um_00228_00264-1,-2.0526314
s_016um_00273_00313-1,-2.1762207
s_016um_00331_00253-1,-2.2718468
s_016um_00081_00032-1,-2.0307422
s_016um_00260_00130-1,-2.1119335
s_016um_00091_00341-1,-2.1116717
s_016um_00140_00070-1,-2.1676643
s_016um_00090_00268-1,-2.0897603
s_016um_00227_00243-1,-2.1211479
s_016um_00219_00170-1,-2.231453
s_016um_00323_00227-1,-1.982042
s_016um_00100_00073-1,-2.1331835
s_016um_00152_00398-1,-2.3255112
s_016um_00281_00326-1,-2.1068041
s_016um_00063_00234-1,-2.6274345
s_016um_00234_00361-1,-2.0521243
s_016um_00401_00124-1,-2.33558
s_016um_00327_00224-1,-2.1258574
s_016um_00266_00128-1,-2.456264
s_016um_00105_00071-1,-2.1459637
s_016um_00028_00086-1,-2.1402638
s_016um_00138_00077-1,-2.1367474
s_016um_00008_00300-1,-2.0699854
s_016um_00150_00396-1,-2.4527469
s_016um_00311_00060-1,-2.5054061
s_016um_00410_00151-1,-2.3551235
s_016um_00337_00400-1,-3.0428653
s_016um_00042_00049-1,-1.9667717
s_016um_00374_00119-1,-2.32626
s_016um_00326_00119-1,-2.2652452
s_016um_00264_00334-1,-2.0346355
s_016um_00418_00142-1,-2.2466164
s_016um_00152_00397-1,-2.2120311
s_016um_00201_00152-1,-2.3912582
s_016um_00231_00267-1,-2.1748285
s_016um_00100_00070-1,-2.0529375
s_016um_00330_00125-1,-2.1251893
s_016um_00327_00121-1,-2.0243392
s_016um_00358_00096-1,-2.419587
s_016um_00216_00291-1,-2.364581
s_016um_00326_00164-1,-2.2058187
s_016um_00145_00015-1,-2.59025
s_016um_00280_00131-1,-2.197167
s_016um_00076_00250-1,-2.2249877
s_016um_00390_00363-1,-2.9910727
s_016um_00043_00244-1,-2.1260662
s_016um_00226_00331-1,-2.1810985
s_016um_00088_00033-1,-2.5219314
s_016um_00041_00239-1,-2.1158473
s_016um_00012_00151-1,-2.4067516
s_016um_00140_00059-1,-2.3096623
s_016um_00324_00229-1,-2.406728
s_016um_00147_00060-1,-2.0955205
s_016um_00335_00213-1,-2.0598593
s_016um_00252_00023-1,-2.2472436
s_016um_00041_00098-1,-2.2110791
s_016um_00214_00280-1,-2.1617813
s_016um_00108_00315-1,-2.3518305
s_016um_00262_00329-1,-2.196373
s_016um_00248_00088-1,-2.2536702
s_016um_00398_00262-1,-2.29943
s_016um_00224_00030-1,-2.1080933
s_016um_00221_00280-1,-2.1841853
s_016um_00096_00323-1,-2.268193
s_016um_00192_00121-1,-2.1449084
s_016um_00409_00148-1,-2.1626847
s_016um_00058_00245-1,-2.0883582
s_016um_00005_00294-1,-2.228937
s_016um_00283_00093-1,-2.2229393
s_016um_00417_00144-1,-2.2256083
s_016um_00242_00084-1,-2.1225133
s_016um_00279_00138-1,-2.2401025
s_016um_00134_00071-1,-2.2521966
s_016um_00037_00048-1,-2.2107937
s_016um_00234_00363-1,-2.679679
s_016um_00275_00228-1,-2.1351366
s_016um_00219_00027-1,-2.2198813
s_016um_00354_00021-1,-2.3920527
s_016um_00233_00357-1,-2.135543
s_016um_00256_00186-1,-2.0534976
s_016um_00322_00167-1,-2.1172285
s_016um_00232_00267-1,-2.009703
s_016um_00322_00228-1,-2.0900123
s_016um_00166_00289-1,-2.2058995
s_016um_00148_00394-1,-2.2991793
s_016um_00036_00175-1,-2.1218376
s_016um_00126_00387-1,-2.2437491
s_016um_00065_00125-1,-2.347232
s_016um_00263_00127-1,-1.9716793
s_016um_00403_00125-1,-2.1181881
s_016um_00180_00028-1,-2.2739713
s_016um_00080_00200-1,-2.470595
s_016um_00411_00103-1,-1.9897996
s_016um_00280_00206-1,-2.1142993
s_016um_00011_00150-1,-2.0056074
s_016um_00397_00178-1,-2.313433
s_016um_00117_00143-1,-2.4492908
s_016um_00343_00219-1,-2.4580646
s_016um_00362_00224-1,-2.070024
s_016um_00060_00244-1,-2.195503
s_016um_00106_00314-1,-1.9125223
s_016um_00333_00215-1,-1.932946
s_016um_00085_00068-1,-2.1277132
s_016um_00259_00188-1,-2.3183672
s_016um_00377_00132-1,-2.1845613
s_016um_00371_00124-1,-2.1360517
s_016um_00233_00355-1,-2.2652097
s_016um_00080_00297-1,-2.0916138
s_016um_00079_00238-1,-2.0631545
s_016um_00254_00024-1,-2.0296729
s_016um_00216_00013-1,-2.3778489
s_016um_00221_00331-1,-2.310172
s_016um_00367_00140-1,-2.1741297
s_016um_00027_00331-1,-2.4199386
s_016um_00225_00336-1,-2.2122383
s_016um_00398_00359-1,-2.7626007
s_016um_00405_00399-1,-5.8018866
s_016um_00135_00223-1,-2.7698119
s_016um_00070_00236-1,-2.1152437
s_016um_00352_00094-1,-2.3221953
s_016um_00097_00023-1,-2.021595
s_016um_00062_00126-1,-2.2098477
s_016um_00365_00227-1,-2.0915492
s_016um_00375_00117-1,-2.1529028
s_016um_00143_00055-1,-1.8306499
s_016um_00151_00396-1,-2.3217428
s_016um_00389_00361-1,-3.6794524
s_016um_00159_00292-1,-1.9573895
s_016um_00397_00263-1,-2.2189608
s_016um_00130_00226-1,-2.2518313
s_016um_00073_00246-1,-2.5617733
s_016um_00371_00094-1,-2.054678
s_016um_00249_00022-1,-2.5474412
s_016um_00267_00225-1,-2.3933134
s_016um_00225_00235-1,-2.0255857
s_016um_00268_00035-1,-2.2797875
s_016um_00216_00296-1,-2.347113
s_016um_00329_00121-1,-2.1208377
s_016um_00163_00288-1,-2.9546218
s_016um_00321_00225-1,-2.184289
s_016um_00219_00279-1,-2.234788
s_016um_00240_00182-1,-2.153822
s_016um_00218_00171-1,-2.3811967
s_016um_00273_00335-1,-2.5317187
s_016um_00172_00370-1,-2.435035
s_016um_00215_00293-1,-2.125435
s_016um_00092_00316-1,-2.2732897
s_016um_00225_00029-1,-2.1863139
s_016um_00346_00216-1,-2.3543375
s_016um_00271_00223-1,-2.0847938
s_016um_00378_00138-1,-1.8935349
s_016um_00278_00137-1,-2.0542243
s_016um_00417_00134-1,-1.9933499
s_016um_00210_00032-1,-2.2366154
s_016um_00398_00184-1,-2.0846188
s_016um_00368_00225-1,-2.2524726
s_016um_00261_00184-1,-2.371415
s_016um_00080_00264-1,-2.020776
s_016um_00224_00028-1,-2.0951703
s_016um_00331_00119-1,-2.034804
s_016um_00398_00368-1,-2.4550927
s_016um_00374_00122-1,-1.9491326
s_016um_00327_00302-1,-2.301699
s_016um_00129_00317-1,-2.724325
s_016um_00164_00290-1,-2.241006
s_016um_00038_00042-1,-2.1088455
s_016um_00355_00418-1,-4.780014
s_016um_00132_00092-1,-2.269291
s_016um_00232_00266-1,-2.297183
s_016um_00010_00296-1,-1.9809798
s_016um_00221_00233-1,-2.0305521
s_016um_00214_00292-1,-2.149264
s_016um_00220_00283-1,-2.29108
s_016um_00222_00167-1,-2.1126907
s_016um_00344_00212-1,-2.3488824
s_016um_00084_00028-1,-2.2523813
s_016um_00166_00375-1,-2.1193054
s_016um_00194_00098-1,-2.2124155
s_016um_00082_00271-1,-2.1836648
s_016um_00122_00143-1,-2.7172437
s_016um_00224_00329-1,-2.0352566
s_016um_00401_00262-1,-2.3921468
s_016um_00015_00267-1,-1.985031
s_016um_00090_00267-1,-2.1715302
s_016um_00040_00206-1,-2.0121143
s_016um_00097_00030-1,-2.150587
s_016um_00064_00130-1,-2.2208543
s_016um_00272_00203-1,-2.2761915
s_016um_00139_00072-1,-2.051924
s_016um_00409_00153-1,-2.2114239
s_016um_00039_00177-1,-2.060615
s_016um_00232_00088-1,-2.17228
s_016um_00230_00357-1,-2.0654757
s_016um_00414_00104-1,-2.2719
s_016um_00049_00244-1,-2.23314
s_016um_00248_00020-1,-2.3927057
s_016um_00358_00286-1,-2.0189734
s_016um_00382_00134-1,-2.4281898
s_016um_00416_00136-1,-2.280833
s_016um_00096_00337-1,-2.1562443
s_016um_00289_00093-1,-2.0784597
s_016um_00100_00316-1,-2.8790543
s_016um_00105_00391-1,-2.205713
s_016um_00026_00092-1,-2.3347774
s_016um_00037_00178-1,-2.210919
s_016um_00405_00121-1,-2.3109038
s_016um_00403_00128-1,-2.159371
s_016um_00384_00125-1,-2.1607492
s_016um_00153_00400-1,-2.205541
s_016um_00225_00335-1,-2.0492222
s_016um_00121_00149-1,-2.3078945
s_016um_00330_00211-1,-2.309741
s_016um_00257_00029-1,-2.408172
s_016um_00262_00129-1,-2.4891565
s_016um_00081_00282-1,-2.0268478
s_016um_00323_00302-1,-2.1929216
s_016um_00408_00151-1,-2.231709
s_016um_00031_00334-1,-2.0657413
s_016um_00029_00330-1,-2.1013858
s_016um_00356_00414-1,-4.511483
s_016um_00399_00216-1,-2.2887447
s_016um_00328_00125-1,-2.0622861
s_016um_00167_00120-1,-2.1251614
s_016um_00321_00169-1,-2.3986921
s_016um_00261_00332-1,-2.1588147
s_016um_00217_00275-1,-2.2039704
s_016um_00384_00136-1,-2.2056394
s_016um_00100_00386-1,-2.1542037
s_016um_00110_00319-1,-2.4486537
s_016um_00056_00248-1,-2.1004412
s_016um_00397_00260-1,-2.141287
s_016um_00117_00148-1,-2.27626
s_016um_00107_00313-1,-2.1132472
s_016um_00251_00022-1,-2.1127338
s_016um_00278_00208-1,-1.9857188
s_016um_00411_00102-1,-2.3027558
s_016um_00042_00048-1,-2.1355126
s_016um_00171_00372-1,-2.1120167
s_016um_00217_00170-1,-2.1449995
s_016um_00080_00279-1,-2.0849462
s_016um_00030_00086-1,-2.1017725
s_016um_00193_00129-1,-2.195375
s_016um_00385_00130-1,-2.1160448
s_016um_00403_00146-1,-2.1693757
s_016um_00342_00216-1,-2.388352
s_016um_00354_00411-1,-4.247492
s_016um_00257_00033-1,-2.054082
s_016um_00389_00300-1,-2.5715117
s_016um_00400_00259-1,-2.189637
s_016um_00253_00033-1,-2.1299615
s_016um_00221_00332-1,-2.0271614
s_016um_00094_00273-1,-2.2298982
s_016um_00291_00097-1,-2.1451902
s_016um_00136_00074-1,-2.3389928
s_016um_00085_00029-1,-2.3861566
s_016um_00332_00123-1,-2.134596
s_016um_00394_00180-1,-2.2392724
s_016um_00367_00230-1,-2.0815985
s_016um_00401_00400-1,-5.9984865
s_016um_00139_00073-1,-2.1277654
s_016um_00274_00319-1,-2.2752411
s_016um_00220_00234-1,-2.1887364
s_016um_00369_00124-1,-2.2648706
s_016um_00222_00024-1,-3.0779195
s_016um_00387_00291-1,-2.2730277
s_016um_00142_00017-1,-2.3677235
s_016um_00142_00217-1,-2.8040867
s_016um_00339_00403-1,-2.6266189
s_016um_00021_00267-1,-2.3131502
s_016um_00092_00275-1,-2.0269659
s_016um_00347_00215-1,-2.1072092
s_016um_00139_00215-1,-2.2830048
s_016um_00092_00334-1,-2.0244703
s_016um_00082_00285-1,-1.9366889
s_016um_00183_00030-1,-2.1993775
s_016um_00262_00189-1,-2.2943175
s_016um_00330_00212-1,-2.22384
s_016um_00397_00177-1,-2.3663795
s_016um_00030_00085-1,-2.1145108
s_016um_00409_00100-1,-2.2997293
s_016um_00360_00288-1,-2.2346396
s_016um_00016_00268-1,-2.1839526
s_016um_00079_00247-1,-1.955694
s_016um_00191_00129-1,-2.1540165
s_016um_00131_00091-1,-2.105542
s_016um_00133_00091-1,-2.1425939
s_016um_00216_00030-1,-2.4152493
s_016um_00268_00060-1,-2.0867898
s_016um_00063_00232-1,-2.407803
s_016um_00238_00085-1,-2.307866
s_016um_00331_00217-1,-2.2803957
s_016um_00277_00310-1,-2.2009428
s_016um_00405_00128-1,-2.4550798
s_016um_00228_00335-1,-2.020991
s_016um_00278_00131-1,-3.2527633
s_016um_00196_00124-1,-1.9857577
s_016um_00359_00418-1,-4.3272867
s_016um_00273_00331-1,-2.3384237
s_016um_00218_00025-1,-2.0847208
s_016um_00408_00099-1,-2.092502
s_016um_00278_00135-1,-2.2570431
s_016um_00409_00098-1,-2.140915
s_016um_00396_00366-1,-2.3299963
s_016um_00238_00086-1,-2.3029053
s_016um_00371_00139-1,-2.157868
s_016um_00375_00145-1,-2.3345516
s_016um_00368_00093-1,-2.0878267
s_016um_00397_00211-1,-2.1683066
s_016um_00354_00288-1,-2.5934277
s_016um_00334_00400-1,-2.4469616
s_016um_00219_00225-1,-2.2294848
s_016um_00210_00029-1,-2.1025248
s_016um_00190_00098-1,-2.240227
s_016um_00219_00278-1,-2.1485083
s_016um_00226_00334-1,-2.060969
s_016um_00217_00025-1,-2.3491683
s_016um_00088_00073-1,-1.9715098
s_016um_00199_00150-1,-2.2210786
s_016um_00149_00400-1,-1.996808
s_016um_00310_00052-1,-2.6158714
s_016um_00042_00177-1,-2.2590523
s_016um_00209_00292-1,-2.2939928
s_016um_00320_00230-1,-2.2001295
s_016um_00272_00334-1,-2.0867078
s_016um_00031_00085-1,-2.0902395
s_016um_00084_00037-1,-2.3644276
s_016um_00219_00029-1,-2.1420596
s_016um_00079_00281-1,-2.2701356
s_016um_00215_00276-1,-2.5942626
s_016um_00212_00029-1,-2.4519868
s_016um_00041_00211-1,-2.2140832
s_016um_00166_00373-1,-2.1020432
s_016um_00265_00060-1,-2.164
s_016um_00027_00089-1,-2.1072824
s_016um_00170_00128-1,-1.9137068
s_016um_00042_00173-1,-2.3340588
s_016um_00210_00289-1,-2.43842
s_016um_00218_00019-1,-2.1679733
s_016um_00376_00135-1,-2.2758665
s_016um_00397_00359-1,-2.554526
s_016um_00014_00265-1,-2.1881216
s_016um_00079_00246-1,-2.0097432
s_016um_00117_00149-1,-2.134755
s_016um_00222_00231-1,-2.1587765
s_016um_00262_00185-1,-2.6867914
s_016um_00368_00101-1,-1.9377904
s_016um_00361_00288-1,-1.9842781
s_016um_00238_00084-1,-2.3506677
s_016um_00077_00282-1,-2.0112348
s_016um_00227_00331-1,-2.1909325
s_016um_00077_00247-1,-2.2710984
s_016um_00064_00233-1,-2.8117468
s_016um_00021_00270-1,-2.328664
s_016um_00081_00196-1,-2.797345
s_016um_00370_00094-1,-2.2846677
s_016um_00330_00218-1,-2.1650815
s_016um_00348_00021-1,-2.2943332
s_016um_00387_00130-1,-2.255663
s_016um_00046_00218-1,-2.1688573
s_016um_00326_00165-1,-2.021441
s_016um_00194_00124-1,-2.2252507
s_016um_00372_00101-1,-2.0666757
s_016um_00353_00117-1,-2.2005527
s_016um_00373_00125-1,-2.2217224
s_016um_00393_00345-1,-3.8534784
s_016um_00135_00077-1,-2.0280986
s_016um_00148_00400-1,-2.0063882
s_016um_00273_00329-1,-2.8426049
s_016um_00279_00209-1,-2.5247242
s_016um_00185_00032-1,-2.0127554
s_016um_00275_00131-1,-2.1134076
s_016um_00080_00030-1,-2.2985642
s_016um_00362_00417-1,-4.568885
s_016um_00289_00098-1,-2.107127
s_016um_00327_00229-1,-2.1710198
s_016um_00183_00031-1,-2.261845
s_016um_00387_00299-1,-2.204703
s_016um_00193_00122-1,-2.52261
s_016um_00009_00293-1,-1.9790579
s_016um_00184_00030-1,-2.1849887
s_016um_00101_00385-1,-2.0793867
s_016um_00133_00229-1,-2.0121434
s_016um_00132_00318-1,-2.8621209
s_016um_00321_00298-1,-2.0960822
s_016um_00381_00129-1,-2.0801163
s_016um_00094_00339-1,-2.0305471
s_016um_00220_00016-1,-2.2639697
s_016um_00326_00125-1,-1.8219271
s_016um_00358_00094-1,-2.0701973
s_016um_00203_00148-1,-2.1608083
s_016um_00263_00128-1,-2.20215
s_016um_00354_00417-1,-4.8523817
s_016um_00045_00045-1,-2.1103272
s_016um_00367_00121-1,-1.8914683
s_016um_00402_00259-1,-2.2882614
s_016um_00401_00128-1,-2.261743
s_016um_00129_00316-1,-2.7699072
s_016um_00330_00120-1,-2.1568367
s_016um_00357_00096-1,-2.0414846
s_016um_00393_00367-1,-2.4422693
s_016um_00218_00278-1,-2.4016967
s_016um_00046_00240-1,-2.1773887
s_016um_00390_00297-1,-2.555655
s_016um_00253_00027-1,-2.0792558
s_016um_00280_00135-1,-2.0742033
s_016um_00400_00258-1,-2.3624759
s_016um_00094_00278-1,-2.2913997
s_016um_00389_00337-1,-2.2982233
s_016um_00355_00286-1,-2.0586174
s_016um_00334_00214-1,-2.1761801
s_016um_00037_00100-1,-2.6645854
s_016um_00045_00243-1,-2.2665238
s_016um_00259_00032-1,-2.0857553
s_016um_00244_00082-1,-2.0064673
s_016um_00334_00397-1,-2.476221
s_016um_00399_00370-1,-2.717763
s_016um_00218_00029-1,-2.2142785
s_016um_00167_00125-1,-2.3561037
s_016um_00219_00032-1,-1.8255656
s_016um_00011_00213-1,-2.2890756
s_016um_00235_00263-1,-2.1299968
s_016um_00237_00183-1,-2.0178404
s_016um_00412_00105-1,-2.3335779
s_016um_00279_00137-1,-2.219641
s_016um_00014_00213-1,-2.514971
s_016um_00391_00346-1,-4.073119
s_016um_00389_00344-1,-2.7290606
s_016um_00258_00032-1,-2.1682243
s_016um_00085_00273-1,-2.0831518
s_016um_00329_00118-1,-2.072329
s_016um_00042_00239-1,-2.3851418
s_016um_00091_00339-1,-2.0254505
s_016um_00332_00256-1,-2.2675517
s_016um_00136_00228-1,-2.2232673
s_016um_00285_00094-1,-2.0608175
s_016um_00125_00390-1,-2.177581
s_016um_00226_00245-1,-2.0692823
s_016um_00146_00016-1,-2.2033753
s_016um_00406_00149-1,-2.032835
s_016um_00180_00025-1,-2.3090947
s_016um_00009_00208-1,-2.6281478
s_016um_00091_00340-1,-2.1410668
s_016um_00326_00120-1,-2.530153
s_016um_00019_00264-1,-1.9946696
s_016um_00395_00182-1,-2.0886097
s_016um_00277_00205-1,-2.1514418
s_016um_00403_00147-1,-2.3483338
s_016um_00181_00032-1,-2.557914
s_016um_00082_00268-1,-2.0802648
s_016um_00177_00031-1,-2.2417228
s_016um_00005_00154-1,-2.2552485
s_016um_00397_00220-1,-3.08022
s_016um_00321_00163-1,-2.2409763
s_016um_00357_00413-1,-3.923594
s_016um_00369_00146-1,-2.1969695
s_016um_00038_00206-1,-2.097456
s_016um_00269_00223-1,-1.8709356
s_016um_00313_00058-1,-2.0360448
s_016um_00377_00134-1,-2.1608896
s_016um_00042_00218-1,-2.3127954
s_016um_00139_00223-1,-2.1047268
s_016um_00015_00270-1,-2.2771778
s_016um_00401_00402-1,-6.182595
s_016um_00381_00128-1,-1.9800371
s_016um_00263_00129-1,-2.114266
s_016um_00099_00030-1,-2.001851
s_016um_00413_00103-1,-2.076429
s_016um_00011_00211-1,-2.1419618
s_016um_00262_00184-1,-2.4624345
s_016um_00118_00149-1,-2.0886824
s_016um_00006_00213-1,-2.3348951
s_016um_00033_00010-1,-2.1525383
s_016um_00237_00087-1,-2.4136088
s_016um_00113_00317-1,-2.0756533
s_016um_00242_00184-1,-2.1214445
s_016um_00102_00026-1,-2.4428017
s_016um_00390_00361-1,-3.2664328
s_016um_00281_00325-1,-1.9856161
s_016um_00281_00321-1,-2.747895
s_016um_00398_00365-1,-2.1400495
s_016um_00235_00360-1,-2.2387977
s_016um_00353_00414-1,-4.5463533
s_016um_00088_00069-1,-2.2484717
s_016um_00136_00218-1,-2.1040986
s_016um_00075_00295-1,-2.2652829
s_016um_00231_00360-1,-2.4930816
s_016um_00406_00153-1,-2.0887203
s_016um_00228_00330-1,-2.0924466
s_016um_00368_00095-1,-1.9816
s_016um_00397_00184-1,-2.3332572
s_016um_00353_00022-1,-2.2700164
s_016um_00182_00031-1,-2.4121325
s_016um_00132_00323-1,-2.3707185
s_016um_00317_00166-1,-3.0827217
s_016um_00226_00234-1,-2.239037
s_016um_00263_00131-1,-2.2345116
s_016um_00254_00021-1,-2.316377
s_016um_00083_00284-1,-2.3265676
s_016um_00103_00390-1,-2.2980466
s_016um_00266_00055-1,-2.2137964
s_016um_00142_00060-1,-2.3698559
s_016um_00403_00124-1,-2.173083
s_016um_00076_00299-1,-2.0907705
s_016um_00398_00180-1,-2.1021075
s_016um_00011_00301-1,-2.4275274
s_016um_00035_00009-1,-2.3145988
s_016um_00324_00228-1,-2.1355245
s_016um_00270_00226-1,-2.0755692
s_016um_00363_00230-1,-2.089032
s_016um_00026_00085-1,-2.109718
s_016um_00356_00289-1,-2.0822327
s_016um_00270_00228-1,-2.265204
s_016um_00396_00360-1,-3.6208196
s_016um_00277_00048-1,-2.3580244
s_016um_00218_00233-1,-2.1578472
s_016um_00280_00319-1,-2.137244
s_016um_00087_00028-1,-2.0775552
s_016um_00042_00207-1,-2.089018
s_016um_00078_00235-1,-2.1651247
s_016um_00169_00376-1,-2.252418
s_016um_00256_00034-1,-1.9623904
s_016um_00082_00266-1,-2.111964
s_016um_00355_00121-1,-2.3518875
s_016um_00223_00248-1,-2.183357
s_016um_00179_00028-1,-2.1455579
s_016um_00075_00296-1,-2.0776558
s_016um_00261_00188-1,-2.2314491
s_016um_00311_00059-1,-2.0056274
s_016um_00119_00145-1,-2.324914
s_016um_00083_00029-1,-2.3557024
s_016um_00030_00089-1,-2.6113162
s_016um_00083_00069-1,-2.052795
s_016um_00291_00095-1,-2.2289138
s_016um_00355_00414-1,-4.2048087
s_016um_00163_00290-1,-2.187485
s_016um_00229_00261-1,-2.1808197
s_016um_00031_00089-1,-2.3311336
s_016um_00235_00358-1,-2.3001354
s_016um_00273_00223-1,-1.9385843
s_016um_00223_00250-1,-2.1845627
s_016um_00030_00332-1,-2.2397232
s_016um_00403_00396-1,-5.274135
s_016um_00255_00024-1,-2.115377
s_016um_00389_00295-1,-2.3823366
s_016um_00238_00360-1,-2.235471
s_016um_00403_00122-1,-2.2263327
s_016um_00401_00120-1,-1.9583206
s_016um_00058_00242-1,-2.0971034
s_016um_00359_00091-1,-2.0294738
s_016um_00043_00218-1,-2.1826177
s_016um_00039_00045-1,-2.3199193
s_016um_00137_00217-1,-2.1649394
s_016um_00078_00297-1,-2.1098974
s_016um_00337_00403-1,-2.539237
s_016um_00323_00301-1,-2.0916724
s_016um_00274_00311-1,-2.2592776
s_016um_00274_00133-1,-2.248128
s_016um_00224_00228-1,-2.187942
s_016um_00025_00086-1,-2.0474026
s_016um_00119_00144-1,-3.2446222
s_016um_00223_00231-1,-2.2536962
s_016um_00085_00284-1,-2.1008186
s_016um_00197_00128-1,-2.1494608
s_016um_00352_00025-1,-1.9246714
s_016um_00067_00239-1,-2.4575171
s_016um_00211_00030-1,-2.2854388
s_016um_00355_00122-1,-2.0306537
s_016um_00030_00337-1,-2.1724179
s_016um_00078_00281-1,-2.4209993
s_016um_00085_00265-1,-2.2755797
s_016um_00046_00216-1,-2.2363646
s_016um_00222_00025-1,-2.5580227
s_016um_00038_00103-1,-2.2328162
s_016um_00403_00123-1,-2.3250785
s_016um_00227_00334-1,-2.1336336
s_016um_00012_00153-1,-2.0656388
s_016um_00405_00398-1,-5.388683
s_016um_00084_00032-1,-2.1754184
s_016um_00101_00028-1,-2.5935886
s_016um_00393_00337-1,-2.5559533
s_016um_00147_00401-1,-2.2863994
s_016um_00102_00029-1,-2.059298
s_016um_00150_00402-1,-2.4256575
s_016um_00082_00033-1,-2.0256085
s_016um_00081_00200-1,-2.171291
s_016um_00148_00397-1,-2.210782
s_016um_00277_00139-1,-2.0178552
s_016um_00356_00021-1,-2.4892788
s_016um_00040_00043-1,-2.0209627
s_016um_00195_00093-1,-2.4399102
s_016um_00275_00328-1,-3.5123944
s_016um_00082_00293-1,-1.957582
s_016um_00042_00216-1,-2.119199
s_016um_00209_00029-1,-2.1601686
s_016um_00039_00203-1,-2.0115507
s_016um_00414_00141-1,-2.5296836
s_016um_00347_00212-1,-2.0367863
s_016um_00045_00209-1,-2.301202
s_016um_00093_00334-1,-2.2811823
s_016um_00275_00130-1,-2.2819853
s_016um_00220_00026-1,-2.188972
s_016um_00273_00035-1,-2.2869186
s_016um_00407_00395-1,-4.284629
s_016um_00359_00291-1,-2.3176794
s_016um_00167_00376-1,-2.1667743
s_016um_00260_00134-1,-2.2611046
s_016um_00078_00237-1,-2.204254
s_016um_00392_00357-1,-4.492318
s_016um_00128_00384-1,-2.1543682
s_016um_00087_00029-1,-2.1296883
s_016um_00374_00140-1,-2.1105154
s_016um_00243_00087-1,-2.228396
s_016um_00082_00264-1,-2.1071281
s_016um_00271_00228-1,-2.0490835
s_016um_00036_00006-1,-2.1765687
s_016um_00079_00282-1,-2.1785588
s_016um_00045_00219-1,-2.1772568
s_016um_00157_00292-1,-2.112516
s_016um_00135_00219-1,-2.2059562
s_016um_00268_00226-1,-2.3639126
s_016um_00036_00005-1,-2.108501
s_016um_00057_00247-1,-2.1426091
s_016um_00131_00231-1,-2.083647
s_016um_00207_00148-1,-2.0100741
s_016um_00342_00220-1,-2.4614143
s_016um_00266_00062-1,-1.9069941
s_016um_00219_00171-1,-2.3961303
s_016um_00267_00134-1,-2.1657863
s_016um_00136_00072-1,-2.2821295
s_016um_00366_00143-1,-1.9701774
s_016um_00404_00121-1,-2.2136436
s_016um_00230_00248-1,-2.116465
s_016um_00400_00367-1,-2.3385592
s_016um_00248_00024-1,-2.4009006
s_016um_00401_00122-1,-2.3423586
s_016um_00224_00331-1,-2.0451145
s_016um_00025_00091-1,-2.3343275
s_016um_00237_00089-1,-2.6103842
s_016um_00066_00127-1,-2.2319412
s_016um_00140_00054-1,-2.3975234
s_016um_00077_00298-1,-2.3855867
s_016um_00214_00035-1,-2.045594
s_016um_00395_00341-1,-2.369082
s_016um_00321_00165-1,-2.1131604
s_016um_00010_00294-1,-2.289962
s_016um_00172_00125-1,-2.6054082
s_016um_00148_00399-1,-2.1730359
s_016um_00100_00028-1,-2.1657038
s_016um_00329_00119-1,-2.1546562
s_016um_00040_00044-1,-2.1154733
s_016um_00353_00120-1,-2.2458477
s_016um_00077_00294-1,-2.4412744
s_016um_00122_00151-1,-2.0693016
s_016um_00128_00093-1,-2.1501777
s_016um_00130_00383-1,-2.197199
s_016um_00273_00316-1,-3.0630088
s_016um_00388_00128-1,-2.5607657
s_016um_00324_00297-1,-2.3625832
s_016um_00148_00058-1,-2.1729488
s_016um_00060_00245-1,-2.4550765
s_016um_00250_00023-1,-2.1886551
s_016um_00275_00207-1,-2.230176
s_016um_00212_00032-1,-2.3809233
s_016um_00224_00247-1,-2.2566373
s_016um_00036_00105-1,-2.8851647
s_016um_00376_00123-1,-2.2060206
s_016um_00269_00029-1,-2.081771
s_016um_00394_00340-1,-2.5531666
s_016um_00396_00365-1,-2.8941588
s_016um_00139_00070-1,-2.2863674
s_016um_00352_00018-1,-2.0333474
s_016um_00032_00329-1,-2.1463404
s_016um_00263_00330-1,-1.9430482
s_016um_00228_00329-1,-2.0918195
s_016um_00364_00095-1,-2.009592
s_016um_00180_00026-1,-1.9960301
s_016um_00189_00122-1,-2.1273038
s_016um_00134_00076-1,-2.2588637
s_016um_00325_00121-1,-2.1880476
s_016um_00093_00027-1,-2.0542176
s_016um_00216_00033-1,-2.3918514
s_016um_00079_00297-1,-2.191927
s_016um_00239_00184-1,-2.1031022
s_016um_00323_00164-1,-1.9398385
s_016um_00410_00097-1,-2.1493294
s_016um_00102_00390-1,-2.2238202
s_016um_00281_00316-1,-2.1153235
s_016um_00393_00342-1,-2.5006664
s_016um_00122_00147-1,-1.9270881
s_016um_00397_00257-1,-2.278755
s_016um_00357_00412-1,-3.6632912
s_016um_00222_00232-1,-2.6531582
s_016um_00285_00096-1,-2.1057496
s_016um_00273_00045-1,-2.257017
s_016um_00022_00265-1,-2.1960053
s_016um_00369_00122-1,-2.6826599
s_016um_00044_00212-1,-1.8880144
s_016um_00086_00273-1,-2.0967145
s_016um_00137_00318-1,-2.2880018
s_016um_00400_00219-1,-2.001477
s_016um_00092_00268-1,-2.00278
s_016um_00042_00244-1,-1.9988384
s_016um_00227_00237-1,-2.0540142
s_016um_00178_00026-1,-2.2274508
s_016um_00398_00212-1,-2.6248465
s_016um_00273_00229-1,-2.0704546
s_016um_00328_00305-1,-2.3320765
s_016um_00044_00172-1,-2.4677875
s_016um_00064_00133-1,-2.2940407
s_016um_00067_00130-1,-2.446798
s_016um_00356_00095-1,-1.9864577
s_016um_00407_00098-1,-2.2460604
s_016um_00230_00247-1,-2.3336265
s_016um_00368_00226-1,-2.202028
s_016um_00361_00286-1,-2.1116195
s_016um_00073_00245-1,-2.0382605
s_016um_00286_00100-1,-2.2752824
s_016um_00321_00167-1,-2.180288
s_016um_00092_00339-1,-2.1925263
s_016um_00406_00148-1,-2.1058812
s_016um_00223_00167-1,-2.2788253
s_016um_00324_00122-1,-2.0047793
s_016um_00365_00222-1,-2.3359485
s_016um_00340_00213-1,-2.2941391
s_016um_00367_00228-1,-2.5940986
s_016um_00259_00186-1,-2.289606
s_016um_00219_00168-1,-2.0879
s_016um_00152_00402-1,-2.3538265
s_016um_00018_00264-1,-2.1563175
s_016um_00414_00105-1,-2.1161444
s_016um_00105_00068-1,-2.4853518
s_016um_00041_00240-1,-2.4391522
s_016um_00055_00242-1,-2.1208043
s_016um_00047_00207-1,-2.1842031
s_016um_00371_00123-1,-2.0651517
s_016um_00407_00399-1,-5.9693646
s_016um_00080_00285-1,-1.9821255
s_016um_00277_00322-1,-2.3734593
s_016um_00037_00177-1,-2.1882715
s_016um_00335_00403-1,-2.32497
s_016um_00225_00237-1,-2.0288746
s_016um_00325_00300-1,-2.377904
s_016um_00008_00212-1,-2.63016
s_016um_00358_00417-1,-4.1719327
s_016um_00259_00192-1,-2.4093966
s_016um_00036_00178-1,-2.2121966
s_016um_00215_00011-1,-2.2400374
s_016um_00365_00225-1,-2.3672926
s_016um_00028_00090-1,-2.651651
s_016um_00083_00198-1,-2.3145156
s_016um_00090_00270-1,-2.063766
s_016um_00038_00049-1,-2.3923812
s_016um_00397_00217-1,-2.228109
s_016um_00012_00294-1,-2.144641
s_016um_00084_00071-1,-2.4149501
s_016um_00017_00264-1,-2.2074592
s_016um_00105_00388-1,-2.2563996
s_016um_00127_00385-1,-3.0954695
s_016um_00169_00128-1,-2.5259938
s_016um_00207_00151-1,-2.073305
s_016um_00228_00236-1,-1.9965601
s_016um_00239_00191-1,-1.9281607
s_016um_00151_00402-1,-2.1167855
s_016um_00408_00150-1,-2.2940748
s_016um_00190_00125-1,-2.159393
s_016um_00353_00122-1,-2.2622042
s_016um_00398_00179-1,-2.1545985
s_016um_00356_00089-1,-2.1373382
s_016um_00090_00336-1,-2.431758
s_016um_00079_00197-1,-2.4404268
s_016um_00314_00055-1,-2.0343432
s_016um_00270_00060-1,-2.442422
s_016um_00201_00151-1,-2.1739063
s_016um_00097_00068-1,-2.2807548
s_016um_00235_00088-1,-2.0334678
s_016um_00134_00073-1,-3.1757298
s_016um_00045_00203-1,-2.083716
s_016um_00087_00273-1,-2.0314417
s_016um_00336_00396-1,-2.4576223
s_016um_00336_00404-1,-2.885745
s_016um_00272_00046-1,-2.1015687
s_016um_00279_00205-1,-2.1513126
s_016um_00253_00029-1,-2.116429
s_016um_00133_00074-1,-2.1468706
s_016um_00281_00329-1,-2.1212704
s_016um_00348_00024-1,-1.9171104
s_016um_00039_00208-1,-2.1677122
s_016um_00006_00208-1,-1.9917806
s_016um_00041_00243-1,-2.4142537
s_016um_00227_00327-1,-2.1075964
s_016um_00400_00368-1,-2.486553
s_016um_00383_00134-1,-2.121631
s_016um_00109_00387-1,-2.1394176
s_016um_00134_00226-1,-2.090841
s_016um_00389_00130-1,-2.0800505
s_016um_00272_00227-1,-2.1717253
s_016um_00218_00282-1,-2.156383
s_016um_00369_00143-1,-2.102235
s_016um_00212_00292-1,-2.3169966
s_016um_00194_00127-1,-2.2867627
s_016um_00220_00281-1,-2.0465546
s_016um_00054_00248-1,-2.847115
s_016um_00195_00097-1,-2.1973538
s_016um_00220_00279-1,-2.1142402
s_016um_00087_00198-1,-2.3324833
s_016um_00264_00189-1,-2.3655388
s_016um_00060_00250-1,-2.091948
s_016um_00133_00233-1,-2.2686245
s_016um_00230_00359-1,-2.139824
s_016um_00079_00285-1,-2.1356156
s_016um_00395_00216-1,-2.1387684
s_016um_00214_00031-1,-2.3495967
s_016um_00005_00156-1,-2.0423858
s_016um_00392_00294-1,-2.250399
s_016um_00354_00287-1,-2.4166405
s_016um_00279_00201-1,-2.0203469
s_016um_00045_00217-1,-2.0460763
s_016um_00226_00239-1,-2.185313
s_016um_00366_00094-1,-2.1193562
s_016um_00274_00329-1,-3.038099
s_016um_00413_00138-1,-2.1639206
s_016um_00373_00124-1,-2.2998805
s_016um_00275_00223-1,-2.4526587
s_016um_00128_00090-1,-2.612875
s_016um_00036_00009-1,-2.708334
s_016um_00274_00131-1,-2.012714
s_016um_00131_00388-1,-1.9402444
s_016um_00230_00331-1,-2.4942367
s_016um_00097_00341-1,-2.0136251
s_016um_00079_00250-1,-2.2310925
s_016um_00320_00302-1,-2.0465038
s_016um_00015_00268-1,-2.1275425
s_016um_00084_00269-1,-2.222072
s_016um_00275_00327-1,-2.5950556
s_016um_00265_00329-1,-2.1917691
s_016um_00046_00242-1,-2.2566993
s_016um_00088_00270-1,-1.9835379
s_016um_00263_00185-1,-3.0009737
s_016um_00037_00097-1,-1.9785907
s_016um_00076_00297-1,-2.08544
s_016um_00068_00235-1,-2.50064
s_016um_00309_00058-1,-2.4552803
s_016um_00219_00031-1,-2.0913234
s_016um_00261_00028-1,-2.173498
s_016um_00370_00122-1,-2.548963
s_016um_00227_00239-1,-2.3750668
s_016um_00369_00102-1,-2.5417228
s_016um_00145_00014-1,-1.9889401
s_016um_00354_00020-1,-2.6329029
s_016um_00211_00032-1,-2.410951
s_016um_00089_00268-1,-2.0771658
s_016um_00386_00297-1,-2.0500305
s_016um_00081_00237-1,-2.2076797
s_016um_00262_00058-1,-2.2794073
s_016um_00123_00147-1,-2.2525775
s_016um_00239_00086-1,-2.0370305
s_016um_00080_00284-1,-1.989325
s_016um_00220_00011-1,-2.3837655
s_016um_00033_00085-1,-2.2132974
s_016um_00267_00029-1,-2.5682538
s_016um_00080_00278-1,-2.0157075
s_016um_00404_00122-1,-2.4181664
s_016um_00220_00029-1,-2.211546
s_016um_00223_00335-1,-2.19947
s_016um_00235_00267-1,-2.3009162
s_016um_00091_00268-1,-1.9558805
s_016um_00033_00007-1,-2.0296638
s_016um_00010_00151-1,-2.2262015
s_016um_00184_00026-1,-2.3136325
s_016um_00067_00127-1,-2.2465706
s_016um_00090_00271-1,-2.2376451
s_016um_00029_00085-1,-2.1122706
s_016um_00022_00271-1,-2.309477
s_016um_00262_00334-1,-2.210155
s_016um_00358_00118-1,-2.3092396
s_016um_00243_00086-1,-2.1269896
s_016um_00325_00299-1,-2.4054067
s_016um_00031_00092-1,-2.0630503
s_016um_00229_00243-1,-2.1053038
s_016um_00355_00113-1,-2.1847594
s_016um_00369_00230-1,-2.0863338
s_016um_00394_00356-1,-3.3352737
s_016um_00074_00247-1,-2.0300195
s_016um_00079_00269-1,-2.1348844
s_016um_00278_00313-1,-2.0263367
s_016um_00080_00299-1,-2.0928133
s_016um_00394_00345-1,-3.0360782
s_016um_00141_00219-1,-1.9851954
s_016um_00312_00053-1,-2.1469731
s_016um_00266_00130-1,-2.8904195
s_016um_00096_00271-1,-2.1703448
s_016um_00089_00073-1,-2.5328498
s_016um_00040_00102-1,-2.2966642
s_016um_00169_00375-1,-2.1513262
s_016um_00408_00397-1,-6.159867
s_016um_00034_00334-1,-2.146483
s_016um_00342_00399-1,-2.8029337
s_016um_00231_00361-1,-2.1057205
s_016um_00142_00019-1,-2.7072697
s_016um_00354_00091-1,-2.0411234
s_016um_00157_00291-1,-2.1189175
s_016um_00357_00091-1,-1.970082
s_016um_00321_00168-1,-2.4632075
s_016um_00191_00122-1,-2.4457126
s_016um_00137_00215-1,-2.6095443
s_016um_00403_00127-1,-2.3614936
s_016um_00258_00190-1,-2.1263134
s_016um_00054_00245-1,-2.2097178
s_016um_00351_00026-1,-2.080892
s_016um_00347_00213-1,-1.9613953
s_016um_00086_00068-1,-1.9858042
s_016um_00351_00094-1,-2.273451
s_016um_00212_00033-1,-2.3125439
s_016um_00103_00387-1,-2.1909878
s_016um_00263_00186-1,-2.4565625
s_016um_00354_00119-1,-2.069935
s_016um_00231_00359-1,-2.2829382
s_016um_00020_00269-1,-2.266511
s_016um_00271_00034-1,-2.208899
s_016um_00339_00398-1,-2.487494
s_016um_00275_00205-1,-2.2004647
s_016um_00361_00418-1,-3.6510954
s_016um_00221_00231-1,-2.4291897
s_016um_00045_00212-1,-2.2600513
s_016um_00048_00218-1,-2.1884828
s_016um_00248_00021-1,-2.5483673
s_016um_00190_00094-1,-2.2634823
s_016um_00402_00258-1,-2.0575185
s_016um_00060_00247-1,-2.1475458
s_016um_00402_00403-1,-7.1581917
s_016um_00196_00128-1,-2.0865479
s_016um_00106_00315-1,-2.054148
s_016um_00149_00397-1,-2.2349248
s_016um_00226_00242-1,-2.3619156
s_016um_00075_00294-1,-2.102335
s_016um_00352_00023-1,-2.0428467
s_016um_00326_00167-1,-2.2649143
s_016um_00223_00328-1,-1.9827908
s_016um_00274_00228-1,-2.3770318
s_016um_00192_00126-1,-2.4370694
s_016um_00393_00295-1,-2.1520169
s_016um_00225_00250-1,-2.240255
s_016um_00381_00138-1,-2.2558467
s_016um_00225_00026-1,-2.4509137
s_016um_00402_00369-1,-3.0847816
s_016um_00106_00318-1,-2.3094163
s_016um_00220_00276-1,-2.3369832
s_016um_00407_00146-1,-1.9019693
s_016um_00382_00137-1,-2.0079985
s_016um_00329_00122-1,-2.072557
s_016um_00152_00395-1,-2.173504
s_016um_00387_00341-1,-2.2133846
s_016um_00327_00215-1,-2.203547
s_016um_00273_00031-1,-2.297861
s_016um_00272_00049-1,-2.104854
s_016um_00100_00387-1,-2.4435072
s_016um_00083_00293-1,-2.2595632
s_016um_00407_00148-1,-2.1018298
s_016um_00263_00133-1,-2.1349678
s_016um_00165_00123-1,-2.0737376
s_016um_00086_00283-1,-2.3117304
s_016um_00407_00403-1,-5.771639
s_016um_00368_00102-1,-1.9907568
s_016um_00066_00125-1,-2.172454
s_016um_00141_00062-1,-1.8983462
s_016um_00040_00040-1,-2.5239773
s_016um_00267_00129-1,-2.6251333
s_016um_00215_00290-1,-2.2932498
s_016um_00227_00236-1,-2.0762107
s_016um_00157_00289-1,-1.8530602
s_016um_00210_00297-1,-2.2198613
s_016um_00207_00147-1,-2.1400356
s_016um_00142_00021-1,-2.3468828
s_016um_00196_00097-1,-2.2777154
s_016um_00330_00122-1,-2.3925228
s_016um_00034_00330-1,-2.0289295
s_016um_00397_00182-1,-2.1302657
s_016um_00081_00264-1,-2.184961
s_016um_00240_00083-1,-1.9917583
s_016um_00127_00382-1,-2.0467854
s_016um_00322_00304-1,-2.2630305
s_016um_00185_00027-1,-2.6750119
s_016um_00062_00133-1,-2.3154006
s_016um_00236_00360-1,-2.2437792
s_016um_00265_00331-1,-2.0603113
s_016um_00044_00173-1,-2.3560278
s_016um_00027_00336-1,-2.1389592
s_016um_00019_00268-1,-2.0767457
s_016um_00034_00003-1,-2.0132856
s_016um_00029_00084-1,-2.2040408
s_016um_00061_00249-1,-1.9855902
s_016um_00033_00335-1,-2.203831
s_016um_00007_00295-1,-2.2027655
s_016um_00418_00140-1,-2.1020603
s_016um_00355_00412-1,-3.4659648
s_016um_00042_00211-1,-2.049212
s_016um_00130_00089-1,-2.556847
s_016um_00104_00385-1,-2.284824
s_016um_00401_00121-1,-2.1612997
s_016um_00417_00139-1,-2.2802193
s_016um_00132_00094-1,-2.2966425
s_016um_00269_00333-1,-2.0761027
s_016um_00194_00122-1,-2.5705276
s_016um_00279_00048-1,-2.2375844
s_016um_00217_00032-1,-2.112433
s_016um_00211_00027-1,-2.1011858
s_016um_00326_00169-1,-2.405568
s_016um_00096_00339-1,-2.0296686
s_016um_00010_00211-1,-2.1004522
s_016um_00321_00228-1,-2.281944
s_016um_00312_00060-1,-2.6742113
s_016um_00092_00338-1,-2.096336
s_016um_00134_00074-1,-2.0074744
s_016um_00327_00217-1,-2.135262
s_016um_00164_00288-1,-2.494501
s_016um_00046_00237-1,-2.1933877
s_016um_00083_00031-1,-2.1923451
s_016um_00335_00258-1,-2.4439456
s_016um_00388_00129-1,-2.3162086
s_016um_00181_00024-1,-2.0853314
s_016um_00390_00345-1,-2.6865773
s_016um_00322_00298-1,-2.3073797
s_016um_00219_00235-1,-2.5247166
s_016um_00372_00142-1,-2.4184375
s_016um_00372_00117-1,-2.2253807
s_016um_00231_00261-1,-2.156491
s_016um_00360_00294-1,-2.1665466
s_016um_00390_00337-1,-2.2131941
s_016um_00045_00237-1,-2.343104
s_016um_00259_00185-1,-3.0407114
s_016um_00395_00372-1,-2.4481854
s_016um_00267_00062-1,-2.1519692
s_016um_00151_00399-1,-2.2778542
s_016um_00153_00397-1,-2.2825868
s_016um_00270_00335-1,-2.5325618
s_016um_00324_00166-1,-2.3185594
s_016um_00224_00236-1,-2.2286475
s_016um_00399_00361-1,-2.5144875
s_016um_00354_00023-1,-2.4478307
s_016um_00279_00329-1,-2.1978867
s_016um_00221_00170-1,-2.241634
s_016um_00233_00362-1,-2.1214283
s_016um_00222_00239-1,-2.0855055
s_016um_00189_00091-1,-2.165103
s_016um_00078_00299-1,-2.0174868
s_016um_00007_00301-1,-2.1435292
s_016um_00268_00330-1,-2.3393571
s_016um_00289_00095-1,-2.3007495
s_016um_00281_00136-1,-2.1891322
s_016um_00410_00103-1,-2.3092368
s_016um_00278_00326-1,-2.2131646
s_016um_00137_00076-1,-2.1825714
s_016um_00041_00215-1,-2.689763
s_016um_00193_00097-1,-2.3396504
s_016um_00095_00336-1,-2.026763
s_016um_00095_00317-1,-2.1083217
s_016um_00244_00084-1,-2.2130656
s_016um_00393_00183-1,-2.2941358
s_016um_00224_00170-1,-2.1796927
s_016um_00341_00220-1,-1.9757801
s_016um_00036_00008-1,-2.4587624
s_016um_00128_00385-1,-2.366313
s_016um_00224_00232-1,-2.4343998
s_016um_00129_00232-1,-2.1770349
s_016um_00138_00021-1,-2.445933
s_016um_00410_00104-1,-2.3669283
s_016um_00122_00148-1,-2.1699255
s_016um_00082_00282-1,-2.104818
s_016um_00094_00027-1,-1.9934162
s_016um_00235_00359-1,-2.388711
s_016um_00325_00126-1,-2.0038428
s_016um_00277_00138-1,-2.077535
s_016um_00171_00375-1,-2.2064304
s_016um_00199_00151-1,-2.2960374
s_016um_00356_00122-1,-2.3163157
s_016um_00192_00096-1,-2.2371492
s_016um_00404_00150-1,-2.1744337
s_016um_00266_00134-1,-2.1720266
s_016um_00224_00245-1,-2.0980294
s_016um_00347_00219-1,-2.2736158
s_016um_00380_00131-1,-2.1001272
s_016um_00091_00275-1,-2.0753179
s_016um_00217_00010-1,-2.2182593
s_016um_00220_00014-1,-2.2670212
s_016um_00336_00402-1,-2.7581491
s_016um_00352_00026-1,-2.2938802
s_016um_00085_00195-1,-2.799762
s_016um_00399_00372-1,-2.4203808
s_016um_00129_00226-1,-2.165596
s_016um_00394_00295-1,-2.0792017
s_016um_00054_00243-1,-2.3557093
s_016um_00117_00146-1,-2.1409798
s_016um_00275_00324-1,-2.333615
s_016um_00326_00230-1,-2.1382859
s_016um_00335_00398-1,-2.945574
s_016um_00371_00138-1,-2.2384396
s_016um_00194_00094-1,-2.2179806
s_016um_00037_00174-1,-2.2633355
s_016um_00257_00187-1,-2.1260273
s_016um_00096_00272-1,-2.1790273
s_016um_00104_00383-1,-2.3064086
s_016um_00400_00124-1,-2.39974
s_016um_00139_00222-1,-2.0097766
s_016um_00273_00131-1,-1.9729071
s_016um_00220_00032-1,-2.2131317
s_016um_00079_00239-1,-2.1221023
s_016um_00360_00416-1,-3.7605019
s_016um_00011_00153-1,-2.2928333
s_016um_00322_00163-1,-2.3967893
s_016um_00042_00242-1,-2.7933993
s_016um_00413_00105-1,-2.135872
s_016um_00220_00224-1,-2.0539575
s_016um_00369_00101-1,-2.130116
s_016um_00061_00246-1,-1.9891309
s_016um_00043_00208-1,-1.8215774
s_016um_00048_00214-1,-2.1588607
s_016um_00179_00030-1,-2.26764
s_016um_00193_00092-1,-2.1033888
s_016um_00398_00370-1,-2.5282793
s_016um_00406_00397-1,-5.9552584
s_016um_00043_00215-1,-2.1595168
s_016um_00408_00105-1,-2.3549802
s_016um_00358_00411-1,-3.1572165
s_016um_00246_00083-1,-2.0236218
s_016um_00080_00033-1,-2.4029713
s_016um_00395_00366-1,-2.4659808
s_016um_00363_00224-1,-2.167153
s_016um_00225_00170-1,-2.0833623
s_016um_00241_00089-1,-1.9185779
s_016um_00028_00085-1,-2.27005
s_016um_00194_00128-1,-2.1158347
s_016um_00228_00245-1,-2.2087994
s_016um_00413_00101-1,-2.5121238
s_016um_00393_00179-1,-2.2580276
s_016um_00217_00231-1,-1.9748443
s_016um_00262_00337-1,-2.1245315
s_016um_00369_00142-1,-2.227937
s_016um_00233_00358-1,-2.568111
s_016um_00115_00146-1,-2.5547626
s_016um_00039_00172-1,-2.2986493
s_016um_00108_00390-1,-2.1018922
s_016um_00270_00029-1,-2.537824
s_016um_00085_00200-1,-2.14868
s_016um_00370_00118-1,-2.100482
s_016um_00136_00222-1,-3.1598353
s_016um_00089_00278-1,-1.9551958
s_016um_00214_00011-1,-2.0611444
s_016um_00267_00331-1,-2.215892
s_016um_00088_00065-1,-2.6065342
s_016um_00235_00189-1,-2.0909524
s_016um_00236_00093-1,-1.8906163
s_016um_00335_00404-1,-3.1458933
s_016um_00192_00127-1,-1.9707557
s_016um_00358_00294-1,-2.091082
s_016um_00090_00276-1,-2.0665934
s_016um_00224_00226-1,-2.283686
s_016um_00147_00059-1,-2.348043
s_016um_00041_00041-1,-2.264631
s_016um_00116_00151-1,-2.2251368
s_016um_00208_00291-1,-2.1071143
s_016um_00097_00066-1,-2.2708588
s_016um_00085_00032-1,-2.1298664
s_016um_00364_00226-1,-2.031813
s_016um_00104_00390-1,-2.1722534
s_016um_00089_00272-1,-1.9566598
s_016um_00098_00070-1,-1.9942104
s_016um_00224_00235-1,-2.1332695
s_016um_00168_00128-1,-2.1328647
s_016um_00223_00234-1,-2.297387
s_016um_00109_00321-1,-3.5168762
s_016um_00067_00133-1,-2.257725
s_016um_00067_00234-1,-2.247374
s_016um_00222_00327-1,-2.1895223
s_016um_00097_00070-1,-2.4840958
s_016um_00366_00098-1,-2.1839182
s_016um_00396_00181-1,-1.9762762
s_016um_00133_00073-1,-2.1405015
s_016um_00094_00315-1,-2.2186537
s_016um_00219_00282-1,-2.3069532
s_016um_00059_00243-1,-2.3028684
s_016um_00403_00119-1,-2.3361325
s_016um_00321_00299-1,-2.263054
s_016um_00082_00243-1,-2.041976
s_016um_00415_00135-1,-2.627458
s_016um_00255_00029-1,-2.1794877
s_016um_00321_00162-1,-2.4219477
s_016um_00137_00229-1,-2.423587
s_016um_00039_00044-1,-2.095404
s_016um_00247_00087-1,-2.1922596
s_016um_00368_00139-1,-2.2030623
s_016um_00283_00325-1,-2.2752383
s_016um_00066_00237-1,-2.5280266
s_016um_00325_00118-1,-2.8611796
s_016um_00006_00299-1,-2.0236263
s_016um_00219_00024-1,-2.054393
s_016um_00266_00054-1,-2.0952578
s_016um_00262_00135-1,-2.0357642
s_016um_00117_00144-1,-2.6514792
s_016um_00128_00087-1,-2.1873755
s_016um_00239_00085-1,-2.1486256
s_016um_00015_00271-1,-2.632872
s_016um_00166_00125-1,-2.2239742
s_016um_00334_00401-1,-3.0267668
s_016um_00396_00215-1,-2.3317392
s_016um_00404_00124-1,-2.1207504
s_016um_00358_00290-1,-1.9463807
s_016um_00338_00399-1,-2.8343687
s_016um_00214_00015-1,-2.230929
s_016um_00035_00006-1,-2.1657183
s_016um_00399_00219-1,-2.0681255
s_016um_00168_00374-1,-2.2372406
s_016um_00344_00214-1,-2.1714387
s_016um_00140_00060-1,-2.2511122
s_016um_00231_00354-1,-2.4169424
s_016um_00225_00246-1,-2.4507582
s_016um_00216_00172-1,-2.0627477
s_016um_00101_00026-1,-2.2828789
s_016um_00146_00395-1,-2.2652924
s_016um_00401_00401-1,-6.6545496
s_016um_00331_00250-1,-2.11444
s_016um_00395_00364-1,-2.785104
s_016um_00396_00256-1,-2.3641112
s_016um_00242_00188-1,-2.3195987
s_016um_00085_00266-1,-2.0103455
s_016um_00274_00204-1,-2.4292974
s_016um_00307_00059-1,-2.2359674
s_016um_00087_00270-1,-2.1501517
s_016um_00345_00217-1,-2.123312
s_016um_00278_00207-1,-2.008883
s_016um_00272_00223-1,-2.4643672
s_016um_00397_00358-1,-2.3027468
s_016um_00371_00097-1,-2.0611672
s_016um_00083_00028-1,-2.2796068
s_016um_00080_00269-1,-2.1237411
s_016um_00231_00088-1,-2.3033564
s_016um_00031_00086-1,-2.2674966
s_016um_00107_00391-1,-2.191521
s_016um_00337_00397-1,-2.7672813
s_016um_00170_00378-1,-2.4706416
s_016um_00130_00225-1,-2.055474
s_016um_00259_00133-1,-2.2139585
s_016um_00134_00231-1,-2.3177586
s_016um_00082_00272-1,-2.1564806
s_016um_00053_00246-1,-2.3489876
s_016um_00353_00121-1,-2.5395367
s_016um_00230_00262-1,-2.0019112
s_016um_00083_00034-1,-2.306677
s_016um_00275_00206-1,-2.2294598
s_016um_00102_00073-1,-2.471203
s_016um_00007_00210-1,-1.9784592
s_016um_00200_00149-1,-2.1491394
s_016um_00399_00366-1,-2.6047246
s_016um_00093_00340-1,-2.0424747
s_016um_00281_00133-1,-1.9342401
s_016um_00041_00099-1,-2.0895283
s_016um_00388_00337-1,-2.4598336
s_016um_00264_00057-1,-2.1898985
s_016um_00352_00114-1,-2.2657197
s_016um_00013_00298-1,-2.013565
s_016um_00261_00333-1,-2.1164477
s_016um_00265_00056-1,-2.1370976
s_016um_00091_00272-1,-2.139914
s_016um_00166_00126-1,-2.0472744
s_016um_00388_00130-1,-2.2367213
s_016um_00335_00254-1,-2.5837877
s_016um_00395_00179-1,-2.2954884
s_016um_00411_00096-1,-2.4732137
s_016um_00219_00277-1,-2.2236023
s_016um_00043_00206-1,-2.1872177
s_016um_00128_00382-1,-1.9416652
s_016um_00139_00055-1,-2.5156684
s_016um_00263_00056-1,-2.1792407
s_016um_00222_00166-1,-2.0268285
s_016um_00277_00208-1,-2.0284593
s_016um_00159_00286-1,-2.2539458
s_016um_00344_00220-1,-2.9034758
s_016um_00331_00211-1,-2.3110094
s_016um_00407_00151-1,-2.1558533
s_016um_00136_00317-1,-2.9485633
s_016um_00370_00121-1,-2.1058931
s_016um_00402_00122-1,-2.2251706
s_016um_00375_00136-1,-2.1150045
s_016um_00284_00092-1,-2.0636375
s_016um_00105_00389-1,-2.0940304
s_016um_00282_00323-1,-2.2799702
s_016um_00212_00289-1,-1.9845257
s_016um_00076_00248-1,-2.0614004
s_016um_00040_00208-1,-2.5369833
s_016um_00084_00285-1,-2.0596108
s_016um_00194_00096-1,-2.0288782
s_016um_00361_00226-1,-2.1610835
s_016um_00272_00230-1,-2.223316
s_016um_00217_00277-1,-2.1864402
s_016um_00012_00296-1,-1.9438509
s_016um_00223_00327-1,-2.2900946
s_016um_00224_00250-1,-1.947569
s_016um_00277_00131-1,-2.3651397
s_016um_00274_00315-1,-2.8331728
s_016um_00218_00225-1,-2.1693878
s_016um_00153_00399-1,-2.2413647
s_016um_00150_00401-1,-2.1262274
s_016um_00413_00137-1,-2.0161629
s_016um_00274_00136-1,-2.174768
s_016um_00322_00232-1,-1.9927688
s_016um_00084_00027-1,-2.1507874
s_016um_00101_00024-1,-2.0715117
s_016um_00218_00276-1,-2.1464047
s_016um_00349_00024-1,-2.013657
s_016um_00272_00030-1,-2.2369504
s_016um_00215_00018-1,-2.324977
s_016um_00258_00184-1,-2.012863
s_016um_00067_00126-1,-2.1299195
s_016um_00386_00298-1,-1.9872723
s_016um_00217_00030-1,-2.1785407
s_016um_00007_00209-1,-2.392948
s_016um_00095_00030-1,-2.250174
s_016um_00007_00294-1,-2.069684
s_016um_00252_00027-1,-2.1872628
s_016um_00276_00136-1,-2.2492776
s_016um_00357_00418-1,-5.120408
s_016um_00092_00317-1,-2.2250056
s_016um_00398_00261-1,-2.30695
s_016um_00335_00216-1,-2.2844775
s_016um_00398_00372-1,-2.909366
s_016um_00210_00031-1,-2.5966654
s_016um_00211_00033-1,-2.1792152
s_016um_00382_00133-1,-2.6699417
s_016um_00165_00124-1,-2.2246144
s_016um_00321_00304-1,-2.212804
s_016um_00078_00239-1,-2.0527344
s_016um_00039_00049-1,-2.221046
s_016um_00100_00066-1,-2.0776532
s_016um_00065_00230-1,-2.1585963
s_016um_00079_00267-1,-2.2010686
s_016um_00039_00104-1,-2.1096957
s_016um_00358_00095-1,-2.2397635
s_016um_00358_00093-1,-2.141497
s_016um_00042_00209-1,-2.384849
s_016um_00117_00150-1,-2.3545754
s_016um_00265_00034-1,-2.2666018
s_016um_00044_00177-1,-2.2383335
s_016um_00341_00216-1,-2.6144183
s_016um_00387_00339-1,-2.4802666
s_016um_00146_00396-1,-2.2711642
s_016um_00129_00087-1,-2.4100347
s_016um_00368_00098-1,-2.5896742
s_016um_00395_00177-1,-2.4355216
s_016um_00274_00130-1,-2.493521
s_016um_00355_00019-1,-2.1127229
s_016um_00367_00095-1,-2.3269274
s_016um_00356_00116-1,-2.505268
s_016um_00126_00092-1,-2.5788767
s_016um_00367_00143-1,-2.1023667
s_016um_00097_00024-1,-2.0924766
s_016um_00080_00271-1,-2.0848758
s_016um_00088_00071-1,-2.4471884
s_016um_00057_00249-1,-2.313437
s_016um_00039_00206-1,-2.222529
s_016um_00011_00207-1,-2.5073273
s_016um_00267_00334-1,-2.4355617
s_016um_00236_00186-1,-2.3612216
s_016um_00139_00017-1,-2.5773273
s_016um_00020_00267-1,-2.0397778
s_016um_00092_00274-1,-2.2171955
s_016um_00088_00035-1,-2.1092882
s_016um_00411_00098-1,-2.0515578
s_016um_00354_00413-1,-3.6286342
s_016um_00239_00089-1,-2.353842
s_016um_00353_00094-1,-2.1753333
s_016um_00177_00026-1,-2.171166
s_016um_00405_00403-1,-5.6141
s_016um_00386_00133-1,-2.0202801
s_016um_00215_00010-1,-2.6011174
s_016um_00326_00168-1,-2.1610909
s_016um_00348_00217-1,-2.2598662
s_016um_00043_00243-1,-2.2399328
s_016um_00240_00086-1,-2.5971024
s_016um_00138_00019-1,-2.1673002
s_016um_00210_00291-1,-2.3533201
s_016um_00275_00315-1,-3.616197
s_016um_00368_00103-1,-2.4494357
s_016um_00391_00364-1,-2.7200925
s_016um_00267_00053-1,-2.05408
s_016um_00354_00292-1,-2.1366897
s_016um_00371_00118-1,-2.070056
s_016um_00081_00266-1,-2.1698644
s_016um_00080_00244-1,-2.0627158
s_016um_00323_00300-1,-2.2121074
s_016um_00004_00155-1,-2.1511917
s_016um_00036_00010-1,-2.5541513
s_016um_00275_00048-1,-2.1577477
s_016um_00265_00188-1,-2.0521555
s_016um_00276_00316-1,-2.76528
s_016um_00328_00211-1,-2.2761457
s_016um_00161_00284-1,-2.3395455
s_016um_00080_00237-1,-2.0982375
s_016um_00014_00210-1,-2.8207793
s_016um_00033_00333-1,-2.1134896
s_016um_00227_00231-1,-2.1406612
s_016um_00039_00207-1,-1.9785521
s_016um_00243_00183-1,-2.2143283
s_016um_00140_00075-1,-2.152273
s_016um_00367_00098-1,-2.023432
s_016um_00042_00203-1,-2.1923501
s_016um_00014_00267-1,-2.3298817
s_016um_00285_00098-1,-1.9622401
s_016um_00269_00060-1,-2.2593956
s_016um_00213_00280-1,-1.9882636
s_016um_00278_00318-1,-2.3614814
s_016um_00375_00146-1,-2.1786084
s_016um_00354_00293-1,-2.1419566
s_016um_00038_00177-1,-1.9894047
s_016um_00043_00044-1,-2.3304636
s_016um_00160_00288-1,-2.2496967
s_016um_00350_00026-1,-2.0689187
s_016um_00328_00300-1,-2.0614455
s_016um_00327_00166-1,-2.148492
s_016um_00273_00046-1,-2.0689855
s_016um_00390_00362-1,-2.9911704
s_016um_00263_00058-1,-2.1854026
s_016um_00138_00073-1,-2.1357634
s_016um_00022_00267-1,-2.3108087
s_016um_00260_00135-1,-2.0743215
s_016um_00404_00120-1,-2.0083578
s_016um_00039_00101-1,-2.577413
s_016um_00390_00339-1,-2.1921883
s_016um_00363_00229-1,-1.9846867
s_016um_00216_00032-1,-2.1635005
s_016um_00054_00244-1,-2.411565
s_016um_00034_00329-1,-2.1313548
s_016um_00231_00356-1,-2.5107536
s_016um_00193_00127-1,-2.16961
s_016um_00282_00315-1,-1.9806261
s_016um_00271_00060-1,-2.2273507
s_016um_00082_00287-1,-2.0982392
s_016um_00158_00293-1,-2.1322913
s_016um_00354_00415-1,-3.8137197
s_016um_00224_00240-1,-2.1029325
s_016um_00276_00317-1,-2.2263536
s_016um_00015_00266-1,-2.4337814
s_016um_00340_00215-1,-2.2161193
s_016um_00146_00058-1,-2.405041
s_016um_00097_00316-1,-2.263169
s_016um_00271_00230-1,-2.2300916
s_016um_00085_00198-1,-2.213289
s_016um_00235_00266-1,-2.0534005
s_016um_00004_00153-1,-2.4407835
s_016um_00242_00189-1,-2.6688888
s_016um_00042_00219-1,-2.132146
s_016um_00415_00137-1,-2.3792045
s_016um_00086_00034-1,-2.1645334
s_016um_00226_00252-1,-2.0342467
s_016um_00139_00056-1,-2.5353723
s_016um_00374_00125-1,-2.1273766
s_016um_00417_00135-1,-1.9851255
s_016um_00131_00230-1,-2.2373645
s_016um_00169_00371-1,-2.0899467
s_016um_00402_00152-1,-2.3572357
s_016um_00276_00205-1,-1.9422579
s_016um_00040_00218-1,-2.4049952
s_016um_00131_00089-1,-2.1589153
s_016um_00231_00355-1,-2.214841
s_016um_00242_00182-1,-2.190225
s_016um_00406_00125-1,-2.1278994
s_016um_00233_00090-1,-2.3671696
s_016um_00099_00338-1,-2.357664
s_016um_00269_00056-1,-3.2357621
s_016um_00225_00330-1,-2.0932689
s_016um_00251_00024-1,-2.2513568
s_016um_00115_00150-1,-2.4373503
s_016um_00339_00399-1,-3.3576574
s_016um_00147_00056-1,-2.18963
s_016um_00160_00289-1,-2.1610782
s_016um_00279_00321-1,-2.2244
s_016um_00088_00264-1,-1.9918779
s_016um_00237_00264-1,-2.1369908
s_016um_00040_00215-1,-3.2314
s_016um_00040_00175-1,-2.5043368
s_016um_00362_00289-1,-2.0255342
s_016um_00121_00146-1,-2.2258742
s_016um_00387_00128-1,-2.1069221
s_016um_00119_00146-1,-1.8793519
s_016um_00042_00243-1,-2.3363514
s_016um_00397_00179-1,-2.3997521
s_016um_00037_00104-1,-2.3274329
s_016um_00257_00192-1,-2.3474846
s_016um_00246_00082-1,-2.183474
s_016um_00237_00182-1,-2.0123053
s_016um_00090_00272-1,-2.5465393
s_016um_00040_00046-1,-2.252943
s_016um_00235_00092-1,-2.2175648
s_016um_00334_00398-1,-2.4317627
s_016um_00399_00212-1,-2.4141214
s_016um_00141_00017-1,-2.151314
s_016um_00070_00232-1,-2.1563952
s_016um_00337_00256-1,-2.1835523
s_016um_00130_00229-1,-2.03196
s_016um_00206_00145-1,-2.1138196
s_016um_00224_00230-1,-2.371038
s_016um_00141_00056-1,-2.2348359
s_016um_00065_00133-1,-2.1430757
s_016um_00142_00013-1,-2.2090888
s_016um_00367_00102-1,-2.0441928
s_016um_00140_00077-1,-2.4517806
s_016um_00181_00029-1,-2.1543767
s_016um_00281_00323-1,-2.6222699
s_016um_00406_00151-1,-2.3186476
s_016um_00390_00341-1,-3.3025603
s_016um_00223_00030-1,-2.3580902
s_016um_00083_00281-1,-2.1050932
s_016um_00260_00032-1,-2.4880714
s_016um_00098_00023-1,-2.2187123
s_016um_00254_00020-1,-3.0228548
s_016um_00310_00060-1,-2.446657
s_016um_00373_00118-1,-2.4315448
s_016um_00278_00325-1,-2.1652071
s_016um_00355_00089-1,-2.3573222
s_016um_00270_00056-1,-1.9633919
s_016um_00098_00319-1,-2.101081
s_016um_00039_00097-1,-2.260001
s_016um_00236_00088-1,-2.1668336
s_016um_00043_00041-1,-2.0923805
s_016um_00233_00264-1,-2.232317
s_016um_00270_00033-1,-2.2426906
s_016um_00171_00126-1,-2.3600707
s_016um_00343_00220-1,-3.0528197
s_016um_00170_00127-1,-2.1541042
s_016um_00175_00374-1,-2.5652456
s_016um_00236_00184-1,-2.3257387
s_016um_00135_00232-1,-2.079976
s_016um_00239_00090-1,-2.1342175
s_016um_00089_00069-1,-2.085203
s_016um_00073_00247-1,-1.9980232
s_016um_00287_00093-1,-2.3107948
s_016um_00253_00020-1,-2.2908485
s_016um_00274_00207-1,-2.0801516
s_016um_00375_00142-1,-2.1385992
s_016um_00356_00117-1,-2.4557512
s_016um_00103_00385-1,-2.412301
s_016um_00046_00214-1,-2.2784638
s_016um_00355_00090-1,-2.411053
s_016um_00391_00179-1,-2.1532593
s_016um_00166_00122-1,-2.2075622
s_016um_00361_00287-1,-2.2528646
s_016um_00340_00396-1,-2.8518584
s_016um_00372_00123-1,-2.2184284
s_016um_00276_00130-1,-2.085978
s_016um_00057_00243-1,-2.032641
s_016um_00080_00282-1,-2.3134239
s_016um_00273_00230-1,-2.2337482
s_016um_00309_00054-1,-2.1732438
s_016um_00172_00371-1,-2.436707
s_016um_00196_00122-1,-2.1274512
s_016um_00043_00171-1,-2.305868
s_016um_00341_00404-1,-2.4652681
s_016um_00191_00125-1,-2.0602584
s_016um_00084_00034-1,-2.2986305
s_016um_00356_00094-1,-2.0360472
s_016um_00282_00327-1,-2.3424282
s_016um_00407_00396-1,-5.5709596
s_016um_00325_00119-1,-2.356099
s_016um_00410_00098-1,-1.9835579
s_016um_00387_00344-1,-2.8778367
s_016um_00222_00330-1,-2.0766969
s_016um_00167_00128-1,-2.0595722
s_016um_00400_00366-1,-2.1675963
s_016um_00163_00285-1,-2.1296036
s_016um_00265_00031-1,-2.3038821
s_016um_00266_00029-1,-2.4584656
s_016um_00338_00400-1,-2.6904705
s_016um_00044_00245-1,-2.2833755
s_016um_00080_00248-1,-2.1552963
s_016um_00328_00228-1,-2.087212
s_016um_00358_00291-1,-2.1332214
s_016um_00076_00239-1,-2.033786
s_016um_00122_00149-1,-2.1477873
s_016um_00377_00135-1,-2.1864502
s_016um_00331_00212-1,-2.2550545
s_016um_00142_00015-1,-2.2375433
s_016um_00099_00315-1,-2.4699938
s_016um_00010_00158-1,-2.1261768
s_016um_00268_00061-1,-2.1925185
s_016um_00371_00148-1,-2.4399343
s_016um_00220_00232-1,-2.3128152
s_016um_00333_00254-1,-2.6215858
s_016um_00366_00099-1,-2.1833181
s_016um_00280_00311-1,-2.5472016
s_016um_00216_00017-1,-2.2642407
s_016um_00064_00232-1,-2.3758373
s_016um_00260_00132-1,-2.0647717
s_016um_00043_00242-1,-3.3439074
s_016um_00361_00289-1,-2.2259126
s_016um_00402_00256-1,-2.1249552
s_016um_00100_00024-1,-2.17176
s_016um_00034_00104-1,-2.098715
s_016um_00184_00025-1,-2.1958804
s_016um_00094_00026-1,-2.1663146
s_016um_00223_00236-1,-1.9939537
s_016um_00400_00254-1,-2.0439637
s_016um_00048_00240-1,-2.0729005
s_016um_00046_00239-1,-2.2564962
s_016um_00068_00237-1,-1.9876728
s_016um_00147_00395-1,-2.3363001
s_016um_00348_00219-1,-2.1559064
s_016um_00229_00330-1,-2.340335
s_016um_00085_00281-1,-1.9771705
s_016um_00325_00163-1,-2.1675513
s_016um_00020_00265-1,-1.9531245
s_016um_00354_00093-1,-2.349426
s_016um_00226_00250-1,-2.176828
s_016um_00245_00082-1,-2.1386304
s_016um_00271_00229-1,-2.515558
s_016um_00190_00090-1,-2.3418267
s_016um_00374_00147-1,-2.6324072
s_016um_00220_00168-1,-2.2810464
s_016um_00103_00072-1,-2.441841
s_016um_00280_00050-1,-2.2844758
s_016um_00307_00056-1,-2.3421476
s_016um_00081_00284-1,-2.0348692
s_016um_00012_00208-1,-2.1695502
s_016um_00068_00132-1,-2.0711992
s_016um_00097_00318-1,-2.1026294
s_016um_00241_00086-1,-2.2424731
s_016um_00336_00255-1,-2.0783107
s_016um_00289_00094-1,-2.5406709
s_016um_00064_00129-1,-2.086398
s_016um_00264_00061-1,-2.4128757
s_016um_00006_00158-1,-2.2185
s_016um_00086_00035-1,-2.530208
s_016um_00144_00062-1,-2.1178007
s_016um_00038_00179-1,-2.6970518
s_016um_00269_00028-1,-2.1226053
s_016um_00136_00232-1,-2.270694
s_016um_00307_00054-1,-2.038699
s_016um_00027_00092-1,-2.258041
s_016um_00085_00031-1,-2.1078315
s_016um_00283_00096-1,-2.2750385
s_016um_00056_00249-1,-2.4091907
s_016um_00354_00092-1,-2.318634
s_016um_00128_00092-1,-2.086894
s_016um_00408_00153-1,-2.2567503
s_016um_00260_00190-1,-2.2645762
s_016um_00228_00261-1,-2.1811452
s_016um_00329_00256-1,-2.399718
s_016um_00134_00315-1,-3.4449108
s_016um_00278_00205-1,-2.3340228
s_016um_00346_00214-1,-2.0335276
s_016um_00073_00248-1,-2.1016538
s_016um_00213_00034-1,-2.1780498
s_016um_00220_00169-1,-1.9308121
s_016um_00144_00016-1,-2.2647634
s_016um_00132_00225-1,-2.1710691
s_016um_00394_00370-1,-2.405309
s_016um_00217_00017-1,-2.2319882
s_016um_00091_00337-1,-2.136894
s_016um_00088_00067-1,-2.3864555
s_016um_00084_00070-1,-2.379044
s_016um_00229_00249-1,-2.0388238
s_016um_00242_00090-1,-2.1709151
s_016um_00384_00134-1,-2.1540933
s_016um_00114_00319-1,-2.2771811
s_016um_00225_00027-1,-2.4273827
s_016um_00172_00378-1,-2.2737772
s_016um_00264_00190-1,-2.209286
s_016um_00035_00101-1,-2.0545862
s_016um_00356_00417-1,-4.1704435
s_016um_00212_00280-1,-2.1213248
s_016um_00274_00209-1,-1.9222248
s_016um_00107_00321-1,-2.1343038
s_016um_00136_00320-1,-3.3334093
s_016um_00123_00148-1,-2.80206
s_016um_00014_00208-1,-2.1461837
s_016um_00068_00128-1,-2.2827208
s_016um_00083_00294-1,-2.0655742
s_016um_00319_00163-1,-2.267889
s_016um_00059_00247-1,-2.4387403
s_016um_00037_00101-1,-2.3326862
s_016um_00355_00417-1,-3.5695672
s_016um_00086_00071-1,-2.3172233
s_016um_00331_00126-1,-2.0335772
s_016um_00378_00135-1,-2.1064742
s_016um_00404_00394-1,-5.5584755
s_016um_00068_00238-1,-2.1879983
s_016um_00335_00251-1,-2.5136476
s_016um_00110_00315-1,-2.419102
s_016um_00043_00177-1,-2.0665653
s_016um_00325_00125-1,-2.1293964
s_016um_00351_00092-1,-2.3639717
s_016um_00255_00034-1,-2.3279037
s_016um_00365_00229-1,-2.0758333
s_016um_00042_00213-1,-2.409976
s_016um_00344_00211-1,-2.0339596
s_016um_00373_00146-1,-2.5505536
s_016um_00041_00042-1,-2.1701083
s_016um_00235_00262-1,-2.2367907
s_016um_00273_00332-1,-2.3026328
s_016um_00044_00214-1,-2.2206664
s_016um_00206_00148-1,-2.308671
s_016um_00287_00097-1,-2.472375
s_016um_00118_00144-1,-2.0131495
s_016um_00221_00283-1,-2.1511703
s_016um_00280_00326-1,-1.9759383
s_016um_00372_00139-1,-2.9699879
s_016um_00387_00133-1,-2.2937741
s_016um_00029_00335-1,-2.1428318
s_016um_00097_00320-1,-2.1189532
s_016um_00263_00335-1,-2.3071175
s_016um_00133_00314-1,-3.9115977
s_016um_00358_00285-1,-2.2340193
s_016um_00416_00138-1,-2.197213
s_016um_00348_00023-1,-2.1469724
s_016um_00358_00418-1,-4.8738284
s_016um_00225_00231-1,-2.110728
s_016um_00366_00226-1,-2.3477955
s_016um_00270_00062-1,-2.1025677
s_016um_00219_00174-1,-2.1898298
s_016um_00393_00341-1,-2.5296123
s_016um_00363_00290-1,-2.0680056
s_016um_00070_00231-1,-2.0813684
s_016um_00228_00328-1,-2.0817413
s_016um_00213_00281-1,-2.1220973
s_016um_00170_00372-1,-2.1960013
s_016um_00089_00277-1,-1.9981998
s_016um_00080_00281-1,-2.1115446
s_016um_00085_00071-1,-2.2600756
s_016um_00237_00085-1,-2.2945716
s_016um_00061_00131-1,-2.2794487
s_016um_00089_00266-1,-2.0371227
s_016um_00136_00077-1,-2.1318932
s_016um_00338_00396-1,-2.778878
s_016um_00092_00266-1,-2.2194567
s_016um_00257_00184-1,-2.3779202
s_016um_00218_00031-1,-2.3074696
s_016um_00173_00373-1,-2.092091
s_016um_00087_00069-1,-2.3126585
s_016um_00213_00029-1,-2.1538906
s_016um_00327_00303-1,-2.753912
s_016um_00344_00215-1,-2.0643377
s_016um_00107_00388-1,-2.2350507
s_016um_00126_00090-1,-2.173786
s_016um_00320_00301-1,-2.1784408
s_016um_00267_00228-1,-2.1364176
s_016um_00259_00028-1,-2.4107485
s_016um_00009_00295-1,-2.3780935
s_016um_00328_00254-1,-2.1753516
s_016um_00038_00099-1,-2.4782894
s_016um_00222_00237-1,-2.0879285
s_016um_00328_00229-1,-2.0991235
s_016um_00337_00401-1,-2.6485922
s_016um_00369_00227-1,-2.415865
s_016um_00036_00044-1,-2.201758
s_016um_00275_00134-1,-2.2901447
s_016um_00139_00061-1,-2.1053255
s_016um_00327_00231-1,-2.061836
s_016um_00330_00255-1,-2.295789
s_016um_00326_00122-1,-2.0270681
s_016um_00048_00245-1,-2.192281
s_016um_00273_00205-1,-2.1453493
s_016um_00322_00300-1,-2.2375932
s_016um_00334_00251-1,-2.3177812
s_016um_00133_00089-1,-2.4224842
s_016um_00336_00214-1,-2.1806421
s_016um_00006_00211-1,-2.5111098
s_016um_00081_00298-1,-2.1536243
s_016um_00238_00356-1,-1.9884402
s_016um_00138_00218-1,-2.344623
s_016um_00218_00168-1,-2.1077125
s_016um_00265_00338-1,-2.343522
s_016um_00271_00331-1,-2.1302702
s_016um_00390_00294-1,-2.1130478
s_016um_00039_00048-1,-2.459331
s_016um_00352_00119-1,-2.1945987
s_016um_00100_00322-1,-2.2062416
s_016um_00369_00098-1,-2.02952
s_016um_00067_00229-1,-2.1760368
s_016um_00146_00017-1,-2.1638627
s_016um_00223_00173-1,-2.3848293
s_016um_00098_00341-1,-1.9639214
s_016um_00402_00402-1,-6.671462
s_016um_00241_00087-1,-2.9440045
s_016um_00266_00331-1,-2.1945808
s_016um_00262_00332-1,-2.1777208
s_016um_00372_00100-1,-2.590342
s_016um_00255_00028-1,-2.366039
s_016um_00209_00290-1,-2.1450787
s_016um_00103_00070-1,-2.3927846
s_016um_00363_00223-1,-2.3789082
s_016um_00355_00415-1,-4.9247694
s_016um_00033_00332-1,-2.049171
s_016um_00336_00401-1,-2.5645866
s_016um_00083_00068-1,-2.2193563
s_016um_00407_00153-1,-2.1776836
s_016um_00346_00213-1,-1.9161875
s_016um_00017_00269-1,-2.1899428
s_016um_00387_00134-1,-2.152465
s_016um_00359_00412-1,-3.827109
s_016um_00249_00023-1,-2.257732
s_016um_00334_00213-1,-2.1407104
s_016um_00135_00229-1,-2.339462
s_016um_00232_00090-1,-1.9854151
s_016um_00352_00021-1,-2.074727
s_016um_00367_00100-1,-2.3195539
s_016um_00381_00130-1,-2.2307212
s_016um_00248_00026-1,-2.2565289
s_016um_00097_00029-1,-2.313277
s_016um_00132_00226-1,-1.9742491
s_016um_00393_00292-1,-2.2442396
s_016um_00135_00231-1,-2.1518378
s_016um_00140_00220-1,-2.1056547
s_016um_00368_00124-1,-2.316825
s_016um_00170_00376-1,-2.4137154
s_016um_00357_00293-1,-2.5502844
s_016um_00377_00139-1,-2.4251022
s_016um_00130_00316-1,-2.536146
s_016um_00226_00333-1,-2.050744
s_016um_00226_00231-1,-2.0465572
s_016um_00240_00186-1,-1.9707861
s_016um_00042_00101-1,-2.2849023
s_016um_00225_00245-1,-2.2648802
s_016um_00008_00154-1,-2.292747
s_016um_00167_00374-1,-2.056273
s_016um_00079_00032-1,-2.1281679
s_016um_00370_00102-1,-2.453577
s_016um_00330_00217-1,-2.2507246
s_016um_00215_00035-1,-2.052625
s_016um_00190_00093-1,-2.142057
s_016um_00339_00404-1,-2.6495454
s_016um_00236_00262-1,-2.3956926
s_016um_00083_00299-1,-2.2664313
s_016um_00010_00293-1,-2.751233
s_016um_00288_00096-1,-2.036214
s_016um_00290_00100-1,-2.217619
s_016um_00074_00238-1,-2.1113167
s_016um_00228_00243-1,-2.2416077
s_016um_00383_00127-1,-2.089948
s_016um_00076_00236-1,-2.005608
s_016um_00089_00267-1,-2.1433253
s_016um_00240_00189-1,-2.0567057
s_016um_00359_00119-1,-2.1134663
s_016um_00009_00300-1,-2.1946692
s_016um_00005_00153-1,-2.1478817
s_016um_00140_00221-1,-2.2400038
s_016um_00370_00225-1,-2.2278702
s_016um_00269_00228-1,-1.9675148
s_016um_00141_00076-1,-2.5942035
s_016um_00163_00286-1,-2.1062098
s_016um_00319_00162-1,-2.3696942
s_016um_00071_00237-1,-2.1613653
s_016um_00279_00314-1,-2.4286895
s_016um_00274_00202-1,-2.389118
s_016um_00017_00267-1,-2.3542995
s_016um_00229_00247-1,-2.06231
s_016um_00077_00246-1,-2.1207411
s_016um_00224_00330-1,-2.1609323
s_016um_00106_00390-1,-2.1029763
s_016um_00324_00233-1,-2.3164926
s_016um_00355_00093-1,-2.1864636
s_016um_00270_00057-1,-2.0322528
s_016um_00274_00223-1,-2.3478196
s_016um_00227_00329-1,-2.0678022
s_016um_00131_00228-1,-2.0827131
s_016um_00068_00233-1,-2.2101743
s_016um_00275_00312-1,-2.1277525
s_016um_00080_00201-1,-2.1796021
s_016um_00091_00273-1,-2.1316185
s_016um_00073_00244-1,-2.0767384
s_016um_00040_00045-1,-2.2922873
s_016um_00170_00374-1,-2.1925983
s_016um_00218_00009-1,-1.9415686
s_016um_00195_00094-1,-2.4481387
s_016um_00276_00328-1,-2.455683
s_016um_00032_00334-1,-2.468173
s_016um_00075_00293-1,-2.3439574
s_016um_00078_00245-1,-2.0331125
s_016um_00267_00336-1,-1.9633663
s_016um_00230_00244-1,-2.1974623
s_016um_00096_00273-1,-2.0835423
s_016um_00325_00302-1,-2.136741
s_016um_00231_00357-1,-2.3416243
s_016um_00373_00121-1,-2.1773
s_016um_00336_00400-1,-3.3684025
s_016um_00357_00291-1,-2.383532
s_016um_00400_00126-1,-2.2721536
s_016um_00095_00335-1,-2.190237
s_016um_00267_00227-1,-2.3438714
s_016um_00066_00235-1,-2.2553763
s_016um_00183_00033-1,-2.2494526
s_016um_00236_00267-1,-2.2013707
s_016um_00202_00152-1,-2.3292568
s_016um_00324_00224-1,-2.5946317
s_016um_00268_00335-1,-2.097288
s_016um_00415_00099-1,-2.1470647
s_016um_00097_00340-1,-2.1994088
s_016um_00077_00241-1,-2.1140711
s_016um_00258_00192-1,-2.0610993
s_016um_00093_00322-1,-2.131781
s_016um_00216_00229-1,-2.229677
s_016um_00029_00092-1,-2.025021
s_016um_00278_00312-1,-2.1385422
s_016um_00106_00069-1,-2.1181922
s_016um_00266_00133-1,-2.4088137
s_016um_00218_00172-1,-2.2424111
s_016um_00267_00224-1,-2.243922
s_016um_00334_00218-1,-1.97565
s_016um_00031_00335-1,-2.0291457
s_016um_00251_00027-1,-2.2380257
s_016um_00107_00315-1,-2.2558303
s_016um_00040_00050-1,-2.1543927
s_016um_00236_00183-1,-2.017684
s_016um_00236_00087-1,-2.457317
s_016um_00136_00219-1,-2.210204
s_016um_00224_00027-1,-2.514528
s_016um_00324_00167-1,-2.4451776
s_016um_00408_00402-1,-6.7214804
s_016um_00401_00399-1,-4.95984
s_016um_00391_00358-1,-2.9831142
s_016um_00137_00071-1,-2.351169
s_016um_00189_00098-1,-2.1161225
s_016um_00218_00024-1,-2.2343168
s_016um_00048_00212-1,-2.1396585
s_016um_00280_00327-1,-2.1917436
s_016um_00372_00140-1,-2.3799155
s_016um_00356_00412-1,-3.5019054
s_016um_00407_00100-1,-2.4021122
s_016um_00244_00086-1,-1.9308605
s_016um_00310_00059-1,-2.3989868
s_016um_00137_00069-1,-2.2971854
s_016um_00044_00237-1,-2.0605996
s_016um_00096_00318-1,-2.1226225
s_016um_00083_00240-1,-2.0870342
s_016um_00093_00269-1,-2.045631
s_016um_00146_00401-1,-2.1596377
s_016um_00400_00120-1,-2.2568526
s_016um_00039_00042-1,-2.1248345
s_016um_00067_00235-1,-2.1064487
s_016um_00088_00269-1,-1.9451389
s_016um_00196_00123-1,-2.3281136
s_016um_00270_00337-1,-1.9764745
s_016um_00360_00415-1,-4.149494
s_016um_00272_00051-1,-2.1212044
s_016um_00216_00170-1,-2.5565758
s_016um_00369_00140-1,-2.2372434
s_016um_00128_00229-1,-2.1920085
s_016um_00126_00385-1,-2.892349
s_016um_00321_00224-1,-2.0404773
s_016um_00166_00127-1,-2.1255217
s_016um_00352_00115-1,-2.010675
s_016um_00030_00335-1,-2.2515864
s_016um_00395_00367-1,-2.3513288
s_016um_00267_00128-1,-2.3087754
s_016um_00032_00336-1,-2.2413163
s_016um_00356_00096-1,-2.2012453
s_016um_00266_00135-1,-2.1375983
s_016um_00395_00343-1,-2.6143029
s_016um_00011_00299-1,-1.957896
s_016um_00262_00188-1,-2.094187
s_016um_00158_00288-1,-2.1422067
s_016um_00111_00318-1,-2.1563516
s_016um_00179_00025-1,-2.0335934
s_016um_00147_00018-1,-2.2686636
s_016um_00268_00036-1,-2.0232134
s_016um_00216_00231-1,-2.027279
s_016um_00358_00412-1,-4.1773353
s_016um_00233_00087-1,-2.141859
s_016um_00289_00099-1,-2.1177158
s_016um_00199_00147-1,-2.0103621
s_016um_00330_00258-1,-2.3783162
s_016um_00248_00085-1,-2.047678
s_016um_00038_00047-1,-3.082871
s_016um_00190_00123-1,-2.6046379
s_016um_00268_00222-1,-2.2423382
s_016um_00048_00239-1,-2.178381
s_016um_00045_00216-1,-2.1906388
s_016um_00274_00135-1,-1.8719594
s_016um_00264_00187-1,-2.8019714
s_016um_00144_00022-1,-2.5426788
s_016um_00372_00097-1,-2.0002868
s_016um_00355_00114-1,-2.2667155
s_016um_00371_00099-1,-2.0900962
s_016um_00132_00234-1,-2.2551627
s_016um_00280_00049-1,-3.0495405
s_016um_00264_00135-1,-2.8136814
s_016um_00241_00085-1,-1.9730603
s_016um_00359_00417-1,-4.21716
s_016um_00101_00073-1,-2.1796665
s_016um_00240_00087-1,-2.224074
s_016um_00407_00397-1,-5.5280714
s_016um_00276_00322-1,-2.0816045
s_016um_00071_00232-1,-2.168472
s_016um_00231_00260-1,-2.1122801
s_016um_00139_00071-1,-2.297996
s_016um_00358_00117-1,-2.2542121
s_016um_00196_00127-1,-2.0834088
s_016um_00308_00054-1,-2.3132463
s_016um_00389_00343-1,-3.0047584
s_016um_00228_00238-1,-2.313823
s_016um_00327_00299-1,-1.9896048
s_016um_00061_00244-1,-2.1524198
s_016um_00403_00263-1,-2.5644734
s_016um_00101_00383-1,-2.3026037
s_016um_00223_00232-1,-2.2289724
s_016um_00128_00320-1,-2.0337331
s_016um_00269_00027-1,-2.041811
s_016um_00027_00087-1,-2.355146
s_016um_00006_00293-1,-2.0154805
s_016um_00224_00231-1,-2.197035
s_016um_00327_00304-1,-2.425929
s_016um_00178_00025-1,-2.1625676
s_016um_00036_00104-1,-2.006135
s_016um_00380_00132-1,-2.3179226
s_016um_00367_00222-1,-2.1181717
s_016um_00272_00204-1,-2.2405472
s_016um_00068_00127-1,-2.1286275
s_016um_00350_00093-1,-2.3183482
s_016um_00087_00267-1,-2.3496535
s_016um_00331_00219-1,-2.1224859
s_016um_00321_00231-1,-2.3655353
s_016um_00395_00181-1,-2.8021665
s_016um_00076_00238-1,-2.4781382
s_016um_00407_00150-1,-2.6905143
s_016um_00078_00244-1,-2.1891224
s_016um_00252_00021-1,-2.044805
s_016um_00353_00118-1,-2.24058
s_016um_00345_00216-1,-2.1599917
s_016um_00417_00137-1,-2.4168584
s_016um_00276_00313-1,-2.2550547
s_016um_00039_00099-1,-2.5730476
s_016um_00237_00358-1,-2.270407
s_016um_00159_00290-1,-2.0719914
s_016um_00098_00065-1,-2.2031507
s_016um_00223_00246-1,-2.004074
s_016um_00142_00061-1,-2.213113
s_016um_00061_00247-1,-2.2094786
s_016um_00032_00085-1,-2.301323
s_016um_00149_00402-1,-2.3260512
s_016um_00220_00171-1,-1.9706959
s_016um_00229_00248-1,-1.9567451
s_016um_00187_00094-1,-2.05651
s_016um_00389_00341-1,-2.9464006
s_016um_00390_00342-1,-3.1790543
s_016um_00231_00265-1,-2.1180396
s_016um_00308_00055-1,-2.020882
s_016um_00188_00091-1,-2.5116267
s_016um_00045_00175-1,-2.29288
s_016um_00406_00154-1,-2.3896163
s_016um_00125_00388-1,-2.066898
s_016um_00372_00116-1,-2.1462178
s_016um_00280_00203-1,-2.087651
s_016um_00357_00294-1,-2.2711263
s_016um_00331_00118-1,-2.2958817
s_016um_00202_00145-1,-2.4530268
s_016um_00012_00209-1,-2.2647307
s_016um_00262_00192-1,-2.1471968
s_016um_00216_00228-1,-2.227562
s_016um_00206_00150-1,-1.8080723
s_016um_00095_00273-1,-2.0443816
s_016um_00269_00033-1,-2.1063263
s_016um_00274_00137-1,-2.3385108
s_016um_00133_00092-1,-2.316583
s_016um_00185_00031-1,-2.1144829
s_016um_00330_00124-1,-1.9863765
s_016um_00401_00260-1,-2.230533
s_016um_00228_00265-1,-2.3074512
s_016um_00205_00152-1,-2.3619475
s_016um_00401_00213-1,-2.0831747
s_016um_00086_00198-1,-2.3683586
s_016um_00234_00354-1,-2.731818
s_016um_00215_00032-1,-2.2745996
s_016um_00029_00333-1,-2.3658903
s_016um_00207_00293-1,-2.1278813
s_016um_00034_00007-1,-2.3359072
s_016um_00124_00388-1,-2.2859702
s_016um_00090_00066-1,-2.289442
s_016um_00037_00172-1,-2.1266346
s_016um_00169_00378-1,-2.0617428
s_016um_00255_00026-1,-2.4649801
s_016um_00132_00086-1,-2.0972078
s_016um_00393_00344-1,-2.9912918
s_016um_00277_00316-1,-2.126566
s_016um_00163_00293-1,-2.254926
s_016um_00065_00131-1,-2.2106688
s_016um_00213_00277-1,-2.1465302
s_016um_00106_00383-1,-2.1415133
s_016um_00103_00388-1,-2.1352952
s_016um_00060_00129-1,-2.1655881
s_016um_00228_00334-1,-2.0494542
s_016um_00136_00226-1,-2.2462728
s_016um_00173_00370-1,-3.1000295
s_016um_00393_00177-1,-2.4447253
s_016um_00211_00297-1,-2.06155
s_016um_00366_00223-1,-2.1042545
s_016um_00015_00272-1,-2.3247063
s_016um_00235_00089-1,-2.1907804
s_016um_00163_00124-1,-2.2714815
s_016um_00085_00028-1,-2.5143113
s_016um_00119_00149-1,-1.9725497
s_016um_00046_00243-1,-2.2590935
s_016um_00158_00289-1,-2.1193733
s_016um_00131_00383-1,-2.130478
s_016um_00232_00086-1,-2.0980737
s_016um_00069_00230-1,-2.361306
s_016um_00274_00032-1,-2.2382553
s_016um_00409_00102-1,-2.118508
s_016um_00097_00274-1,-2.3897674
s_016um_00380_00141-1,-2.2309527
s_016um_00038_00043-1,-2.2691312
s_016um_00413_00102-1,-2.2949245
s_016um_00081_00297-1,-2.2374027
s_016um_00273_00051-1,-1.9318876
s_016um_00238_00090-1,-2.3099973
s_016um_00218_00232-1,-2.2493467
s_016um_00112_00321-1,-3.1072466
s_016um_00094_00279-1,-2.218665
s_016um_00391_00337-1,-2.2997024
s_016um_00101_00319-1,-2.1989484
s_016um_00181_00025-1,-2.2646587
s_016um_00007_00297-1,-2.2226744
s_016um_00215_00295-1,-2.5130124
s_016um_00136_00231-1,-2.0141268
s_016um_00033_00087-1,-2.2716308
s_016um_00146_00021-1,-2.0458174
s_016um_00193_00126-1,-2.4302897
s_016um_00067_00125-1,-2.2312047
s_016um_00065_00129-1,-2.1764002
s_016um_00396_00179-1,-2.2529902
s_016um_00223_00168-1,-2.5034096
s_016um_00099_00067-1,-1.9621445
s_016um_00081_00269-1,-2.0634274
s_016um_00326_00232-1,-2.126544
s_016um_00405_00259-1,-2.3718314
s_016um_00041_00204-1,-2.3310566
s_016um_00412_00104-1,-1.9899285
s_016um_00084_00278-1,-2.2913551
s_016um_00403_00151-1,-2.3282626
s_016um_00406_00401-1,-7.2696543
s_016um_00366_00095-1,-2.1159658
s_016um_00080_00193-1,-2.2862377
s_016um_00038_00171-1,-2.1069722
s_016um_00381_00133-1,-2.0343633
s_016um_00401_00256-1,-2.2122188
s_016um_00226_00328-1,-2.0791693
s_016um_00036_00176-1,-2.2984853
s_016um_00084_00197-1,-2.4045062
s_016um_00230_00265-1,-1.9748001
s_016um_00347_00022-1,-1.9932277
s_016um_00357_00411-1,-3.4282808
s_016um_00033_00008-1,-2.3443427
s_016um_00179_00032-1,-2.1909049
s_016um_00369_00118-1,-2.3183093
s_016um_00237_00190-1,-2.2150514
s_016um_00368_00230-1,-1.8383242
s_016um_00075_00237-1,-2.112538
s_016um_00016_00272-1,-2.0658534
s_016um_00099_00387-1,-2.2077494
s_016um_00216_00018-1,-2.1422267
s_016um_00348_00218-1,-2.067446
s_016um_00131_00314-1,-2.9210057
s_016um_00398_00371-1,-2.7679353
s_016um_00142_00222-1,-2.1612847
s_016um_00013_00154-1,-2.1250749
s_016um_00128_00088-1,-2.5407789
s_016um_00214_00014-1,-2.1224477
s_016um_00095_00026-1,-2.3683724
s_016um_00262_00128-1,-2.5892203
s_016um_00408_00400-1,-7.566942
s_016um_00065_00238-1,-2.2181427
s_016um_00327_00227-1,-2.5936127
s_016um_00047_00242-1,-3.2209153
s_016um_00255_00021-1,-2.088622
s_016um_00322_00306-1,-2.2106576
s_016um_00389_00298-1,-2.2331834
s_016um_00090_00340-1,-2.1915936
s_016um_00355_00289-1,-2.2817283
s_016um_00128_00381-1,-2.2316678
s_016um_00349_00020-1,-2.1756237
s_016um_00075_00238-1,-2.1022732
s_016um_00263_00130-1,-2.346916
s_016um_00008_00151-1,-2.1281571
s_016um_00405_00148-1,-2.0096002
s_016um_00241_00182-1,-2.0476522
s_016um_00137_00220-1,-1.9528346
s_016um_00245_00090-1,-2.0901308
s_016um_00217_00012-1,-3.056185
s_016um_00278_00329-1,-2.0862775
s_016um_00141_00221-1,-2.1153505
s_016um_00098_00321-1,-2.259374
s_016um_00076_00247-1,-2.440878
s_016um_00007_00156-1,-2.101774
s_016um_00029_00091-1,-2.1560192
s_016um_00098_00337-1,-2.2154183
s_016um_00101_00071-1,-2.1744444
s_016um_00039_00205-1,-2.5754993
s_016um_00320_00299-1,-2.072901
s_016um_00012_00156-1,-2.2095466
s_016um_00397_00373-1,-2.6310859
s_016um_00380_00127-1,-2.4204438
s_016um_00382_00130-1,-2.2329454
s_016um_00142_00221-1,-2.55258
s_016um_00134_00316-1,-3.3229077
s_016um_00131_00387-1,-2.3760788
s_016um_00081_00286-1,-1.996212
s_016um_00369_00094-1,-1.9790757
s_016um_00099_00317-1,-1.9703107
s_016um_00237_00362-1,-2.145337
s_016um_00228_00251-1,-2.1460805
s_016um_00141_00070-1,-2.4061217
s_016um_00351_00023-1,-2.0393965
s_016um_00133_00322-1,-3.2509866
s_016um_00372_00122-1,-2.883522
s_016um_00216_00173-1,-2.3499632
s_016um_00329_00126-1,-2.0553021
s_016um_00359_00293-1,-2.1796033
s_016um_00275_00202-1,-2.3045194
s_016um_00133_00071-1,-2.114496
s_016um_00332_00217-1,-2.1392689
s_016um_00325_00301-1,-2.5987833
s_016um_00192_00092-1,-2.0418856
s_016um_00138_00224-1,-1.9408545
s_016um_00151_00397-1,-2.0763261
s_016um_00272_00047-1,-2.130731
s_016um_00069_00232-1,-2.3754554
s_016um_00088_00275-1,-2.2817981
s_016um_00330_00213-1,-2.4695346
s_016um_00233_00085-1,-2.243983
s_016um_00104_00389-1,-2.4875064
s_016um_00217_00011-1,-2.1825788
s_016um_00351_00116-1,-2.3676293
s_016um_00069_00231-1,-2.3460896
s_016um_00320_00226-1,-2.2665331
s_016um_00214_00293-1,-2.0045056
s_016um_00165_00126-1,-2.9010663
s_016um_00031_00328-1,-1.9947921
s_016um_00076_00243-1,-1.9998134
s_016um_00273_00224-1,-2.1707902
s_016um_00347_00220-1,-2.023681
s_016um_00374_00124-1,-2.1014514
s_016um_00213_00035-1,-2.121344
s_016um_00217_00167-1,-2.293982
s_016um_00323_00231-1,-2.24303
s_016um_00239_00084-1,-2.4098864
s_016um_00214_00034-1,-2.1738036
s_016um_00161_00287-1,-2.9171147
s_016um_00374_00142-1,-2.1630669
s_016um_00275_00329-1,-2.5017622
s_016um_00006_00296-1,-2.2205212
s_016um_00236_00091-1,-2.288154
s_016um_00374_00141-1,-2.4284732
s_016um_00281_00318-1,-2.3250003
s_016um_00082_00283-1,-2.1260393
s_016um_00324_00162-1,-2.1706817
s_016um_00191_00124-1,-2.5124824
s_016um_00371_00095-1,-2.0197146
s_016um_00215_00284-1,-2.307651
s_016um_00326_00163-1,-2.238892
s_016um_00118_00145-1,-2.1639462
s_016um_00160_00287-1,-2.420403
s_016um_00069_00130-1,-2.3028214
s_016um_00336_00253-1,-2.2360947
s_016um_00418_00138-1,-2.1660633
s_016um_00225_00334-1,-2.0627925
s_016um_00325_00122-1,-2.0513976
s_016um_00358_00091-1,-2.2965448
s_016um_00095_00025-1,-2.1441793
s_016um_00083_00297-1,-2.1881776
s_016um_00047_00240-1,-2.0567164
s_016um_00200_00152-1,-2.2762392
s_016um_00282_00322-1,-2.3195212
s_016um_00063_00125-1,-2.2767942
s_016um_00357_00286-1,-2.148932
s_016um_00351_00091-1,-2.4187942
s_016um_00388_00295-1,-2.3099515
s_016um_00358_00410-1,-3.7474618
s_016um_00392_00293-1,-1.9156058
s_016um_00324_00299-1,-2.2373662
s_016um_00042_00206-1,-2.6773882
s_016um_00082_00295-1,-2.3305616
s_016um_00369_00145-1,-2.1109667
s_016um_00223_00014-1,-2.1466868
s_016um_00004_00156-1,-2.0831277
s_016um_00392_00365-1,-2.4020433
s_016um_00097_00031-1,-2.4444032
s_016um_00327_00118-1,-2.3317049
s_016um_00388_00341-1,-2.6593013
s_016um_00237_00357-1,-1.899493
s_016um_00275_00225-1,-2.2347996
s_016um_00216_00011-1,-2.4138434
s_016um_00260_00189-1,-2.1067595
s_016um_00100_00318-1,-2.0362582
s_016um_00223_00233-1,-2.0886261
s_016um_00277_00049-1,-2.0881028
s_016um_00195_00092-1,-2.1511657
s_016um_00220_00233-1,-2.3236148
s_016um_00324_00165-1,-2.1816204
s_016um_00218_00015-1,-2.34236
s_016um_00069_00236-1,-2.349781
s_016um_00095_00031-1,-2.413413
s_016um_00214_00291-1,-2.2200012
s_016um_00401_00149-1,-2.281426
s_016um_00135_00073-1,-2.3281596
s_016um_00368_00222-1,-2.0403435
s_016um_00264_00056-1,-2.024985
s_016um_00355_00098-1,-2.0925574
s_016um_00267_00335-1,-2.2231524
s_016um_00355_00023-1,-2.4320781
s_016um_00118_00147-1,-2.1852734
s_016um_00104_00391-1,-2.011861
s_016um_00258_00191-1,-2.014336
s_016um_00212_00035-1,-2.063924
s_016um_00011_00296-1,-2.3948047
s_016um_00045_00204-1,-2.210813
s_016um_00006_00210-1,-2.2440538
s_016um_00258_00188-1,-2.2162356
s_016um_00090_00339-1,-2.327219
s_016um_00131_00086-1,-2.5805054
s_016um_00032_00090-1,-2.159815
s_016um_00258_00030-1,-2.2410512
s_016um_00083_00193-1,-2.0193172
s_016um_00395_00183-1,-2.0662978
s_016um_00257_00026-1,-2.2528687
s_016um_00042_00175-1,-2.1636255
s_016um_00322_00302-1,-2.280579
s_016um_00323_00230-1,-2.278491
s_016um_00234_00186-1,-2.2184997
s_016um_00134_00218-1,-2.1619377
s_016um_00227_00328-1,-2.1318495
s_016um_00268_00228-1,-2.117574
s_016um_00391_00344-1,-4.061016
s_016um_00137_00218-1,-2.1304946
s_016um_00128_00321-1,-2.6265068
s_016um_00212_00030-1,-2.1545985
s_016um_00131_00088-1,-2.3597324
s_016um_00191_00127-1,-2.4894266
s_016um_00270_00333-1,-2.1681514
s_016um_00274_00334-1,-2.2663054
s_016um_00387_00294-1,-2.3859875
s_016um_00083_00196-1,-2.8069324
s_016um_00133_00318-1,-2.9875104
s_016um_00048_00215-1,-2.059525
s_016um_00213_00026-1,-2.1005735
s_016um_00279_00131-1,-2.113686
s_016um_00168_00376-1,-2.0972552
s_016um_00014_00271-1,-2.0701332
s_016um_00097_00336-1,-2.282741
s_016um_00133_00316-1,-2.777888
s_016um_00104_00386-1,-1.9842739
s_016um_00137_00073-1,-2.1867964
s_016um_00081_00201-1,-2.5392592
s_016um_00281_00313-1,-2.073888
s_016um_00354_00097-1,-2.2166154
s_016um_00149_00403-1,-2.2674532
s_016um_00247_00024-1,-2.3202267
s_016um_00011_00155-1,-2.2423365
s_016um_00260_00129-1,-2.1341982
s_016um_00033_00100-1,-2.0663762
s_016um_00032_00101-1,-2.0416572
s_016um_00028_00334-1,-2.0893579
s_016um_00405_00397-1,-6.516021
s_016um_00386_00126-1,-2.229536
s_016um_00085_00268-1,-2.0391433
s_016um_00043_00241-1,-3.2365222
s_016um_00038_00048-1,-2.512347
s_016um_00376_00137-1,-2.4433503
s_016um_00391_00183-1,-2.0728445
s_016um_00271_00029-1,-2.027098
s_016um_00094_00318-1,-2.482931
s_016um_00097_00315-1,-2.0416083
s_016um_00273_00328-1,-2.8585773
s_016um_00032_00331-1,-2.4561284
s_016um_00097_00337-1,-2.2601721
s_016um_00009_00214-1,-1.9875844
s_016um_00386_00299-1,-2.420541
s_016um_00146_00398-1,-2.1775327
s_016um_00216_00034-1,-2.315609
s_016um_00344_00216-1,-2.145459
s_016um_00216_00169-1,-2.3431776
s_016um_00281_00134-1,-2.102201
s_016um_00133_00386-1,-2.1299086
s_016um_00354_00120-1,-2.0901723
s_016um_00113_00313-1,-2.0761442
s_016um_00329_00257-1,-1.9541523
s_016um_00143_00061-1,-2.2295704
s_016um_00368_00094-1,-2.1887133
s_016um_00407_00400-1,-7.1793814
s_016um_00277_00204-1,-2.2066045
s_016um_00064_00235-1,-3.277678
s_016um_00009_00207-1,-2.45751
s_016um_00273_00334-1,-2.2685802
s_016um_00041_00203-1,-2.1262155
s_016um_00177_00027-1,-2.0850224
s_016um_00137_00223-1,-2.215838
s_016um_00072_00250-1,-2.0315099
s_016um_00265_00131-1,-2.1188312
s_016um_00414_00102-1,-2.2908475
s_016um_00231_00262-1,-2.193027
s_016um_00055_00246-1,-2.5450342
s_016um_00280_00318-1,-1.998631
s_016um_00146_00015-1,-2.3926296
s_016um_00364_00100-1,-2.4258637
s_016um_00270_00032-1,-1.9383812
s_016um_00377_00121-1,-2.2332654
s_016um_00066_00234-1,-2.5001457
s_016um_00139_00014-1,-2.1362774
s_016um_00098_00275-1,-2.0230653
s_016um_00185_00028-1,-2.394783
s_016um_00276_00050-1,-2.1479342
s_016um_00394_00213-1,-2.0284026
s_016um_00251_00019-1,-2.199503
s_016um_00078_00197-1,-2.7309024
s_016um_00358_00288-1,-2.1169767
s_016um_00406_00150-1,-2.5267344
s_016um_00220_00280-1,-2.1793256
s_016um_00263_00134-1,-2.2224758
s_016um_00083_00279-1,-2.0823197
s_016um_00158_00285-1,-2.344002
s_016um_00221_00247-1,-2.1734657
s_016um_00352_00122-1,-2.1733935
s_016um_00065_00130-1,-2.3921072
s_016um_00366_00229-1,-2.369283
s_016um_00074_00251-1,-2.2869215
s_016um_00088_00268-1,-2.0009513
s_016um_00080_00268-1,-2.11752
s_016um_00285_00099-1,-2.0748892
s_016um_00121_00145-1,-2.2149868
s_016um_00076_00245-1,-2.0573764
s_016um_00332_00218-1,-2.2842011
s_016um_00210_00293-1,-2.0259526
s_016um_00220_00238-1,-2.2107513
s_016um_00367_00144-1,-1.9814236
s_016um_00332_00122-1,-2.4043477
s_016um_00320_00227-1,-2.5315294
s_016um_00136_00321-1,-3.7775996
s_016um_00256_00030-1,-2.053071
s_016um_00089_00338-1,-2.304807
s_016um_00146_00060-1,-2.233593
s_016um_00012_00157-1,-2.2778964
s_016um_00007_00214-1,-2.258819
s_016um_00084_00198-1,-1.964869
s_016um_00088_00197-1,-2.1186457
s_016um_00399_00123-1,-3.0075126
s_016um_00392_00177-1,-2.0522304
s_016um_00192_00090-1,-2.184033
s_016um_00110_00322-1,-3.557054
s_016um_00381_00131-1,-2.5342696
s_016um_00038_00204-1,-2.2075653
s_016um_00375_00140-1,-2.0524044
s_016um_00370_00120-1,-2.1419756
s_016um_00323_00298-1,-2.1108906
s_016um_00263_00337-1,-2.0081673
s_016um_00079_00295-1,-2.0712316
s_016um_00352_00019-1,-2.2981217
s_016um_00009_00298-1,-1.966924
s_016um_00393_00182-1,-2.0471442
s_016um_00006_00212-1,-2.1728024
s_016um_00213_00030-1,-2.355183
s_016um_00201_00153-1,-2.4360733
s_016um_00354_00095-1,-2.117053
s_016um_00402_00123-1,-2.1398628
s_016um_00130_00388-1,-2.249303
s_016um_00131_00229-1,-2.217577
s_016um_00074_00252-1,-2.7242627
s_016um_00362_00414-1,-3.9263868
s_016um_00373_00120-1,-2.2426257
s_016um_00240_00085-1,-2.148806
s_016um_00086_00269-1,-2.2085636
s_016um_00223_00227-1,-2.22138
s_016um_00190_00129-1,-2.0530696
s_016um_00233_00088-1,-2.2130902
s_016um_00139_00059-1,-2.0581956
s_016um_00038_00101-1,-1.9359058
s_016um_00258_00034-1,-2.2955956
s_016um_00393_00293-1,-2.1508827
s_016um_00076_00237-1,-1.9819144
s_016um_00370_00227-1,-2.1334565
s_016um_00287_00101-1,-1.9760363
s_016um_00044_00220-1,-2.0762124
s_016um_00400_00121-1,-2.313544
s_016um_00410_00150-1,-2.2561831
s_016um_00157_00290-1,-2.0690503
s_016um_00076_00298-1,-2.447826
s_016um_00204_00150-1,-2.0529857
s_016um_00320_00163-1,-2.16057
s_016um_00391_00359-1,-2.9692688
s_016um_00289_00096-1,-2.2596781
s_016um_00159_00289-1,-2.229224
s_016um_00369_00125-1,-2.2329478
s_016um_00048_00216-1,-2.471756
s_016um_00328_00127-1,-2.091015
s_016um_00242_00082-1,-2.1370962
s_016um_00221_00027-1,-2.147609
s_016um_00369_00224-1,-2.3806975
s_016um_00086_00285-1,-2.3271627
s_016um_00097_00277-1,-2.2172315
s_016um_00115_00147-1,-2.1415157
s_016um_00361_00416-1,-3.6805654
s_016um_00085_00267-1,-2.128394
s_016um_00006_00294-1,-2.3576956
s_016um_00131_00321-1,-2.661891
s_016um_00327_00216-1,-2.266589
s_016um_00129_00092-1,-2.1763833
s_016um_00399_00369-1,-2.2957053
s_016um_00394_00366-1,-2.4637523
s_016um_00124_00384-1,-1.8944345
s_016um_00053_00245-1,-2.043644
s_016um_00257_00027-1,-2.3916705
s_016um_00080_00265-1,-2.0505238
s_016um_00129_00228-1,-2.1915805
s_016um_00226_00249-1,-2.2804286
s_016um_00190_00127-1,-2.3689117
s_016um_00100_00027-1,-2.2115364
s_016um_00325_00228-1,-2.1032746
s_016um_00045_00211-1,-2.0226617
s_016um_00225_00233-1,-2.1212525
s_016um_00228_00331-1,-2.4008567
s_016um_00277_00325-1,-2.572025
s_016um_00309_00059-1,-2.1788933
s_016um_00266_00335-1,-2.4399316
s_016um_00390_00180-1,-2.0364873
s_016um_00076_00251-1,-2.3751273
s_016um_00082_00270-1,-1.9818825
s_016um_00079_00284-1,-2.1164258
s_016um_00366_00096-1,-1.962145
s_016um_00036_00048-1,-2.303388
s_016um_00254_00022-1,-2.3913586
s_016um_00398_00257-1,-2.4744592
s_016um_00406_00145-1,-2.0590775
s_016um_00273_00325-1,-2.040007
s_016um_00077_00250-1,-2.610826
s_016um_00275_00203-1,-1.9478303
s_016um_00410_00099-1,-2.3110225
s_016um_00098_00068-1,-2.2060544
s_016um_00411_00097-1,-2.351011
s_016um_00138_00220-1,-2.000585
s_016um_00400_00214-1,-2.11214
s_016um_00087_00033-1,-2.4255943
s_016um_00007_00211-1,-2.1322231
s_016um_00011_00156-1,-2.2959247
s_016um_00367_00229-1,-2.3511112
s_016um_00138_00222-1,-2.1538048
s_016um_00331_00252-1,-2.2420404
s_016um_00401_00258-1,-2.2244048
s_016um_00007_00150-1,-2.405877
s_016um_00085_00282-1,-2.0063767
s_016um_00360_00289-1,-2.1261213
s_016um_00263_00331-1,-2.4020784
s_016um_00032_00007-1,-2.423433
s_016um_00165_00128-1,-2.2123168
s_016um_00141_00058-1,-2.1626344
s_016um_00214_00017-1,-2.693163
s_016um_00090_00277-1,-2.0962617
s_016um_00061_00129-1,-2.4952207
s_016um_00093_00341-1,-2.2600672
s_016um_00264_00336-1,-2.1353958
s_016um_00097_00322-1,-1.9323832
s_016um_00325_00165-1,-2.108567
s_016um_00256_00031-1,-1.9871856
s_016um_00060_00243-1,-2.1366088
s_016um_00217_00230-1,-2.2359974
s_016um_00260_00188-1,-2.0624216
s_016um_00057_00244-1,-2.1212528
s_016um_00236_00090-1,-2.363951
s_016um_00407_00125-1,-2.2477293
s_016um_00396_00177-1,-2.333366
s_016um_00401_00218-1,-2.4005876
s_016um_00126_00382-1,-2.0604143
s_016um_00400_00215-1,-2.26014
s_016um_00354_00115-1,-1.9775333
s_016um_00364_00098-1,-2.4072866
s_016um_00260_00186-1,-2.4792943
s_016um_00392_00178-1,-2.2994428
s_016um_00132_00383-1,-2.3702607
s_016um_00236_00189-1,-2.1804428
s_016um_00354_00019-1,-2.966846
s_016um_00082_00067-1,-2.852377
s_016um_00283_00095-1,-2.242897
s_016um_00062_00234-1,-2.588004
s_016um_00090_00279-1,-2.0131116
s_016um_00324_00163-1,-2.0045333
s_016um_00396_00357-1,-4.136484
s_016um_00255_00022-1,-2.17121
s_016um_00008_00159-1,-2.377046
s_016um_00269_00035-1,-2.1531568
s_016um_00034_00103-1,-2.5147543
s_016um_00331_00255-1,-2.1660168
s_016um_00080_00243-1,-2.379229
s_016um_00169_00124-1,-1.9861588
s_016um_00218_00030-1,-2.4544728
s_016um_00261_00132-1,-2.1614764
s_016um_00095_00027-1,-2.5041802
s_016um_00330_00119-1,-2.049679
s_016um_00040_00213-1,-2.95361
s_016um_00019_00269-1,-2.6878119
s_016um_00096_00315-1,-2.1048331
s_016um_00338_00398-1,-2.665985
s_016um_00402_00396-1,-4.5743427
s_016um_00393_00357-1,-3.9135442
s_016um_00105_00067-1,-2.2111168
s_016um_00171_00370-1,-2.687697
s_016um_00246_00086-1,-2.2635357
s_016um_00131_00090-1,-2.1187053
s_016um_00044_00213-1,-2.293815
s_016um_00044_00217-1,-2.1305408
s_016um_00380_00135-1,-2.1933198
s_016um_00402_00263-1,-2.2718406
s_016um_00138_00020-1,-2.2248876
s_016um_00357_00114-1,-2.1341708
s_016um_00265_00030-1,-2.1202393
s_016um_00370_00139-1,-2.2150402
s_016um_00099_00323-1,-2.0344973
s_016um_00022_00269-1,-2.087537
s_016um_00337_00253-1,-1.9426597
s_016um_00076_00295-1,-2.2263372
s_016um_00105_00387-1,-2.0115657
s_016um_00093_00323-1,-2.2315495
s_016um_00145_00400-1,-2.3113053
s_016um_00264_00133-1,-2.3756492
s_016um_00194_00091-1,-2.211213
s_016um_00226_00251-1,-2.1984785
s_016um_00011_00215-1,-2.27642
s_016um_00172_00372-1,-2.2246656
s_016um_00324_00225-1,-2.096682
s_016um_00199_00146-1,-2.1398673
s_016um_00214_00032-1,-2.6091428
s_016um_00397_00369-1,-2.3513832
s_016um_00241_00190-1,-2.0630803
s_016um_00373_00144-1,-3.019365
s_016um_00368_00119-1,-2.127355
s_016um_00137_00221-1,-1.8797832
s_016um_00323_00169-1,-2.1927128
s_016um_00012_00298-1,-2.2749486
s_016um_00182_00026-1,-2.3169158
s_016um_00312_00052-1,-2.2637298
s_016um_00192_00128-1,-1.9129622
s_016um_00046_00204-1,-2.3569243
s_016um_00398_00364-1,-2.3709319
s_016um_00265_00061-1,-2.2342181
s_016um_00276_00206-1,-2.3217986
s_016um_00272_00036-1,-2.35269
s_016um_00371_00145-1,-2.381578
s_016um_00108_00320-1,-3.1228213
s_016um_00391_00361-1,-3.0193057
s_016um_00228_00247-1,-2.1418648
s_016um_00130_00386-1,-2.2608736
s_016um_00367_00146-1,-2.3049667
s_016um_00377_00136-1,-2.443618
s_016um_00076_00246-1,-2.2508218
s_016um_00399_00218-1,-2.0792725
s_016um_00274_00047-1,-2.0843523
s_016um_00409_00149-1,-1.9459033
s_016um_00213_00294-1,-2.1673808
s_016um_00133_00319-1,-3.5460782
s_016um_00257_00028-1,-2.1890078
s_016um_00090_00341-1,-2.4515293
s_016um_00134_00228-1,-2.0811443
s_016um_00407_00103-1,-1.9951727
s_016um_00078_00250-1,-2.6403036
s_016um_00357_00115-1,-2.2026696
s_016um_00143_00062-1,-2.3099039
s_016um_00274_00322-1,-2.276667
s_016um_00199_00152-1,-2.1420686
s_016um_00205_00151-1,-1.9246491
s_016um_00093_00318-1,-2.1329823
s_016um_00144_00015-1,-2.1378157
s_016um_00226_00232-1,-2.184069
s_016um_00211_00034-1,-2.499451
s_016um_00166_00372-1,-2.0806897
s_016um_00354_00025-1,-2.0850933
s_016um_00306_00058-1,-2.1332498
s_016um_00269_00222-1,-2.3418553
s_016um_00351_00096-1,-2.040858
s_016um_00278_00204-1,-2.231446
s_016um_00368_00223-1,-2.2350488
s_016um_00039_00098-1,-2.1693497
s_016um_00105_00070-1,-2.1006806
s_016um_00243_00186-1,-2.389616
s_016um_00268_00059-1,-2.390398
s_016um_00196_00093-1,-3.055979
s_016um_00206_00146-1,-2.0159826
s_016um_00280_00313-1,-2.1505482
s_016um_00413_00098-1,-2.0788336
s_016um_00038_00205-1,-2.4253087
s_016um_00133_00070-1,-2.2080226
s_016um_00044_00044-1,-2.4932256
s_016um_00387_00131-1,-2.2017477
s_016um_00389_00294-1,-2.8151817
s_016um_00173_00377-1,-2.0512073
s_016um_00217_00014-1,-2.1236393
s_016um_00139_00019-1,-2.3137267
s_016um_00072_00248-1,-2.057111
s_016um_00164_00289-1,-2.031312
s_016um_00256_00023-1,-2.3241708
s_016um_00080_00034-1,-2.1398594
s_016um_00219_00018-1,-2.3145182
s_016um_00132_00319-1,-2.6711018
s_016um_00393_00372-1,-2.2588856
s_016um_00225_00236-1,-2.0621243
s_016um_00373_00139-1,-2.0295336
s_016um_00111_00317-1,-2.1337385
s_016um_00401_00214-1,-2.4188814
s_016um_00398_00255-1,-2.0217702
s_016um_00133_00321-1,-3.9901803
s_016um_00153_00398-1,-2.2418325
s_016um_00273_00050-1,-2.1443017
s_016um_00006_00156-1,-2.1499295
s_016um_00212_00027-1,-2.47261
s_016um_00329_00216-1,-2.3084414
s_016um_00169_00123-1,-2.1003325
s_016um_00262_00132-1,-2.22398
s_016um_00216_00279-1,-2.0161865
s_016um_00089_00276-1,-2.1277995
s_016um_00323_00170-1,-1.9842861
s_016um_00132_00233-1,-2.1989315
s_016um_00012_00214-1,-2.2533584
s_016um_00348_00022-1,-2.0818832
s_016um_00325_00164-1,-2.2293046
s_016um_00221_00167-1,-2.2270665
s_016um_00229_00268-1,-1.9211719
s_016um_00280_00317-1,-2.182764
s_016um_00165_00292-1,-2.2310035
s_016um_00414_00140-1,-2.1415534
s_016um_00235_00086-1,-1.9354405
s_016um_00400_00260-1,-2.2367938
s_016um_00223_00249-1,-2.2002106
s_016um_00397_00262-1,-2.28362
s_016um_00404_00258-1,-2.2436068
s_016um_00400_00261-1,-2.1563187
s_016um_00280_00322-1,-2.7103286
s_016um_00270_00224-1,-2.1606157
s_016um_00138_00058-1,-2.0517504
s_016um_00340_00400-1,-2.5570166
s_016um_00108_00389-1,-2.1896589
s_016um_00090_00278-1,-1.9992933
s_016um_00351_00121-1,-2.2517414
s_016um_00276_00324-1,-2.3123355
s_016um_00328_00119-1,-2.3184285
s_016um_00008_00149-1,-2.1671271
s_016um_00393_00364-1,-2.561499
s_016um_00095_00337-1,-2.2133627
s_016um_00084_00265-1,-1.9657445
s_016um_00364_00223-1,-2.177788
s_016um_00396_00361-1,-2.4783123
s_016um_00075_00298-1,-1.9808854
s_016um_00236_00187-1,-2.2394834
s_016um_00035_00175-1,-2.3221152
s_016um_00264_00329-1,-2.2658803
s_016um_00094_00024-1,-2.132722
s_016um_00385_00295-1,-2.34075
s_016um_00031_00337-1,-2.1403587
s_016um_00131_00386-1,-2.0449276
s_016um_00391_00296-1,-2.096911
s_016um_00041_00102-1,-2.0945973
s_016um_00145_00018-1,-2.1189642
s_016um_00041_00212-1,-2.3446665
s_016um_00094_00322-1,-2.2838588
s_016um_00366_00224-1,-2.2036748
s_016um_00020_00270-1,-2.0100474
s_016um_00038_00209-1,-2.1767623
s_016um_00219_00013-1,-2.3100755
s_016um_00089_00274-1,-2.0989723
s_016um_00064_00128-1,-2.2726185
s_016um_00335_00255-1,-2.0121303
s_016um_00044_00216-1,-2.1605062
s_016um_00216_00281-1,-2.1558533
s_016um_00032_00332-1,-2.2778912
s_016um_00132_00313-1,-3.6102057
s_016um_00358_00092-1,-2.372267
s_016um_00108_00388-1,-2.1894166
s_016um_00032_00086-1,-2.0021796
s_016um_00372_00141-1,-1.9222391
s_016um_00396_00217-1,-2.0146544
s_016um_00362_00290-1,-2.0911293
s_016um_00193_00121-1,-2.920291
s_016um_00275_00132-1,-2.300425
s_016um_00234_00267-1,-1.9513555
s_016um_00226_00236-1,-2.037767
s_016um_00129_00230-1,-2.1988292
s_016um_00355_00091-1,-1.9941397
s_016um_00044_00174-1,-2.8634882
s_016um_00351_00020-1,-2.2099226
s_016um_00037_00099-1,-2.2141185
s_016um_00370_00229-1,-2.4791596
s_016um_00086_00282-1,-2.0581136
s_016um_00144_00014-1,-2.0146515
s_016um_00167_00123-1,-2.1074114
s_016um_00232_00262-1,-2.28925
s_016um_00085_00035-1,-2.2777774
s_016um_00414_00103-1,-2.0179048
s_016um_00221_00329-1,-2.052403
s_016um_00343_00213-1,-2.129819
s_016um_00079_00283-1,-2.228757
s_016um_00047_00219-1,-2.380593
s_016um_00398_00124-1,-2.3645027
s_016um_00080_00272-1,-2.4075663
s_016um_00270_00222-1,-2.1260116
s_016um_00097_00272-1,-2.1413527
s_016um_00079_00286-1,-2.344619
s_016um_00064_00132-1,-2.3358753
s_016um_00306_00055-1,-1.9950004
s_016um_00222_00014-1,-2.3641322
s_016um_00226_00237-1,-2.166971
s_016um_00218_00230-1,-2.060604
s_016um_00210_00027-1,-2.1885414
s_016um_00223_00247-1,-2.0345895
s_016um_00275_00046-1,-2.187497
s_016um_00138_00018-1,-2.3939893
s_016um_00145_00020-1,-2.2458253
s_016um_00013_00214-1,-2.183645
s_016um_00217_00225-1,-2.0446317
s_016um_00125_00382-1,-2.0460186
s_016um_00192_00099-1,-2.1142793
s_016um_00063_00231-1,-2.130372
s_016um_00393_00338-1,-2.1549807
s_016um_00107_00316-1,-2.301195
s_016um_00350_00118-1,-2.1171353
s_016um_00413_00140-1,-2.530027
s_016um_00281_00131-1,-2.2663689
s_016um_00132_00386-1,-2.092694
s_016um_00355_00120-1,-2.2032347
s_016um_00125_00087-1,-2.3413985
s_016um_00078_00268-1,-1.900821
s_016um_00144_00019-1,-2.2684639
s_016um_00086_00199-1,-2.1545558
s_016um_00408_00398-1,-6.69386
s_016um_00096_00324-1,-2.2041366
s_016um_00202_00148-1,-2.2047148
s_016um_00260_00185-1,-2.3911319
s_016um_00094_00336-1,-2.3412485
s_016um_00128_00232-1,-2.218058
s_016um_00404_00399-1,-6.128901
s_016um_00188_00092-1,-2.197757
s_016um_00391_00294-1,-2.165824
s_016um_00325_00124-1,-2.218684
s_016um_00212_00028-1,-2.3312669
s_016um_00092_00342-1,-2.4064078
s_016um_00266_00127-1,-2.4426277
s_016um_00227_00232-1,-2.2068572
s_016um_00036_00102-1,-2.1099062
s_016um_00212_00290-1,-2.13662
s_016um_00011_00300-1,-2.230072
s_016um_00359_00414-1,-3.7426457
s_016um_00135_00072-1,-2.1590543
s_016um_00082_00292-1,-2.0946076
s_016um_00152_00399-1,-2.2345622
s_016um_00274_00230-1,-2.192973
s_016um_00194_00126-1,-2.1446273
s_016um_00355_00022-1,-2.0932012
s_016um_00402_00124-1,-2.3335085
s_016um_00229_00250-1,-2.0061934
s_016um_00218_00026-1,-1.9758273
s_016um_00179_00027-1,-2.1943827
s_016um_00213_00031-1,-2.1758564
s_016um_00014_00269-1,-2.3151102
s_016um_00398_00220-1,-2.3450272
s_016um_00129_00385-1,-2.182447
s_016um_00352_00116-1,-2.4542441
s_016um_00215_00012-1,-2.2426171
s_016um_00221_00025-1,-2.4183342
s_016um_00235_00356-1,-2.0613496
s_016um_00380_00130-1,-2.0751925
s_016um_00084_00280-1,-2.1512043
s_016um_00204_00148-1,-2.2720494
s_016um_00309_00057-1,-2.657217
s_016um_00358_00120-1,-2.4340007
s_016um_00275_00138-1,-2.2277124
s_016um_00033_00099-1,-2.2548137
s_016um_00080_00238-1,-2.1595893
s_016um_00010_00209-1,-2.2681253
s_016um_00281_00322-1,-2.723668
s_016um_00078_00283-1,-2.160328
s_016um_00262_00333-1,-2.3931935
s_016um_00237_00090-1,-2.430767
s_016um_00083_00032-1,-2.2128549
s_016um_00324_00164-1,-2.2616322
s_016um_00321_00226-1,-2.2468116
s_016um_00048_00244-1,-2.1582706
s_016um_00326_00123-1,-2.0074463
s_016um_00268_00029-1,-2.0518131
s_016um_00243_00185-1,-2.2951162
s_016um_00322_00164-1,-2.1792724
s_016um_00387_00297-1,-2.175818
s_016um_00080_00242-1,-1.9289861
s_016um_00226_00246-1,-2.2097988
s_016um_00392_00345-1,-3.7569652
s_016um_00142_00058-1,-2.3868663
s_016um_00012_00155-1,-2.072692
s_016um_00404_00151-1,-2.4558942
s_016um_00214_00027-1,-2.1581347
s_016um_00088_00030-1,-2.1937206
s_016um_00234_00085-1,-2.2033179
s_016um_00254_00027-1,-2.0687673
s_016um_00145_00055-1,-2.1056342
s_016um_00338_00403-1,-2.4146774
s_016um_00222_00026-1,-2.1951942
s_016um_00397_00371-1,-2.7013073
s_016um_00248_00083-1,-2.191282
s_016um_00093_00315-1,-2.1644547
s_016um_00278_00320-1,-2.2385921
s_016um_00035_00011-1,-2.206728
s_016um_00221_00171-1,-2.2138822
s_016um_00235_00354-1,-2.2349842
s_016um_00143_00053-1,-2.153466
s_016um_00171_00122-1,-2.2161903
s_016um_00354_00291-1,-2.1163685
s_016um_00042_00046-1,-2.0894763
s_016um_00006_00297-1,-2.179069
s_016um_00269_00036-1,-2.1144586
s_016um_00225_00328-1,-2.0635448
s_016um_00232_00091-1,-2.3185034
s_016um_00135_00227-1,-2.3669114
s_016um_00333_00249-1,-2.261649
s_016um_00003_00154-1,-2.3497622
s_016um_00215_00283-1,-2.4487762
s_016um_00047_00239-1,-2.1185977
s_016um_00393_00369-1,-2.5342677
s_016um_00358_00114-1,-2.1521473
s_016um_00265_00129-1,-2.0982804
s_016um_00359_00290-1,-2.210095
s_016um_00220_00174-1,-2.0495615
s_016um_00341_00217-1,-2.5706768
s_016um_00211_00028-1,-2.2791247
s_016um_00086_00070-1,-2.0948455
s_016um_00036_00174-1,-2.364586
s_016um_00374_00117-1,-2.4429214
s_016um_00196_00092-1,-2.6118388
s_016um_00366_00227-1,-2.186813
s_016um_00418_00135-1,-2.1263175
s_016um_00222_00228-1,-2.1040728
s_016um_00091_00279-1,-2.096486
s_016um_00390_00292-1,-2.4221373
s_016um_00043_00213-1,-2.0864947
s_016um_00335_00257-1,-2.2261875
s_016um_00400_00255-1,-2.2049074
s_016um_00135_00318-1,-3.480021
s_016um_00033_00102-1,-2.3483965
s_016um_00013_00213-1,-2.1037405
s_016um_00367_00142-1,-2.2100723
s_016um_00168_00373-1,-2.1847072
s_016um_00331_00125-1,-2.1027193
s_016um_00143_00054-1,-2.5451908
s_016um_00358_00416-1,-3.600778
s_016um_00239_00190-1,-1.9149401
s_016um_00132_00227-1,-2.284314
s_016um_00005_00300-1,-2.139345
s_016um_00030_00090-1,-2.2186422
s_016um_00129_00088-1,-2.655616
s_016um_00399_00181-1,-2.250973
s_016um_00401_00127-1,-1.987658
s_016um_00360_00290-1,-2.2512016
s_016um_00007_00208-1,-2.105373
s_016um_00396_00212-1,-2.2362719
s_016um_00222_00229-1,-2.2332635
s_016um_00326_00301-1,-2.093838
s_016um_00405_00152-1,-2.6879096
s_016um_00382_00127-1,-2.076391
s_016um_00143_00017-1,-2.4717638
s_016um_00382_00132-1,-2.167215
s_016um_00336_00398-1,-3.0094724
s_016um_00270_00059-1,-2.6077156
s_016um_00334_00210-1,-2.2417016
s_016um_00142_00056-1,-2.0515273
s_016um_00004_00151-1,-2.146267
s_016um_00223_00166-1,-1.9348761
s_016um_00277_00051-1,-2.2112353
s_016um_00043_00211-1,-2.050291
s_016um_00249_00086-1,-2.222785
s_016um_00221_00282-1,-2.2511592
s_016um_00071_00251-1,-2.0369136
s_016um_00204_00145-1,-2.3375788
s_016um_00267_00330-1,-2.2127852
s_016um_00390_00340-1,-2.8452654
s_016um_00274_00051-1,-2.1531901
s_016um_00256_00189-1,-2.030449
s_016um_00279_00316-1,-2.0945044
s_016um_00224_00167-1,-2.161351
s_016um_00086_00197-1,-2.2022886
s_016um_00209_00034-1,-2.3971817
s_016um_00170_00371-1,-2.2500165
s_016um_00128_00386-1,-2.2412665
s_016um_00103_00071-1,-2.5390575
s_016um_00046_00215-1,-2.3527315
s_016um_00355_00095-1,-1.9534192
s_016um_00393_00297-1,-2.3525138
s_016um_00081_00036-1,-2.1567855
s_016um_00157_00287-1,-2.091341
s_016um_00139_00217-1,-1.9974308
s_016um_00269_00332-1,-2.1328576
s_016um_00068_00230-1,-2.352756
s_016um_00219_00231-1,-2.2884126
s_016um_00105_00386-1,-2.5501144
s_016um_00272_00048-1,-2.194252
s_016um_00392_00183-1,-2.3130941
s_016um_00037_00105-1,-2.1271987
s_016um_00235_00183-1,-2.2262158
s_016um_00392_00359-1,-2.8169527
s_016um_00242_00187-1,-2.343006
s_016um_00130_00389-1,-2.249039
s_016um_00047_00237-1,-2.192283
s_016um_00131_00318-1,-2.924559
s_016um_00230_00356-1,-2.2952077
s_016um_00196_00125-1,-2.3483987
s_016um_00171_00374-1,-2.283049
s_016um_00103_00067-1,-2.3711324
s_016um_00358_00295-1,-2.0547025
s_016um_00011_00293-1,-2.8124974
s_016um_00106_00391-1,-2.106733
s_016um_00078_00243-1,-2.2117321
s_016um_00081_00194-1,-2.7995143
s_016um_00147_00402-1,-2.1150272
s_016um_00068_00232-1,-2.1278696
s_016um_00390_00291-1,-1.9989219
s_016um_00009_00152-1,-2.037125
s_016um_00041_00101-1,-2.2544336
s_016um_00200_00146-1,-2.208918
s_016um_00381_00140-1,-2.4629073
s_016um_00268_00131-1,-2.3161807
s_016um_00195_00128-1,-2.0781038
s_016um_00131_00233-1,-2.3506873
s_016um_00040_00042-1,-2.3380394
s_016um_00275_00137-1,-2.1529841
s_016um_00065_00236-1,-2.4029124
s_016um_00337_00257-1,-2.1282475
s_016um_00072_00234-1,-2.13517
s_016um_00398_00214-1,-2.168109
s_016um_00311_00058-1,-2.0745072
s_016um_00258_00033-1,-2.3972418
s_016um_00091_00267-1,-1.9760876
s_016um_00221_00029-1,-2.166464
s_016um_00225_00031-1,-2.1703527
s_016um_00116_00149-1,-2.1927655
s_016um_00234_00362-1,-2.2432818
s_016um_00233_00263-1,-2.0159845
s_016um_00125_00088-1,-2.4252264
s_016um_00224_00169-1,-2.2454503
s_016um_00366_00097-1,-2.1792445
s_016um_00061_00128-1,-2.116971
s_016um_00021_00269-1,-2.312613
s_016um_00261_00185-1,-2.6939335
s_016um_00385_00296-1,-2.3606768
s_016um_00130_00320-1,-3.0925221
s_016um_00255_00027-1,-2.8828847
s_016um_00331_00209-1,-2.353511
s_016um_00005_00155-1,-2.3334482
s_016um_00211_00293-1,-2.4292126
s_016um_00330_00126-1,-2.0687232
s_016um_00174_00373-1,-2.4117982
s_016um_00084_00284-1,-2.264845
s_016um_00239_00186-1,-2.11102
s_016um_00278_00049-1,-2.2211125
s_016um_00098_00320-1,-2.0043938
s_016um_00047_00243-1,-2.4292524
s_016um_00107_00386-1,-2.1741295
s_016um_00336_00254-1,-2.112254
s_016um_00266_00031-1,-2.0811627
s_016um_00233_00261-1,-2.1258998
s_016um_00410_00105-1,-2.1803281
s_016um_00266_00033-1,-2.232919
s_016um_00189_00126-1,-2.1390834
s_016um_00078_00295-1,-2.2041564
s_016um_00047_00245-1,-2.1955357
s_016um_00274_00132-1,-2.20468
s_016um_00225_00239-1,-2.1669576
s_016um_00215_00279-1,-2.022287
s_016um_00092_00278-1,-2.118947
s_016um_00399_00215-1,-2.4084737
s_016um_00394_00362-1,-2.7683759
s_016um_00374_00139-1,-2.2100613
s_016um_00225_00244-1,-1.8980545
s_016um_00219_00025-1,-1.8956616
s_016um_00079_00249-1,-2.1485064
s_016um_00327_00211-1,-2.028369
s_016um_00010_00215-1,-2.635613
s_016um_00412_00139-1,-2.116909
s_016um_00096_00317-1,-1.8851712
s_016um_00130_00384-1,-2.2819803
s_016um_00039_00175-1,-2.2283254
s_016um_00215_00016-1,-2.4038954
s_016um_00167_00127-1,-2.357757
s_016um_00077_00245-1,-2.1177723
s_016um_00371_00125-1,-2.3182883
s_016um_00240_00088-1,-2.3029015
s_016um_00280_00323-1,-2.3461556
s_016um_00223_00028-1,-2.2758093
s_016um_00139_00216-1,-2.2275257
s_016um_00133_00226-1,-2.0175097
s_016um_00389_00338-1,-2.3251784
s_016um_00365_00097-1,-2.0608358
s_016um_00073_00240-1,-2.2364168
s_016um_00129_00390-1,-2.0552876
s_016um_00214_00016-1,-2.7823725
s_016um_00071_00248-1,-2.17135
s_016um_00044_00204-1,-2.1295834
s_016um_00101_00068-1,-2.3398285
s_016um_00184_00033-1,-2.0626862
s_016um_00126_00086-1,-2.1516223
s_016um_00098_00025-1,-2.627586
s_016um_00080_00198-1,-2.5521913
s_016um_00067_00236-1,-2.7398887
s_016um_00320_00303-1,-2.3786097
s_016um_00169_00377-1,-2.42387
s_016um_00391_00295-1,-2.2715354
s_016um_00043_00210-1,-1.9835657
s_016um_00401_00123-1,-2.2919183
s_016um_00081_00028-1,-2.2103446
s_016um_00277_00047-1,-2.136661
s_016um_00290_00098-1,-2.1311276
s_016um_00233_00359-1,-2.1664448
s_016um_00232_00357-1,-2.3552525
s_016um_00228_00235-1,-2.0768101
s_016um_00101_00064-1,-2.373249
s_016um_00370_00097-1,-2.1987958
s_016um_00032_00088-1,-2.022706
s_016um_00388_00127-1,-1.8589067
s_016um_00135_00322-1,-3.4486766
s_016um_00288_00095-1,-2.0447097
s_016um_00041_00179-1,-2.4020402
s_016um_00146_00057-1,-2.1394458
s_016um_00234_00264-1,-2.1605034
s_016um_00044_00045-1,-2.1357367
s_016um_00055_00243-1,-2.6511385
s_016um_00334_00211-1,-2.2413697
s_016um_00201_00147-1,-2.2508638
s_016um_00414_00135-1,-2.0917606
s_016um_00221_00026-1,-2.1967256
s_016um_00269_00031-1,-2.3714433
s_016um_00127_00229-1,-2.0560076
s_016um_00139_00077-1,-2.465465
s_016um_00046_00206-1,-2.2999892
s_016um_00212_00031-1,-2.1713645
s_016um_00253_00023-1,-2.0826943
s_016um_00102_00388-1,-2.3001947
s_016um_00306_00053-1,-2.1615534
s_016um_00215_00292-1,-2.0613697
s_016um_00103_00065-1,-2.1163146
s_016um_00090_00273-1,-2.1221683
s_016um_00409_00103-1,-2.536797
s_016um_00098_00024-1,-2.26911
s_016um_00043_00172-1,-2.274022
s_016um_00353_00089-1,-2.2275662
s_016um_00118_00146-1,-2.0748203
s_016um_00399_00217-1,-2.0854378
s_016um_00193_00124-1,-2.4737878
s_016um_00125_00091-1,-2.2838216
s_016um_00014_00268-1,-2.5279887
s_016um_00206_00153-1,-2.202132
s_016um_00096_00319-1,-2.0518057
s_016um_00363_00098-1,-2.486449
s_016um_00114_00315-1,-2.0605998
s_016um_00055_00244-1,-2.4900248
s_016um_00329_00254-1,-2.1455328
s_016um_00087_00196-1,-2.1065073
s_016um_00009_00157-1,-2.1979167
s_016um_00074_00246-1,-2.0610623
s_016um_00200_00150-1,-2.835256
s_016um_00009_00301-1,-2.1668684
s_016um_00151_00394-1,-2.4437912
s_016um_00393_00368-1,-2.1501303
s_016um_00081_00198-1,-2.3876572
s_016um_00277_00328-1,-2.1918433
s_016um_00038_00045-1,-2.664703
s_016um_00397_00365-1,-2.5119593
s_016um_00132_00385-1,-2.1861472
s_016um_00399_00365-1,-2.6020343
s_016um_00101_00386-1,-2.159567
s_016um_00409_00146-1,-2.134002
s_016um_00123_00146-1,-1.9330815
s_016um_00379_00138-1,-2.0554168
s_016um_00265_00334-1,-2.237372
s_016um_00075_00253-1,-2.8557405
s_016um_00372_00145-1,-3.1134207
s_016um_00245_00084-1,-2.3262594
s_016um_00266_00329-1,-2.1735866
s_016um_00404_00127-1,-2.746066
s_016um_00143_00021-1,-2.3184814
s_016um_00037_00096-1,-2.1566708
s_016um_00215_00017-1,-2.713973
s_016um_00417_00136-1,-2.0805185
s_016um_00192_00122-1,-2.4886935
s_016um_00077_00237-1,-2.1775625
s_016um_00329_00214-1,-2.0258753
s_016um_00220_00228-1,-2.1276474
s_016um_00027_00334-1,-2.480391
s_016um_00356_00294-1,-2.1689215
s_016um_00373_00141-1,-2.0260909
s_016um_00276_00053-1,-2.3583257
s_016um_00098_00032-1,-2.0478961
s_016um_00345_00214-1,-2.1205442
s_016um_00130_00322-1,-2.020967
s_016um_00093_00276-1,-2.1239524
s_016um_00036_00045-1,-2.2149076
s_016um_00215_00294-1,-2.3151965
s_016um_00285_00100-1,-2.1903796
s_016um_00404_00145-1,-2.3369257
s_016um_00224_00334-1,-2.3499475
s_016um_00083_00263-1,-2.1276243
s_016um_00395_00359-1,-2.401939
s_016um_00044_00219-1,-2.2566574
s_016um_00265_00059-1,-2.4072857
s_016um_00116_00144-1,-2.7467208
s_016um_00194_00125-1,-2.0936394
s_016um_00308_00056-1,-2.4670503
s_016um_00008_00209-1,-2.408684
s_016um_00125_00090-1,-2.3977914
s_016um_00031_00090-1,-2.1046677
s_016um_00219_00014-1,-2.071753
s_016um_00415_00143-1,-2.0568142
s_016um_00038_00174-1,-1.9653027
s_016um_00279_00328-1,-2.1688957
s_016um_00227_00246-1,-2.051807
s_016um_00132_00321-1,-3.14355
s_016um_00151_00400-1,-2.1829662
s_016um_00382_00139-1,-2.2334208
s_016um_00162_00291-1,-2.351918
s_016um_00111_00319-1,-2.414022
s_016um_00263_00060-1,-2.250067
s_016um_00170_00375-1,-2.2103813
s_016um_00406_00402-1,-6.7461834
s_016um_00328_00215-1,-2.104582
s_016um_00080_00296-1,-2.1470826
s_016um_00075_00251-1,-2.223759
s_016um_00241_00188-1,-2.1704295
s_016um_00263_00333-1,-2.154543
s_016um_00017_00266-1,-2.2806287
s_016um_00131_00225-1,-2.218168
s_016um_00181_00028-1,-2.0629623
s_016um_00217_00013-1,-2.318458
s_016um_00221_00017-1,-2.3852096
s_016um_00083_00192-1,-2.2402031
s_016um_00079_00200-1,-2.4910166
s_016um_00071_00249-1,-2.1940458
s_016um_00264_00335-1,-2.1149225
s_016um_00152_00401-1,-2.4133432
s_016um_00275_00325-1,-2.3312309
s_016um_00279_00136-1,-2.126011
s_016um_00042_00174-1,-2.5383196
s_016um_00217_00228-1,-2.0415523
s_016um_00164_00292-1,-2.2117414
s_016um_00414_00139-1,-2.0757666
s_016um_00287_00099-1,-2.2172806
s_016um_00392_00291-1,-2.1800592
s_016um_00105_00317-1,-2.2470205
s_016um_00267_00031-1,-2.2143323
s_016um_00033_00337-1,-2.0066245
s_016um_00033_00006-1,-2.318934
s_016um_00146_00019-1,-2.317378
s_016um_00376_00124-1,-2.1528332
s_016um_00144_00056-1,-2.1115582
s_016um_00041_00238-1,-2.2490327
s_016um_00330_00250-1,-2.1650622
s_016um_00276_00135-1,-2.4410172
s_016um_00387_00340-1,-2.393739
s_016um_00100_00068-1,-2.2122207
s_016um_00279_00323-1,-2.6405468
s_016um_00229_00246-1,-2.1981485
s_016um_00307_00057-1,-2.4281292
s_016um_00395_00342-1,-2.6452239
s_016um_00270_00028-1,-1.9808055
s_016um_00345_00212-1,-2.3150918
s_016um_00394_00183-1,-2.0761366
s_016um_00079_00243-1,-2.0579445
s_016um_00341_00402-1,-2.4915833
s_016um_00009_00215-1,-2.4219277
s_016um_00414_00101-1,-2.1057973
s_016um_00121_00143-1,-3.21028
s_016um_00009_00292-1,-2.1700876
s_016um_00235_00260-1,-2.0141656
s_016um_00082_00237-1,-2.2399828
s_016um_00165_00125-1,-2.6425276
s_016um_00152_00400-1,-2.1631708
s_016um_00102_00387-1,-2.1237442
s_016um_00025_00088-1,-2.2959173
s_016um_00079_00251-1,-1.9806602
s_016um_00216_00171-1,-2.3646235
s_016um_00265_00328-1,-2.07543
s_016um_00011_00298-1,-2.2594936
s_016um_00010_00301-1,-2.1572337
s_016um_00276_00202-1,-2.0578716
s_016um_00167_00130-1,-1.9498374
s_016um_00356_00288-1,-2.5040445
s_016um_00128_00094-1,-2.2463634
s_016um_00094_00030-1,-2.3129807
s_016um_00098_00323-1,-2.0456607
s_016um_00063_00132-1,-1.9700782
s_016um_00145_00401-1,-1.9769833
s_016um_00387_00292-1,-2.4346316
s_016um_00242_00087-1,-2.107895
s_016um_00087_00065-1,-3.4315145
s_016um_00059_00242-1,-2.1685176
s_016um_00326_00118-1,-2.1355524
s_016um_00407_00145-1,-2.2302005
s_016um_00112_00318-1,-2.1078236
s_016um_00011_00294-1,-2.2648885
s_016um_00370_00095-1,-2.1397245
s_016um_00007_00207-1,-2.306768
s_016um_00162_00292-1,-2.2091463
s_016um_00139_00020-1,-2.1598008
s_016um_00384_00135-1,-2.386317
s_016um_00090_00265-1,-2.1911435
s_016um_00332_00255-1,-2.4264436
s_016um_00270_00327-1,-2.502092
s_016um_00388_00131-1,-2.1585019
s_016um_00004_00152-1,-2.2538097
s_016um_00204_00149-1,-2.3196974
s_016um_00196_00094-1,-2.5777283
s_016um_00273_00315-1,-2.707837
s_016um_00036_00097-1,-2.1794996
s_016um_00036_00173-1,-2.1961544
s_016um_00215_00296-1,-2.2895038
s_016um_00257_00189-1,-2.1048102
s_016um_00380_00133-1,-2.191615
s_016um_00129_00090-1,-2.7206087
s_016um_00354_00116-1,-2.2885885
s_016um_00063_00233-1,-2.4805439
s_016um_00234_00091-1,-2.3142393
s_016um_00213_00291-1,-2.1031694
s_016um_00044_00205-1,-2.4486983
s_016um_00133_00315-1,-3.718028
s_016um_00034_00006-1,-2.1791868
s_016um_00365_00094-1,-2.3827605
s_016um_00334_00250-1,-2.3898847
s_016um_00259_00130-1,-2.0989676
s_016um_00253_00019-1,-2.6191335
s_016um_00236_00089-1,-2.3323245
s_016um_00096_00027-1,-2.1885955
s_016um_00265_00130-1,-2.4152012
s_016um_00330_00251-1,-2.2880008
s_016um_00098_00026-1,-2.1799142
s_016um_00395_00368-1,-3.2498512
s_016um_00337_00251-1,-2.357283
s_016um_00366_00228-1,-2.3057141
s_016um_00279_00049-1,-2.3944695
s_016um_00276_00044-1,-2.1345112
s_016um_00008_00301-1,-2.217926
s_016um_00279_00322-1,-2.470682
s_016um_00096_00314-1,-2.0338974
s_016um_00324_00125-1,-2.2054625
s_016um_00401_00216-1,-2.4740176
s_016um_00223_00243-1,-2.3464518
s_016um_00222_00017-1,-2.7126102
s_016um_00134_00320-1,-3.9616435
s_016um_00309_00053-1,-2.2277155
s_016um_00263_00336-1,-2.5597196
s_016um_00104_00392-1,-2.0462377
s_016um_00364_00224-1,-2.0995235
s_016um_00394_00341-1,-2.447292
s_016um_00034_00100-1,-2.3182986
s_016um_00070_00230-1,-2.1459968
s_016um_00396_00260-1,-2.512101
s_016um_00411_00106-1,-2.182317
s_016um_00029_00329-1,-2.3816874
s_016um_00143_00019-1,-2.2451632
s_016um_00326_00304-1,-2.2501678
s_016um_00263_00126-1,-2.017567
s_016um_00281_00137-1,-2.215837
s_016um_00370_00124-1,-2.2216976
s_016um_00081_00241-1,-2.0542881
s_016um_00375_00120-1,-2.0282192
s_016um_00223_00237-1,-2.1581
s_016um_00329_00255-1,-2.1835215
s_016um_00355_00096-1,-2.321212
s_016um_00193_00093-1,-2.1895053
s_016um_00349_00216-1,-2.1871893
s_016um_00019_00270-1,-2.1777196
s_016um_00094_00335-1,-2.0549474
s_016um_00146_00402-1,-1.9126987
s_016um_00058_00246-1,-2.5855474
s_016um_00235_00264-1,-2.0623853
s_016um_00268_00054-1,-1.8717953
s_016um_00041_00171-1,-2.1313574
s_016um_00409_00104-1,-1.9119694
s_016um_00400_00371-1,-2.6945837
s_016um_00377_00133-1,-2.3282046
s_016um_00373_00142-1,-2.7206256
s_016um_00269_00058-1,-2.2039177
s_016um_00149_00399-1,-2.2059772
s_016um_00264_00337-1,-2.1679695
s_016um_00099_00065-1,-2.1957421
s_016um_00164_00127-1,-2.359184
s_016um_00272_00315-1,-2.208047
s_016um_00386_00291-1,-2.2793949
s_016um_00142_00055-1,-2.0272267
s_016um_00226_00247-1,-2.1321127
s_016um_00012_00152-1,-2.1631606
s_016um_00279_00327-1,-2.524621
s_016um_00036_00333-1,-2.3209713
s_016um_00044_00203-1,-2.3483424
s_016um_00165_00289-1,-2.2645276
s_016um_00095_00274-1,-2.2657058
s_016um_00276_00319-1,-2.2487798
s_016um_00398_00219-1,-2.5015662
s_016um_00087_00036-1,-2.142176
s_016um_00130_00228-1,-2.128179
s_016um_00170_00377-1,-2.332032
s_016um_00334_00216-1,-2.3286552
s_016um_00040_00173-1,-2.049264
s_016um_00282_00134-1,-2.0294042
s_016um_00261_00031-1,-1.9201062
s_016um_00103_00069-1,-2.5133986
s_016um_00372_00095-1,-1.9542773
s_016um_00396_00259-1,-1.9966536
s_016um_00165_00288-1,-2.6411824
s_016um_00167_00122-1,-2.2338648
s_016um_00103_00384-1,-2.3259356
s_016um_00324_00119-1,-2.762333
s_016um_00079_00279-1,-2.1846561
s_016um_00404_00125-1,-2.4958782
s_016um_00388_00292-1,-2.2322826
s_016um_00260_00030-1,-2.196851
s_016um_00180_00031-1,-2.3489308
s_016um_00327_00226-1,-2.5573177
s_016um_00350_00023-1,-2.0599966
s_016um_00203_00147-1,-2.1849992
s_016um_00263_00059-1,-2.0952568
s_016um_00236_00263-1,-2.1745098
s_016um_00228_00262-1,-2.1162922
s_016um_00393_00178-1,-2.2348373
s_016um_00135_00316-1,-2.6299314
s_016um_00408_00149-1,-2.2459006
s_016um_00395_00219-1,-2.1258104
s_016um_00100_00319-1,-2.276279
s_016um_00098_00028-1,-2.4858599
s_016um_00385_00134-1,-2.3718677
s_016um_00373_00098-1,-2.7791896
s_016um_00278_00323-1,-2.189942
s_016um_00097_00323-1,-2.1149702
s_016um_00141_00074-1,-2.1383479
s_016um_00021_00265-1,-2.0790815
s_016um_00091_00336-1,-2.1388264
s_016um_00092_00336-1,-2.1732326
s_016um_00407_00126-1,-2.2523792
s_016um_00392_00364-1,-2.4200726
s_016um_00100_00030-1,-2.1481407
s_016um_00081_00295-1,-2.2043908
s_016um_00416_00143-1,-2.1250613
s_016um_00328_00124-1,-2.5218475
s_016um_00247_00085-1,-2.2680347
s_016um_00058_00248-1,-2.0197282
s_016um_00274_00203-1,-1.9965019
s_016um_00082_00068-1,-2.2324855
s_016um_00335_00217-1,-2.2150054
s_016um_00006_00157-1,-2.2425354
s_016um_00406_00122-1,-2.1860132
s_016um_00143_00060-1,-2.1987762
s_016um_00226_00244-1,-1.9888325
s_016um_00217_00276-1,-2.0110009
s_016um_00233_00268-1,-2.196976
s_016um_00275_00226-1,-2.0943913
s_016um_00217_00229-1,-1.8471978
s_016um_00256_00033-1,-2.0821633
s_016um_00231_00264-1,-2.4609861
s_016um_00204_00146-1,-2.2031212
s_016um_00065_00124-1,-2.2489426
s_016um_00394_00363-1,-3.4614553
s_016um_00356_00413-1,-3.6998641
s_016um_00035_00336-1,-1.9790647
s_016um_00083_00270-1,-2.034121
s_016um_00389_00181-1,-2.2897127
s_016um_00399_00255-1,-2.3973029
s_016um_00409_00151-1,-2.1443615
s_016um_00079_00199-1,-2.018032
s_016um_00047_00238-1,-2.2101772
s_016um_00395_00340-1,-2.428198
s_016um_00188_00093-1,-1.9993048
s_016um_00233_00360-1,-2.0325868
s_016um_00018_00267-1,-2.0549738
s_016um_00239_00182-1,-2.437234
s_016um_00214_00297-1,-2.165643
s_016um_00131_00320-1,-3.3688796
s_016um_00283_00098-1,-2.0614958
s_016um_00041_00046-1,-2.1205773
s_016um_00229_00333-1,-2.0770855
s_016um_00100_00320-1,-2.168279
s_016um_00074_00241-1,-2.3433263
s_016um_00145_00022-1,-2.1026652
s_016um_00202_00150-1,-2.3553352
s_016um_00397_00372-1,-2.9239788
s_016um_00170_00124-1,-2.309162
s_016um_00221_00012-1,-2.1460905
s_016um_00273_00032-1,-2.5400836
s_016um_00006_00151-1,-2.4370484
s_016um_00075_00245-1,-2.1865194
s_016um_00080_00196-1,-2.3974292
s_016um_00158_00286-1,-2.2427921
s_016um_00148_00398-1,-1.9209673
s_016um_00268_00028-1,-2.2320054
s_016um_00322_00305-1,-2.3189354
s_016um_00088_00029-1,-2.2531955
s_016um_00012_00210-1,-2.5163965
s_016um_00212_00294-1,-2.0097814
s_016um_00063_00235-1,-2.401507
s_016um_00149_00395-1,-2.2662992
s_016um_00164_00129-1,-2.2116475
s_016um_00377_00137-1,-2.343911
s_016um_00139_00016-1,-2.487131
s_016um_00369_00120-1,-2.433574
s_016um_00267_00055-1,-2.0348592
s_016um_00408_00148-1,-2.1730905
s_016um_00275_00321-1,-2.2019029
s_016um_00362_00288-1,-2.1978092
s_016um_00236_00265-1,-2.2796779
s_016um_00039_00209-1,-2.1195796
s_016um_00282_00096-1,-2.3035407
s_016um_00096_00321-1,-2.1022954
s_016um_00218_00016-1,-2.5654345
s_016um_00414_00138-1,-2.04756
s_016um_00156_00289-1,-1.8203337
s_016um_00135_00321-1,-3.8797476
s_016um_00270_00225-1,-2.3060033
s_016um_00401_00217-1,-2.382967
s_016um_00133_00232-1,-2.1010187
s_016um_00310_00055-1,-2.1725726
s_016um_00079_00299-1,-2.198465
s_016um_00267_00057-1,-3.063419
s_016um_00332_00211-1,-2.1083848
s_016um_00243_00085-1,-2.1896405
s_016um_00030_00091-1,-1.8849634
s_016um_00392_00362-1,-3.615026
s_016um_00323_00224-1,-2.139664
s_016um_00065_00132-1,-2.2069328
s_016um_00354_00026-1,-2.199791
s_016um_00325_00305-1,-2.0330791
s_016um_00361_00292-1,-2.0371568
s_016um_00219_00172-1,-2.2859108
s_016um_00279_00051-1,-2.4030404
s_016um_00408_00102-1,-2.1835768
s_016um_00044_00243-1,-2.1461992
s_016um_00400_00262-1,-2.3104613
s_016um_00267_00028-1,-2.7445793
s_016um_00223_00172-1,-2.0939114
s_016um_00087_00073-1,-2.1693547
s_016um_00039_00171-1,-1.97155
s_016um_00136_00070-1,-2.4290025
s_016um_00270_00035-1,-2.0145683
s_016um_00328_00217-1,-2.3116398
s_016um_00247_00020-1,-2.0523038
s_016um_00269_00334-1,-2.354878
s_016um_00398_00263-1,-2.1152847
s_016um_00270_00227-1,-2.0177968
s_016um_00077_00251-1,-2.524613
s_016um_00335_00256-1,-2.2867472
s_016um_00062_00130-1,-2.2928448
s_016um_00269_00226-1,-2.2008798
s_016um_00362_00225-1,-2.0686488
s_016um_00364_00096-1,-2.136786
s_016um_00216_00277-1,-2.4091558
s_016um_00093_00275-1,-1.9788712
s_016um_00043_00176-1,-2.3542461
s_016um_00277_00133-1,-2.1789382
s_016um_00138_00072-1,-2.0100276
s_016um_00130_00318-1,-3.3017774
s_016um_00323_00122-1,-2.217148
s_016um_00082_00286-1,-2.040059
s_016um_00411_00101-1,-2.0774875
s_016um_00068_00125-1,-2.2117932
s_016um_00096_00030-1,-2.3395712
s_016um_00036_00101-1,-2.2102246
s_016um_00273_00033-1,-2.1408165
s_016um_00063_00236-1,-2.7948723
s_016um_00144_00057-1,-2.204708
s_016um_00375_00143-1,-2.2194045
s_016um_00037_00179-1,-2.5991712
s_016um_00080_00197-1,-2.3998063
s_016um_00334_00399-1,-3.0480685
s_016um_00378_00132-1,-2.3906665
s_016um_00335_00397-1,-2.3989146
s_016um_00198_00125-1,-2.0695932
s_016um_00236_00084-1,-2.1900215
s_016um_00383_00129-1,-2.1592634
s_016um_00393_00185-1,-2.395373
s_016um_00224_00244-1,-2.2028906
s_016um_00226_00335-1,-2.0643153
s_016um_00274_00208-1,-2.1447241
s_016um_00082_00280-1,-2.2103086
s_016um_00078_00279-1,-2.0194101
s_016um_00255_00188-1,-2.1511986
s_016um_00395_00215-1,-2.1375523
s_016um_00135_00222-1,-2.4310699
s_016um_00162_00287-1,-2.751741
s_016um_00084_00072-1,-2.6520185
s_016um_00079_00248-1,-2.0991218
s_016um_00089_00269-1,-2.7091334
s_016um_00399_00259-1,-2.4073238
s_016um_00072_00249-1,-1.9730042
s_016um_00135_00315-1,-3.68288
s_016um_00329_00302-1,-2.3000467
s_016um_00396_00372-1,-2.8297105
s_016um_00041_00242-1,-1.992117
s_016um_00014_00211-1,-2.5289059
s_016um_00326_00302-1,-2.3167887
s_016um_00058_00244-1,-2.0029914
s_016um_00182_00032-1,-2.423018
s_016um_00241_00186-1,-2.2504494
s_016um_00204_00147-1,-2.084595
s_016um_00406_00396-1,-4.530627
s_016um_00087_00072-1,-2.0768723
s_016um_00218_00028-1,-2.332615
s_016um_00143_00016-1,-2.3004854
s_016um_00248_00027-1,-2.0172641
s_016um_00008_00210-1,-2.1609375
s_016um_00408_00104-1,-2.3426554
s_016um_00006_00150-1,-2.0863562
s_016um_00076_00242-1,-2.2161753
s_016um_00238_00092-1,-2.3641593
s_016um_00236_00092-1,-2.339764
s_016um_00417_00143-1,-2.0666895
s_016um_00042_00178-1,-2.3232667
s_016um_00389_00296-1,-2.1480267
s_016um_00384_00127-1,-2.1100264
s_016um_00272_00207-1,-2.3684893
s_016um_00386_00294-1,-2.3473284
s_016um_00110_00313-1,-2.254291
s_016um_00211_00294-1,-2.0869696
s_016um_00057_00245-1,-2.1474597
s_016um_00170_00121-1,-2.3916762
s_016um_00045_00218-1,-2.143778
s_016um_00376_00134-1,-2.5889888
s_016um_00040_00209-1,-2.0417433
s_016um_00356_00286-1,-2.1636217
s_016um_00376_00139-1,-2.3359218
s_016um_00144_00061-1,-2.0177176
s_016um_00394_00339-1,-2.370215
s_016um_00327_00120-1,-2.303114
s_016um_00208_00294-1,-2.2057655
s_016um_00320_00164-1,-2.295907
s_016um_00354_00114-1,-2.1234317
s_016um_00221_00024-1,-1.9921663
s_016um_00192_00098-1,-2.148623
s_016um_00337_00254-1,-2.0530157
s_016um_00223_00171-1,-2.066133
s_016um_00247_00021-1,-2.062347
s_016um_00085_00067-1,-2.0289795
s_016um_00054_00249-1,-2.74501
s_016um_00272_00228-1,-2.1375916
s_016um_00043_00042-1,-2.203759
s_016um_00289_00097-1,-1.8233244
s_016um_00311_00057-1,-2.0206518
s_016um_00275_00224-1,-2.3784187
s_016um_00141_00020-1,-2.22168
s_016um_00235_00091-1,-1.9664981
s_016um_00367_00145-1,-2.245894
s_016um_00418_00139-1,-2.4603124
s_016um_00059_00248-1,-2.1513855
s_016um_00088_00274-1,-1.9935563
s_016um_00141_00075-1,-2.4266956
s_016um_00224_00173-1,-2.30193
s_016um_00275_00332-1,-2.0708187
s_016um_00077_00248-1,-1.9541595
s_016um_00221_00281-1,-1.9647985
s_016um_00332_00210-1,-2.171198
s_016um_00085_00270-1,-2.2365787
s_016um_00370_00098-1,-2.2669802
s_016um_00359_00090-1,-2.119968
s_016um_00410_00148-1,-2.333258
s_016um_00081_00300-1,-2.0636272
s_016um_00143_00219-1,-2.759558
s_016um_00043_00174-1,-2.3007846
s_016um_00219_00226-1,-2.1529372
s_016um_00068_00234-1,-2.2846868
s_016um_00368_00144-1,-2.2469606
s_016um_00137_00219-1,-2.1525834
s_016um_00114_00314-1,-2.150624
s_016um_00222_00333-1,-2.1675792
s_016um_00041_00044-1,-2.3587408
s_016um_00253_00030-1,-2.0392942
s_016um_00100_00065-1,-2.1193724
s_016um_00012_00297-1,-2.1067183
s_016um_00005_00158-1,-2.2876697
s_016um_00140_00069-1,-2.4079347
s_016um_00093_00271-1,-2.160076
s_016um_00040_00172-1,-2.4347823
s_016um_00220_00175-1,-2.1192012
s_016um_00393_00181-1,-2.4362924
s_016um_00012_00215-1,-2.5136921
s_016um_00218_00279-1,-2.1401682
s_016um_00286_00096-1,-2.0684094
s_016um_00112_00315-1,-2.0403721
s_016um_00135_00228-1,-2.1148696
s_016um_00133_00087-1,-2.1229472
s_016um_00059_00250-1,-2.0981855
s_016um_00323_00226-1,-2.3455846
s_016um_00244_00090-1,-1.947676
s_016um_00178_00027-1,-2.0790553
s_016um_00342_00215-1,-2.3374238
s_016um_00191_00096-1,-2.1954696
s_016um_00213_00036-1,-2.28518
s_016um_00115_00149-1,-2.5820615
s_016um_00393_00215-1,-2.2517073
s_016um_00342_00400-1,-2.6622176
s_016um_00365_00224-1,-2.3309271
s_016um_00045_00242-1,-2.5078907
s_016um_00318_00164-1,-2.0744328
s_016um_00079_00270-1,-2.0048747
s_016um_00134_00227-1,-2.1784837
s_016um_00085_00199-1,-2.2002742
s_016um_00128_00317-1,-3.1895647
s_016um_00082_00029-1,-2.1089382
s_016um_00325_00170-1,-2.0567024
s_016um_00087_00195-1,-2.0722542
s_016um_00206_00147-1,-2.0966756
s_016um_00128_00228-1,-2.1968126
s_016um_00328_00118-1,-2.1444054
s_016um_00020_00264-1,-2.0978174
s_016um_00253_00025-1,-2.196698
s_016um_00103_00027-1,-2.1546428
s_016um_00131_00093-1,-1.9831839
s_016um_00132_00090-1,-2.242778
s_016um_00323_00225-1,-2.286602
s_016um_00283_00099-1,-2.0627651
s_016um_00221_00328-1,-2.1145053
s_016um_00324_00301-1,-2.644
s_016um_00085_00194-1,-2.349879
s_016um_00407_00121-1,-2.087615
s_016um_00169_00373-1,-2.004547
s_016um_00324_00170-1,-2.3018706
s_016um_00322_00303-1,-2.1878357
s_016um_00170_00379-1,-2.2620747
s_016um_00394_00218-1,-2.2685509
s_016um_00221_00174-1,-2.2285488
s_016um_00340_00217-1,-2.0933123
s_016um_00223_00031-1,-2.063826
s_016um_00140_00061-1,-2.2492912
s_016um_00378_00133-1,-2.2250438
s_016um_00029_00337-1,-2.243856
s_016um_00215_00289-1,-2.1462471
s_016um_00089_00070-1,-2.079803
s_016um_00078_00296-1,-2.1554248
s_016um_00013_00209-1,-1.9137901
s_016um_00357_00292-1,-1.9360198
s_016um_00130_00094-1,-2.169655
s_016um_00401_00367-1,-2.3386412
s_016um_00216_00276-1,-2.3334699
s_016um_00135_00071-1,-2.2438438
s_016um_00269_00062-1,-2.3082788
s_016um_00309_00055-1,-2.1530414
s_016um_00269_00328-1,-2.631085
s_016um_00235_00085-1,-2.2290587
s_016um_00201_00146-1,-2.0717392
s_016um_00400_00125-1,-2.5030954
s_016um_00043_00173-1,-2.2287722
s_016um_00136_00229-1,-2.1666503
s_016um_00217_00226-1,-2.0550096
s_016um_00081_00239-1,-2.1037867
s_016um_00413_00136-1,-2.2295003
s_016um_00079_00293-1,-2.0230908
s_016um_00273_00044-1,-2.292203
s_016um_00359_00289-1,-2.0221121
s_016um_00151_00398-1,-2.1738367
s_016um_00218_00170-1,-2.2349105
s_016um_00223_00024-1,-3.6720061
s_016um_00043_00239-1,-2.0097575
s_016um_00271_00036-1,-2.320682
s_016um_00404_00261-1,-2.90821
s_016um_00035_00102-1,-2.3033679
s_016um_00078_00280-1,-2.1649055
s_016um_00276_00323-1,-2.1631174
s_016um_00266_00336-1,-2.2156312
s_016um_00369_00119-1,-2.3952327
s_016um_00252_00020-1,-2.103867
s_016um_00356_00022-1,-2.1392622
s_016um_00396_00185-1,-2.178358
s_016um_00071_00245-1,-2.0918705
s_016um_00222_00028-1,-2.4675496
s_016um_00410_00100-1,-2.1774788
s_016um_00360_00417-1,-4.2920275
s_016um_00075_00252-1,-2.817751
s_016um_00223_00225-1,-2.0394454
s_016um_00331_00256-1,-2.219413
s_016um_00348_00215-1,-2.3311622
s_016um_00281_00132-1,-2.3162944
s_016um_00071_00247-1,-2.1566715
s_016um_00078_00249-1,-2.3146334
s_016um_00070_00238-1,-2.0678856
s_016um_00093_00279-1,-2.1851451
s_016um_00219_00229-1,-1.9324701
s_016um_00403_00129-1,-2.3614297
s_016um_00389_00340-1,-2.7734528
s_016um_00041_00043-1,-2.402286
s_016um_00020_00271-1,-2.1337125
s_016um_00395_00180-1,-2.0718033
s_016um_00395_00358-1,-2.8486347
s_016um_00085_00030-1,-1.9969404
s_016um_00044_00210-1,-2.1157312
s_016um_00200_00153-1,-2.3407428
s_016um_00373_00122-1,-2.041013
s_016um_00363_00222-1,-2.2861688
s_016um_00191_00098-1,-2.1199079
s_016um_00080_00270-1,-2.0516167
s_016um_00272_00206-1,-2.616527
s_016um_00150_00399-1,-2.1586857
s_016um_00093_00277-1,-2.0374997
s_016um_00158_00287-1,-2.1553686
s_016um_00166_00376-1,-2.1184778
s_016um_00379_00135-1,-2.661768
s_016um_00403_00258-1,-2.450285
s_016um_00081_00299-1,-2.2455738
s_016um_00013_00211-1,-2.4778457
s_016um_00085_00034-1,-2.5712743
s_016um_00405_00126-1,-2.6679337
s_016um_00163_00125-1,-2.2984884
s_016um_00361_00293-1,-2.2310421
s_016um_00229_00244-1,-2.04408
s_016um_00393_00359-1,-3.3433175
s_016um_00271_00033-1,-2.1372015
s_016um_00320_00225-1,-2.0257852
s_016um_00102_00386-1,-2.5363953
s_016um_00032_00087-1,-2.070008
s_016um_00357_00288-1,-2.0940769
s_016um_00333_00218-1,-2.0450222
s_016um_00390_00179-1,-2.121148
s_016um_00394_00372-1,-2.5598295
s_016um_00012_00211-1,-2.3815274
s_016um_00180_00029-1,-2.0993118
s_016um_00164_00123-1,-2.0814712
s_016um_00095_00322-1,-2.1035357
s_016um_00026_00088-1,-2.2139635
s_016um_00165_00121-1,-2.211549
s_016um_00360_00413-1,-3.132312
s_016um_00400_00263-1,-2.2530756
s_016um_00274_00332-1,-2.1946304
s_016um_00264_00131-1,-2.381214
s_016um_00044_00239-1,-2.0058942
s_016um_00008_00215-1,-2.2254248
s_016um_00049_00238-1,-2.0833404
s_016um_00376_00136-1,-2.0784044
s_016um_00109_00320-1,-2.7977884
s_016um_00396_00370-1,-2.1109543
s_016um_00387_00342-1,-2.1985438
s_016um_00141_00019-1,-2.7139292
s_016um_00390_00183-1,-2.1957798
s_016um_00202_00146-1,-2.522537
s_016um_00393_00358-1,-5.116709
s_016um_00086_00069-1,-2.210686
s_016um_00216_00016-1,-2.1270704
s_016um_00138_00214-1,-1.9918947
s_016um_00241_00184-1,-2.1243258
s_016um_00386_00130-1,-1.8313669
s_016um_00220_00024-1,-2.1959457
s_016um_00094_00320-1,-1.9482477
s_016um_00093_00342-1,-2.1369584
s_016um_00373_00119-1,-2.0978608
s_016um_00407_00101-1,-2.4326463
s_016um_00278_00047-1,-2.313065
s_016um_00215_00030-1,-2.3092885
s_016um_00015_00211-1,-2.4986682
s_016um_00135_00319-1,-3.0757833
s_016um_00221_00334-1,-2.022592
s_016um_00274_00324-1,-2.2004287
s_016um_00271_00056-1,-2.1647308
s_016um_00137_00072-1,-2.039732
s_016um_00035_00045-1,-2.096233
s_016um_00108_00385-1,-2.4395483
s_016um_00010_00150-1,-2.1971347
s_016um_00194_00097-1,-2.1466336
s_016um_00409_00399-1,-6.3773966
s_016um_00041_00241-1,-2.403694
s_016um_00278_00133-1,-2.2772062
s_016um_00108_00318-1,-2.5181634
s_016um_00210_00295-1,-2.2044556
s_016um_00173_00372-1,-2.2833264
s_016um_00138_00223-1,-2.3315861
s_016um_00093_00273-1,-2.0965807
s_016um_00018_00269-1,-2.1318614
s_016um_00039_00041-1,-2.09007
s_016um_00134_00317-1,-3.2265496
s_016um_00111_00321-1,-4.155078
s_016um_00065_00128-1,-2.3925402
s_016um_00216_00035-1,-2.174783
s_016um_00094_00274-1,-2.0427568
s_016um_00415_00142-1,-2.066883
s_016um_00170_00369-1,-2.0656884
s_016um_00138_00015-1,-2.6688137
s_016um_00403_00395-1,-5.0615163
s_016um_00080_00241-1,-1.986753
s_016um_00266_00333-1,-2.1384625
s_016um_00230_00249-1,-2.1790018
s_016um_00081_00268-1,-2.0767827
s_016um_00331_00216-1,-2.1572561
s_016um_00400_00370-1,-2.5181825
s_016um_00131_00317-1,-2.53923
s_016um_00125_00385-1,-2.8407705
s_016um_00356_00093-1,-1.9951508
s_016um_00323_00165-1,-2.409383
s_016um_00268_00030-1,-2.36085
s_016um_00267_00032-1,-2.2458146
s_016um_00132_00224-1,-2.1689346
s_016um_00392_00296-1,-2.5802376
s_016um_00133_00219-1,-2.3353882
s_016um_00034_00088-1,-2.1103528
s_016um_00223_00238-1,-2.0861907
s_016um_00378_00136-1,-2.0365336
s_016um_00128_00226-1,-2.2338185
s_016um_00108_00387-1,-2.3345585
s_016um_00393_00214-1,-2.4808872
s_016um_00080_00266-1,-2.1093044
s_016um_00263_00136-1,-2.3926783
s_016um_00141_00057-1,-2.2835007
s_016um_00095_00316-1,-2.1891024
s_016um_00040_00211-1,-2.3544064
s_016um_00275_00322-1,-2.4002025
s_016um_00046_00207-1,-2.3332992
s_016um_00092_00340-1,-1.9960365
s_016um_00090_00266-1,-2.1438367
s_016um_00181_00030-1,-2.1197631
s_016um_00042_00245-1,-2.1652048
s_016um_00408_00097-1,-2.2167392
s_016um_00418_00137-1,-2.1155427
s_016um_00132_00314-1,-3.2450366
s_016um_00365_00101-1,-2.2542477
s_016um_00266_00032-1,-2.2195532
s_016um_00083_00201-1,-2.10611
s_016um_00231_00358-1,-2.0812252
s_016um_00227_00235-1,-2.33521
s_016um_00008_00296-1,-2.0680962
s_016um_00241_00185-1,-2.0461903
s_016um_00081_00293-1,-1.9103234
s_016um_00170_00122-1,-2.2781882
s_016um_00349_00021-1,-2.2472072
s_016um_00011_00152-1,-2.1032803
s_016um_00404_00403-1,-6.290721
s_016um_00099_00025-1,-2.2411573
s_016um_00127_00094-1,-2.3664744
s_016um_00395_00214-1,-2.1690087
s_016um_00009_00151-1,-2.3353465
s_016um_00195_00124-1,-1.9762207
s_016um_00275_00047-1,-2.0250802
s_016um_00386_00292-1,-1.9932704
s_016um_00241_00084-1,-1.9516269
s_016um_00328_00120-1,-2.111485
s_016um_00210_00028-1,-2.3414679
s_016um_00228_00232-1,-3.028945
s_016um_00394_00179-1,-2.2278113
s_016um_00210_00034-1,-2.0170116
s_016um_00356_00118-1,-2.3811424
s_016um_00251_00025-1,-2.150866
s_016um_00205_00150-1,-2.1746366
s_016um_00026_00091-1,-2.4136672
s_016um_00140_00218-1,-2.0703816
s_016um_00375_00121-1,-2.1268232
s_016um_00040_00203-1,-2.5218985
s_016um_00280_00202-1,-2.0140703
s_016um_00338_00402-1,-2.1640284
s_016um_00369_00121-1,-2.5735214
s_016um_00351_00021-1,-2.3138454
s_016um_00083_00286-1,-2.2309275
s_016um_00082_00278-1,-2.176273
s_016um_00167_00371-1,-2.006599
s_016um_00252_00022-1,-2.2193804
s_016um_00078_00238-1,-2.1200144
s_016um_00400_00212-1,-2.1658397
s_016um_00403_00398-1,-4.9694786
s_016um_00134_00221-1,-2.330688
s_016um_00079_00240-1,-2.0227792
s_016um_00401_00257-1,-2.3826175
s_016um_00314_00059-1,-2.0441554
s_016um_00025_00087-1,-2.199711
s_016um_00335_00402-1,-2.8703425
s_016um_00388_00339-1,-2.7569983
s_016um_00273_00134-1,-1.9788599
s_016um_00392_00216-1,-2.1554089
s_016um_00395_00178-1,-2.413474
s_016um_00157_00288-1,-1.9349383
s_016um_00087_00066-1,-2.2590775
s_016um_00384_00133-1,-2.4411209
s_016um_00082_00267-1,-1.947601
s_016um_00232_00356-1,-2.4143994
s_016um_00355_00293-1,-2.189138
s_016um_00041_00009-1,-2.025792
s_016um_00145_00017-1,-2.2914495
s_016um_00144_00020-1,-2.1237254
s_016um_00381_00136-1,-2.0640318
s_016um_00078_00251-1,-2.2165804
s_016um_00104_00067-1,-2.3181727
s_016um_00290_00096-1,-2.103906
s_016um_00221_00172-1,-2.1551156
s_016um_00247_00025-1,-2.2912076
s_016um_00083_00202-1,-2.0904682
s_016um_00190_00091-1,-2.3311195
s_016um_00220_00227-1,-2.0236375
s_016um_00326_00126-1,-2.6257296
s_016um_00091_00269-1,-1.9311864
s_016um_00375_00125-1,-2.277361
s_016um_00312_00058-1,-2.0670884
s_016um_00225_00232-1,-2.169951
s_016um_00066_00236-1,-2.3515098
s_016um_00229_00262-1,-2.0247734
s_016um_00111_00315-1,-2.0759869
s_016um_00193_00090-1,-2.1314526
s_016um_00061_00248-1,-2.0301769
s_016um_00082_00199-1,-2.214188
s_016um_00046_00245-1,-2.3199632
s_016um_00047_00217-1,-2.3149278
s_016um_00091_00342-1,-2.314886
s_016um_00265_00127-1,-2.160644
s_016um_00127_00086-1,-2.2939198
s_016um_00245_00089-1,-2.2068017
s_016um_00058_00250-1,-2.228846
s_016um_00101_00025-1,-2.2303102
s_016um_00221_00225-1,-2.1684117
s_016um_00271_00328-1,-2.462684
s_016um_00395_00339-1,-2.884519
s_016um_00131_00382-1,-2.1398022
s_016um_00264_00331-1,-2.100362
s_016um_00331_00258-1,-2.1544778
s_016um_00095_00338-1,-2.029308
s_016um_00139_00060-1,-2.19063
s_016um_00409_00150-1,-2.285527
s_016um_00393_00296-1,-2.5284905
s_016um_00325_00304-1,-2.3466446
s_016um_00286_00097-1,-2.1705763
s_016um_00078_00240-1,-1.9765673
s_016um_00130_00227-1,-1.9195337
s_016um_00013_00294-1,-1.9839427
s_016um_00404_00146-1,-2.1102247
s_016um_00356_00120-1,-2.3657742
s_016um_00036_00098-1,-2.5551457
s_016um_00066_00231-1,-2.091657
s_016um_00234_00087-1,-2.2967963
s_016um_00099_00029-1,-2.3502471
s_016um_00238_00183-1,-2.1401384
s_016um_00042_00217-1,-2.0698204
s_016um_00366_00221-1,-1.9288882
s_016um_00191_00123-1,-2.3596666
s_016um_00197_00125-1,-2.0175245
s_016um_00397_00367-1,-2.7495039
s_016um_00063_00131-1,-2.1885364
s_016um_00141_00061-1,-2.1147113
s_016um_00213_00032-1,-2.3649993
s_016um_00041_00218-1,-2.1711974
s_016um_00076_00240-1,-2.2387125
s_016um_00206_00151-1,-2.0162535
s_016um_00274_00328-1,-3.011802
s_016um_00121_00148-1,-1.9840233
s_016um_00396_00214-1,-2.0605116
s_016um_00276_00204-1,-2.0867028
s_016um_00417_00142-1,-1.9228412
s_016um_00172_00377-1,-2.1979492
s_016um_00328_00299-1,-2.2617767
s_016um_00356_00287-1,-2.1317399
s_016um_00013_00300-1,-2.4509597
s_016um_00127_00092-1,-2.4228415
s_016um_00278_00322-1,-2.1759815
s_016um_00264_00060-1,-2.4585807
s_016um_00109_00313-1,-2.1932273
s_016um_00039_00105-1,-2.2086976
s_016um_00088_00272-1,-2.1268296
s_016um_00414_00137-1,-1.9065412
s_016um_00401_00397-1,-4.9451814
s_016um_00042_00043-1,-2.0803282
s_016um_00268_00331-1,-2.355778
s_016um_00110_00321-1,-3.1676784
s_016um_00009_00302-1,-2.4117067
s_016um_00230_00245-1,-2.2151966
s_016um_00222_00012-1,-2.2454395
s_016um_00130_00091-1,-2.2264671
s_016um_00363_00225-1,-2.1891854
s_016um_00352_00093-1,-2.0792267
s_016um_00097_00278-1,-2.177491
s_016um_00076_00244-1,-2.1361914
s_016um_00281_00314-1,-2.0005915
s_016um_00261_00186-1,-2.5294824
s_016um_00307_00052-1,-2.072769
s_016um_00087_00197-1,-2.0862567
s_016um_00086_00028-1,-2.2522006
s_016um_00044_00178-1,-2.4143996
s_016um_00402_00147-1,-1.8483193
s_016um_00061_00243-1,-2.039377
s_016um_00347_00217-1,-2.2168045
s_016um_00212_00296-1,-2.2843375
s_016um_00310_00061-1,-2.456707
s_016um_00209_00291-1,-2.311628
s_016um_00371_00117-1,-2.631868
s_016um_00261_00027-1,-2.1146274
s_016um_00034_00099-1,-2.1849551
s_016um_00368_00121-1,-2.2289476
s_016um_00340_00214-1,-2.21867
s_016um_00081_00281-1,-2.1943944
s_016um_00411_00104-1,-2.1777394
s_016um_00078_00300-1,-2.2351413
s_016um_00088_00273-1,-1.973958
s_016um_00145_00060-1,-2.1233058
s_016um_00272_00205-1,-2.4831212
s_016um_00334_00257-1,-2.3170748
s_016um_00332_00251-1,-2.4354422
s_016um_00278_00321-1,-2.1704218
s_016um_00350_00021-1,-2.3065279
s_016um_00189_00128-1,-2.113428
s_016um_00130_00319-1,-4.4550667
s_016um_00190_00121-1,-2.512267
s_016um_00167_00370-1,-2.2821457
s_016um_00234_00088-1,-2.3805325
s_016um_00203_00152-1,-2.3463879
s_016um_00343_00216-1,-2.2588453
s_016um_00282_00326-1,-2.126485
s_016um_00266_00060-1,-2.060373
s_016um_00011_00208-1,-2.631501
s_016um_00280_00138-1,-2.250918
s_016um_00234_00268-1,-2.0626407
s_016um_00403_00402-1,-6.2057667
s_016um_00164_00287-1,-2.645268
s_016um_00134_00229-1,-2.162203
s_016um_00213_00033-1,-2.8673787
s_016um_00232_00264-1,-2.1903522
s_016um_00240_00090-1,-2.1262383
s_016um_00142_00216-1,-2.4143648
s_016um_00134_00217-1,-2.2367568
s_016um_00341_00213-1,-2.3212106
s_016um_00236_00185-1,-2.1752534
s_016um_00221_00279-1,-2.0343375
s_016um_00321_00164-1,-2.0978036
s_016um_00272_00329-1,-2.6467476
s_016um_00414_00097-1,-2.127999
s_016um_00357_00119-1,-2.2323115
s_016um_00259_00026-1,-1.8194447
s_016um_00145_00397-1,-2.2733214
s_016um_00144_00059-1,-2.3773234
s_016um_00358_00287-1,-2.0809517
s_016um_00092_00270-1,-2.1691594
s_016um_00366_00230-1,-2.1642857
s_016um_00358_00409-1,-3.203007
s_016um_00078_00246-1,-2.1255565
s_016um_00237_00355-1,-2.340924
s_016um_00047_00212-1,-2.3691814
s_016um_00040_00216-1,-2.5109944
s_016um_00335_00252-1,-2.3949175
s_016um_00037_00176-1,-2.2411063
s_016um_00079_00195-1,-2.2785075
s_016um_00217_00169-1,-2.730834
s_016um_00096_00279-1,-2.131294
s_016um_00007_00213-1,-2.1507156
s_016um_00335_00399-1,-3.155581
s_016um_00237_00361-1,-2.1043465
s_016um_00395_00370-1,-2.1797633
s_016um_00092_00337-1,-2.1461854
s_016um_00087_00070-1,-2.2649322
s_016um_00039_00010-1,-2.0818462
s_016um_00217_00171-1,-2.3392098
s_016um_00009_00153-1,-2.1135602
s_016um_00216_00010-1,-2.4615593
s_016um_00136_00216-1,-2.308081
s_016um_00017_00265-1,-2.2436492
s_016um_00098_00067-1,-2.1197796
s_016um_00343_00217-1,-2.2823248
s_016um_00022_00268-1,-2.0748065
s_016um_00018_00273-1,-2.103096
s_016um_00242_00089-1,-2.1360567
s_016um_00383_00132-1,-2.1749241
s_016um_00222_00328-1,-2.3049705
s_016um_00349_00023-1,-2.2053108
s_016um_00091_00277-1,-2.2032108
s_016um_00135_00074-1,-2.468845
s_016um_00413_00097-1,-1.9796314
s_016um_00086_00200-1,-2.2936816
s_016um_00250_00020-1,-2.5006511
s_016um_00218_00166-1,-2.3189425
s_016um_00367_00225-1,-1.991877
s_016um_00209_00295-1,-2.0796556
s_016um_00090_00335-1,-1.9353702
s_016um_00219_00173-1,-2.4085183
s_016um_00077_00297-1,-2.119595
s_016um_00379_00140-1,-2.4650812
s_016um_00041_00045-1,-2.1249669
s_016um_00392_00361-1,-3.2313972
s_016um_00391_00365-1,-2.3453882
s_016um_00258_00029-1,-2.4395387
s_016um_00145_00016-1,-2.1499155
s_016um_00356_00411-1,-3.3277118
s_016um_00331_00214-1,-1.9490728
s_016um_00085_00196-1,-2.1958158
s_016um_00038_00176-1,-2.2966554
s_016um_00090_00275-1,-2.1366794
s_016um_00409_00097-1,-2.191783
s_016um_00405_00401-1,-6.39487
s_016um_00402_00125-1,-2.273386
s_016um_00221_00237-1,-2.222927
s_016um_00083_00280-1,-2.3633533
s_016um_00104_00073-1,-2.2173889
s_016um_00267_00061-1,-2.0883627
s_016um_00359_00115-1,-2.1896715
s_016um_00094_00277-1,-2.1858368
s_016um_00079_00298-1,-2.1349132
s_016um_00082_00028-1,-2.0997515
s_016um_00262_00336-1,-2.132267
s_016um_00215_00031-1,-2.4322524
s_016um_00259_00131-1,-2.1558995
s_016um_00279_00324-1,-2.3481355
s_016um_00397_00362-1,-2.3624878
s_016um_00259_00030-1,-2.2486434
s_016um_00291_00096-1,-2.5147336
s_016um_00142_00057-1,-2.1617808
s_016um_00353_00119-1,-2.1319308
s_016um_00205_00145-1,-2.1188126
s_016um_00375_00119-1,-2.116557
s_016um_00086_00065-1,-2.8627572
s_016um_00114_00317-1,-1.9697936
s_016um_00083_00282-1,-2.0814338
s_016um_00079_00244-1,-2.1932764
s_016um_00093_00337-1,-2.6341152
s_016um_00281_00135-1,-1.921115
s_016um_00216_00280-1,-2.0011103
s_016um_00163_00289-1,-2.2952943
s_016um_00358_00121-1,-2.1273108
s_016um_00277_00203-1,-2.1283631
s_016um_00340_00401-1,-2.6252437
s_016um_00064_00125-1,-2.133205
s_016um_00096_00069-1,-2.3555534
s_016um_00010_00297-1,-2.259501
s_016um_00324_00168-1,-2.1082027
s_016um_00291_00099-1,-2.1924222
s_016um_00402_00261-1,-2.143264
s_016um_00068_00129-1,-2.1823657
s_016um_00037_00106-1,-2.4961412
s_016um_00329_00215-1,-3.033137
s_016um_00394_00361-1,-2.4938183
s_016um_00398_00373-1,-3.121729
s_016um_00102_00027-1,-2.6165688
s_016um_00400_00122-1,-2.0937605
s_016um_00402_00120-1,-2.1131613
s_016um_00043_00204-1,-2.028853
s_016um_00062_00246-1,-1.9899924
s_016um_00278_00315-1,-2.5215669
s_016um_00367_00226-1,-2.1618097
s_016um_00182_00029-1,-2.3356729
s_016um_00132_00087-1,-2.1679173
s_016um_00135_00226-1,-2.086354
s_016um_00325_00306-1,-2.2475111
s_016um_00077_00243-1,-2.183318
s_016um_00332_00254-1,-2.5010848
s_016um_00275_00136-1,-2.4798524
s_016um_00272_00034-1,-2.5223074
s_016um_00214_00030-1,-1.9794883
s_016um_00160_00293-1,-2.1872332
s_016um_00135_00230-1,-2.1259677
s_016um_00039_00046-1,-2.335597
s_016um_00236_00354-1,-2.3865817
s_016um_00134_00314-1,-4.5794263
s_016um_00105_00072-1,-2.3434598
s_016um_00227_00245-1,-2.0309935
s_016um_00129_00389-1,-2.151287
s_016um_00409_00099-1,-2.1132545
s_016um_00205_00146-1,-2.0058272
s_016um_00034_00004-1,-2.468522
s_016um_00031_00336-1,-2.033269
s_016um_00222_00235-1,-2.3050277
s_016um_00406_00395-1,-3.970877
s_016um_00129_00095-1,-2.793825
s_016um_00144_00018-1,-2.2145336
s_016um_00393_00298-1,-2.3669071
s_016um_00389_00291-1,-2.500143
s_016um_00186_00029-1,-2.342191
s_016um_00400_00369-1,-2.6774192
s_016um_00221_00238-1,-2.0574255
s_016um_00232_00269-1,-2.1398292
s_016um_00265_00337-1,-2.5596178
s_016um_00082_00296-1,-2.0575182
s_016um_00140_00223-1,-2.3442912
s_016um_00334_00217-1,-2.057163
s_016um_00128_00315-1,-1.9681828
s_016um_00197_00122-1,-2.382751
s_016um_00333_00259-1,-2.4701827
s_016um_00407_00124-1,-2.1559584
s_016um_00042_00172-1,-2.282541
s_016um_00394_00365-1,-2.5317004
s_016um_00184_00027-1,-2.0812175
s_016um_00007_00154-1,-2.1827862
s_016um_00183_00032-1,-2.2560399
s_016um_00069_00126-1,-2.3454397
s_016um_00329_00212-1,-1.9578846
s_016um_00082_00072-1,-2.2130945
s_016um_00191_00126-1,-2.4447424
s_016um_00178_00033-1,-2.4194767
s_016um_00222_00236-1,-2.469907
s_016um_00178_00030-1,-2.2668588
s_016um_00124_00385-1,-2.235587
s_016um_00097_00321-1,-2.254176
s_016um_00222_00246-1,-2.0013597
s_016um_00324_00305-1,-2.2378466
s_016um_00287_00096-1,-2.1797047
s_016um_00256_00188-1,-2.1523166
s_016um_00313_00057-1,-1.8697386
s_016um_00407_00152-1,-2.1594205
s_016um_00172_00375-1,-2.3486042
s_016um_00265_00128-1,-2.6500823
s_016um_00076_00293-1,-2.068707
s_016um_00138_00075-1,-2.1039665
s_016um_00230_00264-1,-2.0746095
s_016um_00223_00333-1,-2.1993423
s_016um_00335_00253-1,-2.4943569
s_016um_00254_00030-1,-2.1294029
s_016um_00163_00122-1,-2.2204442
s_016um_00193_00091-1,-2.222519
s_016um_00262_00335-1,-2.2755575
s_016um_00007_00152-1,-2.1513088
s_016um_00140_00017-1,-2.1619043
s_016um_00325_00224-1,-2.1705978
s_016um_00306_00054-1,-2.250061
s_016um_00261_00330-1,-2.5779078
s_016um_00388_00299-1,-2.2796874
s_016um_00223_00226-1,-2.1751957
s_016um_00124_00387-1,-2.0434737
s_016um_00085_00193-1,-2.2046065
s_016um_00357_00416-1,-4.625051
s_016um_00222_00227-1,-2.2235136
s_016um_00077_00295-1,-2.241965
s_016um_00218_00228-1,-2.3074875
s_016um_00274_00313-1,-1.7951343
s_016um_00091_00335-1,-2.0748825
s_016um_00271_00329-1,-2.1611786
s_016um_00391_00340-1,-2.1915765
s_016um_00391_00362-1,-2.163305
s_016um_00322_00166-1,-2.1363797
s_016um_00393_00370-1,-2.2656589
s_016um_00361_00417-1,-4.062817
s_016um_00213_00283-1,-2.1948078
s_016um_00162_00289-1,-2.2232409
s_016um_00131_00385-1,-2.0294256
s_016um_00077_00239-1,-2.030837
s_016um_00031_00091-1,-2.0489054
s_016um_00342_00398-1,-2.598283
s_016um_00091_00271-1,-2.1193192
s_016um_00277_00135-1,-2.2968533
s_016um_00394_00182-1,-2.3007286
s_016um_00353_00096-1,-2.072498
s_016um_00313_00053-1,-1.8846569
s_016um_00031_00333-1,-2.1524024
s_016um_00404_00256-1,-2.233854
s_016um_00007_00296-1,-2.005392
s_016um_00269_00229-1,-2.2928092
s_016um_00324_00231-1,-2.4160986
s_016um_00033_00101-1,-2.3004823
s_016um_00043_00048-1,-2.163065
s_016um_00029_00089-1,-2.4772406
s_016um_00264_00129-1,-2.1237476
s_016um_00074_00243-1,-2.1499865
s_016um_00096_00025-1,-2.2083726
s_016um_00218_00011-1,-1.9842749
s_016um_00401_00366-1,-2.6142771
s_016um_00260_00026-1,-2.0211554
s_016um_00084_00199-1,-2.1649513
s_016um_00208_00295-1,-2.0210452
s_016um_00195_00121-1,-2.189106
s_016um_00238_00089-1,-2.3294468
s_016um_00392_00295-1,-2.2899294
s_016um_00180_00027-1,-2.0442643
s_016um_00380_00138-1,-2.112495
s_016um_00190_00097-1,-2.165183
s_016um_00042_00238-1,-2.4675531
s_016um_00333_00211-1,-1.9694178
s_016um_00237_00189-1,-2.0408285
s_016um_00274_00227-1,-2.187475
s_016um_00099_00318-1,-2.2330527
s_016um_00134_00222-1,-2.0467207
s_016um_00405_00150-1,-2.4080484
s_016um_00402_00262-1,-2.3016906
s_016um_00236_00261-1,-2.2185385
s_016um_00356_00024-1,-2.136427
s_016um_00140_00016-1,-2.393034
s_016um_00116_00143-1,-2.4186475
s_016um_00399_00260-1,-2.1298199
s_016um_00238_00361-1,-2.2985754
s_016um_00214_00012-1,-2.207039
s_016um_00276_00134-1,-2.1560345
s_016um_00049_00243-1,-2.969423
s_016um_00222_00225-1,-2.3425312
s_016um_00031_00330-1,-2.2895658
s_016um_00321_00306-1,-2.1986842
s_016um_00400_00217-1,-2.2123828
s_016um_00082_00200-1,-2.3883002
s_016um_00134_00216-1,-2.0483902
s_016um_00137_00075-1,-2.1415727
s_016um_00079_00242-1,-1.9885634
s_016um_00357_00410-1,-2.8380785
s_016um_00194_00123-1,-2.0519204
s_016um_00359_00286-1,-2.2440772
s_016um_00233_00260-1,-2.0526035
s_016um_00279_00317-1,-2.2472367
s_016um_00170_00123-1,-2.1029222
s_016um_00290_00094-1,-2.172708
s_016um_00056_00250-1,-2.028224
s_016um_00268_00057-1,-3.1338694
s_016um_00400_00401-1,-6.604104
s_016um_00414_00099-1,-2.2407308
s_016um_00354_00117-1,-2.3058672
s_016um_00396_00216-1,-2.2801025
s_016um_00274_00326-1,-2.0673177
s_016um_00224_00246-1,-2.2248974
s_016um_00371_00119-1,-2.2283547
s_016um_00413_00142-1,-2.1627414
s_016um_00234_00356-1,-2.0711577
s_016um_00336_00258-1,-2.1488953
s_016um_00254_00025-1,-2.0621502
s_016um_00230_00266-1,-2.2336664
s_016um_00101_00065-1,-2.1403754
s_016um_00221_00018-1,-2.622105
s_016um_00220_00031-1,-2.2599523
s_016um_00131_00232-1,-2.14316
s_016um_00398_00181-1,-2.3744905
s_016um_00131_00227-1,-2.2131536
s_016um_00322_00227-1,-2.3102593
s_016um_00416_00141-1,-2.3704815
s_016um_00214_00290-1,-1.8204893
s_016um_00096_00275-1,-1.9232737
s_016um_00110_00314-1,-2.0666974
s_016um_00353_00018-1,-2.0317078
s_016um_00400_00396-1,-4.7136316
s_016um_00064_00238-1,-2.4536982
s_016um_00093_00278-1,-2.1311011
s_016um_00083_00271-1,-2.014592
s_016um_00203_00153-1,-2.2229078
s_016um_00277_00046-1,-2.1381898
s_016um_00040_00047-1,-2.2011907
s_016um_00234_00360-1,-2.069963
s_016um_00229_00266-1,-2.22517
s_016um_00279_00207-1,-2.163079
s_016um_00400_00218-1,-2.2457156
s_016um_00150_00395-1,-2.4302285
s_016um_00387_00127-1,-2.7737951
s_016um_00391_00363-1,-2.6702054
s_016um_00375_00124-1,-2.206998
s_016um_00210_00294-1,-2.3158443
s_016um_00169_00126-1,-2.3074129
s_016um_00224_00249-1,-2.0320544
s_016um_00006_00214-1,-2.2430556
s_016um_00307_00058-1,-2.278985
s_016um_00269_00032-1,-2.1756198
s_016um_00261_00336-1,-2.3261783
s_016um_00354_00414-1,-3.9066386
s_016um_00352_00120-1,-2.1845505
s_016um_00258_00186-1,-2.3527381
s_016um_00027_00332-1,-2.3119934
s_016um_00067_00231-1,-2.0404549
s_016um_00362_00291-1,-2.2728693
s_016um_00382_00129-1,-2.2425666
s_016um_00318_00165-1,-2.4014935
s_016um_00386_00134-1,-2.3018434
s_016um_00264_00191-1,-2.1393247
s_016um_00361_00412-1,-4.2458644
s_016um_00096_00029-1,-2.9218302
s_016um_00213_00027-1,-2.1788726
s_016um_00258_00189-1,-2.1876812
s_016um_00392_00298-1,-2.7844815
s_016um_00361_00411-1,-3.2581043
s_016um_00266_00334-1,-2.1636808
s_016um_00368_00100-1,-2.1696038
s_016um_00353_00290-1,-2.4662924
s_016um_00344_00213-1,-2.2291453
s_016um_00369_00100-1,-2.2591932
s_016um_00079_00196-1,-2.2594028
s_016um_00388_00133-1,-2.0167553
s_016um_00357_00290-1,-2.4093633
s_016um_00370_00119-1,-2.6661992
s_016um_00148_00395-1,-2.2333255
s_016um_00372_00119-1,-2.539862
s_016um_00193_00098-1,-2.1355526
s_016um_00168_00122-1,-2.04691
s_016um_00107_00314-1,-2.031975
s_016um_00244_00085-1,-2.2832654
s_016um_00101_00031-1,-2.2915087
s_016um_00035_00332-1,-2.1552885
s_016um_00134_00072-1,-2.3266618
s_016um_00243_00089-1,-2.403278
s_016um_00353_00019-1,-2.4214907
s_016um_00194_00092-1,-2.0477223
s_016um_00263_00334-1,-2.4373505
s_016um_00410_00101-1,-1.9291205
s_016um_00084_00067-1,-2.2646666
s_016um_00146_00397-1,-2.2686775
s_016um_00132_00320-1,-3.1294012
s_016um_00233_00089-1,-2.1063194
s_016um_00042_00205-1,-2.746431
s_016um_00262_00331-1,-2.1411538
s_016um_00043_00045-1,-2.1415453
s_016um_00220_00235-1,-2.275452
s_016um_00330_00123-1,-2.234214
s_016um_00222_00238-1,-2.1545389
s_016um_00013_00215-1,-2.2992067
s_016um_00222_00032-1,-2.202063
s_016um_00041_00173-1,-2.3263571
s_016um_00140_00055-1,-2.10179
s_016um_00254_00031-1,-2.2617211
s_016um_00064_00230-1,-2.4043996
s_016um_00333_00255-1,-2.1634986
s_016um_00401_00263-1,-2.3474872
s_016um_00390_00184-1,-2.4853032
s_016um_00385_00133-1,-2.5552495
s_016um_00273_00049-1,-2.1979332
s_016um_00082_00070-1,-2.1258137
s_016um_00269_00055-1,-3.6327252
s_016um_00271_00227-1,-2.48264
s_016um_00322_00226-1,-2.3185575
s_016um_00333_00257-1,-2.243432
s_016um_00255_00031-1,-2.2765453
s_016um_00389_00293-1,-2.293512
s_016um_00012_00207-1,-2.145395
s_016um_00044_00241-1,-2.5884113
s_016um_00327_00298-1,-2.2941794
s_016um_00027_00090-1,-2.4832568
s_016um_00248_00023-1,-2.739904
s_016um_00094_00275-1,-2.0035863
s_016um_00098_00316-1,-2.0373094
s_016um_00087_00031-1,-2.1118689
s_016um_00194_00090-1,-2.2428994
s_016um_00203_00154-1,-2.1867158
s_016um_00362_00413-1,-4.508766
s_016um_00196_00126-1,-2.0848622
s_016um_00357_00092-1,-2.2678216
s_016um_00228_00327-1,-1.9505754
s_016um_00168_00377-1,-2.2696943
s_016um_00088_00271-1,-1.9575065
s_016um_00413_00139-1,-2.230549
s_016um_00092_00319-1,-2.0034947
s_016um_00067_00233-1,-2.1165357
s_016um_00188_00125-1,-2.0585809
s_016um_00216_00230-1,-2.1066914
s_016um_00340_00219-1,-2.2651315
s_016um_00255_00032-1,-2.0402842
s_016um_00105_00069-1,-2.0566173
s_016um_00069_00128-1,-2.0932639
s_016um_00266_00030-1,-2.0958955
s_016um_00095_00320-1,-1.9733744
s_016um_00038_00046-1,-2.2272525
s_016um_00268_00336-1,-2.0968382
s_016um_00269_00057-1,-2.1687665
s_016um_00385_00297-1,-2.2634373
s_016um_00033_00091-1,-2.1242983
s_016um_00043_00207-1,-2.316027
s_016um_00355_00416-1,-4.047944
s_016um_00232_00355-1,-2.2013924
s_016um_00213_00295-1,-2.1612418
s_016um_00074_00237-1,-2.1059866
s_016um_00276_00132-1,-2.074288
s_016um_00209_00293-1,-2.0708747
s_016um_00084_00065-1,-2.2900708
s_016um_00262_00190-1,-2.223922
s_016um_00006_00209-1,-2.2813408
s_016um_00161_00291-1,-2.219781
s_016um_00099_00320-1,-2.1976264
s_016um_00079_00265-1,-2.1476488
s_016um_00402_00257-1,-2.1955194
s_016um_00238_00187-1,-2.155282
s_016um_00191_00121-1,-2.2355626
s_016um_00136_00076-1,-2.350404
s_016um_00192_00093-1,-2.2114725
s_016um_00311_00053-1,-1.9478475
s_016um_00274_00134-1,-1.9864577
s_016um_00054_00250-1,-2.105325
s_016um_00211_00035-1,-2.0925713
s_016um_00360_00292-1,-2.017868
s_016um_00086_00281-1,-2.0261436
s_016um_00170_00373-1,-2.4167285
s_016um_00142_00022-1,-2.435655
s_016um_00308_00058-1,-2.107879
s_016um_00028_00333-1,-1.9806212
s_016um_00189_00093-1,-2.1659393
s_016um_00160_00286-1,-2.5837588
s_016um_00360_00118-1,-2.1016765
s_016um_00318_00167-1,-2.7458434
s_016um_00141_00072-1,-2.2709467
s_016um_00223_00229-1,-2.1766918
s_016um_00216_00031-1,-2.2106378
s_016um_00128_00391-1,-1.8992816
s_016um_00228_00266-1,-1.9416066
s_016um_00332_00120-1,-2.2055717
s_016um_00223_00235-1,-2.204966
s_016um_00380_00139-1,-2.0915353
s_016um_00247_00082-1,-1.9461429
s_016um_00082_00298-1,-2.0603938
s_016um_00376_00118-1,-2.4310968
s_016um_00039_00176-1,-1.9885635
s_016um_00223_00026-1,-2.8985975
s_016um_00034_00097-1,-2.3200147
s_016um_00220_00284-1,-2.102146
s_016um_00081_00197-1,-3.2558236
s_016um_00035_00010-1,-2.6229734
s_016um_00260_00191-1,-2.1113029
s_016um_00018_00268-1,-2.4602258
s_016um_00142_00073-1,-2.0989988
s_016um_00306_00057-1,-2.1011758
s_016um_00342_00217-1,-2.6955743
s_016um_00085_00033-1,-2.2485082
s_016um_00125_00384-1,-2.0826306
s_016um_00129_00091-1,-2.3561487
s_016um_00028_00087-1,-2.0471616
s_016um_00279_00319-1,-2.3178236
s_016um_00086_00064-1,-2.4978282
s_016um_00336_00257-1,-2.2119985
s_016um_00264_00127-1,-2.0773568
s_016um_00196_00095-1,-2.047795
s_016um_00098_00338-1,-2.357074
s_016um_00395_00184-1,-2.0878747
s_016um_00335_00214-1,-2.1848438
s_016um_00244_00083-1,-2.0549417
s_016um_00388_00291-1,-2.1997535
s_016um_00279_00318-1,-2.490218
s_016um_00018_00265-1,-2.0105255
s_016um_00008_00158-1,-1.8457727
s_016um_00384_00138-1,-2.1222026
s_016um_00275_00316-1,-2.6960094
s_016um_00216_00029-1,-2.134047
s_016um_00202_00151-1,-2.3566964
s_016um_00037_00007-1,-2.1793666
s_016um_00129_00225-1,-2.0241992
s_016um_00334_00258-1,-2.3762648
s_016um_00260_00028-1,-2.2937558
s_016um_00225_00238-1,-1.9595561
s_016um_00150_00397-1,-2.2292812
s_016um_00414_00142-1,-2.2193918
s_016um_00134_00075-1,-2.1169305
s_016um_00392_00180-1,-2.2388034
s_016um_00290_00092-1,-2.4601285
s_016um_00273_00207-1,-2.3675373
s_016um_00271_00055-1,-1.9029349
s_016um_00221_00236-1,-2.239926
s_016um_00335_00396-1,-2.3793125
s_016um_00028_00331-1,-2.1863732
s_016um_00090_00070-1,-2.1195457
s_016um_00095_00023-1,-2.0905843
s_016um_00280_00208-1,-2.1074903
s_016um_00094_00341-1,-2.0865436
s_016um_00325_00226-1,-2.3298407
s_016um_00228_00333-1,-2.1109293
s_016um_00266_00131-1,-2.4402938
s_016um_00112_00313-1,-2.0761476
s_016um_00251_00028-1,-2.0867746
s_016um_00077_00300-1,-2.4460418
s_016um_00372_00124-1,-2.1611726
s_016um_00191_00095-1,-2.138219
s_016um_00119_00150-1,-2.1035063
s_016um_00134_00077-1,-2.189912
s_016um_00127_00093-1,-2.5836725
s_016um_00334_00252-1,-2.1983094
s_016um_00260_00184-1,-2.2396767
s_016um_00196_00096-1,-2.022853
s_016um_00078_00241-1,-2.1038017
s_016um_00161_00285-1,-2.131779
s_016um_00249_00024-1,-2.159111
s_016um_00274_00224-1,-1.9280031
s_016um_00012_00301-1,-2.0304306
s_016um_00192_00089-1,-2.292548
s_016um_00097_00069-1,-2.0806825
s_016um_00033_00090-1,-2.1662655
s_016um_00092_00271-1,-2.1531832
s_016um_00412_00097-1,-2.04619
s_016um_00169_00374-1,-2.1681314
s_016um_00273_00136-1,-2.0927272
s_016um_00012_00212-1,-2.1002526
s_016um_00331_00213-1,-2.1437213
s_016um_00223_00228-1,-2.082414
s_016um_00251_00026-1,-2.2146337
s_016um_00087_00200-1,-2.2474182
s_016um_00005_00157-1,-2.1215506
s_016um_00238_00184-1,-2.0202615
s_016um_00410_00149-1,-2.3898492
s_016um_00340_00399-1,-2.5757596
s_016um_00258_00027-1,-2.3221078
s_016um_00342_00403-1,-2.7057307
s_016um_00398_00218-1,-2.1194425
s_016um_00323_00232-1,-2.2041159
s_016um_00101_00384-1,-1.9805993
s_016um_00218_00174-1,-2.025871
s_016um_00075_00297-1,-1.987458
s_016um_00120_00150-1,-2.151213
s_016um_00278_00052-1,-2.8786452
s_016um_00242_00190-1,-2.0841203
s_016um_00360_00093-1,-2.1335042
s_016um_00274_00049-1,-2.0445845
s_016um_00393_00339-1,-2.5585406
s_016um_00386_00341-1,-2.4672036
s_016um_00404_00260-1,-2.4301434
s_016um_00113_00318-1,-2.2278674
s_016um_00128_00318-1,-3.7050521
s_016um_00228_00332-1,-2.176884
s_016um_00331_00122-1,-2.565845
s_016um_00097_00319-1,-2.1442018
s_016um_00168_00372-1,-1.9384712
s_016um_00352_00027-1,-2.6602051
s_016um_00388_00296-1,-2.0633545
s_016um_00324_00303-1,-1.843301
s_016um_00354_00089-1,-1.9648901
s_016um_00045_00215-1,-2.0622005
s_016um_00092_00321-1,-2.0645492
s_016um_00374_00123-1,-2.2536445
s_016um_00359_00292-1,-2.4302678
s_016um_00349_00026-1,-2.0999508
s_016um_00083_00033-1,-2.3853006
s_016um_00269_00336-1,-2.3763325
s_016um_00104_00069-1,-2.3642964
s_016um_00310_00054-1,-2.0088995
s_016um_00291_00093-1,-2.3740175
s_016um_00223_00244-1,-2.1870925
s_016um_00171_00125-1,-2.2738872
s_016um_00033_00103-1,-2.2269857
s_016um_00165_00286-1,-2.0435941
s_016um_00383_00137-1,-2.0353978
s_016um_00334_00255-1,-2.193529
s_016um_00078_00298-1,-2.0307217
s_016um_00398_00369-1,-2.5254042
s_016um_00263_00189-1,-2.0497215
s_016um_00189_00095-1,-2.2651596
s_016um_00398_00367-1,-2.4213128
s_016um_00169_00372-1,-2.2840827
s_016um_00326_00299-1,-2.6627586
s_016um_00084_00068-1,-2.2450414
s_016um_00279_00312-1,-2.1201825
s_016um_00333_00400-1,-2.858138
s_016um_00277_00321-1,-2.3711057
s_016um_00267_00131-1,-2.228228
s_016um_00005_00152-1,-2.2108955
s_016um_00094_00317-1,-2.1853058
s_016um_00311_00055-1,-2.183939
s_016um_00060_00246-1,-2.2497497
s_016um_00009_00211-1,-2.2508783
s_016um_00190_00095-1,-2.05038
s_016um_00372_00118-1,-2.1363778
s_016um_00138_00219-1,-2.1379602
s_016um_00009_00294-1,-2.3253074
s_016um_00404_00152-1,-2.5650094
s_016um_00136_00220-1,-2.2517529
s_016um_00274_00327-1,-2.4524932
s_016um_00220_00018-1,-2.639555
s_016um_00133_00075-1,-2.1391213
s_016um_00040_00180-1,-2.133287
s_016um_00258_00028-1,-2.2126231
s_016um_00327_00305-1,-2.1773818
s_016um_00251_00021-1,-2.3887448
s_016um_00358_00116-1,-2.076418
s_016um_00320_00170-1,-1.9960082
s_016um_00214_00033-1,-2.2406921
s_016um_00279_00134-1,-2.0399761
s_016um_00264_00058-1,-1.9074005
s_016um_00095_00323-1,-2.7090964
s_016um_00352_00117-1,-2.3677573
s_016um_00393_00219-1,-2.5106704
s_016um_00040_00210-1,-2.2433314
s_016um_00044_00211-1,-2.201593
s_016um_00328_00231-1,-2.1628127
s_016um_00324_00169-1,-2.0640388
s_016um_00401_00369-1,-2.7389307
s_016um_00328_00117-1,-1.956452
s_016um_00272_00134-1,-2.0056107
s_016um_00329_00251-1,-2.2580152
s_016um_00043_00178-1,-2.5709877
s_016um_00235_00084-1,-2.1078582
s_016um_00222_00234-1,-2.3433614
s_016um_00362_00415-1,-4.1473446
s_016um_00160_00285-1,-2.5130222
s_016um_00195_00098-1,-2.3521898
s_016um_00089_00271-1,-1.956223
s_016um_00273_00204-1,-1.9338143
s_016um_00107_00318-1,-2.422231
s_016um_00332_00252-1,-2.7798965
s_016um_00405_00124-1,-2.2233531
s_016um_00235_00184-1,-1.9918835
s_016um_00271_00335-1,-2.4261472
s_016um_00042_00041-1,-2.2197468
s_016um_00397_00255-1,-2.2247913
s_016um_00223_00331-1,-2.2938395
s_016um_00321_00303-1,-2.8672912
s_016um_00360_00291-1,-2.0985847
s_016um_00279_00046-1,-2.3166862
s_016um_00177_00029-1,-2.1503878
s_016um_00387_00126-1,-2.158434
s_016um_00274_00325-1,-2.6731493
s_016um_00040_00010-1,-2.356702
s_016um_00114_00316-1,-2.083827
s_016um_00010_00213-1,-2.3234394
s_016um_00144_00017-1,-2.2106535
s_016um_00405_00146-1,-2.0325136
s_016um_00275_00313-1,-2.125149
s_016um_00396_00371-1,-2.6042295
s_016um_00417_00141-1,-2.2131412
s_016um_00098_00071-1,-2.2855654
s_016um_00193_00125-1,-2.1866977
s_016um_00193_00128-1,-2.3224423
s_016um_00342_00401-1,-3.0577083
s_016um_00215_00014-1,-2.1212618
s_016um_00224_00239-1,-2.1688492
s_016um_00087_00282-1,-2.0618591
s_016um_00407_00099-1,-2.4200304
s_016um_00331_00123-1,-2.1366656
s_016um_00393_00213-1,-2.2473063
s_016um_00083_00265-1,-2.319161
s_016um_00104_00068-1,-2.22949
s_016um_00366_00231-1,-2.2650695
s_016um_00009_00296-1,-2.163909
s_016um_00027_00330-1,-2.1193967
s_016um_00068_00130-1,-2.1864748
s_016um_00392_00342-1,-2.5613787
s_016um_00274_00050-1,-2.5070188
s_016um_00390_00344-1,-3.3852682
s_016um_00191_00091-1,-2.235312
s_016um_00229_00264-1,-2.1113656
s_016um_00387_00295-1,-2.380069
s_016um_00356_00091-1,-2.2165775
s_016um_00065_00126-1,-2.3867013
s_016um_00221_00278-1,-1.9385322
s_016um_00320_00228-1,-2.1638393
s_016um_00274_00316-1,-2.9276857
s_016um_00139_00057-1,-2.558268
s_016um_00330_00216-1,-2.3299758
s_016um_00258_00026-1,-2.4919357
s_016um_00010_00210-1,-2.4590724
s_016um_00101_00387-1,-2.482633
s_016um_00273_00209-1,-2.1776683
s_016um_00044_00215-1,-2.3048766
s_016um_00320_00304-1,-2.301483
s_016um_00041_00172-1,-2.2936354
s_016um_00371_00140-1,-2.3128562
s_016um_00276_00325-1,-2.2363665
s_016um_00071_00234-1,-2.1088264
s_016um_00084_00296-1,-2.018512
s_016um_00264_00055-1,-2.3913667
s_016um_00215_00170-1,-2.797056
s_016um_00192_00129-1,-2.0295572
s_016um_00274_00330-1,-2.2730947
s_016um_00394_00216-1,-2.1540358
s_016um_00255_00030-1,-2.2198176
s_016um_00281_00048-1,-2.6940396
s_016um_00138_00216-1,-2.0906372
s_016um_00391_00182-1,-2.2475429
s_016um_00038_00208-1,-2.6593695
s_016um_00331_00257-1,-2.1554828
s_016um_00039_00047-1,-2.339304
s_016um_00360_00293-1,-1.864684
s_016um_00243_00083-1,-2.4858482
s_016um_00215_00013-1,-2.1613348
s_016um_00036_00177-1,-2.3915513
s_016um_00034_00005-1,-2.1203904
s_016um_00141_00071-1,-2.1081583
s_016um_00267_00054-1,-2.3425367
s_016um_00391_00336-1,-2.264898
s_016um_00375_00144-1,-2.2021313
s_016um_00007_00158-1,-2.2253628
s_016um_00182_00033-1,-1.9720798
s_016um_00020_00272-1,-2.1367533
s_016um_00265_00035-1,-2.2326412
s_016um_00231_00247-1,-1.9876952
s_016um_00219_00017-1,-2.056304
s_016um_00276_00048-1,-2.59225
s_016um_00252_00026-1,-3.0827146
s_016um_00279_00208-1,-1.9961624
s_016um_00404_00126-1,-2.21261
s_016um_00378_00139-1,-2.149916
s_016um_00223_00245-1,-2.0140257
s_016um_00267_00337-1,-2.0744495
s_016um_00279_00052-1,-2.3202615
s_016um_00328_00213-1,-2.4107711
s_016um_00356_00097-1,-2.220059
s_016um_00012_00299-1,-2.0653465
s_016um_00162_00285-1,-2.1327338
s_016um_00371_00142-1,-2.1250153
s_016um_00035_00333-1,-2.2918189
s_016um_00235_00361-1,-2.251449
s_016um_00242_00185-1,-2.223658
s_016um_00088_00031-1,-1.9817171
s_016um_00368_00147-1,-2.374672
s_016um_00386_00129-1,-2.1397407
s_016um_00127_00388-1,-2.2725782
s_016um_00041_00104-1,-2.1476886
s_016um_00075_00236-1,-2.160759
s_016um_00404_00128-1,-2.2956078
s_016um_00391_00360-1,-2.3930802
s_016um_00100_00029-1,-2.5837247
s_016um_00009_00297-1,-2.0995018
s_016um_00238_00189-1,-2.4926877
s_016um_00227_00250-1,-2.059116
s_016um_00394_00359-1,-3.3689806
s_016um_00225_00327-1,-2.4353154
s_016um_00414_00100-1,-2.3338876
s_016um_00039_00173-1,-2.2790053
s_016um_00367_00223-1,-2.2255564
s_016um_00057_00250-1,-2.0890958
s_016um_00142_00020-1,-2.4529543
s_016um_00140_00073-1,-2.3104815
s_016um_00193_00094-1,-2.1987338
s_016um_00371_00102-1,-2.4899733
s_016um_00264_00333-1,-2.1956556
s_016um_00234_00355-1,-2.3018477
s_016um_00026_00086-1,-2.074608
s_016um_00368_00118-1,-2.3039196
s_016um_00273_00202-1,-2.2076943
s_016um_00084_00196-1,-2.534912
s_016um_00092_00341-1,-2.3283954
s_016um_00034_00331-1,-2.2428224
s_016um_00103_00386-1,-2.6446
s_016um_00135_00216-1,-2.2492313
s_016um_00208_00293-1,-2.361402
s_016um_00010_00157-1,-2.081028
s_016um_00259_00191-1,-2.0173786
s_016um_00038_00104-1,-2.125591
s_016um_00061_00132-1,-2.2891877
s_016um_00406_00146-1,-2.3004715
s_016um_00214_00296-1,-2.026038
s_016um_00256_00029-1,-2.0373635
s_016um_00396_00258-1,-2.4238527
s_016um_00273_00203-1,-1.9941468
s_016um_00065_00234-1,-2.400348
s_016um_00371_00121-1,-2.2213843
s_016um_00370_00099-1,-2.3190365
s_016um_00397_00185-1,-2.3722453
s_016um_00046_00238-1,-2.0313764
s_016um_00230_00261-1,-2.0308266
s_016um_00212_00291-1,-2.1927292
s_016um_00123_00144-1,-2.397706
s_016um_00332_00125-1,-2.09232
s_016um_00391_00185-1,-2.4799106
s_016um_00178_00032-1,-2.232533
s_016um_00290_00095-1,-2.2064614
s_016um_00030_00088-1,-1.9059042
s_016um_00275_00044-1,-2.216243
s_016um_00113_00320-1,-2.115829
s_016um_00046_00211-1,-2.1517973
s_016um_00007_00215-1,-2.2400677
s_016um_00147_00400-1,-2.3431566
s_016um_00392_00340-1,-3.035771
s_016um_00099_00023-1,-2.2755048
s_016um_00039_00215-1,-2.231342
s_016um_00086_00193-1,-1.9484805
s_016um_00256_00187-1,-2.1205266
s_016um_00037_00046-1,-2.3018925
s_016um_00232_00360-1,-2.5980036
s_016um_00041_00214-1,-3.6187186
s_016um_00285_00093-1,-2.322727
s_016um_00200_00148-1,-2.1804543
s_016um_00217_00279-1,-2.1179469
s_016um_00132_00387-1,-2.2926383
s_016um_00125_00386-1,-2.489607
s_016um_00112_00317-1,-2.0230408
s_016um_00037_00098-1,-2.2032738
s_016um_00048_00238-1,-2.215493
s_016um_00322_00165-1,-2.0765142
s_016um_00355_00026-1,-2.506569
s_016um_00083_00073-1,-2.5822306
s_016um_00028_00329-1,-2.2726245
s_016um_00234_00266-1,-2.3817687
s_016um_00222_00027-1,-2.2385998
s_016um_00259_00129-1,-2.1544535
s_016um_00007_00151-1,-1.9560809
s_016um_00217_00033-1,-2.290342
s_016um_00081_00285-1,-2.12369
s_016um_00392_00338-1,-2.0748298
s_016um_00214_00289-1,-2.0337706
s_016um_00275_00204-1,-2.1951833
s_016um_00238_00190-1,-2.0947428
s_016um_00326_00225-1,-2.4645157
s_016um_00118_00143-1,-2.2009373
s_016um_00064_00126-1,-2.347686
s_016um_00367_00096-1,-2.2802725
s_016um_00218_00013-1,-2.2805579
s_016um_00033_00331-1,-2.10357
s_016um_00214_00028-1,-2.2649806
s_016um_00100_00072-1,-2.268319
s_016um_00356_00416-1,-3.976111
s_016um_00257_00032-1,-1.8534071
s_016um_00099_00321-1,-2.1388366
s_016um_00383_00139-1,-2.1064398
s_016um_00314_00054-1,-2.2649095
s_016um_00033_00334-1,-2.073542
s_016um_00063_00237-1,-2.1332583
s_016um_00239_00091-1,-2.6933823
s_016um_00307_00053-1,-2.3742719
s_016um_00195_00122-1,-2.3192546
s_016um_00101_00389-1,-2.4618244
s_016um_00219_00284-1,-2.0165153
s_016um_00080_00294-1,-2.0090623
s_016um_00329_00125-1,-2.1199725
s_016um_00250_00025-1,-2.1231055
s_016um_00232_00268-1,-2.2931054
s_016um_00079_00266-1,-1.9919635
s_016um_00210_00035-1,-2.2704759
s_016um_00355_00097-1,-2.8655064
s_016um_00185_00029-1,-2.344765
s_016um_00173_00376-1,-2.3181527
s_016um_00236_00085-1,-2.1918392
s_016um_00123_00149-1,-2.2086592
s_016um_00008_00297-1,-2.2239764
s_016um_00225_00247-1,-2.2998345
s_016um_00277_00207-1,-2.281276
s_016um_00211_00295-1,-2.115439
s_016um_00081_00267-1,-2.1571474
s_016um_00399_00263-1,-2.2457876
s_016um_00411_00099-1,-2.04555
s_016um_00387_00132-1,-2.2642117
s_016um_00369_00222-1,-2.3436544
s_016um_00413_00099-1,-2.3012915
s_016um_00096_00023-1,-1.9773667
s_016um_00192_00097-1,-2.4042547
s_016um_00288_00094-1,-2.1767318
s_016um_00205_00147-1,-2.2272172
s_016um_00224_00237-1,-2.0135775
s_016um_00400_00400-1,-6.4888268
s_016um_00332_00215-1,-2.0002584
s_016um_00117_00147-1,-2.380144
s_016um_00164_00126-1,-2.1686485
s_016um_00166_00128-1,-2.1917138
s_016um_00084_00194-1,-2.7843366
s_016um_00280_00133-1,-2.4491093
s_016um_00284_00097-1,-2.1072614
s_016um_00287_00095-1,-2.375569
s_016um_00415_00103-1,-1.9647251
s_016um_00269_00335-1,-2.3867745
s_016um_00397_00215-1,-2.249131
s_016um_00337_00396-1,-2.9480271
s_016um_00263_00190-1,-2.0451102
s_016um_00016_00265-1,-2.0725892
s_016um_00260_00128-1,-2.0627427
s_016um_00220_00230-1,-2.2268836
s_016um_00219_00228-1,-2.3128
s_016um_00076_00294-1,-1.9907222
s_016um_00400_00127-1,-2.278092
s_016um_00075_00239-1,-2.233813
s_016um_00093_00316-1,-2.1972651
s_016um_00221_00031-1,-2.4017203
s_016um_00274_00222-1,-2.3266046
s_016um_00308_00059-1,-2.6069777
s_016um_00129_00086-1,-2.277256
s_016um_00066_00128-1,-2.1621377
s_016um_00221_00030-1,-2.3365676
s_016um_00237_00185-1,-2.3549602
s_016um_00408_00147-1,-2.134461
s_016um_00276_00045-1,-2.142481
s_016um_00356_00418-1,-4.8091936
s_016um_00327_00301-1,-2.4454474
s_016um_00290_00093-1,-1.9205576
s_016um_00206_00152-1,-2.1698165
s_016um_00140_00015-1,-2.387509
s_016um_00370_00147-1,-2.3231316
s_016um_00353_00020-1,-2.2438414
s_016um_00130_00314-1,-2.9621937
s_016um_00375_00118-1,-2.1252937
s_016um_00034_00332-1,-1.9804627
s_016um_00081_00294-1,-2.1894314
s_016um_00089_00032-1,-2.0474362
s_016um_00260_00333-1,-2.3261793
s_016um_00147_00061-1,-2.3110354
s_016um_00082_00035-1,-2.535077
s_016um_00104_00072-1,-2.1034431
s_016um_00354_00096-1,-2.1269383
s_016um_00310_00051-1,-2.2813551
s_016um_00232_00358-1,-2.245456
s_016um_00217_00293-1,-2.103261
s_016um_00273_00047-1,-2.3407967
s_016um_00192_00125-1,-2.5188742
s_016um_00397_00370-1,-2.6941664
s_016um_00274_00206-1,-2.1892486
s_016um_00074_00249-1,-2.016484
s_016um_00167_00124-1,-2.2504425
s_016um_00403_00257-1,-2.1849139
s_016um_00109_00314-1,-2.230241
s_016um_00041_00216-1,-2.4063299
s_016um_00313_00059-1,-2.2627752
s_016um_00282_00324-1,-2.0750244
s_016um_00240_00089-1,-2.1373832
s_016um_00220_00331-1,-2.2401516
s_016um_00274_00201-1,-2.3211834
s_016um_00345_00220-1,-2.5641444
s_016um_00274_00045-1,-2.342079
s_016um_00075_00243-1,-2.063454
s_016um_00129_00227-1,-2.3109884
s_016um_00047_00216-1,-2.371742
s_016um_00167_00375-1,-2.0757692
s_016um_00137_00216-1,-1.9506764
s_016um_00398_00361-1,-2.5131807
s_016um_00126_00087-1,-2.2571702
s_016um_00049_00239-1,-2.0228717
s_016um_00274_00312-1,-2.3333452
s_016um_00080_00032-1,-2.4245849
s_016um_00043_00209-1,-2.1751482
s_016um_00013_00212-1,-2.3979552
s_016um_00134_00220-1,-2.1125782
s_016um_00272_00332-1,-1.8794862
s_016um_00083_00296-1,-2.0586116
s_016um_00361_00410-1,-3.5526586
s_016um_00045_00205-1,-2.1404583
s_016um_00214_00276-1,-2.1080663
s_016um_00082_00265-1,-2.1687522
s_016um_00352_00121-1,-2.3219004
s_016um_00244_00186-1,-2.071593
s_016um_00395_00360-1,-3.0761194
s_016um_00056_00247-1,-2.1988232
s_016um_00120_00151-1,-2.175745
s_016um_00310_00057-1,-2.1022363
s_016um_00324_00307-1,-2.5790768
s_016um_00045_00240-1,-2.0972252
s_016um_00257_00191-1,-2.460841
s_016um_00035_00098-1,-2.8243194
s_016um_00144_00055-1,-2.1491907
s_016um_00247_00083-1,-2.2894151
s_016um_00104_00065-1,-2.1391416
s_016um_00094_00338-1,-2.1540852
s_016um_00134_00318-1,-2.777387
s_016um_00407_00147-1,-1.985391
s_016um_00369_00097-1,-2.118879
s_016um_00361_00291-1,-2.1383586
s_016um_00008_00293-1,-2.3031657
s_016um_00172_00374-1,-2.522273
s_016um_00217_00174-1,-2.2617095
s_016um_00366_00102-1,-2.1878324
s_016um_00277_00329-1,-2.359551
s_016um_00237_00186-1,-2.466669
s_016um_00261_00334-1,-2.1400213
s_016um_00229_00334-1,-2.2257233
s_016um_00083_00070-1,-2.0141995
s_016um_00229_00328-1,-2.0351727
s_016um_00247_00026-1,-2.0476189
s_016um_00072_00244-1,-2.015839
s_016um_00348_00216-1,-2.1092486
s_016um_00227_00238-1,-2.2138844
s_016um_00274_00052-1,-2.169903
s_016um_00275_00318-1,-2.1894405
s_016um_00091_00338-1,-2.170233
s_016um_00405_00120-1,-2.0086951
s_016um_00012_00293-1,-2.6894937
s_016um_00334_00403-1,-2.714149
s_016um_00254_00033-1,-2.1133115
s_016um_00043_00047-1,-2.3457546
s_016um_00193_00095-1,-2.3252141
s_016um_00226_00327-1,-2.228364
s_016um_00109_00319-1,-2.4551225
s_016um_00356_00290-1,-2.0221515
s_016um_00240_00188-1,-2.0732367
s_016um_00357_00094-1,-2.3294141
s_016um_00279_00313-1,-2.0962005
s_016um_00389_00290-1,-2.1869793
s_016um_00326_00303-1,-2.4193559
s_016um_00026_00333-1,-2.4348574
s_016um_00082_00300-1,-2.201429
s_016um_00328_00126-1,-2.0577493
s_016um_00012_00154-1,-2.1664138
s_016um_00010_00212-1,-2.239373
s_016um_00046_00213-1,-2.3734415
s_016um_00212_00298-1,-2.048264
s_016um_00398_00260-1,-2.8084702
s_016um_00043_00240-1,-2.3331008
s_016um_00094_00316-1,-2.0548642
s_016um_00080_00295-1,-1.9629294
s_016um_00238_00087-1,-2.3926108
s_016um_00401_00219-1,-2.1174102
s_016um_00038_00102-1,-2.5153036
s_016um_00384_00126-1,-2.180379
s_016um_00365_00099-1,-2.2306042
s_016um_00327_00122-1,-1.9428282
s_016um_00099_00069-1,-2.155838
s_016um_00352_00020-1,-2.3135073
s_016um_00008_00299-1,-2.1833668
s_016um_00093_00320-1,-2.127255
s_016um_00312_00056-1,-2.124754
s_016um_00349_00025-1,-2.2673242
s_016um_00272_00224-1,-2.198885
s_016um_00394_00184-1,-2.1251059
s_016um_00234_00353-1,-2.019688
s_016um_00042_00045-1,-2.4650316
s_016um_00379_00130-1,-2.2656772
s_016um_00247_00086-1,-2.389079
s_016um_00403_00126-1,-2.2799602
s_016um_00331_00254-1,-2.2732892
s_016um_00218_00231-1,-2.2279735
s_016um_00248_00022-1,-2.8544717
s_016um_00096_00342-1,-2.1459875
s_016um_00396_00213-1,-2.4023325
s_016um_00223_00174-1,-2.0729957
s_016um_00018_00271-1,-2.2266572
s_016um_00075_00248-1,-1.9160067
s_016um_00392_00363-1,-2.3279164
s_016um_00380_00140-1,-2.0900111
s_016um_00084_00271-1,-2.1630726
s_016um_00384_00129-1,-2.1509554
s_016um_00090_00338-1,-2.3121378
s_016um_00011_00158-1,-2.253455
s_016um_00188_00096-1,-2.3618174
s_016um_00138_00016-1,-2.879786
s_016um_00364_00229-1,-2.195392
s_016um_00225_00025-1,-2.1312459
s_016um_00095_00340-1,-2.2454803
s_016um_00066_00233-1,-2.2906568
s_016um_00212_00288-1,-2.1088133
s_016um_00357_00022-1,-2.1482024
s_016um_00267_00033-1,-2.1719992
s_016um_00189_00124-1,-1.9967062
s_016um_00370_00224-1,-2.123972
s_016um_00369_00229-1,-1.9888706
s_016um_00370_00226-1,-2.1110756
s_016um_00217_00282-1,-2.051896
s_016um_00081_00034-1,-2.5787888
s_016um_00129_00322-1,-2.1378875
s_016um_00401_00215-1,-2.6714778
s_016um_00319_00170-1,-2.2484572
s_016um_00406_00101-1,-2.1489573
s_016um_00354_00121-1,-2.1942015
s_016um_00097_00342-1,-2.3057854
s_016um_00031_00084-1,-2.125403
s_016um_00166_00123-1,-2.2352831
s_016um_00102_00067-1,-1.9533685
s_016um_00354_00018-1,-2.3903766
s_016um_00008_00152-1,-2.0416296
s_016um_00270_00055-1,-2.6541975
s_016um_00279_00326-1,-2.1133602
s_016um_00091_00266-1,-2.0723393
s_016um_00244_00087-1,-2.423153
s_016um_00168_00370-1,-2.0824785
s_016um_00276_00047-1,-2.0891988
s_016um_00392_00181-1,-2.0865774
s_016um_00101_00029-1,-2.6565976
s_016um_00234_00084-1,-2.124642
s_016um_00141_00073-1,-2.0089974
s_016um_00127_00389-1,-1.9496808
s_016um_00209_00289-1,-2.2681093
s_016um_00170_00126-1,-2.2787015
s_016um_00223_00029-1,-2.2639456
s_016um_00275_00201-1,-2.027659
s_016um_00129_00318-1,-3.1942391
s_016um_00311_00052-1,-2.7804759
s_016um_00381_00137-1,-2.1590688
s_016um_00415_00141-1,-2.2455173
s_016um_00335_00211-1,-2.382515
s_016um_00222_00015-1,-2.1307468
s_016um_00255_00020-1,-2.7942853
s_016um_00043_00205-1,-2.622278
s_016um_00359_00116-1,-2.3223495
s_016um_00270_00332-1,-2.5932074
s_016um_00084_00030-1,-2.513363
s_016um_00399_00368-1,-2.464318
s_016um_00403_00148-1,-2.253138
s_016um_00276_00311-1,-2.1673353
s_016um_00171_00378-1,-2.303131
s_016um_00402_00150-1,-2.2022529
s_016um_00032_00333-1,-2.4413457
s_016um_00216_00283-1,-2.2444503
s_016um_00084_00283-1,-2.02439
s_016um_00069_00235-1,-2.2661366
s_016um_00312_00057-1,-1.9282501
s_016um_00326_00306-1,-2.169548
s_016um_00333_00251-1,-2.291604
s_016um_00130_00321-1,-2.3177726
s_016um_00285_00097-1,-2.3155682
s_016um_00040_00105-1,-2.0834274
s_016um_00224_00251-1,-2.0492413
s_016um_00191_00097-1,-2.1102915
s_016um_00128_00390-1,-2.1752617
s_016um_00046_00205-1,-2.6048863
s_016um_00234_00261-1,-2.1169777
s_016um_00276_00200-1,-2.1617596
s_016um_00287_00094-1,-2.132361
s_016um_00189_00094-1,-2.2353163
s_016um_00044_00242-1,-3.0690017
s_016um_00008_00213-1,-2.069501
s_016um_00213_00296-1,-2.145741
s_016um_00102_00025-1,-2.257052
s_016um_00398_00259-1,-2.3585358
s_016um_00391_00292-1,-2.3090801
s_016um_00336_00397-1,-3.1042624
s_016um_00381_00127-1,-2.0559728
s_016um_00203_00145-1,-2.3434775
s_016um_00131_00092-1,-2.2933002
s_016um_00037_00006-1,-2.066877
s_016um_00138_00071-1,-2.5218983
s_016um_00399_00261-1,-2.177269
s_016um_00281_00328-1,-2.083604
s_016um_00088_00068-1,-2.13453
s_016um_00170_00125-1,-2.0905323
s_016um_00276_00052-1,-2.2390544
s_016um_00082_00030-1,-2.5363252
s_016um_00321_00170-1,-2.1253676
s_016um_00217_00285-1,-2.0597234
s_016um_00190_00092-1,-2.259154
s_016um_00098_00072-1,-2.3501365
s_016um_00192_00095-1,-2.199943
s_016um_00114_00147-1,-2.3242385
s_016um_00185_00026-1,-2.3659663
s_016um_00081_00244-1,-1.9843235
s_016um_00107_00384-1,-2.351849
s_016um_00203_00150-1,-2.409822
s_016um_00323_00229-1,-2.0103178
s_016um_00094_00276-1,-2.0664752
s_016um_00273_00029-1,-2.12831
s_016um_00338_00395-1,-2.329858
s_016um_00400_00373-1,-3.0702074
s_016um_00085_00271-1,-2.0600739
s_016um_00077_00238-1,-2.0235264
s_016um_00100_00025-1,-2.1629038
s_016um_00032_00084-1,-2.4540482
s_016um_00215_00015-1,-2.1954734
s_016um_00195_00129-1,-2.4731197
s_016um_00283_00097-1,-2.5117009
s_016um_00228_00263-1,-2.014836
s_016um_00327_00124-1,-2.2357807
s_016um_00326_00305-1,-2.2158127
s_016um_00273_00034-1,-2.1870394
s_016um_00069_00234-1,-2.188005
s_016um_00009_00158-1,-2.1636474
s_016um_00179_00031-1,-1.8875074
s_016um_00310_00056-1,-2.0594394
s_016um_00353_00115-1,-2.252156
s_016um_00011_00212-1,-2.3425903
s_016um_00332_00250-1,-2.2421432
s_016um_00359_00092-1,-1.9619799
s_016um_00405_00127-1,-1.9225398
s_016um_00312_00054-1,-2.102715
s_016um_00081_00031-1,-2.2093375
s_016um_00208_00031-1,-2.2409058
s_016um_00004_00157-1,-2.1735802
s_016um_00359_00287-1,-2.047256
s_016um_00126_00386-1,-2.9154413
s_016um_00146_00054-1,-2.2412474
s_016um_00333_00216-1,-1.9698119
s_016um_00146_00055-1,-2.0907545
s_016um_00093_00335-1,-2.1088579
s_016um_00259_00187-1,-2.1866033
s_016um_00398_00258-1,-2.2028913
s_016um_00205_00149-1,-2.3396225
s_016um_00174_00376-1,-2.436566
s_016um_00110_00320-1,-2.2660925
s_016um_00081_00035-1,-2.2835405
s_016um_00113_00321-1,-2.6255322
s_016um_00098_00339-1,-2.0885975
s_016um_00229_00245-1,-2.1965795
s_016um_00269_00230-1,-2.2829163
s_016um_00236_00361-1,-2.3281045
s_016um_00158_00290-1,-2.0926638
s_016um_00280_00205-1,-2.1727126
s_016um_00319_00165-1,-2.2211158
s_016um_00085_00285-1,-2.2032504
s_016um_00099_00066-1,-2.179601
s_016um_00242_00186-1,-2.0607083
s_016um_00364_00222-1,-2.2226782
s_016um_00101_00390-1,-2.08425
s_016um_00398_00360-1,-3.1415129
s_016um_00408_00152-1,-2.091864
s_016um_00346_00217-1,-2.1332288
s_016um_00220_00166-1,-2.3350353
s_016um_00267_00036-1,-2.0737455
s_016um_00259_00027-1,-2.157907
s_016um_00281_00324-1,-2.1251636
s_016um_00102_00391-1,-2.0876572
s_016um_00084_00036-1,-2.4587386
s_016um_00087_00030-1,-2.1516993
s_016um_00220_00025-1,-2.07733
s_016um_00082_00069-1,-2.188116
s_016um_00278_00046-1,-2.123428
s_016um_00129_00089-1,-2.5605736
s_016um_00384_00132-1,-2.3952796
s_016um_00223_00170-1,-2.4070735
s_016um_00084_00268-1,-2.1233275
s_016um_00245_00088-1,-2.3382223
s_016um_00065_00237-1,-2.2776763
s_016um_00091_00278-1,-2.3324904
s_016um_00008_00150-1,-2.1509893
s_016um_00216_00014-1,-2.0902185
s_016um_00256_00032-1,-2.0926976
s_016um_00358_00415-1,-3.7366095
s_016um_00231_00268-1,-2.154208
s_016um_00134_00069-1,-2.418206
s_016um_00257_00186-1,-2.215053
s_016um_00215_00291-1,-1.9874634
s_016um_00219_00015-1,-2.1832373
s_016um_00396_00257-1,-2.1516674
s_016um_00408_00401-1,-7.616952
s_016um_00127_00088-1,-2.2621167
s_016um_00086_00271-1,-2.206597
s_016um_00129_00383-1,-2.282315
s_016um_00365_00102-1,-2.1501377
s_016um_00341_00398-1,-2.4156609
s_016um_00190_00124-1,-2.2173038
s_016um_00135_00075-1,-2.255549
s_016um_00234_00358-1,-2.0787168
s_016um_00125_00383-1,-2.027473
s_016um_00371_00100-1,-2.1445453
s_016um_00140_00057-1,-2.3336937
s_016um_00395_00363-1,-2.5434904
s_016um_00041_00206-1,-2.2169833
s_016um_00065_00232-1,-2.1882753
s_016um_00271_00330-1,-2.382869
s_016um_00271_00225-1,-1.9760721
s_016um_00044_00209-1,-2.185094
s_016um_00119_00148-1,-2.0589254
s_016um_00347_00216-1,-2.1470506
s_016um_00227_00247-1,-1.960115
s_016um_00104_00387-1,-2.2782478
s_016um_00229_00260-1,-1.9961114
s_016um_00399_00214-1,-2.2098396
s_016um_00391_00293-1,-2.3534014
s_016um_00162_00125-1,-2.2109733
s_016um_00239_00183-1,-2.1124027
s_016um_00396_00178-1,-2.3083587
s_016um_00247_00084-1,-2.334273
s_016um_00136_00230-1,-2.0997636
s_016um_00086_00074-1,-2.2187624
s_016um_00021_00266-1,-1.9848335
s_016um_00402_00260-1,-2.359829
s_016um_00230_00361-1,-2.090357
s_016um_00374_00145-1,-2.0770385
s_016um_00083_00285-1,-2.0411575
s_016um_00113_00319-1,-2.3138764
s_016um_00011_00295-1,-2.3073666
s_016um_00260_00027-1,-2.1019368
s_016um_00108_00321-1,-2.6028268
s_016um_00233_00265-1,-2.2379293
s_016um_00415_00102-1,-2.323045
s_016um_00275_00049-1,-2.1380212
s_016um_00048_00237-1,-1.9979752
s_016um_00107_00383-1,-2.3472655
s_016um_00398_00215-1,-2.2763069
s_016um_00235_00357-1,-2.0371985
s_016um_00394_00369-1,-2.5930462
s_016um_00129_00314-1,-2.1878812
s_016um_00398_00217-1,-2.0387762
s_016um_00407_00398-1,-6.3713512
s_016um_00391_00298-1,-2.6408901
s_016um_00402_00128-1,-2.0320132
s_016um_00103_00066-1,-2.0094016
s_016um_00040_00171-1,-2.1466568
s_016um_00408_00100-1,-2.1525228
s_016um_00020_00266-1,-2.6087961
s_016um_00086_00196-1,-1.9470607
s_016um_00204_00152-1,-2.117735
s_016um_00220_00225-1,-2.2090063
s_016um_00129_00093-1,-2.0242841
s_016um_00190_00122-1,-2.2886834
s_016um_00269_00330-1,-2.3590264
s_016um_00097_00273-1,-2.1016967
s_016um_00275_00135-1,-2.1409914
s_016um_00213_00282-1,-2.1030555
s_016um_00161_00288-1,-2.8027713
s_016um_00179_00029-1,-1.9363943
s_016um_00355_00119-1,-2.1513946
s_016um_00376_00138-1,-2.5331516
s_016um_00221_00227-1,-2.1626117
s_016um_00135_00070-1,-2.8384652
s_016um_00355_00025-1,-2.204673
s_016um_00029_00332-1,-2.147737
s_016um_00158_00291-1,-1.8960344
s_016um_00218_00018-1,-2.1312687
s_016um_00417_00140-1,-2.2822945
s_016um_00146_00400-1,-2.114977
s_016um_00370_00143-1,-2.0029202
s_016um_00163_00291-1,-2.4332502
s_016um_00029_00090-1,-2.3124015
s_016um_00411_00149-1,-2.3826447
s_016um_00164_00124-1,-2.0588596
s_016um_00043_00212-1,-2.214483
s_016um_00193_00123-1,-1.9108863
s_016um_00064_00234-1,-2.2027135
s_016um_00262_00330-1,-2.0580432
s_016um_00064_00131-1,-2.1466825
s_016um_00391_00181-1,-2.3372169
s_016um_00260_00187-1,-2.3926718
s_016um_00220_00170-1,-2.628156
s_016um_00403_00255-1,-2.2205126
s_016um_00416_00140-1,-1.9239473
s_016um_00084_00200-1,-2.2211158
s_016um_00084_00193-1,-2.0816793
s_016um_00238_00185-1,-2.0642302
s_016um_00027_00088-1,-2.0943403
s_016um_00132_00384-1,-2.2295299
s_016um_00013_00207-1,-2.5602305
s_016um_00249_00027-1,-2.2010343
s_016um_00367_00097-1,-2.239353
s_016um_00352_00017-1,-2.349325
s_016um_00137_00077-1,-2.2541325
s_016um_00083_00199-1,-2.1802595
s_016um_00399_00256-1,-2.1642537
s_016um_00178_00029-1,-2.2743638
s_016um_00125_00387-1,-2.2182343
s_016um_00107_00317-1,-2.813787
s_016um_00345_00218-1,-2.186384
s_016um_00057_00242-1,-2.3623366
s_016um_00278_00203-1,-2.3067603
s_016um_00042_00241-1,-2.3858752
s_016um_00251_00018-1,-2.3584626
s_016um_00052_00246-1,-1.9231597
s_016um_00119_00143-1,-3.6337953
s_016um_00202_00149-1,-2.087908
s_016um_00399_00121-1,-2.1965046
s_016um_00358_00089-1,-1.9823296
s_016um_00412_00102-1,-2.5565677
s_016um_00130_00093-1,-2.2873476
s_016um_00139_00076-1,-2.2084746
s_016um_00099_00316-1,-2.1904454
s_016um_00278_00045-1,-2.0297198
s_016um_00276_00226-1,-2.205844
s_016um_00357_00090-1,-2.5638013
s_016um_00135_00215-1,-2.5609312
s_016um_00149_00394-1,-2.364541
s_016um_00031_00332-1,-2.0760825
s_016um_00235_00188-1,-2.3116872
s_016um_00096_00316-1,-2.0207295
s_016um_00276_00314-1,-2.8947537
s_016um_00223_00334-1,-2.0186431
s_016um_00033_00098-1,-2.3771455
s_016um_00068_00236-1,-2.6434433
s_016um_00035_00103-1,-2.185234
s_016um_00075_00249-1,-2.248238
s_016um_00085_00066-1,-2.0206249
s_016um_00046_00212-1,-2.0493798
s_016um_00042_00204-1,-2.1693668
s_016um_00391_00339-1,-2.1926363
s_016um_00327_00214-1,-2.1396246
s_016um_00036_00103-1,-2.2665358
s_016um_00327_00212-1,-2.229247
s_016um_00084_00264-1,-2.1032383
s_016um_00395_00357-1,-3.3051705
s_016um_00014_00266-1,-2.120557
s_016um_00266_00035-1,-2.1963413
s_016um_00353_00116-1,-2.399111
s_016um_00227_00248-1,-1.9455607
s_016um_00388_00338-1,-2.375288
s_016um_00275_00052-1,-2.3159192
s_016um_00367_00094-1,-2.198993
s_016um_00159_00287-1,-2.2074916
s_016um_00220_00028-1,-2.6440034
s_016um_00271_00336-1,-2.2082517
s_016um_00042_00042-1,-2.1630774
s_016um_00260_00029-1,-2.1102853
s_016um_00374_00146-1,-2.4241765
s_016um_00387_00129-1,-2.1827157
s_016um_00231_00362-1,-2.0705554
s_016um_00413_00104-1,-2.1047614
s_016um_00075_00241-1,-2.3042684
s_016um_00090_00071-1,-2.2145748
s_016um_00327_00306-1,-2.080719
s_016um_00100_00385-1,-2.820235
s_016um_00145_00399-1,-2.114417
s_016um_00397_00258-1,-2.2596984
s_016um_00140_00216-1,-2.0515544
s_016um_00142_00054-1,-2.1570015
s_016um_00325_00229-1,-2.1119943
s_016um_00094_00340-1,-2.239167
s_016um_00355_00021-1,-1.9000894
s_016um_00040_00177-1,-2.0159504
s_016um_00356_00291-1,-2.3825278
s_016um_00327_00232-1,-2.0326235
s_016um_00194_00121-1,-2.881126
s_016um_00140_00021-1,-2.2533858
s_016um_00370_00142-1,-2.3275251
s_016um_00037_00043-1,-2.1418693
s_016um_00266_00058-1,-2.7678618
s_016um_00012_00295-1,-2.0235426
s_016um_00017_00268-1,-2.0743723
s_016um_00257_00035-1,-2.0760305
s_016um_00265_00135-1,-2.4515195
s_016um_00221_00235-1,-2.1938517
s_016um_00325_00162-1,-2.0938382
s_016um_00037_00008-1,-2.3730469
s_016um_00143_00057-1,-2.1829364
s_016um_00077_00242-1,-2.041827
s_016um_00136_00215-1,-2.6615393
s_016um_00166_00374-1,-2.1216288
s_016um_00398_00366-1,-2.4084728
s_016um_00370_00141-1,-2.104971
s_016um_00237_00360-1,-2.1526673
s_016um_00008_00155-1,-2.3189406
s_016um_00363_00227-1,-2.2127457
s_016um_00384_00139-1,-1.8991954
s_016um_00396_00367-1,-2.8926432
s_016um_00246_00085-1,-2.110143
s_016um_00221_00010-1,-2.24017
s_016um_00249_00026-1,-2.198064
s_016um_00394_00342-1,-2.390807
s_016um_00392_00339-1,-2.2911613
s_016um_00324_00304-1,-2.1364274
s_016um_00394_00186-1,-2.1203017
s_016um_00121_00147-1,-2.2437675
s_016um_00272_00031-1,-2.5205233
s_016um_00323_00304-1,-2.0069814
s_016um_00217_00233-1,-2.404151
s_016um_00377_00140-1,-2.2767277
s_016um_00270_00330-1,-2.684851
s_016um_00083_00035-1,-2.4394464
s_016um_00406_00398-1,-6.1143713
s_016um_00352_00089-1,-2.3692822
s_016um_00367_00101-1,-2.2639937
s_016um_00066_00238-1,-2.0526907
s_016um_00221_00014-1,-2.3118994
s_016um_00222_00030-1,-2.5777094
s_016um_00272_00222-1,-2.5312233
s_016um_00195_00095-1,-2.1763182
s_016um_00217_00015-1,-2.0345385
s_016um_00016_00266-1,-2.1720958
s_016um_00226_00329-1,-2.104364
s_016um_00215_00297-1,-2.253348
s_016um_00095_00271-1,-2.357011
s_016um_00236_00266-1,-2.0046804
s_016um_00188_00094-1,-2.212246
s_016um_00274_00333-1,-2.3174958
s_016um_00395_00369-1,-2.7820566
s_016um_00163_00126-1,-2.2191212
s_016um_00095_00339-1,-2.2211902
s_016um_00076_00300-1,-2.0521407
s_016um_00234_00359-1,-2.2806418
s_016um_00090_00067-1,-1.9864924
s_016um_00034_00008-1,-2.2305164
s_016um_00040_00212-1,-2.5011542
s_016um_00082_00240-1,-2.068434
s_016um_00271_00231-1,-2.2693076
s_016um_00271_00057-1,-2.248051
s_016um_00273_00133-1,-2.1246288
s_016um_00330_00254-1,-2.3326223
s_016um_00070_00248-1,-2.046403
s_016um_00062_00125-1,-2.2118664
s_016um_00362_00228-1,-2.1119497
s_016um_00277_00313-1,-2.2620666
s_016um_00126_00388-1,-2.2722151
s_016um_00329_00123-1,-2.372098
s_016um_00358_00119-1,-2.0546775
s_016um_00328_00225-1,-2.1340604
s_016um_00373_00147-1,-2.2321742
s_016um_00276_00203-1,-2.0751638
s_016um_00372_00147-1,-2.730613
s_016um_00006_00155-1,-2.1150591
s_016um_00145_00057-1,-2.309574
s_016um_00326_00226-1,-2.156824
s_016um_00222_00172-1,-2.2633748
s_016um_00057_00248-1,-2.130455
s_016um_00083_00267-1,-2.0237339
s_016um_00397_00216-1,-2.2121885
s_016um_00341_00400-1,-2.7566962
s_016um_00075_00299-1,-2.0432477
s_016um_00236_00362-1,-2.1946697
s_016um_00077_00240-1,-2.1753783
s_016um_00365_00100-1,-2.0455217
s_016um_00370_00117-1,-2.0069513
s_016um_00407_00102-1,-2.7795067
s_016um_00401_00396-1,-4.4897676
s_016um_00229_00332-1,-2.0293975
s_016um_00120_00146-1,-2.3767183
s_016um_00040_00174-1,-2.1659327
s_016um_00340_00216-1,-2.2960947
s_016um_00105_00383-1,-2.1270704
s_016um_00410_00102-1,-2.1245196
s_016um_00267_00059-1,-2.327476
s_016um_00338_00397-1,-4.1168203
s_016um_00134_00232-1,-2.2691667
s_016um_00402_00126-1,-2.5454552
s_016um_00254_00034-1,-2.238878
s_016um_00136_00318-1,-3.042338
s_016um_00131_00094-1,-2.2714477
s_016um_00394_00338-1,-2.2380974
s_016um_00222_00174-1,-2.1350355
s_016um_00037_00103-1,-2.2294502
s_016um_00376_00121-1,-2.021934
s_016um_00402_00398-1,-5.2492886
s_016um_00327_00228-1,-2.2127283
s_016um_00041_00205-1,-2.4460406
s_016um_00005_00211-1,-2.0339386
s_016um_00271_00030-1,-2.211641
s_016um_00324_00230-1,-1.9798609
s_016um_00394_00343-1,-2.444841
s_016um_00203_00146-1,-2.1194358
s_016um_00067_00128-1,-2.1857522
s_016um_00218_00281-1,-2.3170383
s_016um_00014_00297-1,-2.2771342
s_016um_00221_00226-1,-2.0823085
s_016um_00183_00025-1,-2.1385405
s_016um_00075_00247-1,-2.0047302
s_016um_00035_00104-1,-2.1558633
s_016um_00135_00218-1,-2.0932944
s_016um_00396_00368-1,-2.3194914
s_016um_00168_00127-1,-2.5115108
s_016um_00216_00232-1,-2.3263824
s_016um_00254_00029-1,-2.2428877
s_016um_00263_00192-1,-2.0102212
s_016um_00264_00186-1,-2.8775997
s_016um_00084_00035-1,-2.4131615
s_016um_00040_00205-1,-2.1433127
s_016um_00372_00144-1,-2.6431563
s_016um_00126_00389-1,-2.1417196
s_016um_00128_00319-1,-2.6614203
s_016um_00008_00294-1,-2.1074226
s_016um_00277_00052-1,-3.1524491
s_016um_00102_00065-1,-2.354393
s_016um_00092_00269-1,-2.0362172
s_016um_00262_00030-1,-2.3718386
s_016um_00129_00315-1,-2.354739
s_016um_00338_00405-1,-2.6444573
s_016um_00173_00375-1,-1.9457356
s_016um_00356_00121-1,-2.5457938
s_016um_00269_00061-1,-2.0722475
s_016um_00010_00300-1,-2.2412918
s_016um_00093_00338-1,-2.0841181
s_016um_00006_00300-1,-2.2757237
s_016um_00353_00026-1,-2.7101235
s_016um_00330_00257-1,-2.4182005
s_016um_00243_00090-1,-2.102828
s_016um_00082_00297-1,-2.3135254
s_016um_00145_00058-1,-2.4182453
s_016um_00399_00262-1,-2.1389897
s_016um_00074_00250-1,-2.1208925
s_016um_00337_00399-1,-3.2541964
s_016um_00233_00091-1,-2.196227
s_016um_00105_00390-1,-2.314133
s_016um_00141_00022-1,-2.7227335
s_016um_00037_00041-1,-2.165592
s_016um_00239_00087-1,-2.0376124
s_016um_00102_00071-1,-2.315488
s_016um_00174_00377-1,-1.9580069
s_016um_00338_00404-1,-2.6963177
s_016um_00036_00007-1,-2.1116889
s_016um_00171_00376-1,-2.1339035
s_016um_00277_00134-1,-2.0676877
s_016um_00066_00131-1,-2.0058858
s_016um_00150_00394-1,-2.2845416
s_016um_00134_00233-1,-2.0564718
s_016um_00359_00411-1,-3.467935
s_016um_00276_00209-1,-2.1661098
s_016um_00380_00136-1,-2.3148081
s_016um_00039_00210-1,-2.4141064
s_016um_00406_00144-1,-2.0933113
s_016um_00339_00397-1,-3.1691337
s_016um_00117_00145-1,-2.4814732
s_016um_00139_00058-1,-1.954576
s_016um_00341_00214-1,-2.623961
s_016um_00093_00321-1,-2.1978188
s_016um_00037_00047-1,-2.7606096
s_016um_00254_00032-1,-2.1356533
s_016um_00034_00105-1,-2.2983947
s_016um_00055_00250-1,-2.1199484
s_016um_00053_00243-1,-2.2785773
s_016um_00009_00299-1,-2.0471795
s_016um_00367_00141-1,-2.1521132
s_016um_00279_00047-1,-2.214489
s_016um_00094_00271-1,-2.1228557
s_016um_00207_00149-1,-2.0216837
s_016um_00352_00024-1,-2.1386817
s_016um_00416_00137-1,-2.297586
s_016um_00084_00195-1,-2.9615858
s_016um_00270_00061-1,-2.0318048
s_016um_00346_00219-1,-2.2315378
s_016um_00236_00356-1,-2.1959326
s_016um_00203_00144-1,-2.4705427
s_016um_00161_00292-1,-1.9616143
s_016um_00128_00387-1,-2.2053392
s_016um_00043_00203-1,-2.1181529
s_016um_00407_00122-1,-2.147079
s_016um_00072_00246-1,-2.0626357
s_016um_00385_00136-1,-2.0692575
s_016um_00348_00214-1,-2.4957159
s_016um_00219_00230-1,-2.1645725
s_016um_00331_00215-1,-2.0994403
s_016um_00381_00126-1,-2.3163831
s_016um_00218_00227-1,-2.0536804
s_016um_00045_00239-1,-2.0446842
s_016um_00154_00398-1,-2.3397682
s_016um_00385_00131-1,-2.1478853
s_016um_00385_00126-1,-3.0014277
s_016um_00035_00007-1,-2.0710304
s_016um_00233_00086-1,-2.2363865
s_016um_00276_00043-1,-2.1092904
s_016um_00234_00086-1,-2.196932
s_016um_00157_00286-1,-2.4427445
s_016um_00079_00291-1,-2.224013
s_016um_00277_00323-1,-2.1237898
s_016um_00072_00251-1,-2.0984554
s_016um_00288_00097-1,-2.2248232
s_016um_00415_00136-1,-2.5773566
s_016um_00164_00128-1,-2.1162367
s_016um_00130_00090-1,-2.2190561
s_016um_00225_00331-1,-2.3114607
s_016um_00397_00218-1,-2.2859418
s_016um_00082_00242-1,-1.9048038
s_016um_00116_00147-1,-2.1812387
s_016um_00227_00249-1,-2.064769
s_016um_00095_00279-1,-1.9505423
s_016um_00056_00246-1,-2.210701
s_016um_00334_00253-1,-3.0817752
s_016um_00252_00019-1,-2.769105
s_016um_00139_00021-1,-2.1078157
s_016um_00319_00164-1,-2.0245125
s_016um_00111_00313-1,-2.043121
s_016um_00247_00022-1,-2.3746638
s_016um_00150_00398-1,-2.3529718
s_016um_00044_00218-1,-2.417644
s_016um_00057_00251-1,-2.055227
s_016um_00132_00316-1,-3.4019322
s_016um_00276_00329-1,-2.1596704
s_016um_00109_00317-1,-2.0977004
s_016um_00393_00340-1,-2.3967502
s_016um_00218_00173-1,-2.229703
s_016um_00280_00048-1,-2.2206745
s_016um_00246_00090-1,-2.4134033
s_016um_00044_00175-1,-2.413089
s_016um_00045_00244-1,-2.3584692
s_016um_00321_00300-1,-2.1335502
s_016um_00369_00144-1,-2.1527116
s_016um_00086_00073-1,-2.267905
s_016um_00374_00118-1,-2.3483942
s_016um_00326_00224-1,-2.48114
s_016um_00141_00015-1,-2.2177987
s_016um_00081_00193-1,-2.3001244
s_016um_00124_00386-1,-3.0229366
s_016um_00011_00151-1,-2.139798
s_016um_00107_00387-1,-2.162333
s_016um_00397_00374-1,-2.92522
s_016um_00241_00083-1,-2.0908194
s_016um_00360_00418-1,-2.819244
s_016um_00092_00273-1,-2.1851711
s_016um_00269_00030-1,-2.330251
s_016um_00359_00413-1,-3.5613956
s_016um_00232_00362-1,-2.126687
s_016um_00233_00266-1,-2.4637153
s_016um_00223_00239-1,-2.1846368
s_016um_00136_00319-1,-3.5323706
s_016um_00275_00209-1,-2.050294
s_016um_00246_00023-1,-2.152664
s_016um_00405_00125-1,-2.0207875
s_016um_00130_00230-1,-2.3401947
s_016um_00234_00092-1,-2.4156914
s_016um_00364_00230-1,-2.263222
s_016um_00147_00058-1,-2.0632145
s_016um_00039_00009-1,-2.0801349
s_016um_00148_00401-1,-2.2166965
s_016um_00080_00292-1,-2.169663
s_016um_00393_00294-1,-2.2065144
s_016um_00357_00415-1,-4.447238
s_016um_00248_00025-1,-2.39535
s_016um_00085_00073-1,-2.1898608
s_016um_00397_00180-1,-2.1609056
s_016um_00396_00180-1,-2.1613915
s_016um_00096_00274-1,-2.0784009
s_016um_00120_00143-1,-3.9130883
s_016um_00246_00089-1,-2.1545758
s_016um_00011_00157-1,-2.1091375
s_016um_00264_00128-1,-2.4052796
s_016um_00095_00029-1,-2.265205
s_016um_00036_00099-1,-2.0018036
s_016um_00097_00027-1,-2.1308389
s_016um_00192_00094-1,-2.158127
s_016um_00171_00127-1,-1.9262247
s_016um_00123_00150-1,-2.2343857
s_016um_00213_00290-1,-2.1504962
s_016um_00400_00398-1,-4.7505026
s_016um_00394_00360-1,-2.9816947
s_016um_00229_00235-1,-2.0467284
s_016um_00029_00336-1,-2.1649053
s_016um_00034_00010-1,-2.3849118
s_016um_00145_00056-1,-2.1088407
s_016um_00372_00125-1,-2.20091
s_016um_00216_00284-1,-2.272596
s_016um_00272_00202-1,-2.1627824
s_016um_00036_00042-1,-2.1786094
s_016um_00043_00217-1,-2.1333337
s_016um_00272_00330-1,-2.223853
s_016um_00145_00396-1,-2.0307472
s_016um_00215_00029-1,-2.18221
s_016um_00100_00069-1,-2.2768579
s_016um_00100_00067-1,-2.0417538
s_016um_00040_00204-1,-2.1361866
s_016um_00013_00299-1,-2.1215272
s_016um_00089_00065-1,-2.1992772
s_016um_00279_00133-1,-2.3284485
s_016um_00218_00229-1,-2.1938818
s_016um_00006_00152-1,-2.1272135
s_016um_00326_00229-1,-2.0419424
s_016um_00259_00031-1,-2.490599
s_016um_00396_00358-1,-2.7561255
s_016um_00124_00090-1,-2.1034214
s_016um_00018_00270-1,-2.1501136
s_016um_00269_00224-1,-2.0915027
s_016um_00162_00293-1,-2.1606426
s_016um_00027_00333-1,-2.4915185
s_016um_00403_00149-1,-2.0363877
s_016um_00350_00019-1,-2.0827472
s_016um_00406_00123-1,-2.2024577
s_016um_00036_00100-1,-2.2460237
s_016um_00102_00072-1,-2.324369
s_016um_00130_00387-1,-2.26581
s_016um_00267_00333-1,-2.057454
s_016um_00191_00128-1,-2.3872283
s_016um_00359_00416-1,-4.7072053
s_016um_00218_00017-1,-2.1248112
s_016um_00388_00344-1,-2.2132232
s_016um_00079_00301-1,-2.21798
s_016um_00287_00100-1,-2.0345829
s_016um_00084_00031-1,-2.1776335
s_016um_00221_00169-1,-1.9875506
s_016um_00044_00042-1,-2.3863208
s_016um_00229_00329-1,-1.936334
s_016um_00343_00218-1,-2.209263
s_016um_00082_00196-1,-2.9538217
s_016um_00270_00030-1,-2.0259514
s_016um_00362_00416-1,-3.5268247
s_016um_00053_00244-1,-2.124425
s_016um_00390_00182-1,-2.3428147
s_016um_00099_00028-1,-2.430766
s_016um_00386_00132-1,-2.682103
s_016um_00328_00123-1,-2.089686
s_016um_00071_00235-1,-1.927566
s_016um_00224_00335-1,-2.1610131
s_016um_00108_00386-1,-2.0162406
s_016um_00386_00127-1,-2.5740745
s_016um_00138_00069-1,-2.0846663
s_016um_00099_00024-1,-2.4161355
s_016um_00286_00092-1,-2.045728
s_016um_00238_00186-1,-2.3187275
s_016um_00371_00096-1,-2.0612023
s_016um_00043_00237-1,-2.0626771
s_016um_00189_00123-1,-2.0288436
s_016um_00063_00126-1,-2.3087254
s_016um_00084_00286-1,-2.1910539
s_016um_00291_00094-1,-2.1228282
s_016um_00128_00089-1,-2.8074405
s_016um_00340_00397-1,-3.3962648
s_016um_00267_00328-1,-2.2185402
s_016um_00217_00280-1,-2.3114357
s_016um_00269_00331-1,-2.1554039
s_016um_00393_00343-1,-2.6439576
s_016um_00213_00297-1,-2.2187247
s_016um_00276_00049-1,-2.1333907
s_016um_00410_00152-1,-2.1851451
s_016um_00254_00023-1,-2.1928961
s_016um_00322_00230-1,-2.6230974
s_016um_00397_00221-1,-2.4244673
s_016um_00092_00322-1,-2.1406658
s_016um_00039_00102-1,-2.51124
s_016um_00217_00018-1,-2.1633995
s_016um_00232_00089-1,-2.484694
s_016um_00268_00058-1,-2.342803
s_016um_00341_00396-1,-2.2385714
s_016um_00277_00209-1,-1.9397779
s_016um_00400_00257-1,-2.352586
s_016um_00278_00319-1,-2.4017317
s_016um_00038_00097-1,-2.470078
s_016um_00084_00201-1,-2.110003
s_016um_00250_00024-1,-2.3642087
s_016um_00404_00259-1,-2.1466029
s_016um_00005_00295-1,-2.313573
s_016um_00142_00018-1,-2.4617286
s_016um_00087_00272-1,-2.0545883
s_016um_00133_00093-1,-2.5211496
s_016um_00130_00088-1,-2.6327162
s_016um_00275_00311-1,-2.7884357
s_016um_00256_00028-1,-2.4645011
s_016um_00078_00248-1,-2.1812866
s_016um_00098_00030-1,-2.2912295
s_016um_00108_00316-1,-2.4825613
s_016um_00234_00262-1,-2.1985435
s_016um_00216_00282-1,-2.0132556
s_016um_00404_00395-1,-5.666829
s_016um_00220_00282-1,-2.396588
s_016um_00190_00126-1,-2.1669786
s_016um_00309_00056-1,-2.2711394
s_016um_00351_00115-1,-2.6816933
s_016um_00370_00123-1,-2.1463892
s_016um_00180_00032-1,-2.1986437
s_016um_00083_00195-1,-2.7184582
s_016um_00244_00081-1,-2.0036151
s_016um_00229_00263-1,-2.1566021
s_016um_00259_00128-1,-2.2007227
s_016um_00397_00219-1,-2.1143403
s_016um_00065_00233-1,-2.365585
s_016um_00164_00125-1,-2.202579
s_016um_00019_00272-1,-2.0519392
s_016um_00357_00287-1,-1.9597744
s_016um_00403_00400-1,-6.2000337
s_016um_00163_00287-1,-2.5133734
s_016um_00374_00143-1,-2.328998
s_016um_00281_00327-1,-2.2848725
s_016um_00277_00202-1,-2.0210938
s_016um_00115_00317-1,-2.1158605
s_016um_00233_00354-1,-1.849552
s_016um_00379_00133-1,-2.083153
s_016um_00007_00299-1,-2.186034
s_016um_00348_00020-1,-2.09596
s_016um_00086_00266-1,-2.22916
s_016um_00274_00138-1,-2.5161023
s_016um_00039_00179-1,-2.115044
s_016um_00350_00025-1,-2.1371992
s_016um_00082_00294-1,-2.1246455
s_016um_00132_00093-1,-2.1482186
s_016um_00163_00128-1,-1.9860141
s_016um_00235_00187-1,-2.1206553
s_016um_00040_00178-1,-2.0482404
s_016um_00262_00191-1,-2.2902944
s_016um_00378_00134-1,-2.3641295
s_016um_00261_00130-1,-2.4575179
s_016um_00140_00058-1,-2.2224295
s_016um_00392_00341-1,-2.4744947
s_016um_00079_00294-1,-2.1947916
s_016um_00237_00187-1,-2.159901
s_016um_00400_00128-1,-2.1294384
s_016um_00403_00152-1,-2.4304357
s_016um_00098_00031-1,-2.6053312
s_016um_00238_00091-1,-2.1345131
s_016um_00268_00223-1,-2.280748
s_016um_00267_00056-1,-2.1904926
s_016um_00236_00264-1,-2.3133109
s_016um_00240_00091-1,-2.2771032
s_016um_00308_00060-1,-2.3133185
s_016um_00350_00018-1,-2.2888606
s_016um_00277_00317-1,-2.4647067
s_016um_00218_00284-1,-2.2162247
s_016um_00275_00323-1,-2.1448574
s_016um_00146_00020-1,-2.1912067
s_016um_00082_00269-1,-2.0281594
s_016um_00133_00231-1,-2.3117445
s_016um_00043_00214-1,-2.1477728
s_016um_00243_00188-1,-2.1443524
s_016um_00368_00141-1,-1.9210194
s_016um_00218_00027-1,-2.2415392
s_016um_00063_00129-1,-2.2636914
s_016um_00403_00121-1,-2.1081219
s_016um_00044_00048-1,-1.9994711
s_016um_00217_00027-1,-2.2090597
s_016um_00007_00298-1,-1.9981123
s_016um_00265_00333-1,-2.2621002
s_016um_00166_00121-1,-2.4049675
s_016um_00359_00118-1,-2.1836753
s_016um_00351_00120-1,-2.3373635
s_016um_00139_00069-1,-2.3777192
s_016um_00037_00175-1,-2.3981454
s_016um_00043_00219-1,-2.1005967
s_016um_00339_00401-1,-3.2743654
s_016um_00391_00177-1,-2.2241468
s_016um_00115_00145-1,-3.02839
s_016um_00110_00312-1,-2.0697603
s_016um_00353_00114-1,-2.1533594
s_016um_00028_00330-1,-2.5180106
s_016um_00393_00217-1,-2.4191017
s_016um_00234_00357-1,-2.1629498
s_016um_00008_00298-1,-2.046669
s_016um_00239_00088-1,-2.472219
s_016um_00322_00231-1,-2.4968643
s_016um_00080_00239-1,-1.9054086
s_016um_00220_00165-1,-2.3220336
s_016um_00268_00031-1,-2.1352994
s_016um_00016_00270-1,-1.9969362
s_016um_00038_00100-1,-2.300861
s_016um_00351_00090-1,-2.2201412
s_016um_00045_00245-1,-2.1719556
s_016um_00257_00030-1,-2.2153728
s_016um_00277_00044-1,-2.4026592
s_016um_00082_00031-1,-2.4356432
s_016um_00358_00097-1,-2.2591858
s_016um_00397_00360-1,-2.2838638
s_016um_00220_00231-1,-2.2291596
s_016um_00355_00287-1,-2.151067
s_016um_00086_00270-1,-2.1166835
s_016um_00379_00134-1,-1.9257089
s_016um_00149_00393-1,-2.472069
s_016um_00264_00054-1,-2.3927531
s_016um_00412_00103-1,-2.2333846
s_016um_00262_00131-1,-2.3685393
s_016um_00325_00167-1,-2.2810028
s_016um_00048_00213-1,-2.230247
s_016um_00227_00233-1,-2.3644142
s_016um_00189_00125-1,-2.008173
s_016um_00067_00132-1,-2.1624408
s_016um_00270_00229-1,-2.0558817
s_016um_00132_00317-1,-3.2406275
s_016um_00407_00104-1,-2.1196764
s_016um_00261_00032-1,-2.064675
s_016um_00222_00249-1,-2.125302
s_016um_00098_00318-1,-2.1723208
s_016um_00128_00230-1,-2.0319333
s_016um_00220_00229-1,-1.9973493
s_016um_00397_00363-1,-2.2691004
s_016um_00100_00023-1,-2.3773685
s_016um_00081_00236-1,-2.3547585
s_016um_00216_00278-1,-2.2949347
s_016um_00353_00024-1,-2.2955668
s_016um_00076_00252-1,-3.26227
s_016um_00322_00169-1,-2.1864371
s_016um_00121_00150-1,-2.0938265
s_016um_00332_00212-1,-2.060183
s_016um_00042_00237-1,-2.1847568
s_016um_00382_00140-1,-2.0494986
s_016um_00354_00118-1,-2.414841
s_016um_00119_00142-1,-2.9677274
s_016um_00128_00227-1,-2.1227431
s_016um_00337_00402-1,-2.4032419
s_016um_00079_00194-1,-2.5505133
s_016um_00370_00146-1,-2.38698
s_016um_00183_00029-1,-2.0114956
s_016um_00332_00121-1,-2.366721
s_016um_00086_00272-1,-1.9272797
s_016um_00047_00214-1,-2.1696534
s_016um_00086_00267-1,-2.2565928
s_016um_00166_00371-1,-2.185359
s_016um_00262_00134-1,-2.379218
s_016um_00403_00260-1,-2.2593217
s_016um_00395_00185-1,-2.1822855
s_016um_00085_00201-1,-2.1368895
s_016um_00273_00222-1,-2.2825148
s_016um_00274_00044-1,-2.129337
s_016um_00066_00130-1,-2.2214642
s_016um_00250_00022-1,-1.9279205
s_016um_00405_00151-1,-2.2507548
s_016um_00083_00273-1,-1.9652314
s_016um_00324_00226-1,-2.4031105
s_016um_00257_00025-1,-2.3769622
s_016um_00236_00086-1,-2.2525723
s_016um_00115_00148-1,-2.3756886
s_016um_00354_00090-1,-2.2319148
s_016um_00224_00327-1,-2.790498
s_016um_00161_00289-1,-2.2841322
s_016um_00208_00296-1,-2.182306
s_016um_00034_00333-1,-2.1623545
s_016um_00322_00301-1,-2.036448
s_016um_00178_00031-1,-2.2998762
s_016um_00375_00123-1,-1.9946048
s_016um_00081_00278-1,-2.037825
s_016um_00211_00296-1,-2.309808
s_016um_00066_00133-1,-2.2399204
s_016um_00041_00174-1,-2.0806143
s_016um_00097_00071-1,-2.3278344
s_016um_00145_00019-1,-2.2245102
s_016um_00168_00125-1,-2.3455245
s_016um_00057_00246-1,-2.442661
s_016um_00102_00389-1,-2.2539244
s_016um_00269_00227-1,-2.317344
s_016um_00127_00089-1,-2.6118107
s_016um_00113_00316-1,-2.1882358
s_016um_00392_00337-1,-2.5250227
s_016um_00019_00266-1,-2.1618474
s_016um_00147_00398-1,-2.1486669
s_016um_00385_00132-1,-2.105612
s_016um_00353_00095-1,-2.073853
s_016um_00408_00145-1,-2.025377
s_016um_00322_00170-1,-2.1153429
s_016um_00372_00096-1,-2.0317104
s_016um_00262_00187-1,-2.0446844
s_016um_00018_00266-1,-2.2947767
s_016um_00046_00217-1,-2.1543708
s_016um_00037_00044-1,-2.0288947
s_016um_00023_00268-1,-2.0202956
s_016um_00028_00089-1,-2.6252613
s_016um_00271_00061-1,-2.0641916
s_016um_00399_00127-1,-2.1314518
s_016um_00132_00229-1,-2.196104
s_016um_00324_00298-1,-2.4520423
s_016um_00222_00011-1,-2.2510161
s_016um_00040_00048-1,-2.1601284
s_016um_00261_00331-1,-2.127853
s_016um_00258_00187-1,-2.2630973
s_016um_00275_00314-1,-2.3318388
s_016um_00267_00035-1,-2.3368628
s_016um_00276_00207-1,-2.2251933
s_016um_00263_00135-1,-2.6687279
s_016um_00083_00065-1,-2.36124
s_016um_00406_00147-1,-2.0664322
s_016um_00414_00143-1,-2.1393647
s_016um_00399_00220-1,-2.353962
s_016um_00382_00128-1,-2.3090956
s_016um_00096_00031-1,-2.0789323
s_016um_00343_00212-1,-2.2778225
s_016um_00055_00247-1,-2.3401966
s_016um_00066_00129-1,-2.1590052
s_016um_00397_00259-1,-2.2824395
s_016um_00040_00099-1,-2.4543977
s_016um_00366_00222-1,-2.0248146
s_016um_00218_00169-1,-2.8274684
s_016um_00277_00129-1,-2.0763285
s_016um_00069_00131-1,-2.2412765
s_016um_00359_00094-1,-2.1505735
s_016um_00352_00097-1,-2.1289902
s_016um_00381_00132-1,-2.1270688
s_016um_00077_00244-1,-1.9240942
s_016um_00359_00120-1,-2.2868319
s_016um_00277_00319-1,-2.351628
s_016um_00406_00126-1,-2.0597696
s_016um_00396_00341-1,-2.6842406
s_016um_00341_00218-1,-2.0979106
s_016um_00402_00151-1,-2.1818233
s_016um_00285_00092-1,-1.999625
s_016um_00045_00208-1,-2.139774
s_016um_00019_00267-1,-2.0622296
s_016um_00355_00288-1,-2.5318966
s_016um_00396_00364-1,-2.3632061
s_016um_00030_00336-1,-2.391935
s_016um_00369_00139-1,-2.1809726
s_016um_00061_00245-1,-2.1070435
s_016um_00222_00334-1,-2.1719062
s_016um_00327_00119-1,-2.8917775
s_016um_00272_00045-1,-2.1991754
s_016um_00092_00318-1,-2.4261997
s_016um_00261_00133-1,-2.0896466
s_016um_00161_00290-1,-2.274366
s_016um_00224_00026-1,-2.6787746
s_016um_00319_00302-1,-2.2842588
s_016um_00211_00292-1,-2.7394218
s_016um_00270_00054-1,-2.4850368
s_016um_00280_00046-1,-2.142013
s_016um_00040_00101-1,-2.1463199
s_016um_00273_00336-1,-2.3618882
s_016um_00399_00373-1,-3.9118102
s_016um_00141_00217-1,-2.2297456
s_016um_00394_00344-1,-3.3874912
s_016um_00327_00213-1,-2.168513
s_016um_00286_00095-1,-2.1621232
s_016um_00272_00229-1,-2.093849
s_016um_00355_00088-1,-2.084958
s_016um_00351_00018-1,-2.1298358
s_016um_00271_00035-1,-2.0949118
s_016um_00085_00197-1,-2.0771172
s_016um_00141_00220-1,-2.143283
s_016um_00372_00126-1,-2.6652694
s_016um_00019_00271-1,-1.9900838
s_016um_00388_00340-1,-2.494842
s_016um_00211_00291-1,-2.4339166
s_016um_00220_00172-1,-2.168349
s_016um_00218_00226-1,-2.1336403
s_016um_00328_00218-1,-2.0973265
s_016um_00330_00252-1,-2.5120535
s_016um_00107_00389-1,-2.3745425
s_016um_00074_00296-1,-2.2282097
s_016um_00280_00045-1,-2.0400512
s_016um_00273_00318-1,-2.2375069
s_016um_00251_00023-1,-2.3134894
s_016um_00349_00018-1,-2.4980974
s_016um_00372_00143-1,-3.148374
s_016um_00267_00132-1,-2.2652168
s_016um_00219_00169-1,-2.1436455
s_016um_00400_00220-1,-2.2114594
s_016um_00268_00034-1,-1.9376082
s_016um_00263_00329-1,-2.0589306
s_016um_00222_00329-1,-2.1254783
s_016um_00326_00298-1,-2.3004491
s_016um_00351_00025-1,-2.27648
s_016um_00344_00218-1,-2.2890146
s_016um_00369_00096-1,-2.1049132
s_016um_00333_00256-1,-2.2542555
s_016um_00134_00230-1,-2.2833366
s_016um_00069_00127-1,-2.265557
s_016um_00324_00227-1,-2.0866466
s_016um_00326_00124-1,-2.0701544
s_016um_00392_00297-1,-3.5616865
s_016um_00253_00032-1,-2.036634
s_016um_00278_00206-1,-1.9787184
s_016um_00055_00245-1,-2.226411
s_016um_00100_00388-1,-2.5307956
s_016um_00224_00238-1,-2.3477716
s_016um_00273_00030-1,-2.0660737
s_016um_00394_00185-1,-1.9833024
s_016um_00004_00297-1,-2.3466105
s_016um_00329_00124-1,-2.0871322
s_016um_00179_00033-1,-2.2556703
s_016um_00398_00183-1,-1.902093
s_016um_00010_00207-1,-2.2969816
s_016um_00278_00327-1,-2.3890328
s_016um_00088_00034-1,-2.0221784
s_016um_00285_00095-1,-2.1597602
s_016um_00239_00188-1,-2.0804625
s_016um_00314_00056-1,-2.138175
s_016um_00262_00133-1,-2.2983541
s_016um_00067_00238-1,-2.3558655
s_016um_00040_00104-1,-2.1930995
s_016um_00379_00132-1,-2.3705559
s_016um_00379_00136-1,-2.3291214
s_016um_00075_00242-1,-2.270776
s_016um_00127_00090-1,-2.8343692
s_016um_00227_00332-1,-2.1065798
s_016um_00404_00397-1,-5.4215302
s_016um_00046_00208-1,-2.2408342
s_016um_00403_00397-1,-6.014463
s_016um_00352_00090-1,-2.1060233
s_016um_00391_00342-1,-3.0731242
s_016um_00124_00147-1,-2.298315
s_016um_00222_00245-1,-2.0470877
s_016um_00040_00207-1,-2.1822033
s_016um_00394_00364-1,-2.502156
s_016um_00249_00021-1,-2.5860636
s_016um_00087_00071-1,-2.3869672
s_016um_00025_00089-1,-2.1209905
s_016um_00274_00323-1,-2.1873689
s_016um_00130_00390-1,-2.2276125
s_016um_00390_00178-1,-1.9431452
s_016um_00056_00244-1,-2.1015286
s_016um_00404_00148-1,-2.2382371
s_016um_00215_00027-1,-2.2885816
s_016um_00405_00147-1,-2.261102
s_016um_00333_00213-1,-2.4206367
s_016um_00403_00256-1,-2.43344
s_016um_00031_00329-1,-2.3214262
s_016um_00015_00264-1,-2.203628
s_016um_00280_00315-1,-2.09666
s_016um_00062_00132-1,-2.1015108
s_016um_00411_00100-1,-2.4610963
s_016um_00058_00247-1,-2.2702956
s_016um_00150_00400-1,-2.221449
s_016um_00265_00133-1,-2.056013
s_016um_00386_00128-1,-2.0140152
s_016um_00022_00270-1,-2.054289
s_016um_00403_00261-1,-2.432212
s_016um_00362_00227-1,-2.0139737
s_016um_00195_00123-1,-2.1719356
s_016um_00366_00100-1,-2.4926844
s_016um_00352_00091-1,-2.0638614
s_016um_00261_00128-1,-2.1409245
s_016um_00078_00285-1,-2.3236697
s_016um_00266_00129-1,-2.377944
s_016um_00369_00228-1,-2.110972
s_016um_00030_00330-1,-2.0878675
s_016um_00209_00030-1,-2.2513533
s_016um_00138_00217-1,-2.4220514
s_016um_00144_00021-1,-2.1198199
s_016um_00021_00272-1,-2.4492407
s_016um_00324_00232-1,-1.9659393
s_016um_00077_00292-1,-2.263769
s_016um_00035_00097-1,-2.3910522
s_016um_00276_00315-1,-3.0755358
s_016um_00161_00293-1,-2.0350285
s_016um_00033_00330-1,-2.2031963
s_016um_00113_00314-1,-2.007076
s_016um_00114_00320-1,-2.1059344
s_016um_00016_00264-1,-2.0774696
s_016um_00270_00031-1,-2.1125689
s_016um_00268_00056-1,-3.3407516
s_016um_00277_00311-1,-2.1539857
s_016um_00119_00152-1,-2.2310987
s_016um_00079_00296-1,-2.206522
s_016um_00053_00247-1,-2.4135635
s_016um_00280_00134-1,-2.05108
s_016um_00163_00127-1,-2.026968
s_016um_00276_00210-1,-1.9114152
s_016um_00109_00318-1,-2.2811203
s_016um_00032_00089-1,-2.1813507
s_016um_00320_00300-1,-2.08036
s_016um_00281_00312-1,-2.0041351
s_016um_00221_00229-1,-2.1914303
s_016um_00195_00091-1,-2.187746
s_016um_00232_00359-1,-2.3290102
s_016um_00070_00235-1,-2.1508853
s_016um_00069_00237-1,-1.9168668
s_016um_00142_00059-1,-2.2029693
s_016um_00182_00028-1,-2.073623
s_016um_00218_00012-1,-2.0761914
s_016um_00073_00252-1,-2.233848
s_016um_00237_00091-1,-1.8822148
s_016um_00010_00156-1,-2.0860114
s_016um_00042_00202-1,-2.4586523
s_016um_00271_00205-1,-2.287166
s_016um_00094_00025-1,-2.3117306
s_016um_00221_00234-1,-1.9103613
s_016um_00044_00206-1,-2.1145468
s_016um_00127_00384-1,-2.4345062
s_016um_00355_00292-1,-2.2140331
s_016um_00027_00084-1,-2.2195644
s_016um_00369_00095-1,-1.8719586
s_016um_00041_00177-1,-2.2013543
s_016um_00400_00399-1,-6.728612
s_016um_00111_00316-1,-2.2227714
s_016um_00279_00206-1,-2.2105014
s_016um_00284_00095-1,-2.1238987
s_016um_00397_00357-1,-3.4831378
s_016um_00221_00028-1,-2.0509727
s_016um_00167_00129-1,-2.2318444
s_016um_00355_00413-1,-4.3917227
s_016um_00165_00287-1,-2.434957
s_016um_00217_00031-1,-2.0724816
s_016um_00084_00281-1,-2.1723511
s_016um_00067_00237-1,-2.1553302
s_016um_00286_00098-1,-2.1808553
s_016um_00195_00126-1,-2.1435776
s_016um_00400_00372-1,-2.2468953
s_016um_00195_00127-1,-2.0740151
s_016um_00153_00401-1,-2.462975
s_016um_00195_00125-1,-2.2839255
s_016um_00268_00334-1,-2.2407439
s_016um_00143_00059-1,-2.4859374
s_016um_00214_00277-1,-2.1146846
s_016um_00225_00234-1,-2.118641
s_016um_00135_00320-1,-3.7271166
s_016um_00099_00026-1,-2.4875774
s_016um_00325_00227-1,-2.0405948
s_016um_00382_00136-1,-2.2860117
s_016um_00266_00061-1,-2.035145
s_016um_00339_00402-1,-2.553307
s_016um_00268_00333-1,-2.1555984
s_016um_00145_00395-1,-2.2454422
s_016um_00177_00030-1,-2.4646397
s_016um_00230_00355-1,-2.020751
s_016um_00323_00168-1,-2.396274
s_016um_00323_00306-1,-2.128849
s_016um_00097_00276-1,-2.1639144
s_016um_00094_00028-1,-2.3454854
s_016um_00015_00269-1,-2.3195534
s_016um_00277_00137-1,-2.1162946
s_016um_00278_00202-1,-2.1633854
s_016um_00382_00131-1,-2.193494
s_016um_00221_00023-1,-2.3385472
s_016um_00369_00147-1,-2.2165182
s_016um_00128_00086-1,-2.2551486
s_016um_00069_00238-1,-2.2938914
s_016um_00183_00026-1,-2.189588
s_016um_00404_00147-1,-2.210377
s_016um_00221_00173-1,-2.938542
s_016um_00093_00272-1,-2.337858
s_016um_00189_00097-1,-2.016106
s_016um_00173_00374-1,-2.0088406
s_016um_00278_00136-1,-2.2627409
s_016um_00082_00239-1,-2.1718097
s_016um_00116_00148-1,-2.0256267
s_016um_00082_00071-1,-2.1883495
s_016um_00224_00248-1,-2.1067185
s_016um_00208_00290-1,-2.1855633
s_016um_00276_00327-1,-2.8184083
s_016um_00340_00218-1,-2.3880472
s_016um_00350_00020-1,-2.3153298
s_016um_00127_00387-1,-2.3677409
s_016um_00086_00201-1,-2.0625532
s_016um_00044_00176-1,-2.1757617
s_016um_00141_00016-1,-2.1466522
s_016um_00218_00014-1,-2.1920352
s_016um_00032_00337-1,-2.0425277
s_016um_00392_00299-1,-2.5014746
s_016um_00402_00397-1,-5.2607565
s_016um_00395_00371-1,-2.2585156
s_016um_00204_00151-1,-2.1772194
s_016um_00380_00129-1,-2.3605428
s_016um_00408_00399-1,-6.3288946
s_016um_00211_00029-1,-1.9978173
s_016um_00080_00267-1,-2.1066082
s_016um_00108_00314-1,-2.0740023
s_016um_00041_00175-1,-2.278247
s_016um_00028_00336-1,-2.0648773
s_016um_00132_00228-1,-2.1923022
s_016um_00061_00126-1,-2.2814374
s_016um_00271_00032-1,-2.4069202
s_016um_00215_00277-1,-2.6129375
s_016um_00100_00031-1,-2.4075277
s_016um_00095_00275-1,-2.042244
s_016um_00322_00299-1,-2.371251
s_016um_00320_00305-1,-2.26084
s_016um_00272_00029-1,-2.1335642
s_016um_00230_00260-1,-2.219807
s_016um_00358_00122-1,-2.3720908
s_016um_00354_00289-1,-2.1453748
s_016um_00097_00334-1,-2.3533673
s_016um_00144_00058-1,-2.363644
s_016um_00391_00291-1,-2.2934053
s_016um_00184_00032-1,-2.2084446
s_016um_00135_00220-1,-2.3426428
s_016um_00353_00021-1,-2.416713
s_016um_00279_00202-1,-1.8599762
s_016um_00280_00207-1,-2.078888
s_016um_00204_00153-1,-2.2456636
s_016um_00132_00091-1,-2.2850943
s_016um_00139_00015-1,-2.8756325
s_016um_00136_00223-1,-2.4352622
s_016um_00026_00090-1,-2.3038993
s_016um_00409_00105-1,-2.1148903
s_016um_00395_00344-1,-2.7236807
s_016um_00102_00384-1,-2.532927
s_016um_00129_00384-1,-2.3062541
s_016um_00010_00295-1,-2.2477937
s_016um_00226_00028-1,-2.0869772
s_016um_00390_00364-1,-2.3660858
s_016um_00360_00411-1,-3.4665499
s_016um_00035_00099-1,-2.4482317
s_016um_00137_00074-1,-2.2524216
s_016um_00090_00274-1,-2.0448866
s_016um_00132_00231-1,-2.0424025
s_016um_00274_00331-1,-2.4395435
s_016um_00101_00074-1,-2.0204375
s_016um_00370_00101-1,-2.2469916
s_016um_00104_00388-1,-2.1279185
s_016um_00126_00093-1,-2.3185623
s_016um_00096_00341-1,-2.0141768
s_016um_00308_00053-1,-2.1241508
s_016um_00355_00294-1,-2.0029364
s_016um_00323_00166-1,-2.3005764
s_016um_00375_00122-1,-2.0010366
s_016um_00395_00259-1,-2.3358455
s_016um_00388_00342-1,-2.7844305
s_016um_00342_00397-1,-3.2304108
s_016um_00086_00072-1,-2.5811667
s_016um_00086_00067-1,-2.1156683
s_016um_00307_00055-1,-2.3081465
s_016um_00108_00319-1,-3.751617
s_016um_00125_00089-1,-2.0150928
s_016um_00219_00232-1,-2.1411965
s_016um_00217_00166-1,-1.9834336
s_016um_00083_00268-1,-2.235203
s_016um_00074_00239-1,-2.211384
s_016um_00261_00189-1,-2.140983
s_016um_00181_00034-1,-2.0347688
s_016um_00413_00100-1,-2.23637
s_016um_00048_00243-1,-3.1283712
s_016um_00096_00024-1,-2.2448318
s_016um_00033_00004-1,-2.3669014
s_016um_00335_00400-1,-3.827736
s_016um_00271_00031-1,-2.4382534
s_016um_00358_00289-1,-2.0465987
s_016um_00083_00066-1,-2.1929126
s_016um_00233_00084-1,-2.4286392
s_016um_00042_00171-1,-2.5810049
s_016um_00284_00093-1,-2.0115614
s_016um_00280_00314-1,-2.3270519
s_016um_00107_00390-1,-2.4207404
s_016um_00391_00341-1,-2.9185138
s_016um_00100_00321-1,-2.1102016
s_016um_00136_00071-1,-2.2970521
s_016um_00319_00169-1,-2.016912
s_016um_00401_00125-1,-2.0405552
s_016um_00324_00302-1,-2.1451154
s_016um_00049_00241-1,-2.321026
s_016um_00120_00144-1,-2.954475
s_016um_00082_00194-1,-2.5366197
s_016um_00143_00058-1,-1.9679458
s_016um_00248_00087-1,-2.4599113
s_016um_00064_00236-1,-2.221481
s_016um_00292_00096-1,-2.2027655
s_016um_00083_00072-1,-2.4806128
s_016um_00326_00214-1,-2.176739
s_016um_00194_00095-1,-2.2530916
s_016um_00087_00035-1,-2.088232
s_016um_00104_00066-1,-2.2450323
s_016um_00276_00312-1,-2.3150842
s_016um_00274_00317-1,-2.241845
s_016um_00383_00136-1,-2.1385524
s_016um_00268_00055-1,-2.974287
s_016um_00278_00209-1,-2.1169863
s_016um_00268_00337-1,-2.3761206
s_016um_00128_00091-1,-2.301111
s_016um_00216_00028-1,-1.9890385
s_016um_00159_00285-1,-2.4178019
s_016um_00137_00070-1,-2.4603784
s_016um_00277_00315-1,-2.4318342
s_016um_00261_00033-1,-2.2415788
s_016um_00401_00371-1,-2.554925
s_016um_00326_00228-1,-1.8560545
s_016um_00120_00145-1,-2.2873743
s_016um_00244_00088-1,-2.3746514
s_016um_00332_00214-1,-2.1001732
s_016um_00393_00371-1,-2.5849395
s_016um_00394_00337-1,-2.1840262
s_016um_00265_00332-1,-2.042358
s_016um_00342_00212-1,-2.3214335
s_016um_00275_00208-1,-2.0714
s_016um_00265_00134-1,-2.04654
s_016um_00027_00086-1,-2.1935902
s_016um_00196_00121-1,-2.1054559
s_016um_00290_00099-1,-2.1308203
s_016um_00229_00251-1,-2.1237934
s_016um_00014_00214-1,-2.1423886
s_016um_00234_00090-1,-1.9791526
s_016um_00355_00118-1,-2.2682152
s_016um_00245_00083-1,-2.0984786
s_016um_00226_00238-1,-2.089299
s_016um_00399_00125-1,-2.2442968
s_016um_00404_00149-1,-2.2127748
s_016um_00045_00241-1,-2.7727015
s_016um_00219_00010-1,-2.1440125
s_016um_00361_00414-1,-4.404174
s_016um_00263_00188-1,-2.2278588
s_016um_00159_00288-1,-2.2212188
s_016um_00124_00389-1,-2.133305
s_016um_00133_00227-1,-2.5106516
s_016um_00412_00100-1,-2.0972154
s_016um_00060_00248-1,-2.1949666
s_016um_00271_00028-1,-2.1094437
s_016um_00240_00187-1,-2.0810707
s_016um_00342_00214-1,-2.0986753
s_016um_00350_00024-1,-2.134694
s_016um_00340_00404-1,-2.50143
s_016um_00098_00336-1,-2.2383103
s_016um_00078_00293-1,-2.0234165
s_016um_00268_00329-1,-2.2445686
s_016um_00087_00269-1,-2.052999
s_016um_00235_00186-1,-2.098611
s_016um_00067_00129-1,-2.3342614
s_016um_00223_00025-1,-2.5042722
s_016um_00242_00183-1,-2.0333605
s_016um_00126_00383-1,-2.141524
s_016um_00082_00198-1,-2.4901261
s_016um_00105_00066-1,-2.1718197
s_016um_00171_00371-1,-2.349696
s_016um_00332_00257-1,-2.3597338
s_016um_00333_00252-1,-2.4727747
s_016um_00263_00057-1,-2.2760646
s_016um_00270_00334-1,-2.231917
s_016um_00103_00391-1,-2.2248108
s_016um_00392_00344-1,-3.2706637
s_016um_00400_00365-1,-2.4292233
s_016um_00093_00280-1,-2.2698827
s_016um_00409_00145-1,-2.1774282
s_016um_00235_00265-1,-2.4895258
s_016um_00172_00373-1,-2.230877
s_016um_00089_00071-1,-2.243006
s_016um_00318_00163-1,-2.3375525
s_016um_00085_00072-1,-2.0964682
s_016um_00035_00330-1,-2.2705095
s_016um_00268_00227-1,-2.4484153
s_016um_00327_00225-1,-2.153582
s_016um_00272_00328-1,-2.3961332
s_016um_00325_00169-1,-1.840664
s_016um_00239_00092-1,-2.1305232
s_016um_00029_00093-1,-2.1597483
s_016um_00184_00031-1,-2.3354201
s_016um_00268_00229-1,-1.9762952
s_016um_00168_00378-1,-2.1485431
s_016um_00237_00088-1,-2.4308758
s_016um_00247_00088-1,-2.0065346
s_016um_00044_00208-1,-2.0569658
s_016um_00371_00143-1,-2.3999896
s_016um_00325_00303-1,-2.330549
s_016um_00097_00335-1,-2.2145598
s_016um_00387_00343-1,-2.604265
s_016um_00341_00401-1,-2.3751159
s_016um_00337_00252-1,-2.0022082
s_016um_00216_00167-1,-2.1400852
s_016um_00064_00231-1,-2.1327226
s_016um_00045_00246-1,-1.9864829
s_016um_00059_00246-1,-2.3134537
s_016um_00238_00355-1,-2.6824405
s_016um_00071_00233-1,-1.9674752
s_016um_00092_00272-1,-2.317487
s_016um_00140_00215-1,-2.272296
s_016um_00082_00201-1,-2.3738167
s_016um_00056_00243-1,-2.7030904
s_016um_00221_00015-1,-2.24558
s_016um_00213_00278-1,-2.1309006
s_016um_00260_00031-1,-2.1313772
s_016um_00354_00022-1,-2.1647718
s_016um_00273_00314-1,-2.1225867
s_016um_00404_00401-1,-6.863267
s_016um_00039_00011-1,-2.1291044
s_016um_00261_00135-1,-1.9204843
s_016um_00106_00384-1,-2.1876462
s_016um_00133_00225-1,-1.9915062
s_016um_00010_00154-1,-2.0427246
s_016um_00222_00230-1,-2.3397772
s_016um_00239_00189-1,-2.2724893
s_016um_00097_00339-1,-2.0458825
s_016um_00102_00385-1,-2.3149633
s_016um_00073_00250-1,-2.0100906
s_016um_00238_00358-1,-2.1325753
s_016um_00041_00010-1,-2.168361
s_016um_00181_00033-1,-2.3187327
s_016um_00397_00368-1,-2.460024
s_016um_00016_00267-1,-2.0578551
s_016um_00102_00069-1,-2.1841266
s_016um_00220_00167-1,-2.1485863
s_016um_00369_00099-1,-2.5803165
s_016um_00040_00097-1,-1.9841368
s_016um_00121_00144-1,-2.241838
s_016um_00369_00141-1,-2.1520448
s_016um_00197_00124-1,-2.0914662
s_016um_00359_00095-1,-2.050906
s_016um_00236_00358-1,-2.2582645
s_016um_00394_00217-1,-2.0772824
s_016um_00322_00162-1,-2.4763074
s_016um_00215_00278-1,-2.1918154
s_016um_00038_00207-1,-2.4290414
s_016um_00409_00147-1,-2.313052
s_016um_00219_00016-1,-2.0492325
s_016um_00276_00046-1,-1.9521432
s_016um_00355_00116-1,-2.0702384
s_016um_00224_00229-1,-2.1122558
s_016um_00373_00143-1,-2.7152202
s_016um_00216_00015-1,-2.1282856
s_016um_00147_00057-1,-2.2910976
s_016um_00355_00024-1,-2.254613
s_016um_00221_00166-1,-2.5174117
s_016um_00219_00233-1,-2.1430106
s_016um_00392_00184-1,-2.4622626
s_016um_00401_00126-1,-2.0665329
s_016um_00273_00227-1,-1.8975345
s_016um_00362_00223-1,-2.3185432
s_016um_00310_00053-1,-1.9712908
s_016um_00082_00193-1,-2.5451894
s_016um_00406_00128-1,-2.1426086
s_016um_00221_00232-1,-2.5603833
s_016um_00142_00219-1,-2.7635767
s_016um_00368_00122-1,-2.2125578
s_016um_00065_00134-1,-2.2845895
s_016um_00306_00059-1,-2.133805
s_016um_00359_00288-1,-2.2419467
s_016um_00280_00328-1,-2.1332338
s_016um_00365_00223-1,-2.1812515
s_016um_00222_00168-1,-1.8598931
s_016um_00222_00171-1,-2.3593988
s_016um_00392_00369-1,-2.4936771
s_016um_00033_00086-1,-2.1145139
s_016um_00189_00090-1,-2.2393725
s_016um_00028_00084-1,-2.3218415
s_016um_00224_00227-1,-2.203889
s_016um_00264_00185-1,-2.681784
s_016um_00088_00072-1,-2.1203444
s_016um_00362_00412-1,-3.6233397
s_016um_00383_00135-1,-2.164958
s_016um_00279_00135-1,-1.9715997
s_016um_00139_00018-1,-2.2986937
s_016um_00143_00018-1,-2.5923116
s_016um_00040_00011-1,-2.5503278
s_016um_00074_00242-1,-2.1606956
s_016um_00069_00132-1,-2.3095427
s_016um_00324_00120-1,-2.06437
s_016um_00399_00213-1,-2.4719257
s_016um_00007_00300-1,-2.1061215
s_016um_00141_00021-1,-3.2848592
s_016um_00167_00121-1,-2.604492
s_016um_00100_00390-1,-2.4825613
s_016um_00337_00398-1,-3.3173084
s_016um_00086_00194-1,-2.3285093
s_016um_00345_00219-1,-2.4583452
s_016um_00325_00120-1,-2.1707606
s_016um_00242_00083-1,-2.596862
s_016um_00329_00120-1,-2.0891736
s_016um_00066_00132-1,-2.2360315
s_016um_00173_00378-1,-2.2731519
s_016um_00277_00130-1,-2.2799633
s_016um_00329_00253-1,-2.0212786
s_016um_00376_00122-1,-2.9195294
s_016um_00106_00387-1,-2.2267241
s_016um_00408_00146-1,-2.1675608
s_016um_00416_00135-1,-2.2537215
s_016um_00227_00330-1,-2.2955089
s_016um_00350_00022-1,-2.076723
s_016um_00228_00267-1,-2.0774064
s_016um_00197_00127-1,-2.170621
s_016um_00049_00240-1,-2.0490487
s_016um_00224_00243-1,-2.1747835
s_016um_00283_00094-1,-2.2297683
s_016um_00174_00372-1,-2.181172
s_016um_00414_00098-1,-2.028708
s_016um_00345_00215-1,-2.5576065
s_016um_00401_00395-1,-4.427313
s_016um_00254_00019-1,-2.5787935
s_016um_00085_00264-1,-2.1019373
s_016um_00397_00361-1,-2.170915
s_016um_00094_00321-1,-1.9510796
s_016um_00084_00069-1,-2.4850037
s_016um_00271_00333-1,-2.2995398
s_016um_00037_00207-1,-2.1435087
s_016um_00129_00229-1,-2.2283688
s_016um_00230_00358-1,-2.2243881
s_016um_00146_00061-1,-2.1276035
s_016um_00403_00262-1,-2.1846845
s_016um_00361_00294-1,-2.0618744
s_016um_00193_00096-1,-2.2147691
s_016um_00388_00132-1,-2.1587737
s_016um_00397_00213-1,-2.3397853
s_016um_00102_00066-1,-2.192525
s_016um_00266_00028-1,-2.4745073
s_016um_00159_00293-1,-2.0348058
s_016um_00392_00185-1,-2.1267588
s_016um_00398_00363-1,-2.7081964
s_016um_00330_00118-1,-2.1457534
s_016um_00044_00238-1,-2.2561455
s_016um_00274_00048-1,-2.2614493
s_016um_00006_00298-1,-2.002656
s_016um_00035_00105-1,-2.3868227
s_016um_00060_00242-1,-2.2954764
s_016um_00319_00166-1,-2.109767
s_016um_00365_00230-1,-2.158529
s_016um_00096_00278-1,-2.3001912
s_016um_00147_00397-1,-2.3462188
s_016um_00082_00034-1,-2.1799448
s_016um_00313_00054-1,-2.3418798
s_016um_00215_00028-1,-2.2959538
s_016um_00168_00375-1,-2.2250817
s_016um_00336_00252-1,-2.206851
s_016um_00129_00094-1,-2.4372194
s_016um_00167_00377-1,-2.399859
s_016um_00310_00058-1,-2.9036524
s_016um_00038_00105-1,-2.3041394
s_016um_00276_00326-1,-2.4645262
s_016um_00099_00070-1,-2.1322622
s_016um_00402_00146-1,-2.2080126
s_016um_00045_00238-1,-2.3252409
s_016um_00101_00069-1,-2.178729
s_016um_00352_00096-1,-2.4570732
s_016um_00250_00027-1,-2.1621387
s_016um_00268_00224-1,-1.9537731
s_016um_00093_00270-1,-2.3658392
s_016um_00119_00147-1,-2.2016072
s_016um_00041_00047-1,-2.3052607
s_016um_00127_00390-1,-2.2152648
s_016um_00220_00237-1,-2.4883273
s_016um_00219_00283-1,-2.310678
s_016um_00102_00024-1,-2.2670424
s_016um_00399_00257-1,-2.536488
s_016um_00256_00191-1,-2.0075233
s_016um_00383_00131-1,-2.103003
s_016um_00406_00403-1,-7.0572186
s_016um_00034_00011-1,-2.308751
s_016um_00307_00060-1,-2.0795195
s_016um_00164_00293-1,-2.2751033
s_016um_00230_00267-1,-2.0059848
s_016um_00028_00088-1,-2.1806066
s_016um_00233_00262-1,-2.2327504
s_016um_00402_00149-1,-2.1630864
s_016um_00083_00197-1,-2.4405649
s_016um_00170_00370-1,-2.521675
s_016um_00139_00022-1,-2.1462164
s_016um_00235_00087-1,-2.239694
s_016um_00160_00291-1,-2.0936692
s_016um_00364_00101-1,-2.084877
s_016um_00220_00013-1,-2.0499134
s_016um_00009_00210-1,-2.066033
s_016um_00142_00016-1,-2.5352044
s_016um_00041_00217-1,-2.3022602
s_016um_00247_00023-1,-2.4222302
s_016um_00221_00230-1,-1.9508578
s_016um_00035_00008-1,-2.338552
s_016um_00007_00212-1,-2.4580078
s_016um_00359_00093-1,-2.0283813
s_016um_00093_00336-1,-1.9938805
s_016um_00194_00093-1,-2.300753
s_016um_00101_00027-1,-2.1639044
s_016um_00319_00167-1,-2.0274339
s_016um_00346_00220-1,-2.1215885
s_016um_00411_00105-1,-2.5636072
s_016um_00328_00303-1,-2.2425375
s_016um_00169_00129-1,-2.357553
s_016um_00322_00168-1,-2.3115935
s_016um_00334_00256-1,-2.220726
s_016um_00151_00395-1,-2.3936949
s_016um_00134_00219-1,-2.2357469
s_016um_00333_00122-1,-2.1756175
s_016um_00041_00048-1,-2.1923385
s_016um_00010_00208-1,-2.7513666
s_016um_00385_00128-1,-2.0175967
s_016um_00181_00026-1,-2.2840755
s_016um_00273_00330-1,-2.3743503
s_016um_00149_00396-1,-2.235797
s_016um_00182_00027-1,-2.0364738
s_016um_00287_00098-1,-2.2883024
s_016um_00344_00217-1,-2.233354
s_016um_00039_00043-1,-2.5141563
s_016um_00100_00384-1,-2.448201
s_016um_00047_00218-1,-2.163874
s_016um_00097_00067-1,-2.2187667
s_016um_00006_00301-1,-2.0501235
s_016um_00061_00127-1,-2.147077
s_016um_00090_00068-1,-2.014568
s_016um_00383_00126-1,-2.0430236
s_016um_00208_00149-1,-2.1068957
s_016um_00401_00372-1,-3.6529346
s_016um_00220_00017-1,-2.13975
s_016um_00351_00024-1,-2.0854063
s_016um_00216_00290-1,-2.2499702
s_016um_00340_00402-1,-2.4206467
s_016um_00025_00090-1,-2.3610399
s_016um_00146_00056-1,-2.2343204
s_016um_00089_00265-1,-2.0628154
s_016um_00006_00154-1,-2.3219593
s_016um_00404_00400-1,-7.1782913
s_016um_00327_00123-1,-1.96978
s_016um_00259_00134-1,-2.1060643
s_016um_00087_00271-1,-1.9775784
s_016um_00258_00131-1,-2.1655383
s_016um_00129_00388-1,-2.258901
s_016um_00149_00401-1,-2.0149846
s_016um_00133_00072-1,-2.0670946
s_016um_00369_00226-1,-2.168596
s_016um_00139_00074-1,-2.1065252
s_016um_00286_00094-1,-2.1726398
s_016um_00260_00192-1,-2.1185052
s_016um_00382_00126-1,-1.9241959
s_016um_00356_00415-1,-4.030233
s_016um_00005_00297-1,-2.5340164
s_016um_00390_00296-1,-2.2155201
s_016um_00359_00415-1,-4.0758266
s_016um_00152_00394-1,-2.3899405
s_016um_00225_00028-1,-2.084998
s_016um_00081_00069-1,-2.1865728
s_016um_00276_00131-1,-2.0244837
s_016um_00391_00338-1,-2.5012352
s_016um_00279_00045-1,-2.3202198
s_016um_00095_00342-1,-2.0865817
s_016um_00220_00173-1,-2.3222153
s_016um_00039_00211-1,-1.9723476
s_016um_00037_00171-1,-2.3251956
s_016um_00280_00132-1,-2.3868554
s_016um_00356_00020-1,-2.4961932
s_016um_00118_00150-1,-2.2335575
s_016um_00393_00362-1,-2.450521
s_016um_00243_00088-1,-2.3777623
s_016um_00075_00244-1,-2.2233407
s_016um_00160_00290-1,-2.2747388
s_016um_00357_00097-1,-2.2492151
s_016um_00386_00293-1,-2.2865193
s_016um_00016_00271-1,-2.3445175
s_016um_00097_00026-1,-2.142354
s_016um_00036_00046-1,-2.2064567
s_016um_00241_00082-1,-2.0022986
s_016um_00278_00330-1,-2.1646595
s_016um_00371_00098-1,-2.2482395
s_016um_00395_00218-1,-2.1320484
s_016um_00081_00242-1,-2.2013626
s_016um_00214_00013-1,-2.1103737
s_016um_00278_00324-1,-2.1784537
s_016um_00270_00230-1,-2.4619536
s_016um_00341_00212-1,-2.1845229
s_016um_00096_00276-1,-2.2647934
s_016um_00086_00033-1,-2.4873528
s_016um_00162_00288-1,-3.2089167
s_016um_00164_00286-1,-2.108997
s_016um_00090_00269-1,-2.0550518
s_016um_00331_00218-1,-2.2062252
s_016um_00265_00057-1,-2.1905398
s_016um_00332_00213-1,-2.3938525
s_016um_00394_00178-1,-2.1268797
s_016um_00029_00334-1,-2.2113345
s_016um_00274_00046-1,-2.1855342
s_016um_00270_00329-1,-2.3340006
s_016um_00097_00072-1,-2.1425745
s_016um_00008_00157-1,-2.1077971
s_016um_00095_00341-1,-2.133281
s_016um_00225_00030-1,-1.9891756
s_016um_00080_00300-1,-2.0309322
s_016um_00038_00173-1,-2.2207677
s_016um_00357_00095-1,-2.134762
s_016um_00078_00247-1,-2.076343
s_016um_00266_00337-1,-2.2416897
s_016um_00082_00279-1,-1.9196553
s_016um_00363_00228-1,-2.0588315
s_016um_00007_00293-1,-2.406327
s_016um_00272_00226-1,-1.9578388
s_016um_00094_00029-1,-2.2166207
s_016um_00401_00398-1,-5.1901226
s_016um_00370_00140-1,-2.2357652
s_016um_00055_00248-1,-2.8215241
s_016um_00047_00215-1,-2.1860948
s_016um_00218_00167-1,-2.1640322
s_016um_00272_00331-1,-2.2441614
s_016um_00044_00207-1,-2.4499688
s_016um_00344_00219-1,-2.3116388
s_016um_00101_00388-1,-2.60548
s_016um_00134_00225-1,-2.0605304
s_016um_00237_00092-1,-2.2369368
s_016um_00217_00016-1,-2.2716448
s_016um_00017_00270-1,-2.3156967
s_016um_00094_00319-1,-2.2207692
s_016um_00260_00183-1,-2.1083732
s_016um_00095_00319-1,-2.0500076
s_016um_00237_00354-1,-2.1472242
s_016um_00120_00147-1,-2.1129694
s_016um_00007_00157-1,-2.2145565
s_016um_00078_00294-1,-2.0282104
s_016um_00217_00284-1,-2.2932131
s_016um_00091_00265-1,-2.141252
s_016um_00165_00122-1,-2.0882514
s_016um_00356_00292-1,-2.2678685
s_016um_00353_00097-1,-2.2573059
s_016um_00081_00199-1,-2.1343946
s_016um_00130_00315-1,-2.237046
s_016um_00092_00335-1,-1.9911826
s_016um_00133_00090-1,-2.5139382
s_016um_00406_00124-1,-2.023165
s_016um_00395_00220-1,-2.2047653
s_016um_00045_00207-1,-2.0989146
s_016um_00028_00337-1,-2.29141
s_016um_00188_00095-1,-2.0239253
s_016um_00081_00238-1,-2.6517875
s_016um_00340_00403-1,-2.4310877
s_016um_00220_00027-1,-2.430224
s_016um_00101_00070-1,-2.149949
s_016um_00046_00210-1,-2.319329
s_016um_00222_00170-1,-2.0612817
s_016um_00087_00068-1,-2.101478
s_016um_00070_00234-1,-2.4227939
s_016um_00273_00206-1,-2.3513107
s_016um_00225_00243-1,-2.0893483
s_016um_00158_00292-1,-2.1496909
s_016um_00209_00294-1,-2.0914483
s_016um_00323_00299-1,-2.3752286
s_016um_00211_00031-1,-2.3579857
s_016um_00069_00129-1,-2.134352
s_016um_00324_00124-1,-2.1367912
s_016um_00086_00280-1,-2.0514796
s_016um_00332_00119-1,-2.2916987
s_016um_00128_00389-1,-2.1645408
s_016um_00323_00305-1,-2.3691242
s_016um_00041_00213-1,-3.240195
s_016um_00226_00330-1,-2.249997
s_016um_00235_00355-1,-2.2623827
s_016um_00217_00278-1,-2.1688616
s_016um_00082_00241-1,-2.237658
s_016um_00146_00394-1,-2.2931952
s_016um_00174_00374-1,-2.2194128
s_016um_00223_00330-1,-2.122494
s_016um_00215_00034-1,-2.2436917
s_016um_00328_00210-1,-2.156051
s_016um_00037_00173-1,-2.190582
s_016um_00017_00271-1,-2.226538
s_016um_00253_00031-1,-2.4992223
s_016um_00004_00154-1,-2.2249818
s_016um_00212_00293-1,-2.0994778
s_016um_00393_00360-1,-2.8801217
s_016um_00033_00336-1,-2.1602247
s_016um_00043_00216-1,-2.2016792
s_016um_00397_00364-1,-2.1329312
s_016um_00368_00097-1,-2.2608492
s_016um_00217_00029-1,-2.1418521
s_016um_00388_00343-1,-2.4569123
s_016um_00218_00283-1,-2.1038074
s_016um_00271_00226-1,-2.1457956
s_016um_00171_00373-1,-1.9850696
s_016um_00225_00251-1,-2.1690743
s_016um_00081_00280-1,-2.324759
s_016um_00272_00035-1,-2.32411
s_016um_00416_00101-1,-2.305024
s_016um_00365_00226-1,-2.024038
s_016um_00418_00136-1,-2.0335631
s_016um_00216_00293-1,-2.1180782
s_016um_00400_00256-1,-2.1495693
s_016um_00042_00179-1,-2.6024642
s_016um_00239_00181-1,-2.4405863
s_016um_00370_00100-1,-2.293521
s_016um_00047_00211-1,-2.0739942
s_016um_00130_00382-1,-2.0662205
s_016um_00127_00091-1,-2.2567117
s_016um_00273_00137-1,-2.2696664
