spot_id,predicted_protein_value
s_016um_00380_00137-1,-3.2463923
s_016um_00037_00102-1,-3.2544398
s_016um_00328_00304-1,-3.2313948
s_016um_00343_00400-1,-3.1585855
s_016um_00009_00155-1,-3.0165381
s_016um_00009_00150-1,-3.2678182
s_016um_00109_00316-1,-2.8271875
s_016um_00330_00253-1,-3.4425826
s_016um_00366_00225-1,-3.2513256
s_016um_00267_00058-1,-3.2630608
s_016um_00274_00229-1,-2.7089062
s_016um_00219_00167-1,-3.1765964
s_016um_00209_00032-1,-3.196659
s_016um_00112_00314-1,-2.8072278
s_016um_00122_00145-1,-3.1368268
s_016um_00201_00148-1,-3.1262321
s_016um_00232_00085-1,-2.8743367
s_016um_00034_00102-1,-3.3078408
s_016um_00080_00283-1,-3.1123219
s_016um_00142_00062-1,-2.9762406
s_016um_00242_00085-1,-2.6287298
s_016um_00382_00138-1,-3.2889915
s_016um_00321_00227-1,-2.9274204
s_016um_00081_00240-1,-3.2978888
s_016um_00362_00411-1,-3.5060048
s_016um_00323_00167-1,-2.7277348
s_016um_00323_00162-1,-3.094934
s_016um_00394_00215-1,-3.2389324
s_016um_00219_00026-1,-3.3324997
s_016um_00363_00414-1,-3.470501
s_016um_00233_00267-1,-2.8619642
s_016um_00033_00089-1,-2.9252293
s_016um_00082_00197-1,-3.2339077
s_016um_00235_00090-1,-2.6940176
s_016um_00127_00318-1,-2.9659448
s_016um_00040_00098-1,-3.1613696
s_016um_00217_00172-1,-3.3218791
s_016um_00259_00034-1,-2.9768138
s_016um_00276_00133-1,-3.2251525
s_016um_00325_00123-1,-3.2552185
s_016um_00341_00399-1,-3.1908724
s_016um_00191_00093-1,-3.0587366
s_016um_00129_00321-1,-2.7494347
s_016um_00263_00061-1,-3.0739937
s_016um_00341_00215-1,-3.1792154
s_016um_00270_00034-1,-2.9569438
s_016um_00395_00365-1,-3.6577291
s_016um_00083_00278-1,-3.0878575
s_016um_00134_00321-1,-2.4333067
s_016um_00038_00098-1,-3.213506
s_016um_00278_00048-1,-2.9515347
s_016um_00120_00149-1,-2.7444153
s_016um_00199_00149-1,-3.0032573
s_016um_00275_00229-1,-2.8836663
s_016um_00140_00022-1,-3.7196827
s_016um_00080_00236-1,-2.9377167
s_016um_00367_00099-1,-3.4042954
s_016um_00232_00263-1,-3.2244625
s_016um_00166_00129-1,-3.5013766
s_016um_00356_00115-1,-3.1466382
s_016um_00230_00250-1,-3.4161794
s_016um_00394_00181-1,-2.9988923
s_016um_00137_00222-1,-2.9059372
s_016um_00323_00228-1,-3.181559
s_016um_00343_00215-1,-3.1452801
s_016um_00124_00383-1,-2.8291655
s_016um_00111_00320-1,-3.1444232
s_016um_00199_00148-1,-3.0071814
s_016um_00034_00336-1,-3.003599
s_016um_00206_00149-1,-3.1062157
s_016um_00019_00265-1,-3.1607947
s_016um_00026_00089-1,-3.3987346
s_016um_00205_00153-1,-3.2842236
s_016um_00385_00292-1,-3.0304182
s_016um_00390_00181-1,-2.9579399
s_016um_00320_00166-1,-2.9719481
s_016um_00385_00293-1,-2.8884656
s_016um_00142_00218-1,-2.4979177
s_016um_00130_00233-1,-3.2825909
s_016um_00101_00030-1,-3.3641033
s_016um_00216_00292-1,-3.1812224
s_016um_00409_00101-1,-3.2202837
s_016um_00028_00335-1,-3.1774356
s_016um_00249_00020-1,-3.504489
s_016um_00260_00127-1,-3.3429174
s_016um_00217_00281-1,-2.9385717
s_016um_00081_00296-1,-3.0185678
s_016um_00368_00145-1,-3.316649
s_016um_00128_00316-1,-2.9052424
s_016um_00270_00058-1,-3.351869
s_016um_00138_00074-1,-2.6823916
s_016um_00236_00083-1,-3.0609577
s_016um_00266_00059-1,-3.3282084
s_016um_00076_00241-1,-2.7778373
s_016um_00320_00162-1,-3.0746865
s_016um_00216_00295-1,-3.0232613
s_016um_00043_00049-1,-3.1839077
s_016um_00376_00119-1,-3.2379882
s_016um_00099_00071-1,-3.2448053
s_016um_00273_00132-1,-3.0535676
s_016um_00145_00021-1,-3.601882
s_016um_00356_00410-1,-3.3919632
s_016um_00098_00340-1,-3.1938488
s_016um_00171_00128-1,-2.9912236
s_016um_00203_00149-1,-2.9564354
s_016um_00195_00090-1,-2.854092
s_016um_00098_00073-1,-3.130561
s_016um_00337_00255-1,-3.3426187
s_016um_00401_00259-1,-2.979533
s_016um_00211_00289-1,-3.2196972
s_016um_00372_00121-1,-3.1615007
s_016um_00087_00194-1,-3.076011
s_016um_00220_00226-1,-3.1269279
s_016um_00066_00126-1,-3.1627052
s_016um_00251_00020-1,-3.1453142
s_016um_00042_00044-1,-3.2278047
s_016um_00098_00027-1,-2.965142
s_016um_00228_00249-1,-3.0732303
s_016um_00038_00172-1,-3.385931
s_016um_00209_00296-1,-3.0144157
s_016um_00106_00385-1,-2.7560978
s_016um_00084_00266-1,-3.0355456
s_016um_00147_00399-1,-2.9514797
s_016um_00398_00182-1,-3.271599
s_016um_00273_00052-1,-2.7539506
s_016um_00101_00023-1,-3.136088
s_016um_00378_00137-1,-3.3001416
s_016um_00095_00277-1,-3.0345373
s_016um_00141_00223-1,-3.2814312
s_016um_00260_00133-1,-3.2353234
s_016um_00272_00058-1,-3.1759138
s_016um_00169_00370-1,-3.3100057
s_016um_00353_00023-1,-2.9752817
s_016um_00389_00292-1,-3.2805383
s_016um_00253_00026-1,-2.8951888
s_016um_00362_00226-1,-3.2536407
s_016um_00079_00236-1,-2.9164364
s_016um_00403_00150-1,-3.2560477
s_016um_00046_00209-1,-2.9698505
s_016um_00400_00402-1,-2.6930192
s_016um_00219_00281-1,-3.1624274
s_016um_00274_00225-1,-3.1787062
s_016um_00053_00248-1,-3.1574516
s_016um_00081_00292-1,-2.755981
s_016um_00361_00290-1,-2.8992078
s_016um_00277_00327-1,-3.1448262
s_016um_00138_00215-1,-2.7861915
s_016um_00074_00248-1,-2.8987036
s_016um_00083_00200-1,-3.1891384
s_016um_00329_00218-1,-3.3383536
s_016um_00005_00296-1,-3.3180501
s_016um_00276_00208-1,-3.219016
s_016um_00039_00178-1,-3.0213685
s_016um_00123_00386-1,-2.8168976
s_016um_00143_00020-1,-3.079774
s_016um_00407_00401-1,-3.0526056
s_016um_00391_00343-1,-3.7298386
s_016um_00031_00331-1,-3.1959586
s_016um_00228_00237-1,-3.2048664
s_016um_00218_00032-1,-2.815385
s_016um_00396_00220-1,-3.0970976
s_016um_00215_00282-1,-2.79487
s_016um_00008_00153-1,-3.5106802
s_016um_00102_00383-1,-2.9800873
s_016um_00184_00028-1,-3.2475793
s_016um_00266_00057-1,-3.4042442
s_016um_00141_00060-1,-3.5353158
s_016um_00193_00120-1,-3.073164
s_016um_00268_00332-1,-3.1903234
s_016um_00209_00031-1,-3.3554
s_016um_00354_00416-1,-4.0520716
s_016um_00365_00098-1,-2.8451679
s_016um_00041_00049-1,-3.491871
s_016um_00210_00296-1,-3.565896
s_016um_00089_00068-1,-3.17988
s_016um_00245_00086-1,-2.9356756
s_016um_00193_00130-1,-2.8700464
s_016um_00126_00089-1,-3.0175984
s_016um_00083_00071-1,-3.2738495
s_016um_00235_00268-1,-3.3015192
s_016um_00219_00280-1,-3.1772394
s_016um_00079_00241-1,-3.1879303
s_016um_00133_00230-1,-3.0069168
s_016um_00257_00034-1,-3.1508439
s_016um_00263_00187-1,-3.201056
s_016um_00394_00358-1,-3.5830863
s_016um_00105_00384-1,-2.9394827
s_016um_00129_00386-1,-2.9076421
s_016um_00262_00186-1,-2.8035965
s_016um_00417_00138-1,-3.113131
s_016um_00287_00092-1,-3.313905
s_016um_00177_00032-1,-3.623536
s_016um_00110_00318-1,-3.1181223
s_016um_00218_00277-1,-3.028942
s_016um_00260_00033-1,-3.017561
s_016um_00386_00295-1,-3.0540047
s_016um_00360_00286-1,-3.2410088
s_016um_00030_00331-1,-2.8621533
s_016um_00266_00332-1,-3.1009877
s_016um_00197_00123-1,-2.9127119
s_016um_00271_00221-1,-3.3803072
s_016um_00265_00033-1,-2.986479
s_016um_00273_00201-1,-2.7936754
s_016um_00359_00096-1,-2.998228
s_016um_00220_00030-1,-3.215306
s_016um_00097_00317-1,-2.7782726
s_016um_00346_00212-1,-3.0143206
s_016um_00389_00345-1,-3.3956084
s_016um_00067_00131-1,-3.432538
s_016um_00401_00403-1,-1.2429367
s_016um_00214_00029-1,-3.3918035
s_016um_00266_00036-1,-3.3216608
s_016um_00065_00235-1,-3.3864133
s_016um_00037_00045-1,-3.3742104
s_016um_00084_00029-1,-3.2414496
s_016um_00265_00336-1,-2.9998398
s_016um_00395_00217-1,-2.923658
s_016um_00214_00278-1,-2.8353567
s_016um_00077_00293-1,-3.3275175
s_016um_00280_00130-1,-2.7813907
s_016um_00088_00267-1,-3.2508287
s_016um_00372_00120-1,-2.9291651
s_016um_00109_00315-1,-2.9089124
s_016um_00416_00142-1,-3.332914
s_016um_00282_00325-1,-3.0073328
s_016um_00384_00128-1,-2.876174
s_016um_00102_00068-1,-2.8177855
s_016um_00005_00299-1,-2.9764643
s_016um_00361_00415-1,-3.031758
s_016um_00330_00214-1,-3.2017083
s_016um_00265_00058-1,-2.8667865
s_016um_00222_00031-1,-3.3422556
s_016um_00364_00228-1,-3.2103662
s_016um_00381_00134-1,-2.8095076
s_016um_00280_00204-1,-2.9631996
s_016um_00146_00018-1,-3.0892699
s_016um_00089_00067-1,-3.1551635
s_016um_00130_00086-1,-2.962582
s_016um_00408_00098-1,-3.1491163
s_016um_00060_00249-1,-3.3477147
s_016um_00334_00215-1,-2.9732268
s_016um_00095_00276-1,-3.1429977
s_016um_00403_00120-1,-3.3871875
s_016um_00267_00133-1,-2.9828455
s_016um_00229_00267-1,-3.2596748
s_016um_00384_00130-1,-3.3539608
s_016um_00029_00331-1,-2.932393
s_016um_00226_00332-1,-2.9659276
s_016um_00409_00152-1,-3.1300223
s_016um_00269_00037-1,-3.0963569
s_016um_00281_00315-1,-3.1144054
s_016um_00205_00148-1,-3.1807334
s_016um_00261_00190-1,-3.0091715
s_016um_00083_00030-1,-2.6262505
s_016um_00106_00320-1,-2.9154303
s_016um_00031_00087-1,-3.3221815
s_016um_00040_00041-1,-3.0680299
s_016um_00079_00268-1,-2.799331
s_016um_00400_00123-1,-3.2762346
s_016um_00218_00010-1,-3.1071963
s_016um_00270_00331-1,-3.5432029
s_016um_00140_00018-1,-3.3387043
s_016um_00209_00033-1,-3.1590729
s_016um_00267_00063-1,-2.6865482
s_016um_00041_00219-1,-2.996478
s_016um_00106_00389-1,-3.185574
s_016um_00355_00290-1,-2.9346995
s_016um_00094_00337-1,-3.1536558
s_016um_00035_00005-1,-3.1856387
s_016um_00220_00278-1,-2.8566144
s_016um_00275_00051-1,-2.849926
s_016um_00311_00054-1,-2.9905572
s_016um_00402_00395-1,-3.9266102
s_016um_00334_00402-1,-3.3425672
s_016um_00125_00092-1,-3.2305229
s_016um_00328_00121-1,-3.4516108
s_016um_00219_00012-1,-2.6503572
s_016um_00402_00216-1,-3.3268766
s_016um_00136_00069-1,-3.469516
s_016um_00140_00014-1,-3.118842
s_016um_00266_00330-1,-3.3895476
s_016um_00131_00315-1,-3.1958113
s_016um_00333_00210-1,-3.0360365
s_016um_00356_00090-1,-3.1584759
s_016um_00092_00320-1,-3.3593178
s_016um_00120_00148-1,-3.168814
s_016um_00138_00076-1,-3.2471879
s_016um_00077_00236-1,-2.8906446
s_016um_00268_00230-1,-3.284246
s_016um_00381_00139-1,-2.8686156
s_016um_00235_00362-1,-3.1686385
s_016um_00223_00230-1,-2.9635828
s_016um_00138_00221-1,-3.0288653
s_016um_00390_00338-1,-3.4162302
s_016um_00008_00295-1,-2.9896798
s_016um_00079_00280-1,-2.719251
s_016um_00277_00201-1,-3.0430279
s_016um_00399_00122-1,-2.951452
s_016um_00308_00052-1,-3.1280186
s_016um_00357_00120-1,-3.102391
s_016um_00071_00236-1,-3.2350168
s_016um_00367_00224-1,-3.1771479
s_016um_00145_00062-1,-2.8043072
s_016um_00085_00279-1,-3.1078672
s_016um_00278_00138-1,-3.1066601
s_016um_00044_00244-1,-2.854561
s_016um_00261_00335-1,-3.22393
s_016um_00180_00033-1,-3.0700645
s_016um_00088_00265-1,-2.9526112
s_016um_00130_00317-1,-3.3107302
s_016um_00323_00163-1,-2.7525833
s_016um_00359_00294-1,-3.0800056
s_016um_00219_00030-1,-3.1890123
s_016um_00048_00217-1,-2.8724005
s_016um_00008_00214-1,-2.84705
s_016um_00098_00315-1,-3.1049883
s_016um_00259_00189-1,-3.1818876
s_016um_00278_00316-1,-2.8223712
s_016um_00126_00088-1,-3.0937562
s_016um_00261_00127-1,-3.2741709
s_016um_00402_00121-1,-3.1413004
s_016um_00081_00271-1,-3.0337079
s_016um_00236_00188-1,-3.154074
s_016um_00370_00228-1,-3.2013948
s_016um_00129_00085-1,-2.8153043
s_016um_00030_00329-1,-2.887748
s_016um_00059_00244-1,-3.451418
s_016um_00040_00009-1,-2.849097
s_016um_00041_00178-1,-2.9899046
s_016um_00272_00033-1,-2.8168125
s_016um_00393_00363-1,-2.655177
s_016um_00094_00272-1,-3.5915794
s_016um_00353_00025-1,-2.9682183
s_016um_00163_00123-1,-3.4195652
s_016um_00085_00286-1,-2.7452004
s_016um_00033_00104-1,-3.1806233
s_016um_00146_00059-1,-3.5384133
s_016um_00073_00249-1,-2.981538
s_016um_00144_00398-1,-3.224066
s_016um_00106_00388-1,-3.266247
s_016um_00095_00318-1,-3.3173144
s_016um_00280_00329-1,-3.055035
s_016um_00383_00130-1,-3.0236752
s_016um_00061_00130-1,-3.0676875
s_016um_00396_00219-1,-3.491556
s_016um_00336_00251-1,-3.3443308
s_016um_00086_00029-1,-2.7365932
s_016um_00227_00251-1,-3.1176949
s_016um_00045_00210-1,-3.09047
s_016um_00145_00059-1,-3.045131
s_016um_00312_00059-1,-2.5486615
s_016um_00376_00120-1,-2.7999628
s_016um_00148_00396-1,-3.0210056
s_016um_00168_00371-1,-2.9137661
s_016um_00279_00325-1,-3.2145572
s_016um_00273_00333-1,-3.4624205
s_016um_00355_00123-1,-3.0846412
s_016um_00325_00231-1,-3.0359645
s_016um_00267_00130-1,-3.3138003
s_016um_00237_00188-1,-3.378366
s_016um_00384_00295-1,-3.0272114
s_016um_00033_00088-1,-3.03013
s_016um_00076_00296-1,-2.9502323
s_016um_00077_00299-1,-3.2612066
s_016um_00131_00389-1,-3.24789
s_016um_00278_00130-1,-3.124896
s_016um_00040_00214-1,-2.9233706
s_016um_00238_00188-1,-3.284923
s_016um_00128_00383-1,-2.8007567
s_016um_00396_00363-1,-3.40586
s_016um_00011_00154-1,-3.4429889
s_016um_00262_00127-1,-2.9837947
s_016um_00354_00024-1,-2.9787734
s_016um_00130_00232-1,-2.9294662
s_016um_00265_00054-1,-2.87453
s_016um_00234_00260-1,-3.032959
s_016um_00392_00360-1,-2.7898908
s_016um_00311_00056-1,-3.1919796
s_016um_00127_00383-1,-3.073237
s_016um_00085_00278-1,-3.2009645
s_016um_00265_00335-1,-2.9026508
s_016um_00133_00320-1,-2.9132488
s_016um_00017_00272-1,-2.9207635
s_016um_00046_00241-1,-3.2919502
s_016um_00216_00012-1,-2.9937603
s_016um_00329_00228-1,-3.2028086
s_016um_00042_00210-1,-3.1912167
s_016um_00093_00317-1,-3.079364
s_016um_00078_00252-1,-2.8190742
s_016um_00081_00243-1,-2.851176
s_016um_00259_00132-1,-2.4895027
s_016um_00046_00219-1,-3.0377986
s_016um_00351_00117-1,-3.17049
s_016um_00229_00331-1,-3.3478384
s_016um_00241_00189-1,-2.8026807
s_016um_00173_00371-1,-3.9201183
s_016um_00028_00091-1,-3.186018
s_016um_00220_00015-1,-3.2340708
s_016um_00076_00249-1,-3.0131748
s_016um_00277_00136-1,-3.3643897
s_016um_00351_00019-1,-2.9879358
s_016um_00358_00090-1,-3.153448
s_016um_00374_00121-1,-2.675033
s_016um_00185_00030-1,-3.0484707
s_016um_00346_00215-1,-3.0497687
s_016um_00210_00030-1,-2.6856537
s_016um_00399_00371-1,-3.0393803
s_016um_00367_00227-1,-2.8369215
s_016um_00081_00195-1,-3.3768578
s_016um_00014_00212-1,-3.3016431
s_016um_00339_00400-1,-3.1450167
s_016um_00086_00265-1,-3.0698133
s_016um_00277_00326-1,-3.4722223
s_016um_00072_00245-1,-2.8437905
s_016um_00082_00238-1,-3.0806854
s_016um_00183_00027-1,-3.0290108
s_016um_00371_00120-1,-3.1687598
s_016um_00220_00236-1,-3.204556
s_016um_00401_00368-1,-3.696066
s_016um_00136_00075-1,-3.1149244
s_016um_00341_00219-1,-2.9534092
s_016um_00264_00132-1,-3.194146
s_016um_00235_00185-1,-3.2826436
s_016um_00334_00212-1,-3.1237392
s_016um_00092_00267-1,-3.0911183
s_016um_00221_00168-1,-2.8315578
s_016um_00197_00126-1,-3.0928144
s_016um_00221_00228-1,-3.098563
s_016um_00100_00071-1,-3.1799984
s_016um_00259_00184-1,-3.3039756
s_016um_00357_00414-1,-4.000451
s_016um_00078_00292-1,-2.8661804
s_016um_00326_00231-1,-2.9346378
s_016um_00090_00072-1,-2.8968778
s_016um_00183_00028-1,-3.119788
s_016um_00265_00062-1,-3.2279646
s_016um_00223_00251-1,-2.9482858
s_016um_00042_00214-1,-3.5502138
s_016um_00234_00265-1,-2.7553139
s_016um_00093_00339-1,-2.8805907
s_016um_00328_00214-1,-2.9436288
s_016um_00141_00018-1,-2.9589117
s_016um_00221_00016-1,-2.899724
s_016um_00134_00319-1,-2.7855434
s_016um_00167_00372-1,-3.2650332
s_016um_00390_00298-1,-3.219981
s_016um_00270_00336-1,-3.4247513
s_016um_00265_00029-1,-3.1760514
s_016um_00141_00055-1,-2.9033968
s_016um_00407_00402-1,-2.536241
s_016um_00265_00330-1,-3.016248
s_016um_00275_00050-1,-2.7455173
s_016um_00313_00060-1,-2.8457048
s_016um_00229_00358-1,-3.004076
s_016um_00358_00292-1,-3.0457187
s_016um_00402_00255-1,-3.0122828
s_016um_00284_00094-1,-3.0418193
s_016um_00273_00312-1,-3.10065
s_016um_00288_00100-1,-2.8163502
s_016um_00081_00270-1,-3.0365903
s_016um_00131_00226-1,-3.1297169
s_016um_00396_00261-1,-3.5377176
s_016um_00087_00265-1,-3.038283
s_016um_00336_00256-1,-3.163397
s_016um_00102_00070-1,-3.7500482
s_016um_00273_00048-1,-2.8752155
s_016um_00263_00332-1,-3.1161458
s_016um_00275_00319-1,-3.730473
s_016um_00049_00215-1,-3.4671469
s_016um_00094_00342-1,-2.9785125
s_016um_00369_00123-1,-3.0628262
s_016um_00224_00168-1,-3.2221215
s_016um_00331_00251-1,-3.3482778
s_016um_00388_00298-1,-3.170887
s_016um_00222_00332-1,-2.954449
s_016um_00080_00240-1,-3.1706624
s_016um_00136_00315-1,-3.4367697
s_016um_00280_00047-1,-3.2487626
s_016um_00217_00028-1,-2.8577642
s_016um_00104_00071-1,-2.9223518
s_016um_00132_00230-1,-2.9330192
s_016um_00221_00011-1,-3.4572225
s_016um_00237_00084-1,-2.850879
s_016um_00079_00292-1,-2.9358673
s_016um_00396_00362-1,-3.4031336
s_016um_00079_00300-1,-2.7935205
s_016um_00224_00328-1,-3.1275737
s_016um_00086_00279-1,-3.184795
s_016um_00263_00055-1,-2.7406795
s_016um_00104_00384-1,-3.3322976
s_016um_00396_00183-1,-3.0236099
s_016um_00369_00225-1,-3.0048492
s_016um_00404_00404-1,-2.254591
s_016um_00389_00299-1,-3.2163675
s_016um_00040_00100-1,-3.133974
s_016um_00063_00133-1,-3.440007
s_016um_00224_00029-1,-2.9913592
s_016um_00140_00072-1,-3.0942287
s_016um_00318_00168-1,-3.283002
s_016um_00250_00019-1,-3.2202616
s_016um_00332_00253-1,-3.318118
s_016um_00351_00119-1,-2.8387175
s_016um_00107_00385-1,-2.8308775
s_016um_00044_00046-1,-2.9920309
s_016um_00261_00192-1,-3.196258
s_016um_00347_00214-1,-2.9219904
s_016um_00040_00176-1,-3.0611866
s_016um_00134_00090-1,-2.967989
s_016um_00351_00093-1,-3.216044
s_016um_00243_00082-1,-3.2717896
s_016um_00033_00329-1,-2.9979525
s_016um_00273_00208-1,-3.4562643
s_016um_00238_00359-1,-3.348211
s_016um_00362_00292-1,-3.371653
s_016um_00143_00056-1,-3.460212
s_016um_00122_00150-1,-2.992777
s_016um_00320_00168-1,-2.9495184
s_016um_00006_00295-1,-3.037961
s_016um_00075_00250-1,-3.3599396
s_016um_00398_00362-1,-3.7826703
s_016um_00027_00335-1,-2.9325895
s_016um_00339_00216-1,-2.8840175
s_016um_00213_00292-1,-3.1821465
s_016um_00334_00254-1,-3.7568913
s_016um_00099_00031-1,-3.029522
s_016um_00269_00059-1,-2.9072948
s_016um_00018_00272-1,-2.730474
s_016um_00228_00244-1,-3.0662231
s_016um_00011_00214-1,-3.059473
s_016um_00164_00291-1,-2.9408562
s_016um_00376_00143-1,-3.2169917
s_016um_00243_00187-1,-3.4064116
s_016um_00330_00210-1,-3.0864384
s_016um_00169_00122-1,-3.2543006
s_016um_00394_00176-1,-3.1051948
s_016um_00254_00028-1,-3.164647
s_016um_00144_00054-1,-3.3322296
s_016um_00084_00073-1,-3.3188865
s_016um_00225_00326-1,-3.5192924
s_016um_00134_00322-1,-3.0371478
s_016um_00088_00266-1,-3.0237741
s_016um_00074_00240-1,-3.299728
s_016um_00179_00026-1,-2.810331
s_016um_00217_00173-1,-3.068767
s_016um_00228_00250-1,-3.1440208
s_016um_00026_00087-1,-3.3575768
s_016um_00129_00233-1,-3.0761073
s_016um_00091_00270-1,-3.2077277
s_016um_00126_00091-1,-3.2717998
s_016um_00135_00314-1,-2.7653484
s_016um_00278_00132-1,-3.4444528
s_016um_00368_00142-1,-2.985492
s_016um_00126_00094-1,-2.9750466
s_016um_00230_00246-1,-3.0301967
s_016um_00091_00319-1,-2.9741879
s_016um_00044_00240-1,-2.950055
s_016um_00391_00184-1,-3.1930315
s_016um_00267_00223-1,-3.607963
s_016um_00036_00047-1,-3.3714163
s_016um_00143_00022-1,-3.2199895
s_016um_00131_00319-1,-2.5637608
s_016um_00089_00275-1,-2.9404519
s_016um_00272_00225-1,-3.0366175
s_016um_00139_00219-1,-3.38248
s_016um_00222_00248-1,-3.1320248
s_016um_00087_00266-1,-3.0095692
s_016um_00371_00122-1,-3.0514896
s_016um_00241_00183-1,-3.367166
s_016um_00191_00094-1,-3.2052839
s_016um_00269_00054-1,-3.1518755
s_016um_00056_00245-1,-2.8623898
s_016um_00370_00144-1,-3.2362897
s_016um_00153_00395-1,-3.0835893
s_016um_00050_00241-1,-3.3025935
s_016um_00224_00025-1,-2.925811
s_016um_00010_00299-1,-2.5689633
s_016um_00087_00034-1,-3.0521264
s_016um_00321_00301-1,-3.125099
s_016um_00236_00357-1,-3.285142
s_016um_00320_00229-1,-3.2986858
s_016um_00143_00015-1,-3.2903984
s_016um_00041_00208-1,-3.4024987
s_016um_00079_00198-1,-3.182503
s_016um_00088_00066-1,-3.4921339
s_016um_00086_00284-1,-2.89592
s_016um_00255_00025-1,-2.9458039
s_016um_00393_00361-1,-2.9412134
s_016um_00408_00396-1,-3.6110654
s_016um_00062_00127-1,-3.291717
s_016um_00043_00175-1,-2.9610844
s_016um_00274_00318-1,-3.575719
s_016um_00159_00291-1,-3.0877054
s_016um_00289_00092-1,-3.25065
s_016um_00106_00319-1,-2.903733
s_016um_00239_00187-1,-2.687883
s_016um_00388_00297-1,-3.592155
s_016um_00333_00250-1,-3.2340028
s_016um_00141_00216-1,-2.8764272
s_016um_00099_00027-1,-3.0192468
s_016um_00108_00317-1,-2.8849475
s_016um_00250_00026-1,-2.8529212
s_016um_00405_00122-1,-2.9343219
s_016um_00116_00146-1,-3.3773415
s_016um_00368_00099-1,-4.6229496
s_016um_00267_00226-1,-3.3389795
s_016um_00103_00389-1,-3.1280925
s_016um_00403_00401-1,-2.6098564
s_016um_00240_00184-1,-3.2862837
s_016um_00021_00271-1,-3.5953863
s_016um_00127_00087-1,-3.1450975
s_016um_00275_00326-1,-3.6216142
s_016um_00082_00277-1,-3.0080109
s_016um_00234_00263-1,-3.2919984
s_016um_00368_00143-1,-3.02227
s_016um_00412_00099-1,-2.982308
s_016um_00048_00241-1,-3.242472
s_016um_00224_00031-1,-2.9140403
s_016um_00395_00361-1,-2.9578326
s_016um_00096_00028-1,-2.8116443
s_016um_00266_00226-1,-2.8355794
s_016um_00065_00231-1,-3.3564446
s_016um_00397_00256-1,-3.1801577
s_016um_00404_00123-1,-3.0234926
s_016um_00216_00294-1,-3.064841
s_016um_00153_00396-1,-3.067997
s_016um_00217_00168-1,-2.679704
s_016um_00390_00359-1,-3.1699924
s_016um_00091_00276-1,-3.2693386
s_016um_00333_00258-1,-3.0189342
s_016um_00279_00315-1,-3.2760785
s_016um_00277_00050-1,-3.1888967
s_016um_00415_00101-1,-3.2660573
s_016um_00210_00292-1,-3.1367977
s_016um_00141_00218-1,-2.8340554
s_016um_00239_00185-1,-3.2921443
s_016um_00254_00026-1,-3.0526004
s_016um_00078_00236-1,-2.453341
s_016um_00364_00099-1,-3.3103478
s_016um_00131_00390-1,-3.2864094
s_016um_00257_00190-1,-3.1460743
s_016um_00368_00229-1,-2.8623796
s_016um_00273_00228-1,-2.8806508
s_016um_00142_00023-1,-2.8966892
s_016um_00309_00060-1,-2.89353
s_016um_00166_00124-1,-3.286533
s_016um_00083_00036-1,-3.0603497
s_016um_00227_00264-1,-2.941645
s_016um_00058_00249-1,-2.9271643
s_016um_00368_00120-1,-3.2428136
s_016um_00257_00188-1,-2.6544917
s_016um_00387_00338-1,-3.1340275
s_016um_00280_00321-1,-3.136574
s_016um_00108_00384-1,-2.8545535
s_016um_00085_00069-1,-3.4583697
s_016um_00189_00127-1,-3.0939448
s_016um_00086_00036-1,-2.7771266
s_016um_00096_00277-1,-3.0043235
s_016um_00098_00317-1,-2.6659718
s_016um_00261_00131-1,-2.9526646
s_016um_00095_00272-1,-3.061513
s_016um_00099_00068-1,-2.9963646
s_016um_00342_00213-1,-2.9535172
s_016um_00013_00210-1,-3.2242973
s_016um_00009_00156-1,-3.0686615
s_016um_00391_00357-1,-3.6593556
s_016um_00329_00211-1,-3.240363
s_016um_00408_00124-1,-3.0455484
s_016um_00119_00151-1,-3.2273378
s_016um_00070_00129-1,-3.0648072
s_016um_00351_00118-1,-3.5101185
s_016um_00309_00052-1,-3.0816247
s_016um_00305_00056-1,-3.0762262
s_016um_00390_00343-1,-2.9982305
s_016um_00026_00084-1,-3.077743
s_016um_00326_00121-1,-3.4051208
s_016um_00239_00358-1,-2.8686209
s_016um_00220_00012-1,-2.9752076
s_016um_00165_00374-1,-2.6848776
s_016um_00134_00070-1,-3.0940945
s_016um_00280_00136-1,-2.9526613
s_016um_00228_00246-1,-3.0562117
s_016um_00077_00249-1,-2.9250596
s_016um_00394_00214-1,-3.2230058
s_016um_00375_00141-1,-2.8528857
s_016um_00042_00176-1,-3.343139
s_016um_00222_00244-1,-2.7297199
s_016um_00005_00151-1,-3.4672194
s_016um_00071_00231-1,-2.6213415
s_016um_00396_00359-1,-3.9743807
s_016um_00141_00059-1,-3.1402385
s_016um_00222_00280-1,-3.3767292
s_016um_00331_00120-1,-3.333847
s_016um_00224_00333-1,-3.0482223
s_016um_00269_00034-1,-2.7455301
s_016um_00403_00403-1,-1.4635478
s_016um_00221_00013-1,-3.0015962
s_016um_00145_00061-1,-3.0002713
s_016um_00034_00009-1,-3.1683605
s_016um_00095_00334-1,-3.101536
s_016um_00401_00370-1,-3.3429568
s_016um_00360_00287-1,-3.1182835
s_016um_00101_00391-1,-3.2219388
s_016um_00279_00204-1,-3.190644
s_016um_00404_00396-1,-4.282398
s_016um_00082_00299-1,-2.8358784
s_016um_00388_00293-1,-3.5186162
s_016um_00181_00031-1,-3.6442988
s_016um_00107_00319-1,-1.7902702
s_016um_00104_00382-1,-2.7747107
s_016um_00286_00093-1,-3.2583153
s_016um_00330_00215-1,-3.5909705
s_016um_00065_00127-1,-3.1965058
s_016um_00391_00299-1,-3.6867797
s_016um_00245_00087-1,-3.0682213
s_016um_00217_00034-1,-2.9373765
s_016um_00273_00226-1,-3.3923573
s_016um_00368_00096-1,-2.968154
s_016um_00096_00336-1,-3.4602742
s_016um_00277_00045-1,-2.7083185
s_016um_00086_00066-1,-2.8613453
s_016um_00240_00185-1,-3.4208198
s_016um_00277_00318-1,-3.0527384
s_016um_00139_00221-1,-3.0761108
s_016um_00287_00091-1,-3.2371533
s_016um_00222_00016-1,-3.208015
s_016um_00226_00233-1,-3.239746
s_016um_00261_00134-1,-2.9914432
s_016um_00405_00395-1,-5.011744
s_016um_00143_00063-1,-3.659738
s_016um_00081_00283-1,-2.887402
s_016um_00232_00354-1,-3.4541435
s_016um_00168_00126-1,-2.9275494
s_016um_00278_00311-1,-3.2465181
s_016um_00399_00258-1,-3.1013367
s_016um_00271_00059-1,-3.2201664
s_016um_00140_00074-1,-3.0209906
s_016um_00044_00043-1,-3.1898685
s_016um_00216_00226-1,-3.3257246
s_016um_00319_00168-1,-3.0503716
s_016um_00132_00388-1,-3.2041533
s_016um_00225_00332-1,-3.2673638
s_016um_00390_00360-1,-3.3376658
s_016um_00062_00128-1,-3.4453917
s_016um_00320_00167-1,-2.9647665
s_016um_00008_00207-1,-3.2178035
s_016um_00132_00088-1,-3.1102667
s_016um_00244_00089-1,-3.095422
s_016um_00260_00193-1,-2.9552202
s_016um_00108_00313-1,-3.0261562
s_016um_00066_00232-1,-2.9372916
s_016um_00336_00250-1,-3.2838504
s_016um_00130_00385-1,-2.9200819
s_016um_00272_00336-1,-3.1668944
s_016um_00074_00245-1,-3.3206565
s_016um_00140_00062-1,-3.2577121
s_016um_00402_00401-1,-3.2609355
s_016um_00132_00389-1,-3.111853
s_016um_00273_00317-1,-3.3084564
s_016um_00389_00342-1,-3.5057127
s_016um_00082_00281-1,-2.6441724
s_016um_00260_00131-1,-2.9965682
s_016um_00215_00281-1,-3.0044546
s_016um_00097_00025-1,-3.6079435
s_016um_00097_00028-1,-3.2342007
s_016um_00005_00298-1,-3.3437228
s_016um_00128_00231-1,-2.710598
s_016um_00102_00028-1,-3.0897558
s_016um_00353_00092-1,-3.1021094
s_016um_00360_00412-1,-3.300453
s_016um_00368_00123-1,-3.458912
s_016um_00397_00366-1,-3.0554514
s_016um_00100_00389-1,-3.908895
s_016um_00264_00062-1,-3.416203
s_016um_00371_00146-1,-2.9841888
s_016um_00241_00187-1,-3.1393857
s_016um_00069_00233-1,-2.9902468
s_016um_00403_00259-1,-3.7897232
s_016um_00217_00232-1,-2.9415321
s_016um_00087_00032-1,-3.4686139
s_016um_00100_00317-1,-3.3169055
s_016um_00271_00334-1,-3.1512156
s_016um_00358_00414-1,-4.217434
s_016um_00245_00085-1,-2.6575236
s_016um_00357_00118-1,-3.0750968
s_016um_00068_00131-1,-3.3439407
s_016um_00412_00101-1,-2.9735515
s_016um_00224_00024-1,-3.2748187
s_016um_00097_00275-1,-3.031068
s_016um_00335_00212-1,-3.04267
s_016um_00201_00150-1,-2.5531638
s_016um_00393_00365-1,-3.5372734
s_016um_00214_00295-1,-3.0655386
s_016um_00138_00070-1,-3.1480088
s_016um_00349_00019-1,-3.08996
s_016um_00227_00333-1,-2.8694324
s_016um_00233_00361-1,-3.2448478
s_016um_00035_00003-1,-3.093201
s_016um_00165_00291-1,-3.1126194
s_016um_00405_00400-1,-2.8551478
s_016um_00333_00253-1,-3.2832937
s_016um_00045_00206-1,-2.901233
s_016um_00314_00057-1,-3.2435317
s_016um_00400_00397-1,-3.8954272
s_016um_00348_00019-1,-3.2514305
s_016um_00391_00178-1,-3.4196444
s_016um_00346_00218-1,-3.3505456
s_016um_00321_00166-1,-3.148226
s_016um_00094_00334-1,-2.9618936
s_016um_00397_00212-1,-2.9234207
s_016um_00415_00098-1,-2.7255101
s_016um_00398_00213-1,-2.747855
s_016um_00196_00129-1,-2.9817038
s_016um_00261_00187-1,-3.1633568
s_016um_00125_00389-1,-3.140047
s_016um_00009_00213-1,-2.9398227
s_016um_00407_00149-1,-3.2571194
s_016um_00136_00217-1,-2.8682384
s_016um_00085_00283-1,-2.9881008
s_016um_00039_00103-1,-3.1590133
s_016um_00250_00021-1,-3.0625536
s_016um_00162_00290-1,-3.002497
s_016um_00243_00184-1,-3.2488406
s_016um_00079_00237-1,-2.8003905
s_016um_00132_00315-1,-2.7840114
s_016um_00272_00028-1,-2.902967
s_016um_00237_00184-1,-3.0145986
s_016um_00013_00296-1,-3.0674798
s_016um_00127_00386-1,-2.8085895
s_016um_00038_00041-1,-3.5246
s_016um_00368_00224-1,-3.1442502
s_016um_00145_00398-1,-3.4000723
s_016um_00351_00022-1,-3.1204696
s_016um_00246_00088-1,-3.3150878
s_016um_00101_00067-1,-3.1070638
s_016um_00394_00367-1,-2.913137
s_016um_00284_00098-1,-3.2559035
s_016um_00330_00121-1,-3.0518808
s_016um_00036_00043-1,-3.1198318
s_016um_00268_00032-1,-3.299155
s_016um_00415_00104-1,-3.1416569
s_016um_00084_00066-1,-3.1473258
s_016um_00098_00335-1,-2.9623852
s_016um_00087_00268-1,-3.2040377
s_016um_00404_00398-1,-3.8415601
s_016um_00014_00209-1,-3.1055822
s_016um_00215_00229-1,-2.868128
s_016um_00219_00227-1,-2.85644
s_016um_00042_00215-1,-2.722407
s_016um_00271_00048-1,-2.991303
s_016um_00132_00322-1,-3.043805
s_016um_00130_00231-1,-3.1966066
s_016um_00319_00228-1,-2.675432
s_016um_00326_00300-1,-3.087791
s_016um_00398_00216-1,-3.1457117
s_016um_00280_00137-1,-2.8090205
s_016um_00222_00173-1,-2.6678667
s_016um_00393_00366-1,-3.6083143
s_016um_00194_00129-1,-3.2460377
s_016um_00137_00068-1,-3.0181637
s_016um_00138_00017-1,-2.8619895
s_016um_00035_00004-1,-3.4857068
s_016um_00016_00269-1,-2.995205
s_016um_00349_00022-1,-2.8485436
s_016um_00256_00026-1,-3.761806
s_016um_00011_00209-1,-3.2089856
s_016um_00362_00293-1,-3.404738
s_016um_00400_00264-1,-3.0247607
s_016um_00005_00150-1,-3.2329366
s_016um_00265_00055-1,-2.6308
s_016um_00356_00025-1,-2.8128996
s_016um_00032_00091-1,-2.9458797
s_016um_00082_00284-1,-3.4098608
s_016um_00121_00151-1,-2.730342
s_016um_00087_00067-1,-2.96279
s_016um_00037_00049-1,-2.9301703
s_016um_00364_00097-1,-3.1854305
s_016um_00352_00118-1,-3.0668595
s_016um_00241_00090-1,-3.0701437
s_016um_00131_00322-1,-3.2830615
s_016um_00055_00249-1,-2.6458216
s_016um_00220_00277-1,-2.85456
s_016um_00410_00146-1,-3.1654613
s_016um_00355_00291-1,-3.0174344
s_016um_00099_00319-1,-3.022927
s_016um_00221_00277-1,-3.202162
s_016um_00274_00314-1,-3.105986
s_016um_00222_00250-1,-2.991295
s_016um_00130_00092-1,-3.0979471
s_016um_00038_00210-1,-3.043932
s_016um_00404_00257-1,-2.9491808
s_016um_00392_00182-1,-2.953057
s_016um_00182_00025-1,-3.2387693
s_016um_00408_00101-1,-3.3733861
s_016um_00098_00022-1,-3.344808
s_016um_00392_00343-1,-2.8320327
s_016um_00192_00124-1,-3.0849311
s_016um_00116_00145-1,-3.5361488
s_016um_00116_00150-1,-3.1295269
s_016um_00083_00295-1,-2.9400308
s_016um_00214_00294-1,-3.1216683
s_016um_00290_00097-1,-2.9014082
s_016um_00084_00267-1,-3.1729558
s_016um_00325_00230-1,-3.170362
s_016um_00353_00091-1,-2.91887
s_016um_00248_00019-1,-3.0630267
s_016um_00029_00083-1,-2.9626014
s_016um_00406_00152-1,-2.897866
s_016um_00135_00233-1,-2.883272
s_016um_00135_00225-1,-3.0079467
s_016um_00099_00072-1,-2.983351
s_016um_00141_00054-1,-3.419107
s_016um_00087_00199-1,-3.3085985
s_016um_00207_00152-1,-3.0192673
s_016um_00324_00300-1,-2.9943538
s_016um_00028_00092-1,-3.0580232
s_016um_00264_00330-1,-2.5976276
s_016um_00089_00072-1,-3.5432804
s_016um_00101_00072-1,-3.2559986
s_016um_00112_00319-1,-2.8711946
s_016um_00325_00166-1,-2.9463015
s_016um_00072_00247-1,-2.9949553
s_016um_00084_00272-1,-3.0255697
s_016um_00223_00332-1,-3.3741107
s_016um_00047_00241-1,-3.428773
s_016um_00080_00195-1,-3.0890758
s_016um_00333_00212-1,-2.989009
s_016um_00353_00090-1,-3.152296
s_016um_00394_00371-1,-3.5285954
s_016um_00032_00092-1,-3.1240537
s_016um_00214_00283-1,-2.8539345
s_016um_00356_00114-1,-2.9467938
s_016um_00177_00028-1,-3.0648813
s_016um_00252_00025-1,-3.2600367
s_016um_00225_00249-1,-3.0358415
s_016um_00247_00090-1,-2.9291253
s_016um_00080_00280-1,-3.0447772
s_016um_00224_00233-1,-2.7896774
s_016um_00280_00051-1,-3.0310826
s_016um_00034_00098-1,-3.211729
s_016um_00406_00399-1,-1.8821228
s_016um_00395_00338-1,-3.1783774
s_016um_00406_00127-1,-2.8651707
s_016um_00404_00153-1,-3.3601246
s_016um_00042_00047-1,-3.1159658
s_016um_00009_00212-1,-3.7746637
s_016um_00383_00133-1,-3.0682256
s_016um_00219_00011-1,-3.081894
s_016um_00011_00297-1,-2.9843876
s_016um_00388_00294-1,-3.3557534
s_016um_00027_00091-1,-3.1225834
s_016um_00212_00034-1,-2.970116
s_016um_00256_00190-1,-3.0590465
s_016um_00329_00213-1,-3.0318742
s_016um_00343_00214-1,-2.949216
s_016um_00224_00032-1,-3.2515624
s_016um_00278_00050-1,-2.3099296
s_016um_00377_00138-1,-3.3839142
s_016um_00348_00213-1,-3.0428092
s_016um_00207_00146-1,-2.9063094
s_016um_00321_00302-1,-3.2266417
s_016um_00140_00020-1,-3.3864007
s_016um_00355_00115-1,-3.2459366
s_016um_00040_00170-1,-3.4901822
s_016um_00405_00145-1,-3.1074474
s_016um_00095_00315-1,-3.2868671
s_016um_00265_00032-1,-2.8698964
s_016um_00088_00032-1,-3.0748777
s_016um_00216_00168-1,-3.2369645
s_016um_00096_00320-1,-2.9362884
s_016um_00359_00117-1,-3.0745249
s_016um_00092_00279-1,-2.6621308
s_016um_00402_00127-1,-3.088821
s_016um_00415_00140-1,-3.219997
s_016um_00354_00290-1,-3.1281374
s_016um_00139_00218-1,-2.8678586
s_016um_00395_00373-1,-3.1571794
s_016um_00217_00026-1,-3.2884278
s_016um_00321_00232-1,-3.015985
s_016um_00264_00130-1,-3.1574955
s_016um_00313_00052-1,-2.806827
s_016um_00086_00268-1,-2.9238057
s_016um_00169_00125-1,-3.101703
s_016um_00018_00263-1,-3.2109456
s_016um_00407_00123-1,-3.0088193
s_016um_00029_00087-1,-2.9408095
s_016um_00085_00065-1,-3.104617
s_016um_00140_00076-1,-4.0796943
s_016um_00014_00270-1,-3.1426232
s_016um_00266_00132-1,-3.104406
s_016um_00125_00093-1,-2.8886464
s_016um_00231_00263-1,-2.571488
s_016um_00151_00401-1,-3.0329156
s_016um_00071_00246-1,-2.5591445
s_016um_00263_00184-1,-2.9301925
s_016um_00258_00031-1,-2.7519543
s_016um_00099_00073-1,-3.2746043
s_016um_00332_00216-1,-3.0504622
s_016um_00152_00396-1,-3.1044388
s_016um_00214_00281-1,-2.918419
s_016um_00083_00272-1,-3.1045656
s_016um_00212_00295-1,-3.0189197
s_016um_00405_00149-1,-3.2332733
s_016um_00279_00044-1,-3.1338356
s_016um_00221_00330-1,-3.0205927
s_016um_00081_00030-1,-3.0579362
s_016um_00414_00136-1,-2.8167658
s_016um_00133_00076-1,-3.014279
s_016um_00360_00414-1,-3.365204
s_016um_00326_00166-1,-3.108376
s_016um_00403_00399-1,-2.6982048
s_016um_00369_00223-1,-3.2568567
s_016um_00237_00356-1,-3.2252755
s_016um_00041_00210-1,-3.4189248
s_016um_00008_00211-1,-3.4885132
s_016um_00201_00145-1,-3.0508971
s_016um_00230_00360-1,-3.1869226
s_016um_00147_00394-1,-3.0974014
s_016um_00146_00399-1,-3.0560296
s_016um_00360_00410-1,-3.0928037
s_016um_00080_00035-1,-3.1587496
s_016um_00010_00214-1,-3.156854
s_016um_00383_00128-1,-2.9683297
s_016um_00399_00126-1,-3.221174
s_016um_00324_00123-1,-3.1399984
s_016um_00093_00319-1,-3.2190948
s_016um_00093_00274-1,-2.9721944
s_016um_00280_00316-1,-3.1182654
s_016um_00327_00125-1,-3.0628545
s_016um_00261_00191-1,-3.1025076
s_016um_00111_00314-1,-3.0861566
s_016um_00049_00242-1,-3.3617995
s_016um_00284_00096-1,-2.8218217
s_016um_00041_00103-1,-3.1547997
s_016um_00387_00298-1,-2.8133373
s_016um_00144_00060-1,-3.3673828
s_016um_00320_00169-1,-3.2930026
s_016um_00231_00266-1,-2.9885874
s_016um_00171_00124-1,-3.1064572
s_016um_00032_00330-1,-3.1849906
s_016um_00227_00234-1,-3.7464619
s_016um_00136_00221-1,-3.2073002
s_016um_00059_00249-1,-3.186403
s_016um_00399_00367-1,-4.149046
s_016um_00396_00262-1,-3.3990393
s_016um_00043_00245-1,-3.105955
s_016um_00167_00378-1,-3.197871
s_016um_00064_00127-1,-3.3489432
s_016um_00043_00179-1,-3.3310468
s_016um_00114_00318-1,-3.0423684
s_016um_00213_00289-1,-3.3822708
s_016um_00328_00301-1,-3.562172
s_016um_00096_00322-1,-3.1707072
s_016um_00279_00050-1,-2.4813561
s_016um_00353_00093-1,-2.562725
s_016um_00041_00100-1,-2.8983896
s_016um_00398_00358-1,-3.5374022
s_016um_00355_00092-1,-2.9163353
s_016um_00280_00324-1,-3.5060878
s_016um_00081_00272-1,-2.9495194
s_016um_00113_00315-1,-2.915554
s_016um_00280_00312-1,-2.9048743
s_016um_00039_00204-1,-2.9550862
s_016um_00048_00242-1,-3.758337
s_016um_00035_00331-1,-3.3513098
s_016um_00374_00120-1,-3.1248531
s_016um_00176_00029-1,-3.4913986
s_016um_00131_00384-1,-3.0894244
s_016um_00058_00243-1,-3.1395364
s_016um_00214_00282-1,-2.848463
s_016um_00289_00100-1,-3.0519063
s_016um_00235_00261-1,-3.0466309
s_016um_00372_00146-1,-3.1970932
s_016um_00085_00070-1,-2.7712562
s_016um_00132_00073-1,-3.0539145
s_016um_00172_00376-1,-2.9402225
s_016um_00268_00033-1,-3.1955373
s_016um_00253_00028-1,-3.1340759
s_016um_00321_00305-1,-3.1630898
s_016um_00097_00338-1,-3.3329856
s_016um_00380_00128-1,-3.1417146
s_016um_00128_00388-1,-3.0871713
s_016um_00232_00260-1,-3.030114
s_016um_00232_00087-1,-2.9862978
s_016um_00284_00099-1,-2.7488973
s_016um_00184_00029-1,-3.1780164
s_016um_00243_00189-1,-2.8853567
s_016um_00275_00045-1,-3.1979249
s_016um_00009_00209-1,-3.3227057
s_016um_00046_00244-1,-2.7359793
s_016um_00222_00233-1,-3.2282362
s_016um_00253_00022-1,-2.9744506
s_016um_00083_00283-1,-2.856857
s_016um_00374_00144-1,-2.8404195
s_016um_00117_00151-1,-3.028036
s_016um_00078_00242-1,-3.1087294
s_016um_00400_00216-1,-3.1165237
s_016um_00094_00333-1,-3.163647
s_016um_00222_00331-1,-3.139609
s_016um_00130_00087-1,-2.9897969
s_016um_00261_00129-1,-2.9131289
s_016um_00215_00280-1,-3.0484252
s_016um_00226_00235-1,-3.1653085
s_016um_00387_00296-1,-3.3474426
s_016um_00338_00401-1,-3.2856688
s_016um_00394_00357-1,-2.8003333
s_016um_00039_00174-1,-3.165818
s_016um_00090_00069-1,-3.194758
s_016um_00213_00279-1,-3.219125
s_016um_00240_00084-1,-3.2505631
s_016um_00266_00034-1,-2.6302495
s_016um_00249_00019-1,-3.0533745
s_016um_00216_00227-1,-3.0481734
s_016um_00264_00188-1,-2.8001285
s_016um_00010_00298-1,-3.2762434
s_016um_00118_00151-1,-2.8783557
s_016um_00027_00085-1,-2.8741212
s_016um_00276_00201-1,-2.7148428
s_016um_00174_00371-1,-3.1378467
s_016um_00355_00411-1,-2.780653
s_016um_00042_00240-1,-3.0853472
s_016um_00084_00270-1,-2.9433866
s_016um_00405_00396-1,-3.5674257
s_016um_00402_00399-1,-3.1039293
s_016um_00096_00026-1,-2.8944142
s_016um_00281_00205-1,-2.8011193
s_016um_00168_00129-1,-3.4266424
s_016um_00071_00250-1,-3.0568833
s_016um_00383_00138-1,-3.0378742
s_016um_00082_00066-1,-3.2173262
s_016um_00371_00226-1,-3.1988587
s_016um_00091_00069-1,-3.072571
s_016um_00229_00265-1,-2.9716907
s_016um_00238_00182-1,-2.8951902
s_016um_00268_00225-1,-3.4026983
s_016um_00085_00280-1,-3.0069852
s_016um_00372_00098-1,-2.7281125
s_016um_00390_00295-1,-2.834249
s_016um_00242_00086-1,-2.799713
s_016um_00083_00067-1,-2.818233
s_016um_00355_00094-1,-3.1506205
s_016um_00393_00218-1,-3.110717
s_016um_00025_00085-1,-2.9002326
s_016um_00010_00155-1,-3.168473
s_016um_00379_00137-1,-3.6160254
s_016um_00264_00332-1,-3.2080681
s_016um_00357_00122-1,-3.1982749
s_016um_00072_00252-1,-3.4041882
s_016um_00384_00131-1,-3.3276231
s_016um_00389_00339-1,-3.0140631
s_016um_00225_00229-1,-3.026146
s_016um_00217_00283-1,-3.2335649
s_016um_00233_00356-1,-3.1099389
s_016um_00010_00152-1,-3.0672686
s_016um_00257_00031-1,-2.8833797
s_016um_00328_00227-1,-3.1911736
s_016um_00237_00086-1,-2.8005755
s_016um_00034_00337-1,-3.027577
s_016um_00057_00241-1,-2.9584184
s_016um_00222_00169-1,-2.895312
s_016um_00063_00128-1,-3.3209853
s_016um_00373_00145-1,-3.1373107
s_016um_00039_00100-1,-3.2634773
s_016um_00347_00218-1,-2.9937222
s_016um_00095_00028-1,-3.179869
s_016um_00357_00116-1,-2.8249712
s_016um_00140_00019-1,-2.9820216
s_016um_00247_00089-1,-2.8178053
s_016um_00279_00311-1,-3.2052457
s_016um_00122_00144-1,-3.0708437
s_016um_00415_00138-1,-2.8506281
s_016um_00169_00121-1,-2.9928198
s_016um_00273_00135-1,-3.2801268
s_016um_00240_00190-1,-2.9865816
s_016um_00089_00273-1,-3.1054945
s_016um_00110_00316-1,-3.1265643
s_016um_00096_00340-1,-3.1206079
s_016um_00324_00223-1,-2.9365656
s_016um_00252_00030-1,-3.281905
s_016um_00337_00404-1,-3.48287
s_016um_00086_00264-1,-3.2620587
s_016um_00062_00131-1,-3.3341954
s_016um_00041_00207-1,-2.9586244
s_016um_00215_00033-1,-2.8905818
s_016um_00370_00096-1,-2.8698206
s_016um_00084_00033-1,-3.093232
s_016um_00192_00123-1,-3.288673
s_016um_00094_00323-1,-3.2104602
s_016um_00393_00184-1,-3.0712976
s_016um_00015_00265-1,-3.051294
s_016um_00358_00293-1,-3.0122254
s_016um_00275_00227-1,-3.4272735
s_016um_00308_00057-1,-2.5894718
s_016um_00399_00124-1,-3.1282837
s_016um_00357_00289-1,-3.137017
s_016um_00248_00084-1,-2.8363774
s_016um_00085_00036-1,-3.1874309
s_016um_00371_00101-1,-3.234714
s_016um_00178_00028-1,-2.9655502
s_016um_00397_00183-1,-3.1200986
s_016um_00031_00338-1,-3.6085806
s_016um_00135_00217-1,-2.9795046
s_016um_00306_00056-1,-2.799215
s_016um_00222_00335-1,-3.0321372
s_016um_00035_00334-1,-3.3227835
s_016um_00034_00335-1,-3.5029926
s_016um_00096_00334-1,-2.8941832
s_016um_00264_00134-1,-2.6910248
s_016um_00053_00249-1,-3.0401018
s_016um_00394_00177-1,-2.466599
s_016um_00324_00306-1,-2.9445758
s_016um_00342_00218-1,-3.247607
s_016um_00131_00087-1,-3.222981
s_016um_00258_00185-1,-2.8727505
s_016um_00095_00024-1,-2.9388402
s_016um_00189_00096-1,-3.3005736
s_016um_00270_00036-1,-2.9185488
s_016um_00012_00300-1,-2.9264393
s_016um_00104_00070-1,-3.1143672
s_016um_00362_00287-1,-2.9755013
s_016um_00391_00297-1,-3.8175375
s_016um_00135_00069-1,-3.614909
s_016um_00099_00322-1,-3.114996
s_016um_00272_00208-1,-3.062156
s_016um_00336_00403-1,-3.0987408
s_016um_00129_00387-1,-3.2146986
s_016um_00268_00062-1,-2.940252
s_016um_00096_00338-1,-3.0956137
s_016um_00140_00056-1,-3.116445
s_016um_00140_00217-1,-3.0085475
s_016um_00264_00059-1,-3.3543904
s_016um_00356_00023-1,-3.3294785
s_016um_00106_00317-1,-2.8144422
s_016um_00191_00090-1,-2.8483446
s_016um_00284_00100-1,-3.0082865
s_016um_00035_00100-1,-2.836861
s_016um_00105_00385-1,-2.679933
s_016um_00327_00230-1,-3.1860294
s_016um_00262_00130-1,-2.7221615
s_016um_00385_00129-1,-2.9483004
s_016um_00083_00269-1,-2.9409418
s_016um_00357_00121-1,-2.9375708
s_016um_00390_00358-1,-3.9664884
s_016um_00401_00255-1,-3.1977396
s_016um_00082_00032-1,-3.0177927
s_016um_00226_00248-1,-2.9925406
s_016um_00022_00266-1,-2.7908318
s_016um_00318_00169-1,-2.915168
s_016um_00246_00084-1,-3.0896785
s_016um_00098_00029-1,-3.315589
s_016um_00279_00130-1,-3.1803207
s_016um_00398_00178-1,-3.2747848
s_016um_00080_00029-1,-3.2113318
s_016um_00040_00179-1,-3.6528072
s_016um_00030_00334-1,-3.1983914
s_016um_00325_00225-1,-3.2143502
s_016um_00079_00278-1,-3.1174438
s_016um_00082_00195-1,-2.783885
s_016um_00010_00216-1,-2.8095574
s_016um_00336_00399-1,-3.9470012
s_016um_00335_00215-1,-3.208226
s_016um_00212_00297-1,-2.8662307
s_016um_00227_00244-1,-3.0591
s_016um_00322_00161-1,-3.4011667
s_016um_00139_00075-1,-2.8633513
s_016um_00385_00127-1,-2.8709292
s_016um_00030_00087-1,-3.3150706
s_016um_00092_00277-1,-2.8852136
s_016um_00041_00244-1,-3.2978232
s_016um_00024_00088-1,-3.3719444
s_016um_00256_00185-1,-3.1480386
s_016um_00391_00345-1,-3.3952305
s_016um_00110_00317-1,-3.0839736
s_016um_00218_00280-1,-3.1727824
s_016um_00314_00053-1,-2.7458544
s_016um_00266_00056-1,-3.086449
s_016um_00209_00297-1,-3.003275
s_016um_00142_00220-1,-3.2279668
s_016um_00394_00212-1,-2.9952834
s_016um_00203_00151-1,-2.956283
s_016um_00112_00316-1,-3.0609157
s_016um_00140_00219-1,-2.9135327
s_016um_00372_00099-1,-3.1896114
s_016um_00233_00092-1,-2.8775344
s_016um_00045_00214-1,-3.1294644
s_016um_00267_00060-1,-3.1647503
s_016um_00208_00292-1,-3.1581967
s_016um_00188_00097-1,-3.219838
s_016um_00325_00232-1,-3.1583915
s_016um_00328_00122-1,-3.0653057
s_016um_00384_00137-1,-2.9969878
s_016um_00278_00201-1,-3.1306674
s_016um_00323_00303-1,-2.8748114
s_016um_00228_00233-1,-2.8041754
s_016um_00267_00034-1,-2.9776819
s_016um_00020_00268-1,-3.3792334
s_016um_00380_00134-1,-3.0383055
s_016um_00418_00141-1,-2.9836164
s_016um_00223_00027-1,-3.256537
s_016um_00275_00317-1,-3.2982833
s_016um_00135_00317-1,-2.9283621
s_016um_00136_00316-1,-3.0163002
s_016um_00368_00146-1,-3.4192855
s_016um_00232_00259-1,-3.1673267
s_016um_00225_00333-1,-2.9290595
s_016um_00190_00096-1,-2.9378536
s_016um_00092_00276-1,-3.003199
s_016um_00219_00166-1,-3.122269
s_016um_00102_00030-1,-3.2539
s_016um_00081_00033-1,-3.2802522
s_016um_00035_00335-1,-3.1611373
s_016um_00407_00127-1,-2.98914
s_016um_00088_00070-1,-3.7764888
s_016um_00278_00314-1,-2.7220528
s_016um_00100_00026-1,-2.9347067
s_016um_00170_00129-1,-2.8395984
s_016um_00352_00095-1,-2.6922007
s_016um_00085_00269-1,-2.8163893
s_016um_00288_00098-1,-2.9015174
s_016um_00276_00137-1,-2.9515755
s_016um_00008_00156-1,-2.9672072
s_016um_00196_00091-1,-3.3591583
s_016um_00313_00055-1,-2.6058576
s_016um_00276_00138-1,-2.9449246
s_016um_00075_00246-1,-3.2655108
s_016um_00083_00266-1,-3.0996158
s_016um_00279_00132-1,-3.0220716
s_016um_00355_00020-1,-3.1112938
s_016um_00288_00099-1,-2.9762611
s_016um_00221_00033-1,-2.6915264
s_016um_00103_00068-1,-3.255882
s_016um_00136_00227-1,-3.0761075
s_016um_00095_00278-1,-2.9455488
s_016um_00265_00132-1,-3.0971117
s_016um_00321_00230-1,-3.0826235
s_016um_00028_00332-1,-2.9828386
s_016um_00383_00140-1,-3.3671658
s_016um_00404_00402-1,-2.4873319
s_016um_00197_00094-1,-3.0640845
s_016um_00011_00210-1,-2.899267
s_016um_00253_00021-1,-3.0398521
s_016um_00341_00397-1,-3.417198
s_016um_00288_00093-1,-2.9763734
s_016um_00401_00261-1,-2.964276
s_016um_00381_00135-1,-2.880165
s_016um_00045_00213-1,-3.0360658
s_016um_00364_00225-1,-2.865078
s_016um_00291_00098-1,-2.7502046
s_016um_00373_00117-1,-2.8693972
s_016um_00167_00373-1,-3.1211057
s_016um_00252_00024-1,-3.0360818
s_016um_00344_00221-1,-2.6542358
s_016um_00255_00023-1,-2.8902075
s_016um_00223_00169-1,-3.0214517
s_016um_00277_00324-1,-3.568607
s_016um_00354_00094-1,-2.9310093
s_016um_00244_00091-1,-2.8888218
s_016um_00238_00357-1,-3.050524
s_016um_00033_00005-1,-3.3627913
s_016um_00356_00119-1,-3.0198364
s_016um_00041_00209-1,-2.779124
s_016um_00075_00240-1,-3.2204437
s_016um_00394_00220-1,-3.231688
s_016um_00406_00121-1,-3.2814622
s_016um_00328_00230-1,-2.9843264
s_016um_00149_00398-1,-2.8124208
s_016um_00083_00264-1,-2.8733392
s_016um_00368_00228-1,-3.2166383
s_016um_00393_00180-1,-2.9292202
s_016um_00167_00126-1,-2.6450937
s_016um_00277_00320-1,-3.1212754
s_016um_00221_00239-1,-2.7835343
s_016um_00047_00213-1,-3.3618653
s_016um_00070_00233-1,-3.018178
s_016um_00101_00066-1,-3.1401513
s_016um_00246_00087-1,-2.9605143
s_016um_00391_00180-1,-3.2196507
s_016um_00405_00153-1,-3.2407062
s_016um_00351_00095-1,-3.356149
s_016um_00077_00252-1,-3.4606972
s_016um_00236_00359-1,-3.6224124
s_016um_00013_00295-1,-3.2432795
s_016um_00322_00224-1,-2.843885
s_016um_00397_00181-1,-2.9618325
s_016um_00213_00293-1,-2.883648
s_016um_00282_00328-1,-3.0608876
s_016um_00076_00292-1,-3.0700977
s_016um_00148_00402-1,-3.2132425
s_016um_00335_00250-1,-3.3910356
s_016um_00405_00123-1,-3.3433673
s_016um_00195_00096-1,-3.3272023
s_016um_00357_00117-1,-3.0048666
s_016um_00008_00208-1,-3.49335
s_016um_00342_00219-1,-2.5561156
s_016um_00354_00122-1,-3.1216514
s_016um_00063_00130-1,-3.2872715
s_016um_00330_00256-1,-3.182987
s_016um_00181_00027-1,-3.2795799
s_016um_00133_00088-1,-3.3357334
s_016um_00062_00129-1,-3.5108023
s_016um_00224_00332-1,-3.1160207
s_016um_00369_00117-1,-2.839549
s_016um_00213_00014-1,-2.9357948
s_016um_00364_00227-1,-2.8711636
s_016um_00084_00282-1,-3.0041764
s_016um_00211_00290-1,-2.9837832
s_016um_00371_00144-1,-3.1487257
s_016um_00267_00030-1,-2.815269
s_016um_00241_00088-1,-3.0316405
s_016um_00222_00247-1,-3.0901814
s_016um_00280_00325-1,-3.3069608
s_016um_00040_00241-1,-3.1707416
s_016um_00223_00032-1,-3.1731184
s_016um_00324_00121-1,-3.2361584
s_016um_00098_00322-1,-3.165542
s_016um_00248_00089-1,-3.038577
s_016um_00045_00236-1,-3.1488552
s_016um_00081_00265-1,-2.873056
s_016um_00085_00272-1,-3.1013618
s_016um_00396_00184-1,-3.0118175
s_016um_00352_00092-1,-2.8488493
s_016um_00362_00229-1,-3.1866753
s_016um_00041_00176-1,-3.2254696
s_016um_00146_00062-1,-3.224078
s_016um_00054_00242-1,-3.1152866
s_016um_00037_00042-1,-2.8951771
s_016um_00135_00076-1,-3.3093026
s_016um_00166_00377-1,-3.2423196
s_016um_00312_00055-1,-3.08912
s_016um_00216_00027-1,-3.3820198
s_016um_00345_00213-1,-2.970267
s_016um_00277_00314-1,-3.2105489
s_016um_00171_00123-1,-2.6408703
s_016um_00257_00185-1,-2.8790572
s_016um_00261_00029-1,-3.315235
s_016um_00180_00030-1,-3.097017
s_016um_00077_00296-1,-3.1053133
s_016um_00399_00399-1,-2.645004
s_016um_00328_00302-1,-3.0236192
s_016um_00363_00226-1,-3.0566776
s_016um_00080_00298-1,-3.0792596
s_016um_00182_00030-1,-3.1397028
s_016um_00070_00237-1,-3.107647
s_016um_00243_00084-1,-3.0242636
s_016um_00063_00127-1,-3.3165405
s_016um_00263_00132-1,-2.9532468
s_016um_00327_00126-1,-2.7739158
s_016um_00083_00194-1,-3.0101852
s_016um_00403_00145-1,-3.1628752
s_016um_00314_00058-1,-2.6104484
s_016um_00033_00009-1,-3.1706808
s_016um_00328_00216-1,-3.184082
s_016um_00341_00403-1,-2.9436934
s_016um_00214_00284-1,-3.3634057
s_016um_00394_00373-1,-3.4839754
s_016um_00415_00100-1,-3.089591
s_016um_00398_00256-1,-3.402793
s_016um_00412_00098-1,-3.0449944
s_016um_00089_00270-1,-3.0969636
s_016um_00288_00092-1,-2.8552122
s_016um_00131_00316-1,-3.2356644
s_016um_00141_00222-1,-3.3823633
s_016um_00236_00182-1,-3.0076652
s_016um_00271_00224-1,-3.1385798
s_016um_00385_00294-1,-3.2629862
s_016um_00112_00320-1,-2.7212455
s_016um_00402_00148-1,-3.0086856
s_016um_00269_00225-1,-3.3072097
s_016um_00079_00245-1,-3.0053813
s_016um_00277_00132-1,-2.9550807
s_016um_00129_00231-1,-3.0149193
s_016um_00320_00231-1,-3.2531319
s_016um_00107_00320-1,-2.754229
s_016um_00329_00252-1,-3.1324136
s_016um_00198_00149-1,-2.780711
s_016um_00264_00032-1,-3.018342
s_016um_00221_00333-1,-2.896816
s_016um_00081_00029-1,-3.1507783
s_016um_00044_00047-1,-3.3746593
s_016um_00281_00317-1,-3.0743554
s_016um_00223_00329-1,-3.297794
s_016um_00006_00153-1,-3.217895
s_016um_00160_00292-1,-3.3553638
s_016um_00365_00228-1,-3.0205698
s_016um_00328_00212-1,-3.3082652
s_016um_00276_00321-1,-3.6844325
s_016um_00370_00125-1,-2.9618716
s_016um_00118_00148-1,-3.455267
s_016um_00274_00205-1,-2.5791059
s_016um_00278_00317-1,-3.2453673
s_016um_00271_00058-1,-3.371926
s_016um_00395_00213-1,-2.9940355
s_016um_00200_00151-1,-2.8448796
s_016um_00141_00215-1,-3.2726777
s_016um_00333_00217-1,-3.296425
s_016um_00232_00361-1,-3.1091099
s_016um_00338_00254-1,-3.0376344
s_016um_00342_00402-1,-3.613813
s_016um_00168_00124-1,-3.05664
s_016um_00333_00214-1,-3.093117
s_016um_00404_00262-1,-3.5209782
s_016um_00021_00268-1,-2.923556
s_016um_00078_00284-1,-3.5158606
s_016um_00331_00121-1,-2.9786296
s_016um_00115_00144-1,-2.8687146
s_016um_00164_00285-1,-2.4645193
s_016um_00236_00355-1,-3.036594
s_016um_00331_00124-1,-3.4685807
s_016um_00040_00103-1,-3.174015
s_016um_00106_00386-1,-3.1645935
s_016um_00268_00328-1,-3.2606232
s_016um_00021_00264-1,-3.4378848
s_016um_00067_00232-1,-2.9072847
s_016um_00392_00179-1,-3.0267947
s_016um_00210_00033-1,-2.9953408
s_016um_00145_00054-1,-3.5228822
s_016um_00272_00333-1,-2.8814416
s_016um_00365_00095-1,-3.2555375
s_016um_00371_00147-1,-3.0690024
s_016um_00286_00099-1,-2.4653854
s_016um_00083_00298-1,-2.9284823
s_016um_00263_00191-1,-3.076901
s_016um_00272_00335-1,-3.1175766
s_016um_00335_00401-1,-2.8543265
s_016um_00043_00046-1,-3.3846068
s_016um_00371_00141-1,-2.9208412
s_016um_00370_00145-1,-3.1949928
s_016um_00221_00032-1,-2.9825823
s_016um_00259_00029-1,-3.0589552
s_016um_00189_00092-1,-3.026109
s_016um_00271_00332-1,-2.838735
s_016um_00276_00318-1,-2.9807854
s_016um_00365_00096-1,-3.0205305
s_016um_00366_00101-1,-2.855085
s_016um_00402_00400-1,-3.2046614
s_016um_00225_00329-1,-3.0040283
s_016um_00163_00292-1,-2.9425366
s_016um_00274_00335-1,-2.955444
s_016um_00313_00056-1,-2.9640985
s_016um_00133_00317-1,-2.8045683
s_016um_00202_00147-1,-2.9432464
s_016um_00256_00027-1,-2.961895
s_016um_00340_00398-1,-3.493537
s_016um_00357_00089-1,-3.0029423
s_016um_00161_00286-1,-3.5726314
s_016um_00137_00078-1,-3.225269
s_016um_00123_00145-1,-2.8880997
s_016um_00161_00294-1,-3.159627
s_016um_00040_00049-1,-3.2219057
s_016um_00389_00297-1,-3.5205603
s_016um_00066_00230-1,-3.0542717
s_016um_00103_00073-1,-3.5531726
s_016um_00013_00297-1,-2.7953966
s_016um_00043_00238-1,-3.1449203
s_016um_00056_00242-1,-3.067134
s_016um_00270_00328-1,-3.6196299
s_016um_00359_00410-1,-3.66624
s_016um_00171_00377-1,-3.130158
s_016um_00395_00362-1,-2.921896
s_016um_00147_00055-1,-3.097323
s_016um_00232_00261-1,-2.8164043
s_016um_00228_00234-1,-3.1260817
s_016um_00415_00139-1,-3.0482779
s_016um_00378_00140-1,-3.0445344
s_016um_00038_00178-1,-2.9574149
s_016um_00329_00210-1,-3.1163046
s_016um_00038_00175-1,-3.109642
s_016um_00230_00263-1,-2.9900699
s_016um_00091_00274-1,-3.1794157
s_016um_00405_00402-1,-2.1931515
s_016um_00259_00033-1,-2.7288637
s_016um_00237_00359-1,-3.7006283
s_016um_00394_00219-1,-3.1041157
s_016um_00079_00271-1,-3.096888
s_016um_00396_00182-1,-3.2144845
s_016um_00230_00268-1,-2.977102
s_016um_00009_00154-1,-3.1222925
s_016um_00376_00133-1,-3.1819808
s_016um_00325_00168-1,-3.2657797
s_016um_00137_00018-1,-2.8610907
s_016um_00259_00190-1,-3.1204767
s_016um_00368_00140-1,-3.1006367
s_016um_00141_00014-1,-3.5642734
s_016um_00126_00384-1,-2.897869
s_016um_00032_00335-1,-3.107239
s_016um_00273_00225-1,-3.4046822
s_016um_00348_00025-1,-2.9636638
s_016um_00080_00031-1,-2.5547392
s_016um_00132_00232-1,-3.1277902
s_016um_00222_00029-1,-3.1408541
s_016um_00165_00127-1,-3.0034602
s_016um_00393_00216-1,-3.011697
s_016um_00217_00227-1,-2.9980958
s_016um_00242_00088-1,-3.1604981
s_016um_00080_00194-1,-2.8296118
s_016um_00010_00206-1,-3.164602
s_016um_00200_00145-1,-3.0180788
s_016um_00331_00210-1,-2.960034
s_016um_00068_00133-1,-3.4545865
s_016um_00054_00246-1,-2.3026967
s_016um_00248_00086-1,-2.6477633
s_016um_00073_00251-1,-2.7803571
s_016um_00007_00155-1,-3.18347
s_016um_00143_00014-1,-3.4665918
s_016um_00013_00268-1,-2.902102
s_016um_00225_00248-1,-3.0895634
s_016um_00382_00135-1,-3.1654317
s_016um_00332_00258-1,-3.1032746
s_016um_00406_00400-1,-2.2008023
s_016um_00054_00247-1,-2.6782537
s_016um_00164_00121-1,-3.2238204
s_016um_00036_00172-1,-3.1817126
s_016um_00168_00121-1,-2.9619453
s_016um_00394_00368-1,-3.1714993
s_016um_00361_00413-1,-3.8907604
s_016um_00190_00128-1,-3.1838963
s_016um_00392_00358-1,-2.8094907
s_016um_00234_00089-1,-3.0900934
s_016um_00325_00298-1,-3.4325182
s_016um_00059_00245-1,-3.2317617
s_016um_00386_00131-1,-3.027596
s_016um_00279_00203-1,-3.2314227
s_016um_00132_00089-1,-3.2238317
s_016um_00416_00139-1,-3.0616026
s_016um_00041_00008-1,-2.9976792
s_016um_00267_00329-1,-3.174756
s_016um_00322_00229-1,-3.015718
s_016um_00226_00243-1,-3.029694
s_016um_00082_00036-1,-3.2340236
s_016um_00278_00134-1,-3.1069043
s_016um_00090_00337-1,-3.0923433
s_016um_00240_00183-1,-2.8121738
s_016um_00081_00279-1,-3.118287
s_016um_00129_00320-1,-2.2675462
s_016um_00390_00293-1,-3.1092799
s_016um_00356_00293-1,-3.3624785
s_016um_00278_00051-1,-2.6126232
s_016um_00224_00172-1,-3.1412675
s_016um_00007_00153-1,-3.3364604
s_016um_00318_00166-1,-3.0077112
s_016um_00261_00030-1,-2.785754
s_016um_00339_00396-1,-3.428391
s_016um_00142_00014-1,-3.119603
s_016um_00395_00212-1,-3.0794857
s_016um_00352_00022-1,-3.061162
s_016um_00168_00123-1,-2.9970148
s_016um_00260_00034-1,-3.1712043
s_016um_00397_00214-1,-3.1666293
s_016um_00328_00226-1,-3.0109034
s_016um_00098_00069-1,-3.404624
s_016um_00276_00051-1,-3.168666
s_016um_00379_00139-1,-2.938032
s_016um_00086_00195-1,-3.0680816
s_016um_00356_00092-1,-3.6904998
s_016um_00332_00124-1,-3.2294009
s_016um_00355_00117-1,-3.0645213
s_016um_00202_00153-1,-2.9053695
s_016um_00400_00213-1,-3.1338172
s_016um_00357_00093-1,-3.312777
s_016um_00373_00123-1,-2.965085
s_016um_00358_00413-1,-3.5861804
s_016um_00068_00231-1,-2.8703005
s_016um_00064_00237-1,-2.9555135
s_016um_00030_00333-1,-3.1251464
s_016um_00136_00073-1,-3.2086847
s_016um_00277_00206-1,-2.8434181
s_016um_00322_00171-1,-2.736058
s_016um_00396_00373-1,-3.3568342
s_016um_00209_00028-1,-2.9902637
s_016um_00129_00319-1,-3.178538
s_016um_00084_00279-1,-2.8170452
s_016um_00397_00261-1,-3.0690358
s_016um_00238_00088-1,-3.403062
s_016um_00164_00122-1,-3.4178114
s_016um_00219_00276-1,-2.758105
s_016um_00095_00321-1,-3.2341113
s_016um_00147_00396-1,-2.6581097
s_016um_00385_00298-1,-3.5200934
s_016um_00068_00126-1,-3.2209327
s_016um_00213_00028-1,-3.1977763
s_016um_00275_00133-1,-3.3210208
s_016um_00091_00334-1,-3.0689657
s_016um_00315_00056-1,-2.9625278
s_016um_00272_00032-1,-2.7168374
s_016um_00272_00050-1,-2.75076
s_016um_00210_00290-1,-2.9538357
s_016um_00406_00120-1,-3.2476437
s_016um_00387_00293-1,-3.255091
s_016um_00390_00299-1,-4.026271
s_016um_00222_00226-1,-2.9278946
s_016um_00278_00044-1,-3.2074747
s_016um_00201_00149-1,-2.9283996
s_016um_00038_00044-1,-3.1979542
s_016um_00322_00225-1,-3.2243342
s_016um_00042_00208-1,-2.880118
s_016um_00096_00335-1,-3.162896
s_016um_00029_00088-1,-3.049813
s_016um_00165_00290-1,-2.9873433
s_016um_00222_00013-1,-2.941357
s_016um_00403_00153-1,-3.224866
s_016um_00139_00220-1,-3.377948
s_016um_00086_00031-1,-3.289135
s_016um_00329_00217-1,-2.9145005
s_016um_00078_00282-1,-3.0065835
s_016um_00086_00032-1,-2.8600602
s_016um_00029_00086-1,-3.124644
s_016um_00140_00071-1,-3.2915993
s_016um_00269_00329-1,-3.0356135
s_016um_00253_00024-1,-3.1408484
s_016um_00327_00300-1,-2.8890672
s_016um_00169_00127-1,-3.1474884
s_016um_00191_00092-1,-3.0712223
s_016um_00271_00222-1,-3.2379131
s_016um_00220_00010-1,-2.9052072
s_016um_00214_00279-1,-3.0996146
s_016um_00355_00018-1,-3.024856
s_016um_00236_00190-1,-3.0457397
s_016um_00126_00390-1,-3.438939
s_016um_00410_00147-1,-3.2012122
s_016um_00277_00312-1,-2.9851673
s_016um_00074_00244-1,-2.8754988
s_016um_00396_00218-1,-2.9808939
s_016um_00034_00101-1,-3.1709821
s_016um_00408_00103-1,-2.8707318
s_016um_00354_00412-1,-3.3832872
s_016um_00013_00208-1,-3.0664377
s_016um_00042_00212-1,-3.3824759
s_016um_00162_00286-1,-3.25687
s_016um_00192_00091-1,-3.1044044
s_016um_00224_00234-1,-3.0106626
s_016um_00267_00332-1,-3.316486
s_016um_00232_00265-1,-2.839401
s_016um_00080_00286-1,-3.2515457
s_016um_00030_00092-1,-3.1094892
s_016um_00255_00033-1,-2.6797855
s_016um_00396_00369-1,-2.9765759
s_016um_00012_00213-1,-3.1018724
s_016um_00200_00147-1,-3.070021
s_016um_00047_00244-1,-3.0531974
s_016um_00040_00217-1,-3.0332425
s_016um_00373_00140-1,-3.042505
s_016um_00270_00223-1,-3.1970954
s_016um_00089_00066-1,-3.0567482
s_016um_00358_00115-1,-3.0479653
s_016um_00274_00226-1,-3.1252222
s_016um_00174_00375-1,-3.369165
s_016um_00228_00248-1,-3.2171264
s_016um_00207_00150-1,-2.9547405
s_016um_00094_00343-1,-3.0463552
s_016um_00224_00171-1,-3.0878344
s_016um_00388_00345-1,-3.6090631
s_016um_00133_00228-1,-3.0585213
s_016um_00103_00383-1,-3.1157627
s_016um_00030_00084-1,-3.1293008
s_016um_00122_00146-1,-2.8943787
s_016um_00067_00230-1,-3.067342
s_016um_00227_00335-1,-3.0409713
s_016um_00135_00221-1,-3.3212004
s_016um_00098_00066-1,-2.8842225
s_016um_00321_00229-1,-3.3475528
s_016um_00267_00229-1,-2.8882957
s_016um_00357_00417-1,-3.009679
s_016um_00249_00025-1,-3.6325722
s_016um_00080_00293-1,-3.054933
s_016um_00356_00019-1,-2.9762907
s_016um_00413_00141-1,-3.0105908
s_016um_00359_00121-1,-2.7775075
s_016um_00386_00296-1,-3.465064
s_016um_00106_00316-1,-2.8897357
s_016um_00320_00165-1,-3.331643
s_016um_00043_00043-1,-2.9243064
s_016um_00278_00328-1,-3.0158145
s_016um_00129_00382-1,-2.8414345
s_016um_00086_00030-1,-2.99731
s_016um_00368_00227-1,-3.1912339
s_016um_00031_00088-1,-2.7387445
s_016um_00140_00222-1,-2.962485
s_016um_00219_00028-1,-2.874891
s_016um_00418_00143-1,-3.0756123
s_016um_00392_00292-1,-2.8320203
s_016um_00010_00153-1,-3.0748599
s_016um_00080_00199-1,-3.5970926
s_016um_00165_00129-1,-3.044124
s_016um_00326_00227-1,-2.7330716
s_016um_00370_00223-1,-3.3408303
s_016um_00228_00264-1,-2.7858176
s_016um_00273_00313-1,-3.1398885
s_016um_00331_00253-1,-3.3631196
s_016um_00081_00032-1,-3.005938
s_016um_00260_00130-1,-2.701394
s_016um_00091_00341-1,-2.9775274
s_016um_00140_00070-1,-3.0829668
s_016um_00090_00268-1,-3.100183
s_016um_00227_00243-1,-3.0627837
s_016um_00219_00170-1,-3.0256073
s_016um_00323_00227-1,-2.9497068
s_016um_00100_00073-1,-3.2250943
s_016um_00152_00398-1,-3.3011029
s_016um_00281_00326-1,-2.9574378
s_016um_00063_00234-1,-2.638217
s_016um_00234_00361-1,-2.646208
s_016um_00401_00124-1,-3.3147764
s_016um_00327_00224-1,-3.031416
s_016um_00266_00128-1,-3.2507985
s_016um_00105_00071-1,-2.706864
s_016um_00028_00086-1,-3.251918
s_016um_00138_00077-1,-2.9066367
s_016um_00008_00300-1,-3.1109805
s_016um_00150_00396-1,-3.156161
s_016um_00311_00060-1,-2.880762
s_016um_00410_00151-1,-3.0200944
s_016um_00337_00400-1,-2.8818688
s_016um_00042_00049-1,-2.8564084
s_016um_00374_00119-1,-2.9523232
s_016um_00326_00119-1,-3.0669017
s_016um_00264_00334-1,-2.968617
s_016um_00418_00142-1,-3.0896072
s_016um_00152_00397-1,-3.1698184
s_016um_00201_00152-1,-2.952866
s_016um_00231_00267-1,-3.1928258
s_016um_00100_00070-1,-2.468462
s_016um_00330_00125-1,-3.1425564
s_016um_00327_00121-1,-2.9792213
s_016um_00358_00096-1,-2.9194584
s_016um_00216_00291-1,-2.9274786
s_016um_00326_00164-1,-3.1010118
s_016um_00145_00015-1,-3.323087
s_016um_00280_00131-1,-3.0388703
s_016um_00076_00250-1,-3.0288284
s_016um_00390_00363-1,-3.5642684
s_016um_00043_00244-1,-3.0942044
s_016um_00226_00331-1,-3.1298025
s_016um_00088_00033-1,-3.731951
s_016um_00041_00239-1,-3.113167
s_016um_00012_00151-1,-3.4151816
s_016um_00140_00059-1,-3.412341
s_016um_00324_00229-1,-3.319708
s_016um_00147_00060-1,-2.8337011
s_016um_00335_00213-1,-3.0985537
s_016um_00252_00023-1,-3.2107866
s_016um_00041_00098-1,-3.1375241
s_016um_00214_00280-1,-3.0713968
s_016um_00108_00315-1,-3.2173998
s_016um_00262_00329-1,-3.382017
s_016um_00248_00088-1,-2.7988272
s_016um_00398_00262-1,-3.3173804
s_016um_00224_00030-1,-3.0401514
s_016um_00221_00280-1,-3.0443168
s_016um_00096_00323-1,-2.9597976
s_016um_00192_00121-1,-2.8661108
s_016um_00409_00148-1,-3.2165349
s_016um_00058_00245-1,-3.0130396
s_016um_00005_00294-1,-3.090458
s_016um_00283_00093-1,-3.0902846
s_016um_00417_00144-1,-2.864077
s_016um_00242_00084-1,-2.9176044
s_016um_00279_00138-1,-3.1619093
s_016um_00134_00071-1,-3.18168
s_016um_00037_00048-1,-3.32896
s_016um_00234_00363-1,-3.4448593
s_016um_00275_00228-1,-3.0022752
s_016um_00219_00027-1,-3.1208029
s_016um_00354_00021-1,-3.028986
s_016um_00233_00357-1,-2.9914722
s_016um_00256_00186-1,-3.1113088
s_016um_00322_00167-1,-2.871456
s_016um_00232_00267-1,-2.9963238
s_016um_00322_00228-1,-2.944184
s_016um_00166_00289-1,-3.2955787
s_016um_00148_00394-1,-3.211579
s_016um_00036_00175-1,-3.1674564
s_016um_00126_00387-1,-3.0633097
s_016um_00065_00125-1,-3.5108643
s_016um_00263_00127-1,-2.9839473
s_016um_00403_00125-1,-3.228872
s_016um_00180_00028-1,-3.1677446
s_016um_00080_00200-1,-3.0644512
s_016um_00411_00103-1,-2.8337777
s_016um_00280_00206-1,-2.97514
s_016um_00011_00150-1,-2.8623679
s_016um_00397_00178-1,-3.144916
s_016um_00117_00143-1,-3.1031277
s_016um_00343_00219-1,-2.4577847
s_016um_00362_00224-1,-2.984599
s_016um_00060_00244-1,-3.007459
s_016um_00106_00314-1,-2.7193797
s_016um_00333_00215-1,-2.8827517
s_016um_00085_00068-1,-2.985871
s_016um_00259_00188-1,-3.231609
s_016um_00377_00132-1,-3.0017178
s_016um_00371_00124-1,-3.1202123
s_016um_00233_00355-1,-3.3125973
s_016um_00080_00297-1,-3.0356112
s_016um_00079_00238-1,-2.865641
s_016um_00254_00024-1,-3.1334536
s_016um_00216_00013-1,-2.3892186
s_016um_00221_00331-1,-3.4425702
s_016um_00367_00140-1,-3.0633442
s_016um_00027_00331-1,-3.5597408
s_016um_00225_00336-1,-3.243757
s_016um_00398_00359-1,-3.2106311
s_016um_00405_00399-1,-2.1225903
s_016um_00135_00223-1,-3.388802
s_016um_00070_00236-1,-3.1000583
s_016um_00352_00094-1,-3.318686
s_016um_00097_00023-1,-2.920542
s_016um_00062_00126-1,-3.2142756
s_016um_00365_00227-1,-2.9276998
s_016um_00375_00117-1,-3.1061666
s_016um_00143_00055-1,-2.9598134
s_016um_00151_00396-1,-3.116559
s_016um_00389_00361-1,-3.681941
s_016um_00159_00292-1,-2.9630616
s_016um_00397_00263-1,-2.943093
s_016um_00130_00226-1,-3.2466805
s_016um_00073_00246-1,-3.4499304
s_016um_00371_00094-1,-3.0569584
s_016um_00249_00022-1,-3.1801243
s_016um_00267_00225-1,-3.5263536
s_016um_00225_00235-1,-3.0766184
s_016um_00268_00035-1,-3.0910466
s_016um_00216_00296-1,-3.172984
s_016um_00329_00121-1,-3.1143162
s_016um_00163_00288-1,-3.4529147
s_016um_00321_00225-1,-3.1765652
s_016um_00219_00279-1,-3.433208
s_016um_00240_00182-1,-3.0029447
s_016um_00218_00171-1,-3.0413015
s_016um_00273_00335-1,-3.4830484
s_016um_00172_00370-1,-3.070006
s_016um_00215_00293-1,-3.070851
s_016um_00092_00316-1,-3.293663
s_016um_00225_00029-1,-3.1779745
s_016um_00346_00216-1,-3.3895094
s_016um_00271_00223-1,-3.1529925
s_016um_00378_00138-1,-2.7880332
s_016um_00278_00137-1,-2.8090887
s_016um_00417_00134-1,-2.9285493
s_016um_00210_00032-1,-2.91943
s_016um_00398_00184-1,-3.1621382
s_016um_00368_00225-1,-3.2592318
s_016um_00261_00184-1,-3.1634395
s_016um_00080_00264-1,-3.0214312
s_016um_00224_00028-1,-3.0233896
s_016um_00331_00119-1,-3.0445228
s_016um_00398_00368-1,-3.386157
s_016um_00374_00122-1,-2.845239
s_016um_00327_00302-1,-3.1449373
s_016um_00129_00317-1,-2.644758
s_016um_00164_00290-1,-3.1756496
s_016um_00038_00042-1,-3.1659567
s_016um_00355_00418-1,-2.6312854
s_016um_00132_00092-1,-2.9729831
s_016um_00232_00266-1,-3.3060997
s_016um_00010_00296-1,-2.969356
s_016um_00221_00233-1,-3.0431762
s_016um_00214_00292-1,-3.0687647
s_016um_00220_00283-1,-3.0764308
s_016um_00222_00167-1,-2.8786626
s_016um_00344_00212-1,-3.159319
s_016um_00084_00028-1,-3.3549905
s_016um_00166_00375-1,-2.8706155
s_016um_00194_00098-1,-3.1588042
s_016um_00082_00271-1,-2.9893417
s_016um_00122_00143-1,-3.1326756
s_016um_00224_00329-1,-2.87839
s_016um_00401_00262-1,-3.3657956
s_016um_00015_00267-1,-2.9656117
s_016um_00090_00267-1,-3.2133908
s_016um_00040_00206-1,-3.1727057
s_016um_00097_00030-1,-2.930849
s_016um_00064_00130-1,-3.1283035
s_016um_00272_00203-1,-3.2958338
s_016um_00139_00072-1,-2.9820073
s_016um_00409_00153-1,-2.9065151
s_016um_00039_00177-1,-2.8313525
s_016um_00232_00088-1,-2.7801027
s_016um_00230_00357-1,-2.8442962
s_016um_00414_00104-1,-3.3245506
s_016um_00049_00244-1,-2.8678792
s_016um_00248_00020-1,-3.5896757
s_016um_00358_00286-1,-2.9226534
s_016um_00382_00134-1,-3.132728
s_016um_00416_00136-1,-3.397153
s_016um_00096_00337-1,-2.949737
s_016um_00289_00093-1,-2.5518138
s_016um_00100_00316-1,-3.8877535
s_016um_00105_00391-1,-3.015417
s_016um_00026_00092-1,-3.4823854
s_016um_00037_00178-1,-3.266804
s_016um_00405_00121-1,-3.427893
s_016um_00403_00128-1,-2.7427487
s_016um_00384_00125-1,-3.2609994
s_016um_00153_00400-1,-3.3285646
s_016um_00225_00335-1,-3.1701663
s_016um_00121_00149-1,-3.2324746
s_016um_00330_00211-1,-3.2247906
s_016um_00257_00029-1,-2.848781
s_016um_00262_00129-1,-3.743767
s_016um_00081_00282-1,-2.9358265
s_016um_00323_00302-1,-3.0026052
s_016um_00408_00151-1,-3.162954
s_016um_00031_00334-1,-3.0746894
s_016um_00029_00330-1,-3.216301
s_016um_00356_00414-1,-2.5283382
s_016um_00399_00216-1,-3.6484363
s_016um_00328_00125-1,-2.85376
s_016um_00167_00120-1,-2.9591236
s_016um_00321_00169-1,-3.1911523
s_016um_00261_00332-1,-3.2176924
s_016um_00217_00275-1,-3.175909
s_016um_00384_00136-1,-3.2076993
s_016um_00100_00386-1,-3.1440327
s_016um_00110_00319-1,-3.094029
s_016um_00056_00248-1,-3.1314511
s_016um_00397_00260-1,-3.0129619
s_016um_00117_00148-1,-3.1274703
s_016um_00107_00313-1,-3.2075343
s_016um_00251_00022-1,-2.9871573
s_016um_00278_00208-1,-2.7912874
s_016um_00411_00102-1,-3.3973467
s_016um_00042_00048-1,-3.0531843
s_016um_00171_00372-1,-3.1342235
s_016um_00217_00170-1,-2.9950187
s_016um_00080_00279-1,-3.0090232
s_016um_00030_00086-1,-3.0447576
s_016um_00193_00129-1,-3.2329278
s_016um_00385_00130-1,-2.8664987
s_016um_00403_00146-1,-3.0580108
s_016um_00342_00216-1,-3.283032
s_016um_00354_00411-1,-3.5428047
s_016um_00257_00033-1,-3.1161926
s_016um_00389_00300-1,-3.1736913
s_016um_00400_00259-1,-2.9191365
s_016um_00253_00033-1,-2.944852
s_016um_00221_00332-1,-3.1202595
s_016um_00094_00273-1,-3.2923076
s_016um_00291_00097-1,-2.858246
s_016um_00136_00074-1,-3.5358312
s_016um_00085_00029-1,-3.130809
s_016um_00332_00123-1,-3.181773
s_016um_00394_00180-1,-3.0772114
s_016um_00367_00230-1,-2.8123755
s_016um_00401_00400-1,-3.6873293
s_016um_00139_00073-1,-3.0055933
s_016um_00274_00319-1,-3.5961204
s_016um_00220_00234-1,-3.101118
s_016um_00369_00124-1,-3.0848835
s_016um_00222_00024-1,-3.4120488
s_016um_00387_00291-1,-3.2030456
s_016um_00142_00017-1,-3.4911506
s_016um_00142_00217-1,-3.0747464
s_016um_00339_00403-1,-3.273948
s_016um_00021_00267-1,-3.245331
s_016um_00092_00275-1,-3.067896
s_016um_00347_00215-1,-3.1231437
s_016um_00139_00215-1,-2.9866104
s_016um_00092_00334-1,-3.0077984
s_016um_00082_00285-1,-2.7287135
s_016um_00183_00030-1,-3.0716314
s_016um_00262_00189-1,-3.2832103
s_016um_00330_00212-1,-2.9716794
s_016um_00397_00177-1,-2.6913364
s_016um_00030_00085-1,-3.1546466
s_016um_00409_00100-1,-3.0918472
s_016um_00360_00288-1,-3.285105
s_016um_00016_00268-1,-2.9468143
s_016um_00079_00247-1,-2.5157633
s_016um_00191_00129-1,-2.6508944
s_016um_00131_00091-1,-3.0532115
s_016um_00133_00091-1,-2.9536839
s_016um_00216_00030-1,-3.451571
s_016um_00268_00060-1,-3.09478
s_016um_00063_00232-1,-3.0831594
s_016um_00238_00085-1,-2.669541
s_016um_00331_00217-1,-3.3178594
s_016um_00277_00310-1,-3.2450767
s_016um_00405_00128-1,-3.4763086
s_016um_00228_00335-1,-2.9444263
s_016um_00278_00131-1,-4.0796657
s_016um_00196_00124-1,-2.7789536
s_016um_00359_00418-1,-3.8173847
s_016um_00273_00331-1,-3.0593233
s_016um_00218_00025-1,-2.9604926
s_016um_00408_00099-1,-2.9698503
s_016um_00278_00135-1,-3.341351
s_016um_00409_00098-1,-3.0776582
s_016um_00396_00366-1,-3.1879697
s_016um_00238_00086-1,-3.3010821
s_016um_00371_00139-1,-3.0096076
s_016um_00375_00145-1,-3.2390094
s_016um_00368_00093-1,-3.0295117
s_016um_00397_00211-1,-3.1564617
s_016um_00354_00288-1,-2.919776
s_016um_00334_00400-1,-3.0799742
s_016um_00219_00225-1,-3.3023882
s_016um_00210_00029-1,-2.6963649
s_016um_00190_00098-1,-3.254042
s_016um_00219_00278-1,-3.0638776
s_016um_00226_00334-1,-3.1567676
s_016um_00217_00025-1,-3.3588424
s_016um_00088_00073-1,-2.9641502
s_016um_00199_00150-1,-3.038617
s_016um_00149_00400-1,-2.941637
s_016um_00310_00052-1,-2.728144
s_016um_00042_00177-1,-3.2136977
s_016um_00209_00292-1,-3.4323633
s_016um_00320_00230-1,-3.1955397
s_016um_00272_00334-1,-2.8994057
s_016um_00031_00085-1,-3.133549
s_016um_00084_00037-1,-3.3287797
s_016um_00219_00029-1,-3.213686
s_016um_00079_00281-1,-2.9370298
s_016um_00215_00276-1,-3.3406
s_016um_00212_00029-1,-3.217677
s_016um_00041_00211-1,-3.000523
s_016um_00166_00373-1,-2.9226785
s_016um_00265_00060-1,-2.9663446
s_016um_00027_00089-1,-3.1391916
s_016um_00170_00128-1,-2.7583983
s_016um_00042_00173-1,-3.3488076
s_016um_00210_00289-1,-3.4167087
s_016um_00218_00019-1,-3.0265172
s_016um_00376_00135-1,-3.1793427
s_016um_00397_00359-1,-3.12961
s_016um_00014_00265-1,-3.1228948
s_016um_00079_00246-1,-3.109713
s_016um_00117_00149-1,-2.8615077
s_016um_00222_00231-1,-3.1004064
s_016um_00262_00185-1,-3.1968477
s_016um_00368_00101-1,-2.8872707
s_016um_00361_00288-1,-2.8454597
s_016um_00238_00084-1,-2.9421496
s_016um_00077_00282-1,-3.1230137
s_016um_00227_00331-1,-3.156828
s_016um_00077_00247-1,-3.2504737
s_016um_00064_00233-1,-3.5440555
s_016um_00021_00270-1,-2.935543
s_016um_00081_00196-1,-3.4482408
s_016um_00370_00094-1,-3.3682437
s_016um_00330_00218-1,-3.3174462
s_016um_00348_00021-1,-3.2290206
s_016um_00387_00130-1,-3.3255866
s_016um_00046_00218-1,-2.9670608
s_016um_00326_00165-1,-3.093887
s_016um_00194_00124-1,-3.2723925
s_016um_00372_00101-1,-2.902955
s_016um_00353_00117-1,-3.1863632
s_016um_00373_00125-1,-3.0309844
s_016um_00393_00345-1,-2.8078346
s_016um_00135_00077-1,-2.943863
s_016um_00148_00400-1,-3.0482924
s_016um_00273_00329-1,-3.3622136
s_016um_00279_00209-1,-3.4352036
s_016um_00185_00032-1,-3.0176246
s_016um_00275_00131-1,-2.8967187
s_016um_00080_00030-1,-3.1440275
s_016um_00362_00417-1,-3.5380359
s_016um_00289_00098-1,-2.8688908
s_016um_00327_00229-1,-3.1777124
s_016um_00183_00031-1,-3.0932465
s_016um_00387_00299-1,-3.1643991
s_016um_00193_00122-1,-2.9513006
s_016um_00009_00293-1,-2.9913898
s_016um_00184_00030-1,-2.8927646
s_016um_00101_00385-1,-2.8758352
s_016um_00133_00229-1,-2.8559632
s_016um_00132_00318-1,-3.0873547
s_016um_00321_00298-1,-2.8596
s_016um_00381_00129-1,-2.87528
s_016um_00094_00339-1,-2.9278119
s_016um_00220_00016-1,-2.882382
s_016um_00326_00125-1,-2.8996098
s_016um_00358_00094-1,-3.2561007
s_016um_00203_00148-1,-2.7385025
s_016um_00263_00128-1,-3.087463
s_016um_00354_00417-1,-3.6996179
s_016um_00045_00045-1,-2.9068186
s_016um_00367_00121-1,-2.8429568
s_016um_00402_00259-1,-3.1468427
s_016um_00401_00128-1,-3.0274892
s_016um_00129_00316-1,-3.2925313
s_016um_00330_00120-1,-2.9996498
s_016um_00357_00096-1,-2.9854538
s_016um_00393_00367-1,-3.4079826
s_016um_00218_00278-1,-3.3584712
s_016um_00046_00240-1,-3.1158662
s_016um_00390_00297-1,-3.33892
s_016um_00253_00027-1,-3.0641956
s_016um_00280_00135-1,-3.1513038
s_016um_00400_00258-1,-3.4263651
s_016um_00094_00278-1,-3.1908183
s_016um_00389_00337-1,-3.4286046
s_016um_00355_00286-1,-3.0749779
s_016um_00334_00214-1,-2.9908183
s_016um_00037_00100-1,-2.9196148
s_016um_00045_00243-1,-3.0027645
s_016um_00259_00032-1,-2.8662107
s_016um_00244_00082-1,-2.648596
s_016um_00334_00397-1,-3.166047
s_016um_00399_00370-1,-3.3361678
s_016um_00218_00029-1,-3.2992284
s_016um_00167_00125-1,-2.8668761
s_016um_00219_00032-1,-2.8981006
s_016um_00011_00213-1,-3.1323738
s_016um_00235_00263-1,-3.0194244
s_016um_00237_00183-1,-2.9472766
s_016um_00412_00105-1,-2.8966322
s_016um_00279_00137-1,-3.1718855
s_016um_00014_00213-1,-3.5989635
s_016um_00391_00346-1,-2.780358
s_016um_00389_00344-1,-3.8288503
s_016um_00258_00032-1,-2.989851
s_016um_00085_00273-1,-2.8511817
s_016um_00329_00118-1,-2.9078257
s_016um_00042_00239-1,-3.3984551
s_016um_00091_00339-1,-3.1121516
s_016um_00332_00256-1,-3.2900114
s_016um_00136_00228-1,-3.0063453
s_016um_00285_00094-1,-2.8676465
s_016um_00125_00390-1,-3.1824725
s_016um_00226_00245-1,-3.0059075
s_016um_00146_00016-1,-3.128867
s_016um_00406_00149-1,-2.7025092
s_016um_00180_00025-1,-3.2364068
s_016um_00009_00208-1,-2.9813764
s_016um_00091_00340-1,-3.1403625
s_016um_00326_00120-1,-3.0651028
s_016um_00019_00264-1,-2.9701715
s_016um_00395_00182-1,-2.9537587
s_016um_00277_00205-1,-2.9995847
s_016um_00403_00147-1,-3.002597
s_016um_00181_00032-1,-3.2837257
s_016um_00082_00268-1,-3.030842
s_016um_00177_00031-1,-2.8849127
s_016um_00005_00154-1,-3.4375212
s_016um_00397_00220-1,-3.282765
s_016um_00321_00163-1,-3.1315527
s_016um_00357_00413-1,-3.5397136
s_016um_00369_00146-1,-3.213307
s_016um_00038_00206-1,-2.8952682
s_016um_00269_00223-1,-2.9007108
s_016um_00313_00058-1,-3.0263066
s_016um_00377_00134-1,-3.345727
s_016um_00042_00218-1,-3.1442964
s_016um_00139_00223-1,-2.9654956
s_016um_00015_00270-1,-2.7154167
s_016um_00401_00402-1,-2.298156
s_016um_00381_00128-1,-2.922266
s_016um_00263_00129-1,-3.0720458
s_016um_00099_00030-1,-2.5801978
s_016um_00413_00103-1,-2.8221793
s_016um_00011_00211-1,-3.2918658
s_016um_00262_00184-1,-2.8880174
s_016um_00118_00149-1,-3.0880773
s_016um_00006_00213-1,-3.2412922
s_016um_00033_00010-1,-3.0087779
s_016um_00237_00087-1,-2.81933
s_016um_00113_00317-1,-2.9597192
s_016um_00242_00184-1,-2.8076367
s_016um_00102_00026-1,-3.0934577
s_016um_00390_00361-1,-3.1073213
s_016um_00281_00325-1,-3.0039062
s_016um_00281_00321-1,-3.7342072
s_016um_00398_00365-1,-3.0162244
s_016um_00235_00360-1,-3.3342016
s_016um_00353_00414-1,-2.9783292
s_016um_00088_00069-1,-3.1058595
s_016um_00136_00218-1,-2.8619726
s_016um_00075_00295-1,-3.0741403
s_016um_00231_00360-1,-3.6346767
s_016um_00406_00153-1,-2.9423459
s_016um_00228_00330-1,-3.0833428
s_016um_00368_00095-1,-2.891575
s_016um_00397_00184-1,-2.967404
s_016um_00353_00022-1,-2.81372
s_016um_00182_00031-1,-3.3656046
s_016um_00132_00323-1,-3.328516
s_016um_00317_00166-1,-3.2488987
s_016um_00226_00234-1,-3.1816518
s_016um_00263_00131-1,-3.198915
s_016um_00254_00021-1,-3.1383815
s_016um_00083_00284-1,-3.3355696
s_016um_00103_00390-1,-3.010361
s_016um_00266_00055-1,-2.8912613
s_016um_00142_00060-1,-2.7589526
s_016um_00403_00124-1,-3.014074
s_016um_00076_00299-1,-3.0530214
s_016um_00398_00180-1,-3.290427
s_016um_00011_00301-1,-3.6433918
s_016um_00035_00009-1,-2.8703644
s_016um_00324_00228-1,-3.097799
s_016um_00270_00226-1,-3.1363218
s_016um_00363_00230-1,-3.099519
s_016um_00026_00085-1,-2.9792774
s_016um_00356_00289-1,-2.988703
s_016um_00270_00228-1,-3.1469724
s_016um_00396_00360-1,-3.9666626
s_016um_00277_00048-1,-3.2976606
s_016um_00218_00233-1,-3.1615603
s_016um_00280_00319-1,-3.1524148
s_016um_00087_00028-1,-2.8748975
s_016um_00042_00207-1,-2.9103389
s_016um_00078_00235-1,-3.12631
s_016um_00169_00376-1,-3.3473225
s_016um_00256_00034-1,-2.3628907
s_016um_00082_00266-1,-3.025566
s_016um_00355_00121-1,-2.88215
s_016um_00223_00248-1,-3.0562403
s_016um_00179_00028-1,-3.1203024
s_016um_00075_00296-1,-3.0743465
s_016um_00261_00188-1,-3.0500007
s_016um_00311_00059-1,-2.891032
s_016um_00119_00145-1,-3.3746688
s_016um_00083_00029-1,-2.9040933
s_016um_00030_00089-1,-3.3073003
s_016um_00083_00069-1,-2.885181
s_016um_00291_00095-1,-2.6271205
s_016um_00355_00414-1,-3.5113912
s_016um_00163_00290-1,-2.9587777
s_016um_00229_00261-1,-3.1929312
s_016um_00031_00089-1,-3.1562705
s_016um_00235_00358-1,-3.1737938
s_016um_00273_00223-1,-2.9270163
s_016um_00223_00250-1,-3.1263072
s_016um_00030_00332-1,-3.3732042
s_016um_00403_00396-1,-2.9910958
s_016um_00255_00024-1,-3.1772125
s_016um_00389_00295-1,-3.1621678
s_016um_00238_00360-1,-3.439708
s_016um_00403_00122-1,-3.0587118
s_016um_00401_00120-1,-3.0346541
s_016um_00058_00242-1,-3.0260484
s_016um_00359_00091-1,-3.0099757
s_016um_00043_00218-1,-2.9789867
s_016um_00039_00045-1,-3.2139862
s_016um_00137_00217-1,-2.8623006
s_016um_00078_00297-1,-3.0466764
s_016um_00337_00403-1,-3.0430806
s_016um_00323_00301-1,-3.162778
s_016um_00274_00311-1,-3.5491822
s_016um_00274_00133-1,-3.122634
s_016um_00224_00228-1,-2.955573
s_016um_00025_00086-1,-3.0613592
s_016um_00119_00144-1,-3.0326126
s_016um_00223_00231-1,-3.04278
s_016um_00085_00284-1,-3.1371815
s_016um_00197_00128-1,-3.3049164
s_016um_00352_00025-1,-2.9224176
s_016um_00067_00239-1,-3.0154798
s_016um_00211_00030-1,-3.0906217
s_016um_00355_00122-1,-2.6588464
s_016um_00030_00337-1,-3.2015805
s_016um_00078_00281-1,-3.1468883
s_016um_00085_00265-1,-3.1359732
s_016um_00046_00216-1,-2.9969635
s_016um_00222_00025-1,-3.08619
s_016um_00038_00103-1,-3.1165595
s_016um_00403_00123-1,-3.1207256
s_016um_00227_00334-1,-3.2702172
s_016um_00012_00153-1,-2.9228976
s_016um_00405_00398-1,-2.187849
s_016um_00084_00032-1,-3.3541207
s_016um_00101_00028-1,-2.994044
s_016um_00393_00337-1,-3.8110209
s_016um_00147_00401-1,-3.3250434
s_016um_00102_00029-1,-3.080386
s_016um_00150_00402-1,-3.238298
s_016um_00082_00033-1,-3.1296601
s_016um_00081_00200-1,-3.105145
s_016um_00148_00397-1,-3.0087948
s_016um_00277_00139-1,-3.1528895
s_016um_00356_00021-1,-3.2208388
s_016um_00040_00043-1,-2.9870844
s_016um_00195_00093-1,-3.0609105
s_016um_00275_00328-1,-3.391416
s_016um_00082_00293-1,-2.8253987
s_016um_00042_00216-1,-2.42789
s_016um_00209_00029-1,-3.1755419
s_016um_00039_00203-1,-2.8552928
s_016um_00414_00141-1,-2.8958921
s_016um_00347_00212-1,-3.1628323
s_016um_00045_00209-1,-3.3154933
s_016um_00093_00334-1,-3.35848
s_016um_00275_00130-1,-3.1673274
s_016um_00220_00026-1,-3.299051
s_016um_00273_00035-1,-2.9873424
s_016um_00407_00395-1,-3.571731
s_016um_00359_00291-1,-3.366861
s_016um_00167_00376-1,-3.0504339
s_016um_00260_00134-1,-3.1848211
s_016um_00078_00237-1,-2.9342585
s_016um_00392_00357-1,-2.0373783
s_016um_00128_00384-1,-2.9748044
s_016um_00087_00029-1,-3.033707
s_016um_00374_00140-1,-3.221183
s_016um_00243_00087-1,-3.10322
s_016um_00082_00264-1,-3.2181256
s_016um_00271_00228-1,-2.9165962
s_016um_00036_00006-1,-3.094561
s_016um_00079_00282-1,-3.0914278
s_016um_00045_00219-1,-3.0099087
s_016um_00157_00292-1,-3.0880826
s_016um_00135_00219-1,-3.0945568
s_016um_00268_00226-1,-3.2746549
s_016um_00036_00005-1,-2.8755224
s_016um_00057_00247-1,-2.9630733
s_016um_00131_00231-1,-2.8958597
s_016um_00207_00148-1,-3.0466676
s_016um_00342_00220-1,-2.8154485
s_016um_00266_00062-1,-2.709775
s_016um_00219_00171-1,-3.4045265
s_016um_00267_00134-1,-3.1020448
s_016um_00136_00072-1,-3.1911623
s_016um_00366_00143-1,-2.8155882
s_016um_00404_00121-1,-3.161558
s_016um_00230_00248-1,-3.20815
s_016um_00400_00367-1,-3.32695
s_016um_00248_00024-1,-2.8723204
s_016um_00401_00122-1,-2.801458
s_016um_00224_00331-1,-3.0220342
s_016um_00025_00091-1,-3.1752465
s_016um_00237_00089-1,-3.3963323
s_016um_00066_00127-1,-3.1379595
s_016um_00140_00054-1,-3.6123586
s_016um_00077_00298-1,-3.2997942
s_016um_00214_00035-1,-2.901492
s_016um_00395_00341-1,-3.1085582
s_016um_00321_00165-1,-3.1777463
s_016um_00010_00294-1,-3.1280878
s_016um_00172_00125-1,-3.5086973
s_016um_00148_00399-1,-3.1972203
s_016um_00100_00028-1,-2.9291885
s_016um_00329_00119-1,-2.9234278
s_016um_00040_00044-1,-3.1428478
s_016um_00353_00120-1,-2.8918471
s_016um_00077_00294-1,-3.3220522
s_016um_00122_00151-1,-3.0416
s_016um_00128_00093-1,-2.9286
s_016um_00130_00383-1,-3.1966627
s_016um_00273_00316-1,-3.7074244
s_016um_00388_00128-1,-3.3308704
s_016um_00324_00297-1,-3.087294
s_016um_00148_00058-1,-3.265835
s_016um_00060_00245-1,-3.5551977
s_016um_00250_00023-1,-2.7299552
s_016um_00275_00207-1,-3.0942183
s_016um_00212_00032-1,-3.2567904
s_016um_00224_00247-1,-3.062229
s_016um_00036_00105-1,-3.2265756
s_016um_00376_00123-1,-3.1101303
s_016um_00269_00029-1,-2.7130141
s_016um_00394_00340-1,-3.710343
s_016um_00396_00365-1,-3.3389382
s_016um_00139_00070-1,-3.2611868
s_016um_00352_00018-1,-2.8586228
s_016um_00032_00329-1,-3.0004296
s_016um_00263_00330-1,-2.7953405
s_016um_00228_00329-1,-2.8986502
s_016um_00364_00095-1,-2.7334266
s_016um_00180_00026-1,-2.967441
s_016um_00189_00122-1,-3.0032945
s_016um_00134_00076-1,-3.3022237
s_016um_00325_00121-1,-3.0663812
s_016um_00093_00027-1,-3.061456
s_016um_00216_00033-1,-3.1767642
s_016um_00079_00297-1,-2.937293
s_016um_00239_00184-1,-2.921925
s_016um_00323_00164-1,-2.6852891
s_016um_00410_00097-1,-2.9542396
s_016um_00102_00390-1,-3.2029188
s_016um_00281_00316-1,-3.2731154
s_016um_00393_00342-1,-3.3716483
s_016um_00122_00147-1,-2.8742886
s_016um_00397_00257-1,-3.0464287
s_016um_00357_00412-1,-4.210285
s_016um_00222_00232-1,-3.7292316
s_016um_00285_00096-1,-2.7671552
s_016um_00273_00045-1,-2.9745116
s_016um_00022_00265-1,-3.2438512
s_016um_00369_00122-1,-3.7814322
s_016um_00044_00212-1,-2.4864986
s_016um_00086_00273-1,-3.1394935
s_016um_00137_00318-1,-3.1045086
s_016um_00400_00219-1,-2.9597602
s_016um_00092_00268-1,-2.8690252
s_016um_00042_00244-1,-2.8257325
s_016um_00227_00237-1,-2.7917771
s_016um_00178_00026-1,-2.905573
s_016um_00398_00212-1,-3.4597797
s_016um_00273_00229-1,-3.0508177
s_016um_00328_00305-1,-3.3137891
s_016um_00044_00172-1,-3.1609287
s_016um_00064_00133-1,-3.0745764
s_016um_00067_00130-1,-3.4853475
s_016um_00356_00095-1,-3.0421202
s_016um_00407_00098-1,-2.9921825
s_016um_00230_00247-1,-3.001747
s_016um_00368_00226-1,-3.072847
s_016um_00361_00286-1,-3.1902168
s_016um_00073_00245-1,-2.8626907
s_016um_00286_00100-1,-3.117128
s_016um_00321_00167-1,-2.864875
s_016um_00092_00339-1,-3.1774416
s_016um_00406_00148-1,-2.822132
s_016um_00223_00167-1,-2.7761135
s_016um_00324_00122-1,-2.9159935
s_016um_00365_00222-1,-3.362507
s_016um_00340_00213-1,-3.08471
s_016um_00367_00228-1,-3.4637318
s_016um_00259_00186-1,-3.15056
s_016um_00219_00168-1,-2.9683025
s_016um_00152_00402-1,-2.9845624
s_016um_00018_00264-1,-2.931536
s_016um_00414_00105-1,-2.9507384
s_016um_00105_00068-1,-3.218295
s_016um_00041_00240-1,-3.5755968
s_016um_00055_00242-1,-3.0460145
s_016um_00047_00207-1,-3.152815
s_016um_00371_00123-1,-2.6892896
s_016um_00407_00399-1,-1.9582969
s_016um_00080_00285-1,-3.027144
s_016um_00277_00322-1,-3.3895044
s_016um_00037_00177-1,-3.3158588
s_016um_00335_00403-1,-3.1847606
s_016um_00225_00237-1,-2.9322813
s_016um_00325_00300-1,-3.0622149
s_016um_00008_00212-1,-3.20638
s_016um_00358_00417-1,-3.3607223
s_016um_00259_00192-1,-3.1337056
s_016um_00036_00178-1,-3.0185473
s_016um_00215_00011-1,-3.089366
s_016um_00365_00225-1,-3.3840206
s_016um_00028_00090-1,-3.9513319
s_016um_00083_00198-1,-3.275249
s_016um_00090_00270-1,-3.1459405
s_016um_00038_00049-1,-3.428309
s_016um_00397_00217-1,-3.1440713
s_016um_00012_00294-1,-2.9676557
s_016um_00084_00071-1,-3.1901717
s_016um_00017_00264-1,-3.2219198
s_016um_00105_00388-1,-3.3577056
s_016um_00127_00385-1,-2.9895806
s_016um_00169_00128-1,-3.1954036
s_016um_00207_00151-1,-2.9144447
s_016um_00228_00236-1,-2.911773
s_016um_00239_00191-1,-2.904686
s_016um_00151_00402-1,-3.310367
s_016um_00408_00150-1,-3.0471268
s_016um_00190_00125-1,-2.868637
s_016um_00353_00122-1,-3.184622
s_016um_00398_00179-1,-2.9727702
s_016um_00356_00089-1,-3.2009335
s_016um_00090_00336-1,-3.1849546
s_016um_00079_00197-1,-2.9608223
s_016um_00314_00055-1,-2.9670923
s_016um_00270_00060-1,-3.25543
s_016um_00201_00151-1,-2.7224357
s_016um_00097_00068-1,-2.6764603
s_016um_00235_00088-1,-2.7210767
s_016um_00134_00073-1,-4.106514
s_016um_00045_00203-1,-3.0117965
s_016um_00087_00273-1,-2.9905858
s_016um_00336_00396-1,-3.4915693
s_016um_00336_00404-1,-3.6022813
s_016um_00272_00046-1,-3.142627
s_016um_00279_00205-1,-2.958654
s_016um_00253_00029-1,-2.8268633
s_016um_00133_00074-1,-2.9990132
s_016um_00281_00329-1,-3.0466177
s_016um_00348_00024-1,-2.8979566
s_016um_00039_00208-1,-3.1846359
s_016um_00006_00208-1,-2.9693515
s_016um_00041_00243-1,-2.979515
s_016um_00227_00327-1,-3.1780393
s_016um_00400_00368-1,-3.5212238
s_016um_00383_00134-1,-2.6818616
s_016um_00109_00387-1,-2.971696
s_016um_00134_00226-1,-2.9833825
s_016um_00389_00130-1,-3.0422702
s_016um_00272_00227-1,-2.9698958
s_016um_00218_00282-1,-3.060124
s_016um_00369_00143-1,-2.9554353
s_016um_00212_00292-1,-3.2739553
s_016um_00194_00127-1,-3.0912971
s_016um_00220_00281-1,-3.0238698
s_016um_00054_00248-1,-3.7953503
s_016um_00195_00097-1,-3.127112
s_016um_00220_00279-1,-3.126505
s_016um_00087_00198-1,-3.2256472
s_016um_00264_00189-1,-3.268188
s_016um_00060_00250-1,-2.7981973
s_016um_00133_00233-1,-3.231649
s_016um_00230_00359-1,-3.1130414
s_016um_00079_00285-1,-3.0308206
s_016um_00395_00216-1,-2.8681183
s_016um_00214_00031-1,-2.9200764
s_016um_00005_00156-1,-2.8778377
s_016um_00392_00294-1,-3.26177
s_016um_00354_00287-1,-3.5012658
s_016um_00279_00201-1,-3.1497436
s_016um_00045_00217-1,-2.9451954
s_016um_00226_00239-1,-3.1587079
s_016um_00366_00094-1,-3.0827038
s_016um_00274_00329-1,-3.371247
s_016um_00413_00138-1,-2.580304
s_016um_00373_00124-1,-3.2047603
s_016um_00275_00223-1,-3.5470088
s_016um_00128_00090-1,-2.659493
s_016um_00036_00009-1,-3.0037625
s_016um_00274_00131-1,-2.6494803
s_016um_00131_00388-1,-2.8600492
s_016um_00230_00331-1,-3.22022
s_016um_00097_00341-1,-3.0170746
s_016um_00079_00250-1,-3.1232483
s_016um_00320_00302-1,-3.0512655
s_016um_00015_00268-1,-2.994593
s_016um_00084_00269-1,-3.002831
s_016um_00275_00327-1,-2.690722
s_016um_00265_00329-1,-2.6360507
s_016um_00046_00242-1,-2.9233098
s_016um_00088_00270-1,-2.890919
s_016um_00263_00185-1,-3.1058207
s_016um_00037_00097-1,-2.877486
s_016um_00076_00297-1,-3.1423733
s_016um_00068_00235-1,-3.1517437
s_016um_00309_00058-1,-2.74485
s_016um_00219_00031-1,-3.0654619
s_016um_00261_00028-1,-3.1132042
s_016um_00370_00122-1,-3.4087918
s_016um_00227_00239-1,-3.402884
s_016um_00369_00102-1,-3.500772
s_016um_00145_00014-1,-2.8665843
s_016um_00354_00020-1,-3.1315207
s_016um_00211_00032-1,-3.1970162
s_016um_00089_00268-1,-2.8096962
s_016um_00386_00297-1,-3.0912797
s_016um_00081_00237-1,-2.4945204
s_016um_00262_00058-1,-2.9723
s_016um_00123_00147-1,-3.2398047
s_016um_00239_00086-1,-2.6857624
s_016um_00080_00284-1,-2.9185348
s_016um_00220_00011-1,-3.3593192
s_016um_00033_00085-1,-3.1065216
s_016um_00267_00029-1,-3.3523712
s_016um_00080_00278-1,-2.8861284
s_016um_00404_00122-1,-3.4423244
s_016um_00220_00029-1,-3.1426156
s_016um_00223_00335-1,-3.085339
s_016um_00235_00267-1,-3.1987977
s_016um_00091_00268-1,-2.833113
s_016um_00033_00007-1,-3.2749588
s_016um_00010_00151-1,-3.2820716
s_016um_00184_00026-1,-3.2871768
s_016um_00067_00127-1,-3.1865392
s_016um_00090_00271-1,-3.2880843
s_016um_00029_00085-1,-3.037139
s_016um_00022_00271-1,-2.2828724
s_016um_00262_00334-1,-3.0781238
s_016um_00358_00118-1,-3.1471887
s_016um_00243_00086-1,-2.8912945
s_016um_00325_00299-1,-2.9011953
s_016um_00031_00092-1,-2.8902776
s_016um_00229_00243-1,-3.2873204
s_016um_00355_00113-1,-3.1066322
s_016um_00369_00230-1,-2.9917266
s_016um_00394_00356-1,-2.468525
s_016um_00074_00247-1,-2.8409681
s_016um_00079_00269-1,-3.0241778
s_016um_00278_00313-1,-3.1869495
s_016um_00080_00299-1,-2.9627028
s_016um_00394_00345-1,-2.896241
s_016um_00141_00219-1,-2.750881
s_016um_00312_00053-1,-3.0988798
s_016um_00266_00130-1,-3.4967701
s_016um_00096_00271-1,-3.2671137
s_016um_00089_00073-1,-3.295769
s_016um_00040_00102-1,-3.2976587
s_016um_00169_00375-1,-2.9642558
s_016um_00408_00397-1,-2.4377365
s_016um_00034_00334-1,-2.9862835
s_016um_00342_00399-1,-3.4162955
s_016um_00231_00361-1,-3.1840582
s_016um_00142_00019-1,-3.383514
s_016um_00354_00091-1,-3.0755906
s_016um_00157_00291-1,-3.059941
s_016um_00357_00091-1,-2.9672523
s_016um_00321_00168-1,-3.3161066
s_016um_00191_00122-1,-3.4080517
s_016um_00137_00215-1,-3.370841
s_016um_00403_00127-1,-3.1950407
s_016um_00258_00190-1,-3.2919436
s_016um_00054_00245-1,-3.4860845
s_016um_00351_00026-1,-3.0644026
s_016um_00347_00213-1,-2.7189763
s_016um_00086_00068-1,-2.919055
s_016um_00351_00094-1,-3.0993745
s_016um_00212_00033-1,-3.0324721
s_016um_00103_00387-1,-3.0821784
s_016um_00263_00186-1,-2.5279856
s_016um_00354_00119-1,-3.0218031
s_016um_00231_00359-1,-3.3092995
s_016um_00020_00269-1,-3.153761
s_016um_00271_00034-1,-2.89348
s_016um_00339_00398-1,-3.231981
s_016um_00275_00205-1,-3.1731834
s_016um_00361_00418-1,-2.4722533
s_016um_00221_00231-1,-2.9389703
s_016um_00045_00212-1,-3.3602834
s_016um_00048_00218-1,-2.690363
s_016um_00248_00021-1,-3.5137596
s_016um_00190_00094-1,-3.2132401
s_016um_00402_00258-1,-3.0194414
s_016um_00060_00247-1,-3.2196796
s_016um_00402_00403-1,-2.166141
s_016um_00196_00128-1,-2.9287217
s_016um_00106_00315-1,-2.6511936
s_016um_00149_00397-1,-3.3216655
s_016um_00226_00242-1,-3.4618797
s_016um_00075_00294-1,-2.9833457
s_016um_00352_00023-1,-2.793007
s_016um_00326_00167-1,-2.991419
s_016um_00223_00328-1,-3.092046
s_016um_00274_00228-1,-2.5888119
s_016um_00192_00126-1,-2.921995
s_016um_00393_00295-1,-3.101477
s_016um_00225_00250-1,-3.2785542
s_016um_00381_00138-1,-3.116848
s_016um_00225_00026-1,-2.9432774
s_016um_00402_00369-1,-3.8034406
s_016um_00106_00318-1,-3.0441356
s_016um_00220_00276-1,-3.290457
s_016um_00407_00146-1,-2.9731793
s_016um_00382_00137-1,-2.8038676
s_016um_00329_00122-1,-3.028456
s_016um_00152_00395-1,-3.1136563
s_016um_00387_00341-1,-3.0181358
s_016um_00327_00215-1,-2.895434
s_016um_00273_00031-1,-3.0709064
s_016um_00272_00049-1,-2.6877847
s_016um_00100_00387-1,-3.3132293
s_016um_00083_00293-1,-3.0621574
s_016um_00407_00148-1,-3.0335274
s_016um_00263_00133-1,-2.8796258
s_016um_00165_00123-1,-3.021722
s_016um_00086_00283-1,-3.0995953
s_016um_00407_00403-1,0.19326878
s_016um_00368_00102-1,-2.7224696
s_016um_00066_00125-1,-3.1857126
s_016um_00141_00062-1,-2.8700392
s_016um_00040_00040-1,-3.4963608
s_016um_00267_00129-1,-3.5259511
s_016um_00215_00290-1,-3.255006
s_016um_00227_00236-1,-3.0466282
s_016um_00157_00289-1,-2.2836964
s_016um_00210_00297-1,-3.226915
s_016um_00207_00147-1,-3.0628853
s_016um_00142_00021-1,-3.0203323
s_016um_00196_00097-1,-3.110496
s_016um_00330_00122-1,-3.2511482
s_016um_00034_00330-1,-2.9551995
s_016um_00397_00182-1,-3.0266945
s_016um_00081_00264-1,-3.2448645
s_016um_00240_00083-1,-2.6866279
s_016um_00127_00382-1,-2.8713946
s_016um_00322_00304-1,-2.8967972
s_016um_00185_00027-1,-3.3732102
s_016um_00062_00133-1,-3.484219
s_016um_00236_00360-1,-3.390166
s_016um_00265_00331-1,-2.9538682
s_016um_00044_00173-1,-3.1845472
s_016um_00027_00336-1,-3.0858464
s_016um_00019_00268-1,-3.0596237
s_016um_00034_00003-1,-2.8865395
s_016um_00029_00084-1,-2.7462764
s_016um_00061_00249-1,-3.0443504
s_016um_00033_00335-1,-3.3358638
s_016um_00007_00295-1,-3.338906
s_016um_00418_00140-1,-2.9595535
s_016um_00355_00412-1,-4.1460204
s_016um_00042_00211-1,-2.910899
s_016um_00130_00089-1,-3.234065
s_016um_00104_00385-1,-3.004254
s_016um_00401_00121-1,-3.238948
s_016um_00417_00139-1,-3.1324995
s_016um_00132_00094-1,-3.1160226
s_016um_00269_00333-1,-2.9910548
s_016um_00194_00122-1,-3.5937226
s_016um_00279_00048-1,-3.4330397
s_016um_00217_00032-1,-3.0558095
s_016um_00211_00027-1,-2.9382558
s_016um_00326_00169-1,-3.1291528
s_016um_00096_00339-1,-3.1238525
s_016um_00010_00211-1,-2.7210264
s_016um_00321_00228-1,-3.0936315
s_016um_00312_00060-1,-3.226594
s_016um_00092_00338-1,-2.8553066
s_016um_00134_00074-1,-2.9550843
s_016um_00327_00217-1,-2.9858472
s_016um_00164_00288-1,-2.8347008
s_016um_00046_00237-1,-2.9719586
s_016um_00083_00031-1,-3.0762632
s_016um_00335_00258-1,-3.4707565
s_016um_00388_00129-1,-3.3864691
s_016um_00181_00024-1,-3.1677113
s_016um_00390_00345-1,-3.617496
s_016um_00322_00298-1,-3.307826
s_016um_00219_00235-1,-3.3345912
s_016um_00372_00142-1,-2.9494977
s_016um_00372_00117-1,-3.2130315
s_016um_00231_00261-1,-3.093405
s_016um_00360_00294-1,-3.1652448
s_016um_00390_00337-1,-3.5152817
s_016um_00045_00237-1,-2.9134312
s_016um_00259_00185-1,-4.015675
s_016um_00395_00372-1,-2.854836
s_016um_00267_00062-1,-2.9020715
s_016um_00151_00399-1,-2.9811268
s_016um_00153_00397-1,-3.2645624
s_016um_00270_00335-1,-3.1351614
s_016um_00324_00166-1,-3.434621
s_016um_00224_00236-1,-3.2309422
s_016um_00399_00361-1,-3.0943816
s_016um_00354_00023-1,-3.025267
s_016um_00279_00329-1,-3.1877027
s_016um_00221_00170-1,-3.2131453
s_016um_00233_00362-1,-3.021636
s_016um_00222_00239-1,-2.971259
s_016um_00189_00091-1,-3.1252892
s_016um_00078_00299-1,-2.9736118
s_016um_00007_00301-1,-2.8438272
s_016um_00268_00330-1,-3.5012705
s_016um_00289_00095-1,-2.999781
s_016um_00281_00136-1,-2.9251442
s_016um_00410_00103-1,-3.0992343
s_016um_00278_00326-1,-3.032927
s_016um_00137_00076-1,-3.0716288
s_016um_00041_00215-1,-2.355879
s_016um_00193_00097-1,-3.2973235
s_016um_00095_00336-1,-3.0427876
s_016um_00095_00317-1,-3.145791
s_016um_00244_00084-1,-2.8522172
s_016um_00393_00183-1,-3.390447
s_016um_00224_00170-1,-3.2192578
s_016um_00341_00220-1,-2.8139644
s_016um_00036_00008-1,-3.4048648
s_016um_00128_00385-1,-3.236872
s_016um_00224_00232-1,-3.448121
s_016um_00129_00232-1,-2.910078
s_016um_00138_00021-1,-3.365308
s_016um_00410_00104-1,-3.1783903
s_016um_00122_00148-1,-3.0210302
s_016um_00082_00282-1,-3.1165457
s_016um_00094_00027-1,-2.50253
s_016um_00235_00359-1,-3.388195
s_016um_00325_00126-1,-2.9108038
s_016um_00277_00138-1,-3.0089626
s_016um_00171_00375-1,-3.248599
s_016um_00199_00151-1,-3.3417459
s_016um_00356_00122-1,-3.154052
s_016um_00192_00096-1,-2.968347
s_016um_00404_00150-1,-3.289819
s_016um_00266_00134-1,-3.0474224
s_016um_00224_00245-1,-3.0861168
s_016um_00347_00219-1,-3.143789
s_016um_00380_00131-1,-2.9772327
s_016um_00091_00275-1,-2.9935255
s_016um_00217_00010-1,-3.1837373
s_016um_00220_00014-1,-2.971352
s_016um_00336_00402-1,-3.628296
s_016um_00352_00026-1,-3.0630953
s_016um_00085_00195-1,-3.5412202
s_016um_00399_00372-1,-2.8805463
s_016um_00129_00226-1,-3.147884
s_016um_00394_00295-1,-2.8700411
s_016um_00054_00243-1,-3.1091778
s_016um_00117_00146-1,-3.0181532
s_016um_00275_00324-1,-3.5101433
s_016um_00326_00230-1,-3.1993845
s_016um_00335_00398-1,-3.5110795
s_016um_00371_00138-1,-3.2847328
s_016um_00194_00094-1,-3.0835915
s_016um_00037_00174-1,-3.1566541
s_016um_00257_00187-1,-2.7797372
s_016um_00096_00272-1,-3.1240256
s_016um_00104_00383-1,-3.0459044
s_016um_00400_00124-1,-2.9936965
s_016um_00139_00222-1,-2.937685
s_016um_00273_00131-1,-3.1409414
s_016um_00220_00032-1,-3.385546
s_016um_00079_00239-1,-3.004138
s_016um_00360_00416-1,-2.5746856
s_016um_00011_00153-1,-3.4645245
s_016um_00322_00163-1,-2.9890976
s_016um_00042_00242-1,-3.3401473
s_016um_00413_00105-1,-3.2493112
s_016um_00220_00224-1,-2.9174511
s_016um_00369_00101-1,-2.743903
s_016um_00061_00246-1,-3.0007803
s_016um_00043_00208-1,-2.7297873
s_016um_00048_00214-1,-2.9524648
s_016um_00179_00030-1,-3.6011064
s_016um_00193_00092-1,-3.0138218
s_016um_00398_00370-1,-3.2555287
s_016um_00406_00397-1,-2.9326384
s_016um_00043_00215-1,-3.0765827
s_016um_00408_00105-1,-2.4394894
s_016um_00358_00411-1,-3.7764423
s_016um_00246_00083-1,-2.8613815
s_016um_00080_00033-1,-3.4694152
s_016um_00395_00366-1,-3.2015095
s_016um_00363_00224-1,-2.9623468
s_016um_00225_00170-1,-2.7629793
s_016um_00241_00089-1,-2.7174504
s_016um_00028_00085-1,-3.282644
s_016um_00194_00128-1,-2.8380318
s_016um_00228_00245-1,-3.5031638
s_016um_00413_00101-1,-3.2379923
s_016um_00393_00179-1,-3.3562384
s_016um_00217_00231-1,-2.774386
s_016um_00262_00337-1,-2.8927352
s_016um_00369_00142-1,-3.406112
s_016um_00233_00358-1,-2.8320606
s_016um_00115_00146-1,-3.0265112
s_016um_00039_00172-1,-3.4020696
s_016um_00108_00390-1,-3.0815682
s_016um_00270_00029-1,-3.073299
s_016um_00085_00200-1,-3.014628
s_016um_00370_00118-1,-3.1703963
s_016um_00136_00222-1,-3.1138535
s_016um_00089_00278-1,-2.8108022
s_016um_00214_00011-1,-2.9487352
s_016um_00267_00331-1,-3.3395054
s_016um_00088_00065-1,-3.528966
s_016um_00235_00189-1,-3.0151634
s_016um_00236_00093-1,-2.6876235
s_016um_00335_00404-1,-4.099986
s_016um_00192_00127-1,-2.990887
s_016um_00358_00294-1,-3.0703747
s_016um_00090_00276-1,-3.1507103
s_016um_00224_00226-1,-2.9888134
s_016um_00147_00059-1,-3.3400445
s_016um_00041_00041-1,-3.167106
s_016um_00116_00151-1,-3.1468337
s_016um_00208_00291-1,-2.946887
s_016um_00097_00066-1,-3.2263672
s_016um_00085_00032-1,-3.1364186
s_016um_00364_00226-1,-3.0465286
s_016um_00104_00390-1,-3.1373117
s_016um_00089_00272-1,-3.0664232
s_016um_00098_00070-1,-3.1965997
s_016um_00224_00235-1,-3.227314
s_016um_00168_00128-1,-2.8186398
s_016um_00223_00234-1,-3.2441378
s_016um_00109_00321-1,-2.3224907
s_016um_00067_00133-1,-3.2353182
s_016um_00067_00234-1,-2.9984503
s_016um_00222_00327-1,-2.9992206
s_016um_00097_00070-1,-2.77184
s_016um_00366_00098-1,-3.2357893
s_016um_00396_00181-1,-3.074384
s_016um_00133_00073-1,-3.1376307
s_016um_00094_00315-1,-2.946299
s_016um_00219_00282-1,-3.1103897
s_016um_00059_00243-1,-3.1001618
s_016um_00403_00119-1,-3.4686012
s_016um_00321_00299-1,-2.776579
s_016um_00082_00243-1,-3.0579362
s_016um_00415_00135-1,-3.728422
s_016um_00255_00029-1,-2.9428244
s_016um_00321_00162-1,-3.0319924
s_016um_00137_00229-1,-3.438399
s_016um_00039_00044-1,-3.2425969
s_016um_00247_00087-1,-2.1909547
s_016um_00368_00139-1,-3.3083756
s_016um_00283_00325-1,-2.7676215
s_016um_00066_00237-1,-3.402289
s_016um_00325_00118-1,-3.575377
s_016um_00006_00299-1,-3.0525577
s_016um_00219_00024-1,-2.9555738
s_016um_00266_00054-1,-2.5634527
s_016um_00262_00135-1,-2.834684
s_016um_00117_00144-1,-2.7847972
s_016um_00128_00087-1,-2.6765566
s_016um_00239_00085-1,-2.9067466
s_016um_00015_00271-1,-3.5073428
s_016um_00166_00125-1,-3.0832667
s_016um_00334_00401-1,-3.9752476
s_016um_00396_00215-1,-3.2288115
s_016um_00404_00124-1,-2.9063442
s_016um_00358_00290-1,-2.900001
s_016um_00338_00399-1,-3.4612584
s_016um_00214_00015-1,-2.8944826
s_016um_00035_00006-1,-3.043251
s_016um_00399_00219-1,-3.014885
s_016um_00168_00374-1,-2.7135994
s_016um_00344_00214-1,-3.1572433
s_016um_00140_00060-1,-3.1924243
s_016um_00231_00354-1,-3.5026858
s_016um_00225_00246-1,-3.1713202
s_016um_00216_00172-1,-2.7673566
s_016um_00101_00026-1,-2.9775214
s_016um_00146_00395-1,-3.1746888
s_016um_00401_00401-1,-3.3191998
s_016um_00331_00250-1,-3.2044482
s_016um_00395_00364-1,-3.9743154
s_016um_00396_00256-1,-3.1973746
s_016um_00242_00188-1,-3.2237468
s_016um_00085_00266-1,-2.939343
s_016um_00274_00204-1,-3.4798543
s_016um_00307_00059-1,-3.0765061
s_016um_00087_00270-1,-2.977925
s_016um_00345_00217-1,-3.1590328
s_016um_00278_00207-1,-2.7778285
s_016um_00272_00223-1,-3.4306545
s_016um_00397_00358-1,-2.9586596
s_016um_00371_00097-1,-3.0762043
s_016um_00083_00028-1,-3.1916115
s_016um_00080_00269-1,-3.0390193
s_016um_00231_00088-1,-3.0439966
s_016um_00031_00086-1,-3.0268607
s_016um_00107_00391-1,-3.1938658
s_016um_00337_00397-1,-3.4674468
s_016um_00170_00378-1,-2.9368632
s_016um_00130_00225-1,-2.9911876
s_016um_00259_00133-1,-3.200404
s_016um_00134_00231-1,-3.2047625
s_016um_00082_00272-1,-2.9581556
s_016um_00053_00246-1,-2.8141584
s_016um_00353_00121-1,-3.227254
s_016um_00230_00262-1,-2.925471
s_016um_00083_00034-1,-3.025376
s_016um_00275_00206-1,-3.063747
s_016um_00102_00073-1,-3.4743025
s_016um_00007_00210-1,-2.9370446
s_016um_00200_00149-1,-2.8053036
s_016um_00399_00366-1,-3.6593409
s_016um_00093_00340-1,-2.8940675
s_016um_00281_00133-1,-2.819321
s_016um_00041_00099-1,-3.1773608
s_016um_00388_00337-1,-3.7430143
s_016um_00264_00057-1,-2.9292984
s_016um_00352_00114-1,-3.1186972
s_016um_00013_00298-1,-2.969215
s_016um_00261_00333-1,-3.0514166
s_016um_00265_00056-1,-2.9708214
s_016um_00091_00272-1,-3.1199672
s_016um_00166_00126-1,-3.0100284
s_016um_00388_00130-1,-3.2456555
s_016um_00335_00254-1,-3.3279426
s_016um_00395_00179-1,-3.081083
s_016um_00411_00096-1,-3.4828026
s_016um_00219_00277-1,-2.7428186
s_016um_00043_00206-1,-3.0453045
s_016um_00128_00382-1,-3.0257225
s_016um_00139_00055-1,-3.6655498
s_016um_00263_00056-1,-2.9801974
s_016um_00222_00166-1,-2.6942377
s_016um_00277_00208-1,-2.7985332
s_016um_00159_00286-1,-2.9686115
s_016um_00344_00220-1,-3.492413
s_016um_00331_00211-1,-3.030555
s_016um_00407_00151-1,-3.2914214
s_016um_00136_00317-1,-2.3323593
s_016um_00370_00121-1,-2.955744
s_016um_00402_00122-1,-3.0914967
s_016um_00375_00136-1,-3.033462
s_016um_00284_00092-1,-3.0280066
s_016um_00105_00389-1,-2.9165037
s_016um_00282_00323-1,-3.3704038
s_016um_00212_00289-1,-2.8467088
s_016um_00076_00248-1,-2.9192507
s_016um_00040_00208-1,-3.1273851
s_016um_00084_00285-1,-3.1159012
s_016um_00194_00096-1,-2.990503
s_016um_00361_00226-1,-3.179232
s_016um_00272_00230-1,-2.9857051
s_016um_00217_00277-1,-3.2269735
s_016um_00012_00296-1,-2.8452582
s_016um_00223_00327-1,-3.2301645
s_016um_00224_00250-1,-2.8981013
s_016um_00277_00131-1,-3.4444911
s_016um_00274_00315-1,-3.2459004
s_016um_00218_00225-1,-2.7497265
s_016um_00153_00399-1,-3.3110929
s_016um_00150_00401-1,-2.9586809
s_016um_00413_00137-1,-2.8515306
s_016um_00274_00136-1,-2.991159
s_016um_00322_00232-1,-2.9864297
s_016um_00084_00027-1,-3.1650615
s_016um_00101_00024-1,-2.8668542
s_016um_00218_00276-1,-3.186788
s_016um_00349_00024-1,-2.8839612
s_016um_00272_00030-1,-3.0778153
s_016um_00215_00018-1,-2.8662033
s_016um_00258_00184-1,-3.1093688
s_016um_00067_00126-1,-3.0035393
s_016um_00386_00298-1,-2.8712838
s_016um_00217_00030-1,-3.1922235
s_016um_00007_00209-1,-3.0109293
s_016um_00095_00030-1,-2.935594
s_016um_00007_00294-1,-2.9602065
s_016um_00252_00027-1,-3.155617
s_016um_00276_00136-1,-3.226016
s_016um_00357_00418-1,-3.8779216
s_016um_00092_00317-1,-2.86215
s_016um_00398_00261-1,-3.035613
s_016um_00335_00216-1,-3.0892193
s_016um_00398_00372-1,-3.575301
s_016um_00210_00031-1,-3.3469093
s_016um_00211_00033-1,-2.8891404
s_016um_00382_00133-1,-3.5222716
s_016um_00165_00124-1,-3.1499286
s_016um_00321_00304-1,-3.1077323
s_016um_00078_00239-1,-3.030441
s_016um_00039_00049-1,-3.0264196
s_016um_00100_00066-1,-2.8100946
s_016um_00065_00230-1,-3.0438209
s_016um_00079_00267-1,-3.0295498
s_016um_00039_00104-1,-3.0258095
s_016um_00358_00095-1,-3.010921
s_016um_00358_00093-1,-2.9634924
s_016um_00042_00209-1,-3.5075955
s_016um_00117_00150-1,-3.3938732
s_016um_00265_00034-1,-3.1127684
s_016um_00044_00177-1,-2.927181
s_016um_00341_00216-1,-3.572708
s_016um_00387_00339-1,-3.6152563
s_016um_00146_00396-1,-3.0737982
s_016um_00129_00087-1,-2.940689
s_016um_00368_00098-1,-3.071907
s_016um_00395_00177-1,-3.2058408
s_016um_00274_00130-1,-3.2294068
s_016um_00355_00019-1,-3.0731425
s_016um_00367_00095-1,-3.282356
s_016um_00356_00116-1,-2.9559333
s_016um_00126_00092-1,-3.2534788
s_016um_00367_00143-1,-2.6851475
s_016um_00097_00024-1,-3.2123299
s_016um_00080_00271-1,-2.9692621
s_016um_00088_00071-1,-2.6470778
s_016um_00057_00249-1,-3.5308995
s_016um_00039_00206-1,-3.1222696
s_016um_00011_00207-1,-3.2038996
s_016um_00267_00334-1,-3.1938272
s_016um_00236_00186-1,-3.1923506
s_016um_00139_00017-1,-3.243632
s_016um_00020_00267-1,-3.0999074
s_016um_00092_00274-1,-3.043858
s_016um_00088_00035-1,-2.885349
s_016um_00411_00098-1,-3.060704
s_016um_00354_00413-1,-3.4956944
s_016um_00239_00089-1,-3.1908822
s_016um_00353_00094-1,-2.958516
s_016um_00177_00026-1,-2.91081
s_016um_00405_00403-1,-1.5399911
s_016um_00386_00133-1,-2.557328
s_016um_00215_00010-1,-3.6145682
s_016um_00326_00168-1,-3.0953605
s_016um_00348_00217-1,-3.0899847
s_016um_00043_00243-1,-3.0817256
s_016um_00240_00086-1,-3.3846676
s_016um_00138_00019-1,-3.0587912
s_016um_00210_00291-1,-3.1690156
s_016um_00275_00315-1,-3.280458
s_016um_00368_00103-1,-3.1669977
s_016um_00391_00364-1,-3.2102952
s_016um_00267_00053-1,-2.8649607
s_016um_00354_00292-1,-3.1652992
s_016um_00371_00118-1,-2.9219038
s_016um_00081_00266-1,-2.5955646
s_016um_00080_00244-1,-2.8017533
s_016um_00323_00300-1,-3.0829434
s_016um_00004_00155-1,-2.9525244
s_016um_00036_00010-1,-2.6971571
s_016um_00275_00048-1,-3.2590797
s_016um_00265_00188-1,-2.7304173
s_016um_00276_00316-1,-3.501443
s_016um_00328_00211-1,-3.2431731
s_016um_00161_00284-1,-3.3217018
s_016um_00080_00237-1,-2.8038423
s_016um_00014_00210-1,-3.670498
s_016um_00033_00333-1,-2.8965552
s_016um_00227_00231-1,-2.964176
s_016um_00039_00207-1,-3.0564182
s_016um_00243_00183-1,-3.2070258
s_016um_00140_00075-1,-3.2067695
s_016um_00367_00098-1,-2.5092485
s_016um_00042_00203-1,-3.109729
s_016um_00014_00267-1,-2.9682357
s_016um_00285_00098-1,-2.5969975
s_016um_00269_00060-1,-3.030129
s_016um_00213_00280-1,-3.0451
s_016um_00278_00318-1,-3.1033063
s_016um_00375_00146-1,-3.0041957
s_016um_00354_00293-1,-3.138334
s_016um_00038_00177-1,-2.6610527
s_016um_00043_00044-1,-3.190236
s_016um_00160_00288-1,-2.9587574
s_016um_00350_00026-1,-2.9776998
s_016um_00328_00300-1,-2.6652164
s_016um_00327_00166-1,-2.7714188
s_016um_00273_00046-1,-2.8904545
s_016um_00390_00362-1,-3.0442934
s_016um_00263_00058-1,-3.0779805
s_016um_00138_00073-1,-2.8307602
s_016um_00022_00267-1,-3.2052054
s_016um_00260_00135-1,-2.979387
s_016um_00404_00120-1,-3.0093546
s_016um_00039_00101-1,-3.6240706
s_016um_00390_00339-1,-3.1386983
s_016um_00363_00229-1,-2.8380623
s_016um_00216_00032-1,-3.121082
s_016um_00054_00244-1,-3.4972818
s_016um_00034_00329-1,-3.1205375
s_016um_00231_00356-1,-3.2247083
s_016um_00193_00127-1,-2.8224092
s_016um_00282_00315-1,-3.0200717
s_016um_00271_00060-1,-3.0054433
s_016um_00082_00287-1,-3.0499089
s_016um_00158_00293-1,-3.0002775
s_016um_00354_00415-1,-2.9245598
s_016um_00224_00240-1,-3.0124276
s_016um_00276_00317-1,-3.1869416
s_016um_00015_00266-1,-3.531646
s_016um_00340_00215-1,-3.0947614
s_016um_00146_00058-1,-3.7718666
s_016um_00097_00316-1,-2.814192
s_016um_00271_00230-1,-3.4044938
s_016um_00085_00198-1,-3.3670416
s_016um_00235_00266-1,-2.999559
s_016um_00004_00153-1,-3.278717
s_016um_00242_00189-1,-3.0133703
s_016um_00042_00219-1,-3.015516
s_016um_00415_00137-1,-3.0904787
s_016um_00086_00034-1,-3.2051036
s_016um_00226_00252-1,-2.921505
s_016um_00139_00056-1,-3.6794176
s_016um_00374_00125-1,-3.0849442
s_016um_00417_00135-1,-2.9437027
s_016um_00131_00230-1,-3.281833
s_016um_00169_00371-1,-2.9286819
s_016um_00402_00152-1,-3.1816385
s_016um_00276_00205-1,-2.8474782
s_016um_00040_00218-1,-3.2506661
s_016um_00131_00089-1,-3.2526174
s_016um_00231_00355-1,-3.1635864
s_016um_00242_00182-1,-2.9907095
s_016um_00406_00125-1,-3.1519015
s_016um_00233_00090-1,-2.9046428
s_016um_00099_00338-1,-3.0878541
s_016um_00269_00056-1,-3.2911968
s_016um_00225_00330-1,-3.361202
s_016um_00251_00024-1,-2.9208384
s_016um_00115_00150-1,-3.3582902
s_016um_00339_00399-1,-3.7714481
s_016um_00147_00056-1,-3.403998
s_016um_00160_00289-1,-3.082494
s_016um_00279_00321-1,-3.2097292
s_016um_00088_00264-1,-2.8431787
s_016um_00237_00264-1,-2.7538204
s_016um_00040_00215-1,-3.465103
s_016um_00040_00175-1,-3.4975867
s_016um_00362_00289-1,-3.016465
s_016um_00121_00146-1,-2.8876858
s_016um_00387_00128-1,-3.036841
s_016um_00119_00146-1,-2.8483949
s_016um_00042_00243-1,-3.236366
s_016um_00397_00179-1,-3.3447886
s_016um_00037_00104-1,-3.2117722
s_016um_00257_00192-1,-2.862978
s_016um_00246_00082-1,-2.8809094
s_016um_00237_00182-1,-2.967936
s_016um_00090_00272-1,-3.5846148
s_016um_00040_00046-1,-3.1815422
s_016um_00235_00092-1,-2.7312331
s_016um_00334_00398-1,-3.386789
s_016um_00399_00212-1,-3.1069107
s_016um_00141_00017-1,-2.9197602
s_016um_00070_00232-1,-3.0134227
s_016um_00337_00256-1,-3.1910133
s_016um_00130_00229-1,-2.9723744
s_016um_00206_00145-1,-3.0884514
s_016um_00224_00230-1,-2.894538
s_016um_00141_00056-1,-2.9781063
s_016um_00065_00133-1,-3.1953845
s_016um_00142_00013-1,-3.1101038
s_016um_00367_00102-1,-3.0087051
s_016um_00140_00077-1,-3.324535
s_016um_00181_00029-1,-3.07207
s_016um_00281_00323-1,-3.9270897
s_016um_00406_00151-1,-2.9965708
s_016um_00390_00341-1,-4.239283
s_016um_00223_00030-1,-3.080815
s_016um_00083_00281-1,-3.1210117
s_016um_00260_00032-1,-2.6666782
s_016um_00098_00023-1,-2.8550882
s_016um_00254_00020-1,-3.4678278
s_016um_00310_00060-1,-3.3431482
s_016um_00373_00118-1,-3.3666248
s_016um_00278_00325-1,-3.057222
s_016um_00355_00089-1,-3.012776
s_016um_00270_00056-1,-3.070713
s_016um_00098_00319-1,-2.9285607
s_016um_00039_00097-1,-3.229056
s_016um_00236_00088-1,-2.6986337
s_016um_00043_00041-1,-2.9557977
s_016um_00233_00264-1,-2.9232118
s_016um_00270_00033-1,-3.2227008
s_016um_00171_00126-1,-3.33212
s_016um_00343_00220-1,-3.1245081
s_016um_00170_00127-1,-2.8512065
s_016um_00175_00374-1,-3.1199806
s_016um_00236_00184-1,-3.4698157
s_016um_00135_00232-1,-2.9172618
s_016um_00239_00090-1,-2.871067
s_016um_00089_00069-1,-3.137402
s_016um_00073_00247-1,-2.9552321
s_016um_00287_00093-1,-3.2895072
s_016um_00253_00020-1,-3.0212255
s_016um_00274_00207-1,-3.0304651
s_016um_00375_00142-1,-2.9516146
s_016um_00356_00117-1,-2.9812007
s_016um_00103_00385-1,-3.154779
s_016um_00046_00214-1,-2.8818867
s_016um_00355_00090-1,-3.047279
s_016um_00391_00179-1,-3.3140557
s_016um_00166_00122-1,-3.2199397
s_016um_00361_00287-1,-3.133164
s_016um_00340_00396-1,-2.9107025
s_016um_00372_00123-1,-2.9907472
s_016um_00276_00130-1,-2.9104884
s_016um_00057_00243-1,-3.0278664
s_016um_00080_00282-1,-3.4514287
s_016um_00273_00230-1,-3.1036916
s_016um_00309_00054-1,-2.8792763
s_016um_00172_00371-1,-3.268364
s_016um_00196_00122-1,-3.0750616
s_016um_00043_00171-1,-3.3209229
s_016um_00341_00404-1,-3.1061313
s_016um_00191_00125-1,-2.877938
s_016um_00084_00034-1,-3.2308986
s_016um_00356_00094-1,-2.8530633
s_016um_00282_00327-1,-3.0137045
s_016um_00407_00396-1,-3.7997963
s_016um_00325_00119-1,-3.1037204
s_016um_00410_00098-1,-2.9771087
s_016um_00387_00344-1,-3.8207986
s_016um_00222_00330-1,-3.0563965
s_016um_00167_00128-1,-2.9879777
s_016um_00400_00366-1,-2.9377966
s_016um_00163_00285-1,-2.8317733
s_016um_00265_00031-1,-3.0436118
s_016um_00266_00029-1,-2.7425942
s_016um_00338_00400-1,-3.361332
s_016um_00044_00245-1,-3.2320113
s_016um_00080_00248-1,-3.0419407
s_016um_00328_00228-1,-3.2320457
s_016um_00358_00291-1,-2.9733698
s_016um_00076_00239-1,-3.0340626
s_016um_00122_00149-1,-2.569361
s_016um_00377_00135-1,-3.3784914
s_016um_00331_00212-1,-3.3533378
s_016um_00142_00015-1,-3.2407973
s_016um_00099_00315-1,-3.4512773
s_016um_00010_00158-1,-3.169445
s_016um_00268_00061-1,-2.9730113
s_016um_00371_00148-1,-2.840725
s_016um_00220_00232-1,-2.6956022
s_016um_00333_00254-1,-3.556573
s_016um_00366_00099-1,-3.3402736
s_016um_00280_00311-1,-2.9393377
s_016um_00216_00017-1,-3.2537768
s_016um_00064_00232-1,-3.0291443
s_016um_00260_00132-1,-3.0508566
s_016um_00043_00242-1,-3.6925735
s_016um_00361_00289-1,-3.315385
s_016um_00402_00256-1,-3.0688705
s_016um_00100_00024-1,-2.9814992
s_016um_00034_00104-1,-3.1954217
s_016um_00184_00025-1,-3.1504505
s_016um_00094_00026-1,-3.0019143
s_016um_00223_00236-1,-3.0419688
s_016um_00400_00254-1,-2.9035044
s_016um_00048_00240-1,-3.1156797
s_016um_00046_00239-1,-3.1794593
s_016um_00068_00237-1,-2.9282951
s_016um_00147_00395-1,-3.2327785
s_016um_00348_00219-1,-3.1801264
s_016um_00229_00330-1,-3.3104694
s_016um_00085_00281-1,-3.0052311
s_016um_00325_00163-1,-3.3142238
s_016um_00020_00265-1,-2.9397135
s_016um_00354_00093-1,-3.117644
s_016um_00226_00250-1,-3.161386
s_016um_00245_00082-1,-2.910299
s_016um_00271_00229-1,-2.947686
s_016um_00190_00090-1,-3.2630727
s_016um_00374_00147-1,-3.1020002
s_016um_00220_00168-1,-2.8917923
s_016um_00103_00072-1,-3.4034235
s_016um_00280_00050-1,-3.0923152
s_016um_00307_00056-1,-2.879169
s_016um_00081_00284-1,-3.0128858
s_016um_00012_00208-1,-3.089337
s_016um_00068_00132-1,-3.0930994
s_016um_00097_00318-1,-3.0778642
s_016um_00241_00086-1,-2.8437862
s_016um_00336_00255-1,-3.1147735
s_016um_00289_00094-1,-2.9795802
s_016um_00064_00129-1,-3.1414123
s_016um_00264_00061-1,-3.1814427
s_016um_00006_00158-1,-3.2888663
s_016um_00086_00035-1,-3.4216304
s_016um_00144_00062-1,-3.1976779
s_016um_00038_00179-1,-3.7050676
s_016um_00269_00028-1,-2.6618042
s_016um_00136_00232-1,-3.3004818
s_016um_00307_00054-1,-3.066902
s_016um_00027_00092-1,-3.2393885
s_016um_00085_00031-1,-3.2097986
s_016um_00283_00096-1,-2.693961
s_016um_00056_00249-1,-2.968021
s_016um_00354_00092-1,-3.0115504
s_016um_00128_00092-1,-3.04947
s_016um_00408_00153-1,-3.1793015
s_016um_00260_00190-1,-3.2380702
s_016um_00228_00261-1,-3.126672
s_016um_00329_00256-1,-3.4520638
s_016um_00134_00315-1,-2.7046509
s_016um_00278_00205-1,-3.577092
s_016um_00346_00214-1,-2.8707242
s_016um_00073_00248-1,-3.0884817
s_016um_00213_00034-1,-3.1166759
s_016um_00220_00169-1,-2.894118
s_016um_00144_00016-1,-3.1683686
s_016um_00132_00225-1,-3.1699693
s_016um_00394_00370-1,-3.3709981
s_016um_00217_00017-1,-3.1740212
s_016um_00091_00337-1,-2.853873
s_016um_00088_00067-1,-3.257451
s_016um_00084_00070-1,-3.1354094
s_016um_00229_00249-1,-2.9776092
s_016um_00242_00090-1,-3.0568316
s_016um_00384_00134-1,-2.8172607
s_016um_00114_00319-1,-3.1861773
s_016um_00225_00027-1,-3.028612
s_016um_00172_00378-1,-3.207876
s_016um_00264_00190-1,-3.0885317
s_016um_00035_00101-1,-3.2068417
s_016um_00356_00417-1,-3.328572
s_016um_00212_00280-1,-3.2354236
s_016um_00274_00209-1,-2.8154857
s_016um_00107_00321-1,-3.096813
s_016um_00136_00320-1,-2.8057263
s_016um_00123_00148-1,-3.5581217
s_016um_00014_00208-1,-3.2849083
s_016um_00068_00128-1,-3.265108
s_016um_00083_00294-1,-3.0754888
s_016um_00319_00163-1,-3.2656493
s_016um_00059_00247-1,-3.3398259
s_016um_00037_00101-1,-3.3023539
s_016um_00355_00417-1,-3.75315
s_016um_00086_00071-1,-2.9264042
s_016um_00331_00126-1,-2.945748
s_016um_00378_00135-1,-2.983368
s_016um_00404_00394-1,-4.0106225
s_016um_00068_00238-1,-3.32486
s_016um_00335_00251-1,-3.3268063
s_016um_00110_00315-1,-2.9824634
s_016um_00043_00177-1,-3.223639
s_016um_00325_00125-1,-2.8993022
s_016um_00351_00092-1,-3.0712426
s_016um_00255_00034-1,-2.8923175
s_016um_00365_00229-1,-3.165169
s_016um_00042_00213-1,-3.2481833
s_016um_00344_00211-1,-3.114384
s_016um_00373_00146-1,-2.5828187
s_016um_00041_00042-1,-2.7446778
s_016um_00235_00262-1,-3.2812283
s_016um_00273_00332-1,-3.297906
s_016um_00044_00214-1,-3.2828321
s_016um_00206_00148-1,-3.1165357
s_016um_00287_00097-1,-2.699911
s_016um_00118_00144-1,-2.684406
s_016um_00221_00283-1,-3.0918217
s_016um_00280_00326-1,-3.1750848
s_016um_00372_00139-1,-3.731883
s_016um_00387_00133-1,-3.1936102
s_016um_00029_00335-1,-3.2031655
s_016um_00097_00320-1,-2.885055
s_016um_00263_00335-1,-3.119527
s_016um_00133_00314-1,-3.5475712
s_016um_00358_00285-1,-3.1037965
s_016um_00416_00138-1,-2.9194326
s_016um_00348_00023-1,-2.8485131
s_016um_00358_00418-1,-3.87415
s_016um_00225_00231-1,-2.9815311
s_016um_00366_00226-1,-3.2649593
s_016um_00270_00062-1,-2.9859183
s_016um_00219_00174-1,-3.1991913
s_016um_00393_00341-1,-3.3263326
s_016um_00363_00290-1,-3.0021803
s_016um_00070_00231-1,-2.9999993
s_016um_00228_00328-1,-3.0464165
s_016um_00213_00281-1,-2.9239814
s_016um_00170_00372-1,-2.9867535
s_016um_00089_00277-1,-3.1470501
s_016um_00080_00281-1,-2.9952292
s_016um_00085_00071-1,-2.9179666
s_016um_00237_00085-1,-2.8313644
s_016um_00061_00131-1,-3.0435357
s_016um_00089_00266-1,-3.08524
s_016um_00136_00077-1,-3.1646218
s_016um_00338_00396-1,-2.9162774
s_016um_00092_00266-1,-3.1999865
s_016um_00257_00184-1,-2.9631658
s_016um_00218_00031-1,-3.3820765
s_016um_00173_00373-1,-3.1239276
s_016um_00087_00069-1,-3.1143823
s_016um_00213_00029-1,-3.107634
s_016um_00327_00303-1,-3.8273618
s_016um_00344_00215-1,-3.1007323
s_016um_00107_00388-1,-3.092412
s_016um_00126_00090-1,-3.1791713
s_016um_00320_00301-1,-3.0104904
s_016um_00267_00228-1,-3.0158632
s_016um_00259_00028-1,-2.908574
s_016um_00009_00295-1,-3.361208
s_016um_00328_00254-1,-2.787948
s_016um_00038_00099-1,-3.363344
s_016um_00222_00237-1,-2.9551697
s_016um_00328_00229-1,-3.0702615
s_016um_00337_00401-1,-3.1855628
s_016um_00369_00227-1,-2.9616935
s_016um_00036_00044-1,-2.896322
s_016um_00275_00134-1,-3.2979028
s_016um_00139_00061-1,-3.3389533
s_016um_00327_00231-1,-3.0270088
s_016um_00330_00255-1,-3.4505632
s_016um_00326_00122-1,-3.0692875
s_016um_00048_00245-1,-2.9567666
s_016um_00273_00205-1,-2.9113083
s_016um_00322_00300-1,-2.913513
s_016um_00334_00251-1,-3.2781603
s_016um_00133_00089-1,-3.272868
s_016um_00336_00214-1,-2.7003214
s_016um_00006_00211-1,-3.0250287
s_016um_00081_00298-1,-2.9893537
s_016um_00238_00356-1,-3.1098435
s_016um_00138_00218-1,-3.1329453
s_016um_00218_00168-1,-2.781668
s_016um_00265_00338-1,-3.1668046
s_016um_00271_00331-1,-2.9774337
s_016um_00390_00294-1,-3.0629294
s_016um_00039_00048-1,-2.8916595
s_016um_00352_00119-1,-3.0445116
s_016um_00100_00322-1,-2.71168
s_016um_00369_00098-1,-3.0870278
s_016um_00067_00229-1,-2.773055
s_016um_00146_00017-1,-3.2635655
s_016um_00223_00173-1,-3.3332014
s_016um_00098_00341-1,-2.995829
s_016um_00402_00402-1,-2.0793147
s_016um_00241_00087-1,-3.620124
s_016um_00266_00331-1,-3.2223196
s_016um_00262_00332-1,-3.1536248
s_016um_00372_00100-1,-3.4622934
s_016um_00255_00028-1,-3.3426046
s_016um_00209_00290-1,-3.1846929
s_016um_00103_00070-1,-3.2754512
s_016um_00363_00223-1,-3.2563384
s_016um_00355_00415-1,-3.0480058
s_016um_00033_00332-1,-3.1123204
s_016um_00336_00401-1,-3.4851353
s_016um_00083_00068-1,-3.108322
s_016um_00407_00153-1,-3.0228438
s_016um_00346_00213-1,-2.6731632
s_016um_00017_00269-1,-3.1226113
s_016um_00387_00134-1,-3.0002406
s_016um_00359_00412-1,-3.8643327
s_016um_00249_00023-1,-2.9033492
s_016um_00334_00213-1,-3.1476235
s_016um_00135_00229-1,-3.261572
s_016um_00232_00090-1,-3.0653262
s_016um_00352_00021-1,-2.8875194
s_016um_00367_00100-1,-3.0609066
s_016um_00381_00130-1,-2.9545052
s_016um_00248_00026-1,-3.219783
s_016um_00097_00029-1,-2.9063454
s_016um_00132_00226-1,-2.9908903
s_016um_00393_00292-1,-3.253257
s_016um_00135_00231-1,-2.8469605
s_016um_00140_00220-1,-3.129927
s_016um_00368_00124-1,-3.1188529
s_016um_00170_00376-1,-3.3526194
s_016um_00357_00293-1,-3.3741848
s_016um_00377_00139-1,-3.486565
s_016um_00130_00316-1,-2.9579117
s_016um_00226_00333-1,-3.111998
s_016um_00226_00231-1,-2.8029387
s_016um_00240_00186-1,-2.978998
s_016um_00042_00101-1,-3.248484
s_016um_00225_00245-1,-3.1813383
s_016um_00008_00154-1,-3.527924
s_016um_00167_00374-1,-3.0539565
s_016um_00079_00032-1,-3.2763498
s_016um_00370_00102-1,-3.129719
s_016um_00330_00217-1,-3.3548691
s_016um_00215_00035-1,-3.1078835
s_016um_00190_00093-1,-3.258555
s_016um_00339_00404-1,-3.7540789
s_016um_00236_00262-1,-3.437934
s_016um_00083_00299-1,-3.29058
s_016um_00010_00293-1,-3.623609
s_016um_00288_00096-1,-2.8813314
s_016um_00290_00100-1,-3.1667435
s_016um_00074_00238-1,-3.064228
s_016um_00228_00243-1,-3.3171453
s_016um_00383_00127-1,-2.877296
s_016um_00076_00236-1,-2.80556
s_016um_00089_00267-1,-2.9231014
s_016um_00240_00189-1,-2.8850112
s_016um_00359_00119-1,-3.0751681
s_016um_00009_00300-1,-3.1226826
s_016um_00005_00153-1,-2.9740047
s_016um_00140_00221-1,-3.095371
s_016um_00370_00225-1,-3.2153134
s_016um_00269_00228-1,-2.9209442
s_016um_00141_00076-1,-3.623793
s_016um_00163_00286-1,-3.1773844
s_016um_00319_00162-1,-3.3103914
s_016um_00071_00237-1,-3.181355
s_016um_00279_00314-1,-2.7624414
s_016um_00274_00202-1,-3.276157
s_016um_00017_00267-1,-3.1874118
s_016um_00229_00247-1,-3.1478863
s_016um_00077_00246-1,-3.1245494
s_016um_00224_00330-1,-3.1608086
s_016um_00106_00390-1,-2.9099202
s_016um_00324_00233-1,-3.314938
s_016um_00355_00093-1,-2.832553
s_016um_00270_00057-1,-2.8320067
s_016um_00274_00223-1,-3.3681302
s_016um_00227_00329-1,-3.0850613
s_016um_00131_00228-1,-2.9941244
s_016um_00068_00233-1,-3.261323
s_016um_00275_00312-1,-2.9883142
s_016um_00080_00201-1,-3.185438
s_016um_00091_00273-1,-2.8713946
s_016um_00073_00244-1,-3.0086951
s_016um_00040_00045-1,-3.089801
s_016um_00170_00374-1,-3.091519
s_016um_00218_00009-1,-3.0564866
s_016um_00195_00094-1,-3.3798485
s_016um_00276_00328-1,-3.1109731
s_016um_00032_00334-1,-3.3244624
s_016um_00075_00293-1,-3.060243
s_016um_00078_00245-1,-3.0357769
s_016um_00267_00336-1,-2.8645563
s_016um_00230_00244-1,-3.176263
s_016um_00096_00273-1,-3.1242316
s_016um_00325_00302-1,-3.0883954
s_016um_00231_00357-1,-3.3154778
s_016um_00373_00121-1,-3.0735526
s_016um_00336_00400-1,-3.400198
s_016um_00357_00291-1,-3.2434578
s_016um_00400_00126-1,-3.1543539
s_016um_00095_00335-1,-3.5565178
s_016um_00267_00227-1,-3.3106194
s_016um_00066_00235-1,-3.0519016
s_016um_00183_00033-1,-3.2106352
s_016um_00236_00267-1,-3.348512
s_016um_00202_00152-1,-3.0842862
s_016um_00324_00224-1,-3.3649373
s_016um_00268_00335-1,-3.1818798
s_016um_00415_00099-1,-3.2119167
s_016um_00097_00340-1,-3.1853907
s_016um_00077_00241-1,-3.17845
s_016um_00258_00192-1,-3.0365596
s_016um_00093_00322-1,-3.0700834
s_016um_00216_00229-1,-3.1179395
s_016um_00029_00092-1,-2.8694263
s_016um_00278_00312-1,-3.0929234
s_016um_00106_00069-1,-3.23806
s_016um_00266_00133-1,-3.0790644
s_016um_00218_00172-1,-3.0991647
s_016um_00267_00224-1,-3.3810115
s_016um_00334_00218-1,-2.9548037
s_016um_00031_00335-1,-3.0259159
s_016um_00251_00027-1,-3.0288954
s_016um_00107_00315-1,-3.1847122
s_016um_00040_00050-1,-3.139482
s_016um_00236_00183-1,-2.7964082
s_016um_00236_00087-1,-3.3837225
s_016um_00136_00219-1,-2.9998407
s_016um_00224_00027-1,-3.195694
s_016um_00324_00167-1,-3.502744
s_016um_00408_00402-1,-1.5663897
s_016um_00401_00399-1,-2.4546065
s_016um_00391_00358-1,-2.1481247
s_016um_00137_00071-1,-3.4348464
s_016um_00189_00098-1,-2.953791
s_016um_00218_00024-1,-3.286739
s_016um_00048_00212-1,-3.0820584
s_016um_00280_00327-1,-3.2796745
s_016um_00372_00140-1,-3.2559214
s_016um_00356_00412-1,-3.7572803
s_016um_00407_00100-1,-2.9939961
s_016um_00244_00086-1,-2.8126888
s_016um_00310_00059-1,-2.9223452
s_016um_00137_00069-1,-2.9715683
s_016um_00044_00237-1,-2.7978127
s_016um_00096_00318-1,-3.2700317
s_016um_00083_00240-1,-2.940336
s_016um_00093_00269-1,-3.0752213
s_016um_00146_00401-1,-3.094048
s_016um_00400_00120-1,-3.0539222
s_016um_00039_00042-1,-3.0388606
s_016um_00067_00235-1,-3.161333
s_016um_00088_00269-1,-2.9616237
s_016um_00196_00123-1,-3.327997
s_016um_00270_00337-1,-2.8933377
s_016um_00360_00415-1,-3.0823114
s_016um_00272_00051-1,-2.7514622
s_016um_00216_00170-1,-3.1859028
s_016um_00369_00140-1,-3.0326717
s_016um_00128_00229-1,-3.1377401
s_016um_00126_00385-1,-2.64276
s_016um_00321_00224-1,-3.1361008
s_016um_00166_00127-1,-2.990444
s_016um_00352_00115-1,-3.025176
s_016um_00030_00335-1,-3.2945561
s_016um_00395_00367-1,-3.109484
s_016um_00267_00128-1,-3.1050882
s_016um_00032_00336-1,-3.3246994
s_016um_00356_00096-1,-2.9090474
s_016um_00266_00135-1,-2.9680421
s_016um_00395_00343-1,-3.331451
s_016um_00011_00299-1,-2.759572
s_016um_00262_00188-1,-2.9699976
s_016um_00158_00288-1,-3.1629837
s_016um_00111_00318-1,-3.2686388
s_016um_00179_00025-1,-3.0616214
s_016um_00147_00018-1,-3.0841565
s_016um_00268_00036-1,-2.9104571
s_016um_00216_00231-1,-3.0790107
s_016um_00358_00412-1,-4.027649
s_016um_00233_00087-1,-2.814671
s_016um_00289_00099-1,-2.9259892
s_016um_00199_00147-1,-2.8354726
s_016um_00330_00258-1,-3.4321542
s_016um_00248_00085-1,-2.8950546
s_016um_00038_00047-1,-3.7292767
s_016um_00190_00123-1,-3.4246664
s_016um_00268_00222-1,-3.6158218
s_016um_00048_00239-1,-2.9859848
s_016um_00045_00216-1,-3.1157968
s_016um_00274_00135-1,-2.770194
s_016um_00264_00187-1,-2.8839796
s_016um_00144_00022-1,-3.482074
s_016um_00372_00097-1,-2.9426305
s_016um_00355_00114-1,-3.32998
s_016um_00371_00099-1,-3.0131266
s_016um_00132_00234-1,-3.32181
s_016um_00280_00049-1,-2.9722884
s_016um_00264_00135-1,-2.9088135
s_016um_00241_00085-1,-2.799803
s_016um_00359_00417-1,-3.9453049
s_016um_00101_00073-1,-3.4748774
s_016um_00240_00087-1,-3.0770502
s_016um_00407_00397-1,-2.4634216
s_016um_00276_00322-1,-3.040676
s_016um_00071_00232-1,-3.074904
s_016um_00231_00260-1,-3.160229
s_016um_00139_00071-1,-3.5439386
s_016um_00358_00117-1,-3.1702127
s_016um_00196_00127-1,-2.9627423
s_016um_00308_00054-1,-3.1566546
s_016um_00389_00343-1,-4.26179
s_016um_00228_00238-1,-3.1082237
s_016um_00327_00299-1,-2.7414515
s_016um_00061_00244-1,-3.0791745
s_016um_00403_00263-1,-3.3548467
s_016um_00101_00383-1,-3.279507
s_016um_00223_00232-1,-3.2109091
s_016um_00128_00320-1,-2.941243
s_016um_00269_00027-1,-3.0090382
s_016um_00027_00087-1,-3.3841102
s_016um_00006_00293-1,-3.1219487
s_016um_00224_00231-1,-3.0812283
s_016um_00327_00304-1,-3.2564127
s_016um_00178_00025-1,-3.1443667
s_016um_00036_00104-1,-2.7838135
s_016um_00380_00132-1,-3.1681356
s_016um_00367_00222-1,-3.096501
s_016um_00272_00204-1,-3.0299935
s_016um_00068_00127-1,-3.2047966
s_016um_00350_00093-1,-3.0636492
s_016um_00087_00267-1,-3.1170106
s_016um_00331_00219-1,-3.1245399
s_016um_00321_00231-1,-3.5160031
s_016um_00395_00181-1,-3.202093
s_016um_00076_00238-1,-3.3868127
s_016um_00407_00150-1,-3.6640103
s_016um_00078_00244-1,-2.9880025
s_016um_00252_00021-1,-2.9433608
s_016um_00353_00118-1,-3.0607624
s_016um_00345_00216-1,-3.1265178
s_016um_00417_00137-1,-3.25668
s_016um_00276_00313-1,-3.1906605
s_016um_00039_00099-1,-3.0723784
s_016um_00237_00358-1,-3.5003605
s_016um_00159_00290-1,-3.0093458
s_016um_00098_00065-1,-3.0461264
s_016um_00223_00246-1,-2.8520598
s_016um_00142_00061-1,-3.0770066
s_016um_00061_00247-1,-3.0873377
s_016um_00032_00085-1,-2.8689723
s_016um_00149_00402-1,-3.467334
s_016um_00220_00171-1,-2.8158643
s_016um_00229_00248-1,-2.8967462
s_016um_00187_00094-1,-2.812065
s_016um_00389_00341-1,-2.6981535
s_016um_00390_00342-1,-3.7047915
s_016um_00231_00265-1,-3.1024086
s_016um_00308_00055-1,-2.7822165
s_016um_00188_00091-1,-3.4667954
s_016um_00045_00175-1,-3.0910976
s_016um_00406_00154-1,-3.3513608
s_016um_00125_00388-1,-2.658938
s_016um_00372_00116-1,-2.9612734
s_016um_00280_00203-1,-3.0681074
s_016um_00357_00294-1,-3.48461
s_016um_00331_00118-1,-3.3437998
s_016um_00202_00145-1,-3.0699506
s_016um_00012_00209-1,-3.238667
s_016um_00262_00192-1,-3.0390048
s_016um_00216_00228-1,-3.2762957
s_016um_00206_00150-1,-2.8639812
s_016um_00095_00273-1,-2.916787
s_016um_00269_00033-1,-3.315488
s_016um_00274_00137-1,-3.0379958
s_016um_00133_00092-1,-3.161743
s_016um_00185_00031-1,-2.831221
s_016um_00330_00124-1,-2.9611871
s_016um_00401_00260-1,-2.9709282
s_016um_00228_00265-1,-3.2693229
s_016um_00205_00152-1,-3.1943269
s_016um_00401_00213-1,-2.8104355
s_016um_00086_00198-1,-3.0166445
s_016um_00234_00354-1,-3.693356
s_016um_00215_00032-1,-2.788858
s_016um_00029_00333-1,-3.2157812
s_016um_00207_00293-1,-2.9883971
s_016um_00034_00007-1,-3.4985416
s_016um_00124_00388-1,-3.4422114
s_016um_00090_00066-1,-3.4744244
s_016um_00037_00172-1,-3.1370096
s_016um_00169_00378-1,-2.976108
s_016um_00255_00026-1,-3.4449666
s_016um_00132_00086-1,-3.1877925
s_016um_00393_00344-1,-3.6798189
s_016um_00277_00316-1,-3.1492984
s_016um_00163_00293-1,-2.9693544
s_016um_00065_00131-1,-2.9392333
s_016um_00213_00277-1,-3.0906072
s_016um_00106_00383-1,-3.0377827
s_016um_00103_00388-1,-3.1001794
s_016um_00060_00129-1,-3.179524
s_016um_00228_00334-1,-3.0388608
s_016um_00136_00226-1,-3.0638273
s_016um_00173_00370-1,-3.7058685
s_016um_00393_00177-1,-3.021002
s_016um_00211_00297-1,-3.1023884
s_016um_00366_00223-1,-3.1284552
s_016um_00015_00272-1,-3.073207
s_016um_00235_00089-1,-3.0848439
s_016um_00163_00124-1,-3.3885715
s_016um_00085_00028-1,-3.3007815
s_016um_00119_00149-1,-2.9509315
s_016um_00046_00243-1,-3.1530225
s_016um_00158_00289-1,-3.1060293
s_016um_00131_00383-1,-2.7811484
s_016um_00232_00086-1,-3.0570085
s_016um_00069_00230-1,-3.4520257
s_016um_00274_00032-1,-2.3042955
s_016um_00409_00102-1,-3.0162718
s_016um_00097_00274-1,-3.102522
s_016um_00380_00141-1,-3.004748
s_016um_00038_00043-1,-3.5696833
s_016um_00413_00102-1,-2.927078
s_016um_00081_00297-1,-2.958339
s_016um_00273_00051-1,-2.5773482
s_016um_00238_00090-1,-3.1067417
s_016um_00218_00232-1,-3.3646157
s_016um_00112_00321-1,-2.071426
s_016um_00094_00279-1,-2.9974627
s_016um_00391_00337-1,-3.400224
s_016um_00101_00319-1,-2.9260936
s_016um_00181_00025-1,-3.268358
s_016um_00007_00297-1,-3.3084002
s_016um_00215_00295-1,-3.436587
s_016um_00136_00231-1,-2.9911125
s_016um_00033_00087-1,-3.4202256
s_016um_00146_00021-1,-3.097698
s_016um_00193_00126-1,-2.858956
s_016um_00067_00125-1,-3.307695
s_016um_00065_00129-1,-3.1120298
s_016um_00396_00179-1,-3.1901505
s_016um_00223_00168-1,-2.9383125
s_016um_00099_00067-1,-2.9319553
s_016um_00081_00269-1,-2.8743587
s_016um_00326_00232-1,-3.0369005
s_016um_00405_00259-1,-3.334763
s_016um_00041_00204-1,-3.3765378
s_016um_00412_00104-1,-3.0146916
s_016um_00084_00278-1,-3.2724237
s_016um_00403_00151-1,-3.163527
s_016um_00406_00401-1,-3.192799
s_016um_00366_00095-1,-3.0763593
s_016um_00080_00193-1,-2.698024
s_016um_00038_00171-1,-2.766626
s_016um_00381_00133-1,-3.0249474
s_016um_00401_00256-1,-3.0076916
s_016um_00226_00328-1,-3.1138396
s_016um_00036_00176-1,-3.4199817
s_016um_00084_00197-1,-3.1634629
s_016um_00230_00265-1,-2.9402199
s_016um_00347_00022-1,-2.925949
s_016um_00357_00411-1,-3.7485738
s_016um_00033_00008-1,-3.4559953
s_016um_00179_00032-1,-2.9494472
s_016um_00369_00118-1,-3.0140076
s_016um_00237_00190-1,-2.9935853
s_016um_00368_00230-1,-2.7812462
s_016um_00075_00237-1,-3.0391667
s_016um_00016_00272-1,-3.1156216
s_016um_00099_00387-1,-2.9805496
s_016um_00216_00018-1,-2.965556
s_016um_00348_00218-1,-3.1367779
s_016um_00131_00314-1,-3.0802133
s_016um_00398_00371-1,-2.9792073
s_016um_00142_00222-1,-3.2677612
s_016um_00013_00154-1,-3.168087
s_016um_00128_00088-1,-3.2514675
s_016um_00214_00014-1,-2.9462397
s_016um_00095_00026-1,-2.6757123
s_016um_00262_00128-1,-3.229678
s_016um_00408_00400-1,-1.20007
s_016um_00065_00238-1,-3.0547764
s_016um_00327_00227-1,-3.1597009
s_016um_00047_00242-1,-3.7539902
s_016um_00255_00021-1,-2.7702081
s_016um_00322_00306-1,-3.1555
s_016um_00389_00298-1,-3.0519047
s_016um_00090_00340-1,-3.0584152
s_016um_00355_00289-1,-3.3020854
s_016um_00128_00381-1,-3.0399885
s_016um_00349_00020-1,-3.1538532
s_016um_00075_00238-1,-3.0285668
s_016um_00263_00130-1,-2.8430538
s_016um_00008_00151-1,-3.238116
s_016um_00405_00148-1,-3.1683073
s_016um_00241_00182-1,-2.8557565
s_016um_00137_00220-1,-2.82088
s_016um_00245_00090-1,-2.8770843
s_016um_00217_00012-1,-2.8641837
s_016um_00278_00329-1,-3.0275207
s_016um_00141_00221-1,-3.1316516
s_016um_00098_00321-1,-3.2615612
s_016um_00076_00247-1,-3.255128
s_016um_00007_00156-1,-3.1954393
s_016um_00029_00091-1,-3.0270534
s_016um_00098_00337-1,-2.8080666
s_016um_00101_00071-1,-3.0327156
s_016um_00039_00205-1,-3.5103388
s_016um_00320_00299-1,-2.9471068
s_016um_00012_00156-1,-3.185507
s_016um_00397_00373-1,-3.5670059
s_016um_00380_00127-1,-3.0352013
s_016um_00382_00130-1,-3.44184
s_016um_00142_00221-1,-3.713441
s_016um_00134_00316-1,-3.2645438
s_016um_00131_00387-1,-3.184611
s_016um_00081_00286-1,-3.127738
s_016um_00369_00094-1,-2.8830917
s_016um_00099_00317-1,-2.6896203
s_016um_00237_00362-1,-3.1489592
s_016um_00228_00251-1,-3.121343
s_016um_00141_00070-1,-3.4703739
s_016um_00351_00023-1,-2.8865309
s_016um_00133_00322-1,-2.866677
s_016um_00372_00122-1,-3.6626623
s_016um_00216_00173-1,-3.128112
s_016um_00329_00126-1,-2.938413
s_016um_00359_00293-1,-3.1330254
s_016um_00275_00202-1,-3.0720696
s_016um_00133_00071-1,-2.95568
s_016um_00332_00217-1,-3.022089
s_016um_00325_00301-1,-2.6456437
s_016um_00192_00092-1,-3.0094361
s_016um_00138_00224-1,-2.9705675
s_016um_00151_00397-1,-2.9811792
s_016um_00272_00047-1,-2.9183264
s_016um_00069_00232-1,-3.3955617
s_016um_00088_00275-1,-3.0732534
s_016um_00330_00213-1,-3.2996912
s_016um_00233_00085-1,-2.9773076
s_016um_00104_00389-1,-3.2199855
s_016um_00217_00011-1,-3.0471416
s_016um_00351_00116-1,-3.1898263
s_016um_00069_00231-1,-3.278622
s_016um_00320_00226-1,-3.1729324
s_016um_00214_00293-1,-3.018515
s_016um_00165_00126-1,-3.7319007
s_016um_00031_00328-1,-2.7908347
s_016um_00076_00243-1,-2.8776264
s_016um_00273_00224-1,-3.163601
s_016um_00347_00220-1,-2.9712367
s_016um_00374_00124-1,-2.9157925
s_016um_00213_00035-1,-2.799516
s_016um_00217_00167-1,-3.2736962
s_016um_00323_00231-1,-3.3370337
s_016um_00239_00084-1,-2.524324
s_016um_00214_00034-1,-3.1402664
s_016um_00161_00287-1,-3.1993036
s_016um_00374_00142-1,-3.3560867
s_016um_00275_00329-1,-3.4372733
s_016um_00006_00296-1,-3.1310804
s_016um_00236_00091-1,-2.8616054
s_016um_00374_00141-1,-3.3802662
s_016um_00281_00318-1,-3.244959
s_016um_00082_00283-1,-2.9384456
s_016um_00324_00162-1,-3.014679
s_016um_00191_00124-1,-3.435299
s_016um_00371_00095-1,-3.1076648
s_016um_00215_00284-1,-3.2778802
s_016um_00326_00163-1,-3.2660878
s_016um_00118_00145-1,-2.9890904
s_016um_00160_00287-1,-2.952054
s_016um_00069_00130-1,-3.435453
s_016um_00336_00253-1,-3.103126
s_016um_00418_00138-1,-2.7704842
s_016um_00225_00334-1,-2.8674307
s_016um_00325_00122-1,-2.988088
s_016um_00358_00091-1,-3.2760837
s_016um_00095_00025-1,-3.122048
s_016um_00083_00297-1,-3.3110907
s_016um_00047_00240-1,-2.8925006
s_016um_00200_00152-1,-3.149854
s_016um_00282_00322-1,-3.2074702
s_016um_00063_00125-1,-3.0543797
s_016um_00357_00286-1,-2.6585908
s_016um_00351_00091-1,-3.3136456
s_016um_00388_00295-1,-3.053465
s_016um_00358_00410-1,-3.4769545
s_016um_00392_00293-1,-2.8925457
s_016um_00324_00299-1,-3.2257512
s_016um_00042_00206-1,-3.2184699
s_016um_00082_00295-1,-3.1309218
s_016um_00369_00145-1,-3.3506672
s_016um_00223_00014-1,-3.1183765
s_016um_00004_00156-1,-3.0215967
s_016um_00392_00365-1,-3.4185233
s_016um_00097_00031-1,-2.8377998
s_016um_00327_00118-1,-3.1644096
s_016um_00388_00341-1,-3.5423918
s_016um_00237_00357-1,-2.8730268
s_016um_00275_00225-1,-3.0888672
s_016um_00216_00011-1,-3.4185812
s_016um_00260_00189-1,-2.8625886
s_016um_00100_00318-1,-3.0203025
s_016um_00223_00233-1,-3.092463
s_016um_00277_00049-1,-2.9729543
s_016um_00195_00092-1,-3.0073488
s_016um_00220_00233-1,-3.269765
s_016um_00324_00165-1,-3.1857018
s_016um_00218_00015-1,-3.3708336
s_016um_00069_00236-1,-3.4016235
s_016um_00095_00031-1,-3.0704138
s_016um_00214_00291-1,-3.2964704
s_016um_00401_00149-1,-3.1191008
s_016um_00135_00073-1,-3.418192
s_016um_00368_00222-1,-2.875963
s_016um_00264_00056-1,-2.9067926
s_016um_00355_00098-1,-3.1178496
s_016um_00267_00335-1,-3.1267865
s_016um_00355_00023-1,-3.0235322
s_016um_00118_00147-1,-3.0095024
s_016um_00104_00391-1,-2.9243605
s_016um_00258_00191-1,-3.0995932
s_016um_00212_00035-1,-2.8163025
s_016um_00011_00296-1,-3.180414
s_016um_00045_00204-1,-2.9848113
s_016um_00006_00210-1,-3.3156834
s_016um_00258_00188-1,-3.4068048
s_016um_00090_00339-1,-3.3444774
s_016um_00131_00086-1,-3.4892297
s_016um_00032_00090-1,-3.047805
s_016um_00258_00030-1,-3.1740828
s_016um_00083_00193-1,-2.557277
s_016um_00395_00183-1,-2.8334477
s_016um_00257_00026-1,-3.0996401
s_016um_00042_00175-1,-3.0628664
s_016um_00322_00302-1,-3.1611495
s_016um_00323_00230-1,-3.1959236
s_016um_00234_00186-1,-3.1455476
s_016um_00134_00218-1,-3.2127156
s_016um_00227_00328-1,-3.182034
s_016um_00268_00228-1,-3.0526114
s_016um_00391_00344-1,-2.9224026
s_016um_00137_00218-1,-2.9120781
s_016um_00128_00321-1,-3.120511
s_016um_00212_00030-1,-3.0051568
s_016um_00131_00088-1,-2.8429987
s_016um_00191_00127-1,-3.3676217
s_016um_00270_00333-1,-3.2235167
s_016um_00274_00334-1,-3.0603468
s_016um_00387_00294-1,-3.2485664
s_016um_00083_00196-1,-3.13773
s_016um_00133_00318-1,-2.503779
s_016um_00048_00215-1,-2.6174898
s_016um_00213_00026-1,-3.11437
s_016um_00279_00131-1,-3.0074093
s_016um_00168_00376-1,-2.8385046
s_016um_00014_00271-1,-2.951945
s_016um_00097_00336-1,-3.0443616
s_016um_00133_00316-1,-2.8505483
s_016um_00104_00386-1,-2.6292033
s_016um_00137_00073-1,-3.2444098
s_016um_00081_00201-1,-3.3825364
s_016um_00281_00313-1,-3.1840615
s_016um_00354_00097-1,-2.9820616
s_016um_00149_00403-1,-3.2142174
s_016um_00247_00024-1,-3.2002268
s_016um_00011_00155-1,-3.1437626
s_016um_00260_00129-1,-2.8941133
s_016um_00033_00100-1,-3.1244135
s_016um_00032_00101-1,-3.0989175
s_016um_00028_00334-1,-3.034431
s_016um_00405_00397-1,-4.2695727
s_016um_00386_00126-1,-3.3780744
s_016um_00085_00268-1,-2.9842486
s_016um_00043_00241-1,-3.3333993
s_016um_00038_00048-1,-3.4326003
s_016um_00376_00137-1,-3.4602818
s_016um_00391_00183-1,-2.910258
s_016um_00271_00029-1,-2.7945483
s_016um_00094_00318-1,-3.4628391
s_016um_00097_00315-1,-3.1266887
s_016um_00273_00328-1,-3.2988768
s_016um_00032_00331-1,-3.5996346
s_016um_00097_00337-1,-3.0998526
s_016um_00009_00214-1,-2.9906483
s_016um_00386_00299-1,-3.2695787
s_016um_00146_00398-1,-2.9898844
s_016um_00216_00034-1,-3.117894
s_016um_00344_00216-1,-3.1379068
s_016um_00216_00169-1,-3.1563559
s_016um_00281_00134-1,-3.1746666
s_016um_00133_00386-1,-2.797587
s_016um_00354_00120-1,-2.7290876
s_016um_00113_00313-1,-3.0946357
s_016um_00329_00257-1,-3.20223
s_016um_00143_00061-1,-3.327487
s_016um_00368_00094-1,-2.8902397
s_016um_00407_00400-1,-0.5178585
s_016um_00277_00204-1,-3.216967
s_016um_00064_00235-1,-4.0970173
s_016um_00009_00207-1,-3.49485
s_016um_00273_00334-1,-3.2289498
s_016um_00041_00203-1,-3.15524
s_016um_00177_00027-1,-3.224625
s_016um_00137_00223-1,-3.296681
s_016um_00072_00250-1,-2.8324487
s_016um_00265_00131-1,-2.9600046
s_016um_00414_00102-1,-3.0865405
s_016um_00231_00262-1,-2.7887893
s_016um_00055_00246-1,-2.87583
s_016um_00280_00318-1,-2.9521236
s_016um_00146_00015-1,-2.9767258
s_016um_00364_00100-1,-3.504487
s_016um_00270_00032-1,-2.9991508
s_016um_00377_00121-1,-3.010265
s_016um_00066_00234-1,-3.4645214
s_016um_00139_00014-1,-2.9877348
s_016um_00098_00275-1,-2.907812
s_016um_00185_00028-1,-3.1511302
s_016um_00276_00050-1,-2.8882468
s_016um_00394_00213-1,-3.0777535
s_016um_00251_00019-1,-3.020861
s_016um_00078_00197-1,-2.9125369
s_016um_00358_00288-1,-3.0175612
s_016um_00406_00150-1,-3.3260956
s_016um_00220_00280-1,-3.0482953
s_016um_00263_00134-1,-2.965328
s_016um_00083_00279-1,-3.164829
s_016um_00158_00285-1,-2.800901
s_016um_00221_00247-1,-3.173777
s_016um_00352_00122-1,-3.0714564
s_016um_00065_00130-1,-3.3066778
s_016um_00366_00229-1,-3.416533
s_016um_00074_00251-1,-2.9821708
s_016um_00088_00268-1,-2.9313445
s_016um_00080_00268-1,-3.048063
s_016um_00285_00099-1,-2.8815906
s_016um_00121_00145-1,-3.0765276
s_016um_00076_00245-1,-3.0786602
s_016um_00332_00218-1,-3.4642465
s_016um_00210_00293-1,-2.863353
s_016um_00220_00238-1,-3.070248
s_016um_00367_00144-1,-2.9246979
s_016um_00332_00122-1,-3.16536
s_016um_00320_00227-1,-3.3453007
s_016um_00136_00321-1,-3.0590296
s_016um_00256_00030-1,-2.8107285
s_016um_00089_00338-1,-3.4168973
s_016um_00146_00060-1,-3.2450864
s_016um_00012_00157-1,-3.1856842
s_016um_00007_00214-1,-3.1616018
s_016um_00084_00198-1,-2.931821
s_016um_00088_00197-1,-2.9372044
s_016um_00399_00123-1,-3.7520373
s_016um_00392_00177-1,-2.8121834
s_016um_00192_00090-1,-2.9926448
s_016um_00110_00322-1,-3.1468942
s_016um_00381_00131-1,-3.273223
s_016um_00038_00204-1,-3.1161058
s_016um_00375_00140-1,-2.862492
s_016um_00370_00120-1,-2.8069756
s_016um_00323_00298-1,-3.0362694
s_016um_00263_00337-1,-2.851172
s_016um_00079_00295-1,-2.9619536
s_016um_00352_00019-1,-2.974854
s_016um_00009_00298-1,-2.8337011
s_016um_00393_00182-1,-2.8988624
s_016um_00006_00212-1,-2.9882295
s_016um_00213_00030-1,-3.0571163
s_016um_00201_00153-1,-3.18242
s_016um_00354_00095-1,-3.081825
s_016um_00402_00123-1,-3.0584137
s_016um_00130_00388-1,-3.4547334
s_016um_00131_00229-1,-3.116073
s_016um_00074_00252-1,-3.697197
s_016um_00362_00414-1,-2.2328608
s_016um_00373_00120-1,-2.9682512
s_016um_00240_00085-1,-2.935213
s_016um_00086_00269-1,-3.129235
s_016um_00223_00227-1,-3.0868192
s_016um_00190_00129-1,-2.9757504
s_016um_00233_00088-1,-2.6943066
s_016um_00139_00059-1,-2.9294224
s_016um_00038_00101-1,-2.914865
s_016um_00258_00034-1,-2.913342
s_016um_00393_00293-1,-3.0962386
s_016um_00076_00237-1,-2.772965
s_016um_00370_00227-1,-2.924727
s_016um_00287_00101-1,-2.9020398
s_016um_00044_00220-1,-2.962461
s_016um_00400_00121-1,-3.313969
s_016um_00410_00150-1,-3.2876267
s_016um_00157_00290-1,-2.8361855
s_016um_00076_00298-1,-3.427579
s_016um_00204_00150-1,-2.9760172
s_016um_00320_00163-1,-3.182006
s_016um_00391_00359-1,-1.9250988
s_016um_00289_00096-1,-2.9554281
s_016um_00159_00289-1,-3.2619028
s_016um_00369_00125-1,-2.9332414
s_016um_00048_00216-1,-3.260222
s_016um_00328_00127-1,-3.052075
s_016um_00242_00082-1,-2.8649454
s_016um_00221_00027-1,-3.11447
s_016um_00369_00224-1,-3.0638587
s_016um_00086_00285-1,-2.4858446
s_016um_00097_00277-1,-3.002387
s_016um_00115_00147-1,-2.6491215
s_016um_00361_00416-1,-1.965148
s_016um_00085_00267-1,-3.0852675
s_016um_00006_00294-1,-3.059022
s_016um_00131_00321-1,-2.894586
s_016um_00327_00216-1,-3.2468178
s_016um_00129_00092-1,-3.1879077
s_016um_00399_00369-1,-3.1663132
s_016um_00394_00366-1,-3.5082502
s_016um_00124_00384-1,-2.8914566
s_016um_00053_00245-1,-2.9238658
s_016um_00257_00027-1,-3.0463848
s_016um_00080_00265-1,-2.9709492
s_016um_00129_00228-1,-3.0946949
s_016um_00226_00249-1,-2.9989698
s_016um_00190_00127-1,-3.0206137
s_016um_00100_00027-1,-2.939969
s_016um_00325_00228-1,-3.0128403
s_016um_00045_00211-1,-2.5875604
s_016um_00225_00233-1,-3.15052
s_016um_00228_00331-1,-3.447777
s_016um_00277_00325-1,-3.8481994
s_016um_00309_00059-1,-3.0558367
s_016um_00266_00335-1,-3.2920492
s_016um_00390_00180-1,-2.9723415
s_016um_00076_00251-1,-2.9520628
s_016um_00082_00270-1,-2.8175673
s_016um_00079_00284-1,-3.123119
s_016um_00366_00096-1,-2.9447367
s_016um_00036_00048-1,-3.4096236
s_016um_00254_00022-1,-3.4678512
s_016um_00398_00257-1,-3.1061761
s_016um_00406_00145-1,-3.0644906
s_016um_00273_00325-1,-3.024146
s_016um_00077_00250-1,-2.8949575
s_016um_00275_00203-1,-2.8820546
s_016um_00410_00099-1,-3.162948
s_016um_00098_00068-1,-2.906149
s_016um_00411_00097-1,-3.2631812
s_016um_00138_00220-1,-2.816077
s_016um_00400_00214-1,-3.1041121
s_016um_00087_00033-1,-3.4223642
s_016um_00007_00211-1,-2.823538
s_016um_00011_00156-1,-3.3801658
s_016um_00367_00229-1,-3.1874106
s_016um_00138_00222-1,-2.961667
s_016um_00331_00252-1,-3.3232288
s_016um_00401_00258-1,-3.1545062
s_016um_00007_00150-1,-3.5220537
s_016um_00085_00282-1,-3.0118585
s_016um_00360_00289-1,-2.8841174
s_016um_00263_00331-1,-3.5380764
s_016um_00032_00007-1,-3.4094653
s_016um_00165_00128-1,-3.0223415
s_016um_00141_00058-1,-3.131502
s_016um_00214_00017-1,-3.0140624
s_016um_00090_00277-1,-3.316443
s_016um_00061_00129-1,-3.452687
s_016um_00093_00341-1,-2.97114
s_016um_00264_00336-1,-2.8015149
s_016um_00097_00322-1,-2.9037669
s_016um_00325_00165-1,-3.1161375
s_016um_00256_00031-1,-2.7427404
s_016um_00060_00243-1,-3.0702941
s_016um_00217_00230-1,-3.1396706
s_016um_00260_00188-1,-2.9173903
s_016um_00057_00244-1,-3.069592
s_016um_00236_00090-1,-3.0111895
s_016um_00407_00125-1,-3.4041247
s_016um_00396_00177-1,-3.4825149
s_016um_00401_00218-1,-3.3778982
s_016um_00126_00382-1,-3.0482666
s_016um_00400_00215-1,-2.9418652
s_016um_00354_00115-1,-3.0752287
s_016um_00364_00098-1,-3.525649
s_016um_00260_00186-1,-3.2648003
s_016um_00392_00178-1,-3.0488844
s_016um_00132_00383-1,-3.1837392
s_016um_00236_00189-1,-3.1107316
s_016um_00354_00019-1,-3.3327727
s_016um_00082_00067-1,-3.501363
s_016um_00283_00095-1,-3.3069665
s_016um_00062_00234-1,-2.5623934
s_016um_00090_00279-1,-2.8778443
s_016um_00324_00163-1,-2.8418865
s_016um_00396_00357-1,-3.6118922
s_016um_00255_00022-1,-2.9957983
s_016um_00008_00159-1,-3.518858
s_016um_00269_00035-1,-3.181057
s_016um_00034_00103-1,-3.6479373
s_016um_00331_00255-1,-3.2333355
s_016um_00080_00243-1,-3.3816378
s_016um_00169_00124-1,-2.7179008
s_016um_00218_00030-1,-3.3507638
s_016um_00261_00132-1,-3.116759
s_016um_00095_00027-1,-3.1363842
s_016um_00330_00119-1,-2.8516247
s_016um_00040_00213-1,-3.412632
s_016um_00019_00269-1,-3.4215832
s_016um_00096_00315-1,-3.0050015
s_016um_00338_00398-1,-3.1922975
s_016um_00402_00396-1,-4.1705103
s_016um_00393_00357-1,-3.4064844
s_016um_00105_00067-1,-3.229472
s_016um_00171_00370-1,-3.2073846
s_016um_00246_00086-1,-3.0160952
s_016um_00131_00090-1,-3.1022716
s_016um_00044_00213-1,-3.2548304
s_016um_00044_00217-1,-3.035242
s_016um_00380_00135-1,-2.9362762
s_016um_00402_00263-1,-2.9226677
s_016um_00138_00020-1,-3.156593
s_016um_00357_00114-1,-3.0438309
s_016um_00265_00030-1,-2.9668722
s_016um_00370_00139-1,-3.125158
s_016um_00099_00323-1,-3.0394068
s_016um_00022_00269-1,-2.972039
s_016um_00337_00253-1,-2.880409
s_016um_00076_00295-1,-3.3541267
s_016um_00105_00387-1,-2.8480015
s_016um_00093_00323-1,-3.0654213
s_016um_00145_00400-1,-3.2474992
s_016um_00264_00133-1,-3.212381
s_016um_00194_00091-1,-3.16124
s_016um_00226_00251-1,-3.3003922
s_016um_00011_00215-1,-2.9321043
s_016um_00172_00372-1,-3.1726377
s_016um_00324_00225-1,-3.1578462
s_016um_00199_00146-1,-2.9613552
s_016um_00214_00032-1,-3.2092414
s_016um_00397_00369-1,-3.2977452
s_016um_00241_00190-1,-2.889677
s_016um_00373_00144-1,-2.4382682
s_016um_00368_00119-1,-3.202892
s_016um_00137_00221-1,-2.5791502
s_016um_00323_00169-1,-3.188062
s_016um_00012_00298-1,-3.055016
s_016um_00182_00026-1,-3.3777592
s_016um_00312_00052-1,-2.742924
s_016um_00192_00128-1,-2.542472
s_016um_00046_00204-1,-3.0171363
s_016um_00398_00364-1,-3.4039497
s_016um_00265_00061-1,-2.67622
s_016um_00276_00206-1,-3.1983657
s_016um_00272_00036-1,-2.6705089
s_016um_00371_00145-1,-3.1628177
s_016um_00108_00320-1,-2.3464837
s_016um_00391_00361-1,-2.4764757
s_016um_00228_00247-1,-3.177162
s_016um_00130_00386-1,-3.2815711
s_016um_00367_00146-1,-3.3271372
s_016um_00377_00136-1,-3.4040797
s_016um_00076_00246-1,-3.134946
s_016um_00399_00218-1,-3.1153638
s_016um_00274_00047-1,-2.9532619
s_016um_00409_00149-1,-3.0609148
s_016um_00213_00294-1,-3.191578
s_016um_00133_00319-1,-3.902044
s_016um_00257_00028-1,-2.8784065
s_016um_00090_00341-1,-3.4256063
s_016um_00134_00228-1,-3.057092
s_016um_00407_00103-1,-3.1600194
s_016um_00078_00250-1,-3.4377556
s_016um_00357_00115-1,-3.087717
s_016um_00143_00062-1,-3.0302944
s_016um_00274_00322-1,-3.1233764
s_016um_00199_00152-1,-2.6817818
s_016um_00205_00151-1,-2.9406235
s_016um_00093_00318-1,-3.0984547
s_016um_00144_00015-1,-3.2611825
s_016um_00226_00232-1,-2.854014
s_016um_00211_00034-1,-3.5582795
s_016um_00166_00372-1,-3.000942
s_016um_00354_00025-1,-2.96445
s_016um_00306_00058-1,-2.9589972
s_016um_00269_00222-1,-3.4978063
s_016um_00351_00096-1,-3.113092
s_016um_00278_00204-1,-3.3469982
s_016um_00368_00223-1,-3.1074142
s_016um_00039_00098-1,-3.1756718
s_016um_00105_00070-1,-3.400136
s_016um_00243_00186-1,-3.38735
s_016um_00268_00059-1,-3.0691273
s_016um_00196_00093-1,-3.5349574
s_016um_00206_00146-1,-3.0568547
s_016um_00280_00313-1,-3.0378947
s_016um_00413_00098-1,-2.7751985
s_016um_00038_00205-1,-3.1611066
s_016um_00133_00070-1,-3.0817757
s_016um_00044_00044-1,-3.6124258
s_016um_00387_00131-1,-3.2504482
s_016um_00389_00294-1,-3.7513387
s_016um_00173_00377-1,-2.8333797
s_016um_00217_00014-1,-2.945997
s_016um_00139_00019-1,-3.2574024
s_016um_00072_00248-1,-3.0347574
s_016um_00164_00289-1,-3.2720544
s_016um_00256_00023-1,-3.2871983
s_016um_00080_00034-1,-3.147615
s_016um_00219_00018-1,-3.1742046
s_016um_00132_00319-1,-3.4613202
s_016um_00393_00372-1,-3.1205437
s_016um_00225_00236-1,-3.0933342
s_016um_00373_00139-1,-2.9530053
s_016um_00111_00317-1,-2.9608843
s_016um_00401_00214-1,-2.9921906
s_016um_00398_00255-1,-3.0331953
s_016um_00133_00321-1,-3.6627162
s_016um_00153_00398-1,-3.118464
s_016um_00273_00050-1,-2.7555575
s_016um_00006_00156-1,-2.947754
s_016um_00212_00027-1,-3.4030776
s_016um_00329_00216-1,-2.9113567
s_016um_00169_00123-1,-2.9515362
s_016um_00262_00132-1,-3.0365613
s_016um_00216_00279-1,-2.9966204
s_016um_00089_00276-1,-3.0966444
s_016um_00323_00170-1,-3.019798
s_016um_00132_00233-1,-3.4715436
s_016um_00012_00214-1,-3.3401504
s_016um_00348_00022-1,-2.9156933
s_016um_00325_00164-1,-3.1749885
s_016um_00221_00167-1,-2.8133807
s_016um_00229_00268-1,-2.8844733
s_016um_00280_00317-1,-2.9854517
s_016um_00165_00292-1,-2.9284766
s_016um_00414_00140-1,-2.7717736
s_016um_00235_00086-1,-2.8243392
s_016um_00400_00260-1,-3.0393763
s_016um_00223_00249-1,-3.0629332
s_016um_00397_00262-1,-3.1095648
s_016um_00404_00258-1,-3.1255748
s_016um_00400_00261-1,-3.0686438
s_016um_00280_00322-1,-3.3261638
s_016um_00270_00224-1,-3.0655742
s_016um_00138_00058-1,-2.9231942
s_016um_00340_00400-1,-3.496717
s_016um_00108_00389-1,-3.171922
s_016um_00090_00278-1,-2.9156091
s_016um_00351_00121-1,-3.0640373
s_016um_00276_00324-1,-3.126969
s_016um_00328_00119-1,-3.1389067
s_016um_00008_00149-1,-3.1464646
s_016um_00393_00364-1,-3.457008
s_016um_00095_00337-1,-2.990301
s_016um_00084_00265-1,-2.8256376
s_016um_00364_00223-1,-2.9547684
s_016um_00396_00361-1,-3.0560079
s_016um_00075_00298-1,-3.0037053
s_016um_00236_00187-1,-3.0544813
s_016um_00035_00175-1,-3.3494997
s_016um_00264_00329-1,-3.2539065
s_016um_00094_00024-1,-3.1615155
s_016um_00385_00295-1,-3.4091465
s_016um_00031_00337-1,-3.0152307
s_016um_00131_00386-1,-2.4790778
s_016um_00391_00296-1,-2.978808
s_016um_00041_00102-1,-2.8779197
s_016um_00145_00018-1,-3.09037
s_016um_00041_00212-1,-2.806699
s_016um_00094_00322-1,-2.6220386
s_016um_00366_00224-1,-3.2325075
s_016um_00020_00270-1,-2.7626588
s_016um_00038_00209-1,-2.9354317
s_016um_00219_00013-1,-3.1933165
s_016um_00089_00274-1,-3.0375519
s_016um_00064_00128-1,-3.0044892
s_016um_00335_00255-1,-3.1612794
s_016um_00044_00216-1,-3.2200694
s_016um_00216_00281-1,-3.2035465
s_016um_00032_00332-1,-3.1809
s_016um_00132_00313-1,-3.933327
s_016um_00358_00092-1,-3.1514223
s_016um_00108_00388-1,-3.1872714
s_016um_00032_00086-1,-3.0693
s_016um_00372_00141-1,-2.7020724
s_016um_00396_00217-1,-2.9672704
s_016um_00362_00290-1,-2.966666
s_016um_00193_00121-1,-3.4928832
s_016um_00275_00132-1,-3.2405815
s_016um_00234_00267-1,-2.8357747
s_016um_00226_00236-1,-2.846989
s_016um_00129_00230-1,-2.8709664
s_016um_00355_00091-1,-2.9315867
s_016um_00044_00174-1,-3.3861284
s_016um_00351_00020-1,-3.1135287
s_016um_00037_00099-1,-3.17167
s_016um_00370_00229-1,-3.2648592
s_016um_00086_00282-1,-2.9899888
s_016um_00144_00014-1,-3.0916228
s_016um_00167_00123-1,-2.8617673
s_016um_00232_00262-1,-2.9495575
s_016um_00085_00035-1,-3.0975263
s_016um_00414_00103-1,-2.9455802
s_016um_00221_00329-1,-2.9783132
s_016um_00343_00213-1,-3.1851695
s_016um_00079_00283-1,-3.2995765
s_016um_00047_00219-1,-3.1784792
s_016um_00398_00124-1,-3.015304
s_016um_00080_00272-1,-3.4459329
s_016um_00270_00222-1,-3.065522
s_016um_00097_00272-1,-3.1305914
s_016um_00079_00286-1,-3.361688
s_016um_00064_00132-1,-3.5093558
s_016um_00306_00055-1,-2.7429292
s_016um_00222_00014-1,-3.2113612
s_016um_00226_00237-1,-2.921818
s_016um_00218_00230-1,-3.0659704
s_016um_00210_00027-1,-2.9598482
s_016um_00223_00247-1,-2.9863138
s_016um_00275_00046-1,-3.0808284
s_016um_00138_00018-1,-3.3103147
s_016um_00145_00020-1,-3.4059534
s_016um_00013_00214-1,-3.0581486
s_016um_00217_00225-1,-3.055561
s_016um_00125_00382-1,-2.965183
s_016um_00192_00099-1,-2.7897522
s_016um_00063_00231-1,-2.893638
s_016um_00393_00338-1,-3.248837
s_016um_00107_00316-1,-3.1081054
s_016um_00350_00118-1,-3.0026252
s_016um_00413_00140-1,-3.2111728
s_016um_00281_00131-1,-3.2585533
s_016um_00132_00386-1,-2.8766503
s_016um_00355_00120-1,-2.7129798
s_016um_00125_00087-1,-3.2709885
s_016um_00078_00268-1,-2.7291741
s_016um_00144_00019-1,-3.0641563
s_016um_00086_00199-1,-3.0070856
s_016um_00408_00398-1,-2.9549725
s_016um_00096_00324-1,-3.03183
s_016um_00202_00148-1,-3.1699157
s_016um_00260_00185-1,-3.2757692
s_016um_00094_00336-1,-3.473961
s_016um_00128_00232-1,-3.0180564
s_016um_00404_00399-1,-3.508004
s_016um_00188_00092-1,-3.11591
s_016um_00391_00294-1,-3.40264
s_016um_00325_00124-1,-3.2093928
s_016um_00212_00028-1,-3.0392234
s_016um_00092_00342-1,-3.421616
s_016um_00266_00127-1,-3.3943853
s_016um_00227_00232-1,-2.846982
s_016um_00036_00102-1,-3.0869024
s_016um_00212_00290-1,-2.543747
s_016um_00011_00300-1,-3.1633873
s_016um_00359_00414-1,-3.513351
s_016um_00135_00072-1,-3.200837
s_016um_00082_00292-1,-3.0760076
s_016um_00152_00399-1,-3.1628375
s_016um_00274_00230-1,-2.9331403
s_016um_00194_00126-1,-2.8759518
s_016um_00355_00022-1,-2.8351667
s_016um_00402_00124-1,-3.1371017
s_016um_00229_00250-1,-2.856496
s_016um_00218_00026-1,-2.9720714
s_016um_00179_00027-1,-2.9607813
s_016um_00213_00031-1,-2.9145863
s_016um_00014_00269-1,-3.0020974
s_016um_00398_00220-1,-3.300616
s_016um_00129_00385-1,-3.2525923
s_016um_00352_00116-1,-3.6167738
s_016um_00215_00012-1,-3.0758538
s_016um_00221_00025-1,-3.605507
s_016um_00235_00356-1,-3.0230355
s_016um_00380_00130-1,-2.990776
s_016um_00084_00280-1,-3.133368
s_016um_00204_00148-1,-3.1702895
s_016um_00309_00057-1,-2.2421284
s_016um_00358_00120-1,-3.1534793
s_016um_00275_00138-1,-3.1158528
s_016um_00033_00099-1,-3.0062068
s_016um_00080_00238-1,-3.1849988
s_016um_00010_00209-1,-3.1708877
s_016um_00281_00322-1,-3.0752478
s_016um_00078_00283-1,-2.9675276
s_016um_00262_00333-1,-3.568981
s_016um_00237_00090-1,-2.8239424
s_016um_00083_00032-1,-3.3406188
s_016um_00324_00164-1,-3.1265013
s_016um_00321_00226-1,-3.419787
s_016um_00048_00244-1,-2.8347337
s_016um_00326_00123-1,-2.7973833
s_016um_00268_00029-1,-2.683349
s_016um_00243_00185-1,-3.0843024
s_016um_00322_00164-1,-3.0092127
s_016um_00387_00297-1,-3.3271985
s_016um_00080_00242-1,-2.8797653
s_016um_00226_00246-1,-2.8434212
s_016um_00392_00345-1,-2.6299582
s_016um_00142_00058-1,-3.1346986
s_016um_00012_00155-1,-3.0139737
s_016um_00404_00151-1,-3.2823563
s_016um_00214_00027-1,-2.9833837
s_016um_00088_00030-1,-3.1977112
s_016um_00234_00085-1,-3.0778768
s_016um_00254_00027-1,-2.414926
s_016um_00145_00055-1,-2.8382263
s_016um_00338_00403-1,-3.3631864
s_016um_00222_00026-1,-2.9081767
s_016um_00397_00371-1,-3.5477617
s_016um_00248_00083-1,-3.0354683
s_016um_00093_00315-1,-3.1391935
s_016um_00278_00320-1,-3.4492154
s_016um_00035_00011-1,-2.986114
s_016um_00221_00171-1,-3.2813656
s_016um_00235_00354-1,-3.1832032
s_016um_00143_00053-1,-3.109804
s_016um_00171_00122-1,-2.845395
s_016um_00354_00291-1,-3.205875
s_016um_00042_00046-1,-3.1177979
s_016um_00006_00297-1,-3.1707761
s_016um_00269_00036-1,-2.789697
s_016um_00225_00328-1,-2.9776146
s_016um_00232_00091-1,-3.1989026
s_016um_00135_00227-1,-2.8098106
s_016um_00333_00249-1,-3.2762666
s_016um_00003_00154-1,-3.23025
s_016um_00215_00283-1,-2.9803853
s_016um_00047_00239-1,-2.935028
s_016um_00393_00369-1,-3.267274
s_016um_00358_00114-1,-3.0088625
s_016um_00265_00129-1,-2.9664247
s_016um_00359_00290-1,-3.089833
s_016um_00220_00174-1,-2.9495795
s_016um_00341_00217-1,-3.6366441
s_016um_00211_00028-1,-3.1723816
s_016um_00086_00070-1,-2.901147
s_016um_00036_00174-1,-3.1729321
s_016um_00374_00117-1,-3.4156601
s_016um_00196_00092-1,-3.0704238
s_016um_00366_00227-1,-3.0732982
s_016um_00418_00135-1,-3.154857
s_016um_00222_00228-1,-2.8499877
s_016um_00091_00279-1,-2.9267938
s_016um_00390_00292-1,-3.492357
s_016um_00043_00213-1,-2.9834507
s_016um_00335_00257-1,-3.4179225
s_016um_00400_00255-1,-3.2809448
s_016um_00135_00318-1,-3.307088
s_016um_00033_00102-1,-3.1991377
s_016um_00013_00213-1,-3.0089703
s_016um_00367_00142-1,-3.2873926
s_016um_00168_00373-1,-3.114522
s_016um_00331_00125-1,-3.3134797
s_016um_00143_00054-1,-3.6706502
s_016um_00358_00416-1,-3.1612008
s_016um_00239_00190-1,-2.819524
s_016um_00132_00227-1,-2.8414276
s_016um_00005_00300-1,-3.1244323
s_016um_00030_00090-1,-3.2113855
s_016um_00129_00088-1,-2.8700976
s_016um_00399_00181-1,-3.175526
s_016um_00401_00127-1,-2.9255724
s_016um_00360_00290-1,-3.1152573
s_016um_00007_00208-1,-2.9947517
s_016um_00396_00212-1,-2.813339
s_016um_00222_00229-1,-3.1686592
s_016um_00326_00301-1,-3.0938156
s_016um_00405_00152-1,-3.5674431
s_016um_00382_00127-1,-2.7484186
s_016um_00143_00017-1,-3.5708961
s_016um_00382_00132-1,-3.0386193
s_016um_00336_00398-1,-3.3344302
s_016um_00270_00059-1,-3.7728343
s_016um_00334_00210-1,-2.9836254
s_016um_00142_00056-1,-2.7579331
s_016um_00004_00151-1,-3.264351
s_016um_00223_00166-1,-2.8210459
s_016um_00277_00051-1,-2.918564
s_016um_00043_00211-1,-3.0575383
s_016um_00249_00086-1,-3.2312138
s_016um_00221_00282-1,-2.9843535
s_016um_00071_00251-1,-2.979511
s_016um_00204_00145-1,-3.1372292
s_016um_00267_00330-1,-3.5119123
s_016um_00390_00340-1,-3.6645439
s_016um_00274_00051-1,-2.7590775
s_016um_00256_00189-1,-2.6885266
s_016um_00279_00316-1,-3.0478265
s_016um_00224_00167-1,-2.862212
s_016um_00086_00197-1,-2.8107839
s_016um_00209_00034-1,-3.0780377
s_016um_00170_00371-1,-3.1330812
s_016um_00128_00386-1,-3.0121045
s_016um_00103_00071-1,-3.250125
s_016um_00046_00215-1,-2.8094714
s_016um_00355_00095-1,-2.85822
s_016um_00393_00297-1,-3.0325673
s_016um_00081_00036-1,-3.1381187
s_016um_00157_00287-1,-3.0108619
s_016um_00139_00217-1,-2.8001804
s_016um_00269_00332-1,-3.0425577
s_016um_00068_00230-1,-3.0369554
s_016um_00219_00231-1,-3.1921651
s_016um_00105_00386-1,-3.1802535
s_016um_00272_00048-1,-3.17034
s_016um_00392_00183-1,-3.0711722
s_016um_00037_00105-1,-2.960458
s_016um_00235_00183-1,-2.971738
s_016um_00392_00359-1,-3.0055318
s_016um_00242_00187-1,-3.0188723
s_016um_00130_00389-1,-3.2588058
s_016um_00047_00237-1,-3.1677873
s_016um_00131_00318-1,-3.1908863
s_016um_00230_00356-1,-3.1898518
s_016um_00196_00125-1,-3.0196242
s_016um_00171_00374-1,-2.8806124
s_016um_00103_00067-1,-2.3878808
s_016um_00358_00295-1,-3.0621874
s_016um_00011_00293-1,-3.0971642
s_016um_00106_00391-1,-2.9522507
s_016um_00078_00243-1,-3.06737
s_016um_00081_00194-1,-3.2796786
s_016um_00147_00402-1,-2.9374967
s_016um_00068_00232-1,-3.1909285
s_016um_00390_00291-1,-2.8987687
s_016um_00009_00152-1,-3.0471175
s_016um_00041_00101-1,-3.0435486
s_016um_00200_00146-1,-2.9637017
s_016um_00381_00140-1,-2.869593
s_016um_00268_00131-1,-3.008927
s_016um_00195_00128-1,-2.8847687
s_016um_00131_00233-1,-3.1451092
s_016um_00040_00042-1,-2.9288256
s_016um_00275_00137-1,-3.1366572
s_016um_00065_00236-1,-3.0654354
s_016um_00337_00257-1,-3.1340299
s_016um_00072_00234-1,-3.1447985
s_016um_00398_00214-1,-3.2573874
s_016um_00311_00058-1,-2.8967998
s_016um_00258_00033-1,-3.2399163
s_016um_00091_00267-1,-3.2445204
s_016um_00221_00029-1,-3.1964297
s_016um_00225_00031-1,-2.821566
s_016um_00116_00149-1,-3.1823854
s_016um_00234_00362-1,-2.9469688
s_016um_00233_00263-1,-2.9483378
s_016um_00125_00088-1,-3.4649007
s_016um_00224_00169-1,-3.4598572
s_016um_00366_00097-1,-3.1538787
s_016um_00061_00128-1,-3.0969653
s_016um_00021_00269-1,-3.0515342
s_016um_00261_00185-1,-3.2077878
s_016um_00385_00296-1,-3.2423437
s_016um_00130_00320-1,-2.7721684
s_016um_00255_00027-1,-2.846831
s_016um_00331_00209-1,-3.376301
s_016um_00005_00155-1,-3.0390563
s_016um_00211_00293-1,-3.3982532
s_016um_00330_00126-1,-3.0276282
s_016um_00174_00373-1,-3.3649411
s_016um_00084_00284-1,-3.3334143
s_016um_00239_00186-1,-2.9026966
s_016um_00278_00049-1,-2.9209485
s_016um_00098_00320-1,-2.9749277
s_016um_00047_00243-1,-3.3297112
s_016um_00107_00386-1,-3.0397844
s_016um_00336_00254-1,-3.1808846
s_016um_00266_00031-1,-3.048633
s_016um_00233_00261-1,-3.1409705
s_016um_00410_00105-1,-2.624913
s_016um_00266_00033-1,-3.2123249
s_016um_00189_00126-1,-2.7423787
s_016um_00078_00295-1,-3.1885028
s_016um_00047_00245-1,-2.9014943
s_016um_00274_00132-1,-3.2699256
s_016um_00225_00239-1,-2.988924
s_016um_00215_00279-1,-3.103158
s_016um_00092_00278-1,-3.0961564
s_016um_00399_00215-1,-3.0928276
s_016um_00394_00362-1,-3.1620076
s_016um_00374_00139-1,-3.1494544
s_016um_00225_00244-1,-2.8780587
s_016um_00219_00025-1,-2.8359044
s_016um_00079_00249-1,-3.0616395
s_016um_00327_00211-1,-3.0101745
s_016um_00010_00215-1,-3.5133083
s_016um_00412_00139-1,-2.7872076
s_016um_00096_00317-1,-2.8955808
s_016um_00130_00384-1,-3.1297417
s_016um_00039_00175-1,-3.155773
s_016um_00215_00016-1,-2.8676448
s_016um_00167_00127-1,-3.075029
s_016um_00077_00245-1,-3.0278394
s_016um_00371_00125-1,-3.3266442
s_016um_00240_00088-1,-2.867016
s_016um_00280_00323-1,-3.195419
s_016um_00223_00028-1,-2.8989947
s_016um_00139_00216-1,-3.0684795
s_016um_00133_00226-1,-3.1664596
s_016um_00389_00338-1,-3.2833972
s_016um_00365_00097-1,-3.1464345
s_016um_00073_00240-1,-3.1223938
s_016um_00129_00390-1,-3.0293088
s_016um_00214_00016-1,-3.435533
s_016um_00071_00248-1,-2.9056826
s_016um_00044_00204-1,-3.0204163
s_016um_00101_00068-1,-3.3344567
s_016um_00184_00033-1,-3.1132317
s_016um_00126_00086-1,-3.2498312
s_016um_00098_00025-1,-3.5041194
s_016um_00080_00198-1,-2.9572806
s_016um_00067_00236-1,-3.4153476
s_016um_00320_00303-1,-3.2071643
s_016um_00169_00377-1,-3.385002
s_016um_00391_00295-1,-3.5224223
s_016um_00043_00210-1,-2.9374776
s_016um_00401_00123-1,-3.2346785
s_016um_00081_00028-1,-3.2171896
s_016um_00277_00047-1,-2.919142
s_016um_00290_00098-1,-2.8833086
s_016um_00233_00359-1,-3.1383183
s_016um_00232_00357-1,-3.208166
s_016um_00228_00235-1,-3.0927901
s_016um_00101_00064-1,-3.2896862
s_016um_00370_00097-1,-2.9893088
s_016um_00032_00088-1,-2.7236295
s_016um_00388_00127-1,-3.1013868
s_016um_00135_00322-1,-2.8358173
s_016um_00288_00095-1,-2.8827689
s_016um_00041_00179-1,-3.2069669
s_016um_00146_00057-1,-3.2660122
s_016um_00234_00264-1,-3.2720406
s_016um_00044_00045-1,-3.0447962
s_016um_00055_00243-1,-3.2010822
s_016um_00334_00211-1,-2.971909
s_016um_00201_00147-1,-3.072208
s_016um_00414_00135-1,-2.9055603
s_016um_00221_00026-1,-3.0909374
s_016um_00269_00031-1,-3.0667539
s_016um_00127_00229-1,-2.9682176
s_016um_00139_00077-1,-3.3887258
s_016um_00046_00206-1,-2.9068332
s_016um_00212_00031-1,-2.38092
s_016um_00253_00023-1,-2.7627804
s_016um_00102_00388-1,-3.140929
s_016um_00306_00053-1,-2.907749
s_016um_00215_00292-1,-3.0245974
s_016um_00103_00065-1,-2.9993095
s_016um_00090_00273-1,-3.0569482
s_016um_00409_00103-1,-3.0615015
s_016um_00098_00024-1,-3.0063753
s_016um_00043_00172-1,-3.3871303
s_016um_00353_00089-1,-2.8999534
s_016um_00118_00146-1,-2.9360797
s_016um_00399_00217-1,-2.886444
s_016um_00193_00124-1,-3.4948564
s_016um_00125_00091-1,-3.400545
s_016um_00014_00268-1,-3.2053568
s_016um_00206_00153-1,-3.3938863
s_016um_00096_00319-1,-2.9223182
s_016um_00363_00098-1,-3.568397
s_016um_00114_00315-1,-2.8191707
s_016um_00055_00244-1,-3.4191267
s_016um_00329_00254-1,-2.9395232
s_016um_00087_00196-1,-3.2383022
s_016um_00009_00157-1,-3.1740959
s_016um_00074_00246-1,-3.0813591
s_016um_00200_00150-1,-3.5261557
s_016um_00009_00301-1,-3.190895
s_016um_00151_00394-1,-3.189957
s_016um_00393_00368-1,-2.9825304
s_016um_00081_00198-1,-3.6183462
s_016um_00277_00328-1,-3.0969276
s_016um_00038_00045-1,-3.2572732
s_016um_00397_00365-1,-3.4542048
s_016um_00132_00385-1,-2.8288107
s_016um_00399_00365-1,-3.2631376
s_016um_00101_00386-1,-3.1287348
s_016um_00409_00146-1,-3.1809711
s_016um_00123_00146-1,-2.9014647
s_016um_00379_00138-1,-2.9671006
s_016um_00265_00334-1,-3.122161
s_016um_00075_00253-1,-3.638187
s_016um_00372_00145-1,-3.319569
s_016um_00245_00084-1,-2.7907016
s_016um_00266_00329-1,-3.261897
s_016um_00404_00127-1,-3.4811037
s_016um_00143_00021-1,-3.3203237
s_016um_00037_00096-1,-3.3558435
s_016um_00215_00017-1,-2.5992641
s_016um_00417_00136-1,-2.9992225
s_016um_00192_00122-1,-2.9287496
s_016um_00077_00237-1,-3.086889
s_016um_00329_00214-1,-2.79935
s_016um_00220_00228-1,-3.0162284
s_016um_00027_00334-1,-3.026353
s_016um_00356_00294-1,-3.016212
s_016um_00373_00141-1,-3.1455054
s_016um_00276_00053-1,-2.9614663
s_016um_00098_00032-1,-3.2886364
s_016um_00345_00214-1,-3.130141
s_016um_00130_00322-1,-3.0501752
s_016um_00093_00276-1,-3.0238895
s_016um_00036_00045-1,-2.688772
s_016um_00215_00294-1,-2.9724329
s_016um_00285_00100-1,-3.027437
s_016um_00404_00145-1,-3.3755941
s_016um_00224_00334-1,-3.1829607
s_016um_00083_00263-1,-3.0064065
s_016um_00395_00359-1,-3.053525
s_016um_00044_00219-1,-3.2226365
s_016um_00265_00059-1,-2.608611
s_016um_00116_00144-1,-2.8644722
s_016um_00194_00125-1,-2.7358174
s_016um_00308_00056-1,-3.0550141
s_016um_00008_00209-1,-3.0969384
s_016um_00125_00090-1,-3.3464034
s_016um_00031_00090-1,-3.2422798
s_016um_00219_00014-1,-2.949129
s_016um_00415_00143-1,-3.0559292
s_016um_00038_00174-1,-3.0226567
s_016um_00279_00328-1,-3.0930667
s_016um_00227_00246-1,-3.1785
s_016um_00132_00321-1,-3.031231
s_016um_00151_00400-1,-3.2050717
s_016um_00382_00139-1,-3.100574
s_016um_00162_00291-1,-3.1070101
s_016um_00111_00319-1,-3.0168295
s_016um_00263_00060-1,-3.015604
s_016um_00170_00375-1,-2.7855833
s_016um_00406_00402-1,-3.0487027
s_016um_00328_00215-1,-3.1505487
s_016um_00080_00296-1,-3.0371547
s_016um_00075_00251-1,-3.0056317
s_016um_00241_00188-1,-3.0176547
s_016um_00263_00333-1,-2.9214022
s_016um_00017_00266-1,-3.2263901
s_016um_00131_00225-1,-3.2550654
s_016um_00181_00028-1,-3.0676308
s_016um_00217_00013-1,-3.0750813
s_016um_00221_00017-1,-3.1005805
s_016um_00083_00192-1,-3.138018
s_016um_00079_00200-1,-3.0742762
s_016um_00071_00249-1,-3.2446811
s_016um_00264_00335-1,-2.9667544
s_016um_00152_00401-1,-3.3900564
s_016um_00275_00325-1,-3.3737807
s_016um_00279_00136-1,-2.981942
s_016um_00042_00174-1,-3.2980301
s_016um_00217_00228-1,-2.996012
s_016um_00164_00292-1,-3.257577
s_016um_00414_00139-1,-2.8874125
s_016um_00287_00099-1,-3.2505698
s_016um_00392_00291-1,-3.3173947
s_016um_00105_00317-1,-2.9849513
s_016um_00267_00031-1,-2.831031
s_016um_00033_00337-1,-2.9800413
s_016um_00033_00006-1,-3.1530433
s_016um_00146_00019-1,-3.3905346
s_016um_00376_00124-1,-3.2432575
s_016um_00144_00056-1,-3.224108
s_016um_00041_00238-1,-3.026323
s_016um_00330_00250-1,-3.2649584
s_016um_00276_00135-1,-3.5238593
s_016um_00387_00340-1,-3.3793707
s_016um_00100_00068-1,-3.302123
s_016um_00279_00323-1,-3.6175277
s_016um_00229_00246-1,-3.2750924
s_016um_00307_00057-1,-3.426118
s_016um_00395_00342-1,-3.6453044
s_016um_00270_00028-1,-2.6079814
s_016um_00345_00212-1,-2.7674642
s_016um_00394_00183-1,-2.843907
s_016um_00079_00243-1,-2.9748375
s_016um_00341_00402-1,-3.1689465
s_016um_00009_00215-1,-3.325597
s_016um_00414_00101-1,-2.906183
s_016um_00121_00143-1,-3.008079
s_016um_00009_00292-1,-2.965462
s_016um_00235_00260-1,-3.074149
s_016um_00082_00237-1,-2.9351957
s_016um_00165_00125-1,-3.4264066
s_016um_00152_00400-1,-3.1322742
s_016um_00102_00387-1,-3.2990255
s_016um_00025_00088-1,-3.324582
s_016um_00079_00251-1,-3.0249875
s_016um_00216_00171-1,-2.9394524
s_016um_00265_00328-1,-3.1863856
s_016um_00011_00298-1,-3.2093225
s_016um_00010_00301-1,-3.0930052
s_016um_00276_00202-1,-2.9126425
s_016um_00167_00130-1,-2.529263
s_016um_00356_00288-1,-3.554194
s_016um_00128_00094-1,-3.0865798
s_016um_00094_00030-1,-3.1973426
s_016um_00098_00323-1,-3.0694807
s_016um_00063_00132-1,-2.946081
s_016um_00145_00401-1,-2.959671
s_016um_00387_00292-1,-3.4384682
s_016um_00242_00087-1,-3.2401156
s_016um_00087_00065-1,-3.995637
s_016um_00059_00242-1,-3.2213895
s_016um_00326_00118-1,-2.9109664
s_016um_00407_00145-1,-3.3373868
s_016um_00112_00318-1,-3.0721989
s_016um_00011_00294-1,-2.82364
s_016um_00370_00095-1,-2.9186795
s_016um_00007_00207-1,-3.2215989
s_016um_00162_00292-1,-3.011059
s_016um_00139_00020-1,-3.064628
s_016um_00384_00135-1,-3.0552638
s_016um_00090_00265-1,-3.304016
s_016um_00332_00255-1,-3.4121258
s_016um_00270_00327-1,-3.54949
s_016um_00388_00131-1,-3.0514708
s_016um_00004_00152-1,-3.2764401
s_016um_00204_00149-1,-3.2733269
s_016um_00196_00094-1,-3.1489365
s_016um_00273_00315-1,-3.3993428
s_016um_00036_00097-1,-3.3486564
s_016um_00036_00173-1,-3.0969424
s_016um_00215_00296-1,-3.0769472
s_016um_00257_00189-1,-3.104252
s_016um_00380_00133-1,-3.1067414
s_016um_00129_00090-1,-3.635563
s_016um_00354_00116-1,-3.1423423
s_016um_00063_00233-1,-3.2503858
s_016um_00234_00091-1,-2.9176912
s_016um_00213_00291-1,-2.978644
s_016um_00044_00205-1,-2.9004345
s_016um_00133_00315-1,-4.3207088
s_016um_00034_00006-1,-3.0317545
s_016um_00365_00094-1,-3.3843374
s_016um_00334_00250-1,-3.2422023
s_016um_00259_00130-1,-2.6950965
s_016um_00253_00019-1,-2.9599867
s_016um_00236_00089-1,-3.2626853
s_016um_00096_00027-1,-2.978846
s_016um_00265_00130-1,-3.3616867
s_016um_00330_00251-1,-2.7448015
s_016um_00098_00026-1,-2.9001167
s_016um_00395_00368-1,-3.8725286
s_016um_00337_00251-1,-3.019043
s_016um_00366_00228-1,-3.2227433
s_016um_00279_00049-1,-2.5500493
s_016um_00276_00044-1,-3.2155087
s_016um_00008_00301-1,-3.2703168
s_016um_00279_00322-1,-3.4549904
s_016um_00096_00314-1,-3.0935102
s_016um_00324_00125-1,-3.0240405
s_016um_00401_00216-1,-3.5484548
s_016um_00223_00243-1,-2.6254518
s_016um_00222_00017-1,-3.1455848
s_016um_00134_00320-1,-4.0332384
s_016um_00309_00053-1,-3.1390882
s_016um_00263_00336-1,-3.4203296
s_016um_00104_00392-1,-2.967004
s_016um_00364_00224-1,-2.7183356
s_016um_00394_00341-1,-3.218881
s_016um_00034_00100-1,-3.1500814
s_016um_00070_00230-1,-3.189666
s_016um_00396_00260-1,-3.3121965
s_016um_00411_00106-1,-2.883642
s_016um_00029_00329-1,-3.048673
s_016um_00143_00019-1,-3.2004542
s_016um_00326_00304-1,-3.1561897
s_016um_00263_00126-1,-2.7987423
s_016um_00281_00137-1,-3.1151664
s_016um_00370_00124-1,-3.0375972
s_016um_00081_00241-1,-2.8188121
s_016um_00375_00120-1,-2.9527404
s_016um_00223_00237-1,-3.1369014
s_016um_00329_00255-1,-2.9148555
s_016um_00355_00096-1,-3.252832
s_016um_00193_00093-1,-2.9999807
s_016um_00349_00216-1,-3.209834
s_016um_00019_00270-1,-3.0439847
s_016um_00094_00335-1,-3.0959034
s_016um_00146_00402-1,-3.0810568
s_016um_00058_00246-1,-3.6646147
s_016um_00235_00264-1,-3.1031766
s_016um_00268_00054-1,-2.3339455
s_016um_00041_00171-1,-3.0520105
s_016um_00409_00104-1,-2.2088833
s_016um_00400_00371-1,-3.0191457
s_016um_00377_00133-1,-3.2225654
s_016um_00373_00142-1,-3.3349185
s_016um_00269_00058-1,-3.0351136
s_016um_00149_00399-1,-3.2002344
s_016um_00264_00337-1,-2.6384678
s_016um_00099_00065-1,-3.078771
s_016um_00164_00127-1,-3.2747216
s_016um_00272_00315-1,-3.2021458
s_016um_00386_00291-1,-3.2339125
s_016um_00142_00055-1,-2.9535139
s_016um_00226_00247-1,-3.1176038
s_016um_00012_00152-1,-3.2339535
s_016um_00279_00327-1,-2.8981276
s_016um_00036_00333-1,-3.2184405
s_016um_00044_00203-1,-3.2213378
s_016um_00165_00289-1,-3.3190482
s_016um_00095_00274-1,-3.2467203
s_016um_00276_00319-1,-3.1211386
s_016um_00398_00219-1,-2.7589066
s_016um_00087_00036-1,-3.2184763
s_016um_00130_00228-1,-3.1218493
s_016um_00170_00377-1,-3.2532012
s_016um_00334_00216-1,-3.202805
s_016um_00040_00173-1,-3.1183162
s_016um_00282_00134-1,-2.9918523
s_016um_00261_00031-1,-2.6144097
s_016um_00103_00069-1,-3.1964517
s_016um_00372_00095-1,-2.813633
s_016um_00396_00259-1,-2.9846685
s_016um_00165_00288-1,-2.9153142
s_016um_00167_00122-1,-2.7970767
s_016um_00103_00384-1,-3.1050043
s_016um_00324_00119-1,-3.4820945
s_016um_00079_00279-1,-2.9412262
s_016um_00404_00125-1,-3.402216
s_016um_00388_00292-1,-2.9732919
s_016um_00260_00030-1,-3.019829
s_016um_00180_00031-1,-3.5820513
s_016um_00327_00226-1,-3.1060607
s_016um_00350_00023-1,-2.8311472
s_016um_00203_00147-1,-3.3556683
s_016um_00263_00059-1,-2.609212
s_016um_00236_00263-1,-3.42895
s_016um_00228_00262-1,-3.0841796
s_016um_00393_00178-1,-2.918135
s_016um_00135_00316-1,-2.809014
s_016um_00408_00149-1,-3.1688495
s_016um_00395_00219-1,-2.8466306
s_016um_00100_00319-1,-3.3122442
s_016um_00098_00028-1,-3.247518
s_016um_00385_00134-1,-2.8972368
s_016um_00373_00098-1,-3.4412317
s_016um_00278_00323-1,-3.3717175
s_016um_00097_00323-1,-2.9778662
s_016um_00141_00074-1,-3.0843894
s_016um_00021_00265-1,-3.076579
s_016um_00091_00336-1,-3.0271087
s_016um_00092_00336-1,-3.2073033
s_016um_00407_00126-1,-3.1979759
s_016um_00392_00364-1,-3.1821208
s_016um_00100_00030-1,-3.108066
s_016um_00081_00295-1,-3.1073778
s_016um_00416_00143-1,-2.8175304
s_016um_00328_00124-1,-3.5150192
s_016um_00247_00085-1,-2.9115114
s_016um_00058_00248-1,-3.0623279
s_016um_00274_00203-1,-3.0587578
s_016um_00082_00068-1,-3.4939642
s_016um_00335_00217-1,-3.5039895
s_016um_00006_00157-1,-3.139896
s_016um_00406_00122-1,-3.05835
s_016um_00143_00060-1,-2.996471
s_016um_00226_00244-1,-2.852183
s_016um_00217_00276-1,-2.9717188
s_016um_00233_00268-1,-2.938768
s_016um_00275_00226-1,-2.9592893
s_016um_00217_00229-1,-2.7894604
s_016um_00256_00033-1,-2.8284645
s_016um_00231_00264-1,-3.0518289
s_016um_00204_00146-1,-2.8740027
s_016um_00065_00124-1,-3.2267175
s_016um_00394_00363-1,-3.9207344
s_016um_00356_00413-1,-1.8834825
s_016um_00035_00336-1,-2.953296
s_016um_00083_00270-1,-2.8777375
s_016um_00389_00181-1,-3.2835753
s_016um_00399_00255-1,-3.36196
s_016um_00409_00151-1,-3.0461242
s_016um_00079_00199-1,-3.0697687
s_016um_00047_00238-1,-3.4344234
s_016um_00395_00340-1,-3.3726575
s_016um_00188_00093-1,-2.8565378
s_016um_00233_00360-1,-3.19512
s_016um_00018_00267-1,-3.0191991
s_016um_00239_00182-1,-3.246619
s_016um_00214_00297-1,-3.1590333
s_016um_00131_00320-1,-3.7740989
s_016um_00283_00098-1,-3.0203652
s_016um_00041_00046-1,-3.0196748
s_016um_00229_00333-1,-2.9556324
s_016um_00100_00320-1,-3.2541916
s_016um_00074_00241-1,-3.2995112
s_016um_00145_00022-1,-3.2461283
s_016um_00202_00150-1,-2.9799407
s_016um_00397_00372-1,-3.4393573
s_016um_00170_00124-1,-3.2450914
s_016um_00221_00012-1,-3.020487
s_016um_00273_00032-1,-3.1464329
s_016um_00006_00151-1,-3.4968202
s_016um_00075_00245-1,-2.436622
s_016um_00080_00196-1,-2.9346647
s_016um_00158_00286-1,-3.0689797
s_016um_00148_00398-1,-2.840192
s_016um_00268_00028-1,-2.9335024
s_016um_00322_00305-1,-3.4583592
s_016um_00088_00029-1,-3.1117735
s_016um_00012_00210-1,-3.558444
s_016um_00212_00294-1,-2.9414105
s_016um_00063_00235-1,-2.7848792
s_016um_00149_00395-1,-3.2690983
s_016um_00164_00129-1,-3.3848653
s_016um_00377_00137-1,-3.279197
s_016um_00139_00016-1,-3.0484076
s_016um_00369_00120-1,-3.1124809
s_016um_00267_00055-1,-2.5795603
s_016um_00408_00148-1,-3.209714
s_016um_00275_00321-1,-3.230692
s_016um_00362_00288-1,-3.0651994
s_016um_00236_00265-1,-3.2007005
s_016um_00039_00209-1,-3.1120281
s_016um_00282_00096-1,-3.0278697
s_016um_00096_00321-1,-2.870174
s_016um_00218_00016-1,-3.590799
s_016um_00414_00138-1,-2.8404596
s_016um_00156_00289-1,-2.650798
s_016um_00135_00321-1,-3.4002793
s_016um_00270_00225-1,-3.4520051
s_016um_00401_00217-1,-3.1581974
s_016um_00133_00232-1,-3.027765
s_016um_00310_00055-1,-2.5728834
s_016um_00079_00299-1,-2.966856
s_016um_00267_00057-1,-3.2659783
s_016um_00332_00211-1,-2.9116592
s_016um_00243_00085-1,-3.0588758
s_016um_00030_00091-1,-2.9937923
s_016um_00392_00362-1,-3.5354576
s_016um_00323_00224-1,-3.069256
s_016um_00065_00132-1,-3.2580929
s_016um_00354_00026-1,-3.0684636
s_016um_00325_00305-1,-2.659256
s_016um_00361_00292-1,-3.1289394
s_016um_00219_00172-1,-3.2162406
s_016um_00279_00051-1,-2.8294373
s_016um_00408_00102-1,-2.6620803
s_016um_00044_00243-1,-3.0050352
s_016um_00400_00262-1,-3.2958355
s_016um_00267_00028-1,-3.3362954
s_016um_00223_00172-1,-3.1947982
s_016um_00087_00073-1,-3.0595846
s_016um_00039_00171-1,-2.8926806
s_016um_00136_00070-1,-3.469596
s_016um_00270_00035-1,-2.8430023
s_016um_00328_00217-1,-3.1951518
s_016um_00247_00020-1,-2.9285736
s_016um_00269_00334-1,-3.3150587
s_016um_00398_00263-1,-2.9734988
s_016um_00270_00227-1,-2.9392576
s_016um_00077_00251-1,-3.0769792
s_016um_00335_00256-1,-3.1475751
s_016um_00062_00130-1,-3.1196096
s_016um_00269_00226-1,-3.0628383
s_016um_00362_00225-1,-2.9261355
s_016um_00364_00096-1,-2.8976488
s_016um_00216_00277-1,-3.1243427
s_016um_00093_00275-1,-2.8358712
s_016um_00043_00176-1,-3.0478795
s_016um_00277_00133-1,-2.8293006
s_016um_00138_00072-1,-3.0997655
s_016um_00130_00318-1,-2.8207653
s_016um_00323_00122-1,-2.9661288
s_016um_00082_00286-1,-2.8577542
s_016um_00411_00101-1,-2.8239515
s_016um_00068_00125-1,-3.1991634
s_016um_00096_00030-1,-3.4793804
s_016um_00036_00101-1,-3.3319497
s_016um_00273_00033-1,-2.460016
s_016um_00063_00236-1,-3.6130824
s_016um_00144_00057-1,-3.3138201
s_016um_00375_00143-1,-3.0131862
s_016um_00037_00179-1,-3.436997
s_016um_00080_00197-1,-2.6827593
s_016um_00334_00399-1,-3.633965
s_016um_00378_00132-1,-3.3954518
s_016um_00335_00397-1,-3.3406906
s_016um_00198_00125-1,-2.7387314
s_016um_00236_00084-1,-3.0226285
s_016um_00383_00129-1,-3.251882
s_016um_00393_00185-1,-3.1395214
s_016um_00224_00244-1,-3.0166683
s_016um_00226_00335-1,-3.06509
s_016um_00274_00208-1,-3.0901003
s_016um_00082_00280-1,-3.1505132
s_016um_00078_00279-1,-2.8942595
s_016um_00255_00188-1,-2.9363525
s_016um_00395_00215-1,-3.0909398
s_016um_00135_00222-1,-2.9695873
s_016um_00162_00287-1,-3.090218
s_016um_00084_00072-1,-2.8755426
s_016um_00079_00248-1,-3.1464336
s_016um_00089_00269-1,-3.3664818
s_016um_00399_00259-1,-3.1571994
s_016um_00072_00249-1,-2.556845
s_016um_00135_00315-1,-2.3565516
s_016um_00329_00302-1,-3.4432356
s_016um_00396_00372-1,-3.889165
s_016um_00041_00242-1,-2.6597157
s_016um_00014_00211-1,-3.3367884
s_016um_00326_00302-1,-3.4169943
s_016um_00058_00244-1,-2.817411
s_016um_00182_00032-1,-3.3274996
s_016um_00241_00186-1,-3.3491116
s_016um_00204_00147-1,-2.85142
s_016um_00406_00396-1,-2.5346825
s_016um_00087_00072-1,-3.073473
s_016um_00218_00028-1,-3.0678926
s_016um_00143_00016-1,-3.2543182
s_016um_00248_00027-1,-2.9079752
s_016um_00008_00210-1,-2.7863193
s_016um_00408_00104-1,-3.1803327
s_016um_00006_00150-1,-2.8727446
s_016um_00076_00242-1,-3.1795814
s_016um_00238_00092-1,-3.1350904
s_016um_00236_00092-1,-3.1901972
s_016um_00417_00143-1,-2.9051206
s_016um_00042_00178-1,-2.888905
s_016um_00389_00296-1,-3.3894088
s_016um_00384_00127-1,-3.344838
s_016um_00272_00207-1,-3.0042362
s_016um_00386_00294-1,-3.3292632
s_016um_00110_00313-1,-3.1982243
s_016um_00211_00294-1,-3.2949896
s_016um_00057_00245-1,-3.0325892
s_016um_00170_00121-1,-2.964166
s_016um_00045_00218-1,-2.9193861
s_016um_00376_00134-1,-3.443264
s_016um_00040_00209-1,-2.9217315
s_016um_00356_00286-1,-2.990564
s_016um_00376_00139-1,-3.012328
s_016um_00144_00061-1,-3.1242342
s_016um_00394_00339-1,-3.4263365
s_016um_00327_00120-1,-3.3254952
s_016um_00208_00294-1,-3.3101435
s_016um_00320_00164-1,-3.228612
s_016um_00354_00114-1,-3.0784993
s_016um_00221_00024-1,-2.9654884
s_016um_00192_00098-1,-2.9842348
s_016um_00337_00254-1,-3.084188
s_016um_00223_00171-1,-2.7765865
s_016um_00247_00021-1,-2.9928148
s_016um_00085_00067-1,-2.9999382
s_016um_00054_00249-1,-3.2161794
s_016um_00272_00228-1,-3.0359817
s_016um_00043_00042-1,-2.8891468
s_016um_00289_00097-1,-2.8154979
s_016um_00311_00057-1,-2.5594373
s_016um_00275_00224-1,-3.3570783
s_016um_00141_00020-1,-2.90734
s_016um_00235_00091-1,-2.69319
s_016um_00367_00145-1,-2.5958939
s_016um_00418_00139-1,-3.048192
s_016um_00059_00248-1,-2.957799
s_016um_00088_00274-1,-3.1032708
s_016um_00141_00075-1,-3.2602654
s_016um_00224_00173-1,-3.0080998
s_016um_00275_00332-1,-3.0284421
s_016um_00077_00248-1,-2.8808415
s_016um_00221_00281-1,-2.7922204
s_016um_00332_00210-1,-2.9603596
s_016um_00085_00270-1,-3.0418804
s_016um_00370_00098-1,-3.1729364
s_016um_00359_00090-1,-2.965352
s_016um_00410_00148-1,-3.326679
s_016um_00081_00300-1,-2.9208472
s_016um_00143_00219-1,-2.458494
s_016um_00043_00174-1,-2.9092827
s_016um_00219_00226-1,-3.2748585
s_016um_00068_00234-1,-2.9284663
s_016um_00368_00144-1,-3.1006885
s_016um_00137_00219-1,-2.8712497
s_016um_00114_00314-1,-2.9703743
s_016um_00222_00333-1,-3.3365452
s_016um_00041_00044-1,-3.3889825
s_016um_00253_00030-1,-2.85339
s_016um_00100_00065-1,-3.0165462
s_016um_00012_00297-1,-3.0271287
s_016um_00005_00158-1,-3.2335522
s_016um_00140_00069-1,-3.5798235
s_016um_00093_00271-1,-2.9510436
s_016um_00040_00172-1,-2.7660003
s_016um_00220_00175-1,-2.8279355
s_016um_00393_00181-1,-3.7095466
s_016um_00012_00215-1,-3.0897825
s_016um_00218_00279-1,-3.1331592
s_016um_00286_00096-1,-2.9090357
s_016um_00112_00315-1,-3.0064204
s_016um_00135_00228-1,-2.8203568
s_016um_00133_00087-1,-3.1214159
s_016um_00059_00250-1,-2.7094262
s_016um_00323_00226-1,-3.4051101
s_016um_00244_00090-1,-2.8174515
s_016um_00178_00027-1,-3.163635
s_016um_00342_00215-1,-3.108821
s_016um_00191_00096-1,-2.9726653
s_016um_00213_00036-1,-3.1580272
s_016um_00115_00149-1,-3.6829183
s_016um_00393_00215-1,-3.3503113
s_016um_00342_00400-1,-3.4782917
s_016um_00365_00224-1,-3.1804857
s_016um_00045_00242-1,-3.271969
s_016um_00318_00164-1,-2.928995
s_016um_00079_00270-1,-2.7544034
s_016um_00134_00227-1,-2.935852
s_016um_00085_00199-1,-2.9710476
s_016um_00128_00317-1,-2.6382475
s_016um_00082_00029-1,-2.7668586
s_016um_00325_00170-1,-2.9090283
s_016um_00087_00195-1,-3.0909948
s_016um_00206_00147-1,-2.9647574
s_016um_00128_00228-1,-3.0953343
s_016um_00328_00118-1,-3.1091487
s_016um_00020_00264-1,-3.2742255
s_016um_00253_00025-1,-3.0111198
s_016um_00103_00027-1,-2.9815488
s_016um_00131_00093-1,-3.047105
s_016um_00132_00090-1,-3.2153
s_016um_00323_00225-1,-3.2057176
s_016um_00283_00099-1,-2.831939
s_016um_00221_00328-1,-3.2608924
s_016um_00324_00301-1,-2.8175278
s_016um_00085_00194-1,-2.7971275
s_016um_00407_00121-1,-3.1811032
s_016um_00169_00373-1,-2.792168
s_016um_00324_00170-1,-3.2215817
s_016um_00322_00303-1,-3.3211899
s_016um_00170_00379-1,-3.2629585
s_016um_00394_00218-1,-2.929933
s_016um_00221_00174-1,-3.1294298
s_016um_00340_00217-1,-2.8072371
s_016um_00223_00031-1,-2.9117484
s_016um_00140_00061-1,-3.3505943
s_016um_00378_00133-1,-3.2383187
s_016um_00029_00337-1,-2.9768782
s_016um_00215_00289-1,-3.144859
s_016um_00089_00070-1,-2.8533647
s_016um_00078_00296-1,-3.113519
s_016um_00013_00209-1,-3.0292757
s_016um_00357_00292-1,-3.0509183
s_016um_00130_00094-1,-3.2621331
s_016um_00401_00367-1,-3.2876894
s_016um_00216_00276-1,-3.0949516
s_016um_00135_00071-1,-2.9079752
s_016um_00269_00062-1,-3.0137618
s_016um_00309_00055-1,-3.0410206
s_016um_00269_00328-1,-3.759112
s_016um_00235_00085-1,-2.9297214
s_016um_00201_00146-1,-2.9016104
s_016um_00400_00125-1,-3.186748
s_016um_00043_00173-1,-3.100779
s_016um_00136_00229-1,-3.0641968
s_016um_00217_00226-1,-3.0947297
s_016um_00081_00239-1,-2.8317924
s_016um_00413_00136-1,-2.9366686
s_016um_00079_00293-1,-2.8079407
s_016um_00273_00044-1,-3.1297588
s_016um_00359_00289-1,-3.1214602
s_016um_00151_00398-1,-3.0399308
s_016um_00218_00170-1,-2.7901568
s_016um_00223_00024-1,-3.1791935
s_016um_00043_00239-1,-2.9619584
s_016um_00271_00036-1,-3.008192
s_016um_00404_00261-1,-3.9193127
s_016um_00035_00102-1,-3.2169228
s_016um_00078_00280-1,-2.933422
s_016um_00276_00323-1,-3.1384714
s_016um_00266_00336-1,-3.3402429
s_016um_00369_00119-1,-3.0464177
s_016um_00252_00020-1,-2.8899932
s_016um_00356_00022-1,-2.676981
s_016um_00396_00185-1,-2.9978826
s_016um_00071_00245-1,-3.0800555
s_016um_00222_00028-1,-3.1571321
s_016um_00410_00100-1,-2.8355446
s_016um_00360_00417-1,-2.9905436
s_016um_00075_00252-1,-2.9654136
s_016um_00223_00225-1,-3.1189702
s_016um_00331_00256-1,-2.9607954
s_016um_00348_00215-1,-3.2610383
s_016um_00281_00132-1,-3.3915653
s_016um_00071_00247-1,-2.9978914
s_016um_00078_00249-1,-2.8524027
s_016um_00070_00238-1,-2.9794884
s_016um_00093_00279-1,-3.233823
s_016um_00219_00229-1,-2.9046366
s_016um_00403_00129-1,-3.2972481
s_016um_00389_00340-1,-3.330462
s_016um_00041_00043-1,-3.1496317
s_016um_00020_00271-1,-2.939705
s_016um_00395_00180-1,-3.1442015
s_016um_00395_00358-1,-3.381939
s_016um_00085_00030-1,-3.064421
s_016um_00044_00210-1,-2.9254847
s_016um_00200_00153-1,-3.0204089
s_016um_00373_00122-1,-2.9204326
s_016um_00363_00222-1,-3.0917456
s_016um_00191_00098-1,-3.0110042
s_016um_00080_00270-1,-2.9653137
s_016um_00272_00206-1,-3.2482066
s_016um_00150_00399-1,-3.0429623
s_016um_00093_00277-1,-3.0293527
s_016um_00158_00287-1,-2.9855921
s_016um_00166_00376-1,-3.0702703
s_016um_00379_00135-1,-3.1834726
s_016um_00403_00258-1,-3.2468953
s_016um_00081_00299-1,-3.2991612
s_016um_00013_00211-1,-3.1996994
s_016um_00085_00034-1,-3.3297434
s_016um_00405_00126-1,-3.481915
s_016um_00163_00125-1,-3.0162098
s_016um_00361_00293-1,-2.9956846
s_016um_00229_00244-1,-2.9166036
s_016um_00393_00359-1,-3.1954274
s_016um_00271_00033-1,-2.4104173
s_016um_00320_00225-1,-3.047191
s_016um_00102_00386-1,-2.8004456
s_016um_00032_00087-1,-3.0266492
s_016um_00357_00288-1,-2.9754882
s_016um_00333_00218-1,-2.9719603
s_016um_00390_00179-1,-3.2111402
s_016um_00394_00372-1,-2.788148
s_016um_00012_00211-1,-3.49036
s_016um_00180_00029-1,-3.1801054
s_016um_00164_00123-1,-2.5332522
s_016um_00095_00322-1,-2.9162629
s_016um_00026_00088-1,-3.204755
s_016um_00165_00121-1,-3.134946
s_016um_00360_00413-1,-2.731273
s_016um_00400_00263-1,-3.2030296
s_016um_00274_00332-1,-3.2013094
s_016um_00264_00131-1,-3.2754114
s_016um_00044_00239-1,-2.9584541
s_016um_00008_00215-1,-2.9975107
s_016um_00049_00238-1,-3.3790576
s_016um_00376_00136-1,-3.0837884
s_016um_00109_00320-1,-2.770063
s_016um_00396_00370-1,-3.0239275
s_016um_00387_00342-1,-2.9698045
s_016um_00141_00019-1,-3.5964065
s_016um_00390_00183-1,-3.2759132
s_016um_00202_00146-1,-2.897881
s_016um_00393_00358-1,-4.6160507
s_016um_00086_00069-1,-3.085923
s_016um_00216_00016-1,-2.9108407
s_016um_00138_00214-1,-2.9412153
s_016um_00241_00184-1,-3.0696409
s_016um_00386_00130-1,-2.8308709
s_016um_00220_00024-1,-3.1225278
s_016um_00094_00320-1,-2.9598248
s_016um_00093_00342-1,-3.002673
s_016um_00373_00119-1,-3.1045089
s_016um_00407_00101-1,-3.220154
s_016um_00278_00047-1,-3.2498457
s_016um_00215_00030-1,-3.2739186
s_016um_00015_00211-1,-3.2607243
s_016um_00135_00319-1,-2.9367843
s_016um_00221_00334-1,-3.0360835
s_016um_00274_00324-1,-3.1692479
s_016um_00271_00056-1,-3.285528
s_016um_00137_00072-1,-3.130945
s_016um_00035_00045-1,-3.0818534
s_016um_00108_00385-1,-3.4020336
s_016um_00010_00150-1,-3.2821314
s_016um_00194_00097-1,-3.0877182
s_016um_00409_00399-1,-1.6615541
s_016um_00041_00241-1,-2.6823878
s_016um_00278_00133-1,-3.3615336
s_016um_00108_00318-1,-2.8620994
s_016um_00210_00295-1,-3.2793877
s_016um_00173_00372-1,-3.0669754
s_016um_00138_00223-1,-3.3058434
s_016um_00093_00273-1,-2.9569576
s_016um_00018_00269-1,-3.1170464
s_016um_00039_00041-1,-2.9762933
s_016um_00134_00317-1,-3.0284312
s_016um_00111_00321-1,-2.5029297
s_016um_00065_00128-1,-3.264544
s_016um_00216_00035-1,-3.0054564
s_016um_00094_00274-1,-3.1263418
s_016um_00415_00142-1,-2.9898174
s_016um_00170_00369-1,-3.0306458
s_016um_00138_00015-1,-3.5658395
s_016um_00403_00395-1,-4.762264
s_016um_00080_00241-1,-2.7883897
s_016um_00266_00333-1,-3.0231276
s_016um_00230_00249-1,-3.2924986
s_016um_00081_00268-1,-2.9064941
s_016um_00331_00216-1,-3.061987
s_016um_00400_00370-1,-3.3204296
s_016um_00131_00317-1,-2.7813087
s_016um_00125_00385-1,-3.381052
s_016um_00356_00093-1,-2.999971
s_016um_00323_00165-1,-3.3741925
s_016um_00268_00030-1,-2.8633444
s_016um_00267_00032-1,-3.14281
s_016um_00132_00224-1,-2.9576697
s_016um_00392_00296-1,-3.1652455
s_016um_00133_00219-1,-3.2765172
s_016um_00034_00088-1,-2.899294
s_016um_00223_00238-1,-2.9353623
s_016um_00378_00136-1,-3.0125117
s_016um_00128_00226-1,-3.191194
s_016um_00108_00387-1,-3.2608848
s_016um_00393_00214-1,-3.1244807
s_016um_00080_00266-1,-3.1084635
s_016um_00263_00136-1,-3.277128
s_016um_00141_00057-1,-3.165578
s_016um_00095_00316-1,-2.9128978
s_016um_00040_00211-1,-3.2184546
s_016um_00275_00322-1,-3.2557275
s_016um_00046_00207-1,-3.5090163
s_016um_00092_00340-1,-2.743051
s_016um_00090_00266-1,-2.9594526
s_016um_00181_00030-1,-3.3840148
s_016um_00042_00245-1,-3.2590957
s_016um_00408_00097-1,-3.111368
s_016um_00418_00137-1,-3.3020978
s_016um_00132_00314-1,-3.3206663
s_016um_00365_00101-1,-3.2266216
s_016um_00266_00032-1,-3.0870998
s_016um_00083_00201-1,-2.8949993
s_016um_00231_00358-1,-3.330391
s_016um_00227_00235-1,-3.3028135
s_016um_00008_00296-1,-3.1875992
s_016um_00241_00185-1,-3.095632
s_016um_00081_00293-1,-2.8161457
s_016um_00170_00122-1,-3.0052164
s_016um_00349_00021-1,-3.1046293
s_016um_00011_00152-1,-3.1796858
s_016um_00404_00403-1,-2.6998124
s_016um_00099_00025-1,-3.1952157
s_016um_00127_00094-1,-2.975922
s_016um_00395_00214-1,-3.0160577
s_016um_00009_00151-1,-3.4422734
s_016um_00195_00124-1,-2.5097396
s_016um_00275_00047-1,-3.0520005
s_016um_00386_00292-1,-2.8666298
s_016um_00241_00084-1,-2.5163069
s_016um_00328_00120-1,-3.1163778
s_016um_00210_00028-1,-3.3046215
s_016um_00228_00232-1,-3.2571108
s_016um_00394_00179-1,-3.0210817
s_016um_00210_00034-1,-2.9355354
s_016um_00356_00118-1,-3.428164
s_016um_00251_00025-1,-2.957745
s_016um_00205_00150-1,-2.907187
s_016um_00026_00091-1,-3.227362
s_016um_00140_00218-1,-3.0873134
s_016um_00375_00121-1,-3.0481837
s_016um_00040_00203-1,-2.9187057
s_016um_00280_00202-1,-2.978403
s_016um_00338_00402-1,-3.2075353
s_016um_00369_00121-1,-3.0858135
s_016um_00351_00021-1,-2.8817596
s_016um_00083_00286-1,-3.2958498
s_016um_00082_00278-1,-3.0020678
s_016um_00167_00371-1,-2.9006438
s_016um_00252_00022-1,-2.7697377
s_016um_00078_00238-1,-3.0356793
s_016um_00400_00212-1,-3.3448782
s_016um_00403_00398-1,-3.9808896
s_016um_00134_00221-1,-3.2097952
s_016um_00079_00240-1,-3.11502
s_016um_00401_00257-1,-3.2347763
s_016um_00314_00059-1,-2.9434605
s_016um_00025_00087-1,-3.1136363
s_016um_00335_00402-1,-3.4999194
s_016um_00388_00339-1,-3.949496
s_016um_00273_00134-1,-3.0177479
s_016um_00392_00216-1,-3.069399
s_016um_00395_00178-1,-2.9587514
s_016um_00157_00288-1,-2.7478435
s_016um_00087_00066-1,-2.9705865
s_016um_00384_00133-1,-3.3193297
s_016um_00082_00267-1,-3.0767422
s_016um_00232_00356-1,-3.3895545
s_016um_00355_00293-1,-3.2214477
s_016um_00041_00009-1,-2.886739
s_016um_00145_00017-1,-2.9570227
s_016um_00144_00020-1,-3.0404859
s_016um_00381_00136-1,-2.791473
s_016um_00078_00251-1,-3.038693
s_016um_00104_00067-1,-3.219515
s_016um_00290_00096-1,-2.8034027
s_016um_00221_00172-1,-3.1112568
s_016um_00247_00025-1,-3.0138772
s_016um_00083_00202-1,-3.0193322
s_016um_00190_00091-1,-2.8630693
s_016um_00220_00227-1,-2.9276679
s_016um_00326_00126-1,-3.2659662
s_016um_00091_00269-1,-2.9043958
s_016um_00375_00125-1,-3.010043
s_016um_00312_00058-1,-2.7295544
s_016um_00225_00232-1,-3.2737186
s_016um_00066_00236-1,-3.3124654
s_016um_00229_00262-1,-3.0293558
s_016um_00111_00315-1,-3.0314133
s_016um_00193_00090-1,-2.8649547
s_016um_00061_00248-1,-3.0771725
s_016um_00082_00199-1,-3.1500273
s_016um_00046_00245-1,-3.1872904
s_016um_00047_00217-1,-2.862701
s_016um_00091_00342-1,-3.2079072
s_016um_00265_00127-1,-2.9580073
s_016um_00127_00086-1,-3.343561
s_016um_00245_00089-1,-3.263684
s_016um_00058_00250-1,-3.0221891
s_016um_00101_00025-1,-3.0850842
s_016um_00221_00225-1,-3.3006227
s_016um_00271_00328-1,-3.4073396
s_016um_00395_00339-1,-3.8994243
s_016um_00131_00382-1,-3.0220673
s_016um_00264_00331-1,-3.0195618
s_016um_00331_00258-1,-3.1157794
s_016um_00095_00338-1,-2.9179642
s_016um_00139_00060-1,-3.115815
s_016um_00409_00150-1,-2.85608
s_016um_00393_00296-1,-3.129802
s_016um_00325_00304-1,-3.2551413
s_016um_00286_00097-1,-2.6956983
s_016um_00078_00240-1,-2.9042482
s_016um_00130_00227-1,-2.6981707
s_016um_00013_00294-1,-2.9713764
s_016um_00404_00146-1,-3.1679757
s_016um_00356_00120-1,-2.9193392
s_016um_00036_00098-1,-3.2276406
s_016um_00066_00231-1,-2.9990568
s_016um_00234_00087-1,-2.9545333
s_016um_00099_00029-1,-3.5292938
s_016um_00238_00183-1,-3.0910068
s_016um_00042_00217-1,-3.0550091
s_016um_00366_00221-1,-2.960967
s_016um_00191_00123-1,-3.1529603
s_016um_00197_00125-1,-2.9373486
s_016um_00397_00367-1,-3.8314934
s_016um_00063_00131-1,-3.2362752
s_016um_00141_00061-1,-3.028363
s_016um_00213_00032-1,-3.099736
s_016um_00041_00218-1,-3.0651064
s_016um_00076_00240-1,-3.0868733
s_016um_00206_00151-1,-2.9123225
s_016um_00274_00328-1,-3.3372004
s_016um_00121_00148-1,-2.9403832
s_016um_00396_00214-1,-3.155312
s_016um_00276_00204-1,-3.216473
s_016um_00417_00142-1,-2.9373372
s_016um_00172_00377-1,-3.0936334
s_016um_00328_00299-1,-3.382103
s_016um_00356_00287-1,-3.1149979
s_016um_00013_00300-1,-3.4024446
s_016um_00127_00092-1,-3.3687348
s_016um_00278_00322-1,-3.320025
s_016um_00264_00060-1,-2.8455806
s_016um_00109_00313-1,-3.000083
s_016um_00039_00105-1,-2.7603457
s_016um_00088_00272-1,-3.1514087
s_016um_00414_00137-1,-3.0953712
s_016um_00401_00397-1,-3.1260912
s_016um_00042_00043-1,-2.900706
s_016um_00268_00331-1,-3.5189743
s_016um_00110_00321-1,-3.1790879
s_016um_00009_00302-1,-3.3159626
s_016um_00230_00245-1,-3.1125896
s_016um_00222_00012-1,-3.1609013
s_016um_00130_00091-1,-3.1329904
s_016um_00363_00225-1,-3.1914291
s_016um_00352_00093-1,-3.2056692
s_016um_00097_00278-1,-3.2025213
s_016um_00076_00244-1,-3.1937675
s_016um_00281_00314-1,-2.7597003
s_016um_00261_00186-1,-2.9303043
s_016um_00307_00052-1,-2.8922474
s_016um_00087_00197-1,-3.0269196
s_016um_00086_00028-1,-3.1640503
s_016um_00044_00178-1,-3.410942
s_016um_00402_00147-1,-2.9288228
s_016um_00061_00243-1,-2.8422685
s_016um_00347_00217-1,-3.0463524
s_016um_00212_00296-1,-3.29486
s_016um_00310_00061-1,-3.3239982
s_016um_00209_00291-1,-3.4650183
s_016um_00371_00117-1,-2.4347515
s_016um_00261_00027-1,-3.024969
s_016um_00034_00099-1,-3.083734
s_016um_00368_00121-1,-3.1917481
s_016um_00340_00214-1,-3.0605533
s_016um_00081_00281-1,-2.9184499
s_016um_00411_00104-1,-2.93895
s_016um_00078_00300-1,-3.33006
s_016um_00088_00273-1,-3.0157275
s_016um_00145_00060-1,-3.147443
s_016um_00272_00205-1,-2.8156679
s_016um_00334_00257-1,-3.30669
s_016um_00332_00251-1,-3.30825
s_016um_00278_00321-1,-3.102846
s_016um_00350_00021-1,-3.2340264
s_016um_00189_00128-1,-2.8645728
s_016um_00130_00319-1,-3.7565079
s_016um_00190_00121-1,-3.2990355
s_016um_00167_00370-1,-3.2675114
s_016um_00234_00088-1,-3.457539
s_016um_00203_00152-1,-3.2133372
s_016um_00343_00216-1,-3.0096881
s_016um_00282_00326-1,-3.0587173
s_016um_00266_00060-1,-2.4734805
s_016um_00011_00208-1,-3.289615
s_016um_00280_00138-1,-3.124711
s_016um_00234_00268-1,-2.5202758
s_016um_00403_00402-1,-2.3644488
s_016um_00164_00287-1,-2.6330893
s_016um_00134_00229-1,-3.1335444
s_016um_00213_00033-1,-3.5042977
s_016um_00232_00264-1,-2.9676638
s_016um_00240_00090-1,-3.1651278
s_016um_00142_00216-1,-3.3275082
s_016um_00134_00217-1,-2.9988225
s_016um_00341_00213-1,-3.0250335
s_016um_00236_00185-1,-2.7423992
s_016um_00221_00279-1,-2.9832532
s_016um_00321_00164-1,-3.3531067
s_016um_00272_00329-1,-3.6002817
s_016um_00414_00097-1,-3.2197485
s_016um_00357_00119-1,-3.0395963
s_016um_00259_00026-1,-2.7001693
s_016um_00145_00397-1,-3.0382154
s_016um_00144_00059-1,-2.6642227
s_016um_00358_00287-1,-3.0171165
s_016um_00092_00270-1,-3.1759703
s_016um_00366_00230-1,-3.12624
s_016um_00358_00409-1,-3.77756
s_016um_00078_00246-1,-3.0391302
s_016um_00237_00355-1,-3.2404172
s_016um_00047_00212-1,-3.313435
s_016um_00040_00216-1,-3.0324156
s_016um_00335_00252-1,-3.178762
s_016um_00037_00176-1,-3.3571634
s_016um_00079_00195-1,-2.8231215
s_016um_00217_00169-1,-3.5328436
s_016um_00096_00279-1,-3.1443634
s_016um_00007_00213-1,-3.1328936
s_016um_00335_00399-1,-3.5339468
s_016um_00237_00361-1,-3.1175566
s_016um_00395_00370-1,-3.2277875
s_016um_00092_00337-1,-2.8544211
s_016um_00087_00070-1,-3.1352828
s_016um_00039_00010-1,-2.8920147
s_016um_00217_00171-1,-3.3310266
s_016um_00009_00153-1,-3.20051
s_016um_00216_00010-1,-3.4940107
s_016um_00136_00216-1,-3.1308355
s_016um_00017_00265-1,-3.3734007
s_016um_00098_00067-1,-3.0441496
s_016um_00343_00217-1,-3.1051857
s_016um_00022_00268-1,-2.9008527
s_016um_00018_00273-1,-2.8742752
s_016um_00242_00089-1,-2.844147
s_016um_00383_00132-1,-3.1340716
s_016um_00222_00328-1,-3.2832797
s_016um_00349_00023-1,-2.898353
s_016um_00091_00277-1,-3.289541
s_016um_00135_00074-1,-3.0556345
s_016um_00413_00097-1,-2.8837292
s_016um_00086_00200-1,-3.3526707
s_016um_00250_00020-1,-3.5557597
s_016um_00218_00166-1,-2.854048
s_016um_00367_00225-1,-3.0180442
s_016um_00209_00295-1,-3.1044447
s_016um_00090_00335-1,-2.862957
s_016um_00219_00173-1,-3.4269328
s_016um_00077_00297-1,-2.9433353
s_016um_00379_00140-1,-3.2044542
s_016um_00041_00045-1,-3.1407409
s_016um_00392_00361-1,-1.8889476
s_016um_00391_00365-1,-3.2102869
s_016um_00258_00029-1,-3.2431092
s_016um_00145_00016-1,-2.9296591
s_016um_00356_00411-1,-3.3418837
s_016um_00331_00214-1,-3.0479217
s_016um_00085_00196-1,-2.6312978
s_016um_00038_00176-1,-3.3707438
s_016um_00090_00275-1,-3.1479325
s_016um_00409_00097-1,-3.1100407
s_016um_00405_00401-1,-3.2704153
s_016um_00402_00125-1,-3.418403
s_016um_00221_00237-1,-3.1803617
s_016um_00083_00280-1,-3.018268
s_016um_00104_00073-1,-3.181774
s_016um_00267_00061-1,-3.2064836
s_016um_00359_00115-1,-2.8135262
s_016um_00094_00277-1,-3.0240722
s_016um_00079_00298-1,-2.9461253
s_016um_00082_00028-1,-3.1087494
s_016um_00262_00336-1,-3.1014295
s_016um_00215_00031-1,-2.820141
s_016um_00259_00131-1,-3.146875
s_016um_00279_00324-1,-3.1930695
s_016um_00397_00362-1,-2.8821278
s_016um_00259_00030-1,-2.7920587
s_016um_00291_00096-1,-3.5948894
s_016um_00142_00057-1,-3.1239562
s_016um_00353_00119-1,-3.2201629
s_016um_00205_00145-1,-2.945241
s_016um_00375_00119-1,-2.9711225
s_016um_00086_00065-1,-3.3305578
s_016um_00114_00317-1,-2.8221104
s_016um_00083_00282-1,-3.1653762
s_016um_00079_00244-1,-3.1758745
s_016um_00093_00337-1,-3.8342488
s_016um_00281_00135-1,-2.7274249
s_016um_00216_00280-1,-3.0380323
s_016um_00163_00289-1,-3.2713027
s_016um_00358_00121-1,-2.9060464
s_016um_00277_00203-1,-3.2283149
s_016um_00340_00401-1,-3.7765505
s_016um_00064_00125-1,-3.146164
s_016um_00096_00069-1,-3.2448456
s_016um_00010_00297-1,-2.948939
s_016um_00324_00168-1,-2.7915606
s_016um_00291_00099-1,-3.030931
s_016um_00402_00261-1,-2.985607
s_016um_00068_00129-1,-2.9248147
s_016um_00037_00106-1,-3.4008327
s_016um_00329_00215-1,-3.6572113
s_016um_00394_00361-1,-2.995293
s_016um_00398_00373-1,-2.7900076
s_016um_00102_00027-1,-3.0315113
s_016um_00400_00122-1,-2.9938366
s_016um_00402_00120-1,-3.0954967
s_016um_00043_00204-1,-2.8135097
s_016um_00062_00246-1,-2.9985998
s_016um_00278_00315-1,-3.1496181
s_016um_00367_00226-1,-3.1030912
s_016um_00182_00029-1,-3.249406
s_016um_00132_00087-1,-2.914251
s_016um_00135_00226-1,-3.0516708
s_016um_00325_00306-1,-3.327316
s_016um_00077_00243-1,-3.161282
s_016um_00332_00254-1,-3.394528
s_016um_00275_00136-1,-3.306188
s_016um_00272_00034-1,-3.4138067
s_016um_00214_00030-1,-2.4793677
s_016um_00160_00293-1,-3.0963414
s_016um_00135_00230-1,-3.1194177
s_016um_00039_00046-1,-3.4233847
s_016um_00236_00354-1,-3.1017494
s_016um_00134_00314-1,-3.2280884
s_016um_00105_00072-1,-3.5302076
s_016um_00227_00245-1,-3.241261
s_016um_00129_00389-1,-3.1024923
s_016um_00409_00099-1,-3.3639748
s_016um_00205_00146-1,-2.5911255
s_016um_00034_00004-1,-3.4098556
s_016um_00031_00336-1,-2.8536656
s_016um_00222_00235-1,-3.3013313
s_016um_00406_00395-1,-3.437819
s_016um_00129_00095-1,-3.0973694
s_016um_00144_00018-1,-3.0591824
s_016um_00393_00298-1,-2.9918444
s_016um_00389_00291-1,-3.5274193
s_016um_00186_00029-1,-2.9889374
s_016um_00400_00369-1,-3.3511362
s_016um_00221_00238-1,-2.9417968
s_016um_00232_00269-1,-2.992782
s_016um_00265_00337-1,-3.7861464
s_016um_00082_00296-1,-3.0240495
s_016um_00140_00223-1,-3.1565425
s_016um_00334_00217-1,-2.8702965
s_016um_00128_00315-1,-2.7580009
s_016um_00197_00122-1,-3.4052012
s_016um_00333_00259-1,-3.5007257
s_016um_00407_00124-1,-3.1160553
s_016um_00042_00172-1,-3.19688
s_016um_00394_00365-1,-3.004221
s_016um_00184_00027-1,-3.184915
s_016um_00007_00154-1,-3.0634954
s_016um_00183_00032-1,-3.0080433
s_016um_00069_00126-1,-3.4074216
s_016um_00329_00212-1,-3.0482173
s_016um_00082_00072-1,-2.843058
s_016um_00191_00126-1,-3.1189797
s_016um_00178_00033-1,-3.5491834
s_016um_00222_00236-1,-3.3483608
s_016um_00178_00030-1,-3.346575
s_016um_00124_00385-1,-3.2691777
s_016um_00097_00321-1,-2.779199
s_016um_00222_00246-1,-2.8351126
s_016um_00324_00305-1,-3.2522163
s_016um_00287_00096-1,-2.7285988
s_016um_00256_00188-1,-2.7869418
s_016um_00313_00057-1,-2.6964383
s_016um_00407_00152-1,-3.1953382
s_016um_00172_00375-1,-3.1592693
s_016um_00265_00128-1,-3.6578627
s_016um_00076_00293-1,-2.8581274
s_016um_00138_00075-1,-3.133613
s_016um_00230_00264-1,-3.1193676
s_016um_00223_00333-1,-3.2472231
s_016um_00335_00253-1,-2.9297044
s_016um_00254_00030-1,-2.8728302
s_016um_00163_00122-1,-3.3328242
s_016um_00193_00091-1,-2.8719125
s_016um_00262_00335-1,-3.312807
s_016um_00007_00152-1,-3.122992
s_016um_00140_00017-1,-2.8566182
s_016um_00325_00224-1,-3.1916974
s_016um_00306_00054-1,-3.1059673
s_016um_00261_00330-1,-3.15013
s_016um_00388_00299-1,-3.4066262
s_016um_00223_00226-1,-3.1447918
s_016um_00124_00387-1,-2.8097847
s_016um_00085_00193-1,-2.8489957
s_016um_00357_00416-1,-3.5865786
s_016um_00222_00227-1,-3.0924153
s_016um_00077_00295-1,-3.1989248
s_016um_00218_00228-1,-3.2780974
s_016um_00274_00313-1,-2.7360177
s_016um_00091_00335-1,-2.9783747
s_016um_00271_00329-1,-3.1237857
s_016um_00391_00340-1,-3.0799952
s_016um_00391_00362-1,-2.793191
s_016um_00322_00166-1,-2.9423003
s_016um_00393_00370-1,-3.1123624
s_016um_00361_00417-1,-3.1550179
s_016um_00213_00283-1,-3.296778
s_016um_00162_00289-1,-2.8090224
s_016um_00131_00385-1,-2.8234937
s_016um_00077_00239-1,-2.8885026
s_016um_00031_00091-1,-3.172684
s_016um_00342_00398-1,-3.0917034
s_016um_00091_00271-1,-3.160849
s_016um_00277_00135-1,-3.066313
s_016um_00394_00182-1,-3.1469207
s_016um_00353_00096-1,-2.974556
s_016um_00313_00053-1,-2.4086657
s_016um_00031_00333-1,-3.0769196
s_016um_00404_00256-1,-2.9962592
s_016um_00007_00296-1,-2.8985176
s_016um_00269_00229-1,-3.3804936
s_016um_00324_00231-1,-3.2526417
s_016um_00033_00101-1,-3.0097954
s_016um_00043_00048-1,-3.0415661
s_016um_00029_00089-1,-3.4737155
s_016um_00264_00129-1,-3.1040535
s_016um_00074_00243-1,-3.0153704
s_016um_00096_00025-1,-3.1174161
s_016um_00218_00011-1,-2.933152
s_016um_00401_00366-1,-3.6284225
s_016um_00260_00026-1,-2.5983717
s_016um_00084_00199-1,-3.0736015
s_016um_00208_00295-1,-2.9325628
s_016um_00195_00121-1,-3.0890253
s_016um_00238_00089-1,-2.7765398
s_016um_00392_00295-1,-3.2870631
s_016um_00180_00027-1,-3.0219717
s_016um_00380_00138-1,-3.1360376
s_016um_00190_00097-1,-3.1371486
s_016um_00042_00238-1,-3.1217296
s_016um_00333_00211-1,-2.9738045
s_016um_00237_00189-1,-3.0157127
s_016um_00274_00227-1,-3.2791553
s_016um_00099_00318-1,-2.8797774
s_016um_00134_00222-1,-3.045723
s_016um_00405_00150-1,-3.0135164
s_016um_00402_00262-1,-3.3003576
s_016um_00236_00261-1,-3.046204
s_016um_00356_00024-1,-2.9827256
s_016um_00140_00016-1,-2.9250488
s_016um_00116_00143-1,-2.8910332
s_016um_00399_00260-1,-3.00842
s_016um_00238_00361-1,-3.408111
s_016um_00214_00012-1,-2.9076347
s_016um_00276_00134-1,-3.0449772
s_016um_00049_00243-1,-2.9346495
s_016um_00222_00225-1,-2.6877053
s_016um_00031_00330-1,-2.8659582
s_016um_00321_00306-1,-3.276465
s_016um_00400_00217-1,-3.0213485
s_016um_00082_00200-1,-3.3854635
s_016um_00134_00216-1,-2.5500884
s_016um_00137_00075-1,-3.1212807
s_016um_00079_00242-1,-2.9470367
s_016um_00357_00410-1,-3.4485097
s_016um_00194_00123-1,-2.9205394
s_016um_00359_00286-1,-3.3804276
s_016um_00233_00260-1,-3.0851488
s_016um_00279_00317-1,-3.3523302
s_016um_00170_00123-1,-2.8892043
s_016um_00290_00094-1,-2.910622
s_016um_00056_00250-1,-2.9601078
s_016um_00268_00057-1,-3.3411107
s_016um_00400_00401-1,-3.0507596
s_016um_00414_00099-1,-3.2418456
s_016um_00354_00117-1,-3.3323839
s_016um_00396_00216-1,-3.4212058
s_016um_00274_00326-1,-2.9175498
s_016um_00224_00246-1,-3.2006936
s_016um_00371_00119-1,-2.927659
s_016um_00413_00142-1,-2.8770719
s_016um_00234_00356-1,-3.0868504
s_016um_00336_00258-1,-2.9749644
s_016um_00254_00025-1,-3.023495
s_016um_00230_00266-1,-3.4817016
s_016um_00101_00065-1,-3.1882434
s_016um_00221_00018-1,-3.472209
s_016um_00220_00031-1,-3.0035949
s_016um_00131_00232-1,-3.024319
s_016um_00398_00181-1,-3.339882
s_016um_00131_00227-1,-3.238216
s_016um_00322_00227-1,-3.2941413
s_016um_00416_00141-1,-3.1399434
s_016um_00214_00290-1,-2.6748676
s_016um_00096_00275-1,-2.7700434
s_016um_00110_00314-1,-2.966035
s_016um_00353_00018-1,-3.2702549
s_016um_00400_00396-1,-3.990573
s_016um_00064_00238-1,-3.2475624
s_016um_00093_00278-1,-2.9866388
s_016um_00083_00271-1,-3.183907
s_016um_00203_00153-1,-2.9518557
s_016um_00277_00046-1,-3.0097647
s_016um_00040_00047-1,-2.9237733
s_016um_00234_00360-1,-3.2547405
s_016um_00229_00266-1,-3.2579634
s_016um_00279_00207-1,-2.977618
s_016um_00400_00218-1,-3.2869313
s_016um_00150_00395-1,-3.1677904
s_016um_00387_00127-1,-3.3065157
s_016um_00391_00363-1,-3.388813
s_016um_00375_00124-1,-3.301715
s_016um_00210_00294-1,-3.209831
s_016um_00169_00126-1,-3.2011395
s_016um_00224_00249-1,-3.0207093
s_016um_00006_00214-1,-3.0316377
s_016um_00307_00058-1,-2.8508928
s_016um_00269_00032-1,-2.8474362
s_016um_00261_00336-1,-3.2984498
s_016um_00354_00414-1,-2.8143046
s_016um_00352_00120-1,-2.8503242
s_016um_00258_00186-1,-3.0989883
s_016um_00027_00332-1,-3.2638092
s_016um_00067_00231-1,-2.8907926
s_016um_00362_00291-1,-3.3814614
s_016um_00382_00129-1,-3.1808615
s_016um_00318_00165-1,-2.5526657
s_016um_00386_00134-1,-3.3114457
s_016um_00264_00191-1,-3.0466313
s_016um_00361_00412-1,-3.727685
s_016um_00096_00029-1,-3.4714966
s_016um_00213_00027-1,-2.9947073
s_016um_00258_00189-1,-3.2165987
s_016um_00392_00298-1,-3.4167044
s_016um_00361_00411-1,-3.457184
s_016um_00266_00334-1,-2.9343872
s_016um_00368_00100-1,-2.937802
s_016um_00353_00290-1,-3.103948
s_016um_00344_00213-1,-3.2217557
s_016um_00369_00100-1,-3.1702409
s_016um_00079_00196-1,-3.1140354
s_016um_00388_00133-1,-3.1159847
s_016um_00357_00290-1,-3.0904026
s_016um_00370_00119-1,-3.7694376
s_016um_00148_00395-1,-2.8186164
s_016um_00372_00119-1,-3.3576381
s_016um_00193_00098-1,-3.2099009
s_016um_00168_00122-1,-2.8624184
s_016um_00107_00314-1,-2.9939854
s_016um_00244_00085-1,-3.102517
s_016um_00101_00031-1,-3.2567751
s_016um_00035_00332-1,-2.932919
s_016um_00134_00072-1,-3.5089908
s_016um_00243_00089-1,-3.3430126
s_016um_00353_00019-1,-2.7124622
s_016um_00194_00092-1,-3.0226047
s_016um_00263_00334-1,-3.1566467
s_016um_00410_00101-1,-2.9107957
s_016um_00084_00067-1,-3.3632033
s_016um_00146_00397-1,-3.2653348
s_016um_00132_00320-1,-3.6044078
s_016um_00233_00089-1,-2.931882
s_016um_00042_00205-1,-2.750835
s_016um_00262_00331-1,-3.2032735
s_016um_00043_00045-1,-3.032989
s_016um_00220_00235-1,-3.2507977
s_016um_00330_00123-1,-3.3065464
s_016um_00222_00238-1,-3.1618247
s_016um_00013_00215-1,-3.0744424
s_016um_00222_00032-1,-3.1534405
s_016um_00041_00173-1,-3.2476227
s_016um_00140_00055-1,-3.1676111
s_016um_00254_00031-1,-3.0047276
s_016um_00064_00230-1,-3.3017209
s_016um_00333_00255-1,-3.0057688
s_016um_00401_00263-1,-3.100124
s_016um_00390_00184-1,-3.2854233
s_016um_00385_00133-1,-3.0518563
s_016um_00273_00049-1,-2.6493394
s_016um_00082_00070-1,-2.9631212
s_016um_00269_00055-1,-3.0640705
s_016um_00271_00227-1,-3.5031066
s_016um_00322_00226-1,-3.409298
s_016um_00333_00257-1,-3.3588223
s_016um_00255_00031-1,-3.034587
s_016um_00389_00293-1,-3.1911037
s_016um_00012_00207-1,-2.9503813
s_016um_00044_00241-1,-3.2543554
s_016um_00327_00298-1,-3.113548
s_016um_00027_00090-1,-3.7345524
s_016um_00248_00023-1,-3.5979924
s_016um_00094_00275-1,-2.8638895
s_016um_00098_00316-1,-2.6848817
s_016um_00087_00031-1,-2.9667435
s_016um_00194_00090-1,-3.1459386
s_016um_00203_00154-1,-3.147864
s_016um_00362_00413-1,-3.9498591
s_016um_00196_00126-1,-3.1149716
s_016um_00357_00092-1,-3.239175
s_016um_00228_00327-1,-2.9369218
s_016um_00168_00377-1,-3.1339517
s_016um_00088_00271-1,-2.9442792
s_016um_00413_00139-1,-2.8951871
s_016um_00092_00319-1,-2.959402
s_016um_00067_00233-1,-3.186939
s_016um_00188_00125-1,-2.9142942
s_016um_00216_00230-1,-3.2260056
s_016um_00340_00219-1,-3.2269926
s_016um_00255_00032-1,-2.6988795
s_016um_00105_00069-1,-3.0596118
s_016um_00069_00128-1,-2.9441059
s_016um_00266_00030-1,-2.857822
s_016um_00095_00320-1,-2.7533376
s_016um_00038_00046-1,-3.5463636
s_016um_00268_00336-1,-3.108894
s_016um_00269_00057-1,-2.98856
s_016um_00385_00297-1,-3.186587
s_016um_00033_00091-1,-2.9367774
s_016um_00043_00207-1,-3.094703
s_016um_00355_00416-1,-3.5562468
s_016um_00232_00355-1,-3.211745
s_016um_00213_00295-1,-2.9494443
s_016um_00074_00237-1,-3.2641594
s_016um_00276_00132-1,-3.2134898
s_016um_00209_00293-1,-2.853841
s_016um_00084_00065-1,-3.172017
s_016um_00262_00190-1,-2.948623
s_016um_00006_00209-1,-3.1200457
s_016um_00161_00291-1,-2.925792
s_016um_00099_00320-1,-3.2086833
s_016um_00079_00265-1,-2.8505454
s_016um_00402_00257-1,-3.1154468
s_016um_00238_00187-1,-3.0726676
s_016um_00191_00121-1,-2.6950543
s_016um_00136_00076-1,-3.3967469
s_016um_00192_00093-1,-3.4503107
s_016um_00311_00053-1,-2.9372337
s_016um_00274_00134-1,-2.887484
s_016um_00054_00250-1,-2.7195923
s_016um_00211_00035-1,-3.0125978
s_016um_00360_00292-1,-3.1055799
s_016um_00086_00281-1,-3.1359053
s_016um_00170_00373-1,-3.409756
s_016um_00142_00022-1,-3.3707361
s_016um_00308_00058-1,-2.849932
s_016um_00028_00333-1,-2.656856
s_016um_00189_00093-1,-3.1157603
s_016um_00160_00286-1,-3.2734697
s_016um_00360_00118-1,-2.9562337
s_016um_00318_00167-1,-2.8993475
s_016um_00141_00072-1,-3.1042407
s_016um_00223_00229-1,-3.078227
s_016um_00216_00031-1,-3.0111742
s_016um_00128_00391-1,-2.8284092
s_016um_00228_00266-1,-3.0102496
s_016um_00332_00120-1,-2.9079337
s_016um_00223_00235-1,-3.2495594
s_016um_00380_00139-1,-2.9852648
s_016um_00247_00082-1,-2.8592527
s_016um_00082_00298-1,-2.8570545
s_016um_00376_00118-1,-3.0999317
s_016um_00039_00176-1,-2.7843788
s_016um_00223_00026-1,-2.9057178
s_016um_00034_00097-1,-3.3975086
s_016um_00220_00284-1,-2.9917176
s_016um_00081_00197-1,-3.0350893
s_016um_00035_00010-1,-2.934694
s_016um_00260_00191-1,-3.2045553
s_016um_00018_00268-1,-3.158561
s_016um_00142_00073-1,-2.550913
s_016um_00306_00057-1,-2.8676164
s_016um_00342_00217-1,-3.5276384
s_016um_00085_00033-1,-3.2504497
s_016um_00125_00384-1,-2.9249701
s_016um_00129_00091-1,-3.0995202
s_016um_00028_00087-1,-2.9562798
s_016um_00279_00319-1,-3.107395
s_016um_00086_00064-1,-3.4659657
s_016um_00336_00257-1,-3.3781831
s_016um_00264_00127-1,-2.949231
s_016um_00196_00095-1,-2.797861
s_016um_00098_00338-1,-3.0267463
s_016um_00395_00184-1,-2.9848518
s_016um_00335_00214-1,-3.33634
s_016um_00244_00083-1,-2.8131723
s_016um_00388_00291-1,-3.2128596
s_016um_00279_00318-1,-3.4000936
s_016um_00018_00265-1,-2.745947
s_016um_00008_00158-1,-2.8551707
s_016um_00384_00138-1,-2.9615595
s_016um_00275_00316-1,-3.4168944
s_016um_00216_00029-1,-3.2733686
s_016um_00202_00151-1,-2.839708
s_016um_00037_00007-1,-3.169583
s_016um_00129_00225-1,-2.7274702
s_016um_00334_00258-1,-3.5238192
s_016um_00260_00028-1,-3.0407774
s_016um_00225_00238-1,-3.021627
s_016um_00150_00397-1,-3.1899595
s_016um_00414_00142-1,-3.015958
s_016um_00134_00075-1,-3.2281516
s_016um_00392_00180-1,-3.4470499
s_016um_00290_00092-1,-3.0042624
s_016um_00273_00207-1,-2.989934
s_016um_00271_00055-1,-2.8366473
s_016um_00221_00236-1,-3.2031834
s_016um_00335_00396-1,-3.275033
s_016um_00028_00331-1,-3.044898
s_016um_00090_00070-1,-3.1294353
s_016um_00095_00023-1,-2.7489262
s_016um_00280_00208-1,-3.006605
s_016um_00094_00341-1,-2.9070256
s_016um_00325_00226-1,-3.3340905
s_016um_00228_00333-1,-2.9525018
s_016um_00266_00131-1,-2.8649826
s_016um_00112_00313-1,-2.9862258
s_016um_00251_00028-1,-2.78761
s_016um_00077_00300-1,-3.1408374
s_016um_00372_00124-1,-3.307093
s_016um_00191_00095-1,-3.255563
s_016um_00119_00150-1,-2.679822
s_016um_00134_00077-1,-3.210851
s_016um_00127_00093-1,-3.0754406
s_016um_00334_00252-1,-3.2180266
s_016um_00260_00184-1,-3.0707262
s_016um_00196_00096-1,-2.7857656
s_016um_00078_00241-1,-2.4468067
s_016um_00161_00285-1,-3.3552504
s_016um_00249_00024-1,-2.8559504
s_016um_00274_00224-1,-2.8454084
s_016um_00012_00301-1,-2.9685218
s_016um_00192_00089-1,-3.0156348
s_016um_00097_00069-1,-2.9737055
s_016um_00033_00090-1,-3.1548157
s_016um_00092_00271-1,-3.0423121
s_016um_00412_00097-1,-3.0932407
s_016um_00169_00374-1,-2.8176348
s_016um_00273_00136-1,-2.944579
s_016um_00012_00212-1,-2.8115737
s_016um_00331_00213-1,-2.9122443
s_016um_00223_00228-1,-3.0203304
s_016um_00251_00026-1,-3.1698375
s_016um_00087_00200-1,-2.8931646
s_016um_00005_00157-1,-3.1446214
s_016um_00238_00184-1,-2.9448285
s_016um_00410_00149-1,-3.356498
s_016um_00340_00399-1,-3.6016543
s_016um_00258_00027-1,-3.3446567
s_016um_00342_00403-1,-3.6840224
s_016um_00398_00218-1,-3.1888542
s_016um_00323_00232-1,-3.2281203
s_016um_00101_00384-1,-2.8176181
s_016um_00218_00174-1,-2.9257164
s_016um_00075_00297-1,-3.0464392
s_016um_00120_00150-1,-3.038542
s_016um_00278_00052-1,-3.2154484
s_016um_00242_00190-1,-2.851602
s_016um_00360_00093-1,-2.8726227
s_016um_00274_00049-1,-2.6893077
s_016um_00393_00339-1,-3.532009
s_016um_00386_00341-1,-3.143583
s_016um_00404_00260-1,-3.1437156
s_016um_00113_00318-1,-3.1876154
s_016um_00128_00318-1,-3.1903996
s_016um_00228_00332-1,-3.0944796
s_016um_00331_00122-1,-3.482244
s_016um_00097_00319-1,-2.9492154
s_016um_00168_00372-1,-2.869552
s_016um_00352_00027-1,-3.2551622
s_016um_00388_00296-1,-3.0047374
s_016um_00324_00303-1,-2.8871918
s_016um_00354_00089-1,-2.8944972
s_016um_00045_00215-1,-2.895196
s_016um_00092_00321-1,-3.0097775
s_016um_00374_00123-1,-3.2027223
s_016um_00359_00292-1,-3.3075645
s_016um_00349_00026-1,-2.878738
s_016um_00083_00033-1,-3.5169551
s_016um_00269_00336-1,-3.4926987
s_016um_00104_00069-1,-3.265657
s_016um_00310_00054-1,-2.9054675
s_016um_00291_00093-1,-3.1351461
s_016um_00223_00244-1,-3.0835526
s_016um_00171_00125-1,-3.1649606
s_016um_00033_00103-1,-3.2068012
s_016um_00165_00286-1,-3.0777254
s_016um_00383_00137-1,-2.8308058
s_016um_00334_00255-1,-3.0691009
s_016um_00078_00298-1,-2.9669132
s_016um_00398_00369-1,-3.5584052
s_016um_00263_00189-1,-2.9601543
s_016um_00189_00095-1,-3.1858225
s_016um_00398_00367-1,-3.1786635
s_016um_00169_00372-1,-3.2448285
s_016um_00326_00299-1,-3.6389542
s_016um_00084_00068-1,-2.5807776
s_016um_00279_00312-1,-2.9729548
s_016um_00333_00400-1,-3.3748555
s_016um_00277_00321-1,-3.4276438
s_016um_00267_00131-1,-3.2997596
s_016um_00005_00152-1,-3.275816
s_016um_00094_00317-1,-3.1136286
s_016um_00311_00055-1,-2.946509
s_016um_00060_00246-1,-3.2149987
s_016um_00009_00211-1,-3.0570683
s_016um_00190_00095-1,-3.0199218
s_016um_00372_00118-1,-3.2397735
s_016um_00138_00219-1,-3.0654907
s_016um_00009_00294-1,-3.0689435
s_016um_00404_00152-1,-3.5251267
s_016um_00136_00220-1,-3.056142
s_016um_00274_00327-1,-3.3935025
s_016um_00220_00018-1,-3.5642278
s_016um_00133_00075-1,-3.175846
s_016um_00040_00180-1,-3.1422386
s_016um_00258_00028-1,-3.1345012
s_016um_00327_00305-1,-2.991726
s_016um_00251_00021-1,-3.182858
s_016um_00358_00116-1,-2.7671993
s_016um_00320_00170-1,-2.8825102
s_016um_00214_00033-1,-3.142798
s_016um_00279_00134-1,-3.1814747
s_016um_00264_00058-1,-2.6797795
s_016um_00095_00323-1,-3.2549057
s_016um_00352_00117-1,-3.3720665
s_016um_00393_00219-1,-3.253002
s_016um_00040_00210-1,-2.8867607
s_016um_00044_00211-1,-2.760303
s_016um_00328_00231-1,-3.083477
s_016um_00324_00169-1,-3.1076572
s_016um_00401_00369-1,-3.338574
s_016um_00328_00117-1,-2.8274648
s_016um_00272_00134-1,-2.9766946
s_016um_00329_00251-1,-3.3673472
s_016um_00043_00178-1,-3.3974915
s_016um_00235_00084-1,-2.5041263
s_016um_00222_00234-1,-3.0981007
s_016um_00362_00415-1,-2.426549
s_016um_00160_00285-1,-3.1139607
s_016um_00195_00098-1,-3.2081227
s_016um_00089_00271-1,-2.9895155
s_016um_00273_00204-1,-2.876316
s_016um_00107_00318-1,-2.4940205
s_016um_00332_00252-1,-3.8648517
s_016um_00405_00124-1,-3.216571
s_016um_00235_00184-1,-3.08917
s_016um_00271_00335-1,-3.2790565
s_016um_00042_00041-1,-3.1491516
s_016um_00397_00255-1,-2.8355966
s_016um_00223_00331-1,-3.3686943
s_016um_00321_00303-1,-3.7798967
s_016um_00360_00291-1,-2.8808167
s_016um_00279_00046-1,-3.2586293
s_016um_00177_00029-1,-3.4964101
s_016um_00387_00126-1,-3.0875983
s_016um_00274_00325-1,-3.3548634
s_016um_00040_00010-1,-3.369044
s_016um_00114_00316-1,-2.9572945
s_016um_00010_00213-1,-3.248911
s_016um_00144_00017-1,-3.1608257
s_016um_00405_00146-1,-2.8459244
s_016um_00275_00313-1,-3.2457943
s_016um_00396_00371-1,-3.687253
s_016um_00417_00141-1,-3.4482448
s_016um_00098_00071-1,-3.3209107
s_016um_00193_00125-1,-3.0961778
s_016um_00193_00128-1,-3.3277457
s_016um_00342_00401-1,-3.8903837
s_016um_00215_00014-1,-3.0596588
s_016um_00224_00239-1,-3.1841629
s_016um_00087_00282-1,-3.0107524
s_016um_00407_00099-1,-3.0866456
s_016um_00331_00123-1,-3.2554235
s_016um_00393_00213-1,-3.1342645
s_016um_00083_00265-1,-3.1814506
s_016um_00104_00068-1,-3.1066644
s_016um_00366_00231-1,-3.1034136
s_016um_00009_00296-1,-3.1877158
s_016um_00027_00330-1,-2.9783444
s_016um_00068_00130-1,-3.2179537
s_016um_00392_00342-1,-3.1509569
s_016um_00274_00050-1,-3.2194302
s_016um_00390_00344-1,-3.2485833
s_016um_00191_00091-1,-3.12799
s_016um_00229_00264-1,-2.9981542
s_016um_00387_00295-1,-3.1588738
s_016um_00356_00091-1,-3.0024338
s_016um_00065_00126-1,-3.3809092
s_016um_00221_00278-1,-2.810386
s_016um_00320_00228-1,-3.1838043
s_016um_00274_00316-1,-3.4382262
s_016um_00139_00057-1,-3.317401
s_016um_00330_00216-1,-3.4915047
s_016um_00258_00026-1,-3.0129685
s_016um_00010_00210-1,-3.3155677
s_016um_00101_00387-1,-3.455388
s_016um_00273_00209-1,-2.9613469
s_016um_00044_00215-1,-3.3028867
s_016um_00320_00304-1,-3.3285162
s_016um_00041_00172-1,-3.2786224
s_016um_00371_00140-1,-3.1845386
s_016um_00276_00325-1,-2.8973567
s_016um_00071_00234-1,-3.0310152
s_016um_00084_00296-1,-3.1798983
s_016um_00264_00055-1,-3.2987337
s_016um_00215_00170-1,-3.2648234
s_016um_00192_00129-1,-2.784904
s_016um_00274_00330-1,-3.1212654
s_016um_00394_00216-1,-3.1483536
s_016um_00255_00030-1,-3.0324044
s_016um_00281_00048-1,-3.3846297
s_016um_00138_00216-1,-2.9997537
s_016um_00391_00182-1,-2.415567
s_016um_00038_00208-1,-3.120688
s_016um_00331_00257-1,-3.2156541
s_016um_00039_00047-1,-3.1626043
s_016um_00360_00293-1,-2.9298522
s_016um_00243_00083-1,-3.3244846
s_016um_00215_00013-1,-2.868192
s_016um_00036_00177-1,-3.2092113
s_016um_00034_00005-1,-3.144749
s_016um_00141_00071-1,-3.1384323
s_016um_00267_00054-1,-3.3878732
s_016um_00391_00336-1,-3.2636707
s_016um_00375_00144-1,-3.236931
s_016um_00007_00158-1,-3.2149236
s_016um_00182_00033-1,-2.74349
s_016um_00020_00272-1,-2.763264
s_016um_00265_00035-1,-3.140902
s_016um_00231_00247-1,-2.854279
s_016um_00219_00017-1,-3.138355
s_016um_00276_00048-1,-3.627129
s_016um_00252_00026-1,-3.9392147
s_016um_00279_00208-1,-2.7334774
s_016um_00404_00126-1,-2.8956196
s_016um_00378_00139-1,-3.2258258
s_016um_00223_00245-1,-3.0350857
s_016um_00267_00337-1,-3.009103
s_016um_00279_00052-1,-2.6855536
s_016um_00328_00213-1,-3.2804806
s_016um_00356_00097-1,-2.997685
s_016um_00012_00299-1,-2.9829009
s_016um_00162_00285-1,-2.6955032
s_016um_00371_00142-1,-3.228128
s_016um_00035_00333-1,-2.9629679
s_016um_00235_00361-1,-3.387424
s_016um_00242_00185-1,-3.219301
s_016um_00088_00031-1,-3.0687768
s_016um_00368_00147-1,-3.066522
s_016um_00386_00129-1,-2.9651415
s_016um_00127_00388-1,-3.3969867
s_016um_00041_00104-1,-3.1598105
s_016um_00075_00236-1,-3.0730815
s_016um_00404_00128-1,-3.0628946
s_016um_00391_00360-1,-2.4879353
s_016um_00100_00029-1,-3.0014882
s_016um_00009_00297-1,-2.735982
s_016um_00238_00189-1,-3.2472866
s_016um_00227_00250-1,-2.92426
s_016um_00394_00359-1,-3.4597173
s_016um_00225_00327-1,-3.2978551
s_016um_00414_00100-1,-3.183938
s_016um_00039_00173-1,-3.358308
s_016um_00367_00223-1,-3.2571907
s_016um_00057_00250-1,-2.8674653
s_016um_00142_00020-1,-3.3905098
s_016um_00140_00073-1,-3.2870781
s_016um_00193_00094-1,-2.802986
s_016um_00371_00102-1,-3.130914
s_016um_00264_00333-1,-3.2341995
s_016um_00234_00355-1,-3.277914
s_016um_00026_00086-1,-3.228517
s_016um_00368_00118-1,-3.3237548
s_016um_00273_00202-1,-3.0792153
s_016um_00084_00196-1,-3.2182834
s_016um_00092_00341-1,-3.1917963
s_016um_00034_00331-1,-3.2777035
s_016um_00103_00386-1,-3.4238899
s_016um_00135_00216-1,-2.5749433
s_016um_00208_00293-1,-3.1869266
s_016um_00010_00157-1,-3.0456188
s_016um_00259_00191-1,-3.0216067
s_016um_00038_00104-1,-3.1880693
s_016um_00061_00132-1,-3.3002818
s_016um_00406_00146-1,-3.195337
s_016um_00214_00296-1,-3.1537247
s_016um_00256_00029-1,-2.8686438
s_016um_00396_00258-1,-3.407833
s_016um_00273_00203-1,-2.753469
s_016um_00065_00234-1,-3.0626261
s_016um_00371_00121-1,-3.1083593
s_016um_00370_00099-1,-3.30943
s_016um_00397_00185-1,-3.4042175
s_016um_00046_00238-1,-2.9548726
s_016um_00230_00261-1,-3.1191995
s_016um_00212_00291-1,-3.1860402
s_016um_00123_00144-1,-2.9933386
s_016um_00332_00125-1,-3.0953488
s_016um_00391_00185-1,-3.0378036
s_016um_00178_00032-1,-3.2636907
s_016um_00290_00095-1,-2.716968
s_016um_00030_00088-1,-3.0991685
s_016um_00275_00044-1,-2.787128
s_016um_00113_00320-1,-2.9071505
s_016um_00046_00211-1,-2.9876423
s_016um_00007_00215-1,-3.2319837
s_016um_00147_00400-1,-3.295093
s_016um_00392_00340-1,-3.9474921
s_016um_00099_00023-1,-3.3518713
s_016um_00039_00215-1,-3.291164
s_016um_00086_00193-1,-2.9510946
s_016um_00256_00187-1,-3.0614955
s_016um_00037_00046-1,-3.4340549
s_016um_00232_00360-1,-3.4359994
s_016um_00041_00214-1,-3.1448305
s_016um_00285_00093-1,-3.017395
s_016um_00200_00148-1,-3.2029016
s_016um_00217_00279-1,-3.0130086
s_016um_00132_00387-1,-3.4004931
s_016um_00125_00386-1,-3.0713575
s_016um_00112_00317-1,-2.9599109
s_016um_00037_00098-1,-2.7792072
s_016um_00048_00238-1,-3.2614858
s_016um_00322_00165-1,-3.0076318
s_016um_00355_00026-1,-3.104234
s_016um_00083_00073-1,-3.2756696
s_016um_00028_00329-1,-3.1732607
s_016um_00234_00266-1,-3.4021254
s_016um_00222_00027-1,-3.0622668
s_016um_00259_00129-1,-3.0110083
s_016um_00007_00151-1,-3.046832
s_016um_00217_00033-1,-3.1581953
s_016um_00081_00285-1,-3.2548516
s_016um_00392_00338-1,-2.9172525
s_016um_00214_00289-1,-2.9658108
s_016um_00275_00204-1,-3.1476367
s_016um_00238_00190-1,-2.9034598
s_016um_00326_00225-1,-3.5281634
s_016um_00118_00143-1,-2.839722
s_016um_00064_00126-1,-3.575681
s_016um_00367_00096-1,-3.297488
s_016um_00218_00013-1,-2.9429755
s_016um_00033_00331-1,-3.1156757
s_016um_00214_00028-1,-2.9126625
s_016um_00100_00072-1,-3.2835572
s_016um_00356_00416-1,-4.1453466
s_016um_00257_00032-1,-2.7114184
s_016um_00099_00321-1,-3.0977404
s_016um_00383_00139-1,-2.968945
s_016um_00314_00054-1,-3.1876366
s_016um_00033_00334-1,-2.8649755
s_016um_00063_00237-1,-3.2172167
s_016um_00239_00091-1,-4.016916
s_016um_00307_00053-1,-2.947992
s_016um_00195_00122-1,-3.1475015
s_016um_00101_00389-1,-3.1123219
s_016um_00219_00284-1,-2.8153043
s_016um_00080_00294-1,-2.982091
s_016um_00329_00125-1,-3.0284405
s_016um_00250_00025-1,-2.862791
s_016um_00232_00268-1,-3.25139
s_016um_00079_00266-1,-2.7562127
s_016um_00210_00035-1,-2.8501475
s_016um_00355_00097-1,-3.6249685
s_016um_00185_00029-1,-3.0242574
s_016um_00173_00376-1,-2.8297746
s_016um_00236_00085-1,-2.895151
s_016um_00123_00149-1,-2.90479
s_016um_00008_00297-1,-3.0703447
s_016um_00225_00247-1,-3.2779346
s_016um_00277_00207-1,-3.0570524
s_016um_00211_00295-1,-3.088283
s_016um_00081_00267-1,-2.980482
s_016um_00399_00263-1,-2.958569
s_016um_00411_00099-1,-2.905861
s_016um_00387_00132-1,-3.217746
s_016um_00369_00222-1,-3.152429
s_016um_00413_00099-1,-2.9345279
s_016um_00096_00023-1,-2.9441524
s_016um_00192_00097-1,-3.4505904
s_016um_00288_00094-1,-2.6758406
s_016um_00205_00147-1,-3.0836403
s_016um_00224_00237-1,-3.0358787
s_016um_00400_00400-1,-3.128544
s_016um_00332_00215-1,-2.907014
s_016um_00117_00147-1,-3.0345612
s_016um_00164_00126-1,-3.0129323
s_016um_00166_00128-1,-2.950553
s_016um_00084_00194-1,-3.209602
s_016um_00280_00133-1,-3.5004969
s_016um_00284_00097-1,-2.7550077
s_016um_00287_00095-1,-2.6514673
s_016um_00415_00103-1,-3.0545614
s_016um_00269_00335-1,-3.4139876
s_016um_00397_00215-1,-3.0062132
s_016um_00337_00396-1,-3.9507122
s_016um_00263_00190-1,-3.0583823
s_016um_00016_00265-1,-3.100163
s_016um_00260_00128-1,-2.9499269
s_016um_00220_00230-1,-3.3519053
s_016um_00219_00228-1,-3.2542531
s_016um_00076_00294-1,-2.9005759
s_016um_00400_00127-1,-3.2369115
s_016um_00075_00239-1,-3.405934
s_016um_00093_00316-1,-3.2238564
s_016um_00221_00031-1,-3.354522
s_016um_00274_00222-1,-3.3389893
s_016um_00308_00059-1,-2.9551775
s_016um_00129_00086-1,-3.1583207
s_016um_00066_00128-1,-3.0065897
s_016um_00221_00030-1,-2.9768307
s_016um_00237_00185-1,-3.421446
s_016um_00408_00147-1,-3.00068
s_016um_00276_00045-1,-2.898713
s_016um_00356_00418-1,-3.9779341
s_016um_00327_00301-1,-2.9973767
s_016um_00290_00093-1,-2.7998984
s_016um_00206_00152-1,-2.967397
s_016um_00140_00015-1,-3.0558786
s_016um_00370_00147-1,-3.25662
s_016um_00353_00020-1,-3.039178
s_016um_00130_00314-1,-2.919265
s_016um_00375_00118-1,-2.5558233
s_016um_00034_00332-1,-2.9596033
s_016um_00081_00294-1,-3.093827
s_016um_00089_00032-1,-3.1242156
s_016um_00260_00333-1,-3.3299663
s_016um_00147_00061-1,-3.3099363
s_016um_00082_00035-1,-3.7443662
s_016um_00104_00072-1,-3.0653238
s_016um_00354_00096-1,-2.9111557
s_016um_00310_00051-1,-2.7184243
s_016um_00232_00358-1,-3.3306038
s_016um_00217_00293-1,-3.1268125
s_016um_00273_00047-1,-2.921761
s_016um_00192_00125-1,-2.9776857
s_016um_00397_00370-1,-3.3200734
s_016um_00274_00206-1,-3.0145235
s_016um_00074_00249-1,-2.9566565
s_016um_00167_00124-1,-3.1615775
s_016um_00403_00257-1,-3.1525102
s_016um_00109_00314-1,-2.9123545
s_016um_00041_00216-1,-3.1850362
s_016um_00313_00059-1,-3.178255
s_016um_00282_00324-1,-3.2128284
s_016um_00240_00089-1,-2.959368
s_016um_00220_00331-1,-3.2000337
s_016um_00274_00201-1,-2.6120272
s_016um_00345_00220-1,-3.2256644
s_016um_00274_00045-1,-2.943854
s_016um_00075_00243-1,-3.114757
s_016um_00129_00227-1,-3.514101
s_016um_00047_00216-1,-2.8755565
s_016um_00167_00375-1,-3.016241
s_016um_00137_00216-1,-3.0364947
s_016um_00398_00361-1,-2.9351
s_016um_00126_00087-1,-2.8287828
s_016um_00049_00239-1,-2.894211
s_016um_00274_00312-1,-3.3100724
s_016um_00080_00032-1,-3.517241
s_016um_00043_00209-1,-3.0433934
s_016um_00013_00212-1,-3.3772504
s_016um_00134_00220-1,-3.0689795
s_016um_00272_00332-1,-2.5226588
s_016um_00083_00296-1,-2.8612669
s_016um_00361_00410-1,-3.4351249
s_016um_00045_00205-1,-2.8038394
s_016um_00214_00276-1,-2.9443378
s_016um_00082_00265-1,-3.2325327
s_016um_00352_00121-1,-3.0886338
s_016um_00244_00186-1,-3.0433419
s_016um_00395_00360-1,-4.0367227
s_016um_00056_00247-1,-3.1593595
s_016um_00120_00151-1,-3.1898878
s_016um_00310_00057-1,-2.7356663
s_016um_00324_00307-1,-3.5954242
s_016um_00045_00240-1,-2.8403914
s_016um_00257_00191-1,-3.3361359
s_016um_00035_00098-1,-3.174013
s_016um_00144_00055-1,-3.118299
s_016um_00247_00083-1,-2.8212042
s_016um_00104_00065-1,-3.1010332
s_016um_00094_00338-1,-3.0375605
s_016um_00134_00318-1,-2.757235
s_016um_00407_00147-1,-2.8535287
s_016um_00369_00097-1,-2.9981563
s_016um_00361_00291-1,-3.2004325
s_016um_00008_00293-1,-3.2594244
s_016um_00172_00374-1,-3.0339239
s_016um_00217_00174-1,-3.2884047
s_016um_00366_00102-1,-2.9857938
s_016um_00277_00329-1,-3.46942
s_016um_00237_00186-1,-3.4939563
s_016um_00261_00334-1,-3.153274
s_016um_00229_00334-1,-3.1587107
s_016um_00083_00070-1,-2.85447
s_016um_00229_00328-1,-3.1966448
s_016um_00247_00026-1,-3.0096035
s_016um_00072_00244-1,-3.0082197
s_016um_00348_00216-1,-3.1788728
s_016um_00227_00238-1,-3.047869
s_016um_00274_00052-1,-3.1286507
s_016um_00275_00318-1,-3.2192416
s_016um_00091_00338-1,-3.2203107
s_016um_00405_00120-1,-3.0950136
s_016um_00012_00293-1,-3.4835687
s_016um_00334_00403-1,-3.7355838
s_016um_00254_00033-1,-2.712326
s_016um_00043_00047-1,-3.2022278
s_016um_00193_00095-1,-3.224544
s_016um_00226_00327-1,-3.0400465
s_016um_00109_00319-1,-2.8730175
s_016um_00356_00290-1,-2.9926422
s_016um_00240_00188-1,-3.1447823
s_016um_00357_00094-1,-3.0917227
s_016um_00279_00313-1,-2.919279
s_016um_00389_00290-1,-3.074369
s_016um_00326_00303-1,-3.1626768
s_016um_00026_00333-1,-3.1406443
s_016um_00082_00300-1,-3.1982756
s_016um_00328_00126-1,-2.8591428
s_016um_00012_00154-1,-3.114399
s_016um_00010_00212-1,-3.184854
s_016um_00046_00213-1,-2.772141
s_016um_00212_00298-1,-2.7868173
s_016um_00398_00260-1,-3.145845
s_016um_00043_00240-1,-3.1651158
s_016um_00094_00316-1,-3.0640097
s_016um_00080_00295-1,-2.8876925
s_016um_00238_00087-1,-3.08351
s_016um_00401_00219-1,-2.815569
s_016um_00038_00102-1,-3.6029434
s_016um_00384_00126-1,-2.9741375
s_016um_00365_00099-1,-3.45204
s_016um_00327_00122-1,-2.903781
s_016um_00099_00069-1,-3.2668958
s_016um_00352_00020-1,-2.4707453
s_016um_00008_00299-1,-3.1876695
s_016um_00093_00320-1,-3.3099177
s_016um_00312_00056-1,-2.7721882
s_016um_00349_00025-1,-3.2204773
s_016um_00272_00224-1,-3.250551
s_016um_00394_00184-1,-2.799455
s_016um_00234_00353-1,-2.9014897
s_016um_00042_00045-1,-3.0840816
s_016um_00379_00130-1,-3.352936
s_016um_00247_00086-1,-2.8796718
s_016um_00403_00126-1,-3.2081864
s_016um_00331_00254-1,-3.277767
s_016um_00218_00231-1,-3.1850586
s_016um_00248_00022-1,-3.4404848
s_016um_00096_00342-1,-3.0910718
s_016um_00396_00213-1,-3.3543124
s_016um_00223_00174-1,-2.799149
s_016um_00018_00271-1,-3.2532241
s_016um_00075_00248-1,-2.7829685
s_016um_00392_00363-1,-3.0540345
s_016um_00380_00140-1,-3.1106434
s_016um_00084_00271-1,-3.15282
s_016um_00384_00129-1,-2.9442792
s_016um_00090_00338-1,-3.3670738
s_016um_00011_00158-1,-3.0258844
s_016um_00188_00096-1,-2.7280662
s_016um_00138_00016-1,-3.5856647
s_016um_00364_00229-1,-3.1380131
s_016um_00225_00025-1,-3.1954858
s_016um_00095_00340-1,-3.0410259
s_016um_00066_00233-1,-3.2078784
s_016um_00212_00288-1,-2.989485
s_016um_00357_00022-1,-2.9292226
s_016um_00267_00033-1,-3.1707728
s_016um_00189_00124-1,-2.9337804
s_016um_00370_00224-1,-2.9396794
s_016um_00369_00229-1,-2.727994
s_016um_00370_00226-1,-3.0368152
s_016um_00217_00282-1,-2.9967685
s_016um_00081_00034-1,-3.7388434
s_016um_00129_00322-1,-3.0699291
s_016um_00401_00215-1,-3.3286295
s_016um_00319_00170-1,-3.1345096
s_016um_00406_00101-1,-3.1308384
s_016um_00354_00121-1,-2.889423
s_016um_00097_00342-1,-3.1878133
s_016um_00031_00084-1,-3.1623943
s_016um_00166_00123-1,-3.195684
s_016um_00102_00067-1,-3.0704942
s_016um_00354_00018-1,-3.0429919
s_016um_00008_00152-1,-2.9703364
s_016um_00270_00055-1,-2.814255
s_016um_00279_00326-1,-2.9620662
s_016um_00091_00266-1,-3.2405145
s_016um_00244_00087-1,-3.5780783
s_016um_00168_00370-1,-3.1219702
s_016um_00276_00047-1,-2.9046795
s_016um_00392_00181-1,-2.7437716
s_016um_00101_00029-1,-3.195123
s_016um_00234_00084-1,-3.1500576
s_016um_00141_00073-1,-2.6671047
s_016um_00127_00389-1,-2.7543705
s_016um_00209_00289-1,-3.1376753
s_016um_00170_00126-1,-3.2916017
s_016um_00223_00029-1,-3.1440842
s_016um_00275_00201-1,-2.7157528
s_016um_00129_00318-1,-2.5286613
s_016um_00311_00052-1,-2.5891817
s_016um_00381_00137-1,-3.0362442
s_016um_00415_00141-1,-3.049589
s_016um_00335_00211-1,-3.0066981
s_016um_00222_00015-1,-3.045038
s_016um_00255_00020-1,-3.13129
s_016um_00043_00205-1,-3.2537184
s_016um_00359_00116-1,-2.8314834
s_016um_00270_00332-1,-3.296204
s_016um_00084_00030-1,-3.1714604
s_016um_00399_00368-1,-3.5246956
s_016um_00403_00148-1,-3.1705003
s_016um_00276_00311-1,-2.9453204
s_016um_00171_00378-1,-3.2445784
s_016um_00402_00150-1,-3.0959995
s_016um_00032_00333-1,-3.3059988
s_016um_00216_00283-1,-3.03438
s_016um_00084_00283-1,-2.975656
s_016um_00069_00235-1,-3.3455868
s_016um_00312_00057-1,-2.6894062
s_016um_00326_00306-1,-3.1549184
s_016um_00333_00251-1,-3.3302493
s_016um_00130_00321-1,-3.13272
s_016um_00285_00097-1,-2.8042285
s_016um_00040_00105-1,-3.0630767
s_016um_00224_00251-1,-3.1910791
s_016um_00191_00097-1,-3.0551605
s_016um_00128_00390-1,-3.017706
s_016um_00046_00205-1,-3.325432
s_016um_00234_00261-1,-3.0320344
s_016um_00276_00200-1,-2.80807
s_016um_00287_00094-1,-2.768637
s_016um_00189_00094-1,-2.7925494
s_016um_00044_00242-1,-3.3739576
s_016um_00008_00213-1,-2.9156756
s_016um_00213_00296-1,-3.3042212
s_016um_00102_00025-1,-2.9489594
s_016um_00398_00259-1,-3.0263295
s_016um_00391_00292-1,-3.2477074
s_016um_00336_00397-1,-3.2568846
s_016um_00381_00127-1,-2.9582543
s_016um_00203_00145-1,-3.009497
s_016um_00131_00092-1,-3.2169821
s_016um_00037_00006-1,-2.8584187
s_016um_00138_00071-1,-3.6554923
s_016um_00399_00261-1,-3.2210927
s_016um_00281_00328-1,-3.1024
s_016um_00088_00068-1,-3.130659
s_016um_00170_00125-1,-2.8233857
s_016um_00276_00052-1,-2.944339
s_016um_00082_00030-1,-3.2831824
s_016um_00321_00170-1,-3.3823133
s_016um_00217_00285-1,-3.0019102
s_016um_00190_00092-1,-2.9579546
s_016um_00098_00072-1,-3.2556076
s_016um_00192_00095-1,-3.08816
s_016um_00114_00147-1,-3.0565531
s_016um_00185_00026-1,-2.697285
s_016um_00081_00244-1,-2.855969
s_016um_00107_00384-1,-2.9281993
s_016um_00203_00150-1,-3.4733455
s_016um_00323_00229-1,-2.5470905
s_016um_00094_00276-1,-2.8466024
s_016um_00273_00029-1,-2.790308
s_016um_00338_00395-1,-2.9057183
s_016um_00400_00373-1,-3.8681386
s_016um_00085_00271-1,-2.9021366
s_016um_00077_00238-1,-2.9927945
s_016um_00100_00025-1,-2.8101447
s_016um_00032_00084-1,-3.5646122
s_016um_00215_00015-1,-2.8590357
s_016um_00195_00129-1,-3.0618536
s_016um_00283_00097-1,-2.8322487
s_016um_00228_00263-1,-2.892151
s_016um_00327_00124-1,-3.5091019
s_016um_00326_00305-1,-3.1956418
s_016um_00273_00034-1,-3.0236924
s_016um_00069_00234-1,-3.1190643
s_016um_00009_00158-1,-3.3143687
s_016um_00179_00031-1,-2.8386962
s_016um_00310_00056-1,-2.7422395
s_016um_00353_00115-1,-3.2361019
s_016um_00011_00212-1,-3.2002196
s_016um_00332_00250-1,-3.197202
s_016um_00359_00092-1,-2.865275
s_016um_00405_00127-1,-2.806693
s_016um_00312_00054-1,-3.0553055
s_016um_00081_00031-1,-3.0170002
s_016um_00208_00031-1,-2.9061363
s_016um_00004_00157-1,-3.1841989
s_016um_00359_00287-1,-3.041184
s_016um_00126_00386-1,-3.5423727
s_016um_00146_00054-1,-3.168274
s_016um_00333_00216-1,-3.030305
s_016um_00146_00055-1,-2.8623152
s_016um_00093_00335-1,-2.923632
s_016um_00259_00187-1,-3.2487857
s_016um_00398_00258-1,-2.9193964
s_016um_00205_00149-1,-3.3662415
s_016um_00174_00376-1,-3.2589793
s_016um_00110_00320-1,-2.8276668
s_016um_00081_00035-1,-3.4240506
s_016um_00113_00321-1,-3.0108354
s_016um_00098_00339-1,-3.1579657
s_016um_00229_00245-1,-3.318943
s_016um_00269_00230-1,-3.3056846
s_016um_00236_00361-1,-3.333251
s_016um_00158_00290-1,-3.2952485
s_016um_00280_00205-1,-3.0626624
s_016um_00319_00165-1,-2.7675757
s_016um_00085_00285-1,-3.1707807
s_016um_00099_00066-1,-3.11907
s_016um_00242_00186-1,-2.944558
s_016um_00364_00222-1,-3.0639026
s_016um_00101_00390-1,-2.9626923
s_016um_00398_00360-1,-3.7476752
s_016um_00408_00152-1,-2.9761167
s_016um_00346_00217-1,-3.0051444
s_016um_00220_00166-1,-2.9820292
s_016um_00267_00036-1,-3.0746024
s_016um_00259_00027-1,-2.9763312
s_016um_00281_00324-1,-3.23672
s_016um_00102_00391-1,-3.0324943
s_016um_00084_00036-1,-3.3473647
s_016um_00087_00030-1,-3.2683468
s_016um_00220_00025-1,-2.9237137
s_016um_00082_00069-1,-3.2976906
s_016um_00278_00046-1,-3.0151072
s_016um_00129_00089-1,-3.3740716
s_016um_00384_00132-1,-3.2701025
s_016um_00223_00170-1,-3.2826123
s_016um_00084_00268-1,-3.1169927
s_016um_00245_00088-1,-2.8543644
s_016um_00065_00237-1,-2.8446548
s_016um_00091_00278-1,-2.9715629
s_016um_00008_00150-1,-2.9855583
s_016um_00216_00014-1,-3.0067961
s_016um_00256_00032-1,-2.9769642
s_016um_00358_00415-1,-4.072963
s_016um_00231_00268-1,-2.5873132
s_016um_00134_00069-1,-3.184174
s_016um_00257_00186-1,-3.002664
s_016um_00215_00291-1,-3.2316515
s_016um_00219_00015-1,-2.8812535
s_016um_00396_00257-1,-2.9883683
s_016um_00408_00401-1,-2.4265878
s_016um_00127_00088-1,-3.1751714
s_016um_00086_00271-1,-3.2112763
s_016um_00129_00383-1,-3.0311885
s_016um_00365_00102-1,-2.8856235
s_016um_00341_00398-1,-3.0457175
s_016um_00190_00124-1,-2.8548727
s_016um_00135_00075-1,-3.1403787
s_016um_00234_00358-1,-3.0136075
s_016um_00125_00383-1,-2.9052768
s_016um_00371_00100-1,-3.0979588
s_016um_00140_00057-1,-3.0933843
s_016um_00395_00363-1,-3.3224783
s_016um_00041_00206-1,-3.0942588
s_016um_00065_00232-1,-3.0656326
s_016um_00271_00330-1,-3.0698733
s_016um_00271_00225-1,-2.960225
s_016um_00044_00209-1,-3.032574
s_016um_00119_00148-1,-3.0461416
s_016um_00347_00216-1,-3.101526
s_016um_00227_00247-1,-2.9316125
s_016um_00104_00387-1,-3.1115851
s_016um_00229_00260-1,-2.9948375
s_016um_00399_00214-1,-3.3353705
s_016um_00391_00293-1,-3.3912454
s_016um_00162_00125-1,-3.050187
s_016um_00239_00183-1,-2.9247348
s_016um_00396_00178-1,-3.5536041
s_016um_00247_00084-1,-3.2532084
s_016um_00136_00230-1,-3.097929
s_016um_00086_00074-1,-3.251588
s_016um_00021_00266-1,-2.892961
s_016um_00402_00260-1,-3.2957299
s_016um_00230_00361-1,-3.2588315
s_016um_00374_00145-1,-2.774239
s_016um_00083_00285-1,-2.9642057
s_016um_00113_00319-1,-3.0477028
s_016um_00011_00295-1,-3.1808252
s_016um_00260_00027-1,-2.7509787
s_016um_00108_00321-1,-3.1609204
s_016um_00233_00265-1,-2.9393575
s_016um_00415_00102-1,-3.1894982
s_016um_00275_00049-1,-2.9024282
s_016um_00048_00237-1,-3.0329096
s_016um_00107_00383-1,-3.5055068
s_016um_00398_00215-1,-3.1627598
s_016um_00235_00357-1,-2.885333
s_016um_00394_00369-1,-3.5542474
s_016um_00129_00314-1,-3.225619
s_016um_00398_00217-1,-2.953998
s_016um_00407_00398-1,-2.4697382
s_016um_00391_00298-1,-3.463843
s_016um_00402_00128-1,-2.8553357
s_016um_00103_00066-1,-3.083815
s_016um_00040_00171-1,-2.8737943
s_016um_00408_00100-1,-3.0326333
s_016um_00020_00266-1,-3.804264
s_016um_00086_00196-1,-2.5208013
s_016um_00204_00152-1,-3.3301864
s_016um_00220_00225-1,-3.1623812
s_016um_00129_00093-1,-3.1442964
s_016um_00190_00122-1,-3.085528
s_016um_00269_00330-1,-3.253392
s_016um_00097_00273-1,-2.926807
s_016um_00275_00135-1,-3.0466394
s_016um_00213_00282-1,-2.9043632
s_016um_00161_00288-1,-3.47282
s_016um_00179_00029-1,-2.9143085
s_016um_00355_00119-1,-2.9351637
s_016um_00376_00138-1,-3.599218
s_016um_00221_00227-1,-3.1125677
s_016um_00135_00070-1,-3.95829
s_016um_00355_00025-1,-2.7826614
s_016um_00029_00332-1,-3.1163938
s_016um_00158_00291-1,-2.7740157
s_016um_00218_00018-1,-3.0645638
s_016um_00417_00140-1,-3.0947409
s_016um_00146_00400-1,-3.1193357
s_016um_00370_00143-1,-2.7831912
s_016um_00163_00291-1,-3.3651843
s_016um_00029_00090-1,-3.3779693
s_016um_00411_00149-1,-3.540531
s_016um_00164_00124-1,-2.7387576
s_016um_00043_00212-1,-3.06017
s_016um_00193_00123-1,-2.7456052
s_016um_00064_00234-1,-1.4468992
s_016um_00262_00330-1,-3.1192188
s_016um_00064_00131-1,-3.167066
s_016um_00391_00181-1,-3.291971
s_016um_00260_00187-1,-3.4008756
s_016um_00220_00170-1,-3.465295
s_016um_00403_00255-1,-3.212801
s_016um_00416_00140-1,-2.771071
s_016um_00084_00200-1,-3.4644036
s_016um_00084_00193-1,-2.7671573
s_016um_00238_00185-1,-2.9525964
s_016um_00027_00088-1,-3.0326567
s_016um_00132_00384-1,-3.4711108
s_016um_00013_00207-1,-3.5151305
s_016um_00249_00027-1,-2.8871448
s_016um_00367_00097-1,-2.928812
s_016um_00352_00017-1,-3.1557395
s_016um_00137_00077-1,-3.1035457
s_016um_00083_00199-1,-3.194039
s_016um_00399_00256-1,-3.1043851
s_016um_00178_00029-1,-2.863128
s_016um_00125_00387-1,-3.1180873
s_016um_00107_00317-1,-3.9300394
s_016um_00345_00218-1,-3.0178385
s_016um_00057_00242-1,-3.1805167
s_016um_00278_00203-1,-3.289827
s_016um_00042_00241-1,-3.2726762
s_016um_00251_00018-1,-3.2843316
s_016um_00052_00246-1,-2.7511556
s_016um_00119_00143-1,-2.1479132
s_016um_00202_00149-1,-2.7319622
s_016um_00399_00121-1,-3.1728432
s_016um_00358_00089-1,-2.9056664
s_016um_00412_00102-1,-3.1577446
s_016um_00130_00093-1,-3.254768
s_016um_00139_00076-1,-3.1247244
s_016um_00099_00316-1,-3.2167287
s_016um_00278_00045-1,-2.98826
s_016um_00276_00226-1,-3.1967783
s_016um_00357_00090-1,-3.4112554
s_016um_00135_00215-1,-2.8618536
s_016um_00149_00394-1,-3.2518773
s_016um_00031_00332-1,-3.090686
s_016um_00235_00188-1,-3.3955328
s_016um_00096_00316-1,-3.0530317
s_016um_00276_00314-1,-3.2589989
s_016um_00223_00334-1,-2.9064975
s_016um_00033_00098-1,-3.1673841
s_016um_00068_00236-1,-3.0789456
s_016um_00035_00103-1,-3.0515885
s_016um_00075_00249-1,-3.3216178
s_016um_00085_00066-1,-2.9738665
s_016um_00046_00212-1,-2.7084994
s_016um_00042_00204-1,-3.094165
s_016um_00391_00339-1,-3.07158
s_016um_00327_00214-1,-3.1741803
s_016um_00036_00103-1,-3.197683
s_016um_00327_00212-1,-2.7037592
s_016um_00084_00264-1,-2.8660378
s_016um_00395_00357-1,-2.921584
s_016um_00014_00266-1,-3.060775
s_016um_00266_00035-1,-3.1869383
s_016um_00353_00116-1,-3.306544
s_016um_00227_00248-1,-2.7362573
s_016um_00388_00338-1,-3.6188366
s_016um_00275_00052-1,-3.0950973
s_016um_00367_00094-1,-2.934676
s_016um_00159_00287-1,-3.0350084
s_016um_00220_00028-1,-3.3450313
s_016um_00271_00336-1,-3.2959838
s_016um_00042_00042-1,-2.9529305
s_016um_00260_00029-1,-3.032744
s_016um_00374_00146-1,-3.3110745
s_016um_00387_00129-1,-3.209631
s_016um_00231_00362-1,-3.1068716
s_016um_00413_00104-1,-2.9447672
s_016um_00075_00241-1,-3.2729747
s_016um_00090_00071-1,-3.2690108
s_016um_00327_00306-1,-3.104719
s_016um_00100_00385-1,-3.6864061
s_016um_00145_00399-1,-2.9604306
s_016um_00397_00258-1,-3.3604414
s_016um_00140_00216-1,-3.043194
s_016um_00142_00054-1,-2.8010054
s_016um_00325_00229-1,-3.044113
s_016um_00094_00340-1,-3.1757808
s_016um_00355_00021-1,-2.5990944
s_016um_00040_00177-1,-2.873632
s_016um_00356_00291-1,-3.3170302
s_016um_00327_00232-1,-3.0828094
s_016um_00194_00121-1,-3.6131618
s_016um_00140_00021-1,-3.1116087
s_016um_00370_00142-1,-2.963939
s_016um_00037_00043-1,-3.0513043
s_016um_00266_00058-1,-3.4385803
s_016um_00012_00295-1,-2.7380118
s_016um_00017_00268-1,-2.881301
s_016um_00257_00035-1,-2.6055698
s_016um_00265_00135-1,-3.0993392
s_016um_00221_00235-1,-2.8518996
s_016um_00325_00162-1,-2.990878
s_016um_00037_00008-1,-2.6308136
s_016um_00143_00057-1,-3.2288332
s_016um_00077_00242-1,-2.9808233
s_016um_00136_00215-1,-2.806541
s_016um_00166_00374-1,-3.109354
s_016um_00398_00366-1,-3.4929578
s_016um_00370_00141-1,-2.9701958
s_016um_00237_00360-1,-3.1855106
s_016um_00008_00155-1,-3.3348653
s_016um_00363_00227-1,-3.087998
s_016um_00384_00139-1,-2.8029718
s_016um_00396_00367-1,-3.4250302
s_016um_00246_00085-1,-2.92614
s_016um_00221_00010-1,-3.4098454
s_016um_00249_00026-1,-2.9188523
s_016um_00394_00342-1,-3.3197565
s_016um_00392_00339-1,-3.1564462
s_016um_00324_00304-1,-3.0708058
s_016um_00394_00186-1,-2.9513564
s_016um_00121_00147-1,-3.0707104
s_016um_00272_00031-1,-2.9728675
s_016um_00323_00304-1,-3.048835
s_016um_00217_00233-1,-3.4837031
s_016um_00377_00140-1,-3.2747102
s_016um_00270_00330-1,-3.8096561
s_016um_00083_00035-1,-2.891996
s_016um_00406_00398-1,-3.0925283
s_016um_00352_00089-1,-3.1874638
s_016um_00367_00101-1,-2.9845796
s_016um_00066_00238-1,-2.8579638
s_016um_00221_00014-1,-2.9174259
s_016um_00222_00030-1,-3.3942707
s_016um_00272_00222-1,-3.403463
s_016um_00195_00095-1,-2.8514981
s_016um_00217_00015-1,-3.1042726
s_016um_00016_00266-1,-2.9831333
s_016um_00226_00329-1,-2.9685884
s_016um_00215_00297-1,-3.3090668
s_016um_00095_00271-1,-3.157976
s_016um_00236_00266-1,-3.1873813
s_016um_00188_00094-1,-3.1167822
s_016um_00274_00333-1,-2.9302342
s_016um_00395_00369-1,-3.4150834
s_016um_00163_00126-1,-2.876281
s_016um_00095_00339-1,-3.120736
s_016um_00076_00300-1,-2.8981655
s_016um_00234_00359-1,-3.3301568
s_016um_00090_00067-1,-3.0242069
s_016um_00034_00008-1,-3.098745
s_016um_00040_00212-1,-3.0951412
s_016um_00082_00240-1,-3.0149026
s_016um_00271_00231-1,-3.0372915
s_016um_00271_00057-1,-3.296426
s_016um_00273_00133-1,-3.112343
s_016um_00330_00254-1,-3.08582
s_016um_00070_00248-1,-2.9438243
s_016um_00062_00125-1,-3.1234229
s_016um_00362_00228-1,-3.10927
s_016um_00277_00313-1,-3.2090497
s_016um_00126_00388-1,-3.2665837
s_016um_00329_00123-1,-2.9802144
s_016um_00358_00119-1,-2.8719354
s_016um_00328_00225-1,-2.951683
s_016um_00373_00147-1,-2.9171252
s_016um_00276_00203-1,-3.2220087
s_016um_00372_00147-1,-3.6669493
s_016um_00006_00155-1,-2.9134629
s_016um_00145_00057-1,-3.5253391
s_016um_00326_00226-1,-2.963154
s_016um_00222_00172-1,-2.9716785
s_016um_00057_00248-1,-2.9221797
s_016um_00083_00267-1,-3.200866
s_016um_00397_00216-1,-3.2880507
s_016um_00341_00400-1,-3.1054797
s_016um_00075_00299-1,-2.977012
s_016um_00236_00362-1,-3.118531
s_016um_00077_00240-1,-3.2382853
s_016um_00365_00100-1,-3.1555064
s_016um_00370_00117-1,-2.911476
s_016um_00407_00102-1,-2.9259987
s_016um_00401_00396-1,-4.0510974
s_016um_00229_00332-1,-3.0172195
s_016um_00120_00146-1,-3.310109
s_016um_00040_00174-1,-3.1848476
s_016um_00340_00216-1,-3.1437113
s_016um_00105_00383-1,-2.8651764
s_016um_00410_00102-1,-3.1875205
s_016um_00267_00059-1,-3.111736
s_016um_00338_00397-1,-4.4542513
s_016um_00134_00232-1,-3.1927598
s_016um_00402_00126-1,-3.3741693
s_016um_00254_00034-1,-2.6395226
s_016um_00136_00318-1,-2.652037
s_016um_00131_00094-1,-3.089783
s_016um_00394_00338-1,-3.2024271
s_016um_00222_00174-1,-3.1210778
s_016um_00037_00103-1,-3.1743295
s_016um_00376_00121-1,-2.7832756
s_016um_00402_00398-1,-2.920063
s_016um_00327_00228-1,-3.0916178
s_016um_00041_00205-1,-3.167734
s_016um_00005_00211-1,-2.9506516
s_016um_00271_00030-1,-3.397057
s_016um_00324_00230-1,-2.8566134
s_016um_00394_00343-1,-3.510858
s_016um_00203_00146-1,-2.7773538
s_016um_00067_00128-1,-2.9080675
s_016um_00218_00281-1,-3.2725742
s_016um_00014_00297-1,-3.2267754
s_016um_00221_00226-1,-3.085622
s_016um_00183_00025-1,-2.9995081
s_016um_00075_00247-1,-2.858518
s_016um_00035_00104-1,-3.0493734
s_016um_00135_00218-1,-3.1439247
s_016um_00396_00368-1,-3.2130876
s_016um_00168_00127-1,-2.356316
s_016um_00216_00232-1,-3.2397525
s_016um_00254_00029-1,-3.0776875
s_016um_00263_00192-1,-2.9757788
s_016um_00264_00186-1,-2.97093
s_016um_00084_00035-1,-2.9957836
s_016um_00040_00205-1,-3.1007795
s_016um_00372_00144-1,-3.123494
s_016um_00126_00389-1,-3.059097
s_016um_00128_00319-1,-3.1139042
s_016um_00008_00294-1,-3.116498
s_016um_00277_00052-1,-3.4416306
s_016um_00102_00065-1,-2.6851547
s_016um_00092_00269-1,-2.8894846
s_016um_00262_00030-1,-3.0722518
s_016um_00129_00315-1,-2.4547265
s_016um_00338_00405-1,-3.7243326
s_016um_00173_00375-1,-2.990695
s_016um_00356_00121-1,-3.080909
s_016um_00269_00061-1,-2.6272526
s_016um_00010_00300-1,-3.334271
s_016um_00093_00338-1,-3.1480541
s_016um_00006_00300-1,-3.2076447
s_016um_00353_00026-1,-3.1658533
s_016um_00330_00257-1,-3.132481
s_016um_00243_00090-1,-3.14106
s_016um_00082_00297-1,-3.1660767
s_016um_00145_00058-1,-3.1000495
s_016um_00399_00262-1,-2.8314593
s_016um_00074_00250-1,-2.9633138
s_016um_00337_00399-1,-3.460981
s_016um_00233_00091-1,-2.942186
s_016um_00105_00390-1,-3.129091
s_016um_00141_00022-1,-3.6956103
s_016um_00037_00041-1,-3.137186
s_016um_00239_00087-1,-3.044812
s_016um_00102_00071-1,-2.996381
s_016um_00174_00377-1,-2.7832365
s_016um_00338_00404-1,-3.5783885
s_016um_00036_00007-1,-3.0411398
s_016um_00171_00376-1,-3.1820846
s_016um_00277_00134-1,-3.1177566
s_016um_00066_00131-1,-2.9133017
s_016um_00150_00394-1,-3.3022904
s_016um_00134_00233-1,-3.1545045
s_016um_00359_00411-1,-3.6177623
s_016um_00276_00209-1,-2.6995451
s_016um_00380_00136-1,-3.3457685
s_016um_00039_00210-1,-3.1309385
s_016um_00406_00144-1,-3.0632591
s_016um_00339_00397-1,-4.244481
s_016um_00117_00145-1,-3.0107398
s_016um_00139_00058-1,-2.7529895
s_016um_00341_00214-1,-3.2089026
s_016um_00093_00321-1,-3.1059124
s_016um_00037_00047-1,-3.067658
s_016um_00254_00032-1,-2.6379852
s_016um_00034_00105-1,-3.309355
s_016um_00055_00250-1,-3.1286952
s_016um_00053_00243-1,-3.199725
s_016um_00009_00299-1,-3.0552583
s_016um_00367_00141-1,-3.0868812
s_016um_00279_00047-1,-2.892283
s_016um_00094_00271-1,-3.412686
s_016um_00207_00149-1,-2.9471674
s_016um_00352_00024-1,-2.7959607
s_016um_00416_00137-1,-3.1681914
s_016um_00084_00195-1,-2.6149158
s_016um_00270_00061-1,-2.992261
s_016um_00346_00219-1,-3.4206512
s_016um_00236_00356-1,-3.1994076
s_016um_00203_00144-1,-3.1189187
s_016um_00161_00292-1,-2.9943018
s_016um_00128_00387-1,-3.1894248
s_016um_00043_00203-1,-3.1497269
s_016um_00407_00122-1,-3.2945747
s_016um_00072_00246-1,-2.891247
s_016um_00385_00136-1,-3.1507604
s_016um_00348_00214-1,-3.6920269
s_016um_00219_00230-1,-3.130674
s_016um_00331_00215-1,-3.0897236
s_016um_00381_00126-1,-3.1986566
s_016um_00218_00227-1,-3.04704
s_016um_00045_00239-1,-3.286825
s_016um_00154_00398-1,-3.0383687
s_016um_00385_00131-1,-3.1303856
s_016um_00385_00126-1,-3.55434
s_016um_00035_00007-1,-2.967403
s_016um_00233_00086-1,-3.339595
s_016um_00276_00043-1,-2.7128336
s_016um_00234_00086-1,-3.0222468
s_016um_00157_00286-1,-3.1561503
s_016um_00079_00291-1,-3.053064
s_016um_00277_00323-1,-3.1939094
s_016um_00072_00251-1,-2.8861828
s_016um_00288_00097-1,-3.2350307
s_016um_00415_00136-1,-3.4800227
s_016um_00164_00128-1,-3.008429
s_016um_00130_00090-1,-2.9702003
s_016um_00225_00331-1,-3.3618708
s_016um_00397_00218-1,-3.0899842
s_016um_00082_00242-1,-2.9056559
s_016um_00116_00147-1,-2.97243
s_016um_00227_00249-1,-2.8532279
s_016um_00095_00279-1,-3.0110526
s_016um_00056_00246-1,-3.0601172
s_016um_00334_00253-1,-3.570755
s_016um_00252_00019-1,-3.0828304
s_016um_00139_00021-1,-3.0608194
s_016um_00319_00164-1,-2.9549665
s_016um_00111_00313-1,-3.0003536
s_016um_00247_00022-1,-3.335594
s_016um_00150_00398-1,-3.4501283
s_016um_00044_00218-1,-3.0288782
s_016um_00057_00251-1,-3.193818
s_016um_00132_00316-1,-2.028148
s_016um_00276_00329-1,-3.2338624
s_016um_00109_00317-1,-3.049349
s_016um_00393_00340-1,-3.3781152
s_016um_00218_00173-1,-3.247769
s_016um_00280_00048-1,-2.74294
s_016um_00246_00090-1,-3.2446644
s_016um_00044_00175-1,-3.4704447
s_016um_00045_00244-1,-3.1866028
s_016um_00321_00300-1,-2.5427618
s_016um_00369_00144-1,-3.049151
s_016um_00086_00073-1,-3.0103338
s_016um_00374_00118-1,-3.06374
s_016um_00326_00224-1,-3.5636683
s_016um_00141_00015-1,-3.1092336
s_016um_00081_00193-1,-3.06807
s_016um_00124_00386-1,-3.4907105
s_016um_00011_00151-1,-3.083655
s_016um_00107_00387-1,-2.9852695
s_016um_00397_00374-1,-3.8728294
s_016um_00241_00083-1,-2.8366306
s_016um_00360_00418-1,-2.043219
s_016um_00092_00273-1,-3.1354182
s_016um_00269_00030-1,-3.0865119
s_016um_00359_00413-1,-3.8002548
s_016um_00232_00362-1,-3.051806
s_016um_00233_00266-1,-3.4849355
s_016um_00223_00239-1,-2.757333
s_016um_00136_00319-1,-2.2233899
s_016um_00275_00209-1,-3.0581512
s_016um_00246_00023-1,-2.9405737
s_016um_00405_00125-1,-2.841504
s_016um_00130_00230-1,-3.2678638
s_016um_00234_00092-1,-3.0196187
s_016um_00364_00230-1,-3.3603194
s_016um_00147_00058-1,-3.1259484
s_016um_00039_00009-1,-2.811278
s_016um_00148_00401-1,-2.9432979
s_016um_00080_00292-1,-3.0582533
s_016um_00393_00294-1,-3.314175
s_016um_00357_00415-1,-4.3945384
s_016um_00248_00025-1,-3.349083
s_016um_00085_00073-1,-2.7744212
s_016um_00397_00180-1,-3.1062918
s_016um_00396_00180-1,-2.9158363
s_016um_00096_00274-1,-2.9886582
s_016um_00120_00143-1,-3.4214306
s_016um_00246_00089-1,-2.9554553
s_016um_00011_00157-1,-3.3466766
s_016um_00264_00128-1,-3.0730505
s_016um_00095_00029-1,-3.0630999
s_016um_00036_00099-1,-2.979244
s_016um_00097_00027-1,-3.1404235
s_016um_00192_00094-1,-2.7070863
s_016um_00171_00127-1,-2.9200861
s_016um_00123_00150-1,-3.3883226
s_016um_00213_00290-1,-2.971047
s_016um_00400_00398-1,-3.7591324
s_016um_00394_00360-1,-3.0742688
s_016um_00229_00235-1,-3.133986
s_016um_00029_00336-1,-3.230303
s_016um_00034_00010-1,-3.0063229
s_016um_00145_00056-1,-3.0754912
s_016um_00372_00125-1,-3.13555
s_016um_00216_00284-1,-3.3109386
s_016um_00272_00202-1,-3.2222457
s_016um_00036_00042-1,-3.3271668
s_016um_00043_00217-1,-3.0382895
s_016um_00272_00330-1,-3.222967
s_016um_00145_00396-1,-2.8730717
s_016um_00215_00029-1,-3.195847
s_016um_00100_00069-1,-3.009998
s_016um_00100_00067-1,-3.0529375
s_016um_00040_00204-1,-2.9537354
s_016um_00013_00299-1,-2.968371
s_016um_00089_00065-1,-3.2739348
s_016um_00279_00133-1,-3.199773
s_016um_00218_00229-1,-3.3610163
s_016um_00006_00152-1,-3.1415908
s_016um_00326_00229-1,-3.0425422
s_016um_00259_00031-1,-3.10056
s_016um_00396_00358-1,-3.400883
s_016um_00124_00090-1,-3.0980794
s_016um_00018_00270-1,-3.1271112
s_016um_00269_00224-1,-3.1677017
s_016um_00162_00293-1,-3.2373686
s_016um_00027_00333-1,-3.2602167
s_016um_00403_00149-1,-2.9450483
s_016um_00350_00019-1,-2.7812963
s_016um_00406_00123-1,-2.323065
s_016um_00036_00100-1,-3.1906686
s_016um_00102_00072-1,-3.5153098
s_016um_00130_00387-1,-3.1116493
s_016um_00267_00333-1,-2.8270288
s_016um_00191_00128-1,-3.360148
s_016um_00359_00416-1,-3.424226
s_016um_00218_00017-1,-3.1674771
s_016um_00388_00344-1,-3.1232152
s_016um_00079_00301-1,-3.0507364
s_016um_00287_00100-1,-3.00373
s_016um_00084_00031-1,-3.225364
s_016um_00221_00169-1,-2.9150066
s_016um_00044_00042-1,-3.1055458
s_016um_00229_00329-1,-2.9061785
s_016um_00343_00218-1,-3.0551054
s_016um_00082_00196-1,-3.663785
s_016um_00270_00030-1,-2.579473
s_016um_00362_00416-1,-3.1103377
s_016um_00053_00244-1,-3.1836145
s_016um_00390_00182-1,-3.363418
s_016um_00099_00028-1,-3.361236
s_016um_00386_00132-1,-3.4620411
s_016um_00328_00123-1,-3.139072
s_016um_00071_00235-1,-2.9213576
s_016um_00224_00335-1,-2.9843621
s_016um_00108_00386-1,-2.9311876
s_016um_00386_00127-1,-3.267506
s_016um_00138_00069-1,-2.966398
s_016um_00099_00024-1,-3.1456752
s_016um_00286_00092-1,-2.8578763
s_016um_00238_00186-1,-3.4008884
s_016um_00371_00096-1,-3.052757
s_016um_00043_00237-1,-3.079167
s_016um_00189_00123-1,-2.7837703
s_016um_00063_00126-1,-3.2832026
s_016um_00084_00286-1,-3.292365
s_016um_00291_00094-1,-3.0301623
s_016um_00128_00089-1,-3.219878
s_016um_00340_00397-1,-3.998118
s_016um_00267_00328-1,-3.245921
s_016um_00217_00280-1,-3.2807724
s_016um_00269_00331-1,-3.2035265
s_016um_00393_00343-1,-3.1235392
s_016um_00213_00297-1,-3.0821488
s_016um_00276_00049-1,-3.1133265
s_016um_00410_00152-1,-3.1939328
s_016um_00254_00023-1,-3.063093
s_016um_00322_00230-1,-2.9382923
s_016um_00397_00221-1,-2.7443926
s_016um_00092_00322-1,-3.090097
s_016um_00039_00102-1,-3.3438826
s_016um_00217_00018-1,-2.8364778
s_016um_00232_00089-1,-3.3819742
s_016um_00268_00058-1,-2.8563669
s_016um_00341_00396-1,-2.9756515
s_016um_00277_00209-1,-2.8511064
s_016um_00400_00257-1,-2.6968133
s_016um_00278_00319-1,-3.2114265
s_016um_00038_00097-1,-3.3666096
s_016um_00084_00201-1,-3.1630003
s_016um_00250_00024-1,-3.259776
s_016um_00404_00259-1,-2.8599672
s_016um_00005_00295-1,-3.5653288
s_016um_00142_00018-1,-3.3980713
s_016um_00087_00272-1,-3.151381
s_016um_00133_00093-1,-3.285665
s_016um_00130_00088-1,-3.535476
s_016um_00275_00311-1,-3.5716655
s_016um_00256_00028-1,-3.1231563
s_016um_00078_00248-1,-2.7940161
s_016um_00098_00030-1,-2.9970276
s_016um_00108_00316-1,-3.336226
s_016um_00234_00262-1,-2.970466
s_016um_00216_00282-1,-3.0382383
s_016um_00404_00395-1,-4.151396
s_016um_00220_00282-1,-3.0346906
s_016um_00190_00126-1,-2.553522
s_016um_00309_00056-1,-3.2794235
s_016um_00351_00115-1,-3.1971557
s_016um_00370_00123-1,-3.1418777
s_016um_00180_00032-1,-3.265296
s_016um_00083_00195-1,-3.419498
s_016um_00244_00081-1,-2.6985126
s_016um_00229_00263-1,-2.9508655
s_016um_00259_00128-1,-2.8862462
s_016um_00397_00219-1,-2.9426296
s_016um_00065_00233-1,-3.099371
s_016um_00164_00125-1,-2.8484483
s_016um_00019_00272-1,-3.144513
s_016um_00357_00287-1,-2.8217952
s_016um_00403_00400-1,-1.3985747
s_016um_00163_00287-1,-3.3465111
s_016um_00374_00143-1,-2.8543649
s_016um_00281_00327-1,-3.2600698
s_016um_00277_00202-1,-3.041232
s_016um_00115_00317-1,-3.1860268
s_016um_00233_00354-1,-2.784463
s_016um_00379_00133-1,-2.8697436
s_016um_00007_00299-1,-3.0420876
s_016um_00348_00020-1,-2.8184333
s_016um_00086_00266-1,-2.9671888
s_016um_00274_00138-1,-3.2750797
s_016um_00039_00179-1,-2.9754496
s_016um_00350_00025-1,-2.9436507
s_016um_00082_00294-1,-3.0152762
s_016um_00132_00093-1,-3.0691483
s_016um_00163_00128-1,-2.8895638
s_016um_00235_00187-1,-2.9628127
s_016um_00040_00178-1,-3.107562
s_016um_00262_00191-1,-3.1812215
s_016um_00378_00134-1,-3.4612882
s_016um_00261_00130-1,-2.555326
s_016um_00140_00058-1,-3.3850307
s_016um_00392_00341-1,-3.1440752
s_016um_00079_00294-1,-2.7435105
s_016um_00237_00187-1,-3.1481185
s_016um_00400_00128-1,-3.1399426
s_016um_00403_00152-1,-3.5231657
s_016um_00098_00031-1,-3.561573
s_016um_00238_00091-1,-3.1665688
s_016um_00268_00223-1,-3.3110292
s_016um_00267_00056-1,-2.7931795
s_016um_00236_00264-1,-3.3806252
s_016um_00240_00091-1,-3.4549394
s_016um_00308_00060-1,-3.257302
s_016um_00350_00018-1,-2.99427
s_016um_00277_00317-1,-3.233015
s_016um_00218_00284-1,-3.1962376
s_016um_00275_00323-1,-3.2329035
s_016um_00146_00020-1,-3.2112458
s_016um_00082_00269-1,-2.7128384
s_016um_00133_00231-1,-3.3764277
s_016um_00043_00214-1,-3.065115
s_016um_00243_00188-1,-2.8760552
s_016um_00368_00141-1,-2.9063253
s_016um_00218_00027-1,-3.1474185
s_016um_00063_00129-1,-3.1757605
s_016um_00403_00121-1,-3.0372155
s_016um_00044_00048-1,-2.9009805
s_016um_00217_00027-1,-3.0061927
s_016um_00007_00298-1,-2.9410076
s_016um_00265_00333-1,-3.2604353
s_016um_00166_00121-1,-3.2114124
s_016um_00359_00118-1,-3.2034373
s_016um_00351_00120-1,-3.1154442
s_016um_00139_00069-1,-3.4708538
s_016um_00037_00175-1,-3.3747559
s_016um_00043_00219-1,-2.7350135
s_016um_00339_00401-1,-4.113122
s_016um_00391_00177-1,-3.179045
s_016um_00115_00145-1,-3.0243282
s_016um_00110_00312-1,-3.2307723
s_016um_00353_00114-1,-3.194585
s_016um_00028_00330-1,-3.5848298
s_016um_00393_00217-1,-2.8549426
s_016um_00234_00357-1,-3.0687985
s_016um_00008_00298-1,-2.846786
s_016um_00239_00088-1,-3.0287156
s_016um_00322_00231-1,-3.6169205
s_016um_00080_00239-1,-2.815128
s_016um_00220_00165-1,-3.0215042
s_016um_00268_00031-1,-2.763948
s_016um_00016_00270-1,-2.8648417
s_016um_00038_00100-1,-3.0461757
s_016um_00351_00090-1,-3.0069075
s_016um_00045_00245-1,-2.9710383
s_016um_00257_00030-1,-2.9746168
s_016um_00277_00044-1,-2.9690797
s_016um_00082_00031-1,-3.3818488
s_016um_00358_00097-1,-3.097404
s_016um_00397_00360-1,-3.001347
s_016um_00220_00231-1,-3.0470424
s_016um_00355_00287-1,-2.918531
s_016um_00086_00270-1,-2.9471953
s_016um_00379_00134-1,-2.8401039
s_016um_00149_00393-1,-3.4624481
s_016um_00264_00054-1,-3.113896
s_016um_00412_00103-1,-3.0956733
s_016um_00262_00131-1,-3.2607603
s_016um_00325_00167-1,-2.9369998
s_016um_00048_00213-1,-3.3407094
s_016um_00227_00233-1,-3.558173
s_016um_00189_00125-1,-2.7025921
s_016um_00067_00132-1,-3.0852385
s_016um_00270_00229-1,-3.023926
s_016um_00132_00317-1,-1.6243975
s_016um_00407_00104-1,-3.0058296
s_016um_00261_00032-1,-2.9772027
s_016um_00222_00249-1,-2.6106746
s_016um_00098_00318-1,-3.1779118
s_016um_00128_00230-1,-2.9281855
s_016um_00220_00229-1,-2.9617808
s_016um_00397_00363-1,-3.058618
s_016um_00100_00023-1,-3.3105593
s_016um_00081_00236-1,-3.2689002
s_016um_00216_00278-1,-3.37799
s_016um_00353_00024-1,-2.9500093
s_016um_00076_00252-1,-3.6880317
s_016um_00322_00169-1,-3.123479
s_016um_00121_00150-1,-3.079236
s_016um_00332_00212-1,-2.9879074
s_016um_00042_00237-1,-3.2561104
s_016um_00382_00140-1,-3.0527909
s_016um_00354_00118-1,-3.2566953
s_016um_00119_00142-1,-3.4002104
s_016um_00128_00227-1,-3.1311193
s_016um_00337_00402-1,-3.3442183
s_016um_00079_00194-1,-3.0772629
s_016um_00370_00146-1,-3.393252
s_016um_00183_00029-1,-3.1578777
s_016um_00332_00121-1,-3.0116487
s_016um_00086_00272-1,-2.9098623
s_016um_00047_00214-1,-3.074359
s_016um_00086_00267-1,-3.338817
s_016um_00166_00371-1,-3.2776086
s_016um_00262_00134-1,-2.6596663
s_016um_00403_00260-1,-3.1598036
s_016um_00395_00185-1,-2.9380407
s_016um_00085_00201-1,-3.2008111
s_016um_00273_00222-1,-3.2390053
s_016um_00274_00044-1,-2.8717916
s_016um_00066_00130-1,-3.3683827
s_016um_00250_00022-1,-2.966642
s_016um_00405_00151-1,-2.9602292
s_016um_00083_00273-1,-2.8305392
s_016um_00324_00226-1,-3.1210666
s_016um_00257_00025-1,-3.3675756
s_016um_00236_00086-1,-3.267152
s_016um_00115_00148-1,-3.0225117
s_016um_00354_00090-1,-3.016698
s_016um_00224_00327-1,-3.1849818
s_016um_00161_00289-1,-3.1743107
s_016um_00208_00296-1,-2.8337834
s_016um_00034_00333-1,-3.170939
s_016um_00322_00301-1,-3.0363986
s_016um_00178_00031-1,-3.4546435
s_016um_00375_00123-1,-2.8701534
s_016um_00081_00278-1,-3.0826366
s_016um_00211_00296-1,-2.6438885
s_016um_00066_00133-1,-3.3340626
s_016um_00041_00174-1,-3.1015897
s_016um_00097_00071-1,-3.427288
s_016um_00145_00019-1,-3.2246017
s_016um_00168_00125-1,-2.9717157
s_016um_00057_00246-1,-2.8850627
s_016um_00102_00389-1,-3.019874
s_016um_00269_00227-1,-3.2632108
s_016um_00127_00089-1,-3.3044531
s_016um_00113_00316-1,-2.8782144
s_016um_00392_00337-1,-3.5195353
s_016um_00019_00266-1,-3.0425644
s_016um_00147_00398-1,-2.8690658
s_016um_00385_00132-1,-3.1250536
s_016um_00353_00095-1,-2.8618038
s_016um_00408_00145-1,-2.94621
s_016um_00322_00170-1,-2.9340217
s_016um_00372_00096-1,-2.9268801
s_016um_00262_00187-1,-2.8747184
s_016um_00018_00266-1,-3.1810462
s_016um_00046_00217-1,-3.22019
s_016um_00037_00044-1,-3.015119
s_016um_00023_00268-1,-3.0009055
s_016um_00028_00089-1,-3.754539
s_016um_00271_00061-1,-2.9476361
s_016um_00399_00127-1,-3.0003803
s_016um_00132_00229-1,-3.2422347
s_016um_00324_00298-1,-3.555914
s_016um_00222_00011-1,-2.9951053
s_016um_00040_00048-1,-3.0867343
s_016um_00261_00331-1,-3.0825803
s_016um_00258_00187-1,-2.5416698
s_016um_00275_00314-1,-2.9119573
s_016um_00267_00035-1,-3.3324356
s_016um_00276_00207-1,-3.3361971
s_016um_00263_00135-1,-3.2838917
s_016um_00083_00065-1,-3.3693132
s_016um_00406_00147-1,-2.984071
s_016um_00414_00143-1,-3.1016784
s_016um_00399_00220-1,-2.930627
s_016um_00382_00128-1,-3.0389688
s_016um_00096_00031-1,-3.0385802
s_016um_00343_00212-1,-3.2295096
s_016um_00055_00247-1,-2.6881585
s_016um_00066_00129-1,-3.092161
s_016um_00397_00259-1,-2.9889047
s_016um_00040_00099-1,-3.3405924
s_016um_00366_00222-1,-3.0342834
s_016um_00218_00169-1,-3.100611
s_016um_00277_00129-1,-3.1366773
s_016um_00069_00131-1,-3.2255795
s_016um_00359_00094-1,-3.0117598
s_016um_00352_00097-1,-3.0006921
s_016um_00381_00132-1,-2.972228
s_016um_00077_00244-1,-2.7622805
s_016um_00359_00120-1,-3.1410265
s_016um_00277_00319-1,-3.3014588
s_016um_00406_00126-1,-3.0532079
s_016um_00396_00341-1,-3.8889177
s_016um_00341_00218-1,-2.7937124
s_016um_00402_00151-1,-3.1539068
s_016um_00285_00092-1,-2.9567652
s_016um_00045_00208-1,-3.218134
s_016um_00019_00267-1,-2.9677718
s_016um_00355_00288-1,-3.4329054
s_016um_00396_00364-1,-3.156139
s_016um_00030_00336-1,-3.572046
s_016um_00369_00139-1,-3.0649552
s_016um_00061_00245-1,-2.789254
s_016um_00222_00334-1,-3.2103539
s_016um_00327_00119-1,-3.4968345
s_016um_00272_00045-1,-2.9714074
s_016um_00092_00318-1,-3.1932304
s_016um_00261_00133-1,-3.0052032
s_016um_00161_00290-1,-3.1510277
s_016um_00224_00026-1,-3.2700014
s_016um_00319_00302-1,-3.3140378
s_016um_00211_00292-1,-3.3108525
s_016um_00270_00054-1,-2.994216
s_016um_00280_00046-1,-2.8916678
s_016um_00040_00101-1,-3.1135983
s_016um_00273_00336-1,-2.8603513
s_016um_00399_00373-1,-3.905721
s_016um_00141_00217-1,-2.7685
s_016um_00394_00344-1,-3.5175502
s_016um_00327_00213-1,-3.1647065
s_016um_00286_00095-1,-2.8065982
s_016um_00272_00229-1,-3.06433
s_016um_00355_00088-1,-2.8200831
s_016um_00351_00018-1,-3.1061795
s_016um_00271_00035-1,-3.0691767
s_016um_00085_00197-1,-2.9692276
s_016um_00141_00220-1,-2.952041
s_016um_00372_00126-1,-3.7491376
s_016um_00019_00271-1,-2.7982397
s_016um_00388_00340-1,-3.6087253
s_016um_00211_00291-1,-3.2865214
s_016um_00220_00172-1,-3.012621
s_016um_00218_00226-1,-2.9402587
s_016um_00328_00218-1,-3.076487
s_016um_00330_00252-1,-3.6717534
s_016um_00107_00389-1,-3.352125
s_016um_00074_00296-1,-3.1579993
s_016um_00280_00045-1,-2.9193797
s_016um_00273_00318-1,-3.2257688
s_016um_00251_00023-1,-3.0446396
s_016um_00349_00018-1,-3.0861273
s_016um_00372_00143-1,-3.0000868
s_016um_00267_00132-1,-3.344376
s_016um_00219_00169-1,-3.008867
s_016um_00400_00220-1,-3.1831267
s_016um_00268_00034-1,-2.9007623
s_016um_00263_00329-1,-2.9588237
s_016um_00222_00329-1,-3.1400187
s_016um_00326_00298-1,-3.3451374
s_016um_00351_00025-1,-3.4496813
s_016um_00344_00218-1,-2.6365385
s_016um_00369_00096-1,-2.999086
s_016um_00333_00256-1,-3.2395284
s_016um_00134_00230-1,-3.2467928
s_016um_00069_00127-1,-3.2848177
s_016um_00324_00227-1,-3.0831203
s_016um_00326_00124-1,-3.1098135
s_016um_00392_00297-1,-3.7003443
s_016um_00253_00032-1,-2.8484967
s_016um_00278_00206-1,-2.8401132
s_016um_00055_00245-1,-3.0825067
s_016um_00100_00388-1,-3.360698
s_016um_00224_00238-1,-3.367931
s_016um_00273_00030-1,-2.5482109
s_016um_00394_00185-1,-3.0422747
s_016um_00004_00297-1,-3.181416
s_016um_00329_00124-1,-2.8905058
s_016um_00179_00033-1,-3.149276
s_016um_00398_00183-1,-3.1731822
s_016um_00010_00207-1,-3.0038373
s_016um_00278_00327-1,-2.990551
s_016um_00088_00034-1,-2.9548059
s_016um_00285_00095-1,-2.8384457
s_016um_00239_00188-1,-2.9311335
s_016um_00314_00056-1,-3.1279233
s_016um_00262_00133-1,-3.01132
s_016um_00067_00238-1,-3.2771025
s_016um_00040_00104-1,-3.1552515
s_016um_00379_00132-1,-3.0588682
s_016um_00379_00136-1,-3.2010179
s_016um_00075_00242-1,-3.0843976
s_016um_00127_00090-1,-3.782567
s_016um_00227_00332-1,-3.0672138
s_016um_00404_00397-1,-3.6330962
s_016um_00046_00208-1,-3.1037912
s_016um_00403_00397-1,-4.145752
s_016um_00352_00090-1,-2.938609
s_016um_00391_00342-1,-2.6697338
s_016um_00124_00147-1,-3.3306925
s_016um_00222_00245-1,-3.2001173
s_016um_00040_00207-1,-3.1097858
s_016um_00394_00364-1,-3.7683296
s_016um_00249_00021-1,-3.8376622
s_016um_00087_00071-1,-3.218015
s_016um_00025_00089-1,-3.0625503
s_016um_00274_00323-1,-3.234907
s_016um_00130_00390-1,-3.2162194
s_016um_00390_00178-1,-2.9359603
s_016um_00056_00244-1,-3.0473588
s_016um_00404_00148-1,-3.2009442
s_016um_00215_00027-1,-3.3498993
s_016um_00405_00147-1,-3.0935252
s_016um_00333_00213-1,-3.533006
s_016um_00403_00256-1,-3.3680942
s_016um_00031_00329-1,-3.2335813
s_016um_00015_00264-1,-3.1112018
s_016um_00280_00315-1,-3.0639167
s_016um_00062_00132-1,-3.0015392
s_016um_00411_00100-1,-3.245008
s_016um_00058_00247-1,-3.1301472
s_016um_00150_00400-1,-3.160956
s_016um_00265_00133-1,-2.8326437
s_016um_00386_00128-1,-2.9011507
s_016um_00022_00270-1,-3.090253
s_016um_00403_00261-1,-3.5398362
s_016um_00362_00227-1,-3.0152936
s_016um_00195_00123-1,-3.0507326
s_016um_00366_00100-1,-3.2555752
s_016um_00352_00091-1,-2.9941187
s_016um_00261_00128-1,-2.9464467
s_016um_00078_00285-1,-3.1254451
s_016um_00266_00129-1,-3.2465246
s_016um_00369_00228-1,-3.1532485
s_016um_00030_00330-1,-3.0712261
s_016um_00209_00030-1,-3.255651
s_016um_00138_00217-1,-3.3071465
s_016um_00144_00021-1,-2.9407706
s_016um_00021_00272-1,-3.3504162
s_016um_00324_00232-1,-2.8587
s_016um_00077_00292-1,-3.106934
s_016um_00035_00097-1,-3.4722824
s_016um_00276_00315-1,-3.0584824
s_016um_00161_00293-1,-3.0609694
s_016um_00033_00330-1,-3.285167
s_016um_00113_00314-1,-2.9114077
s_016um_00114_00320-1,-2.96332
s_016um_00016_00264-1,-2.7976859
s_016um_00270_00031-1,-2.8266137
s_016um_00268_00056-1,-3.331837
s_016um_00277_00311-1,-3.1443057
s_016um_00119_00152-1,-3.135016
s_016um_00079_00296-1,-3.3698459
s_016um_00053_00247-1,-2.8319778
s_016um_00280_00134-1,-3.2434216
s_016um_00163_00127-1,-2.7930384
s_016um_00276_00210-1,-2.924166
s_016um_00109_00318-1,-2.8413382
s_016um_00032_00089-1,-3.1695833
s_016um_00320_00300-1,-2.939344
s_016um_00281_00312-1,-3.0368345
s_016um_00221_00229-1,-3.2296815
s_016um_00195_00091-1,-3.2383642
s_016um_00232_00359-1,-3.2075248
s_016um_00070_00235-1,-3.2527394
s_016um_00069_00237-1,-2.7400758
s_016um_00142_00059-1,-3.1460755
s_016um_00182_00028-1,-2.751723
s_016um_00218_00012-1,-3.4202318
s_016um_00073_00252-1,-2.8068426
s_016um_00237_00091-1,-2.2768266
s_016um_00010_00156-1,-3.2748625
s_016um_00042_00202-1,-3.0206983
s_016um_00271_00205-1,-3.6493216
s_016um_00094_00025-1,-3.0812645
s_016um_00221_00234-1,-2.7105784
s_016um_00044_00206-1,-2.8422868
s_016um_00127_00384-1,-2.986625
s_016um_00355_00292-1,-3.1675215
s_016um_00027_00084-1,-3.188115
s_016um_00369_00095-1,-2.811818
s_016um_00041_00177-1,-3.4480736
s_016um_00400_00399-1,-2.8185775
s_016um_00111_00316-1,-3.0884106
s_016um_00279_00206-1,-3.24013
s_016um_00284_00095-1,-3.137819
s_016um_00397_00357-1,-3.455689
s_016um_00221_00028-1,-2.718374
s_016um_00167_00129-1,-2.8834553
s_016um_00355_00413-1,-4.0838914
s_016um_00165_00287-1,-3.0392337
s_016um_00217_00031-1,-3.0291755
s_016um_00084_00281-1,-3.3056357
s_016um_00067_00237-1,-2.8197448
s_016um_00286_00098-1,-2.9981358
s_016um_00195_00126-1,-2.9682379
s_016um_00400_00372-1,-2.9825132
s_016um_00195_00127-1,-2.8948212
s_016um_00153_00401-1,-3.560141
s_016um_00195_00125-1,-3.1854959
s_016um_00268_00334-1,-3.198884
s_016um_00143_00059-1,-3.1432395
s_016um_00214_00277-1,-3.2630284
s_016um_00225_00234-1,-3.1358917
s_016um_00135_00320-1,-2.1955292
s_016um_00099_00026-1,-3.0673099
s_016um_00325_00227-1,-2.9566526
s_016um_00382_00136-1,-3.157374
s_016um_00266_00061-1,-2.758543
s_016um_00339_00402-1,-2.9816625
s_016um_00268_00333-1,-3.1401172
s_016um_00145_00395-1,-3.1850476
s_016um_00177_00030-1,-3.4369736
s_016um_00230_00355-1,-3.1057363
s_016um_00323_00168-1,-3.2158442
s_016um_00323_00306-1,-3.1075416
s_016um_00097_00276-1,-3.0109923
s_016um_00094_00028-1,-2.93366
s_016um_00015_00269-1,-3.1470687
s_016um_00277_00137-1,-3.010661
s_016um_00278_00202-1,-3.2816725
s_016um_00382_00131-1,-3.0522742
s_016um_00221_00023-1,-3.2190073
s_016um_00369_00147-1,-2.8802156
s_016um_00128_00086-1,-2.9314969
s_016um_00069_00238-1,-3.1472633
s_016um_00183_00026-1,-3.079004
s_016um_00404_00147-1,-3.1342895
s_016um_00221_00173-1,-2.8977823
s_016um_00093_00272-1,-3.442782
s_016um_00189_00097-1,-3.1059356
s_016um_00173_00374-1,-2.8430119
s_016um_00278_00136-1,-3.316318
s_016um_00082_00239-1,-3.0840585
s_016um_00116_00148-1,-2.9234393
s_016um_00082_00071-1,-3.128323
s_016um_00224_00248-1,-3.059082
s_016um_00208_00290-1,-3.0509453
s_016um_00276_00327-1,-3.5331132
s_016um_00340_00218-1,-2.3794763
s_016um_00350_00020-1,-3.0216632
s_016um_00127_00387-1,-3.453775
s_016um_00086_00201-1,-2.9175954
s_016um_00044_00176-1,-3.1027122
s_016um_00141_00016-1,-3.0594337
s_016um_00218_00014-1,-2.8845716
s_016um_00032_00337-1,-2.965151
s_016um_00392_00299-1,-3.5788288
s_016um_00402_00397-1,-4.2735977
s_016um_00395_00371-1,-2.7052693
s_016um_00204_00151-1,-2.8414109
s_016um_00380_00129-1,-3.2369401
s_016um_00408_00399-1,-1.4703435
s_016um_00211_00029-1,-2.967573
s_016um_00080_00267-1,-3.1700194
s_016um_00108_00314-1,-2.9565697
s_016um_00041_00175-1,-3.1832902
s_016um_00028_00336-1,-3.075299
s_016um_00132_00228-1,-3.2772145
s_016um_00061_00126-1,-3.4124515
s_016um_00271_00032-1,-2.5147674
s_016um_00215_00277-1,-3.3448014
s_016um_00100_00031-1,-3.5547245
s_016um_00095_00275-1,-3.0095716
s_016um_00322_00299-1,-3.1325614
s_016um_00320_00305-1,-3.2855256
s_016um_00272_00029-1,-3.1662889
s_016um_00230_00260-1,-3.136647
s_016um_00358_00122-1,-2.6029396
s_016um_00354_00289-1,-3.1090636
s_016um_00097_00334-1,-3.370831
s_016um_00144_00058-1,-3.4162142
s_016um_00391_00291-1,-3.183442
s_016um_00184_00032-1,-3.1129375
s_016um_00135_00220-1,-3.2525847
s_016um_00353_00021-1,-2.926617
s_016um_00279_00202-1,-2.947257
s_016um_00280_00207-1,-3.1801114
s_016um_00204_00153-1,-3.152639
s_016um_00132_00091-1,-3.1099873
s_016um_00139_00015-1,-3.3475363
s_016um_00136_00223-1,-2.904399
s_016um_00026_00090-1,-3.3869348
s_016um_00409_00105-1,-2.9294093
s_016um_00395_00344-1,-3.7682137
s_016um_00102_00384-1,-3.3774252
s_016um_00129_00384-1,-3.3629947
s_016um_00010_00295-1,-3.2916336
s_016um_00226_00028-1,-3.1356745
s_016um_00390_00364-1,-3.2317052
s_016um_00360_00411-1,-3.0656543
s_016um_00035_00099-1,-3.0008464
s_016um_00137_00074-1,-3.292948
s_016um_00090_00274-1,-3.1542735
s_016um_00132_00231-1,-3.015091
s_016um_00274_00331-1,-3.3925896
s_016um_00101_00074-1,-2.952992
s_016um_00370_00101-1,-2.6909547
s_016um_00104_00388-1,-3.073695
s_016um_00126_00093-1,-3.129209
s_016um_00096_00341-1,-3.1017458
s_016um_00308_00053-1,-3.0048401
s_016um_00355_00294-1,-3.1380405
s_016um_00323_00166-1,-3.0199616
s_016um_00375_00122-1,-3.1585143
s_016um_00395_00259-1,-3.1554039
s_016um_00388_00342-1,-3.8236113
s_016um_00342_00397-1,-3.6601863
s_016um_00086_00072-1,-2.7825608
s_016um_00086_00067-1,-3.1736207
s_016um_00307_00055-1,-3.1831539
s_016um_00108_00319-1,-2.8235183
s_016um_00125_00089-1,-2.9560466
s_016um_00219_00232-1,-2.939838
s_016um_00217_00166-1,-2.6271942
s_016um_00083_00268-1,-3.3174329
s_016um_00074_00239-1,-3.0429695
s_016um_00261_00189-1,-2.892466
s_016um_00181_00034-1,-2.9276361
s_016um_00413_00100-1,-2.7826703
s_016um_00048_00243-1,-4.0865855
s_016um_00096_00024-1,-3.1363456
s_016um_00033_00004-1,-3.1492264
s_016um_00335_00400-1,-3.756029
s_016um_00271_00031-1,-3.2384586
s_016um_00358_00289-1,-2.9110901
s_016um_00083_00066-1,-3.1651447
s_016um_00233_00084-1,-3.1669145
s_016um_00042_00171-1,-2.9323914
s_016um_00284_00093-1,-2.904063
s_016um_00280_00314-1,-3.397911
s_016um_00107_00390-1,-3.1215374
s_016um_00391_00341-1,-3.6424704
s_016um_00100_00321-1,-3.1190555
s_016um_00136_00071-1,-2.9190748
s_016um_00319_00169-1,-3.0871527
s_016um_00401_00125-1,-2.788
s_016um_00324_00302-1,-3.1181755
s_016um_00049_00241-1,-2.9004316
s_016um_00120_00144-1,-3.4973488
s_016um_00082_00194-1,-3.4759388
s_016um_00143_00058-1,-2.8486247
s_016um_00248_00087-1,-2.5919175
s_016um_00064_00236-1,-3.296644
s_016um_00292_00096-1,-2.7235231
s_016um_00083_00072-1,-2.8465495
s_016um_00326_00214-1,-3.3465357
s_016um_00194_00095-1,-3.1888142
s_016um_00087_00035-1,-2.7344384
s_016um_00104_00066-1,-3.2031784
s_016um_00276_00312-1,-3.099207
s_016um_00274_00317-1,-3.2033942
s_016um_00383_00136-1,-2.9772375
s_016um_00268_00055-1,-2.868438
s_016um_00278_00209-1,-3.1207502
s_016um_00268_00337-1,-3.4130344
s_016um_00128_00091-1,-3.1412182
s_016um_00216_00028-1,-2.9460907
s_016um_00159_00285-1,-3.1390042
s_016um_00137_00070-1,-3.7173352
s_016um_00277_00315-1,-2.9725666
s_016um_00261_00033-1,-3.195919
s_016um_00401_00371-1,-3.172295
s_016um_00326_00228-1,-2.5969348
s_016um_00120_00145-1,-3.0599465
s_016um_00244_00088-1,-3.006148
s_016um_00332_00214-1,-2.936487
s_016um_00393_00371-1,-3.1413558
s_016um_00394_00337-1,-3.1231477
s_016um_00265_00332-1,-3.0807052
s_016um_00342_00212-1,-3.1637328
s_016um_00275_00208-1,-3.1016915
s_016um_00265_00134-1,-2.9438007
s_016um_00027_00086-1,-3.002186
s_016um_00196_00121-1,-3.1854253
s_016um_00290_00099-1,-3.2581995
s_016um_00229_00251-1,-3.0655
s_016um_00014_00214-1,-3.0161328
s_016um_00234_00090-1,-2.6918614
s_016um_00355_00118-1,-3.0646951
s_016um_00245_00083-1,-3.1556716
s_016um_00226_00238-1,-3.020525
s_016um_00399_00125-1,-3.2266214
s_016um_00404_00149-1,-3.132757
s_016um_00045_00241-1,-3.7226706
s_016um_00219_00010-1,-2.9268568
s_016um_00361_00414-1,-3.7102513
s_016um_00263_00188-1,-3.0385408
s_016um_00159_00288-1,-3.123441
s_016um_00124_00389-1,-3.0390222
s_016um_00133_00227-1,-3.3881595
s_016um_00412_00100-1,-2.9821172
s_016um_00060_00248-1,-2.85894
s_016um_00271_00028-1,-2.6512837
s_016um_00240_00187-1,-2.9379761
s_016um_00342_00214-1,-3.0322182
s_016um_00350_00024-1,-2.9535723
s_016um_00340_00404-1,-2.8279662
s_016um_00098_00336-1,-3.122993
s_016um_00078_00293-1,-2.9536784
s_016um_00268_00329-1,-3.322494
s_016um_00087_00269-1,-2.8974235
s_016um_00235_00186-1,-3.0956757
s_016um_00067_00129-1,-3.6069424
s_016um_00223_00025-1,-3.1740186
s_016um_00242_00183-1,-3.0663526
s_016um_00126_00383-1,-3.0369496
s_016um_00082_00198-1,-3.6024015
s_016um_00105_00066-1,-3.2068381
s_016um_00171_00371-1,-3.2290072
s_016um_00332_00257-1,-3.384669
s_016um_00333_00252-1,-2.888732
s_016um_00263_00057-1,-3.140936
s_016um_00270_00334-1,-3.2766204
s_016um_00103_00391-1,-3.1892245
s_016um_00392_00344-1,-3.265679
s_016um_00400_00365-1,-3.0816624
s_016um_00093_00280-1,-3.1632795
s_016um_00409_00145-1,-3.1521869
s_016um_00235_00265-1,-3.279721
s_016um_00172_00373-1,-3.3646367
s_016um_00089_00071-1,-3.5181847
s_016um_00318_00163-1,-3.2891018
s_016um_00085_00072-1,-3.077768
s_016um_00035_00330-1,-3.1357508
s_016um_00268_00227-1,-3.312287
s_016um_00327_00225-1,-2.9962852
s_016um_00272_00328-1,-2.950692
s_016um_00325_00169-1,-2.8794975
s_016um_00239_00092-1,-3.1990113
s_016um_00029_00093-1,-2.9275522
s_016um_00184_00031-1,-3.3812673
s_016um_00268_00229-1,-2.828711
s_016um_00168_00378-1,-3.2881157
s_016um_00237_00088-1,-3.2262895
s_016um_00247_00088-1,-2.74882
s_016um_00044_00208-1,-3.08594
s_016um_00371_00143-1,-3.1415274
s_016um_00325_00303-1,-2.9822338
s_016um_00097_00335-1,-3.131759
s_016um_00387_00343-1,-3.5184693
s_016um_00341_00401-1,-3.0939345
s_016um_00337_00252-1,-2.9346201
s_016um_00216_00167-1,-2.726757
s_016um_00064_00231-1,-2.8536406
s_016um_00045_00246-1,-3.0825672
s_016um_00059_00246-1,-3.3320794
s_016um_00238_00355-1,-3.5645416
s_016um_00071_00233-1,-2.9697552
s_016um_00092_00272-1,-3.4585829
s_016um_00140_00215-1,-2.9859045
s_016um_00082_00201-1,-3.4009674
s_016um_00056_00243-1,-3.5056565
s_016um_00221_00015-1,-2.969606
s_016um_00213_00278-1,-3.0810893
s_016um_00260_00031-1,-2.7264805
s_016um_00354_00022-1,-2.974061
s_016um_00273_00314-1,-3.0315464
s_016um_00404_00401-1,-2.920556
s_016um_00039_00011-1,-3.1163285
s_016um_00261_00135-1,-2.911531
s_016um_00106_00384-1,-3.2106295
s_016um_00133_00225-1,-2.9072683
s_016um_00010_00154-1,-3.0061138
s_016um_00222_00230-1,-3.2950656
s_016um_00239_00189-1,-3.0493944
s_016um_00097_00339-1,-3.0175388
s_016um_00102_00385-1,-3.1621106
s_016um_00073_00250-1,-2.845271
s_016um_00238_00358-1,-2.938942
s_016um_00041_00010-1,-2.954891
s_016um_00181_00033-1,-3.227588
s_016um_00397_00368-1,-3.3658893
s_016um_00016_00267-1,-3.1456206
s_016um_00102_00069-1,-3.1900449
s_016um_00220_00167-1,-3.1451397
s_016um_00369_00099-1,-3.1903858
s_016um_00040_00097-1,-2.973832
s_016um_00121_00144-1,-3.0088224
s_016um_00369_00141-1,-3.1510808
s_016um_00197_00124-1,-2.766297
s_016um_00359_00095-1,-2.8209
s_016um_00236_00358-1,-2.947997
s_016um_00394_00217-1,-3.131228
s_016um_00322_00162-1,-3.1380033
s_016um_00215_00278-1,-3.1043134
s_016um_00038_00207-1,-3.2463856
s_016um_00409_00147-1,-3.3530376
s_016um_00219_00016-1,-2.687551
s_016um_00276_00046-1,-2.9402447
s_016um_00355_00116-1,-2.9522226
s_016um_00224_00229-1,-3.077255
s_016um_00373_00143-1,-3.1483932
s_016um_00216_00015-1,-2.8721983
s_016um_00147_00057-1,-3.366869
s_016um_00355_00024-1,-3.1582296
s_016um_00221_00166-1,-3.0261679
s_016um_00219_00233-1,-2.9539332
s_016um_00392_00184-1,-3.1867788
s_016um_00401_00126-1,-3.0986617
s_016um_00273_00227-1,-2.922319
s_016um_00362_00223-1,-3.3020077
s_016um_00310_00053-1,-2.6922927
s_016um_00082_00193-1,-2.9961336
s_016um_00406_00128-1,-2.9001372
s_016um_00221_00232-1,-3.5457606
s_016um_00142_00219-1,-3.4339654
s_016um_00368_00122-1,-3.2731204
s_016um_00065_00134-1,-3.4310076
s_016um_00306_00059-1,-3.0180833
s_016um_00359_00288-1,-3.0478606
s_016um_00280_00328-1,-3.2847712
s_016um_00365_00223-1,-3.1674998
s_016um_00222_00168-1,-2.7890847
s_016um_00222_00171-1,-3.003754
s_016um_00392_00369-1,-3.5955162
s_016um_00033_00086-1,-3.071579
s_016um_00189_00090-1,-2.9651227
s_016um_00028_00084-1,-3.0723681
s_016um_00224_00227-1,-3.0572052
s_016um_00264_00185-1,-3.8540287
s_016um_00088_00072-1,-3.2607057
s_016um_00362_00412-1,-3.6785836
s_016um_00383_00135-1,-2.6871831
s_016um_00279_00135-1,-3.0150006
s_016um_00139_00018-1,-3.2559311
s_016um_00143_00018-1,-3.0498679
s_016um_00040_00011-1,-3.2976787
s_016um_00074_00242-1,-3.1696606
s_016um_00069_00132-1,-3.4171207
s_016um_00324_00120-1,-2.7715664
s_016um_00399_00213-1,-3.533095
s_016um_00007_00300-1,-3.0659082
s_016um_00141_00021-1,-3.6121688
s_016um_00167_00121-1,-3.1273859
s_016um_00100_00390-1,-3.0476854
s_016um_00337_00398-1,-3.5755491
s_016um_00086_00194-1,-3.0305603
s_016um_00345_00219-1,-3.337252
s_016um_00325_00120-1,-3.0636406
s_016um_00242_00083-1,-3.0801404
s_016um_00329_00120-1,-2.907626
s_016um_00066_00132-1,-3.1739793
s_016um_00173_00378-1,-3.2018807
s_016um_00277_00130-1,-3.351456
s_016um_00329_00253-1,-3.0711932
s_016um_00376_00122-1,-3.720112
s_016um_00106_00387-1,-3.110022
s_016um_00408_00146-1,-3.2901316
s_016um_00416_00135-1,-3.197833
s_016um_00227_00330-1,-3.1911597
s_016um_00350_00022-1,-2.7310069
s_016um_00228_00267-1,-3.123964
s_016um_00197_00127-1,-3.0190728
s_016um_00049_00240-1,-2.9171686
s_016um_00224_00243-1,-2.9938254
s_016um_00283_00094-1,-3.1128767
s_016um_00174_00372-1,-3.1135042
s_016um_00414_00098-1,-2.9956646
s_016um_00345_00215-1,-3.222647
s_016um_00401_00395-1,-3.9140794
s_016um_00254_00019-1,-3.5463254
s_016um_00085_00264-1,-2.8296807
s_016um_00397_00361-1,-3.0372465
s_016um_00094_00321-1,-2.9275272
s_016um_00084_00069-1,-2.8451457
s_016um_00271_00333-1,-3.0722086
s_016um_00037_00207-1,-2.9011538
s_016um_00129_00229-1,-2.9961193
s_016um_00230_00358-1,-2.7857943
s_016um_00146_00061-1,-3.0949492
s_016um_00403_00262-1,-3.2966805
s_016um_00361_00294-1,-3.125026
s_016um_00193_00096-1,-3.2939723
s_016um_00388_00132-1,-3.157106
s_016um_00397_00213-1,-3.5335917
s_016um_00102_00066-1,-2.8729477
s_016um_00266_00028-1,-2.5206962
s_016um_00159_00293-1,-3.1136527
s_016um_00392_00185-1,-2.9100952
s_016um_00398_00363-1,-3.7098737
s_016um_00330_00118-1,-3.2298937
s_016um_00044_00238-1,-3.0693285
s_016um_00274_00048-1,-2.9645424
s_016um_00006_00298-1,-2.9931045
s_016um_00035_00105-1,-3.5552325
s_016um_00060_00242-1,-3.0955803
s_016um_00319_00166-1,-3.0634441
s_016um_00365_00230-1,-2.9984071
s_016um_00096_00278-1,-3.2857006
s_016um_00147_00397-1,-2.8822494
s_016um_00082_00034-1,-2.9884408
s_016um_00313_00054-1,-3.2231128
s_016um_00215_00028-1,-3.1658115
s_016um_00168_00375-1,-3.2417462
s_016um_00336_00252-1,-3.0960424
s_016um_00129_00094-1,-3.0023396
s_016um_00167_00377-1,-3.0738811
s_016um_00310_00058-1,-3.165099
s_016um_00038_00105-1,-3.1547537
s_016um_00276_00326-1,-2.8991795
s_016um_00099_00070-1,-3.0252357
s_016um_00402_00146-1,-2.9869802
s_016um_00045_00238-1,-3.3627932
s_016um_00101_00069-1,-2.8890681
s_016um_00352_00096-1,-2.8227265
s_016um_00250_00027-1,-3.022862
s_016um_00268_00224-1,-2.8764062
s_016um_00093_00270-1,-3.371185
s_016um_00119_00147-1,-2.933814
s_016um_00041_00047-1,-2.819206
s_016um_00127_00390-1,-3.1974804
s_016um_00220_00237-1,-3.4654727
s_016um_00219_00283-1,-3.176095
s_016um_00102_00024-1,-3.0244954
s_016um_00399_00257-1,-3.1590197
s_016um_00256_00191-1,-3.1977904
s_016um_00383_00131-1,-3.097401
s_016um_00406_00403-1,-2.878971
s_016um_00034_00011-1,-3.1815822
s_016um_00307_00060-1,-3.0056632
s_016um_00164_00293-1,-3.3159087
s_016um_00230_00267-1,-3.089198
s_016um_00028_00088-1,-3.1637795
s_016um_00233_00262-1,-3.2878087
s_016um_00402_00149-1,-2.7679067
s_016um_00083_00197-1,-3.0856626
s_016um_00170_00370-1,-3.157996
s_016um_00139_00022-1,-3.2637732
s_016um_00235_00087-1,-2.9799433
s_016um_00160_00291-1,-2.9963353
s_016um_00364_00101-1,-3.0894203
s_016um_00220_00013-1,-3.1218934
s_016um_00009_00210-1,-2.9364738
s_016um_00142_00016-1,-3.3680396
s_016um_00041_00217-1,-3.3945796
s_016um_00247_00023-1,-3.225671
s_016um_00221_00230-1,-2.7600043
s_016um_00035_00008-1,-3.3286104
s_016um_00007_00212-1,-3.0694032
s_016um_00359_00093-1,-3.1657202
s_016um_00093_00336-1,-2.9654074
s_016um_00194_00093-1,-3.3363354
s_016um_00101_00027-1,-3.1328154
s_016um_00319_00167-1,-2.915721
s_016um_00346_00220-1,-2.9627142
s_016um_00411_00105-1,-3.2986386
s_016um_00328_00303-1,-3.1291072
s_016um_00169_00129-1,-3.1629431
s_016um_00322_00168-1,-3.1199663
s_016um_00334_00256-1,-3.0236323
s_016um_00151_00395-1,-3.4234462
s_016um_00134_00219-1,-3.2622461
s_016um_00333_00122-1,-3.1504629
s_016um_00041_00048-1,-2.9890924
s_016um_00010_00208-1,-3.4813008
s_016um_00385_00128-1,-2.8858898
s_016um_00181_00026-1,-3.0737698
s_016um_00273_00330-1,-3.220902
s_016um_00149_00396-1,-3.0456588
s_016um_00182_00027-1,-3.1045356
s_016um_00287_00098-1,-3.248846
s_016um_00344_00217-1,-3.2504988
s_016um_00039_00043-1,-3.3334274
s_016um_00100_00384-1,-3.4963706
s_016um_00047_00218-1,-2.706234
s_016um_00097_00067-1,-3.0089295
s_016um_00006_00301-1,-3.0999937
s_016um_00061_00127-1,-3.387483
s_016um_00090_00068-1,-2.946587
s_016um_00383_00126-1,-2.9591632
s_016um_00208_00149-1,-3.3859947
s_016um_00401_00372-1,-3.853789
s_016um_00220_00017-1,-3.2743614
s_016um_00351_00024-1,-3.0513496
s_016um_00216_00290-1,-2.9368663
s_016um_00340_00402-1,-3.0253303
s_016um_00025_00090-1,-3.054951
s_016um_00146_00056-1,-3.0907416
s_016um_00089_00265-1,-2.8906267
s_016um_00006_00154-1,-3.4701557
s_016um_00404_00400-1,-2.3656237
s_016um_00327_00123-1,-2.9950664
s_016um_00259_00134-1,-2.9513433
s_016um_00087_00271-1,-2.825896
s_016um_00258_00131-1,-2.948207
s_016um_00129_00388-1,-3.4026055
s_016um_00149_00401-1,-2.823513
s_016um_00133_00072-1,-3.1496325
s_016um_00369_00226-1,-3.1113493
s_016um_00139_00074-1,-2.9575293
s_016um_00286_00094-1,-2.8483815
s_016um_00260_00192-1,-3.057527
s_016um_00382_00126-1,-2.7851374
s_016um_00356_00415-1,-3.7650964
s_016um_00005_00297-1,-3.2399912
s_016um_00390_00296-1,-3.097969
s_016um_00359_00415-1,-4.5258317
s_016um_00152_00394-1,-3.452
s_016um_00225_00028-1,-3.0180135
s_016um_00081_00069-1,-3.105139
s_016um_00276_00131-1,-2.8662634
s_016um_00391_00338-1,-3.5384808
s_016um_00279_00045-1,-3.1277025
s_016um_00095_00342-1,-2.9415698
s_016um_00220_00173-1,-3.2530506
s_016um_00039_00211-1,-2.9675088
s_016um_00037_00171-1,-3.470919
s_016um_00280_00132-1,-3.4351785
s_016um_00356_00020-1,-3.1039114
s_016um_00118_00150-1,-3.08724
s_016um_00393_00362-1,-3.0083294
s_016um_00243_00088-1,-3.477779
s_016um_00075_00244-1,-3.0741112
s_016um_00160_00290-1,-3.0581825
s_016um_00357_00097-1,-3.007238
s_016um_00386_00293-1,-3.2160387
s_016um_00016_00271-1,-3.1267164
s_016um_00097_00026-1,-3.1587722
s_016um_00036_00046-1,-3.022344
s_016um_00241_00082-1,-2.8119183
s_016um_00278_00330-1,-3.0288074
s_016um_00371_00098-1,-3.2652838
s_016um_00395_00218-1,-2.7626343
s_016um_00081_00242-1,-3.2062836
s_016um_00214_00013-1,-2.9745414
s_016um_00278_00324-1,-3.2268238
s_016um_00270_00230-1,-3.407128
s_016um_00341_00212-1,-2.8354506
s_016um_00096_00276-1,-3.2748826
s_016um_00086_00033-1,-3.3463745
s_016um_00162_00288-1,-2.7122114
s_016um_00164_00286-1,-3.2739575
s_016um_00090_00269-1,-3.025679
s_016um_00331_00218-1,-3.3713822
s_016um_00265_00057-1,-2.6055758
s_016um_00332_00213-1,-3.4043324
s_016um_00394_00178-1,-2.8100734
s_016um_00029_00334-1,-3.1539707
s_016um_00274_00046-1,-3.0245924
s_016um_00270_00329-1,-3.172101
s_016um_00097_00072-1,-3.1003506
s_016um_00008_00157-1,-3.2095103
s_016um_00095_00341-1,-2.9728453
s_016um_00225_00030-1,-2.7495003
s_016um_00080_00300-1,-3.090935
s_016um_00038_00173-1,-3.0842922
s_016um_00357_00095-1,-2.754356
s_016um_00078_00247-1,-2.8558116
s_016um_00266_00337-1,-3.4911182
s_016um_00082_00279-1,-2.8924038
s_016um_00363_00228-1,-3.0569527
s_016um_00007_00293-1,-3.0214508
s_016um_00272_00226-1,-3.1434875
s_016um_00094_00029-1,-3.0876408
s_016um_00401_00398-1,-4.0302362
s_016um_00370_00140-1,-2.8495443
s_016um_00055_00248-1,-3.3599772
s_016um_00047_00215-1,-2.8978264
s_016um_00218_00167-1,-3.1345427
s_016um_00272_00331-1,-3.2271428
s_016um_00044_00207-1,-3.3367133
s_016um_00344_00219-1,-2.4332836
s_016um_00101_00388-1,-3.1326056
s_016um_00134_00225-1,-2.8682375
s_016um_00237_00092-1,-2.9016287
s_016um_00217_00016-1,-3.2077339
s_016um_00017_00270-1,-3.2658188
s_016um_00094_00319-1,-2.9959762
s_016um_00260_00183-1,-3.077736
s_016um_00095_00319-1,-2.9713335
s_016um_00237_00354-1,-3.1565032
s_016um_00120_00147-1,-3.0082016
s_016um_00007_00157-1,-3.1336763
s_016um_00078_00294-1,-3.0373192
s_016um_00217_00284-1,-3.2725224
s_016um_00091_00265-1,-2.968767
s_016um_00165_00122-1,-2.6617851
s_016um_00356_00292-1,-3.2298663
s_016um_00353_00097-1,-3.1974123
s_016um_00081_00199-1,-3.0686224
s_016um_00130_00315-1,-2.804953
s_016um_00092_00335-1,-3.126173
s_016um_00133_00090-1,-3.1309593
s_016um_00406_00124-1,-3.075466
s_016um_00395_00220-1,-3.187807
s_016um_00045_00207-1,-3.3104112
s_016um_00028_00337-1,-3.1708336
s_016um_00188_00095-1,-2.7665753
s_016um_00081_00238-1,-3.7371411
s_016um_00340_00403-1,-3.4354289
s_016um_00220_00027-1,-3.4225466
s_016um_00101_00070-1,-3.1603086
s_016um_00046_00210-1,-2.9525278
s_016um_00222_00170-1,-3.008463
s_016um_00087_00068-1,-2.9860423
s_016um_00070_00234-1,-2.9668078
s_016um_00273_00206-1,-2.778767
s_016um_00225_00243-1,-2.9985392
s_016um_00158_00292-1,-3.0461178
s_016um_00209_00294-1,-3.0030985
s_016um_00323_00299-1,-3.4042625
s_016um_00211_00031-1,-3.1929882
s_016um_00069_00129-1,-3.0881023
s_016um_00324_00124-1,-3.1194644
s_016um_00086_00280-1,-2.9631531
s_016um_00332_00119-1,-3.2076101
s_016um_00128_00389-1,-3.0510151
s_016um_00323_00305-1,-3.2324371
s_016um_00041_00213-1,-3.8561816
s_016um_00226_00330-1,-3.1738043
s_016um_00235_00355-1,-3.0983417
s_016um_00217_00278-1,-3.2518716
s_016um_00082_00241-1,-3.2463303
s_016um_00146_00394-1,-3.207628
s_016um_00174_00374-1,-3.1320295
s_016um_00223_00330-1,-3.0463498
s_016um_00215_00034-1,-3.1077096
s_016um_00328_00210-1,-3.2950368
s_016um_00037_00173-1,-3.248201
s_016um_00017_00271-1,-3.0452304
s_016um_00253_00031-1,-3.2926848
s_016um_00004_00154-1,-3.088456
s_016um_00212_00293-1,-2.9505024
s_016um_00393_00360-1,-2.2289114
s_016um_00033_00336-1,-3.331036
s_016um_00043_00216-1,-2.977314
s_016um_00397_00364-1,-3.121178
s_016um_00368_00097-1,-3.1371934
s_016um_00217_00029-1,-2.9955904
s_016um_00388_00343-1,-3.5419908
s_016um_00218_00283-1,-2.9916604
s_016um_00271_00226-1,-3.0441658
s_016um_00171_00373-1,-2.8819826
s_016um_00225_00251-1,-3.0315506
s_016um_00081_00280-1,-3.258607
s_016um_00272_00035-1,-2.9051342
s_016um_00416_00101-1,-3.0918963
s_016um_00365_00226-1,-2.8859236
s_016um_00418_00136-1,-2.941773
s_016um_00216_00293-1,-3.0261915
s_016um_00400_00256-1,-3.1163208
s_016um_00042_00179-1,-3.236272
s_016um_00239_00181-1,-3.5396588
s_016um_00370_00100-1,-2.7055438
s_016um_00047_00211-1,-2.9711864
s_016um_00130_00382-1,-2.7986827
s_016um_00127_00091-1,-3.328916
s_016um_00273_00137-1,-3.300133
