spot_id,predicted_protein_value
s_016um_00380_00137-1,1.387724
s_016um_00037_00102-1,1.2291672
s_016um_00328_00304-1,1.3223025
s_016um_00343_00400-1,1.4483114
s_016um_00009_00155-1,1.1599874
s_016um_00009_00150-1,1.1932616
s_016um_00109_00316-1,1.2773623
s_016um_00330_00253-1,1.3413414
s_016um_00366_00225-1,1.2774616
s_016um_00267_00058-1,1.4110543
s_016um_00274_00229-1,1.1728137
s_016um_00219_00167-1,1.2350796
s_016um_00209_00032-1,1.2441792
s_016um_00112_00314-1,1.2171566
s_016um_00122_00145-1,1.190253
s_016um_00201_00148-1,1.2295786
s_016um_00232_00085-1,1.3017132
s_016um_00034_00102-1,1.2309892
s_016um_00080_00283-1,1.2394651
s_016um_00142_00062-1,1.1580967
s_016um_00242_00085-1,1.3214815
s_016um_00382_00138-1,1.2715508
s_016um_00321_00227-1,1.3006716
s_016um_00081_00240-1,1.2727288
s_016um_00362_00411-1,1.5999253
s_016um_00323_00167-1,1.332396
s_016um_00323_00162-1,1.3260847
s_016um_00394_00215-1,1.3007463
s_016um_00219_00026-1,1.2728469
s_016um_00363_00414-1,1.6388513
s_016um_00233_00267-1,1.2755637
s_016um_00033_00089-1,1.2001266
s_016um_00082_00197-1,1.4053062
s_016um_00235_00090-1,1.2044833
s_016um_00127_00318-1,1.2246659
s_016um_00040_00098-1,1.0989405
s_016um_00217_00172-1,1.2545805
s_016um_00259_00034-1,1.1875108
s_016um_00276_00133-1,1.2775141
s_016um_00325_00123-1,1.2407366
s_016um_00341_00399-1,1.3056022
s_016um_00191_00093-1,1.1518435
s_016um_00129_00321-1,1.2642801
s_016um_00263_00061-1,1.4246075
s_016um_00341_00215-1,1.3138268
s_016um_00270_00034-1,1.2507985
s_016um_00395_00365-1,1.2681224
s_016um_00083_00278-1,1.2155299
s_016um_00134_00321-1,1.4518644
s_016um_00038_00098-1,1.224079
s_016um_00278_00048-1,1.2358881
s_016um_00120_00149-1,1.2344172
s_016um_00199_00149-1,1.1831493
s_016um_00275_00229-1,1.1814688
s_016um_00140_00022-1,1.3118663
s_016um_00080_00236-1,1.432221
s_016um_00367_00099-1,1.4750001
s_016um_00232_00263-1,1.4537642
s_016um_00166_00129-1,1.3221439
s_016um_00356_00115-1,1.2126282
s_016um_00230_00250-1,1.2054136
s_016um_00394_00181-1,1.2947258
s_016um_00137_00222-1,1.2474471
s_016um_00323_00228-1,1.2620597
s_016um_00343_00215-1,1.2376891
s_016um_00124_00383-1,1.2939825
s_016um_00111_00320-1,1.3931887
s_016um_00199_00148-1,1.2396194
s_016um_00034_00336-1,1.3148495
s_016um_00206_00149-1,1.2660636
s_016um_00019_00265-1,1.3690164
s_016um_00026_00089-1,1.1951574
s_016um_00205_00153-1,1.2192225
s_016um_00385_00292-1,1.5055413
s_016um_00390_00181-1,1.302775
s_016um_00320_00166-1,1.2224367
s_016um_00385_00293-1,1.2113569
s_016um_00142_00218-1,1.3675278
s_016um_00130_00233-1,1.2522655
s_016um_00101_00030-1,1.2183129
s_016um_00216_00292-1,1.2400678
s_016um_00409_00101-1,1.2207301
s_016um_00028_00335-1,1.2007492
s_016um_00249_00020-1,1.3627042
s_016um_00260_00127-1,1.2573538
s_016um_00217_00281-1,1.2068353
s_016um_00081_00296-1,1.1271008
s_016um_00368_00145-1,1.256267
s_016um_00128_00316-1,1.2987161
s_016um_00270_00058-1,1.3294607
s_016um_00138_00074-1,1.1518086
s_016um_00236_00083-1,1.2097551
s_016um_00266_00059-1,1.2800347
s_016um_00076_00241-1,1.1923239
s_016um_00320_00162-1,1.3380408
s_016um_00216_00295-1,1.2262108
s_016um_00043_00049-1,1.1857237
s_016um_00376_00119-1,1.3940337
s_016um_00099_00071-1,1.2278187
s_016um_00273_00132-1,1.2320833
s_016um_00145_00021-1,1.2046419
s_016um_00356_00410-1,1.5665473
s_016um_00098_00340-1,1.2972689
s_016um_00171_00128-1,1.163884
s_016um_00203_00149-1,1.1962416
s_016um_00195_00090-1,1.1602672
s_016um_00098_00073-1,1.1981342
s_016um_00337_00255-1,1.317582
s_016um_00401_00259-1,1.2609483
s_016um_00211_00289-1,1.2915319
s_016um_00372_00121-1,1.1920351
s_016um_00087_00194-1,1.2469709
s_016um_00220_00226-1,1.1697874
s_016um_00066_00126-1,1.1409161
s_016um_00251_00020-1,1.1970425
s_016um_00042_00044-1,1.1797471
s_016um_00098_00027-1,1.2400682
s_016um_00228_00249-1,1.1688119
s_016um_00038_00172-1,1.2273866
s_016um_00209_00296-1,1.1932197
s_016um_00106_00385-1,1.2187699
s_016um_00084_00266-1,1.2611877
s_016um_00147_00399-1,1.2201574
s_016um_00398_00182-1,1.3077916
s_016um_00273_00052-1,1.3584327
s_016um_00101_00023-1,1.2059702
s_016um_00378_00137-1,1.3147671
s_016um_00095_00277-1,1.2434331
s_016um_00141_00223-1,1.289159
s_016um_00260_00133-1,1.2437239
s_016um_00272_00058-1,1.280167
s_016um_00169_00370-1,1.2510055
s_016um_00353_00023-1,1.3116882
s_016um_00389_00292-1,1.2958239
s_016um_00253_00026-1,1.2420874
s_016um_00362_00226-1,1.2265929
s_016um_00079_00236-1,1.3231522
s_016um_00403_00150-1,1.1745026
s_016um_00046_00209-1,1.2781231
s_016um_00400_00402-1,2.3032289
s_016um_00219_00281-1,1.2113397
s_016um_00274_00225-1,1.2337605
s_016um_00053_00248-1,1.3163073
s_016um_00081_00292-1,1.2535013
s_016um_00361_00290-1,1.422523
s_016um_00277_00327-1,1.2395275
s_016um_00138_00215-1,1.3826957
s_016um_00074_00248-1,1.2042885
s_016um_00083_00200-1,1.2542062
s_016um_00329_00218-1,1.2357243
s_016um_00005_00296-1,1.2502402
s_016um_00276_00208-1,1.2151074
s_016um_00039_00178-1,1.2295771
s_016um_00123_00386-1,1.2050899
s_016um_00143_00020-1,1.2746817
s_016um_00407_00401-1,1.951082
s_016um_00391_00343-1,1.4570135
s_016um_00031_00331-1,1.2422588
s_016um_00228_00237-1,1.1910441
s_016um_00218_00032-1,1.1916673
s_016um_00396_00220-1,1.2992109
s_016um_00215_00282-1,1.2081721
s_016um_00008_00153-1,1.1979827
s_016um_00102_00383-1,1.1457255
s_016um_00184_00028-1,1.34562
s_016um_00266_00057-1,1.2510456
s_016um_00141_00060-1,1.235166
s_016um_00193_00120-1,1.2699379
s_016um_00268_00332-1,1.2695504
s_016um_00209_00031-1,1.2841693
s_016um_00354_00416-1,1.8947265
s_016um_00365_00098-1,1.2301098
s_016um_00041_00049-1,1.2186687
s_016um_00210_00296-1,1.2312816
s_016um_00089_00068-1,1.1093954
s_016um_00245_00086-1,1.2819185
s_016um_00193_00130-1,1.2421929
s_016um_00126_00089-1,1.3096004
s_016um_00083_00071-1,1.2049725
s_016um_00235_00268-1,1.2152691
s_016um_00219_00280-1,1.3334942
s_016um_00079_00241-1,1.2127556
s_016um_00133_00230-1,1.192235
s_016um_00257_00034-1,1.2580298
s_016um_00263_00187-1,1.3295578
s_016um_00394_00358-1,1.4845982
s_016um_00105_00384-1,1.3082745
s_016um_00129_00386-1,1.3238977
s_016um_00262_00186-1,1.3209264
s_016um_00417_00138-1,1.1711166
s_016um_00287_00092-1,1.2708721
s_016um_00177_00032-1,1.4499671
s_016um_00110_00318-1,1.2872941
s_016um_00218_00277-1,1.1738803
s_016um_00260_00033-1,1.2422916
s_016um_00386_00295-1,1.2566607
s_016um_00360_00286-1,1.3338698
s_016um_00030_00331-1,1.1906401
s_016um_00266_00332-1,1.2583714
s_016um_00197_00123-1,1.2840399
s_016um_00271_00221-1,1.2372905
s_016um_00265_00033-1,1.2879641
s_016um_00273_00201-1,1.2359183
s_016um_00359_00096-1,1.330404
s_016um_00220_00030-1,1.1859936
s_016um_00097_00317-1,1.3358443
s_016um_00346_00212-1,1.336641
s_016um_00389_00345-1,1.1970612
s_016um_00067_00131-1,1.2321619
s_016um_00401_00403-1,1.8467844
s_016um_00214_00029-1,1.3225242
s_016um_00266_00036-1,1.2320955
s_016um_00065_00235-1,1.3157072
s_016um_00037_00045-1,1.1912677
s_016um_00084_00029-1,1.2308648
s_016um_00265_00336-1,1.2721204
s_016um_00395_00217-1,1.2311172
s_016um_00214_00278-1,1.1523373
s_016um_00077_00293-1,1.3445799
s_016um_00280_00130-1,1.3017561
s_016um_00088_00267-1,1.293622
s_016um_00372_00120-1,1.246451
s_016um_00109_00315-1,1.2210448
s_016um_00416_00142-1,1.2842556
s_016um_00282_00325-1,1.2762936
s_016um_00384_00128-1,1.2399538
s_016um_00102_00068-1,1.322128
s_016um_00005_00299-1,1.1249379
s_016um_00361_00415-1,2.0152378
s_016um_00330_00214-1,1.3453908
s_016um_00265_00058-1,1.363034
s_016um_00222_00031-1,1.2411844
s_016um_00364_00228-1,1.2839793
s_016um_00381_00134-1,1.2617764
s_016um_00280_00204-1,1.2034196
s_016um_00146_00018-1,1.1394244
s_016um_00089_00067-1,1.2076432
s_016um_00130_00086-1,1.2340269
s_016um_00408_00098-1,1.2125885
s_016um_00060_00249-1,1.3923279
s_016um_00334_00215-1,1.1714832
s_016um_00095_00276-1,1.1813133
s_016um_00403_00120-1,1.2687092
s_016um_00267_00133-1,1.2623731
s_016um_00229_00267-1,1.2224202
s_016um_00384_00130-1,1.2730235
s_016um_00029_00331-1,1.1662915
s_016um_00226_00332-1,1.2479746
s_016um_00409_00152-1,1.2914269
s_016um_00269_00037-1,1.2262101
s_016um_00281_00315-1,1.2759887
s_016um_00205_00148-1,1.2319801
s_016um_00261_00190-1,1.2197727
s_016um_00083_00030-1,1.3817301
s_016um_00106_00320-1,1.2479948
s_016um_00031_00087-1,1.1847571
s_016um_00040_00041-1,1.1190068
s_016um_00079_00268-1,1.1522365
s_016um_00400_00123-1,1.3730586
s_016um_00218_00010-1,1.1753829
s_016um_00270_00331-1,1.3571122
s_016um_00140_00018-1,1.2416325
s_016um_00209_00033-1,1.346781
s_016um_00267_00063-1,1.371868
s_016um_00041_00219-1,1.3018155
s_016um_00106_00389-1,1.2855028
s_016um_00355_00290-1,1.3293618
s_016um_00094_00337-1,1.214909
s_016um_00035_00005-1,1.2372296
s_016um_00220_00278-1,1.2404884
s_016um_00275_00051-1,1.3284036
s_016um_00311_00054-1,1.2906994
s_016um_00402_00395-1,1.8843994
s_016um_00334_00402-1,1.4152045
s_016um_00125_00092-1,1.2777461
s_016um_00328_00121-1,1.2963341
s_016um_00219_00012-1,1.2001616
s_016um_00402_00216-1,1.208084
s_016um_00136_00069-1,1.272539
s_016um_00140_00014-1,1.1412988
s_016um_00266_00330-1,1.3263541
s_016um_00131_00315-1,1.4902352
s_016um_00333_00210-1,1.1928306
s_016um_00356_00090-1,1.3486336
s_016um_00092_00320-1,1.1516694
s_016um_00120_00148-1,1.250953
s_016um_00138_00076-1,1.2055566
s_016um_00077_00236-1,1.2359306
s_016um_00268_00230-1,1.2038014
s_016um_00381_00139-1,1.2034206
s_016um_00235_00362-1,1.3692263
s_016um_00223_00230-1,1.3450128
s_016um_00138_00221-1,1.3198718
s_016um_00390_00338-1,1.2232163
s_016um_00008_00295-1,1.2497127
s_016um_00079_00280-1,1.2319363
s_016um_00277_00201-1,1.175481
s_016um_00399_00122-1,1.3322126
s_016um_00308_00052-1,1.2929314
s_016um_00357_00120-1,1.3048637
s_016um_00071_00236-1,1.2924997
s_016um_00367_00224-1,1.1999946
s_016um_00145_00062-1,1.2212203
s_016um_00085_00279-1,1.2263824
s_016um_00278_00138-1,1.2485983
s_016um_00044_00244-1,1.2133816
s_016um_00261_00335-1,1.347433
s_016um_00180_00033-1,1.2912638
s_016um_00088_00265-1,1.1991128
s_016um_00130_00317-1,1.5369883
s_016um_00323_00163-1,1.2095432
s_016um_00359_00294-1,1.3239816
s_016um_00219_00030-1,1.1199725
s_016um_00048_00217-1,1.3669477
s_016um_00008_00214-1,1.2201397
s_016um_00098_00315-1,1.2441484
s_016um_00259_00189-1,1.2328172
s_016um_00278_00316-1,1.206765
s_016um_00126_00088-1,1.2417748
s_016um_00261_00127-1,1.2259873
s_016um_00402_00121-1,1.2508162
s_016um_00081_00271-1,1.1973289
s_016um_00236_00188-1,1.2437414
s_016um_00370_00228-1,1.2154804
s_016um_00129_00085-1,1.2428792
s_016um_00030_00329-1,1.179515
s_016um_00059_00244-1,1.3075287
s_016um_00040_00009-1,1.0778913
s_016um_00041_00178-1,1.2639955
s_016um_00272_00033-1,1.4112794
s_016um_00393_00363-1,1.4183748
s_016um_00094_00272-1,1.2752577
s_016um_00353_00025-1,1.2520131
s_016um_00163_00123-1,1.1711082
s_016um_00085_00286-1,1.2405111
s_016um_00033_00104-1,1.137928
s_016um_00146_00059-1,1.2546494
s_016um_00073_00249-1,1.2014344
s_016um_00144_00398-1,1.4000931
s_016um_00106_00388-1,1.3096056
s_016um_00095_00318-1,1.2198806
s_016um_00280_00329-1,1.2418945
s_016um_00383_00130-1,1.2747945
s_016um_00061_00130-1,1.2942029
s_016um_00396_00219-1,1.2460124
s_016um_00336_00251-1,1.317173
s_016um_00086_00029-1,1.1149579
s_016um_00227_00251-1,1.1958574
s_016um_00045_00210-1,1.2791079
s_016um_00145_00059-1,1.1563623
s_016um_00312_00059-1,1.1408621
s_016um_00376_00120-1,1.2772982
s_016um_00148_00396-1,1.3379297
s_016um_00168_00371-1,1.1248571
s_016um_00279_00325-1,1.2560118
s_016um_00273_00333-1,1.2426928
s_016um_00355_00123-1,1.2981347
s_016um_00325_00231-1,1.1522791
s_016um_00267_00130-1,1.2448574
s_016um_00237_00188-1,1.2205626
s_016um_00384_00295-1,1.17538
s_016um_00033_00088-1,1.2268255
s_016um_00076_00296-1,1.1765519
s_016um_00077_00299-1,1.3213125
s_016um_00131_00389-1,1.2209395
s_016um_00278_00130-1,1.3180044
s_016um_00040_00214-1,1.2559639
s_016um_00238_00188-1,1.2848278
s_016um_00128_00383-1,1.3346989
s_016um_00396_00363-1,1.3099481
s_016um_00011_00154-1,1.1931219
s_016um_00262_00127-1,1.2270337
s_016um_00354_00024-1,1.1869586
s_016um_00130_00232-1,1.1557618
s_016um_00265_00054-1,1.3545644
s_016um_00234_00260-1,1.1919979
s_016um_00392_00360-1,1.4246173
s_016um_00311_00056-1,1.3972886
s_016um_00127_00383-1,1.2022232
s_016um_00085_00278-1,1.2237918
s_016um_00265_00335-1,1.3148801
s_016um_00133_00320-1,1.4662209
s_016um_00017_00272-1,1.2031982
s_016um_00046_00241-1,1.2765642
s_016um_00216_00012-1,1.3717241
s_016um_00329_00228-1,1.2304027
s_016um_00042_00210-1,1.2041771
s_016um_00093_00317-1,1.1949062
s_016um_00078_00252-1,1.1727378
s_016um_00081_00243-1,1.2441124
s_016um_00259_00132-1,1.3350165
s_016um_00046_00219-1,1.3597646
s_016um_00351_00117-1,1.289295
s_016um_00229_00331-1,1.3123854
s_016um_00241_00189-1,1.2829481
s_016um_00173_00371-1,1.519949
s_016um_00028_00091-1,1.1811876
s_016um_00220_00015-1,1.2370071
s_016um_00076_00249-1,1.1307026
s_016um_00277_00136-1,1.2246407
s_016um_00351_00019-1,1.2628789
s_016um_00358_00090-1,1.3162684
s_016um_00374_00121-1,1.1935459
s_016um_00185_00030-1,1.2027136
s_016um_00346_00215-1,1.2916758
s_016um_00210_00030-1,1.245667
s_016um_00399_00371-1,1.2475226
s_016um_00367_00227-1,1.3030255
s_016um_00081_00195-1,1.6298218
s_016um_00014_00212-1,1.3921608
s_016um_00339_00400-1,1.2619418
s_016um_00086_00265-1,1.294446
s_016um_00277_00326-1,1.3280677
s_016um_00072_00245-1,1.0944748
s_016um_00082_00238-1,1.2316983
s_016um_00183_00027-1,1.2277145
s_016um_00371_00120-1,1.245365
s_016um_00220_00236-1,1.3442483
s_016um_00401_00368-1,1.2515242
s_016um_00136_00075-1,1.2038575
s_016um_00341_00219-1,1.3050336
s_016um_00264_00132-1,1.2259556
s_016um_00235_00185-1,1.221055
s_016um_00334_00212-1,1.168352
s_016um_00092_00267-1,1.2140371
s_016um_00221_00168-1,1.2175835
s_016um_00197_00126-1,1.277841
s_016um_00221_00228-1,1.1959618
s_016um_00100_00071-1,1.17672
s_016um_00259_00184-1,1.2262652
s_016um_00357_00414-1,1.8622133
s_016um_00078_00292-1,1.2103316
s_016um_00326_00231-1,1.2024255
s_016um_00090_00072-1,1.1311244
s_016um_00183_00028-1,1.1434737
s_016um_00265_00062-1,1.3608139
s_016um_00223_00251-1,1.1618466
s_016um_00042_00214-1,1.3497169
s_016um_00234_00265-1,1.245694
s_016um_00093_00339-1,1.186386
s_016um_00328_00214-1,1.2579203
s_016um_00141_00018-1,1.3205456
s_016um_00221_00016-1,1.2855729
s_016um_00134_00319-1,1.464497
s_016um_00167_00372-1,1.3694044
s_016um_00390_00298-1,1.3212225
s_016um_00270_00336-1,1.2758111
s_016um_00265_00029-1,1.2185646
s_016um_00141_00055-1,1.2196561
s_016um_00407_00402-1,2.2120461
s_016um_00265_00330-1,1.2710441
s_016um_00275_00050-1,1.2725776
s_016um_00313_00060-1,1.4194475
s_016um_00229_00358-1,1.3057075
s_016um_00358_00292-1,1.3322128
s_016um_00402_00255-1,1.2245947
s_016um_00284_00094-1,1.2519943
s_016um_00273_00312-1,1.2543603
s_016um_00288_00100-1,1.2783979
s_016um_00081_00270-1,1.2746544
s_016um_00131_00226-1,1.2316091
s_016um_00396_00261-1,1.4321868
s_016um_00087_00265-1,1.201153
s_016um_00336_00256-1,1.251652
s_016um_00102_00070-1,1.369462
s_016um_00273_00048-1,1.3104851
s_016um_00263_00332-1,1.2253052
s_016um_00275_00319-1,1.2820059
s_016um_00049_00215-1,1.2272342
s_016um_00094_00342-1,1.2111609
s_016um_00369_00123-1,1.2611611
s_016um_00224_00168-1,1.2196145
s_016um_00331_00251-1,1.3219522
s_016um_00388_00298-1,1.2545601
s_016um_00222_00332-1,1.2640532
s_016um_00080_00240-1,1.2518039
s_016um_00136_00315-1,1.4532293
s_016um_00280_00047-1,1.2815952
s_016um_00217_00028-1,1.2544177
s_016um_00104_00071-1,1.1773835
s_016um_00132_00230-1,1.1726336
s_016um_00221_00011-1,1.1372463
s_016um_00237_00084-1,1.3439993
s_016um_00079_00292-1,1.2153231
s_016um_00396_00362-1,1.4584696
s_016um_00079_00300-1,1.2367865
s_016um_00224_00328-1,1.2362882
s_016um_00086_00279-1,1.2027392
s_016um_00263_00055-1,1.3558695
s_016um_00104_00384-1,1.2642466
s_016um_00396_00183-1,1.2217194
s_016um_00369_00225-1,1.3412331
s_016um_00404_00404-1,1.9317682
s_016um_00389_00299-1,1.3440846
s_016um_00040_00100-1,1.1583512
s_016um_00063_00133-1,1.180963
s_016um_00224_00029-1,1.2419758
s_016um_00140_00072-1,1.2963588
s_016um_00318_00168-1,1.2980003
s_016um_00250_00019-1,1.2832375
s_016um_00332_00253-1,1.2879152
s_016um_00351_00119-1,1.1772361
s_016um_00107_00385-1,1.287578
s_016um_00044_00046-1,1.1633778
s_016um_00261_00192-1,1.2000607
s_016um_00347_00214-1,1.211309
s_016um_00040_00176-1,1.1828434
s_016um_00134_00090-1,1.28837
s_016um_00351_00093-1,1.2949032
s_016um_00243_00082-1,1.3972857
s_016um_00033_00329-1,1.2354578
s_016um_00273_00208-1,1.3217089
s_016um_00238_00359-1,1.314083
s_016um_00362_00292-1,1.3302037
s_016um_00143_00056-1,1.1862679
s_016um_00122_00150-1,1.1861959
s_016um_00320_00168-1,1.2090098
s_016um_00006_00295-1,1.2154931
s_016um_00075_00250-1,1.1201729
s_016um_00398_00362-1,1.4090701
s_016um_00027_00335-1,1.2392069
s_016um_00339_00216-1,1.3036112
s_016um_00213_00292-1,1.3096826
s_016um_00334_00254-1,1.3953636
s_016um_00099_00031-1,1.206116
s_016um_00269_00059-1,1.2151629
s_016um_00018_00272-1,1.2731793
s_016um_00228_00244-1,1.1888012
s_016um_00011_00214-1,1.2742299
s_016um_00164_00291-1,1.2373775
s_016um_00376_00143-1,1.2443537
s_016um_00243_00187-1,1.3718741
s_016um_00330_00210-1,1.1901965
s_016um_00169_00122-1,1.2005973
s_016um_00394_00176-1,1.3509969
s_016um_00254_00028-1,1.3500859
s_016um_00144_00054-1,1.2151973
s_016um_00084_00073-1,1.3507949
s_016um_00225_00326-1,1.3909665
s_016um_00134_00322-1,1.4696809
s_016um_00088_00266-1,1.2331253
s_016um_00074_00240-1,1.2865685
s_016um_00179_00026-1,1.061662
s_016um_00217_00173-1,1.1986542
s_016um_00228_00250-1,1.2149813
s_016um_00026_00087-1,1.1510206
s_016um_00129_00233-1,1.1915529
s_016um_00091_00270-1,1.2259518
s_016um_00126_00091-1,1.2551599
s_016um_00135_00314-1,1.3903198
s_016um_00278_00132-1,1.3019747
s_016um_00368_00142-1,1.2300712
s_016um_00126_00094-1,1.1845282
s_016um_00230_00246-1,1.2782367
s_016um_00091_00319-1,1.1748347
s_016um_00044_00240-1,1.256759
s_016um_00391_00184-1,1.2883732
s_016um_00267_00223-1,1.2503763
s_016um_00036_00047-1,1.2673795
s_016um_00143_00022-1,1.2486541
s_016um_00131_00319-1,1.3617365
s_016um_00089_00275-1,1.1767927
s_016um_00272_00225-1,1.189079
s_016um_00139_00219-1,1.2963266
s_016um_00222_00248-1,1.2614995
s_016um_00087_00266-1,1.216148
s_016um_00371_00122-1,1.1993314
s_016um_00241_00183-1,1.3212465
s_016um_00191_00094-1,1.2925936
s_016um_00269_00054-1,1.39354
s_016um_00056_00245-1,1.18818
s_016um_00370_00144-1,1.1542554
s_016um_00153_00395-1,1.2536181
s_016um_00050_00241-1,1.3140595
s_016um_00224_00025-1,1.1961596
s_016um_00010_00299-1,1.1624693
s_016um_00087_00034-1,1.2328136
s_016um_00321_00301-1,1.2646297
s_016um_00236_00357-1,1.3562766
s_016um_00320_00229-1,1.2323377
s_016um_00143_00015-1,1.2525002
s_016um_00041_00208-1,1.3391725
s_016um_00079_00198-1,1.3344356
s_016um_00088_00066-1,1.123172
s_016um_00086_00284-1,1.1287229
s_016um_00255_00025-1,1.1946939
s_016um_00393_00361-1,1.3169243
s_016um_00408_00396-1,2.0282912
s_016um_00062_00127-1,1.18602
s_016um_00043_00175-1,1.2274114
s_016um_00274_00318-1,1.3167182
s_016um_00159_00291-1,1.2975224
s_016um_00289_00092-1,1.2434659
s_016um_00106_00319-1,1.235333
s_016um_00239_00187-1,1.2266237
s_016um_00388_00297-1,1.2181953
s_016um_00333_00250-1,1.2131855
s_016um_00141_00216-1,1.2467086
s_016um_00099_00027-1,1.4361397
s_016um_00108_00317-1,1.3894346
s_016um_00250_00026-1,1.1906558
s_016um_00405_00122-1,1.2231078
s_016um_00116_00146-1,1.231113
s_016um_00368_00099-1,1.5031965
s_016um_00267_00226-1,1.1800902
s_016um_00103_00389-1,1.3309314
s_016um_00403_00401-1,1.9230587
s_016um_00240_00184-1,1.2151484
s_016um_00021_00271-1,1.3010348
s_016um_00127_00087-1,1.2915726
s_016um_00275_00326-1,1.2824371
s_016um_00082_00277-1,1.2597433
s_016um_00234_00263-1,1.1524192
s_016um_00368_00143-1,1.2408307
s_016um_00412_00099-1,1.2124244
s_016um_00048_00241-1,1.3280545
s_016um_00224_00031-1,1.304374
s_016um_00395_00361-1,1.4605644
s_016um_00096_00028-1,1.4296459
s_016um_00266_00226-1,1.2724733
s_016um_00065_00231-1,1.2749816
s_016um_00397_00256-1,1.2236326
s_016um_00404_00123-1,1.2558175
s_016um_00216_00294-1,1.2082009
s_016um_00153_00396-1,1.189163
s_016um_00217_00168-1,1.3193424
s_016um_00390_00359-1,1.5331752
s_016um_00091_00276-1,1.214023
s_016um_00333_00258-1,1.2636212
s_016um_00279_00315-1,1.3971452
s_016um_00277_00050-1,1.3360194
s_016um_00415_00101-1,1.2251811
s_016um_00210_00292-1,1.2992243
s_016um_00141_00218-1,1.1706446
s_016um_00239_00185-1,1.1437093
s_016um_00254_00026-1,1.3043942
s_016um_00078_00236-1,1.3445355
s_016um_00364_00099-1,1.263885
s_016um_00131_00390-1,1.2215396
s_016um_00257_00190-1,1.2094264
s_016um_00368_00229-1,1.4355204
s_016um_00273_00228-1,1.248417
s_016um_00142_00023-1,1.2452763
s_016um_00309_00060-1,1.3604363
s_016um_00166_00124-1,1.2839607
s_016um_00083_00036-1,1.2156882
s_016um_00227_00264-1,1.172945
s_016um_00058_00249-1,1.377953
s_016um_00368_00120-1,1.3660066
s_016um_00257_00188-1,1.2521731
s_016um_00387_00338-1,1.2113913
s_016um_00280_00321-1,1.2689755
s_016um_00108_00384-1,1.353517
s_016um_00085_00069-1,1.2287523
s_016um_00189_00127-1,1.206254
s_016um_00086_00036-1,1.1372736
s_016um_00096_00277-1,1.2154261
s_016um_00098_00317-1,1.2944813
s_016um_00261_00131-1,1.2984607
s_016um_00095_00272-1,1.2117199
s_016um_00099_00068-1,1.1835295
s_016um_00342_00213-1,1.2617054
s_016um_00013_00210-1,1.2499992
s_016um_00009_00156-1,1.175763
s_016um_00391_00357-1,1.4037243
s_016um_00329_00211-1,1.2184387
s_016um_00408_00124-1,1.1522713
s_016um_00119_00151-1,1.1441559
s_016um_00070_00129-1,1.1384506
s_016um_00351_00118-1,1.3268363
s_016um_00309_00052-1,1.3121399
s_016um_00305_00056-1,1.3280334
s_016um_00390_00343-1,1.4460869
s_016um_00026_00084-1,1.120441
s_016um_00326_00121-1,1.218151
s_016um_00239_00358-1,1.2444907
s_016um_00220_00012-1,1.1146162
s_016um_00165_00374-1,1.2760414
s_016um_00134_00070-1,1.1658404
s_016um_00280_00136-1,1.1762924
s_016um_00228_00246-1,1.1225044
s_016um_00077_00249-1,1.241285
s_016um_00394_00214-1,1.2971753
s_016um_00375_00141-1,1.2869309
s_016um_00042_00176-1,1.277669
s_016um_00222_00244-1,1.0780345
s_016um_00005_00151-1,1.2902226
s_016um_00071_00231-1,1.1651789
s_016um_00396_00359-1,1.5036161
s_016um_00141_00059-1,1.2372078
s_016um_00222_00280-1,1.3554542
s_016um_00331_00120-1,1.2993145
s_016um_00224_00333-1,1.2490449
s_016um_00269_00034-1,1.2251819
s_016um_00403_00403-1,2.0207179
s_016um_00221_00013-1,1.2574041
s_016um_00145_00061-1,1.172245
s_016um_00034_00009-1,1.1741552
s_016um_00095_00334-1,1.2091216
s_016um_00401_00370-1,1.2596916
s_016um_00360_00287-1,1.2706133
s_016um_00101_00391-1,1.2930276
s_016um_00279_00204-1,1.1901287
s_016um_00404_00396-1,2.0146096
s_016um_00082_00299-1,1.1598343
s_016um_00388_00293-1,1.3584439
s_016um_00181_00031-1,1.2010084
s_016um_00107_00319-1,1.2618881
s_016um_00104_00382-1,1.2470412
s_016um_00286_00093-1,1.2402799
s_016um_00330_00215-1,1.4791988
s_016um_00065_00127-1,1.1690421
s_016um_00391_00299-1,1.3147147
s_016um_00245_00087-1,1.3132467
s_016um_00217_00034-1,1.1068854
s_016um_00273_00226-1,1.2888709
s_016um_00368_00096-1,1.2474376
s_016um_00096_00336-1,1.1990346
s_016um_00277_00045-1,1.2421235
s_016um_00086_00066-1,1.2979709
s_016um_00240_00185-1,1.2016321
s_016um_00277_00318-1,1.2930081
s_016um_00139_00221-1,1.1739569
s_016um_00287_00091-1,1.2205156
s_016um_00222_00016-1,1.18527
s_016um_00226_00233-1,1.2604876
s_016um_00261_00134-1,1.2143446
s_016um_00405_00395-1,2.0529797
s_016um_00143_00063-1,1.2148647
s_016um_00081_00283-1,1.2162654
s_016um_00232_00354-1,1.2520754
s_016um_00168_00126-1,1.3588039
s_016um_00278_00311-1,1.4010328
s_016um_00399_00258-1,1.3766351
s_016um_00271_00059-1,1.2202998
s_016um_00140_00074-1,1.2425016
s_016um_00044_00043-1,1.236017
s_016um_00216_00226-1,1.2500405
s_016um_00319_00168-1,1.3278757
s_016um_00132_00388-1,1.2743179
s_016um_00225_00332-1,1.2563986
s_016um_00390_00360-1,1.3875166
s_016um_00062_00128-1,1.2791404
s_016um_00320_00167-1,1.2860903
s_016um_00008_00207-1,1.2572547
s_016um_00132_00088-1,1.1501889
s_016um_00244_00089-1,1.3799418
s_016um_00260_00193-1,1.2229443
s_016um_00108_00313-1,1.2576388
s_016um_00066_00232-1,1.2683127
s_016um_00336_00250-1,1.317763
s_016um_00130_00385-1,1.2619582
s_016um_00272_00336-1,1.1812731
s_016um_00074_00245-1,1.2879796
s_016um_00140_00062-1,1.161817
s_016um_00402_00401-1,2.083625
s_016um_00132_00389-1,1.2521728
s_016um_00273_00317-1,1.4505571
s_016um_00389_00342-1,1.2527273
s_016um_00082_00281-1,1.1785628
s_016um_00260_00131-1,1.3603317
s_016um_00215_00281-1,1.2278583
s_016um_00097_00025-1,1.3120869
s_016um_00097_00028-1,1.1948129
s_016um_00005_00298-1,1.1567304
s_016um_00128_00231-1,1.1790121
s_016um_00102_00028-1,1.2891723
s_016um_00353_00092-1,1.2120119
s_016um_00360_00412-1,1.6348668
s_016um_00368_00123-1,1.2952788
s_016um_00397_00366-1,1.3319215
s_016um_00100_00389-1,1.529041
s_016um_00264_00062-1,1.3364213
s_016um_00371_00146-1,1.2150241
s_016um_00241_00187-1,1.188954
s_016um_00069_00233-1,1.2423713
s_016um_00403_00259-1,1.4553596
s_016um_00217_00232-1,1.2527465
s_016um_00087_00032-1,1.3145509
s_016um_00100_00317-1,1.2275282
s_016um_00271_00334-1,1.3522047
s_016um_00358_00414-1,1.8798902
s_016um_00245_00085-1,1.2305179
s_016um_00357_00118-1,1.21185
s_016um_00068_00131-1,1.1625204
s_016um_00412_00101-1,1.2908406
s_016um_00224_00024-1,1.2711543
s_016um_00097_00275-1,1.240824
s_016um_00335_00212-1,1.2411323
s_016um_00201_00150-1,1.173463
s_016um_00393_00365-1,1.2979692
s_016um_00214_00295-1,1.2428342
s_016um_00138_00070-1,1.247185
s_016um_00349_00019-1,1.3110151
s_016um_00227_00333-1,1.2363721
s_016um_00233_00361-1,1.2517049
s_016um_00035_00003-1,1.2033958
s_016um_00165_00291-1,1.1761751
s_016um_00405_00400-1,1.979936
s_016um_00333_00253-1,1.3030488
s_016um_00045_00206-1,1.2261101
s_016um_00314_00057-1,1.3599527
s_016um_00400_00397-1,1.7755127
s_016um_00348_00019-1,1.3573087
s_016um_00391_00178-1,1.3015212
s_016um_00346_00218-1,1.3160458
s_016um_00321_00166-1,1.1933366
s_016um_00094_00334-1,1.1538829
s_016um_00397_00212-1,1.2733078
s_016um_00415_00098-1,1.1315676
s_016um_00398_00213-1,1.2178217
s_016um_00196_00129-1,1.2089928
s_016um_00261_00187-1,1.2098758
s_016um_00125_00389-1,1.2676404
s_016um_00009_00213-1,1.2563258
s_016um_00407_00149-1,1.2612966
s_016um_00136_00217-1,1.2326444
s_016um_00085_00283-1,1.2031455
s_016um_00039_00103-1,1.1742268
s_016um_00250_00021-1,1.2099488
s_016um_00162_00290-1,1.2446688
s_016um_00243_00184-1,1.287145
s_016um_00079_00237-1,1.216953
s_016um_00132_00315-1,1.604256
s_016um_00272_00028-1,1.2538619
s_016um_00237_00184-1,1.1634986
s_016um_00013_00296-1,1.2292949
s_016um_00127_00386-1,1.3185228
s_016um_00038_00041-1,1.1811954
s_016um_00368_00224-1,1.3504364
s_016um_00145_00398-1,1.2514738
s_016um_00351_00022-1,1.439718
s_016um_00246_00088-1,1.3295164
s_016um_00101_00067-1,1.2382717
s_016um_00394_00367-1,1.2728041
s_016um_00284_00098-1,1.3241199
s_016um_00330_00121-1,1.2264388
s_016um_00036_00043-1,1.2567916
s_016um_00268_00032-1,1.4250603
s_016um_00415_00104-1,1.1902789
s_016um_00084_00066-1,1.1964939
s_016um_00098_00335-1,1.1760209
s_016um_00087_00268-1,1.2936952
s_016um_00404_00398-1,1.9611561
s_016um_00014_00209-1,1.2328775
s_016um_00215_00229-1,1.2028947
s_016um_00219_00227-1,1.2531484
s_016um_00042_00215-1,1.4213306
s_016um_00271_00048-1,1.2279403
s_016um_00132_00322-1,1.4552361
s_016um_00130_00231-1,1.2374839
s_016um_00319_00228-1,1.2322917
s_016um_00326_00300-1,1.3370379
s_016um_00398_00216-1,1.278956
s_016um_00280_00137-1,1.1683658
s_016um_00222_00173-1,1.3012815
s_016um_00393_00366-1,1.2153462
s_016um_00194_00129-1,1.3367676
s_016um_00137_00068-1,1.2393155
s_016um_00138_00017-1,1.2349709
s_016um_00035_00004-1,1.2952099
s_016um_00016_00269-1,1.2301396
s_016um_00349_00022-1,1.2308713
s_016um_00256_00026-1,1.2829369
s_016um_00011_00209-1,1.1723474
s_016um_00362_00293-1,1.3315698
s_016um_00400_00264-1,1.2683582
s_016um_00005_00150-1,1.2405667
s_016um_00265_00055-1,1.3676305
s_016um_00356_00025-1,1.3574852
s_016um_00032_00091-1,1.1863801
s_016um_00082_00284-1,1.1780281
s_016um_00121_00151-1,1.2796737
s_016um_00087_00067-1,1.1878179
s_016um_00037_00049-1,1.1888192
s_016um_00364_00097-1,1.246085
s_016um_00352_00118-1,1.2394551
s_016um_00241_00090-1,1.2552739
s_016um_00131_00322-1,1.4349933
s_016um_00055_00249-1,1.294805
s_016um_00220_00277-1,1.2546624
s_016um_00410_00146-1,1.3274331
s_016um_00355_00291-1,1.3608423
s_016um_00099_00319-1,1.2308396
s_016um_00221_00277-1,1.3047997
s_016um_00274_00314-1,1.2961607
s_016um_00222_00250-1,1.2216486
s_016um_00130_00092-1,1.1640699
s_016um_00038_00210-1,1.2588385
s_016um_00404_00257-1,1.2555364
s_016um_00392_00182-1,1.3568693
s_016um_00182_00025-1,1.332638
s_016um_00408_00101-1,1.3834677
s_016um_00098_00022-1,1.2036101
s_016um_00392_00343-1,1.3141394
s_016um_00192_00124-1,1.2323576
s_016um_00116_00145-1,1.3569614
s_016um_00116_00150-1,1.3288732
s_016um_00083_00295-1,1.1552027
s_016um_00214_00294-1,1.1379318
s_016um_00290_00097-1,1.222004
s_016um_00084_00267-1,1.2285659
s_016um_00325_00230-1,1.211116
s_016um_00353_00091-1,1.243311
s_016um_00248_00019-1,1.2684244
s_016um_00029_00083-1,1.1457609
s_016um_00406_00152-1,1.2591987
s_016um_00135_00233-1,1.1550449
s_016um_00135_00225-1,1.222728
s_016um_00099_00072-1,1.2099056
s_016um_00141_00054-1,1.2121617
s_016um_00087_00199-1,1.2068878
s_016um_00207_00152-1,1.2283926
s_016um_00324_00300-1,1.2320089
s_016um_00028_00092-1,1.2170873
s_016um_00264_00330-1,1.2346448
s_016um_00089_00072-1,1.2045075
s_016um_00101_00072-1,1.2479624
s_016um_00112_00319-1,1.210512
s_016um_00325_00166-1,1.2997327
s_016um_00072_00247-1,1.2188884
s_016um_00084_00272-1,1.1820887
s_016um_00223_00332-1,1.3044662
s_016um_00047_00241-1,1.2992998
s_016um_00080_00195-1,1.334524
s_016um_00333_00212-1,1.1949639
s_016um_00353_00090-1,1.2767024
s_016um_00394_00371-1,1.4696867
s_016um_00032_00092-1,1.2250967
s_016um_00214_00283-1,1.2327418
s_016um_00356_00114-1,1.2785194
s_016um_00177_00028-1,1.1745121
s_016um_00252_00025-1,1.1672429
s_016um_00225_00249-1,1.2502612
s_016um_00247_00090-1,1.3113904
s_016um_00080_00280-1,1.2742493
s_016um_00224_00233-1,1.2139292
s_016um_00280_00051-1,1.3669229
s_016um_00034_00098-1,1.2977434
s_016um_00406_00399-1,1.8317137
s_016um_00395_00338-1,1.2587297
s_016um_00406_00127-1,1.1667454
s_016um_00404_00153-1,1.3004332
s_016um_00042_00047-1,1.1791159
s_016um_00009_00212-1,1.4142877
s_016um_00383_00133-1,1.3014766
s_016um_00219_00011-1,1.1752315
s_016um_00011_00297-1,1.2294055
s_016um_00388_00294-1,1.3143506
s_016um_00027_00091-1,1.2415079
s_016um_00212_00034-1,1.25855
s_016um_00256_00190-1,1.2276968
s_016um_00329_00213-1,1.2409809
s_016um_00343_00214-1,1.1640979
s_016um_00224_00032-1,1.2827607
s_016um_00278_00050-1,1.5341411
s_016um_00377_00138-1,1.3692126
s_016um_00348_00213-1,1.3732057
s_016um_00207_00146-1,1.2355702
s_016um_00321_00302-1,1.2711009
s_016um_00140_00020-1,1.302507
s_016um_00355_00115-1,1.272423
s_016um_00040_00170-1,1.4532568
s_016um_00405_00145-1,1.2696389
s_016um_00095_00315-1,1.167292
s_016um_00265_00032-1,1.2511314
s_016um_00088_00032-1,1.2196333
s_016um_00216_00168-1,1.2789024
s_016um_00096_00320-1,1.290054
s_016um_00359_00117-1,1.2359791
s_016um_00092_00279-1,1.1815327
s_016um_00402_00127-1,1.2952904
s_016um_00415_00140-1,1.2103624
s_016um_00354_00290-1,1.3080949
s_016um_00139_00218-1,1.1941799
s_016um_00395_00373-1,1.3586683
s_016um_00217_00026-1,1.367058
s_016um_00321_00232-1,1.3545074
s_016um_00264_00130-1,1.2973728
s_016um_00313_00052-1,1.2310705
s_016um_00086_00268-1,1.2519153
s_016um_00169_00125-1,1.3304696
s_016um_00018_00263-1,1.2314388
s_016um_00407_00123-1,1.2418647
s_016um_00029_00087-1,1.1774983
s_016um_00085_00065-1,1.0936232
s_016um_00140_00076-1,1.3926891
s_016um_00014_00270-1,1.4325633
s_016um_00266_00132-1,1.3153527
s_016um_00125_00093-1,1.1902817
s_016um_00231_00263-1,1.3023288
s_016um_00151_00401-1,1.2373582
s_016um_00071_00246-1,1.2853773
s_016um_00263_00184-1,1.167685
s_016um_00258_00031-1,1.2211531
s_016um_00099_00073-1,1.15054
s_016um_00332_00216-1,1.183947
s_016um_00152_00396-1,1.2318789
s_016um_00214_00281-1,1.2701242
s_016um_00083_00272-1,1.2323613
s_016um_00212_00295-1,1.1974939
s_016um_00405_00149-1,1.2154077
s_016um_00279_00044-1,1.2248943
s_016um_00221_00330-1,1.1522001
s_016um_00081_00030-1,1.2562504
s_016um_00414_00136-1,1.2771857
s_016um_00133_00076-1,1.2764899
s_016um_00360_00414-1,1.6189972
s_016um_00326_00166-1,1.2573713
s_016um_00403_00399-1,1.8267434
s_016um_00369_00223-1,1.31946
s_016um_00237_00356-1,1.2854822
s_016um_00041_00210-1,1.3279092
s_016um_00008_00211-1,1.327895
s_016um_00201_00145-1,1.2477975
s_016um_00230_00360-1,1.1809871
s_016um_00147_00394-1,1.218002
s_016um_00146_00399-1,1.2713915
s_016um_00360_00410-1,1.4361502
s_016um_00080_00035-1,1.1669292
s_016um_00010_00214-1,1.3843194
s_016um_00383_00128-1,1.137336
s_016um_00399_00126-1,1.25366
s_016um_00324_00123-1,1.254087
s_016um_00093_00319-1,1.2179481
s_016um_00093_00274-1,1.1891409
s_016um_00280_00316-1,1.256849
s_016um_00327_00125-1,1.2607579
s_016um_00261_00191-1,1.2326509
s_016um_00111_00314-1,1.2417144
s_016um_00049_00242-1,1.3391433
s_016um_00284_00096-1,1.2153722
s_016um_00041_00103-1,1.3385968
s_016um_00387_00298-1,1.2074337
s_016um_00144_00060-1,1.1593239
s_016um_00320_00169-1,1.2404699
s_016um_00231_00266-1,1.2250983
s_016um_00171_00124-1,1.3227011
s_016um_00032_00330-1,1.2048479
s_016um_00227_00234-1,1.3111567
s_016um_00136_00221-1,1.3835155
s_016um_00059_00249-1,1.2213457
s_016um_00399_00367-1,1.5160176
s_016um_00396_00262-1,1.2660636
s_016um_00043_00245-1,1.3088125
s_016um_00167_00378-1,1.2133074
s_016um_00064_00127-1,1.1476252
s_016um_00043_00179-1,1.3049511
s_016um_00114_00318-1,1.18409
s_016um_00213_00289-1,1.2550261
s_016um_00328_00301-1,1.359717
s_016um_00096_00322-1,1.2721087
s_016um_00279_00050-1,1.2313567
s_016um_00353_00093-1,1.2608804
s_016um_00041_00100-1,1.1961173
s_016um_00398_00358-1,1.4147321
s_016um_00355_00092-1,1.2699413
s_016um_00280_00324-1,1.2859639
s_016um_00081_00272-1,1.3228999
s_016um_00113_00315-1,1.1871295
s_016um_00280_00312-1,1.2230741
s_016um_00039_00204-1,1.3142958
s_016um_00048_00242-1,1.4894195
s_016um_00035_00331-1,1.2112973
s_016um_00374_00120-1,1.3371519
s_016um_00176_00029-1,1.1584344
s_016um_00131_00384-1,1.3270444
s_016um_00058_00243-1,1.2771627
s_016um_00214_00282-1,1.291232
s_016um_00289_00100-1,1.3137069
s_016um_00235_00261-1,1.246631
s_016um_00372_00146-1,1.3223586
s_016um_00085_00070-1,1.3006779
s_016um_00132_00073-1,1.139231
s_016um_00172_00376-1,1.1866635
s_016um_00268_00033-1,1.1834512
s_016um_00253_00028-1,1.2884668
s_016um_00321_00305-1,1.2192062
s_016um_00097_00338-1,1.2684793
s_016um_00380_00128-1,1.278929
s_016um_00128_00388-1,1.1749696
s_016um_00232_00260-1,1.2612897
s_016um_00232_00087-1,1.4357617
s_016um_00284_00099-1,1.2186894
s_016um_00184_00029-1,1.2303245
s_016um_00243_00189-1,1.1992543
s_016um_00275_00045-1,1.3515725
s_016um_00009_00209-1,1.2902441
s_016um_00046_00244-1,1.1991172
s_016um_00222_00233-1,1.3416774
s_016um_00253_00022-1,1.2054008
s_016um_00083_00283-1,1.2053761
s_016um_00374_00144-1,1.2165744
s_016um_00117_00151-1,1.2521368
s_016um_00078_00242-1,1.1574186
s_016um_00400_00216-1,1.2934196
s_016um_00094_00333-1,1.2332737
s_016um_00222_00331-1,1.3345222
s_016um_00130_00087-1,1.3205433
s_016um_00261_00129-1,1.3598292
s_016um_00215_00280-1,1.1960413
s_016um_00226_00235-1,1.2803586
s_016um_00387_00296-1,1.2676747
s_016um_00338_00401-1,1.342581
s_016um_00394_00357-1,1.1645491
s_016um_00039_00174-1,1.2447655
s_016um_00090_00069-1,1.2050225
s_016um_00213_00279-1,1.2127454
s_016um_00240_00084-1,1.3987339
s_016um_00266_00034-1,1.2387776
s_016um_00249_00019-1,1.2895381
s_016um_00216_00227-1,1.1682498
s_016um_00264_00188-1,1.3202008
s_016um_00010_00298-1,1.2734563
s_016um_00118_00151-1,1.1679106
s_016um_00027_00085-1,1.1926326
s_016um_00276_00201-1,1.2049918
s_016um_00174_00371-1,1.428647
s_016um_00355_00411-1,1.4207661
s_016um_00042_00240-1,1.1597996
s_016um_00084_00270-1,1.2250835
s_016um_00405_00396-1,1.8011928
s_016um_00402_00399-1,1.7210984
s_016um_00096_00026-1,1.1737643
s_016um_00281_00205-1,1.315255
s_016um_00168_00129-1,1.1598977
s_016um_00071_00250-1,1.2402471
s_016um_00383_00138-1,1.2112381
s_016um_00082_00066-1,1.2603809
s_016um_00371_00226-1,1.3203894
s_016um_00091_00069-1,1.2338252
s_016um_00229_00265-1,1.1677536
s_016um_00238_00182-1,1.2686057
s_016um_00268_00225-1,1.232666
s_016um_00085_00280-1,1.0853208
s_016um_00372_00098-1,1.1971954
s_016um_00390_00295-1,1.1668428
s_016um_00242_00086-1,1.3222768
s_016um_00083_00067-1,1.1857145
s_016um_00355_00094-1,1.3340839
s_016um_00393_00218-1,1.358224
s_016um_00025_00085-1,1.2002044
s_016um_00010_00155-1,1.2827858
s_016um_00379_00137-1,1.3069278
s_016um_00264_00332-1,1.2752587
s_016um_00357_00122-1,1.2903411
s_016um_00072_00252-1,1.3888149
s_016um_00384_00131-1,1.3421084
s_016um_00389_00339-1,1.2012504
s_016um_00225_00229-1,1.2972192
s_016um_00217_00283-1,1.2551799
s_016um_00233_00356-1,1.1929636
s_016um_00010_00152-1,1.1672106
s_016um_00257_00031-1,1.3230754
s_016um_00328_00227-1,1.3120645
s_016um_00237_00086-1,1.3001657
s_016um_00034_00337-1,1.319608
s_016um_00057_00241-1,1.1674122
s_016um_00222_00169-1,1.1943712
s_016um_00063_00128-1,1.180408
s_016um_00373_00145-1,1.4616644
s_016um_00039_00100-1,1.16834
s_016um_00347_00218-1,1.2558794
s_016um_00095_00028-1,1.2848946
s_016um_00357_00116-1,1.3441166
s_016um_00140_00019-1,1.2134633
s_016um_00247_00089-1,1.2579494
s_016um_00279_00311-1,1.3050736
s_016um_00122_00144-1,1.2703887
s_016um_00415_00138-1,1.2044611
s_016um_00169_00121-1,1.198586
s_016um_00273_00135-1,1.2160027
s_016um_00240_00190-1,1.2474923
s_016um_00089_00273-1,1.1848066
s_016um_00110_00316-1,1.328429
s_016um_00096_00340-1,1.258497
s_016um_00324_00223-1,1.2210886
s_016um_00252_00030-1,1.3299682
s_016um_00337_00404-1,1.3572171
s_016um_00086_00264-1,1.2209393
s_016um_00062_00131-1,1.143578
s_016um_00041_00207-1,1.2408408
s_016um_00215_00033-1,1.2346582
s_016um_00370_00096-1,1.2395576
s_016um_00084_00033-1,1.2636814
s_016um_00192_00123-1,1.3736
s_016um_00094_00323-1,1.4459555
s_016um_00393_00184-1,1.2560011
s_016um_00015_00265-1,1.2704542
s_016um_00358_00293-1,1.2667632
s_016um_00275_00227-1,1.2028921
s_016um_00308_00057-1,1.2261295
s_016um_00399_00124-1,1.248945
s_016um_00357_00289-1,1.2531961
s_016um_00248_00084-1,1.1805594
s_016um_00085_00036-1,1.2502828
s_016um_00371_00101-1,1.2604856
s_016um_00178_00028-1,1.2072481
s_016um_00397_00183-1,1.3127826
s_016um_00031_00338-1,1.3638623
s_016um_00135_00217-1,1.2555004
s_016um_00306_00056-1,1.1651531
s_016um_00222_00335-1,1.180616
s_016um_00035_00334-1,1.2425395
s_016um_00034_00335-1,1.2341079
s_016um_00096_00334-1,1.187887
s_016um_00264_00134-1,1.293265
s_016um_00053_00249-1,1.2926356
s_016um_00394_00177-1,1.2497499
s_016um_00324_00306-1,1.2163994
s_016um_00342_00218-1,1.262297
s_016um_00131_00087-1,1.1929829
s_016um_00258_00185-1,1.3773504
s_016um_00095_00024-1,1.1758074
s_016um_00189_00096-1,1.2823704
s_016um_00270_00036-1,1.3515329
s_016um_00012_00300-1,1.2698236
s_016um_00104_00070-1,1.2568526
s_016um_00362_00287-1,1.2680818
s_016um_00391_00297-1,1.4419416
s_016um_00135_00069-1,1.4169657
s_016um_00099_00322-1,1.2411288
s_016um_00272_00208-1,1.278546
s_016um_00336_00403-1,1.4416847
s_016um_00129_00387-1,1.2410803
s_016um_00268_00062-1,1.2358284
s_016um_00096_00338-1,1.3217369
s_016um_00140_00056-1,1.164867
s_016um_00140_00217-1,1.2510439
s_016um_00264_00059-1,1.4018828
s_016um_00356_00023-1,1.427501
s_016um_00106_00317-1,1.1931622
s_016um_00191_00090-1,1.2590338
s_016um_00284_00100-1,1.2107718
s_016um_00035_00100-1,1.1829345
s_016um_00105_00385-1,1.3800576
s_016um_00327_00230-1,1.2187395
s_016um_00262_00130-1,1.3454922
s_016um_00385_00129-1,1.1936951
s_016um_00083_00269-1,1.1867336
s_016um_00357_00121-1,1.2182848
s_016um_00390_00358-1,1.7386091
s_016um_00401_00255-1,1.3696594
s_016um_00082_00032-1,1.1838987
s_016um_00226_00248-1,1.3001664
s_016um_00022_00266-1,1.2536108
s_016um_00318_00169-1,1.3086734
s_016um_00246_00084-1,1.2477953
s_016um_00098_00029-1,1.1891427
s_016um_00279_00130-1,1.338239
s_016um_00398_00178-1,1.3216826
s_016um_00080_00029-1,1.281859
s_016um_00040_00179-1,1.3416204
s_016um_00030_00334-1,1.2809834
s_016um_00325_00225-1,1.2732141
s_016um_00079_00278-1,1.2744555
s_016um_00082_00195-1,1.398406
s_016um_00010_00216-1,1.3463
s_016um_00336_00399-1,1.4628278
s_016um_00335_00215-1,1.3115993
s_016um_00212_00297-1,1.2175866
s_016um_00227_00244-1,1.1879687
s_016um_00322_00161-1,1.471831
s_016um_00139_00075-1,1.2548256
s_016um_00385_00127-1,1.310032
s_016um_00030_00087-1,1.1689471
s_016um_00092_00277-1,1.2147107
s_016um_00041_00244-1,1.2857957
s_016um_00024_00088-1,1.2087009
s_016um_00256_00185-1,1.2917526
s_016um_00391_00345-1,1.7475257
s_016um_00110_00317-1,1.315613
s_016um_00218_00280-1,1.2798878
s_016um_00314_00053-1,1.2894657
s_016um_00266_00056-1,1.3059093
s_016um_00209_00297-1,1.2298353
s_016um_00142_00220-1,1.269898
s_016um_00394_00212-1,1.3171619
s_016um_00203_00151-1,1.2652497
s_016um_00112_00316-1,1.2724468
s_016um_00140_00219-1,1.2222861
s_016um_00372_00099-1,1.2734063
s_016um_00233_00092-1,1.3365415
s_016um_00045_00214-1,1.1526388
s_016um_00267_00060-1,1.3450218
s_016um_00208_00292-1,1.2266756
s_016um_00188_00097-1,1.2684699
s_016um_00325_00232-1,1.2301922
s_016um_00328_00122-1,1.192754
s_016um_00384_00137-1,1.2789137
s_016um_00278_00201-1,1.2660748
s_016um_00323_00303-1,1.1781963
s_016um_00228_00233-1,1.2229316
s_016um_00267_00034-1,1.2892075
s_016um_00020_00268-1,1.3520004
s_016um_00380_00134-1,1.2417169
s_016um_00418_00141-1,1.211154
s_016um_00223_00027-1,1.227876
s_016um_00275_00317-1,1.2483001
s_016um_00135_00317-1,1.5523782
s_016um_00136_00316-1,1.5782759
s_016um_00368_00146-1,1.3438445
s_016um_00232_00259-1,1.3274746
s_016um_00225_00333-1,1.1512369
s_016um_00190_00096-1,1.2899556
s_016um_00092_00276-1,1.2157086
s_016um_00219_00166-1,1.2547982
s_016um_00102_00030-1,1.1711396
s_016um_00081_00033-1,1.2092036
s_016um_00035_00335-1,1.3079091
s_016um_00407_00127-1,1.1786473
s_016um_00088_00070-1,1.2420063
s_016um_00278_00314-1,1.2491403
s_016um_00100_00026-1,1.2235454
s_016um_00170_00129-1,1.2650882
s_016um_00352_00095-1,1.2388356
s_016um_00085_00269-1,1.1864482
s_016um_00288_00098-1,1.2786489
s_016um_00276_00137-1,1.222761
s_016um_00008_00156-1,1.1799384
s_016um_00196_00091-1,1.2085617
s_016um_00313_00055-1,1.2972182
s_016um_00276_00138-1,1.4668899
s_016um_00075_00246-1,1.1995851
s_016um_00083_00266-1,1.2171067
s_016um_00279_00132-1,1.2642192
s_016um_00355_00020-1,1.3747168
s_016um_00288_00099-1,1.3173591
s_016um_00221_00033-1,1.2399611
s_016um_00103_00068-1,1.2758605
s_016um_00136_00227-1,1.2046689
s_016um_00095_00278-1,1.1959094
s_016um_00265_00132-1,1.232596
s_016um_00321_00230-1,1.2468318
s_016um_00028_00332-1,1.2362108
s_016um_00383_00140-1,1.2611747
s_016um_00404_00402-1,1.9834852
s_016um_00197_00094-1,1.2736186
s_016um_00011_00210-1,1.2113918
s_016um_00253_00021-1,1.3335674
s_016um_00341_00397-1,1.2698759
s_016um_00288_00093-1,1.3255259
s_016um_00401_00261-1,1.3290653
s_016um_00381_00135-1,1.181339
s_016um_00045_00213-1,1.3338431
s_016um_00364_00225-1,1.22851
s_016um_00291_00098-1,1.1812356
s_016um_00373_00117-1,1.3315208
s_016um_00167_00373-1,1.274893
s_016um_00252_00024-1,1.3121198
s_016um_00344_00221-1,1.5931841
s_016um_00255_00023-1,1.1980116
s_016um_00223_00169-1,1.3482352
s_016um_00277_00324-1,1.4307522
s_016um_00354_00094-1,1.2998348
s_016um_00244_00091-1,1.3043036
s_016um_00238_00357-1,1.2177477
s_016um_00033_00005-1,1.3068999
s_016um_00356_00119-1,1.1859412
s_016um_00041_00209-1,1.3208756
s_016um_00075_00240-1,1.2496408
s_016um_00394_00220-1,1.3035178
s_016um_00406_00121-1,1.2773274
s_016um_00328_00230-1,1.2271546
s_016um_00149_00398-1,1.2708069
s_016um_00083_00264-1,1.1707199
s_016um_00368_00228-1,1.4335928
s_016um_00393_00180-1,1.3843161
s_016um_00167_00126-1,1.4818035
s_016um_00277_00320-1,1.2407326
s_016um_00221_00239-1,1.2094066
s_016um_00047_00213-1,1.3328034
s_016um_00070_00233-1,1.2170727
s_016um_00101_00066-1,1.2580497
s_016um_00246_00087-1,1.2974446
s_016um_00391_00180-1,1.6354554
s_016um_00405_00153-1,1.1916494
s_016um_00351_00095-1,1.1871401
s_016um_00077_00252-1,1.3894606
s_016um_00236_00359-1,1.2338877
s_016um_00013_00295-1,1.2743368
s_016um_00322_00224-1,1.2374246
s_016um_00397_00181-1,1.223893
s_016um_00213_00293-1,1.1995444
s_016um_00282_00328-1,1.2720622
s_016um_00076_00292-1,1.3237605
s_016um_00148_00402-1,1.2618942
s_016um_00335_00250-1,1.2423803
s_016um_00405_00123-1,1.2549751
s_016um_00195_00096-1,1.2436833
s_016um_00357_00117-1,1.2629988
s_016um_00008_00208-1,1.3689632
s_016um_00342_00219-1,1.3571111
s_016um_00354_00122-1,1.2367946
s_016um_00063_00130-1,1.17193
s_016um_00330_00256-1,1.3280826
s_016um_00181_00027-1,1.2199144
s_016um_00133_00088-1,1.3436075
s_016um_00062_00129-1,1.2473185
s_016um_00224_00332-1,1.2480115
s_016um_00369_00117-1,1.2648836
s_016um_00213_00014-1,1.2203299
s_016um_00364_00227-1,1.2142942
s_016um_00084_00282-1,1.1974844
s_016um_00211_00290-1,1.358106
s_016um_00371_00144-1,1.167761
s_016um_00267_00030-1,1.3392557
s_016um_00241_00088-1,1.3883324
s_016um_00222_00247-1,1.2613893
s_016um_00280_00325-1,1.2903726
s_016um_00040_00241-1,1.2918346
s_016um_00223_00032-1,1.2645009
s_016um_00324_00121-1,1.2496
s_016um_00098_00322-1,1.1993388
s_016um_00248_00089-1,1.3312625
s_016um_00045_00236-1,1.1871202
s_016um_00081_00265-1,1.2619808
s_016um_00085_00272-1,1.2841527
s_016um_00396_00184-1,1.3047987
s_016um_00352_00092-1,1.2000045
s_016um_00362_00229-1,1.244788
s_016um_00041_00176-1,1.2772498
s_016um_00146_00062-1,1.2186599
s_016um_00054_00242-1,1.3082124
s_016um_00037_00042-1,1.2179985
s_016um_00135_00076-1,1.2429171
s_016um_00166_00377-1,1.3804792
s_016um_00312_00055-1,1.3031118
s_016um_00216_00027-1,1.2981865
s_016um_00345_00213-1,1.3038399
s_016um_00277_00314-1,1.4471153
s_016um_00171_00123-1,1.3311229
s_016um_00257_00185-1,1.4083837
s_016um_00261_00029-1,1.3190063
s_016um_00180_00030-1,1.1401019
s_016um_00077_00296-1,1.1657736
s_016um_00399_00399-1,1.5741287
s_016um_00328_00302-1,1.3419329
s_016um_00363_00226-1,1.290213
s_016um_00080_00298-1,1.2498959
s_016um_00182_00030-1,1.136322
s_016um_00070_00237-1,1.227314
s_016um_00243_00084-1,1.326848
s_016um_00063_00127-1,1.1961029
s_016um_00263_00132-1,1.2522546
s_016um_00327_00126-1,1.304312
s_016um_00083_00194-1,1.315574
s_016um_00403_00145-1,1.2434675
s_016um_00314_00058-1,1.286582
s_016um_00033_00009-1,1.217747
s_016um_00328_00216-1,1.239802
s_016um_00341_00403-1,1.3533201
s_016um_00214_00284-1,1.3402793
s_016um_00394_00373-1,1.2162783
s_016um_00415_00100-1,1.2180471
s_016um_00398_00256-1,1.4269555
s_016um_00412_00098-1,1.171811
s_016um_00089_00270-1,1.2069489
s_016um_00288_00092-1,1.2498453
s_016um_00131_00316-1,1.3643197
s_016um_00141_00222-1,1.2385355
s_016um_00236_00182-1,1.3360233
s_016um_00271_00224-1,1.2367957
s_016um_00385_00294-1,1.1139544
s_016um_00112_00320-1,1.390645
s_016um_00402_00148-1,1.3494978
s_016um_00269_00225-1,1.2569349
s_016um_00079_00245-1,1.2357917
s_016um_00277_00132-1,1.2571343
s_016um_00129_00231-1,1.2680798
s_016um_00320_00231-1,1.2356368
s_016um_00107_00320-1,1.5023555
s_016um_00329_00252-1,1.2462837
s_016um_00198_00149-1,1.3421817
s_016um_00264_00032-1,1.1574655
s_016um_00221_00333-1,1.2164879
s_016um_00081_00029-1,1.3498435
s_016um_00044_00047-1,1.184402
s_016um_00281_00317-1,1.2941495
s_016um_00223_00329-1,1.1555598
s_016um_00006_00153-1,1.2882906
s_016um_00160_00292-1,1.2120708
s_016um_00365_00228-1,1.1906537
s_016um_00328_00212-1,1.2613779
s_016um_00276_00321-1,1.3718041
s_016um_00370_00125-1,1.1978598
s_016um_00118_00148-1,1.1694822
s_016um_00274_00205-1,1.3415715
s_016um_00278_00317-1,1.3055499
s_016um_00271_00058-1,1.2861717
s_016um_00395_00213-1,1.2441736
s_016um_00200_00151-1,1.2549685
s_016um_00141_00215-1,1.2555187
s_016um_00333_00217-1,1.2724866
s_016um_00232_00361-1,1.2620261
s_016um_00338_00254-1,1.2637571
s_016um_00342_00402-1,1.5272269
s_016um_00168_00124-1,1.2356076
s_016um_00333_00214-1,1.2638376
s_016um_00404_00262-1,1.3538775
s_016um_00021_00268-1,1.1974101
s_016um_00078_00284-1,1.2302871
s_016um_00331_00121-1,1.1784935
s_016um_00115_00144-1,1.275552
s_016um_00164_00285-1,1.3799071
s_016um_00236_00355-1,1.2371553
s_016um_00331_00124-1,1.36846
s_016um_00040_00103-1,1.2086253
s_016um_00106_00386-1,1.3178437
s_016um_00268_00328-1,1.193112
s_016um_00021_00264-1,1.2764971
s_016um_00067_00232-1,1.2888362
s_016um_00392_00179-1,1.307981
s_016um_00210_00033-1,1.3514419
s_016um_00145_00054-1,1.3227249
s_016um_00272_00333-1,1.2530775
s_016um_00365_00095-1,1.2166286
s_016um_00371_00147-1,1.2898105
s_016um_00286_00099-1,1.301096
s_016um_00083_00298-1,1.1908954
s_016um_00263_00191-1,1.1916065
s_016um_00272_00335-1,1.2731835
s_016um_00335_00401-1,1.400594
s_016um_00043_00046-1,1.1822339
s_016um_00371_00141-1,1.2098286
s_016um_00370_00145-1,1.2459478
s_016um_00221_00032-1,1.2255137
s_016um_00259_00029-1,1.3755261
s_016um_00189_00092-1,1.2082771
s_016um_00271_00332-1,1.2914331
s_016um_00276_00318-1,1.2515403
s_016um_00365_00096-1,1.1556733
s_016um_00366_00101-1,1.2943861
s_016um_00402_00400-1,1.9817337
s_016um_00225_00329-1,1.282372
s_016um_00163_00292-1,1.1898112
s_016um_00274_00335-1,1.3586423
s_016um_00313_00056-1,1.3147936
s_016um_00133_00317-1,1.4995875
s_016um_00202_00147-1,1.2130661
s_016um_00256_00027-1,1.2242396
s_016um_00340_00398-1,1.4092847
s_016um_00357_00089-1,1.222016
s_016um_00161_00286-1,1.5687256
s_016um_00137_00078-1,1.213243
s_016um_00123_00145-1,1.2347002
s_016um_00161_00294-1,1.1863548
s_016um_00040_00049-1,1.2462653
s_016um_00389_00297-1,1.2176574
s_016um_00066_00230-1,1.2565581
s_016um_00103_00073-1,1.2262663
s_016um_00013_00297-1,1.1893529
s_016um_00043_00238-1,1.1953317
s_016um_00056_00242-1,1.1596097
s_016um_00270_00328-1,1.3274437
s_016um_00359_00410-1,1.6086504
s_016um_00171_00377-1,1.2453735
s_016um_00395_00362-1,1.312941
s_016um_00147_00055-1,1.2771794
s_016um_00232_00261-1,1.2575479
s_016um_00228_00234-1,1.1783468
s_016um_00415_00139-1,1.2634315
s_016um_00378_00140-1,1.2363844
s_016um_00038_00178-1,1.2195077
s_016um_00329_00210-1,1.2476101
s_016um_00038_00175-1,1.1783032
s_016um_00230_00263-1,1.2390425
s_016um_00091_00274-1,1.1931063
s_016um_00405_00402-1,2.1508718
s_016um_00259_00033-1,1.1896743
s_016um_00237_00359-1,1.2934372
s_016um_00394_00219-1,1.2006576
s_016um_00079_00271-1,1.1707127
s_016um_00396_00182-1,1.2915058
s_016um_00230_00268-1,1.262543
s_016um_00009_00154-1,1.1078621
s_016um_00376_00133-1,1.2693915
s_016um_00325_00168-1,1.2363644
s_016um_00137_00018-1,1.240222
s_016um_00259_00190-1,1.2166423
s_016um_00368_00140-1,1.2306274
s_016um_00141_00014-1,1.3410245
s_016um_00126_00384-1,1.2635714
s_016um_00032_00335-1,1.2125561
s_016um_00273_00225-1,1.2053981
s_016um_00348_00025-1,1.3000131
s_016um_00080_00031-1,1.2358388
s_016um_00132_00232-1,1.2100514
s_016um_00222_00029-1,1.2953488
s_016um_00165_00127-1,1.246904
s_016um_00393_00216-1,1.2589597
s_016um_00217_00227-1,1.185612
s_016um_00242_00088-1,1.2455113
s_016um_00080_00194-1,1.3793112
s_016um_00010_00206-1,1.2843801
s_016um_00200_00145-1,1.2753748
s_016um_00331_00210-1,1.2991651
s_016um_00068_00133-1,1.2444512
s_016um_00054_00246-1,1.3723294
s_016um_00248_00086-1,1.286532
s_016um_00073_00251-1,1.2774488
s_016um_00007_00155-1,1.2390937
s_016um_00143_00014-1,1.1784439
s_016um_00013_00268-1,1.3200277
s_016um_00225_00248-1,1.2718403
s_016um_00382_00135-1,1.2587818
s_016um_00332_00258-1,1.3384843
s_016um_00406_00400-1,1.832987
s_016um_00054_00247-1,1.3610295
s_016um_00164_00121-1,1.1716063
s_016um_00036_00172-1,1.2051708
s_016um_00168_00121-1,1.1337119
s_016um_00394_00368-1,1.2498797
s_016um_00361_00413-1,1.803501
s_016um_00190_00128-1,1.350186
s_016um_00392_00358-1,1.3972261
s_016um_00234_00089-1,1.3637655
s_016um_00325_00298-1,1.3380373
s_016um_00059_00245-1,1.3000906
s_016um_00386_00131-1,1.2370149
s_016um_00279_00203-1,1.2251588
s_016um_00132_00089-1,1.3466454
s_016um_00416_00139-1,1.1827793
s_016um_00041_00008-1,1.2104117
s_016um_00267_00329-1,1.2060921
s_016um_00322_00229-1,1.2479622
s_016um_00226_00243-1,1.1953821
s_016um_00082_00036-1,1.1888931
s_016um_00278_00134-1,1.1992143
s_016um_00090_00337-1,1.1652423
s_016um_00240_00183-1,1.1435912
s_016um_00081_00279-1,1.1892556
s_016um_00129_00320-1,1.3120433
s_016um_00390_00293-1,1.3232263
s_016um_00356_00293-1,1.2612388
s_016um_00278_00051-1,1.3551447
s_016um_00224_00172-1,1.2946552
s_016um_00007_00153-1,1.2372348
s_016um_00318_00166-1,1.3315991
s_016um_00261_00030-1,1.2983265
s_016um_00339_00396-1,1.4805008
s_016um_00142_00014-1,1.3455944
s_016um_00395_00212-1,1.1843103
s_016um_00352_00022-1,1.2778652
s_016um_00168_00123-1,1.2231768
s_016um_00260_00034-1,1.3252581
s_016um_00397_00214-1,1.1980245
s_016um_00328_00226-1,1.2000653
s_016um_00098_00069-1,1.2807915
s_016um_00276_00051-1,1.213868
s_016um_00379_00139-1,1.3024939
s_016um_00086_00195-1,1.3362565
s_016um_00356_00092-1,1.5599271
s_016um_00332_00124-1,1.2807187
s_016um_00355_00117-1,1.1737906
s_016um_00202_00153-1,1.1980762
s_016um_00400_00213-1,1.2838538
s_016um_00357_00093-1,1.2530706
s_016um_00373_00123-1,1.2439923
s_016um_00358_00413-1,1.6265169
s_016um_00068_00231-1,1.202338
s_016um_00064_00237-1,1.2677315
s_016um_00030_00333-1,1.194226
s_016um_00136_00073-1,1.2005365
s_016um_00277_00206-1,1.2411313
s_016um_00322_00171-1,1.2739929
s_016um_00396_00373-1,1.4024183
s_016um_00209_00028-1,1.1904441
s_016um_00129_00319-1,1.6030191
s_016um_00084_00279-1,1.2064896
s_016um_00397_00261-1,1.3529379
s_016um_00238_00088-1,1.3892472
s_016um_00164_00122-1,1.3327446
s_016um_00219_00276-1,1.3046702
s_016um_00095_00321-1,1.244241
s_016um_00147_00396-1,1.3180107
s_016um_00385_00298-1,1.3624672
s_016um_00068_00126-1,1.1673979
s_016um_00213_00028-1,1.2158101
s_016um_00275_00133-1,1.3881447
s_016um_00091_00334-1,1.216958
s_016um_00315_00056-1,1.2404336
s_016um_00272_00032-1,1.4460207
s_016um_00272_00050-1,1.4355788
s_016um_00210_00290-1,1.3950461
s_016um_00406_00120-1,1.22769
s_016um_00387_00293-1,1.2652216
s_016um_00390_00299-1,1.455586
s_016um_00222_00226-1,1.2017978
s_016um_00278_00044-1,1.1995598
s_016um_00201_00149-1,1.1449616
s_016um_00038_00044-1,1.1947913
s_016um_00322_00225-1,1.2853059
s_016um_00042_00208-1,1.2680765
s_016um_00096_00335-1,1.3039488
s_016um_00029_00088-1,1.1676694
s_016um_00165_00290-1,1.2510096
s_016um_00222_00013-1,1.2346351
s_016um_00403_00153-1,1.2245979
s_016um_00139_00220-1,1.2882625
s_016um_00086_00031-1,1.2408329
s_016um_00329_00217-1,1.1848334
s_016um_00078_00282-1,1.244425
s_016um_00086_00032-1,1.1487237
s_016um_00029_00086-1,1.1696692
s_016um_00140_00071-1,1.1027024
s_016um_00269_00329-1,1.2455956
s_016um_00253_00024-1,1.2311814
s_016um_00327_00300-1,1.305964
s_016um_00169_00127-1,1.2964315
s_016um_00191_00092-1,1.2235105
s_016um_00271_00222-1,1.2247752
s_016um_00220_00010-1,1.2703569
s_016um_00214_00279-1,1.1889344
s_016um_00355_00018-1,1.261212
s_016um_00236_00190-1,1.2563375
s_016um_00126_00390-1,1.2581096
s_016um_00410_00147-1,1.2425982
s_016um_00277_00312-1,1.1961238
s_016um_00074_00244-1,1.2270511
s_016um_00396_00218-1,1.3230404
s_016um_00034_00101-1,1.2935132
s_016um_00408_00103-1,1.2918705
s_016um_00354_00412-1,1.397351
s_016um_00013_00208-1,1.2122047
s_016um_00042_00212-1,1.3239098
s_016um_00162_00286-1,1.3431184
s_016um_00192_00091-1,1.1840702
s_016um_00224_00234-1,1.2646419
s_016um_00267_00332-1,1.33137
s_016um_00232_00265-1,1.1491238
s_016um_00080_00286-1,1.1785463
s_016um_00030_00092-1,1.2109435
s_016um_00255_00033-1,1.288947
s_016um_00396_00369-1,1.3114932
s_016um_00012_00213-1,1.2541395
s_016um_00200_00147-1,1.2255226
s_016um_00047_00244-1,1.2053643
s_016um_00040_00217-1,1.2764791
s_016um_00373_00140-1,1.3889277
s_016um_00270_00223-1,1.28464
s_016um_00089_00066-1,1.3181367
s_016um_00358_00115-1,1.2733133
s_016um_00274_00226-1,1.1699338
s_016um_00174_00375-1,1.2294787
s_016um_00228_00248-1,1.2764515
s_016um_00207_00150-1,1.1941485
s_016um_00094_00343-1,1.2264247
s_016um_00224_00171-1,1.2775222
s_016um_00388_00345-1,1.2951303
s_016um_00133_00228-1,1.2424723
s_016um_00103_00383-1,1.3323318
s_016um_00030_00084-1,1.2519449
s_016um_00122_00146-1,1.1671258
s_016um_00067_00230-1,1.3123523
s_016um_00227_00335-1,1.268054
s_016um_00135_00221-1,1.2828249
s_016um_00098_00066-1,1.2839018
s_016um_00321_00229-1,1.2508758
s_016um_00267_00229-1,1.2264297
s_016um_00357_00417-1,1.4208858
s_016um_00249_00025-1,1.5200255
s_016um_00080_00293-1,1.2271142
s_016um_00356_00019-1,1.3238055
s_016um_00413_00141-1,1.3274404
s_016um_00359_00121-1,1.2625977
s_016um_00386_00296-1,1.2783412
s_016um_00106_00316-1,1.177506
s_016um_00320_00165-1,1.27634
s_016um_00043_00043-1,1.1939261
s_016um_00278_00328-1,1.2271485
s_016um_00129_00382-1,1.3234944
s_016um_00086_00030-1,1.1872609
s_016um_00368_00227-1,1.2976528
s_016um_00031_00088-1,1.2386606
s_016um_00140_00222-1,1.177065
s_016um_00219_00028-1,1.2404708
s_016um_00418_00143-1,1.2291846
s_016um_00392_00292-1,1.2671208
s_016um_00010_00153-1,1.1364073
s_016um_00080_00199-1,1.3672471
s_016um_00165_00129-1,1.1567495
s_016um_00326_00227-1,1.3276601
s_016um_00370_00223-1,1.3596666
s_016um_00228_00264-1,1.302476
s_016um_00273_00313-1,1.2787318
s_016um_00331_00253-1,1.1846437
s_016um_00081_00032-1,1.1884764
s_016um_00260_00130-1,1.3136789
s_016um_00091_00341-1,1.2393619
s_016um_00140_00070-1,1.2238611
s_016um_00090_00268-1,1.1959409
s_016um_00227_00243-1,1.2012953
s_016um_00219_00170-1,1.2910029
s_016um_00323_00227-1,1.2073147
s_016um_00100_00073-1,1.1927944
s_016um_00152_00398-1,1.2868818
s_016um_00281_00326-1,1.2057425
s_016um_00063_00234-1,1.237302
s_016um_00234_00361-1,1.1564173
s_016um_00401_00124-1,1.3201773
s_016um_00327_00224-1,1.1958977
s_016um_00266_00128-1,1.3106916
s_016um_00105_00071-1,1.1827844
s_016um_00028_00086-1,1.2448982
s_016um_00138_00077-1,1.1418422
s_016um_00008_00300-1,1.2484335
s_016um_00150_00396-1,1.3756433
s_016um_00311_00060-1,1.3312593
s_016um_00410_00151-1,1.278098
s_016um_00337_00400-1,1.5417825
s_016um_00042_00049-1,1.2241762
s_016um_00374_00119-1,1.4042604
s_016um_00326_00119-1,1.304886
s_016um_00264_00334-1,1.2083424
s_016um_00418_00142-1,1.3520963
s_016um_00152_00397-1,1.2448875
s_016um_00201_00152-1,1.482317
s_016um_00231_00267-1,1.2578634
s_016um_00100_00070-1,1.207116
s_016um_00330_00125-1,1.2613709
s_016um_00327_00121-1,1.1663619
s_016um_00358_00096-1,1.2155795
s_016um_00216_00291-1,1.3064882
s_016um_00326_00164-1,1.2151829
s_016um_00145_00015-1,1.2793075
s_016um_00280_00131-1,1.2643872
s_016um_00076_00250-1,1.2289851
s_016um_00390_00363-1,1.3291142
s_016um_00043_00244-1,1.2031349
s_016um_00226_00331-1,1.178112
s_016um_00088_00033-1,1.233369
s_016um_00041_00239-1,1.1850352
s_016um_00012_00151-1,1.2496328
s_016um_00140_00059-1,1.2604926
s_016um_00324_00229-1,1.3151628
s_016um_00147_00060-1,1.1971245
s_016um_00335_00213-1,1.2273976
s_016um_00252_00023-1,1.2249336
s_016um_00041_00098-1,1.2369611
s_016um_00214_00280-1,1.2771167
s_016um_00108_00315-1,1.2391909
s_016um_00262_00329-1,1.173563
s_016um_00248_00088-1,1.2666321
s_016um_00398_00262-1,1.2941042
s_016um_00224_00030-1,1.3088057
s_016um_00221_00280-1,1.235704
s_016um_00096_00323-1,1.2821276
s_016um_00192_00121-1,1.2902464
s_016um_00409_00148-1,1.2061589
s_016um_00058_00245-1,1.2474763
s_016um_00005_00294-1,1.2392104
s_016um_00283_00093-1,1.2013781
s_016um_00417_00144-1,1.3538439
s_016um_00242_00084-1,1.3544699
s_016um_00279_00138-1,1.2329994
s_016um_00134_00071-1,1.2088683
s_016um_00037_00048-1,1.1559325
s_016um_00234_00363-1,1.3777853
s_016um_00275_00228-1,1.2543633
s_016um_00219_00027-1,1.3039415
s_016um_00354_00021-1,1.3058509
s_016um_00233_00357-1,1.2659643
s_016um_00256_00186-1,1.0798333
s_016um_00322_00167-1,1.2034756
s_016um_00232_00267-1,1.2030888
s_016um_00322_00228-1,1.2280372
s_016um_00166_00289-1,1.2646774
s_016um_00148_00394-1,1.3373096
s_016um_00036_00175-1,1.2157655
s_016um_00126_00387-1,1.3424146
s_016um_00065_00125-1,1.2099663
s_016um_00263_00127-1,1.1754324
s_016um_00403_00125-1,1.275724
s_016um_00180_00028-1,1.2463225
s_016um_00080_00200-1,1.4509975
s_016um_00411_00103-1,1.2052605
s_016um_00280_00206-1,1.2742815
s_016um_00011_00150-1,1.1555587
s_016um_00397_00178-1,1.38875
s_016um_00117_00143-1,1.3304881
s_016um_00343_00219-1,1.4155061
s_016um_00362_00224-1,1.2067347
s_016um_00060_00244-1,1.2494439
s_016um_00106_00314-1,1.1926696
s_016um_00333_00215-1,1.169821
s_016um_00085_00068-1,1.1740352
s_016um_00259_00188-1,1.242129
s_016um_00377_00132-1,1.2928569
s_016um_00371_00124-1,1.221179
s_016um_00233_00355-1,1.2557993
s_016um_00080_00297-1,1.2996112
s_016um_00079_00238-1,1.181067
s_016um_00254_00024-1,1.1013885
s_016um_00216_00013-1,1.342821
s_016um_00221_00331-1,1.3326486
s_016um_00367_00140-1,1.2904452
s_016um_00027_00331-1,1.2868493
s_016um_00225_00336-1,1.2039995
s_016um_00398_00359-1,1.2735015
s_016um_00405_00399-1,1.6867037
s_016um_00135_00223-1,1.4285278
s_016um_00070_00236-1,1.1959937
s_016um_00352_00094-1,1.3086611
s_016um_00097_00023-1,1.1615925
s_016um_00062_00126-1,1.1648432
s_016um_00365_00227-1,1.3092977
s_016um_00375_00117-1,1.3452449
s_016um_00143_00055-1,1.1597486
s_016um_00151_00396-1,1.2959166
s_016um_00389_00361-1,1.4819094
s_016um_00159_00292-1,1.1854278
s_016um_00397_00263-1,1.3094422
s_016um_00130_00226-1,1.2604884
s_016um_00073_00246-1,1.3403038
s_016um_00371_00094-1,1.131101
s_016um_00249_00022-1,1.3332075
s_016um_00267_00225-1,1.2755195
s_016um_00225_00235-1,1.1917905
s_016um_00268_00035-1,1.2297301
s_016um_00216_00296-1,1.2901229
s_016um_00329_00121-1,1.2749715
s_016um_00163_00288-1,1.4823024
s_016um_00321_00225-1,1.2584194
s_016um_00219_00279-1,1.182845
s_016um_00240_00182-1,1.1940951
s_016um_00218_00171-1,1.3952364
s_016um_00273_00335-1,1.310067
s_016um_00172_00370-1,1.2968782
s_016um_00215_00293-1,1.2466726
s_016um_00092_00316-1,1.2553009
s_016um_00225_00029-1,1.2181044
s_016um_00346_00216-1,1.3028476
s_016um_00271_00223-1,1.2555584
s_016um_00378_00138-1,1.1959555
s_016um_00278_00137-1,1.1922927
s_016um_00417_00134-1,1.278039
s_016um_00210_00032-1,1.202788
s_016um_00398_00184-1,1.2239077
s_016um_00368_00225-1,1.2375706
s_016um_00261_00184-1,1.1743212
s_016um_00080_00264-1,1.1878431
s_016um_00224_00028-1,1.1884394
s_016um_00331_00119-1,1.2659189
s_016um_00398_00368-1,1.2650152
s_016um_00374_00122-1,1.2486032
s_016um_00327_00302-1,1.2688915
s_016um_00129_00317-1,1.4295256
s_016um_00164_00290-1,1.2470018
s_016um_00038_00042-1,1.1869376
s_016um_00355_00418-1,1.8934954
s_016um_00132_00092-1,1.2948542
s_016um_00232_00266-1,1.241324
s_016um_00010_00296-1,1.1467127
s_016um_00221_00233-1,1.2180068
s_016um_00214_00292-1,1.2604518
s_016um_00220_00283-1,1.2908674
s_016um_00222_00167-1,1.3242728
s_016um_00344_00212-1,1.3600507
s_016um_00084_00028-1,1.2599654
s_016um_00166_00375-1,1.2072705
s_016um_00194_00098-1,1.2154291
s_016um_00082_00271-1,1.1600766
s_016um_00122_00143-1,1.2969466
s_016um_00224_00329-1,1.2054696
s_016um_00401_00262-1,1.3137336
s_016um_00015_00267-1,1.1914852
s_016um_00090_00267-1,1.2741787
s_016um_00040_00206-1,1.2408975
s_016um_00097_00030-1,1.272603
s_016um_00064_00130-1,1.2099272
s_016um_00272_00203-1,1.2825372
s_016um_00139_00072-1,1.1720952
s_016um_00409_00153-1,1.3057787
s_016um_00039_00177-1,1.200871
s_016um_00232_00088-1,1.4151471
s_016um_00230_00357-1,1.2504317
s_016um_00414_00104-1,1.2028868
s_016um_00049_00244-1,1.2175555
s_016um_00248_00020-1,1.2603685
s_016um_00358_00286-1,1.232846
s_016um_00382_00134-1,1.3481315
s_016um_00416_00136-1,1.3149501
s_016um_00096_00337-1,1.1984843
s_016um_00289_00093-1,1.2582394
s_016um_00100_00316-1,1.3638797
s_016um_00105_00391-1,1.2685033
s_016um_00026_00092-1,1.1775718
s_016um_00037_00178-1,1.2183913
s_016um_00405_00121-1,1.2221929
s_016um_00403_00128-1,1.3150986
s_016um_00384_00125-1,1.2086226
s_016um_00153_00400-1,1.2759992
s_016um_00225_00335-1,1.2282153
s_016um_00121_00149-1,1.2901493
s_016um_00330_00211-1,1.2358154
s_016um_00257_00029-1,1.3668367
s_016um_00262_00129-1,1.2973096
s_016um_00081_00282-1,1.1843756
s_016um_00323_00302-1,1.2507508
s_016um_00408_00151-1,1.1932478
s_016um_00031_00334-1,1.2384355
s_016um_00029_00330-1,1.2224354
s_016um_00356_00414-1,1.8637592
s_016um_00399_00216-1,1.3408401
s_016um_00328_00125-1,1.2058556
s_016um_00167_00120-1,1.2494206
s_016um_00321_00169-1,1.3422173
s_016um_00261_00332-1,1.1936495
s_016um_00217_00275-1,1.2893511
s_016um_00384_00136-1,1.2726449
s_016um_00100_00386-1,1.2397871
s_016um_00110_00319-1,1.3768367
s_016um_00056_00248-1,1.1807176
s_016um_00397_00260-1,1.337412
s_016um_00117_00148-1,1.2111881
s_016um_00107_00313-1,1.2870136
s_016um_00251_00022-1,1.1900185
s_016um_00278_00208-1,1.2248402
s_016um_00411_00102-1,1.3196838
s_016um_00042_00048-1,1.2065549
s_016um_00171_00372-1,1.3261865
s_016um_00217_00170-1,1.2632205
s_016um_00080_00279-1,1.2830658
s_016um_00030_00086-1,1.1677557
s_016um_00193_00129-1,1.2048771
s_016um_00385_00130-1,1.2881998
s_016um_00403_00146-1,1.2617682
s_016um_00342_00216-1,1.4371811
s_016um_00354_00411-1,1.7553945
s_016um_00257_00033-1,1.1940237
s_016um_00389_00300-1,1.2740743
s_016um_00400_00259-1,1.3529077
s_016um_00253_00033-1,1.1820791
s_016um_00221_00332-1,1.2080734
s_016um_00094_00273-1,1.2011347
s_016um_00291_00097-1,1.1738609
s_016um_00136_00074-1,1.2234211
s_016um_00085_00029-1,1.2907826
s_016um_00332_00123-1,1.2116456
s_016um_00394_00180-1,1.3003775
s_016um_00367_00230-1,1.327559
s_016um_00401_00400-1,1.9968231
s_016um_00139_00073-1,1.2185037
s_016um_00274_00319-1,1.2464824
s_016um_00220_00234-1,1.1950157
s_016um_00369_00124-1,1.2867565
s_016um_00222_00024-1,1.4662683
s_016um_00387_00291-1,1.2731355
s_016um_00142_00017-1,1.2464612
s_016um_00142_00217-1,1.3971287
s_016um_00339_00403-1,1.3537242
s_016um_00021_00267-1,1.2869477
s_016um_00092_00275-1,1.2263466
s_016um_00347_00215-1,1.2188778
s_016um_00139_00215-1,1.3592542
s_016um_00092_00334-1,1.1397578
s_016um_00082_00285-1,1.2431736
s_016um_00183_00030-1,1.193326
s_016um_00262_00189-1,1.3301959
s_016um_00330_00212-1,1.2838367
s_016um_00397_00177-1,1.366165
s_016um_00030_00085-1,1.1971502
s_016um_00409_00100-1,1.2691512
s_016um_00360_00288-1,1.3172482
s_016um_00016_00268-1,1.2397538
s_016um_00079_00247-1,1.3063487
s_016um_00191_00129-1,1.3978359
s_016um_00131_00091-1,1.1789167
s_016um_00133_00091-1,1.2835209
s_016um_00216_00030-1,1.2202348
s_016um_00268_00060-1,1.280725
s_016um_00063_00232-1,1.3023102
s_016um_00238_00085-1,1.4422305
s_016um_00331_00217-1,1.2792548
s_016um_00277_00310-1,1.3026073
s_016um_00405_00128-1,1.3672259
s_016um_00228_00335-1,1.1514046
s_016um_00278_00131-1,1.4094938
s_016um_00196_00124-1,1.2727082
s_016um_00359_00418-1,1.7607126
s_016um_00273_00331-1,1.2200949
s_016um_00218_00025-1,1.1899842
s_016um_00408_00099-1,1.2493871
s_016um_00278_00135-1,1.2309237
s_016um_00409_00098-1,1.2116784
s_016um_00396_00366-1,1.2496678
s_016um_00238_00086-1,1.2393932
s_016um_00371_00139-1,1.2729468
s_016um_00375_00145-1,1.3097149
s_016um_00368_00093-1,1.2416611
s_016um_00397_00211-1,1.2779679
s_016um_00354_00288-1,1.397974
s_016um_00334_00400-1,1.2547265
s_016um_00219_00225-1,1.2585557
s_016um_00210_00029-1,1.2245202
s_016um_00190_00098-1,1.2062587
s_016um_00219_00278-1,1.2661856
s_016um_00226_00334-1,1.1695491
s_016um_00217_00025-1,1.160656
s_016um_00088_00073-1,1.1360765
s_016um_00199_00150-1,1.2720401
s_016um_00149_00400-1,1.2473854
s_016um_00310_00052-1,1.3628315
s_016um_00042_00177-1,1.2319937
s_016um_00209_00292-1,1.3156888
s_016um_00320_00230-1,1.2426621
s_016um_00272_00334-1,1.2876041
s_016um_00031_00085-1,1.196452
s_016um_00084_00037-1,1.2815313
s_016um_00219_00029-1,1.1686155
s_016um_00079_00281-1,1.2689838
s_016um_00215_00276-1,1.3754389
s_016um_00212_00029-1,1.3309432
s_016um_00041_00211-1,1.2454679
s_016um_00166_00373-1,1.3474537
s_016um_00265_00060-1,1.4676498
s_016um_00027_00089-1,1.1757351
s_016um_00170_00128-1,1.2136066
s_016um_00042_00173-1,1.2567523
s_016um_00210_00289-1,1.2628418
s_016um_00218_00019-1,1.2903785
s_016um_00376_00135-1,1.3052645
s_016um_00397_00359-1,1.2570088
s_016um_00014_00265-1,1.2293919
s_016um_00079_00246-1,1.1969876
s_016um_00117_00149-1,1.2079133
s_016um_00222_00231-1,1.2642014
s_016um_00262_00185-1,1.2962874
s_016um_00368_00101-1,1.2024903
s_016um_00361_00288-1,1.2819134
s_016um_00238_00084-1,1.3711447
s_016um_00077_00282-1,1.150427
s_016um_00227_00331-1,1.2148871
s_016um_00077_00247-1,1.29336
s_016um_00064_00233-1,1.4384542
s_016um_00021_00270-1,1.286598
s_016um_00081_00196-1,1.6110278
s_016um_00370_00094-1,1.2000018
s_016um_00330_00218-1,1.2185937
s_016um_00348_00021-1,1.2530364
s_016um_00387_00130-1,1.3511324
s_016um_00046_00218-1,1.2761785
s_016um_00326_00165-1,1.1918061
s_016um_00194_00124-1,1.3219168
s_016um_00372_00101-1,1.2070812
s_016um_00353_00117-1,1.2346812
s_016um_00373_00125-1,1.3309065
s_016um_00393_00345-1,1.4203713
s_016um_00135_00077-1,1.1415113
s_016um_00148_00400-1,1.1494825
s_016um_00273_00329-1,1.4273186
s_016um_00279_00209-1,1.3324467
s_016um_00185_00032-1,1.1392393
s_016um_00275_00131-1,1.236259
s_016um_00080_00030-1,1.2118448
s_016um_00362_00417-1,1.7499472
s_016um_00289_00098-1,1.2899177
s_016um_00327_00229-1,1.2059655
s_016um_00183_00031-1,1.2313526
s_016um_00387_00299-1,1.2935584
s_016um_00193_00122-1,1.3081206
s_016um_00009_00293-1,1.2200272
s_016um_00184_00030-1,1.2449677
s_016um_00101_00385-1,1.2567904
s_016um_00133_00229-1,1.2353492
s_016um_00132_00318-1,1.3767188
s_016um_00321_00298-1,1.3208619
s_016um_00381_00129-1,1.220121
s_016um_00094_00339-1,1.2097995
s_016um_00220_00016-1,1.2056054
s_016um_00326_00125-1,1.1553993
s_016um_00358_00094-1,1.2798413
s_016um_00203_00148-1,1.2258729
s_016um_00263_00128-1,1.2420545
s_016um_00354_00417-1,1.9777205
s_016um_00045_00045-1,1.1211733
s_016um_00367_00121-1,1.1663604
s_016um_00402_00259-1,1.2912081
s_016um_00401_00128-1,1.2833582
s_016um_00129_00316-1,1.4445862
s_016um_00330_00120-1,1.1644007
s_016um_00357_00096-1,1.2696792
s_016um_00393_00367-1,1.2215021
s_016um_00218_00278-1,1.2521571
s_016um_00046_00240-1,1.2140086
s_016um_00390_00297-1,1.2677299
s_016um_00253_00027-1,1.2126399
s_016um_00280_00135-1,1.2689686
s_016um_00400_00258-1,1.3280725
s_016um_00094_00278-1,1.3007237
s_016um_00389_00337-1,1.2215911
s_016um_00355_00286-1,1.3933138
s_016um_00334_00214-1,1.1838429
s_016um_00037_00100-1,1.3199543
s_016um_00045_00243-1,1.2205456
s_016um_00259_00032-1,1.2967972
s_016um_00244_00082-1,1.2797556
s_016um_00334_00397-1,1.2475779
s_016um_00399_00370-1,1.2804205
s_016um_00218_00029-1,1.1845404
s_016um_00167_00125-1,1.3889961
s_016um_00219_00032-1,1.096453
s_016um_00011_00213-1,1.2854681
s_016um_00235_00263-1,1.2072909
s_016um_00237_00183-1,1.2334931
s_016um_00412_00105-1,1.3405436
s_016um_00279_00137-1,1.2311612
s_016um_00014_00213-1,1.2569597
s_016um_00391_00346-1,1.5666156
s_016um_00389_00344-1,1.3062805
s_016um_00258_00032-1,1.3151625
s_016um_00085_00273-1,1.2162237
s_016um_00329_00118-1,1.1984004
s_016um_00042_00239-1,1.278328
s_016um_00091_00339-1,1.2285866
s_016um_00332_00256-1,1.2517374
s_016um_00136_00228-1,1.2338569
s_016um_00285_00094-1,1.2060182
s_016um_00125_00390-1,1.2168959
s_016um_00226_00245-1,1.1481665
s_016um_00146_00016-1,1.281369
s_016um_00406_00149-1,1.2347738
s_016um_00180_00025-1,1.180049
s_016um_00009_00208-1,1.3859788
s_016um_00091_00340-1,1.2954092
s_016um_00326_00120-1,1.313345
s_016um_00019_00264-1,1.1781749
s_016um_00395_00182-1,1.2405926
s_016um_00277_00205-1,1.2201244
s_016um_00403_00147-1,1.3136626
s_016um_00181_00032-1,1.3544526
s_016um_00082_00268-1,1.218421
s_016um_00177_00031-1,1.202112
s_016um_00005_00154-1,1.321413
s_016um_00397_00220-1,1.4675175
s_016um_00321_00163-1,1.2561245
s_016um_00357_00413-1,1.7131565
s_016um_00369_00146-1,1.2070626
s_016um_00038_00206-1,1.2638358
s_016um_00269_00223-1,1.1501291
s_016um_00313_00058-1,1.1572607
s_016um_00377_00134-1,1.3241935
s_016um_00042_00218-1,1.2611127
s_016um_00139_00223-1,1.2853899
s_016um_00015_00270-1,1.2966096
s_016um_00401_00402-1,1.9686177
s_016um_00381_00128-1,1.2434622
s_016um_00263_00129-1,1.2313051
s_016um_00099_00030-1,1.1744728
s_016um_00413_00103-1,1.2198517
s_016um_00011_00211-1,1.2620115
s_016um_00262_00184-1,1.2558794
s_016um_00118_00149-1,1.1774776
s_016um_00006_00213-1,1.2878686
s_016um_00033_00010-1,1.1995943
s_016um_00237_00087-1,1.4035885
s_016um_00113_00317-1,1.1633631
s_016um_00242_00184-1,1.3272283
s_016um_00102_00026-1,1.4647117
s_016um_00390_00361-1,1.4239285
s_016um_00281_00325-1,1.2931376
s_016um_00281_00321-1,1.2885336
s_016um_00398_00365-1,1.2757869
s_016um_00235_00360-1,1.3059398
s_016um_00353_00414-1,1.6778672
s_016um_00088_00069-1,1.2080914
s_016um_00136_00218-1,1.0588747
s_016um_00075_00295-1,1.3286356
s_016um_00231_00360-1,1.2620231
s_016um_00406_00153-1,1.1891763
s_016um_00228_00330-1,1.1982695
s_016um_00368_00095-1,1.1941205
s_016um_00397_00184-1,1.3527042
s_016um_00353_00022-1,1.2749715
s_016um_00182_00031-1,1.164051
s_016um_00132_00323-1,1.2628751
s_016um_00317_00166-1,1.5469763
s_016um_00226_00234-1,1.234862
s_016um_00263_00131-1,1.2924346
s_016um_00254_00021-1,1.340379
s_016um_00083_00284-1,1.2934504
s_016um_00103_00390-1,1.278046
s_016um_00266_00055-1,1.4199705
s_016um_00142_00060-1,1.196318
s_016um_00403_00124-1,1.3368727
s_016um_00076_00299-1,1.2176127
s_016um_00398_00180-1,1.2840382
s_016um_00011_00301-1,1.2745259
s_016um_00035_00009-1,1.2981229
s_016um_00324_00228-1,1.2071478
s_016um_00270_00226-1,1.201598
s_016um_00363_00230-1,1.2128662
s_016um_00026_00085-1,1.230429
s_016um_00356_00289-1,1.3362168
s_016um_00270_00228-1,1.2046157
s_016um_00396_00360-1,1.4597796
s_016um_00277_00048-1,1.2045985
s_016um_00218_00233-1,1.1783179
s_016um_00280_00319-1,1.2122171
s_016um_00087_00028-1,1.134848
s_016um_00042_00207-1,1.2710809
s_016um_00078_00235-1,1.3162838
s_016um_00169_00376-1,1.2447491
s_016um_00256_00034-1,1.1984525
s_016um_00082_00266-1,1.1936727
s_016um_00355_00121-1,1.2311145
s_016um_00223_00248-1,1.2407175
s_016um_00179_00028-1,1.2077496
s_016um_00075_00296-1,1.1900377
s_016um_00261_00188-1,1.2589573
s_016um_00311_00059-1,1.324353
s_016um_00119_00145-1,1.3399898
s_016um_00083_00029-1,1.2858456
s_016um_00030_00089-1,1.2990485
s_016um_00083_00069-1,1.18625
s_016um_00291_00095-1,1.3143439
s_016um_00355_00414-1,1.7426841
s_016um_00163_00290-1,1.191058
s_016um_00229_00261-1,1.2526429
s_016um_00031_00089-1,1.2901924
s_016um_00235_00358-1,1.2534877
s_016um_00273_00223-1,1.207394
s_016um_00223_00250-1,1.2345421
s_016um_00030_00332-1,1.1796939
s_016um_00403_00396-1,1.8915827
s_016um_00255_00024-1,1.1617405
s_016um_00389_00295-1,1.274486
s_016um_00238_00360-1,1.2685254
s_016um_00403_00122-1,1.2731514
s_016um_00401_00120-1,1.2061665
s_016um_00058_00242-1,1.1759121
s_016um_00359_00091-1,1.2561765
s_016um_00043_00218-1,1.2329408
s_016um_00039_00045-1,1.2991626
s_016um_00137_00217-1,1.1561401
s_016um_00078_00297-1,1.2155538
s_016um_00337_00403-1,1.2697508
s_016um_00323_00301-1,1.17612
s_016um_00274_00311-1,1.195521
s_016um_00274_00133-1,1.3321086
s_016um_00224_00228-1,1.2515013
s_016um_00025_00086-1,1.1874914
s_016um_00119_00144-1,1.4596564
s_016um_00223_00231-1,1.2495377
s_016um_00085_00284-1,1.2212845
s_016um_00197_00128-1,1.1711397
s_016um_00352_00025-1,1.1423701
s_016um_00067_00239-1,1.4595588
s_016um_00211_00030-1,1.2955751
s_016um_00355_00122-1,1.2636701
s_016um_00030_00337-1,1.1937068
s_016um_00078_00281-1,1.2960628
s_016um_00085_00265-1,1.2690197
s_016um_00046_00216-1,1.3132193
s_016um_00222_00025-1,1.3954058
s_016um_00038_00103-1,1.1811776
s_016um_00403_00123-1,1.2955966
s_016um_00227_00334-1,1.2261775
s_016um_00012_00153-1,1.1439797
s_016um_00405_00398-1,1.8463025
s_016um_00084_00032-1,1.1918817
s_016um_00101_00028-1,1.3517646
s_016um_00393_00337-1,1.2421052
s_016um_00147_00401-1,1.251933
s_016um_00102_00029-1,1.1929784
s_016um_00150_00402-1,1.3294154
s_016um_00082_00033-1,1.1220937
s_016um_00081_00200-1,1.2309331
s_016um_00148_00397-1,1.261548
s_016um_00277_00139-1,1.1211946
s_016um_00356_00021-1,1.4007614
s_016um_00040_00043-1,1.1325355
s_016um_00195_00093-1,1.2371835
s_016um_00275_00328-1,1.4905399
s_016um_00082_00293-1,1.1168666
s_016um_00042_00216-1,1.2722249
s_016um_00209_00029-1,1.2046037
s_016um_00039_00203-1,1.2569731
s_016um_00414_00141-1,1.3841763
s_016um_00347_00212-1,1.3245702
s_016um_00045_00209-1,1.2609428
s_016um_00093_00334-1,1.2127362
s_016um_00275_00130-1,1.260399
s_016um_00220_00026-1,1.1555763
s_016um_00273_00035-1,1.2660968
s_016um_00407_00395-1,1.7424561
s_016um_00359_00291-1,1.3311406
s_016um_00167_00376-1,1.1743258
s_016um_00260_00134-1,1.2421993
s_016um_00078_00237-1,1.3414699
s_016um_00392_00357-1,1.6490886
s_016um_00128_00384-1,1.3588431
s_016um_00087_00029-1,1.1959552
s_016um_00374_00140-1,1.2594348
s_016um_00243_00087-1,1.263458
s_016um_00082_00264-1,1.1743258
s_016um_00271_00228-1,1.1726602
s_016um_00036_00006-1,1.1767168
s_016um_00079_00282-1,1.2681488
s_016um_00045_00219-1,1.2842892
s_016um_00157_00292-1,1.250118
s_016um_00135_00219-1,1.2561176
s_016um_00268_00226-1,1.2864028
s_016um_00036_00005-1,1.1821885
s_016um_00057_00247-1,1.1998711
s_016um_00131_00231-1,1.1473844
s_016um_00207_00148-1,1.2210239
s_016um_00342_00220-1,1.3426529
s_016um_00266_00062-1,1.2595053
s_016um_00219_00171-1,1.2307563
s_016um_00267_00134-1,1.2153305
s_016um_00136_00072-1,1.2373551
s_016um_00366_00143-1,1.1955913
s_016um_00404_00121-1,1.2387391
s_016um_00230_00248-1,1.2148029
s_016um_00400_00367-1,1.1029141
s_016um_00248_00024-1,1.2959462
s_016um_00401_00122-1,1.2529162
s_016um_00224_00331-1,1.180119
s_016um_00025_00091-1,1.2408972
s_016um_00237_00089-1,1.4971254
s_016um_00066_00127-1,1.1728183
s_016um_00140_00054-1,1.2776461
s_016um_00077_00298-1,1.2897207
s_016um_00214_00035-1,1.1681912
s_016um_00395_00341-1,1.2646543
s_016um_00321_00165-1,1.217329
s_016um_00010_00294-1,1.2315353
s_016um_00172_00125-1,1.5086346
s_016um_00148_00399-1,1.2155317
s_016um_00100_00028-1,1.2817135
s_016um_00329_00119-1,1.2675316
s_016um_00040_00044-1,1.2298918
s_016um_00353_00120-1,1.226432
s_016um_00077_00294-1,1.3087718
s_016um_00122_00151-1,1.1566545
s_016um_00128_00093-1,1.2302628
s_016um_00130_00383-1,1.2652867
s_016um_00273_00316-1,1.4939687
s_016um_00388_00128-1,1.3126576
s_016um_00324_00297-1,1.3082201
s_016um_00148_00058-1,1.1978477
s_016um_00060_00245-1,1.3456781
s_016um_00250_00023-1,1.3356489
s_016um_00275_00207-1,1.2393112
s_016um_00212_00032-1,1.4047145
s_016um_00224_00247-1,1.1519337
s_016um_00036_00105-1,1.3569854
s_016um_00376_00123-1,1.1977513
s_016um_00269_00029-1,1.2228568
s_016um_00394_00340-1,1.2322074
s_016um_00396_00365-1,1.3796004
s_016um_00139_00070-1,1.240912
s_016um_00352_00018-1,1.1728079
s_016um_00032_00329-1,1.2241464
s_016um_00263_00330-1,1.144925
s_016um_00228_00329-1,1.2045392
s_016um_00364_00095-1,1.2305846
s_016um_00180_00026-1,1.1584872
s_016um_00189_00122-1,1.2121531
s_016um_00134_00076-1,1.2351476
s_016um_00325_00121-1,1.2815517
s_016um_00093_00027-1,1.2036737
s_016um_00216_00033-1,1.2557229
s_016um_00079_00297-1,1.2755059
s_016um_00239_00184-1,1.1928892
s_016um_00323_00164-1,1.1972966
s_016um_00410_00097-1,1.2428514
s_016um_00102_00390-1,1.307095
s_016um_00281_00316-1,1.2127639
s_016um_00393_00342-1,1.2808249
s_016um_00122_00147-1,1.1464918
s_016um_00397_00257-1,1.3273556
s_016um_00357_00412-1,1.6164114
s_016um_00222_00232-1,1.3750361
s_016um_00285_00096-1,1.2647197
s_016um_00273_00045-1,1.2844554
s_016um_00022_00265-1,1.2178609
s_016um_00369_00122-1,1.3744949
s_016um_00044_00212-1,1.2411768
s_016um_00086_00273-1,1.1406261
s_016um_00137_00318-1,1.3431443
s_016um_00400_00219-1,1.1875209
s_016um_00092_00268-1,1.2020935
s_016um_00042_00244-1,1.2479324
s_016um_00227_00237-1,1.235247
s_016um_00178_00026-1,1.2425603
s_016um_00398_00212-1,1.2908975
s_016um_00273_00229-1,1.2494848
s_016um_00328_00305-1,1.3074965
s_016um_00044_00172-1,1.2099481
s_016um_00064_00133-1,1.1664135
s_016um_00067_00130-1,1.1876915
s_016um_00356_00095-1,1.3012068
s_016um_00407_00098-1,1.2133819
s_016um_00230_00247-1,1.3250276
s_016um_00368_00226-1,1.208205
s_016um_00361_00286-1,1.2378418
s_016um_00073_00245-1,1.2698903
s_016um_00286_00100-1,1.2864946
s_016um_00321_00167-1,1.3169893
s_016um_00092_00339-1,1.2702488
s_016um_00406_00148-1,1.2416974
s_016um_00223_00167-1,1.3387252
s_016um_00324_00122-1,1.2263466
s_016um_00365_00222-1,1.3329415
s_016um_00340_00213-1,1.282124
s_016um_00367_00228-1,1.4258132
s_016um_00259_00186-1,1.2776629
s_016um_00219_00168-1,1.1792167
s_016um_00152_00402-1,1.2647822
s_016um_00018_00264-1,1.2117952
s_016um_00414_00105-1,1.1866958
s_016um_00105_00068-1,1.1988468
s_016um_00041_00240-1,1.2165939
s_016um_00055_00242-1,1.2244136
s_016um_00047_00207-1,1.253173
s_016um_00371_00123-1,1.2389817
s_016um_00407_00399-1,1.8782299
s_016um_00080_00285-1,1.1460366
s_016um_00277_00322-1,1.2623991
s_016um_00037_00177-1,1.2234235
s_016um_00335_00403-1,1.362212
s_016um_00225_00237-1,1.1732781
s_016um_00325_00300-1,1.2770964
s_016um_00008_00212-1,1.3497137
s_016um_00358_00417-1,1.7212694
s_016um_00259_00192-1,1.2616113
s_016um_00036_00178-1,1.283035
s_016um_00215_00011-1,1.119699
s_016um_00365_00225-1,1.2686927
s_016um_00028_00090-1,1.3422382
s_016um_00083_00198-1,1.2577517
s_016um_00090_00270-1,1.2100846
s_016um_00038_00049-1,1.338024
s_016um_00397_00217-1,1.2558472
s_016um_00012_00294-1,1.3091867
s_016um_00084_00071-1,1.3010494
s_016um_00017_00264-1,1.230654
s_016um_00105_00388-1,1.3309375
s_016um_00127_00385-1,1.4995993
s_016um_00169_00128-1,1.310098
s_016um_00207_00151-1,1.266825
s_016um_00228_00236-1,1.16206
s_016um_00239_00191-1,1.2853153
s_016um_00151_00402-1,1.1943228
s_016um_00408_00150-1,1.4789734
s_016um_00190_00125-1,1.2549086
s_016um_00353_00122-1,1.2455294
s_016um_00398_00179-1,1.2511091
s_016um_00356_00089-1,1.2020398
s_016um_00090_00336-1,1.2428589
s_016um_00079_00197-1,1.2448735
s_016um_00314_00055-1,1.2068924
s_016um_00270_00060-1,1.3036162
s_016um_00201_00151-1,1.2654458
s_016um_00097_00068-1,1.2383467
s_016um_00235_00088-1,1.245659
s_016um_00134_00073-1,1.4241792
s_016um_00045_00203-1,1.2997184
s_016um_00087_00273-1,1.2195945
s_016um_00336_00396-1,1.3031896
s_016um_00336_00404-1,1.3906242
s_016um_00272_00046-1,1.2250407
s_016um_00279_00205-1,1.2218843
s_016um_00253_00029-1,1.2071172
s_016um_00133_00074-1,1.2183051
s_016um_00281_00329-1,1.2274063
s_016um_00348_00024-1,1.2520653
s_016um_00039_00208-1,1.2171884
s_016um_00006_00208-1,1.3063732
s_016um_00041_00243-1,1.2491527
s_016um_00227_00327-1,1.209503
s_016um_00400_00368-1,1.2883289
s_016um_00383_00134-1,1.3493234
s_016um_00109_00387-1,1.3260096
s_016um_00134_00226-1,1.2184387
s_016um_00389_00130-1,1.2317035
s_016um_00272_00227-1,1.297172
s_016um_00218_00282-1,1.2275294
s_016um_00369_00143-1,1.2277417
s_016um_00212_00292-1,1.3265489
s_016um_00194_00127-1,1.3538623
s_016um_00220_00281-1,1.1752173
s_016um_00054_00248-1,1.4226234
s_016um_00195_00097-1,1.2883648
s_016um_00220_00279-1,1.2756664
s_016um_00087_00198-1,1.300508
s_016um_00264_00189-1,1.2612807
s_016um_00060_00250-1,1.2423007
s_016um_00133_00233-1,1.1749024
s_016um_00230_00359-1,1.1949337
s_016um_00079_00285-1,1.2478362
s_016um_00395_00216-1,1.2452649
s_016um_00214_00031-1,1.3670142
s_016um_00005_00156-1,1.2629418
s_016um_00392_00294-1,1.2350267
s_016um_00354_00287-1,1.3234782
s_016um_00279_00201-1,1.1597998
s_016um_00045_00217-1,1.1689614
s_016um_00226_00239-1,1.2427689
s_016um_00366_00094-1,1.263637
s_016um_00274_00329-1,1.4577345
s_016um_00413_00138-1,1.2148899
s_016um_00373_00124-1,1.2386883
s_016um_00275_00223-1,1.2194885
s_016um_00128_00090-1,1.2594203
s_016um_00036_00009-1,1.3007443
s_016um_00274_00131-1,1.2214744
s_016um_00131_00388-1,1.1561127
s_016um_00230_00331-1,1.2344593
s_016um_00097_00341-1,1.2202088
s_016um_00079_00250-1,1.270656
s_016um_00320_00302-1,1.2182935
s_016um_00015_00268-1,1.257624
s_016um_00084_00269-1,1.2491165
s_016um_00275_00327-1,1.2306685
s_016um_00265_00329-1,1.2488489
s_016um_00046_00242-1,1.2960455
s_016um_00088_00270-1,1.2002959
s_016um_00263_00185-1,1.4555423
s_016um_00037_00097-1,1.1713665
s_016um_00076_00297-1,1.13088
s_016um_00068_00235-1,1.3530836
s_016um_00309_00058-1,1.2946666
s_016um_00219_00031-1,1.1913803
s_016um_00261_00028-1,1.2284253
s_016um_00370_00122-1,1.3713541
s_016um_00227_00239-1,1.3367095
s_016um_00369_00102-1,1.3481088
s_016um_00145_00014-1,1.2057035
s_016um_00354_00020-1,1.3115628
s_016um_00211_00032-1,1.3564757
s_016um_00089_00268-1,1.2271854
s_016um_00386_00297-1,1.1769851
s_016um_00081_00237-1,1.3734894
s_016um_00262_00058-1,1.3564987
s_016um_00123_00147-1,1.2271124
s_016um_00239_00086-1,1.3034629
s_016um_00080_00284-1,1.1550559
s_016um_00220_00011-1,1.2381446
s_016um_00033_00085-1,1.204003
s_016um_00267_00029-1,1.2520281
s_016um_00080_00278-1,1.2848516
s_016um_00404_00122-1,1.3088574
s_016um_00220_00029-1,1.2269635
s_016um_00223_00335-1,1.2554699
s_016um_00235_00267-1,1.1942519
s_016um_00091_00268-1,1.2143983
s_016um_00033_00007-1,1.238023
s_016um_00010_00151-1,1.1662991
s_016um_00184_00026-1,1.269694
s_016um_00067_00127-1,1.175745
s_016um_00090_00271-1,1.2192724
s_016um_00029_00085-1,1.1523433
s_016um_00022_00271-1,1.2831358
s_016um_00262_00334-1,1.3191588
s_016um_00358_00118-1,1.2538633
s_016um_00243_00086-1,1.2565866
s_016um_00325_00299-1,1.3705242
s_016um_00031_00092-1,1.1816881
s_016um_00229_00243-1,1.1855205
s_016um_00355_00113-1,1.2728037
s_016um_00369_00230-1,1.239042
s_016um_00394_00356-1,1.3595006
s_016um_00074_00247-1,1.281318
s_016um_00079_00269-1,1.1734887
s_016um_00278_00313-1,1.2062358
s_016um_00080_00299-1,1.257831
s_016um_00394_00345-1,1.3915707
s_016um_00141_00219-1,1.1881473
s_016um_00312_00053-1,1.2377849
s_016um_00266_00130-1,1.2942889
s_016um_00096_00271-1,1.2398483
s_016um_00089_00073-1,1.3445166
s_016um_00040_00102-1,1.2762256
s_016um_00169_00375-1,1.2433462
s_016um_00408_00397-1,1.8382996
s_016um_00034_00334-1,1.1937814
s_016um_00342_00399-1,1.3969585
s_016um_00231_00361-1,1.185947
s_016um_00142_00019-1,1.3144932
s_016um_00354_00091-1,1.2115357
s_016um_00157_00291-1,1.334114
s_016um_00357_00091-1,1.2152531
s_016um_00321_00168-1,1.3332634
s_016um_00191_00122-1,1.3183752
s_016um_00137_00215-1,1.45045
s_016um_00403_00127-1,1.3472339
s_016um_00258_00190-1,1.1471595
s_016um_00054_00245-1,1.1534656
s_016um_00351_00026-1,1.1778852
s_016um_00347_00213-1,1.2693648
s_016um_00086_00068-1,1.1645286
s_016um_00351_00094-1,1.2954578
s_016um_00212_00033-1,1.2913972
s_016um_00103_00387-1,1.3250008
s_016um_00263_00186-1,1.4042064
s_016um_00354_00119-1,1.1839167
s_016um_00231_00359-1,1.1793987
s_016um_00020_00269-1,1.2331451
s_016um_00271_00034-1,1.340829
s_016um_00339_00398-1,1.3102884
s_016um_00275_00205-1,1.2819306
s_016um_00361_00418-1,1.3618315
s_016um_00221_00231-1,1.2895386
s_016um_00045_00212-1,1.30845
s_016um_00048_00218-1,1.2547661
s_016um_00248_00021-1,1.2712635
s_016um_00190_00094-1,1.2498407
s_016um_00402_00258-1,1.2464818
s_016um_00060_00247-1,1.2033166
s_016um_00402_00403-1,2.0726185
s_016um_00196_00128-1,1.1799487
s_016um_00106_00315-1,1.2986465
s_016um_00149_00397-1,1.2410861
s_016um_00226_00242-1,1.2510922
s_016um_00075_00294-1,1.2703474
s_016um_00352_00023-1,1.2088643
s_016um_00326_00167-1,1.2587818
s_016um_00223_00328-1,1.1475052
s_016um_00274_00228-1,1.2231128
s_016um_00192_00126-1,1.4429072
s_016um_00393_00295-1,1.2628006
s_016um_00225_00250-1,1.2764761
s_016um_00381_00138-1,1.2684699
s_016um_00225_00026-1,1.3929319
s_016um_00402_00369-1,1.4859582
s_016um_00106_00318-1,1.2276888
s_016um_00220_00276-1,1.3188666
s_016um_00407_00146-1,1.1777102
s_016um_00382_00137-1,1.1945897
s_016um_00329_00122-1,1.263709
s_016um_00152_00395-1,1.3115994
s_016um_00387_00341-1,1.2716273
s_016um_00327_00215-1,1.2004383
s_016um_00273_00031-1,1.4187516
s_016um_00272_00049-1,1.352719
s_016um_00100_00387-1,1.2882224
s_016um_00083_00293-1,1.2673172
s_016um_00407_00148-1,1.1914102
s_016um_00263_00133-1,1.3176389
s_016um_00165_00123-1,1.1871678
s_016um_00086_00283-1,1.3103918
s_016um_00407_00403-1,1.5820663
s_016um_00368_00102-1,1.2740645
s_016um_00066_00125-1,1.1845322
s_016um_00141_00062-1,1.1332949
s_016um_00040_00040-1,1.2959192
s_016um_00267_00129-1,1.4586304
s_016um_00215_00290-1,1.2470993
s_016um_00227_00236-1,1.2054157
s_016um_00157_00289-1,1.3990152
s_016um_00210_00297-1,1.1777213
s_016um_00207_00147-1,1.2798233
s_016um_00142_00021-1,1.1950374
s_016um_00196_00097-1,1.2971574
s_016um_00330_00122-1,1.2572261
s_016um_00034_00330-1,1.1871773
s_016um_00397_00182-1,1.2696385
s_016um_00081_00264-1,1.15292
s_016um_00240_00083-1,1.2614772
s_016um_00127_00382-1,1.2420849
s_016um_00322_00304-1,1.2635221
s_016um_00185_00027-1,1.3896327
s_016um_00062_00133-1,1.2515404
s_016um_00236_00360-1,1.1912127
s_016um_00265_00331-1,1.1826627
s_016um_00044_00173-1,1.1852949
s_016um_00027_00336-1,1.1971604
s_016um_00019_00268-1,1.245173
s_016um_00034_00003-1,1.1594203
s_016um_00029_00084-1,1.2424802
s_016um_00061_00249-1,1.1824983
s_016um_00033_00335-1,1.2524151
s_016um_00007_00295-1,1.1526933
s_016um_00418_00140-1,1.2604183
s_016um_00355_00412-1,1.5739422
s_016um_00042_00211-1,1.1768812
s_016um_00130_00089-1,1.3789433
s_016um_00104_00385-1,1.3804225
s_016um_00401_00121-1,1.231265
s_016um_00417_00139-1,1.2115067
s_016um_00132_00094-1,1.1497691
s_016um_00269_00333-1,1.2211897
s_016um_00194_00122-1,1.2549003
s_016um_00279_00048-1,1.2126567
s_016um_00217_00032-1,1.2266256
s_016um_00211_00027-1,1.2275137
s_016um_00326_00169-1,1.2036779
s_016um_00096_00339-1,1.2894416
s_016um_00010_00211-1,1.1800942
s_016um_00321_00228-1,1.2571634
s_016um_00312_00060-1,1.4892232
s_016um_00092_00338-1,1.2909628
s_016um_00134_00074-1,1.2028202
s_016um_00327_00217-1,1.218987
s_016um_00164_00288-1,1.3004603
s_016um_00046_00237-1,1.2008564
s_016um_00083_00031-1,1.1964086
s_016um_00335_00258-1,1.3835735
s_016um_00388_00129-1,1.2544814
s_016um_00181_00024-1,1.1976674
s_016um_00390_00345-1,1.2398299
s_016um_00322_00298-1,1.3695788
s_016um_00219_00235-1,1.3483348
s_016um_00372_00142-1,1.3467932
s_016um_00372_00117-1,1.2229394
s_016um_00231_00261-1,1.1700121
s_016um_00360_00294-1,1.1967415
s_016um_00390_00337-1,1.1971784
s_016um_00045_00237-1,1.2169224
s_016um_00259_00185-1,1.4819107
s_016um_00395_00372-1,1.3016785
s_016um_00267_00062-1,1.2514379
s_016um_00151_00399-1,1.3002232
s_016um_00153_00397-1,1.2056446
s_016um_00270_00335-1,1.3397216
s_016um_00324_00166-1,1.2978449
s_016um_00224_00236-1,1.1647639
s_016um_00399_00361-1,1.3217643
s_016um_00354_00023-1,1.500689
s_016um_00279_00329-1,1.2592279
s_016um_00221_00170-1,1.2311047
s_016um_00233_00362-1,1.226133
s_016um_00222_00239-1,1.244164
s_016um_00189_00091-1,1.2013435
s_016um_00078_00299-1,1.1974669
s_016um_00007_00301-1,1.2486402
s_016um_00268_00330-1,1.2605872
s_016um_00289_00095-1,1.3819805
s_016um_00281_00136-1,1.1440868
s_016um_00410_00103-1,1.3830155
s_016um_00278_00326-1,1.3021592
s_016um_00137_00076-1,1.1758715
s_016um_00041_00215-1,1.2515047
s_016um_00193_00097-1,1.2565402
s_016um_00095_00336-1,1.2743025
s_016um_00095_00317-1,1.2199224
s_016um_00244_00084-1,1.3682284
s_016um_00393_00183-1,1.3282927
s_016um_00224_00170-1,1.2652582
s_016um_00341_00220-1,1.2122983
s_016um_00036_00008-1,1.2272205
s_016um_00128_00385-1,1.3274751
s_016um_00224_00232-1,1.2107524
s_016um_00129_00232-1,1.152336
s_016um_00138_00021-1,1.2402713
s_016um_00410_00104-1,1.3556578
s_016um_00122_00148-1,1.2893155
s_016um_00082_00282-1,1.2119536
s_016um_00094_00027-1,1.1774596
s_016um_00235_00359-1,1.342775
s_016um_00325_00126-1,1.3126704
s_016um_00277_00138-1,1.2659341
s_016um_00171_00375-1,1.2354552
s_016um_00199_00151-1,1.3199537
s_016um_00356_00122-1,1.328297
s_016um_00192_00096-1,1.2930843
s_016um_00404_00150-1,1.1790673
s_016um_00266_00134-1,1.2073859
s_016um_00224_00245-1,1.2078036
s_016um_00347_00219-1,1.255507
s_016um_00380_00131-1,1.2305161
s_016um_00091_00275-1,1.1863278
s_016um_00217_00010-1,1.1780992
s_016um_00220_00014-1,1.2269264
s_016um_00336_00402-1,1.4027256
s_016um_00352_00026-1,1.2793121
s_016um_00085_00195-1,1.4550724
s_016um_00399_00372-1,1.2267044
s_016um_00129_00226-1,1.2062666
s_016um_00394_00295-1,1.2510393
s_016um_00054_00243-1,1.3191652
s_016um_00117_00146-1,1.2503258
s_016um_00275_00324-1,1.203478
s_016um_00326_00230-1,1.1893393
s_016um_00335_00398-1,1.4616479
s_016um_00371_00138-1,1.2519621
s_016um_00194_00094-1,1.2948966
s_016um_00037_00174-1,1.1703537
s_016um_00257_00187-1,1.1927543
s_016um_00096_00272-1,1.2890958
s_016um_00104_00383-1,1.3487786
s_016um_00400_00124-1,1.4150163
s_016um_00139_00222-1,1.1429375
s_016um_00273_00131-1,1.2084002
s_016um_00220_00032-1,1.1395369
s_016um_00079_00239-1,1.2288828
s_016um_00360_00416-1,1.7059225
s_016um_00011_00153-1,1.2224954
s_016um_00322_00163-1,1.4423785
s_016um_00042_00242-1,1.4699152
s_016um_00413_00105-1,1.2097534
s_016um_00220_00224-1,1.2168679
s_016um_00369_00101-1,1.3325973
s_016um_00061_00246-1,1.2126693
s_016um_00043_00208-1,1.1806191
s_016um_00048_00214-1,1.2206864
s_016um_00179_00030-1,1.1878717
s_016um_00193_00092-1,1.2174052
s_016um_00398_00370-1,1.2698028
s_016um_00406_00397-1,2.0026088
s_016um_00043_00215-1,1.2556312
s_016um_00408_00105-1,1.2920976
s_016um_00358_00411-1,1.4870007
s_016um_00246_00083-1,1.3874005
s_016um_00080_00033-1,1.3252556
s_016um_00395_00366-1,1.2699429
s_016um_00363_00224-1,1.3599882
s_016um_00225_00170-1,1.1743752
s_016um_00241_00089-1,1.1466581
s_016um_00028_00085-1,1.2356721
s_016um_00194_00128-1,1.2771146
s_016um_00228_00245-1,1.1622387
s_016um_00413_00101-1,1.2743207
s_016um_00393_00179-1,1.2890025
s_016um_00217_00231-1,1.1998448
s_016um_00262_00337-1,1.2454666
s_016um_00369_00142-1,1.3015287
s_016um_00233_00358-1,1.293062
s_016um_00115_00146-1,1.3548503
s_016um_00039_00172-1,1.2325171
s_016um_00108_00390-1,1.3061153
s_016um_00270_00029-1,1.4442246
s_016um_00085_00200-1,1.1971426
s_016um_00370_00118-1,1.1573522
s_016um_00136_00222-1,1.3717294
s_016um_00089_00278-1,1.1262021
s_016um_00214_00011-1,1.182634
s_016um_00267_00331-1,1.2216786
s_016um_00088_00065-1,1.27064
s_016um_00235_00189-1,1.1826745
s_016um_00236_00093-1,1.3537233
s_016um_00335_00404-1,1.4754598
s_016um_00192_00127-1,1.2704718
s_016um_00358_00294-1,1.1901612
s_016um_00090_00276-1,1.2126583
s_016um_00224_00226-1,1.22803
s_016um_00147_00059-1,1.2598093
s_016um_00041_00041-1,1.18457
s_016um_00116_00151-1,1.274005
s_016um_00208_00291-1,1.249995
s_016um_00097_00066-1,1.3596927
s_016um_00085_00032-1,1.2064141
s_016um_00364_00226-1,1.2761815
s_016um_00104_00390-1,1.1985962
s_016um_00089_00272-1,1.1666105
s_016um_00098_00070-1,1.2041233
s_016um_00224_00235-1,1.1712947
s_016um_00168_00128-1,1.1845825
s_016um_00223_00234-1,1.2253543
s_016um_00109_00321-1,1.3657266
s_016um_00067_00133-1,1.1940247
s_016um_00067_00234-1,1.23027
s_016um_00222_00327-1,1.2488948
s_016um_00097_00070-1,1.3091576
s_016um_00366_00098-1,1.2727621
s_016um_00396_00181-1,1.2222419
s_016um_00133_00073-1,1.219723
s_016um_00094_00315-1,1.2355115
s_016um_00219_00282-1,1.2825782
s_016um_00059_00243-1,1.2922739
s_016um_00403_00119-1,1.3504626
s_016um_00321_00299-1,1.252061
s_016um_00082_00243-1,1.208999
s_016um_00415_00135-1,1.272592
s_016um_00255_00029-1,1.3454952
s_016um_00321_00162-1,1.4707043
s_016um_00137_00229-1,1.2587962
s_016um_00039_00044-1,1.1916353
s_016um_00247_00087-1,1.2457969
s_016um_00368_00139-1,1.2386045
s_016um_00283_00325-1,1.2503768
s_016um_00066_00237-1,1.4304383
s_016um_00325_00118-1,1.4424213
s_016um_00006_00299-1,1.1961675
s_016um_00219_00024-1,1.1948695
s_016um_00266_00054-1,1.4149173
s_016um_00262_00135-1,1.4119146
s_016um_00117_00144-1,1.578587
s_016um_00128_00087-1,1.244624
s_016um_00239_00085-1,1.2389386
s_016um_00015_00271-1,1.2990519
s_016um_00166_00125-1,1.2603617
s_016um_00334_00401-1,1.4378258
s_016um_00396_00215-1,1.2734815
s_016um_00404_00124-1,1.3498282
s_016um_00358_00290-1,1.2300344
s_016um_00338_00399-1,1.5045125
s_016um_00214_00015-1,1.1953847
s_016um_00035_00006-1,1.2114635
s_016um_00399_00219-1,1.2844764
s_016um_00168_00374-1,1.2934949
s_016um_00344_00214-1,1.3444061
s_016um_00140_00060-1,1.1773375
s_016um_00231_00354-1,1.3115342
s_016um_00225_00246-1,1.4794804
s_016um_00216_00172-1,1.2373385
s_016um_00101_00026-1,1.2003536
s_016um_00146_00395-1,1.2689404
s_016um_00401_00401-1,1.9577414
s_016um_00331_00250-1,1.2915117
s_016um_00395_00364-1,1.3207053
s_016um_00396_00256-1,1.3954878
s_016um_00242_00188-1,1.2555304
s_016um_00085_00266-1,1.226355
s_016um_00274_00204-1,1.3018957
s_016um_00307_00059-1,1.2736748
s_016um_00087_00270-1,1.2330184
s_016um_00345_00217-1,1.3546125
s_016um_00278_00207-1,1.2095969
s_016um_00272_00223-1,1.272072
s_016um_00397_00358-1,1.290773
s_016um_00371_00097-1,1.1972212
s_016um_00083_00028-1,1.3070893
s_016um_00080_00269-1,1.2318757
s_016um_00231_00088-1,1.3261487
s_016um_00031_00086-1,1.2878039
s_016um_00107_00391-1,1.372284
s_016um_00337_00397-1,1.3537788
s_016um_00170_00378-1,1.3687351
s_016um_00130_00225-1,1.223429
s_016um_00259_00133-1,1.234876
s_016um_00134_00231-1,1.245188
s_016um_00082_00272-1,1.2596722
s_016um_00053_00246-1,1.2975487
s_016um_00353_00121-1,1.2472222
s_016um_00230_00262-1,1.1917055
s_016um_00083_00034-1,1.3424513
s_016um_00275_00206-1,1.2219379
s_016um_00102_00073-1,1.2489763
s_016um_00007_00210-1,1.2920938
s_016um_00200_00149-1,1.2419499
s_016um_00399_00366-1,1.3262043
s_016um_00093_00340-1,1.2295808
s_016um_00281_00133-1,1.1934452
s_016um_00041_00099-1,1.1825378
s_016um_00388_00337-1,1.2457899
s_016um_00264_00057-1,1.3097565
s_016um_00352_00114-1,1.2348936
s_016um_00013_00298-1,1.209904
s_016um_00261_00333-1,1.2348742
s_016um_00265_00056-1,1.2625519
s_016um_00091_00272-1,1.2117879
s_016um_00166_00126-1,1.2367574
s_016um_00388_00130-1,1.2870862
s_016um_00335_00254-1,1.31284
s_016um_00395_00179-1,1.2973942
s_016um_00411_00096-1,1.3605494
s_016um_00219_00277-1,1.291142
s_016um_00043_00206-1,1.2590582
s_016um_00128_00382-1,1.1821526
s_016um_00139_00055-1,1.3039786
s_016um_00263_00056-1,1.3963481
s_016um_00222_00166-1,1.3546753
s_016um_00277_00208-1,1.2164451
s_016um_00159_00286-1,1.4379896
s_016um_00344_00220-1,1.5142857
s_016um_00331_00211-1,1.2877723
s_016um_00407_00151-1,1.2771064
s_016um_00136_00317-1,1.3637633
s_016um_00370_00121-1,1.2391465
s_016um_00402_00122-1,1.3520385
s_016um_00375_00136-1,1.2389195
s_016um_00284_00092-1,1.2206113
s_016um_00105_00389-1,1.2901448
s_016um_00282_00323-1,1.2153571
s_016um_00212_00289-1,1.2244872
s_016um_00076_00248-1,1.1952116
s_016um_00040_00208-1,1.250671
s_016um_00084_00285-1,1.1409106
s_016um_00194_00096-1,1.2262688
s_016um_00361_00226-1,1.2109208
s_016um_00272_00230-1,1.2826612
s_016um_00217_00277-1,1.1898574
s_016um_00012_00296-1,1.2104653
s_016um_00223_00327-1,1.1886742
s_016um_00224_00250-1,1.1464891
s_016um_00277_00131-1,1.3797404
s_016um_00274_00315-1,1.3841771
s_016um_00218_00225-1,1.1611722
s_016um_00153_00399-1,1.1934451
s_016um_00150_00401-1,1.2051187
s_016um_00413_00137-1,1.2216794
s_016um_00274_00136-1,1.1854991
s_016um_00322_00232-1,1.2618626
s_016um_00084_00027-1,1.2175432
s_016um_00101_00024-1,1.2745397
s_016um_00218_00276-1,1.239654
s_016um_00349_00024-1,1.2658521
s_016um_00272_00030-1,1.3054669
s_016um_00215_00018-1,1.2010039
s_016um_00258_00184-1,1.2195724
s_016um_00067_00126-1,1.1745818
s_016um_00386_00298-1,1.1714035
s_016um_00217_00030-1,1.2088046
s_016um_00007_00209-1,1.3252846
s_016um_00095_00030-1,1.3338038
s_016um_00007_00294-1,1.1885778
s_016um_00252_00027-1,1.2278122
s_016um_00276_00136-1,1.2951956
s_016um_00357_00418-1,1.933701
s_016um_00092_00317-1,1.2492433
s_016um_00398_00261-1,1.3693945
s_016um_00335_00216-1,1.2274541
s_016um_00398_00372-1,1.392997
s_016um_00210_00031-1,1.3590993
s_016um_00211_00033-1,1.249546
s_016um_00382_00133-1,1.3203287
s_016um_00165_00124-1,1.1931485
s_016um_00321_00304-1,1.3032255
s_016um_00078_00239-1,1.1709819
s_016um_00039_00049-1,1.3411536
s_016um_00100_00066-1,1.1574609
s_016um_00065_00230-1,1.2053813
s_016um_00079_00267-1,1.2791381
s_016um_00039_00104-1,1.1703062
s_016um_00358_00095-1,1.2659057
s_016um_00358_00093-1,1.2515227
s_016um_00042_00209-1,1.3344018
s_016um_00117_00150-1,1.2910459
s_016um_00265_00034-1,1.2679893
s_016um_00044_00177-1,1.2083447
s_016um_00341_00216-1,1.4543247
s_016um_00387_00339-1,1.2143617
s_016um_00146_00396-1,1.2934284
s_016um_00129_00087-1,1.3385125
s_016um_00368_00098-1,1.2692571
s_016um_00395_00177-1,1.296821
s_016um_00274_00130-1,1.3348951
s_016um_00355_00019-1,1.342613
s_016um_00367_00095-1,1.2225261
s_016um_00356_00116-1,1.3532226
s_016um_00126_00092-1,1.3087423
s_016um_00367_00143-1,1.2615691
s_016um_00097_00024-1,1.2009223
s_016um_00080_00271-1,1.177305
s_016um_00088_00071-1,1.1839068
s_016um_00057_00249-1,1.2581644
s_016um_00039_00206-1,1.3096502
s_016um_00011_00207-1,1.2128935
s_016um_00267_00334-1,1.4502939
s_016um_00236_00186-1,1.3320186
s_016um_00139_00017-1,1.2649957
s_016um_00020_00267-1,1.1580989
s_016um_00092_00274-1,1.2860512
s_016um_00088_00035-1,1.1726129
s_016um_00411_00098-1,1.2461251
s_016um_00354_00413-1,1.5995522
s_016um_00239_00089-1,1.370322
s_016um_00353_00094-1,1.3020347
s_016um_00177_00026-1,1.224324
s_016um_00405_00403-1,1.6061547
s_016um_00386_00133-1,1.2077329
s_016um_00215_00010-1,1.3660003
s_016um_00326_00168-1,1.257665
s_016um_00348_00217-1,1.3157358
s_016um_00043_00243-1,1.19132
s_016um_00240_00086-1,1.3447049
s_016um_00138_00019-1,1.2371964
s_016um_00210_00291-1,1.3105793
s_016um_00275_00315-1,1.6185439
s_016um_00368_00103-1,1.3394914
s_016um_00391_00364-1,1.3540982
s_016um_00267_00053-1,1.2388638
s_016um_00354_00292-1,1.2533722
s_016um_00371_00118-1,1.2020694
s_016um_00081_00266-1,1.24802
s_016um_00080_00244-1,1.2733583
s_016um_00323_00300-1,1.3220344
s_016um_00004_00155-1,1.2772651
s_016um_00036_00010-1,1.3188989
s_016um_00275_00048-1,1.2688265
s_016um_00265_00188-1,1.255735
s_016um_00276_00316-1,1.2973084
s_016um_00328_00211-1,1.2920388
s_016um_00161_00284-1,1.3935858
s_016um_00080_00237-1,1.2866662
s_016um_00014_00210-1,1.434095
s_016um_00033_00333-1,1.1939046
s_016um_00227_00231-1,1.24462
s_016um_00039_00207-1,1.1475283
s_016um_00243_00183-1,1.2350779
s_016um_00140_00075-1,1.2497514
s_016um_00367_00098-1,1.234939
s_016um_00042_00203-1,1.2212213
s_016um_00014_00267-1,1.2669425
s_016um_00285_00098-1,1.245
s_016um_00269_00060-1,1.3459674
s_016um_00213_00280-1,1.1803987
s_016um_00278_00318-1,1.2848078
s_016um_00375_00146-1,1.3654222
s_016um_00354_00293-1,1.2683036
s_016um_00038_00177-1,1.2510726
s_016um_00043_00044-1,1.2532765
s_016um_00160_00288-1,1.2581462
s_016um_00350_00026-1,1.1799841
s_016um_00328_00300-1,1.3089155
s_016um_00327_00166-1,1.2839073
s_016um_00273_00046-1,1.3515567
s_016um_00390_00362-1,1.3316333
s_016um_00263_00058-1,1.3427024
s_016um_00138_00073-1,1.1623819
s_016um_00022_00267-1,1.2890862
s_016um_00260_00135-1,1.2038757
s_016um_00404_00120-1,1.1578591
s_016um_00039_00101-1,1.3480232
s_016um_00390_00339-1,1.220118
s_016um_00363_00229-1,1.196865
s_016um_00216_00032-1,1.2310172
s_016um_00054_00244-1,1.2064378
s_016um_00034_00329-1,1.1694276
s_016um_00231_00356-1,1.435209
s_016um_00193_00127-1,1.3723162
s_016um_00282_00315-1,1.1967139
s_016um_00271_00060-1,1.244647
s_016um_00082_00287-1,1.2162122
s_016um_00158_00293-1,1.2784983
s_016um_00354_00415-1,1.6618656
s_016um_00224_00240-1,1.2149097
s_016um_00276_00317-1,1.2843804
s_016um_00015_00266-1,1.2795616
s_016um_00340_00215-1,1.2124568
s_016um_00146_00058-1,1.1868733
s_016um_00097_00316-1,1.2996399
s_016um_00271_00230-1,1.199497
s_016um_00085_00198-1,1.2553184
s_016um_00235_00266-1,1.1916564
s_016um_00004_00153-1,1.3423793
s_016um_00242_00189-1,1.3147599
s_016um_00042_00219-1,1.1958406
s_016um_00415_00137-1,1.2926059
s_016um_00086_00034-1,1.1584815
s_016um_00226_00252-1,1.2481183
s_016um_00139_00056-1,1.3056729
s_016um_00374_00125-1,1.2771355
s_016um_00417_00135-1,1.2479204
s_016um_00131_00230-1,1.258864
s_016um_00169_00371-1,1.37232
s_016um_00402_00152-1,1.3913982
s_016um_00276_00205-1,1.2283368
s_016um_00040_00218-1,1.2525989
s_016um_00131_00089-1,1.1923324
s_016um_00231_00355-1,1.2222089
s_016um_00242_00182-1,1.2849311
s_016um_00406_00125-1,1.197224
s_016um_00233_00090-1,1.4069517
s_016um_00099_00338-1,1.3582696
s_016um_00269_00056-1,1.4169949
s_016um_00225_00330-1,1.1418561
s_016um_00251_00024-1,1.307759
s_016um_00115_00150-1,1.310366
s_016um_00339_00399-1,1.6874757
s_016um_00147_00056-1,1.220154
s_016um_00160_00289-1,1.1983905
s_016um_00279_00321-1,1.2143475
s_016um_00088_00264-1,1.26793
s_016um_00237_00264-1,1.2917832
s_016um_00040_00215-1,1.4903125
s_016um_00040_00175-1,1.3065621
s_016um_00362_00289-1,1.1351584
s_016um_00121_00146-1,1.2091156
s_016um_00387_00128-1,1.2657897
s_016um_00119_00146-1,1.1202724
s_016um_00042_00243-1,1.3069516
s_016um_00397_00179-1,1.3187443
s_016um_00037_00104-1,1.2138
s_016um_00257_00192-1,1.197459
s_016um_00246_00082-1,1.3180101
s_016um_00237_00182-1,1.2434896
s_016um_00090_00272-1,1.3027569
s_016um_00040_00046-1,1.2215401
s_016um_00235_00092-1,1.4006851
s_016um_00334_00398-1,1.371943
s_016um_00399_00212-1,1.3119133
s_016um_00141_00017-1,1.2167287
s_016um_00070_00232-1,1.1652232
s_016um_00337_00256-1,1.251544
s_016um_00130_00229-1,1.2578101
s_016um_00206_00145-1,1.2160167
s_016um_00224_00230-1,1.2691438
s_016um_00141_00056-1,1.2805533
s_016um_00065_00133-1,1.144703
s_016um_00142_00013-1,1.2802684
s_016um_00367_00102-1,1.2180227
s_016um_00140_00077-1,1.212028
s_016um_00181_00029-1,1.1835098
s_016um_00281_00323-1,1.2185087
s_016um_00406_00151-1,1.276241
s_016um_00390_00341-1,1.5286463
s_016um_00223_00030-1,1.3925952
s_016um_00083_00281-1,1.1894373
s_016um_00260_00032-1,1.3984598
s_016um_00098_00023-1,1.2000239
s_016um_00254_00020-1,1.4626158
s_016um_00310_00060-1,1.3711576
s_016um_00373_00118-1,1.4072224
s_016um_00278_00325-1,1.2798921
s_016um_00355_00089-1,1.2701112
s_016um_00270_00056-1,1.1885847
s_016um_00098_00319-1,1.1663442
s_016um_00039_00097-1,1.195677
s_016um_00236_00088-1,1.3045142
s_016um_00043_00041-1,1.1813666
s_016um_00233_00264-1,1.2522426
s_016um_00270_00033-1,1.1745137
s_016um_00171_00126-1,1.384181
s_016um_00343_00220-1,1.544973
s_016um_00170_00127-1,1.2712164
s_016um_00175_00374-1,1.342049
s_016um_00236_00184-1,1.2575043
s_016um_00135_00232-1,1.1508697
s_016um_00239_00090-1,1.221065
s_016um_00089_00069-1,1.160104
s_016um_00073_00247-1,1.3158733
s_016um_00287_00093-1,1.3086729
s_016um_00253_00020-1,1.2316395
s_016um_00274_00207-1,1.2201566
s_016um_00375_00142-1,1.2474438
s_016um_00356_00117-1,1.3207502
s_016um_00103_00385-1,1.4098699
s_016um_00046_00214-1,1.2775965
s_016um_00355_00090-1,1.2696294
s_016um_00391_00179-1,1.2748826
s_016um_00166_00122-1,1.2948453
s_016um_00361_00287-1,1.3393288
s_016um_00340_00396-1,1.3002739
s_016um_00372_00123-1,1.2650852
s_016um_00276_00130-1,1.2576771
s_016um_00057_00243-1,1.2262115
s_016um_00080_00282-1,1.219998
s_016um_00273_00230-1,1.2786592
s_016um_00309_00054-1,1.2271127
s_016um_00172_00371-1,1.2623607
s_016um_00196_00122-1,1.2938719
s_016um_00043_00171-1,1.2080959
s_016um_00341_00404-1,1.3379189
s_016um_00191_00125-1,1.1906791
s_016um_00084_00034-1,1.2151713
s_016um_00356_00094-1,1.2729282
s_016um_00282_00327-1,1.2820028
s_016um_00407_00396-1,2.0206084
s_016um_00325_00119-1,1.2715086
s_016um_00410_00098-1,1.1808745
s_016um_00387_00344-1,1.3097857
s_016um_00222_00330-1,1.233325
s_016um_00167_00128-1,1.2844657
s_016um_00400_00366-1,1.2449405
s_016um_00163_00285-1,1.2844507
s_016um_00265_00031-1,1.3258255
s_016um_00266_00029-1,1.3376844
s_016um_00338_00400-1,1.3800129
s_016um_00044_00245-1,1.2610849
s_016um_00080_00248-1,1.2574048
s_016um_00328_00228-1,1.2294179
s_016um_00358_00291-1,1.3624725
s_016um_00076_00239-1,1.2072124
s_016um_00122_00149-1,1.231926
s_016um_00377_00135-1,1.2292353
s_016um_00331_00212-1,1.2788486
s_016um_00142_00015-1,1.210167
s_016um_00099_00315-1,1.2985903
s_016um_00010_00158-1,1.3307431
s_016um_00268_00061-1,1.341257
s_016um_00371_00148-1,1.3643782
s_016um_00220_00232-1,1.3371725
s_016um_00333_00254-1,1.3881937
s_016um_00366_00099-1,1.2291379
s_016um_00280_00311-1,1.2982349
s_016um_00216_00017-1,1.2566504
s_016um_00064_00232-1,1.3336685
s_016um_00260_00132-1,1.2145467
s_016um_00043_00242-1,1.4149725
s_016um_00361_00289-1,1.3414826
s_016um_00402_00256-1,1.2477422
s_016um_00100_00024-1,1.2190492
s_016um_00034_00104-1,1.1187184
s_016um_00184_00025-1,1.2421199
s_016um_00094_00026-1,1.2560481
s_016um_00223_00236-1,1.2114754
s_016um_00400_00254-1,1.2393084
s_016um_00048_00240-1,1.1530519
s_016um_00046_00239-1,1.2462292
s_016um_00068_00237-1,1.2281662
s_016um_00147_00395-1,1.2842536
s_016um_00348_00219-1,1.1979865
s_016um_00229_00330-1,1.230898
s_016um_00085_00281-1,1.1484723
s_016um_00325_00163-1,1.2306644
s_016um_00020_00265-1,1.184614
s_016um_00354_00093-1,1.3290902
s_016um_00226_00250-1,1.2021885
s_016um_00245_00082-1,1.2137347
s_016um_00271_00229-1,1.3238381
s_016um_00190_00090-1,1.2945162
s_016um_00374_00147-1,1.4540496
s_016um_00220_00168-1,1.2543412
s_016um_00103_00072-1,1.2386183
s_016um_00280_00050-1,1.2997373
s_016um_00307_00056-1,1.3368821
s_016um_00081_00284-1,1.2131932
s_016um_00012_00208-1,1.2838731
s_016um_00068_00132-1,1.1550024
s_016um_00097_00318-1,1.2828785
s_016um_00241_00086-1,1.3115457
s_016um_00336_00255-1,1.2476379
s_016um_00289_00094-1,1.4225997
s_016um_00064_00129-1,1.2050146
s_016um_00264_00061-1,1.4016647
s_016um_00006_00158-1,1.1945846
s_016um_00086_00035-1,1.316821
s_016um_00144_00062-1,1.0986443
s_016um_00038_00179-1,1.3449339
s_016um_00269_00028-1,1.2519293
s_016um_00136_00232-1,1.2498829
s_016um_00307_00054-1,1.298792
s_016um_00027_00092-1,1.247443
s_016um_00085_00031-1,1.2272105
s_016um_00283_00096-1,1.3833169
s_016um_00056_00249-1,1.2668731
s_016um_00354_00092-1,1.2785337
s_016um_00128_00092-1,1.202415
s_016um_00408_00153-1,1.2446567
s_016um_00260_00190-1,1.2288079
s_016um_00228_00261-1,1.2343768
s_016um_00329_00256-1,1.277971
s_016um_00134_00315-1,1.461585
s_016um_00278_00205-1,1.2113466
s_016um_00346_00214-1,1.2120143
s_016um_00073_00248-1,1.2279903
s_016um_00213_00034-1,1.2361296
s_016um_00220_00169-1,1.1948941
s_016um_00144_00016-1,1.2530496
s_016um_00132_00225-1,1.1685197
s_016um_00394_00370-1,1.2990185
s_016um_00217_00017-1,1.2283385
s_016um_00091_00337-1,1.2610672
s_016um_00088_00067-1,1.2291692
s_016um_00084_00070-1,1.3605915
s_016um_00229_00249-1,1.219438
s_016um_00242_00090-1,1.3372006
s_016um_00384_00134-1,1.3368564
s_016um_00114_00319-1,1.2392608
s_016um_00225_00027-1,1.1945764
s_016um_00172_00378-1,1.2200725
s_016um_00264_00190-1,1.2271132
s_016um_00035_00101-1,1.1435704
s_016um_00356_00417-1,1.8133926
s_016um_00212_00280-1,1.1954472
s_016um_00274_00209-1,1.231645
s_016um_00107_00321-1,1.2410178
s_016um_00136_00320-1,1.4995546
s_016um_00123_00148-1,1.2360018
s_016um_00014_00208-1,1.1463284
s_016um_00068_00128-1,1.2065238
s_016um_00083_00294-1,1.235868
s_016um_00319_00163-1,1.26659
s_016um_00059_00247-1,1.2102251
s_016um_00037_00101-1,1.265014
s_016um_00355_00417-1,1.8767638
s_016um_00086_00071-1,1.3089932
s_016um_00331_00126-1,1.2186673
s_016um_00378_00135-1,1.2803073
s_016um_00404_00394-1,2.159109
s_016um_00068_00238-1,1.2964237
s_016um_00335_00251-1,1.3533801
s_016um_00110_00315-1,1.3996195
s_016um_00043_00177-1,1.2621837
s_016um_00325_00125-1,1.2586602
s_016um_00351_00092-1,1.2655908
s_016um_00255_00034-1,1.2560009
s_016um_00365_00229-1,1.3311453
s_016um_00042_00213-1,1.4249188
s_016um_00344_00211-1,1.2795746
s_016um_00373_00146-1,1.3417234
s_016um_00041_00042-1,1.1658399
s_016um_00235_00262-1,1.1974998
s_016um_00273_00332-1,1.3141469
s_016um_00044_00214-1,1.1933587
s_016um_00206_00148-1,1.327545
s_016um_00287_00097-1,1.3894027
s_016um_00118_00144-1,1.2653217
s_016um_00221_00283-1,1.3502238
s_016um_00280_00326-1,1.2026498
s_016um_00372_00139-1,1.6021556
s_016um_00387_00133-1,1.2354271
s_016um_00029_00335-1,1.2206014
s_016um_00097_00320-1,1.2217476
s_016um_00263_00335-1,1.3289573
s_016um_00133_00314-1,1.6428356
s_016um_00358_00285-1,1.3215348
s_016um_00416_00138-1,1.2098182
s_016um_00348_00023-1,1.237297
s_016um_00358_00418-1,1.9069966
s_016um_00225_00231-1,1.2182671
s_016um_00366_00226-1,1.3846841
s_016um_00270_00062-1,1.3455317
s_016um_00219_00174-1,1.235192
s_016um_00393_00341-1,1.2435353
s_016um_00363_00290-1,1.2173948
s_016um_00070_00231-1,1.1971129
s_016um_00228_00328-1,1.2216291
s_016um_00213_00281-1,1.212226
s_016um_00170_00372-1,1.3354235
s_016um_00089_00277-1,1.1824638
s_016um_00080_00281-1,1.2024262
s_016um_00085_00071-1,1.2288653
s_016um_00237_00085-1,1.3512559
s_016um_00061_00131-1,1.1630179
s_016um_00089_00266-1,1.1763015
s_016um_00136_00077-1,1.1913676
s_016um_00338_00396-1,1.3697176
s_016um_00092_00266-1,1.1938361
s_016um_00257_00184-1,1.3866916
s_016um_00218_00031-1,1.1980863
s_016um_00173_00373-1,1.2065569
s_016um_00087_00069-1,1.1726187
s_016um_00213_00029-1,1.2377169
s_016um_00327_00303-1,1.4076325
s_016um_00344_00215-1,1.2183881
s_016um_00107_00388-1,1.2901052
s_016um_00126_00090-1,1.2191954
s_016um_00320_00301-1,1.2689985
s_016um_00267_00228-1,1.2725317
s_016um_00259_00028-1,1.2893791
s_016um_00009_00295-1,1.2355555
s_016um_00328_00254-1,1.2446226
s_016um_00038_00099-1,1.335233
s_016um_00222_00237-1,1.2190214
s_016um_00328_00229-1,1.1705877
s_016um_00337_00401-1,1.4964464
s_016um_00369_00227-1,1.3169584
s_016um_00036_00044-1,1.1832516
s_016um_00275_00134-1,1.3024645
s_016um_00139_00061-1,1.1930108
s_016um_00327_00231-1,1.2034142
s_016um_00330_00255-1,1.3013055
s_016um_00326_00122-1,1.210644
s_016um_00048_00245-1,1.2218926
s_016um_00273_00205-1,1.2699741
s_016um_00322_00300-1,1.3929713
s_016um_00334_00251-1,1.2912376
s_016um_00133_00089-1,1.2902296
s_016um_00336_00214-1,1.2720973
s_016um_00006_00211-1,1.361012
s_016um_00081_00298-1,1.1718694
s_016um_00238_00356-1,1.2076933
s_016um_00138_00218-1,1.2658865
s_016um_00218_00168-1,1.2592946
s_016um_00265_00338-1,1.301823
s_016um_00271_00331-1,1.2366165
s_016um_00390_00294-1,1.2239933
s_016um_00039_00048-1,1.3036186
s_016um_00352_00119-1,1.3078972
s_016um_00100_00322-1,1.173667
s_016um_00369_00098-1,1.2711842
s_016um_00067_00229-1,1.2614349
s_016um_00146_00017-1,1.1083506
s_016um_00223_00173-1,1.4166967
s_016um_00098_00341-1,1.1563389
s_016um_00402_00402-1,1.7844505
s_016um_00241_00087-1,1.6506839
s_016um_00266_00331-1,1.3009709
s_016um_00262_00332-1,1.2662715
s_016um_00372_00100-1,1.3435328
s_016um_00255_00028-1,1.2566717
s_016um_00209_00290-1,1.2083721
s_016um_00103_00070-1,1.2625549
s_016um_00363_00223-1,1.3912699
s_016um_00355_00415-1,1.8970418
s_016um_00033_00332-1,1.1393642
s_016um_00336_00401-1,1.3817039
s_016um_00083_00068-1,1.1967564
s_016um_00407_00153-1,1.290645
s_016um_00346_00213-1,1.1813694
s_016um_00017_00269-1,1.2409906
s_016um_00387_00134-1,1.3112328
s_016um_00359_00412-1,1.5388916
s_016um_00249_00023-1,1.3624004
s_016um_00334_00213-1,1.2773299
s_016um_00135_00229-1,1.3105332
s_016um_00232_00090-1,1.300504
s_016um_00352_00021-1,1.2914201
s_016um_00367_00100-1,1.2840629
s_016um_00381_00130-1,1.2056755
s_016um_00248_00026-1,1.2773386
s_016um_00097_00029-1,1.2746214
s_016um_00132_00226-1,1.1695145
s_016um_00393_00292-1,1.2668756
s_016um_00135_00231-1,1.1998953
s_016um_00140_00220-1,1.1415762
s_016um_00368_00124-1,1.3029399
s_016um_00170_00376-1,1.2587249
s_016um_00357_00293-1,1.2901622
s_016um_00377_00139-1,1.3517435
s_016um_00130_00316-1,1.4198872
s_016um_00226_00333-1,1.1950241
s_016um_00226_00231-1,1.2375363
s_016um_00240_00186-1,1.1447103
s_016um_00042_00101-1,1.2609359
s_016um_00225_00245-1,1.2842206
s_016um_00008_00154-1,1.2035094
s_016um_00167_00374-1,1.3183893
s_016um_00079_00032-1,1.1931881
s_016um_00370_00102-1,1.3430761
s_016um_00330_00217-1,1.2532951
s_016um_00215_00035-1,1.1802686
s_016um_00190_00093-1,1.2255561
s_016um_00339_00404-1,1.3474873
s_016um_00236_00262-1,1.3641838
s_016um_00083_00299-1,1.2511157
s_016um_00010_00293-1,1.3601251
s_016um_00288_00096-1,1.3022004
s_016um_00290_00100-1,1.2421421
s_016um_00074_00238-1,1.2179445
s_016um_00228_00243-1,1.1550685
s_016um_00383_00127-1,1.2514572
s_016um_00076_00236-1,1.2006806
s_016um_00089_00267-1,1.2221317
s_016um_00240_00189-1,1.3120545
s_016um_00359_00119-1,1.2473989
s_016um_00009_00300-1,1.2713373
s_016um_00005_00153-1,1.2042062
s_016um_00140_00221-1,1.254537
s_016um_00370_00225-1,1.1995416
s_016um_00269_00228-1,1.1917843
s_016um_00141_00076-1,1.411982
s_016um_00163_00286-1,1.1993304
s_016um_00319_00162-1,1.3016279
s_016um_00071_00237-1,1.2371186
s_016um_00279_00314-1,1.2963307
s_016um_00274_00202-1,1.3319247
s_016um_00017_00267-1,1.3442907
s_016um_00229_00247-1,1.1434524
s_016um_00077_00246-1,1.2171638
s_016um_00224_00330-1,1.1906499
s_016um_00106_00390-1,1.2801799
s_016um_00324_00233-1,1.3054895
s_016um_00355_00093-1,1.223706
s_016um_00270_00057-1,1.2252177
s_016um_00274_00223-1,1.3604399
s_016um_00227_00329-1,1.184234
s_016um_00131_00228-1,1.1798283
s_016um_00068_00233-1,1.2137899
s_016um_00275_00312-1,1.2049369
s_016um_00080_00201-1,1.2275519
s_016um_00091_00273-1,1.1755834
s_016um_00073_00244-1,1.1957401
s_016um_00040_00045-1,1.155528
s_016um_00170_00374-1,1.360593
s_016um_00218_00009-1,1.1695257
s_016um_00195_00094-1,1.2819955
s_016um_00276_00328-1,1.316787
s_016um_00032_00334-1,1.2946247
s_016um_00075_00293-1,1.2937084
s_016um_00078_00245-1,1.1862844
s_016um_00267_00336-1,1.1762999
s_016um_00230_00244-1,1.2353064
s_016um_00096_00273-1,1.1593565
s_016um_00325_00302-1,1.2878169
s_016um_00231_00357-1,1.3077847
s_016um_00373_00121-1,1.2327018
s_016um_00336_00400-1,1.5061291
s_016um_00357_00291-1,1.3693194
s_016um_00400_00126-1,1.2693105
s_016um_00095_00335-1,1.1942544
s_016um_00267_00227-1,1.2494007
s_016um_00066_00235-1,1.2197556
s_016um_00183_00033-1,1.1419356
s_016um_00236_00267-1,1.2792975
s_016um_00202_00152-1,1.329547
s_016um_00324_00224-1,1.3606074
s_016um_00268_00335-1,1.1735795
s_016um_00415_00099-1,1.1473078
s_016um_00097_00340-1,1.2935704
s_016um_00077_00241-1,1.1904137
s_016um_00258_00192-1,1.2091509
s_016um_00093_00322-1,1.203652
s_016um_00216_00229-1,1.2221065
s_016um_00029_00092-1,1.1123686
s_016um_00278_00312-1,1.294317
s_016um_00106_00069-1,1.1558195
s_016um_00266_00133-1,1.3306903
s_016um_00218_00172-1,1.3043395
s_016um_00267_00224-1,1.1777705
s_016um_00334_00218-1,1.1593151
s_016um_00031_00335-1,1.211343
s_016um_00251_00027-1,1.234817
s_016um_00107_00315-1,1.2517301
s_016um_00040_00050-1,1.1687676
s_016um_00236_00183-1,1.2479229
s_016um_00236_00087-1,1.3766478
s_016um_00136_00219-1,1.1704999
s_016um_00224_00027-1,1.5014548
s_016um_00324_00167-1,1.349059
s_016um_00408_00402-1,1.8782582
s_016um_00401_00399-1,1.724578
s_016um_00391_00358-1,1.3139043
s_016um_00137_00071-1,1.2419344
s_016um_00189_00098-1,1.2774539
s_016um_00218_00024-1,1.1823972
s_016um_00048_00212-1,1.2858436
s_016um_00280_00327-1,1.2782651
s_016um_00372_00140-1,1.2969545
s_016um_00356_00412-1,1.508577
s_016um_00407_00100-1,1.3337435
s_016um_00244_00086-1,1.19628
s_016um_00310_00059-1,1.2314446
s_016um_00137_00069-1,1.203555
s_016um_00044_00237-1,1.1855716
s_016um_00096_00318-1,1.2210778
s_016um_00083_00240-1,1.1958508
s_016um_00093_00269-1,1.1565312
s_016um_00146_00401-1,1.3208612
s_016um_00400_00120-1,1.2815226
s_016um_00039_00042-1,1.1644442
s_016um_00067_00235-1,1.3242341
s_016um_00088_00269-1,1.2152301
s_016um_00196_00123-1,1.3428643
s_016um_00270_00337-1,1.2051575
s_016um_00360_00415-1,1.6388364
s_016um_00272_00051-1,1.3648375
s_016um_00216_00170-1,1.3070589
s_016um_00369_00140-1,1.2195965
s_016um_00128_00229-1,1.1564242
s_016um_00126_00385-1,1.4729806
s_016um_00321_00224-1,1.3405862
s_016um_00166_00127-1,1.2865838
s_016um_00352_00115-1,1.2054657
s_016um_00030_00335-1,1.2409511
s_016um_00395_00367-1,1.2872871
s_016um_00267_00128-1,1.3075429
s_016um_00032_00336-1,1.2485199
s_016um_00356_00096-1,1.2031841
s_016um_00266_00135-1,1.2737589
s_016um_00395_00343-1,1.2868824
s_016um_00011_00299-1,1.2160119
s_016um_00262_00188-1,1.200563
s_016um_00158_00288-1,1.2243185
s_016um_00111_00318-1,1.2363002
s_016um_00179_00025-1,1.1401943
s_016um_00147_00018-1,1.2294614
s_016um_00268_00036-1,1.198669
s_016um_00216_00231-1,1.1348782
s_016um_00358_00412-1,1.8224297
s_016um_00233_00087-1,1.2865427
s_016um_00289_00099-1,1.2218146
s_016um_00199_00147-1,1.2044036
s_016um_00330_00258-1,1.3454051
s_016um_00248_00085-1,1.2140318
s_016um_00038_00047-1,1.4907292
s_016um_00190_00123-1,1.3088107
s_016um_00268_00222-1,1.2260844
s_016um_00048_00239-1,1.2321906
s_016um_00045_00216-1,1.2862483
s_016um_00274_00135-1,1.1558636
s_016um_00264_00187-1,1.4427477
s_016um_00144_00022-1,1.2965972
s_016um_00372_00097-1,1.1820525
s_016um_00355_00114-1,1.2391291
s_016um_00371_00099-1,1.2100075
s_016um_00132_00234-1,1.1989459
s_016um_00280_00049-1,1.4115621
s_016um_00264_00135-1,1.4271404
s_016um_00241_00085-1,1.351627
s_016um_00359_00417-1,1.6455019
s_016um_00101_00073-1,1.1446435
s_016um_00240_00087-1,1.3170431
s_016um_00407_00397-1,1.7204014
s_016um_00276_00322-1,1.2354163
s_016um_00071_00232-1,1.222381
s_016um_00231_00260-1,1.1698437
s_016um_00139_00071-1,1.2753205
s_016um_00358_00117-1,1.2425852
s_016um_00196_00127-1,1.1822797
s_016um_00308_00054-1,1.3177658
s_016um_00389_00343-1,1.3699294
s_016um_00228_00238-1,1.2354437
s_016um_00327_00299-1,1.2601457
s_016um_00061_00244-1,1.1856579
s_016um_00403_00263-1,1.404891
s_016um_00101_00383-1,1.2166673
s_016um_00223_00232-1,1.2055959
s_016um_00128_00320-1,1.2733704
s_016um_00269_00027-1,1.1479071
s_016um_00027_00087-1,1.217783
s_016um_00006_00293-1,1.1809409
s_016um_00224_00231-1,1.3290378
s_016um_00327_00304-1,1.3494476
s_016um_00178_00025-1,1.196363
s_016um_00036_00104-1,1.1230811
s_016um_00380_00132-1,1.3869376
s_016um_00367_00222-1,1.2272447
s_016um_00272_00204-1,1.2824634
s_016um_00068_00127-1,1.1485653
s_016um_00350_00093-1,1.269835
s_016um_00087_00267-1,1.2747774
s_016um_00331_00219-1,1.198874
s_016um_00321_00231-1,1.3556652
s_016um_00395_00181-1,1.4728428
s_016um_00076_00238-1,1.3651518
s_016um_00407_00150-1,1.3973315
s_016um_00078_00244-1,1.2788857
s_016um_00252_00021-1,1.2853632
s_016um_00353_00118-1,1.2000126
s_016um_00345_00216-1,1.2689164
s_016um_00417_00137-1,1.294433
s_016um_00276_00313-1,1.1894466
s_016um_00039_00099-1,1.2460617
s_016um_00237_00358-1,1.2614837
s_016um_00159_00290-1,1.1512133
s_016um_00098_00065-1,1.1249086
s_016um_00223_00246-1,1.1829032
s_016um_00142_00061-1,1.2482717
s_016um_00061_00247-1,1.207879
s_016um_00032_00085-1,1.2852844
s_016um_00149_00402-1,1.2939674
s_016um_00220_00171-1,1.3182834
s_016um_00229_00248-1,1.1617266
s_016um_00187_00094-1,1.1908139
s_016um_00389_00341-1,1.3805171
s_016um_00390_00342-1,1.410076
s_016um_00231_00265-1,1.1854175
s_016um_00308_00055-1,1.2673236
s_016um_00188_00091-1,1.3119787
s_016um_00045_00175-1,1.2496599
s_016um_00406_00154-1,1.284974
s_016um_00125_00388-1,1.21533
s_016um_00372_00116-1,1.2796768
s_016um_00280_00203-1,1.1872963
s_016um_00357_00294-1,1.3364915
s_016um_00331_00118-1,1.2995696
s_016um_00202_00145-1,1.3735194
s_016um_00012_00209-1,1.2541901
s_016um_00262_00192-1,1.2915963
s_016um_00216_00228-1,1.1888249
s_016um_00206_00150-1,1.1403356
s_016um_00095_00273-1,1.1903901
s_016um_00269_00033-1,1.1606184
s_016um_00274_00137-1,1.3648854
s_016um_00133_00092-1,1.2251419
s_016um_00185_00031-1,1.1912241
s_016um_00330_00124-1,1.1710589
s_016um_00401_00260-1,1.3177959
s_016um_00228_00265-1,1.2409178
s_016um_00205_00152-1,1.377789
s_016um_00401_00213-1,1.2607653
s_016um_00086_00198-1,1.2889172
s_016um_00234_00354-1,1.3617157
s_016um_00215_00032-1,1.2110189
s_016um_00029_00333-1,1.2277268
s_016um_00207_00293-1,1.1940428
s_016um_00034_00007-1,1.1967102
s_016um_00124_00388-1,1.2586179
s_016um_00090_00066-1,1.1915473
s_016um_00037_00172-1,1.1840515
s_016um_00169_00378-1,1.2338299
s_016um_00255_00026-1,1.3306644
s_016um_00132_00086-1,1.1196054
s_016um_00393_00344-1,1.3927238
s_016um_00277_00316-1,1.3313859
s_016um_00163_00293-1,1.2241912
s_016um_00065_00131-1,1.203632
s_016um_00213_00277-1,1.143479
s_016um_00106_00383-1,1.3370256
s_016um_00103_00388-1,1.2392006
s_016um_00060_00129-1,1.1485643
s_016um_00228_00334-1,1.2016765
s_016um_00136_00226-1,1.2334666
s_016um_00173_00370-1,1.4885198
s_016um_00393_00177-1,1.4734803
s_016um_00211_00297-1,1.2095953
s_016um_00366_00223-1,1.2097923
s_016um_00015_00272-1,1.260077
s_016um_00235_00089-1,1.2062172
s_016um_00163_00124-1,1.2156605
s_016um_00085_00028-1,1.3832841
s_016um_00119_00149-1,1.2287214
s_016um_00046_00243-1,1.2463503
s_016um_00158_00289-1,1.2653495
s_016um_00131_00383-1,1.370186
s_016um_00232_00086-1,1.2505754
s_016um_00069_00230-1,1.2600996
s_016um_00274_00032-1,1.3259223
s_016um_00409_00102-1,1.1827185
s_016um_00097_00274-1,1.2925686
s_016um_00380_00141-1,1.360075
s_016um_00038_00043-1,1.1998436
s_016um_00413_00102-1,1.2876005
s_016um_00081_00297-1,1.1612474
s_016um_00273_00051-1,1.2754215
s_016um_00238_00090-1,1.3572013
s_016um_00218_00232-1,1.1794213
s_016um_00112_00321-1,1.53647
s_016um_00094_00279-1,1.2884543
s_016um_00391_00337-1,1.2331195
s_016um_00101_00319-1,1.3031439
s_016um_00181_00025-1,1.2020079
s_016um_00007_00297-1,1.2203039
s_016um_00215_00295-1,1.3405262
s_016um_00136_00231-1,1.2208034
s_016um_00033_00087-1,1.2155226
s_016um_00146_00021-1,1.1773999
s_016um_00193_00126-1,1.4445441
s_016um_00067_00125-1,1.1682143
s_016um_00065_00129-1,1.2440649
s_016um_00396_00179-1,1.2575603
s_016um_00223_00168-1,1.2773584
s_016um_00099_00067-1,1.1443212
s_016um_00081_00269-1,1.2415198
s_016um_00326_00232-1,1.2594179
s_016um_00405_00259-1,1.3524724
s_016um_00041_00204-1,1.2098176
s_016um_00412_00104-1,1.2226535
s_016um_00084_00278-1,1.2704722
s_016um_00403_00151-1,1.2535104
s_016um_00406_00401-1,2.2206368
s_016um_00366_00095-1,1.1545495
s_016um_00080_00193-1,1.2316203
s_016um_00038_00171-1,1.2196183
s_016um_00381_00133-1,1.1829728
s_016um_00401_00256-1,1.2750319
s_016um_00226_00328-1,1.2052413
s_016um_00036_00176-1,1.2513444
s_016um_00084_00197-1,1.2926546
s_016um_00230_00265-1,1.1552613
s_016um_00347_00022-1,1.2604126
s_016um_00357_00411-1,1.5928204
s_016um_00033_00008-1,1.3193599
s_016um_00179_00032-1,1.2128983
s_016um_00369_00118-1,1.2442646
s_016um_00237_00190-1,1.2280926
s_016um_00368_00230-1,1.2504017
s_016um_00075_00237-1,1.1791646
s_016um_00016_00272-1,1.2576752
s_016um_00099_00387-1,1.3058558
s_016um_00216_00018-1,1.1768467
s_016um_00348_00218-1,1.2518879
s_016um_00131_00314-1,1.2926754
s_016um_00398_00371-1,1.2909864
s_016um_00142_00222-1,1.167691
s_016um_00013_00154-1,1.1834155
s_016um_00128_00088-1,1.3253739
s_016um_00214_00014-1,1.1596843
s_016um_00095_00026-1,1.2159724
s_016um_00262_00128-1,1.2955958
s_016um_00408_00400-1,2.0880568
s_016um_00065_00238-1,1.2124603
s_016um_00327_00227-1,1.3459526
s_016um_00047_00242-1,1.496823
s_016um_00255_00021-1,1.2915196
s_016um_00322_00306-1,1.3037003
s_016um_00389_00298-1,1.2342523
s_016um_00090_00340-1,1.197746
s_016um_00355_00289-1,1.3840041
s_016um_00128_00381-1,1.2758975
s_016um_00349_00020-1,1.1897647
s_016um_00075_00238-1,1.2090654
s_016um_00263_00130-1,1.249069
s_016um_00008_00151-1,1.1963327
s_016um_00405_00148-1,1.1840318
s_016um_00241_00182-1,1.1594309
s_016um_00137_00220-1,1.1861978
s_016um_00245_00090-1,1.2324271
s_016um_00217_00012-1,1.4594367
s_016um_00278_00329-1,1.2649533
s_016um_00141_00221-1,1.231288
s_016um_00098_00321-1,1.2226865
s_016um_00076_00247-1,1.3308282
s_016um_00007_00156-1,1.1652809
s_016um_00029_00091-1,1.2109314
s_016um_00098_00337-1,1.3365055
s_016um_00101_00071-1,1.2026268
s_016um_00039_00205-1,1.3057272
s_016um_00320_00299-1,1.3676395
s_016um_00012_00156-1,1.2087137
s_016um_00397_00373-1,1.4151638
s_016um_00380_00127-1,1.2535682
s_016um_00382_00130-1,1.2739035
s_016um_00142_00221-1,1.3159094
s_016um_00134_00316-1,1.4636483
s_016um_00131_00387-1,1.2845323
s_016um_00081_00286-1,1.1707984
s_016um_00369_00094-1,1.1772177
s_016um_00099_00317-1,1.2377548
s_016um_00237_00362-1,1.2485272
s_016um_00228_00251-1,1.2364614
s_016um_00141_00070-1,1.3385911
s_016um_00351_00023-1,1.2652451
s_016um_00133_00322-1,1.5539851
s_016um_00372_00122-1,1.4971998
s_016um_00216_00173-1,1.3459439
s_016um_00329_00126-1,1.2014807
s_016um_00359_00293-1,1.3016546
s_016um_00275_00202-1,1.3438712
s_016um_00133_00071-1,1.1949002
s_016um_00332_00217-1,1.2241452
s_016um_00325_00301-1,1.418736
s_016um_00192_00092-1,1.2083973
s_016um_00138_00224-1,1.2484648
s_016um_00151_00397-1,1.2102928
s_016um_00272_00047-1,1.2739537
s_016um_00069_00232-1,1.2865516
s_016um_00088_00275-1,1.305003
s_016um_00330_00213-1,1.3444402
s_016um_00233_00085-1,1.3136592
s_016um_00104_00389-1,1.3102344
s_016um_00217_00011-1,1.2332467
s_016um_00351_00116-1,1.2996047
s_016um_00069_00231-1,1.2454239
s_016um_00320_00226-1,1.3978592
s_016um_00214_00293-1,1.1750371
s_016um_00165_00126-1,1.4487857
s_016um_00031_00328-1,1.1346594
s_016um_00076_00243-1,1.2311022
s_016um_00273_00224-1,1.2028723
s_016um_00347_00220-1,1.2167004
s_016um_00374_00124-1,1.1916083
s_016um_00213_00035-1,1.2279975
s_016um_00217_00167-1,1.2420769
s_016um_00323_00231-1,1.2185928
s_016um_00239_00084-1,1.2722024
s_016um_00214_00034-1,1.2305243
s_016um_00161_00287-1,1.4867616
s_016um_00374_00142-1,1.2623024
s_016um_00275_00329-1,1.2812783
s_016um_00006_00296-1,1.208858
s_016um_00236_00091-1,1.4556869
s_016um_00374_00141-1,1.3321811
s_016um_00281_00318-1,1.3501192
s_016um_00082_00283-1,1.2244847
s_016um_00324_00162-1,1.2143686
s_016um_00191_00124-1,1.3262581
s_016um_00371_00095-1,1.2405916
s_016um_00215_00284-1,1.3033777
s_016um_00326_00163-1,1.2197939
s_016um_00118_00145-1,1.2177415
s_016um_00160_00287-1,1.4399482
s_016um_00069_00130-1,1.1718992
s_016um_00336_00253-1,1.2129046
s_016um_00418_00138-1,1.309235
s_016um_00225_00334-1,1.1705812
s_016um_00325_00122-1,1.2158799
s_016um_00358_00091-1,1.319491
s_016um_00095_00025-1,1.1948057
s_016um_00083_00297-1,1.2501202
s_016um_00047_00240-1,1.2388041
s_016um_00200_00152-1,1.2376614
s_016um_00282_00322-1,1.2461896
s_016um_00063_00125-1,1.2305833
s_016um_00357_00286-1,1.2352116
s_016um_00351_00091-1,1.3070891
s_016um_00388_00295-1,1.3149416
s_016um_00358_00410-1,1.5500066
s_016um_00392_00293-1,1.18053
s_016um_00324_00299-1,1.3427806
s_016um_00042_00206-1,1.3877438
s_016um_00082_00295-1,1.2174067
s_016um_00369_00145-1,1.1976016
s_016um_00223_00014-1,1.1976372
s_016um_00004_00156-1,1.2223278
s_016um_00392_00365-1,1.1948558
s_016um_00097_00031-1,1.2663759
s_016um_00327_00118-1,1.2804954
s_016um_00388_00341-1,1.35165
s_016um_00237_00357-1,1.2164514
s_016um_00275_00225-1,1.2250892
s_016um_00216_00011-1,1.3274634
s_016um_00260_00189-1,1.2572737
s_016um_00100_00318-1,1.2215364
s_016um_00223_00233-1,1.3187616
s_016um_00277_00049-1,1.1462687
s_016um_00195_00092-1,1.180471
s_016um_00220_00233-1,1.3665648
s_016um_00324_00165-1,1.1750785
s_016um_00218_00015-1,1.346671
s_016um_00069_00236-1,1.2581859
s_016um_00095_00031-1,1.2581329
s_016um_00214_00291-1,1.259105
s_016um_00401_00149-1,1.286667
s_016um_00135_00073-1,1.2426795
s_016um_00368_00222-1,1.2594969
s_016um_00264_00056-1,1.2715354
s_016um_00355_00098-1,1.2495192
s_016um_00267_00335-1,1.224202
s_016um_00355_00023-1,1.3529763
s_016um_00118_00147-1,1.2578806
s_016um_00104_00391-1,1.2058685
s_016um_00258_00191-1,1.1545408
s_016um_00212_00035-1,1.2323756
s_016um_00011_00296-1,1.3000594
s_016um_00045_00204-1,1.2526807
s_016um_00006_00210-1,1.2654431
s_016um_00258_00188-1,1.1839583
s_016um_00090_00339-1,1.2161118
s_016um_00131_00086-1,1.2797776
s_016um_00032_00090-1,1.1802201
s_016um_00258_00030-1,1.2301174
s_016um_00083_00193-1,1.4338082
s_016um_00395_00183-1,1.2397856
s_016um_00257_00026-1,1.1646824
s_016um_00042_00175-1,1.2037361
s_016um_00322_00302-1,1.3310115
s_016um_00323_00230-1,1.2529535
s_016um_00234_00186-1,1.2042763
s_016um_00134_00218-1,1.2142828
s_016um_00227_00328-1,1.2214038
s_016um_00268_00228-1,1.2420774
s_016um_00391_00344-1,1.5246996
s_016um_00137_00218-1,1.2219858
s_016um_00128_00321-1,1.4417076
s_016um_00212_00030-1,1.2327797
s_016um_00131_00088-1,1.3046767
s_016um_00191_00127-1,1.3610255
s_016um_00270_00333-1,1.2060245
s_016um_00274_00334-1,1.2452902
s_016um_00387_00294-1,1.3443385
s_016um_00083_00196-1,1.4286696
s_016um_00133_00318-1,1.4203354
s_016um_00048_00215-1,1.182988
s_016um_00213_00026-1,1.203448
s_016um_00279_00131-1,1.3187163
s_016um_00168_00376-1,1.2593443
s_016um_00014_00271-1,1.2249492
s_016um_00097_00336-1,1.3577965
s_016um_00133_00316-1,1.3685805
s_016um_00104_00386-1,1.2854139
s_016um_00137_00073-1,1.2016605
s_016um_00081_00201-1,1.2727033
s_016um_00281_00313-1,1.2280656
s_016um_00354_00097-1,1.2620715
s_016um_00149_00403-1,1.2412239
s_016um_00247_00024-1,1.2371783
s_016um_00011_00155-1,1.2359432
s_016um_00260_00129-1,1.3299158
s_016um_00033_00100-1,1.2037964
s_016um_00032_00101-1,1.1863185
s_016um_00028_00334-1,1.1913726
s_016um_00405_00397-1,2.3165836
s_016um_00386_00126-1,1.4036822
s_016um_00085_00268-1,1.2725579
s_016um_00043_00241-1,1.3939652
s_016um_00038_00048-1,1.3035718
s_016um_00376_00137-1,1.3417513
s_016um_00391_00183-1,1.2536855
s_016um_00271_00029-1,1.2541403
s_016um_00094_00318-1,1.3272175
s_016um_00097_00315-1,1.2406983
s_016um_00273_00328-1,1.4430109
s_016um_00032_00331-1,1.2909501
s_016um_00097_00337-1,1.4037173
s_016um_00009_00214-1,1.2539957
s_016um_00386_00299-1,1.2413224
s_016um_00146_00398-1,1.2402772
s_016um_00216_00034-1,1.2083372
s_016um_00344_00216-1,1.2600088
s_016um_00216_00169-1,1.3066808
s_016um_00281_00134-1,1.1748439
s_016um_00133_00386-1,1.1935035
s_016um_00354_00120-1,1.299186
s_016um_00113_00313-1,1.1718192
s_016um_00329_00257-1,1.1501048
s_016um_00143_00061-1,1.2213244
s_016um_00368_00094-1,1.1981971
s_016um_00407_00400-1,1.9637573
s_016um_00277_00204-1,1.2142628
s_016um_00064_00235-1,1.3864002
s_016um_00009_00207-1,1.2848668
s_016um_00273_00334-1,1.3254169
s_016um_00041_00203-1,1.2753003
s_016um_00177_00027-1,1.2220364
s_016um_00137_00223-1,1.2770388
s_016um_00072_00250-1,1.2369565
s_016um_00265_00131-1,1.250166
s_016um_00414_00102-1,1.1858951
s_016um_00231_00262-1,1.2290664
s_016um_00055_00246-1,1.3144617
s_016um_00280_00318-1,1.2669647
s_016um_00146_00015-1,1.2942233
s_016um_00364_00100-1,1.2839307
s_016um_00270_00032-1,1.2286187
s_016um_00377_00121-1,1.2614449
s_016um_00066_00234-1,1.2949593
s_016um_00139_00014-1,1.2089096
s_016um_00098_00275-1,1.198997
s_016um_00185_00028-1,1.2395395
s_016um_00276_00050-1,1.248325
s_016um_00394_00213-1,1.3128102
s_016um_00251_00019-1,1.2757654
s_016um_00078_00197-1,1.3993982
s_016um_00358_00288-1,1.2765788
s_016um_00406_00150-1,1.3422878
s_016um_00220_00280-1,1.2020203
s_016um_00263_00134-1,1.3688439
s_016um_00083_00279-1,1.1932241
s_016um_00158_00285-1,1.2934783
s_016um_00221_00247-1,1.3265792
s_016um_00352_00122-1,1.271487
s_016um_00065_00130-1,1.1857959
s_016um_00366_00229-1,1.406122
s_016um_00074_00251-1,1.2454667
s_016um_00088_00268-1,1.2181777
s_016um_00080_00268-1,1.1739596
s_016um_00285_00099-1,1.2260853
s_016um_00121_00145-1,1.2459394
s_016um_00076_00245-1,1.2210041
s_016um_00332_00218-1,1.2496281
s_016um_00210_00293-1,1.3502239
s_016um_00220_00238-1,1.316788
s_016um_00367_00144-1,1.2510253
s_016um_00332_00122-1,1.3132874
s_016um_00320_00227-1,1.4202862
s_016um_00136_00321-1,1.5931776
s_016um_00256_00030-1,1.2490429
s_016um_00089_00338-1,1.3076252
s_016um_00146_00060-1,1.199616
s_016um_00012_00157-1,1.252211
s_016um_00007_00214-1,1.2743487
s_016um_00084_00198-1,1.1732968
s_016um_00088_00197-1,1.1984496
s_016um_00399_00123-1,1.5369396
s_016um_00392_00177-1,1.3152771
s_016um_00192_00090-1,1.2260507
s_016um_00110_00322-1,1.3964652
s_016um_00381_00131-1,1.3628031
s_016um_00038_00204-1,1.2234759
s_016um_00375_00140-1,1.2001921
s_016um_00370_00120-1,1.2408886
s_016um_00323_00298-1,1.2565057
s_016um_00263_00337-1,1.2464056
s_016um_00079_00295-1,1.1395972
s_016um_00352_00019-1,1.344178
s_016um_00009_00298-1,1.2916523
s_016um_00393_00182-1,1.3138218
s_016um_00006_00212-1,1.275199
s_016um_00213_00030-1,1.3472533
s_016um_00201_00153-1,1.3157629
s_016um_00354_00095-1,1.2753125
s_016um_00402_00123-1,1.2105241
s_016um_00130_00388-1,1.2452629
s_016um_00131_00229-1,1.1602743
s_016um_00074_00252-1,1.3411572
s_016um_00362_00414-1,1.62502
s_016um_00373_00120-1,1.2486062
s_016um_00240_00085-1,1.3051313
s_016um_00086_00269-1,1.2399845
s_016um_00223_00227-1,1.2370248
s_016um_00190_00129-1,1.2503345
s_016um_00233_00088-1,1.5032511
s_016um_00139_00059-1,1.2277079
s_016um_00038_00101-1,1.142102
s_016um_00258_00034-1,1.3454238
s_016um_00393_00293-1,1.2097863
s_016um_00076_00237-1,1.2565917
s_016um_00370_00227-1,1.3626697
s_016um_00287_00101-1,1.3174626
s_016um_00044_00220-1,1.2705957
s_016um_00400_00121-1,1.4487149
s_016um_00410_00150-1,1.234496
s_016um_00157_00290-1,1.2909894
s_016um_00076_00298-1,1.2621726
s_016um_00204_00150-1,1.2527622
s_016um_00320_00163-1,1.2144548
s_016um_00391_00359-1,1.338982
s_016um_00289_00096-1,1.3129494
s_016um_00159_00289-1,1.187024
s_016um_00369_00125-1,1.31481
s_016um_00048_00216-1,1.2672386
s_016um_00328_00127-1,1.2982988
s_016um_00242_00082-1,1.2981615
s_016um_00221_00027-1,1.1871043
s_016um_00369_00224-1,1.3844272
s_016um_00086_00285-1,1.2214642
s_016um_00097_00277-1,1.2375863
s_016um_00115_00147-1,1.2515414
s_016um_00361_00416-1,1.5428761
s_016um_00085_00267-1,1.2118247
s_016um_00006_00294-1,1.2407337
s_016um_00131_00321-1,1.3858192
s_016um_00327_00216-1,1.2034283
s_016um_00129_00092-1,1.2457156
s_016um_00399_00369-1,1.1646645
s_016um_00394_00366-1,1.3091946
s_016um_00124_00384-1,1.187272
s_016um_00053_00245-1,1.1422642
s_016um_00257_00027-1,1.3051897
s_016um_00080_00265-1,1.1314077
s_016um_00129_00228-1,1.2171865
s_016um_00226_00249-1,1.2234396
s_016um_00190_00127-1,1.2341532
s_016um_00100_00027-1,1.2542102
s_016um_00325_00228-1,1.2503273
s_016um_00045_00211-1,1.3179615
s_016um_00225_00233-1,1.2704086
s_016um_00228_00331-1,1.2431822
s_016um_00277_00325-1,1.3984609
s_016um_00309_00059-1,1.2957398
s_016um_00266_00335-1,1.3700774
s_016um_00390_00180-1,1.2704543
s_016um_00076_00251-1,1.3094134
s_016um_00082_00270-1,1.1915293
s_016um_00079_00284-1,1.1614964
s_016um_00366_00096-1,1.1633989
s_016um_00036_00048-1,1.2665825
s_016um_00254_00022-1,1.3304152
s_016um_00398_00257-1,1.3682309
s_016um_00406_00145-1,1.1942085
s_016um_00273_00325-1,1.2818797
s_016um_00077_00250-1,1.311568
s_016um_00275_00203-1,1.1799941
s_016um_00410_00099-1,1.2655374
s_016um_00098_00068-1,1.1541882
s_016um_00411_00097-1,1.3115882
s_016um_00138_00220-1,1.1597903
s_016um_00400_00214-1,1.2790457
s_016um_00087_00033-1,1.1880548
s_016um_00007_00211-1,1.232912
s_016um_00011_00156-1,1.2526755
s_016um_00367_00229-1,1.3780849
s_016um_00138_00222-1,1.1833917
s_016um_00331_00252-1,1.2469461
s_016um_00401_00258-1,1.2489221
s_016um_00007_00150-1,1.2616261
s_016um_00085_00282-1,1.1830254
s_016um_00360_00289-1,1.3837345
s_016um_00263_00331-1,1.2638675
s_016um_00032_00007-1,1.2689689
s_016um_00165_00128-1,1.2612246
s_016um_00141_00058-1,1.271815
s_016um_00214_00017-1,1.3511094
s_016um_00090_00277-1,1.1795925
s_016um_00061_00129-1,1.2329915
s_016um_00093_00341-1,1.360376
s_016um_00264_00336-1,1.3016701
s_016um_00097_00322-1,1.2332339
s_016um_00325_00165-1,1.2228923
s_016um_00256_00031-1,1.2313201
s_016um_00060_00243-1,1.2537912
s_016um_00217_00230-1,1.3243539
s_016um_00260_00188-1,1.2196693
s_016um_00057_00244-1,1.1652749
s_016um_00236_00090-1,1.3136302
s_016um_00407_00125-1,1.1518418
s_016um_00396_00177-1,1.3019996
s_016um_00401_00218-1,1.3187165
s_016um_00126_00382-1,1.1698086
s_016um_00400_00215-1,1.3101058
s_016um_00354_00115-1,1.1337398
s_016um_00364_00098-1,1.2234482
s_016um_00260_00186-1,1.2898784
s_016um_00392_00178-1,1.4076364
s_016um_00132_00383-1,1.2866753
s_016um_00236_00189-1,1.2292389
s_016um_00354_00019-1,1.430106
s_016um_00082_00067-1,1.3456892
s_016um_00283_00095-1,1.1987652
s_016um_00062_00234-1,1.3259604
s_016um_00090_00279-1,1.1347497
s_016um_00324_00163-1,1.173381
s_016um_00396_00357-1,1.5527986
s_016um_00255_00022-1,1.2256414
s_016um_00008_00159-1,1.276651
s_016um_00269_00035-1,1.1735508
s_016um_00034_00103-1,1.2304518
s_016um_00331_00255-1,1.2065443
s_016um_00080_00243-1,1.287139
s_016um_00169_00124-1,1.2275237
s_016um_00218_00030-1,1.2908093
s_016um_00261_00132-1,1.2625036
s_016um_00095_00027-1,1.38447
s_016um_00330_00119-1,1.1690621
s_016um_00040_00213-1,1.3837488
s_016um_00019_00269-1,1.3283207
s_016um_00096_00315-1,1.2101636
s_016um_00338_00398-1,1.4188588
s_016um_00402_00396-1,1.768607
s_016um_00393_00357-1,1.603819
s_016um_00105_00067-1,1.2095379
s_016um_00171_00370-1,1.3501894
s_016um_00246_00086-1,1.3439147
s_016um_00131_00090-1,1.160788
s_016um_00044_00213-1,1.2796303
s_016um_00044_00217-1,1.2275401
s_016um_00380_00135-1,1.2933741
s_016um_00402_00263-1,1.2833366
s_016um_00138_00020-1,1.2031639
s_016um_00357_00114-1,1.2593622
s_016um_00265_00030-1,1.2719302
s_016um_00370_00139-1,1.3032367
s_016um_00099_00323-1,1.2121677
s_016um_00022_00269-1,1.2208861
s_016um_00337_00253-1,1.1831951
s_016um_00076_00295-1,1.2291855
s_016um_00105_00387-1,1.2693918
s_016um_00093_00323-1,1.163645
s_016um_00145_00400-1,1.2628393
s_016um_00264_00133-1,1.2750363
s_016um_00194_00091-1,1.1876266
s_016um_00226_00251-1,1.2242428
s_016um_00011_00215-1,1.3162453
s_016um_00172_00372-1,1.3057857
s_016um_00324_00225-1,1.2857293
s_016um_00199_00146-1,1.2557747
s_016um_00214_00032-1,1.381513
s_016um_00397_00369-1,1.3337066
s_016um_00241_00190-1,1.2209623
s_016um_00373_00144-1,1.2992417
s_016um_00368_00119-1,1.2121878
s_016um_00137_00221-1,1.1147588
s_016um_00323_00169-1,1.271088
s_016um_00012_00298-1,1.2281187
s_016um_00182_00026-1,1.2369267
s_016um_00312_00052-1,1.2996575
s_016um_00192_00128-1,1.2626786
s_016um_00046_00204-1,1.31621
s_016um_00398_00364-1,1.3250344
s_016um_00265_00061-1,1.4204974
s_016um_00276_00206-1,1.2899686
s_016um_00272_00036-1,1.2181814
s_016um_00371_00145-1,1.2205504
s_016um_00108_00320-1,1.3071936
s_016um_00391_00361-1,1.2809542
s_016um_00228_00247-1,1.1870095
s_016um_00130_00386-1,1.256802
s_016um_00367_00146-1,1.3180401
s_016um_00377_00136-1,1.3075733
s_016um_00076_00246-1,1.2907923
s_016um_00399_00218-1,1.2450823
s_016um_00274_00047-1,1.2842855
s_016um_00409_00149-1,1.2009804
s_016um_00213_00294-1,1.197029
s_016um_00133_00319-1,1.5214708
s_016um_00257_00028-1,1.3440149
s_016um_00090_00341-1,1.2688596
s_016um_00134_00228-1,1.2693758
s_016um_00407_00103-1,1.2114553
s_016um_00078_00250-1,1.3499169
s_016um_00357_00115-1,1.2330002
s_016um_00143_00062-1,1.1723739
s_016um_00274_00322-1,1.2388495
s_016um_00199_00152-1,1.2346956
s_016um_00205_00151-1,1.2499675
s_016um_00093_00318-1,1.2234961
s_016um_00144_00015-1,1.2028377
s_016um_00226_00232-1,1.2610425
s_016um_00211_00034-1,1.3439478
s_016um_00166_00372-1,1.2071499
s_016um_00354_00025-1,1.1753349
s_016um_00306_00058-1,1.3257934
s_016um_00269_00222-1,1.2070519
s_016um_00351_00096-1,1.1756881
s_016um_00278_00204-1,1.1664568
s_016um_00368_00223-1,1.4212267
s_016um_00039_00098-1,1.1266376
s_016um_00105_00070-1,1.1358887
s_016um_00243_00186-1,1.3162899
s_016um_00268_00059-1,1.3470285
s_016um_00196_00093-1,1.3914893
s_016um_00206_00146-1,1.1897794
s_016um_00280_00313-1,1.265833
s_016um_00413_00098-1,1.1564717
s_016um_00038_00205-1,1.3402406
s_016um_00133_00070-1,1.2370632
s_016um_00044_00044-1,1.2547255
s_016um_00387_00131-1,1.3317307
s_016um_00389_00294-1,1.4400156
s_016um_00173_00377-1,1.2020026
s_016um_00217_00014-1,1.165698
s_016um_00139_00019-1,1.1929387
s_016um_00072_00248-1,1.2025865
s_016um_00164_00289-1,1.1195272
s_016um_00256_00023-1,1.1711711
s_016um_00080_00034-1,1.144806
s_016um_00219_00018-1,1.224353
s_016um_00132_00319-1,1.3987141
s_016um_00393_00372-1,1.2135891
s_016um_00225_00236-1,1.2076665
s_016um_00373_00139-1,1.2706447
s_016um_00111_00317-1,1.1926104
s_016um_00401_00214-1,1.3642505
s_016um_00398_00255-1,1.2237706
s_016um_00133_00321-1,1.6309248
s_016um_00153_00398-1,1.2538661
s_016um_00273_00050-1,1.3895116
s_016um_00006_00156-1,1.2081354
s_016um_00212_00027-1,1.3981428
s_016um_00329_00216-1,1.2356204
s_016um_00169_00123-1,1.2409517
s_016um_00262_00132-1,1.2659432
s_016um_00216_00279-1,1.2322636
s_016um_00089_00276-1,1.1747303
s_016um_00323_00170-1,1.1725938
s_016um_00132_00233-1,1.2413445
s_016um_00012_00214-1,1.2869152
s_016um_00348_00022-1,1.3446409
s_016um_00325_00164-1,1.1762707
s_016um_00221_00167-1,1.3524485
s_016um_00229_00268-1,1.1548928
s_016um_00280_00317-1,1.2451012
s_016um_00165_00292-1,1.3025781
s_016um_00414_00140-1,1.2949357
s_016um_00235_00086-1,1.2476704
s_016um_00400_00260-1,1.3352854
s_016um_00223_00249-1,1.2295476
s_016um_00397_00262-1,1.2929896
s_016um_00404_00258-1,1.3333281
s_016um_00400_00261-1,1.2739016
s_016um_00280_00322-1,1.3115177
s_016um_00270_00224-1,1.1933358
s_016um_00138_00058-1,1.1854562
s_016um_00340_00400-1,1.335122
s_016um_00108_00389-1,1.259314
s_016um_00090_00278-1,1.2392067
s_016um_00351_00121-1,1.2522774
s_016um_00276_00324-1,1.2976811
s_016um_00328_00119-1,1.3003999
s_016um_00008_00149-1,1.2568817
s_016um_00393_00364-1,1.3353013
s_016um_00095_00337-1,1.2464436
s_016um_00084_00265-1,1.1731724
s_016um_00364_00223-1,1.2909273
s_016um_00396_00361-1,1.3188968
s_016um_00075_00298-1,1.1883138
s_016um_00236_00187-1,1.2785667
s_016um_00035_00175-1,1.2236345
s_016um_00264_00329-1,1.2908919
s_016um_00094_00024-1,1.1730763
s_016um_00385_00295-1,1.2479663
s_016um_00031_00337-1,1.2273084
s_016um_00131_00386-1,1.2264676
s_016um_00391_00296-1,1.298821
s_016um_00041_00102-1,1.2509884
s_016um_00145_00018-1,1.1196877
s_016um_00041_00212-1,1.3059253
s_016um_00094_00322-1,1.2140187
s_016um_00366_00224-1,1.2125405
s_016um_00020_00270-1,1.3580322
s_016um_00038_00209-1,1.2950699
s_016um_00219_00013-1,1.1940072
s_016um_00089_00274-1,1.2075486
s_016um_00064_00128-1,1.2316798
s_016um_00335_00255-1,1.2299057
s_016um_00044_00216-1,1.1963032
s_016um_00216_00281-1,1.2594881
s_016um_00032_00332-1,1.2421699
s_016um_00132_00313-1,1.5184246
s_016um_00358_00092-1,1.2587857
s_016um_00108_00388-1,1.358923
s_016um_00032_00086-1,1.1413264
s_016um_00372_00141-1,1.3271238
s_016um_00396_00217-1,1.2277068
s_016um_00362_00290-1,1.2834569
s_016um_00193_00121-1,1.3589275
s_016um_00275_00132-1,1.2643121
s_016um_00234_00267-1,1.2335038
s_016um_00226_00236-1,1.2327949
s_016um_00129_00230-1,1.2605815
s_016um_00355_00091-1,1.2287556
s_016um_00044_00174-1,1.3308315
s_016um_00351_00020-1,1.2664059
s_016um_00037_00099-1,1.2213537
s_016um_00370_00229-1,1.3383055
s_016um_00086_00282-1,1.1945093
s_016um_00144_00014-1,1.1822336
s_016um_00167_00123-1,1.2839447
s_016um_00232_00262-1,1.2629776
s_016um_00085_00035-1,1.2458053
s_016um_00414_00103-1,1.1863234
s_016um_00221_00329-1,1.1854779
s_016um_00343_00213-1,1.2363985
s_016um_00079_00283-1,1.2156241
s_016um_00047_00219-1,1.3664099
s_016um_00398_00124-1,1.3230354
s_016um_00080_00272-1,1.2888157
s_016um_00270_00222-1,1.2257422
s_016um_00097_00272-1,1.2113309
s_016um_00079_00286-1,1.2292055
s_016um_00064_00132-1,1.1707513
s_016um_00306_00055-1,1.2494732
s_016um_00222_00014-1,1.2429714
s_016um_00226_00237-1,1.209503
s_016um_00218_00230-1,1.2398024
s_016um_00210_00027-1,1.2694907
s_016um_00223_00247-1,1.230489
s_016um_00275_00046-1,1.2297007
s_016um_00138_00018-1,1.2615113
s_016um_00145_00020-1,1.2140267
s_016um_00013_00214-1,1.246147
s_016um_00217_00225-1,1.1680603
s_016um_00125_00382-1,1.2940713
s_016um_00192_00099-1,1.2110745
s_016um_00063_00231-1,1.2624949
s_016um_00393_00338-1,1.1697803
s_016um_00107_00316-1,1.3129296
s_016um_00350_00118-1,1.2161105
s_016um_00413_00140-1,1.3281012
s_016um_00281_00131-1,1.2308865
s_016um_00132_00386-1,1.2173572
s_016um_00355_00120-1,1.2788998
s_016um_00125_00087-1,1.3050299
s_016um_00078_00268-1,1.170102
s_016um_00144_00019-1,1.2809186
s_016um_00086_00199-1,1.2321571
s_016um_00408_00398-1,2.0444918
s_016um_00096_00324-1,1.286982
s_016um_00202_00148-1,1.2718682
s_016um_00260_00185-1,1.2586334
s_016um_00094_00336-1,1.2709572
s_016um_00128_00232-1,1.2266649
s_016um_00404_00399-1,1.8658124
s_016um_00188_00092-1,1.209898
s_016um_00391_00294-1,1.1792026
s_016um_00325_00124-1,1.3213887
s_016um_00212_00028-1,1.2787831
s_016um_00092_00342-1,1.2706913
s_016um_00266_00127-1,1.384266
s_016um_00227_00232-1,1.2247021
s_016um_00036_00102-1,1.1948951
s_016um_00212_00290-1,1.254658
s_016um_00011_00300-1,1.2976964
s_016um_00359_00414-1,1.6154242
s_016um_00135_00072-1,1.2398609
s_016um_00082_00292-1,1.3075159
s_016um_00152_00399-1,1.190769
s_016um_00274_00230-1,1.2355807
s_016um_00194_00126-1,1.2795182
s_016um_00355_00022-1,1.3029041
s_016um_00402_00124-1,1.3388089
s_016um_00229_00250-1,1.1775607
s_016um_00218_00026-1,1.2024355
s_016um_00179_00027-1,1.2852154
s_016um_00213_00031-1,1.3235996
s_016um_00014_00269-1,1.2534451
s_016um_00398_00220-1,1.3148843
s_016um_00129_00385-1,1.2762129
s_016um_00352_00116-1,1.2654666
s_016um_00215_00012-1,1.3094221
s_016um_00221_00025-1,1.2343974
s_016um_00235_00356-1,1.1858871
s_016um_00380_00130-1,1.2503809
s_016um_00084_00280-1,1.1692343
s_016um_00204_00148-1,1.248276
s_016um_00309_00057-1,1.4225738
s_016um_00358_00120-1,1.3907154
s_016um_00275_00138-1,1.2434125
s_016um_00033_00099-1,1.242489
s_016um_00080_00238-1,1.2491181
s_016um_00010_00209-1,1.251437
s_016um_00281_00322-1,1.3723425
s_016um_00078_00283-1,1.1922219
s_016um_00262_00333-1,1.3155614
s_016um_00237_00090-1,1.3762482
s_016um_00083_00032-1,1.2022536
s_016um_00324_00164-1,1.2605896
s_016um_00321_00226-1,1.2688806
s_016um_00048_00244-1,1.2164519
s_016um_00326_00123-1,1.1619787
s_016um_00268_00029-1,1.2872231
s_016um_00243_00185-1,1.2334553
s_016um_00322_00164-1,1.282673
s_016um_00387_00297-1,1.1541381
s_016um_00080_00242-1,1.2733527
s_016um_00226_00246-1,1.2779596
s_016um_00392_00345-1,1.4819613
s_016um_00142_00058-1,1.2124906
s_016um_00012_00155-1,1.1960596
s_016um_00404_00151-1,1.2961103
s_016um_00214_00027-1,1.223812
s_016um_00088_00030-1,1.2132396
s_016um_00234_00085-1,1.2355738
s_016um_00254_00027-1,1.2285641
s_016um_00145_00055-1,1.1679612
s_016um_00338_00403-1,1.2974399
s_016um_00222_00026-1,1.2620088
s_016um_00397_00371-1,1.3137257
s_016um_00248_00083-1,1.2749788
s_016um_00093_00315-1,1.1484597
s_016um_00278_00320-1,1.2877799
s_016um_00035_00011-1,1.2252339
s_016um_00221_00171-1,1.2151626
s_016um_00235_00354-1,1.2234645
s_016um_00143_00053-1,1.1702255
s_016um_00171_00122-1,1.2354243
s_016um_00354_00291-1,1.2302052
s_016um_00042_00046-1,1.2185117
s_016um_00006_00297-1,1.2301952
s_016um_00269_00036-1,1.230271
s_016um_00225_00328-1,1.1780583
s_016um_00232_00091-1,1.3598473
s_016um_00135_00227-1,1.3072144
s_016um_00333_00249-1,1.275809
s_016um_00003_00154-1,1.1781142
s_016um_00215_00283-1,1.297321
s_016um_00047_00239-1,1.1677805
s_016um_00393_00369-1,1.2644273
s_016um_00358_00114-1,1.2395712
s_016um_00265_00129-1,1.2008555
s_016um_00359_00290-1,1.2809207
s_016um_00220_00174-1,1.1869407
s_016um_00341_00217-1,1.4463491
s_016um_00211_00028-1,1.1829418
s_016um_00086_00070-1,1.1961848
s_016um_00036_00174-1,1.2819525
s_016um_00374_00117-1,1.3839952
s_016um_00196_00092-1,1.2638764
s_016um_00366_00227-1,1.300455
s_016um_00418_00135-1,1.2760762
s_016um_00222_00228-1,1.205835
s_016um_00091_00279-1,1.1710374
s_016um_00390_00292-1,1.2746959
s_016um_00043_00213-1,1.2921314
s_016um_00335_00257-1,1.299964
s_016um_00400_00255-1,1.248214
s_016um_00135_00318-1,1.4699144
s_016um_00033_00102-1,1.1727196
s_016um_00013_00213-1,1.2206473
s_016um_00367_00142-1,1.2934823
s_016um_00168_00373-1,1.2483314
s_016um_00331_00125-1,1.1486592
s_016um_00143_00054-1,1.2220925
s_016um_00358_00416-1,1.4936739
s_016um_00239_00190-1,1.2419906
s_016um_00132_00227-1,1.270359
s_016um_00005_00300-1,1.2257191
s_016um_00030_00090-1,1.2700033
s_016um_00129_00088-1,1.476273
s_016um_00399_00181-1,1.2845343
s_016um_00401_00127-1,1.2596987
s_016um_00360_00290-1,1.4135811
s_016um_00007_00208-1,1.2018344
s_016um_00396_00212-1,1.3279079
s_016um_00222_00229-1,1.2434877
s_016um_00326_00301-1,1.2623818
s_016um_00405_00152-1,1.4058583
s_016um_00382_00127-1,1.2350996
s_016um_00143_00017-1,1.2653524
s_016um_00382_00132-1,1.2524939
s_016um_00336_00398-1,1.4932148
s_016um_00270_00059-1,1.4100453
s_016um_00334_00210-1,1.286402
s_016um_00142_00056-1,1.1965247
s_016um_00004_00151-1,1.1896795
s_016um_00223_00166-1,1.2458047
s_016um_00277_00051-1,1.4218551
s_016um_00043_00211-1,1.1869955
s_016um_00249_00086-1,1.3008336
s_016um_00221_00282-1,1.2782873
s_016um_00071_00251-1,1.2030079
s_016um_00204_00145-1,1.295589
s_016um_00267_00330-1,1.2650574
s_016um_00390_00340-1,1.4003276
s_016um_00274_00051-1,1.2557038
s_016um_00256_00189-1,1.2525148
s_016um_00279_00316-1,1.2636906
s_016um_00224_00167-1,1.2629361
s_016um_00086_00197-1,1.2776134
s_016um_00209_00034-1,1.3679368
s_016um_00170_00371-1,1.2137487
s_016um_00128_00386-1,1.3105538
s_016um_00103_00071-1,1.3024437
s_016um_00046_00215-1,1.302834
s_016um_00355_00095-1,1.2432455
s_016um_00393_00297-1,1.314374
s_016um_00081_00036-1,1.1610005
s_016um_00157_00287-1,1.2967334
s_016um_00139_00217-1,1.2043742
s_016um_00269_00332-1,1.1558944
s_016um_00068_00230-1,1.3477683
s_016um_00219_00231-1,1.2102973
s_016um_00105_00386-1,1.4340633
s_016um_00272_00048-1,1.2066388
s_016um_00392_00183-1,1.3583143
s_016um_00037_00105-1,1.2653648
s_016um_00235_00183-1,1.2495991
s_016um_00392_00359-1,1.2704505
s_016um_00242_00187-1,1.402603
s_016um_00130_00389-1,1.2365539
s_016um_00047_00237-1,1.2225384
s_016um_00131_00318-1,1.4763333
s_016um_00230_00356-1,1.2654727
s_016um_00196_00125-1,1.3559538
s_016um_00171_00374-1,1.4276698
s_016um_00103_00067-1,1.290027
s_016um_00358_00295-1,1.208644
s_016um_00011_00293-1,1.433043
s_016um_00106_00391-1,1.2763071
s_016um_00078_00243-1,1.2501329
s_016um_00081_00194-1,1.398078
s_016um_00147_00402-1,1.1890035
s_016um_00068_00232-1,1.3117148
s_016um_00390_00291-1,1.2430272
s_016um_00009_00152-1,1.1726369
s_016um_00041_00101-1,1.2023193
s_016um_00200_00146-1,1.2315332
s_016um_00381_00140-1,1.2857088
s_016um_00268_00131-1,1.2968675
s_016um_00195_00128-1,1.2421561
s_016um_00131_00233-1,1.2249955
s_016um_00040_00042-1,1.1639596
s_016um_00275_00137-1,1.3074886
s_016um_00065_00236-1,1.3402854
s_016um_00337_00257-1,1.2899965
s_016um_00072_00234-1,1.2032856
s_016um_00398_00214-1,1.2165338
s_016um_00311_00058-1,1.2153381
s_016um_00258_00033-1,1.3459707
s_016um_00091_00267-1,1.225358
s_016um_00221_00029-1,1.2163574
s_016um_00225_00031-1,1.246452
s_016um_00116_00149-1,1.1506126
s_016um_00234_00362-1,1.2690167
s_016um_00233_00263-1,1.1831573
s_016um_00125_00088-1,1.3157996
s_016um_00224_00169-1,1.2973403
s_016um_00366_00097-1,1.2341301
s_016um_00061_00128-1,1.1828015
s_016um_00021_00269-1,1.2595435
s_016um_00261_00185-1,1.2960234
s_016um_00385_00296-1,1.297801
s_016um_00130_00320-1,1.4894198
s_016um_00255_00027-1,1.5194428
s_016um_00331_00209-1,1.3060498
s_016um_00005_00155-1,1.3403789
s_016um_00211_00293-1,1.296096
s_016um_00330_00126-1,1.2083796
s_016um_00174_00373-1,1.2924433
s_016um_00084_00284-1,1.1529906
s_016um_00239_00186-1,1.1880274
s_016um_00278_00049-1,1.3002458
s_016um_00098_00320-1,1.2361268
s_016um_00047_00243-1,1.2663733
s_016um_00107_00386-1,1.3466823
s_016um_00336_00254-1,1.3287269
s_016um_00266_00031-1,1.2448016
s_016um_00233_00261-1,1.2882559
s_016um_00410_00105-1,1.3449109
s_016um_00266_00033-1,1.3331513
s_016um_00189_00126-1,1.4085914
s_016um_00078_00295-1,1.2249566
s_016um_00047_00245-1,1.2274369
s_016um_00274_00132-1,1.2583927
s_016um_00225_00239-1,1.185507
s_016um_00215_00279-1,1.2289624
s_016um_00092_00278-1,1.2099209
s_016um_00399_00215-1,1.2850053
s_016um_00394_00362-1,1.317794
s_016um_00374_00139-1,1.2319891
s_016um_00225_00244-1,1.1717527
s_016um_00219_00025-1,1.1504996
s_016um_00079_00249-1,1.2442646
s_016um_00327_00211-1,1.1779635
s_016um_00010_00215-1,1.4122682
s_016um_00412_00139-1,1.3196785
s_016um_00096_00317-1,1.1733034
s_016um_00130_00384-1,1.2299577
s_016um_00039_00175-1,1.2985493
s_016um_00215_00016-1,1.2950157
s_016um_00167_00127-1,1.3106409
s_016um_00077_00245-1,1.1763152
s_016um_00371_00125-1,1.2254056
s_016um_00240_00088-1,1.340465
s_016um_00280_00323-1,1.3259438
s_016um_00223_00028-1,1.2298691
s_016um_00139_00216-1,1.1785783
s_016um_00133_00226-1,1.1956306
s_016um_00389_00338-1,1.2387732
s_016um_00365_00097-1,1.2031214
s_016um_00073_00240-1,1.2895194
s_016um_00129_00390-1,1.2216651
s_016um_00214_00016-1,1.5310959
s_016um_00071_00248-1,1.3097967
s_016um_00044_00204-1,1.2428868
s_016um_00101_00068-1,1.272713
s_016um_00184_00033-1,1.1723113
s_016um_00126_00086-1,1.2005126
s_016um_00098_00025-1,1.3208867
s_016um_00080_00198-1,1.3092285
s_016um_00067_00236-1,1.4060795
s_016um_00320_00303-1,1.2944152
s_016um_00169_00377-1,1.355645
s_016um_00391_00295-1,1.2427949
s_016um_00043_00210-1,1.2089132
s_016um_00401_00123-1,1.3090253
s_016um_00081_00028-1,1.315152
s_016um_00277_00047-1,1.1661292
s_016um_00290_00098-1,1.2815763
s_016um_00233_00359-1,1.2755235
s_016um_00232_00357-1,1.2629102
s_016um_00228_00235-1,1.1746213
s_016um_00101_00064-1,1.240343
s_016um_00370_00097-1,1.1874971
s_016um_00032_00088-1,1.2759323
s_016um_00388_00127-1,1.1655694
s_016um_00135_00322-1,1.5890704
s_016um_00288_00095-1,1.2797785
s_016um_00041_00179-1,1.2632943
s_016um_00146_00057-1,1.1042426
s_016um_00234_00264-1,1.3143893
s_016um_00044_00045-1,1.1692159
s_016um_00055_00243-1,1.2927265
s_016um_00334_00211-1,1.2718906
s_016um_00201_00147-1,1.2931772
s_016um_00414_00135-1,1.2686745
s_016um_00221_00026-1,1.2164191
s_016um_00269_00031-1,1.3848705
s_016um_00127_00229-1,1.2070608
s_016um_00139_00077-1,1.2931406
s_016um_00046_00206-1,1.3122281
s_016um_00212_00031-1,1.3364441
s_016um_00253_00023-1,1.2267274
s_016um_00102_00388-1,1.2672842
s_016um_00306_00053-1,1.1827139
s_016um_00215_00292-1,1.2084012
s_016um_00103_00065-1,1.1935929
s_016um_00090_00273-1,1.2903383
s_016um_00409_00103-1,1.330769
s_016um_00098_00024-1,1.3591206
s_016um_00043_00172-1,1.1505369
s_016um_00353_00089-1,1.3043616
s_016um_00118_00146-1,1.2076468
s_016um_00399_00217-1,1.2458448
s_016um_00193_00124-1,1.3608592
s_016um_00125_00091-1,1.2988123
s_016um_00014_00268-1,1.3134049
s_016um_00206_00153-1,1.1769094
s_016um_00096_00319-1,1.2313442
s_016um_00363_00098-1,1.2759764
s_016um_00114_00315-1,1.2666917
s_016um_00055_00244-1,1.3271307
s_016um_00329_00254-1,1.3222831
s_016um_00087_00196-1,1.1598728
s_016um_00009_00157-1,1.2549146
s_016um_00074_00246-1,1.1974257
s_016um_00200_00150-1,1.3567592
s_016um_00009_00301-1,1.1814514
s_016um_00151_00394-1,1.2101998
s_016um_00393_00368-1,1.2124461
s_016um_00081_00198-1,1.2740387
s_016um_00277_00328-1,1.2472142
s_016um_00038_00045-1,1.2342734
s_016um_00397_00365-1,1.3178316
s_016um_00132_00385-1,1.2797984
s_016um_00399_00365-1,1.3027155
s_016um_00101_00386-1,1.2598677
s_016um_00409_00146-1,1.2983842
s_016um_00123_00146-1,1.1795559
s_016um_00379_00138-1,1.2540013
s_016um_00265_00334-1,1.4749236
s_016um_00075_00253-1,1.3422899
s_016um_00372_00145-1,1.540957
s_016um_00245_00084-1,1.2665731
s_016um_00266_00329-1,1.2846689
s_016um_00404_00127-1,1.5061723
s_016um_00143_00021-1,1.1915942
s_016um_00037_00096-1,1.1253126
s_016um_00215_00017-1,1.5379043
s_016um_00417_00136-1,1.2638123
s_016um_00192_00122-1,1.2756969
s_016um_00077_00237-1,1.2889359
s_016um_00329_00214-1,1.192827
s_016um_00220_00228-1,1.1994038
s_016um_00027_00334-1,1.2800925
s_016um_00356_00294-1,1.2802486
s_016um_00373_00141-1,1.2511916
s_016um_00276_00053-1,1.2821324
s_016um_00098_00032-1,1.1430452
s_016um_00345_00214-1,1.2837129
s_016um_00130_00322-1,1.1808625
s_016um_00093_00276-1,1.2326967
s_016um_00036_00045-1,1.1695858
s_016um_00215_00294-1,1.3428538
s_016um_00285_00100-1,1.242606
s_016um_00404_00145-1,1.2442948
s_016um_00224_00334-1,1.2578355
s_016um_00083_00263-1,1.2287755
s_016um_00395_00359-1,1.2808026
s_016um_00044_00219-1,1.2239453
s_016um_00265_00059-1,1.3912553
s_016um_00116_00144-1,1.3145448
s_016um_00194_00125-1,1.336532
s_016um_00308_00056-1,1.2846187
s_016um_00008_00209-1,1.3012389
s_016um_00125_00090-1,1.2788153
s_016um_00031_00090-1,1.2416815
s_016um_00219_00014-1,1.2249514
s_016um_00415_00143-1,1.250647
s_016um_00038_00174-1,1.2589352
s_016um_00279_00328-1,1.2974272
s_016um_00227_00246-1,1.2063603
s_016um_00132_00321-1,1.5402977
s_016um_00151_00400-1,1.2542126
s_016um_00382_00139-1,1.2736219
s_016um_00162_00291-1,1.3172884
s_016um_00111_00319-1,1.2665762
s_016um_00263_00060-1,1.3797096
s_016um_00170_00375-1,1.301435
s_016um_00406_00402-1,1.9253185
s_016um_00328_00215-1,1.144103
s_016um_00080_00296-1,1.1909351
s_016um_00075_00251-1,1.1604671
s_016um_00241_00188-1,1.2539579
s_016um_00263_00333-1,1.3642519
s_016um_00017_00266-1,1.265598
s_016um_00131_00225-1,1.2564573
s_016um_00181_00028-1,1.1744874
s_016um_00217_00013-1,1.2999487
s_016um_00221_00017-1,1.1990638
s_016um_00083_00192-1,1.28093
s_016um_00079_00200-1,1.2663684
s_016um_00071_00249-1,1.2145189
s_016um_00264_00335-1,1.2921011
s_016um_00152_00401-1,1.2516841
s_016um_00275_00325-1,1.2865764
s_016um_00279_00136-1,1.2597347
s_016um_00042_00174-1,1.3678224
s_016um_00217_00228-1,1.1741729
s_016um_00164_00292-1,1.2507542
s_016um_00414_00139-1,1.2617375
s_016um_00287_00099-1,1.1765403
s_016um_00392_00291-1,1.3024119
s_016um_00105_00317-1,1.3006655
s_016um_00267_00031-1,1.2349321
s_016um_00033_00337-1,1.2073092
s_016um_00033_00006-1,1.2056522
s_016um_00146_00019-1,1.212405
s_016um_00376_00124-1,1.2898216
s_016um_00144_00056-1,1.1371336
s_016um_00041_00238-1,1.2764142
s_016um_00330_00250-1,1.219162
s_016um_00276_00135-1,1.2962984
s_016um_00387_00340-1,1.2457747
s_016um_00100_00068-1,1.2226099
s_016um_00279_00323-1,1.3985629
s_016um_00229_00246-1,1.2241359
s_016um_00307_00057-1,1.3310965
s_016um_00395_00342-1,1.3540299
s_016um_00270_00028-1,1.3134911
s_016um_00345_00212-1,1.3601949
s_016um_00394_00183-1,1.2730865
s_016um_00079_00243-1,1.2596021
s_016um_00341_00402-1,1.3097767
s_016um_00009_00215-1,1.3205409
s_016um_00414_00101-1,1.2858084
s_016um_00121_00143-1,1.4384439
s_016um_00009_00292-1,1.2398374
s_016um_00235_00260-1,1.1830345
s_016um_00082_00237-1,1.2432019
s_016um_00165_00125-1,1.434808
s_016um_00152_00400-1,1.3047713
s_016um_00102_00387-1,1.216177
s_016um_00025_00088-1,1.1458064
s_016um_00079_00251-1,1.2955537
s_016um_00216_00171-1,1.3052193
s_016um_00265_00328-1,1.1759844
s_016um_00011_00298-1,1.2655874
s_016um_00010_00301-1,1.2157875
s_016um_00276_00202-1,1.2864043
s_016um_00167_00130-1,1.2498267
s_016um_00356_00288-1,1.2885753
s_016um_00128_00094-1,1.2154415
s_016um_00094_00030-1,1.3015087
s_016um_00098_00323-1,1.1608921
s_016um_00063_00132-1,1.1136514
s_016um_00145_00401-1,1.2385083
s_016um_00387_00292-1,1.3702322
s_016um_00242_00087-1,1.1602746
s_016um_00087_00065-1,1.5006031
s_016um_00059_00242-1,1.2976398
s_016um_00326_00118-1,1.3145761
s_016um_00407_00145-1,1.2147808
s_016um_00112_00318-1,1.2859964
s_016um_00011_00294-1,1.3898306
s_016um_00370_00095-1,1.3333635
s_016um_00007_00207-1,1.2825466
s_016um_00162_00292-1,1.2107414
s_016um_00139_00020-1,1.2459282
s_016um_00384_00135-1,1.288588
s_016um_00090_00265-1,1.2072659
s_016um_00332_00255-1,1.3842893
s_016um_00270_00327-1,1.3271853
s_016um_00388_00131-1,1.2416357
s_016um_00004_00152-1,1.2171395
s_016um_00204_00149-1,1.2530754
s_016um_00196_00094-1,1.3911871
s_016um_00273_00315-1,1.3644056
s_016um_00036_00097-1,1.162813
s_016um_00036_00173-1,1.3021499
s_016um_00215_00296-1,1.2765446
s_016um_00257_00189-1,1.3124924
s_016um_00380_00133-1,1.2778693
s_016um_00129_00090-1,1.3597037
s_016um_00354_00116-1,1.307256
s_016um_00063_00233-1,1.2723604
s_016um_00234_00091-1,1.3013601
s_016um_00213_00291-1,1.2693403
s_016um_00044_00205-1,1.3572648
s_016um_00133_00315-1,1.4983547
s_016um_00034_00006-1,1.2094094
s_016um_00365_00094-1,1.2220219
s_016um_00334_00250-1,1.3147528
s_016um_00259_00130-1,1.3383863
s_016um_00253_00019-1,1.3318276
s_016um_00236_00089-1,1.3459499
s_016um_00096_00027-1,1.3535565
s_016um_00265_00130-1,1.3025606
s_016um_00330_00251-1,1.2457
s_016um_00098_00026-1,1.2932917
s_016um_00395_00368-1,1.453647
s_016um_00337_00251-1,1.2893788
s_016um_00366_00228-1,1.3284045
s_016um_00279_00049-1,1.3041006
s_016um_00276_00044-1,1.1892953
s_016um_00008_00301-1,1.225857
s_016um_00279_00322-1,1.2044877
s_016um_00096_00314-1,1.1847202
s_016um_00324_00125-1,1.239606
s_016um_00401_00216-1,1.3254259
s_016um_00223_00243-1,1.252359
s_016um_00222_00017-1,1.2861091
s_016um_00134_00320-1,1.718024
s_016um_00309_00053-1,1.2891947
s_016um_00263_00336-1,1.3465599
s_016um_00104_00392-1,1.1914043
s_016um_00364_00224-1,1.2089089
s_016um_00394_00341-1,1.2794347
s_016um_00034_00100-1,1.2755454
s_016um_00070_00230-1,1.2455117
s_016um_00396_00260-1,1.3539182
s_016um_00411_00106-1,1.1945922
s_016um_00029_00329-1,1.2749245
s_016um_00143_00019-1,1.2595887
s_016um_00326_00304-1,1.3456186
s_016um_00263_00126-1,1.2474253
s_016um_00281_00137-1,1.148715
s_016um_00370_00124-1,1.2928298
s_016um_00081_00241-1,1.2121937
s_016um_00375_00120-1,1.2556005
s_016um_00223_00237-1,1.269134
s_016um_00329_00255-1,1.2420795
s_016um_00355_00096-1,1.3183314
s_016um_00193_00093-1,1.2309651
s_016um_00349_00216-1,1.2497263
s_016um_00019_00270-1,1.3051614
s_016um_00094_00335-1,1.2403892
s_016um_00146_00402-1,1.151835
s_016um_00058_00246-1,1.421418
s_016um_00235_00264-1,1.247891
s_016um_00268_00054-1,1.2693114
s_016um_00041_00171-1,1.2445729
s_016um_00409_00104-1,1.2340429
s_016um_00400_00371-1,1.3560109
s_016um_00377_00133-1,1.2950637
s_016um_00373_00142-1,1.3351864
s_016um_00269_00058-1,1.2143623
s_016um_00149_00399-1,1.2642899
s_016um_00264_00337-1,1.3659445
s_016um_00099_00065-1,1.2301195
s_016um_00164_00127-1,1.2968795
s_016um_00272_00315-1,1.1836761
s_016um_00386_00291-1,1.2784685
s_016um_00142_00055-1,1.1861174
s_016um_00226_00247-1,1.147533
s_016um_00012_00152-1,1.1741921
s_016um_00279_00327-1,1.2908418
s_016um_00036_00333-1,1.3089544
s_016um_00044_00203-1,1.352667
s_016um_00165_00289-1,1.2969868
s_016um_00095_00274-1,1.2364817
s_016um_00276_00319-1,1.317975
s_016um_00398_00219-1,1.3911818
s_016um_00087_00036-1,1.1395776
s_016um_00130_00228-1,1.2057339
s_016um_00170_00377-1,1.2861601
s_016um_00334_00216-1,1.2627324
s_016um_00040_00173-1,1.2052466
s_016um_00282_00134-1,1.1971258
s_016um_00261_00031-1,1.2536613
s_016um_00103_00069-1,1.280981
s_016um_00372_00095-1,1.1693199
s_016um_00396_00259-1,1.1722577
s_016um_00165_00288-1,1.4873996
s_016um_00167_00122-1,1.29884
s_016um_00103_00384-1,1.3161312
s_016um_00324_00119-1,1.3001192
s_016um_00079_00279-1,1.2762023
s_016um_00404_00125-1,1.4304265
s_016um_00388_00292-1,1.2811471
s_016um_00260_00030-1,1.2879474
s_016um_00180_00031-1,1.266751
s_016um_00327_00226-1,1.350957
s_016um_00350_00023-1,1.2715331
s_016um_00203_00147-1,1.1781461
s_016um_00263_00059-1,1.2678783
s_016um_00236_00263-1,1.232852
s_016um_00228_00262-1,1.2446615
s_016um_00393_00178-1,1.3780129
s_016um_00135_00316-1,1.3365078
s_016um_00408_00149-1,1.2176133
s_016um_00395_00219-1,1.3097204
s_016um_00100_00319-1,1.3358396
s_016um_00098_00028-1,1.2522475
s_016um_00385_00134-1,1.3695369
s_016um_00373_00098-1,1.4680479
s_016um_00278_00323-1,1.2243342
s_016um_00097_00323-1,1.2580311
s_016um_00141_00074-1,1.1798413
s_016um_00021_00265-1,1.2050357
s_016um_00091_00336-1,1.1702406
s_016um_00092_00336-1,1.3495983
s_016um_00407_00126-1,1.2508297
s_016um_00392_00364-1,1.2285407
s_016um_00100_00030-1,1.1582791
s_016um_00081_00295-1,1.2852541
s_016um_00416_00143-1,1.3021755
s_016um_00328_00124-1,1.3013064
s_016um_00247_00085-1,1.2455277
s_016um_00058_00248-1,1.1405908
s_016um_00274_00203-1,1.2250198
s_016um_00082_00068-1,1.1827438
s_016um_00335_00217-1,1.2161719
s_016um_00006_00157-1,1.3044394
s_016um_00406_00122-1,1.246235
s_016um_00143_00060-1,1.1858425
s_016um_00226_00244-1,1.1696018
s_016um_00217_00276-1,1.1757324
s_016um_00233_00268-1,1.3323821
s_016um_00275_00226-1,1.2742033
s_016um_00217_00229-1,1.157036
s_016um_00256_00033-1,1.2272238
s_016um_00231_00264-1,1.3269392
s_016um_00204_00146-1,1.2857338
s_016um_00065_00124-1,1.1496471
s_016um_00394_00363-1,1.6232105
s_016um_00356_00413-1,1.5295334
s_016um_00035_00336-1,1.2140584
s_016um_00083_00270-1,1.2524511
s_016um_00389_00181-1,1.2512146
s_016um_00399_00255-1,1.337354
s_016um_00409_00151-1,1.2205046
s_016um_00079_00199-1,1.2098966
s_016um_00047_00238-1,1.1872975
s_016um_00395_00340-1,1.2908936
s_016um_00188_00093-1,1.2505342
s_016um_00233_00360-1,1.1721607
s_016um_00018_00267-1,1.224798
s_016um_00239_00182-1,1.3168585
s_016um_00214_00297-1,1.3045064
s_016um_00131_00320-1,1.4908402
s_016um_00283_00098-1,1.3069056
s_016um_00041_00046-1,1.2001361
s_016um_00229_00333-1,1.2738146
s_016um_00100_00320-1,1.242787
s_016um_00074_00241-1,1.3237724
s_016um_00145_00022-1,1.2136493
s_016um_00202_00150-1,1.3401436
s_016um_00397_00372-1,1.3613391
s_016um_00170_00124-1,1.2568134
s_016um_00221_00012-1,1.1705909
s_016um_00273_00032-1,1.3886435
s_016um_00006_00151-1,1.1809249
s_016um_00075_00245-1,1.2539141
s_016um_00080_00196-1,1.3458972
s_016um_00158_00286-1,1.2660081
s_016um_00148_00398-1,1.216684
s_016um_00268_00028-1,1.2496274
s_016um_00322_00305-1,1.3676412
s_016um_00088_00029-1,1.2433969
s_016um_00012_00210-1,1.2635101
s_016um_00212_00294-1,1.2192725
s_016um_00063_00235-1,1.2091986
s_016um_00149_00395-1,1.3213001
s_016um_00164_00129-1,1.1957556
s_016um_00377_00137-1,1.273807
s_016um_00139_00016-1,1.2705563
s_016um_00369_00120-1,1.2890118
s_016um_00267_00055-1,1.3535358
s_016um_00408_00148-1,1.227507
s_016um_00275_00321-1,1.2381407
s_016um_00362_00288-1,1.360143
s_016um_00236_00265-1,1.3339475
s_016um_00039_00209-1,1.2341502
s_016um_00282_00096-1,1.2970028
s_016um_00096_00321-1,1.3505626
s_016um_00218_00016-1,1.306707
s_016um_00414_00138-1,1.3034402
s_016um_00156_00289-1,1.2209376
s_016um_00135_00321-1,1.5724602
s_016um_00270_00225-1,1.2567954
s_016um_00401_00217-1,1.3305835
s_016um_00133_00232-1,1.1792986
s_016um_00310_00055-1,1.25994
s_016um_00079_00299-1,1.1951516
s_016um_00267_00057-1,1.5055671
s_016um_00332_00211-1,1.244759
s_016um_00243_00085-1,1.3342211
s_016um_00030_00091-1,1.1751493
s_016um_00392_00362-1,1.4681121
s_016um_00323_00224-1,1.156641
s_016um_00065_00132-1,1.1843987
s_016um_00354_00026-1,1.237505
s_016um_00325_00305-1,1.3279204
s_016um_00361_00292-1,1.2556641
s_016um_00219_00172-1,1.2446584
s_016um_00279_00051-1,1.3672339
s_016um_00408_00102-1,1.307046
s_016um_00044_00243-1,1.2560924
s_016um_00400_00262-1,1.2770628
s_016um_00267_00028-1,1.3697845
s_016um_00223_00172-1,1.3554151
s_016um_00087_00073-1,1.2581162
s_016um_00039_00171-1,1.1970139
s_016um_00136_00070-1,1.3891494
s_016um_00270_00035-1,1.2892215
s_016um_00328_00217-1,1.2622327
s_016um_00247_00020-1,1.2377692
s_016um_00269_00334-1,1.2243171
s_016um_00398_00263-1,1.3484166
s_016um_00270_00227-1,1.2120609
s_016um_00077_00251-1,1.2925241
s_016um_00335_00256-1,1.282768
s_016um_00062_00130-1,1.2607937
s_016um_00269_00226-1,1.2951382
s_016um_00362_00225-1,1.2407477
s_016um_00364_00096-1,1.2750463
s_016um_00216_00277-1,1.264911
s_016um_00093_00275-1,1.2307309
s_016um_00043_00176-1,1.2486525
s_016um_00277_00133-1,1.2223792
s_016um_00138_00072-1,1.1796155
s_016um_00130_00318-1,1.4464773
s_016um_00323_00122-1,1.3107826
s_016um_00082_00286-1,1.2142715
s_016um_00411_00101-1,1.228106
s_016um_00068_00125-1,1.2083671
s_016um_00096_00030-1,1.2977355
s_016um_00036_00101-1,1.2142736
s_016um_00273_00033-1,1.3822448
s_016um_00063_00236-1,1.3923507
s_016um_00144_00057-1,1.140799
s_016um_00375_00143-1,1.2516733
s_016um_00037_00179-1,1.3737857
s_016um_00080_00197-1,1.3252728
s_016um_00334_00399-1,1.4191877
s_016um_00378_00132-1,1.3345237
s_016um_00335_00397-1,1.224759
s_016um_00198_00125-1,1.247069
s_016um_00236_00084-1,1.2310749
s_016um_00383_00129-1,1.1695721
s_016um_00393_00185-1,1.373107
s_016um_00224_00244-1,1.2235091
s_016um_00226_00335-1,1.2618034
s_016um_00274_00208-1,1.2462873
s_016um_00082_00280-1,1.1572759
s_016um_00078_00279-1,1.2005916
s_016um_00255_00188-1,1.234891
s_016um_00395_00215-1,1.2403873
s_016um_00135_00222-1,1.3558071
s_016um_00162_00287-1,1.4068676
s_016um_00084_00072-1,1.4106596
s_016um_00079_00248-1,1.2113409
s_016um_00089_00269-1,1.3414861
s_016um_00399_00259-1,1.3877591
s_016um_00072_00249-1,1.263763
s_016um_00135_00315-1,1.526268
s_016um_00329_00302-1,1.2623507
s_016um_00396_00372-1,1.3678414
s_016um_00041_00242-1,1.2553513
s_016um_00014_00211-1,1.3347007
s_016um_00326_00302-1,1.3341501
s_016um_00058_00244-1,1.1886073
s_016um_00182_00032-1,1.2142134
s_016um_00241_00186-1,1.248443
s_016um_00204_00147-1,1.2110965
s_016um_00406_00396-1,1.581631
s_016um_00087_00072-1,1.2039409
s_016um_00218_00028-1,1.2749566
s_016um_00143_00016-1,1.2426659
s_016um_00248_00027-1,1.1769297
s_016um_00008_00210-1,1.2738137
s_016um_00408_00104-1,1.3193084
s_016um_00006_00150-1,1.1069396
s_016um_00076_00242-1,1.3069519
s_016um_00238_00092-1,1.472166
s_016um_00236_00092-1,1.430227
s_016um_00417_00143-1,1.2720006
s_016um_00042_00178-1,1.3184687
s_016um_00389_00296-1,1.224222
s_016um_00384_00127-1,1.2455838
s_016um_00272_00207-1,1.2879936
s_016um_00386_00294-1,1.2847984
s_016um_00110_00313-1,1.2213948
s_016um_00211_00294-1,1.1826231
s_016um_00057_00245-1,1.2634236
s_016um_00170_00121-1,1.1855924
s_016um_00045_00218-1,1.2766064
s_016um_00376_00134-1,1.2910088
s_016um_00040_00209-1,1.1696723
s_016um_00356_00286-1,1.2414274
s_016um_00376_00139-1,1.3152565
s_016um_00144_00061-1,1.1755868
s_016um_00394_00339-1,1.2849998
s_016um_00327_00120-1,1.2934738
s_016um_00208_00294-1,1.1751658
s_016um_00320_00164-1,1.3130889
s_016um_00354_00114-1,1.2220579
s_016um_00221_00024-1,1.2134038
s_016um_00192_00098-1,1.262376
s_016um_00337_00254-1,1.1854336
s_016um_00223_00171-1,1.2837113
s_016um_00247_00021-1,1.1656544
s_016um_00085_00067-1,1.2315581
s_016um_00054_00249-1,1.384837
s_016um_00272_00228-1,1.1972806
s_016um_00043_00042-1,1.2017006
s_016um_00289_00097-1,1.299863
s_016um_00311_00057-1,1.3714229
s_016um_00275_00224-1,1.2223276
s_016um_00141_00020-1,1.231884
s_016um_00235_00091-1,1.3304579
s_016um_00367_00145-1,1.3087885
s_016um_00418_00139-1,1.3123081
s_016um_00059_00248-1,1.1812896
s_016um_00088_00274-1,1.1951039
s_016um_00141_00075-1,1.2445672
s_016um_00224_00173-1,1.2498231
s_016um_00275_00332-1,1.1874511
s_016um_00077_00248-1,1.2269982
s_016um_00221_00281-1,1.1936313
s_016um_00332_00210-1,1.3523169
s_016um_00085_00270-1,1.2223011
s_016um_00370_00098-1,1.3193786
s_016um_00359_00090-1,1.2937915
s_016um_00410_00148-1,1.2840105
s_016um_00081_00300-1,1.1704496
s_016um_00143_00219-1,1.2890053
s_016um_00043_00174-1,1.3465452
s_016um_00219_00226-1,1.1953192
s_016um_00068_00234-1,1.3328173
s_016um_00368_00144-1,1.3086045
s_016um_00137_00219-1,1.2049371
s_016um_00114_00314-1,1.2320272
s_016um_00222_00333-1,1.1891536
s_016um_00041_00044-1,1.1429021
s_016um_00253_00030-1,1.2503619
s_016um_00100_00065-1,1.2380875
s_016um_00012_00297-1,1.224362
s_016um_00005_00158-1,1.271686
s_016um_00140_00069-1,1.2294056
s_016um_00093_00271-1,1.2360348
s_016um_00040_00172-1,1.2726481
s_016um_00220_00175-1,1.2768338
s_016um_00393_00181-1,1.3270999
s_016um_00012_00215-1,1.4649469
s_016um_00218_00279-1,1.2300507
s_016um_00286_00096-1,1.3260367
s_016um_00112_00315-1,1.2333269
s_016um_00135_00228-1,1.1892449
s_016um_00133_00087-1,1.1906818
s_016um_00059_00250-1,1.2748435
s_016um_00323_00226-1,1.2756995
s_016um_00244_00090-1,1.2378812
s_016um_00178_00027-1,1.1406548
s_016um_00342_00215-1,1.4225324
s_016um_00191_00096-1,1.2518772
s_016um_00213_00036-1,1.2372767
s_016um_00115_00149-1,1.2748303
s_016um_00393_00215-1,1.1943679
s_016um_00342_00400-1,1.3487116
s_016um_00365_00224-1,1.2869805
s_016um_00045_00242-1,1.3446215
s_016um_00318_00164-1,1.2545751
s_016um_00079_00270-1,1.2027068
s_016um_00134_00227-1,1.2473251
s_016um_00085_00199-1,1.2102767
s_016um_00128_00317-1,1.3170427
s_016um_00082_00029-1,1.281954
s_016um_00325_00170-1,1.184796
s_016um_00087_00195-1,1.3084259
s_016um_00206_00147-1,1.2339656
s_016um_00128_00228-1,1.2019603
s_016um_00328_00118-1,1.394092
s_016um_00020_00264-1,1.2196124
s_016um_00253_00025-1,1.2438025
s_016um_00103_00027-1,1.2408484
s_016um_00131_00093-1,1.1915123
s_016um_00132_00090-1,1.3284187
s_016um_00323_00225-1,1.2590883
s_016um_00283_00099-1,1.3054955
s_016um_00221_00328-1,1.2176074
s_016um_00324_00301-1,1.4066325
s_016um_00085_00194-1,1.3146936
s_016um_00407_00121-1,1.1719376
s_016um_00169_00373-1,1.3053857
s_016um_00324_00170-1,1.2507404
s_016um_00322_00303-1,1.2093291
s_016um_00170_00379-1,1.2291496
s_016um_00394_00218-1,1.289805
s_016um_00221_00174-1,1.2392881
s_016um_00340_00217-1,1.2293442
s_016um_00223_00031-1,1.2457658
s_016um_00140_00061-1,1.2849857
s_016um_00378_00133-1,1.1829313
s_016um_00029_00337-1,1.2172285
s_016um_00215_00289-1,1.2782415
s_016um_00089_00070-1,1.1486769
s_016um_00078_00296-1,1.2791988
s_016um_00013_00209-1,1.2002407
s_016um_00357_00292-1,1.3188525
s_016um_00130_00094-1,1.169644
s_016um_00401_00367-1,1.2518772
s_016um_00216_00276-1,1.2964574
s_016um_00135_00071-1,1.212398
s_016um_00269_00062-1,1.191298
s_016um_00309_00055-1,1.265004
s_016um_00269_00328-1,1.3327162
s_016um_00235_00085-1,1.2853951
s_016um_00201_00146-1,1.2266345
s_016um_00400_00125-1,1.3598174
s_016um_00043_00173-1,1.183032
s_016um_00136_00229-1,1.2754358
s_016um_00217_00226-1,1.1740798
s_016um_00081_00239-1,1.2218964
s_016um_00413_00136-1,1.2831141
s_016um_00079_00293-1,1.1265392
s_016um_00273_00044-1,1.3170776
s_016um_00359_00289-1,1.2620603
s_016um_00151_00398-1,1.1859254
s_016um_00218_00170-1,1.3054655
s_016um_00223_00024-1,1.5205604
s_016um_00043_00239-1,1.1794082
s_016um_00271_00036-1,1.2238467
s_016um_00404_00261-1,1.4124231
s_016um_00035_00102-1,1.2943937
s_016um_00078_00280-1,1.2506006
s_016um_00276_00323-1,1.2280855
s_016um_00266_00336-1,1.1979786
s_016um_00369_00119-1,1.3670539
s_016um_00252_00020-1,1.3399315
s_016um_00356_00022-1,1.3126727
s_016um_00396_00185-1,1.2618601
s_016um_00071_00245-1,1.1574857
s_016um_00222_00028-1,1.4380305
s_016um_00410_00100-1,1.2996982
s_016um_00360_00417-1,1.768744
s_016um_00075_00252-1,1.5270183
s_016um_00223_00225-1,1.2122598
s_016um_00331_00256-1,1.3322395
s_016um_00348_00215-1,1.2590728
s_016um_00281_00132-1,1.2111653
s_016um_00071_00247-1,1.3035567
s_016um_00078_00249-1,1.2853763
s_016um_00070_00238-1,1.187514
s_016um_00093_00279-1,1.1805006
s_016um_00219_00229-1,1.1845539
s_016um_00403_00129-1,1.3392966
s_016um_00389_00340-1,1.350072
s_016um_00041_00043-1,1.2979692
s_016um_00020_00271-1,1.2112616
s_016um_00395_00180-1,1.2307544
s_016um_00395_00358-1,1.2885848
s_016um_00085_00030-1,1.1329648
s_016um_00044_00210-1,1.2716078
s_016um_00200_00153-1,1.3311775
s_016um_00373_00122-1,1.2134975
s_016um_00363_00222-1,1.3156252
s_016um_00191_00098-1,1.2703273
s_016um_00080_00270-1,1.2099454
s_016um_00272_00206-1,1.2508873
s_016um_00150_00399-1,1.2849476
s_016um_00093_00277-1,1.1861472
s_016um_00158_00287-1,1.4136314
s_016um_00166_00376-1,1.1830667
s_016um_00379_00135-1,1.3620371
s_016um_00403_00258-1,1.2785827
s_016um_00081_00299-1,1.2478933
s_016um_00013_00211-1,1.3405476
s_016um_00085_00034-1,1.2884055
s_016um_00405_00126-1,1.4776518
s_016um_00163_00125-1,1.274246
s_016um_00361_00293-1,1.2927079
s_016um_00229_00244-1,1.1689532
s_016um_00393_00359-1,1.2301096
s_016um_00271_00033-1,1.2564874
s_016um_00320_00225-1,1.3425934
s_016um_00102_00386-1,1.3674706
s_016um_00032_00087-1,1.2179247
s_016um_00357_00288-1,1.2084677
s_016um_00333_00218-1,1.2659742
s_016um_00390_00179-1,1.2440503
s_016um_00394_00372-1,1.2552416
s_016um_00012_00211-1,1.3581613
s_016um_00180_00029-1,1.1716123
s_016um_00164_00123-1,1.2738774
s_016um_00095_00322-1,1.167459
s_016um_00026_00088-1,1.1890748
s_016um_00165_00121-1,1.2313813
s_016um_00360_00413-1,1.4202474
s_016um_00400_00263-1,1.3424295
s_016um_00274_00332-1,1.2494385
s_016um_00264_00131-1,1.3232932
s_016um_00044_00239-1,1.2419096
s_016um_00008_00215-1,1.3084203
s_016um_00049_00238-1,1.1501015
s_016um_00376_00136-1,1.2635394
s_016um_00109_00320-1,1.3573054
s_016um_00396_00370-1,1.2870557
s_016um_00387_00342-1,1.1855916
s_016um_00141_00019-1,1.366042
s_016um_00390_00183-1,1.2461458
s_016um_00202_00146-1,1.3264904
s_016um_00393_00358-1,2.061983
s_016um_00086_00069-1,1.2031177
s_016um_00216_00016-1,1.2521096
s_016um_00138_00214-1,1.2581072
s_016um_00241_00184-1,1.2646729
s_016um_00386_00130-1,1.2169963
s_016um_00220_00024-1,1.254573
s_016um_00094_00320-1,1.2213424
s_016um_00093_00342-1,1.2004912
s_016um_00373_00119-1,1.3357952
s_016um_00407_00101-1,1.3277457
s_016um_00278_00047-1,1.2091768
s_016um_00215_00030-1,1.330097
s_016um_00015_00211-1,1.3349004
s_016um_00135_00319-1,1.3793937
s_016um_00221_00334-1,1.1801641
s_016um_00274_00324-1,1.2736341
s_016um_00271_00056-1,1.2329682
s_016um_00137_00072-1,1.1737403
s_016um_00035_00045-1,1.1215639
s_016um_00108_00385-1,1.4273036
s_016um_00010_00150-1,1.1686234
s_016um_00194_00097-1,1.3123888
s_016um_00409_00399-1,1.7820513
s_016um_00041_00241-1,1.3621441
s_016um_00278_00133-1,1.3032215
s_016um_00108_00318-1,1.4329312
s_016um_00210_00295-1,1.1966921
s_016um_00173_00372-1,1.1749698
s_016um_00138_00223-1,1.2224622
s_016um_00093_00273-1,1.1803274
s_016um_00018_00269-1,1.2483032
s_016um_00039_00041-1,1.233656
s_016um_00134_00317-1,1.4717021
s_016um_00111_00321-1,1.4986432
s_016um_00065_00128-1,1.1889298
s_016um_00216_00035-1,1.2679712
s_016um_00094_00274-1,1.1996739
s_016um_00415_00142-1,1.2206321
s_016um_00170_00369-1,1.3126712
s_016um_00138_00015-1,1.308048
s_016um_00403_00395-1,1.9907687
s_016um_00080_00241-1,1.2103311
s_016um_00266_00333-1,1.2811502
s_016um_00230_00249-1,1.2548153
s_016um_00081_00268-1,1.2626129
s_016um_00331_00216-1,1.3256485
s_016um_00400_00370-1,1.2806978
s_016um_00131_00317-1,1.3179392
s_016um_00125_00385-1,1.3751309
s_016um_00356_00093-1,1.2085699
s_016um_00323_00165-1,1.248019
s_016um_00268_00030-1,1.3468412
s_016um_00267_00032-1,1.2054304
s_016um_00132_00224-1,1.1964191
s_016um_00392_00296-1,1.4187115
s_016um_00133_00219-1,1.2979027
s_016um_00034_00088-1,1.1871334
s_016um_00223_00238-1,1.2121583
s_016um_00378_00136-1,1.2271045
s_016um_00128_00226-1,1.2436267
s_016um_00108_00387-1,1.2271745
s_016um_00393_00214-1,1.3231045
s_016um_00080_00266-1,1.2016739
s_016um_00263_00136-1,1.373114
s_016um_00141_00057-1,1.2331226
s_016um_00095_00316-1,1.2914548
s_016um_00040_00211-1,1.317188
s_016um_00275_00322-1,1.314283
s_016um_00046_00207-1,1.2009481
s_016um_00092_00340-1,1.3420035
s_016um_00090_00266-1,1.2522391
s_016um_00181_00030-1,1.1547225
s_016um_00042_00245-1,1.235236
s_016um_00408_00097-1,1.2155496
s_016um_00418_00137-1,1.2331319
s_016um_00132_00314-1,1.4515934
s_016um_00365_00101-1,1.2525848
s_016um_00266_00032-1,1.173878
s_016um_00083_00201-1,1.2141774
s_016um_00231_00358-1,1.2342728
s_016um_00227_00235-1,1.2396305
s_016um_00008_00296-1,1.1824303
s_016um_00241_00185-1,1.16671
s_016um_00081_00293-1,1.1910121
s_016um_00170_00122-1,1.2012393
s_016um_00349_00021-1,1.2749935
s_016um_00011_00152-1,1.1893207
s_016um_00404_00403-1,1.9970568
s_016um_00099_00025-1,1.3515676
s_016um_00127_00094-1,1.3699661
s_016um_00395_00214-1,1.2523916
s_016um_00009_00151-1,1.1615072
s_016um_00195_00124-1,1.2881882
s_016um_00275_00047-1,1.2024536
s_016um_00386_00292-1,1.2410382
s_016um_00241_00084-1,1.3527743
s_016um_00328_00120-1,1.2911355
s_016um_00210_00028-1,1.2408309
s_016um_00228_00232-1,1.4119129
s_016um_00394_00179-1,1.3961272
s_016um_00210_00034-1,1.2810322
s_016um_00356_00118-1,1.2699125
s_016um_00251_00025-1,1.266355
s_016um_00205_00150-1,1.2450608
s_016um_00026_00091-1,1.2871611
s_016um_00140_00218-1,1.2209145
s_016um_00375_00121-1,1.2463313
s_016um_00040_00203-1,1.3046324
s_016um_00280_00202-1,1.1708829
s_016um_00338_00402-1,1.2084857
s_016um_00369_00121-1,1.4466286
s_016um_00351_00021-1,1.3725942
s_016um_00083_00286-1,1.1330504
s_016um_00082_00278-1,1.2051259
s_016um_00167_00371-1,1.1973895
s_016um_00252_00022-1,1.2914994
s_016um_00078_00238-1,1.2389282
s_016um_00400_00212-1,1.3669707
s_016um_00403_00398-1,1.8505405
s_016um_00134_00221-1,1.3274223
s_016um_00079_00240-1,1.1709135
s_016um_00401_00257-1,1.300773
s_016um_00314_00059-1,1.253081
s_016um_00025_00087-1,1.1728544
s_016um_00335_00402-1,1.4399444
s_016um_00388_00339-1,1.3168256
s_016um_00273_00134-1,1.2000973
s_016um_00392_00216-1,1.3000038
s_016um_00395_00178-1,1.3378311
s_016um_00157_00288-1,1.3324271
s_016um_00087_00066-1,1.1916326
s_016um_00384_00133-1,1.3071617
s_016um_00082_00267-1,1.2516422
s_016um_00232_00356-1,1.3006698
s_016um_00355_00293-1,1.2750766
s_016um_00041_00009-1,1.1242902
s_016um_00145_00017-1,1.2163663
s_016um_00144_00020-1,1.1825858
s_016um_00381_00136-1,1.2201692
s_016um_00078_00251-1,1.2227894
s_016um_00104_00067-1,1.238484
s_016um_00290_00096-1,1.3530556
s_016um_00221_00172-1,1.2933075
s_016um_00247_00025-1,1.2525318
s_016um_00083_00202-1,1.2223485
s_016um_00190_00091-1,1.2271191
s_016um_00220_00227-1,1.174841
s_016um_00326_00126-1,1.395596
s_016um_00091_00269-1,1.1915377
s_016um_00375_00125-1,1.3137319
s_016um_00312_00058-1,1.2200112
s_016um_00225_00232-1,1.1799655
s_016um_00066_00236-1,1.3427907
s_016um_00229_00262-1,1.2729785
s_016um_00111_00315-1,1.2764075
s_016um_00193_00090-1,1.2413257
s_016um_00061_00248-1,1.2037643
s_016um_00082_00199-1,1.3147799
s_016um_00046_00245-1,1.2746565
s_016um_00047_00217-1,1.2179977
s_016um_00091_00342-1,1.3118547
s_016um_00265_00127-1,1.2689453
s_016um_00127_00086-1,1.2643229
s_016um_00245_00089-1,1.2754918
s_016um_00058_00250-1,1.3297445
s_016um_00101_00025-1,1.2703424
s_016um_00221_00225-1,1.1886501
s_016um_00271_00328-1,1.3702126
s_016um_00395_00339-1,1.335744
s_016um_00131_00382-1,1.2864563
s_016um_00264_00331-1,1.2000995
s_016um_00331_00258-1,1.3110317
s_016um_00095_00338-1,1.1838896
s_016um_00139_00060-1,1.2407876
s_016um_00409_00150-1,1.2723291
s_016um_00393_00296-1,1.3278605
s_016um_00325_00304-1,1.3872995
s_016um_00286_00097-1,1.3388466
s_016um_00078_00240-1,1.1901486
s_016um_00130_00227-1,1.1514195
s_016um_00013_00294-1,1.2026998
s_016um_00404_00146-1,1.1954474
s_016um_00356_00120-1,1.2767506
s_016um_00036_00098-1,1.3085507
s_016um_00066_00231-1,1.1868224
s_016um_00234_00087-1,1.2951511
s_016um_00099_00029-1,1.2792907
s_016um_00238_00183-1,1.2740066
s_016um_00042_00217-1,1.1690384
s_016um_00366_00221-1,1.2075418
s_016um_00191_00123-1,1.3234484
s_016um_00197_00125-1,1.2036598
s_016um_00397_00367-1,1.3377126
s_016um_00063_00131-1,1.1947571
s_016um_00141_00061-1,1.1538408
s_016um_00213_00032-1,1.2316551
s_016um_00041_00218-1,1.1630731
s_016um_00076_00240-1,1.2268378
s_016um_00206_00151-1,1.2109785
s_016um_00274_00328-1,1.4996566
s_016um_00121_00148-1,1.2811412
s_016um_00396_00214-1,1.1965189
s_016um_00276_00204-1,1.2868608
s_016um_00417_00142-1,1.2719041
s_016um_00172_00377-1,1.1888394
s_016um_00328_00299-1,1.3236824
s_016um_00356_00287-1,1.2754297
s_016um_00013_00300-1,1.2866441
s_016um_00127_00092-1,1.2329993
s_016um_00278_00322-1,1.2002681
s_016um_00264_00060-1,1.4329588
s_016um_00109_00313-1,1.2533108
s_016um_00039_00105-1,1.106842
s_016um_00088_00272-1,1.2319937
s_016um_00414_00137-1,1.2081199
s_016um_00401_00397-1,1.8265033
s_016um_00042_00043-1,1.1794078
s_016um_00268_00331-1,1.2513989
s_016um_00110_00321-1,1.5015968
s_016um_00009_00302-1,1.2583016
s_016um_00230_00245-1,1.1926427
s_016um_00222_00012-1,1.2359619
s_016um_00130_00091-1,1.2507339
s_016um_00363_00225-1,1.2355978
s_016um_00352_00093-1,1.2316552
s_016um_00097_00278-1,1.2474595
s_016um_00076_00244-1,1.1492716
s_016um_00281_00314-1,1.2216371
s_016um_00261_00186-1,1.2829351
s_016um_00307_00052-1,1.3542567
s_016um_00087_00197-1,1.1806215
s_016um_00086_00028-1,1.2843152
s_016um_00044_00178-1,1.329705
s_016um_00402_00147-1,1.1509002
s_016um_00061_00243-1,1.2329671
s_016um_00347_00217-1,1.2281886
s_016um_00212_00296-1,1.2712467
s_016um_00310_00061-1,1.3579371
s_016um_00209_00291-1,1.2457948
s_016um_00371_00117-1,1.3363008
s_016um_00261_00027-1,1.2151678
s_016um_00034_00099-1,1.2433256
s_016um_00368_00121-1,1.3007131
s_016um_00340_00214-1,1.2007735
s_016um_00081_00281-1,1.2745723
s_016um_00411_00104-1,1.3464838
s_016um_00078_00300-1,1.1870623
s_016um_00088_00273-1,1.2668263
s_016um_00145_00060-1,1.1437972
s_016um_00272_00205-1,1.3259809
s_016um_00334_00257-1,1.345328
s_016um_00332_00251-1,1.3518045
s_016um_00278_00321-1,1.2781821
s_016um_00350_00021-1,1.3519362
s_016um_00189_00128-1,1.2805297
s_016um_00130_00319-1,1.7745581
s_016um_00190_00121-1,1.4001192
s_016um_00167_00370-1,1.2777945
s_016um_00234_00088-1,1.3107804
s_016um_00203_00152-1,1.3006506
s_016um_00343_00216-1,1.3094206
s_016um_00282_00326-1,1.217793
s_016um_00266_00060-1,1.4122591
s_016um_00011_00208-1,1.3399546
s_016um_00280_00138-1,1.2634088
s_016um_00234_00268-1,1.0772111
s_016um_00403_00402-1,2.0689344
s_016um_00164_00287-1,1.3887186
s_016um_00134_00229-1,1.2729232
s_016um_00213_00033-1,1.4107218
s_016um_00232_00264-1,1.2179562
s_016um_00240_00090-1,1.1945608
s_016um_00142_00216-1,1.2441545
s_016um_00134_00217-1,1.2007705
s_016um_00341_00213-1,1.2733158
s_016um_00236_00185-1,1.2650294
s_016um_00221_00279-1,1.1900507
s_016um_00321_00164-1,1.2112396
s_016um_00272_00329-1,1.2791831
s_016um_00414_00097-1,1.1776869
s_016um_00357_00119-1,1.2666004
s_016um_00259_00026-1,1.2075487
s_016um_00145_00397-1,1.3046921
s_016um_00144_00059-1,1.0840876
s_016um_00358_00287-1,1.2236472
s_016um_00092_00270-1,1.1980346
s_016um_00366_00230-1,1.2376262
s_016um_00358_00409-1,1.4406066
s_016um_00078_00246-1,1.2867876
s_016um_00237_00355-1,1.2435044
s_016um_00047_00212-1,1.3081803
s_016um_00040_00216-1,1.2253107
s_016um_00335_00252-1,1.2917517
s_016um_00037_00176-1,1.2680464
s_016um_00079_00195-1,1.305245
s_016um_00217_00169-1,1.36049
s_016um_00096_00279-1,1.2109381
s_016um_00007_00213-1,1.1917485
s_016um_00335_00399-1,1.6571633
s_016um_00237_00361-1,1.2395861
s_016um_00395_00370-1,1.2465531
s_016um_00092_00337-1,1.275318
s_016um_00087_00070-1,1.1679688
s_016um_00039_00010-1,1.2130984
s_016um_00217_00171-1,1.3617266
s_016um_00009_00153-1,1.1739252
s_016um_00216_00010-1,1.2534512
s_016um_00136_00216-1,1.2732866
s_016um_00017_00265-1,1.2513622
s_016um_00098_00067-1,1.2598951
s_016um_00343_00217-1,1.2886382
s_016um_00022_00268-1,1.1977714
s_016um_00018_00273-1,1.2084106
s_016um_00242_00089-1,1.334429
s_016um_00383_00132-1,1.2538767
s_016um_00222_00328-1,1.297119
s_016um_00349_00023-1,1.2859644
s_016um_00091_00277-1,1.1901819
s_016um_00135_00074-1,1.2539802
s_016um_00413_00097-1,1.2242851
s_016um_00086_00200-1,1.2559067
s_016um_00250_00020-1,1.2924867
s_016um_00218_00166-1,1.3438052
s_016um_00367_00225-1,1.2285038
s_016um_00209_00295-1,1.186093
s_016um_00090_00335-1,1.2821199
s_016um_00219_00173-1,1.1780432
s_016um_00077_00297-1,1.2339307
s_016um_00379_00140-1,1.342267
s_016um_00041_00045-1,1.1802149
s_016um_00392_00361-1,1.4426852
s_016um_00391_00365-1,1.2045461
s_016um_00258_00029-1,1.3807019
s_016um_00145_00016-1,1.1477889
s_016um_00356_00411-1,1.395867
s_016um_00331_00214-1,1.1386856
s_016um_00085_00196-1,1.2703472
s_016um_00038_00176-1,1.2628483
s_016um_00090_00275-1,1.2042361
s_016um_00409_00097-1,1.2124809
s_016um_00405_00401-1,1.9891403
s_016um_00402_00125-1,1.3136431
s_016um_00221_00237-1,1.2523632
s_016um_00083_00280-1,1.2899815
s_016um_00104_00073-1,1.2040482
s_016um_00267_00061-1,1.273668
s_016um_00359_00115-1,1.2998126
s_016um_00094_00277-1,1.1681082
s_016um_00079_00298-1,1.2076629
s_016um_00082_00028-1,1.22955
s_016um_00262_00336-1,1.263717
s_016um_00215_00031-1,1.2864662
s_016um_00259_00131-1,1.2618194
s_016um_00279_00324-1,1.2843622
s_016um_00397_00362-1,1.3110125
s_016um_00259_00030-1,1.300851
s_016um_00291_00096-1,1.2936183
s_016um_00142_00057-1,1.2826322
s_016um_00353_00119-1,1.2261579
s_016um_00205_00145-1,1.278374
s_016um_00375_00119-1,1.4056576
s_016um_00086_00065-1,1.3274126
s_016um_00114_00317-1,1.1197625
s_016um_00083_00282-1,1.2014492
s_016um_00079_00244-1,1.2283508
s_016um_00093_00337-1,1.2996505
s_016um_00281_00135-1,1.1957006
s_016um_00216_00280-1,1.1591517
s_016um_00163_00289-1,1.2812986
s_016um_00358_00121-1,1.211829
s_016um_00277_00203-1,1.2158716
s_016um_00340_00401-1,1.2620037
s_016um_00064_00125-1,1.1658368
s_016um_00096_00069-1,1.2402873
s_016um_00010_00297-1,1.2810776
s_016um_00324_00168-1,1.1698827
s_016um_00291_00099-1,1.2460139
s_016um_00402_00261-1,1.2583233
s_016um_00068_00129-1,1.1684915
s_016um_00037_00106-1,1.2884578
s_016um_00329_00215-1,1.4600666
s_016um_00394_00361-1,1.145548
s_016um_00398_00373-1,1.4216547
s_016um_00102_00027-1,1.3854501
s_016um_00400_00122-1,1.3161241
s_016um_00402_00120-1,1.2479063
s_016um_00043_00204-1,1.2157897
s_016um_00062_00246-1,1.1688049
s_016um_00278_00315-1,1.3993388
s_016um_00367_00226-1,1.2802153
s_016um_00182_00029-1,1.2137959
s_016um_00132_00087-1,1.2429382
s_016um_00135_00226-1,1.1658041
s_016um_00325_00306-1,1.2571167
s_016um_00077_00243-1,1.2124633
s_016um_00332_00254-1,1.4145757
s_016um_00275_00136-1,1.3551514
s_016um_00272_00034-1,1.327121
s_016um_00214_00030-1,1.2176651
s_016um_00160_00293-1,1.2416811
s_016um_00135_00230-1,1.1526331
s_016um_00039_00046-1,1.1273355
s_016um_00236_00354-1,1.3105177
s_016um_00134_00314-1,1.7633998
s_016um_00105_00072-1,1.2442702
s_016um_00227_00245-1,1.1866572
s_016um_00129_00389-1,1.3006529
s_016um_00409_00099-1,1.2414547
s_016um_00205_00146-1,1.3207271
s_016um_00034_00004-1,1.2851775
s_016um_00031_00336-1,1.182405
s_016um_00222_00235-1,1.2824647
s_016um_00406_00395-1,1.6881049
s_016um_00129_00095-1,1.3667183
s_016um_00144_00018-1,1.2900649
s_016um_00393_00298-1,1.3588423
s_016um_00389_00291-1,1.2344486
s_016um_00186_00029-1,1.2458477
s_016um_00400_00369-1,1.3151716
s_016um_00221_00238-1,1.2150743
s_016um_00232_00269-1,1.2847992
s_016um_00265_00337-1,1.2365314
s_016um_00082_00296-1,1.1912422
s_016um_00140_00223-1,1.2834499
s_016um_00334_00217-1,1.2343203
s_016um_00128_00315-1,1.2907065
s_016um_00197_00122-1,1.3245384
s_016um_00333_00259-1,1.3975484
s_016um_00407_00124-1,1.186166
s_016um_00042_00172-1,1.2649562
s_016um_00394_00365-1,1.3140361
s_016um_00184_00027-1,1.166341
s_016um_00007_00154-1,1.2558157
s_016um_00183_00032-1,1.2213987
s_016um_00069_00126-1,1.2753093
s_016um_00329_00212-1,1.1926677
s_016um_00082_00072-1,1.1861241
s_016um_00191_00126-1,1.3312194
s_016um_00178_00033-1,1.2217224
s_016um_00222_00236-1,1.2828181
s_016um_00178_00030-1,1.1673554
s_016um_00124_00385-1,1.4015632
s_016um_00097_00321-1,1.3269423
s_016um_00222_00246-1,1.1390816
s_016um_00324_00305-1,1.3098487
s_016um_00287_00096-1,1.3287951
s_016um_00256_00188-1,1.3243082
s_016um_00313_00057-1,1.2469856
s_016um_00407_00152-1,1.2410537
s_016um_00172_00375-1,1.3097557
s_016um_00265_00128-1,1.2668238
s_016um_00076_00293-1,1.2893271
s_016um_00138_00075-1,1.1472528
s_016um_00230_00264-1,1.1790059
s_016um_00223_00333-1,1.1950911
s_016um_00335_00253-1,1.2788355
s_016um_00254_00030-1,1.2331269
s_016um_00163_00122-1,1.2868032
s_016um_00193_00091-1,1.2478627
s_016um_00262_00335-1,1.2954302
s_016um_00007_00152-1,1.2169521
s_016um_00140_00017-1,1.2085896
s_016um_00325_00224-1,1.1802056
s_016um_00306_00054-1,1.3208
s_016um_00261_00330-1,1.2753941
s_016um_00388_00299-1,1.2850827
s_016um_00223_00226-1,1.3063455
s_016um_00124_00387-1,1.2935106
s_016um_00085_00193-1,1.3233027
s_016um_00357_00416-1,1.7633375
s_016um_00222_00227-1,1.2639923
s_016um_00077_00295-1,1.2316726
s_016um_00218_00228-1,1.2524196
s_016um_00274_00313-1,1.2654136
s_016um_00091_00335-1,1.1406152
s_016um_00271_00329-1,1.3104143
s_016um_00391_00340-1,1.2480557
s_016um_00391_00362-1,1.2428756
s_016um_00322_00166-1,1.2561228
s_016um_00393_00370-1,1.2045628
s_016um_00361_00417-1,1.654342
s_016um_00213_00283-1,1.2692546
s_016um_00162_00289-1,1.276983
s_016um_00131_00385-1,1.3037643
s_016um_00077_00239-1,1.1828135
s_016um_00031_00091-1,1.2079587
s_016um_00342_00398-1,1.3062844
s_016um_00091_00271-1,1.2167265
s_016um_00277_00135-1,1.2846593
s_016um_00394_00182-1,1.295354
s_016um_00353_00096-1,1.2660873
s_016um_00313_00053-1,1.2731515
s_016um_00031_00333-1,1.1832057
s_016um_00404_00256-1,1.2235353
s_016um_00007_00296-1,1.2463001
s_016um_00269_00229-1,1.1956019
s_016um_00324_00231-1,1.2599715
s_016um_00033_00101-1,1.2770026
s_016um_00043_00048-1,1.2092277
s_016um_00029_00089-1,1.2057694
s_016um_00264_00129-1,1.2038667
s_016um_00074_00243-1,1.2419645
s_016um_00096_00025-1,1.252872
s_016um_00218_00011-1,1.2265134
s_016um_00401_00366-1,1.2719816
s_016um_00260_00026-1,1.2931129
s_016um_00084_00199-1,1.2226369
s_016um_00208_00295-1,1.1928304
s_016um_00195_00121-1,1.2384275
s_016um_00238_00089-1,1.453305
s_016um_00392_00295-1,1.2435211
s_016um_00180_00027-1,1.2096928
s_016um_00380_00138-1,1.2397878
s_016um_00190_00097-1,1.2047642
s_016um_00042_00238-1,1.3153923
s_016um_00333_00211-1,1.1602567
s_016um_00237_00189-1,1.2641845
s_016um_00274_00227-1,1.236196
s_016um_00099_00318-1,1.311953
s_016um_00134_00222-1,1.2098416
s_016um_00405_00150-1,1.2283177
s_016um_00402_00262-1,1.3018434
s_016um_00236_00261-1,1.3495731
s_016um_00356_00024-1,1.3132356
s_016um_00140_00016-1,1.298748
s_016um_00116_00143-1,1.4546422
s_016um_00399_00260-1,1.3567965
s_016um_00238_00361-1,1.2454773
s_016um_00214_00012-1,1.1858582
s_016um_00276_00134-1,1.2748307
s_016um_00049_00243-1,1.2387342
s_016um_00222_00225-1,1.2579291
s_016um_00031_00330-1,1.2330832
s_016um_00321_00306-1,1.2218152
s_016um_00400_00217-1,1.2660412
s_016um_00082_00200-1,1.225347
s_016um_00134_00216-1,1.2000754
s_016um_00137_00075-1,1.0780146
s_016um_00079_00242-1,1.2480766
s_016um_00357_00410-1,1.3972913
s_016um_00194_00123-1,1.1739937
s_016um_00359_00286-1,1.3325579
s_016um_00233_00260-1,1.2181637
s_016um_00279_00317-1,1.2752932
s_016um_00170_00123-1,1.2552465
s_016um_00290_00094-1,1.474771
s_016um_00056_00250-1,1.2317104
s_016um_00268_00057-1,1.3957665
s_016um_00400_00401-1,2.0963879
s_016um_00414_00099-1,1.3742841
s_016um_00354_00117-1,1.2517053
s_016um_00396_00216-1,1.2599096
s_016um_00274_00326-1,1.1660988
s_016um_00224_00246-1,1.3272971
s_016um_00371_00119-1,1.2446483
s_016um_00413_00142-1,1.3181132
s_016um_00234_00356-1,1.2426581
s_016um_00336_00258-1,1.3006576
s_016um_00254_00025-1,1.2138453
s_016um_00230_00266-1,1.2678604
s_016um_00101_00065-1,1.3238953
s_016um_00221_00018-1,1.2892784
s_016um_00220_00031-1,1.1947001
s_016um_00131_00232-1,1.1761906
s_016um_00398_00181-1,1.2730483
s_016um_00131_00227-1,1.1740625
s_016um_00322_00227-1,1.2613493
s_016um_00416_00141-1,1.2939351
s_016um_00214_00290-1,1.2443936
s_016um_00096_00275-1,1.1870459
s_016um_00110_00314-1,1.195215
s_016um_00353_00018-1,1.1467608
s_016um_00400_00396-1,1.888664
s_016um_00064_00238-1,1.2396231
s_016um_00093_00278-1,1.1778725
s_016um_00083_00271-1,1.2199696
s_016um_00203_00153-1,1.289685
s_016um_00277_00046-1,1.1998699
s_016um_00040_00047-1,1.2369173
s_016um_00234_00360-1,1.2476932
s_016um_00229_00266-1,1.2350858
s_016um_00279_00207-1,1.241694
s_016um_00400_00218-1,1.245999
s_016um_00150_00395-1,1.4013919
s_016um_00387_00127-1,1.4565728
s_016um_00391_00363-1,1.3015821
s_016um_00375_00124-1,1.2895416
s_016um_00210_00294-1,1.2458963
s_016um_00169_00126-1,1.2991245
s_016um_00224_00249-1,1.1412414
s_016um_00006_00214-1,1.211063
s_016um_00307_00058-1,1.3373609
s_016um_00269_00032-1,1.2977474
s_016um_00261_00336-1,1.3189856
s_016um_00354_00414-1,1.7158949
s_016um_00352_00120-1,1.2617818
s_016um_00258_00186-1,1.3189831
s_016um_00027_00332-1,1.3410256
s_016um_00067_00231-1,1.2044915
s_016um_00362_00291-1,1.3105781
s_016um_00382_00129-1,1.2668118
s_016um_00318_00165-1,1.2622772
s_016um_00386_00134-1,1.3654492
s_016um_00264_00191-1,1.1645336
s_016um_00361_00412-1,1.8529257
s_016um_00096_00029-1,1.397412
s_016um_00213_00027-1,1.2427348
s_016um_00258_00189-1,1.2873818
s_016um_00392_00298-1,1.4729786
s_016um_00361_00411-1,1.6026509
s_016um_00266_00334-1,1.2490094
s_016um_00368_00100-1,1.2774676
s_016um_00353_00290-1,1.4267242
s_016um_00344_00213-1,1.3081311
s_016um_00369_00100-1,1.3115252
s_016um_00079_00196-1,1.3825697
s_016um_00388_00133-1,1.2165955
s_016um_00357_00290-1,1.4179916
s_016um_00370_00119-1,1.37804
s_016um_00148_00395-1,1.2778457
s_016um_00372_00119-1,1.3415643
s_016um_00193_00098-1,1.1935586
s_016um_00168_00122-1,1.1605933
s_016um_00107_00314-1,1.2172679
s_016um_00244_00085-1,1.2588426
s_016um_00101_00031-1,1.2232997
s_016um_00035_00332-1,1.2362912
s_016um_00134_00072-1,1.1375362
s_016um_00243_00089-1,1.2885969
s_016um_00353_00019-1,1.3040376
s_016um_00194_00092-1,1.1290562
s_016um_00263_00334-1,1.4049782
s_016um_00410_00101-1,1.2678167
s_016um_00084_00067-1,1.2263522
s_016um_00146_00397-1,1.2264152
s_016um_00132_00320-1,1.4224548
s_016um_00233_00089-1,1.291024
s_016um_00042_00205-1,1.3259014
s_016um_00262_00331-1,1.2262666
s_016um_00043_00045-1,1.1869241
s_016um_00220_00235-1,1.3387319
s_016um_00330_00123-1,1.2038751
s_016um_00222_00238-1,1.2228115
s_016um_00013_00215-1,1.2749254
s_016um_00222_00032-1,1.3025905
s_016um_00041_00173-1,1.2543995
s_016um_00140_00055-1,1.2568446
s_016um_00254_00031-1,1.2887394
s_016um_00064_00230-1,1.2656304
s_016um_00333_00255-1,1.3284539
s_016um_00401_00263-1,1.2195718
s_016um_00390_00184-1,1.3238281
s_016um_00385_00133-1,1.320274
s_016um_00273_00049-1,1.3844832
s_016um_00082_00070-1,1.2288359
s_016um_00269_00055-1,1.4521484
s_016um_00271_00227-1,1.2377363
s_016um_00322_00226-1,1.243374
s_016um_00333_00257-1,1.2478974
s_016um_00255_00031-1,1.266349
s_016um_00389_00293-1,1.3433082
s_016um_00012_00207-1,1.2308964
s_016um_00044_00241-1,1.2824658
s_016um_00327_00298-1,1.2482098
s_016um_00027_00090-1,1.2086949
s_016um_00248_00023-1,1.3245178
s_016um_00094_00275-1,1.2585338
s_016um_00098_00316-1,1.2534168
s_016um_00087_00031-1,1.1953788
s_016um_00194_00090-1,1.2435236
s_016um_00203_00154-1,1.2448963
s_016um_00362_00413-1,1.9166539
s_016um_00196_00126-1,1.2087594
s_016um_00357_00092-1,1.3323373
s_016um_00228_00327-1,1.2076614
s_016um_00168_00377-1,1.310393
s_016um_00088_00271-1,1.1865832
s_016um_00413_00139-1,1.2815582
s_016um_00092_00319-1,1.197031
s_016um_00067_00233-1,1.1929507
s_016um_00188_00125-1,1.2711822
s_016um_00216_00230-1,1.1765882
s_016um_00340_00219-1,1.2461691
s_016um_00255_00032-1,1.2688483
s_016um_00105_00069-1,1.0972569
s_016um_00069_00128-1,1.2124909
s_016um_00266_00030-1,1.1667904
s_016um_00095_00320-1,1.2326468
s_016um_00038_00046-1,1.230569
s_016um_00268_00336-1,1.2126011
s_016um_00269_00057-1,1.2761652
s_016um_00385_00297-1,1.2358127
s_016um_00033_00091-1,1.25122
s_016um_00043_00207-1,1.2844934
s_016um_00355_00416-1,1.8004848
s_016um_00232_00355-1,1.2841836
s_016um_00213_00295-1,1.2167156
s_016um_00074_00237-1,1.162277
s_016um_00276_00132-1,1.2182264
s_016um_00209_00293-1,1.2452214
s_016um_00084_00065-1,1.2412428
s_016um_00262_00190-1,1.3342707
s_016um_00006_00209-1,1.2718296
s_016um_00161_00291-1,1.2295709
s_016um_00099_00320-1,1.185319
s_016um_00079_00265-1,1.2559743
s_016um_00402_00257-1,1.2653688
s_016um_00238_00187-1,1.3011596
s_016um_00191_00121-1,1.3575815
s_016um_00136_00076-1,1.2032609
s_016um_00192_00093-1,1.2586356
s_016um_00311_00053-1,1.2934207
s_016um_00274_00134-1,1.274903
s_016um_00054_00250-1,1.3419262
s_016um_00211_00035-1,1.1694247
s_016um_00360_00292-1,1.2735606
s_016um_00086_00281-1,1.1578537
s_016um_00170_00373-1,1.3368274
s_016um_00142_00022-1,1.3172544
s_016um_00308_00058-1,1.2325848
s_016um_00028_00333-1,1.2302893
s_016um_00189_00093-1,1.2497141
s_016um_00160_00286-1,1.4393605
s_016um_00360_00118-1,1.2960153
s_016um_00318_00167-1,1.4319971
s_016um_00141_00072-1,1.1953433
s_016um_00223_00229-1,1.2586128
s_016um_00216_00031-1,1.2237228
s_016um_00128_00391-1,1.2222688
s_016um_00228_00266-1,1.1804206
s_016um_00332_00120-1,1.2709833
s_016um_00223_00235-1,1.2449208
s_016um_00380_00139-1,1.278115
s_016um_00247_00082-1,1.3023461
s_016um_00082_00298-1,1.1831679
s_016um_00376_00118-1,1.4196008
s_016um_00039_00176-1,1.23027
s_016um_00223_00026-1,1.4483181
s_016um_00034_00097-1,1.184401
s_016um_00220_00284-1,1.311152
s_016um_00081_00197-1,1.4333967
s_016um_00035_00010-1,1.364891
s_016um_00260_00191-1,1.2344563
s_016um_00018_00268-1,1.3274943
s_016um_00142_00073-1,1.1527107
s_016um_00306_00057-1,1.3400501
s_016um_00342_00217-1,1.4419456
s_016um_00085_00033-1,1.1995338
s_016um_00125_00384-1,1.1711289
s_016um_00129_00091-1,1.2188292
s_016um_00028_00087-1,1.1513221
s_016um_00279_00319-1,1.3118947
s_016um_00086_00064-1,1.1964122
s_016um_00336_00257-1,1.3282628
s_016um_00264_00127-1,1.308343
s_016um_00196_00095-1,1.2531052
s_016um_00098_00338-1,1.3075109
s_016um_00395_00184-1,1.2968749
s_016um_00335_00214-1,1.2405387
s_016um_00244_00083-1,1.2731433
s_016um_00388_00291-1,1.2278264
s_016um_00279_00318-1,1.4384898
s_016um_00018_00265-1,1.1942221
s_016um_00008_00158-1,1.2113647
s_016um_00384_00138-1,1.2212583
s_016um_00275_00316-1,1.3924608
s_016um_00216_00029-1,1.2532524
s_016um_00202_00151-1,1.3610789
s_016um_00037_00007-1,1.1621648
s_016um_00129_00225-1,1.1762137
s_016um_00334_00258-1,1.2722182
s_016um_00260_00028-1,1.3265284
s_016um_00225_00238-1,1.2485102
s_016um_00150_00397-1,1.1980051
s_016um_00414_00142-1,1.3199583
s_016um_00134_00075-1,1.2245275
s_016um_00392_00180-1,1.2818676
s_016um_00290_00092-1,1.5246459
s_016um_00273_00207-1,1.2940887
s_016um_00271_00055-1,1.3014992
s_016um_00221_00236-1,1.2898059
s_016um_00335_00396-1,1.2440596
s_016um_00028_00331-1,1.1916946
s_016um_00090_00070-1,1.2612294
s_016um_00095_00023-1,1.1831284
s_016um_00280_00208-1,1.2814913
s_016um_00094_00341-1,1.2519282
s_016um_00325_00226-1,1.3326118
s_016um_00228_00333-1,1.2381254
s_016um_00266_00131-1,1.3591619
s_016um_00112_00313-1,1.18789
s_016um_00251_00028-1,1.2431614
s_016um_00077_00300-1,1.293822
s_016um_00372_00124-1,1.2324003
s_016um_00191_00095-1,1.1423887
s_016um_00119_00150-1,1.1858318
s_016um_00134_00077-1,1.1711655
s_016um_00127_00093-1,1.3001353
s_016um_00334_00252-1,1.2675946
s_016um_00260_00184-1,1.1872104
s_016um_00196_00096-1,1.2582902
s_016um_00078_00241-1,1.1416892
s_016um_00161_00285-1,1.216307
s_016um_00249_00024-1,1.3675414
s_016um_00274_00224-1,1.1643642
s_016um_00012_00301-1,1.2008324
s_016um_00192_00089-1,1.2202016
s_016um_00097_00069-1,1.2004925
s_016um_00033_00090-1,1.1827388
s_016um_00092_00271-1,1.2095327
s_016um_00412_00097-1,1.2476312
s_016um_00169_00374-1,1.3339646
s_016um_00273_00136-1,1.1959509
s_016um_00012_00212-1,1.2169791
s_016um_00331_00213-1,1.2525727
s_016um_00223_00228-1,1.195531
s_016um_00251_00026-1,1.2707295
s_016um_00087_00200-1,1.2539625
s_016um_00005_00157-1,1.2174503
s_016um_00238_00184-1,1.1953623
s_016um_00410_00149-1,1.3643552
s_016um_00340_00399-1,1.3207127
s_016um_00258_00027-1,1.4340087
s_016um_00342_00403-1,1.344922
s_016um_00398_00218-1,1.2416646
s_016um_00323_00232-1,1.2280053
s_016um_00101_00384-1,1.2957298
s_016um_00218_00174-1,1.2169676
s_016um_00075_00297-1,1.17849
s_016um_00120_00150-1,1.241009
s_016um_00278_00052-1,1.4880475
s_016um_00242_00190-1,1.2379823
s_016um_00360_00093-1,1.2085948
s_016um_00274_00049-1,1.2097387
s_016um_00393_00339-1,1.3147789
s_016um_00386_00341-1,1.1839713
s_016um_00404_00260-1,1.362977
s_016um_00113_00318-1,1.2666698
s_016um_00128_00318-1,1.6695671
s_016um_00228_00332-1,1.2801957
s_016um_00331_00122-1,1.3026246
s_016um_00097_00319-1,1.2125511
s_016um_00168_00372-1,1.2397343
s_016um_00352_00027-1,1.4106836
s_016um_00388_00296-1,1.2395763
s_016um_00324_00303-1,1.2942401
s_016um_00354_00089-1,1.2466267
s_016um_00045_00215-1,1.1743675
s_016um_00092_00321-1,1.2230642
s_016um_00374_00123-1,1.2243295
s_016um_00359_00292-1,1.321729
s_016um_00349_00026-1,1.1882085
s_016um_00083_00033-1,1.2069147
s_016um_00269_00336-1,1.3086336
s_016um_00104_00069-1,1.2446101
s_016um_00310_00054-1,1.1551353
s_016um_00291_00093-1,1.3503603
s_016um_00223_00244-1,1.2671609
s_016um_00171_00125-1,1.319469
s_016um_00033_00103-1,1.1798991
s_016um_00165_00286-1,1.2816163
s_016um_00383_00137-1,1.199021
s_016um_00334_00255-1,1.3164473
s_016um_00078_00298-1,1.1278701
s_016um_00398_00369-1,1.3038716
s_016um_00263_00189-1,1.1988384
s_016um_00189_00095-1,1.1970587
s_016um_00398_00367-1,1.2362866
s_016um_00169_00372-1,1.3995107
s_016um_00326_00299-1,1.3748893
s_016um_00084_00068-1,1.0781264
s_016um_00279_00312-1,1.2715751
s_016um_00333_00400-1,1.4818716
s_016um_00277_00321-1,1.3074104
s_016um_00267_00131-1,1.2223907
s_016um_00005_00152-1,1.2484667
s_016um_00094_00317-1,1.267469
s_016um_00311_00055-1,1.2705978
s_016um_00060_00246-1,1.321094
s_016um_00009_00211-1,1.3020877
s_016um_00190_00095-1,1.1756417
s_016um_00372_00118-1,1.2724439
s_016um_00138_00219-1,1.1620971
s_016um_00009_00294-1,1.2827833
s_016um_00404_00152-1,1.3223855
s_016um_00136_00220-1,1.2885281
s_016um_00274_00327-1,1.3193963
s_016um_00220_00018-1,1.2881135
s_016um_00133_00075-1,1.2216859
s_016um_00040_00180-1,1.3016421
s_016um_00258_00028-1,1.4203557
s_016um_00327_00305-1,1.2931911
s_016um_00251_00021-1,1.3252859
s_016um_00358_00116-1,1.1693907
s_016um_00320_00170-1,1.2477946
s_016um_00214_00033-1,1.2098063
s_016um_00279_00134-1,1.1785742
s_016um_00264_00058-1,1.3658038
s_016um_00095_00323-1,1.3420211
s_016um_00352_00117-1,1.306718
s_016um_00393_00219-1,1.3193625
s_016um_00040_00210-1,1.234727
s_016um_00044_00211-1,1.3124809
s_016um_00328_00231-1,1.1737839
s_016um_00324_00169-1,1.2211854
s_016um_00401_00369-1,1.2941859
s_016um_00328_00117-1,1.2446218
s_016um_00272_00134-1,1.2307435
s_016um_00329_00251-1,1.2034423
s_016um_00043_00178-1,1.3502915
s_016um_00235_00084-1,1.3602029
s_016um_00222_00234-1,1.297429
s_016um_00362_00415-1,1.5413556
s_016um_00160_00285-1,1.4453889
s_016um_00195_00098-1,1.2665882
s_016um_00089_00271-1,1.1720273
s_016um_00273_00204-1,1.1835991
s_016um_00107_00318-1,1.4444222
s_016um_00332_00252-1,1.3849066
s_016um_00405_00124-1,1.1647551
s_016um_00235_00184-1,1.2070649
s_016um_00271_00335-1,1.3133997
s_016um_00042_00041-1,1.1245625
s_016um_00397_00255-1,1.2856301
s_016um_00223_00331-1,1.216371
s_016um_00321_00303-1,1.4350388
s_016um_00360_00291-1,1.2546755
s_016um_00279_00046-1,1.2293695
s_016um_00177_00029-1,1.1555781
s_016um_00387_00126-1,1.2959208
s_016um_00274_00325-1,1.3547351
s_016um_00040_00010-1,1.1822597
s_016um_00114_00316-1,1.1691339
s_016um_00010_00213-1,1.3650919
s_016um_00144_00017-1,1.1800056
s_016um_00405_00146-1,1.1767812
s_016um_00275_00313-1,1.220576
s_016um_00396_00371-1,1.3654557
s_016um_00417_00141-1,1.2268808
s_016um_00098_00071-1,1.2526909
s_016um_00193_00125-1,1.2409683
s_016um_00193_00128-1,1.2882363
s_016um_00342_00401-1,1.4120567
s_016um_00215_00014-1,1.1429319
s_016um_00224_00239-1,1.3162177
s_016um_00087_00282-1,1.2422448
s_016um_00407_00099-1,1.3339577
s_016um_00331_00123-1,1.1968875
s_016um_00393_00213-1,1.21531
s_016um_00083_00265-1,1.3261535
s_016um_00104_00068-1,1.1654307
s_016um_00366_00231-1,1.3166258
s_016um_00009_00296-1,1.1710583
s_016um_00027_00330-1,1.2048799
s_016um_00068_00130-1,1.1798112
s_016um_00392_00342-1,1.3005276
s_016um_00274_00050-1,1.3180358
s_016um_00390_00344-1,1.4993792
s_016um_00191_00091-1,1.2055597
s_016um_00229_00264-1,1.298508
s_016um_00387_00295-1,1.3749294
s_016um_00356_00091-1,1.2635148
s_016um_00065_00126-1,1.2895446
s_016um_00221_00278-1,1.1654756
s_016um_00320_00228-1,1.2226293
s_016um_00274_00316-1,1.4549665
s_016um_00139_00057-1,1.3122151
s_016um_00330_00216-1,1.2933029
s_016um_00258_00026-1,1.3344575
s_016um_00010_00210-1,1.3011422
s_016um_00101_00387-1,1.2588865
s_016um_00273_00209-1,1.2630508
s_016um_00044_00215-1,1.2349162
s_016um_00320_00304-1,1.307603
s_016um_00041_00172-1,1.285164
s_016um_00371_00140-1,1.3131894
s_016um_00276_00325-1,1.3393857
s_016um_00071_00234-1,1.2332475
s_016um_00084_00296-1,1.197567
s_016um_00264_00055-1,1.445338
s_016um_00215_00170-1,1.402594
s_016um_00192_00129-1,1.236473
s_016um_00274_00330-1,1.2501701
s_016um_00394_00216-1,1.2560968
s_016um_00255_00030-1,1.2719853
s_016um_00281_00048-1,1.4466776
s_016um_00138_00216-1,1.2945492
s_016um_00391_00182-1,1.2876117
s_016um_00038_00208-1,1.3801209
s_016um_00331_00257-1,1.3572686
s_016um_00039_00047-1,1.218903
s_016um_00360_00293-1,1.2296034
s_016um_00243_00083-1,1.414668
s_016um_00215_00013-1,1.1857156
s_016um_00036_00177-1,1.2746516
s_016um_00034_00005-1,1.1741626
s_016um_00141_00071-1,1.1901335
s_016um_00267_00054-1,1.2436541
s_016um_00391_00336-1,1.1914443
s_016um_00375_00144-1,1.224148
s_016um_00007_00158-1,1.2352098
s_016um_00182_00033-1,1.207363
s_016um_00020_00272-1,1.2493417
s_016um_00265_00035-1,1.2549001
s_016um_00231_00247-1,1.1642948
s_016um_00219_00017-1,1.2636013
s_016um_00276_00048-1,1.1979212
s_016um_00252_00026-1,1.477739
s_016um_00279_00208-1,1.2626915
s_016um_00404_00126-1,1.2956057
s_016um_00378_00139-1,1.2725282
s_016um_00223_00245-1,1.1896645
s_016um_00267_00337-1,1.2260766
s_016um_00279_00052-1,1.2556987
s_016um_00328_00213-1,1.3079885
s_016um_00356_00097-1,1.2526946
s_016um_00012_00299-1,1.1348403
s_016um_00162_00285-1,1.2928964
s_016um_00371_00142-1,1.1966301
s_016um_00035_00333-1,1.288915
s_016um_00235_00361-1,1.296546
s_016um_00242_00185-1,1.2393872
s_016um_00088_00031-1,1.2455647
s_016um_00368_00147-1,1.4031587
s_016um_00386_00129-1,1.3388139
s_016um_00127_00388-1,1.2251294
s_016um_00041_00104-1,1.1653056
s_016um_00075_00236-1,1.1750371
s_016um_00404_00128-1,1.2894319
s_016um_00391_00360-1,1.3216243
s_016um_00100_00029-1,1.3173996
s_016um_00009_00297-1,1.1909806
s_016um_00238_00189-1,1.3192315
s_016um_00227_00250-1,1.199125
s_016um_00394_00359-1,1.4036092
s_016um_00225_00327-1,1.2977335
s_016um_00414_00100-1,1.2302701
s_016um_00039_00173-1,1.258404
s_016um_00367_00223-1,1.1893777
s_016um_00057_00250-1,1.2866199
s_016um_00142_00020-1,1.421217
s_016um_00140_00073-1,1.2012227
s_016um_00193_00094-1,1.1850458
s_016um_00371_00102-1,1.2116163
s_016um_00264_00333-1,1.3122523
s_016um_00234_00355-1,1.2415386
s_016um_00026_00086-1,1.1487926
s_016um_00368_00118-1,1.2984978
s_016um_00273_00202-1,1.232095
s_016um_00084_00196-1,1.2959256
s_016um_00092_00341-1,1.3546947
s_016um_00034_00331-1,1.1854404
s_016um_00103_00386-1,1.397744
s_016um_00135_00216-1,1.3133514
s_016um_00208_00293-1,1.2504854
s_016um_00010_00157-1,1.2775621
s_016um_00259_00191-1,1.138989
s_016um_00038_00104-1,1.2536904
s_016um_00061_00132-1,1.1785517
s_016um_00406_00146-1,1.2210364
s_016um_00214_00296-1,1.1917976
s_016um_00256_00029-1,1.3082858
s_016um_00396_00258-1,1.2420818
s_016um_00273_00203-1,1.1823592
s_016um_00065_00234-1,1.4275993
s_016um_00371_00121-1,1.1941113
s_016um_00370_00099-1,1.2335445
s_016um_00397_00185-1,1.3638306
s_016um_00046_00238-1,1.2053958
s_016um_00230_00261-1,1.1955734
s_016um_00212_00291-1,1.2401768
s_016um_00123_00144-1,1.3371036
s_016um_00332_00125-1,1.2063509
s_016um_00391_00185-1,1.3640862
s_016um_00178_00032-1,1.1985288
s_016um_00290_00095-1,1.4566362
s_016um_00030_00088-1,1.1410712
s_016um_00275_00044-1,1.311594
s_016um_00113_00320-1,1.2509998
s_016um_00046_00211-1,1.312135
s_016um_00007_00215-1,1.2809452
s_016um_00147_00400-1,1.2672501
s_016um_00392_00340-1,1.3401432
s_016um_00099_00023-1,1.2266953
s_016um_00039_00215-1,1.3473201
s_016um_00086_00193-1,1.1975421
s_016um_00256_00187-1,1.2062005
s_016um_00037_00046-1,1.1795352
s_016um_00232_00360-1,1.3416485
s_016um_00041_00214-1,1.4736494
s_016um_00285_00093-1,1.2753406
s_016um_00200_00148-1,1.1795666
s_016um_00217_00279-1,1.253285
s_016um_00132_00387-1,1.2463247
s_016um_00125_00386-1,1.3760155
s_016um_00112_00317-1,1.1926613
s_016um_00037_00098-1,1.1584377
s_016um_00048_00238-1,1.1436355
s_016um_00322_00165-1,1.1654897
s_016um_00355_00026-1,1.3979031
s_016um_00083_00073-1,1.3219404
s_016um_00028_00329-1,1.3403995
s_016um_00234_00266-1,1.3072088
s_016um_00222_00027-1,1.2986488
s_016um_00259_00129-1,1.2775215
s_016um_00007_00151-1,1.154615
s_016um_00217_00033-1,1.2011732
s_016um_00081_00285-1,1.2678066
s_016um_00392_00338-1,1.2449156
s_016um_00214_00289-1,1.2356195
s_016um_00275_00204-1,1.2420006
s_016um_00238_00190-1,1.2311164
s_016um_00326_00225-1,1.3619255
s_016um_00118_00143-1,1.1733681
s_016um_00064_00126-1,1.219812
s_016um_00367_00096-1,1.1971925
s_016um_00218_00013-1,1.2199106
s_016um_00033_00331-1,1.2273731
s_016um_00214_00028-1,1.1864027
s_016um_00100_00072-1,1.185582
s_016um_00356_00416-1,1.8124627
s_016um_00257_00032-1,1.1144428
s_016um_00099_00321-1,1.1653883
s_016um_00383_00139-1,1.214267
s_016um_00314_00054-1,1.3159294
s_016um_00033_00334-1,1.1799407
s_016um_00063_00237-1,1.1586539
s_016um_00239_00091-1,1.371895
s_016um_00307_00053-1,1.3003285
s_016um_00195_00122-1,1.2494172
s_016um_00101_00389-1,1.3637763
s_016um_00219_00284-1,1.2119225
s_016um_00080_00294-1,1.1811094
s_016um_00329_00125-1,1.2207752
s_016um_00250_00025-1,1.2992237
s_016um_00232_00268-1,1.3051903
s_016um_00079_00266-1,1.135281
s_016um_00210_00035-1,1.3299829
s_016um_00355_00097-1,1.4410181
s_016um_00185_00029-1,1.4228848
s_016um_00173_00376-1,1.2135396
s_016um_00236_00085-1,1.3284876
s_016um_00123_00149-1,1.2286656
s_016um_00008_00297-1,1.2463266
s_016um_00225_00247-1,1.287145
s_016um_00277_00207-1,1.2489008
s_016um_00211_00295-1,1.1869391
s_016um_00081_00267-1,1.2701672
s_016um_00399_00263-1,1.3064297
s_016um_00411_00099-1,1.2277757
s_016um_00387_00132-1,1.3710762
s_016um_00369_00222-1,1.3352729
s_016um_00413_00099-1,1.242203
s_016um_00096_00023-1,1.1832155
s_016um_00192_00097-1,1.2573133
s_016um_00288_00094-1,1.2589536
s_016um_00205_00147-1,1.1847668
s_016um_00224_00237-1,1.2065234
s_016um_00400_00400-1,2.0352905
s_016um_00332_00215-1,1.1483089
s_016um_00117_00147-1,1.2898641
s_016um_00164_00126-1,1.3133076
s_016um_00166_00128-1,1.2915925
s_016um_00084_00194-1,1.3632979
s_016um_00280_00133-1,1.2855595
s_016um_00284_00097-1,1.2336708
s_016um_00287_00095-1,1.348292
s_016um_00415_00103-1,1.170258
s_016um_00269_00335-1,1.2975996
s_016um_00397_00215-1,1.2571092
s_016um_00337_00396-1,1.361406
s_016um_00263_00190-1,1.2203565
s_016um_00016_00265-1,1.2506181
s_016um_00260_00128-1,1.1572686
s_016um_00220_00230-1,1.2206292
s_016um_00219_00228-1,1.2277862
s_016um_00076_00294-1,1.1343673
s_016um_00400_00127-1,1.2241182
s_016um_00075_00239-1,1.1808352
s_016um_00093_00316-1,1.1976376
s_016um_00221_00031-1,1.2268074
s_016um_00274_00222-1,1.3122097
s_016um_00308_00059-1,1.3642356
s_016um_00129_00086-1,1.2909302
s_016um_00066_00128-1,1.1588047
s_016um_00221_00030-1,1.2705897
s_016um_00237_00185-1,1.3093936
s_016um_00408_00147-1,1.3362111
s_016um_00276_00045-1,1.25847
s_016um_00356_00418-1,1.7642386
s_016um_00327_00301-1,1.379868
s_016um_00290_00093-1,1.3291514
s_016um_00206_00152-1,1.3644462
s_016um_00140_00015-1,1.2702374
s_016um_00370_00147-1,1.2900468
s_016um_00353_00020-1,1.2507784
s_016um_00130_00314-1,1.4396759
s_016um_00375_00118-1,1.3557565
s_016um_00034_00332-1,1.1783015
s_016um_00081_00294-1,1.2348564
s_016um_00089_00032-1,1.1658152
s_016um_00260_00333-1,1.1758127
s_016um_00147_00061-1,1.2783138
s_016um_00082_00035-1,1.2266958
s_016um_00104_00072-1,1.174354
s_016um_00354_00096-1,1.2035923
s_016um_00310_00051-1,1.3097538
s_016um_00232_00358-1,1.2232337
s_016um_00217_00293-1,1.1946666
s_016um_00273_00047-1,1.2583576
s_016um_00192_00125-1,1.4325223
s_016um_00397_00370-1,1.3377221
s_016um_00274_00206-1,1.2583016
s_016um_00074_00249-1,1.1827809
s_016um_00167_00124-1,1.2182392
s_016um_00403_00257-1,1.2357017
s_016um_00109_00314-1,1.3454193
s_016um_00041_00216-1,1.3227268
s_016um_00313_00059-1,1.2897617
s_016um_00282_00324-1,1.2088552
s_016um_00240_00089-1,1.152258
s_016um_00220_00331-1,1.3211607
s_016um_00274_00201-1,1.2642812
s_016um_00345_00220-1,1.3817383
s_016um_00274_00045-1,1.3214833
s_016um_00075_00243-1,1.2821162
s_016um_00129_00227-1,1.1913686
s_016um_00047_00216-1,1.3117898
s_016um_00167_00375-1,1.2233843
s_016um_00137_00216-1,1.1470822
s_016um_00398_00361-1,1.3296461
s_016um_00126_00087-1,1.2266932
s_016um_00049_00239-1,1.2095888
s_016um_00274_00312-1,1.3025557
s_016um_00080_00032-1,1.2515148
s_016um_00043_00209-1,1.3531702
s_016um_00013_00212-1,1.3262669
s_016um_00134_00220-1,1.2656504
s_016um_00272_00332-1,1.2173593
s_016um_00083_00296-1,1.1897957
s_016um_00361_00410-1,1.5505867
s_016um_00045_00205-1,1.3063862
s_016um_00214_00276-1,1.2559845
s_016um_00082_00265-1,1.2210392
s_016um_00352_00121-1,1.2584919
s_016um_00244_00186-1,1.2156252
s_016um_00395_00360-1,1.4450617
s_016um_00056_00247-1,1.2521216
s_016um_00120_00151-1,1.1611605
s_016um_00310_00057-1,1.3031511
s_016um_00324_00307-1,1.3377998
s_016um_00045_00240-1,1.2521557
s_016um_00257_00191-1,1.2974339
s_016um_00035_00098-1,1.4604936
s_016um_00144_00055-1,1.2032619
s_016um_00247_00083-1,1.3407654
s_016um_00104_00065-1,1.1935618
s_016um_00094_00338-1,1.2014706
s_016um_00134_00318-1,1.3472557
s_016um_00407_00147-1,1.1766753
s_016um_00369_00097-1,1.2215625
s_016um_00361_00291-1,1.3511102
s_016um_00008_00293-1,1.2961099
s_016um_00172_00374-1,1.4040576
s_016um_00217_00174-1,1.3082432
s_016um_00366_00102-1,1.3015231
s_016um_00277_00329-1,1.287269
s_016um_00237_00186-1,1.350935
s_016um_00261_00334-1,1.2294624
s_016um_00229_00334-1,1.243622
s_016um_00083_00070-1,1.1293417
s_016um_00229_00328-1,1.1835512
s_016um_00247_00026-1,1.1942959
s_016um_00072_00244-1,1.1131719
s_016um_00348_00216-1,1.1674609
s_016um_00227_00238-1,1.2081406
s_016um_00274_00052-1,1.3020897
s_016um_00275_00318-1,1.2800772
s_016um_00091_00338-1,1.2021899
s_016um_00405_00120-1,1.1877391
s_016um_00012_00293-1,1.3112946
s_016um_00334_00403-1,1.4446429
s_016um_00254_00033-1,1.2821362
s_016um_00043_00047-1,1.2246528
s_016um_00193_00095-1,1.2572135
s_016um_00226_00327-1,1.2965732
s_016um_00109_00319-1,1.3135675
s_016um_00356_00290-1,1.2890071
s_016um_00240_00188-1,1.1986287
s_016um_00357_00094-1,1.2416904
s_016um_00279_00313-1,1.3622139
s_016um_00389_00290-1,1.3250577
s_016um_00326_00303-1,1.4025366
s_016um_00026_00333-1,1.2817705
s_016um_00082_00300-1,1.2237306
s_016um_00328_00126-1,1.2404449
s_016um_00012_00154-1,1.1784008
s_016um_00010_00212-1,1.322137
s_016um_00046_00213-1,1.2615056
s_016um_00212_00298-1,1.2762623
s_016um_00398_00260-1,1.4555999
s_016um_00043_00240-1,1.3152475
s_016um_00094_00316-1,1.1536824
s_016um_00080_00295-1,1.1239218
s_016um_00238_00087-1,1.3547355
s_016um_00401_00219-1,1.2702365
s_016um_00038_00102-1,1.3236117
s_016um_00384_00126-1,1.2435553
s_016um_00365_00099-1,1.2366172
s_016um_00327_00122-1,1.1584963
s_016um_00099_00069-1,1.2108153
s_016um_00352_00020-1,1.336288
s_016um_00008_00299-1,1.3087565
s_016um_00093_00320-1,1.2276086
s_016um_00312_00056-1,1.3313904
s_016um_00349_00025-1,1.3197434
s_016um_00272_00224-1,1.2046422
s_016um_00394_00184-1,1.2216027
s_016um_00234_00353-1,1.1518935
s_016um_00042_00045-1,1.3617188
s_016um_00379_00130-1,1.3010567
s_016um_00247_00086-1,1.3036683
s_016um_00403_00126-1,1.3217282
s_016um_00331_00254-1,1.2220492
s_016um_00218_00231-1,1.2192616
s_016um_00248_00022-1,1.381859
s_016um_00096_00342-1,1.2153906
s_016um_00396_00213-1,1.2707366
s_016um_00223_00174-1,1.2536218
s_016um_00018_00271-1,1.2447592
s_016um_00075_00248-1,1.2187035
s_016um_00392_00363-1,1.2227072
s_016um_00380_00140-1,1.2670083
s_016um_00084_00271-1,1.2335823
s_016um_00384_00129-1,1.2752887
s_016um_00090_00338-1,1.2709738
s_016um_00011_00158-1,1.2836329
s_016um_00188_00096-1,1.282269
s_016um_00138_00016-1,1.4450691
s_016um_00364_00229-1,1.3010031
s_016um_00225_00025-1,1.1532094
s_016um_00095_00340-1,1.4129423
s_016um_00066_00233-1,1.298565
s_016um_00212_00288-1,1.2154443
s_016um_00357_00022-1,1.2730596
s_016um_00267_00033-1,1.2074765
s_016um_00189_00124-1,1.2619576
s_016um_00370_00224-1,1.2831209
s_016um_00369_00229-1,1.2111021
s_016um_00370_00226-1,1.253522
s_016um_00217_00282-1,1.2510631
s_016um_00081_00034-1,1.1975552
s_016um_00129_00322-1,1.2263283
s_016um_00401_00215-1,1.3483756
s_016um_00319_00170-1,1.2953228
s_016um_00406_00101-1,1.2319695
s_016um_00354_00121-1,1.2177767
s_016um_00097_00342-1,1.2973922
s_016um_00031_00084-1,1.2130995
s_016um_00166_00123-1,1.2321626
s_016um_00102_00067-1,1.263567
s_016um_00354_00018-1,1.3853122
s_016um_00008_00152-1,1.1004807
s_016um_00270_00055-1,1.448875
s_016um_00279_00326-1,1.1857871
s_016um_00091_00266-1,1.196246
s_016um_00244_00087-1,1.3151797
s_016um_00168_00370-1,1.2379099
s_016um_00276_00047-1,1.2218058
s_016um_00392_00181-1,1.2232696
s_016um_00101_00029-1,1.390061
s_016um_00234_00084-1,1.3011507
s_016um_00141_00073-1,1.2119529
s_016um_00127_00389-1,1.1442255
s_016um_00209_00289-1,1.2792554
s_016um_00170_00126-1,1.2430195
s_016um_00223_00029-1,1.4092082
s_016um_00275_00201-1,1.1348153
s_016um_00129_00318-1,1.3221312
s_016um_00311_00052-1,1.3024675
s_016um_00381_00137-1,1.2578846
s_016um_00415_00141-1,1.3326247
s_016um_00335_00211-1,1.2668827
s_016um_00222_00015-1,1.1769394
s_016um_00255_00020-1,1.4454219
s_016um_00043_00205-1,1.295109
s_016um_00359_00116-1,1.2759653
s_016um_00270_00332-1,1.4079199
s_016um_00084_00030-1,1.23362
s_016um_00399_00368-1,1.2857206
s_016um_00403_00148-1,1.2590804
s_016um_00276_00311-1,1.2940713
s_016um_00171_00378-1,1.2543107
s_016um_00402_00150-1,1.2762692
s_016um_00032_00333-1,1.2538004
s_016um_00216_00283-1,1.2421198
s_016um_00084_00283-1,1.1605558
s_016um_00069_00235-1,1.3313376
s_016um_00312_00057-1,1.1228597
s_016um_00326_00306-1,1.2893289
s_016um_00333_00251-1,1.2925375
s_016um_00130_00321-1,1.2347627
s_016um_00285_00097-1,1.2349851
s_016um_00040_00105-1,1.2359339
s_016um_00224_00251-1,1.1481549
s_016um_00191_00097-1,1.2414958
s_016um_00128_00390-1,1.2287087
s_016um_00046_00205-1,1.3499141
s_016um_00234_00261-1,1.3536876
s_016um_00276_00200-1,1.2105533
s_016um_00287_00094-1,1.2521981
s_016um_00189_00094-1,1.265491
s_016um_00044_00242-1,1.4358405
s_016um_00008_00213-1,1.2372966
s_016um_00213_00296-1,1.1842797
s_016um_00102_00025-1,1.3106378
s_016um_00398_00259-1,1.4000304
s_016um_00391_00292-1,1.2690291
s_016um_00336_00397-1,1.3974208
s_016um_00381_00127-1,1.2004308
s_016um_00203_00145-1,1.4149672
s_016um_00131_00092-1,1.2646029
s_016um_00037_00006-1,1.1555296
s_016um_00138_00071-1,1.2203311
s_016um_00399_00261-1,1.2637693
s_016um_00281_00328-1,1.1952004
s_016um_00088_00068-1,1.2342429
s_016um_00170_00125-1,1.2914371
s_016um_00276_00052-1,1.2424356
s_016um_00082_00030-1,1.2913779
s_016um_00321_00170-1,1.3121711
s_016um_00217_00285-1,1.2900636
s_016um_00190_00092-1,1.2246004
s_016um_00098_00072-1,1.2593182
s_016um_00192_00095-1,1.2560387
s_016um_00114_00147-1,1.2800472
s_016um_00185_00026-1,1.355535
s_016um_00081_00244-1,1.2370218
s_016um_00107_00384-1,1.4576252
s_016um_00203_00150-1,1.2971551
s_016um_00323_00229-1,1.1359308
s_016um_00094_00276-1,1.206038
s_016um_00273_00029-1,1.2963679
s_016um_00338_00395-1,1.2734323
s_016um_00400_00373-1,1.4466853
s_016um_00085_00271-1,1.2411121
s_016um_00077_00238-1,1.2140499
s_016um_00100_00025-1,1.2227873
s_016um_00032_00084-1,1.2230434
s_016um_00215_00015-1,1.2531008
s_016um_00195_00129-1,1.3359119
s_016um_00283_00097-1,1.3875495
s_016um_00228_00263-1,1.165419
s_016um_00327_00124-1,1.2921834
s_016um_00326_00305-1,1.3073725
s_016um_00273_00034-1,1.3149221
s_016um_00069_00234-1,1.2424134
s_016um_00009_00158-1,1.2237065
s_016um_00179_00031-1,1.1508561
s_016um_00310_00056-1,1.2113402
s_016um_00353_00115-1,1.2371023
s_016um_00011_00212-1,1.3876559
s_016um_00332_00250-1,1.2988816
s_016um_00359_00092-1,1.2595627
s_016um_00405_00127-1,1.269415
s_016um_00312_00054-1,1.2284497
s_016um_00081_00031-1,1.3478961
s_016um_00208_00031-1,1.2812222
s_016um_00004_00157-1,1.1687915
s_016um_00359_00287-1,1.2084854
s_016um_00126_00386-1,1.4403676
s_016um_00146_00054-1,1.2061775
s_016um_00333_00216-1,1.2029316
s_016um_00146_00055-1,1.1845356
s_016um_00093_00335-1,1.2788547
s_016um_00259_00187-1,1.2538428
s_016um_00398_00258-1,1.3190073
s_016um_00205_00149-1,1.2660013
s_016um_00174_00376-1,1.3580923
s_016um_00110_00320-1,1.4273783
s_016um_00081_00035-1,1.1654601
s_016um_00113_00321-1,1.3782388
s_016um_00098_00339-1,1.1831127
s_016um_00229_00245-1,1.2560626
s_016um_00269_00230-1,1.1846298
s_016um_00236_00361-1,1.2324065
s_016um_00158_00290-1,1.2145609
s_016um_00280_00205-1,1.2686701
s_016um_00319_00165-1,1.290582
s_016um_00085_00285-1,1.2435434
s_016um_00099_00066-1,1.2078317
s_016um_00242_00186-1,1.2428573
s_016um_00364_00222-1,1.3042011
s_016um_00101_00390-1,1.3022397
s_016um_00398_00360-1,1.462801
s_016um_00408_00152-1,1.2738774
s_016um_00346_00217-1,1.305158
s_016um_00220_00166-1,1.3810676
s_016um_00267_00036-1,1.172471
s_016um_00259_00027-1,1.3248241
s_016um_00281_00324-1,1.2531016
s_016um_00102_00391-1,1.288512
s_016um_00084_00036-1,1.2652959
s_016um_00087_00030-1,1.1603491
s_016um_00220_00025-1,1.186644
s_016um_00082_00069-1,1.1870209
s_016um_00278_00046-1,1.236607
s_016um_00129_00089-1,1.3371178
s_016um_00384_00132-1,1.3457788
s_016um_00223_00170-1,1.3753194
s_016um_00084_00268-1,1.2887123
s_016um_00245_00088-1,1.2534695
s_016um_00065_00237-1,1.3202953
s_016um_00091_00278-1,1.2241983
s_016um_00008_00150-1,1.2343731
s_016um_00216_00014-1,1.2187977
s_016um_00256_00032-1,1.227859
s_016um_00358_00415-1,1.7338258
s_016um_00231_00268-1,1.2601317
s_016um_00134_00069-1,1.2998573
s_016um_00257_00186-1,1.2937483
s_016um_00215_00291-1,1.2239395
s_016um_00219_00015-1,1.3406988
s_016um_00396_00257-1,1.2468431
s_016um_00408_00401-1,2.0943708
s_016um_00127_00088-1,1.2592839
s_016um_00086_00271-1,1.2969344
s_016um_00129_00383-1,1.3259869
s_016um_00365_00102-1,1.3251978
s_016um_00341_00398-1,1.2889766
s_016um_00190_00124-1,1.3145249
s_016um_00135_00075-1,1.2673953
s_016um_00234_00358-1,1.1995523
s_016um_00125_00383-1,1.2206802
s_016um_00371_00100-1,1.2776546
s_016um_00140_00057-1,1.3239431
s_016um_00395_00363-1,1.3178006
s_016um_00041_00206-1,1.2826437
s_016um_00065_00232-1,1.3257158
s_016um_00271_00330-1,1.2847013
s_016um_00271_00225-1,1.2014258
s_016um_00044_00209-1,1.2746514
s_016um_00119_00148-1,1.2164077
s_016um_00347_00216-1,1.1565435
s_016um_00227_00247-1,1.1912103
s_016um_00104_00387-1,1.2958812
s_016um_00229_00260-1,1.2783858
s_016um_00399_00214-1,1.2630972
s_016um_00391_00293-1,1.301606
s_016um_00162_00125-1,1.2660936
s_016um_00239_00183-1,1.161822
s_016um_00396_00178-1,1.3613931
s_016um_00247_00084-1,1.221903
s_016um_00136_00230-1,1.1853977
s_016um_00086_00074-1,1.1387093
s_016um_00021_00266-1,1.1120528
s_016um_00402_00260-1,1.3656456
s_016um_00230_00361-1,1.2046902
s_016um_00374_00145-1,1.2755287
s_016um_00083_00285-1,1.1708869
s_016um_00113_00319-1,1.3442249
s_016um_00011_00295-1,1.318107
s_016um_00260_00027-1,1.329956
s_016um_00108_00321-1,1.3204808
s_016um_00233_00265-1,1.2805945
s_016um_00415_00102-1,1.2215956
s_016um_00275_00049-1,1.2425216
s_016um_00048_00237-1,1.1615891
s_016um_00107_00383-1,1.3284079
s_016um_00398_00215-1,1.2915082
s_016um_00235_00357-1,1.2617462
s_016um_00394_00369-1,1.3181008
s_016um_00129_00314-1,1.2272568
s_016um_00398_00217-1,1.2062429
s_016um_00407_00398-1,1.8199651
s_016um_00391_00298-1,1.4029527
s_016um_00402_00128-1,1.1733019
s_016um_00103_00066-1,1.1567209
s_016um_00040_00171-1,1.3484949
s_016um_00408_00100-1,1.2317518
s_016um_00020_00266-1,1.2431848
s_016um_00086_00196-1,1.232448
s_016um_00204_00152-1,1.2509426
s_016um_00220_00225-1,1.1966484
s_016um_00129_00093-1,1.1429654
s_016um_00190_00122-1,1.4034328
s_016um_00269_00330-1,1.2743644
s_016um_00097_00273-1,1.2521446
s_016um_00275_00135-1,1.2337092
s_016um_00213_00282-1,1.231512
s_016um_00161_00288-1,1.3849533
s_016um_00179_00029-1,1.1182065
s_016um_00355_00119-1,1.249661
s_016um_00376_00138-1,1.3588763
s_016um_00221_00227-1,1.2057667
s_016um_00135_00070-1,1.323943
s_016um_00355_00025-1,1.3914782
s_016um_00029_00332-1,1.1829761
s_016um_00158_00291-1,1.2857457
s_016um_00218_00018-1,1.1906698
s_016um_00417_00140-1,1.2716391
s_016um_00146_00400-1,1.26901
s_016um_00370_00143-1,1.3338913
s_016um_00163_00291-1,1.2568834
s_016um_00029_00090-1,1.2493407
s_016um_00411_00149-1,1.255631
s_016um_00164_00124-1,1.1917456
s_016um_00043_00212-1,1.2935005
s_016um_00193_00123-1,1.14777
s_016um_00064_00234-1,1.1294318
s_016um_00262_00330-1,1.2043033
s_016um_00064_00131-1,1.1767883
s_016um_00391_00181-1,1.4288135
s_016um_00260_00187-1,1.3190072
s_016um_00220_00170-1,1.3303177
s_016um_00403_00255-1,1.2315397
s_016um_00416_00140-1,1.1928658
s_016um_00084_00200-1,1.2102437
s_016um_00084_00193-1,1.2149092
s_016um_00238_00185-1,1.1774101
s_016um_00027_00088-1,1.156513
s_016um_00132_00384-1,1.2721709
s_016um_00013_00207-1,1.2943693
s_016um_00249_00027-1,1.2330222
s_016um_00367_00097-1,1.2152956
s_016um_00352_00017-1,1.3726802
s_016um_00137_00077-1,1.1504533
s_016um_00083_00199-1,1.2198768
s_016um_00399_00256-1,1.2849463
s_016um_00178_00029-1,1.2237829
s_016um_00125_00387-1,1.2876637
s_016um_00107_00317-1,1.5162857
s_016um_00345_00218-1,1.3488635
s_016um_00057_00242-1,1.2388692
s_016um_00278_00203-1,1.2079344
s_016um_00042_00241-1,1.2421635
s_016um_00251_00018-1,1.3397379
s_016um_00052_00246-1,1.2411678
s_016um_00119_00143-1,1.277127
s_016um_00202_00149-1,1.2566348
s_016um_00399_00121-1,1.3519114
s_016um_00358_00089-1,1.2388539
s_016um_00412_00102-1,1.3074714
s_016um_00130_00093-1,1.1924804
s_016um_00139_00076-1,1.2690084
s_016um_00099_00316-1,1.2121366
s_016um_00278_00045-1,1.1299556
s_016um_00276_00226-1,1.2691466
s_016um_00357_00090-1,1.4180359
s_016um_00135_00215-1,1.3765994
s_016um_00149_00394-1,1.2973386
s_016um_00031_00332-1,1.2111524
s_016um_00235_00188-1,1.2659507
s_016um_00096_00316-1,1.1817839
s_016um_00276_00314-1,1.3545579
s_016um_00223_00334-1,1.1916037
s_016um_00033_00098-1,1.1930476
s_016um_00068_00236-1,1.2826385
s_016um_00035_00103-1,1.1944948
s_016um_00075_00249-1,1.2301636
s_016um_00085_00066-1,1.1616284
s_016um_00046_00212-1,1.215515
s_016um_00042_00204-1,1.2120667
s_016um_00391_00339-1,1.2051216
s_016um_00327_00214-1,1.1679547
s_016um_00036_00103-1,1.1698052
s_016um_00327_00212-1,1.3361843
s_016um_00084_00264-1,1.2497481
s_016um_00395_00357-1,1.4031366
s_016um_00014_00266-1,1.227106
s_016um_00266_00035-1,1.231912
s_016um_00353_00116-1,1.2859383
s_016um_00227_00248-1,1.2239796
s_016um_00388_00338-1,1.2644565
s_016um_00275_00052-1,1.2996533
s_016um_00367_00094-1,1.2197982
s_016um_00159_00287-1,1.3991631
s_016um_00220_00028-1,1.3641385
s_016um_00271_00336-1,1.2681988
s_016um_00042_00042-1,1.1983215
s_016um_00260_00029-1,1.2064103
s_016um_00374_00146-1,1.3439728
s_016um_00387_00129-1,1.2373852
s_016um_00231_00362-1,1.2247634
s_016um_00413_00104-1,1.2408665
s_016um_00075_00241-1,1.2812351
s_016um_00090_00071-1,1.1972522
s_016um_00327_00306-1,1.2656404
s_016um_00100_00385-1,1.4986756
s_016um_00145_00399-1,1.2823052
s_016um_00397_00258-1,1.2516367
s_016um_00140_00216-1,1.2431241
s_016um_00142_00054-1,1.2141261
s_016um_00325_00229-1,1.2601578
s_016um_00094_00340-1,1.244588
s_016um_00355_00021-1,1.223702
s_016um_00040_00177-1,1.1651813
s_016um_00356_00291-1,1.3473816
s_016um_00327_00232-1,1.2384207
s_016um_00194_00121-1,1.4529229
s_016um_00140_00021-1,1.244464
s_016um_00370_00142-1,1.2972775
s_016um_00037_00043-1,1.179565
s_016um_00266_00058-1,1.2759134
s_016um_00012_00295-1,1.2135577
s_016um_00017_00268-1,1.1677274
s_016um_00257_00035-1,1.2515492
s_016um_00265_00135-1,1.2986296
s_016um_00221_00235-1,1.3176796
s_016um_00325_00162-1,1.2134391
s_016um_00037_00008-1,1.2772124
s_016um_00143_00057-1,1.188391
s_016um_00077_00242-1,1.169241
s_016um_00136_00215-1,1.5535665
s_016um_00166_00374-1,1.2412429
s_016um_00398_00366-1,1.2637223
s_016um_00370_00141-1,1.2491442
s_016um_00237_00360-1,1.2234863
s_016um_00008_00155-1,1.2639995
s_016um_00363_00227-1,1.2588255
s_016um_00384_00139-1,1.2499604
s_016um_00396_00367-1,1.463131
s_016um_00246_00085-1,1.3108667
s_016um_00221_00010-1,1.2174318
s_016um_00249_00026-1,1.179092
s_016um_00394_00342-1,1.2266479
s_016um_00392_00339-1,1.2280445
s_016um_00324_00304-1,1.2918329
s_016um_00394_00186-1,1.2551998
s_016um_00121_00147-1,1.2149445
s_016um_00272_00031-1,1.5088181
s_016um_00323_00304-1,1.2411784
s_016um_00217_00233-1,1.3312323
s_016um_00377_00140-1,1.3280447
s_016um_00270_00330-1,1.3666282
s_016um_00083_00035-1,1.3127369
s_016um_00406_00398-1,1.9265928
s_016um_00352_00089-1,1.277637
s_016um_00367_00101-1,1.2994915
s_016um_00066_00238-1,1.2848449
s_016um_00221_00014-1,1.3247491
s_016um_00222_00030-1,1.4126732
s_016um_00272_00222-1,1.3211318
s_016um_00195_00095-1,1.19391
s_016um_00217_00015-1,1.0954212
s_016um_00016_00266-1,1.2996314
s_016um_00226_00329-1,1.2376554
s_016um_00215_00297-1,1.3051752
s_016um_00095_00271-1,1.2806058
s_016um_00236_00266-1,1.1691471
s_016um_00188_00094-1,1.2223307
s_016um_00274_00333-1,1.2395831
s_016um_00395_00369-1,1.3929864
s_016um_00163_00126-1,1.2756852
s_016um_00095_00339-1,1.2142777
s_016um_00076_00300-1,1.1373309
s_016um_00234_00359-1,1.2409881
s_016um_00090_00067-1,1.1840127
s_016um_00034_00008-1,1.2086891
s_016um_00040_00212-1,1.3667488
s_016um_00082_00240-1,1.1581807
s_016um_00271_00231-1,1.2134947
s_016um_00271_00057-1,1.252036
s_016um_00273_00133-1,1.2263626
s_016um_00330_00254-1,1.3106691
s_016um_00070_00248-1,1.2492536
s_016um_00062_00125-1,1.1954819
s_016um_00362_00228-1,1.2257882
s_016um_00277_00313-1,1.2407191
s_016um_00126_00388-1,1.3903774
s_016um_00329_00123-1,1.2965333
s_016um_00358_00119-1,1.1816812
s_016um_00328_00225-1,1.2198012
s_016um_00373_00147-1,1.3978155
s_016um_00276_00203-1,1.2102885
s_016um_00372_00147-1,1.3645011
s_016um_00006_00155-1,1.2537999
s_016um_00145_00057-1,1.2189461
s_016um_00326_00226-1,1.3029639
s_016um_00222_00172-1,1.2190062
s_016um_00057_00248-1,1.1262969
s_016um_00083_00267-1,1.2374095
s_016um_00397_00216-1,1.2330772
s_016um_00341_00400-1,1.4031332
s_016um_00075_00299-1,1.174112
s_016um_00236_00362-1,1.2410346
s_016um_00077_00240-1,1.1968042
s_016um_00365_00100-1,1.1999748
s_016um_00370_00117-1,1.1696783
s_016um_00407_00102-1,1.4213805
s_016um_00401_00396-1,1.7520573
s_016um_00229_00332-1,1.2752819
s_016um_00120_00146-1,1.2112201
s_016um_00040_00174-1,1.2605112
s_016um_00340_00216-1,1.2969463
s_016um_00105_00383-1,1.2851778
s_016um_00410_00102-1,1.2019405
s_016um_00267_00059-1,1.2657148
s_016um_00338_00397-1,1.7226256
s_016um_00134_00232-1,1.1837566
s_016um_00402_00126-1,1.375412
s_016um_00254_00034-1,1.2328345
s_016um_00136_00318-1,1.4863461
s_016um_00131_00094-1,1.1173346
s_016um_00394_00338-1,1.1346163
s_016um_00222_00174-1,1.2724875
s_016um_00037_00103-1,1.2085843
s_016um_00376_00121-1,1.2230859
s_016um_00402_00398-1,1.7904322
s_016um_00327_00228-1,1.3187661
s_016um_00041_00205-1,1.3472425
s_016um_00005_00211-1,1.2090364
s_016um_00271_00030-1,1.2610731
s_016um_00324_00230-1,1.1791098
s_016um_00394_00343-1,1.2464298
s_016um_00203_00146-1,1.2704298
s_016um_00067_00128-1,1.1800809
s_016um_00218_00281-1,1.3869443
s_016um_00014_00297-1,1.3029531
s_016um_00221_00226-1,1.1694741
s_016um_00183_00025-1,1.1601622
s_016um_00075_00247-1,1.1902148
s_016um_00035_00104-1,1.2258053
s_016um_00135_00218-1,1.2021413
s_016um_00396_00368-1,1.2596266
s_016um_00168_00127-1,1.4246484
s_016um_00216_00232-1,1.1696944
s_016um_00254_00029-1,1.310116
s_016um_00263_00192-1,1.1879969
s_016um_00264_00186-1,1.4540858
s_016um_00084_00035-1,1.3042682
s_016um_00040_00205-1,1.2535678
s_016um_00372_00144-1,1.3557315
s_016um_00126_00389-1,1.1441902
s_016um_00128_00319-1,1.3391263
s_016um_00008_00294-1,1.2118778
s_016um_00277_00052-1,1.6670426
s_016um_00102_00065-1,1.325892
s_016um_00092_00269-1,1.2130898
s_016um_00262_00030-1,1.2708081
s_016um_00129_00315-1,1.3266405
s_016um_00338_00405-1,1.3971368
s_016um_00173_00375-1,1.1719265
s_016um_00356_00121-1,1.3413434
s_016um_00269_00061-1,1.3281101
s_016um_00010_00300-1,1.3150699
s_016um_00093_00338-1,1.2093421
s_016um_00006_00300-1,1.2701144
s_016um_00353_00026-1,1.505064
s_016um_00330_00257-1,1.3456613
s_016um_00243_00090-1,1.2998078
s_016um_00082_00297-1,1.2303573
s_016um_00145_00058-1,1.2794012
s_016um_00399_00262-1,1.2354175
s_016um_00074_00250-1,1.2458472
s_016um_00337_00399-1,1.4801445
s_016um_00233_00091-1,1.2777435
s_016um_00105_00390-1,1.3258462
s_016um_00141_00022-1,1.3754413
s_016um_00037_00041-1,1.1744648
s_016um_00239_00087-1,1.3006833
s_016um_00102_00071-1,1.346613
s_016um_00174_00377-1,1.1662703
s_016um_00338_00404-1,1.3959278
s_016um_00036_00007-1,1.1464984
s_016um_00171_00376-1,1.2615619
s_016um_00277_00134-1,1.1766913
s_016um_00066_00131-1,1.200019
s_016um_00150_00394-1,1.2983583
s_016um_00134_00233-1,1.1530533
s_016um_00359_00411-1,1.6958251
s_016um_00276_00209-1,1.153419
s_016um_00380_00136-1,1.276466
s_016um_00039_00210-1,1.3020227
s_016um_00406_00144-1,1.2976599
s_016um_00339_00397-1,1.457681
s_016um_00117_00145-1,1.2686815
s_016um_00139_00058-1,1.219944
s_016um_00341_00214-1,1.3156639
s_016um_00093_00321-1,1.2049234
s_016um_00037_00047-1,1.275242
s_016um_00254_00032-1,1.208372
s_016um_00034_00105-1,1.2462077
s_016um_00055_00250-1,1.2044655
s_016um_00053_00243-1,1.2281917
s_016um_00009_00299-1,1.1965631
s_016um_00367_00141-1,1.2221766
s_016um_00279_00047-1,1.2267396
s_016um_00094_00271-1,1.237822
s_016um_00207_00149-1,1.1754398
s_016um_00352_00024-1,1.3070072
s_016um_00416_00137-1,1.2425741
s_016um_00084_00195-1,1.4720975
s_016um_00270_00061-1,1.1700821
s_016um_00346_00219-1,1.2353615
s_016um_00236_00356-1,1.2509556
s_016um_00203_00144-1,1.3297857
s_016um_00161_00292-1,1.1869599
s_016um_00128_00387-1,1.2807542
s_016um_00043_00203-1,1.2958319
s_016um_00407_00122-1,1.146532
s_016um_00072_00246-1,1.2649286
s_016um_00385_00136-1,1.2483397
s_016um_00348_00214-1,1.3344471
s_016um_00219_00230-1,1.2642044
s_016um_00331_00215-1,1.249317
s_016um_00381_00126-1,1.2719076
s_016um_00218_00227-1,1.166021
s_016um_00045_00239-1,1.2104737
s_016um_00154_00398-1,1.2556046
s_016um_00385_00131-1,1.2489842
s_016um_00385_00126-1,1.499743
s_016um_00035_00007-1,1.2175322
s_016um_00233_00086-1,1.2525424
s_016um_00276_00043-1,1.2612305
s_016um_00234_00086-1,1.2529805
s_016um_00157_00286-1,1.3856552
s_016um_00079_00291-1,1.2714143
s_016um_00277_00323-1,1.1785457
s_016um_00072_00251-1,1.1566195
s_016um_00288_00097-1,1.224082
s_016um_00415_00136-1,1.3219793
s_016um_00164_00128-1,1.2419897
s_016um_00130_00090-1,1.2014273
s_016um_00225_00331-1,1.2482644
s_016um_00397_00218-1,1.3736843
s_016um_00082_00242-1,1.1117896
s_016um_00116_00147-1,1.3377258
s_016um_00227_00249-1,1.1457307
s_016um_00095_00279-1,1.252731
s_016um_00056_00246-1,1.3044956
s_016um_00334_00253-1,1.3410342
s_016um_00252_00019-1,1.2684219
s_016um_00139_00021-1,1.1976818
s_016um_00319_00164-1,1.2714837
s_016um_00111_00313-1,1.1383452
s_016um_00247_00022-1,1.2615693
s_016um_00150_00398-1,1.2341667
s_016um_00044_00218-1,1.2690935
s_016um_00057_00251-1,1.1878324
s_016um_00132_00316-1,1.416754
s_016um_00276_00329-1,1.2062504
s_016um_00109_00317-1,1.2633421
s_016um_00393_00340-1,1.2437593
s_016um_00218_00173-1,1.2505579
s_016um_00280_00048-1,1.3091749
s_016um_00246_00090-1,1.3573068
s_016um_00044_00175-1,1.2455007
s_016um_00045_00244-1,1.2009472
s_016um_00321_00300-1,1.343835
s_016um_00369_00144-1,1.3388935
s_016um_00086_00073-1,1.3636582
s_016um_00374_00118-1,1.4427499
s_016um_00326_00224-1,1.2906712
s_016um_00141_00015-1,1.2868778
s_016um_00081_00193-1,1.3193959
s_016um_00124_00386-1,1.4472866
s_016um_00011_00151-1,1.188416
s_016um_00107_00387-1,1.2336868
s_016um_00397_00374-1,1.3659222
s_016um_00241_00083-1,1.2965575
s_016um_00360_00418-1,1.1983864
s_016um_00092_00273-1,1.2146752
s_016um_00269_00030-1,1.263982
s_016um_00359_00413-1,1.5992672
s_016um_00232_00362-1,1.2035342
s_016um_00233_00266-1,1.2676226
s_016um_00223_00239-1,1.2498286
s_016um_00136_00319-1,1.3773566
s_016um_00275_00209-1,1.2042034
s_016um_00246_00023-1,1.2720126
s_016um_00405_00125-1,1.2365487
s_016um_00130_00230-1,1.2049038
s_016um_00234_00092-1,1.3858109
s_016um_00364_00230-1,1.2962304
s_016um_00147_00058-1,1.1973081
s_016um_00039_00009-1,1.2013049
s_016um_00148_00401-1,1.3627553
s_016um_00080_00292-1,1.248028
s_016um_00393_00294-1,1.2434928
s_016um_00357_00415-1,2.0690894
s_016um_00248_00025-1,1.3129189
s_016um_00085_00073-1,1.2592427
s_016um_00397_00180-1,1.260311
s_016um_00396_00180-1,1.2802316
s_016um_00096_00274-1,1.2256445
s_016um_00120_00143-1,1.3583254
s_016um_00246_00089-1,1.240563
s_016um_00011_00157-1,1.1756018
s_016um_00264_00128-1,1.2800152
s_016um_00095_00029-1,1.3088793
s_016um_00036_00099-1,1.1477853
s_016um_00097_00027-1,1.2052544
s_016um_00192_00094-1,1.2190174
s_016um_00171_00127-1,1.1978469
s_016um_00123_00150-1,1.3101234
s_016um_00213_00290-1,1.2361928
s_016um_00400_00398-1,1.8965304
s_016um_00394_00360-1,1.3305106
s_016um_00229_00235-1,1.2081152
s_016um_00029_00336-1,1.18394
s_016um_00034_00010-1,1.2632358
s_016um_00145_00056-1,1.1606617
s_016um_00372_00125-1,1.2112169
s_016um_00216_00284-1,1.3081472
s_016um_00272_00202-1,1.2512223
s_016um_00036_00042-1,1.1995094
s_016um_00043_00217-1,1.2202901
s_016um_00272_00330-1,1.2368125
s_016um_00145_00396-1,1.1725354
s_016um_00215_00029-1,1.2693968
s_016um_00100_00069-1,1.3348448
s_016um_00100_00067-1,1.1595491
s_016um_00040_00204-1,1.265963
s_016um_00013_00299-1,1.1709777
s_016um_00089_00065-1,1.1356914
s_016um_00279_00133-1,1.239436
s_016um_00218_00229-1,1.1819721
s_016um_00006_00152-1,1.2278291
s_016um_00326_00229-1,1.2273481
s_016um_00259_00031-1,1.3312918
s_016um_00396_00358-1,1.27998
s_016um_00124_00090-1,1.2116506
s_016um_00018_00270-1,1.2518203
s_016um_00269_00224-1,1.169072
s_016um_00162_00293-1,1.1949387
s_016um_00027_00333-1,1.3099201
s_016um_00403_00149-1,1.2409359
s_016um_00350_00019-1,1.263172
s_016um_00406_00123-1,1.2131357
s_016um_00036_00100-1,1.2592658
s_016um_00102_00072-1,1.2100978
s_016um_00130_00387-1,1.282847
s_016um_00267_00333-1,1.3100971
s_016um_00191_00128-1,1.4160271
s_016um_00359_00416-1,1.7771268
s_016um_00218_00017-1,1.2215065
s_016um_00388_00344-1,1.2118607
s_016um_00079_00301-1,1.2339023
s_016um_00287_00100-1,1.1927419
s_016um_00084_00031-1,1.2427644
s_016um_00221_00169-1,1.2364734
s_016um_00044_00042-1,1.2628051
s_016um_00229_00329-1,1.1148332
s_016um_00343_00218-1,1.2879747
s_016um_00082_00196-1,1.4189413
s_016um_00270_00030-1,1.2408636
s_016um_00362_00416-1,1.5795403
s_016um_00053_00244-1,1.224938
s_016um_00390_00182-1,1.3109919
s_016um_00099_00028-1,1.2761116
s_016um_00386_00132-1,1.3978049
s_016um_00328_00123-1,1.1781524
s_016um_00071_00235-1,1.2173318
s_016um_00224_00335-1,1.2341145
s_016um_00108_00386-1,1.2786155
s_016um_00386_00127-1,1.3161829
s_016um_00138_00069-1,1.1749984
s_016um_00099_00024-1,1.4212266
s_016um_00286_00092-1,1.197134
s_016um_00238_00186-1,1.1947916
s_016um_00371_00096-1,1.2109953
s_016um_00043_00237-1,1.232078
s_016um_00189_00123-1,1.311362
s_016um_00063_00126-1,1.2044877
s_016um_00084_00286-1,1.2522062
s_016um_00291_00094-1,1.309631
s_016um_00128_00089-1,1.4527571
s_016um_00340_00397-1,1.5644523
s_016um_00267_00328-1,1.2154098
s_016um_00217_00280-1,1.2919945
s_016um_00269_00331-1,1.2404448
s_016um_00393_00343-1,1.3268269
s_016um_00213_00297-1,1.2133415
s_016um_00276_00049-1,1.2309843
s_016um_00410_00152-1,1.2908068
s_016um_00254_00023-1,1.1831038
s_016um_00322_00230-1,1.3713309
s_016um_00397_00221-1,1.3365508
s_016um_00092_00322-1,1.2199618
s_016um_00039_00102-1,1.3262475
s_016um_00217_00018-1,1.1890411
s_016um_00232_00089-1,1.3882946
s_016um_00268_00058-1,1.3500005
s_016um_00341_00396-1,1.2228366
s_016um_00277_00209-1,1.2723913
s_016um_00400_00257-1,1.3182052
s_016um_00278_00319-1,1.3401179
s_016um_00038_00097-1,1.2585241
s_016um_00084_00201-1,1.1376277
s_016um_00250_00024-1,1.2940354
s_016um_00404_00259-1,1.3197107
s_016um_00005_00295-1,1.2086929
s_016um_00142_00018-1,1.2605679
s_016um_00087_00272-1,1.2430112
s_016um_00133_00093-1,1.2959095
s_016um_00130_00088-1,1.493746
s_016um_00275_00311-1,1.3949109
s_016um_00256_00028-1,1.378138
s_016um_00078_00248-1,1.3312359
s_016um_00098_00030-1,1.264617
s_016um_00108_00316-1,1.2827907
s_016um_00234_00262-1,1.1996938
s_016um_00216_00282-1,1.2087109
s_016um_00404_00395-1,2.0786986
s_016um_00220_00282-1,1.3596842
s_016um_00190_00126-1,1.2465448
s_016um_00309_00056-1,1.3661022
s_016um_00351_00115-1,1.3741854
s_016um_00370_00123-1,1.2938635
s_016um_00180_00032-1,1.1784481
s_016um_00083_00195-1,1.35805
s_016um_00244_00081-1,1.2910076
s_016um_00229_00263-1,1.2838722
s_016um_00259_00128-1,1.302185
s_016um_00397_00219-1,1.2447604
s_016um_00065_00233-1,1.3850782
s_016um_00164_00125-1,1.2445282
s_016um_00019_00272-1,1.1647805
s_016um_00357_00287-1,1.2283832
s_016um_00403_00400-1,1.8349369
s_016um_00163_00287-1,1.2641301
s_016um_00374_00143-1,1.2994258
s_016um_00281_00327-1,1.2120526
s_016um_00277_00202-1,1.2948225
s_016um_00115_00317-1,1.2236179
s_016um_00233_00354-1,1.2612327
s_016um_00379_00133-1,1.1500703
s_016um_00007_00299-1,1.2056832
s_016um_00348_00020-1,1.2753882
s_016um_00086_00266-1,1.2451959
s_016um_00274_00138-1,1.3758802
s_016um_00039_00179-1,1.2645184
s_016um_00350_00025-1,1.1978164
s_016um_00082_00294-1,1.1895199
s_016um_00132_00093-1,1.1996938
s_016um_00163_00128-1,1.145588
s_016um_00235_00187-1,1.2035608
s_016um_00040_00178-1,1.1694889
s_016um_00262_00191-1,1.3277936
s_016um_00378_00134-1,1.292747
s_016um_00261_00130-1,1.3386573
s_016um_00140_00058-1,1.2447323
s_016um_00392_00341-1,1.2950715
s_016um_00079_00294-1,1.1498667
s_016um_00237_00187-1,1.2060864
s_016um_00400_00128-1,1.2405905
s_016um_00403_00152-1,1.3287737
s_016um_00098_00031-1,1.3244938
s_016um_00238_00091-1,1.3786846
s_016um_00268_00223-1,1.331675
s_016um_00267_00056-1,1.2848959
s_016um_00236_00264-1,1.3047965
s_016um_00240_00091-1,1.2372491
s_016um_00308_00060-1,1.2455933
s_016um_00350_00018-1,1.2897384
s_016um_00277_00317-1,1.3170493
s_016um_00218_00284-1,1.2734873
s_016um_00275_00323-1,1.2119403
s_016um_00146_00020-1,1.1587868
s_016um_00082_00269-1,1.2203475
s_016um_00133_00231-1,1.2164198
s_016um_00043_00214-1,1.3167946
s_016um_00243_00188-1,1.2326602
s_016um_00368_00141-1,1.1805443
s_016um_00218_00027-1,1.1917276
s_016um_00063_00129-1,1.2220267
s_016um_00403_00121-1,1.2933261
s_016um_00044_00048-1,1.1187639
s_016um_00217_00027-1,1.2559898
s_016um_00007_00298-1,1.1788971
s_016um_00265_00333-1,1.2530705
s_016um_00166_00121-1,1.3884902
s_016um_00359_00118-1,1.2855796
s_016um_00351_00120-1,1.2314982
s_016um_00139_00069-1,1.1925197
s_016um_00037_00175-1,1.207726
s_016um_00043_00219-1,1.1909447
s_016um_00339_00401-1,1.566094
s_016um_00391_00177-1,1.3102148
s_016um_00115_00145-1,1.5081038
s_016um_00110_00312-1,1.209649
s_016um_00353_00114-1,1.2846906
s_016um_00028_00330-1,1.3033154
s_016um_00393_00217-1,1.3011546
s_016um_00234_00357-1,1.1992784
s_016um_00008_00298-1,1.2300907
s_016um_00239_00088-1,1.537869
s_016um_00322_00231-1,1.3583533
s_016um_00080_00239-1,1.1933186
s_016um_00220_00165-1,1.2938843
s_016um_00268_00031-1,1.2564912
s_016um_00016_00270-1,1.2372737
s_016um_00038_00100-1,1.2196604
s_016um_00351_00090-1,1.2718228
s_016um_00045_00245-1,1.2361207
s_016um_00257_00030-1,1.2241523
s_016um_00277_00044-1,1.2274469
s_016um_00082_00031-1,1.2200221
s_016um_00358_00097-1,1.2824646
s_016um_00397_00360-1,1.2871143
s_016um_00220_00231-1,1.2466272
s_016um_00355_00287-1,1.434576
s_016um_00086_00270-1,1.2249165
s_016um_00379_00134-1,1.2758839
s_016um_00149_00393-1,1.2590008
s_016um_00264_00054-1,1.3534242
s_016um_00412_00103-1,1.2387702
s_016um_00262_00131-1,1.332468
s_016um_00325_00167-1,1.2135583
s_016um_00048_00213-1,1.1899041
s_016um_00227_00233-1,1.294252
s_016um_00189_00125-1,1.2374545
s_016um_00067_00132-1,1.1556427
s_016um_00270_00229-1,1.217833
s_016um_00132_00317-1,1.3667293
s_016um_00407_00104-1,1.2011619
s_016um_00261_00032-1,1.2477822
s_016um_00222_00249-1,1.2426827
s_016um_00098_00318-1,1.2364241
s_016um_00128_00230-1,1.2034935
s_016um_00220_00229-1,1.2326901
s_016um_00397_00363-1,1.1838653
s_016um_00100_00023-1,1.24612
s_016um_00081_00236-1,1.4144187
s_016um_00216_00278-1,1.2845271
s_016um_00353_00024-1,1.3484594
s_016um_00076_00252-1,1.4659412
s_016um_00322_00169-1,1.3971756
s_016um_00121_00150-1,1.1598043
s_016um_00332_00212-1,1.163902
s_016um_00042_00237-1,1.2100022
s_016um_00382_00140-1,1.2328271
s_016um_00354_00118-1,1.3430738
s_016um_00119_00142-1,1.3137453
s_016um_00128_00227-1,1.180014
s_016um_00337_00402-1,1.2777214
s_016um_00079_00194-1,1.3849051
s_016um_00370_00146-1,1.3046458
s_016um_00183_00029-1,1.1037661
s_016um_00332_00121-1,1.3995031
s_016um_00086_00272-1,1.1719173
s_016um_00047_00214-1,1.2375345
s_016um_00086_00267-1,1.2851752
s_016um_00166_00371-1,1.2710564
s_016um_00262_00134-1,1.2231889
s_016um_00403_00260-1,1.2430223
s_016um_00395_00185-1,1.3100213
s_016um_00085_00201-1,1.1654269
s_016um_00273_00222-1,1.2775451
s_016um_00274_00044-1,1.3257253
s_016um_00066_00130-1,1.1347144
s_016um_00250_00022-1,1.2312009
s_016um_00405_00151-1,1.3109411
s_016um_00083_00273-1,1.2538296
s_016um_00324_00226-1,1.3858664
s_016um_00257_00025-1,1.3246948
s_016um_00236_00086-1,1.3613198
s_016um_00115_00148-1,1.3537036
s_016um_00354_00090-1,1.1633828
s_016um_00224_00327-1,1.4187003
s_016um_00161_00289-1,1.2399698
s_016um_00208_00296-1,1.1802511
s_016um_00034_00333-1,1.2353063
s_016um_00322_00301-1,1.25861
s_016um_00178_00031-1,1.1648033
s_016um_00375_00123-1,1.2494701
s_016um_00081_00278-1,1.1610116
s_016um_00211_00296-1,1.2428931
s_016um_00066_00133-1,1.1134826
s_016um_00041_00174-1,1.193397
s_016um_00097_00071-1,1.3083223
s_016um_00145_00019-1,1.2334824
s_016um_00168_00125-1,1.3505063
s_016um_00057_00246-1,1.3183533
s_016um_00102_00389-1,1.2972238
s_016um_00269_00227-1,1.2610191
s_016um_00127_00089-1,1.3090339
s_016um_00113_00316-1,1.1927327
s_016um_00392_00337-1,1.3122516
s_016um_00019_00266-1,1.2199985
s_016um_00147_00398-1,1.2221066
s_016um_00385_00132-1,1.2678351
s_016um_00353_00095-1,1.300583
s_016um_00408_00145-1,1.2257601
s_016um_00322_00170-1,1.258611
s_016um_00372_00096-1,1.1979566
s_016um_00262_00187-1,1.0943416
s_016um_00018_00266-1,1.2864629
s_016um_00046_00217-1,1.2738625
s_016um_00037_00044-1,1.1668288
s_016um_00023_00268-1,1.2123486
s_016um_00028_00089-1,1.2470578
s_016um_00271_00061-1,1.2180197
s_016um_00399_00127-1,1.264678
s_016um_00132_00229-1,1.2114661
s_016um_00324_00298-1,1.2839098
s_016um_00222_00011-1,1.1661254
s_016um_00040_00048-1,1.1984726
s_016um_00261_00331-1,1.2525027
s_016um_00258_00187-1,1.266625
s_016um_00275_00314-1,1.3448308
s_016um_00267_00035-1,1.2580987
s_016um_00276_00207-1,1.2785578
s_016um_00263_00135-1,1.4452543
s_016um_00083_00065-1,1.1718272
s_016um_00406_00147-1,1.1702672
s_016um_00414_00143-1,1.2185584
s_016um_00399_00220-1,1.2898941
s_016um_00382_00128-1,1.2134482
s_016um_00096_00031-1,1.1813836
s_016um_00343_00212-1,1.3827789
s_016um_00055_00247-1,1.2994913
s_016um_00066_00129-1,1.2170415
s_016um_00397_00259-1,1.284932
s_016um_00040_00099-1,1.2276464
s_016um_00366_00222-1,1.2406914
s_016um_00218_00169-1,1.4331477
s_016um_00277_00129-1,1.2497613
s_016um_00069_00131-1,1.2222548
s_016um_00359_00094-1,1.2330831
s_016um_00352_00097-1,1.3254318
s_016um_00381_00132-1,1.3022603
s_016um_00077_00244-1,1.1643617
s_016um_00359_00120-1,1.2473451
s_016um_00277_00319-1,1.2634912
s_016um_00406_00126-1,1.2017713
s_016um_00396_00341-1,1.218764
s_016um_00341_00218-1,1.2345647
s_016um_00402_00151-1,1.2485902
s_016um_00285_00092-1,1.1797707
s_016um_00045_00208-1,1.1924914
s_016um_00019_00267-1,1.2127365
s_016um_00355_00288-1,1.3603121
s_016um_00396_00364-1,1.290928
s_016um_00030_00336-1,1.223181
s_016um_00369_00139-1,1.2173707
s_016um_00061_00245-1,1.3235732
s_016um_00222_00334-1,1.2087736
s_016um_00327_00119-1,1.4092292
s_016um_00272_00045-1,1.3118364
s_016um_00092_00318-1,1.2822927
s_016um_00261_00133-1,1.2018502
s_016um_00161_00290-1,1.2687598
s_016um_00224_00026-1,1.4227875
s_016um_00319_00302-1,1.330518
s_016um_00211_00292-1,1.5058439
s_016um_00270_00054-1,1.3815589
s_016um_00280_00046-1,1.1816018
s_016um_00040_00101-1,1.2242341
s_016um_00273_00336-1,1.2179849
s_016um_00399_00373-1,1.7121103
s_016um_00141_00217-1,1.2366078
s_016um_00394_00344-1,1.4406896
s_016um_00327_00213-1,1.2060323
s_016um_00286_00095-1,1.2336817
s_016um_00272_00229-1,1.2067316
s_016um_00355_00088-1,1.3011415
s_016um_00351_00018-1,1.2170843
s_016um_00271_00035-1,1.1992148
s_016um_00085_00197-1,1.2943342
s_016um_00141_00220-1,1.2419982
s_016um_00372_00126-1,1.3287265
s_016um_00019_00271-1,1.2222823
s_016um_00388_00340-1,1.2408693
s_016um_00211_00291-1,1.3601478
s_016um_00220_00172-1,1.2993437
s_016um_00218_00226-1,1.2263756
s_016um_00328_00218-1,1.1564579
s_016um_00330_00252-1,1.2847806
s_016um_00107_00389-1,1.3571514
s_016um_00074_00296-1,1.2737573
s_016um_00280_00045-1,1.2209762
s_016um_00273_00318-1,1.319475
s_016um_00251_00023-1,1.3165833
s_016um_00349_00018-1,1.2757506
s_016um_00372_00143-1,1.513528
s_016um_00267_00132-1,1.2322809
s_016um_00219_00169-1,1.1661564
s_016um_00400_00220-1,1.2362318
s_016um_00268_00034-1,1.246601
s_016um_00263_00329-1,1.1540372
s_016um_00222_00329-1,1.2054689
s_016um_00326_00298-1,1.3033139
s_016um_00351_00025-1,1.2110718
s_016um_00344_00218-1,1.3314326
s_016um_00369_00096-1,1.1880811
s_016um_00333_00256-1,1.3204387
s_016um_00134_00230-1,1.1739683
s_016um_00069_00127-1,1.1454841
s_016um_00324_00227-1,1.188729
s_016um_00326_00124-1,1.2943113
s_016um_00392_00297-1,1.6168517
s_016um_00253_00032-1,1.2005285
s_016um_00278_00206-1,1.188529
s_016um_00055_00245-1,1.1714746
s_016um_00100_00388-1,1.3137826
s_016um_00224_00238-1,1.292779
s_016um_00273_00030-1,1.3056256
s_016um_00394_00185-1,1.264525
s_016um_00004_00297-1,1.2833838
s_016um_00329_00124-1,1.175145
s_016um_00179_00033-1,1.3121507
s_016um_00398_00183-1,1.2475103
s_016um_00010_00207-1,1.185841
s_016um_00278_00327-1,1.1590289
s_016um_00088_00034-1,1.1743909
s_016um_00285_00095-1,1.2905234
s_016um_00239_00188-1,1.2125276
s_016um_00314_00056-1,1.280101
s_016um_00262_00133-1,1.3247722
s_016um_00067_00238-1,1.3013488
s_016um_00040_00104-1,1.1827344
s_016um_00379_00132-1,1.2829301
s_016um_00379_00136-1,1.2699827
s_016um_00075_00242-1,1.290175
s_016um_00127_00090-1,1.3382034
s_016um_00227_00332-1,1.2517744
s_016um_00404_00397-1,1.9541097
s_016um_00046_00208-1,1.1692946
s_016um_00403_00397-1,2.1393547
s_016um_00352_00090-1,1.2036085
s_016um_00391_00342-1,1.3805622
s_016um_00124_00147-1,1.2505417
s_016um_00222_00245-1,1.1627562
s_016um_00040_00207-1,1.2388725
s_016um_00394_00364-1,1.298376
s_016um_00249_00021-1,1.3188784
s_016um_00087_00071-1,1.3475817
s_016um_00025_00089-1,1.1092312
s_016um_00274_00323-1,1.1967722
s_016um_00130_00390-1,1.1892157
s_016um_00390_00178-1,1.2566025
s_016um_00056_00244-1,1.234435
s_016um_00404_00148-1,1.2609681
s_016um_00215_00027-1,1.191587
s_016um_00405_00147-1,1.2630585
s_016um_00333_00213-1,1.1719724
s_016um_00403_00256-1,1.27439
s_016um_00031_00329-1,1.3109145
s_016um_00015_00264-1,1.2540237
s_016um_00280_00315-1,1.1816409
s_016um_00062_00132-1,1.1499457
s_016um_00411_00100-1,1.2642409
s_016um_00058_00247-1,1.2590101
s_016um_00150_00400-1,1.2909012
s_016um_00265_00133-1,1.2101103
s_016um_00386_00128-1,1.2028631
s_016um_00022_00270-1,1.156183
s_016um_00403_00261-1,1.3591104
s_016um_00362_00227-1,1.250295
s_016um_00195_00123-1,1.221169
s_016um_00366_00100-1,1.3839093
s_016um_00352_00091-1,1.1275557
s_016um_00261_00128-1,1.3040173
s_016um_00078_00285-1,1.3010089
s_016um_00266_00129-1,1.2701237
s_016um_00369_00228-1,1.3051145
s_016um_00030_00330-1,1.1653024
s_016um_00209_00030-1,1.2872943
s_016um_00138_00217-1,1.2480121
s_016um_00144_00021-1,1.1861182
s_016um_00021_00272-1,1.3032557
s_016um_00324_00232-1,1.1568261
s_016um_00077_00292-1,1.3004228
s_016um_00035_00097-1,1.1703244
s_016um_00276_00315-1,1.4817362
s_016um_00161_00293-1,1.1728685
s_016um_00033_00330-1,1.2303302
s_016um_00113_00314-1,1.113206
s_016um_00114_00320-1,1.2393577
s_016um_00016_00264-1,1.201679
s_016um_00270_00031-1,1.2984196
s_016um_00268_00056-1,1.4837139
s_016um_00277_00311-1,1.2296181
s_016um_00119_00152-1,1.1812909
s_016um_00079_00296-1,1.218109
s_016um_00053_00247-1,1.2999333
s_016um_00280_00134-1,1.2425305
s_016um_00163_00127-1,1.3513165
s_016um_00276_00210-1,1.1741228
s_016um_00109_00318-1,1.2843486
s_016um_00032_00089-1,1.2390732
s_016um_00320_00300-1,1.3091189
s_016um_00281_00312-1,1.2090998
s_016um_00221_00229-1,1.2283838
s_016um_00195_00091-1,1.1895738
s_016um_00232_00359-1,1.3323859
s_016um_00070_00235-1,1.2353671
s_016um_00069_00237-1,1.3029572
s_016um_00142_00059-1,1.2108703
s_016um_00182_00028-1,1.1877476
s_016um_00218_00012-1,1.227528
s_016um_00073_00252-1,1.387887
s_016um_00237_00091-1,1.2742113
s_016um_00010_00156-1,1.2213695
s_016um_00042_00202-1,1.2544234
s_016um_00271_00205-1,1.2179378
s_016um_00094_00025-1,1.1868613
s_016um_00221_00234-1,1.259327
s_016um_00044_00206-1,1.1566765
s_016um_00127_00384-1,1.3001723
s_016um_00355_00292-1,1.2562414
s_016um_00027_00084-1,1.2564942
s_016um_00369_00095-1,1.1878163
s_016um_00041_00177-1,1.1922703
s_016um_00400_00399-1,2.110025
s_016um_00111_00316-1,1.2703657
s_016um_00279_00206-1,1.2580403
s_016um_00284_00095-1,1.2472696
s_016um_00397_00357-1,1.4520078
s_016um_00221_00028-1,1.2808546
s_016um_00167_00129-1,1.2946259
s_016um_00355_00413-1,1.8145727
s_016um_00165_00287-1,1.2963288
s_016um_00217_00031-1,1.2500881
s_016um_00084_00281-1,1.2220113
s_016um_00067_00237-1,1.3124915
s_016um_00286_00098-1,1.2804121
s_016um_00195_00126-1,1.2671396
s_016um_00400_00372-1,1.2488652
s_016um_00195_00127-1,1.1943017
s_016um_00153_00401-1,1.21262
s_016um_00195_00125-1,1.3078841
s_016um_00268_00334-1,1.2680675
s_016um_00143_00059-1,1.2468715
s_016um_00214_00277-1,1.1593386
s_016um_00225_00234-1,1.2132607
s_016um_00135_00320-1,1.5761695
s_016um_00099_00026-1,1.4143074
s_016um_00325_00227-1,1.2782726
s_016um_00382_00136-1,1.2527372
s_016um_00266_00061-1,1.3843807
s_016um_00339_00402-1,1.3210089
s_016um_00268_00333-1,1.222525
s_016um_00145_00395-1,1.2502054
s_016um_00177_00030-1,1.2338643
s_016um_00230_00355-1,1.1513445
s_016um_00323_00168-1,1.3579895
s_016um_00323_00306-1,1.2421155
s_016um_00097_00276-1,1.25546
s_016um_00094_00028-1,1.228741
s_016um_00015_00269-1,1.226282
s_016um_00277_00137-1,1.2095587
s_016um_00278_00202-1,1.2286086
s_016um_00382_00131-1,1.2745041
s_016um_00221_00023-1,1.3038191
s_016um_00369_00147-1,1.3219975
s_016um_00128_00086-1,1.3394767
s_016um_00069_00238-1,1.342195
s_016um_00183_00026-1,1.194642
s_016um_00404_00147-1,1.2549165
s_016um_00221_00173-1,1.400939
s_016um_00093_00272-1,1.252108
s_016um_00189_00097-1,1.2300526
s_016um_00173_00374-1,1.1911576
s_016um_00278_00136-1,1.1730143
s_016um_00082_00239-1,1.2681712
s_016um_00116_00148-1,1.2345262
s_016um_00082_00071-1,1.1995802
s_016um_00224_00248-1,1.2241039
s_016um_00208_00290-1,1.2529354
s_016um_00276_00327-1,1.4177439
s_016um_00340_00218-1,1.2773166
s_016um_00350_00020-1,1.2952025
s_016um_00127_00387-1,1.3290929
s_016um_00086_00201-1,1.2230428
s_016um_00044_00176-1,1.2041572
s_016um_00141_00016-1,1.2139627
s_016um_00218_00014-1,1.2732328
s_016um_00032_00337-1,1.1935261
s_016um_00392_00299-1,1.3070815
s_016um_00402_00397-1,2.0113707
s_016um_00395_00371-1,1.183516
s_016um_00204_00151-1,1.3362654
s_016um_00380_00129-1,1.3122092
s_016um_00408_00399-1,1.9298134
s_016um_00211_00029-1,1.2087568
s_016um_00080_00267-1,1.229926
s_016um_00108_00314-1,1.2846017
s_016um_00041_00175-1,1.2846563
s_016um_00028_00336-1,1.1736397
s_016um_00132_00228-1,1.2624195
s_016um_00061_00126-1,1.2146214
s_016um_00271_00032-1,1.3277462
s_016um_00215_00277-1,1.4240046
s_016um_00100_00031-1,1.2498541
s_016um_00095_00275-1,1.1824266
s_016um_00322_00299-1,1.5733259
s_016um_00320_00305-1,1.3022709
s_016um_00272_00029-1,1.214011
s_016um_00230_00260-1,1.2350259
s_016um_00358_00122-1,1.2771356
s_016um_00354_00289-1,1.2672433
s_016um_00097_00334-1,1.3189472
s_016um_00144_00058-1,1.2035657
s_016um_00391_00291-1,1.3279166
s_016um_00184_00032-1,1.2510053
s_016um_00135_00220-1,1.2485857
s_016um_00353_00021-1,1.3616872
s_016um_00279_00202-1,1.1568769
s_016um_00280_00207-1,1.2533222
s_016um_00204_00153-1,1.248964
s_016um_00132_00091-1,1.261112
s_016um_00139_00015-1,1.3521053
s_016um_00136_00223-1,1.3130301
s_016um_00026_00090-1,1.1778501
s_016um_00409_00105-1,1.2685335
s_016um_00395_00344-1,1.3201667
s_016um_00102_00384-1,1.3978771
s_016um_00129_00384-1,1.2709941
s_016um_00010_00295-1,1.2573863
s_016um_00226_00028-1,1.2258332
s_016um_00390_00364-1,1.2619005
s_016um_00360_00411-1,1.7108259
s_016um_00035_00099-1,1.2657827
s_016um_00137_00074-1,1.2269878
s_016um_00090_00274-1,1.2402762
s_016um_00132_00231-1,1.1490698
s_016um_00274_00331-1,1.3215026
s_016um_00101_00074-1,1.1878774
s_016um_00370_00101-1,1.2817727
s_016um_00104_00388-1,1.2855673
s_016um_00126_00093-1,1.2521536
s_016um_00096_00341-1,1.1699475
s_016um_00308_00053-1,1.2390388
s_016um_00355_00294-1,1.2318146
s_016um_00323_00166-1,1.3257953
s_016um_00375_00122-1,1.1324819
s_016um_00395_00259-1,1.2986727
s_016um_00388_00342-1,1.3593128
s_016um_00342_00397-1,1.4799833
s_016um_00086_00072-1,1.3491573
s_016um_00086_00067-1,1.1579792
s_016um_00307_00055-1,1.312713
s_016um_00108_00319-1,1.5482607
s_016um_00125_00089-1,1.2774489
s_016um_00219_00232-1,1.2484976
s_016um_00217_00166-1,1.3009195
s_016um_00083_00268-1,1.2194126
s_016um_00074_00239-1,1.3432878
s_016um_00261_00189-1,1.214979
s_016um_00181_00034-1,1.1881433
s_016um_00413_00100-1,1.2322757
s_016um_00048_00243-1,1.4148191
s_016um_00096_00024-1,1.2058399
s_016um_00033_00004-1,1.2987314
s_016um_00335_00400-1,1.7545234
s_016um_00271_00031-1,1.366809
s_016um_00358_00289-1,1.2078166
s_016um_00083_00066-1,1.2025031
s_016um_00233_00084-1,1.3512627
s_016um_00042_00171-1,1.2953587
s_016um_00284_00093-1,1.2107707
s_016um_00280_00314-1,1.2887183
s_016um_00107_00390-1,1.3296473
s_016um_00391_00341-1,1.3892059
s_016um_00100_00321-1,1.1417153
s_016um_00136_00071-1,1.2426032
s_016um_00319_00169-1,1.282324
s_016um_00401_00125-1,1.2060789
s_016um_00324_00302-1,1.2064472
s_016um_00049_00241-1,1.2912992
s_016um_00120_00144-1,1.324263
s_016um_00082_00194-1,1.4039276
s_016um_00143_00058-1,1.2038903
s_016um_00248_00087-1,1.3889859
s_016um_00064_00236-1,1.310745
s_016um_00292_00096-1,1.2937651
s_016um_00083_00072-1,1.3432578
s_016um_00326_00214-1,1.2238848
s_016um_00194_00095-1,1.2876486
s_016um_00087_00035-1,1.1683342
s_016um_00104_00066-1,1.2608998
s_016um_00276_00312-1,1.2489558
s_016um_00274_00317-1,1.2888068
s_016um_00383_00136-1,1.2046735
s_016um_00268_00055-1,1.5673766
s_016um_00278_00209-1,1.2884643
s_016um_00268_00337-1,1.2926997
s_016um_00128_00091-1,1.2429011
s_016um_00216_00028-1,1.1654588
s_016um_00159_00285-1,1.3568078
s_016um_00137_00070-1,1.2551265
s_016um_00277_00315-1,1.3604578
s_016um_00261_00033-1,1.2700572
s_016um_00401_00371-1,1.3318717
s_016um_00326_00228-1,1.3163738
s_016um_00120_00145-1,1.1580818
s_016um_00244_00088-1,1.3357589
s_016um_00332_00214-1,1.1927717
s_016um_00393_00371-1,1.3354014
s_016um_00394_00337-1,1.1978881
s_016um_00265_00332-1,1.2127502
s_016um_00342_00212-1,1.3683274
s_016um_00275_00208-1,1.2308613
s_016um_00265_00134-1,1.298114
s_016um_00027_00086-1,1.1710551
s_016um_00196_00121-1,1.230516
s_016um_00290_00099-1,1.1855642
s_016um_00229_00251-1,1.2278904
s_016um_00014_00214-1,1.3753297
s_016um_00234_00090-1,1.2720504
s_016um_00355_00118-1,1.2705373
s_016um_00245_00083-1,1.2193699
s_016um_00226_00238-1,1.2241598
s_016um_00399_00125-1,1.2745235
s_016um_00404_00149-1,1.2231554
s_016um_00045_00241-1,1.4378839
s_016um_00219_00010-1,1.2897143
s_016um_00361_00414-1,1.7882483
s_016um_00263_00188-1,1.2599295
s_016um_00159_00288-1,1.3597939
s_016um_00124_00389-1,1.217564
s_016um_00133_00227-1,1.2748185
s_016um_00412_00100-1,1.266212
s_016um_00060_00248-1,1.2819349
s_016um_00271_00028-1,1.2412963
s_016um_00240_00187-1,1.2023042
s_016um_00342_00214-1,1.1907319
s_016um_00350_00024-1,1.145228
s_016um_00340_00404-1,1.3160747
s_016um_00098_00336-1,1.3587914
s_016um_00078_00293-1,1.1577235
s_016um_00268_00329-1,1.245949
s_016um_00087_00269-1,1.2431937
s_016um_00235_00186-1,1.1897385
s_016um_00067_00129-1,1.1934122
s_016um_00223_00025-1,1.3462968
s_016um_00242_00183-1,1.2586292
s_016um_00126_00383-1,1.1954292
s_016um_00082_00198-1,1.3049686
s_016um_00105_00066-1,1.2078441
s_016um_00171_00371-1,1.3063124
s_016um_00332_00257-1,1.3345094
s_016um_00333_00252-1,1.3145051
s_016um_00263_00057-1,1.359956
s_016um_00270_00334-1,1.2816998
s_016um_00103_00391-1,1.1955453
s_016um_00392_00344-1,1.4257123
s_016um_00400_00365-1,1.3012211
s_016um_00093_00280-1,1.2476921
s_016um_00409_00145-1,1.2805269
s_016um_00235_00265-1,1.4144635
s_016um_00172_00373-1,1.2506405
s_016um_00089_00071-1,1.2003634
s_016um_00318_00163-1,1.3003619
s_016um_00085_00072-1,1.2770209
s_016um_00035_00330-1,1.2385631
s_016um_00268_00227-1,1.3250929
s_016um_00327_00225-1,1.1769435
s_016um_00272_00328-1,1.2772807
s_016um_00325_00169-1,1.1571641
s_016um_00239_00092-1,1.247398
s_016um_00029_00093-1,1.1853755
s_016um_00184_00031-1,1.2963448
s_016um_00268_00229-1,1.1337596
s_016um_00168_00378-1,1.1772984
s_016um_00237_00088-1,1.4228175
s_016um_00247_00088-1,1.2275404
s_016um_00044_00208-1,1.1809559
s_016um_00371_00143-1,1.2158706
s_016um_00325_00303-1,1.4013321
s_016um_00097_00335-1,1.3161304
s_016um_00387_00343-1,1.2448157
s_016um_00341_00401-1,1.386042
s_016um_00337_00252-1,1.2073622
s_016um_00216_00167-1,1.2414633
s_016um_00064_00231-1,1.2262388
s_016um_00045_00246-1,1.177551
s_016um_00059_00246-1,1.286572
s_016um_00238_00355-1,1.3952659
s_016um_00071_00233-1,1.2265335
s_016um_00092_00272-1,1.2306654
s_016um_00140_00215-1,1.2528158
s_016um_00082_00201-1,1.2146738
s_016um_00056_00243-1,1.3251797
s_016um_00221_00015-1,1.2618074
s_016um_00213_00278-1,1.2096021
s_016um_00260_00031-1,1.2726778
s_016um_00354_00022-1,1.265094
s_016um_00273_00314-1,1.1631124
s_016um_00404_00401-1,2.0179358
s_016um_00039_00011-1,1.2186422
s_016um_00261_00135-1,1.2097434
s_016um_00106_00384-1,1.4092702
s_016um_00133_00225-1,1.2066108
s_016um_00010_00154-1,1.1764507
s_016um_00222_00230-1,1.2484934
s_016um_00239_00189-1,1.3528687
s_016um_00097_00339-1,1.2500362
s_016um_00102_00385-1,1.3678858
s_016um_00073_00250-1,1.2269056
s_016um_00238_00358-1,1.1968963
s_016um_00041_00010-1,1.1789564
s_016um_00181_00033-1,1.2889638
s_016um_00397_00368-1,1.2807964
s_016um_00016_00267-1,1.1870943
s_016um_00102_00069-1,1.2162353
s_016um_00220_00167-1,1.282822
s_016um_00369_00099-1,1.3196986
s_016um_00040_00097-1,1.1718277
s_016um_00121_00144-1,1.2492062
s_016um_00369_00141-1,1.2689785
s_016um_00197_00124-1,1.4033165
s_016um_00359_00095-1,1.1715441
s_016um_00236_00358-1,1.3301264
s_016um_00394_00217-1,1.2071352
s_016um_00322_00162-1,1.4582164
s_016um_00215_00278-1,1.233707
s_016um_00038_00207-1,1.2769284
s_016um_00409_00147-1,1.2433397
s_016um_00219_00016-1,1.1754063
s_016um_00276_00046-1,1.2466997
s_016um_00355_00116-1,1.2525032
s_016um_00224_00229-1,1.214851
s_016um_00373_00143-1,1.2608926
s_016um_00216_00015-1,1.181539
s_016um_00147_00057-1,1.1513616
s_016um_00355_00024-1,1.368618
s_016um_00221_00166-1,1.3987012
s_016um_00219_00233-1,1.1938071
s_016um_00392_00184-1,1.3868951
s_016um_00401_00126-1,1.2426237
s_016um_00273_00227-1,1.202586
s_016um_00362_00223-1,1.3200811
s_016um_00310_00053-1,1.3032943
s_016um_00082_00193-1,1.3975202
s_016um_00406_00128-1,1.2110317
s_016um_00221_00232-1,1.2692459
s_016um_00142_00219-1,1.4003767
s_016um_00368_00122-1,1.2566847
s_016um_00065_00134-1,1.2103131
s_016um_00306_00059-1,1.2625343
s_016um_00359_00288-1,1.2497467
s_016um_00280_00328-1,1.247155
s_016um_00365_00223-1,1.2157874
s_016um_00222_00168-1,1.209211
s_016um_00222_00171-1,1.2955729
s_016um_00392_00369-1,1.3420932
s_016um_00033_00086-1,1.211479
s_016um_00189_00090-1,1.2616967
s_016um_00028_00084-1,1.2384348
s_016um_00224_00227-1,1.2226272
s_016um_00264_00185-1,1.3418417
s_016um_00088_00072-1,1.2069494
s_016um_00362_00412-1,1.5960209
s_016um_00383_00135-1,1.3136017
s_016um_00279_00135-1,1.2058159
s_016um_00139_00018-1,1.2367065
s_016um_00143_00018-1,1.3612953
s_016um_00040_00011-1,1.2366613
s_016um_00074_00242-1,1.1991346
s_016um_00069_00132-1,1.1660591
s_016um_00324_00120-1,1.304929
s_016um_00399_00213-1,1.3134788
s_016um_00007_00300-1,1.2482296
s_016um_00141_00021-1,1.5331651
s_016um_00167_00121-1,1.3279873
s_016um_00100_00390-1,1.3291582
s_016um_00337_00398-1,1.4610404
s_016um_00086_00194-1,1.3375214
s_016um_00345_00219-1,1.3505803
s_016um_00325_00120-1,1.2677833
s_016um_00242_00083-1,1.45441
s_016um_00329_00120-1,1.2838937
s_016um_00066_00132-1,1.2419595
s_016um_00173_00378-1,1.2655722
s_016um_00277_00130-1,1.3521004
s_016um_00329_00253-1,1.1914566
s_016um_00376_00122-1,1.5168426
s_016um_00106_00387-1,1.3246194
s_016um_00408_00146-1,1.2909899
s_016um_00416_00135-1,1.3041685
s_016um_00227_00330-1,1.256533
s_016um_00350_00022-1,1.2830654
s_016um_00228_00267-1,1.2051936
s_016um_00197_00127-1,1.2274153
s_016um_00049_00240-1,1.2861567
s_016um_00224_00243-1,1.2079589
s_016um_00283_00094-1,1.2817287
s_016um_00174_00372-1,1.2602075
s_016um_00414_00098-1,1.1544843
s_016um_00345_00215-1,1.3826483
s_016um_00401_00395-1,1.6676956
s_016um_00254_00019-1,1.2437264
s_016um_00085_00264-1,1.2478452
s_016um_00397_00361-1,1.3174391
s_016um_00094_00321-1,1.1778936
s_016um_00084_00069-1,1.2629308
s_016um_00271_00333-1,1.3289717
s_016um_00037_00207-1,1.2888937
s_016um_00129_00229-1,1.234327
s_016um_00230_00358-1,1.3458204
s_016um_00146_00061-1,1.213684
s_016um_00403_00262-1,1.3517038
s_016um_00361_00294-1,1.2381203
s_016um_00193_00096-1,1.2101594
s_016um_00388_00132-1,1.2333354
s_016um_00397_00213-1,1.2579682
s_016um_00102_00066-1,1.2688237
s_016um_00266_00028-1,1.3795557
s_016um_00159_00293-1,1.1870881
s_016um_00392_00185-1,1.2842648
s_016um_00398_00363-1,1.279406
s_016um_00330_00118-1,1.2293148
s_016um_00044_00238-1,1.2326025
s_016um_00274_00048-1,1.32816
s_016um_00006_00298-1,1.2136552
s_016um_00035_00105-1,1.260491
s_016um_00060_00242-1,1.2769918
s_016um_00319_00166-1,1.1981115
s_016um_00365_00230-1,1.4103694
s_016um_00096_00278-1,1.2505252
s_016um_00147_00397-1,1.3407745
s_016um_00082_00034-1,1.1684252
s_016um_00313_00054-1,1.3178252
s_016um_00215_00028-1,1.2853813
s_016um_00168_00375-1,1.3243189
s_016um_00336_00252-1,1.2174035
s_016um_00129_00094-1,1.301509
s_016um_00167_00377-1,1.2718201
s_016um_00310_00058-1,1.4459705
s_016um_00038_00105-1,1.1905332
s_016um_00276_00326-1,1.3859223
s_016um_00099_00070-1,1.1977055
s_016um_00402_00146-1,1.217781
s_016um_00045_00238-1,1.239649
s_016um_00101_00069-1,1.2222445
s_016um_00352_00096-1,1.2904642
s_016um_00250_00027-1,1.2161878
s_016um_00268_00224-1,1.1788353
s_016um_00093_00270-1,1.2647572
s_016um_00119_00147-1,1.3228862
s_016um_00041_00047-1,1.1986763
s_016um_00127_00390-1,1.313667
s_016um_00220_00237-1,1.4076543
s_016um_00219_00283-1,1.2064852
s_016um_00102_00024-1,1.2400645
s_016um_00399_00257-1,1.3655909
s_016um_00256_00191-1,1.1970621
s_016um_00383_00131-1,1.2617714
s_016um_00406_00403-1,2.1248627
s_016um_00034_00011-1,1.3227425
s_016um_00307_00060-1,1.2977972
s_016um_00164_00293-1,1.2764068
s_016um_00230_00267-1,1.1481982
s_016um_00028_00088-1,1.1967287
s_016um_00233_00262-1,1.2145324
s_016um_00402_00149-1,1.2636651
s_016um_00083_00197-1,1.2860827
s_016um_00170_00370-1,1.3287044
s_016um_00139_00022-1,1.1978254
s_016um_00235_00087-1,1.2854414
s_016um_00160_00291-1,1.1952724
s_016um_00364_00101-1,1.1729952
s_016um_00220_00013-1,1.1827142
s_016um_00009_00210-1,1.22254
s_016um_00142_00016-1,1.2584313
s_016um_00041_00217-1,1.2271748
s_016um_00247_00023-1,1.4067924
s_016um_00221_00230-1,1.2520245
s_016um_00035_00008-1,1.2458718
s_016um_00007_00212-1,1.299158
s_016um_00359_00093-1,1.2364277
s_016um_00093_00336-1,1.2052114
s_016um_00194_00093-1,1.2112457
s_016um_00101_00027-1,1.2221408
s_016um_00319_00167-1,1.2170311
s_016um_00346_00220-1,1.2648643
s_016um_00411_00105-1,1.3743093
s_016um_00328_00303-1,1.2992059
s_016um_00169_00129-1,1.2872119
s_016um_00322_00168-1,1.2472546
s_016um_00334_00256-1,1.3424398
s_016um_00151_00395-1,1.3700478
s_016um_00134_00219-1,1.2711216
s_016um_00333_00122-1,1.2620355
s_016um_00041_00048-1,1.243159
s_016um_00010_00208-1,1.3101325
s_016um_00385_00128-1,1.248883
s_016um_00181_00026-1,1.1891059
s_016um_00273_00330-1,1.2802752
s_016um_00149_00396-1,1.2346287
s_016um_00182_00027-1,1.1413095
s_016um_00287_00098-1,1.2334832
s_016um_00344_00217-1,1.2596732
s_016um_00039_00043-1,1.2253019
s_016um_00100_00384-1,1.3680717
s_016um_00047_00218-1,1.272951
s_016um_00097_00067-1,1.297784
s_016um_00006_00301-1,1.1769539
s_016um_00061_00127-1,1.168182
s_016um_00090_00068-1,1.1501354
s_016um_00383_00126-1,1.1547148
s_016um_00208_00149-1,1.0994146
s_016um_00401_00372-1,1.567534
s_016um_00220_00017-1,1.2606015
s_016um_00351_00024-1,1.1643047
s_016um_00216_00290-1,1.2778828
s_016um_00340_00402-1,1.3504212
s_016um_00025_00090-1,1.1864287
s_016um_00146_00056-1,1.1601349
s_016um_00089_00265-1,1.2049487
s_016um_00006_00154-1,1.2577353
s_016um_00404_00400-1,2.0411317
s_016um_00327_00123-1,1.2313722
s_016um_00259_00134-1,1.2115632
s_016um_00087_00271-1,1.1556157
s_016um_00258_00131-1,1.3721306
s_016um_00129_00388-1,1.2464801
s_016um_00149_00401-1,1.1872966
s_016um_00133_00072-1,1.162878
s_016um_00369_00226-1,1.318439
s_016um_00139_00074-1,1.2603116
s_016um_00286_00094-1,1.4003608
s_016um_00260_00192-1,1.1847652
s_016um_00382_00126-1,1.1856312
s_016um_00356_00415-1,1.7250283
s_016um_00005_00297-1,1.28877
s_016um_00390_00296-1,1.2259194
s_016um_00359_00415-1,1.825985
s_016um_00152_00394-1,1.2751359
s_016um_00225_00028-1,1.1488603
s_016um_00081_00069-1,1.1252229
s_016um_00276_00131-1,1.2916098
s_016um_00391_00338-1,1.3785273
s_016um_00279_00045-1,1.2171667
s_016um_00095_00342-1,1.217875
s_016um_00220_00173-1,1.293464
s_016um_00039_00211-1,1.1505418
s_016um_00037_00171-1,1.2349563
s_016um_00280_00132-1,1.2604901
s_016um_00356_00020-1,1.4127661
s_016um_00118_00150-1,1.1991192
s_016um_00393_00362-1,1.2966105
s_016um_00243_00088-1,1.334923
s_016um_00075_00244-1,1.2273319
s_016um_00160_00290-1,1.221205
s_016um_00357_00097-1,1.2574914
s_016um_00386_00293-1,1.2718803
s_016um_00016_00271-1,1.2581629
s_016um_00097_00026-1,1.2381879
s_016um_00036_00046-1,1.2253901
s_016um_00241_00082-1,1.2636405
s_016um_00278_00330-1,1.2431924
s_016um_00371_00098-1,1.2329096
s_016um_00395_00218-1,1.2621087
s_016um_00081_00242-1,1.245838
s_016um_00214_00013-1,1.1481872
s_016um_00278_00324-1,1.2824979
s_016um_00270_00230-1,1.3206741
s_016um_00341_00212-1,1.299242
s_016um_00096_00276-1,1.299115
s_016um_00086_00033-1,1.2646487
s_016um_00162_00288-1,1.5874653
s_016um_00164_00286-1,1.2383834
s_016um_00090_00269-1,1.1824851
s_016um_00331_00218-1,1.1572336
s_016um_00265_00057-1,1.3098259
s_016um_00332_00213-1,1.2646723
s_016um_00394_00178-1,1.3109764
s_016um_00029_00334-1,1.2223705
s_016um_00274_00046-1,1.3111935
s_016um_00270_00329-1,1.3355311
s_016um_00097_00072-1,1.1385834
s_016um_00008_00157-1,1.200515
s_016um_00095_00341-1,1.2333448
s_016um_00225_00030-1,1.1637925
s_016um_00080_00300-1,1.2099981
s_016um_00038_00173-1,1.2223623
s_016um_00357_00095-1,1.2042671
s_016um_00078_00247-1,1.2467896
s_016um_00266_00337-1,1.2715349
s_016um_00082_00279-1,1.2038158
s_016um_00363_00228-1,1.1615344
s_016um_00007_00293-1,1.2801952
s_016um_00272_00226-1,1.1681561
s_016um_00094_00029-1,1.1767538
s_016um_00401_00398-1,1.6996013
s_016um_00370_00140-1,1.2201304
s_016um_00055_00248-1,1.4961867
s_016um_00047_00215-1,1.2226305
s_016um_00218_00167-1,1.2585162
s_016um_00272_00331-1,1.1875525
s_016um_00044_00207-1,1.2465376
s_016um_00344_00219-1,1.223337
s_016um_00101_00388-1,1.3288614
s_016um_00134_00225-1,1.2635328
s_016um_00237_00092-1,1.2591138
s_016um_00217_00016-1,1.1689888
s_016um_00017_00270-1,1.2371913
s_016um_00094_00319-1,1.2588252
s_016um_00260_00183-1,1.2052464
s_016um_00095_00319-1,1.2530985
s_016um_00237_00354-1,1.158596
s_016um_00120_00147-1,1.2775927
s_016um_00007_00157-1,1.3139092
s_016um_00078_00294-1,1.1783541
s_016um_00217_00284-1,1.3172266
s_016um_00091_00265-1,1.2700101
s_016um_00165_00122-1,1.2426803
s_016um_00356_00292-1,1.3349899
s_016um_00353_00097-1,1.2188207
s_016um_00081_00199-1,1.2559099
s_016um_00130_00315-1,1.2903903
s_016um_00092_00335-1,1.1875653
s_016um_00133_00090-1,1.403604
s_016um_00406_00124-1,1.2056087
s_016um_00395_00220-1,1.1532838
s_016um_00045_00207-1,1.195275
s_016um_00028_00337-1,1.2232796
s_016um_00188_00095-1,1.1817498
s_016um_00081_00238-1,1.4324007
s_016um_00340_00403-1,1.3386508
s_016um_00220_00027-1,1.3110458
s_016um_00101_00070-1,1.1883909
s_016um_00046_00210-1,1.3308136
s_016um_00222_00170-1,1.2352536
s_016um_00087_00068-1,1.2181125
s_016um_00070_00234-1,1.285039
s_016um_00273_00206-1,1.2685881
s_016um_00225_00243-1,1.1706159
s_016um_00158_00292-1,1.2974858
s_016um_00209_00294-1,1.2332966
s_016um_00323_00299-1,1.3230577
s_016um_00211_00031-1,1.3011938
s_016um_00069_00129-1,1.1649276
s_016um_00324_00124-1,1.2219908
s_016um_00086_00280-1,1.171809
s_016um_00332_00119-1,1.3512269
s_016um_00128_00389-1,1.2372291
s_016um_00323_00305-1,1.3411078
s_016um_00041_00213-1,1.5465069
s_016um_00226_00330-1,1.2584676
s_016um_00235_00355-1,1.217323
s_016um_00217_00278-1,1.2462626
s_016um_00082_00241-1,1.2017643
s_016um_00146_00394-1,1.2732826
s_016um_00174_00374-1,1.2553115
s_016um_00223_00330-1,1.2071173
s_016um_00215_00034-1,1.2044038
s_016um_00328_00210-1,1.3021365
s_016um_00037_00173-1,1.1607102
s_016um_00017_00271-1,1.2617666
s_016um_00253_00031-1,1.3380605
s_016um_00004_00154-1,1.201684
s_016um_00212_00293-1,1.1977437
s_016um_00393_00360-1,1.3857042
s_016um_00033_00336-1,1.2159197
s_016um_00043_00216-1,1.2105552
s_016um_00397_00364-1,1.2259189
s_016um_00368_00097-1,1.2068781
s_016um_00217_00029-1,1.1902224
s_016um_00388_00343-1,1.245784
s_016um_00218_00283-1,1.2719772
s_016um_00271_00226-1,1.2641768
s_016um_00171_00373-1,1.3482686
s_016um_00225_00251-1,1.2077452
s_016um_00081_00280-1,1.2863147
s_016um_00272_00035-1,1.3388956
s_016um_00416_00101-1,1.2481192
s_016um_00365_00226-1,1.2962343
s_016um_00418_00136-1,1.1788235
s_016um_00216_00293-1,1.1867822
s_016um_00400_00256-1,1.2721312
s_016um_00042_00179-1,1.4018816
s_016um_00239_00181-1,1.2919891
s_016um_00370_00100-1,1.3014979
s_016um_00047_00211-1,1.2754745
s_016um_00130_00382-1,1.3091884
s_016um_00127_00091-1,1.1848737
s_016um_00273_00137-1,1.3466034
