epoch,train_loss,eval_loss,train_pearson,train_spearman,val_pearson,val_spearman,lr
1,1.1845253705978394,1.0362849235534668,0.013634794391691685,0.010708967343540036,0.014085734263062477,0.010909163004714688,2.9999999999999997e-05
2,1.136542558670044,1.0351033210754395,0.01418735645711422,0.011183965441730732,0.01465566549450159,0.011351498445560052,5.9999999999999995e-05
3,1.1336256265640259,1.0320640802383423,0.016072429716587067,0.012841443624710307,0.01644408144056797,0.0128347829738646,8.999999999999999e-05
4,1.1291632652282715,1.0274696350097656,0.021042613312602043,0.01736370628172619,0.02106010727584362,0.016818026459622496,0.00011999999999999999
5,1.1224967241287231,1.0213415622711182,0.030738890171051025,0.026044228958328672,0.03042643517255783,0.025049189197382506,0.00015
6,1.1145992279052734,1.0142757892608643,0.04525366425514221,0.0387704740349429,0.045391734689474106,0.03828672926406754,0.00017999999999999998
7,1.1076396703720093,1.0076111555099487,0.06124475970864296,0.052640295140084344,0.06184152141213417,0.052637886212364475,0.00020999999999999998
8,1.1008226871490479,1.0010485649108887,0.07840967923402786,0.06741279751750236,0.07915788143873215,0.06730951670254462,0.00023999999999999998
9,1.094120979309082,0.9936800003051758,0.09879903495311737,0.0846541715876831,0.09969305247068405,0.08432440477473477,0.00026999999999999995
10,1.0879777669906616,0.9856769442558289,0.12093526870012283,0.10267998958576446,0.12228340655565262,0.10233953985976348,0.0003
11,1.0821892023086548,0.9777621626853943,0.1418517827987671,0.11924104619708421,0.14391380548477173,0.1192948959730087,0.0002999992699258049
12,1.0766130685806274,0.9704242944717407,0.16186648607254028,0.13513238232027003,0.16418330371379852,0.13522564459109254,0.00029999707971057146
13,1.072140097618103,0.9627863764762878,0.1847650110721588,0.15319811652607107,0.18748536705970764,0.15344726548989035,0.000299993429376355
14,1.0672446489334106,0.9552053809165955,0.20871864259243011,0.17190830611469318,0.2119419127702713,0.17229363294632202,0.00029998831895991463
15,1.0631558895111084,0.9478479623794556,0.23273320496082306,0.19113702513183448,0.23664969205856323,0.1918886783887305,0.00029998174851271194
16,1.059843897819519,0.9408323764801025,0.25598299503326416,0.21005439419552951,0.260342001914978,0.21095772980330663,0.00029997371810091124
17,1.0555270910263062,0.9342585206031799,0.27693721652030945,0.22709513977567883,0.2816958427429199,0.22821978363104878,0.00029996422780537884
18,1.0515549182891846,0.9283128380775452,0.2945686876773834,0.2403259437017587,0.2995208501815796,0.24148183999787962,0.00029995327772168185
19,1.0480045080184937,0.9227868318557739,0.30882957577705383,0.2508483545455793,0.3140893280506134,0.25219947766896816,0.00029994086796008743
20,1.043689489364624,0.9171006679534912,0.3214167654514313,0.2609537851876746,0.3269593119621277,0.262368296107681,0.0002999269986455618
21,1.0388532876968384,0.9108999967575073,0.33315539360046387,0.2710019908734874,0.3388860523700714,0.27267196277367645,0.00029991166991776886
22,1.034116268157959,0.9045336842536926,0.3421996533870697,0.27914141282074606,0.34768378734588623,0.2809877211107257,0.00029989488193106874
23,1.0281062126159668,0.8981752395629883,0.34708264470100403,0.28418807842546545,0.35223063826560974,0.28609062611815844,0.0002998766348545161
24,1.0216929912567139,0.8917786478996277,0.3480992317199707,0.28680848886387006,0.35292819142341614,0.2887204432919564,0.0002998569288718588
25,1.013748288154602,0.8855094909667969,0.34563255310058594,0.28815303826657934,0.35004281997680664,0.2900103082698585,0.0002998357641815362
26,1.0055395364761353,0.8796091079711914,0.3401198983192444,0.2878421895874748,0.3440241813659668,0.2895893799306759,0.00029981314099667615
27,0.9957921504974365,0.8740820288658142,0.33324190974235535,0.2878637930337606,0.3367007076740265,0.2894472709086517,0.00029978905954509397
28,0.9855894446372986,0.8693417310714722,0.32669392228126526,0.2902361038844874,0.3295159637928009,0.2916045103931291,0.0002997635200692897
29,0.9749321341514587,0.8664337992668152,0.3195623457431793,0.29244206309442383,0.3215562105178833,0.2934724425644453,0.00029973652282644543
30,0.963571310043335,0.86565101146698,0.31205978989601135,0.2933739034811681,0.3134632408618927,0.2943706051046648,0.00029970806808842323
31,0.954613208770752,0.8663555383682251,0.30648311972618103,0.2946161953623352,0.30764853954315186,0.29573132413676695,0.0002996781561417619
32,0.9466578364372253,0.8675036430358887,0.3034850060939789,0.2952920977850129,0.30465295910835266,0.2965788039649722,0.0002996467872876745
33,0.9401940107345581,0.8681541681289673,0.30242615938186646,0.2958477905528663,0.30359986424446106,0.29715090535307204,0.00029961396184204504
34,0.9359076023101807,0.8677293658256531,0.30351880192756653,0.2967026133401859,0.3046785593032837,0.29793214602235707,0.0002995796801354252
35,0.9305692911148071,0.8657258749008179,0.3068816363811493,0.298411100213838,0.30819445848464966,0.2997086242234728,0.0002995439425130317
36,0.9262116551399231,0.8620854616165161,0.31156423687934875,0.3031393587730426,0.31308791041374207,0.3044888483790894,0.00029950674933474167
37,0.920653760433197,0.8569438457489014,0.3170914947986603,0.30897645184968664,0.3188118636608124,0.310242341120179,0.00029946810097509027
38,0.9162946939468384,0.8504984378814697,0.3248029947280884,0.31488190978370534,0.3268789052963257,0.3163698082956279,0.00029942799782326597
39,0.9107587933540344,0.8431151509284973,0.33396100997924805,0.32205993152011814,0.33612218499183655,0.3235186285699816,0.00029938644028310697
40,0.9049004912376404,0.8351089358329773,0.3449679911136627,0.33019242280247807,0.34725531935691833,0.3316381640995345,0.0002993434287730973
41,0.9001245498657227,0.8271895051002502,0.3570697605609894,0.3379354380931439,0.35963284969329834,0.33972497283566533,0.0002992989637263624
42,0.896152913570404,0.8201812505722046,0.3691619038581848,0.344711480929436,0.3720807731151581,0.3467302909528531,0.0002992530455906648
43,0.8924121856689453,0.8143489956855774,0.3793872892856598,0.3509644237764156,0.38264721632003784,0.3532366768526269,0.00029920567482839963
44,0.8878176808357239,0.809276282787323,0.38619717955589294,0.356458411907087,0.3896450996398926,0.3589521541292426,0.00029915685191658986
45,0.8839287757873535,0.8051138520240784,0.3903462290763855,0.3612262353222332,0.39391443133354187,0.3639735796173343,0.00029910657734688183
46,0.87922203540802,0.8017139434814453,0.3923288583755493,0.3652953955889256,0.3959173262119293,0.36820710683199526,0.0002990548516255397
47,0.8747388124465942,0.7987133264541626,0.39338597655296326,0.36866923303514876,0.3969276547431946,0.3716696609538459,0.00029900167527344113
48,0.8689985275268555,0.7955371141433716,0.39423707127571106,0.3713710242211285,0.3976934254169464,0.37446327567568094,0.00029894704882607126
49,0.864061713218689,0.7919946312904358,0.3969287872314453,0.3738778529682527,0.40040645003318787,0.37705615904448886,0.00029889097283351774
50,0.860406756401062,0.7875781059265137,0.4015456438064575,0.37643604830258803,0.4051326811313629,0.3797101274959907,0.0002988334478604654
51,0.8552396297454834,0.7815438508987427,0.40748682618141174,0.37945682231380523,0.41117632389068604,0.38268065705342574,0.00029877447448618984
52,0.850563108921051,0.7752164006233215,0.4148988425731659,0.38331266712495543,0.418785959482193,0.3864970161406822,0.00029871405330455234
53,0.8453359603881836,0.7690661549568176,0.4227556884288788,0.38785299708794413,0.42680561542510986,0.39097332803855644,0.0002986521849239937
54,0.8408516645431519,0.763227641582489,0.4295780062675476,0.39249528103753717,0.4336259067058563,0.39545068925305277,0.0002985888699675277
55,0.8364129066467285,0.7589868307113647,0.43497171998023987,0.3962289841868081,0.43895742297172546,0.3990219981238043,0.0002985241090727352
56,0.8317248821258545,0.7560741305351257,0.43856489658355713,0.39874910745588354,0.4425126016139984,0.40150638346659345,0.0002984579028917579
57,0.827873945236206,0.753075361251831,0.43957796692848206,0.4004459032952102,0.44341161847114563,0.40322859663247335,0.00029839025209129103
58,0.8232060670852661,0.7505098581314087,0.43944767117500305,0.4016435896820486,0.4432089626789093,0.4045099663130836,0.0002983211573525775
59,0.8194590210914612,0.7490432858467102,0.4408893287181854,0.40250713991754156,0.44488030672073364,0.4056597293748856,0.00029825061937140075
60,0.8161986470222473,0.7464988231658936,0.44283589720726013,0.4046772631319295,0.4467910826206207,0.4077313428710431,0.0002981786388580772
61,0.8121296167373657,0.7433469891548157,0.44536638259887695,0.4077426535945556,0.4490189850330353,0.41034557202339367,0.00029810521653745
62,0.8090615272521973,0.7409762740135193,0.4505363702774048,0.4100806644497626,0.45430299639701843,0.41263353891380455,0.0002980303531488809
63,0.8063433766365051,0.7379039525985718,0.45431146025657654,0.41292788374182154,0.45799967646598816,0.4153389025718365,0.00029795404944624355
64,0.8024826049804688,0.7347972393035889,0.45687100291252136,0.41572366569306335,0.46040982007980347,0.41797443155449093,0.0002978763061979155
65,0.7998684644699097,0.7325121164321899,0.46019428968429565,0.4176949754781466,0.46382734179496765,0.42001427072076036,0.00029779712418677017
66,0.7969356179237366,0.7301401495933533,0.4618459641933441,0.4198761963882712,0.46530619263648987,0.42197555777912577,0.00029771650421016966
67,0.7946630716323853,0.7281840443611145,0.4628322720527649,0.4217026284283128,0.46604254841804504,0.423496139741647,0.00029763444707995614
68,0.7906844615936279,0.726784348487854,0.46531832218170166,0.422932584846937,0.4685485064983368,0.4246508410785823,0.0002975509536224441
69,0.7887206673622131,0.7244527339935303,0.4668312072753906,0.4251220727828811,0.4697819948196411,0.4265044301070164,0.0002974660246784117
70,0.7861776351928711,0.7220921516418457,0.46955880522727966,0.42742995250325994,0.472412109375,0.42869165283040006,0.0002973796611030925
71,0.78392094373703,0.7199928760528564,0.47257357835769653,0.429662756536359,0.47538235783576965,0.43087333077295237,0.00029729186376616665
72,0.7812348008155823,0.7179223299026489,0.4744592607021332,0.43195302163574323,0.47698384523391724,0.4328620358773226,0.0002972026335517524
73,0.7781694531440735,0.7161982655525208,0.4767265021800995,0.4336291863407102,0.47920700907707214,0.4344469635686217,0.000297111971358397
74,0.7761290669441223,0.7145808935165405,0.47815826535224915,0.43518260476832,0.4805266559123993,0.43580905055160524,0.0002970198780990679
75,0.7739072442054749,0.7130314111709595,0.478694885969162,0.43693123001924616,0.4807853400707245,0.43717638362438915,0.0002969263547011429
76,0.7716583013534546,0.711740255355835,0.4810904264450073,0.4380448820772768,0.48339584469795227,0.4385743898728847,0.0002968314021064018
77,0.7694754600524902,0.7095917463302612,0.4817323684692383,0.4403104900283479,0.4835931658744812,0.44031699243768857,0.0002967350212710161
78,0.7669798135757446,0.707607090473175,0.48446205258369446,0.442037953098412,0.4862794578075409,0.44207711933344346,0.0002966372131655398
79,0.7641825079917908,0.70601487159729,0.48694804310798645,0.4437693972154408,0.4886367619037628,0.4437121055792979,0.0002965379787748994
80,0.762688934803009,0.7042804956436157,0.4881461262702942,0.4460396582460909,0.489411324262619,0.44543858136083186,0.0002964373190983841
81,0.7603718042373657,0.7023522257804871,0.491012305021286,0.4476451379899981,0.4922817349433899,0.44708530960279824,0.00029633523514963555
82,0.7580675482749939,0.7004257440567017,0.4925273060798645,0.44963449160518826,0.49358129501342773,0.4487800783510943,0.0002962317279566383
83,0.7554042935371399,0.6985896229743958,0.4938810169696808,0.4517302208692623,0.4947032928466797,0.45056028221384176,0.0002961267985617086
84,0.7540448904037476,0.6967926621437073,0.4964893162250519,0.45356288882418044,0.4972819983959198,0.4524211751891585,0.000296020448021484
85,0.751827597618103,0.6947149038314819,0.4983360469341278,0.4563859849468436,0.49872681498527527,0.4546365266894277,0.0002959126774069135
86,0.7501630783081055,0.6924885511398315,0.5021420121192932,0.4585443717169784,0.5025107860565186,0.4568408894151686,0.000295803487803246
87,0.7474623322486877,0.6902238130569458,0.5041002631187439,0.46113122811515217,0.5041660666465759,0.4589389711349527,0.0002956928803100195
88,0.7452002167701721,0.6880226731300354,0.5063307881355286,0.46327106973389276,0.5063034296035767,0.46093621427369436,0.00029558085604105026
89,0.7423695921897888,0.6859480142593384,0.5086579918861389,0.465396358578712,0.5085323452949524,0.46293198886138726,0.0002954674161244214
90,0.7408351302146912,0.6840984225273132,0.5098978281021118,0.4675696039052337,0.5095590949058533,0.46472261270810034,0.00029535256170247167
91,0.7384366989135742,0.6821663975715637,0.5135975480079651,0.46965347142689834,0.5132584571838379,0.4668765684385626,0.0002952362939317838
92,0.7370927929878235,0.6801530718803406,0.5146093964576721,0.47187872534918596,0.514004647731781,0.4685845587325877,0.0002951186139831729
93,0.7347478866577148,0.6776082515716553,0.5180472731590271,0.4739474306545956,0.5174394845962524,0.470720042481431,0.00029499952304167486
94,0.7322713732719421,0.6754748821258545,0.5192675590515137,0.47585950323465004,0.518490731716156,0.4723523996564137,0.00029487902230653407
95,0.7295260429382324,0.6737616658210754,0.5204732418060303,0.47759535229393324,0.5195553302764893,0.4738861388260289,0.0002947571129911916
96,0.7274830341339111,0.6719831824302673,0.523006796836853,0.4792300180513831,0.5220593810081482,0.47559791354578523,0.00029463379632327293
97,0.7264801263809204,0.6704551577568054,0.5232161283493042,0.48085163620385496,0.5221053957939148,0.4768730116321153,0.00029450907354457547
98,0.7244052886962891,0.6681285500526428,0.5264076590538025,0.4827535596731783,0.5252638459205627,0.4788474610020769,0.00029438294591105623
99,0.7219023704528809,0.6663430333137512,0.5275035500526428,0.48450727028342383,0.5262245535850525,0.4803777839768531,0.00029425541469281914
100,0.7192344665527344,0.6645177006721497,0.5292816162109375,0.486293105166177,0.5278925895690918,0.4820583877224735,0.0002941264811741021
101,0.7170130610466003,0.6627433896064758,0.5313964486122131,0.48807616126312536,0.5298989415168762,0.48378222607833854,0.00029399614665326433
102,0.715916633605957,0.6614231467247009,0.5315847396850586,0.48958655815031205,0.5299394130706787,0.4850230710754554,0.00029386441244277277
103,0.713873565196991,0.6595267057418823,0.5344494581222534,0.49142989846670093,0.5326630473136902,0.4868458475894102,0.00029373127986918966
104,0.7124019265174866,0.6581273674964905,0.5352480411529541,0.49319635908860154,0.5333008170127869,0.4883281690791146,0.0002935967502731584
105,0.7101778984069824,0.6559847593307495,0.5381863117218018,0.49532973456380097,0.5360531210899353,0.490397372862148,0.0002934608250093907
106,0.707490861415863,0.6543928384780884,0.5391832590103149,0.4970790089937914,0.5368762612342834,0.4919591408865751,0.00029332350544665237
107,0.7065759897232056,0.6527448296546936,0.5407512187957764,0.49891707640352895,0.5382803082466125,0.49365134439693503,0.0002931847929677498
108,0.703722357749939,0.6510686874389648,0.543332576751709,0.5008173538821911,0.5406703948974609,0.49545633024460756,0.0002930446889695162
109,0.7016976475715637,0.6506779193878174,0.5430369973182678,0.5022589124326159,0.5402921438217163,0.496659755898543,0.0002929031948627973
110,0.7008410692214966,0.6487619876861572,0.5476363301277161,0.5042522014019819,0.5446012020111084,0.4986315443132772,0.0002927603120724371
111,0.7002237439155579,0.6484739184379578,0.5460352301597595,0.5055073601511901,0.542999267578125,0.4996270312758064,0.00029261604203726374
112,0.6981663107872009,0.6447302103042603,0.5507454872131348,0.5078073841760807,0.547428548336029,0.5018916028927332,0.00029247038621007496
113,0.695523202419281,0.6431950330734253,0.5512818694114685,0.5091268346890326,0.5478655695915222,0.5030495124546154,0.00029232334605762324
114,0.6940149068832397,0.6430357098579407,0.5506707429885864,0.5099960490341388,0.5472413301467896,0.5037609497175807,0.0002921749230606011
115,0.6918531060218811,0.6409546136856079,0.5548297166824341,0.5116072005068727,0.5511070489883423,0.5053380326472948,0.00029202511871362694
116,0.6916172504425049,0.6402943730354309,0.5542382597923279,0.5127968575388064,0.5505600571632385,0.5063195699813046,0.00029187393452522847
117,0.689126193523407,0.6375197768211365,0.5573114156723022,0.5145288721497138,0.5534121990203857,0.5079702277808985,0.00029172137201782897
118,0.6868563890457153,0.6362459063529968,0.5585652589797974,0.5155914126539525,0.5544964671134949,0.5089166192806605,0.0002915674327277311
119,0.685541033744812,0.6365275382995605,0.5573171973228455,0.5162400932775856,0.5532667636871338,0.5093535518332994,0.00029141211820510186
120,0.6838656663894653,0.6337727308273315,0.56150221824646,0.5178498354864849,0.5571247935295105,0.5109202543054628,0.00029125543001395676
121,0.6833573579788208,0.6328138709068298,0.5616740584373474,0.519024759412646,0.5572571158409119,0.51188799663355,0.00029109736973214413
122,0.6808420419692993,0.6313310265541077,0.5631919503211975,0.520285919534011,0.558602511882782,0.513023970527385,0.00029093793895132924
123,0.6796497106552124,0.6297739148139954,0.5657129883766174,0.5215030119288978,0.5608704686164856,0.5141691502583903,0.0002907771392769783
124,0.6781677603721619,0.6309009194374084,0.563850462436676,0.522029153850612,0.5590739846229553,0.5145131139837851,0.0002906149723283422
125,0.6778994202613831,0.6273190975189209,0.5685462355613708,0.523759123918079,0.5634291172027588,0.5161944347344974,0.0002904514397384405
126,0.6751697659492493,0.6262041926383972,0.5683337450027466,0.5249661287712875,0.5631916522979736,0.5171913058252892,0.00029028654315404437
127,0.6734192371368408,0.6250364184379578,0.5694570541381836,0.5261073305509758,0.5641859769821167,0.5182099118538492,0.00029012028423566056
128,0.6717724204063416,0.6231595873832703,0.5719780325889587,0.5272965781649808,0.5664680004119873,0.5193364971530818,0.0002899526646575147
129,0.6710268259048462,0.6243919730186462,0.5704188346862793,0.5278555306390553,0.5649880766868591,0.519738169234338,0.000289783686107534
130,0.6702622175216675,0.6205838918685913,0.5757638812065125,0.5299531824903327,0.5699425339698792,0.5217382411053754,0.0002896133502873305
131,0.6688793897628784,0.6201986074447632,0.5753748416900635,0.5307285850154193,0.5695513486862183,0.5223587896077088,0.00028944165891218413
132,0.6668747663497925,0.6185383200645447,0.5761414170265198,0.5318067045685004,0.5701389312744141,0.5233099718968953,0.0002892686137110251
133,0.6647496819496155,0.6169146299362183,0.5782601237297058,0.5328958299230034,0.5720043182373047,0.524338042977949,0.00028909421642641666
134,0.6641390323638916,0.6183485984802246,0.5770587921142578,0.5333431089123505,0.5708897113800049,0.5246391131448207,0.00028891846881453763
135,0.6633894443511963,0.6145462393760681,0.5822246074676514,0.5353453950282477,0.5756133794784546,0.5265767779647595,0.0002887413726451643
136,0.6625451445579529,0.6145505309104919,0.58126300573349,0.535897677200738,0.5746971368789673,0.5269998170168643,0.00028856292970165325
137,0.6600592732429504,0.6123183965682983,0.582504391670227,0.5370405805280006,0.5757030844688416,0.5280162761368593,0.00028838314178092296
138,0.6585274338722229,0.6109504699707031,0.5839407444000244,0.5379414661072072,0.5768912434577942,0.5287929303275534,0.0002882020106934357
139,0.6580855846405029,0.6137647032737732,0.5824680328369141,0.5379600656045768,0.5755320191383362,0.5287024067294619,0.0002880195382631797
140,0.6583014130592346,0.6101506948471069,0.5887567400932312,0.5401530210050951,0.5811525583267212,0.5307929920161952,0.0002878357263276501
141,0.6576662063598633,0.6116858720779419,0.5866491794586182,0.539873506546617,0.5793861746788025,0.5305420058829374,0.0002876505767378311
142,0.6551154255867004,0.6069927215576172,0.5884592533111572,0.5416233382321509,0.5808850526809692,0.5321112536042771,0.00028746409135817707
143,0.6523871421813965,0.6060380935668945,0.5886843800544739,0.5420897696005423,0.580973207950592,0.5324583175791014,0.0002872762720665938
144,0.6524400115013123,0.6085172295570374,0.5869531035423279,0.5422553719017945,0.579505205154419,0.532566739215095,0.00028708712075441927
145,0.6521205902099609,0.6039406657218933,0.5933367013931274,0.5445759705426109,0.58527010679245,0.5347547490668423,0.0002868966393264052
146,0.6502912640571594,0.6035571098327637,0.5938811898231506,0.5452939673987217,0.5858240127563477,0.5354441996726255,0.0002867048297006974
147,0.6481591463088989,0.6042107343673706,0.5925790071487427,0.5454630561839467,0.5845927596092224,0.5355534543879609,0.00028651169380881675
148,0.6475068926811218,0.6012954115867615,0.5940690636634827,0.546222012248087,0.5857291221618652,0.5361273075883354,0.0002863172335956395
149,0.647820234298706,0.6019172072410583,0.5927605628967285,0.5467761604691825,0.5846176743507385,0.5365848632591138,0.00028612145101937784
150,0.6455973386764526,0.5992971062660217,0.5962051749229431,0.5482561860765189,0.5877737402915955,0.5379502548538334,0.00028592434805156013
151,0.6439294815063477,0.5981123447418213,0.5988214015960693,0.5494381590018917,0.5900593996047974,0.5390117843619858,0.0002857259266770111
152,0.643278956413269,0.5991499423980713,0.5978785157203674,0.5496816810829181,0.5892058610916138,0.5392047122444079,0.0002855261888938316
153,0.6426505446434021,0.5965840816497803,0.5986557006835938,0.5507130832627102,0.5897411704063416,0.5400293405367905,0.00028532513671337923
154,0.6399568915367126,0.5953363180160522,0.5994451642036438,0.5514244312746033,0.5903398990631104,0.5405910915334003,0.00028512277216024694
155,0.6392569541931152,0.5960933566093445,0.599727213382721,0.5519835911989548,0.5906336903572083,0.5410993550075974,0.00028491909727224366
156,0.6391036510467529,0.5934280753135681,0.6030763983726501,0.5533906529828614,0.5935789346694946,0.5423746855189022,0.0002847141141003733
157,0.6374554634094238,0.594546377658844,0.6029249429702759,0.5536792513276649,0.5934392213821411,0.5426424448646722,0.00028450782470881397
158,0.6361575722694397,0.5917528867721558,0.6040515899658203,0.5549457554010707,0.5942844748497009,0.5436837885493379,0.0002843002311748976
159,0.635080873966217,0.5916657447814941,0.6035176515579224,0.5554784219638083,0.5937402844429016,0.544089405119202,0.00028409133558908884
160,0.6346315145492554,0.5907827615737915,0.6046828031539917,0.5563472802351108,0.5947554111480713,0.5448329623961434,0.00028388114005496387
161,0.6340696215629578,0.5892317891120911,0.6070032715797424,0.5574123365997598,0.5968205332756042,0.5457877728096038,0.00028366964668918946
162,0.6330319046974182,0.5910879969596863,0.6067415475845337,0.5576127943344177,0.5965251326560974,0.5459115782309379,0.00028345685762150134
163,0.6319449543952942,0.5876489877700806,0.6090352535247803,0.5589462701860486,0.5984736084938049,0.5470916685539028,0.0002832427749946831
164,0.6309224963188171,0.589082658290863,0.6080053448677063,0.5592122780732147,0.5975024700164795,0.5472554676520093,0.0002830274009645444
165,0.6302334070205688,0.5860247015953064,0.6098858118057251,0.5603538706822156,0.5991535186767578,0.5482872311166171,0.0002828107376998994
166,0.6283046007156372,0.5865806937217712,0.6099138855934143,0.5608310158409631,0.5990966558456421,0.5486172887697466,0.0002825927873825447
167,0.628196120262146,0.58497554063797,0.6116325855255127,0.5617803583185222,0.6005813479423523,0.5494288539810287,0.00028237355220723766
168,0.626943826675415,0.5841942429542542,0.6123918890953064,0.5626479165262269,0.601180374622345,0.5501316183475073,0.000282153034381674
169,0.6256576776504517,0.5832257270812988,0.6128727793693542,0.5634810613208222,0.601510226726532,0.5507901076880621,0.0002819312361264656
170,0.6243963241577148,0.5835492610931396,0.6131420731544495,0.5640497852238697,0.60165935754776,0.5512000217437574,0.0002817081596751188
171,0.6253576278686523,0.581272304058075,0.6153656840324402,0.5649839116674242,0.6036232113838196,0.5520430154466337,0.0002814838072740108
172,0.6232155561447144,0.5863106846809387,0.6144864559173584,0.5647198626600948,0.6026794910430908,0.5516048486234056,0.00028125818118236766
173,0.6239250302314758,0.5812394618988037,0.6175045371055603,0.5659715367735484,0.6054574847221375,0.5529161259888704,0.0002810312836722419
174,0.6259798407554626,0.5881949067115784,0.614528238773346,0.5654843758280782,0.6024792194366455,0.552126744555172,0.0002808031170284886
175,0.6254181861877441,0.5792804956436157,0.6180387139320374,0.567073398437206,0.6058867573738098,0.5539551035867644,0.00028057368354874365
176,0.6219416260719299,0.5795966982841492,0.6172991394996643,0.5672834363759788,0.6051292419433594,0.5540569941504552,0.00028034298554339943
177,0.6187247633934021,0.5808866620063782,0.6173920035362244,0.5673575605036233,0.6051626801490784,0.5540789660280392,0.00028011102533558225
178,0.619276762008667,0.5769277215003967,0.6197823882102966,0.5685829939130405,0.607462465763092,0.5553509039899643,0.00027987780526112914
179,0.6188852190971375,0.578739583492279,0.6190172433853149,0.5689424434164828,0.6065264940261841,0.5553982921064937,0.0002796433276685633
180,0.6174787282943726,0.5762361288070679,0.6205378770828247,0.5698891360704279,0.6078883409500122,0.5562451482540506,0.00027940759491907165
181,0.6148644685745239,0.5749907493591309,0.621742844581604,0.570599672791621,0.6089612245559692,0.556850077660033,0.00027917060938648043
182,0.6151100993156433,0.5765986442565918,0.6215795874595642,0.5709696971613178,0.6086059808731079,0.5569475917636819,0.00027893237345723114
183,0.6137363910675049,0.574065089225769,0.6229022741317749,0.5719167495443087,0.609800398349762,0.5577687707268707,0.0002786928895303571
184,0.6134582161903381,0.5730634331703186,0.6234405040740967,0.5725155992212264,0.6101880669593811,0.558227401468391,0.0002784521600174587
185,0.613332986831665,0.574881374835968,0.6231610178947449,0.5728553324400671,0.609712541103363,0.5583083462082783,0.00027821018734267965
186,0.6124679446220398,0.571812093257904,0.6250666975975037,0.5736609277935302,0.6115217804908752,0.5591411525024396,0.00027796697394268175
187,0.6121591329574585,0.5737470388412476,0.6249310970306396,0.5742121312098593,0.6111419200897217,0.5593408611403091,0.00027772252226662155
188,0.6122319102287292,0.570392370223999,0.6267905235290527,0.5751866927717105,0.6129512190818787,0.5603171038430924,0.00027747683477612455
189,0.6100510954856873,0.5710689425468445,0.6266183257102966,0.5755567521013846,0.6126376390457153,0.5604823942680137,0.0002772299139452611
190,0.6093721389770508,0.5702579617500305,0.6271648406982422,0.5760702706300787,0.6131302714347839,0.5609478839708995,0.00027698176226052123
191,0.609099268913269,0.568688154220581,0.6279685497283936,0.5766305618718223,0.6139316558837891,0.5615482535341578,0.00027673238222078965
192,0.6083677411079407,0.5708760023117065,0.6279841661453247,0.5769192378056537,0.6137843132019043,0.5615945842256257,0.0002764817763373207
193,0.6076411008834839,0.5672613978385925,0.6297486424446106,0.5777836658249615,0.6156110763549805,0.5625706408791395,0.0002762299471337126
194,0.60667484998703,0.568645179271698,0.6293129324913025,0.5780665714877243,0.6149259805679321,0.5625403422422504,0.0002759768971458828
195,0.6053889989852905,0.5667120218276978,0.6300555467605591,0.5786692283570667,0.6155853867530823,0.5630847629662771,0.0002757226289220419
196,0.6054401397705078,0.5664879679679871,0.6307273507118225,0.5792397238481374,0.6161009669303894,0.5634542762903406,0.00027546714502266786
197,0.6035807728767395,0.5666229128837585,0.6314418315887451,0.5798585308937346,0.6166645884513855,0.5638534791169412,0.0002752104480204811
198,0.6029492616653442,0.5649877786636353,0.632205069065094,0.5805871904409462,0.6173725724220276,0.564502153668178,0.0002749525405004172
199,0.6025891304016113,0.5655122995376587,0.6321920156478882,0.5809737272030173,0.617211639881134,0.5647078327393127,0.0002746934250596022
200,0.6024261116981506,0.564548134803772,0.6328089237213135,0.5813642301820688,0.6177644729614258,0.5650550839883632,0.0002744331043073257
201,0.6015335917472839,0.5637857913970947,0.6334661841392517,0.5818857425952548,0.6183197498321533,0.5654796303295021,0.00027417158086501486
202,0.6012371182441711,0.5639240145683289,0.6340870261192322,0.5824237991717637,0.6188107132911682,0.5658483297646055,0.00027390885736620777
203,0.6004650592803955,0.5635019540786743,0.6343188881874084,0.5830390894612714,0.6188788414001465,0.5662807895570412,0.000273644936456527
204,0.599637508392334,0.5615217685699463,0.6351602077484131,0.5836686309600227,0.6196861267089844,0.5668879681207852,0.00027337982079365345
205,0.5989387631416321,0.5647451281547546,0.635124146938324,0.5837539315202755,0.6193808913230896,0.5666603467483621,0.0002731135130472987
206,0.5991764664649963,0.5603967905044556,0.6374912261962891,0.58441696316242,0.6220796704292297,0.5676945715842584,0.0002728460158991789
207,0.6004631519317627,0.5693426132202148,0.635805070400238,0.5834705297121124,0.619788646697998,0.5661464526965451,0.00027257733204298727
208,0.6004519462585449,0.5597059726715088,0.637956440448761,0.5849762805344486,0.6224105358123779,0.5682317178388065,0.00027230746418436733
209,0.6003954410552979,0.5636622309684753,0.6364688277244568,0.585128844443204,0.620439887046814,0.5677607311208543,0.00027203641504088547
210,0.5975630879402161,0.5593604445457458,0.6384873390197754,0.5860271835219538,0.6226557493209839,0.5688417877077234,0.00027176418734200353
211,0.5940507650375366,0.5577067732810974,0.639360249042511,0.586460068731084,0.623702347278595,0.5694478802395677,0.00027149078382905124
212,0.5960879921913147,0.564177393913269,0.6380650997161865,0.5861481012476392,0.6219800114631653,0.5685953118591294,0.00027121620725519924
213,0.596706748008728,0.5569491386413574,0.6399769186973572,0.5870394807784555,0.6243669986724854,0.5700076660104346,0.0002709404603854303
214,0.5961557626724243,0.55917888879776,0.6395308375358582,0.5873649468719795,0.6234703660011292,0.5697879238106871,0.0002706635459965125
215,0.5934061408042908,0.5595210790634155,0.6393679976463318,0.5875789615115062,0.6231454014778137,0.5698441951201552,0.0002703854668769706
216,0.5936002731323242,0.5555464625358582,0.6410324573516846,0.5880374747863968,0.6250723004341125,0.5706903929207999,0.0002701062258270583
217,0.5945602655410767,0.5610820651054382,0.6404607892036438,0.588133871760245,0.6238396763801575,0.5700319551223972,0.0002698258256587299
218,0.5927529335021973,0.5553578734397888,0.6424102783203125,0.589229962533042,0.6259343028068542,0.5712946374868298,0.0002695442691956118
219,0.5923480987548828,0.554301381111145,0.6429185271263123,0.5895297813547998,0.6264681220054626,0.5716729595528846,0.00026926155927297463
220,0.5909801125526428,0.5614344477653503,0.6411288976669312,0.5890357691523239,0.6240749955177307,0.5705457436189024,0.0002689776987377042
221,0.5922576189041138,0.5532151460647583,0.6435865759849548,0.590339894638216,0.6269481182098389,0.5722704043682165,0.00026869269044827284
222,0.5907356142997742,0.5537183284759521,0.6440052390098572,0.5908358580491463,0.627162516117096,0.5724387992188035,0.00026840653727471084
223,0.5884338021278381,0.55859375,0.6431806683540344,0.590637160080676,0.625973641872406,0.5718424826583743,0.00026811924209857755
224,0.5894169807434082,0.5521656274795532,0.6445746421813965,0.5913892339185366,0.6277608871459961,0.5730797098514265,0.00026783080781293215
225,0.5901041626930237,0.5546358227729797,0.644284725189209,0.5917995993020917,0.6270126104354858,0.5729460836687786,0.00026754123732230476
226,0.5874448418617249,0.553838312625885,0.6451051235198975,0.5921954823877559,0.6277976036071777,0.5733286487826444,0.000267250533542667
227,0.5869884490966797,0.5507768392562866,0.6463592052459717,0.5925340669073993,0.6293433308601379,0.5740542567239353,0.00026695869940140265
228,0.5888546705245972,0.5544784069061279,0.6456691026687622,0.5925091645577019,0.6281169652938843,0.5734598244525911,0.0002666657378372783
229,0.5870063304901123,0.5515316724777222,0.6462291479110718,0.5932297039975779,0.6286749839782715,0.5741830405511374,0.0002663716518004136
230,0.585583508014679,0.5496640801429749,0.6469292640686035,0.5937842562085504,0.6294320821762085,0.5748067914772538,0.0002660764442522518
231,0.5853056311607361,0.5536244511604309,0.6465067267417908,0.5939717612474165,0.6285653710365295,0.5744140578405117,0.0002657801181655295
232,0.5843478441238403,0.5500258207321167,0.6480076313018799,0.5945920340610893,0.6302108764648438,0.5752039059148742,0.00026548267652424726
233,0.5824185013771057,0.5489833354949951,0.6484156250953674,0.5948661040109373,0.6306158304214478,0.5755053824237906,0.00026518412232363897
234,0.5830050110816956,0.5507230162620544,0.648141622543335,0.5951538997965667,0.630064070224762,0.5754622450365077,0.0002648844585701421
235,0.5823692083358765,0.5482244491577148,0.6490365266799927,0.5958397875983016,0.6310309171676636,0.5761991760850963,0.00026458368828136743
236,0.5825060606002808,0.5481131672859192,0.649768054485321,0.5963568479262435,0.6316624283790588,0.5765575455292832,0.00026428181448606843
237,0.5811015367507935,0.5492150783538818,0.6499935984611511,0.596508056909462,0.6317115426063538,0.5765170353763696,0.00026397884022411066
238,0.5812216997146606,0.5470489859580994,0.6505054831504822,0.5969479696084407,0.6321910619735718,0.5769791151626987,0.00026367476854644186
239,0.5814718008041382,0.5474204421043396,0.6507521271705627,0.5974152782407667,0.6322205066680908,0.5771762085197345,0.00026336960251506026
240,0.5797038674354553,0.5469191074371338,0.6511140465736389,0.5978693385601361,0.6324986219406128,0.577507646440769,0.0002630633452029845
241,0.5799077153205872,0.5453962087631226,0.652047872543335,0.5981877348664715,0.6335458755493164,0.5779746665195203,0.0002627559996942222
242,0.5802520513534546,0.5480126142501831,0.6521251201629639,0.598301249090749,0.6334031224250793,0.5777898853472684,0.0002624475690837393
243,0.579341471195221,0.545059323310852,0.6526609659194946,0.5990588164929156,0.6339952945709229,0.5786439824297317,0.0002621380564774286
244,0.5778365731239319,0.5445709824562073,0.6527503728866577,0.5994589227036445,0.6340219974517822,0.5789834256039824,0.00026182746499207865
245,0.5782766342163086,0.5469267964363098,0.6527321338653564,0.5994888069427474,0.6338101029396057,0.5787755885256197,0.0002615157977553423
246,0.5770494937896729,0.5436171293258667,0.6539366841316223,0.59989886184704,0.6352126598358154,0.5794565399876012,0.0002612030579057051
247,0.5772098302841187,0.5445191264152527,0.6541482210159302,0.6001688390291011,0.6351711750030518,0.5794277805802767,0.00026088924859245385
248,0.5764915943145752,0.5452247262001038,0.6540006995201111,0.6005679040455121,0.6347209215164185,0.5794942785288332,0.0002605743729756448
249,0.5758606195449829,0.5423322319984436,0.654575765132904,0.6010368685454939,0.6353383660316467,0.5801187136197202,0.00026025843422607207
250,0.5756266117095947,0.545186460018158,0.6545498371124268,0.6012893805566345,0.634943425655365,0.5799011850783162,0.0002599414355252352
251,0.5756144523620605,0.542098879814148,0.6559752821922302,0.6019952803648232,0.6365610957145691,0.5808248983660291,0.0002596233800653076
252,0.5736974477767944,0.5425353646278381,0.6560300588607788,0.6022146922586843,0.6364895105361938,0.5808889886583467,0.0002593042710491044
253,0.5742440223693848,0.5433300733566284,0.6560016870498657,0.6024490935416256,0.6363124847412109,0.580926489765912,0.00025898411169004976
254,0.5728908181190491,0.5405167937278748,0.6567471027374268,0.6029679843795374,0.6371891498565674,0.5816182937176776,0.0002586629052121447
255,0.5735171437263489,0.5425562858581543,0.6570964455604553,0.6032649188502092,0.6372921466827393,0.5815409500200087,0.00025834065484993515
256,0.5718766450881958,0.5404109954833984,0.657700777053833,0.6036442981138309,0.6379310488700867,0.5820240921211268,0.0002580173638484785
257,0.572076678276062,0.5413322448730469,0.6578093767166138,0.6038925013736757,0.6378116011619568,0.5820132156341358,0.00025769303546331157
258,0.5716201066970825,0.5403022766113281,0.6581876873970032,0.6042863783840677,0.6380820870399475,0.5823354410002722,0.00025736767296041763
259,0.5723904967308044,0.5392088890075684,0.6588087677955627,0.6046187838006316,0.6386603713035583,0.5826876182593804,0.00025704127961619354
260,0.5706288814544678,0.54111647605896,0.6587973833084106,0.6044573196507439,0.6384250521659851,0.5823132128214754,0.0002567138587174166
261,0.5708267688751221,0.5388716459274292,0.6595625281333923,0.6050025510760352,0.6393005847930908,0.5829702229450823,0.00025638541356121157
262,0.5701198577880859,0.5393227338790894,0.6598085761070251,0.6057184892632251,0.6394023299217224,0.5833594754737552,0.0002560559474550176
263,0.5692768692970276,0.5397669672966003,0.6598412394523621,0.6060073952717925,0.6393651366233826,0.5834915743401269,0.00025572546371655457
264,0.5695244073867798,0.5372045636177063,0.6603546142578125,0.6061048718836398,0.6400387287139893,0.5838848939113352,0.0002553939656737903
265,0.5696835517883301,0.539580225944519,0.6607212424278259,0.6061897749447763,0.6401894092559814,0.5836515676622316,0.0002550614566649062
266,0.5687088966369629,0.5366972088813782,0.6615257859230042,0.6068063981436868,0.6411259770393372,0.5844279092349492,0.0002547279400382645
267,0.5683966875076294,0.537372887134552,0.6613104343414307,0.6069953325120365,0.6407265663146973,0.5844143833688865,0.0002543934191523736
268,0.567544162273407,0.5370632410049438,0.6615079641342163,0.6071642599555834,0.6409003138542175,0.5845827556444623,0.0002540578973758555
269,0.5671327710151672,0.536526083946228,0.6621274352073669,0.6076433860112661,0.6414963603019714,0.5850035919949678,0.0002537213780874105
270,0.566912055015564,0.5359121561050415,0.6628914475440979,0.6080340046368566,0.6422943472862244,0.5853852679529856,0.00025338386467578414
271,0.5665062665939331,0.5360649824142456,0.6628391742706299,0.6081628058626595,0.6421108841896057,0.5854165693076346,0.0002530453605397328
272,0.565396249294281,0.5368028283119202,0.6622516512870789,0.6084356019486612,0.641270101070404,0.5854601004847431,0.0002527058690879894
273,0.56525719165802,0.5334643125534058,0.6635110378265381,0.609147090865621,0.6426956057548523,0.5863981550430801,0.0002523653937392289
274,0.5656003355979919,0.5406208038330078,0.6636688709259033,0.6090675909611826,0.6423525214195251,0.5855928002253373,0.00025202393792203445
275,0.5674129724502563,0.5333096981048584,0.6650606393814087,0.6093681450064196,0.6444299221038818,0.5869488099072258,0.00025168150507486227
276,0.5679516792297363,0.5386118292808533,0.6639994978904724,0.6090583320178399,0.6426749229431152,0.5857669427067025,0.0002513380986460074
277,0.5648145079612732,0.5335794687271118,0.6643237471580505,0.6099191402998086,0.6431443691253662,0.5868505208355983,0.00025099372209356867
278,0.5634168982505798,0.5321162939071655,0.6650130748748779,0.6103602227910284,0.6438857913017273,0.5873503474831331,0.00025064837888541427
279,0.5638293623924255,0.536909282207489,0.6653433442115784,0.6101618996338103,0.6439344882965088,0.5866966636549857,0.0002503020724991463
280,0.5638335943222046,0.5320146083831787,0.666381299495697,0.6102350250188705,0.6454737782478333,0.5874734700106193,0.0002499548064220663
281,0.5639023780822754,0.5335263609886169,0.6661569476127625,0.6106983184006637,0.644888162612915,0.5874102214477136,0.0002496065841511399
282,0.562428891658783,0.5338824987411499,0.6660653352737427,0.6114301294485351,0.6445053219795227,0.5877420958860732,0.00024925740919296143
283,0.5621404051780701,0.5299093723297119,0.6670419573783875,0.611761178948341,0.645776093006134,0.5885070284512669,0.0002489072850637188
284,0.5629143714904785,0.5344381332397461,0.6668853759765625,0.6114667175962721,0.6451773643493652,0.5876535695142654,0.0002485562152891581
285,0.5611286759376526,0.5311495065689087,0.6678767800331116,0.612017877258874,0.6463090181350708,0.5884203616025284,0.0002482042034045482
286,0.5616439580917358,0.5306804776191711,0.6681312918663025,0.612850237631786,0.6463133096694946,0.5889063913090228,0.00024785125295464475
287,0.5597468614578247,0.5330820083618164,0.6675947308540344,0.6129998124216776,0.645444929599762,0.5886104246989878,0.00024749736749365487
288,0.5609188079833984,0.5286155939102173,0.6684209704399109,0.6130402961854169,0.6467031836509705,0.5893391934870658,0.00024714255058520124
289,0.560414731502533,0.5349778532981873,0.6679759621620178,0.6128000827987209,0.6457948088645935,0.5883852328832669,0.0002467868058022862
290,0.561042845249176,0.528923511505127,0.6694599390029907,0.6135994399205732,0.6476914882659912,0.5897211751729917,0.0002464301367272558
291,0.5595776438713074,0.5287632346153259,0.6696149110794067,0.6137598391574368,0.6477692127227783,0.5898260896474978,0.00024607254695176357
292,0.5583457946777344,0.5331451296806335,0.6686631441116333,0.6135239986141602,0.646377444267273,0.589080514361351,0.00024571404007673464
293,0.559210479259491,0.526987612247467,0.6700748205184937,0.6140863941166511,0.6482692956924438,0.5903722977437668,0.00024535461971232923
294,0.5594638586044312,0.5307613015174866,0.6704244613647461,0.6145365350936639,0.648080587387085,0.5899619798397252,0.00024499428947790644
295,0.5584010481834412,0.5302443504333496,0.6704320311546326,0.6145921513828919,0.6480527520179749,0.5900056751098585,0.00024463305300198774
296,0.5571535229682922,0.5265005230903625,0.6707252264022827,0.6147067770718239,0.6486760377883911,0.5906347975056087,0.00024427091392222045
297,0.5583338141441345,0.5318312644958496,0.6703087091445923,0.6150739534498469,0.6476309299468994,0.5900551598781013,0.00024390787588534106
298,0.557914674282074,0.5268577933311462,0.6716122031211853,0.6157751844959173,0.6492241621017456,0.5912012386573425,0.00024354394254713855
299,0.5564030408859253,0.5264734029769897,0.6720424890518188,0.6159268769772995,0.6496480107307434,0.5914213263752245,0.0002431791175724176
300,0.5565142035484314,0.530523955821991,0.6715856194496155,0.6158781120722274,0.6487849354743958,0.590824147326052,0.00024281340463496167
301,0.5558949708938599,0.5252246260643005,0.6724158525466919,0.6166112316885795,0.6498640179634094,0.5919183724124149,0.00024244680741749598
302,0.5554430484771729,0.526266872882843,0.6727235317230225,0.6169304847155933,0.6499447226524353,0.5918832969022335,0.00024207932961165047
303,0.5551818609237671,0.5274729132652283,0.6730479001998901,0.616722462757812,0.6501691341400146,0.5915843761667999,0.00024171097491792248
304,0.5539893507957458,0.524691104888916,0.6735439300537109,0.6166411840631095,0.6508693695068359,0.5918920523244191,0.00024134174704563974
305,0.5543927550315857,0.527984082698822,0.6734230518341064,0.617124687915878,0.6502618193626404,0.5916727030204235,0.0002409716497129229
306,0.5547655820846558,0.5241778492927551,0.674144983291626,0.6178296840856418,0.6511837840080261,0.5926463488828851,0.00024060068664664785
307,0.5543874502182007,0.5245892405509949,0.6740770936012268,0.6178468292320305,0.6510534882545471,0.5926265775326942,0.0002402288615824086
308,0.553202211856842,0.5282977223396301,0.674030065536499,0.6175788978464308,0.6507630944252014,0.592038433597311,0.0002398561782644795
309,0.5531840324401855,0.5229603052139282,0.6750583648681641,0.6182710123853202,0.6521053910255432,0.593221547507735,0.00023948264044577728
310,0.5540302395820618,0.5250251889228821,0.6749305725097656,0.6187202176524468,0.6515741944313049,0.5930823688331337,0.00023910825188782375
311,0.5519074201583862,0.5248088240623474,0.674819827079773,0.6188160926207203,0.6513576507568359,0.5930864240154027,0.00023873301636070745
312,0.5521480441093445,0.5225307941436768,0.6756646633148193,0.6190674046259003,0.6523224115371704,0.5935332619656065,0.00023835693764304606
313,0.5526114106178284,0.526166558265686,0.676250159740448,0.6193406240492491,0.6525005102157593,0.5931731164774906,0.00023798001952194802
314,0.5514129996299744,0.522578775882721,0.6769219040870667,0.6197307331226923,0.6532909870147705,0.5938400625550291,0.00023760226579297463
315,0.5505272746086121,0.5217992067337036,0.6767968535423279,0.619893416963423,0.6531031131744385,0.5940250836758113,0.00023722368026010175
316,0.5505030751228333,0.5254141688346863,0.6764770150184631,0.6201692185796182,0.6524499654769897,0.5937794876682775,0.00023684426673568155
317,0.5498847961425781,0.5205977559089661,0.6774974465370178,0.6205175664738708,0.6539621949195862,0.5947926472757271,0.00023646402904040393
318,0.5502552390098572,0.5229779481887817,0.6774774789810181,0.6203558473572037,0.6537624597549438,0.5943612795749526,0.00023608297100325827
319,0.5493103265762329,0.5251217484474182,0.676967978477478,0.6200980448589699,0.6530733704566956,0.5939408585608716,0.00023570109646149488
320,0.5500239133834839,0.5196027755737305,0.6777876019477844,0.6206418980468359,0.6542642116546631,0.5950754206219181,0.000235318409260586
321,0.5505384802818298,0.5239153504371643,0.6777815818786621,0.6210597421050371,0.6537365317344666,0.5946643011884286,0.0002349349132541876
322,0.548480749130249,0.5220992565155029,0.6782735586166382,0.6211348316076594,0.654306173324585,0.5948805544570391,0.00023455061230410017
323,0.548585057258606,0.5192021131515503,0.6787664890289307,0.6209978512658103,0.6550899744033813,0.5952607431243929,0.00023416551028022995
324,0.5501552224159241,0.5244166851043701,0.6788252592086792,0.6212918960887069,0.6545851826667786,0.5947306689693854,0.0002337796110605502
325,0.548336386680603,0.5194597244262695,0.679657518863678,0.622130988774823,0.655565619468689,0.5958280548581383,0.00023339291853106167
326,0.5476531982421875,0.5178579092025757,0.6799398064613342,0.6222517793958052,0.6559532284736633,0.5961528706704357,0.00023300543658575382
327,0.5485587120056152,0.5273603200912476,0.6788957715034485,0.6216726987406914,0.6542419791221619,0.5946122290439281,0.0002326171691265656
328,0.5496938824653625,0.5178072452545166,0.6803674101829529,0.6224003515865534,0.6563887596130371,0.5963381907191784,0.00023222812006334597
329,0.5473976731300354,0.5200327634811401,0.6803309321403503,0.6226886562431374,0.6559814810752869,0.596090425753988,0.00023183829331381472
330,0.546555757522583,0.5222198963165283,0.6800744533538818,0.6226718408817405,0.6555062532424927,0.5958122650816766,0.00023144769280352285
331,0.5459203124046326,0.5167176127433777,0.680641233921051,0.6228837985502653,0.6565544009208679,0.5967722149471806,0.00023105632246581318
332,0.5465283393859863,0.5212757587432861,0.6804836392402649,0.6228701850876859,0.6559629440307617,0.596049021934255,0.00023066418624178068
333,0.5451450943946838,0.5206214785575867,0.6810745596885681,0.6230952673672159,0.65660160779953,0.5963244422147939,0.00023027128808023276
334,0.5459120273590088,0.5165918469429016,0.6813616156578064,0.6231965966985611,0.6571454405784607,0.5969198582797118,0.00022987763193764947
335,0.5453407764434814,0.5194352865219116,0.6810330748558044,0.6233068651678725,0.6563848853111267,0.596505732068106,0.00022948322177814394
336,0.5445188879966736,0.5192137956619263,0.6815444827079773,0.6238410861028272,0.6567573547363281,0.5968882032289057,0.000229088061573422
337,0.5431578159332275,0.5156497359275818,0.6824533939361572,0.6242281427513993,0.6579307913780212,0.5977000186841479,0.00022869215530274252
338,0.5447781085968018,0.5213558077812195,0.6821178793907166,0.6240099779601092,0.6570793390274048,0.5967312336735933,0.0002282955069528773
339,0.5436210632324219,0.5178449749946594,0.6827482581138611,0.6246273088764394,0.6577819585800171,0.5974762358750083,0.0002278981205180708
340,0.5438510179519653,0.5150542855262756,0.6832537651062012,0.6251506317217764,0.6583685278892517,0.5981774228875991,0.0002275
341,0.5443224906921387,0.5187362432479858,0.6828827261924744,0.6251786467592543,0.6576290130615234,0.5976726218729117,0.00022710114940773413
342,0.5437924861907959,0.5152688026428223,0.6836352944374084,0.6254454998146429,0.6586878299713135,0.5983680314648279,0.00022670157275769416
343,0.5421935319900513,0.5160995125770569,0.6840175986289978,0.6254757712666149,0.6590802669525146,0.5983505874571656,0.00022630127407361256
344,0.5412505269050598,0.5174332857131958,0.6838048696517944,0.6253231675816576,0.6587563157081604,0.5980554753054123,0.00022590025738649264
345,0.5423526763916016,0.5152626037597656,0.6839578151702881,0.6256072230278291,0.6589499711990356,0.5984455305737976,0.00022549852673456797
346,0.5415211915969849,0.5143886804580688,0.684352457523346,0.6260691520171954,0.6592711806297302,0.5988259014291749,0.00022509608616326173
347,0.5414847731590271,0.5164259672164917,0.6845794320106506,0.6262361088888712,0.6592656970024109,0.598634706238438,0.0002246929397251461
348,0.5411617159843445,0.5154273509979248,0.6849890351295471,0.6263505086786205,0.6596773266792297,0.5988059843924641,0.00022428909147990115
349,0.5406945943832397,0.5139952898025513,0.685280442237854,0.6267624641477446,0.6599697470664978,0.5992386636857036,0.0002238845454942743
350,0.541011393070221,0.5153352618217468,0.6854629516601562,0.6272927839356219,0.659873366355896,0.5993517284376465,0.000223479305842039
351,0.5401116609573364,0.5141323208808899,0.6859313249588013,0.6274715924281264,0.6603662371635437,0.5996549533161972,0.00022307337660395417
352,0.5404212474822998,0.514090895652771,0.6860122680664062,0.6273644936512718,0.6604118347167969,0.5995975402555037,0.0002226667618677227
353,0.5399898290634155,0.51421058177948,0.6862167119979858,0.6274753446514093,0.6605774760246277,0.5996760709847727,0.00022225946572795044
354,0.5397571921348572,0.51459139585495,0.6863224506378174,0.62770727147374,0.6605783700942993,0.599736654457966,0.00022185149228610504
355,0.5405870079994202,0.5139845609664917,0.6864677667617798,0.6279155314940376,0.6606635451316833,0.5998916409032783,0.0002214428456504745
356,0.5393434762954712,0.5133647322654724,0.6866177916526794,0.6277469305696127,0.6608355045318604,0.5998607533849231,0.00022103352993612594
357,0.5387181043624878,0.5147560834884644,0.6867647171020508,0.627789126204108,0.6608409285545349,0.599727815172501,0.000220623549264864
358,0.5392153859138489,0.5113525986671448,0.6875253319740295,0.628402852997426,0.661785364151001,0.6006355534754787,0.00022021290776518955
359,0.5390233397483826,0.5151358842849731,0.687188982963562,0.6284192377207667,0.6610814332962036,0.600081201933798,0.0002198016095722579
360,0.5376601219177246,0.5128000378608704,0.6875025629997253,0.6285590491087387,0.6614657044410706,0.6004472452241199,0.00021938965882783727
361,0.5362892746925354,0.510570764541626,0.6880199909210205,0.628863333595063,0.66206955909729,0.6009771494575534,0.00021897705968026708
362,0.5382058024406433,0.5156159996986389,0.6879436373710632,0.6290091698171666,0.6615567803382874,0.6004016134689656,0.00021856381628441621
363,0.5377495288848877,0.5113767385482788,0.6884836554527283,0.6289483868468742,0.6624106168746948,0.6008716364539967,0.00021814993280164108
364,0.5371025204658508,0.511282742023468,0.6884958744049072,0.6288268043278491,0.6624158620834351,0.6007998986389155,0.0002177354133997437
365,0.5364218950271606,0.51429682970047,0.6886066794395447,0.6294791535661869,0.6621431708335876,0.6008263266639522,0.00021732026225292992
366,0.5366073250770569,0.5100528597831726,0.6890992522239685,0.6297573726643951,0.6629005074501038,0.601580526523318,0.00021690448354176706
367,0.5353946089744568,0.5119012594223022,0.6888266801834106,0.6293538286685828,0.6625159382820129,0.6010569702732966,0.00021648808145314228
368,0.5354583859443665,0.5131832361221313,0.6889841556549072,0.6292669841601871,0.6625322699546814,0.6007905947626704,0.00021607106018021988
369,0.5362788438796997,0.5100052952766418,0.6897180676460266,0.6299585668514776,0.6633303165435791,0.6016155339874284,0.00021565342392239944
370,0.5355470180511475,0.5104928612709045,0.6897479891777039,0.6301680308899853,0.6631600260734558,0.6016237509402127,0.00021523517688527355
371,0.5354533195495605,0.5119951367378235,0.6898162961006165,0.6302251068545468,0.6630749702453613,0.6015067856457648,0.00021481632328058513
372,0.5347529053688049,0.5095319151878357,0.6903281807899475,0.6305396232658402,0.6637564301490784,0.6020962941202423,0.00021439686732618532
373,0.5344527363777161,0.5118440389633179,0.6902336478233337,0.6307482714947431,0.6633670330047607,0.6018655227122932,0.00021397681324599106
374,0.5347598791122437,0.5103181004524231,0.6903495788574219,0.630753921709693,0.6634950041770935,0.60199166548482,0.0002135561652699421
375,0.5346124172210693,0.5087896585464478,0.690730631351471,0.6306884183399223,0.6639458537101746,0.6021544983810821,0.00021313492763395898
376,0.5343648195266724,0.5127900242805481,0.6907998919487,0.6308727553670462,0.6635928750038147,0.601680083611225,0.00021271310457990006
377,0.5342846512794495,0.5098949670791626,0.6911089420318604,0.6313067695248108,0.6639894843101501,0.6022901567206854,0.00021229070035551868
378,0.5334124565124512,0.5085092782974243,0.6914005279541016,0.6316383512994822,0.6643316745758057,0.6027502617390351,0.0002118677192144208
379,0.5344651341438293,0.5110377669334412,0.6915597319602966,0.6318976967012621,0.6642486453056335,0.6026246880143347,0.00021144416541602179
380,0.5333346128463745,0.5087621212005615,0.6919963359832764,0.6321098640064726,0.6648280024528503,0.6030755195371001,0.00021102004322550363
381,0.5322922468185425,0.5095891952514648,0.6917020678520203,0.6318710131882825,0.6644101142883301,0.6026892383921819,0.0002105953569137722
382,0.5324261784553528,0.5091491937637329,0.6922348737716675,0.6323438872980599,0.6648672223091125,0.6030291486021365,0.00021017011075741385
383,0.5327819585800171,0.5087617039680481,0.692692220211029,0.6325701602360136,0.665321946144104,0.6032523590681059,0.0002097443090386527
384,0.5316975712776184,0.5096307396888733,0.6926611065864563,0.6324450142908691,0.6651994585990906,0.6030444542238267,0.00020931795604530725
385,0.532223641872406,0.5089116096496582,0.6926910877227783,0.6326309986172564,0.6651841402053833,0.6032025594382013,0.00020889105607074747
386,0.5320974588394165,0.5070229172706604,0.693031370639801,0.6333772401776449,0.665504515171051,0.6038878629170288,0.0002084636134138514
387,0.5318361520767212,0.5084996223449707,0.6930489540100098,0.6332887694932461,0.6654191613197327,0.6036150285364209,0.0002080356323789618
388,0.5304895639419556,0.5104256868362427,0.6931099891662598,0.6327262920504492,0.6654472947120667,0.6030627564686681,0.00020760711727584293
389,0.5305584073066711,0.5059702396392822,0.694128692150116,0.6331454731324687,0.6667837500572205,0.604071082959305,0.00020717807241963716
390,0.5319666862487793,0.5089729428291321,0.6941114068031311,0.6334233638396009,0.6663891673088074,0.6037506864374893,0.0002067485021308214
391,0.5306085348129272,0.5075912475585938,0.693732738494873,0.6332181067187332,0.6660778522491455,0.6037162546742986,0.00020631841073516372
392,0.5297277569770813,0.5062702298164368,0.6937755346298218,0.6332267021787286,0.6661915183067322,0.6038983245198811,0.0002058878025636797
393,0.530434250831604,0.5082531571388245,0.6943773627281189,0.633757943084714,0.6665038466453552,0.6039888072626117,0.00020545668195258874
394,0.5296037793159485,0.5068399906158447,0.6947984099388123,0.6339282969076298,0.6670011281967163,0.6043160795437893,0.00020502505324327075
395,0.5298194885253906,0.5059752464294434,0.6947168707847595,0.6338006060800255,0.6669939160346985,0.6043434314807016,0.00020459292078222198
396,0.5296860933303833,0.5092750787734985,0.694263219833374,0.6339245250859403,0.6662059426307678,0.6038972177388882,0.00020416028892101146
397,0.5298607349395752,0.5051940083503723,0.6950512528419495,0.6347685141672117,0.6671766638755798,0.6050251073723758,0.00020372716201623735
398,0.5291928648948669,0.5060185790061951,0.695210874080658,0.6348027181450745,0.6672346591949463,0.6049566839855596,0.0002032935444294827
399,0.5282759070396423,0.507169246673584,0.6952809691429138,0.6342843910920367,0.6672743558883667,0.6045437425319059,0.0002028594405272718
400,0.5296415090560913,0.505855917930603,0.6958760023117065,0.6347178086952292,0.6678341627120972,0.6050380494025308,0.00020242485468102616
401,0.5278148651123047,0.506223201751709,0.6961168050765991,0.6351389943738994,0.6678737998008728,0.6052093556249148,0.00020198979126702032
402,0.5288009643554688,0.5055813789367676,0.6960182785987854,0.6351553025699151,0.6677460670471191,0.6052327299543783,0.00020155425466633818
403,0.5272441506385803,0.5060560703277588,0.6958422660827637,0.6348666063209242,0.6675286889076233,0.6049408549542924,0.0002011182492648284
404,0.5274396538734436,0.5056605935096741,0.6964080333709717,0.6353523275181899,0.6680112481117249,0.6053231892528879,0.00020068177945306047
405,0.528003454208374,0.5049383640289307,0.6968172192573547,0.6357001526581533,0.6683828830718994,0.6056559933107679,0.00020024484962628063
406,0.5284107327461243,0.5061690211296082,0.6964945793151855,0.6354991167521895,0.667934000492096,0.6052385705898833,0.00019980746418436738
407,0.5271641612052917,0.5045233368873596,0.6967086791992188,0.6357857500843905,0.6682032942771912,0.6055901462176031,0.00019936962753178727
408,0.5274445414543152,0.504569411277771,0.6973825693130493,0.6364365793914945,0.6687312722206116,0.6059628595902036,0.00019893134407755048
409,0.5267585515975952,0.5072116851806641,0.6974736452102661,0.6363534944581457,0.668573260307312,0.6055463425020814,0.00019849261823516655
410,0.5265822410583496,0.5031648874282837,0.6978124976158142,0.6363233886445,0.6691989302635193,0.6061313887231293,0.00019805345442259987
411,0.5274778008460999,0.5052073001861572,0.6978473663330078,0.6364430914831734,0.6690258383750916,0.6058791840018891,0.00019761385706222514
412,0.5266513824462891,0.5056207180023193,0.69776850938797,0.6364655632282272,0.6688870191574097,0.6057816065081859,0.00019717383058078287
413,0.5253057479858398,0.5025497078895569,0.6976686716079712,0.6364508298380891,0.669008731842041,0.6062164863376933,0.0001967333794093349
414,0.5271912813186646,0.5047484636306763,0.6977764964103699,0.6366933106132172,0.6688933372497559,0.6061391847871707,0.00019629250798321957
415,0.5261703133583069,0.5047943592071533,0.6979609131813049,0.6366024455258612,0.6691243648529053,0.606154348133247,0.0001958512207420073
416,0.5249481797218323,0.5030012726783752,0.6983014345169067,0.6366366849139579,0.6696759462356567,0.6064930945477831,0.00019540952212945573
417,0.5253370404243469,0.5050761103630066,0.6982041597366333,0.6368281771659524,0.6693031191825867,0.6062094815860845,0.00019496741659346488
418,0.5254754424095154,0.5044571757316589,0.6980222463607788,0.6370481917392946,0.6690196394920349,0.6063461866569495,0.0001945249085860327
419,0.5249245166778564,0.5020906329154968,0.698436975479126,0.6374047441193574,0.6694875359535217,0.6068749230747311,0.00019408200256320986
420,0.524919867515564,0.5047599077224731,0.6990923881530762,0.637723525885324,0.669899046421051,0.6067558205075483,0.00019363870298505506
421,0.5243259072303772,0.5034494996070862,0.6994083523750305,0.637621109007508,0.6702991724014282,0.6068760408323759,0.00019319501431559023
422,0.5245004296302795,0.5021131038665771,0.6995575428009033,0.637699703661304,0.6704540848731995,0.6070367350481788,0.00019275094102275524
423,0.5240957140922546,0.5044001340866089,0.6994966864585876,0.6379975468718535,0.6700186133384705,0.6068064214751098,0.0001923064875783633
424,0.5238823294639587,0.5024212002754211,0.6996343731880188,0.6381861232710885,0.6702054142951965,0.6072141717889544,0.00019186165845805564
425,0.5237698554992676,0.5031172633171082,0.6995224952697754,0.6379614393226295,0.6700268387794495,0.6069852934921167,0.00019141645814125648
426,0.5236189365386963,0.5029555559158325,0.6998165249824524,0.6378765974558986,0.6703194379806519,0.6069594870136897,0.0001909708911111282
427,0.5231159925460815,0.5027698278427124,0.7001850605010986,0.6381726452851857,0.6706260442733765,0.6071500694824415,0.00019052496185452576
428,0.5235122442245483,0.5022305846214294,0.7003037929534912,0.6383203160216763,0.6706545948982239,0.6072548325778943,0.0001900786748619518
429,0.5236327052116394,0.5032699108123779,0.7000412344932556,0.6381880497778778,0.6702220439910889,0.6069276188266983,0.0001896320346275115
430,0.5235331654548645,0.5019203424453735,0.7003393769264221,0.6385519558542823,0.670494794845581,0.6072845143013654,0.00018918504564886698
431,0.5224294066429138,0.5022743344306946,0.7008854746818542,0.6392343247591891,0.6708560585975647,0.6076359993902547,0.00018873771242719224
432,0.5232352018356323,0.502720057964325,0.7009778022766113,0.6392080556533676,0.6708967685699463,0.6075565080115912,0.00018829003946712795
433,0.5224661827087402,0.5032761693000793,0.7007574439048767,0.6388408079209132,0.6706558465957642,0.6072284107823114,0.00018784203127673586
434,0.5219410061836243,0.5011754035949707,0.7014233469963074,0.6394116803120536,0.6714126467704773,0.60797223314591,0.00018739369236745335
435,0.5227528214454651,0.50299072265625,0.7011984586715698,0.6395370459530649,0.6709842681884766,0.6077830058822453,0.0001869450272540484
436,0.5221477746963501,0.5016655325889587,0.7009198665618896,0.639003777200801,0.6709381341934204,0.6076114244970433,0.00018649604045457364
437,0.5217194557189941,0.5013512372970581,0.7012239098548889,0.6392297946753177,0.6712908148765564,0.6078752980691935,0.00018604673649032116
438,0.5215010643005371,0.5021889209747314,0.7016720175743103,0.6399406890428482,0.6716037392616272,0.6082894871775911,0.00018559711988577692
439,0.5209782719612122,0.4999485909938812,0.7018541693687439,0.6399194041660203,0.671974778175354,0.6086428285815498,0.00018514719516857508
440,0.5216461420059204,0.5019456148147583,0.7015053033828735,0.6394889123759442,0.6714716553688049,0.6080317639540979,0.00018469696686945267
441,0.5205883383750916,0.5024995803833008,0.7018532156944275,0.6399934450097707,0.67154860496521,0.608161506489835,0.00018424643952220357
442,0.5210965871810913,0.4990656077861786,0.70247882604599,0.6404108902031317,0.6723325252532959,0.608888731591155,0.00018379561766363307
443,0.5201412439346313,0.5024471879005432,0.7021175622940063,0.639836517881951,0.6716590523719788,0.6078905102862323,0.0001833445058335125
444,0.5204715728759766,0.5018773078918457,0.702332615852356,0.6399432311489155,0.6719232201576233,0.608130163141347,0.00018289310857453285
445,0.5197804570198059,0.4988326132297516,0.7031287550926208,0.6410321099076395,0.6728401184082031,0.6094476203048221,0.00018244143043225948
446,0.5206298828125,0.5016047358512878,0.7029113173484802,0.641057374774276,0.6724228262901306,0.6090616247836983,0.00018198947595508637
447,0.5209743976593018,0.5011687874794006,0.7024445533752441,0.6403893026759168,0.6721633672714233,0.6085912838372805,0.00018153724969418995
448,0.5186728835105896,0.4986598491668701,0.7028931379318237,0.6404677189355845,0.6728959679603577,0.6090327975263835,0.0001810847562034838
449,0.5210251808166504,0.501501202583313,0.7033297419548035,0.6409805024114092,0.6730050444602966,0.6090251361223604,0.00018063200003957226
450,0.520386815071106,0.4994635581970215,0.703390896320343,0.6410882934089823,0.6731225252151489,0.6093507417010658,0.00018017898576170492
451,0.5178583264350891,0.49888771772384644,0.7030830979347229,0.6408838210399308,0.6728032827377319,0.6092064915956139,0.00017972571793173047
452,0.5189281702041626,0.4998304843902588,0.7032136917114258,0.6411977858973841,0.6727548837661743,0.609171279762519,0.00017927220111405096
453,0.5193415284156799,0.5004074573516846,0.7035441398620605,0.6414953268938236,0.6729748249053955,0.6093018849970676,0.00017881843987557568
454,0.5183345079421997,0.49938318133354187,0.7037312388420105,0.641472966642719,0.673186719417572,0.6094911170025165,0.0001783644387856753
455,0.5184281468391418,0.4993194043636322,0.7037761211395264,0.6414719013594411,0.6731573343276978,0.6095067422914543,0.00017791020241613576
456,0.5184586048126221,0.49916234612464905,0.7040658593177795,0.6418285460966403,0.6733817458152771,0.6096925256958637,0.0001774557353411122
457,0.5186803936958313,0.500228226184845,0.7039492130279541,0.6416576752753237,0.6731595993041992,0.6093175667660989,0.00017700104213708308
458,0.5183886289596558,0.49913036823272705,0.7042130827903748,0.6416657348717769,0.6734475493431091,0.6095051397939453,0.0001765461273828039
459,0.517081618309021,0.4992363452911377,0.7046478390693665,0.641993114168412,0.6737257242202759,0.6098005771245382,0.0001760909956592612
460,0.5185063481330872,0.49865642189979553,0.7050673961639404,0.6425501477418639,0.6740151047706604,0.610235987708113,0.00017563565154962637
461,0.5180500149726868,0.4988611340522766,0.7048072814941406,0.6423262369373801,0.6737290024757385,0.6099288829717007,0.0001751800996392095
462,0.5182181000709534,0.4977312684059143,0.7047247886657715,0.64185190210495,0.673879861831665,0.6097835676009868,0.0001747243445154133
463,0.5184544920921326,0.500546395778656,0.7050054669380188,0.6422951158006133,0.6738501191139221,0.6096888427604554,0.00017426839076768686
464,0.5176034569740295,0.4986725151538849,0.7053215503692627,0.6428113945110394,0.6742326617240906,0.610280785542082,0.00017381224298747925
465,0.516372561454773,0.49721476435661316,0.7051687836647034,0.6427707400914615,0.6741682291030884,0.6104319008470512,0.00017335590576819364
466,0.5172479748725891,0.4992169737815857,0.7051002383232117,0.642760284099788,0.6738956570625305,0.6100942133097352,0.00017289938370514073
467,0.5163459777832031,0.49819040298461914,0.7054949998855591,0.6429328811865264,0.6743119359016418,0.6103582749399552,0.00017244268139549266
468,0.5167462825775146,0.49889057874679565,0.7054107189178467,0.6427855482365232,0.6740590333938599,0.6100615278508165,0.00017198580343823656
469,0.5171772241592407,0.4976254403591156,0.7056353092193604,0.6429652951852382,0.6742362380027771,0.6103079004657677,0.00017152875443412837
470,0.5177231431007385,0.4993210732936859,0.7056422829627991,0.642995258844699,0.6740320324897766,0.6100983599373234,0.0001710715389856466
471,0.5170210003852844,0.4975542426109314,0.7059007287025452,0.643068448622936,0.6744204163551331,0.6104416982843687,0.00017061416169694569
472,0.5162928700447083,0.4981154203414917,0.7060865759849548,0.643361851760255,0.674473226070404,0.610562393355672,0.00017015662717380977
473,0.5160958170890808,0.497906357049942,0.7063915729522705,0.6437137007186117,0.6747410297393799,0.610873036825497,0.00016969894002360648
474,0.5159592628479004,0.4970318078994751,0.706081211566925,0.6432938106835526,0.6745703816413879,0.6106435967288143,0.0001692411048552404
475,0.5171999335289001,0.49773526191711426,0.7062287926673889,0.6435039194750575,0.6745855808258057,0.6106708340229395,0.00016878312627910646
476,0.5157644152641296,0.4984019696712494,0.7066267728805542,0.6438380358724319,0.6749013662338257,0.6108828050032828,0.000168325008907044
477,0.5162323117256165,0.4958361089229584,0.7067015171051025,0.6435927621853678,0.6753281950950623,0.6111883054283929,0.00016786675735228974
478,0.5149163007736206,0.49740561842918396,0.7066624164581299,0.6436059052383948,0.6751962900161743,0.6110060496428814,0.00016740837622943177
479,0.5143137574195862,0.4995861053466797,0.7065703868865967,0.6439277206472493,0.6748616695404053,0.6109289297966363,0.00016694987015436296
480,0.5158383846282959,0.4943850636482239,0.7068494558334351,0.6441428077639467,0.6755836606025696,0.6118432354282896,0.00016649124374423433
481,0.5153979063034058,0.4977969825267792,0.7066864967346191,0.6440823139832897,0.6750975251197815,0.6112346862327649,0.00016603250161740878
482,0.5147756934165955,0.49858465790748596,0.7067121863365173,0.6437480194319345,0.6751058101654053,0.6108985693054831,0.00016557364839341448
483,0.5144627690315247,0.49564364552497864,0.706963062286377,0.6437446605756598,0.6755431294441223,0.6112644497859571,0.00016511468869289815
484,0.5147693157196045,0.49746468663215637,0.7070200443267822,0.6441349155039763,0.675233781337738,0.6110855722123503,0.00016465562713757908
485,0.5138842463493347,0.4984789192676544,0.7068458199501038,0.6443673087244928,0.6748467683792114,0.6109777280783595,0.00016419646835020185
486,0.5138939023017883,0.495225727558136,0.7070457339286804,0.644490248971773,0.6752700209617615,0.6115134202998994,0.0001637372169544905
487,0.5141176581382751,0.4976015090942383,0.7074999213218689,0.6449055867776071,0.6753801107406616,0.6114558399889822,0.00016327787757510138
488,0.5139868855476379,0.4965274930000305,0.7081100940704346,0.6452187995067244,0.6759911179542542,0.6118611135574199,0.00016281845483757698
489,0.5130441784858704,0.4955282211303711,0.7083043456077576,0.6449803223605861,0.676299512386322,0.6118215491660997,0.00016235895336829916
490,0.5142468214035034,0.49825894832611084,0.7081207633018494,0.6449121985299678,0.6757588386535645,0.6111672388847589,0.00016189937779444266
491,0.5137160420417786,0.49635350704193115,0.7082360982894897,0.645271440612375,0.6758090257644653,0.6115342526808936,0.0001614397327439283
492,0.5128624439239502,0.49483248591423035,0.7082225680351257,0.6452704311976225,0.675868809223175,0.6117790331707688,0.00016098002284537676
493,0.5134222507476807,0.498049795627594,0.7083039879798889,0.6453143032888652,0.6757142543792725,0.611480289441886,0.00016052025272806156
494,0.512344479560852,0.4965071976184845,0.7087481021881104,0.6455374325747065,0.6763473153114319,0.6119940763439415,0.00016006042702186268
495,0.512812614440918,0.49498414993286133,0.7088428139686584,0.6455166527001563,0.6766595244407654,0.612304140289776,0.00015960055035721984
496,0.5134950876235962,0.497418075799942,0.7085078358650208,0.6454186856348679,0.6761191487312317,0.6118044442400493,0.00015914062736508593
497,0.5128630995750427,0.4966354966163635,0.7084493041038513,0.6454945987355207,0.6761295199394226,0.6119320857242239,0.0001586806626768805
498,0.5135242938995361,0.49381697177886963,0.7086431384086609,0.6456169873127647,0.6765920519828796,0.6124604016664305,0.00015822066092444276
499,0.511842668056488,0.49715858697891235,0.7083589434623718,0.6453695112319169,0.6760693788528442,0.6117563901396879,0.00015776062673998525
500,0.5123255848884583,0.4961452782154083,0.7086942791938782,0.645658863026493,0.6764514446258545,0.612084912995415,0.00015730056475604716
501,0.5120631456375122,0.4949323236942291,0.7089276909828186,0.6457910138270049,0.6767656207084656,0.6123761491889853,0.0001568404796054475
502,0.5124601125717163,0.49570518732070923,0.7087992429733276,0.6455141727359734,0.6765861511230469,0.6120756933384894,0.00015638037592123863
503,0.5123506188392639,0.4955473840236664,0.7088668346405029,0.6456919557282557,0.6765899658203125,0.6121823134059752,0.00015592025833665958
504,0.511150062084198,0.49392133951187134,0.709342896938324,0.6462778941227991,0.6770713925361633,0.6128179934850336,0.00015546013148508923
505,0.5130163431167603,0.4962465167045593,0.7092859148979187,0.6463056878887431,0.6767932176589966,0.6125014238080267,0.000155
506,0.5114409923553467,0.4946969151496887,0.7093812227249146,0.6461752764498129,0.6770346760749817,0.6127274655574002,0.00015453986851491077
507,0.5106126666069031,0.4945064187049866,0.7096561789512634,0.6464304306192683,0.6772307753562927,0.6129479446550334,0.00015407974166334044
508,0.5127338767051697,0.49629804491996765,0.7097082734107971,0.6466336065795093,0.6770427823066711,0.6127155366434198,0.00015361962407876137
509,0.5109066963195801,0.49464157223701477,0.7096735835075378,0.6465269665094808,0.6770800948143005,0.6127170541183036,0.00015315952039455253
510,0.51141756772995,0.4944917559623718,0.7095751166343689,0.6464095984442296,0.6769096851348877,0.6125707234871806,0.00015269943524395284
511,0.5105201005935669,0.4955580234527588,0.7095544338226318,0.6464096145492259,0.6767390966415405,0.612421803540066,0.00015223937326001472
512,0.5106240510940552,0.4954734146595001,0.7099723219871521,0.6467571146786009,0.6771222949028015,0.6127117738996016,0.00015177933907555724
513,0.5100681185722351,0.49433138966560364,0.7103410363197327,0.6471585400411315,0.6775374412536621,0.6131604216088076,0.00015131933732311946
514,0.5108256340026855,0.4958361089229584,0.7101032733917236,0.646872057874301,0.6771609783172607,0.6126508297543257,0.00015085937263491407
515,0.510441780090332,0.49576979875564575,0.7100792527198792,0.6467845531581636,0.6770894527435303,0.6125451430934259,0.0001503994496427802
516,0.5112649202346802,0.4933507442474365,0.7105915546417236,0.6472480181915552,0.6776999831199646,0.6132423263666962,0.0001499395729781374
517,0.5107938051223755,0.4942932724952698,0.7109426856040955,0.6476802216667956,0.6779201030731201,0.6134586500117494,0.00014947974727193847
518,0.5103088617324829,0.4953913688659668,0.7105512022972107,0.6471684381051326,0.6775338649749756,0.6128993579464711,0.00014901997715462327
519,0.5093346834182739,0.4937991201877594,0.7103149890899658,0.6467139911537972,0.677532970905304,0.6128222245392878,0.0001485602672560717
520,0.5110079050064087,0.4944095015525818,0.7107978463172913,0.6474940204210982,0.6778203248977661,0.6133032498742376,0.00014810062220555736
521,0.5096396803855896,0.49380671977996826,0.7110876441001892,0.6479397189735013,0.6781156659126282,0.613747066773874,0.00014764104663170087
522,0.5102455019950867,0.4933185875415802,0.7106063365936279,0.6471742252012537,0.6778455376625061,0.6132586660213465,0.00014718154516242307
523,0.5097663402557373,0.49516960978507996,0.7101637125015259,0.6467821047213704,0.6773308515548706,0.612660708333255,0.00014672212242489862
524,0.5096884965896606,0.4940856397151947,0.7111576199531555,0.6480703342758412,0.678199291229248,0.6137726201013002,0.00014626278304550954
525,0.510175883769989,0.49282556772232056,0.7115296721458435,0.6484548678594785,0.6785843372344971,0.6142689456839675,0.00014580353164979815
526,0.5099672079086304,0.49355030059814453,0.7112937569618225,0.647956495840054,0.6783437728881836,0.6138162066742202,0.00014534437286242095
527,0.5096867084503174,0.49524590373039246,0.7109522223472595,0.6475208306307105,0.677907407283783,0.61319651318821,0.00014488531130710182
528,0.5092861652374268,0.49365922808647156,0.7115159630775452,0.6482747298521659,0.678438127040863,0.61384884875948,0.00014442635160658555
529,0.5087412595748901,0.4929300546646118,0.7118054032325745,0.6485591626299211,0.6786873936653137,0.6141220329925882,0.0001439674983825912
530,0.5088421106338501,0.49511778354644775,0.711533784866333,0.6479494604127257,0.6782903671264648,0.6133991256972989,0.00014350875625576565
531,0.5095794796943665,0.4923897087574005,0.7118632793426514,0.6480833410208938,0.6788202524185181,0.6139119441204728,0.0001430501298456371
532,0.509097695350647,0.49237143993377686,0.7121272087097168,0.6486255584945787,0.6789879202842712,0.6142377423204041,0.00014259162377056828
533,0.5088027715682983,0.4947126507759094,0.7119786739349365,0.6488024653501265,0.6786167621612549,0.6140001283590633,0.0001421332426477103
534,0.50835120677948,0.4920041561126709,0.7119019031524658,0.648544399303546,0.6787991523742676,0.6141820838129279,0.00014167499109295602
535,0.5091034770011902,0.4920460879802704,0.7120274901390076,0.6483686977169243,0.6789698004722595,0.614109289957211,0.00014121687372089354
536,0.5079141855239868,0.4958856999874115,0.7121066451072693,0.6485138530267348,0.6787078380584717,0.6137225799278547,0.0001407588951447596
537,0.5079591870307922,0.49227556586265564,0.7125058174133301,0.6489145308296219,0.679295539855957,0.6144581394417328,0.00014030105997639352
538,0.5076650381088257,0.49085116386413574,0.7120688557624817,0.6483493365586194,0.6790716648101807,0.614217529966711,0.00013984337282619026
539,0.508287787437439,0.49485093355178833,0.7117552161216736,0.6482493967901893,0.6784057021141052,0.6135264787128554,0.00013938583830305437
540,0.5076606273651123,0.495063841342926,0.7123937010765076,0.6491512838531451,0.6789111495018005,0.6142464140831603,0.00013892846101435342
541,0.5071221590042114,0.49022984504699707,0.7127845287322998,0.64948976975351,0.6796151399612427,0.6151567612104961,0.00013847124556587163
542,0.5081995725631714,0.4926169216632843,0.7123100757598877,0.6489975758059355,0.6789628267288208,0.6143840986865559,0.00013801419656176344
543,0.5074459314346313,0.49547329545021057,0.7121568322181702,0.648640194564816,0.6786050796508789,0.6137191210828776,0.00013755731860450737
544,0.5079014301300049,0.4914383292198181,0.7129450440406799,0.6493443039677191,0.6795741319656372,0.6147859640922975,0.00013710061629485927
545,0.5082042813301086,0.49049121141433716,0.713145911693573,0.6494684406667239,0.6798325777053833,0.6150308164530593,0.00013664409423180633
546,0.5072191953659058,0.49426916241645813,0.7125906348228455,0.6488989480962144,0.6789705157279968,0.6139410047700924,0.00013618775701252075
547,0.5076429843902588,0.49396950006484985,0.7126463651657104,0.6490514427018056,0.678981363773346,0.6140431428844535,0.00013573160923231316
548,0.5061628818511963,0.4899677336215973,0.7133445739746094,0.6498939902885977,0.6798661947250366,0.6152000363412317,0.00013527565548458672
549,0.5078506469726562,0.492025762796402,0.7134926915168762,0.6501746363645015,0.6797986626625061,0.61510129248897,0.00013481990036079056
550,0.5067404508590698,0.49365925788879395,0.7132037281990051,0.6497273908639692,0.6794626116752625,0.6145496727892984,0.00013436434845037366
551,0.5064873695373535,0.4918861389160156,0.7129379510879517,0.6492562332079516,0.6793954372406006,0.6144028107434445,0.00013390900434073882
552,0.5074693560600281,0.4909694790840149,0.7132522463798523,0.6496663646046732,0.6796693205833435,0.6147774064461695,0.00013345387261719612
553,0.5066462755203247,0.4932393431663513,0.7135908007621765,0.6501807317293685,0.6796980500221252,0.6148575964983667,0.00013299895786291692
554,0.5070018768310547,0.4923229515552521,0.713711678981781,0.6502275183488431,0.6798785924911499,0.6151090467900769,0.00013254426465888783
555,0.5059229731559753,0.49051934480667114,0.7136545777320862,0.6500149942949314,0.680022656917572,0.6152946100489562,0.00013208979758386424
556,0.5071619153022766,0.4921049475669861,0.713832437992096,0.650323681034349,0.6799619197845459,0.6152648836475645,0.00013163556121432472
557,0.506117045879364,0.4923896789550781,0.7140383124351501,0.6506273466015193,0.679996907711029,0.6153741065689354,0.00013118156012442434
558,0.5070419311523438,0.49176743626594543,0.7140343189239502,0.6505227632253375,0.6799637675285339,0.6153057182266969,0.00013072779888594906
559,0.5051717758178711,0.4909898340702057,0.713803231716156,0.6499440410639171,0.679873526096344,0.6149918376678769,0.00013027428206826956
560,0.5062001943588257,0.4947720170021057,0.7137577533721924,0.649913747213506,0.6794760227203369,0.61442795600521,0.0001298210142382951
561,0.5054253339767456,0.4917162358760834,0.7141141891479492,0.6503069832805196,0.679948091506958,0.6150795056041802,0.0001293679999604277
562,0.5062920451164246,0.4903726577758789,0.7140200138092041,0.6502891948956299,0.6799449324607849,0.6152157771449519,0.0001289152437965162
563,0.5063900947570801,0.4925207197666168,0.7138809561729431,0.6504269889253855,0.6795523762702942,0.6149299604892169,0.00012846275030581003
564,0.5060296058654785,0.4924660921096802,0.7140613794326782,0.6506751684036279,0.6796773076057434,0.6151227646000123,0.00012801052404491365
565,0.5057920217514038,0.4903097152709961,0.7144984602928162,0.6510078640381604,0.6802380681037903,0.6157246596504584,0.00012755856956774057
566,0.504990816116333,0.4911305904388428,0.7145540714263916,0.6509262034198716,0.6802301406860352,0.6155544830063596,0.00012710689142546723
567,0.5057008266448975,0.4939746558666229,0.7141414284706116,0.6505687268278805,0.679619550704956,0.6148884806232444,0.00012665549416648756
568,0.5053434371948242,0.4913901388645172,0.714286744594574,0.6507046002905199,0.6799032688140869,0.6152838343832138,0.00012620438233636693
569,0.5052130818367004,0.49047449231147766,0.7145318984985352,0.6508783419701216,0.6801862120628357,0.6155877091072689,0.00012575356047779649
570,0.5049036741256714,0.4918453097343445,0.7147330641746521,0.6509977395514249,0.680266797542572,0.6155426042355451,0.00012530303313054735
571,0.5040426850318909,0.49248841404914856,0.7147732377052307,0.6508245204703039,0.6802947521209717,0.6153762932945205,0.00012485280483142492
572,0.5045239329338074,0.491216778755188,0.7146722078323364,0.6505521254740336,0.6803378462791443,0.6153340123976219,0.0001244028801142231
573,0.5044291615486145,0.49137306213378906,0.7146081924438477,0.6506602503950526,0.6802305579185486,0.6153448563049345,0.00012395326350967886
574,0.5055309534072876,0.49271538853645325,0.7147414088249207,0.65109994748728,0.6801626086235046,0.6155073732049208,0.00012350395954542642
575,0.5052250623703003,0.4904216527938843,0.7150193452835083,0.6514233446328395,0.6805815100669861,0.6161243618312192,0.0001230549727459516
576,0.5050402283668518,0.4905087947845459,0.7148702144622803,0.6511569249175913,0.6805226802825928,0.6159758315887961,0.00012260630763254665
577,0.5045068264007568,0.49233880639076233,0.7147393822669983,0.6509252296657103,0.6803274750709534,0.6155744540041268,0.00012215796872326414
578,0.5042129755020142,0.4919074475765228,0.7150477766990662,0.6511914560492023,0.6806764602661133,0.6158282876880926,0.00012170996053287203
579,0.5036605000495911,0.4912646412849426,0.7151899933815002,0.6514112116566859,0.6808061599731445,0.6159890845595909,0.00012126228757280775
580,0.504604697227478,0.4913407862186432,0.7148644328117371,0.6511347223531213,0.6804378032684326,0.6156311790798188,0.00012081495435113303
581,0.5033273100852966,0.49106621742248535,0.7148440480232239,0.6513187145546685,0.680323600769043,0.6157159615515204,0.0001203679653724885
582,0.5036743879318237,0.4909207820892334,0.7153177857398987,0.651919242505185,0.6806806921958923,0.6161812277374944,0.0001199213251380482
583,0.504787802696228,0.491163969039917,0.7157144546508789,0.6522015511884001,0.6809958815574646,0.616401160459197,0.0001194750381454743
584,0.504117488861084,0.49073266983032227,0.7155324220657349,0.6516180998520621,0.6809297204017639,0.6160571624220658,0.00011902910888887187
585,0.5035805702209473,0.49109241366386414,0.7155424356460571,0.6514075066207025,0.6809391975402832,0.6158654632341709,0.00011858354185874353
586,0.5044572353363037,0.49072253704071045,0.715965211391449,0.6519143481193134,0.6812902092933655,0.6162713575222727,0.00011813834154194442
587,0.503122866153717,0.4896090030670166,0.7161608338356018,0.6522596687798197,0.6814941763877869,0.6166544080687527,0.00011769351242163674
588,0.503387451171875,0.49009305238723755,0.7158265709877014,0.6519505358513725,0.6811451315879822,0.6163305994008292,0.00011724905897724475
589,0.503400981426239,0.49120378494262695,0.7154621481895447,0.6515842371417638,0.6807234287261963,0.6158742323909528,0.00011680498568440979
590,0.5031852722167969,0.48993611335754395,0.7158117890357971,0.6518032101279524,0.6811478137969971,0.6161975752129735,0.00011636129701494494
591,0.5026353597640991,0.4908159375190735,0.7162463068962097,0.6522859097356957,0.6814203858375549,0.6164422451460719,0.00011591799743679017
592,0.5024294853210449,0.4909747242927551,0.7162452340126038,0.6523341980085413,0.6813598275184631,0.6164070904127124,0.00011547509141396733
593,0.503861665725708,0.4908038377761841,0.7158886790275574,0.6519918689567384,0.6810219883918762,0.6161287671111709,0.00011503258340653512
594,0.5031912922859192,0.48963868618011475,0.7160875201225281,0.6524454196624412,0.681211531162262,0.6166021283714523,0.0001145904778705443
595,0.5033770799636841,0.48953112959861755,0.7163177132606506,0.6527414150010435,0.6814103722572327,0.6167750423664553,0.00011414877925799269
596,0.5023877620697021,0.49137258529663086,0.7161738872528076,0.6525479780419733,0.6811484694480896,0.6163302767617759,0.00011370749201678041
597,0.5023880004882812,0.49319642782211304,0.7156765460968018,0.6518411356856997,0.6805975437164307,0.6155545578719807,0.0001132666205906651
598,0.5025296211242676,0.48931071162223816,0.7159522771835327,0.6519278442062713,0.6811962127685547,0.6162008092944805,0.00011282616941921713
599,0.5023226141929626,0.4886382520198822,0.7165860533714294,0.6527643629864968,0.6817483901977539,0.616910557359089,0.00011238614293777492
600,0.5023964643478394,0.4921518564224243,0.7166451215744019,0.6530480585456976,0.6814912557601929,0.6166503623236543,0.0001119465455774002
601,0.5026108622550964,0.49159663915634155,0.7162315845489502,0.6525926783537156,0.6811665892601013,0.6162884362942372,0.00011150738176483348
602,0.501179039478302,0.48826754093170166,0.7162697315216064,0.6525054494306843,0.6814761757850647,0.6166558882768481,0.00011106865592244956
603,0.5028367638587952,0.4899452030658722,0.7164380550384521,0.6526326220696005,0.6814813017845154,0.6164652231895338,0.0001106303724682128
604,0.5022239089012146,0.4938327670097351,0.7164463400840759,0.6525297530075294,0.6812150478363037,0.6159206356992685,0.00011019253581563263
605,0.5026817917823792,0.49014973640441895,0.71670001745224,0.6526424341253498,0.6817231774330139,0.6165029309603045,0.00010975515037371939
606,0.5021102428436279,0.48761919140815735,0.7167493104934692,0.652615306077756,0.6820217967033386,0.6169421115392206,0.00010931822054693957
607,0.5022512078285217,0.4892556667327881,0.7168523073196411,0.6529208534804958,0.6819173693656921,0.6168931020331737,0.00010888175073517164
608,0.501903772354126,0.4915822744369507,0.716785192489624,0.6530792835580925,0.6816481947898865,0.6166995246466512,0.00010844574533366184
609,0.5024554133415222,0.48978254199028015,0.7170130610466003,0.6533753859274716,0.681971549987793,0.6171507241504793,0.00010801020873297968
610,0.502179741859436,0.4881870746612549,0.7170828580856323,0.6533241322417773,0.6821432709693909,0.6173469173170706,0.00010757514531897387
611,0.5013607144355774,0.489726185798645,0.7170635461807251,0.6532100447985487,0.6819549798965454,0.6170409333499941,0.00010714055947272819
612,0.5003289580345154,0.4919598698616028,0.7169491648674011,0.6530337066542364,0.6816539168357849,0.6166200887704609,0.0001067064555705173
613,0.5011371374130249,0.4892931282520294,0.7172016501426697,0.6532766952872233,0.6820291876792908,0.6170917018785586,0.00010627283798376261
614,0.5008365511894226,0.48771265149116516,0.717298150062561,0.6534101692992306,0.6822152733802795,0.6173914102805634,0.0001058397110789885
615,0.5014275312423706,0.4897799789905548,0.7171221971511841,0.6532875810597296,0.6818683743476868,0.6170120113235565,0.00010540707921777805
616,0.5008598566055298,0.49109265208244324,0.7172022461891174,0.6533133550951906,0.6818816065788269,0.6169177486202723,0.00010497494675672929
617,0.5011408925056458,0.48937374353408813,0.717600405216217,0.6536835424741095,0.6823890209197998,0.6174430816190881,0.00010454331804741127
618,0.501315176486969,0.4876514971256256,0.7178341150283813,0.6539144231427089,0.6827428340911865,0.6178522293496385,0.00010411219743632037
619,0.5013865828514099,0.489061176776886,0.7175751328468323,0.6536049752684107,0.6824274659156799,0.6174046247008182,0.0001036815892648363
620,0.500771164894104,0.49071937799453735,0.7172507643699646,0.653295316713907,0.6820244193077087,0.6169231547261869,0.00010325149786917859
621,0.5003580451011658,0.4893718361854553,0.7175113558769226,0.6535748658731552,0.6823351383209229,0.6172802603727527,0.00010282192758036284
622,0.5001896023750305,0.4883405864238739,0.7176735401153564,0.6536979151731868,0.6825254559516907,0.6174834267770667,0.00010239288272415707
623,0.5009898543357849,0.48851341009140015,0.7175832986831665,0.6535672648766521,0.6824269890785217,0.6173495247035276,0.0001019643676210382
624,0.5008631944656372,0.48950880765914917,0.7175179719924927,0.6535030882185914,0.6822863817214966,0.6171362090506715,0.00010153638658614862
625,0.5003048181533813,0.49011874198913574,0.7175993323326111,0.6536262686864519,0.6822909116744995,0.6171120713567448,0.00010110894392925252
626,0.49978166818618774,0.4875503480434418,0.7179038524627686,0.6539121633956144,0.6827709674835205,0.6176779753125063,0.00010068204395469275
627,0.500630795955658,0.48752540349960327,0.7179823517799377,0.6540043325998073,0.6828137040138245,0.6177175485416085,0.00010025569096134734
628,0.5010554194450378,0.4898826479911804,0.7179363369941711,0.6540004240034156,0.6825438737869263,0.6173801072125403,9.982988924258616e-05
629,0.49891698360443115,0.4884973168373108,0.7182070016860962,0.6542750294583969,0.6828312873840332,0.6177303775812578,9.94046430862278e-05
630,0.5011639595031738,0.48747560381889343,0.7182660698890686,0.6543213175642516,0.6829184889793396,0.617831959370791,9.897995677449633e-05
631,0.49988287687301636,0.48885831236839294,0.7180562019348145,0.6540375939124045,0.6825845241546631,0.6173435627941166,9.855583458397824e-05
632,0.5010747909545898,0.4898676872253418,0.7181929349899292,0.6541530218422467,0.682589590549469,0.6172877678071175,9.81322807855792e-05
633,0.5007997751235962,0.48927491903305054,0.7182297706604004,0.6541406229418362,0.6826368570327759,0.6173609168036405,9.770929964448132e-05
634,0.4997408390045166,0.4881094694137573,0.718416690826416,0.6543483819035995,0.6828503608703613,0.6176766360502157,9.728689542010002e-05
635,0.49973589181900024,0.48743999004364014,0.7186257839202881,0.6545669282735295,0.6830504536628723,0.617922518446608,9.686507236604104e-05
636,0.4992198348045349,0.48831304907798767,0.7187370657920837,0.6546605407997613,0.6830700635910034,0.6178611348918174,9.644383473005793e-05
637,0.5003138184547424,0.4894273281097412,0.7184572815895081,0.6543097062916483,0.6827558279037476,0.6174174581471047,9.6023186754009e-05
638,0.49905115365982056,0.4888845682144165,0.7180972695350647,0.6538788106210334,0.6824989318847656,0.6171356515689297,9.560313267381468e-05
639,0.4996201992034912,0.4878273904323578,0.718316376209259,0.654257252816843,0.6827439069747925,0.6175720071943799,9.51836767194149e-05
640,0.49985378980636597,0.48912081122398376,0.7184672951698303,0.654613606059153,0.682729184627533,0.6177036943570765,9.476482311472649e-05
641,0.49953874945640564,0.48887768387794495,0.7186424136161804,0.6548281132933496,0.6828839778900146,0.6179246313208844,9.434657607760056e-05
642,0.49985745549201965,0.4877438545227051,0.7186242341995239,0.6547555640644479,0.6829643845558167,0.6180157288571191,9.392893981978014e-05
643,0.49940580129623413,0.48847395181655884,0.7184393405914307,0.6545234081189624,0.6827095746994019,0.6176596551269262,9.351191854685778e-05
644,0.49911946058273315,0.489364892244339,0.7185612320899963,0.6546492120466264,0.6827099323272705,0.6175978817470463,9.309551645823295e-05
645,0.4997023344039917,0.48965489864349365,0.7187869548797607,0.6549267951343827,0.6828386783599854,0.6177410947780833,9.267973774707011e-05
646,0.49934902787208557,0.4881466031074524,0.7189372777938843,0.6550359874731424,0.6830567121505737,0.6179894249347004,9.226458660025627e-05
647,0.49907386302948,0.48751571774482727,0.7190083861351013,0.6550922246763264,0.6831539869308472,0.6180988842679471,9.185006719835895e-05
648,0.4994746446609497,0.4894513785839081,0.7187831401824951,0.6548916297503095,0.6828175783157349,0.6176807198178245,9.143618371558376e-05
649,0.49938181042671204,0.48827803134918213,0.718899130821228,0.6549732588817969,0.6830410361289978,0.6179291603444313,9.102294031973287e-05
650,0.49941882491111755,0.4872518479824066,0.7191706895828247,0.6552760305359381,0.6833908557891846,0.6183770835519922,9.061034117216275e-05
651,0.49912911653518677,0.48818209767341614,0.7192443609237671,0.6553664324116706,0.6834120154380798,0.6184013578342286,9.019839042774217e-05
652,0.4987472593784332,0.4886421859264374,0.719119131565094,0.6551988194256668,0.6832883954048157,0.618257951307403,8.978709223481049e-05
653,0.4990874230861664,0.48825252056121826,0.718832790851593,0.6549315388675319,0.6830706000328064,0.6180928639005093,8.937645073513606e-05
654,0.5001012682914734,0.48699522018432617,0.7186952829360962,0.6548266096929304,0.6830684542655945,0.6181762607198914,8.896647006387411e-05
655,0.4993191957473755,0.48849859833717346,0.7185081839561462,0.6546218458207496,0.6828050017356873,0.6177960996787971,8.85571543495255e-05
656,0.4985347092151642,0.4897768497467041,0.7186717391014099,0.6547316458349055,0.6828790903091431,0.6177563937200968,8.8148507713895e-05
657,0.4987759590148926,0.4886193573474884,0.7190970778465271,0.6550460614548128,0.6833456754684448,0.6182005854023663,8.774053427204959e-05
658,0.4987688362598419,0.48565053939819336,0.7194747924804688,0.655348674449193,0.6838762760162354,0.6188510464267757,8.733323813227731e-05
659,0.49957573413848877,0.4866473972797394,0.7195231914520264,0.6554800341169648,0.6837308406829834,0.618712981224297,8.692662339604587e-05
660,0.49864935874938965,0.4898461103439331,0.719452977180481,0.6555387116940802,0.6833472847938538,0.6182611288639086,8.652069415796102e-05
661,0.4977206289768219,0.4889523983001709,0.7195370197296143,0.655613369029055,0.6833939552307129,0.6183074551425408,8.611545450572574e-05
662,0.4983360767364502,0.48670095205307007,0.7196177840232849,0.6556251891288577,0.6835556626319885,0.6185178983445928,8.571090852009888e-05
663,0.49852997064590454,0.48659566044807434,0.7196623682975769,0.6555759278847854,0.6835631132125854,0.6184714698240241,8.530706027485389e-05
664,0.4985601305961609,0.4889199435710907,0.7196536064147949,0.6555146079667552,0.6833455562591553,0.6181146270164558,8.490391383673822e-05
665,0.4987527132034302,0.48941391706466675,0.7197836637496948,0.6556163584387523,0.683427631855011,0.618167688521428,8.450147326543206e-05
666,0.4983724057674408,0.487430214881897,0.7198410630226135,0.6556263113125871,0.6836791634559631,0.6184882423774979,8.409974261350739e-05
667,0.4986303150653839,0.48604699969291687,0.7198010087013245,0.6556040931537205,0.6838150024414062,0.6187188656803699,8.369872592638743e-05
668,0.4984624683856964,0.4874657392501831,0.7194715738296509,0.6553535114030967,0.6834279298782349,0.6183138555711578,8.329842724230588e-05
669,0.49797365069389343,0.49005717039108276,0.7191324830055237,0.655170197976524,0.6829453110694885,0.6178544814437967,8.289885059226595e-05
670,0.4983574151992798,0.4897553622722626,0.7193547487258911,0.6554374112290574,0.6831352710723877,0.6181053253089567,8.250000000000003e-05
671,0.4974958002567291,0.4865628778934479,0.7198889255523682,0.6559527480216356,0.6838030815124512,0.618921178973551,8.21018794819292e-05
672,0.4982057809829712,0.4852008521556854,0.7201421856880188,0.6561328361329669,0.6841037273406982,0.6192639780538207,8.170449304712274e-05
673,0.4976412057876587,0.4880519509315491,0.7199842929840088,0.6559332101268459,0.6836960911750793,0.6187015247424854,8.13078446972575e-05
674,0.49785369634628296,0.49049144983291626,0.7197050452232361,0.6555795941460395,0.6832652688026428,0.6181094060891191,8.091193842657802e-05
675,0.4983976483345032,0.4879317283630371,0.719843864440918,0.6557107078702942,0.683538556098938,0.6184487314101258,8.051677822185611e-05
676,0.49766871333122253,0.48633188009262085,0.7199711203575134,0.655902633594419,0.6837665438652039,0.6187800187950147,8.012236806235054e-05
677,0.49707549810409546,0.4870603680610657,0.7200186848640442,0.6560908566407502,0.6837179660797119,0.618789798822826,7.972871191976727e-05
678,0.49776676297187805,0.4879915416240692,0.7201200127601624,0.6562087896825919,0.6837474703788757,0.6188073896200633,7.933581375821936e-05
679,0.49679380655288696,0.48774605989456177,0.7202901244163513,0.6563115875928477,0.6839485764503479,0.6189810876282539,7.894367753418682e-05
680,0.49629777669906616,0.4872995913028717,0.7201800346374512,0.6561080678625942,0.6839156746864319,0.6188720314093508,7.855230719647713e-05
681,0.49778273701667786,0.4874199330806732,0.7201125621795654,0.6560589509969106,0.6838369965553284,0.6187764831391658,7.81617066861853e-05
682,0.497402548789978,0.487885445356369,0.7201114296913147,0.6560932883297791,0.6837829351425171,0.6186882899297386,7.777187993665402e-05
683,0.49657773971557617,0.4877707064151764,0.7201837301254272,0.6562014590443023,0.6838204860687256,0.6187397609514741,7.738283087343438e-05
684,0.49672502279281616,0.4878500998020172,0.7203214168548584,0.6563114257839829,0.6839017868041992,0.618795365683941,7.69945634142462e-05
685,0.4974890351295471,0.4881017208099365,0.7203482389450073,0.6562436861157932,0.6838762760162354,0.6187010242276445,7.66070814689384e-05
686,0.49696385860443115,0.48669928312301636,0.720404326915741,0.6561803395932284,0.6840143799781799,0.6188336086868319,7.622038893944985e-05
687,0.49742788076400757,0.48664283752441406,0.7205398082733154,0.6563093937456188,0.6841088533401489,0.6189341383709435,7.583448971977003e-05
688,0.4966523051261902,0.487326443195343,0.7206593155860901,0.6565107044672188,0.6841383576393127,0.6189928456589395,7.54493876958999e-05
689,0.4976196885108948,0.48726627230644226,0.7207241654396057,0.6567143723892337,0.6841719150543213,0.6191413347667617,7.506508674581245e-05
690,0.4979943335056305,0.48751917481422424,0.7206853628158569,0.6567724111349119,0.6840980648994446,0.6191344022576843,7.468159073941401e-05
691,0.4969708323478699,0.4866783022880554,0.7205803394317627,0.6566434971699873,0.684074342250824,0.6191146158679067,7.429890353850519e-05
692,0.4973030090332031,0.48678937554359436,0.7204005122184753,0.6563892938884978,0.683936357498169,0.6189047402880109,7.391702899674173e-05
693,0.49781137704849243,0.48776429891586304,0.7204160094261169,0.6564077745311963,0.6838870644569397,0.6188099939730671,7.353597095959607e-05
694,0.49678686261177063,0.48792552947998047,0.7206721901893616,0.6566541386261849,0.6841226816177368,0.6190283442387118,7.31557332643185e-05
695,0.4974382519721985,0.48725467920303345,0.7207632660865784,0.6566553326972819,0.6842741966247559,0.6191410282065954,7.277631973989826e-05
696,0.4965584874153137,0.48642846941947937,0.7206786870956421,0.6564501649253389,0.6842896938323975,0.6190884668520992,7.239773420702537e-05
697,0.4961733818054199,0.4863227903842926,0.720608115196228,0.6563812504303048,0.6842416524887085,0.6190407162734812,7.201998047805202e-05
698,0.4961149990558624,0.48816004395484924,0.7204880118370056,0.656367178026264,0.6839639544487,0.6187634714741302,7.164306235695396e-05
699,0.4970020055770874,0.48773303627967834,0.7206180095672607,0.656634372133409,0.6840735673904419,0.6190069959429959,7.126698363929253e-05
700,0.49732205271720886,0.48710504174232483,0.720781147480011,0.6568472522691727,0.6842174530029297,0.6192469457703379,7.089174811217628e-05
701,0.4964495897293091,0.4861467778682709,0.7209131717681885,0.6569208722771789,0.6843969821929932,0.619472231003907,7.051735955422272e-05
702,0.49542099237442017,0.4860839247703552,0.7209523916244507,0.6568948323032777,0.6844177842140198,0.6194726352141332,7.014382173552058e-05
703,0.49720749258995056,0.4870760440826416,0.7210639715194702,0.6569726580601937,0.6844246983528137,0.6194012738784106,6.97711384175914e-05
704,0.4972325265407562,0.48782286047935486,0.7211233973503113,0.6570626881036042,0.6844001412391663,0.6193637132593837,6.939931335335221e-05
705,0.49569714069366455,0.4870441257953644,0.7211429476737976,0.6571140181323757,0.6844555735588074,0.6194667918749868,6.902835028707715e-05
706,0.4967339336872101,0.48611268401145935,0.7211484313011169,0.657118421872971,0.6845265030860901,0.6195678599943216,6.865825295436025e-05
707,0.4963255822658539,0.4857960045337677,0.7211899161338806,0.6571734767707933,0.6845728754997253,0.619644284355844,6.828902508207755e-05
708,0.4965457618236542,0.4870758056640625,0.721225380897522,0.6571685824661878,0.6845022439956665,0.6194885072101483,6.792067038834957e-05
709,0.4956895112991333,0.487419068813324,0.7212870121002197,0.6571739314182996,0.6845175623893738,0.6194546039752935,6.755319258250402e-05
710,0.4960378408432007,0.48628219962120056,0.7214131951332092,0.6572366129199951,0.6847160458564758,0.6196448788353635,6.718659536503836e-05
711,0.49692201614379883,0.48658639192581177,0.7214226126670837,0.6572098689401715,0.6847110390663147,0.6195807314686097,6.682088242758241e-05
712,0.4958493709564209,0.48777034878730774,0.7212796807289124,0.6570918830880629,0.6844702959060669,0.6193021411347837,6.645605745286145e-05
713,0.4961240589618683,0.48753002285957336,0.7211360931396484,0.6569398812311508,0.684343695640564,0.6191863579926813,6.609212411465898e-05
714,0.4952690303325653,0.4862092137336731,0.7211175560951233,0.6568970605965835,0.6844395399093628,0.6193331141034135,6.572908607777955e-05
715,0.49666860699653625,0.48594093322753906,0.7211825847625732,0.6569946166427599,0.6845161318778992,0.6194495645527349,6.536694699801223e-05
716,0.49606603384017944,0.48682528734207153,0.721333384513855,0.6572250176430101,0.6845665574073792,0.6195041457619964,6.500571052209356e-05
717,0.4953159689903259,0.4874613285064697,0.7215149998664856,0.6574487611203028,0.6846859455108643,0.6196232755563705,6.464538028767078e-05
718,0.49671292304992676,0.486882746219635,0.7214763164520264,0.6573438021305117,0.6847245097160339,0.6196143955628441,6.428595992326539e-05
719,0.4968176484107971,0.48678058385849,0.7210579514503479,0.6567910761751942,0.6843923926353455,0.619190200418995,6.392745304823647e-05
720,0.4944952428340912,0.48710083961486816,0.7208266854286194,0.6565622437136901,0.6841636896133423,0.6189722212889112,6.356986327274428e-05
721,0.49584081768989563,0.48713168501853943,0.7211788892745972,0.6570826289171803,0.6844494938850403,0.6193722188348292,6.321319419771381e-05
722,0.49500006437301636,0.48676684498786926,0.7215945720672607,0.6576880550051004,0.6848078966140747,0.6198955505914288,6.285744941479876e-05
723,0.495860755443573,0.4858284592628479,0.7218334674835205,0.6579955631409037,0.6850610375404358,0.6202528617845614,6.250263250634517e-05
724,0.49605652689933777,0.48558375239372253,0.7217124104499817,0.6578021986180055,0.6849725246429443,0.6201181334805418,6.214874704535528e-05
725,0.49509644508361816,0.48680412769317627,0.7213121652603149,0.6572541387630698,0.6845386624336243,0.619516589060057,6.179579659545179e-05
726,0.49620717763900757,0.4888930022716522,0.7210307717323303,0.6568858926621931,0.6841463446617126,0.6189697483860093,6.144378471084188e-05
727,0.49601203203201294,0.48845529556274414,0.7213425040245056,0.6572287472127929,0.6844335198402405,0.6192718538913422,6.109271493628121e-05
728,0.4961029887199402,0.4863797426223755,0.7218291759490967,0.6578038435111284,0.6849780678749084,0.6199593824523262,6.074259080703859e-05
729,0.4950637221336365,0.48474517464637756,0.7220079898834229,0.6579956514590681,0.6852419972419739,0.6203171590672838,6.039341584886012e-05
730,0.4953514337539673,0.48523417115211487,0.7218857407569885,0.6578695219033086,0.6850757598876953,0.6201340189064642,6.0045193577933677e-05
731,0.4961242079734802,0.48708879947662354,0.7215238809585571,0.6574949006533357,0.6846216320991516,0.6196196914981363,5.96979275008537e-05
732,0.49515286087989807,0.4884665608406067,0.721284806728363,0.6572779420126451,0.6843052506446838,0.6192917526758674,5.9351621114585784e-05
733,0.49542298913002014,0.48730480670928955,0.721470057964325,0.6574754661166223,0.6845225095748901,0.6195526866222328,5.900627790643131e-05
734,0.494110643863678,0.48543405532836914,0.7218465209007263,0.6578518727240722,0.684945821762085,0.6200575198877418,5.866190135399259e-05
735,0.4952363967895508,0.4851069450378418,0.7222256660461426,0.6582492985898161,0.6852735280990601,0.6204343678851315,5.831849492513773e-05
736,0.49528202414512634,0.48650404810905457,0.7222729921340942,0.6582354841865086,0.6851939558982849,0.6202672134169188,5.7976062077965607e-05
737,0.49459242820739746,0.4874650239944458,0.7220577001571655,0.6578584850888866,0.6849183440208435,0.6198396456270943,5.7634606260771136e-05
738,0.49520501494407654,0.48708081245422363,0.7218712568283081,0.6575639232333494,0.6847431063652039,0.619601223948636,5.729413091201066e-05
739,0.4944054186344147,0.486619234085083,0.7218522429466248,0.6575691007738285,0.6846973299980164,0.6195754799293266,5.695463946026722e-05
740,0.49552974104881287,0.48646867275238037,0.7220689654350281,0.6579084563831787,0.6848313808441162,0.619795918319542,5.661613532421585e-05
741,0.4951021373271942,0.48610585927963257,0.7223255634307861,0.6582715574959116,0.6850425601005554,0.6200974429228202,5.62786219125895e-05
742,0.4946807324886322,0.4855528175830841,0.7224956154823303,0.6584291205571726,0.6852301359176636,0.6203178300382274,5.594210262414453e-05
743,0.4945569634437561,0.485914945602417,0.7224058508872986,0.6582833000505284,0.6851299405097961,0.6201967168766879,5.560658084762635e-05
744,0.4937954246997833,0.48653721809387207,0.7222303748130798,0.6580297051646488,0.6849512457847595,0.619940151833708,5.527205996173554e-05
745,0.4960165023803711,0.48706942796707153,0.7221350073814392,0.6578877659098871,0.6848536133766174,0.6197645915421691,5.493854333509378e-05
746,0.49434739351272583,0.4871116280555725,0.7222563624382019,0.6580275675109832,0.6849622130393982,0.6198344590007843,5.4606034326209706e-05
747,0.494160532951355,0.48682814836502075,0.7223454117774963,0.658175165487425,0.6850494742393494,0.6199347459117578,5.427453628344538e-05
748,0.4949249029159546,0.48622313141822815,0.7222855091094971,0.6581296159065285,0.6850197315216064,0.6199226155183847,5.394405254498247e-05
749,0.4945365786552429,0.48546138405799866,0.7222155928611755,0.6580157022494473,0.6850132942199707,0.6199302475786871,5.361458643878845e-05
750,0.494981050491333,0.48601245880126953,0.722066342830658,0.6578442100522796,0.6848373413085938,0.6197387229817349,5.32861412825834e-05
751,0.4945563077926636,0.4867839515209198,0.7220807075500488,0.6579039238741208,0.6847841739654541,0.6197067481957017,5.2958720383806444e-05
752,0.49473118782043457,0.4867057204246521,0.7223033308982849,0.6582228356556487,0.6849741339683533,0.6199864778283611,5.263232703958231e-05
753,0.49524781107902527,0.4860735237598419,0.7224467396736145,0.6584496528775117,0.6851319074630737,0.620229130616704,5.2306964536688445e-05
754,0.4947175085544586,0.4853333532810211,0.7224406599998474,0.6584678259427786,0.6851767301559448,0.6203164544659326,5.198263615152154e-05
755,0.49492520093917847,0.48537659645080566,0.7224239706993103,0.6584433763133248,0.6851610541343689,0.620284821651626,5.165934515006492e-05
756,0.494851678609848,0.4864691495895386,0.7222813963890076,0.658240359163069,0.6849743127822876,0.619998300660567,5.13370947878553e-05
757,0.494070440530777,0.4876363277435303,0.7222046256065369,0.6580901816318523,0.6848296523094177,0.6197681401123216,5.10158883099503e-05
758,0.4945407807826996,0.48759838938713074,0.7222347259521484,0.6580344086692791,0.6848589181900024,0.619745455795244,5.069572895089561e-05
759,0.4945286214351654,0.48576733469963074,0.7224698066711426,0.6582293915525043,0.6852030158042908,0.6201330947380346,5.037661993469235e-05
760,0.494110107421875,0.48459410667419434,0.7226423621177673,0.6584081761615702,0.6854525208473206,0.6204320789670786,5.0058564474764823e-05
761,0.49428874254226685,0.48508983850479126,0.7226701378822327,0.6584649334210049,0.685445249080658,0.6204215970933249,4.9741565773928e-05
762,0.49485230445861816,0.4866630434989929,0.7225615978240967,0.6583946755657313,0.6852353811264038,0.6201728162995553,4.94256270243552e-05
763,0.4953506290912628,0.48740601539611816,0.7224183082580566,0.6582963709890121,0.6850534081459045,0.6199905309682262,4.9110751407546186e-05
764,0.495327353477478,0.4864736795425415,0.7223474383354187,0.6582574492550032,0.6850451827049255,0.6200334804421622,4.879694209429494e-05
765,0.49416184425354004,0.4852409064769745,0.7222877144813538,0.6581883896692523,0.6850830316543579,0.6201155992517782,4.8484202244657686e-05
766,0.49380797147750854,0.48520106077194214,0.722306489944458,0.6582294773606391,0.6850969791412354,0.6201454436540735,4.8172535007921265e-05
767,0.4944406747817993,0.4859614968299866,0.7224463820457458,0.658416748006632,0.6851608157157898,0.6202033538130628,4.7861943522571374e-05
768,0.4949963092803955,0.486705482006073,0.7226237654685974,0.6586034094677712,0.6852797865867615,0.6202985893058064,4.7552430916260704e-05
769,0.4931880831718445,0.48649877309799194,0.7227582335472107,0.6586903895812788,0.6854234337806702,0.6204206925563233,4.724400030577782e-05
770,0.4942101836204529,0.48553478717803955,0.7228219509124756,0.6586596152292662,0.6855568289756775,0.6205270161196481,4.693665479701557e-05
771,0.4947296380996704,0.4847012758255005,0.7227982878684998,0.6585678050711548,0.6856107115745544,0.6205530729477137,4.6630397484939805e-05
772,0.49410462379455566,0.4852396547794342,0.7226088643074036,0.6583257873467875,0.6854094862937927,0.6202704108119467,4.6325231453558184e-05
773,0.49352896213531494,0.48630034923553467,0.7225406169891357,0.6582816487432754,0.6852542161941528,0.6200617294863154,4.6021159775889315e-05
774,0.49498897790908813,0.48681533336639404,0.7226677536964417,0.6585025912616835,0.6852976083755493,0.6201429020257696,4.571818551393164e-05
775,0.49472126364707947,0.4861621856689453,0.7229222059249878,0.6588403610396167,0.685541570186615,0.6204843704383814,4.541631171863257e-05
776,0.4939956068992615,0.4850749373435974,0.723026692867279,0.6589464617032293,0.6856834292411804,0.6206901400529378,4.5115541429857854e-05
777,0.4943734109401703,0.48448532819747925,0.7230200171470642,0.6588803590141454,0.6857185363769531,0.6207275548655861,4.4815877676361056e-05
778,0.49385666847229004,0.4852878451347351,0.722936749458313,0.6587704237617149,0.6855774521827698,0.6205423359256019,4.451732347575274e-05
779,0.49410420656204224,0.48662257194519043,0.7229600548744202,0.6588052164195786,0.6854960918426514,0.6204181670343565,4.421988183447044e-05
780,0.4932517111301422,0.4867333769798279,0.7230629324913025,0.6589200423685617,0.6855658888816833,0.6204783221664739,4.39235557477482e-05
781,0.49411579966545105,0.4854467213153839,0.7231414914131165,0.6590145921727696,0.6857085824012756,0.6206564897289621,4.362834819958637e-05
782,0.49321499466896057,0.4846448302268982,0.7231113314628601,0.6589842021430062,0.6857286095619202,0.6206850421827192,4.3334262162721716e-05
783,0.4942117929458618,0.48479965329170227,0.7229912281036377,0.6588702563222473,0.6856028437614441,0.6205363289017816,4.3041300598597395e-05
784,0.4935556650161743,0.4861656427383423,0.7227941751480103,0.6586786080628281,0.6853212118148804,0.6201869193415495,4.274946645733304e-05
785,0.49336695671081543,0.4874555766582489,0.7226897478103638,0.6585675770572176,0.6851367354393005,0.6199472348053711,4.245876267769524e-05
786,0.49396076798439026,0.48713418841362,0.7227893471717834,0.6586647461837125,0.6852517127990723,0.6200796865276025,4.2169192187067885e-05
787,0.4933894872665405,0.48571375012397766,0.7229686379432678,0.6588367649712937,0.685520589351654,0.6204194491298997,4.188075790142254e-05
788,0.4929073750972748,0.4844021797180176,0.7231078743934631,0.6589657322188995,0.6857492923736572,0.6207068663021913,4.1593462725289224e-05
789,0.49370497465133667,0.4842459261417389,0.7231938242912292,0.659083038786719,0.6858362555503845,0.6208273916847963,4.130730955172722e-05
790,0.4937826991081238,0.4851956367492676,0.7232450842857361,0.6591824301097213,0.6858028769493103,0.6207843270742188,4.1022301262295846e-05
791,0.49424105882644653,0.48611730337142944,0.7231765389442444,0.6591025586797139,0.685676634311676,0.6206151488008903,4.0738440727025325e-05
792,0.49298352003097534,0.4864482879638672,0.723069965839386,0.6589651498868742,0.6855425834655762,0.6204482558930867,4.0455730804388154e-05
793,0.49350982904434204,0.4859223961830139,0.7230368256568909,0.6588802091743647,0.6855354905128479,0.6204265311609135,4.0174174341270125e-05
794,0.4931052625179291,0.48543286323547363,0.72304368019104,0.6588731135738121,0.6855588555335999,0.6204620415552121,3.989377417294166e-05
795,0.494005024433136,0.48529380559921265,0.7230818271636963,0.6589167279661484,0.685585081577301,0.6204952068610597,3.961453312302933e-05
796,0.4931190311908722,0.4854547083377838,0.7231760621070862,0.6590170754591654,0.685646653175354,0.6205544380526689,3.9336454003487485e-05
797,0.49275848269462585,0.4859716296195984,0.7231792211532593,0.6590310408616847,0.6855924725532532,0.6204843983756423,3.905953961456968e-05
798,0.49367448687553406,0.4861142933368683,0.7232303023338318,0.6590980124545822,0.6855999231338501,0.6204979200895291,3.8783792744800764e-05
799,0.49353814125061035,0.4856966733932495,0.7233426570892334,0.6592209691143297,0.6857097148895264,0.6206350733455248,3.850921617094873e-05
800,0.49476996064186096,0.48544174432754517,0.7234302163124084,0.6593164642643179,0.6857972741127014,0.6207545683383969,3.8235812657996495e-05
801,0.49351638555526733,0.4854871332645416,0.7234276533126831,0.6593064983375867,0.6857929825782776,0.6207507580549115,3.796358495911449e-05
802,0.4934311509132385,0.4851798415184021,0.7233976721763611,0.6592765851295331,0.6858028173446655,0.6207667375687461,3.769253581563263e-05
803,0.4931323826313019,0.48494499921798706,0.7233731746673584,0.6592802959140642,0.6858186721801758,0.6208042926571566,3.742266795701271e-05
804,0.4934422969818115,0.48540014028549194,0.7233465313911438,0.6592748304074805,0.685782253742218,0.6207522487119778,3.715398410082115e-05
805,0.49357008934020996,0.48612937331199646,0.7233259081840515,0.6592719784166774,0.6857370138168335,0.620682418283574,3.688648695270132e-05
806,0.49284014105796814,0.4858587682247162,0.7233330607414246,0.6592666240524865,0.6857848763465881,0.6207343933827074,3.662017920634662e-05
807,0.4936296045780182,0.4852404296398163,0.723392903804779,0.6593271174864124,0.6858866214752197,0.6208685681920015,3.6355063543473e-05
808,0.49369072914123535,0.48478907346725464,0.7234296798706055,0.6593664427864943,0.6859436631202698,0.6209534833784401,3.609114263379229e-05
809,0.49265390634536743,0.484824538230896,0.7234187722206116,0.6593433628032631,0.6859206557273865,0.6209224286461059,3.582841913498516e-05
810,0.4939582049846649,0.48508691787719727,0.723374605178833,0.6592807908211488,0.6858601570129395,0.620835767095821,3.5566895692674264e-05
811,0.49328145384788513,0.4857103228569031,0.7233432531356812,0.6592460929990186,0.6857853531837463,0.6207372660342242,3.530657494039777e-05
812,0.4941469132900238,0.48583051562309265,0.7233483791351318,0.6592545673022071,0.6857755184173584,0.6207276714963393,3.5047459499582825e-05
813,0.4926759898662567,0.485609233379364,0.7234405875205994,0.6593493290601916,0.6858620047569275,0.6208224895757489,3.4789551979518965e-05
814,0.493281751871109,0.48498842120170593,0.7235521674156189,0.6594366102335095,0.6859941482543945,0.6209646485657614,3.453285497733207e-05
815,0.49260175228118896,0.484724760055542,0.7235644459724426,0.6594015684235345,0.6860138177871704,0.6209605216056716,3.427737107795817e-05
816,0.49302661418914795,0.4852465093135834,0.7234523296356201,0.6592418254375318,0.6858611702919006,0.6207472544646412,3.402310285411719e-05
817,0.49160200357437134,0.48589321970939636,0.7232311367988586,0.6589801652839042,0.6855990290641785,0.6204275252861153,3.377005286628738e-05
818,0.4932442009449005,0.48621249198913574,0.7231031656265259,0.6588789357560001,0.6854365468025208,0.6202709087647299,3.351822366267935e-05
819,0.4939059019088745,0.4857065677642822,0.7232102751731873,0.6590290678639138,0.685555636882782,0.6204330601116823,3.326761777921028e-05
820,0.49316948652267456,0.48496338725090027,0.7234944701194763,0.659382669890422,0.6858523488044739,0.6208008461350085,3.301823773947871e-05
821,0.4927794337272644,0.48476549983024597,0.7236802577972412,0.6596196789094738,0.6860290765762329,0.621025873884069,3.2770086054738876e-05
822,0.4925248324871063,0.4847952127456665,0.7237566113471985,0.6596976910905838,0.6861165761947632,0.6211172315756396,3.2523165223875475e-05
823,0.4939022362232208,0.4852522015571594,0.723715603351593,0.6596122532836901,0.686069667339325,0.6210194766731651,3.2277477733378474e-05
824,0.493323415517807,0.4852803647518158,0.7236546874046326,0.6594942416719127,0.6860347986221313,0.6209361664532221,3.203302605731823e-05
825,0.4929444491863251,0.4856093227863312,0.7235626578330994,0.6593615220068413,0.6859315037727356,0.62079050357639,3.178981265732043e-05
826,0.4933422803878784,0.4853740334510803,0.7235519289970398,0.6593369044315045,0.6859363913536072,0.620788073970552,3.154783998254125e-05
827,0.49280789494514465,0.4853590726852417,0.7236056923866272,0.6594190832219221,0.6859638094902039,0.6208269404009239,3.130711046964288e-05
828,0.49289530515670776,0.4852794408798218,0.7236340045928955,0.6594543427642435,0.6859713792800903,0.6208362619224347,3.1067626542768845e-05
829,0.4915091395378113,0.485278844833374,0.723670244216919,0.6595129777843214,0.6859775185585022,0.6208470764517577,3.0829390613519604e-05
830,0.49368733167648315,0.48516392707824707,0.7237507700920105,0.659622249957977,0.6860252618789673,0.6209106164015444,3.059240508092832e-05
831,0.49294447898864746,0.4849701523780823,0.7238259315490723,0.6597092712383913,0.6860769987106323,0.6209820628730285,3.0356672331436732e-05
832,0.4921145439147949,0.48527398705482483,0.7237480282783508,0.6595869347432356,0.6859648823738098,0.6208369917836994,3.0122194738870914e-05
833,0.4924370050430298,0.4857173562049866,0.7236340045928955,0.6594221714024212,0.6858136653900146,0.6206406404505983,2.9888974664417686e-05
834,0.4923378825187683,0.4857143461704254,0.7236454486846924,0.6594091246131552,0.6858128309249878,0.6206301763248285,2.9657014456600638e-05
835,0.49209678173065186,0.48546066880226135,0.7237844467163086,0.6595646850358007,0.6859607696533203,0.6207987869649336,2.9426316451256386e-05
836,0.49218347668647766,0.4849611520767212,0.7239254117012024,0.6597310412006923,0.6861315965652466,0.6210073817949272,2.9196882971511356e-05
837,0.49183395504951477,0.4847169816493988,0.7240207195281982,0.6598597078196918,0.686244547367096,0.6211525775007755,2.8968716327758165e-05
838,0.49288395047187805,0.48467501997947693,0.7240447998046875,0.6599179028523706,0.6862804889678955,0.6212113111375596,2.874181881763233e-05
839,0.4921227693557739,0.48471376299858093,0.7240753173828125,0.6599831676077602,0.6863145232200623,0.6212643153980172,2.8516192725989243e-05
840,0.4919714033603668,0.4847607910633087,0.7240660190582275,0.6599981635257459,0.6863081455230713,0.6212693457371423,2.8291840324881183e-05
841,0.4926798939704895,0.4849817752838135,0.724018931388855,0.6599509747069997,0.6862502694129944,0.6211999530444611,2.8068763873534355e-05
842,0.4928218424320221,0.48514997959136963,0.723992645740509,0.6599219065495208,0.6862197518348694,0.621161933070308,2.784696561832608e-05
843,0.4922177493572235,0.48505300283432007,0.7239606380462646,0.6598746418740888,0.6862014532089233,0.621134084264739,2.7626447792762373e-05
844,0.4916083812713623,0.4851970374584198,0.7238729000091553,0.6597510165895488,0.6861118078231812,0.621011240817182,2.7407212617455306e-05
845,0.4928191304206848,0.4852575361728668,0.7238101363182068,0.6596343000690479,0.6860597133636475,0.6209184944458704,2.7189262300100616e-05
846,0.49164873361587524,0.4853670299053192,0.7237579822540283,0.6595464634005611,0.6859973669052124,0.6208334942356598,2.6972599035455587e-05
847,0.4919512867927551,0.48504722118377686,0.7238258719444275,0.6595971635446677,0.6860668659210205,0.6209109402216895,2.6757225005316928e-05
848,0.492207407951355,0.48496466875076294,0.7239407300949097,0.6597297294454161,0.6861574649810791,0.621019252268506,2.654314237849869e-05
849,0.49264267086982727,0.4851495623588562,0.7240381836891174,0.659867246718134,0.68621426820755,0.6210980629777973,2.6330353310810554e-05
850,0.49323734641075134,0.4854486286640167,0.7240540981292725,0.6599217964573494,0.6861908435821533,0.6210915059241605,2.6118859945036112e-05
851,0.4919617176055908,0.48567548394203186,0.7239968180656433,0.6599046313077966,0.6861032247543335,0.621026818750602,2.590866441091114e-05
852,0.49195700883865356,0.4854836165904999,0.7239630222320557,0.6598942329796518,0.6860775947570801,0.6210256778148188,2.5699768825102353e-05
853,0.49283677339553833,0.4849463999271393,0.7239126563072205,0.6598381116136817,0.6860644221305847,0.6210365504514933,2.549217529118605e-05
854,0.49229884147644043,0.48452338576316833,0.7238945364952087,0.6597911141737692,0.6860901713371277,0.6210645385316388,2.528588589962671e-05
855,0.49303776025772095,0.48456913232803345,0.7238749861717224,0.6597462268537014,0.6860882639884949,0.6210494762569878,2.5080902727756313e-05
856,0.49152883887290955,0.4850352704524994,0.7238761782646179,0.659735640846826,0.6860712766647339,0.6210066582714231,2.487722783975306e-05
857,0.4919891953468323,0.48531773686408997,0.7239701151847839,0.6598323516922168,0.6861522793769836,0.621074466190357,2.4674863286620813e-05
858,0.4933919608592987,0.4852885603904724,0.7240878939628601,0.6599550780356319,0.6862673163414001,0.6211970736336512,2.447381110616837e-05
859,0.49280551075935364,0.4849391579627991,0.7241973280906677,0.6600634178639079,0.6864068508148193,0.6213451745608267,2.4274073322989016e-05
860,0.4917392432689667,0.4847775101661682,0.7242470383644104,0.6600926172159581,0.6864748597145081,0.6214081460002802,2.4075651948439945e-05
861,0.49286630749702454,0.48493897914886475,0.7242087721824646,0.6600387958640282,0.6864233016967773,0.6213388015587158,2.3878548980622203e-05
862,0.49226540327072144,0.4849858283996582,0.7241246700286865,0.6599406470600594,0.6863367557525635,0.6212414251871654,2.3682766404360522e-05
863,0.49310845136642456,0.48503684997558594,0.7240577936172485,0.6598746425085392,0.6862653493881226,0.6211628265230561,2.3488306191183278e-05
864,0.49238473176956177,0.4849168658256531,0.7240474224090576,0.6598846987777879,0.6862512230873108,0.6211593996521494,2.3295170299302603e-05
865,0.49205294251441956,0.48490917682647705,0.7240707874298096,0.659946450066882,0.6862515211105347,0.6211798232102377,2.3103360673594824e-05
866,0.4924573600292206,0.4846278131008148,0.7241625189781189,0.6600920003554909,0.6863313317298889,0.6213041495742205,2.291287924558076e-05
867,0.4931773543357849,0.4847903251647949,0.7242026925086975,0.6601804532288997,0.68633633852005,0.6213401356946854,2.2723727933406226e-05
868,0.49205824732780457,0.48470789194107056,0.7242323756217957,0.6602337004580916,0.6863612532615662,0.6213933913485188,2.2535908641822855e-05
869,0.491977721452713,0.4848240911960602,0.7242422103881836,0.6602477910656642,0.6863606572151184,0.6213999163974195,2.2349423262168874e-05
870,0.4926777780056,0.48485296964645386,0.7242266535758972,0.6602122668504691,0.6863510608673096,0.6213871962423335,2.216427367234991e-05
871,0.4924100935459137,0.48467376828193665,0.7242354154586792,0.6601829317060509,0.6863791942596436,0.6214050062911988,2.1980461736820297e-05
872,0.49214786291122437,0.48443925380706787,0.7242475748062134,0.6601465735345577,0.686412513256073,0.6214181488103505,2.179798930656427e-05
873,0.49218353629112244,0.48453935980796814,0.7242400646209717,0.6600962636428972,0.6863988637924194,0.6213717836060114,2.161685821907706e-05
874,0.4926590323448181,0.48452597856521606,0.7242229580879211,0.6600350106150613,0.6863831281661987,0.621323527505281,2.143707029834675e-05
875,0.49213510751724243,0.48473072052001953,0.7242102026939392,0.6599924419434186,0.6863560080528259,0.6212600454580035,2.1258627354835716e-05
876,0.49319204688072205,0.48518091440200806,0.7241672873497009,0.6599430131038954,0.6862764954566956,0.6211523212305973,2.1081531185462414e-05
877,0.49211376905441284,0.48524174094200134,0.7241623401641846,0.6599283220212963,0.6862600445747375,0.6211179030728416,2.0905783573583274e-05
878,0.4917003810405731,0.4849967956542969,0.7242001295089722,0.6599791986648825,0.6862934231758118,0.6211714132572289,2.0731386288974863e-05
879,0.4932296872138977,0.48479777574539185,0.7242343425750732,0.6600407151572333,0.6863285303115845,0.6212316015292353,2.0558341087815837e-05
880,0.49208036065101624,0.4847370386123657,0.7242732048034668,0.66011089138733,0.6863604784011841,0.621286960191552,2.038664971266948e-05
881,0.4918346405029297,0.4847413897514343,0.7243437767028809,0.6602193167749268,0.6864098906517029,0.6213648901530321,2.0216313892466033e-05
882,0.4924503564834595,0.4847414493560791,0.7243953347206116,0.6603076408430032,0.6864462494850159,0.6214361124405761,2.0047335342485303e-05
883,0.4917472004890442,0.48467713594436646,0.7244252562522888,0.6603576101381763,0.6864808201789856,0.6214902538217782,1.9879715764339418e-05
884,0.4920080900192261,0.48462846875190735,0.7243981957435608,0.6603284612792165,0.686466634273529,0.6214811503320034,1.9713456845955664e-05
885,0.49130570888519287,0.48447659611701965,0.7243906855583191,0.6603122180539586,0.6864809393882751,0.6215012412999656,1.9548560261559534e-05
886,0.4913480579853058,0.48451727628707886,0.724365770816803,0.6602800946712212,0.6864623427391052,0.6214776919419531,1.9385027671657742e-05
887,0.49174055457115173,0.4846528172492981,0.72434002161026,0.6602456431844224,0.6864345073699951,0.6214364783993654,1.9222860723021712e-05
888,0.49183183908462524,0.48493123054504395,0.7243199348449707,0.6602198829690277,0.6863948106765747,0.6213800604739133,1.9062061048670793e-05
889,0.4914500117301941,0.48500126600265503,0.7243176698684692,0.6602029326563444,0.6863889098167419,0.6213586044787136,1.8902630267855914e-05
890,0.49134257435798645,0.4852305054664612,0.7243136763572693,0.6601820249619156,0.686363697052002,0.6213057311157812,1.8744569986043294e-05
891,0.4909551739692688,0.4852878749370575,0.724294126033783,0.6601341197496997,0.6863353848457336,0.6212502971820656,1.8587881794898188e-05
892,0.491288959980011,0.48508962988853455,0.7243033051490784,0.6601271276937795,0.6863463521003723,0.6212548037909187,1.843256727226893e-05
893,0.4917687177658081,0.4849487841129303,0.7242924571037292,0.660107275750696,0.6863345503807068,0.6212445486136425,1.827862798217106e-05
894,0.4918994605541229,0.4846826493740082,0.724285900592804,0.6600989773834287,0.6863340735435486,0.6212523578362552,1.8126065474771542e-05
895,0.4921172261238098,0.48434799909591675,0.7243263125419617,0.6601497821880513,0.6863831877708435,0.6213249100462725,1.7974881286373075e-05
896,0.49259400367736816,0.4842637777328491,0.7243449687957764,0.6601866616629128,0.6864015460014343,0.6213605252011285,1.7825076939398808e-05
897,0.49199149012565613,0.48447561264038086,0.7243378758430481,0.6601882324204806,0.686379075050354,0.621336639963708,1.767665394237684e-05
898,0.49148115515708923,0.4845903217792511,0.7243513464927673,0.6602097457468425,0.6863911747932434,0.6213500465295794,1.7529613789925083e-05
899,0.4915299713611603,0.48467105627059937,0.7243703007698059,0.6602348591427929,0.6864115595817566,0.6213677970049069,1.7383957962736256e-05
900,0.49155399203300476,0.48481249809265137,0.7243923544883728,0.6602673690806452,0.6864285469055176,0.6213844076158613,1.7239687927562926e-05
901,0.49236994981765747,0.4849931299686432,0.7243678569793701,0.66023592226883,0.6863952279090881,0.621336580005254,1.7096805137202738e-05
902,0.4918728470802307,0.4848810136318207,0.724386990070343,0.6602411661526666,0.6864223480224609,0.6213582059780053,1.6955311030483794e-05
903,0.49185338616371155,0.48483335971832275,0.7244085669517517,0.660251349888513,0.6864497065544128,0.6213771355652307,1.6815207032250197e-05
904,0.4922354817390442,0.48468756675720215,0.7244739532470703,0.6603036491176495,0.6865236163139343,0.621450204579921,1.6676494553347667e-05
905,0.49242129921913147,0.48456811904907227,0.7245517373085022,0.660374236497714,0.686604380607605,0.6215278419650327,1.653917499060929e-05
906,0.49132609367370605,0.4846077859401703,0.724580705165863,0.660407919352372,0.6866245865821838,0.6215452578268471,1.6403249726841533e-05
907,0.49220365285873413,0.48470810055732727,0.7246032953262329,0.6604358856907661,0.6866332292556763,0.6215516686471925,1.6268720130810375e-05
908,0.49232950806617737,0.48494264483451843,0.724581241607666,0.6604152082156584,0.6865880489349365,0.6214959306722724,1.613558755722725e-05
909,0.49110496044158936,0.48488667607307434,0.7245428562164307,0.6603650421233566,0.686552882194519,0.6214514893395076,1.6003853346735735e-05
910,0.4919387102127075,0.4848397970199585,0.7244881987571716,0.6602913197851005,0.6865045428276062,0.6213918840416105,1.5873518825897895e-05
911,0.49114397168159485,0.4848763644695282,0.7244296669960022,0.6602363403761573,0.6864442825317383,0.6213347107230335,1.5744585307180866e-05
912,0.4930657744407654,0.4849393367767334,0.7243834137916565,0.6602018346664705,0.6863899827003479,0.621289011909618,1.561705408894376e-05
913,0.49220019578933716,0.4848519265651703,0.7243178486824036,0.6601512243419675,0.6863225102424622,0.6212387429524467,1.549092645542457e-05
914,0.49242401123046875,0.48488250374794006,0.724301278591156,0.6601601775509042,0.6862933039665222,0.6212254704186079,1.5366203676727117e-05
915,0.4925462603569031,0.48474228382110596,0.7243369817733765,0.6602180095219968,0.6863289475440979,0.6212816618434647,1.5242887008808403e-05
916,0.49144697189331055,0.4846034348011017,0.7244081497192383,0.660321183359923,0.6863932013511658,0.6213751089745635,1.5120977693465933e-05
917,0.49112823605537415,0.4847360849380493,0.7244489789009094,0.66039207510437,0.6864156723022461,0.6214179141625698,1.5000476958325122e-05
918,0.4911420941352844,0.4847729802131653,0.7244850397109985,0.6604385330859958,0.6864475011825562,0.6214578199228935,1.4881386016827063e-05
919,0.4920913279056549,0.48484301567077637,0.7244965434074402,0.6604399500654,0.6864596605300903,0.6214665056311154,1.4763706068216227e-05
920,0.49089720845222473,0.48475444316864014,0.7244898080825806,0.6604089356212989,0.6864725351333618,0.6214708939293259,1.4647438297528343e-05
921,0.49093371629714966,0.48466137051582336,0.7245067358016968,0.6603960944768841,0.6865060925483704,0.6214965397379403,1.4532583875578607e-05
922,0.4917753040790558,0.4846758246421814,0.724533200263977,0.660404532623362,0.6865418553352356,0.621524604187245,1.4419143958949765e-05
923,0.4923204481601715,0.48471102118492126,0.7245445847511292,0.6603922651627854,0.6865566372871399,0.6215268844986934,1.430711968998051e-05
924,0.49102136492729187,0.4848608374595642,0.724540114402771,0.6603712068109946,0.6865509152412415,0.6215042030802335,1.4196512196754015e-05
925,0.49160224199295044,0.48475396633148193,0.7245773673057556,0.6604108503065423,0.6865942478179932,0.6215513643767039,1.4087322593086459e-05
926,0.4915597140789032,0.4845890700817108,0.7246033549308777,0.6604388564982145,0.6866330504417419,0.621592982204951,1.3979551978515983e-05
927,0.4913211166858673,0.4843524098396301,0.7246389985084534,0.6604876353962852,0.6866822838783264,0.6216585409381156,1.387320143829145e-05
928,0.49268051981925964,0.4843183755874634,0.7246308922767639,0.6604826109838355,0.6866793036460876,0.6216558268755296,1.3768272043361646e-05
929,0.4924613833427429,0.4845147728919983,0.7246139049530029,0.6604779935469959,0.6866448521614075,0.6216201602239712,1.3664764850364402e-05
930,0.49136418104171753,0.484674334526062,0.7246016263961792,0.66048000997259,0.686615526676178,0.6215965485142596,1.3562680901615977e-05
931,0.4924824833869934,0.48479002714157104,0.7245913147926331,0.6604805991037829,0.6865938305854797,0.6215799109519092,1.3462021225100646e-05
932,0.4910985827445984,0.4848572015762329,0.7245765328407288,0.6604690786371463,0.6865699291229248,0.6215588406726581,1.3362786834460204e-05
933,0.4917134642601013,0.484717458486557,0.7245604991912842,0.6604501532398628,0.6865623593330383,0.6215551271200671,1.3264978728983872e-05
934,0.49118945002555847,0.4845463037490845,0.7245681285858154,0.6604579303845827,0.6865778565406799,0.6215759117490655,1.3168597893598173e-05
935,0.4909849166870117,0.48441484570503235,0.7245579361915588,0.6604436187257555,0.6865763068199158,0.6215744396992657,1.3073645298857098e-05
936,0.491275817155838,0.48421064019203186,0.724559485912323,0.660444951342956,0.6865895390510559,0.6215948887067906,1.2980121900932144e-05
937,0.4912877678871155,0.48416560888290405,0.7245466709136963,0.6604421796116202,0.6865780353546143,0.6215900818585542,1.288802864160295e-05
938,0.4916270971298218,0.4843231737613678,0.7245230674743652,0.6604274370604162,0.6865411996841431,0.6215485174247217,1.2797366448247602e-05
939,0.49198785424232483,0.48457208275794983,0.7245232462882996,0.6604304044795158,0.6865237355232239,0.6215198174501149,1.2708136233833372e-05
940,0.4910573363304138,0.48473137617111206,0.7245423793792725,0.6604478360502255,0.686530351638794,0.62151193148101,1.2620338896907527e-05
941,0.4907299876213074,0.4848901927471161,0.7245634198188782,0.6604652579638067,0.6865389347076416,0.621509827403252,1.2533975321588287e-05
942,0.4917186498641968,0.48500436544418335,0.7245859503746033,0.6604790162477722,0.6865529417991638,0.6215130893612706,1.24490463775559e-05
943,0.4918864667415619,0.4848671853542328,0.7246354818344116,0.6605258055041889,0.6866059303283691,0.6215714305565795,1.2365552920043851e-05
944,0.4903183877468109,0.4845460057258606,0.7246887683868408,0.6605679065289822,0.6866732239723206,0.621645704026335,1.2283495789830361e-05
945,0.49116164445877075,0.4840690791606903,0.7247495055198669,0.6606144838307544,0.686760663986206,0.6217427037113812,1.2202875813229837e-05
946,0.49196410179138184,0.48394492268562317,0.7247862219810486,0.6606404164515481,0.6868017911911011,0.6217781766804463,1.2123693802084517e-05
947,0.491427481174469,0.4840617775917053,0.7248068451881409,0.6606529205307116,0.6868070363998413,0.6217740881473874,1.2045950553756378e-05
948,0.4910532832145691,0.4842674136161804,0.7248058915138245,0.6606600368158807,0.6867878437042236,0.6217491943679447,1.1969646851119097e-05
949,0.4911920130252838,0.4845307171344757,0.7247952818870544,0.6606617061646406,0.6867523789405823,0.6217104541327068,1.1894783462550071e-05
950,0.49122869968414307,0.4847944676876068,0.7247814536094666,0.6606555220138992,0.6867150664329529,0.6216683485855264,1.1821361141922827e-05
951,0.49104368686676025,0.48503148555755615,0.7247624397277832,0.660644663893395,0.6866757273674011,0.6216195434516438,1.174938062859929e-05
952,0.4904642105102539,0.485034704208374,0.7247459888458252,0.660626058289312,0.6866521835327148,0.6215938155117819,1.1678842647422448e-05
953,0.49124568700790405,0.484851211309433,0.7247399687767029,0.6606148725918709,0.6866519451141357,0.6215952947855161,1.1609747908708986e-05
954,0.4914851784706116,0.4845949411392212,0.724743127822876,0.6606069574823311,0.6866680383682251,0.6216103269643782,1.1542097108242148e-05
955,0.49100813269615173,0.48428839445114136,0.7247796654701233,0.6606463630193299,0.6867173314094543,0.621671119110823,1.147589092726476e-05
956,0.49127987027168274,0.4840432405471802,0.7248203754425049,0.6606971343010144,0.6867659091949463,0.621735574002306,1.1411130032472298e-05
957,0.49141523241996765,0.4839387536048889,0.7248578667640686,0.6607410293729733,0.6867994666099548,0.6217801025755452,1.1347815076006288e-05
958,0.49067994952201843,0.48394206166267395,0.7248972058296204,0.6607881315307687,0.686830997467041,0.6218191314062319,1.1285946695447639e-05
959,0.4909856617450714,0.4839828610420227,0.7249446511268616,0.6608425824044498,0.6868678331375122,0.6218598750831557,1.1225525513810218e-05
960,0.49162590503692627,0.4841694235801697,0.724953830242157,0.6608524583964617,0.6868587136268616,0.6218439179400392,1.1166552139534674e-05
961,0.4919065833091736,0.48455244302749634,0.7249301075935364,0.6608094988221969,0.686811089515686,0.6217677091665844,1.1109027166482251e-05
962,0.49050459265708923,0.48481205105781555,0.7248951196670532,0.6607402334909018,0.6867651343345642,0.6216879850457616,1.1052951173928768e-05
963,0.4921749234199524,0.48491114377975464,0.7248613834381104,0.6606756278386157,0.6867291331291199,0.6216324692516993,1.0998324726558848e-05
964,0.4918694496154785,0.4849102199077606,0.7248247861862183,0.6606123569512625,0.6867015361785889,0.6215900766817316,1.0945148374460218e-05
965,0.4906930923461914,0.4848208427429199,0.7248044610023499,0.6605782442399445,0.6866905689239502,0.6215739897871106,1.089342265311815e-05
966,0.4916834831237793,0.4847187399864197,0.7247955203056335,0.6605590676181557,0.6866888999938965,0.6215714499061658,1.0843148083410083e-05
967,0.49083903431892395,0.48446783423423767,0.7248258590698242,0.6605876704956267,0.6867311000823975,0.621626085067493,1.0794325171600372e-05
968,0.49121323227882385,0.4841974079608917,0.7248815894126892,0.6606504691497141,0.6867973804473877,0.6217039692162204,1.0746954409335195e-05
969,0.49064698815345764,0.4841606914997101,0.7249246835708618,0.6607122815226633,0.6868398785591125,0.6217568606996372,1.0701036273637614e-05
970,0.4909037947654724,0.4842512011528015,0.7249571084976196,0.6607706413708976,0.6868659257888794,0.6217899708038941,1.0656571226902733e-05
971,0.4907616674900055,0.48431944847106934,0.7249852418899536,0.6608277010986596,0.6868847012519836,0.6218203120578445,1.061355971689308e-05
972,0.4918057918548584,0.48450103402137756,0.7249855399131775,0.6608556101069104,0.686871349811554,0.6218117055414407,1.0572002176734096e-05
973,0.49148255586624146,0.48470279574394226,0.7249616980552673,0.6608536657361123,0.6868353486061096,0.621778250330146,1.0531899024909755e-05
974,0.4915640950202942,0.4848472476005554,0.7249181270599365,0.6608201077174424,0.6867850422859192,0.6217270417899995,1.0493250665258308e-05
975,0.4902958273887634,0.48499441146850586,0.7248523831367493,0.6607491633730643,0.6867161393165588,0.6216490808008719,1.045605748696837e-05
976,0.49103718996047974,0.48496127128601074,0.724781334400177,0.6606638220194196,0.6866537928581238,0.6215783233645296,1.0420319864574767e-05
977,0.490679532289505,0.48479020595550537,0.7247332334518433,0.6606002310131049,0.6866236329078674,0.6215472727367598,1.0386038157955018e-05
978,0.4908241629600525,0.4845130145549774,0.7247133851051331,0.6605628306920347,0.6866251826286316,0.6215495407421504,1.035321271232549e-05
979,0.4913497567176819,0.48430168628692627,0.724706768989563,0.6605437776999472,0.6866335272789001,0.6215606994648563,1.0321843858238062e-05
980,0.4914732873439789,0.4841708242893219,0.7247280478477478,0.6605589533278041,0.6866592764854431,0.6215932034569192,1.0291931911576772e-05
981,0.4898317754268646,0.4840748906135559,0.7247762680053711,0.6606086056899397,0.6867097020149231,0.621651461721603,1.026347717355456e-05
982,0.49147915840148926,0.48409503698349,0.7248356342315674,0.6606753411972572,0.686761200428009,0.6217116703143826,1.023647993071033e-05
983,0.49149852991104126,0.48430195450782776,0.7248819470405579,0.6607360920053986,0.6867887377738953,0.6217417748340435,1.0210940454906017e-05
984,0.491197407245636,0.48451197147369385,0.7249243259429932,0.660790584713988,0.6868142485618591,0.6217683768666767,1.0186859003323885e-05
985,0.4914569854736328,0.48468828201293945,0.7249563336372375,0.6608366727800165,0.6868307590484619,0.6217884967196718,1.0164235818463845e-05
986,0.4914129078388214,0.4847717583179474,0.7249873280525208,0.6608830583479023,0.6868521571159363,0.6218150373160644,1.0143071128141133e-05
987,0.49018779397010803,0.4845329523086548,0.7250151634216309,0.6609208034297465,0.6868962049484253,0.6218736725735045,1.0123365145483954e-05
988,0.4909506142139435,0.4843085706233978,0.7250367403030396,0.6609514978312262,0.686928391456604,0.621920910171071,1.0105118068931326e-05
989,0.4906105101108551,0.48406752943992615,0.7250445485115051,0.6609630865485898,0.68695068359375,0.6219508309347054,1.0088330082231114e-05
990,0.49081143736839294,0.48407018184661865,0.7250254154205322,0.66094736780678,0.6869296431541443,0.6219302136622469,1.0073001354438163e-05
991,0.4900156259536743,0.4841708242893219,0.7250115275382996,0.6609362908498472,0.6869043707847595,0.621902523749471,1.0059132039912561e-05
992,0.4907408058643341,0.48421990871429443,0.7249858975410461,0.660903393589408,0.686872661113739,0.6218643140647289,1.0046722278318176e-05
993,0.49039986729621887,0.4843808114528656,0.7249503135681152,0.6608610047587962,0.6868248581886292,0.6218016645391157,1.003577219462117e-05
994,0.49089980125427246,0.48450133204460144,0.7249282598495483,0.660831997788422,0.6867928504943848,0.6217572378156737,1.002628189908876e-05
995,0.4908141493797302,0.4845770299434662,0.7249191403388977,0.6608178766315982,0.6867771148681641,0.6217307416110383,1.0018251487288115e-05
996,0.4919959604740143,0.4844930171966553,0.7249407768249512,0.6608360769360722,0.6868002414703369,0.6217557693371559,1.0011681040085393e-05
997,0.491028368473053,0.4844203591346741,0.7249715328216553,0.6608629799064636,0.6868325471878052,0.6217851710691881,1.0006570623644934e-05
998,0.49098578095436096,0.4844166338443756,0.7249960899353027,0.6608793343262362,0.6868515014648438,0.6217929469146379,1.0002920289428554e-05
999,0.490630567073822,0.4843904972076416,0.725019097328186,0.6608896722332104,0.6868733763694763,0.6218009100241458,1.0000730074195093e-05
1000,0.4922032952308655,0.4843459725379944,0.7250460386276245,0.6609038028688276,0.6868996620178223,0.6218138618235951,9.999999999999999e-06
